policy,seed,time_bin,day,hour,dock,arrivals,queue_before,available_before_pickup,fill_ratio,risk_probability,active,visited,amount_picked,queue_after,overflow,serving_drone_ids,total_energy_interval,total_distance_interval,sorties_interval,objective_value,constraint_violations,algorithm_runtime_seconds
aco_current,10,7104,75,0,1,38.0,0.0,38.0,0.19,0.9994148015975952,False,False,0.0,38.0,0.0,[],0.0,0.0,0,0.0,0,3.4160000126348677e-06
aco_current,10,7104,75,0,2,0.0,0.0,0.0,0.0,0.09907747060060501,False,False,0.0,0.0,0.0,[],0.0,0.0,0,0.0,0,3.4160000126348677e-06
aco_current,10,7104,75,0,3,0.0,0.0,0.0,0.0,0.43936213850975037,False,False,0.0,0.0,0.0,[],0.0,0.0,0,0.0,0,3.4160000126348677e-06
aco_current,10,7104,75,0,4,0.0,0.0,0.0,0.0,0.20313307642936707,False,False,0.0,0.0,0.0,[],0.0,0.0,0,0.0,0,3.4160000126348677e-06
aco_current,10,7105,75,0,1,39.0,38.0,77.0,0.385,0.9995259046554565,False,False,0.0,77.0,0.0,[],0.0,0.0,0,0.0,0,2.209000001585082e-06
aco_current,10,7105,75,0,2,0.0,0.0,0.0,0.0,0.09907747060060501,False,False,0.0,0.0,0.0,[],0.0,0.0,0,0.0,0,2.209000001585082e-06
aco_current,10,7105,75,0,3,0.0,0.0,0.0,0.0,0.43936213850975037,False,False,0.0,0.0,0.0,[],0.0,0.0,0,0.0,0,2.209000001585082e-06
aco_current,10,7105,75,0,4,0.0,0.0,0.0,0.0,0.20313307642936707,False,False,0.0,0.0,0.0,[],0.0,0.0,0,0.0,0,2.209000001585082e-06
aco_current,10,7106,75,0,1,40.0,77.0,117.0,0.585,0.9999814033508301,False,False,0.0,117.0,0.0,[],0.0,0.0,0,0.0,0,2.95799999605606e-06
aco_current,10,7106,75,0,2,0.0,0.0,0.0,0.0,0.09907747060060501,False,False,0.0,0.0,0.0,[],0.0,0.0,0,0.0,0,2.95799999605606e-06
aco_current,10,7106,75,0,3,0.0,0.0,0.0,0.0,0.43936213850975037,False,False,0.0,0.0,0.0,[],0.0,0.0,0,0.0,0,2.95799999605606e-06
aco_current,10,7106,75,0,4,0.0,0.0,0.0,0.0,0.20313307642936707,False,False,0.0,0.0,0.0,[],0.0,0.0,0,0.0,0,2.95799999605606e-06
aco_current,10,7107,75,0,1,39.0,117.0,156.0,0.78,0.9999998807907104,False,False,0.0,156.0,0.0,[],0.0,0.0,0,0.0,0,2.209000001585082e-06
aco_current,10,7107,75,0,2,0.0,0.0,0.0,0.0,0.09907747060060501,False,False,0.0,0.0,0.0,[],0.0,0.0,0,0.0,0,2.209000001585082e-06
aco_current,10,7107,75,0,3,0.0,0.0,0.0,0.0,0.43936213850975037,False,False,0.0,0.0,0.0,[],0.0,0.0,0,0.0,0,2.209000001585082e-06
aco_current,10,7107,75,0,4,0.0,0.0,0.0,0.0,0.20313307642936707,False,False,0.0,0.0,0.0,[],0.0,0.0,0,0.0,0,2.209000001585082e-06
aco_current,10,7108,75,1,1,41.0,156.0,197.0,0.985,1.0,True,True,30.0,167.0,0.0,[1],10.0,10.0,1,10.0,0,0.009856999999996674
aco_current,10,7108,75,1,2,0.0,0.0,0.0,0.0,0.09907747060060501,False,False,0.0,0.0,0.0,[],10.0,10.0,1,10.0,0,0.009856999999996674
aco_current,10,7108,75,1,3,0.0,0.0,0.0,0.0,0.43936213850975037,False,False,0.0,0.0,0.0,[],10.0,10.0,1,10.0,0,0.009856999999996674
aco_current,10,7108,75,1,4,0.0,0.0,0.0,0.0,0.20313307642936707,False,False,0.0,0.0,0.0,[],10.0,10.0,1,10.0,0,0.009856999999996674
aco_current,10,7109,75,1,1,39.0,167.0,206.0,1.03,1.0,True,True,30.0,176.0,0.0,[1],10.0,10.0,1,10.0,0,0.009531457999997883
aco_current,10,7109,75,1,2,0.0,0.0,0.0,0.0,0.09907747060060501,False,False,0.0,0.0,0.0,[],10.0,10.0,1,10.0,0,0.009531457999997883
aco_current,10,7109,75,1,3,0.0,0.0,0.0,0.0,0.43936213850975037,False,False,0.0,0.0,0.0,[],10.0,10.0,1,10.0,0,0.009531457999997883
aco_current,10,7109,75,1,4,0.0,0.0,0.0,0.0,0.20313307642936707,False,False,0.0,0.0,0.0,[],10.0,10.0,1,10.0,0,0.009531457999997883
aco_current,10,7110,75,1,1,40.0,176.0,216.0,1.08,1.0,True,True,30.0,186.0,0.0,[1],10.0,10.0,1,10.0,0,0.009953957999996987
aco_current,10,7110,75,1,2,0.0,0.0,0.0,0.0,0.09907747060060501,False,False,0.0,0.0,0.0,[],10.0,10.0,1,10.0,0,0.009953957999996987
aco_current,10,7110,75,1,3,0.0,0.0,0.0,0.0,0.43936213850975037,False,False,0.0,0.0,0.0,[],10.0,10.0,1,10.0,0,0.009953957999996987
aco_current,10,7110,75,1,4,0.0,0.0,0.0,0.0,0.20313307642936707,False,False,0.0,0.0,0.0,[],10.0,10.0,1,10.0,0,0.009953957999996987
aco_current,10,7111,75,1,1,40.0,186.0,226.0,1.13,1.0,True,True,30.0,196.0,0.0,[1],10.0,10.0,1,10.0,0,0.009856166000005828
aco_current,10,7111,75,1,2,0.0,0.0,0.0,0.0,0.09907747060060501,False,False,0.0,0.0,0.0,[],10.0,10.0,1,10.0,0,0.009856166000005828
aco_current,10,7111,75,1,3,0.0,0.0,0.0,0.0,0.43936213850975037,False,False,0.0,0.0,0.0,[],10.0,10.0,1,10.0,0,0.009856166000005828
aco_current,10,7111,75,1,4,0.0,0.0,0.0,0.0,0.20313307642936707,False,False,0.0,0.0,0.0,[],10.0,10.0,1,10.0,0,0.009856166000005828
aco_current,10,7112,75,2,1,44.0,196.0,240.0,1.2,1.0,True,True,30.0,200.0,10.0,[1],10.0,10.0,1,10.0,0,0.010095375000005902
aco_current,10,7112,75,2,2,0.0,0.0,0.0,0.0,0.09907747060060501,False,False,0.0,0.0,0.0,[],10.0,10.0,1,10.0,0,0.010095375000005902
aco_current,10,7112,75,2,3,0.0,0.0,0.0,0.0,0.43936213850975037,False,False,0.0,0.0,0.0,[],10.0,10.0,1,10.0,0,0.010095375000005902
aco_current,10,7112,75,2,4,0.0,0.0,0.0,0.0,0.20313307642936707,False,False,0.0,0.0,0.0,[],10.0,10.0,1,10.0,0,0.010095375000005902
aco_current,10,7113,75,2,1,41.0,200.0,241.0,1.205,1.0,True,True,30.0,200.0,11.0,[1],10.0,10.0,1,10.0,0,0.00971787499999266
aco_current,10,7113,75,2,2,0.0,0.0,0.0,0.0,0.09907747060060501,False,False,0.0,0.0,0.0,[],10.0,10.0,1,10.0,0,0.00971787499999266
aco_current,10,7113,75,2,3,0.0,0.0,0.0,0.0,0.43936213850975037,False,False,0.0,0.0,0.0,[],10.0,10.0,1,10.0,0,0.00971787499999266
aco_current,10,7113,75,2,4,0.0,0.0,0.0,0.0,0.20313307642936707,False,False,0.0,0.0,0.0,[],10.0,10.0,1,10.0,0,0.00971787499999266
aco_current,10,7114,75,2,1,38.0,200.0,238.0,1.19,1.0,True,True,30.0,200.0,8.0,[1],10.0,10.0,1,10.0,0,0.009884416000005558
aco_current,10,7114,75,2,2,0.0,0.0,0.0,0.0,0.09907747060060501,False,False,0.0,0.0,0.0,[],10.0,10.0,1,10.0,0,0.009884416000005558
aco_current,10,7114,75,2,3,0.0,0.0,0.0,0.0,0.43936213850975037,False,False,0.0,0.0,0.0,[],10.0,10.0,1,10.0,0,0.009884416000005558
aco_current,10,7114,75,2,4,0.0,0.0,0.0,0.0,0.20313307642936707,False,False,0.0,0.0,0.0,[],10.0,10.0,1,10.0,0,0.009884416000005558
aco_current,10,7115,75,2,1,32.0,200.0,232.0,1.16,1.0,True,True,30.0,200.0,2.0,[1],10.0,10.0,1,10.0,0,0.009913167000007661
aco_current,10,7115,75,2,2,0.0,0.0,0.0,0.0,0.09907747060060501,False,False,0.0,0.0,0.0,[],10.0,10.0,1,10.0,0,0.009913167000007661
aco_current,10,7115,75,2,3,0.0,0.0,0.0,0.0,0.43936213850975037,False,False,0.0,0.0,0.0,[],10.0,10.0,1,10.0,0,0.009913167000007661
aco_current,10,7115,75,2,4,0.0,0.0,0.0,0.0,0.20313307642936707,False,False,0.0,0.0,0.0,[],10.0,10.0,1,10.0,0,0.009913167000007661
aco_current,10,7116,75,3,1,32.0,200.0,232.0,1.16,1.0,True,True,30.0,200.0,2.0,[1],10.0,10.0,1,10.0,0,0.009661041999990516
aco_current,10,7116,75,3,2,0.0,0.0,0.0,0.0,0.09907747060060501,False,False,0.0,0.0,0.0,[],10.0,10.0,1,10.0,0,0.009661041999990516
aco_current,10,7116,75,3,3,0.0,0.0,0.0,0.0,0.43936213850975037,False,False,0.0,0.0,0.0,[],10.0,10.0,1,10.0,0,0.009661041999990516
aco_current,10,7116,75,3,4,0.0,0.0,0.0,0.0,0.20313307642936707,False,False,0.0,0.0,0.0,[],10.0,10.0,1,10.0,0,0.009661041999990516
aco_current,10,7117,75,3,1,33.0,200.0,233.0,1.165,1.0,True,True,30.0,200.0,3.0,[1],10.0,10.0,1,10.0,0,0.009769375000004743
aco_current,10,7117,75,3,2,0.0,0.0,0.0,0.0,0.09907747060060501,False,False,0.0,0.0,0.0,[],10.0,10.0,1,10.0,0,0.009769375000004743
aco_current,10,7117,75,3,3,0.0,0.0,0.0,0.0,0.43936213850975037,False,False,0.0,0.0,0.0,[],10.0,10.0,1,10.0,0,0.009769375000004743
aco_current,10,7117,75,3,4,0.0,0.0,0.0,0.0,0.20313307642936707,False,False,0.0,0.0,0.0,[],10.0,10.0,1,10.0,0,0.009769375000004743
aco_current,10,7118,75,3,1,33.0,200.0,233.0,1.165,1.0,True,True,30.0,200.0,3.0,[1],10.0,10.0,1,10.0,0,0.009842124999991597
aco_current,10,7118,75,3,2,0.0,0.0,0.0,0.0,0.09907747060060501,False,False,0.0,0.0,0.0,[],10.0,10.0,1,10.0,0,0.009842124999991597
aco_current,10,7118,75,3,3,0.0,0.0,0.0,0.0,0.43936213850975037,False,False,0.0,0.0,0.0,[],10.0,10.0,1,10.0,0,0.009842124999991597
aco_current,10,7118,75,3,4,0.0,0.0,0.0,0.0,0.20313307642936707,False,False,0.0,0.0,0.0,[],10.0,10.0,1,10.0,0,0.009842124999991597
aco_current,10,7119,75,3,1,40.0,200.0,240.0,1.2,1.0,True,True,30.0,200.0,10.0,[1],10.0,10.0,1,10.0,0,0.009821834000007357
aco_current,10,7119,75,3,2,0.0,0.0,0.0,0.0,0.09907747060060501,False,False,0.0,0.0,0.0,[],10.0,10.0,1,10.0,0,0.009821834000007357
aco_current,10,7119,75,3,3,0.0,0.0,0.0,0.0,0.43936213850975037,False,False,0.0,0.0,0.0,[],10.0,10.0,1,10.0,0,0.009821834000007357
aco_current,10,7119,75,3,4,0.0,0.0,0.0,0.0,0.20313307642936707,False,False,0.0,0.0,0.0,[],10.0,10.0,1,10.0,0,0.009821834000007357
aco_current,10,7120,75,4,1,42.0,200.0,242.0,1.21,1.0,True,True,30.0,200.0,12.0,[1],10.0,10.0,1,10.0,0,0.009970457999997961
aco_current,10,7120,75,4,2,0.0,0.0,0.0,0.0,0.09907747060060501,False,False,0.0,0.0,0.0,[],10.0,10.0,1,10.0,0,0.009970457999997961
aco_current,10,7120,75,4,3,0.0,0.0,0.0,0.0,0.43936213850975037,False,False,0.0,0.0,0.0,[],10.0,10.0,1,10.0,0,0.009970457999997961
aco_current,10,7120,75,4,4,0.0,0.0,0.0,0.0,0.20313307642936707,False,False,0.0,0.0,0.0,[],10.0,10.0,1,10.0,0,0.009970457999997961
aco_current,10,7121,75,4,1,42.0,200.0,242.0,1.21,1.0,True,True,30.0,200.0,12.0,[1],10.0,10.0,1,10.0,0,0.009741417000000752
aco_current,10,7121,75,4,2,0.0,0.0,0.0,0.0,0.09907747060060501,False,False,0.0,0.0,0.0,[],10.0,10.0,1,10.0,0,0.009741417000000752
aco_current,10,7121,75,4,3,0.0,0.0,0.0,0.0,0.43936213850975037,False,False,0.0,0.0,0.0,[],10.0,10.0,1,10.0,0,0.009741417000000752
aco_current,10,7121,75,4,4,0.0,0.0,0.0,0.0,0.20313307642936707,False,False,0.0,0.0,0.0,[],10.0,10.0,1,10.0,0,0.009741417000000752
aco_current,10,7122,75,4,1,40.0,200.0,240.0,1.2,1.0,True,True,30.0,200.0,10.0,[1],10.0,10.0,1,10.0,0,0.009706332999996903
aco_current,10,7122,75,4,2,0.0,0.0,0.0,0.0,0.09907747060060501,False,False,0.0,0.0,0.0,[],10.0,10.0,1,10.0,0,0.009706332999996903
aco_current,10,7122,75,4,3,0.0,0.0,0.0,0.0,0.43936213850975037,False,False,0.0,0.0,0.0,[],10.0,10.0,1,10.0,0,0.009706332999996903
aco_current,10,7122,75,4,4,0.0,0.0,0.0,0.0,0.20313307642936707,False,False,0.0,0.0,0.0,[],10.0,10.0,1,10.0,0,0.009706332999996903
aco_current,10,7123,75,4,1,44.0,200.0,244.0,1.22,1.0,True,True,30.0,200.0,14.0,[1],10.0,10.0,1,10.0,0,0.009730415999996467
aco_current,10,7123,75,4,2,0.0,0.0,0.0,0.0,0.09907747060060501,False,False,0.0,0.0,0.0,[],10.0,10.0,1,10.0,0,0.009730415999996467
aco_current,10,7123,75,4,3,0.0,0.0,0.0,0.0,0.43936213850975037,False,False,0.0,0.0,0.0,[],10.0,10.0,1,10.0,0,0.009730415999996467
aco_current,10,7123,75,4,4,0.0,0.0,0.0,0.0,0.20313307642936707,False,False,0.0,0.0,0.0,[],10.0,10.0,1,10.0,0,0.009730415999996467
aco_current,10,7124,75,5,1,52.0,200.0,252.0,1.26,1.0,True,True,30.0,200.0,22.0,[1],10.0,10.0,1,10.0,0,0.009553332999999498
aco_current,10,7124,75,5,2,0.0,0.0,0.0,0.0,0.09907747060060501,False,False,0.0,0.0,0.0,[],10.0,10.0,1,10.0,0,0.009553332999999498
aco_current,10,7124,75,5,3,0.0,0.0,0.0,0.0,0.43936213850975037,False,False,0.0,0.0,0.0,[],10.0,10.0,1,10.0,0,0.009553332999999498
aco_current,10,7124,75,5,4,0.0,0.0,0.0,0.0,0.20313307642936707,False,False,0.0,0.0,0.0,[],10.0,10.0,1,10.0,0,0.009553332999999498
aco_current,10,7125,75,5,1,54.0,200.0,254.0,1.27,1.0,True,True,30.0,200.0,24.0,[1],10.0,10.0,1,10.0,0,0.011722750000004112
aco_current,10,7125,75,5,2,0.0,0.0,0.0,0.0,0.09907747060060501,False,False,0.0,0.0,0.0,[],10.0,10.0,1,10.0,0,0.011722750000004112
aco_current,10,7125,75,5,3,0.0,0.0,0.0,0.0,0.43936213850975037,False,False,0.0,0.0,0.0,[],10.0,10.0,1,10.0,0,0.011722750000004112
aco_current,10,7125,75,5,4,0.0,0.0,0.0,0.0,0.20313307642936707,False,False,0.0,0.0,0.0,[],10.0,10.0,1,10.0,0,0.011722750000004112
aco_current,10,7126,75,5,1,38.0,200.0,238.0,1.19,1.0,True,True,30.0,200.0,8.0,[1],10.0,10.0,1,10.0,0,0.01405295799999351
aco_current,10,7126,75,5,2,0.0,0.0,0.0,0.0,0.09907747060060501,False,False,0.0,0.0,0.0,[],10.0,10.0,1,10.0,0,0.01405295799999351
aco_current,10,7126,75,5,3,0.0,0.0,0.0,0.0,0.43936213850975037,False,False,0.0,0.0,0.0,[],10.0,10.0,1,10.0,0,0.01405295799999351
aco_current,10,7126,75,5,4,0.0,0.0,0.0,0.0,0.20313307642936707,False,False,0.0,0.0,0.0,[],10.0,10.0,1,10.0,0,0.01405295799999351
aco_current,10,7127,75,5,1,34.0,200.0,234.0,1.17,1.0,True,True,30.0,200.0,4.0,[1],10.0,10.0,1,10.0,0,0.011183291999998346
aco_current,10,7127,75,5,2,0.0,0.0,0.0,0.0,0.09907747060060501,False,False,0.0,0.0,0.0,[],10.0,10.0,1,10.0,0,0.011183291999998346
aco_current,10,7127,75,5,3,0.0,0.0,0.0,0.0,0.43936213850975037,False,False,0.0,0.0,0.0,[],10.0,10.0,1,10.0,0,0.011183291999998346
aco_current,10,7127,75,5,4,0.0,0.0,0.0,0.0,0.20313307642936707,False,False,0.0,0.0,0.0,[],10.0,10.0,1,10.0,0,0.011183291999998346
aco_current,10,7128,75,6,1,27.0,200.0,227.0,1.135,1.0,True,True,30.0,197.0,0.0,[1],10.0,10.0,1,10.0,0,0.009449625000002015
aco_current,10,7128,75,6,2,0.0,0.0,0.0,0.0,0.09907747060060501,False,False,0.0,0.0,0.0,[],10.0,10.0,1,10.0,0,0.009449625000002015
aco_current,10,7128,75,6,3,0.0,0.0,0.0,0.0,0.43936213850975037,False,False,0.0,0.0,0.0,[],10.0,10.0,1,10.0,0,0.009449625000002015
aco_current,10,7128,75,6,4,0.0,0.0,0.0,0.0,0.20313307642936707,False,False,0.0,0.0,0.0,[],10.0,10.0,1,10.0,0,0.009449625000002015
aco_current,10,7129,75,6,1,28.0,197.0,225.0,1.125,1.0,True,True,30.0,195.0,0.0,[1],10.0,10.0,1,10.0,0,0.009726000000000568
aco_current,10,7129,75,6,2,0.0,0.0,0.0,0.0,0.09907747060060501,False,False,0.0,0.0,0.0,[],10.0,10.0,1,10.0,0,0.009726000000000568
aco_current,10,7129,75,6,3,0.0,0.0,0.0,0.0,0.43936213850975037,False,False,0.0,0.0,0.0,[],10.0,10.0,1,10.0,0,0.009726000000000568
aco_current,10,7129,75,6,4,0.0,0.0,0.0,0.0,0.20313307642936707,False,False,0.0,0.0,0.0,[],10.0,10.0,1,10.0,0,0.009726000000000568
aco_current,10,7130,75,6,1,26.0,195.0,221.0,1.105,1.0,True,True,30.0,191.0,0.0,[1],10.0,10.0,1,10.0,0,0.009620624999996608
aco_current,10,7130,75,6,2,0.0,0.0,0.0,0.0,0.09907747060060501,False,False,0.0,0.0,0.0,[],10.0,10.0,1,10.0,0,0.009620624999996608
aco_current,10,7130,75,6,3,0.0,0.0,0.0,0.0,0.43936213850975037,False,False,0.0,0.0,0.0,[],10.0,10.0,1,10.0,0,0.009620624999996608
aco_current,10,7130,75,6,4,0.0,0.0,0.0,0.0,0.20313307642936707,False,False,0.0,0.0,0.0,[],10.0,10.0,1,10.0,0,0.009620624999996608
aco_current,10,7131,75,6,1,27.0,191.0,218.0,1.09,1.0,True,True,30.0,188.0,0.0,[1],10.0,10.0,1,10.0,0,0.009733042000007686
aco_current,10,7131,75,6,2,0.0,0.0,0.0,0.0,0.09907747060060501,False,False,0.0,0.0,0.0,[],10.0,10.0,1,10.0,0,0.009733042000007686
aco_current,10,7131,75,6,3,0.0,0.0,0.0,0.0,0.43936213850975037,False,False,0.0,0.0,0.0,[],10.0,10.0,1,10.0,0,0.009733042000007686
aco_current,10,7131,75,6,4,0.0,0.0,0.0,0.0,0.20313307642936707,False,False,0.0,0.0,0.0,[],10.0,10.0,1,10.0,0,0.009733042000007686
aco_current,10,7132,75,7,1,27.0,188.0,215.0,1.075,1.0,True,True,30.0,185.0,0.0,[1],10.0,10.0,1,10.0,0,0.00973512499999174
aco_current,10,7132,75,7,2,0.0,0.0,0.0,0.0,0.09907747060060501,False,False,0.0,0.0,0.0,[],10.0,10.0,1,10.0,0,0.00973512499999174
aco_current,10,7132,75,7,3,0.0,0.0,0.0,0.0,0.43936213850975037,False,False,0.0,0.0,0.0,[],10.0,10.0,1,10.0,0,0.00973512499999174
aco_current,10,7132,75,7,4,0.0,0.0,0.0,0.0,0.20313307642936707,False,False,0.0,0.0,0.0,[],10.0,10.0,1,10.0,0,0.00973512499999174
aco_current,10,7133,75,7,1,28.0,185.0,213.0,1.065,1.0,True,True,30.0,183.0,0.0,[1],10.0,10.0,1,10.0,0,0.009709583000002908
aco_current,10,7133,75,7,2,0.0,0.0,0.0,0.0,0.09907747060060501,False,False,0.0,0.0,0.0,[],10.0,10.0,1,10.0,0,0.009709583000002908
aco_current,10,7133,75,7,3,0.0,0.0,0.0,0.0,0.43936213850975037,False,False,0.0,0.0,0.0,[],10.0,10.0,1,10.0,0,0.009709583000002908
aco_current,10,7133,75,7,4,0.0,0.0,0.0,0.0,0.20313307642936707,False,False,0.0,0.0,0.0,[],10.0,10.0,1,10.0,0,0.009709583000002908
aco_current,10,7134,75,7,1,27.0,183.0,210.0,1.05,1.0,True,True,30.0,180.0,0.0,[1],10.0,10.0,1,10.0,0,0.009696415999997043
aco_current,10,7134,75,7,2,0.0,0.0,0.0,0.0,0.09907747060060501,False,False,0.0,0.0,0.0,[],10.0,10.0,1,10.0,0,0.009696415999997043
aco_current,10,7134,75,7,3,0.0,0.0,0.0,0.0,0.43936213850975037,False,False,0.0,0.0,0.0,[],10.0,10.0,1,10.0,0,0.009696415999997043
aco_current,10,7134,75,7,4,0.0,0.0,0.0,0.0,0.20313307642936707,False,False,0.0,0.0,0.0,[],10.0,10.0,1,10.0,0,0.009696415999997043
aco_current,10,7135,75,7,1,26.0,180.0,206.0,1.03,1.0,True,True,30.0,176.0,0.0,[1],10.0,10.0,1,10.0,0,0.009697166999998785
aco_current,10,7135,75,7,2,0.0,0.0,0.0,0.0,0.09907747060060501,False,False,0.0,0.0,0.0,[],10.0,10.0,1,10.0,0,0.009697166999998785
aco_current,10,7135,75,7,3,0.0,0.0,0.0,0.0,0.43936213850975037,False,False,0.0,0.0,0.0,[],10.0,10.0,1,10.0,0,0.009697166999998785
aco_current,10,7135,75,7,4,0.0,0.0,0.0,0.0,0.20313307642936707,False,False,0.0,0.0,0.0,[],10.0,10.0,1,10.0,0,0.009697166999998785
aco_current,10,7136,75,8,1,26.0,176.0,202.0,1.01,1.0,True,True,30.0,172.0,0.0,[1],10.0,10.0,1,10.0,0,0.009579040999994959
aco_current,10,7136,75,8,2,0.0,0.0,0.0,0.0,0.09907747060060501,False,False,0.0,0.0,0.0,[],10.0,10.0,1,10.0,0,0.009579040999994959
aco_current,10,7136,75,8,3,0.0,0.0,0.0,0.0,0.43936213850975037,False,False,0.0,0.0,0.0,[],10.0,10.0,1,10.0,0,0.009579040999994959
aco_current,10,7136,75,8,4,0.0,0.0,0.0,0.0,0.20313307642936707,False,False,0.0,0.0,0.0,[],10.0,10.0,1,10.0,0,0.009579040999994959
aco_current,10,7137,75,8,1,17.0,172.0,189.0,0.945,0.9999999403953552,True,True,30.0,159.0,0.0,[1],10.0,10.0,1,10.0,0,0.009661458000010725
aco_current,10,7137,75,8,2,0.0,0.0,0.0,0.0,0.09907747060060501,False,False,0.0,0.0,0.0,[],10.0,10.0,1,10.0,0,0.009661458000010725
aco_current,10,7137,75,8,3,0.0,0.0,0.0,0.0,0.43936213850975037,False,False,0.0,0.0,0.0,[],10.0,10.0,1,10.0,0,0.009661458000010725
aco_current,10,7137,75,8,4,0.0,0.0,0.0,0.0,0.20313307642936707,False,False,0.0,0.0,0.0,[],10.0,10.0,1,10.0,0,0.009661458000010725
aco_current,10,7138,75,8,1,16.0,159.0,175.0,0.875,0.9999955892562866,True,True,30.0,145.0,0.0,[1],10.0,10.0,1,10.0,0,0.009701375000005896
aco_current,10,7138,75,8,2,0.0,0.0,0.0,0.0,0.09907747060060501,False,False,0.0,0.0,0.0,[],10.0,10.0,1,10.0,0,0.009701375000005896
aco_current,10,7138,75,8,3,0.0,0.0,0.0,0.0,0.43936213850975037,False,False,0.0,0.0,0.0,[],10.0,10.0,1,10.0,0,0.009701375000005896
aco_current,10,7138,75,8,4,0.0,0.0,0.0,0.0,0.20313307642936707,False,False,0.0,0.0,0.0,[],10.0,10.0,1,10.0,0,0.009701375000005896
aco_current,10,7139,75,8,1,15.0,145.0,160.0,0.8,0.9996705055236816,True,True,30.0,130.0,0.0,[1],10.0,10.0,1,10.0,0,0.009680125000002704
aco_current,10,7139,75,8,2,0.0,0.0,0.0,0.0,0.09907747060060501,False,False,0.0,0.0,0.0,[],10.0,10.0,1,10.0,0,0.009680125000002704
aco_current,10,7139,75,8,3,0.0,0.0,0.0,0.0,0.43936213850975037,False,False,0.0,0.0,0.0,[],10.0,10.0,1,10.0,0,0.009680125000002704
aco_current,10,7139,75,8,4,0.0,0.0,0.0,0.0,0.20313307642936707,False,False,0.0,0.0,0.0,[],10.0,10.0,1,10.0,0,0.009680125000002704
aco_current,10,7140,75,9,1,17.0,130.0,147.0,0.735,0.998248279094696,False,False,0.0,147.0,0.0,[],0.0,0.0,0,0.0,0,3.042000003006251e-06
aco_current,10,7140,75,9,2,0.0,0.0,0.0,0.0,0.09907747060060501,False,False,0.0,0.0,0.0,[],0.0,0.0,0,0.0,0,3.042000003006251e-06
aco_current,10,7140,75,9,3,0.0,0.0,0.0,0.0,0.43936213850975037,False,False,0.0,0.0,0.0,[],0.0,0.0,0,0.0,0,3.042000003006251e-06
aco_current,10,7140,75,9,4,0.0,0.0,0.0,0.0,0.20313307642936707,False,False,0.0,0.0,0.0,[],0.0,0.0,0,0.0,0,3.042000003006251e-06
aco_current,10,7141,75,9,1,16.0,147.0,163.0,0.815,0.9998870491981506,True,True,30.0,133.0,0.0,[1],10.0,10.0,1,10.0,0,0.009666917000004105
aco_current,10,7141,75,9,2,0.0,0.0,0.0,0.0,0.09907747060060501,False,False,0.0,0.0,0.0,[],10.0,10.0,1,10.0,0,0.009666917000004105
aco_current,10,7141,75,9,3,0.0,0.0,0.0,0.0,0.43936213850975037,False,False,0.0,0.0,0.0,[],10.0,10.0,1,10.0,0,0.009666917000004105
aco_current,10,7141,75,9,4,0.0,0.0,0.0,0.0,0.20313307642936707,False,False,0.0,0.0,0.0,[],10.0,10.0,1,10.0,0,0.009666917000004105
aco_current,10,7142,75,9,1,16.0,133.0,149.0,0.745,0.9980954527854919,False,False,0.0,149.0,0.0,[],0.0,0.0,0,0.0,0,3.74999999053216e-06
aco_current,10,7142,75,9,2,0.0,0.0,0.0,0.0,0.09907747060060501,False,False,0.0,0.0,0.0,[],0.0,0.0,0,0.0,0,3.74999999053216e-06
aco_current,10,7142,75,9,3,0.0,0.0,0.0,0.0,0.43936213850975037,False,False,0.0,0.0,0.0,[],0.0,0.0,0,0.0,0,3.74999999053216e-06
aco_current,10,7142,75,9,4,0.0,0.0,0.0,0.0,0.20313307642936707,False,False,0.0,0.0,0.0,[],0.0,0.0,0,0.0,0,3.74999999053216e-06
aco_current,10,7143,75,9,1,15.0,149.0,164.0,0.82,0.9998762607574463,True,True,30.0,134.0,0.0,[1],10.0,10.0,1,10.0,0,0.009934458000003588
aco_current,10,7143,75,9,2,0.0,0.0,0.0,0.0,0.09907747060060501,False,False,0.0,0.0,0.0,[],10.0,10.0,1,10.0,0,0.009934458000003588
aco_current,10,7143,75,9,3,0.0,0.0,0.0,0.0,0.43936213850975037,False,False,0.0,0.0,0.0,[],10.0,10.0,1,10.0,0,0.009934458000003588
aco_current,10,7143,75,9,4,0.0,0.0,0.0,0.0,0.20313307642936707,False,False,0.0,0.0,0.0,[],10.0,10.0,1,10.0,0,0.009934458000003588
aco_current,10,7144,75,10,1,17.0,134.0,151.0,0.755,0.9989542961120605,False,False,0.0,151.0,0.0,[],0.0,0.0,0,0.0,0,3.084000013586774e-06
aco_current,10,7144,75,10,2,0.0,0.0,0.0,0.0,0.09907747060060501,False,False,0.0,0.0,0.0,[],0.0,0.0,0,0.0,0,3.084000013586774e-06
aco_current,10,7144,75,10,3,0.0,0.0,0.0,0.0,0.43936213850975037,False,False,0.0,0.0,0.0,[],0.0,0.0,0,0.0,0,3.084000013586774e-06
aco_current,10,7144,75,10,4,0.0,0.0,0.0,0.0,0.20313307642936707,False,False,0.0,0.0,0.0,[],0.0,0.0,0,0.0,0,3.084000013586774e-06
aco_current,10,7145,75,10,1,16.0,151.0,167.0,0.835,0.9999597072601318,True,True,30.0,137.0,0.0,[1],10.0,10.0,1,10.0,0,0.010072542000003182
aco_current,10,7145,75,10,2,0.0,0.0,0.0,0.0,0.09907747060060501,False,False,0.0,0.0,0.0,[],10.0,10.0,1,10.0,0,0.010072542000003182
aco_current,10,7145,75,10,3,0.0,0.0,0.0,0.0,0.43936213850975037,False,False,0.0,0.0,0.0,[],10.0,10.0,1,10.0,0,0.010072542000003182
aco_current,10,7145,75,10,4,0.0,0.0,0.0,0.0,0.20313307642936707,False,False,0.0,0.0,0.0,[],10.0,10.0,1,10.0,0,0.010072542000003182
aco_current,10,7146,75,10,1,16.0,137.0,153.0,0.765,0.9988843202590942,False,False,0.0,153.0,0.0,[],0.0,0.0,0,0.0,0,2.7079999966872492e-06
aco_current,10,7146,75,10,2,0.0,0.0,0.0,0.0,0.09907747060060501,False,False,0.0,0.0,0.0,[],0.0,0.0,0,0.0,0,2.7079999966872492e-06
aco_current,10,7146,75,10,3,0.0,0.0,0.0,0.0,0.43936213850975037,False,False,0.0,0.0,0.0,[],0.0,0.0,0,0.0,0,2.7079999966872492e-06
aco_current,10,7146,75,10,4,0.0,0.0,0.0,0.0,0.20313307642936707,False,False,0.0,0.0,0.0,[],0.0,0.0,0,0.0,0,2.7079999966872492e-06
aco_current,10,7147,75,10,1,15.0,153.0,168.0,0.84,0.9999560713768005,True,True,30.0,138.0,0.0,[1],10.0,10.0,1,10.0,0,0.009802791999987903
aco_current,10,7147,75,10,2,0.0,0.0,0.0,0.0,0.09907747060060501,False,False,0.0,0.0,0.0,[],10.0,10.0,1,10.0,0,0.009802791999987903
aco_current,10,7147,75,10,3,0.0,0.0,0.0,0.0,0.43936213850975037,False,False,0.0,0.0,0.0,[],10.0,10.0,1,10.0,0,0.009802791999987903
aco_current,10,7147,75,10,4,0.0,0.0,0.0,0.0,0.20313307642936707,False,False,0.0,0.0,0.0,[],10.0,10.0,1,10.0,0,0.009802791999987903
aco_current,10,7148,75,11,1,17.0,138.0,155.0,0.775,0.9994621872901917,False,False,0.0,155.0,0.0,[],0.0,0.0,0,0.0,0,3.7080000083733466e-06
aco_current,10,7148,75,11,2,0.0,0.0,0.0,0.0,0.09907747060060501,False,False,0.0,0.0,0.0,[],0.0,0.0,0,0.0,0,3.7080000083733466e-06
aco_current,10,7148,75,11,3,0.0,0.0,0.0,0.0,0.43936213850975037,False,False,0.0,0.0,0.0,[],0.0,0.0,0,0.0,0,3.7080000083733466e-06
aco_current,10,7148,75,11,4,0.0,0.0,0.0,0.0,0.20313307642936707,False,False,0.0,0.0,0.0,[],0.0,0.0,0,0.0,0,3.7080000083733466e-06
aco_current,10,7149,75,11,1,16.0,155.0,171.0,0.855,0.9999858140945435,True,True,30.0,141.0,0.0,[1],10.0,10.0,1,10.0,0,0.009968000000000643
aco_current,10,7149,75,11,2,0.0,0.0,0.0,0.0,0.09907747060060501,False,False,0.0,0.0,0.0,[],10.0,10.0,1,10.0,0,0.009968000000000643
aco_current,10,7149,75,11,3,0.0,0.0,0.0,0.0,0.43936213850975037,False,False,0.0,0.0,0.0,[],10.0,10.0,1,10.0,0,0.009968000000000643
aco_current,10,7149,75,11,4,0.0,0.0,0.0,0.0,0.20313307642936707,False,False,0.0,0.0,0.0,[],10.0,10.0,1,10.0,0,0.009968000000000643
aco_current,10,7150,75,11,1,16.0,141.0,157.0,0.785,0.9995030760765076,False,False,0.0,157.0,0.0,[],0.0,0.0,0,0.0,0,4.665999995268066e-06
aco_current,10,7150,75,11,2,0.0,0.0,0.0,0.0,0.09907747060060501,False,False,0.0,0.0,0.0,[],0.0,0.0,0,0.0,0,4.665999995268066e-06
aco_current,10,7150,75,11,3,0.0,0.0,0.0,0.0,0.43936213850975037,False,False,0.0,0.0,0.0,[],0.0,0.0,0,0.0,0,4.665999995268066e-06
aco_current,10,7150,75,11,4,0.0,0.0,0.0,0.0,0.20313307642936707,False,False,0.0,0.0,0.0,[],0.0,0.0,0,0.0,0,4.665999995268066e-06
aco_current,10,7151,75,11,1,15.0,157.0,172.0,0.86,0.9999847412109375,True,True,30.0,142.0,0.0,[1],10.0,10.0,1,10.0,0,0.00989899999999011
aco_current,10,7151,75,11,2,0.0,0.0,0.0,0.0,0.09907747060060501,False,False,0.0,0.0,0.0,[],10.0,10.0,1,10.0,0,0.00989899999999011
aco_current,10,7151,75,11,3,0.0,0.0,0.0,0.0,0.43936213850975037,False,False,0.0,0.0,0.0,[],10.0,10.0,1,10.0,0,0.00989899999999011
aco_current,10,7151,75,11,4,0.0,0.0,0.0,0.0,0.20313307642936707,False,False,0.0,0.0,0.0,[],10.0,10.0,1,10.0,0,0.00989899999999011
aco_current,10,7152,75,12,1,17.0,142.0,159.0,0.795,0.9997764229774475,False,False,0.0,159.0,0.0,[],0.0,0.0,0,0.0,0,2.7499999930569174e-06
aco_current,10,7152,75,12,2,0.0,0.0,0.0,0.0,0.09907747060060501,False,False,0.0,0.0,0.0,[],0.0,0.0,0,0.0,0,2.7499999930569174e-06
aco_current,10,7152,75,12,3,0.0,0.0,0.0,0.0,0.43936213850975037,False,False,0.0,0.0,0.0,[],0.0,0.0,0,0.0,0,2.7499999930569174e-06
aco_current,10,7152,75,12,4,0.0,0.0,0.0,0.0,0.20313307642936707,False,False,0.0,0.0,0.0,[],0.0,0.0,0,0.0,0,2.7499999930569174e-06
aco_current,10,7153,75,12,1,16.0,159.0,175.0,0.875,0.9999950528144836,True,True,30.0,145.0,0.0,[1],10.0,10.0,1,10.0,0,0.009673540999997954
aco_current,10,7153,75,12,2,0.0,0.0,0.0,0.0,0.09907747060060501,False,False,0.0,0.0,0.0,[],10.0,10.0,1,10.0,0,0.009673540999997954
aco_current,10,7153,75,12,3,0.0,0.0,0.0,0.0,0.43936213850975037,False,False,0.0,0.0,0.0,[],10.0,10.0,1,10.0,0,0.009673540999997954
aco_current,10,7153,75,12,4,0.0,0.0,0.0,0.0,0.20313307642936707,False,False,0.0,0.0,0.0,[],10.0,10.0,1,10.0,0,0.009673540999997954
aco_current,10,7154,75,12,1,16.0,145.0,161.0,0.805,0.9998107552528381,True,True,30.0,131.0,0.0,[1],10.0,10.0,1,10.0,0,0.00980779199998949
aco_current,10,7154,75,12,2,0.0,0.0,0.0,0.0,0.09907747060060501,False,False,0.0,0.0,0.0,[],10.0,10.0,1,10.0,0,0.00980779199998949
aco_current,10,7154,75,12,3,0.0,0.0,0.0,0.0,0.43936213850975037,False,False,0.0,0.0,0.0,[],10.0,10.0,1,10.0,0,0.00980779199998949
aco_current,10,7154,75,12,4,0.0,0.0,0.0,0.0,0.20313307642936707,False,False,0.0,0.0,0.0,[],10.0,10.0,1,10.0,0,0.00980779199998949
aco_current,10,7155,75,12,1,15.0,131.0,146.0,0.73,0.9960789680480957,False,False,0.0,146.0,0.0,[],0.0,0.0,0,0.0,0,3.1659999990552024e-06
aco_current,10,7155,75,12,2,0.0,0.0,0.0,0.0,0.09907747060060501,False,False,0.0,0.0,0.0,[],0.0,0.0,0,0.0,0,3.1659999990552024e-06
aco_current,10,7155,75,12,3,0.0,0.0,0.0,0.0,0.43936213850975037,False,False,0.0,0.0,0.0,[],0.0,0.0,0,0.0,0,3.1659999990552024e-06
aco_current,10,7155,75,12,4,0.0,0.0,0.0,0.0,0.20313307642936707,False,False,0.0,0.0,0.0,[],0.0,0.0,0,0.0,0,3.1659999990552024e-06
aco_current,10,7156,75,13,1,17.0,146.0,163.0,0.815,0.9999203085899353,True,True,30.0,133.0,0.0,[1],10.0,10.0,1,10.0,0,0.009785500000006664
aco_current,10,7156,75,13,2,0.0,0.0,0.0,0.0,0.09907747060060501,False,False,0.0,0.0,0.0,[],10.0,10.0,1,10.0,0,0.009785500000006664
aco_current,10,7156,75,13,3,0.0,0.0,0.0,0.0,0.43936213850975037,False,False,0.0,0.0,0.0,[],10.0,10.0,1,10.0,0,0.009785500000006664
aco_current,10,7156,75,13,4,0.0,0.0,0.0,0.0,0.20313307642936707,False,False,0.0,0.0,0.0,[],10.0,10.0,1,10.0,0,0.009785500000006664
aco_current,10,7157,75,13,1,16.0,133.0,149.0,0.745,0.9980954527854919,False,False,0.0,149.0,0.0,[],0.0,0.0,0,0.0,0,3.2500000060053935e-06
aco_current,10,7157,75,13,2,0.0,0.0,0.0,0.0,0.09907747060060501,False,False,0.0,0.0,0.0,[],0.0,0.0,0,0.0,0,3.2500000060053935e-06
aco_current,10,7157,75,13,3,0.0,0.0,0.0,0.0,0.43936213850975037,False,False,0.0,0.0,0.0,[],0.0,0.0,0,0.0,0,3.2500000060053935e-06
aco_current,10,7157,75,13,4,0.0,0.0,0.0,0.0,0.20313307642936707,False,False,0.0,0.0,0.0,[],0.0,0.0,0,0.0,0,3.2500000060053935e-06
aco_current,10,7158,75,13,1,16.0,149.0,165.0,0.825,0.9999325275421143,True,True,30.0,135.0,0.0,[1],10.0,10.0,1,10.0,0,0.00984162499999286
aco_current,10,7158,75,13,2,0.0,0.0,0.0,0.0,0.09907747060060501,False,False,0.0,0.0,0.0,[],10.0,10.0,1,10.0,0,0.00984162499999286
aco_current,10,7158,75,13,3,0.0,0.0,0.0,0.0,0.43936213850975037,False,False,0.0,0.0,0.0,[],10.0,10.0,1,10.0,0,0.00984162499999286
aco_current,10,7158,75,13,4,0.0,0.0,0.0,0.0,0.20313307642936707,False,False,0.0,0.0,0.0,[],10.0,10.0,1,10.0,0,0.00984162499999286
aco_current,10,7159,75,13,1,15.0,135.0,150.0,0.75,0.997645914554596,False,False,0.0,150.0,0.0,[],0.0,0.0,0,0.0,0,2.1207999992611803e-05
aco_current,10,7159,75,13,2,0.0,0.0,0.0,0.0,0.09907747060060501,False,False,0.0,0.0,0.0,[],0.0,0.0,0,0.0,0,2.1207999992611803e-05
aco_current,10,7159,75,13,3,0.0,0.0,0.0,0.0,0.43936213850975037,False,False,0.0,0.0,0.0,[],0.0,0.0,0,0.0,0,2.1207999992611803e-05
aco_current,10,7159,75,13,4,0.0,0.0,0.0,0.0,0.20313307642936707,False,False,0.0,0.0,0.0,[],0.0,0.0,0,0.0,0,2.1207999992611803e-05
aco_current,10,7160,75,14,1,17.0,150.0,167.0,0.835,0.9999715685844421,True,True,30.0,137.0,0.0,[1],10.0,10.0,1,10.0,0,0.009630709000006732
aco_current,10,7160,75,14,2,0.0,0.0,0.0,0.0,0.09907747060060501,False,False,0.0,0.0,0.0,[],10.0,10.0,1,10.0,0,0.009630709000006732
aco_current,10,7160,75,14,3,0.0,0.0,0.0,0.0,0.43936213850975037,False,False,0.0,0.0,0.0,[],10.0,10.0,1,10.0,0,0.009630709000006732
aco_current,10,7160,75,14,4,0.0,0.0,0.0,0.0,0.20313307642936707,False,False,0.0,0.0,0.0,[],10.0,10.0,1,10.0,0,0.009630709000006732
aco_current,10,7161,75,14,1,16.0,137.0,153.0,0.765,0.9988843202590942,False,False,0.0,153.0,0.0,[],0.0,0.0,0,0.0,0,4.2499999892697815e-06
aco_current,10,7161,75,14,2,0.0,0.0,0.0,0.0,0.09907747060060501,False,False,0.0,0.0,0.0,[],0.0,0.0,0,0.0,0,4.2499999892697815e-06
aco_current,10,7161,75,14,3,0.0,0.0,0.0,0.0,0.43936213850975037,False,False,0.0,0.0,0.0,[],0.0,0.0,0,0.0,0,4.2499999892697815e-06
aco_current,10,7161,75,14,4,0.0,0.0,0.0,0.0,0.20313307642936707,False,False,0.0,0.0,0.0,[],0.0,0.0,0,0.0,0,4.2499999892697815e-06
aco_current,10,7162,75,14,1,11.0,153.0,164.0,0.82,0.9994898438453674,True,True,30.0,134.0,0.0,[1],10.0,10.0,1,10.0,0,0.009889624999999569
aco_current,10,7162,75,14,2,0.0,0.0,0.0,0.0,0.09907747060060501,False,False,0.0,0.0,0.0,[],10.0,10.0,1,10.0,0,0.009889624999999569
aco_current,10,7162,75,14,3,0.0,0.0,0.0,0.0,0.43936213850975037,False,False,0.0,0.0,0.0,[],10.0,10.0,1,10.0,0,0.009889624999999569
aco_current,10,7162,75,14,4,0.0,0.0,0.0,0.0,0.20313307642936707,False,False,0.0,0.0,0.0,[],10.0,10.0,1,10.0,0,0.009889624999999569
aco_current,10,7163,75,14,1,8.0,134.0,142.0,0.71,0.9331066608428955,False,False,0.0,142.0,0.0,[],0.0,0.0,0,0.0,0,3.2089999990603246e-06
aco_current,10,7163,75,14,2,0.0,0.0,0.0,0.0,0.09907747060060501,False,False,0.0,0.0,0.0,[],0.0,0.0,0,0.0,0,3.2089999990603246e-06
aco_current,10,7163,75,14,3,0.0,0.0,0.0,0.0,0.43936213850975037,False,False,0.0,0.0,0.0,[],0.0,0.0,0,0.0,0,3.2089999990603246e-06
aco_current,10,7163,75,14,4,0.0,0.0,0.0,0.0,0.20313307642936707,False,False,0.0,0.0,0.0,[],0.0,0.0,0,0.0,0,3.2089999990603246e-06
aco_current,10,7164,75,15,1,9.0,142.0,151.0,0.755,0.9829824566841125,False,False,0.0,151.0,0.0,[],0.0,0.0,0,0.0,0,3.125000006320988e-06
aco_current,10,7164,75,15,2,0.0,0.0,0.0,0.0,0.09907747060060501,False,False,0.0,0.0,0.0,[],0.0,0.0,0,0.0,0,3.125000006320988e-06
aco_current,10,7164,75,15,3,0.0,0.0,0.0,0.0,0.43936213850975037,False,False,0.0,0.0,0.0,[],0.0,0.0,0,0.0,0,3.125000006320988e-06
aco_current,10,7164,75,15,4,0.0,0.0,0.0,0.0,0.20313307642936707,False,False,0.0,0.0,0.0,[],0.0,0.0,0,0.0,0,3.125000006320988e-06
aco_current,10,7165,75,15,1,8.0,151.0,159.0,0.795,0.9949710965156555,False,False,0.0,159.0,0.0,[],0.0,0.0,0,0.0,0,2.625000007583367e-06
aco_current,10,7165,75,15,2,0.0,0.0,0.0,0.0,0.09907747060060501,False,False,0.0,0.0,0.0,[],0.0,0.0,0,0.0,0,2.625000007583367e-06
aco_current,10,7165,75,15,3,0.0,0.0,0.0,0.0,0.43936213850975037,False,False,0.0,0.0,0.0,[],0.0,0.0,0,0.0,0,2.625000007583367e-06
aco_current,10,7165,75,15,4,0.0,0.0,0.0,0.0,0.20313307642936707,False,False,0.0,0.0,0.0,[],0.0,0.0,0,0.0,0,2.625000007583367e-06
aco_current,10,7166,75,15,1,8.0,159.0,167.0,0.835,0.9993423819541931,True,True,30.0,137.0,0.0,[1],10.0,10.0,1,10.0,0,0.009726749999998674
aco_current,10,7166,75,15,2,0.0,0.0,0.0,0.0,0.09907747060060501,False,False,0.0,0.0,0.0,[],10.0,10.0,1,10.0,0,0.009726749999998674
aco_current,10,7166,75,15,3,0.0,0.0,0.0,0.0,0.43936213850975037,False,False,0.0,0.0,0.0,[],10.0,10.0,1,10.0,0,0.009726749999998674
aco_current,10,7166,75,15,4,0.0,0.0,0.0,0.0,0.20313307642936707,False,False,0.0,0.0,0.0,[],10.0,10.0,1,10.0,0,0.009726749999998674
aco_current,10,7167,75,15,1,8.0,137.0,145.0,0.725,0.9618600606918335,False,False,0.0,145.0,0.0,[],0.0,0.0,0,0.0,0,3.790999997477229e-06
aco_current,10,7167,75,15,2,0.0,0.0,0.0,0.0,0.09907747060060501,False,False,0.0,0.0,0.0,[],0.0,0.0,0,0.0,0,3.790999997477229e-06
aco_current,10,7167,75,15,3,0.0,0.0,0.0,0.0,0.43936213850975037,False,False,0.0,0.0,0.0,[],0.0,0.0,0,0.0,0,3.790999997477229e-06
aco_current,10,7167,75,15,4,0.0,0.0,0.0,0.0,0.20313307642936707,False,False,0.0,0.0,0.0,[],0.0,0.0,0,0.0,0,3.790999997477229e-06
aco_current,10,7168,75,16,1,9.0,145.0,154.0,0.77,0.9903671145439148,False,False,0.0,154.0,0.0,[],0.0,0.0,0,0.0,0,2.5410000006331757e-06
aco_current,10,7168,75,16,2,0.0,0.0,0.0,0.0,0.09907747060060501,False,False,0.0,0.0,0.0,[],0.0,0.0,0,0.0,0,2.5410000006331757e-06
aco_current,10,7168,75,16,3,0.0,0.0,0.0,0.0,0.43936213850975037,False,False,0.0,0.0,0.0,[],0.0,0.0,0,0.0,0,2.5410000006331757e-06
aco_current,10,7168,75,16,4,0.0,0.0,0.0,0.0,0.20313307642936707,False,False,0.0,0.0,0.0,[],0.0,0.0,0,0.0,0,2.5410000006331757e-06
aco_current,10,7169,75,16,1,8.0,154.0,162.0,0.81,0.9977720379829407,True,True,30.0,132.0,0.0,[1],10.0,10.0,1,10.0,0,0.00982008300000814
aco_current,10,7169,75,16,2,0.0,0.0,0.0,0.0,0.09907747060060501,False,False,0.0,0.0,0.0,[],10.0,10.0,1,10.0,0,0.00982008300000814
aco_current,10,7169,75,16,3,0.0,0.0,0.0,0.0,0.43936213850975037,False,False,0.0,0.0,0.0,[],10.0,10.0,1,10.0,0,0.00982008300000814
aco_current,10,7169,75,16,4,0.0,0.0,0.0,0.0,0.20313307642936707,False,False,0.0,0.0,0.0,[],10.0,10.0,1,10.0,0,0.00982008300000814
aco_current,10,7170,75,16,1,8.0,132.0,140.0,0.7,0.934654176235199,False,False,0.0,140.0,0.0,[],0.0,0.0,0,0.0,0,3.2909999987396077e-06
aco_current,10,7170,75,16,2,0.0,0.0,0.0,0.0,0.09907747060060501,False,False,0.0,0.0,0.0,[],0.0,0.0,0,0.0,0,3.2909999987396077e-06
aco_current,10,7170,75,16,3,0.0,0.0,0.0,0.0,0.43936213850975037,False,False,0.0,0.0,0.0,[],0.0,0.0,0,0.0,0,3.2909999987396077e-06
aco_current,10,7170,75,16,4,0.0,0.0,0.0,0.0,0.20313307642936707,False,False,0.0,0.0,0.0,[],0.0,0.0,0,0.0,0,3.2909999987396077e-06
aco_current,10,7171,75,16,1,8.0,140.0,148.0,0.74,0.9726372361183167,False,False,0.0,148.0,0.0,[],0.0,0.0,0,0.0,0,1.9999999949504854e-06
aco_current,10,7171,75,16,2,0.0,0.0,0.0,0.0,0.09907747060060501,False,False,0.0,0.0,0.0,[],0.0,0.0,0,0.0,0,1.9999999949504854e-06
aco_current,10,7171,75,16,3,0.0,0.0,0.0,0.0,0.43936213850975037,False,False,0.0,0.0,0.0,[],0.0,0.0,0,0.0,0,1.9999999949504854e-06
aco_current,10,7171,75,16,4,0.0,0.0,0.0,0.0,0.20313307642936707,False,False,0.0,0.0,0.0,[],0.0,0.0,0,0.0,0,1.9999999949504854e-06
aco_current,10,7172,75,17,1,9.0,148.0,157.0,0.785,0.9946613311767578,False,False,0.0,157.0,0.0,[],0.0,0.0,0,0.0,0,3.45900001263999e-06
aco_current,10,7172,75,17,2,0.0,0.0,0.0,0.0,0.09907747060060501,False,False,0.0,0.0,0.0,[],0.0,0.0,0,0.0,0,3.45900001263999e-06
aco_current,10,7172,75,17,3,0.0,0.0,0.0,0.0,0.43936213850975037,False,False,0.0,0.0,0.0,[],0.0,0.0,0,0.0,0,3.45900001263999e-06
aco_current,10,7172,75,17,4,0.0,0.0,0.0,0.0,0.20313307642936707,False,False,0.0,0.0,0.0,[],0.0,0.0,0,0.0,0,3.45900001263999e-06
aco_current,10,7173,75,17,1,8.0,157.0,165.0,0.825,0.9989327788352966,True,True,30.0,135.0,0.0,[1],10.0,10.0,1,10.0,0,0.009883916999996245
aco_current,10,7173,75,17,2,0.0,0.0,0.0,0.0,0.09907747060060501,False,False,0.0,0.0,0.0,[],10.0,10.0,1,10.0,0,0.009883916999996245
aco_current,10,7173,75,17,3,0.0,0.0,0.0,0.0,0.43936213850975037,False,False,0.0,0.0,0.0,[],10.0,10.0,1,10.0,0,0.009883916999996245
aco_current,10,7173,75,17,4,0.0,0.0,0.0,0.0,0.20313307642936707,False,False,0.0,0.0,0.0,[],10.0,10.0,1,10.0,0,0.009883916999996245
aco_current,10,7174,75,17,1,8.0,135.0,143.0,0.715,0.9537420272827148,False,False,0.0,143.0,0.0,[],0.0,0.0,0,0.0,0,3.2920000023750617e-06
aco_current,10,7174,75,17,2,0.0,0.0,0.0,0.0,0.09907747060060501,False,False,0.0,0.0,0.0,[],0.0,0.0,0,0.0,0,3.2920000023750617e-06
aco_current,10,7174,75,17,3,0.0,0.0,0.0,0.0,0.43936213850975037,False,False,0.0,0.0,0.0,[],0.0,0.0,0,0.0,0,3.2920000023750617e-06
aco_current,10,7174,75,17,4,0.0,0.0,0.0,0.0,0.20313307642936707,False,False,0.0,0.0,0.0,[],0.0,0.0,0,0.0,0,3.2920000023750617e-06
aco_current,10,7175,75,17,1,9.0,143.0,152.0,0.76,0.9875180125236511,False,False,0.0,152.0,0.0,[],0.0,0.0,0,0.0,0,4.124999989585376e-06
aco_current,10,7175,75,17,2,0.0,0.0,0.0,0.0,0.09907747060060501,False,False,0.0,0.0,0.0,[],0.0,0.0,0,0.0,0,4.124999989585376e-06
aco_current,10,7175,75,17,3,0.0,0.0,0.0,0.0,0.43936213850975037,False,False,0.0,0.0,0.0,[],0.0,0.0,0,0.0,0,4.124999989585376e-06
aco_current,10,7175,75,17,4,0.0,0.0,0.0,0.0,0.20313307642936707,False,False,0.0,0.0,0.0,[],0.0,0.0,0,0.0,0,4.124999989585376e-06
aco_current,10,7176,75,18,1,8.0,152.0,160.0,0.8,0.9962979555130005,True,True,30.0,130.0,0.0,[1],10.0,10.0,1,10.0,0,0.009955167000001097
aco_current,10,7176,75,18,2,0.0,0.0,0.0,0.0,0.09907747060060501,False,False,0.0,0.0,0.0,[],10.0,10.0,1,10.0,0,0.009955167000001097
aco_current,10,7176,75,18,3,0.0,0.0,0.0,0.0,0.43936213850975037,False,False,0.0,0.0,0.0,[],10.0,10.0,1,10.0,0,0.009955167000001097
aco_current,10,7176,75,18,4,0.0,0.0,0.0,0.0,0.20313307642936707,False,False,0.0,0.0,0.0,[],10.0,10.0,1,10.0,0,0.009955167000001097
aco_current,10,7177,75,18,1,8.0,130.0,138.0,0.69,0.9174279570579529,False,False,0.0,138.0,0.0,[],0.0,0.0,0,0.0,0,2.9170000033218457e-06
aco_current,10,7177,75,18,2,0.0,0.0,0.0,0.0,0.09907747060060501,False,False,0.0,0.0,0.0,[],0.0,0.0,0,0.0,0,2.9170000033218457e-06
aco_current,10,7177,75,18,3,0.0,0.0,0.0,0.0,0.43936213850975037,False,False,0.0,0.0,0.0,[],0.0,0.0,0,0.0,0,2.9170000033218457e-06
aco_current,10,7177,75,18,4,0.0,0.0,0.0,0.0,0.20313307642936707,False,False,0.0,0.0,0.0,[],0.0,0.0,0,0.0,0,2.9170000033218457e-06
aco_current,10,7178,75,18,1,8.0,138.0,146.0,0.73,0.9653825163841248,False,False,0.0,146.0,0.0,[],0.0,0.0,0,0.0,0,3.4579999947936813e-06
aco_current,10,7178,75,18,2,0.0,0.0,0.0,0.0,0.09907747060060501,False,False,0.0,0.0,0.0,[],0.0,0.0,0,0.0,0,3.4579999947936813e-06
aco_current,10,7178,75,18,3,0.0,0.0,0.0,0.0,0.43936213850975037,False,False,0.0,0.0,0.0,[],0.0,0.0,0,0.0,0,3.4579999947936813e-06
aco_current,10,7178,75,18,4,0.0,0.0,0.0,0.0,0.20313307642936707,False,False,0.0,0.0,0.0,[],0.0,0.0,0,0.0,0,3.4579999947936813e-06
aco_current,10,7179,75,18,1,9.0,146.0,155.0,0.775,0.9919095039367676,False,False,0.0,155.0,0.0,[],0.0,0.0,0,0.0,0,2.4160000009487703e-06
aco_current,10,7179,75,18,2,0.0,0.0,0.0,0.0,0.09907747060060501,False,False,0.0,0.0,0.0,[],0.0,0.0,0,0.0,0,2.4160000009487703e-06
aco_current,10,7179,75,18,3,0.0,0.0,0.0,0.0,0.43936213850975037,False,False,0.0,0.0,0.0,[],0.0,0.0,0,0.0,0,2.4160000009487703e-06
aco_current,10,7179,75,18,4,0.0,0.0,0.0,0.0,0.20313307642936707,False,False,0.0,0.0,0.0,[],0.0,0.0,0,0.0,0,2.4160000009487703e-06
aco_current,10,7180,75,19,1,8.0,155.0,163.0,0.815,0.9982644319534302,True,True,30.0,133.0,0.0,[1],10.0,10.0,1,10.0,0,0.009646208000006595
aco_current,10,7180,75,19,2,0.0,0.0,0.0,0.0,0.09907747060060501,False,False,0.0,0.0,0.0,[],10.0,10.0,1,10.0,0,0.009646208000006595
aco_current,10,7180,75,19,3,0.0,0.0,0.0,0.0,0.43936213850975037,False,False,0.0,0.0,0.0,[],10.0,10.0,1,10.0,0,0.009646208000006595
aco_current,10,7180,75,19,4,0.0,0.0,0.0,0.0,0.20313307642936707,False,False,0.0,0.0,0.0,[],10.0,10.0,1,10.0,0,0.009646208000006595
aco_current,10,7181,75,19,1,8.0,133.0,141.0,0.705,0.9417634606361389,False,False,0.0,141.0,0.0,[],0.0,0.0,0,0.0,0,3.415999998424013e-06
aco_current,10,7181,75,19,2,0.0,0.0,0.0,0.0,0.09907747060060501,False,False,0.0,0.0,0.0,[],0.0,0.0,0,0.0,0,3.415999998424013e-06
aco_current,10,7181,75,19,3,0.0,0.0,0.0,0.0,0.43936213850975037,False,False,0.0,0.0,0.0,[],0.0,0.0,0,0.0,0,3.415999998424013e-06
aco_current,10,7181,75,19,4,0.0,0.0,0.0,0.0,0.20313307642936707,False,False,0.0,0.0,0.0,[],0.0,0.0,0,0.0,0,3.415999998424013e-06
aco_current,10,7182,75,19,1,8.0,141.0,149.0,0.745,0.9756917953491211,False,False,0.0,149.0,0.0,[],0.0,0.0,0,0.0,0,2.292000004899819e-06
aco_current,10,7182,75,19,2,0.0,0.0,0.0,0.0,0.09907747060060501,False,False,0.0,0.0,0.0,[],0.0,0.0,0,0.0,0,2.292000004899819e-06
aco_current,10,7182,75,19,3,0.0,0.0,0.0,0.0,0.43936213850975037,False,False,0.0,0.0,0.0,[],0.0,0.0,0,0.0,0,2.292000004899819e-06
aco_current,10,7182,75,19,4,0.0,0.0,0.0,0.0,0.20313307642936707,False,False,0.0,0.0,0.0,[],0.0,0.0,0,0.0,0,2.292000004899819e-06
aco_current,10,7183,75,19,1,9.0,149.0,158.0,0.79,0.9956653118133545,False,False,0.0,158.0,0.0,[],0.0,0.0,0,0.0,0,2.7079999966872492e-06
aco_current,10,7183,75,19,2,0.0,0.0,0.0,0.0,0.09907747060060501,False,False,0.0,0.0,0.0,[],0.0,0.0,0,0.0,0,2.7079999966872492e-06
aco_current,10,7183,75,19,3,0.0,0.0,0.0,0.0,0.43936213850975037,False,False,0.0,0.0,0.0,[],0.0,0.0,0,0.0,0,2.7079999966872492e-06
aco_current,10,7183,75,19,4,0.0,0.0,0.0,0.0,0.20313307642936707,False,False,0.0,0.0,0.0,[],0.0,0.0,0,0.0,0,2.7079999966872492e-06
aco_current,10,7184,75,20,1,8.0,158.0,166.0,0.83,0.9991621375083923,True,True,30.0,136.0,0.0,[1],10.0,10.0,1,10.0,0,0.00972212499999614
aco_current,10,7184,75,20,2,0.0,0.0,0.0,0.0,0.09907747060060501,False,False,0.0,0.0,0.0,[],10.0,10.0,1,10.0,0,0.00972212499999614
aco_current,10,7184,75,20,3,0.0,0.0,0.0,0.0,0.43936213850975037,False,False,0.0,0.0,0.0,[],10.0,10.0,1,10.0,0,0.00972212499999614
aco_current,10,7184,75,20,4,0.0,0.0,0.0,0.0,0.20313307642936707,False,False,0.0,0.0,0.0,[],10.0,10.0,1,10.0,0,0.00972212499999614
aco_current,10,7185,75,20,1,8.0,136.0,144.0,0.72,0.9582875370979309,False,False,0.0,144.0,0.0,[],0.0,0.0,0,0.0,0,2.7910000000019863e-06
aco_current,10,7185,75,20,2,0.0,0.0,0.0,0.0,0.09907747060060501,False,False,0.0,0.0,0.0,[],0.0,0.0,0,0.0,0,2.7910000000019863e-06
aco_current,10,7185,75,20,3,0.0,0.0,0.0,0.0,0.43936213850975037,False,False,0.0,0.0,0.0,[],0.0,0.0,0,0.0,0,2.7910000000019863e-06
aco_current,10,7185,75,20,4,0.0,0.0,0.0,0.0,0.20313307642936707,False,False,0.0,0.0,0.0,[],0.0,0.0,0,0.0,0,2.7910000000019863e-06
aco_current,10,7186,75,20,1,8.0,144.0,152.0,0.76,0.9829912185668945,False,False,0.0,152.0,0.0,[],0.0,0.0,0,0.0,0,2.7079999966872492e-06
aco_current,10,7186,75,20,2,0.0,0.0,0.0,0.0,0.09907747060060501,False,False,0.0,0.0,0.0,[],0.0,0.0,0,0.0,0,2.7079999966872492e-06
aco_current,10,7186,75,20,3,0.0,0.0,0.0,0.0,0.43936213850975037,False,False,0.0,0.0,0.0,[],0.0,0.0,0,0.0,0,2.7079999966872492e-06
aco_current,10,7186,75,20,4,0.0,0.0,0.0,0.0,0.20313307642936707,False,False,0.0,0.0,0.0,[],0.0,0.0,0,0.0,0,2.7079999966872492e-06
aco_current,10,7187,75,20,1,9.0,152.0,161.0,0.805,0.9978586435317993,True,True,30.0,131.0,0.0,[1],10.0,10.0,1,10.0,0,0.009781166999999868
aco_current,10,7187,75,20,2,0.0,0.0,0.0,0.0,0.09907747060060501,False,False,0.0,0.0,0.0,[],10.0,10.0,1,10.0,0,0.009781166999999868
aco_current,10,7187,75,20,3,0.0,0.0,0.0,0.0,0.43936213850975037,False,False,0.0,0.0,0.0,[],10.0,10.0,1,10.0,0,0.009781166999999868
aco_current,10,7187,75,20,4,0.0,0.0,0.0,0.0,0.20313307642936707,False,False,0.0,0.0,0.0,[],10.0,10.0,1,10.0,0,0.009781166999999868
aco_current,10,7188,75,21,1,5.0,131.0,136.0,0.68,0.610614001750946,False,False,0.0,136.0,0.0,[],0.0,0.0,0,0.0,0,2.4160000009487703e-06
aco_current,10,7188,75,21,2,0.0,0.0,0.0,0.0,0.09907747060060501,False,False,0.0,0.0,0.0,[],0.0,0.0,0,0.0,0,2.4160000009487703e-06
aco_current,10,7188,75,21,3,0.0,0.0,0.0,0.0,0.43936213850975037,False,False,0.0,0.0,0.0,[],0.0,0.0,0,0.0,0,2.4160000009487703e-06
aco_current,10,7188,75,21,4,0.0,0.0,0.0,0.0,0.20313307642936707,False,False,0.0,0.0,0.0,[],0.0,0.0,0,0.0,0,2.4160000009487703e-06
aco_current,10,7189,75,21,1,0.0,136.0,136.0,0.68,0.19443385303020477,False,False,0.0,136.0,0.0,[],0.0,0.0,0,0.0,0,3.790999997477229e-06
aco_current,10,7189,75,21,2,0.0,0.0,0.0,0.0,0.09907747060060501,False,False,0.0,0.0,0.0,[],0.0,0.0,0,0.0,0,3.790999997477229e-06
aco_current,10,7189,75,21,3,0.0,0.0,0.0,0.0,0.43936213850975037,False,False,0.0,0.0,0.0,[],0.0,0.0,0,0.0,0,3.790999997477229e-06
aco_current,10,7189,75,21,4,0.0,0.0,0.0,0.0,0.20313307642936707,False,False,0.0,0.0,0.0,[],0.0,0.0,0,0.0,0,3.790999997477229e-06
aco_current,10,7190,75,21,1,0.0,136.0,136.0,0.68,0.2580380141735077,False,False,0.0,136.0,0.0,[],0.0,0.0,0,0.0,0,2.4169999903733697e-06
aco_current,10,7190,75,21,2,0.0,0.0,0.0,0.0,0.09907747060060501,False,False,0.0,0.0,0.0,[],0.0,0.0,0,0.0,0,2.4169999903733697e-06
aco_current,10,7190,75,21,3,0.0,0.0,0.0,0.0,0.43936213850975037,False,False,0.0,0.0,0.0,[],0.0,0.0,0,0.0,0,2.4169999903733697e-06
aco_current,10,7190,75,21,4,0.0,0.0,0.0,0.0,0.20313307642936707,False,False,0.0,0.0,0.0,[],0.0,0.0,0,0.0,0,2.4169999903733697e-06
aco_current,10,7191,75,21,1,0.0,136.0,136.0,0.68,0.35445088148117065,False,False,0.0,136.0,0.0,[],0.0,0.0,0,0.0,0,3.000000006636583e-06
aco_current,10,7191,75,21,2,0.0,0.0,0.0,0.0,0.09907747060060501,False,False,0.0,0.0,0.0,[],0.0,0.0,0,0.0,0,3.000000006636583e-06
aco_current,10,7191,75,21,3,0.0,0.0,0.0,0.0,0.43936213850975037,False,False,0.0,0.0,0.0,[],0.0,0.0,0,0.0,0,3.000000006636583e-06
aco_current,10,7191,75,21,4,0.0,0.0,0.0,0.0,0.20313307642936707,False,False,0.0,0.0,0.0,[],0.0,0.0,0,0.0,0,3.000000006636583e-06
aco_current,10,7192,75,22,1,0.0,136.0,136.0,0.68,0.395790696144104,False,False,0.0,136.0,0.0,[],0.0,0.0,0,0.0,0,2.3340000012694873e-06
aco_current,10,7192,75,22,2,0.0,0.0,0.0,0.0,0.09907747060060501,False,False,0.0,0.0,0.0,[],0.0,0.0,0,0.0,0,2.3340000012694873e-06
aco_current,10,7192,75,22,3,0.0,0.0,0.0,0.0,0.43936213850975037,False,False,0.0,0.0,0.0,[],0.0,0.0,0,0.0,0,2.3340000012694873e-06
aco_current,10,7192,75,22,4,0.0,0.0,0.0,0.0,0.20313307642936707,False,False,0.0,0.0,0.0,[],0.0,0.0,0,0.0,0,2.3340000012694873e-06
aco_current,10,7193,75,22,1,0.0,136.0,136.0,0.68,0.395790696144104,False,False,0.0,136.0,0.0,[],0.0,0.0,0,0.0,0,1.9159999880002943e-06
aco_current,10,7193,75,22,2,0.0,0.0,0.0,0.0,0.09907747060060501,False,False,0.0,0.0,0.0,[],0.0,0.0,0,0.0,0,1.9159999880002943e-06
aco_current,10,7193,75,22,3,0.0,0.0,0.0,0.0,0.43936213850975037,False,False,0.0,0.0,0.0,[],0.0,0.0,0,0.0,0,1.9159999880002943e-06
aco_current,10,7193,75,22,4,0.0,0.0,0.0,0.0,0.20313307642936707,False,False,0.0,0.0,0.0,[],0.0,0.0,0,0.0,0,1.9159999880002943e-06
aco_current,10,7194,75,22,1,0.0,136.0,136.0,0.68,0.395790696144104,False,False,0.0,136.0,0.0,[],0.0,0.0,0,0.0,0,2.8749999927413228e-06
aco_current,10,7194,75,22,2,0.0,0.0,0.0,0.0,0.09907747060060501,False,False,0.0,0.0,0.0,[],0.0,0.0,0,0.0,0,2.8749999927413228e-06
aco_current,10,7194,75,22,3,0.0,0.0,0.0,0.0,0.43936213850975037,False,False,0.0,0.0,0.0,[],0.0,0.0,0,0.0,0,2.8749999927413228e-06
aco_current,10,7194,75,22,4,0.0,0.0,0.0,0.0,0.20313307642936707,False,False,0.0,0.0,0.0,[],0.0,0.0,0,0.0,0,2.8749999927413228e-06
aco_current,10,7195,75,22,1,0.0,136.0,136.0,0.68,0.395790696144104,False,False,0.0,136.0,0.0,[],0.0,0.0,0,0.0,0,1.9999999949504854e-06
aco_current,10,7195,75,22,2,0.0,0.0,0.0,0.0,0.09907747060060501,False,False,0.0,0.0,0.0,[],0.0,0.0,0,0.0,0,1.9999999949504854e-06
aco_current,10,7195,75,22,3,0.0,0.0,0.0,0.0,0.43936213850975037,False,False,0.0,0.0,0.0,[],0.0,0.0,0,0.0,0,1.9999999949504854e-06
aco_current,10,7195,75,22,4,0.0,0.0,0.0,0.0,0.20313307642936707,False,False,0.0,0.0,0.0,[],0.0,0.0,0,0.0,0,1.9999999949504854e-06
aco_current,10,7196,75,23,1,0.0,136.0,136.0,0.68,0.395790696144104,False,False,0.0,136.0,0.0,[],0.0,0.0,0,0.0,0,2.5420000042686297e-06
aco_current,10,7196,75,23,2,0.0,0.0,0.0,0.0,0.09907747060060501,False,False,0.0,0.0,0.0,[],0.0,0.0,0,0.0,0,2.5420000042686297e-06
aco_current,10,7196,75,23,3,0.0,0.0,0.0,0.0,0.43936213850975037,False,False,0.0,0.0,0.0,[],0.0,0.0,0,0.0,0,2.5420000042686297e-06
aco_current,10,7196,75,23,4,0.0,0.0,0.0,0.0,0.20313307642936707,False,False,0.0,0.0,0.0,[],0.0,0.0,0,0.0,0,2.5420000042686297e-06
aco_current,10,7197,75,23,1,0.0,136.0,136.0,0.68,0.395790696144104,False,False,0.0,136.0,0.0,[],0.0,0.0,0,0.0,0,2.1660000015799596e-06
aco_current,10,7197,75,23,2,0.0,0.0,0.0,0.0,0.09907747060060501,False,False,0.0,0.0,0.0,[],0.0,0.0,0,0.0,0,2.1660000015799596e-06
aco_current,10,7197,75,23,3,0.0,0.0,0.0,0.0,0.43936213850975037,False,False,0.0,0.0,0.0,[],0.0,0.0,0,0.0,0,2.1660000015799596e-06
aco_current,10,7197,75,23,4,0.0,0.0,0.0,0.0,0.20313307642936707,False,False,0.0,0.0,0.0,[],0.0,0.0,0,0.0,0,2.1660000015799596e-06
aco_current,10,7198,75,23,1,0.0,136.0,136.0,0.68,0.395790696144104,False,False,0.0,136.0,0.0,[],0.0,0.0,0,0.0,0,1.87499999526608e-06
aco_current,10,7198,75,23,2,0.0,0.0,0.0,0.0,0.09907747060060501,False,False,0.0,0.0,0.0,[],0.0,0.0,0,0.0,0,1.87499999526608e-06
aco_current,10,7198,75,23,3,0.0,0.0,0.0,0.0,0.43936213850975037,False,False,0.0,0.0,0.0,[],0.0,0.0,0,0.0,0,1.87499999526608e-06
aco_current,10,7198,75,23,4,0.0,0.0,0.0,0.0,0.20313307642936707,False,False,0.0,0.0,0.0,[],0.0,0.0,0,0.0,0,1.87499999526608e-06
aco_current,10,7199,75,23,1,0.0,136.0,136.0,0.68,0.395790696144104,False,False,0.0,136.0,0.0,[],0.0,0.0,0,0.0,0,2.999999992425728e-06
aco_current,10,7199,75,23,2,0.0,0.0,0.0,0.0,0.09907747060060501,False,False,0.0,0.0,0.0,[],0.0,0.0,0,0.0,0,2.999999992425728e-06
aco_current,10,7199,75,23,3,0.0,0.0,0.0,0.0,0.43936213850975037,False,False,0.0,0.0,0.0,[],0.0,0.0,0,0.0,0,2.999999992425728e-06
aco_current,10,7199,75,23,4,0.0,0.0,0.0,0.0,0.20313307642936707,False,False,0.0,0.0,0.0,[],0.0,0.0,0,0.0,0,2.999999992425728e-06
aco_current,10,7200,76,0,1,20.0,136.0,156.0,0.78,0.9998238682746887,False,False,0.0,156.0,0.0,[],0.0,0.0,0,0.0,0,2.250000008530151e-06
aco_current,10,7200,76,0,2,0.0,0.0,0.0,0.0,0.09907747060060501,False,False,0.0,0.0,0.0,[],0.0,0.0,0,0.0,0,2.250000008530151e-06
aco_current,10,7200,76,0,3,0.0,0.0,0.0,0.0,0.43936213850975037,False,False,0.0,0.0,0.0,[],0.0,0.0,0,0.0,0,2.250000008530151e-06
aco_current,10,7200,76,0,4,0.0,0.0,0.0,0.0,0.20313307642936707,False,False,0.0,0.0,0.0,[],0.0,0.0,0,0.0,0,2.250000008530151e-06
aco_current,10,7201,76,0,1,18.0,156.0,174.0,0.87,0.9999956488609314,True,True,30.0,144.0,0.0,[1],10.0,10.0,1,10.0,0,0.009866957999989268
aco_current,10,7201,76,0,2,0.0,0.0,0.0,0.0,0.09907747060060501,False,False,0.0,0.0,0.0,[],10.0,10.0,1,10.0,0,0.009866957999989268
aco_current,10,7201,76,0,3,0.0,0.0,0.0,0.0,0.43936213850975037,False,False,0.0,0.0,0.0,[],10.0,10.0,1,10.0,0,0.009866957999989268
aco_current,10,7201,76,0,4,0.0,0.0,0.0,0.0,0.20313307642936707,False,False,0.0,0.0,0.0,[],10.0,10.0,1,10.0,0,0.009866957999989268
aco_current,10,7202,76,0,1,19.0,144.0,163.0,0.815,0.999958872795105,True,True,30.0,133.0,0.0,[1],10.0,10.0,1,10.0,0,0.009847749999991606
aco_current,10,7202,76,0,2,0.0,0.0,0.0,0.0,0.09907747060060501,False,False,0.0,0.0,0.0,[],10.0,10.0,1,10.0,0,0.009847749999991606
aco_current,10,7202,76,0,3,0.0,0.0,0.0,0.0,0.43936213850975037,False,False,0.0,0.0,0.0,[],10.0,10.0,1,10.0,0,0.009847749999991606
aco_current,10,7202,76,0,4,0.0,0.0,0.0,0.0,0.20313307642936707,False,False,0.0,0.0,0.0,[],10.0,10.0,1,10.0,0,0.009847749999991606
aco_current,10,7203,76,0,1,18.0,133.0,151.0,0.755,0.9992603063583374,False,False,0.0,151.0,0.0,[],0.0,0.0,0,0.0,0,3.2079999954248706e-06
aco_current,10,7203,76,0,2,0.0,0.0,0.0,0.0,0.09907747060060501,False,False,0.0,0.0,0.0,[],0.0,0.0,0,0.0,0,3.2079999954248706e-06
aco_current,10,7203,76,0,3,0.0,0.0,0.0,0.0,0.43936213850975037,False,False,0.0,0.0,0.0,[],0.0,0.0,0,0.0,0,3.2079999954248706e-06
aco_current,10,7203,76,0,4,0.0,0.0,0.0,0.0,0.20313307642936707,False,False,0.0,0.0,0.0,[],0.0,0.0,0,0.0,0,3.2079999954248706e-06
aco_current,10,7204,76,1,1,18.0,151.0,169.0,0.845,0.9999886155128479,True,True,30.0,139.0,0.0,[1],10.0,10.0,1,10.0,0,0.00965483299999903
aco_current,10,7204,76,1,2,0.0,0.0,0.0,0.0,0.09907747060060501,False,False,0.0,0.0,0.0,[],10.0,10.0,1,10.0,0,0.00965483299999903
aco_current,10,7204,76,1,3,0.0,0.0,0.0,0.0,0.43936213850975037,False,False,0.0,0.0,0.0,[],10.0,10.0,1,10.0,0,0.00965483299999903
aco_current,10,7204,76,1,4,0.0,0.0,0.0,0.0,0.20313307642936707,False,False,0.0,0.0,0.0,[],10.0,10.0,1,10.0,0,0.00965483299999903
aco_current,10,7205,76,1,1,19.0,139.0,158.0,0.79,0.9998663067817688,False,False,0.0,158.0,0.0,[],0.0,0.0,0,0.0,0,3.500000005374204e-06
aco_current,10,7205,76,1,2,0.0,0.0,0.0,0.0,0.09907747060060501,False,False,0.0,0.0,0.0,[],0.0,0.0,0,0.0,0,3.500000005374204e-06
aco_current,10,7205,76,1,3,0.0,0.0,0.0,0.0,0.43936213850975037,False,False,0.0,0.0,0.0,[],0.0,0.0,0,0.0,0,3.500000005374204e-06
aco_current,10,7205,76,1,4,0.0,0.0,0.0,0.0,0.20313307642936707,False,False,0.0,0.0,0.0,[],0.0,0.0,0,0.0,0,3.500000005374204e-06
aco_current,10,7206,76,1,1,35.0,158.0,193.0,0.965,1.0,True,True,30.0,163.0,0.0,[1],10.0,10.0,1,10.0,0,0.009831000000005474
aco_current,10,7206,76,1,2,0.0,0.0,0.0,0.0,0.09907747060060501,False,False,0.0,0.0,0.0,[],10.0,10.0,1,10.0,0,0.009831000000005474
aco_current,10,7206,76,1,3,0.0,0.0,0.0,0.0,0.43936213850975037,False,False,0.0,0.0,0.0,[],10.0,10.0,1,10.0,0,0.009831000000005474
aco_current,10,7206,76,1,4,0.0,0.0,0.0,0.0,0.20313307642936707,False,False,0.0,0.0,0.0,[],10.0,10.0,1,10.0,0,0.009831000000005474
aco_current,10,7207,76,1,1,36.0,163.0,199.0,0.995,1.0,True,True,30.0,169.0,0.0,[1],10.0,10.0,1,10.0,0,0.009663165999995726
aco_current,10,7207,76,1,2,0.0,0.0,0.0,0.0,0.09907747060060501,False,False,0.0,0.0,0.0,[],10.0,10.0,1,10.0,0,0.009663165999995726
aco_current,10,7207,76,1,3,0.0,0.0,0.0,0.0,0.43936213850975037,False,False,0.0,0.0,0.0,[],10.0,10.0,1,10.0,0,0.009663165999995726
aco_current,10,7207,76,1,4,0.0,0.0,0.0,0.0,0.20313307642936707,False,False,0.0,0.0,0.0,[],10.0,10.0,1,10.0,0,0.009663165999995726
aco_current,10,7208,76,2,1,35.0,169.0,204.0,1.02,1.0,True,True,30.0,174.0,0.0,[1],10.0,10.0,1,10.0,0,0.00987324999999828
aco_current,10,7208,76,2,2,0.0,0.0,0.0,0.0,0.09907747060060501,False,False,0.0,0.0,0.0,[],10.0,10.0,1,10.0,0,0.00987324999999828
aco_current,10,7208,76,2,3,0.0,0.0,0.0,0.0,0.43936213850975037,False,False,0.0,0.0,0.0,[],10.0,10.0,1,10.0,0,0.00987324999999828
aco_current,10,7208,76,2,4,0.0,0.0,0.0,0.0,0.20313307642936707,False,False,0.0,0.0,0.0,[],10.0,10.0,1,10.0,0,0.00987324999999828
aco_current,10,7209,76,2,1,36.0,174.0,210.0,1.05,1.0,True,True,30.0,180.0,0.0,[1],10.0,10.0,1,10.0,0,0.009588832999995134
aco_current,10,7209,76,2,2,0.0,0.0,0.0,0.0,0.09907747060060501,False,False,0.0,0.0,0.0,[],10.0,10.0,1,10.0,0,0.009588832999995134
aco_current,10,7209,76,2,3,0.0,0.0,0.0,0.0,0.43936213850975037,False,False,0.0,0.0,0.0,[],10.0,10.0,1,10.0,0,0.009588832999995134
aco_current,10,7209,76,2,4,0.0,0.0,0.0,0.0,0.20313307642936707,False,False,0.0,0.0,0.0,[],10.0,10.0,1,10.0,0,0.009588832999995134
aco_current,10,7210,76,2,1,36.0,180.0,216.0,1.08,1.0,True,True,30.0,186.0,0.0,[1],10.0,10.0,1,10.0,0,0.009927250000004051
aco_current,10,7210,76,2,2,0.0,0.0,0.0,0.0,0.09907747060060501,False,False,0.0,0.0,0.0,[],10.0,10.0,1,10.0,0,0.009927250000004051
aco_current,10,7210,76,2,3,0.0,0.0,0.0,0.0,0.43936213850975037,False,False,0.0,0.0,0.0,[],10.0,10.0,1,10.0,0,0.009927250000004051
aco_current,10,7210,76,2,4,0.0,0.0,0.0,0.0,0.20313307642936707,False,False,0.0,0.0,0.0,[],10.0,10.0,1,10.0,0,0.009927250000004051
aco_current,10,7211,76,2,1,34.0,186.0,220.0,1.1,1.0,True,True,30.0,190.0,0.0,[1],10.0,10.0,1,10.0,0,0.009689792000003195
aco_current,10,7211,76,2,2,0.0,0.0,0.0,0.0,0.09907747060060501,False,False,0.0,0.0,0.0,[],10.0,10.0,1,10.0,0,0.009689792000003195
aco_current,10,7211,76,2,3,0.0,0.0,0.0,0.0,0.43936213850975037,False,False,0.0,0.0,0.0,[],10.0,10.0,1,10.0,0,0.009689792000003195
aco_current,10,7211,76,2,4,0.0,0.0,0.0,0.0,0.20313307642936707,False,False,0.0,0.0,0.0,[],10.0,10.0,1,10.0,0,0.009689792000003195
aco_current,10,7212,76,3,1,36.0,190.0,226.0,1.13,1.0,True,True,30.0,196.0,0.0,[1],10.0,10.0,1,10.0,0,0.009833499999999162
aco_current,10,7212,76,3,2,0.0,0.0,0.0,0.0,0.09907747060060501,False,False,0.0,0.0,0.0,[],10.0,10.0,1,10.0,0,0.009833499999999162
aco_current,10,7212,76,3,3,0.0,0.0,0.0,0.0,0.43936213850975037,False,False,0.0,0.0,0.0,[],10.0,10.0,1,10.0,0,0.009833499999999162
aco_current,10,7212,76,3,4,0.0,0.0,0.0,0.0,0.20313307642936707,False,False,0.0,0.0,0.0,[],10.0,10.0,1,10.0,0,0.009833499999999162
aco_current,10,7213,76,3,1,36.0,196.0,232.0,1.16,1.0,True,True,30.0,200.0,2.0,[1],10.0,10.0,1,10.0,0,0.009736166999999796
aco_current,10,7213,76,3,2,0.0,0.0,0.0,0.0,0.09907747060060501,False,False,0.0,0.0,0.0,[],10.0,10.0,1,10.0,0,0.009736166999999796
aco_current,10,7213,76,3,3,0.0,0.0,0.0,0.0,0.43936213850975037,False,False,0.0,0.0,0.0,[],10.0,10.0,1,10.0,0,0.009736166999999796
aco_current,10,7213,76,3,4,0.0,0.0,0.0,0.0,0.20313307642936707,False,False,0.0,0.0,0.0,[],10.0,10.0,1,10.0,0,0.009736166999999796
aco_current,10,7214,76,3,1,37.0,200.0,237.0,1.185,1.0,True,True,30.0,200.0,7.0,[1],10.0,10.0,1,10.0,0,0.009766999999996528
aco_current,10,7214,76,3,2,0.0,0.0,0.0,0.0,0.09907747060060501,False,False,0.0,0.0,0.0,[],10.0,10.0,1,10.0,0,0.009766999999996528
aco_current,10,7214,76,3,3,0.0,0.0,0.0,0.0,0.43936213850975037,False,False,0.0,0.0,0.0,[],10.0,10.0,1,10.0,0,0.009766999999996528
aco_current,10,7214,76,3,4,0.0,0.0,0.0,0.0,0.20313307642936707,False,False,0.0,0.0,0.0,[],10.0,10.0,1,10.0,0,0.009766999999996528
aco_current,10,7215,76,3,1,37.0,200.0,237.0,1.185,1.0,True,True,30.0,200.0,7.0,[1],10.0,10.0,1,10.0,0,0.009867916999994009
aco_current,10,7215,76,3,2,0.0,0.0,0.0,0.0,0.09907747060060501,False,False,0.0,0.0,0.0,[],10.0,10.0,1,10.0,0,0.009867916999994009
aco_current,10,7215,76,3,3,0.0,0.0,0.0,0.0,0.43936213850975037,False,False,0.0,0.0,0.0,[],10.0,10.0,1,10.0,0,0.009867916999994009
aco_current,10,7215,76,3,4,0.0,0.0,0.0,0.0,0.20313307642936707,False,False,0.0,0.0,0.0,[],10.0,10.0,1,10.0,0,0.009867916999994009
aco_current,10,7216,76,4,1,37.0,200.0,237.0,1.185,1.0,True,True,30.0,200.0,7.0,[1],10.0,10.0,1,10.0,0,0.009871124999989433
aco_current,10,7216,76,4,2,0.0,0.0,0.0,0.0,0.09907747060060501,False,False,0.0,0.0,0.0,[],10.0,10.0,1,10.0,0,0.009871124999989433
aco_current,10,7216,76,4,3,0.0,0.0,0.0,0.0,0.43936213850975037,False,False,0.0,0.0,0.0,[],10.0,10.0,1,10.0,0,0.009871124999989433
aco_current,10,7216,76,4,4,0.0,0.0,0.0,0.0,0.20313307642936707,False,False,0.0,0.0,0.0,[],10.0,10.0,1,10.0,0,0.009871124999989433
aco_current,10,7217,76,4,1,38.0,200.0,238.0,1.19,1.0,True,True,30.0,200.0,8.0,[1],10.0,10.0,1,10.0,0,0.009698791999994683
aco_current,10,7217,76,4,2,0.0,0.0,0.0,0.0,0.09907747060060501,False,False,0.0,0.0,0.0,[],10.0,10.0,1,10.0,0,0.009698791999994683
aco_current,10,7217,76,4,3,0.0,0.0,0.0,0.0,0.43936213850975037,False,False,0.0,0.0,0.0,[],10.0,10.0,1,10.0,0,0.009698791999994683
aco_current,10,7217,76,4,4,0.0,0.0,0.0,0.0,0.20313307642936707,False,False,0.0,0.0,0.0,[],10.0,10.0,1,10.0,0,0.009698791999994683
aco_current,10,7218,76,4,1,49.0,200.0,249.0,1.245,1.0,True,True,30.0,200.0,19.0,[1],10.0,10.0,1,10.0,0,0.009609957999998642
aco_current,10,7218,76,4,2,0.0,0.0,0.0,0.0,0.09907747060060501,False,False,0.0,0.0,0.0,[],10.0,10.0,1,10.0,0,0.009609957999998642
aco_current,10,7218,76,4,3,0.0,0.0,0.0,0.0,0.43936213850975037,False,False,0.0,0.0,0.0,[],10.0,10.0,1,10.0,0,0.009609957999998642
aco_current,10,7218,76,4,4,0.0,0.0,0.0,0.0,0.20313307642936707,False,False,0.0,0.0,0.0,[],10.0,10.0,1,10.0,0,0.009609957999998642
aco_current,10,7219,76,4,1,52.0,200.0,252.0,1.26,1.0,True,True,30.0,200.0,22.0,[1],10.0,10.0,1,10.0,0,0.009735708000008003
aco_current,10,7219,76,4,2,0.0,0.0,0.0,0.0,0.09907747060060501,False,False,0.0,0.0,0.0,[],10.0,10.0,1,10.0,0,0.009735708000008003
aco_current,10,7219,76,4,3,0.0,0.0,0.0,0.0,0.43936213850975037,False,False,0.0,0.0,0.0,[],10.0,10.0,1,10.0,0,0.009735708000008003
aco_current,10,7219,76,4,4,0.0,0.0,0.0,0.0,0.20313307642936707,False,False,0.0,0.0,0.0,[],10.0,10.0,1,10.0,0,0.009735708000008003
aco_current,10,7220,76,5,1,59.0,200.0,259.0,1.295,1.0,True,True,30.0,200.0,29.0,[1],10.0,10.0,1,10.0,0,0.00965058299999555
aco_current,10,7220,76,5,2,0.0,0.0,0.0,0.0,0.09907747060060501,False,False,0.0,0.0,0.0,[],10.0,10.0,1,10.0,0,0.00965058299999555
aco_current,10,7220,76,5,3,0.0,0.0,0.0,0.0,0.43936213850975037,False,False,0.0,0.0,0.0,[],10.0,10.0,1,10.0,0,0.00965058299999555
aco_current,10,7220,76,5,4,0.0,0.0,0.0,0.0,0.20313307642936707,False,False,0.0,0.0,0.0,[],10.0,10.0,1,10.0,0,0.00965058299999555
aco_current,10,7221,76,5,1,56.0,200.0,256.0,1.28,1.0,True,True,30.0,200.0,26.0,[1],10.0,10.0,1,10.0,0,0.009750957999997922
aco_current,10,7221,76,5,2,0.0,0.0,0.0,0.0,0.09907747060060501,False,False,0.0,0.0,0.0,[],10.0,10.0,1,10.0,0,0.009750957999997922
aco_current,10,7221,76,5,3,0.0,0.0,0.0,0.0,0.43936213850975037,False,False,0.0,0.0,0.0,[],10.0,10.0,1,10.0,0,0.009750957999997922
aco_current,10,7221,76,5,4,0.0,0.0,0.0,0.0,0.20313307642936707,False,False,0.0,0.0,0.0,[],10.0,10.0,1,10.0,0,0.009750957999997922
aco_current,10,7222,76,5,1,64.0,200.0,264.0,1.32,1.0,True,True,30.0,200.0,34.0,[1],10.0,10.0,1,10.0,0,0.00943562500000894
aco_current,10,7222,76,5,2,0.0,0.0,0.0,0.0,0.09907747060060501,False,False,0.0,0.0,0.0,[],10.0,10.0,1,10.0,0,0.00943562500000894
aco_current,10,7222,76,5,3,0.0,0.0,0.0,0.0,0.43936213850975037,False,False,0.0,0.0,0.0,[],10.0,10.0,1,10.0,0,0.00943562500000894
aco_current,10,7222,76,5,4,0.0,0.0,0.0,0.0,0.20313307642936707,False,False,0.0,0.0,0.0,[],10.0,10.0,1,10.0,0,0.00943562500000894
aco_current,10,7223,76,5,1,84.0,200.0,284.0,1.42,1.0,True,True,30.0,200.0,54.0,[1],10.0,10.0,1,10.0,0,0.009759707999990042
aco_current,10,7223,76,5,2,0.0,0.0,0.0,0.0,0.09907747060060501,False,False,0.0,0.0,0.0,[],10.0,10.0,1,10.0,0,0.009759707999990042
aco_current,10,7223,76,5,3,0.0,0.0,0.0,0.0,0.43936213850975037,False,False,0.0,0.0,0.0,[],10.0,10.0,1,10.0,0,0.009759707999990042
aco_current,10,7223,76,5,4,0.0,0.0,0.0,0.0,0.20313307642936707,False,False,0.0,0.0,0.0,[],10.0,10.0,1,10.0,0,0.009759707999990042
aco_current,10,7224,76,6,1,86.0,200.0,286.0,1.43,1.0,True,True,30.0,200.0,56.0,[1],10.0,10.0,1,10.0,0,0.009852042000005667
aco_current,10,7224,76,6,2,0.0,0.0,0.0,0.0,0.09907747060060501,False,False,0.0,0.0,0.0,[],10.0,10.0,1,10.0,0,0.009852042000005667
aco_current,10,7224,76,6,3,0.0,0.0,0.0,0.0,0.43936213850975037,False,False,0.0,0.0,0.0,[],10.0,10.0,1,10.0,0,0.009852042000005667
aco_current,10,7224,76,6,4,0.0,0.0,0.0,0.0,0.20313307642936707,False,False,0.0,0.0,0.0,[],10.0,10.0,1,10.0,0,0.009852042000005667
aco_current,10,7225,76,6,1,78.0,200.0,278.0,1.39,1.0,True,True,30.0,200.0,48.0,[1],10.0,10.0,1,10.0,0,0.009653249999999503
aco_current,10,7225,76,6,2,0.0,0.0,0.0,0.0,0.09907747060060501,False,False,0.0,0.0,0.0,[],10.0,10.0,1,10.0,0,0.009653249999999503
aco_current,10,7225,76,6,3,0.0,0.0,0.0,0.0,0.43936213850975037,False,False,0.0,0.0,0.0,[],10.0,10.0,1,10.0,0,0.009653249999999503
aco_current,10,7225,76,6,4,0.0,0.0,0.0,0.0,0.20313307642936707,False,False,0.0,0.0,0.0,[],10.0,10.0,1,10.0,0,0.009653249999999503
aco_current,10,7226,76,6,1,66.0,200.0,266.0,1.33,1.0,True,True,30.0,200.0,36.0,[1],10.0,10.0,1,10.0,0,0.00950824999999611
aco_current,10,7226,76,6,2,0.0,0.0,0.0,0.0,0.09907747060060501,False,False,0.0,0.0,0.0,[],10.0,10.0,1,10.0,0,0.00950824999999611
aco_current,10,7226,76,6,3,0.0,0.0,0.0,0.0,0.43936213850975037,False,False,0.0,0.0,0.0,[],10.0,10.0,1,10.0,0,0.00950824999999611
aco_current,10,7226,76,6,4,0.0,0.0,0.0,0.0,0.20313307642936707,False,False,0.0,0.0,0.0,[],10.0,10.0,1,10.0,0,0.00950824999999611
aco_current,10,7227,76,6,1,59.0,200.0,259.0,1.295,1.0,True,True,30.0,200.0,29.0,[1],10.0,10.0,1,10.0,0,0.009640500000003271
aco_current,10,7227,76,6,2,0.0,0.0,0.0,0.0,0.09907747060060501,False,False,0.0,0.0,0.0,[],10.0,10.0,1,10.0,0,0.009640500000003271
aco_current,10,7227,76,6,3,0.0,0.0,0.0,0.0,0.43936213850975037,False,False,0.0,0.0,0.0,[],10.0,10.0,1,10.0,0,0.009640500000003271
aco_current,10,7227,76,6,4,0.0,0.0,0.0,0.0,0.20313307642936707,False,False,0.0,0.0,0.0,[],10.0,10.0,1,10.0,0,0.009640500000003271
aco_current,10,7228,76,7,1,54.0,200.0,254.0,1.27,1.0,True,True,30.0,200.0,24.0,[1],10.0,10.0,1,10.0,0,0.010596083000010026
aco_current,10,7228,76,7,2,0.0,0.0,0.0,0.0,0.09907747060060501,False,False,0.0,0.0,0.0,[],10.0,10.0,1,10.0,0,0.010596083000010026
aco_current,10,7228,76,7,3,0.0,0.0,0.0,0.0,0.43936213850975037,False,False,0.0,0.0,0.0,[],10.0,10.0,1,10.0,0,0.010596083000010026
aco_current,10,7228,76,7,4,0.0,0.0,0.0,0.0,0.20313307642936707,False,False,0.0,0.0,0.0,[],10.0,10.0,1,10.0,0,0.010596083000010026
aco_current,10,7229,76,7,1,56.0,200.0,256.0,1.28,1.0,True,True,30.0,200.0,26.0,[1],10.0,10.0,1,10.0,0,0.010600417000006246
aco_current,10,7229,76,7,2,0.0,0.0,0.0,0.0,0.09907747060060501,False,False,0.0,0.0,0.0,[],10.0,10.0,1,10.0,0,0.010600417000006246
aco_current,10,7229,76,7,3,0.0,0.0,0.0,0.0,0.43936213850975037,False,False,0.0,0.0,0.0,[],10.0,10.0,1,10.0,0,0.010600417000006246
aco_current,10,7229,76,7,4,0.0,0.0,0.0,0.0,0.20313307642936707,False,False,0.0,0.0,0.0,[],10.0,10.0,1,10.0,0,0.010600417000006246
aco_current,10,7230,76,7,1,54.0,200.0,254.0,1.27,1.0,True,True,30.0,200.0,24.0,[1],10.0,10.0,1,10.0,0,0.010648000000003321
aco_current,10,7230,76,7,2,0.0,0.0,0.0,0.0,0.09907747060060501,False,False,0.0,0.0,0.0,[],10.0,10.0,1,10.0,0,0.010648000000003321
aco_current,10,7230,76,7,3,0.0,0.0,0.0,0.0,0.43936213850975037,False,False,0.0,0.0,0.0,[],10.0,10.0,1,10.0,0,0.010648000000003321
aco_current,10,7230,76,7,4,0.0,0.0,0.0,0.0,0.20313307642936707,False,False,0.0,0.0,0.0,[],10.0,10.0,1,10.0,0,0.010648000000003321
aco_current,10,7231,76,7,1,54.0,200.0,254.0,1.27,1.0,True,True,30.0,200.0,24.0,[1],10.0,10.0,1,10.0,0,0.009987959000000046
aco_current,10,7231,76,7,2,0.0,0.0,0.0,0.0,0.09907747060060501,False,False,0.0,0.0,0.0,[],10.0,10.0,1,10.0,0,0.009987959000000046
aco_current,10,7231,76,7,3,0.0,0.0,0.0,0.0,0.43936213850975037,False,False,0.0,0.0,0.0,[],10.0,10.0,1,10.0,0,0.009987959000000046
aco_current,10,7231,76,7,4,0.0,0.0,0.0,0.0,0.20313307642936707,False,False,0.0,0.0,0.0,[],10.0,10.0,1,10.0,0,0.009987959000000046
aco_current,10,7232,76,8,1,57.0,200.0,257.0,1.285,1.0,True,True,30.0,200.0,27.0,[1],10.0,10.0,1,10.0,0,0.009694166000002724
aco_current,10,7232,76,8,2,0.0,0.0,0.0,0.0,0.09907747060060501,False,False,0.0,0.0,0.0,[],10.0,10.0,1,10.0,0,0.009694166000002724
aco_current,10,7232,76,8,3,0.0,0.0,0.0,0.0,0.43936213850975037,False,False,0.0,0.0,0.0,[],10.0,10.0,1,10.0,0,0.009694166000002724
aco_current,10,7232,76,8,4,0.0,0.0,0.0,0.0,0.20313307642936707,False,False,0.0,0.0,0.0,[],10.0,10.0,1,10.0,0,0.009694166000002724
aco_current,10,7233,76,8,1,55.0,200.0,255.0,1.275,1.0,True,True,30.0,200.0,25.0,[1],10.0,10.0,1,10.0,0,0.009983125000005089
aco_current,10,7233,76,8,2,0.0,0.0,0.0,0.0,0.09907747060060501,False,False,0.0,0.0,0.0,[],10.0,10.0,1,10.0,0,0.009983125000005089
aco_current,10,7233,76,8,3,0.0,0.0,0.0,0.0,0.43936213850975037,False,False,0.0,0.0,0.0,[],10.0,10.0,1,10.0,0,0.009983125000005089
aco_current,10,7233,76,8,4,0.0,0.0,0.0,0.0,0.20313307642936707,False,False,0.0,0.0,0.0,[],10.0,10.0,1,10.0,0,0.009983125000005089
aco_current,10,7234,76,8,1,54.0,200.0,254.0,1.27,1.0,True,True,30.0,200.0,24.0,[1],10.0,10.0,1,10.0,0,0.010229792000004068
aco_current,10,7234,76,8,2,0.0,0.0,0.0,0.0,0.09907747060060501,False,False,0.0,0.0,0.0,[],10.0,10.0,1,10.0,0,0.010229792000004068
aco_current,10,7234,76,8,3,0.0,0.0,0.0,0.0,0.43936213850975037,False,False,0.0,0.0,0.0,[],10.0,10.0,1,10.0,0,0.010229792000004068
aco_current,10,7234,76,8,4,0.0,0.0,0.0,0.0,0.20313307642936707,False,False,0.0,0.0,0.0,[],10.0,10.0,1,10.0,0,0.010229792000004068
aco_current,10,7235,76,8,1,55.0,200.0,255.0,1.275,1.0,True,True,30.0,200.0,25.0,[1],10.0,10.0,1,10.0,0,0.010330833999987021
aco_current,10,7235,76,8,2,0.0,0.0,0.0,0.0,0.09907747060060501,False,False,0.0,0.0,0.0,[],10.0,10.0,1,10.0,0,0.010330833999987021
aco_current,10,7235,76,8,3,0.0,0.0,0.0,0.0,0.43936213850975037,False,False,0.0,0.0,0.0,[],10.0,10.0,1,10.0,0,0.010330833999987021
aco_current,10,7235,76,8,4,0.0,0.0,0.0,0.0,0.20313307642936707,False,False,0.0,0.0,0.0,[],10.0,10.0,1,10.0,0,0.010330833999987021
aco_current,10,7236,76,9,1,50.0,200.0,250.0,1.25,1.0,True,True,30.0,200.0,20.0,[1],10.0,10.0,1,10.0,0,0.010232874999999808
aco_current,10,7236,76,9,2,0.0,0.0,0.0,0.0,0.09907747060060501,False,False,0.0,0.0,0.0,[],10.0,10.0,1,10.0,0,0.010232874999999808
aco_current,10,7236,76,9,3,0.0,0.0,0.0,0.0,0.43936213850975037,False,False,0.0,0.0,0.0,[],10.0,10.0,1,10.0,0,0.010232874999999808
aco_current,10,7236,76,9,4,0.0,0.0,0.0,0.0,0.20313307642936707,False,False,0.0,0.0,0.0,[],10.0,10.0,1,10.0,0,0.010232874999999808
aco_current,10,7237,76,9,1,45.0,200.0,245.0,1.225,1.0,True,True,30.0,200.0,15.0,[1],10.0,10.0,1,10.0,0,0.010188958000000525
aco_current,10,7237,76,9,2,0.0,0.0,0.0,0.0,0.09907747060060501,False,False,0.0,0.0,0.0,[],10.0,10.0,1,10.0,0,0.010188958000000525
aco_current,10,7237,76,9,3,0.0,0.0,0.0,0.0,0.43936213850975037,False,False,0.0,0.0,0.0,[],10.0,10.0,1,10.0,0,0.010188958000000525
aco_current,10,7237,76,9,4,0.0,0.0,0.0,0.0,0.20313307642936707,False,False,0.0,0.0,0.0,[],10.0,10.0,1,10.0,0,0.010188958000000525
aco_current,10,7238,76,9,1,45.0,200.0,245.0,1.225,1.0,True,True,30.0,200.0,15.0,[1],10.0,10.0,1,10.0,0,0.010145917000002669
aco_current,10,7238,76,9,2,0.0,0.0,0.0,0.0,0.09907747060060501,False,False,0.0,0.0,0.0,[],10.0,10.0,1,10.0,0,0.010145917000002669
aco_current,10,7238,76,9,3,0.0,0.0,0.0,0.0,0.43936213850975037,False,False,0.0,0.0,0.0,[],10.0,10.0,1,10.0,0,0.010145917000002669
aco_current,10,7238,76,9,4,0.0,0.0,0.0,0.0,0.20313307642936707,False,False,0.0,0.0,0.0,[],10.0,10.0,1,10.0,0,0.010145917000002669
aco_current,10,7239,76,9,1,38.0,200.0,238.0,1.19,1.0,True,True,30.0,200.0,8.0,[1],10.0,10.0,1,10.0,0,0.009928957999989052
aco_current,10,7239,76,9,2,0.0,0.0,0.0,0.0,0.09907747060060501,False,False,0.0,0.0,0.0,[],10.0,10.0,1,10.0,0,0.009928957999989052
aco_current,10,7239,76,9,3,0.0,0.0,0.0,0.0,0.43936213850975037,False,False,0.0,0.0,0.0,[],10.0,10.0,1,10.0,0,0.009928957999989052
aco_current,10,7239,76,9,4,0.0,0.0,0.0,0.0,0.20313307642936707,False,False,0.0,0.0,0.0,[],10.0,10.0,1,10.0,0,0.009928957999989052
aco_current,10,7240,76,10,1,32.0,200.0,232.0,1.16,1.0,True,True,30.0,200.0,2.0,[1],10.0,10.0,1,10.0,0,0.010122292000005473
aco_current,10,7240,76,10,2,0.0,0.0,0.0,0.0,0.09907747060060501,False,False,0.0,0.0,0.0,[],10.0,10.0,1,10.0,0,0.010122292000005473
aco_current,10,7240,76,10,3,0.0,0.0,0.0,0.0,0.43936213850975037,False,False,0.0,0.0,0.0,[],10.0,10.0,1,10.0,0,0.010122292000005473
aco_current,10,7240,76,10,4,0.0,0.0,0.0,0.0,0.20313307642936707,False,False,0.0,0.0,0.0,[],10.0,10.0,1,10.0,0,0.010122292000005473
aco_current,10,7241,76,10,1,24.0,200.0,224.0,1.12,1.0,True,True,30.0,194.0,0.0,[1],10.0,10.0,1,10.0,0,0.009960291999988158
aco_current,10,7241,76,10,2,0.0,0.0,0.0,0.0,0.09907747060060501,False,False,0.0,0.0,0.0,[],10.0,10.0,1,10.0,0,0.009960291999988158
aco_current,10,7241,76,10,3,0.0,0.0,0.0,0.0,0.43936213850975037,False,False,0.0,0.0,0.0,[],10.0,10.0,1,10.0,0,0.009960291999988158
aco_current,10,7241,76,10,4,0.0,0.0,0.0,0.0,0.20313307642936707,False,False,0.0,0.0,0.0,[],10.0,10.0,1,10.0,0,0.009960291999988158
aco_current,10,7242,76,10,1,20.0,194.0,214.0,1.07,1.0,True,True,30.0,184.0,0.0,[1],10.0,10.0,1,10.0,0,0.010139834000000292
aco_current,10,7242,76,10,2,0.0,0.0,0.0,0.0,0.09907747060060501,False,False,0.0,0.0,0.0,[],10.0,10.0,1,10.0,0,0.010139834000000292
aco_current,10,7242,76,10,3,0.0,0.0,0.0,0.0,0.43936213850975037,False,False,0.0,0.0,0.0,[],10.0,10.0,1,10.0,0,0.010139834000000292
aco_current,10,7242,76,10,4,0.0,0.0,0.0,0.0,0.20313307642936707,False,False,0.0,0.0,0.0,[],10.0,10.0,1,10.0,0,0.010139834000000292
aco_current,10,7243,76,10,1,20.0,184.0,204.0,1.02,1.0,True,True,30.0,174.0,0.0,[1],10.0,10.0,1,10.0,0,0.013529709000010826
aco_current,10,7243,76,10,2,0.0,0.0,0.0,0.0,0.09907747060060501,False,False,0.0,0.0,0.0,[],10.0,10.0,1,10.0,0,0.013529709000010826
aco_current,10,7243,76,10,3,0.0,0.0,0.0,0.0,0.43936213850975037,False,False,0.0,0.0,0.0,[],10.0,10.0,1,10.0,0,0.013529709000010826
aco_current,10,7243,76,10,4,0.0,0.0,0.0,0.0,0.20313307642936707,False,False,0.0,0.0,0.0,[],10.0,10.0,1,10.0,0,0.013529709000010826
aco_current,10,7244,76,11,1,21.0,174.0,195.0,0.975,1.0,True,True,30.0,165.0,0.0,[1],10.0,10.0,1,10.0,0,0.012571583999999802
aco_current,10,7244,76,11,2,0.0,0.0,0.0,0.0,0.09907747060060501,False,False,0.0,0.0,0.0,[],10.0,10.0,1,10.0,0,0.012571583999999802
aco_current,10,7244,76,11,3,0.0,0.0,0.0,0.0,0.43936213850975037,False,False,0.0,0.0,0.0,[],10.0,10.0,1,10.0,0,0.012571583999999802
aco_current,10,7244,76,11,4,0.0,0.0,0.0,0.0,0.20313307642936707,False,False,0.0,0.0,0.0,[],10.0,10.0,1,10.0,0,0.012571583999999802
aco_current,10,7245,76,11,1,20.0,165.0,185.0,0.925,0.9999999403953552,True,True,30.0,155.0,0.0,[1],10.0,10.0,1,10.0,0,0.0114288749999929
aco_current,10,7245,76,11,2,0.0,0.0,0.0,0.0,0.09907747060060501,False,False,0.0,0.0,0.0,[],10.0,10.0,1,10.0,0,0.0114288749999929
aco_current,10,7245,76,11,3,0.0,0.0,0.0,0.0,0.43936213850975037,False,False,0.0,0.0,0.0,[],10.0,10.0,1,10.0,0,0.0114288749999929
aco_current,10,7245,76,11,4,0.0,0.0,0.0,0.0,0.20313307642936707,False,False,0.0,0.0,0.0,[],10.0,10.0,1,10.0,0,0.0114288749999929
aco_current,10,7246,76,11,1,20.0,155.0,175.0,0.875,0.9999988675117493,True,True,30.0,145.0,0.0,[1],10.0,10.0,1,10.0,0,0.010433665999997288
aco_current,10,7246,76,11,2,0.0,0.0,0.0,0.0,0.09907747060060501,False,False,0.0,0.0,0.0,[],10.0,10.0,1,10.0,0,0.010433665999997288
aco_current,10,7246,76,11,3,0.0,0.0,0.0,0.0,0.43936213850975037,False,False,0.0,0.0,0.0,[],10.0,10.0,1,10.0,0,0.010433665999997288
aco_current,10,7246,76,11,4,0.0,0.0,0.0,0.0,0.20313307642936707,False,False,0.0,0.0,0.0,[],10.0,10.0,1,10.0,0,0.010433665999997288
aco_current,10,7247,76,11,1,21.0,145.0,166.0,0.83,0.9999917149543762,True,True,30.0,136.0,0.0,[1],10.0,10.0,1,10.0,0,0.010287790999996105
aco_current,10,7247,76,11,2,0.0,0.0,0.0,0.0,0.09907747060060501,False,False,0.0,0.0,0.0,[],10.0,10.0,1,10.0,0,0.010287790999996105
aco_current,10,7247,76,11,3,0.0,0.0,0.0,0.0,0.43936213850975037,False,False,0.0,0.0,0.0,[],10.0,10.0,1,10.0,0,0.010287790999996105
aco_current,10,7247,76,11,4,0.0,0.0,0.0,0.0,0.20313307642936707,False,False,0.0,0.0,0.0,[],10.0,10.0,1,10.0,0,0.010287790999996105
aco_current,10,7248,76,12,1,5.0,136.0,141.0,0.705,0.7073729038238525,False,False,0.0,141.0,0.0,[],0.0,0.0,0,0.0,0,3.2920000023750617e-06
aco_current,10,7248,76,12,2,0.0,0.0,0.0,0.0,0.09907747060060501,False,False,0.0,0.0,0.0,[],0.0,0.0,0,0.0,0,3.2920000023750617e-06
aco_current,10,7248,76,12,3,0.0,0.0,0.0,0.0,0.43936213850975037,False,False,0.0,0.0,0.0,[],0.0,0.0,0,0.0,0,3.2920000023750617e-06
aco_current,10,7248,76,12,4,0.0,0.0,0.0,0.0,0.20313307642936707,False,False,0.0,0.0,0.0,[],0.0,0.0,0,0.0,0,3.2920000023750617e-06
aco_current,10,7249,76,12,1,0.0,141.0,141.0,0.705,0.13837099075317383,False,False,0.0,141.0,0.0,[],0.0,0.0,0,0.0,0,3.415999998424013e-06
aco_current,10,7249,76,12,2,0.0,0.0,0.0,0.0,0.09907747060060501,False,False,0.0,0.0,0.0,[],0.0,0.0,0,0.0,0,3.415999998424013e-06
aco_current,10,7249,76,12,3,0.0,0.0,0.0,0.0,0.43936213850975037,False,False,0.0,0.0,0.0,[],0.0,0.0,0,0.0,0,3.415999998424013e-06
aco_current,10,7249,76,12,4,0.0,0.0,0.0,0.0,0.20313307642936707,False,False,0.0,0.0,0.0,[],0.0,0.0,0,0.0,0,3.415999998424013e-06
aco_current,10,7250,76,12,1,0.0,141.0,141.0,0.705,0.16554008424282074,False,False,0.0,141.0,0.0,[],0.0,0.0,0,0.0,0,2.250000008530151e-06
aco_current,10,7250,76,12,2,0.0,0.0,0.0,0.0,0.09907747060060501,False,False,0.0,0.0,0.0,[],0.0,0.0,0,0.0,0,2.250000008530151e-06
aco_current,10,7250,76,12,3,0.0,0.0,0.0,0.0,0.43936213850975037,False,False,0.0,0.0,0.0,[],0.0,0.0,0,0.0,0,2.250000008530151e-06
aco_current,10,7250,76,12,4,0.0,0.0,0.0,0.0,0.20313307642936707,False,False,0.0,0.0,0.0,[],0.0,0.0,0,0.0,0,2.250000008530151e-06
aco_current,10,7251,76,12,1,0.0,141.0,141.0,0.705,0.3291085958480835,False,False,0.0,141.0,0.0,[],0.0,0.0,0,0.0,0,3.8749999902165655e-06
aco_current,10,7251,76,12,2,0.0,0.0,0.0,0.0,0.09907747060060501,False,False,0.0,0.0,0.0,[],0.0,0.0,0,0.0,0,3.8749999902165655e-06
aco_current,10,7251,76,12,3,0.0,0.0,0.0,0.0,0.43936213850975037,False,False,0.0,0.0,0.0,[],0.0,0.0,0,0.0,0,3.8749999902165655e-06
aco_current,10,7251,76,12,4,0.0,0.0,0.0,0.0,0.20313307642936707,False,False,0.0,0.0,0.0,[],0.0,0.0,0,0.0,0,3.8749999902165655e-06
aco_current,10,7252,76,13,1,0.0,141.0,141.0,0.705,0.35197699069976807,False,False,0.0,141.0,0.0,[],0.0,0.0,0,0.0,0,2.3749999940037014e-06
aco_current,10,7252,76,13,2,0.0,0.0,0.0,0.0,0.09907747060060501,False,False,0.0,0.0,0.0,[],0.0,0.0,0,0.0,0,2.3749999940037014e-06
aco_current,10,7252,76,13,3,0.0,0.0,0.0,0.0,0.43936213850975037,False,False,0.0,0.0,0.0,[],0.0,0.0,0,0.0,0,2.3749999940037014e-06
aco_current,10,7252,76,13,4,0.0,0.0,0.0,0.0,0.20313307642936707,False,False,0.0,0.0,0.0,[],0.0,0.0,0,0.0,0,2.3749999940037014e-06
aco_current,10,7253,76,13,1,0.0,141.0,141.0,0.705,0.35197699069976807,False,False,0.0,141.0,0.0,[],0.0,0.0,0,0.0,0,3.0839999993759193e-06
aco_current,10,7253,76,13,2,0.0,0.0,0.0,0.0,0.09907747060060501,False,False,0.0,0.0,0.0,[],0.0,0.0,0,0.0,0,3.0839999993759193e-06
aco_current,10,7253,76,13,3,0.0,0.0,0.0,0.0,0.43936213850975037,False,False,0.0,0.0,0.0,[],0.0,0.0,0,0.0,0,3.0839999993759193e-06
aco_current,10,7253,76,13,4,0.0,0.0,0.0,0.0,0.20313307642936707,False,False,0.0,0.0,0.0,[],0.0,0.0,0,0.0,0,3.0839999993759193e-06
aco_current,10,7254,76,13,1,0.0,141.0,141.0,0.705,0.35197699069976807,False,False,0.0,141.0,0.0,[],0.0,0.0,0,0.0,0,3.000000006636583e-06
aco_current,10,7254,76,13,2,0.0,0.0,0.0,0.0,0.09907747060060501,False,False,0.0,0.0,0.0,[],0.0,0.0,0,0.0,0,3.000000006636583e-06
aco_current,10,7254,76,13,3,0.0,0.0,0.0,0.0,0.43936213850975037,False,False,0.0,0.0,0.0,[],0.0,0.0,0,0.0,0,3.000000006636583e-06
aco_current,10,7254,76,13,4,0.0,0.0,0.0,0.0,0.20313307642936707,False,False,0.0,0.0,0.0,[],0.0,0.0,0,0.0,0,3.000000006636583e-06
aco_current,10,7255,76,13,1,0.0,141.0,141.0,0.705,0.35197699069976807,False,False,0.0,141.0,0.0,[],0.0,0.0,0,0.0,0,2.207999997949628e-06
aco_current,10,7255,76,13,2,0.0,0.0,0.0,0.0,0.09907747060060501,False,False,0.0,0.0,0.0,[],0.0,0.0,0,0.0,0,2.207999997949628e-06
aco_current,10,7255,76,13,3,0.0,0.0,0.0,0.0,0.43936213850975037,False,False,0.0,0.0,0.0,[],0.0,0.0,0,0.0,0,2.207999997949628e-06
aco_current,10,7255,76,13,4,0.0,0.0,0.0,0.0,0.20313307642936707,False,False,0.0,0.0,0.0,[],0.0,0.0,0,0.0,0,2.207999997949628e-06
aco_current,10,7256,76,14,1,0.0,141.0,141.0,0.705,0.35197699069976807,False,False,0.0,141.0,0.0,[],0.0,0.0,0,0.0,0,3.332999995109276e-06
aco_current,10,7256,76,14,2,0.0,0.0,0.0,0.0,0.09907747060060501,False,False,0.0,0.0,0.0,[],0.0,0.0,0,0.0,0,3.332999995109276e-06
aco_current,10,7256,76,14,3,0.0,0.0,0.0,0.0,0.43936213850975037,False,False,0.0,0.0,0.0,[],0.0,0.0,0,0.0,0,3.332999995109276e-06
aco_current,10,7256,76,14,4,0.0,0.0,0.0,0.0,0.20313307642936707,False,False,0.0,0.0,0.0,[],0.0,0.0,0,0.0,0,3.332999995109276e-06
aco_current,10,7257,76,14,1,0.0,141.0,141.0,0.705,0.35197699069976807,False,False,0.0,141.0,0.0,[],0.0,0.0,0,0.0,0,2.8749999927413228e-06
aco_current,10,7257,76,14,2,0.0,0.0,0.0,0.0,0.09907747060060501,False,False,0.0,0.0,0.0,[],0.0,0.0,0,0.0,0,2.8749999927413228e-06
aco_current,10,7257,76,14,3,0.0,0.0,0.0,0.0,0.43936213850975037,False,False,0.0,0.0,0.0,[],0.0,0.0,0,0.0,0,2.8749999927413228e-06
aco_current,10,7257,76,14,4,0.0,0.0,0.0,0.0,0.20313307642936707,False,False,0.0,0.0,0.0,[],0.0,0.0,0,0.0,0,2.8749999927413228e-06
aco_current,10,7258,76,14,1,0.0,141.0,141.0,0.705,0.35197699069976807,False,False,0.0,141.0,0.0,[],0.0,0.0,0,0.0,0,4.082999993215708e-06
aco_current,10,7258,76,14,2,0.0,0.0,0.0,0.0,0.09907747060060501,False,False,0.0,0.0,0.0,[],0.0,0.0,0,0.0,0,4.082999993215708e-06
aco_current,10,7258,76,14,3,0.0,0.0,0.0,0.0,0.43936213850975037,False,False,0.0,0.0,0.0,[],0.0,0.0,0,0.0,0,4.082999993215708e-06
aco_current,10,7258,76,14,4,0.0,0.0,0.0,0.0,0.20313307642936707,False,False,0.0,0.0,0.0,[],0.0,0.0,0,0.0,0,4.082999993215708e-06
aco_current,10,7259,76,14,1,0.0,141.0,141.0,0.705,0.35197699069976807,False,False,0.0,141.0,0.0,[],0.0,0.0,0,0.0,0,2.7920000036374404e-06
aco_current,10,7259,76,14,2,0.0,0.0,0.0,0.0,0.09907747060060501,False,False,0.0,0.0,0.0,[],0.0,0.0,0,0.0,0,2.7920000036374404e-06
aco_current,10,7259,76,14,3,0.0,0.0,0.0,0.0,0.43936213850975037,False,False,0.0,0.0,0.0,[],0.0,0.0,0,0.0,0,2.7920000036374404e-06
aco_current,10,7259,76,14,4,0.0,0.0,0.0,0.0,0.20313307642936707,False,False,0.0,0.0,0.0,[],0.0,0.0,0,0.0,0,2.7920000036374404e-06
aco_current,10,7260,76,15,1,0.0,141.0,141.0,0.705,0.35197699069976807,False,False,0.0,141.0,0.0,[],0.0,0.0,0,0.0,0,3.1249999921101335e-06
aco_current,10,7260,76,15,2,0.0,0.0,0.0,0.0,0.09907747060060501,False,False,0.0,0.0,0.0,[],0.0,0.0,0,0.0,0,3.1249999921101335e-06
aco_current,10,7260,76,15,3,0.0,0.0,0.0,0.0,0.43936213850975037,False,False,0.0,0.0,0.0,[],0.0,0.0,0,0.0,0,3.1249999921101335e-06
aco_current,10,7260,76,15,4,0.0,0.0,0.0,0.0,0.20313307642936707,False,False,0.0,0.0,0.0,[],0.0,0.0,0,0.0,0,3.1249999921101335e-06
aco_current,10,7261,76,15,1,0.0,141.0,141.0,0.705,0.35197699069976807,False,False,0.0,141.0,0.0,[],0.0,0.0,0,0.0,0,2.8330000105825093e-06
aco_current,10,7261,76,15,2,0.0,0.0,0.0,0.0,0.09907747060060501,False,False,0.0,0.0,0.0,[],0.0,0.0,0,0.0,0,2.8330000105825093e-06
aco_current,10,7261,76,15,3,0.0,0.0,0.0,0.0,0.43936213850975037,False,False,0.0,0.0,0.0,[],0.0,0.0,0,0.0,0,2.8330000105825093e-06
aco_current,10,7261,76,15,4,0.0,0.0,0.0,0.0,0.20313307642936707,False,False,0.0,0.0,0.0,[],0.0,0.0,0,0.0,0,2.8330000105825093e-06
aco_current,10,7262,76,15,1,0.0,141.0,141.0,0.705,0.35197699069976807,False,False,0.0,141.0,0.0,[],0.0,0.0,0,0.0,0,4.083999996851162e-06
aco_current,10,7262,76,15,2,0.0,0.0,0.0,0.0,0.09907747060060501,False,False,0.0,0.0,0.0,[],0.0,0.0,0,0.0,0,4.083999996851162e-06
aco_current,10,7262,76,15,3,0.0,0.0,0.0,0.0,0.43936213850975037,False,False,0.0,0.0,0.0,[],0.0,0.0,0,0.0,0,4.083999996851162e-06
aco_current,10,7262,76,15,4,0.0,0.0,0.0,0.0,0.20313307642936707,False,False,0.0,0.0,0.0,[],0.0,0.0,0,0.0,0,4.083999996851162e-06
aco_current,10,7263,76,15,1,0.0,141.0,141.0,0.705,0.35197699069976807,False,False,0.0,141.0,0.0,[],0.0,0.0,0,0.0,0,2.4580000115292933e-06
aco_current,10,7263,76,15,2,0.0,0.0,0.0,0.0,0.09907747060060501,False,False,0.0,0.0,0.0,[],0.0,0.0,0,0.0,0,2.4580000115292933e-06
aco_current,10,7263,76,15,3,0.0,0.0,0.0,0.0,0.43936213850975037,False,False,0.0,0.0,0.0,[],0.0,0.0,0,0.0,0,2.4580000115292933e-06
aco_current,10,7263,76,15,4,0.0,0.0,0.0,0.0,0.20313307642936707,False,False,0.0,0.0,0.0,[],0.0,0.0,0,0.0,0,2.4580000115292933e-06
aco_current,10,7264,76,16,1,0.0,141.0,141.0,0.705,0.35197699069976807,False,False,0.0,141.0,0.0,[],0.0,0.0,0,0.0,0,4.250000003480636e-06
aco_current,10,7264,76,16,2,0.0,0.0,0.0,0.0,0.09907747060060501,False,False,0.0,0.0,0.0,[],0.0,0.0,0,0.0,0,4.250000003480636e-06
aco_current,10,7264,76,16,3,0.0,0.0,0.0,0.0,0.43936213850975037,False,False,0.0,0.0,0.0,[],0.0,0.0,0,0.0,0,4.250000003480636e-06
aco_current,10,7264,76,16,4,0.0,0.0,0.0,0.0,0.20313307642936707,False,False,0.0,0.0,0.0,[],0.0,0.0,0,0.0,0,4.250000003480636e-06
aco_current,10,7265,76,16,1,0.0,141.0,141.0,0.705,0.35197699069976807,False,False,0.0,141.0,0.0,[],0.0,0.0,0,0.0,0,2.8750000069521775e-06
aco_current,10,7265,76,16,2,0.0,0.0,0.0,0.0,0.09907747060060501,False,False,0.0,0.0,0.0,[],0.0,0.0,0,0.0,0,2.8750000069521775e-06
aco_current,10,7265,76,16,3,0.0,0.0,0.0,0.0,0.43936213850975037,False,False,0.0,0.0,0.0,[],0.0,0.0,0,0.0,0,2.8750000069521775e-06
aco_current,10,7265,76,16,4,0.0,0.0,0.0,0.0,0.20313307642936707,False,False,0.0,0.0,0.0,[],0.0,0.0,0,0.0,0,2.8750000069521775e-06
aco_current,10,7266,76,16,1,0.0,141.0,141.0,0.705,0.35197699069976807,False,False,0.0,141.0,0.0,[],0.0,0.0,0,0.0,0,3.708999997797946e-06
aco_current,10,7266,76,16,2,0.0,0.0,0.0,0.0,0.09907747060060501,False,False,0.0,0.0,0.0,[],0.0,0.0,0,0.0,0,3.708999997797946e-06
aco_current,10,7266,76,16,3,0.0,0.0,0.0,0.0,0.43936213850975037,False,False,0.0,0.0,0.0,[],0.0,0.0,0,0.0,0,3.708999997797946e-06
aco_current,10,7266,76,16,4,0.0,0.0,0.0,0.0,0.20313307642936707,False,False,0.0,0.0,0.0,[],0.0,0.0,0,0.0,0,3.708999997797946e-06
aco_current,10,7267,76,16,1,0.0,141.0,141.0,0.705,0.35197699069976807,False,False,0.0,141.0,0.0,[],0.0,0.0,0,0.0,0,2.208999987374227e-06
aco_current,10,7267,76,16,2,0.0,0.0,0.0,0.0,0.09907747060060501,False,False,0.0,0.0,0.0,[],0.0,0.0,0,0.0,0,2.208999987374227e-06
aco_current,10,7267,76,16,3,0.0,0.0,0.0,0.0,0.43936213850975037,False,False,0.0,0.0,0.0,[],0.0,0.0,0,0.0,0,2.208999987374227e-06
aco_current,10,7267,76,16,4,0.0,0.0,0.0,0.0,0.20313307642936707,False,False,0.0,0.0,0.0,[],0.0,0.0,0,0.0,0,2.208999987374227e-06
aco_current,10,7268,76,17,1,0.0,141.0,141.0,0.705,0.35197699069976807,False,False,0.0,141.0,0.0,[],0.0,0.0,0,0.0,0,1.87499999526608e-06
aco_current,10,7268,76,17,2,0.0,0.0,0.0,0.0,0.09907747060060501,False,False,0.0,0.0,0.0,[],0.0,0.0,0,0.0,0,1.87499999526608e-06
aco_current,10,7268,76,17,3,0.0,0.0,0.0,0.0,0.43936213850975037,False,False,0.0,0.0,0.0,[],0.0,0.0,0,0.0,0,1.87499999526608e-06
aco_current,10,7268,76,17,4,0.0,0.0,0.0,0.0,0.20313307642936707,False,False,0.0,0.0,0.0,[],0.0,0.0,0,0.0,0,1.87499999526608e-06
aco_current,10,7269,76,17,1,0.0,141.0,141.0,0.705,0.35197699069976807,False,False,0.0,141.0,0.0,[],0.0,0.0,0,0.0,0,3.125000006320988e-06
aco_current,10,7269,76,17,2,0.0,0.0,0.0,0.0,0.09907747060060501,False,False,0.0,0.0,0.0,[],0.0,0.0,0,0.0,0,3.125000006320988e-06
aco_current,10,7269,76,17,3,0.0,0.0,0.0,0.0,0.43936213850975037,False,False,0.0,0.0,0.0,[],0.0,0.0,0,0.0,0,3.125000006320988e-06
aco_current,10,7269,76,17,4,0.0,0.0,0.0,0.0,0.20313307642936707,False,False,0.0,0.0,0.0,[],0.0,0.0,0,0.0,0,3.125000006320988e-06
aco_current,10,7270,76,17,1,0.0,141.0,141.0,0.705,0.35197699069976807,False,False,0.0,141.0,0.0,[],0.0,0.0,0,0.0,0,2.5000000078989615e-06
aco_current,10,7270,76,17,2,0.0,0.0,0.0,0.0,0.09907747060060501,False,False,0.0,0.0,0.0,[],0.0,0.0,0,0.0,0,2.5000000078989615e-06
aco_current,10,7270,76,17,3,0.0,0.0,0.0,0.0,0.43936213850975037,False,False,0.0,0.0,0.0,[],0.0,0.0,0,0.0,0,2.5000000078989615e-06
aco_current,10,7270,76,17,4,0.0,0.0,0.0,0.0,0.20313307642936707,False,False,0.0,0.0,0.0,[],0.0,0.0,0,0.0,0,2.5000000078989615e-06
aco_current,10,7271,76,17,1,0.0,141.0,141.0,0.705,0.35197699069976807,False,False,0.0,141.0,0.0,[],0.0,0.0,0,0.0,0,4.583000006164184e-06
aco_current,10,7271,76,17,2,0.0,0.0,0.0,0.0,0.09907747060060501,False,False,0.0,0.0,0.0,[],0.0,0.0,0,0.0,0,4.583000006164184e-06
aco_current,10,7271,76,17,3,0.0,0.0,0.0,0.0,0.43936213850975037,False,False,0.0,0.0,0.0,[],0.0,0.0,0,0.0,0,4.583000006164184e-06
aco_current,10,7271,76,17,4,0.0,0.0,0.0,0.0,0.20313307642936707,False,False,0.0,0.0,0.0,[],0.0,0.0,0,0.0,0,4.583000006164184e-06
aco_current,10,7272,76,18,1,0.0,141.0,141.0,0.705,0.35197699069976807,False,False,0.0,141.0,0.0,[],0.0,0.0,0,0.0,0,2.332999997634033e-06
aco_current,10,7272,76,18,2,0.0,0.0,0.0,0.0,0.09907747060060501,False,False,0.0,0.0,0.0,[],0.0,0.0,0,0.0,0,2.332999997634033e-06
aco_current,10,7272,76,18,3,0.0,0.0,0.0,0.0,0.43936213850975037,False,False,0.0,0.0,0.0,[],0.0,0.0,0,0.0,0,2.332999997634033e-06
aco_current,10,7272,76,18,4,0.0,0.0,0.0,0.0,0.20313307642936707,False,False,0.0,0.0,0.0,[],0.0,0.0,0,0.0,0,2.332999997634033e-06
aco_current,10,7273,76,18,1,0.0,141.0,141.0,0.705,0.35197699069976807,False,False,0.0,141.0,0.0,[],0.0,0.0,0,0.0,0,2.8750000069521775e-06
aco_current,10,7273,76,18,2,0.0,0.0,0.0,0.0,0.09907747060060501,False,False,0.0,0.0,0.0,[],0.0,0.0,0,0.0,0,2.8750000069521775e-06
aco_current,10,7273,76,18,3,0.0,0.0,0.0,0.0,0.43936213850975037,False,False,0.0,0.0,0.0,[],0.0,0.0,0,0.0,0,2.8750000069521775e-06
aco_current,10,7273,76,18,4,0.0,0.0,0.0,0.0,0.20313307642936707,False,False,0.0,0.0,0.0,[],0.0,0.0,0,0.0,0,2.8750000069521775e-06
aco_current,10,7274,76,18,1,0.0,141.0,141.0,0.705,0.35197699069976807,False,False,0.0,141.0,0.0,[],0.0,0.0,0,0.0,0,2.1249999946348908e-06
aco_current,10,7274,76,18,2,0.0,0.0,0.0,0.0,0.09907747060060501,False,False,0.0,0.0,0.0,[],0.0,0.0,0,0.0,0,2.1249999946348908e-06
aco_current,10,7274,76,18,3,0.0,0.0,0.0,0.0,0.43936213850975037,False,False,0.0,0.0,0.0,[],0.0,0.0,0,0.0,0,2.1249999946348908e-06
aco_current,10,7274,76,18,4,0.0,0.0,0.0,0.0,0.20313307642936707,False,False,0.0,0.0,0.0,[],0.0,0.0,0,0.0,0,2.1249999946348908e-06
aco_current,10,7275,76,18,1,0.0,141.0,141.0,0.705,0.35197699069976807,False,False,0.0,141.0,0.0,[],0.0,0.0,0,0.0,0,1.87499999526608e-06
aco_current,10,7275,76,18,2,0.0,0.0,0.0,0.0,0.09907747060060501,False,False,0.0,0.0,0.0,[],0.0,0.0,0,0.0,0,1.87499999526608e-06
aco_current,10,7275,76,18,3,0.0,0.0,0.0,0.0,0.43936213850975037,False,False,0.0,0.0,0.0,[],0.0,0.0,0,0.0,0,1.87499999526608e-06
aco_current,10,7275,76,18,4,0.0,0.0,0.0,0.0,0.20313307642936707,False,False,0.0,0.0,0.0,[],0.0,0.0,0,0.0,0,1.87499999526608e-06
aco_current,10,7276,76,19,1,0.0,141.0,141.0,0.705,0.35197699069976807,False,False,0.0,141.0,0.0,[],0.0,0.0,0,0.0,0,3.000000006636583e-06
aco_current,10,7276,76,19,2,0.0,0.0,0.0,0.0,0.09907747060060501,False,False,0.0,0.0,0.0,[],0.0,0.0,0,0.0,0,3.000000006636583e-06
aco_current,10,7276,76,19,3,0.0,0.0,0.0,0.0,0.43936213850975037,False,False,0.0,0.0,0.0,[],0.0,0.0,0,0.0,0,3.000000006636583e-06
aco_current,10,7276,76,19,4,0.0,0.0,0.0,0.0,0.20313307642936707,False,False,0.0,0.0,0.0,[],0.0,0.0,0,0.0,0,3.000000006636583e-06
aco_current,10,7277,76,19,1,0.0,141.0,141.0,0.705,0.35197699069976807,False,False,0.0,141.0,0.0,[],0.0,0.0,0,0.0,0,2.1250000088457455e-06
aco_current,10,7277,76,19,2,0.0,0.0,0.0,0.0,0.09907747060060501,False,False,0.0,0.0,0.0,[],0.0,0.0,0,0.0,0,2.1250000088457455e-06
aco_current,10,7277,76,19,3,0.0,0.0,0.0,0.0,0.43936213850975037,False,False,0.0,0.0,0.0,[],0.0,0.0,0,0.0,0,2.1250000088457455e-06
aco_current,10,7277,76,19,4,0.0,0.0,0.0,0.0,0.20313307642936707,False,False,0.0,0.0,0.0,[],0.0,0.0,0,0.0,0,2.1250000088457455e-06
aco_current,10,7278,76,19,1,0.0,141.0,141.0,0.705,0.35197699069976807,False,False,0.0,141.0,0.0,[],0.0,0.0,0,0.0,0,2.9159999996863917e-06
aco_current,10,7278,76,19,2,0.0,0.0,0.0,0.0,0.09907747060060501,False,False,0.0,0.0,0.0,[],0.0,0.0,0,0.0,0,2.9159999996863917e-06
aco_current,10,7278,76,19,3,0.0,0.0,0.0,0.0,0.43936213850975037,False,False,0.0,0.0,0.0,[],0.0,0.0,0,0.0,0,2.9159999996863917e-06
aco_current,10,7278,76,19,4,0.0,0.0,0.0,0.0,0.20313307642936707,False,False,0.0,0.0,0.0,[],0.0,0.0,0,0.0,0,2.9159999996863917e-06
aco_current,10,7279,76,19,1,0.0,141.0,141.0,0.705,0.35197699069976807,False,False,0.0,141.0,0.0,[],0.0,0.0,0,0.0,0,1.8329999988964119e-06
aco_current,10,7279,76,19,2,0.0,0.0,0.0,0.0,0.09907747060060501,False,False,0.0,0.0,0.0,[],0.0,0.0,0,0.0,0,1.8329999988964119e-06
aco_current,10,7279,76,19,3,0.0,0.0,0.0,0.0,0.43936213850975037,False,False,0.0,0.0,0.0,[],0.0,0.0,0,0.0,0,1.8329999988964119e-06
aco_current,10,7279,76,19,4,0.0,0.0,0.0,0.0,0.20313307642936707,False,False,0.0,0.0,0.0,[],0.0,0.0,0,0.0,0,1.8329999988964119e-06
aco_current,10,7280,76,20,1,0.0,141.0,141.0,0.705,0.35197699069976807,False,False,0.0,141.0,0.0,[],0.0,0.0,0,0.0,0,1.7500000097925295e-06
aco_current,10,7280,76,20,2,0.0,0.0,0.0,0.0,0.09907747060060501,False,False,0.0,0.0,0.0,[],0.0,0.0,0,0.0,0,1.7500000097925295e-06
aco_current,10,7280,76,20,3,0.0,0.0,0.0,0.0,0.43936213850975037,False,False,0.0,0.0,0.0,[],0.0,0.0,0,0.0,0,1.7500000097925295e-06
aco_current,10,7280,76,20,4,0.0,0.0,0.0,0.0,0.20313307642936707,False,False,0.0,0.0,0.0,[],0.0,0.0,0,0.0,0,1.7500000097925295e-06
aco_current,10,7281,76,20,1,0.0,141.0,141.0,0.705,0.35197699069976807,False,False,0.0,141.0,0.0,[],0.0,0.0,0,0.0,0,3.707999994162492e-06
aco_current,10,7281,76,20,2,0.0,0.0,0.0,0.0,0.09907747060060501,False,False,0.0,0.0,0.0,[],0.0,0.0,0,0.0,0,3.707999994162492e-06
aco_current,10,7281,76,20,3,0.0,0.0,0.0,0.0,0.43936213850975037,False,False,0.0,0.0,0.0,[],0.0,0.0,0,0.0,0,3.707999994162492e-06
aco_current,10,7281,76,20,4,0.0,0.0,0.0,0.0,0.20313307642936707,False,False,0.0,0.0,0.0,[],0.0,0.0,0,0.0,0,3.707999994162492e-06
aco_current,10,7282,76,20,1,0.0,141.0,141.0,0.705,0.35197699069976807,False,False,0.0,141.0,0.0,[],0.0,0.0,0,0.0,0,2.292000004899819e-06
aco_current,10,7282,76,20,2,0.0,0.0,0.0,0.0,0.09907747060060501,False,False,0.0,0.0,0.0,[],0.0,0.0,0,0.0,0,2.292000004899819e-06
aco_current,10,7282,76,20,3,0.0,0.0,0.0,0.0,0.43936213850975037,False,False,0.0,0.0,0.0,[],0.0,0.0,0,0.0,0,2.292000004899819e-06
aco_current,10,7282,76,20,4,0.0,0.0,0.0,0.0,0.20313307642936707,False,False,0.0,0.0,0.0,[],0.0,0.0,0,0.0,0,2.292000004899819e-06
aco_current,10,7283,76,20,1,0.0,141.0,141.0,0.705,0.35197699069976807,False,False,0.0,141.0,0.0,[],0.0,0.0,0,0.0,0,4.333000006795373e-06
aco_current,10,7283,76,20,2,0.0,0.0,0.0,0.0,0.09907747060060501,False,False,0.0,0.0,0.0,[],0.0,0.0,0,0.0,0,4.333000006795373e-06
aco_current,10,7283,76,20,3,0.0,0.0,0.0,0.0,0.43936213850975037,False,False,0.0,0.0,0.0,[],0.0,0.0,0,0.0,0,4.333000006795373e-06
aco_current,10,7283,76,20,4,0.0,0.0,0.0,0.0,0.20313307642936707,False,False,0.0,0.0,0.0,[],0.0,0.0,0,0.0,0,4.333000006795373e-06
aco_current,10,7284,76,21,1,0.0,141.0,141.0,0.705,0.35197699069976807,False,False,0.0,141.0,0.0,[],0.0,0.0,0,0.0,0,1.957999998580817e-06
aco_current,10,7284,76,21,2,0.0,0.0,0.0,0.0,0.09907747060060501,False,False,0.0,0.0,0.0,[],0.0,0.0,0,0.0,0,1.957999998580817e-06
aco_current,10,7284,76,21,3,0.0,0.0,0.0,0.0,0.43936213850975037,False,False,0.0,0.0,0.0,[],0.0,0.0,0,0.0,0,1.957999998580817e-06
aco_current,10,7284,76,21,4,0.0,0.0,0.0,0.0,0.20313307642936707,False,False,0.0,0.0,0.0,[],0.0,0.0,0,0.0,0,1.957999998580817e-06
aco_current,10,7285,76,21,1,0.0,141.0,141.0,0.705,0.35197699069976807,False,False,0.0,141.0,0.0,[],0.0,0.0,0,0.0,0,1.87499999526608e-06
aco_current,10,7285,76,21,2,0.0,0.0,0.0,0.0,0.09907747060060501,False,False,0.0,0.0,0.0,[],0.0,0.0,0,0.0,0,1.87499999526608e-06
aco_current,10,7285,76,21,3,0.0,0.0,0.0,0.0,0.43936213850975037,False,False,0.0,0.0,0.0,[],0.0,0.0,0,0.0,0,1.87499999526608e-06
aco_current,10,7285,76,21,4,0.0,0.0,0.0,0.0,0.20313307642936707,False,False,0.0,0.0,0.0,[],0.0,0.0,0,0.0,0,1.87499999526608e-06
aco_current,10,7286,76,21,1,0.0,141.0,141.0,0.705,0.35197699069976807,False,False,0.0,141.0,0.0,[],0.0,0.0,0,0.0,0,2.8330000105825093e-06
aco_current,10,7286,76,21,2,0.0,0.0,0.0,0.0,0.09907747060060501,False,False,0.0,0.0,0.0,[],0.0,0.0,0,0.0,0,2.8330000105825093e-06
aco_current,10,7286,76,21,3,0.0,0.0,0.0,0.0,0.43936213850975037,False,False,0.0,0.0,0.0,[],0.0,0.0,0,0.0,0,2.8330000105825093e-06
aco_current,10,7286,76,21,4,0.0,0.0,0.0,0.0,0.20313307642936707,False,False,0.0,0.0,0.0,[],0.0,0.0,0,0.0,0,2.8330000105825093e-06
aco_current,10,7287,76,21,1,0.0,141.0,141.0,0.705,0.35197699069976807,False,False,0.0,141.0,0.0,[],0.0,0.0,0,0.0,0,1.9590000022162712e-06
aco_current,10,7287,76,21,2,0.0,0.0,0.0,0.0,0.09907747060060501,False,False,0.0,0.0,0.0,[],0.0,0.0,0,0.0,0,1.9590000022162712e-06
aco_current,10,7287,76,21,3,0.0,0.0,0.0,0.0,0.43936213850975037,False,False,0.0,0.0,0.0,[],0.0,0.0,0,0.0,0,1.9590000022162712e-06
aco_current,10,7287,76,21,4,0.0,0.0,0.0,0.0,0.20313307642936707,False,False,0.0,0.0,0.0,[],0.0,0.0,0,0.0,0,1.9590000022162712e-06
aco_current,10,7288,76,22,1,0.0,141.0,141.0,0.705,0.35197699069976807,False,False,0.0,141.0,0.0,[],0.0,0.0,0,0.0,0,3.5409999981084184e-06
aco_current,10,7288,76,22,2,0.0,0.0,0.0,0.0,0.09907747060060501,False,False,0.0,0.0,0.0,[],0.0,0.0,0,0.0,0,3.5409999981084184e-06
aco_current,10,7288,76,22,3,0.0,0.0,0.0,0.0,0.43936213850975037,False,False,0.0,0.0,0.0,[],0.0,0.0,0,0.0,0,3.5409999981084184e-06
aco_current,10,7288,76,22,4,0.0,0.0,0.0,0.0,0.20313307642936707,False,False,0.0,0.0,0.0,[],0.0,0.0,0,0.0,0,3.5409999981084184e-06
aco_current,10,7289,76,22,1,0.0,141.0,141.0,0.705,0.35197699069976807,False,False,0.0,141.0,0.0,[],0.0,0.0,0,0.0,0,2.250000008530151e-06
aco_current,10,7289,76,22,2,0.0,0.0,0.0,0.0,0.09907747060060501,False,False,0.0,0.0,0.0,[],0.0,0.0,0,0.0,0,2.250000008530151e-06
aco_current,10,7289,76,22,3,0.0,0.0,0.0,0.0,0.43936213850975037,False,False,0.0,0.0,0.0,[],0.0,0.0,0,0.0,0,2.250000008530151e-06
aco_current,10,7289,76,22,4,0.0,0.0,0.0,0.0,0.20313307642936707,False,False,0.0,0.0,0.0,[],0.0,0.0,0,0.0,0,2.250000008530151e-06
aco_current,10,7290,76,22,1,0.0,141.0,141.0,0.705,0.35197699069976807,False,False,0.0,141.0,0.0,[],0.0,0.0,0,0.0,0,2.332999997634033e-06
aco_current,10,7290,76,22,2,0.0,0.0,0.0,0.0,0.09907747060060501,False,False,0.0,0.0,0.0,[],0.0,0.0,0,0.0,0,2.332999997634033e-06
aco_current,10,7290,76,22,3,0.0,0.0,0.0,0.0,0.43936213850975037,False,False,0.0,0.0,0.0,[],0.0,0.0,0,0.0,0,2.332999997634033e-06
aco_current,10,7290,76,22,4,0.0,0.0,0.0,0.0,0.20313307642936707,False,False,0.0,0.0,0.0,[],0.0,0.0,0,0.0,0,2.332999997634033e-06
aco_current,10,7291,76,22,1,0.0,141.0,141.0,0.705,0.35197699069976807,False,False,0.0,141.0,0.0,[],0.0,0.0,0,0.0,0,3.375000005689799e-06
aco_current,10,7291,76,22,2,0.0,0.0,0.0,0.0,0.09907747060060501,False,False,0.0,0.0,0.0,[],0.0,0.0,0,0.0,0,3.375000005689799e-06
aco_current,10,7291,76,22,3,0.0,0.0,0.0,0.0,0.43936213850975037,False,False,0.0,0.0,0.0,[],0.0,0.0,0,0.0,0,3.375000005689799e-06
aco_current,10,7291,76,22,4,0.0,0.0,0.0,0.0,0.20313307642936707,False,False,0.0,0.0,0.0,[],0.0,0.0,0,0.0,0,3.375000005689799e-06
aco_current,10,7292,76,23,1,0.0,141.0,141.0,0.705,0.35197699069976807,False,False,0.0,141.0,0.0,[],0.0,0.0,0,0.0,0,2.250000008530151e-06
aco_current,10,7292,76,23,2,0.0,0.0,0.0,0.0,0.09907747060060501,False,False,0.0,0.0,0.0,[],0.0,0.0,0,0.0,0,2.250000008530151e-06
aco_current,10,7292,76,23,3,0.0,0.0,0.0,0.0,0.43936213850975037,False,False,0.0,0.0,0.0,[],0.0,0.0,0,0.0,0,2.250000008530151e-06
aco_current,10,7292,76,23,4,0.0,0.0,0.0,0.0,0.20313307642936707,False,False,0.0,0.0,0.0,[],0.0,0.0,0,0.0,0,2.250000008530151e-06
aco_current,10,7293,76,23,1,0.0,141.0,141.0,0.705,0.35197699069976807,False,False,0.0,141.0,0.0,[],0.0,0.0,0,0.0,0,3.417000002059467e-06
aco_current,10,7293,76,23,2,0.0,0.0,0.0,0.0,0.09907747060060501,False,False,0.0,0.0,0.0,[],0.0,0.0,0,0.0,0,3.417000002059467e-06
aco_current,10,7293,76,23,3,0.0,0.0,0.0,0.0,0.43936213850975037,False,False,0.0,0.0,0.0,[],0.0,0.0,0,0.0,0,3.417000002059467e-06
aco_current,10,7293,76,23,4,0.0,0.0,0.0,0.0,0.20313307642936707,False,False,0.0,0.0,0.0,[],0.0,0.0,0,0.0,0,3.417000002059467e-06
aco_current,10,7294,76,23,1,0.0,141.0,141.0,0.705,0.35197699069976807,False,False,0.0,141.0,0.0,[],0.0,0.0,0,0.0,0,1.957999998580817e-06
aco_current,10,7294,76,23,2,0.0,0.0,0.0,0.0,0.09907747060060501,False,False,0.0,0.0,0.0,[],0.0,0.0,0,0.0,0,1.957999998580817e-06
aco_current,10,7294,76,23,3,0.0,0.0,0.0,0.0,0.43936213850975037,False,False,0.0,0.0,0.0,[],0.0,0.0,0,0.0,0,1.957999998580817e-06
aco_current,10,7294,76,23,4,0.0,0.0,0.0,0.0,0.20313307642936707,False,False,0.0,0.0,0.0,[],0.0,0.0,0,0.0,0,1.957999998580817e-06
aco_current,10,7295,76,23,1,0.0,141.0,141.0,0.705,0.35197699069976807,False,False,0.0,141.0,0.0,[],0.0,0.0,0,0.0,0,2.332999997634033e-06
aco_current,10,7295,76,23,2,0.0,0.0,0.0,0.0,0.09907747060060501,False,False,0.0,0.0,0.0,[],0.0,0.0,0,0.0,0,2.332999997634033e-06
aco_current,10,7295,76,23,3,0.0,0.0,0.0,0.0,0.43936213850975037,False,False,0.0,0.0,0.0,[],0.0,0.0,0,0.0,0,2.332999997634033e-06
aco_current,10,7295,76,23,4,0.0,0.0,0.0,0.0,0.20313307642936707,False,False,0.0,0.0,0.0,[],0.0,0.0,0,0.0,0,2.332999997634033e-06
aco_current,10,7296,77,0,1,42.0,141.0,183.0,0.915,1.0,True,True,30.0,153.0,0.0,[1],10.0,10.0,1,10.0,0,0.010029166999999006
aco_current,10,7296,77,0,2,0.0,0.0,0.0,0.0,0.09907747060060501,False,False,0.0,0.0,0.0,[],10.0,10.0,1,10.0,0,0.010029166999999006
aco_current,10,7296,77,0,3,0.0,0.0,0.0,0.0,0.43936213850975037,False,False,0.0,0.0,0.0,[],10.0,10.0,1,10.0,0,0.010029166999999006
aco_current,10,7296,77,0,4,0.0,0.0,0.0,0.0,0.20313307642936707,False,False,0.0,0.0,0.0,[],10.0,10.0,1,10.0,0,0.010029166999999006
aco_current,10,7297,77,0,1,42.0,153.0,195.0,0.975,1.0,True,True,30.0,165.0,0.0,[1],10.0,10.0,1,10.0,0,0.010944374999994011
aco_current,10,7297,77,0,2,0.0,0.0,0.0,0.0,0.09907747060060501,False,False,0.0,0.0,0.0,[],10.0,10.0,1,10.0,0,0.010944374999994011
aco_current,10,7297,77,0,3,0.0,0.0,0.0,0.0,0.43936213850975037,False,False,0.0,0.0,0.0,[],10.0,10.0,1,10.0,0,0.010944374999994011
aco_current,10,7297,77,0,4,0.0,0.0,0.0,0.0,0.20313307642936707,False,False,0.0,0.0,0.0,[],10.0,10.0,1,10.0,0,0.010944374999994011
aco_current,10,7298,77,0,1,42.0,165.0,207.0,1.035,1.0,True,True,30.0,177.0,0.0,[1],10.0,10.0,1,10.0,0,0.011019790999995394
aco_current,10,7298,77,0,2,0.0,0.0,0.0,0.0,0.09907747060060501,False,False,0.0,0.0,0.0,[],10.0,10.0,1,10.0,0,0.011019790999995394
aco_current,10,7298,77,0,3,0.0,0.0,0.0,0.0,0.43936213850975037,False,False,0.0,0.0,0.0,[],10.0,10.0,1,10.0,0,0.011019790999995394
aco_current,10,7298,77,0,4,0.0,0.0,0.0,0.0,0.20313307642936707,False,False,0.0,0.0,0.0,[],10.0,10.0,1,10.0,0,0.011019790999995394
aco_current,10,7299,77,0,1,44.0,177.0,221.0,1.105,1.0,True,True,30.0,191.0,0.0,[1],10.0,10.0,1,10.0,0,0.01080675000000042
aco_current,10,7299,77,0,2,0.0,0.0,0.0,0.0,0.09907747060060501,False,False,0.0,0.0,0.0,[],10.0,10.0,1,10.0,0,0.01080675000000042
aco_current,10,7299,77,0,3,0.0,0.0,0.0,0.0,0.43936213850975037,False,False,0.0,0.0,0.0,[],10.0,10.0,1,10.0,0,0.01080675000000042
aco_current,10,7299,77,0,4,0.0,0.0,0.0,0.0,0.20313307642936707,False,False,0.0,0.0,0.0,[],10.0,10.0,1,10.0,0,0.01080675000000042
aco_current,10,7300,77,1,1,42.0,191.0,233.0,1.165,1.0,True,True,30.0,200.0,3.0,[1],10.0,10.0,1,10.0,0,0.010054166000003306
aco_current,10,7300,77,1,2,0.0,0.0,0.0,0.0,0.09907747060060501,False,False,0.0,0.0,0.0,[],10.0,10.0,1,10.0,0,0.010054166000003306
aco_current,10,7300,77,1,3,0.0,0.0,0.0,0.0,0.43936213850975037,False,False,0.0,0.0,0.0,[],10.0,10.0,1,10.0,0,0.010054166000003306
aco_current,10,7300,77,1,4,0.0,0.0,0.0,0.0,0.20313307642936707,False,False,0.0,0.0,0.0,[],10.0,10.0,1,10.0,0,0.010054166000003306
aco_current,10,7301,77,1,1,42.0,200.0,242.0,1.21,1.0,True,True,30.0,200.0,12.0,[1],10.0,10.0,1,10.0,0,0.00993599999999617
aco_current,10,7301,77,1,2,0.0,0.0,0.0,0.0,0.09907747060060501,False,False,0.0,0.0,0.0,[],10.0,10.0,1,10.0,0,0.00993599999999617
aco_current,10,7301,77,1,3,0.0,0.0,0.0,0.0,0.43936213850975037,False,False,0.0,0.0,0.0,[],10.0,10.0,1,10.0,0,0.00993599999999617
aco_current,10,7301,77,1,4,0.0,0.0,0.0,0.0,0.20313307642936707,False,False,0.0,0.0,0.0,[],10.0,10.0,1,10.0,0,0.00993599999999617
aco_current,10,7302,77,1,1,42.0,200.0,242.0,1.21,1.0,True,True,30.0,200.0,12.0,[1],10.0,10.0,1,10.0,0,0.009672166000001425
aco_current,10,7302,77,1,2,0.0,0.0,0.0,0.0,0.09907747060060501,False,False,0.0,0.0,0.0,[],10.0,10.0,1,10.0,0,0.009672166000001425
aco_current,10,7302,77,1,3,0.0,0.0,0.0,0.0,0.43936213850975037,False,False,0.0,0.0,0.0,[],10.0,10.0,1,10.0,0,0.009672166000001425
aco_current,10,7302,77,1,4,0.0,0.0,0.0,0.0,0.20313307642936707,False,False,0.0,0.0,0.0,[],10.0,10.0,1,10.0,0,0.009672166000001425
aco_current,10,7303,77,1,1,44.0,200.0,244.0,1.22,1.0,True,True,30.0,200.0,14.0,[1],10.0,10.0,1,10.0,0,0.01000320800000054
aco_current,10,7303,77,1,2,0.0,0.0,0.0,0.0,0.09907747060060501,False,False,0.0,0.0,0.0,[],10.0,10.0,1,10.0,0,0.01000320800000054
aco_current,10,7303,77,1,3,0.0,0.0,0.0,0.0,0.43936213850975037,False,False,0.0,0.0,0.0,[],10.0,10.0,1,10.0,0,0.01000320800000054
aco_current,10,7303,77,1,4,0.0,0.0,0.0,0.0,0.20313307642936707,False,False,0.0,0.0,0.0,[],10.0,10.0,1,10.0,0,0.01000320800000054
aco_current,10,7304,77,2,1,42.0,200.0,242.0,1.21,1.0,True,True,30.0,200.0,12.0,[1],10.0,10.0,1,10.0,0,0.009940834000005339
aco_current,10,7304,77,2,2,0.0,0.0,0.0,0.0,0.09907747060060501,False,False,0.0,0.0,0.0,[],10.0,10.0,1,10.0,0,0.009940834000005339
aco_current,10,7304,77,2,3,0.0,0.0,0.0,0.0,0.43936213850975037,False,False,0.0,0.0,0.0,[],10.0,10.0,1,10.0,0,0.009940834000005339
aco_current,10,7304,77,2,4,0.0,0.0,0.0,0.0,0.20313307642936707,False,False,0.0,0.0,0.0,[],10.0,10.0,1,10.0,0,0.009940834000005339
aco_current,10,7305,77,2,1,44.0,200.0,244.0,1.22,1.0,True,True,30.0,200.0,14.0,[1],10.0,10.0,1,10.0,0,0.009928750000000264
aco_current,10,7305,77,2,2,0.0,0.0,0.0,0.0,0.09907747060060501,False,False,0.0,0.0,0.0,[],10.0,10.0,1,10.0,0,0.009928750000000264
aco_current,10,7305,77,2,3,0.0,0.0,0.0,0.0,0.43936213850975037,False,False,0.0,0.0,0.0,[],10.0,10.0,1,10.0,0,0.009928750000000264
aco_current,10,7305,77,2,4,0.0,0.0,0.0,0.0,0.20313307642936707,False,False,0.0,0.0,0.0,[],10.0,10.0,1,10.0,0,0.009928750000000264
aco_current,10,7306,77,2,1,44.0,200.0,244.0,1.22,1.0,True,True,30.0,200.0,14.0,[1],10.0,10.0,1,10.0,0,0.010079583000006664
aco_current,10,7306,77,2,2,0.0,0.0,0.0,0.0,0.09907747060060501,False,False,0.0,0.0,0.0,[],10.0,10.0,1,10.0,0,0.010079583000006664
aco_current,10,7306,77,2,3,0.0,0.0,0.0,0.0,0.43936213850975037,False,False,0.0,0.0,0.0,[],10.0,10.0,1,10.0,0,0.010079583000006664
aco_current,10,7306,77,2,4,0.0,0.0,0.0,0.0,0.20313307642936707,False,False,0.0,0.0,0.0,[],10.0,10.0,1,10.0,0,0.010079583000006664
aco_current,10,7307,77,2,1,42.0,200.0,242.0,1.21,1.0,True,True,30.0,200.0,12.0,[1],10.0,10.0,1,10.0,0,0.01014449999999556
aco_current,10,7307,77,2,2,0.0,0.0,0.0,0.0,0.09907747060060501,False,False,0.0,0.0,0.0,[],10.0,10.0,1,10.0,0,0.01014449999999556
aco_current,10,7307,77,2,3,0.0,0.0,0.0,0.0,0.43936213850975037,False,False,0.0,0.0,0.0,[],10.0,10.0,1,10.0,0,0.01014449999999556
aco_current,10,7307,77,2,4,0.0,0.0,0.0,0.0,0.20313307642936707,False,False,0.0,0.0,0.0,[],10.0,10.0,1,10.0,0,0.01014449999999556
aco_current,10,7308,77,3,1,42.0,200.0,242.0,1.21,1.0,True,True,30.0,200.0,12.0,[1],10.0,10.0,1,10.0,0,0.010208042000002138
aco_current,10,7308,77,3,2,0.0,0.0,0.0,0.0,0.09907747060060501,False,False,0.0,0.0,0.0,[],10.0,10.0,1,10.0,0,0.010208042000002138
aco_current,10,7308,77,3,3,0.0,0.0,0.0,0.0,0.43936213850975037,False,False,0.0,0.0,0.0,[],10.0,10.0,1,10.0,0,0.010208042000002138
aco_current,10,7308,77,3,4,0.0,0.0,0.0,0.0,0.20313307642936707,False,False,0.0,0.0,0.0,[],10.0,10.0,1,10.0,0,0.010208042000002138
aco_current,10,7309,77,3,1,39.0,200.0,239.0,1.195,1.0,True,True,30.0,200.0,9.0,[1],10.0,10.0,1,10.0,0,0.010251249999996048
aco_current,10,7309,77,3,2,0.0,0.0,0.0,0.0,0.09907747060060501,False,False,0.0,0.0,0.0,[],10.0,10.0,1,10.0,0,0.010251249999996048
aco_current,10,7309,77,3,3,0.0,0.0,0.0,0.0,0.43936213850975037,False,False,0.0,0.0,0.0,[],10.0,10.0,1,10.0,0,0.010251249999996048
aco_current,10,7309,77,3,4,0.0,0.0,0.0,0.0,0.20313307642936707,False,False,0.0,0.0,0.0,[],10.0,10.0,1,10.0,0,0.010251249999996048
aco_current,10,7310,77,3,1,40.0,200.0,240.0,1.2,1.0,True,True,30.0,200.0,10.0,[1],10.0,10.0,1,10.0,0,0.010154875000011998
aco_current,10,7310,77,3,2,0.0,0.0,0.0,0.0,0.09907747060060501,False,False,0.0,0.0,0.0,[],10.0,10.0,1,10.0,0,0.010154875000011998
aco_current,10,7310,77,3,3,0.0,0.0,0.0,0.0,0.43936213850975037,False,False,0.0,0.0,0.0,[],10.0,10.0,1,10.0,0,0.010154875000011998
aco_current,10,7310,77,3,4,0.0,0.0,0.0,0.0,0.20313307642936707,False,False,0.0,0.0,0.0,[],10.0,10.0,1,10.0,0,0.010154875000011998
aco_current,10,7311,77,3,1,39.0,200.0,239.0,1.195,1.0,True,True,30.0,200.0,9.0,[1],10.0,10.0,1,10.0,0,0.009709791999995332
aco_current,10,7311,77,3,2,0.0,0.0,0.0,0.0,0.09907747060060501,False,False,0.0,0.0,0.0,[],10.0,10.0,1,10.0,0,0.009709791999995332
aco_current,10,7311,77,3,3,0.0,0.0,0.0,0.0,0.43936213850975037,False,False,0.0,0.0,0.0,[],10.0,10.0,1,10.0,0,0.009709791999995332
aco_current,10,7311,77,3,4,0.0,0.0,0.0,0.0,0.20313307642936707,False,False,0.0,0.0,0.0,[],10.0,10.0,1,10.0,0,0.009709791999995332
aco_current,10,7312,77,4,1,38.0,200.0,238.0,1.19,1.0,True,True,30.0,200.0,8.0,[1],10.0,10.0,1,10.0,0,0.01014250000000061
aco_current,10,7312,77,4,2,0.0,0.0,0.0,0.0,0.09907747060060501,False,False,0.0,0.0,0.0,[],10.0,10.0,1,10.0,0,0.01014250000000061
aco_current,10,7312,77,4,3,0.0,0.0,0.0,0.0,0.43936213850975037,False,False,0.0,0.0,0.0,[],10.0,10.0,1,10.0,0,0.01014250000000061
aco_current,10,7312,77,4,4,0.0,0.0,0.0,0.0,0.20313307642936707,False,False,0.0,0.0,0.0,[],10.0,10.0,1,10.0,0,0.01014250000000061
aco_current,10,7313,77,4,1,41.0,200.0,241.0,1.205,1.0,True,True,30.0,200.0,11.0,[1],10.0,10.0,1,10.0,0,0.010023249999989048
aco_current,10,7313,77,4,2,0.0,0.0,0.0,0.0,0.09907747060060501,False,False,0.0,0.0,0.0,[],10.0,10.0,1,10.0,0,0.010023249999989048
aco_current,10,7313,77,4,3,0.0,0.0,0.0,0.0,0.43936213850975037,False,False,0.0,0.0,0.0,[],10.0,10.0,1,10.0,0,0.010023249999989048
aco_current,10,7313,77,4,4,0.0,0.0,0.0,0.0,0.20313307642936707,False,False,0.0,0.0,0.0,[],10.0,10.0,1,10.0,0,0.010023249999989048
aco_current,10,7314,77,4,1,39.0,200.0,239.0,1.195,1.0,True,True,30.0,200.0,9.0,[1],10.0,10.0,1,10.0,0,0.00994045800000265
aco_current,10,7314,77,4,2,0.0,0.0,0.0,0.0,0.09907747060060501,False,False,0.0,0.0,0.0,[],10.0,10.0,1,10.0,0,0.00994045800000265
aco_current,10,7314,77,4,3,0.0,0.0,0.0,0.0,0.43936213850975037,False,False,0.0,0.0,0.0,[],10.0,10.0,1,10.0,0,0.00994045800000265
aco_current,10,7314,77,4,4,0.0,0.0,0.0,0.0,0.20313307642936707,False,False,0.0,0.0,0.0,[],10.0,10.0,1,10.0,0,0.00994045800000265
aco_current,10,7315,77,4,1,39.0,200.0,239.0,1.195,1.0,True,True,30.0,200.0,9.0,[1],10.0,10.0,1,10.0,0,0.009706957999995325
aco_current,10,7315,77,4,2,0.0,0.0,0.0,0.0,0.09907747060060501,False,False,0.0,0.0,0.0,[],10.0,10.0,1,10.0,0,0.009706957999995325
aco_current,10,7315,77,4,3,0.0,0.0,0.0,0.0,0.43936213850975037,False,False,0.0,0.0,0.0,[],10.0,10.0,1,10.0,0,0.009706957999995325
aco_current,10,7315,77,4,4,0.0,0.0,0.0,0.0,0.20313307642936707,False,False,0.0,0.0,0.0,[],10.0,10.0,1,10.0,0,0.009706957999995325
aco_current,10,7316,77,5,1,38.0,200.0,238.0,1.19,1.0,True,True,30.0,200.0,8.0,[1],10.0,10.0,1,10.0,0,0.009956334000008837
aco_current,10,7316,77,5,2,0.0,0.0,0.0,0.0,0.09907747060060501,False,False,0.0,0.0,0.0,[],10.0,10.0,1,10.0,0,0.009956334000008837
aco_current,10,7316,77,5,3,0.0,0.0,0.0,0.0,0.43936213850975037,False,False,0.0,0.0,0.0,[],10.0,10.0,1,10.0,0,0.009956334000008837
aco_current,10,7316,77,5,4,0.0,0.0,0.0,0.0,0.20313307642936707,False,False,0.0,0.0,0.0,[],10.0,10.0,1,10.0,0,0.009956334000008837
aco_current,10,7317,77,5,1,41.0,200.0,241.0,1.205,1.0,True,True,30.0,200.0,11.0,[1],10.0,10.0,1,10.0,0,0.01019562500000859
aco_current,10,7317,77,5,2,0.0,0.0,0.0,0.0,0.09907747060060501,False,False,0.0,0.0,0.0,[],10.0,10.0,1,10.0,0,0.01019562500000859
aco_current,10,7317,77,5,3,0.0,0.0,0.0,0.0,0.43936213850975037,False,False,0.0,0.0,0.0,[],10.0,10.0,1,10.0,0,0.01019562500000859
aco_current,10,7317,77,5,4,0.0,0.0,0.0,0.0,0.20313307642936707,False,False,0.0,0.0,0.0,[],10.0,10.0,1,10.0,0,0.01019562500000859
aco_current,10,7318,77,5,1,38.0,200.0,238.0,1.19,1.0,True,True,30.0,200.0,8.0,[1],10.0,10.0,1,10.0,0,0.010205541000004814
aco_current,10,7318,77,5,2,0.0,0.0,0.0,0.0,0.09907747060060501,False,False,0.0,0.0,0.0,[],10.0,10.0,1,10.0,0,0.010205541000004814
aco_current,10,7318,77,5,3,0.0,0.0,0.0,0.0,0.43936213850975037,False,False,0.0,0.0,0.0,[],10.0,10.0,1,10.0,0,0.010205541000004814
aco_current,10,7318,77,5,4,0.0,0.0,0.0,0.0,0.20313307642936707,False,False,0.0,0.0,0.0,[],10.0,10.0,1,10.0,0,0.010205541000004814
aco_current,10,7319,77,5,1,39.0,200.0,239.0,1.195,1.0,True,True,30.0,200.0,9.0,[1],10.0,10.0,1,10.0,0,0.009898665999998002
aco_current,10,7319,77,5,2,0.0,0.0,0.0,0.0,0.09907747060060501,False,False,0.0,0.0,0.0,[],10.0,10.0,1,10.0,0,0.009898665999998002
aco_current,10,7319,77,5,3,0.0,0.0,0.0,0.0,0.43936213850975037,False,False,0.0,0.0,0.0,[],10.0,10.0,1,10.0,0,0.009898665999998002
aco_current,10,7319,77,5,4,0.0,0.0,0.0,0.0,0.20313307642936707,False,False,0.0,0.0,0.0,[],10.0,10.0,1,10.0,0,0.009898665999998002
aco_current,10,7320,77,6,1,34.0,200.0,234.0,1.17,1.0,True,True,30.0,200.0,4.0,[1],10.0,10.0,1,10.0,0,0.010075999999997975
aco_current,10,7320,77,6,2,0.0,0.0,0.0,0.0,0.09907747060060501,False,False,0.0,0.0,0.0,[],10.0,10.0,1,10.0,0,0.010075999999997975
aco_current,10,7320,77,6,3,0.0,0.0,0.0,0.0,0.43936213850975037,False,False,0.0,0.0,0.0,[],10.0,10.0,1,10.0,0,0.010075999999997975
aco_current,10,7320,77,6,4,0.0,0.0,0.0,0.0,0.20313307642936707,False,False,0.0,0.0,0.0,[],10.0,10.0,1,10.0,0,0.010075999999997975
aco_current,10,7321,77,6,1,27.0,200.0,227.0,1.135,1.0,True,True,30.0,197.0,0.0,[1],10.0,10.0,1,10.0,0,0.010291207999998164
aco_current,10,7321,77,6,2,0.0,0.0,0.0,0.0,0.09907747060060501,False,False,0.0,0.0,0.0,[],10.0,10.0,1,10.0,0,0.010291207999998164
aco_current,10,7321,77,6,3,0.0,0.0,0.0,0.0,0.43936213850975037,False,False,0.0,0.0,0.0,[],10.0,10.0,1,10.0,0,0.010291207999998164
aco_current,10,7321,77,6,4,0.0,0.0,0.0,0.0,0.20313307642936707,False,False,0.0,0.0,0.0,[],10.0,10.0,1,10.0,0,0.010291207999998164
aco_current,10,7322,77,6,1,27.0,197.0,224.0,1.12,1.0,True,True,30.0,194.0,0.0,[1],10.0,10.0,1,10.0,0,0.009959667000003947
aco_current,10,7322,77,6,2,0.0,0.0,0.0,0.0,0.09907747060060501,False,False,0.0,0.0,0.0,[],10.0,10.0,1,10.0,0,0.009959667000003947
aco_current,10,7322,77,6,3,0.0,0.0,0.0,0.0,0.43936213850975037,False,False,0.0,0.0,0.0,[],10.0,10.0,1,10.0,0,0.009959667000003947
aco_current,10,7322,77,6,4,0.0,0.0,0.0,0.0,0.20313307642936707,False,False,0.0,0.0,0.0,[],10.0,10.0,1,10.0,0,0.009959667000003947
aco_current,10,7323,77,6,1,36.0,194.0,230.0,1.15,1.0,True,True,30.0,200.0,0.0,[1],10.0,10.0,1,10.0,0,0.009780625000004761
aco_current,10,7323,77,6,2,0.0,0.0,0.0,0.0,0.09907747060060501,False,False,0.0,0.0,0.0,[],10.0,10.0,1,10.0,0,0.009780625000004761
aco_current,10,7323,77,6,3,0.0,0.0,0.0,0.0,0.43936213850975037,False,False,0.0,0.0,0.0,[],10.0,10.0,1,10.0,0,0.009780625000004761
aco_current,10,7323,77,6,4,0.0,0.0,0.0,0.0,0.20313307642936707,False,False,0.0,0.0,0.0,[],10.0,10.0,1,10.0,0,0.009780625000004761
aco_current,10,7324,77,7,1,41.0,200.0,241.0,1.205,1.0,True,True,30.0,200.0,11.0,[1],10.0,10.0,1,10.0,0,0.009657375000003299
aco_current,10,7324,77,7,2,0.0,0.0,0.0,0.0,0.09907747060060501,False,False,0.0,0.0,0.0,[],10.0,10.0,1,10.0,0,0.009657375000003299
aco_current,10,7324,77,7,3,0.0,0.0,0.0,0.0,0.43936213850975037,False,False,0.0,0.0,0.0,[],10.0,10.0,1,10.0,0,0.009657375000003299
aco_current,10,7324,77,7,4,0.0,0.0,0.0,0.0,0.20313307642936707,False,False,0.0,0.0,0.0,[],10.0,10.0,1,10.0,0,0.009657375000003299
aco_current,10,7325,77,7,1,51.0,200.0,251.0,1.255,1.0,True,True,30.0,200.0,21.0,[1],10.0,10.0,1,10.0,0,0.009925667000004523
aco_current,10,7325,77,7,2,0.0,0.0,0.0,0.0,0.09907747060060501,False,False,0.0,0.0,0.0,[],10.0,10.0,1,10.0,0,0.009925667000004523
aco_current,10,7325,77,7,3,0.0,0.0,0.0,0.0,0.43936213850975037,False,False,0.0,0.0,0.0,[],10.0,10.0,1,10.0,0,0.009925667000004523
aco_current,10,7325,77,7,4,0.0,0.0,0.0,0.0,0.20313307642936707,False,False,0.0,0.0,0.0,[],10.0,10.0,1,10.0,0,0.009925667000004523
aco_current,10,7326,77,7,1,52.0,200.0,252.0,1.26,1.0,True,True,30.0,200.0,22.0,[1],10.0,10.0,1,10.0,0,0.0098610830000041
aco_current,10,7326,77,7,2,0.0,0.0,0.0,0.0,0.09907747060060501,False,False,0.0,0.0,0.0,[],10.0,10.0,1,10.0,0,0.0098610830000041
aco_current,10,7326,77,7,3,0.0,0.0,0.0,0.0,0.43936213850975037,False,False,0.0,0.0,0.0,[],10.0,10.0,1,10.0,0,0.0098610830000041
aco_current,10,7326,77,7,4,0.0,0.0,0.0,0.0,0.20313307642936707,False,False,0.0,0.0,0.0,[],10.0,10.0,1,10.0,0,0.0098610830000041
aco_current,10,7327,77,7,1,53.0,200.0,253.0,1.265,1.0,True,True,30.0,200.0,23.0,[1],10.0,10.0,1,10.0,0,0.00972975000000531
aco_current,10,7327,77,7,2,0.0,0.0,0.0,0.0,0.09907747060060501,False,False,0.0,0.0,0.0,[],10.0,10.0,1,10.0,0,0.00972975000000531
aco_current,10,7327,77,7,3,0.0,0.0,0.0,0.0,0.43936213850975037,False,False,0.0,0.0,0.0,[],10.0,10.0,1,10.0,0,0.00972975000000531
aco_current,10,7327,77,7,4,0.0,0.0,0.0,0.0,0.20313307642936707,False,False,0.0,0.0,0.0,[],10.0,10.0,1,10.0,0,0.00972975000000531
aco_current,10,7328,77,8,1,45.0,200.0,245.0,1.225,1.0,True,True,30.0,200.0,15.0,[1],10.0,10.0,1,10.0,0,0.00952354199999661
aco_current,10,7328,77,8,2,0.0,0.0,0.0,0.0,0.09907747060060501,False,False,0.0,0.0,0.0,[],10.0,10.0,1,10.0,0,0.00952354199999661
aco_current,10,7328,77,8,3,0.0,0.0,0.0,0.0,0.43936213850975037,False,False,0.0,0.0,0.0,[],10.0,10.0,1,10.0,0,0.00952354199999661
aco_current,10,7328,77,8,4,0.0,0.0,0.0,0.0,0.20313307642936707,False,False,0.0,0.0,0.0,[],10.0,10.0,1,10.0,0,0.00952354199999661
aco_current,10,7329,77,8,1,55.0,200.0,255.0,1.275,1.0,True,True,30.0,200.0,25.0,[1],10.0,10.0,1,10.0,0,0.009669207999991158
aco_current,10,7329,77,8,2,0.0,0.0,0.0,0.0,0.09907747060060501,False,False,0.0,0.0,0.0,[],10.0,10.0,1,10.0,0,0.009669207999991158
aco_current,10,7329,77,8,3,0.0,0.0,0.0,0.0,0.43936213850975037,False,False,0.0,0.0,0.0,[],10.0,10.0,1,10.0,0,0.009669207999991158
aco_current,10,7329,77,8,4,0.0,0.0,0.0,0.0,0.20313307642936707,False,False,0.0,0.0,0.0,[],10.0,10.0,1,10.0,0,0.009669207999991158
aco_current,10,7330,77,8,1,57.0,200.0,257.0,1.285,1.0,True,True,30.0,200.0,27.0,[1],10.0,10.0,1,10.0,0,0.009737624999999639
aco_current,10,7330,77,8,2,0.0,0.0,0.0,0.0,0.09907747060060501,False,False,0.0,0.0,0.0,[],10.0,10.0,1,10.0,0,0.009737624999999639
aco_current,10,7330,77,8,3,0.0,0.0,0.0,0.0,0.43936213850975037,False,False,0.0,0.0,0.0,[],10.0,10.0,1,10.0,0,0.009737624999999639
aco_current,10,7330,77,8,4,0.0,0.0,0.0,0.0,0.20313307642936707,False,False,0.0,0.0,0.0,[],10.0,10.0,1,10.0,0,0.009737624999999639
aco_current,10,7331,77,8,1,56.0,200.0,256.0,1.28,1.0,True,True,30.0,200.0,26.0,[1],10.0,10.0,1,10.0,0,0.00965062500000613
aco_current,10,7331,77,8,2,0.0,0.0,0.0,0.0,0.09907747060060501,False,False,0.0,0.0,0.0,[],10.0,10.0,1,10.0,0,0.00965062500000613
aco_current,10,7331,77,8,3,0.0,0.0,0.0,0.0,0.43936213850975037,False,False,0.0,0.0,0.0,[],10.0,10.0,1,10.0,0,0.00965062500000613
aco_current,10,7331,77,8,4,0.0,0.0,0.0,0.0,0.20313307642936707,False,False,0.0,0.0,0.0,[],10.0,10.0,1,10.0,0,0.00965062500000613
aco_current,10,7332,77,9,1,60.0,200.0,260.0,1.3,1.0,True,True,30.0,200.0,30.0,[1],10.0,10.0,1,10.0,0,0.009673541000012165
aco_current,10,7332,77,9,2,0.0,0.0,0.0,0.0,0.09907747060060501,False,False,0.0,0.0,0.0,[],10.0,10.0,1,10.0,0,0.009673541000012165
aco_current,10,7332,77,9,3,0.0,0.0,0.0,0.0,0.43936213850975037,False,False,0.0,0.0,0.0,[],10.0,10.0,1,10.0,0,0.009673541000012165
aco_current,10,7332,77,9,4,0.0,0.0,0.0,0.0,0.20313307642936707,False,False,0.0,0.0,0.0,[],10.0,10.0,1,10.0,0,0.009673541000012165
aco_current,10,7333,77,9,1,69.0,200.0,269.0,1.345,1.0,True,True,30.0,200.0,39.0,[1],10.0,10.0,1,10.0,0,0.009515500000006227
aco_current,10,7333,77,9,2,0.0,0.0,0.0,0.0,0.09907747060060501,False,False,0.0,0.0,0.0,[],10.0,10.0,1,10.0,0,0.009515500000006227
aco_current,10,7333,77,9,3,0.0,0.0,0.0,0.0,0.43936213850975037,False,False,0.0,0.0,0.0,[],10.0,10.0,1,10.0,0,0.009515500000006227
aco_current,10,7333,77,9,4,0.0,0.0,0.0,0.0,0.20313307642936707,False,False,0.0,0.0,0.0,[],10.0,10.0,1,10.0,0,0.009515500000006227
aco_current,10,7334,77,9,1,70.0,200.0,270.0,1.35,1.0,True,True,30.0,200.0,40.0,[1],10.0,10.0,1,10.0,0,0.010172208000000182
aco_current,10,7334,77,9,2,0.0,0.0,0.0,0.0,0.09907747060060501,False,False,0.0,0.0,0.0,[],10.0,10.0,1,10.0,0,0.010172208000000182
aco_current,10,7334,77,9,3,0.0,0.0,0.0,0.0,0.43936213850975037,False,False,0.0,0.0,0.0,[],10.0,10.0,1,10.0,0,0.010172208000000182
aco_current,10,7334,77,9,4,0.0,0.0,0.0,0.0,0.20313307642936707,False,False,0.0,0.0,0.0,[],10.0,10.0,1,10.0,0,0.010172208000000182
aco_current,10,7335,77,9,1,57.0,200.0,257.0,1.285,1.0,True,True,30.0,200.0,27.0,[1],10.0,10.0,1,10.0,0,0.009652916999996819
aco_current,10,7335,77,9,2,0.0,0.0,0.0,0.0,0.09907747060060501,False,False,0.0,0.0,0.0,[],10.0,10.0,1,10.0,0,0.009652916999996819
aco_current,10,7335,77,9,3,0.0,0.0,0.0,0.0,0.43936213850975037,False,False,0.0,0.0,0.0,[],10.0,10.0,1,10.0,0,0.009652916999996819
aco_current,10,7335,77,9,4,0.0,0.0,0.0,0.0,0.20313307642936707,False,False,0.0,0.0,0.0,[],10.0,10.0,1,10.0,0,0.009652916999996819
aco_current,10,7336,77,10,1,51.0,200.0,251.0,1.255,1.0,True,True,30.0,200.0,21.0,[1],10.0,10.0,1,10.0,0,0.009638624999993795
aco_current,10,7336,77,10,2,0.0,0.0,0.0,0.0,0.09907747060060501,False,False,0.0,0.0,0.0,[],10.0,10.0,1,10.0,0,0.009638624999993795
aco_current,10,7336,77,10,3,0.0,0.0,0.0,0.0,0.43936213850975037,False,False,0.0,0.0,0.0,[],10.0,10.0,1,10.0,0,0.009638624999993795
aco_current,10,7336,77,10,4,0.0,0.0,0.0,0.0,0.20313307642936707,False,False,0.0,0.0,0.0,[],10.0,10.0,1,10.0,0,0.009638624999993795
aco_current,10,7337,77,10,1,50.0,200.0,250.0,1.25,1.0,True,True,30.0,200.0,20.0,[1],10.0,10.0,1,10.0,0,0.009617500000004497
aco_current,10,7337,77,10,2,0.0,0.0,0.0,0.0,0.09907747060060501,False,False,0.0,0.0,0.0,[],10.0,10.0,1,10.0,0,0.009617500000004497
aco_current,10,7337,77,10,3,0.0,0.0,0.0,0.0,0.43936213850975037,False,False,0.0,0.0,0.0,[],10.0,10.0,1,10.0,0,0.009617500000004497
aco_current,10,7337,77,10,4,0.0,0.0,0.0,0.0,0.20313307642936707,False,False,0.0,0.0,0.0,[],10.0,10.0,1,10.0,0,0.009617500000004497
aco_current,10,7338,77,10,1,49.0,200.0,249.0,1.245,1.0,True,True,30.0,200.0,19.0,[1],10.0,10.0,1,10.0,0,0.00963316700000405
aco_current,10,7338,77,10,2,0.0,0.0,0.0,0.0,0.09907747060060501,False,False,0.0,0.0,0.0,[],10.0,10.0,1,10.0,0,0.00963316700000405
aco_current,10,7338,77,10,3,0.0,0.0,0.0,0.0,0.43936213850975037,False,False,0.0,0.0,0.0,[],10.0,10.0,1,10.0,0,0.00963316700000405
aco_current,10,7338,77,10,4,0.0,0.0,0.0,0.0,0.20313307642936707,False,False,0.0,0.0,0.0,[],10.0,10.0,1,10.0,0,0.00963316700000405
aco_current,10,7339,77,10,1,49.0,200.0,249.0,1.245,1.0,True,True,30.0,200.0,19.0,[1],10.0,10.0,1,10.0,0,0.009838707999989538
aco_current,10,7339,77,10,2,0.0,0.0,0.0,0.0,0.09907747060060501,False,False,0.0,0.0,0.0,[],10.0,10.0,1,10.0,0,0.009838707999989538
aco_current,10,7339,77,10,3,0.0,0.0,0.0,0.0,0.43936213850975037,False,False,0.0,0.0,0.0,[],10.0,10.0,1,10.0,0,0.009838707999989538
aco_current,10,7339,77,10,4,0.0,0.0,0.0,0.0,0.20313307642936707,False,False,0.0,0.0,0.0,[],10.0,10.0,1,10.0,0,0.009838707999989538
aco_current,10,7340,77,11,1,49.0,200.0,249.0,1.245,1.0,True,True,30.0,200.0,19.0,[1],10.0,10.0,1,10.0,0,0.009903082999997537
aco_current,10,7340,77,11,2,0.0,0.0,0.0,0.0,0.09907747060060501,False,False,0.0,0.0,0.0,[],10.0,10.0,1,10.0,0,0.009903082999997537
aco_current,10,7340,77,11,3,0.0,0.0,0.0,0.0,0.43936213850975037,False,False,0.0,0.0,0.0,[],10.0,10.0,1,10.0,0,0.009903082999997537
aco_current,10,7340,77,11,4,0.0,0.0,0.0,0.0,0.20313307642936707,False,False,0.0,0.0,0.0,[],10.0,10.0,1,10.0,0,0.009903082999997537
aco_current,10,7341,77,11,1,42.0,200.0,242.0,1.21,1.0,True,True,30.0,200.0,12.0,[1],10.0,10.0,1,10.0,0,0.009506584000007479
aco_current,10,7341,77,11,2,0.0,0.0,0.0,0.0,0.09907747060060501,False,False,0.0,0.0,0.0,[],10.0,10.0,1,10.0,0,0.009506584000007479
aco_current,10,7341,77,11,3,0.0,0.0,0.0,0.0,0.43936213850975037,False,False,0.0,0.0,0.0,[],10.0,10.0,1,10.0,0,0.009506584000007479
aco_current,10,7341,77,11,4,0.0,0.0,0.0,0.0,0.20313307642936707,False,False,0.0,0.0,0.0,[],10.0,10.0,1,10.0,0,0.009506584000007479
aco_current,10,7342,77,11,1,42.0,200.0,242.0,1.21,1.0,True,True,30.0,200.0,12.0,[1],10.0,10.0,1,10.0,0,0.009868582999999376
aco_current,10,7342,77,11,2,0.0,0.0,0.0,0.0,0.09907747060060501,False,False,0.0,0.0,0.0,[],10.0,10.0,1,10.0,0,0.009868582999999376
aco_current,10,7342,77,11,3,0.0,0.0,0.0,0.0,0.43936213850975037,False,False,0.0,0.0,0.0,[],10.0,10.0,1,10.0,0,0.009868582999999376
aco_current,10,7342,77,11,4,0.0,0.0,0.0,0.0,0.20313307642936707,False,False,0.0,0.0,0.0,[],10.0,10.0,1,10.0,0,0.009868582999999376
aco_current,10,7343,77,11,1,41.0,200.0,241.0,1.205,1.0,True,True,30.0,200.0,11.0,[1],10.0,10.0,1,10.0,0,0.009801540999987424
aco_current,10,7343,77,11,2,0.0,0.0,0.0,0.0,0.09907747060060501,False,False,0.0,0.0,0.0,[],10.0,10.0,1,10.0,0,0.009801540999987424
aco_current,10,7343,77,11,3,0.0,0.0,0.0,0.0,0.43936213850975037,False,False,0.0,0.0,0.0,[],10.0,10.0,1,10.0,0,0.009801540999987424
aco_current,10,7343,77,11,4,0.0,0.0,0.0,0.0,0.20313307642936707,False,False,0.0,0.0,0.0,[],10.0,10.0,1,10.0,0,0.009801540999987424
aco_current,10,7344,77,12,1,41.0,200.0,241.0,1.205,1.0,True,True,30.0,200.0,11.0,[1],10.0,10.0,1,10.0,0,0.009832542000012268
aco_current,10,7344,77,12,2,0.0,0.0,0.0,0.0,0.09907747060060501,False,False,0.0,0.0,0.0,[],10.0,10.0,1,10.0,0,0.009832542000012268
aco_current,10,7344,77,12,3,0.0,0.0,0.0,0.0,0.43936213850975037,False,False,0.0,0.0,0.0,[],10.0,10.0,1,10.0,0,0.009832542000012268
aco_current,10,7344,77,12,4,0.0,0.0,0.0,0.0,0.20313307642936707,False,False,0.0,0.0,0.0,[],10.0,10.0,1,10.0,0,0.009832542000012268
aco_current,10,7345,77,12,1,40.0,200.0,240.0,1.2,1.0,True,True,30.0,200.0,10.0,[1],10.0,10.0,1,10.0,0,0.009655625000007717
aco_current,10,7345,77,12,2,0.0,0.0,0.0,0.0,0.09907747060060501,False,False,0.0,0.0,0.0,[],10.0,10.0,1,10.0,0,0.009655625000007717
aco_current,10,7345,77,12,3,0.0,0.0,0.0,0.0,0.43936213850975037,False,False,0.0,0.0,0.0,[],10.0,10.0,1,10.0,0,0.009655625000007717
aco_current,10,7345,77,12,4,0.0,0.0,0.0,0.0,0.20313307642936707,False,False,0.0,0.0,0.0,[],10.0,10.0,1,10.0,0,0.009655625000007717
aco_current,10,7346,77,12,1,37.0,200.0,237.0,1.185,1.0,True,True,30.0,200.0,7.0,[1],10.0,10.0,1,10.0,0,0.009663499999987835
aco_current,10,7346,77,12,2,0.0,0.0,0.0,0.0,0.09907747060060501,False,False,0.0,0.0,0.0,[],10.0,10.0,1,10.0,0,0.009663499999987835
aco_current,10,7346,77,12,3,0.0,0.0,0.0,0.0,0.43936213850975037,False,False,0.0,0.0,0.0,[],10.0,10.0,1,10.0,0,0.009663499999987835
aco_current,10,7346,77,12,4,0.0,0.0,0.0,0.0,0.20313307642936707,False,False,0.0,0.0,0.0,[],10.0,10.0,1,10.0,0,0.009663499999987835
aco_current,10,7347,77,12,1,33.0,200.0,233.0,1.165,1.0,True,True,30.0,200.0,3.0,[1],10.0,10.0,1,10.0,0,0.009935708999989856
aco_current,10,7347,77,12,2,0.0,0.0,0.0,0.0,0.09907747060060501,False,False,0.0,0.0,0.0,[],10.0,10.0,1,10.0,0,0.009935708999989856
aco_current,10,7347,77,12,3,0.0,0.0,0.0,0.0,0.43936213850975037,False,False,0.0,0.0,0.0,[],10.0,10.0,1,10.0,0,0.009935708999989856
aco_current,10,7347,77,12,4,0.0,0.0,0.0,0.0,0.20313307642936707,False,False,0.0,0.0,0.0,[],10.0,10.0,1,10.0,0,0.009935708999989856
aco_current,10,7348,77,13,1,29.0,200.0,229.0,1.145,1.0,True,True,30.0,199.0,0.0,[1],10.0,10.0,1,10.0,0,0.009635582999990788
aco_current,10,7348,77,13,2,0.0,0.0,0.0,0.0,0.09907747060060501,False,False,0.0,0.0,0.0,[],10.0,10.0,1,10.0,0,0.009635582999990788
aco_current,10,7348,77,13,3,0.0,0.0,0.0,0.0,0.43936213850975037,False,False,0.0,0.0,0.0,[],10.0,10.0,1,10.0,0,0.009635582999990788
aco_current,10,7348,77,13,4,0.0,0.0,0.0,0.0,0.20313307642936707,False,False,0.0,0.0,0.0,[],10.0,10.0,1,10.0,0,0.009635582999990788
aco_current,10,7349,77,13,1,15.0,199.0,214.0,1.07,1.0,True,True,30.0,184.0,0.0,[1],10.0,10.0,1,10.0,0,0.009792332999992936
aco_current,10,7349,77,13,2,0.0,0.0,0.0,0.0,0.09907747060060501,False,False,0.0,0.0,0.0,[],10.0,10.0,1,10.0,0,0.009792332999992936
aco_current,10,7349,77,13,3,0.0,0.0,0.0,0.0,0.43936213850975037,False,False,0.0,0.0,0.0,[],10.0,10.0,1,10.0,0,0.009792332999992936
aco_current,10,7349,77,13,4,0.0,0.0,0.0,0.0,0.20313307642936707,False,False,0.0,0.0,0.0,[],10.0,10.0,1,10.0,0,0.009792332999992936
aco_current,10,7350,77,13,1,14.0,184.0,198.0,0.99,1.0,True,True,30.0,168.0,0.0,[1],10.0,10.0,1,10.0,0,0.009772749999996222
aco_current,10,7350,77,13,2,0.0,0.0,0.0,0.0,0.09907747060060501,False,False,0.0,0.0,0.0,[],10.0,10.0,1,10.0,0,0.009772749999996222
aco_current,10,7350,77,13,3,0.0,0.0,0.0,0.0,0.43936213850975037,False,False,0.0,0.0,0.0,[],10.0,10.0,1,10.0,0,0.009772749999996222
aco_current,10,7350,77,13,4,0.0,0.0,0.0,0.0,0.20313307642936707,False,False,0.0,0.0,0.0,[],10.0,10.0,1,10.0,0,0.009772749999996222
aco_current,10,7351,77,13,1,14.0,168.0,182.0,0.91,0.9999985098838806,True,True,30.0,152.0,0.0,[1],10.0,10.0,1,10.0,0,0.009731791000007206
aco_current,10,7351,77,13,2,0.0,0.0,0.0,0.0,0.09907747060060501,False,False,0.0,0.0,0.0,[],10.0,10.0,1,10.0,0,0.009731791000007206
aco_current,10,7351,77,13,3,0.0,0.0,0.0,0.0,0.43936213850975037,False,False,0.0,0.0,0.0,[],10.0,10.0,1,10.0,0,0.009731791000007206
aco_current,10,7351,77,13,4,0.0,0.0,0.0,0.0,0.20313307642936707,False,False,0.0,0.0,0.0,[],10.0,10.0,1,10.0,0,0.009731791000007206
aco_current,10,7352,77,14,1,13.0,152.0,165.0,0.825,0.9998015761375427,True,True,30.0,135.0,0.0,[1],10.0,10.0,1,10.0,0,0.009787915999993402
aco_current,10,7352,77,14,2,0.0,0.0,0.0,0.0,0.09907747060060501,False,False,0.0,0.0,0.0,[],10.0,10.0,1,10.0,0,0.009787915999993402
aco_current,10,7352,77,14,3,0.0,0.0,0.0,0.0,0.43936213850975037,False,False,0.0,0.0,0.0,[],10.0,10.0,1,10.0,0,0.009787915999993402
aco_current,10,7352,77,14,4,0.0,0.0,0.0,0.0,0.20313307642936707,False,False,0.0,0.0,0.0,[],10.0,10.0,1,10.0,0,0.009787915999993402
aco_current,10,7353,77,14,1,14.0,135.0,149.0,0.745,0.9961974024772644,False,False,0.0,149.0,0.0,[],0.0,0.0,0,0.0,0,3.415999998424013e-06
aco_current,10,7353,77,14,2,0.0,0.0,0.0,0.0,0.09907747060060501,False,False,0.0,0.0,0.0,[],0.0,0.0,0,0.0,0,3.415999998424013e-06
aco_current,10,7353,77,14,3,0.0,0.0,0.0,0.0,0.43936213850975037,False,False,0.0,0.0,0.0,[],0.0,0.0,0,0.0,0,3.415999998424013e-06
aco_current,10,7353,77,14,4,0.0,0.0,0.0,0.0,0.20313307642936707,False,False,0.0,0.0,0.0,[],0.0,0.0,0,0.0,0,3.415999998424013e-06
aco_current,10,7354,77,14,1,14.0,149.0,163.0,0.815,0.9997623562812805,True,True,30.0,133.0,0.0,[1],10.0,10.0,1,10.0,0,0.00978170799999134
aco_current,10,7354,77,14,2,0.0,0.0,0.0,0.0,0.09907747060060501,False,False,0.0,0.0,0.0,[],10.0,10.0,1,10.0,0,0.00978170799999134
aco_current,10,7354,77,14,3,0.0,0.0,0.0,0.0,0.43936213850975037,False,False,0.0,0.0,0.0,[],10.0,10.0,1,10.0,0,0.00978170799999134
aco_current,10,7354,77,14,4,0.0,0.0,0.0,0.0,0.20313307642936707,False,False,0.0,0.0,0.0,[],10.0,10.0,1,10.0,0,0.00978170799999134
aco_current,10,7355,77,14,1,14.0,133.0,147.0,0.735,0.9951350092887878,False,False,0.0,147.0,0.0,[],0.0,0.0,0,0.0,0,2.7079999966872492e-06
aco_current,10,7355,77,14,2,0.0,0.0,0.0,0.0,0.09907747060060501,False,False,0.0,0.0,0.0,[],0.0,0.0,0,0.0,0,2.7079999966872492e-06
aco_current,10,7355,77,14,3,0.0,0.0,0.0,0.0,0.43936213850975037,False,False,0.0,0.0,0.0,[],0.0,0.0,0,0.0,0,2.7079999966872492e-06
aco_current,10,7355,77,14,4,0.0,0.0,0.0,0.0,0.20313307642936707,False,False,0.0,0.0,0.0,[],0.0,0.0,0,0.0,0,2.7079999966872492e-06
aco_current,10,7356,77,15,1,14.0,147.0,161.0,0.805,0.9996035695075989,True,True,30.0,131.0,0.0,[1],10.0,10.0,1,10.0,0,0.010143124999999031
aco_current,10,7356,77,15,2,0.0,0.0,0.0,0.0,0.09907747060060501,False,False,0.0,0.0,0.0,[],10.0,10.0,1,10.0,0,0.010143124999999031
aco_current,10,7356,77,15,3,0.0,0.0,0.0,0.0,0.43936213850975037,False,False,0.0,0.0,0.0,[],10.0,10.0,1,10.0,0,0.010143124999999031
aco_current,10,7356,77,15,4,0.0,0.0,0.0,0.0,0.20313307642936707,False,False,0.0,0.0,0.0,[],10.0,10.0,1,10.0,0,0.010143124999999031
aco_current,10,7357,77,15,1,14.0,131.0,145.0,0.725,0.9937705993652344,False,False,0.0,145.0,0.0,[],0.0,0.0,0,0.0,0,3.5829999944780866e-06
aco_current,10,7357,77,15,2,0.0,0.0,0.0,0.0,0.09907747060060501,False,False,0.0,0.0,0.0,[],0.0,0.0,0,0.0,0,3.5829999944780866e-06
aco_current,10,7357,77,15,3,0.0,0.0,0.0,0.0,0.43936213850975037,False,False,0.0,0.0,0.0,[],0.0,0.0,0,0.0,0,3.5829999944780866e-06
aco_current,10,7357,77,15,4,0.0,0.0,0.0,0.0,0.20313307642936707,False,False,0.0,0.0,0.0,[],0.0,0.0,0,0.0,0,3.5829999944780866e-06
aco_current,10,7358,77,15,1,13.0,145.0,158.0,0.79,0.9988059401512146,False,False,0.0,158.0,0.0,[],0.0,0.0,0,0.0,0,2.375000008214556e-06
aco_current,10,7358,77,15,2,0.0,0.0,0.0,0.0,0.09907747060060501,False,False,0.0,0.0,0.0,[],0.0,0.0,0,0.0,0,2.375000008214556e-06
aco_current,10,7358,77,15,3,0.0,0.0,0.0,0.0,0.43936213850975037,False,False,0.0,0.0,0.0,[],0.0,0.0,0,0.0,0,2.375000008214556e-06
aco_current,10,7358,77,15,4,0.0,0.0,0.0,0.0,0.20313307642936707,False,False,0.0,0.0,0.0,[],0.0,0.0,0,0.0,0,2.375000008214556e-06
aco_current,10,7359,77,15,1,14.0,158.0,172.0,0.86,0.9999774694442749,True,True,30.0,142.0,0.0,[1],10.0,10.0,1,10.0,0,0.009798582999991368
aco_current,10,7359,77,15,2,0.0,0.0,0.0,0.0,0.09907747060060501,False,False,0.0,0.0,0.0,[],10.0,10.0,1,10.0,0,0.009798582999991368
aco_current,10,7359,77,15,3,0.0,0.0,0.0,0.0,0.43936213850975037,False,False,0.0,0.0,0.0,[],10.0,10.0,1,10.0,0,0.009798582999991368
aco_current,10,7359,77,15,4,0.0,0.0,0.0,0.0,0.20313307642936707,False,False,0.0,0.0,0.0,[],10.0,10.0,1,10.0,0,0.009798582999991368
aco_current,10,7360,77,16,1,14.0,142.0,156.0,0.78,0.9987085461616516,False,False,0.0,156.0,0.0,[],0.0,0.0,0,0.0,0,3.9170000007970884e-06
aco_current,10,7360,77,16,2,0.0,0.0,0.0,0.0,0.09907747060060501,False,False,0.0,0.0,0.0,[],0.0,0.0,0,0.0,0,3.9170000007970884e-06
aco_current,10,7360,77,16,3,0.0,0.0,0.0,0.0,0.43936213850975037,False,False,0.0,0.0,0.0,[],0.0,0.0,0,0.0,0,3.9170000007970884e-06
aco_current,10,7360,77,16,4,0.0,0.0,0.0,0.0,0.20313307642936707,False,False,0.0,0.0,0.0,[],0.0,0.0,0,0.0,0,3.9170000007970884e-06
aco_current,10,7361,77,16,1,14.0,156.0,170.0,0.85,0.999961793422699,True,True,30.0,140.0,0.0,[1],10.0,10.0,1,10.0,0,0.009907124999998018
aco_current,10,7361,77,16,2,0.0,0.0,0.0,0.0,0.09907747060060501,False,False,0.0,0.0,0.0,[],10.0,10.0,1,10.0,0,0.009907124999998018
aco_current,10,7361,77,16,3,0.0,0.0,0.0,0.0,0.43936213850975037,False,False,0.0,0.0,0.0,[],10.0,10.0,1,10.0,0,0.009907124999998018
aco_current,10,7361,77,16,4,0.0,0.0,0.0,0.0,0.20313307642936707,False,False,0.0,0.0,0.0,[],10.0,10.0,1,10.0,0,0.009907124999998018
aco_current,10,7362,77,16,1,14.0,140.0,154.0,0.77,0.9980173110961914,False,False,0.0,154.0,0.0,[],0.0,0.0,0,0.0,0,2.4580000115292933e-06
aco_current,10,7362,77,16,2,0.0,0.0,0.0,0.0,0.09907747060060501,False,False,0.0,0.0,0.0,[],0.0,0.0,0,0.0,0,2.4580000115292933e-06
aco_current,10,7362,77,16,3,0.0,0.0,0.0,0.0,0.43936213850975037,False,False,0.0,0.0,0.0,[],0.0,0.0,0,0.0,0,2.4580000115292933e-06
aco_current,10,7362,77,16,4,0.0,0.0,0.0,0.0,0.20313307642936707,False,False,0.0,0.0,0.0,[],0.0,0.0,0,0.0,0,2.4580000115292933e-06
aco_current,10,7363,77,16,1,14.0,154.0,168.0,0.84,0.9999355673789978,True,True,30.0,138.0,0.0,[1],10.0,10.0,1,10.0,0,0.009704791999993745
aco_current,10,7363,77,16,2,0.0,0.0,0.0,0.0,0.09907747060060501,False,False,0.0,0.0,0.0,[],10.0,10.0,1,10.0,0,0.009704791999993745
aco_current,10,7363,77,16,3,0.0,0.0,0.0,0.0,0.43936213850975037,False,False,0.0,0.0,0.0,[],10.0,10.0,1,10.0,0,0.009704791999993745
aco_current,10,7363,77,16,4,0.0,0.0,0.0,0.0,0.20313307642936707,False,False,0.0,0.0,0.0,[],10.0,10.0,1,10.0,0,0.009704791999993745
aco_current,10,7364,77,17,1,14.0,138.0,152.0,0.76,0.9973729252815247,False,False,0.0,152.0,0.0,[],0.0,0.0,0,0.0,0,2.667000003953035e-06
aco_current,10,7364,77,17,2,0.0,0.0,0.0,0.0,0.09907747060060501,False,False,0.0,0.0,0.0,[],0.0,0.0,0,0.0,0,2.667000003953035e-06
aco_current,10,7364,77,17,3,0.0,0.0,0.0,0.0,0.43936213850975037,False,False,0.0,0.0,0.0,[],0.0,0.0,0,0.0,0,2.667000003953035e-06
aco_current,10,7364,77,17,4,0.0,0.0,0.0,0.0,0.20313307642936707,False,False,0.0,0.0,0.0,[],0.0,0.0,0,0.0,0,2.667000003953035e-06
aco_current,10,7365,77,17,1,13.0,152.0,165.0,0.825,0.9998005628585815,True,True,30.0,135.0,0.0,[1],10.0,10.0,1,10.0,0,0.009829082999999628
aco_current,10,7365,77,17,2,0.0,0.0,0.0,0.0,0.09907747060060501,False,False,0.0,0.0,0.0,[],10.0,10.0,1,10.0,0,0.009829082999999628
aco_current,10,7365,77,17,3,0.0,0.0,0.0,0.0,0.43936213850975037,False,False,0.0,0.0,0.0,[],10.0,10.0,1,10.0,0,0.009829082999999628
aco_current,10,7365,77,17,4,0.0,0.0,0.0,0.0,0.20313307642936707,False,False,0.0,0.0,0.0,[],10.0,10.0,1,10.0,0,0.009829082999999628
aco_current,10,7366,77,17,1,14.0,135.0,149.0,0.745,0.9961974024772644,False,False,0.0,149.0,0.0,[],0.0,0.0,0,0.0,0,4.3750000031650416e-06
aco_current,10,7366,77,17,2,0.0,0.0,0.0,0.0,0.09907747060060501,False,False,0.0,0.0,0.0,[],0.0,0.0,0,0.0,0,4.3750000031650416e-06
aco_current,10,7366,77,17,3,0.0,0.0,0.0,0.0,0.43936213850975037,False,False,0.0,0.0,0.0,[],0.0,0.0,0,0.0,0,4.3750000031650416e-06
aco_current,10,7366,77,17,4,0.0,0.0,0.0,0.0,0.20313307642936707,False,False,0.0,0.0,0.0,[],0.0,0.0,0,0.0,0,4.3750000031650416e-06
aco_current,10,7367,77,17,1,14.0,149.0,163.0,0.815,0.9997623562812805,True,True,30.0,133.0,0.0,[1],10.0,10.0,1,10.0,0,0.009777041000006648
aco_current,10,7367,77,17,2,0.0,0.0,0.0,0.0,0.09907747060060501,False,False,0.0,0.0,0.0,[],10.0,10.0,1,10.0,0,0.009777041000006648
aco_current,10,7367,77,17,3,0.0,0.0,0.0,0.0,0.43936213850975037,False,False,0.0,0.0,0.0,[],10.0,10.0,1,10.0,0,0.009777041000006648
aco_current,10,7367,77,17,4,0.0,0.0,0.0,0.0,0.20313307642936707,False,False,0.0,0.0,0.0,[],10.0,10.0,1,10.0,0,0.009777041000006648
aco_current,10,7368,77,18,1,14.0,133.0,147.0,0.735,0.9951350092887878,False,False,0.0,147.0,0.0,[],0.0,0.0,0,0.0,0,2.708000010898104e-06
aco_current,10,7368,77,18,2,0.0,0.0,0.0,0.0,0.09907747060060501,False,False,0.0,0.0,0.0,[],0.0,0.0,0,0.0,0,2.708000010898104e-06
aco_current,10,7368,77,18,3,0.0,0.0,0.0,0.0,0.43936213850975037,False,False,0.0,0.0,0.0,[],0.0,0.0,0,0.0,0,2.708000010898104e-06
aco_current,10,7368,77,18,4,0.0,0.0,0.0,0.0,0.20313307642936707,False,False,0.0,0.0,0.0,[],0.0,0.0,0,0.0,0,2.708000010898104e-06
aco_current,10,7369,77,18,1,14.0,147.0,161.0,0.805,0.9996035695075989,True,True,30.0,131.0,0.0,[1],10.0,10.0,1,10.0,0,0.009640125000004218
aco_current,10,7369,77,18,2,0.0,0.0,0.0,0.0,0.09907747060060501,False,False,0.0,0.0,0.0,[],10.0,10.0,1,10.0,0,0.009640125000004218
aco_current,10,7369,77,18,3,0.0,0.0,0.0,0.0,0.43936213850975037,False,False,0.0,0.0,0.0,[],10.0,10.0,1,10.0,0,0.009640125000004218
aco_current,10,7369,77,18,4,0.0,0.0,0.0,0.0,0.20313307642936707,False,False,0.0,0.0,0.0,[],10.0,10.0,1,10.0,0,0.009640125000004218
aco_current,10,7370,77,18,1,14.0,131.0,145.0,0.725,0.9937705993652344,False,False,0.0,145.0,0.0,[],0.0,0.0,0,0.0,0,3.832999993846897e-06
aco_current,10,7370,77,18,2,0.0,0.0,0.0,0.0,0.09907747060060501,False,False,0.0,0.0,0.0,[],0.0,0.0,0,0.0,0,3.832999993846897e-06
aco_current,10,7370,77,18,3,0.0,0.0,0.0,0.0,0.43936213850975037,False,False,0.0,0.0,0.0,[],0.0,0.0,0,0.0,0,3.832999993846897e-06
aco_current,10,7370,77,18,4,0.0,0.0,0.0,0.0,0.20313307642936707,False,False,0.0,0.0,0.0,[],0.0,0.0,0,0.0,0,3.832999993846897e-06
aco_current,10,7371,77,18,1,13.0,145.0,158.0,0.79,0.9988059401512146,False,False,0.0,158.0,0.0,[],0.0,0.0,0,0.0,0,3.042000003006251e-06
aco_current,10,7371,77,18,2,0.0,0.0,0.0,0.0,0.09907747060060501,False,False,0.0,0.0,0.0,[],0.0,0.0,0,0.0,0,3.042000003006251e-06
aco_current,10,7371,77,18,3,0.0,0.0,0.0,0.0,0.43936213850975037,False,False,0.0,0.0,0.0,[],0.0,0.0,0,0.0,0,3.042000003006251e-06
aco_current,10,7371,77,18,4,0.0,0.0,0.0,0.0,0.20313307642936707,False,False,0.0,0.0,0.0,[],0.0,0.0,0,0.0,0,3.042000003006251e-06
aco_current,10,7372,77,19,1,14.0,158.0,172.0,0.86,0.9999774694442749,True,True,30.0,142.0,0.0,[1],10.0,10.0,1,10.0,0,0.010037374999996018
aco_current,10,7372,77,19,2,0.0,0.0,0.0,0.0,0.09907747060060501,False,False,0.0,0.0,0.0,[],10.0,10.0,1,10.0,0,0.010037374999996018
aco_current,10,7372,77,19,3,0.0,0.0,0.0,0.0,0.43936213850975037,False,False,0.0,0.0,0.0,[],10.0,10.0,1,10.0,0,0.010037374999996018
aco_current,10,7372,77,19,4,0.0,0.0,0.0,0.0,0.20313307642936707,False,False,0.0,0.0,0.0,[],10.0,10.0,1,10.0,0,0.010037374999996018
aco_current,10,7373,77,19,1,14.0,142.0,156.0,0.78,0.9987085461616516,False,False,0.0,156.0,0.0,[],0.0,0.0,0,0.0,0,2.7090000003227033e-06
aco_current,10,7373,77,19,2,0.0,0.0,0.0,0.0,0.09907747060060501,False,False,0.0,0.0,0.0,[],0.0,0.0,0,0.0,0,2.7090000003227033e-06
aco_current,10,7373,77,19,3,0.0,0.0,0.0,0.0,0.43936213850975037,False,False,0.0,0.0,0.0,[],0.0,0.0,0,0.0,0,2.7090000003227033e-06
aco_current,10,7373,77,19,4,0.0,0.0,0.0,0.0,0.20313307642936707,False,False,0.0,0.0,0.0,[],0.0,0.0,0,0.0,0,2.7090000003227033e-06
aco_current,10,7374,77,19,1,14.0,156.0,170.0,0.85,0.999961793422699,True,True,30.0,140.0,0.0,[1],10.0,10.0,1,10.0,0,0.009555250000005344
aco_current,10,7374,77,19,2,0.0,0.0,0.0,0.0,0.09907747060060501,False,False,0.0,0.0,0.0,[],10.0,10.0,1,10.0,0,0.009555250000005344
aco_current,10,7374,77,19,3,0.0,0.0,0.0,0.0,0.43936213850975037,False,False,0.0,0.0,0.0,[],10.0,10.0,1,10.0,0,0.009555250000005344
aco_current,10,7374,77,19,4,0.0,0.0,0.0,0.0,0.20313307642936707,False,False,0.0,0.0,0.0,[],10.0,10.0,1,10.0,0,0.009555250000005344
aco_current,10,7375,77,19,1,14.0,140.0,154.0,0.77,0.9980173110961914,False,False,0.0,154.0,0.0,[],0.0,0.0,0,0.0,0,3.332999995109276e-06
aco_current,10,7375,77,19,2,0.0,0.0,0.0,0.0,0.09907747060060501,False,False,0.0,0.0,0.0,[],0.0,0.0,0,0.0,0,3.332999995109276e-06
aco_current,10,7375,77,19,3,0.0,0.0,0.0,0.0,0.43936213850975037,False,False,0.0,0.0,0.0,[],0.0,0.0,0,0.0,0,3.332999995109276e-06
aco_current,10,7375,77,19,4,0.0,0.0,0.0,0.0,0.20313307642936707,False,False,0.0,0.0,0.0,[],0.0,0.0,0,0.0,0,3.332999995109276e-06
aco_current,10,7376,77,20,1,14.0,154.0,168.0,0.84,0.9999355673789978,True,True,30.0,138.0,0.0,[1],10.0,10.0,1,10.0,0,0.010029040999995686
aco_current,10,7376,77,20,2,0.0,0.0,0.0,0.0,0.09907747060060501,False,False,0.0,0.0,0.0,[],10.0,10.0,1,10.0,0,0.010029040999995686
aco_current,10,7376,77,20,3,0.0,0.0,0.0,0.0,0.43936213850975037,False,False,0.0,0.0,0.0,[],10.0,10.0,1,10.0,0,0.010029040999995686
aco_current,10,7376,77,20,4,0.0,0.0,0.0,0.0,0.20313307642936707,False,False,0.0,0.0,0.0,[],10.0,10.0,1,10.0,0,0.010029040999995686
aco_current,10,7377,77,20,1,14.0,138.0,152.0,0.76,0.9973729252815247,False,False,0.0,152.0,0.0,[],0.0,0.0,0,0.0,0,2.625000007583367e-06
aco_current,10,7377,77,20,2,0.0,0.0,0.0,0.0,0.09907747060060501,False,False,0.0,0.0,0.0,[],0.0,0.0,0,0.0,0,2.625000007583367e-06
aco_current,10,7377,77,20,3,0.0,0.0,0.0,0.0,0.43936213850975037,False,False,0.0,0.0,0.0,[],0.0,0.0,0,0.0,0,2.625000007583367e-06
aco_current,10,7377,77,20,4,0.0,0.0,0.0,0.0,0.20313307642936707,False,False,0.0,0.0,0.0,[],0.0,0.0,0,0.0,0,2.625000007583367e-06
aco_current,10,7378,77,20,1,13.0,152.0,165.0,0.825,0.9998005628585815,True,True,30.0,135.0,0.0,[1],10.0,10.0,1,10.0,0,0.00975666699999067
aco_current,10,7378,77,20,2,0.0,0.0,0.0,0.0,0.09907747060060501,False,False,0.0,0.0,0.0,[],10.0,10.0,1,10.0,0,0.00975666699999067
aco_current,10,7378,77,20,3,0.0,0.0,0.0,0.0,0.43936213850975037,False,False,0.0,0.0,0.0,[],10.0,10.0,1,10.0,0,0.00975666699999067
aco_current,10,7378,77,20,4,0.0,0.0,0.0,0.0,0.20313307642936707,False,False,0.0,0.0,0.0,[],10.0,10.0,1,10.0,0,0.00975666699999067
aco_current,10,7379,77,20,1,14.0,135.0,149.0,0.745,0.9961974024772644,False,False,0.0,149.0,0.0,[],0.0,0.0,0,0.0,0,2.4580000115292933e-06
aco_current,10,7379,77,20,2,0.0,0.0,0.0,0.0,0.09907747060060501,False,False,0.0,0.0,0.0,[],0.0,0.0,0,0.0,0,2.4580000115292933e-06
aco_current,10,7379,77,20,3,0.0,0.0,0.0,0.0,0.43936213850975037,False,False,0.0,0.0,0.0,[],0.0,0.0,0,0.0,0,2.4580000115292933e-06
aco_current,10,7379,77,20,4,0.0,0.0,0.0,0.0,0.20313307642936707,False,False,0.0,0.0,0.0,[],0.0,0.0,0,0.0,0,2.4580000115292933e-06
aco_current,10,7380,77,21,1,14.0,149.0,163.0,0.815,0.9997623562812805,True,True,30.0,133.0,0.0,[1],10.0,10.0,1,10.0,0,0.009821916000007036
aco_current,10,7380,77,21,2,0.0,0.0,0.0,0.0,0.09907747060060501,False,False,0.0,0.0,0.0,[],10.0,10.0,1,10.0,0,0.009821916000007036
aco_current,10,7380,77,21,3,0.0,0.0,0.0,0.0,0.43936213850975037,False,False,0.0,0.0,0.0,[],10.0,10.0,1,10.0,0,0.009821916000007036
aco_current,10,7380,77,21,4,0.0,0.0,0.0,0.0,0.20313307642936707,False,False,0.0,0.0,0.0,[],10.0,10.0,1,10.0,0,0.009821916000007036
aco_current,10,7381,77,21,1,14.0,133.0,147.0,0.735,0.9951350092887878,False,False,0.0,147.0,0.0,[],0.0,0.0,0,0.0,0,3.7919999869018284e-06
aco_current,10,7381,77,21,2,0.0,0.0,0.0,0.0,0.09907747060060501,False,False,0.0,0.0,0.0,[],0.0,0.0,0,0.0,0,3.7919999869018284e-06
aco_current,10,7381,77,21,3,0.0,0.0,0.0,0.0,0.43936213850975037,False,False,0.0,0.0,0.0,[],0.0,0.0,0,0.0,0,3.7919999869018284e-06
aco_current,10,7381,77,21,4,0.0,0.0,0.0,0.0,0.20313307642936707,False,False,0.0,0.0,0.0,[],0.0,0.0,0,0.0,0,3.7919999869018284e-06
aco_current,10,7382,77,21,1,14.0,147.0,161.0,0.805,0.9996035695075989,True,True,30.0,131.0,0.0,[1],10.0,10.0,1,10.0,0,0.009845166000005179
aco_current,10,7382,77,21,2,0.0,0.0,0.0,0.0,0.09907747060060501,False,False,0.0,0.0,0.0,[],10.0,10.0,1,10.0,0,0.009845166000005179
aco_current,10,7382,77,21,3,0.0,0.0,0.0,0.0,0.43936213850975037,False,False,0.0,0.0,0.0,[],10.0,10.0,1,10.0,0,0.009845166000005179
aco_current,10,7382,77,21,4,0.0,0.0,0.0,0.0,0.20313307642936707,False,False,0.0,0.0,0.0,[],10.0,10.0,1,10.0,0,0.009845166000005179
aco_current,10,7383,77,21,1,14.0,131.0,145.0,0.725,0.9937705993652344,False,False,0.0,145.0,0.0,[],0.0,0.0,0,0.0,0,2.7499999930569174e-06
aco_current,10,7383,77,21,2,0.0,0.0,0.0,0.0,0.09907747060060501,False,False,0.0,0.0,0.0,[],0.0,0.0,0,0.0,0,2.7499999930569174e-06
aco_current,10,7383,77,21,3,0.0,0.0,0.0,0.0,0.43936213850975037,False,False,0.0,0.0,0.0,[],0.0,0.0,0,0.0,0,2.7499999930569174e-06
aco_current,10,7383,77,21,4,0.0,0.0,0.0,0.0,0.20313307642936707,False,False,0.0,0.0,0.0,[],0.0,0.0,0,0.0,0,2.7499999930569174e-06
aco_current,10,7384,77,22,1,0.0,145.0,145.0,0.725,0.15652655065059662,False,False,0.0,145.0,0.0,[],0.0,0.0,0,0.0,0,2.958999999691514e-06
aco_current,10,7384,77,22,2,0.0,0.0,0.0,0.0,0.09907747060060501,False,False,0.0,0.0,0.0,[],0.0,0.0,0,0.0,0,2.958999999691514e-06
aco_current,10,7384,77,22,3,0.0,0.0,0.0,0.0,0.43936213850975037,False,False,0.0,0.0,0.0,[],0.0,0.0,0,0.0,0,2.958999999691514e-06
aco_current,10,7384,77,22,4,0.0,0.0,0.0,0.0,0.20313307642936707,False,False,0.0,0.0,0.0,[],0.0,0.0,0,0.0,0,2.958999999691514e-06
aco_current,10,7385,77,22,1,0.0,145.0,145.0,0.725,0.15996329486370087,False,False,0.0,145.0,0.0,[],0.0,0.0,0,0.0,0,2.1249999946348908e-06
aco_current,10,7385,77,22,2,0.0,0.0,0.0,0.0,0.09907747060060501,False,False,0.0,0.0,0.0,[],0.0,0.0,0,0.0,0,2.1249999946348908e-06
aco_current,10,7385,77,22,3,0.0,0.0,0.0,0.0,0.43936213850975037,False,False,0.0,0.0,0.0,[],0.0,0.0,0,0.0,0,2.1249999946348908e-06
aco_current,10,7385,77,22,4,0.0,0.0,0.0,0.0,0.20313307642936707,False,False,0.0,0.0,0.0,[],0.0,0.0,0,0.0,0,2.1249999946348908e-06
aco_current,10,7386,77,22,1,0.0,145.0,145.0,0.725,0.244400292634964,False,False,0.0,145.0,0.0,[],0.0,0.0,0,0.0,0,1.916000002211149e-06
aco_current,10,7386,77,22,2,0.0,0.0,0.0,0.0,0.09907747060060501,False,False,0.0,0.0,0.0,[],0.0,0.0,0,0.0,0,1.916000002211149e-06
aco_current,10,7386,77,22,3,0.0,0.0,0.0,0.0,0.43936213850975037,False,False,0.0,0.0,0.0,[],0.0,0.0,0,0.0,0,1.916000002211149e-06
aco_current,10,7386,77,22,4,0.0,0.0,0.0,0.0,0.20313307642936707,False,False,0.0,0.0,0.0,[],0.0,0.0,0,0.0,0,1.916000002211149e-06
aco_current,10,7387,77,22,1,0.0,145.0,145.0,0.725,0.31859835982322693,False,False,0.0,145.0,0.0,[],0.0,0.0,0,0.0,0,2.3340000012694873e-06
aco_current,10,7387,77,22,2,0.0,0.0,0.0,0.0,0.09907747060060501,False,False,0.0,0.0,0.0,[],0.0,0.0,0,0.0,0,2.3340000012694873e-06
aco_current,10,7387,77,22,3,0.0,0.0,0.0,0.0,0.43936213850975037,False,False,0.0,0.0,0.0,[],0.0,0.0,0,0.0,0,2.3340000012694873e-06
aco_current,10,7387,77,22,4,0.0,0.0,0.0,0.0,0.20313307642936707,False,False,0.0,0.0,0.0,[],0.0,0.0,0,0.0,0,2.3340000012694873e-06
aco_current,10,7388,77,23,1,0.0,145.0,145.0,0.725,0.31859835982322693,False,False,0.0,145.0,0.0,[],0.0,0.0,0,0.0,0,1.957999998580817e-06
aco_current,10,7388,77,23,2,0.0,0.0,0.0,0.0,0.09907747060060501,False,False,0.0,0.0,0.0,[],0.0,0.0,0,0.0,0,1.957999998580817e-06
aco_current,10,7388,77,23,3,0.0,0.0,0.0,0.0,0.43936213850975037,False,False,0.0,0.0,0.0,[],0.0,0.0,0,0.0,0,1.957999998580817e-06
aco_current,10,7388,77,23,4,0.0,0.0,0.0,0.0,0.20313307642936707,False,False,0.0,0.0,0.0,[],0.0,0.0,0,0.0,0,1.957999998580817e-06
aco_current,10,7389,77,23,1,0.0,145.0,145.0,0.725,0.31859835982322693,False,False,0.0,145.0,0.0,[],0.0,0.0,0,0.0,0,2.750000007267772e-06
aco_current,10,7389,77,23,2,0.0,0.0,0.0,0.0,0.09907747060060501,False,False,0.0,0.0,0.0,[],0.0,0.0,0,0.0,0,2.750000007267772e-06
aco_current,10,7389,77,23,3,0.0,0.0,0.0,0.0,0.43936213850975037,False,False,0.0,0.0,0.0,[],0.0,0.0,0,0.0,0,2.750000007267772e-06
aco_current,10,7389,77,23,4,0.0,0.0,0.0,0.0,0.20313307642936707,False,False,0.0,0.0,0.0,[],0.0,0.0,0,0.0,0,2.750000007267772e-06
aco_current,10,7390,77,23,1,0.0,145.0,145.0,0.725,0.31859835982322693,False,False,0.0,145.0,0.0,[],0.0,0.0,0,0.0,0,2.0829999982652225e-06
aco_current,10,7390,77,23,2,0.0,0.0,0.0,0.0,0.09907747060060501,False,False,0.0,0.0,0.0,[],0.0,0.0,0,0.0,0,2.0829999982652225e-06
aco_current,10,7390,77,23,3,0.0,0.0,0.0,0.0,0.43936213850975037,False,False,0.0,0.0,0.0,[],0.0,0.0,0,0.0,0,2.0829999982652225e-06
aco_current,10,7390,77,23,4,0.0,0.0,0.0,0.0,0.20313307642936707,False,False,0.0,0.0,0.0,[],0.0,0.0,0,0.0,0,2.0829999982652225e-06
aco_current,10,7391,77,23,1,0.0,145.0,145.0,0.725,0.31859835982322693,False,False,0.0,145.0,0.0,[],0.0,0.0,0,0.0,0,1.9589999880054165e-06
aco_current,10,7391,77,23,2,0.0,0.0,0.0,0.0,0.09907747060060501,False,False,0.0,0.0,0.0,[],0.0,0.0,0,0.0,0,1.9589999880054165e-06
aco_current,10,7391,77,23,3,0.0,0.0,0.0,0.0,0.43936213850975037,False,False,0.0,0.0,0.0,[],0.0,0.0,0,0.0,0,1.9589999880054165e-06
aco_current,10,7391,77,23,4,0.0,0.0,0.0,0.0,0.20313307642936707,False,False,0.0,0.0,0.0,[],0.0,0.0,0,0.0,0,1.9589999880054165e-06
aco_current,10,7392,78,0,1,39.0,145.0,184.0,0.92,1.0,True,True,30.0,154.0,0.0,[1],10.0,10.0,1,10.0,0,0.009805999999997539
aco_current,10,7392,78,0,2,0.0,0.0,0.0,0.0,0.09907747060060501,False,False,0.0,0.0,0.0,[],10.0,10.0,1,10.0,0,0.009805999999997539
aco_current,10,7392,78,0,3,0.0,0.0,0.0,0.0,0.43936213850975037,False,False,0.0,0.0,0.0,[],10.0,10.0,1,10.0,0,0.009805999999997539
aco_current,10,7392,78,0,4,0.0,0.0,0.0,0.0,0.20313307642936707,False,False,0.0,0.0,0.0,[],10.0,10.0,1,10.0,0,0.009805999999997539
aco_current,10,7393,78,0,1,42.0,154.0,196.0,0.98,1.0,True,True,30.0,166.0,0.0,[1],10.0,10.0,1,10.0,0,0.009723875000005933
aco_current,10,7393,78,0,2,0.0,0.0,0.0,0.0,0.09907747060060501,False,False,0.0,0.0,0.0,[],10.0,10.0,1,10.0,0,0.009723875000005933
aco_current,10,7393,78,0,3,0.0,0.0,0.0,0.0,0.43936213850975037,False,False,0.0,0.0,0.0,[],10.0,10.0,1,10.0,0,0.009723875000005933
aco_current,10,7393,78,0,4,0.0,0.0,0.0,0.0,0.20313307642936707,False,False,0.0,0.0,0.0,[],10.0,10.0,1,10.0,0,0.009723875000005933
aco_current,10,7394,78,0,1,42.0,166.0,208.0,1.04,1.0,True,True,30.0,178.0,0.0,[1],10.0,10.0,1,10.0,0,0.009633708000009733
aco_current,10,7394,78,0,2,0.0,0.0,0.0,0.0,0.09907747060060501,False,False,0.0,0.0,0.0,[],10.0,10.0,1,10.0,0,0.009633708000009733
aco_current,10,7394,78,0,3,0.0,0.0,0.0,0.0,0.43936213850975037,False,False,0.0,0.0,0.0,[],10.0,10.0,1,10.0,0,0.009633708000009733
aco_current,10,7394,78,0,4,0.0,0.0,0.0,0.0,0.20313307642936707,False,False,0.0,0.0,0.0,[],10.0,10.0,1,10.0,0,0.009633708000009733
aco_current,10,7395,78,0,1,41.0,178.0,219.0,1.095,1.0,True,True,30.0,189.0,0.0,[1],10.0,10.0,1,10.0,0,0.009620041999994555
aco_current,10,7395,78,0,2,0.0,0.0,0.0,0.0,0.09907747060060501,False,False,0.0,0.0,0.0,[],10.0,10.0,1,10.0,0,0.009620041999994555
aco_current,10,7395,78,0,3,0.0,0.0,0.0,0.0,0.43936213850975037,False,False,0.0,0.0,0.0,[],10.0,10.0,1,10.0,0,0.009620041999994555
aco_current,10,7395,78,0,4,0.0,0.0,0.0,0.0,0.20313307642936707,False,False,0.0,0.0,0.0,[],10.0,10.0,1,10.0,0,0.009620041999994555
aco_current,10,7396,78,1,1,42.0,189.0,231.0,1.155,1.0,True,True,30.0,200.0,1.0,[1],10.0,10.0,1,10.0,0,0.009827208000004362
aco_current,10,7396,78,1,2,0.0,0.0,0.0,0.0,0.09907747060060501,False,False,0.0,0.0,0.0,[],10.0,10.0,1,10.0,0,0.009827208000004362
aco_current,10,7396,78,1,3,0.0,0.0,0.0,0.0,0.43936213850975037,False,False,0.0,0.0,0.0,[],10.0,10.0,1,10.0,0,0.009827208000004362
aco_current,10,7396,78,1,4,0.0,0.0,0.0,0.0,0.20313307642936707,False,False,0.0,0.0,0.0,[],10.0,10.0,1,10.0,0,0.009827208000004362
aco_current,10,7397,78,1,1,45.0,200.0,245.0,1.225,1.0,True,True,30.0,200.0,15.0,[1],10.0,10.0,1,10.0,0,0.009698542000009525
aco_current,10,7397,78,1,2,0.0,0.0,0.0,0.0,0.09907747060060501,False,False,0.0,0.0,0.0,[],10.0,10.0,1,10.0,0,0.009698542000009525
aco_current,10,7397,78,1,3,0.0,0.0,0.0,0.0,0.43936213850975037,False,False,0.0,0.0,0.0,[],10.0,10.0,1,10.0,0,0.009698542000009525
aco_current,10,7397,78,1,4,0.0,0.0,0.0,0.0,0.20313307642936707,False,False,0.0,0.0,0.0,[],10.0,10.0,1,10.0,0,0.009698542000009525
aco_current,10,7398,78,1,1,44.0,200.0,244.0,1.22,1.0,True,True,30.0,200.0,14.0,[1],10.0,10.0,1,10.0,0,0.009769167000001744
aco_current,10,7398,78,1,2,0.0,0.0,0.0,0.0,0.09907747060060501,False,False,0.0,0.0,0.0,[],10.0,10.0,1,10.0,0,0.009769167000001744
aco_current,10,7398,78,1,3,0.0,0.0,0.0,0.0,0.43936213850975037,False,False,0.0,0.0,0.0,[],10.0,10.0,1,10.0,0,0.009769167000001744
aco_current,10,7398,78,1,4,0.0,0.0,0.0,0.0,0.20313307642936707,False,False,0.0,0.0,0.0,[],10.0,10.0,1,10.0,0,0.009769167000001744
aco_current,10,7399,78,1,1,45.0,200.0,245.0,1.225,1.0,True,True,30.0,200.0,15.0,[1],10.0,10.0,1,10.0,0,0.009714207999991231
aco_current,10,7399,78,1,2,0.0,0.0,0.0,0.0,0.09907747060060501,False,False,0.0,0.0,0.0,[],10.0,10.0,1,10.0,0,0.009714207999991231
aco_current,10,7399,78,1,3,0.0,0.0,0.0,0.0,0.43936213850975037,False,False,0.0,0.0,0.0,[],10.0,10.0,1,10.0,0,0.009714207999991231
aco_current,10,7399,78,1,4,0.0,0.0,0.0,0.0,0.20313307642936707,False,False,0.0,0.0,0.0,[],10.0,10.0,1,10.0,0,0.009714207999991231
aco_current,10,7400,78,2,1,44.0,200.0,244.0,1.22,1.0,True,True,30.0,200.0,14.0,[1],10.0,10.0,1,10.0,0,0.009397250000006352
aco_current,10,7400,78,2,2,0.0,0.0,0.0,0.0,0.09907747060060501,False,False,0.0,0.0,0.0,[],10.0,10.0,1,10.0,0,0.009397250000006352
aco_current,10,7400,78,2,3,0.0,0.0,0.0,0.0,0.43936213850975037,False,False,0.0,0.0,0.0,[],10.0,10.0,1,10.0,0,0.009397250000006352
aco_current,10,7400,78,2,4,0.0,0.0,0.0,0.0,0.20313307642936707,False,False,0.0,0.0,0.0,[],10.0,10.0,1,10.0,0,0.009397250000006352
aco_current,10,7401,78,2,1,43.0,200.0,243.0,1.215,1.0,True,True,30.0,200.0,13.0,[1],10.0,10.0,1,10.0,0,0.009740582999995695
aco_current,10,7401,78,2,2,0.0,0.0,0.0,0.0,0.09907747060060501,False,False,0.0,0.0,0.0,[],10.0,10.0,1,10.0,0,0.009740582999995695
aco_current,10,7401,78,2,3,0.0,0.0,0.0,0.0,0.43936213850975037,False,False,0.0,0.0,0.0,[],10.0,10.0,1,10.0,0,0.009740582999995695
aco_current,10,7401,78,2,4,0.0,0.0,0.0,0.0,0.20313307642936707,False,False,0.0,0.0,0.0,[],10.0,10.0,1,10.0,0,0.009740582999995695
aco_current,10,7402,78,2,1,46.0,200.0,246.0,1.23,1.0,True,True,30.0,200.0,16.0,[1],10.0,10.0,1,10.0,0,0.009700500000008105
aco_current,10,7402,78,2,2,0.0,0.0,0.0,0.0,0.09907747060060501,False,False,0.0,0.0,0.0,[],10.0,10.0,1,10.0,0,0.009700500000008105
aco_current,10,7402,78,2,3,0.0,0.0,0.0,0.0,0.43936213850975037,False,False,0.0,0.0,0.0,[],10.0,10.0,1,10.0,0,0.009700500000008105
aco_current,10,7402,78,2,4,0.0,0.0,0.0,0.0,0.20313307642936707,False,False,0.0,0.0,0.0,[],10.0,10.0,1,10.0,0,0.009700500000008105
aco_current,10,7403,78,2,1,43.0,200.0,243.0,1.215,1.0,True,True,30.0,200.0,13.0,[1],10.0,10.0,1,10.0,0,0.009676374999997961
aco_current,10,7403,78,2,2,0.0,0.0,0.0,0.0,0.09907747060060501,False,False,0.0,0.0,0.0,[],10.0,10.0,1,10.0,0,0.009676374999997961
aco_current,10,7403,78,2,3,0.0,0.0,0.0,0.0,0.43936213850975037,False,False,0.0,0.0,0.0,[],10.0,10.0,1,10.0,0,0.009676374999997961
aco_current,10,7403,78,2,4,0.0,0.0,0.0,0.0,0.20313307642936707,False,False,0.0,0.0,0.0,[],10.0,10.0,1,10.0,0,0.009676374999997961
aco_current,10,7404,78,3,1,44.0,200.0,244.0,1.22,1.0,True,True,30.0,200.0,14.0,[1],10.0,10.0,1,10.0,0,0.00964954200000534
aco_current,10,7404,78,3,2,0.0,0.0,0.0,0.0,0.09907747060060501,False,False,0.0,0.0,0.0,[],10.0,10.0,1,10.0,0,0.00964954200000534
aco_current,10,7404,78,3,3,0.0,0.0,0.0,0.0,0.43936213850975037,False,False,0.0,0.0,0.0,[],10.0,10.0,1,10.0,0,0.00964954200000534
aco_current,10,7404,78,3,4,0.0,0.0,0.0,0.0,0.20313307642936707,False,False,0.0,0.0,0.0,[],10.0,10.0,1,10.0,0,0.00964954200000534
aco_current,10,7405,78,3,1,44.0,200.0,244.0,1.22,1.0,True,True,30.0,200.0,14.0,[1],10.0,10.0,1,10.0,0,0.009631874999996626
aco_current,10,7405,78,3,2,0.0,0.0,0.0,0.0,0.09907747060060501,False,False,0.0,0.0,0.0,[],10.0,10.0,1,10.0,0,0.009631874999996626
aco_current,10,7405,78,3,3,0.0,0.0,0.0,0.0,0.43936213850975037,False,False,0.0,0.0,0.0,[],10.0,10.0,1,10.0,0,0.009631874999996626
aco_current,10,7405,78,3,4,0.0,0.0,0.0,0.0,0.20313307642936707,False,False,0.0,0.0,0.0,[],10.0,10.0,1,10.0,0,0.009631874999996626
aco_current,10,7406,78,3,1,44.0,200.0,244.0,1.22,1.0,True,True,30.0,200.0,14.0,[1],10.0,10.0,1,10.0,0,0.009584541999998919
aco_current,10,7406,78,3,2,0.0,0.0,0.0,0.0,0.09907747060060501,False,False,0.0,0.0,0.0,[],10.0,10.0,1,10.0,0,0.009584541999998919
aco_current,10,7406,78,3,3,0.0,0.0,0.0,0.0,0.43936213850975037,False,False,0.0,0.0,0.0,[],10.0,10.0,1,10.0,0,0.009584541999998919
aco_current,10,7406,78,3,4,0.0,0.0,0.0,0.0,0.20313307642936707,False,False,0.0,0.0,0.0,[],10.0,10.0,1,10.0,0,0.009584541999998919
aco_current,10,7407,78,3,1,45.0,200.0,245.0,1.225,1.0,True,True,30.0,200.0,15.0,[1],10.0,10.0,1,10.0,0,0.009605166000000054
aco_current,10,7407,78,3,2,0.0,0.0,0.0,0.0,0.09907747060060501,False,False,0.0,0.0,0.0,[],10.0,10.0,1,10.0,0,0.009605166000000054
aco_current,10,7407,78,3,3,0.0,0.0,0.0,0.0,0.43936213850975037,False,False,0.0,0.0,0.0,[],10.0,10.0,1,10.0,0,0.009605166000000054
aco_current,10,7407,78,3,4,0.0,0.0,0.0,0.0,0.20313307642936707,False,False,0.0,0.0,0.0,[],10.0,10.0,1,10.0,0,0.009605166000000054
aco_current,10,7408,78,4,1,43.0,200.0,243.0,1.215,1.0,True,True,30.0,200.0,13.0,[1],10.0,10.0,1,10.0,0,0.009748916999996027
aco_current,10,7408,78,4,2,0.0,0.0,0.0,0.0,0.09907747060060501,False,False,0.0,0.0,0.0,[],10.0,10.0,1,10.0,0,0.009748916999996027
aco_current,10,7408,78,4,3,0.0,0.0,0.0,0.0,0.43936213850975037,False,False,0.0,0.0,0.0,[],10.0,10.0,1,10.0,0,0.009748916999996027
aco_current,10,7408,78,4,4,0.0,0.0,0.0,0.0,0.20313307642936707,False,False,0.0,0.0,0.0,[],10.0,10.0,1,10.0,0,0.009748916999996027
aco_current,10,7409,78,4,1,45.0,200.0,245.0,1.225,1.0,True,True,30.0,200.0,15.0,[1],10.0,10.0,1,10.0,0,0.009503499999993892
aco_current,10,7409,78,4,2,0.0,0.0,0.0,0.0,0.09907747060060501,False,False,0.0,0.0,0.0,[],10.0,10.0,1,10.0,0,0.009503499999993892
aco_current,10,7409,78,4,3,0.0,0.0,0.0,0.0,0.43936213850975037,False,False,0.0,0.0,0.0,[],10.0,10.0,1,10.0,0,0.009503499999993892
aco_current,10,7409,78,4,4,0.0,0.0,0.0,0.0,0.20313307642936707,False,False,0.0,0.0,0.0,[],10.0,10.0,1,10.0,0,0.009503499999993892
aco_current,10,7410,78,4,1,43.0,200.0,243.0,1.215,1.0,True,True,30.0,200.0,13.0,[1],10.0,10.0,1,10.0,0,0.00954637499999933
aco_current,10,7410,78,4,2,0.0,0.0,0.0,0.0,0.09907747060060501,False,False,0.0,0.0,0.0,[],10.0,10.0,1,10.0,0,0.00954637499999933
aco_current,10,7410,78,4,3,0.0,0.0,0.0,0.0,0.43936213850975037,False,False,0.0,0.0,0.0,[],10.0,10.0,1,10.0,0,0.00954637499999933
aco_current,10,7410,78,4,4,0.0,0.0,0.0,0.0,0.20313307642936707,False,False,0.0,0.0,0.0,[],10.0,10.0,1,10.0,0,0.00954637499999933
aco_current,10,7411,78,4,1,46.0,200.0,246.0,1.23,1.0,True,True,30.0,200.0,16.0,[1],10.0,10.0,1,10.0,0,0.009356833000012443
aco_current,10,7411,78,4,2,0.0,0.0,0.0,0.0,0.09907747060060501,False,False,0.0,0.0,0.0,[],10.0,10.0,1,10.0,0,0.009356833000012443
aco_current,10,7411,78,4,3,0.0,0.0,0.0,0.0,0.43936213850975037,False,False,0.0,0.0,0.0,[],10.0,10.0,1,10.0,0,0.009356833000012443
aco_current,10,7411,78,4,4,0.0,0.0,0.0,0.0,0.20313307642936707,False,False,0.0,0.0,0.0,[],10.0,10.0,1,10.0,0,0.009356833000012443
aco_current,10,7412,78,5,1,42.0,200.0,242.0,1.21,1.0,True,True,30.0,200.0,12.0,[1],10.0,10.0,1,10.0,0,0.00957775000000538
aco_current,10,7412,78,5,2,0.0,0.0,0.0,0.0,0.09907747060060501,False,False,0.0,0.0,0.0,[],10.0,10.0,1,10.0,0,0.00957775000000538
aco_current,10,7412,78,5,3,0.0,0.0,0.0,0.0,0.43936213850975037,False,False,0.0,0.0,0.0,[],10.0,10.0,1,10.0,0,0.00957775000000538
aco_current,10,7412,78,5,4,0.0,0.0,0.0,0.0,0.20313307642936707,False,False,0.0,0.0,0.0,[],10.0,10.0,1,10.0,0,0.00957775000000538
aco_current,10,7413,78,5,1,45.0,200.0,245.0,1.225,1.0,True,True,30.0,200.0,15.0,[1],10.0,10.0,1,10.0,0,0.009533292000000415
aco_current,10,7413,78,5,2,0.0,0.0,0.0,0.0,0.09907747060060501,False,False,0.0,0.0,0.0,[],10.0,10.0,1,10.0,0,0.009533292000000415
aco_current,10,7413,78,5,3,0.0,0.0,0.0,0.0,0.43936213850975037,False,False,0.0,0.0,0.0,[],10.0,10.0,1,10.0,0,0.009533292000000415
aco_current,10,7413,78,5,4,0.0,0.0,0.0,0.0,0.20313307642936707,False,False,0.0,0.0,0.0,[],10.0,10.0,1,10.0,0,0.009533292000000415
aco_current,10,7414,78,5,1,45.0,200.0,245.0,1.225,1.0,True,True,30.0,200.0,15.0,[1],10.0,10.0,1,10.0,0,0.009587332999998921
aco_current,10,7414,78,5,2,0.0,0.0,0.0,0.0,0.09907747060060501,False,False,0.0,0.0,0.0,[],10.0,10.0,1,10.0,0,0.009587332999998921
aco_current,10,7414,78,5,3,0.0,0.0,0.0,0.0,0.43936213850975037,False,False,0.0,0.0,0.0,[],10.0,10.0,1,10.0,0,0.009587332999998921
aco_current,10,7414,78,5,4,0.0,0.0,0.0,0.0,0.20313307642936707,False,False,0.0,0.0,0.0,[],10.0,10.0,1,10.0,0,0.009587332999998921
aco_current,10,7415,78,5,1,44.0,200.0,244.0,1.22,1.0,True,True,30.0,200.0,14.0,[1],10.0,10.0,1,10.0,0,0.009665583999989735
aco_current,10,7415,78,5,2,0.0,0.0,0.0,0.0,0.09907747060060501,False,False,0.0,0.0,0.0,[],10.0,10.0,1,10.0,0,0.009665583999989735
aco_current,10,7415,78,5,3,0.0,0.0,0.0,0.0,0.43936213850975037,False,False,0.0,0.0,0.0,[],10.0,10.0,1,10.0,0,0.009665583999989735
aco_current,10,7415,78,5,4,0.0,0.0,0.0,0.0,0.20313307642936707,False,False,0.0,0.0,0.0,[],10.0,10.0,1,10.0,0,0.009665583999989735
aco_current,10,7416,78,6,1,43.0,200.0,243.0,1.215,1.0,True,True,30.0,200.0,13.0,[1],10.0,10.0,1,10.0,0,0.009524666000004345
aco_current,10,7416,78,6,2,0.0,0.0,0.0,0.0,0.09907747060060501,False,False,0.0,0.0,0.0,[],10.0,10.0,1,10.0,0,0.009524666000004345
aco_current,10,7416,78,6,3,0.0,0.0,0.0,0.0,0.43936213850975037,False,False,0.0,0.0,0.0,[],10.0,10.0,1,10.0,0,0.009524666000004345
aco_current,10,7416,78,6,4,0.0,0.0,0.0,0.0,0.20313307642936707,False,False,0.0,0.0,0.0,[],10.0,10.0,1,10.0,0,0.009524666000004345
aco_current,10,7417,78,6,1,45.0,200.0,245.0,1.225,1.0,True,True,30.0,200.0,15.0,[1],10.0,10.0,1,10.0,0,0.009652250000002027
aco_current,10,7417,78,6,2,0.0,0.0,0.0,0.0,0.09907747060060501,False,False,0.0,0.0,0.0,[],10.0,10.0,1,10.0,0,0.009652250000002027
aco_current,10,7417,78,6,3,0.0,0.0,0.0,0.0,0.43936213850975037,False,False,0.0,0.0,0.0,[],10.0,10.0,1,10.0,0,0.009652250000002027
aco_current,10,7417,78,6,4,0.0,0.0,0.0,0.0,0.20313307642936707,False,False,0.0,0.0,0.0,[],10.0,10.0,1,10.0,0,0.009652250000002027
aco_current,10,7418,78,6,1,44.0,200.0,244.0,1.22,1.0,True,True,30.0,200.0,14.0,[1],10.0,10.0,1,10.0,0,0.00967979200000002
aco_current,10,7418,78,6,2,0.0,0.0,0.0,0.0,0.09907747060060501,False,False,0.0,0.0,0.0,[],10.0,10.0,1,10.0,0,0.00967979200000002
aco_current,10,7418,78,6,3,0.0,0.0,0.0,0.0,0.43936213850975037,False,False,0.0,0.0,0.0,[],10.0,10.0,1,10.0,0,0.00967979200000002
aco_current,10,7418,78,6,4,0.0,0.0,0.0,0.0,0.20313307642936707,False,False,0.0,0.0,0.0,[],10.0,10.0,1,10.0,0,0.00967979200000002
aco_current,10,7419,78,6,1,44.0,200.0,244.0,1.22,1.0,True,True,30.0,200.0,14.0,[1],10.0,10.0,1,10.0,0,0.009593375000008564
aco_current,10,7419,78,6,2,0.0,0.0,0.0,0.0,0.09907747060060501,False,False,0.0,0.0,0.0,[],10.0,10.0,1,10.0,0,0.009593375000008564
aco_current,10,7419,78,6,3,0.0,0.0,0.0,0.0,0.43936213850975037,False,False,0.0,0.0,0.0,[],10.0,10.0,1,10.0,0,0.009593375000008564
aco_current,10,7419,78,6,4,0.0,0.0,0.0,0.0,0.20313307642936707,False,False,0.0,0.0,0.0,[],10.0,10.0,1,10.0,0,0.009593375000008564
aco_current,10,7420,78,7,1,44.0,200.0,244.0,1.22,1.0,True,True,30.0,200.0,14.0,[1],10.0,10.0,1,10.0,0,0.009622083000010662
aco_current,10,7420,78,7,2,0.0,0.0,0.0,0.0,0.09907747060060501,False,False,0.0,0.0,0.0,[],10.0,10.0,1,10.0,0,0.009622083000010662
aco_current,10,7420,78,7,3,0.0,0.0,0.0,0.0,0.43936213850975037,False,False,0.0,0.0,0.0,[],10.0,10.0,1,10.0,0,0.009622083000010662
aco_current,10,7420,78,7,4,0.0,0.0,0.0,0.0,0.20313307642936707,False,False,0.0,0.0,0.0,[],10.0,10.0,1,10.0,0,0.009622083000010662
aco_current,10,7421,78,7,1,44.0,200.0,244.0,1.22,1.0,True,True,30.0,200.0,14.0,[1],10.0,10.0,1,10.0,0,0.009395084000004772
aco_current,10,7421,78,7,2,0.0,0.0,0.0,0.0,0.09907747060060501,False,False,0.0,0.0,0.0,[],10.0,10.0,1,10.0,0,0.009395084000004772
aco_current,10,7421,78,7,3,0.0,0.0,0.0,0.0,0.43936213850975037,False,False,0.0,0.0,0.0,[],10.0,10.0,1,10.0,0,0.009395084000004772
aco_current,10,7421,78,7,4,0.0,0.0,0.0,0.0,0.20313307642936707,False,False,0.0,0.0,0.0,[],10.0,10.0,1,10.0,0,0.009395084000004772
aco_current,10,7422,78,7,1,41.0,200.0,241.0,1.205,1.0,True,True,30.0,200.0,11.0,[1],10.0,10.0,1,10.0,0,0.009522291999999766
aco_current,10,7422,78,7,2,0.0,0.0,0.0,0.0,0.09907747060060501,False,False,0.0,0.0,0.0,[],10.0,10.0,1,10.0,0,0.009522291999999766
aco_current,10,7422,78,7,3,0.0,0.0,0.0,0.0,0.43936213850975037,False,False,0.0,0.0,0.0,[],10.0,10.0,1,10.0,0,0.009522291999999766
aco_current,10,7422,78,7,4,0.0,0.0,0.0,0.0,0.20313307642936707,False,False,0.0,0.0,0.0,[],10.0,10.0,1,10.0,0,0.009522291999999766
aco_current,10,7423,78,7,1,36.0,200.0,236.0,1.18,1.0,True,True,30.0,200.0,6.0,[1],10.0,10.0,1,10.0,0,0.009605875000005426
aco_current,10,7423,78,7,2,0.0,0.0,0.0,0.0,0.09907747060060501,False,False,0.0,0.0,0.0,[],10.0,10.0,1,10.0,0,0.009605875000005426
aco_current,10,7423,78,7,3,0.0,0.0,0.0,0.0,0.43936213850975037,False,False,0.0,0.0,0.0,[],10.0,10.0,1,10.0,0,0.009605875000005426
aco_current,10,7423,78,7,4,0.0,0.0,0.0,0.0,0.20313307642936707,False,False,0.0,0.0,0.0,[],10.0,10.0,1,10.0,0,0.009605875000005426
aco_current,10,7424,78,8,1,27.0,200.0,227.0,1.135,1.0,True,True,30.0,197.0,0.0,[1],10.0,10.0,1,10.0,0,0.009730291999986207
aco_current,10,7424,78,8,2,0.0,0.0,0.0,0.0,0.09907747060060501,False,False,0.0,0.0,0.0,[],10.0,10.0,1,10.0,0,0.009730291999986207
aco_current,10,7424,78,8,3,0.0,0.0,0.0,0.0,0.43936213850975037,False,False,0.0,0.0,0.0,[],10.0,10.0,1,10.0,0,0.009730291999986207
aco_current,10,7424,78,8,4,0.0,0.0,0.0,0.0,0.20313307642936707,False,False,0.0,0.0,0.0,[],10.0,10.0,1,10.0,0,0.009730291999986207
aco_current,10,7425,78,8,1,28.0,197.0,225.0,1.125,1.0,True,True,30.0,195.0,0.0,[1],10.0,10.0,1,10.0,0,0.009596583000003989
aco_current,10,7425,78,8,2,0.0,0.0,0.0,0.0,0.09907747060060501,False,False,0.0,0.0,0.0,[],10.0,10.0,1,10.0,0,0.009596583000003989
aco_current,10,7425,78,8,3,0.0,0.0,0.0,0.0,0.43936213850975037,False,False,0.0,0.0,0.0,[],10.0,10.0,1,10.0,0,0.009596583000003989
aco_current,10,7425,78,8,4,0.0,0.0,0.0,0.0,0.20313307642936707,False,False,0.0,0.0,0.0,[],10.0,10.0,1,10.0,0,0.009596583000003989
aco_current,10,7426,78,8,1,28.0,195.0,223.0,1.115,1.0,True,True,30.0,193.0,0.0,[1],10.0,10.0,1,10.0,0,0.00939129200000366
aco_current,10,7426,78,8,2,0.0,0.0,0.0,0.0,0.09907747060060501,False,False,0.0,0.0,0.0,[],10.0,10.0,1,10.0,0,0.00939129200000366
aco_current,10,7426,78,8,3,0.0,0.0,0.0,0.0,0.43936213850975037,False,False,0.0,0.0,0.0,[],10.0,10.0,1,10.0,0,0.00939129200000366
aco_current,10,7426,78,8,4,0.0,0.0,0.0,0.0,0.20313307642936707,False,False,0.0,0.0,0.0,[],10.0,10.0,1,10.0,0,0.00939129200000366
aco_current,10,7427,78,8,1,28.0,193.0,221.0,1.105,1.0,True,True,30.0,191.0,0.0,[1],10.0,10.0,1,10.0,0,0.009464875000006145
aco_current,10,7427,78,8,2,0.0,0.0,0.0,0.0,0.09907747060060501,False,False,0.0,0.0,0.0,[],10.0,10.0,1,10.0,0,0.009464875000006145
aco_current,10,7427,78,8,3,0.0,0.0,0.0,0.0,0.43936213850975037,False,False,0.0,0.0,0.0,[],10.0,10.0,1,10.0,0,0.009464875000006145
aco_current,10,7427,78,8,4,0.0,0.0,0.0,0.0,0.20313307642936707,False,False,0.0,0.0,0.0,[],10.0,10.0,1,10.0,0,0.009464875000006145
aco_current,10,7428,78,9,1,29.0,191.0,220.0,1.1,1.0,True,True,30.0,190.0,0.0,[1],10.0,10.0,1,10.0,0,0.009629291999999623
aco_current,10,7428,78,9,2,0.0,0.0,0.0,0.0,0.09907747060060501,False,False,0.0,0.0,0.0,[],10.0,10.0,1,10.0,0,0.009629291999999623
aco_current,10,7428,78,9,3,0.0,0.0,0.0,0.0,0.43936213850975037,False,False,0.0,0.0,0.0,[],10.0,10.0,1,10.0,0,0.009629291999999623
aco_current,10,7428,78,9,4,0.0,0.0,0.0,0.0,0.20313307642936707,False,False,0.0,0.0,0.0,[],10.0,10.0,1,10.0,0,0.009629291999999623
aco_current,10,7429,78,9,1,27.0,190.0,217.0,1.085,1.0,True,True,30.0,187.0,0.0,[1],10.0,10.0,1,10.0,0,0.009647166999997125
aco_current,10,7429,78,9,2,0.0,0.0,0.0,0.0,0.09907747060060501,False,False,0.0,0.0,0.0,[],10.0,10.0,1,10.0,0,0.009647166999997125
aco_current,10,7429,78,9,3,0.0,0.0,0.0,0.0,0.43936213850975037,False,False,0.0,0.0,0.0,[],10.0,10.0,1,10.0,0,0.009647166999997125
aco_current,10,7429,78,9,4,0.0,0.0,0.0,0.0,0.20313307642936707,False,False,0.0,0.0,0.0,[],10.0,10.0,1,10.0,0,0.009647166999997125
aco_current,10,7430,78,9,1,28.0,187.0,215.0,1.075,1.0,True,True,30.0,185.0,0.0,[1],10.0,10.0,1,10.0,0,0.009590124999988348
aco_current,10,7430,78,9,2,0.0,0.0,0.0,0.0,0.09907747060060501,False,False,0.0,0.0,0.0,[],10.0,10.0,1,10.0,0,0.009590124999988348
aco_current,10,7430,78,9,3,0.0,0.0,0.0,0.0,0.43936213850975037,False,False,0.0,0.0,0.0,[],10.0,10.0,1,10.0,0,0.009590124999988348
aco_current,10,7430,78,9,4,0.0,0.0,0.0,0.0,0.20313307642936707,False,False,0.0,0.0,0.0,[],10.0,10.0,1,10.0,0,0.009590124999988348
aco_current,10,7431,78,9,1,28.0,185.0,213.0,1.065,1.0,True,True,30.0,183.0,0.0,[1],10.0,10.0,1,10.0,0,0.009595750000002568
aco_current,10,7431,78,9,2,0.0,0.0,0.0,0.0,0.09907747060060501,False,False,0.0,0.0,0.0,[],10.0,10.0,1,10.0,0,0.009595750000002568
aco_current,10,7431,78,9,3,0.0,0.0,0.0,0.0,0.43936213850975037,False,False,0.0,0.0,0.0,[],10.0,10.0,1,10.0,0,0.009595750000002568
aco_current,10,7431,78,9,4,0.0,0.0,0.0,0.0,0.20313307642936707,False,False,0.0,0.0,0.0,[],10.0,10.0,1,10.0,0,0.009595750000002568
aco_current,10,7432,78,10,1,28.0,183.0,211.0,1.055,1.0,True,True,30.0,181.0,0.0,[1],10.0,10.0,1,10.0,0,0.00939524999999719
aco_current,10,7432,78,10,2,0.0,0.0,0.0,0.0,0.09907747060060501,False,False,0.0,0.0,0.0,[],10.0,10.0,1,10.0,0,0.00939524999999719
aco_current,10,7432,78,10,3,0.0,0.0,0.0,0.0,0.43936213850975037,False,False,0.0,0.0,0.0,[],10.0,10.0,1,10.0,0,0.00939524999999719
aco_current,10,7432,78,10,4,0.0,0.0,0.0,0.0,0.20313307642936707,False,False,0.0,0.0,0.0,[],10.0,10.0,1,10.0,0,0.00939524999999719
aco_current,10,7433,78,10,1,27.0,181.0,208.0,1.04,1.0,True,True,30.0,178.0,0.0,[1],10.0,10.0,1,10.0,0,0.009554291000000603
aco_current,10,7433,78,10,2,0.0,0.0,0.0,0.0,0.09907747060060501,False,False,0.0,0.0,0.0,[],10.0,10.0,1,10.0,0,0.009554291000000603
aco_current,10,7433,78,10,3,0.0,0.0,0.0,0.0,0.43936213850975037,False,False,0.0,0.0,0.0,[],10.0,10.0,1,10.0,0,0.009554291000000603
aco_current,10,7433,78,10,4,0.0,0.0,0.0,0.0,0.20313307642936707,False,False,0.0,0.0,0.0,[],10.0,10.0,1,10.0,0,0.009554291000000603
aco_current,10,7434,78,10,1,29.0,178.0,207.0,1.035,1.0,True,True,30.0,177.0,0.0,[1],10.0,10.0,1,10.0,0,0.009608333000002744
aco_current,10,7434,78,10,2,0.0,0.0,0.0,0.0,0.09907747060060501,False,False,0.0,0.0,0.0,[],10.0,10.0,1,10.0,0,0.009608333000002744
aco_current,10,7434,78,10,3,0.0,0.0,0.0,0.0,0.43936213850975037,False,False,0.0,0.0,0.0,[],10.0,10.0,1,10.0,0,0.009608333000002744
aco_current,10,7434,78,10,4,0.0,0.0,0.0,0.0,0.20313307642936707,False,False,0.0,0.0,0.0,[],10.0,10.0,1,10.0,0,0.009608333000002744
aco_current,10,7435,78,10,1,28.0,177.0,205.0,1.025,1.0,True,True,30.0,175.0,0.0,[1],10.0,10.0,1,10.0,0,0.009477542000013273
aco_current,10,7435,78,10,2,0.0,0.0,0.0,0.0,0.09907747060060501,False,False,0.0,0.0,0.0,[],10.0,10.0,1,10.0,0,0.009477542000013273
aco_current,10,7435,78,10,3,0.0,0.0,0.0,0.0,0.43936213850975037,False,False,0.0,0.0,0.0,[],10.0,10.0,1,10.0,0,0.009477542000013273
aco_current,10,7435,78,10,4,0.0,0.0,0.0,0.0,0.20313307642936707,False,False,0.0,0.0,0.0,[],10.0,10.0,1,10.0,0,0.009477542000013273
aco_current,10,7436,78,11,1,27.0,175.0,202.0,1.01,1.0,True,True,30.0,172.0,0.0,[1],10.0,10.0,1,10.0,0,0.00952999999999804
aco_current,10,7436,78,11,2,0.0,0.0,0.0,0.0,0.09907747060060501,False,False,0.0,0.0,0.0,[],10.0,10.0,1,10.0,0,0.00952999999999804
aco_current,10,7436,78,11,3,0.0,0.0,0.0,0.0,0.43936213850975037,False,False,0.0,0.0,0.0,[],10.0,10.0,1,10.0,0,0.00952999999999804
aco_current,10,7436,78,11,4,0.0,0.0,0.0,0.0,0.20313307642936707,False,False,0.0,0.0,0.0,[],10.0,10.0,1,10.0,0,0.00952999999999804
aco_current,10,7437,78,11,1,29.0,172.0,201.0,1.005,1.0,True,True,30.0,171.0,0.0,[1],10.0,10.0,1,10.0,0,0.009568916000006311
aco_current,10,7437,78,11,2,0.0,0.0,0.0,0.0,0.09907747060060501,False,False,0.0,0.0,0.0,[],10.0,10.0,1,10.0,0,0.009568916000006311
aco_current,10,7437,78,11,3,0.0,0.0,0.0,0.0,0.43936213850975037,False,False,0.0,0.0,0.0,[],10.0,10.0,1,10.0,0,0.009568916000006311
aco_current,10,7437,78,11,4,0.0,0.0,0.0,0.0,0.20313307642936707,False,False,0.0,0.0,0.0,[],10.0,10.0,1,10.0,0,0.009568916000006311
aco_current,10,7438,78,11,1,27.0,171.0,198.0,0.99,1.0,True,True,30.0,168.0,0.0,[1],10.0,10.0,1,10.0,0,0.00965145799999334
aco_current,10,7438,78,11,2,0.0,0.0,0.0,0.0,0.09907747060060501,False,False,0.0,0.0,0.0,[],10.0,10.0,1,10.0,0,0.00965145799999334
aco_current,10,7438,78,11,3,0.0,0.0,0.0,0.0,0.43936213850975037,False,False,0.0,0.0,0.0,[],10.0,10.0,1,10.0,0,0.00965145799999334
aco_current,10,7438,78,11,4,0.0,0.0,0.0,0.0,0.20313307642936707,False,False,0.0,0.0,0.0,[],10.0,10.0,1,10.0,0,0.00965145799999334
aco_current,10,7439,78,11,1,28.0,168.0,196.0,0.98,1.0,True,True,30.0,166.0,0.0,[1],10.0,10.0,1,10.0,0,0.009658583000003773
aco_current,10,7439,78,11,2,0.0,0.0,0.0,0.0,0.09907747060060501,False,False,0.0,0.0,0.0,[],10.0,10.0,1,10.0,0,0.009658583000003773
aco_current,10,7439,78,11,3,0.0,0.0,0.0,0.0,0.43936213850975037,False,False,0.0,0.0,0.0,[],10.0,10.0,1,10.0,0,0.009658583000003773
aco_current,10,7439,78,11,4,0.0,0.0,0.0,0.0,0.20313307642936707,False,False,0.0,0.0,0.0,[],10.0,10.0,1,10.0,0,0.009658583000003773
aco_current,10,7440,78,12,1,19.0,166.0,185.0,0.925,0.9999998807907104,True,True,30.0,155.0,0.0,[1],10.0,10.0,1,10.0,0,0.009571457999996369
aco_current,10,7440,78,12,2,0.0,0.0,0.0,0.0,0.09907747060060501,False,False,0.0,0.0,0.0,[],10.0,10.0,1,10.0,0,0.009571457999996369
aco_current,10,7440,78,12,3,0.0,0.0,0.0,0.0,0.43936213850975037,False,False,0.0,0.0,0.0,[],10.0,10.0,1,10.0,0,0.009571457999996369
aco_current,10,7440,78,12,4,0.0,0.0,0.0,0.0,0.20313307642936707,False,False,0.0,0.0,0.0,[],10.0,10.0,1,10.0,0,0.009571457999996369
aco_current,10,7441,78,12,1,19.0,155.0,174.0,0.87,0.9999980330467224,True,True,30.0,144.0,0.0,[1],10.0,10.0,1,10.0,0,0.009470249999992575
aco_current,10,7441,78,12,2,0.0,0.0,0.0,0.0,0.09907747060060501,False,False,0.0,0.0,0.0,[],10.0,10.0,1,10.0,0,0.009470249999992575
aco_current,10,7441,78,12,3,0.0,0.0,0.0,0.0,0.43936213850975037,False,False,0.0,0.0,0.0,[],10.0,10.0,1,10.0,0,0.009470249999992575
aco_current,10,7441,78,12,4,0.0,0.0,0.0,0.0,0.20313307642936707,False,False,0.0,0.0,0.0,[],10.0,10.0,1,10.0,0,0.009470249999992575
aco_current,10,7442,78,12,1,15.0,144.0,159.0,0.795,0.9995889067649841,False,False,0.0,159.0,0.0,[],0.0,0.0,0,0.0,0,2.7920000036374404e-06
aco_current,10,7442,78,12,2,0.0,0.0,0.0,0.0,0.09907747060060501,False,False,0.0,0.0,0.0,[],0.0,0.0,0,0.0,0,2.7920000036374404e-06
aco_current,10,7442,78,12,3,0.0,0.0,0.0,0.0,0.43936213850975037,False,False,0.0,0.0,0.0,[],0.0,0.0,0,0.0,0,2.7920000036374404e-06
aco_current,10,7442,78,12,4,0.0,0.0,0.0,0.0,0.20313307642936707,False,False,0.0,0.0,0.0,[],0.0,0.0,0,0.0,0,2.7920000036374404e-06
aco_current,10,7443,78,12,1,11.0,159.0,170.0,0.85,0.9998987317085266,True,True,30.0,140.0,0.0,[1],10.0,10.0,1,10.0,0,0.009411416999995481
aco_current,10,7443,78,12,2,0.0,0.0,0.0,0.0,0.09907747060060501,False,False,0.0,0.0,0.0,[],10.0,10.0,1,10.0,0,0.009411416999995481
aco_current,10,7443,78,12,3,0.0,0.0,0.0,0.0,0.43936213850975037,False,False,0.0,0.0,0.0,[],10.0,10.0,1,10.0,0,0.009411416999995481
aco_current,10,7443,78,12,4,0.0,0.0,0.0,0.0,0.20313307642936707,False,False,0.0,0.0,0.0,[],10.0,10.0,1,10.0,0,0.009411416999995481
aco_current,10,7444,78,13,1,10.0,140.0,150.0,0.75,0.9850512742996216,False,False,0.0,150.0,0.0,[],0.0,0.0,0,0.0,0,2.7499999930569174e-06
aco_current,10,7444,78,13,2,0.0,0.0,0.0,0.0,0.09907747060060501,False,False,0.0,0.0,0.0,[],0.0,0.0,0,0.0,0,2.7499999930569174e-06
aco_current,10,7444,78,13,3,0.0,0.0,0.0,0.0,0.43936213850975037,False,False,0.0,0.0,0.0,[],0.0,0.0,0,0.0,0,2.7499999930569174e-06
aco_current,10,7444,78,13,4,0.0,0.0,0.0,0.0,0.20313307642936707,False,False,0.0,0.0,0.0,[],0.0,0.0,0,0.0,0,2.7499999930569174e-06
aco_current,10,7445,78,13,1,10.0,150.0,160.0,0.8,0.9978334307670593,True,True,30.0,130.0,0.0,[1],10.0,10.0,1,10.0,0,0.009589207999994187
aco_current,10,7445,78,13,2,0.0,0.0,0.0,0.0,0.09907747060060501,False,False,0.0,0.0,0.0,[],10.0,10.0,1,10.0,0,0.009589207999994187
aco_current,10,7445,78,13,3,0.0,0.0,0.0,0.0,0.43936213850975037,False,False,0.0,0.0,0.0,[],10.0,10.0,1,10.0,0,0.009589207999994187
aco_current,10,7445,78,13,4,0.0,0.0,0.0,0.0,0.20313307642936707,False,False,0.0,0.0,0.0,[],10.0,10.0,1,10.0,0,0.009589207999994187
aco_current,10,7446,78,13,1,11.0,130.0,141.0,0.705,0.9745675325393677,False,False,0.0,141.0,0.0,[],0.0,0.0,0,0.0,0,2.624999993372512e-06
aco_current,10,7446,78,13,2,0.0,0.0,0.0,0.0,0.09907747060060501,False,False,0.0,0.0,0.0,[],0.0,0.0,0,0.0,0,2.624999993372512e-06
aco_current,10,7446,78,13,3,0.0,0.0,0.0,0.0,0.43936213850975037,False,False,0.0,0.0,0.0,[],0.0,0.0,0,0.0,0,2.624999993372512e-06
aco_current,10,7446,78,13,4,0.0,0.0,0.0,0.0,0.20313307642936707,False,False,0.0,0.0,0.0,[],0.0,0.0,0,0.0,0,2.624999993372512e-06
aco_current,10,7447,78,13,1,10.0,141.0,151.0,0.755,0.988452672958374,False,False,0.0,151.0,0.0,[],0.0,0.0,0,0.0,0,3.0829999957404652e-06
aco_current,10,7447,78,13,2,0.0,0.0,0.0,0.0,0.09907747060060501,False,False,0.0,0.0,0.0,[],0.0,0.0,0,0.0,0,3.0829999957404652e-06
aco_current,10,7447,78,13,3,0.0,0.0,0.0,0.0,0.43936213850975037,False,False,0.0,0.0,0.0,[],0.0,0.0,0,0.0,0,3.0829999957404652e-06
aco_current,10,7447,78,13,4,0.0,0.0,0.0,0.0,0.20313307642936707,False,False,0.0,0.0,0.0,[],0.0,0.0,0,0.0,0,3.0829999957404652e-06
aco_current,10,7448,78,14,1,10.0,151.0,161.0,0.805,0.9983381032943726,True,True,30.0,131.0,0.0,[1],10.0,10.0,1,10.0,0,0.009656958000007876
aco_current,10,7448,78,14,2,0.0,0.0,0.0,0.0,0.09907747060060501,False,False,0.0,0.0,0.0,[],10.0,10.0,1,10.0,0,0.009656958000007876
aco_current,10,7448,78,14,3,0.0,0.0,0.0,0.0,0.43936213850975037,False,False,0.0,0.0,0.0,[],10.0,10.0,1,10.0,0,0.009656958000007876
aco_current,10,7448,78,14,4,0.0,0.0,0.0,0.0,0.20313307642936707,False,False,0.0,0.0,0.0,[],10.0,10.0,1,10.0,0,0.009656958000007876
aco_current,10,7449,78,14,1,11.0,131.0,142.0,0.71,0.9768160581588745,False,False,0.0,142.0,0.0,[],0.0,0.0,0,0.0,0,2.333000011844888e-06
aco_current,10,7449,78,14,2,0.0,0.0,0.0,0.0,0.09907747060060501,False,False,0.0,0.0,0.0,[],0.0,0.0,0,0.0,0,2.333000011844888e-06
aco_current,10,7449,78,14,3,0.0,0.0,0.0,0.0,0.43936213850975037,False,False,0.0,0.0,0.0,[],0.0,0.0,0,0.0,0,2.333000011844888e-06
aco_current,10,7449,78,14,4,0.0,0.0,0.0,0.0,0.20313307642936707,False,False,0.0,0.0,0.0,[],0.0,0.0,0,0.0,0,2.333000011844888e-06
aco_current,10,7450,78,14,1,10.0,142.0,152.0,0.76,0.9897937774658203,False,False,0.0,152.0,0.0,[],0.0,0.0,0,0.0,0,3.1659999990552024e-06
aco_current,10,7450,78,14,2,0.0,0.0,0.0,0.0,0.09907747060060501,False,False,0.0,0.0,0.0,[],0.0,0.0,0,0.0,0,3.1659999990552024e-06
aco_current,10,7450,78,14,3,0.0,0.0,0.0,0.0,0.43936213850975037,False,False,0.0,0.0,0.0,[],0.0,0.0,0,0.0,0,3.1659999990552024e-06
aco_current,10,7450,78,14,4,0.0,0.0,0.0,0.0,0.20313307642936707,False,False,0.0,0.0,0.0,[],0.0,0.0,0,0.0,0,3.1659999990552024e-06
aco_current,10,7451,78,14,1,10.0,152.0,162.0,0.81,0.9987128376960754,True,True,30.0,132.0,0.0,[1],10.0,10.0,1,10.0,0,0.009633292000003735
aco_current,10,7451,78,14,2,0.0,0.0,0.0,0.0,0.09907747060060501,False,False,0.0,0.0,0.0,[],10.0,10.0,1,10.0,0,0.009633292000003735
aco_current,10,7451,78,14,3,0.0,0.0,0.0,0.0,0.43936213850975037,False,False,0.0,0.0,0.0,[],10.0,10.0,1,10.0,0,0.009633292000003735
aco_current,10,7451,78,14,4,0.0,0.0,0.0,0.0,0.20313307642936707,False,False,0.0,0.0,0.0,[],10.0,10.0,1,10.0,0,0.009633292000003735
aco_current,10,7452,78,15,1,11.0,132.0,143.0,0.715,0.9788840413093567,False,False,0.0,143.0,0.0,[],0.0,0.0,0,0.0,0,2.4160000009487703e-06
aco_current,10,7452,78,15,2,0.0,0.0,0.0,0.0,0.09907747060060501,False,False,0.0,0.0,0.0,[],0.0,0.0,0,0.0,0,2.4160000009487703e-06
aco_current,10,7452,78,15,3,0.0,0.0,0.0,0.0,0.43936213850975037,False,False,0.0,0.0,0.0,[],0.0,0.0,0,0.0,0,2.4160000009487703e-06
aco_current,10,7452,78,15,4,0.0,0.0,0.0,0.0,0.20313307642936707,False,False,0.0,0.0,0.0,[],0.0,0.0,0,0.0,0,2.4160000009487703e-06
aco_current,10,7453,78,15,1,10.0,143.0,153.0,0.765,0.9909735918045044,False,False,0.0,153.0,0.0,[],0.0,0.0,0,0.0,0,3.040999999370797e-06
aco_current,10,7453,78,15,2,0.0,0.0,0.0,0.0,0.09907747060060501,False,False,0.0,0.0,0.0,[],0.0,0.0,0,0.0,0,3.040999999370797e-06
aco_current,10,7453,78,15,3,0.0,0.0,0.0,0.0,0.43936213850975037,False,False,0.0,0.0,0.0,[],0.0,0.0,0,0.0,0,3.040999999370797e-06
aco_current,10,7453,78,15,4,0.0,0.0,0.0,0.0,0.20313307642936707,False,False,0.0,0.0,0.0,[],0.0,0.0,0,0.0,0,3.040999999370797e-06
aco_current,10,7454,78,15,1,8.0,153.0,161.0,0.805,0.9968346953392029,True,True,30.0,131.0,0.0,[1],10.0,10.0,1,10.0,0,0.009501916999994364
aco_current,10,7454,78,15,2,0.0,0.0,0.0,0.0,0.09907747060060501,False,False,0.0,0.0,0.0,[],10.0,10.0,1,10.0,0,0.009501916999994364
aco_current,10,7454,78,15,3,0.0,0.0,0.0,0.0,0.43936213850975037,False,False,0.0,0.0,0.0,[],10.0,10.0,1,10.0,0,0.009501916999994364
aco_current,10,7454,78,15,4,0.0,0.0,0.0,0.0,0.20313307642936707,False,False,0.0,0.0,0.0,[],10.0,10.0,1,10.0,0,0.009501916999994364
aco_current,10,7455,78,15,1,0.0,131.0,131.0,0.655,0.1535918116569519,False,False,0.0,131.0,0.0,[],0.0,0.0,0,0.0,0,2.291000001264365e-06
aco_current,10,7455,78,15,2,0.0,0.0,0.0,0.0,0.09907747060060501,False,False,0.0,0.0,0.0,[],0.0,0.0,0,0.0,0,2.291000001264365e-06
aco_current,10,7455,78,15,3,0.0,0.0,0.0,0.0,0.43936213850975037,False,False,0.0,0.0,0.0,[],0.0,0.0,0,0.0,0,2.291000001264365e-06
aco_current,10,7455,78,15,4,0.0,0.0,0.0,0.0,0.20313307642936707,False,False,0.0,0.0,0.0,[],0.0,0.0,0,0.0,0,2.291000001264365e-06
aco_current,10,7456,78,16,1,0.0,131.0,131.0,0.655,0.22510811686515808,False,False,0.0,131.0,0.0,[],0.0,0.0,0,0.0,0,2.0420000055310084e-06
aco_current,10,7456,78,16,2,0.0,0.0,0.0,0.0,0.09907747060060501,False,False,0.0,0.0,0.0,[],0.0,0.0,0,0.0,0,2.0420000055310084e-06
aco_current,10,7456,78,16,3,0.0,0.0,0.0,0.0,0.43936213850975037,False,False,0.0,0.0,0.0,[],0.0,0.0,0,0.0,0,2.0420000055310084e-06
aco_current,10,7456,78,16,4,0.0,0.0,0.0,0.0,0.20313307642936707,False,False,0.0,0.0,0.0,[],0.0,0.0,0,0.0,0,2.0420000055310084e-06
aco_current,10,7457,78,16,1,0.0,131.0,131.0,0.655,0.31133589148521423,False,False,0.0,131.0,0.0,[],0.0,0.0,0,0.0,0,2.249999994319296e-06
aco_current,10,7457,78,16,2,0.0,0.0,0.0,0.0,0.09907747060060501,False,False,0.0,0.0,0.0,[],0.0,0.0,0,0.0,0,2.249999994319296e-06
aco_current,10,7457,78,16,3,0.0,0.0,0.0,0.0,0.43936213850975037,False,False,0.0,0.0,0.0,[],0.0,0.0,0,0.0,0,2.249999994319296e-06
aco_current,10,7457,78,16,4,0.0,0.0,0.0,0.0,0.20313307642936707,False,False,0.0,0.0,0.0,[],0.0,0.0,0,0.0,0,2.249999994319296e-06
aco_current,10,7458,78,16,1,0.0,131.0,131.0,0.655,0.41171473264694214,False,False,0.0,131.0,0.0,[],0.0,0.0,0,0.0,0,1.8329999988964119e-06
aco_current,10,7458,78,16,2,0.0,0.0,0.0,0.0,0.09907747060060501,False,False,0.0,0.0,0.0,[],0.0,0.0,0,0.0,0,1.8329999988964119e-06
aco_current,10,7458,78,16,3,0.0,0.0,0.0,0.0,0.43936213850975037,False,False,0.0,0.0,0.0,[],0.0,0.0,0,0.0,0,1.8329999988964119e-06
aco_current,10,7458,78,16,4,0.0,0.0,0.0,0.0,0.20313307642936707,False,False,0.0,0.0,0.0,[],0.0,0.0,0,0.0,0,1.8329999988964119e-06
aco_current,10,7459,78,16,1,0.0,131.0,131.0,0.655,0.41171473264694214,False,False,0.0,131.0,0.0,[],0.0,0.0,0,0.0,0,2.958999999691514e-06
aco_current,10,7459,78,16,2,0.0,0.0,0.0,0.0,0.09907747060060501,False,False,0.0,0.0,0.0,[],0.0,0.0,0,0.0,0,2.958999999691514e-06
aco_current,10,7459,78,16,3,0.0,0.0,0.0,0.0,0.43936213850975037,False,False,0.0,0.0,0.0,[],0.0,0.0,0,0.0,0,2.958999999691514e-06
aco_current,10,7459,78,16,4,0.0,0.0,0.0,0.0,0.20313307642936707,False,False,0.0,0.0,0.0,[],0.0,0.0,0,0.0,0,2.958999999691514e-06
aco_current,10,7460,78,17,1,0.0,131.0,131.0,0.655,0.41171473264694214,False,False,0.0,131.0,0.0,[],0.0,0.0,0,0.0,0,2.0410000018955543e-06
aco_current,10,7460,78,17,2,0.0,0.0,0.0,0.0,0.09907747060060501,False,False,0.0,0.0,0.0,[],0.0,0.0,0,0.0,0,2.0410000018955543e-06
aco_current,10,7460,78,17,3,0.0,0.0,0.0,0.0,0.43936213850975037,False,False,0.0,0.0,0.0,[],0.0,0.0,0,0.0,0,2.0410000018955543e-06
aco_current,10,7460,78,17,4,0.0,0.0,0.0,0.0,0.20313307642936707,False,False,0.0,0.0,0.0,[],0.0,0.0,0,0.0,0,2.0410000018955543e-06
aco_current,10,7461,78,17,1,0.0,131.0,131.0,0.655,0.41171473264694214,False,False,0.0,131.0,0.0,[],0.0,0.0,0,0.0,0,1.8750000094769348e-06
aco_current,10,7461,78,17,2,0.0,0.0,0.0,0.0,0.09907747060060501,False,False,0.0,0.0,0.0,[],0.0,0.0,0,0.0,0,1.8750000094769348e-06
aco_current,10,7461,78,17,3,0.0,0.0,0.0,0.0,0.43936213850975037,False,False,0.0,0.0,0.0,[],0.0,0.0,0,0.0,0,1.8750000094769348e-06
aco_current,10,7461,78,17,4,0.0,0.0,0.0,0.0,0.20313307642936707,False,False,0.0,0.0,0.0,[],0.0,0.0,0,0.0,0,1.8750000094769348e-06
aco_current,10,7462,78,17,1,0.0,131.0,131.0,0.655,0.41171473264694214,False,False,0.0,131.0,0.0,[],0.0,0.0,0,0.0,0,2.250000008530151e-06
aco_current,10,7462,78,17,2,0.0,0.0,0.0,0.0,0.09907747060060501,False,False,0.0,0.0,0.0,[],0.0,0.0,0,0.0,0,2.250000008530151e-06
aco_current,10,7462,78,17,3,0.0,0.0,0.0,0.0,0.43936213850975037,False,False,0.0,0.0,0.0,[],0.0,0.0,0,0.0,0,2.250000008530151e-06
aco_current,10,7462,78,17,4,0.0,0.0,0.0,0.0,0.20313307642936707,False,False,0.0,0.0,0.0,[],0.0,0.0,0,0.0,0,2.250000008530151e-06
aco_current,10,7463,78,17,1,0.0,131.0,131.0,0.655,0.41171473264694214,False,False,0.0,131.0,0.0,[],0.0,0.0,0,0.0,0,2.0829999982652225e-06
aco_current,10,7463,78,17,2,0.0,0.0,0.0,0.0,0.09907747060060501,False,False,0.0,0.0,0.0,[],0.0,0.0,0,0.0,0,2.0829999982652225e-06
aco_current,10,7463,78,17,3,0.0,0.0,0.0,0.0,0.43936213850975037,False,False,0.0,0.0,0.0,[],0.0,0.0,0,0.0,0,2.0829999982652225e-06
aco_current,10,7463,78,17,4,0.0,0.0,0.0,0.0,0.20313307642936707,False,False,0.0,0.0,0.0,[],0.0,0.0,0,0.0,0,2.0829999982652225e-06
aco_current,10,7464,78,18,1,0.0,131.0,131.0,0.655,0.41171473264694214,False,False,0.0,131.0,0.0,[],0.0,0.0,0,0.0,0,3.2500000060053935e-06
aco_current,10,7464,78,18,2,0.0,0.0,0.0,0.0,0.09907747060060501,False,False,0.0,0.0,0.0,[],0.0,0.0,0,0.0,0,3.2500000060053935e-06
aco_current,10,7464,78,18,3,0.0,0.0,0.0,0.0,0.43936213850975037,False,False,0.0,0.0,0.0,[],0.0,0.0,0,0.0,0,3.2500000060053935e-06
aco_current,10,7464,78,18,4,0.0,0.0,0.0,0.0,0.20313307642936707,False,False,0.0,0.0,0.0,[],0.0,0.0,0,0.0,0,3.2500000060053935e-06
aco_current,10,7465,78,18,1,0.0,131.0,131.0,0.655,0.41171473264694214,False,False,0.0,131.0,0.0,[],0.0,0.0,0,0.0,0,1.9169999916357483e-06
aco_current,10,7465,78,18,2,0.0,0.0,0.0,0.0,0.09907747060060501,False,False,0.0,0.0,0.0,[],0.0,0.0,0,0.0,0,1.9169999916357483e-06
aco_current,10,7465,78,18,3,0.0,0.0,0.0,0.0,0.43936213850975037,False,False,0.0,0.0,0.0,[],0.0,0.0,0,0.0,0,1.9169999916357483e-06
aco_current,10,7465,78,18,4,0.0,0.0,0.0,0.0,0.20313307642936707,False,False,0.0,0.0,0.0,[],0.0,0.0,0,0.0,0,1.9169999916357483e-06
aco_current,10,7466,78,18,1,0.0,131.0,131.0,0.655,0.41171473264694214,False,False,0.0,131.0,0.0,[],0.0,0.0,0,0.0,0,1.791999991951343e-06
aco_current,10,7466,78,18,2,0.0,0.0,0.0,0.0,0.09907747060060501,False,False,0.0,0.0,0.0,[],0.0,0.0,0,0.0,0,1.791999991951343e-06
aco_current,10,7466,78,18,3,0.0,0.0,0.0,0.0,0.43936213850975037,False,False,0.0,0.0,0.0,[],0.0,0.0,0,0.0,0,1.791999991951343e-06
aco_current,10,7466,78,18,4,0.0,0.0,0.0,0.0,0.20313307642936707,False,False,0.0,0.0,0.0,[],0.0,0.0,0,0.0,0,1.791999991951343e-06
aco_current,10,7467,78,18,1,0.0,131.0,131.0,0.655,0.41171473264694214,False,False,0.0,131.0,0.0,[],0.0,0.0,0,0.0,0,2.6669999897421803e-06
aco_current,10,7467,78,18,2,0.0,0.0,0.0,0.0,0.09907747060060501,False,False,0.0,0.0,0.0,[],0.0,0.0,0,0.0,0,2.6669999897421803e-06
aco_current,10,7467,78,18,3,0.0,0.0,0.0,0.0,0.43936213850975037,False,False,0.0,0.0,0.0,[],0.0,0.0,0,0.0,0,2.6669999897421803e-06
aco_current,10,7467,78,18,4,0.0,0.0,0.0,0.0,0.20313307642936707,False,False,0.0,0.0,0.0,[],0.0,0.0,0,0.0,0,2.6669999897421803e-06
aco_current,10,7468,78,19,1,0.0,131.0,131.0,0.655,0.41171473264694214,False,False,0.0,131.0,0.0,[],0.0,0.0,0,0.0,0,2.0829999982652225e-06
aco_current,10,7468,78,19,2,0.0,0.0,0.0,0.0,0.09907747060060501,False,False,0.0,0.0,0.0,[],0.0,0.0,0,0.0,0,2.0829999982652225e-06
aco_current,10,7468,78,19,3,0.0,0.0,0.0,0.0,0.43936213850975037,False,False,0.0,0.0,0.0,[],0.0,0.0,0,0.0,0,2.0829999982652225e-06
aco_current,10,7468,78,19,4,0.0,0.0,0.0,0.0,0.20313307642936707,False,False,0.0,0.0,0.0,[],0.0,0.0,0,0.0,0,2.0829999982652225e-06
aco_current,10,7469,78,19,1,0.0,131.0,131.0,0.655,0.41171473264694214,False,False,0.0,131.0,0.0,[],0.0,0.0,0,0.0,0,1.916000002211149e-06
aco_current,10,7469,78,19,2,0.0,0.0,0.0,0.0,0.09907747060060501,False,False,0.0,0.0,0.0,[],0.0,0.0,0,0.0,0,1.916000002211149e-06
aco_current,10,7469,78,19,3,0.0,0.0,0.0,0.0,0.43936213850975037,False,False,0.0,0.0,0.0,[],0.0,0.0,0,0.0,0,1.916000002211149e-06
aco_current,10,7469,78,19,4,0.0,0.0,0.0,0.0,0.20313307642936707,False,False,0.0,0.0,0.0,[],0.0,0.0,0,0.0,0,1.916000002211149e-06
aco_current,10,7470,78,19,1,0.0,131.0,131.0,0.655,0.41171473264694214,False,False,0.0,131.0,0.0,[],0.0,0.0,0,0.0,0,2.4170000045842244e-06
aco_current,10,7470,78,19,2,0.0,0.0,0.0,0.0,0.09907747060060501,False,False,0.0,0.0,0.0,[],0.0,0.0,0,0.0,0,2.4170000045842244e-06
aco_current,10,7470,78,19,3,0.0,0.0,0.0,0.0,0.43936213850975037,False,False,0.0,0.0,0.0,[],0.0,0.0,0,0.0,0,2.4170000045842244e-06
aco_current,10,7470,78,19,4,0.0,0.0,0.0,0.0,0.20313307642936707,False,False,0.0,0.0,0.0,[],0.0,0.0,0,0.0,0,2.4170000045842244e-06
aco_current,10,7471,78,19,1,0.0,131.0,131.0,0.655,0.41171473264694214,False,False,0.0,131.0,0.0,[],0.0,0.0,0,0.0,0,1.917000005846603e-06
aco_current,10,7471,78,19,2,0.0,0.0,0.0,0.0,0.09907747060060501,False,False,0.0,0.0,0.0,[],0.0,0.0,0,0.0,0,1.917000005846603e-06
aco_current,10,7471,78,19,3,0.0,0.0,0.0,0.0,0.43936213850975037,False,False,0.0,0.0,0.0,[],0.0,0.0,0,0.0,0,1.917000005846603e-06
aco_current,10,7471,78,19,4,0.0,0.0,0.0,0.0,0.20313307642936707,False,False,0.0,0.0,0.0,[],0.0,0.0,0,0.0,0,1.917000005846603e-06
aco_current,10,7472,78,20,1,0.0,131.0,131.0,0.655,0.41171473264694214,False,False,0.0,131.0,0.0,[],0.0,0.0,0,0.0,0,2.0840000019006766e-06
aco_current,10,7472,78,20,2,0.0,0.0,0.0,0.0,0.09907747060060501,False,False,0.0,0.0,0.0,[],0.0,0.0,0,0.0,0,2.0840000019006766e-06
aco_current,10,7472,78,20,3,0.0,0.0,0.0,0.0,0.43936213850975037,False,False,0.0,0.0,0.0,[],0.0,0.0,0,0.0,0,2.0840000019006766e-06
aco_current,10,7472,78,20,4,0.0,0.0,0.0,0.0,0.20313307642936707,False,False,0.0,0.0,0.0,[],0.0,0.0,0,0.0,0,2.0840000019006766e-06
aco_current,10,7473,78,20,1,0.0,131.0,131.0,0.655,0.41171473264694214,False,False,0.0,131.0,0.0,[],0.0,0.0,0,0.0,0,1.9999999949504854e-06
aco_current,10,7473,78,20,2,0.0,0.0,0.0,0.0,0.09907747060060501,False,False,0.0,0.0,0.0,[],0.0,0.0,0,0.0,0,1.9999999949504854e-06
aco_current,10,7473,78,20,3,0.0,0.0,0.0,0.0,0.43936213850975037,False,False,0.0,0.0,0.0,[],0.0,0.0,0,0.0,0,1.9999999949504854e-06
aco_current,10,7473,78,20,4,0.0,0.0,0.0,0.0,0.20313307642936707,False,False,0.0,0.0,0.0,[],0.0,0.0,0,0.0,0,1.9999999949504854e-06
aco_current,10,7474,78,20,1,0.0,131.0,131.0,0.655,0.41171473264694214,False,False,0.0,131.0,0.0,[],0.0,0.0,0,0.0,0,1.87499999526608e-06
aco_current,10,7474,78,20,2,0.0,0.0,0.0,0.0,0.09907747060060501,False,False,0.0,0.0,0.0,[],0.0,0.0,0,0.0,0,1.87499999526608e-06
aco_current,10,7474,78,20,3,0.0,0.0,0.0,0.0,0.43936213850975037,False,False,0.0,0.0,0.0,[],0.0,0.0,0,0.0,0,1.87499999526608e-06
aco_current,10,7474,78,20,4,0.0,0.0,0.0,0.0,0.20313307642936707,False,False,0.0,0.0,0.0,[],0.0,0.0,0,0.0,0,1.87499999526608e-06
aco_current,10,7475,78,20,1,0.0,131.0,131.0,0.655,0.41171473264694214,False,False,0.0,131.0,0.0,[],0.0,0.0,0,0.0,0,2.4999999936881068e-06
aco_current,10,7475,78,20,2,0.0,0.0,0.0,0.0,0.09907747060060501,False,False,0.0,0.0,0.0,[],0.0,0.0,0,0.0,0,2.4999999936881068e-06
aco_current,10,7475,78,20,3,0.0,0.0,0.0,0.0,0.43936213850975037,False,False,0.0,0.0,0.0,[],0.0,0.0,0,0.0,0,2.4999999936881068e-06
aco_current,10,7475,78,20,4,0.0,0.0,0.0,0.0,0.20313307642936707,False,False,0.0,0.0,0.0,[],0.0,0.0,0,0.0,0,2.4999999936881068e-06
aco_current,10,7476,78,21,1,0.0,131.0,131.0,0.655,0.41171473264694214,False,False,0.0,131.0,0.0,[],0.0,0.0,0,0.0,0,1.917000005846603e-06
aco_current,10,7476,78,21,2,0.0,0.0,0.0,0.0,0.09907747060060501,False,False,0.0,0.0,0.0,[],0.0,0.0,0,0.0,0,1.917000005846603e-06
aco_current,10,7476,78,21,3,0.0,0.0,0.0,0.0,0.43936213850975037,False,False,0.0,0.0,0.0,[],0.0,0.0,0,0.0,0,1.917000005846603e-06
aco_current,10,7476,78,21,4,0.0,0.0,0.0,0.0,0.20313307642936707,False,False,0.0,0.0,0.0,[],0.0,0.0,0,0.0,0,1.917000005846603e-06
aco_current,10,7477,78,21,1,0.0,131.0,131.0,0.655,0.41171473264694214,False,False,0.0,131.0,0.0,[],0.0,0.0,0,0.0,0,1.87499999526608e-06
aco_current,10,7477,78,21,2,0.0,0.0,0.0,0.0,0.09907747060060501,False,False,0.0,0.0,0.0,[],0.0,0.0,0,0.0,0,1.87499999526608e-06
aco_current,10,7477,78,21,3,0.0,0.0,0.0,0.0,0.43936213850975037,False,False,0.0,0.0,0.0,[],0.0,0.0,0,0.0,0,1.87499999526608e-06
aco_current,10,7477,78,21,4,0.0,0.0,0.0,0.0,0.20313307642936707,False,False,0.0,0.0,0.0,[],0.0,0.0,0,0.0,0,1.87499999526608e-06
aco_current,10,7478,78,21,1,0.0,131.0,131.0,0.655,0.41171473264694214,False,False,0.0,131.0,0.0,[],0.0,0.0,0,0.0,0,2.1250000088457455e-06
aco_current,10,7478,78,21,2,0.0,0.0,0.0,0.0,0.09907747060060501,False,False,0.0,0.0,0.0,[],0.0,0.0,0,0.0,0,2.1250000088457455e-06
aco_current,10,7478,78,21,3,0.0,0.0,0.0,0.0,0.43936213850975037,False,False,0.0,0.0,0.0,[],0.0,0.0,0,0.0,0,2.1250000088457455e-06
aco_current,10,7478,78,21,4,0.0,0.0,0.0,0.0,0.20313307642936707,False,False,0.0,0.0,0.0,[],0.0,0.0,0,0.0,0,2.1250000088457455e-06
aco_current,10,7479,78,21,1,0.0,131.0,131.0,0.655,0.41171473264694214,False,False,0.0,131.0,0.0,[],0.0,0.0,0,0.0,0,1.87499999526608e-06
aco_current,10,7479,78,21,2,0.0,0.0,0.0,0.0,0.09907747060060501,False,False,0.0,0.0,0.0,[],0.0,0.0,0,0.0,0,1.87499999526608e-06
aco_current,10,7479,78,21,3,0.0,0.0,0.0,0.0,0.43936213850975037,False,False,0.0,0.0,0.0,[],0.0,0.0,0,0.0,0,1.87499999526608e-06
aco_current,10,7479,78,21,4,0.0,0.0,0.0,0.0,0.20313307642936707,False,False,0.0,0.0,0.0,[],0.0,0.0,0,0.0,0,1.87499999526608e-06
aco_current,10,7480,78,22,1,0.0,131.0,131.0,0.655,0.41171473264694214,False,False,0.0,131.0,0.0,[],0.0,0.0,0,0.0,0,2.250000008530151e-06
aco_current,10,7480,78,22,2,0.0,0.0,0.0,0.0,0.09907747060060501,False,False,0.0,0.0,0.0,[],0.0,0.0,0,0.0,0,2.250000008530151e-06
aco_current,10,7480,78,22,3,0.0,0.0,0.0,0.0,0.43936213850975037,False,False,0.0,0.0,0.0,[],0.0,0.0,0,0.0,0,2.250000008530151e-06
aco_current,10,7480,78,22,4,0.0,0.0,0.0,0.0,0.20313307642936707,False,False,0.0,0.0,0.0,[],0.0,0.0,0,0.0,0,2.250000008530151e-06
aco_current,10,7481,78,22,1,0.0,131.0,131.0,0.655,0.41171473264694214,False,False,0.0,131.0,0.0,[],0.0,0.0,0,0.0,0,2.0829999982652225e-06
aco_current,10,7481,78,22,2,0.0,0.0,0.0,0.0,0.09907747060060501,False,False,0.0,0.0,0.0,[],0.0,0.0,0,0.0,0,2.0829999982652225e-06
aco_current,10,7481,78,22,3,0.0,0.0,0.0,0.0,0.43936213850975037,False,False,0.0,0.0,0.0,[],0.0,0.0,0,0.0,0,2.0829999982652225e-06
aco_current,10,7481,78,22,4,0.0,0.0,0.0,0.0,0.20313307642936707,False,False,0.0,0.0,0.0,[],0.0,0.0,0,0.0,0,2.0829999982652225e-06
aco_current,10,7482,78,22,1,0.0,131.0,131.0,0.655,0.41171473264694214,False,False,0.0,131.0,0.0,[],0.0,0.0,0,0.0,0,1.7499999955816747e-06
aco_current,10,7482,78,22,2,0.0,0.0,0.0,0.0,0.09907747060060501,False,False,0.0,0.0,0.0,[],0.0,0.0,0,0.0,0,1.7499999955816747e-06
aco_current,10,7482,78,22,3,0.0,0.0,0.0,0.0,0.43936213850975037,False,False,0.0,0.0,0.0,[],0.0,0.0,0,0.0,0,1.7499999955816747e-06
aco_current,10,7482,78,22,4,0.0,0.0,0.0,0.0,0.20313307642936707,False,False,0.0,0.0,0.0,[],0.0,0.0,0,0.0,0,1.7499999955816747e-06
aco_current,10,7483,78,22,1,0.0,131.0,131.0,0.655,0.41171473264694214,False,False,0.0,131.0,0.0,[],0.0,0.0,0,0.0,0,2.541999990057775e-06
aco_current,10,7483,78,22,2,0.0,0.0,0.0,0.0,0.09907747060060501,False,False,0.0,0.0,0.0,[],0.0,0.0,0,0.0,0,2.541999990057775e-06
aco_current,10,7483,78,22,3,0.0,0.0,0.0,0.0,0.43936213850975037,False,False,0.0,0.0,0.0,[],0.0,0.0,0,0.0,0,2.541999990057775e-06
aco_current,10,7483,78,22,4,0.0,0.0,0.0,0.0,0.20313307642936707,False,False,0.0,0.0,0.0,[],0.0,0.0,0,0.0,0,2.541999990057775e-06
aco_current,10,7484,78,23,1,0.0,131.0,131.0,0.655,0.41171473264694214,False,False,0.0,131.0,0.0,[],0.0,0.0,0,0.0,0,1.8329999988964119e-06
aco_current,10,7484,78,23,2,0.0,0.0,0.0,0.0,0.09907747060060501,False,False,0.0,0.0,0.0,[],0.0,0.0,0,0.0,0,1.8329999988964119e-06
aco_current,10,7484,78,23,3,0.0,0.0,0.0,0.0,0.43936213850975037,False,False,0.0,0.0,0.0,[],0.0,0.0,0,0.0,0,1.8329999988964119e-06
aco_current,10,7484,78,23,4,0.0,0.0,0.0,0.0,0.20313307642936707,False,False,0.0,0.0,0.0,[],0.0,0.0,0,0.0,0,1.8329999988964119e-06
aco_current,10,7485,78,23,1,0.0,131.0,131.0,0.655,0.41171473264694214,False,False,0.0,131.0,0.0,[],0.0,0.0,0,0.0,0,2.1670000052154137e-06
aco_current,10,7485,78,23,2,0.0,0.0,0.0,0.0,0.09907747060060501,False,False,0.0,0.0,0.0,[],0.0,0.0,0,0.0,0,2.1670000052154137e-06
aco_current,10,7485,78,23,3,0.0,0.0,0.0,0.0,0.43936213850975037,False,False,0.0,0.0,0.0,[],0.0,0.0,0,0.0,0,2.1670000052154137e-06
aco_current,10,7485,78,23,4,0.0,0.0,0.0,0.0,0.20313307642936707,False,False,0.0,0.0,0.0,[],0.0,0.0,0,0.0,0,2.1670000052154137e-06
aco_current,10,7486,78,23,1,0.0,131.0,131.0,0.655,0.41171473264694214,False,False,0.0,131.0,0.0,[],0.0,0.0,0,0.0,0,1.87499999526608e-06
aco_current,10,7486,78,23,2,0.0,0.0,0.0,0.0,0.09907747060060501,False,False,0.0,0.0,0.0,[],0.0,0.0,0,0.0,0,1.87499999526608e-06
aco_current,10,7486,78,23,3,0.0,0.0,0.0,0.0,0.43936213850975037,False,False,0.0,0.0,0.0,[],0.0,0.0,0,0.0,0,1.87499999526608e-06
aco_current,10,7486,78,23,4,0.0,0.0,0.0,0.0,0.20313307642936707,False,False,0.0,0.0,0.0,[],0.0,0.0,0,0.0,0,1.87499999526608e-06
aco_current,10,7487,78,23,1,0.0,131.0,131.0,0.655,0.41171473264694214,False,False,0.0,131.0,0.0,[],0.0,0.0,0,0.0,0,1.957999998580817e-06
aco_current,10,7487,78,23,2,0.0,0.0,0.0,0.0,0.09907747060060501,False,False,0.0,0.0,0.0,[],0.0,0.0,0,0.0,0,1.957999998580817e-06
aco_current,10,7487,78,23,3,0.0,0.0,0.0,0.0,0.43936213850975037,False,False,0.0,0.0,0.0,[],0.0,0.0,0,0.0,0,1.957999998580817e-06
aco_current,10,7487,78,23,4,0.0,0.0,0.0,0.0,0.20313307642936707,False,False,0.0,0.0,0.0,[],0.0,0.0,0,0.0,0,1.957999998580817e-06
aco_current,10,7488,79,0,1,42.0,131.0,173.0,0.865,1.0,True,True,30.0,143.0,0.0,[1],10.0,10.0,1,10.0,0,0.009606875000002901
aco_current,10,7488,79,0,2,0.0,0.0,0.0,0.0,0.09907747060060501,False,False,0.0,0.0,0.0,[],10.0,10.0,1,10.0,0,0.009606875000002901
aco_current,10,7488,79,0,3,0.0,0.0,0.0,0.0,0.43936213850975037,False,False,0.0,0.0,0.0,[],10.0,10.0,1,10.0,0,0.009606875000002901
aco_current,10,7488,79,0,4,0.0,0.0,0.0,0.0,0.20313307642936707,False,False,0.0,0.0,0.0,[],10.0,10.0,1,10.0,0,0.009606875000002901
aco_current,10,7489,79,0,1,42.0,143.0,185.0,0.925,1.0,True,True,30.0,155.0,0.0,[1],10.0,10.0,1,10.0,0,0.009548541999990334
aco_current,10,7489,79,0,2,0.0,0.0,0.0,0.0,0.09907747060060501,False,False,0.0,0.0,0.0,[],10.0,10.0,1,10.0,0,0.009548541999990334
aco_current,10,7489,79,0,3,0.0,0.0,0.0,0.0,0.43936213850975037,False,False,0.0,0.0,0.0,[],10.0,10.0,1,10.0,0,0.009548541999990334
aco_current,10,7489,79,0,4,0.0,0.0,0.0,0.0,0.20313307642936707,False,False,0.0,0.0,0.0,[],10.0,10.0,1,10.0,0,0.009548541999990334
aco_current,10,7490,79,0,1,43.0,155.0,198.0,0.99,1.0,True,True,30.0,168.0,0.0,[1],10.0,10.0,1,10.0,0,0.00972016699999756
aco_current,10,7490,79,0,2,0.0,0.0,0.0,0.0,0.09907747060060501,False,False,0.0,0.0,0.0,[],10.0,10.0,1,10.0,0,0.00972016699999756
aco_current,10,7490,79,0,3,0.0,0.0,0.0,0.0,0.43936213850975037,False,False,0.0,0.0,0.0,[],10.0,10.0,1,10.0,0,0.00972016699999756
aco_current,10,7490,79,0,4,0.0,0.0,0.0,0.0,0.20313307642936707,False,False,0.0,0.0,0.0,[],10.0,10.0,1,10.0,0,0.00972016699999756
aco_current,10,7491,79,0,1,42.0,168.0,210.0,1.05,1.0,True,True,30.0,180.0,0.0,[1],10.0,10.0,1,10.0,0,0.009720000000001505
aco_current,10,7491,79,0,2,0.0,0.0,0.0,0.0,0.09907747060060501,False,False,0.0,0.0,0.0,[],10.0,10.0,1,10.0,0,0.009720000000001505
aco_current,10,7491,79,0,3,0.0,0.0,0.0,0.0,0.43936213850975037,False,False,0.0,0.0,0.0,[],10.0,10.0,1,10.0,0,0.009720000000001505
aco_current,10,7491,79,0,4,0.0,0.0,0.0,0.0,0.20313307642936707,False,False,0.0,0.0,0.0,[],10.0,10.0,1,10.0,0,0.009720000000001505
aco_current,10,7492,79,1,1,44.0,180.0,224.0,1.12,1.0,True,True,30.0,194.0,0.0,[1],10.0,10.0,1,10.0,0,0.009796207999997364
aco_current,10,7492,79,1,2,0.0,0.0,0.0,0.0,0.09907747060060501,False,False,0.0,0.0,0.0,[],10.0,10.0,1,10.0,0,0.009796207999997364
aco_current,10,7492,79,1,3,0.0,0.0,0.0,0.0,0.43936213850975037,False,False,0.0,0.0,0.0,[],10.0,10.0,1,10.0,0,0.009796207999997364
aco_current,10,7492,79,1,4,0.0,0.0,0.0,0.0,0.20313307642936707,False,False,0.0,0.0,0.0,[],10.0,10.0,1,10.0,0,0.009796207999997364
aco_current,10,7493,79,1,1,42.0,194.0,236.0,1.18,1.0,True,True,30.0,200.0,6.0,[1],10.0,10.0,1,10.0,0,0.009385084000001598
aco_current,10,7493,79,1,2,0.0,0.0,0.0,0.0,0.09907747060060501,False,False,0.0,0.0,0.0,[],10.0,10.0,1,10.0,0,0.009385084000001598
aco_current,10,7493,79,1,3,0.0,0.0,0.0,0.0,0.43936213850975037,False,False,0.0,0.0,0.0,[],10.0,10.0,1,10.0,0,0.009385084000001598
aco_current,10,7493,79,1,4,0.0,0.0,0.0,0.0,0.20313307642936707,False,False,0.0,0.0,0.0,[],10.0,10.0,1,10.0,0,0.009385084000001598
aco_current,10,7494,79,1,1,43.0,200.0,243.0,1.215,1.0,True,True,30.0,200.0,13.0,[1],10.0,10.0,1,10.0,0,0.009471542
aco_current,10,7494,79,1,2,0.0,0.0,0.0,0.0,0.09907747060060501,False,False,0.0,0.0,0.0,[],10.0,10.0,1,10.0,0,0.009471542
aco_current,10,7494,79,1,3,0.0,0.0,0.0,0.0,0.43936213850975037,False,False,0.0,0.0,0.0,[],10.0,10.0,1,10.0,0,0.009471542
aco_current,10,7494,79,1,4,0.0,0.0,0.0,0.0,0.20313307642936707,False,False,0.0,0.0,0.0,[],10.0,10.0,1,10.0,0,0.009471542
aco_current,10,7495,79,1,1,42.0,200.0,242.0,1.21,1.0,True,True,30.0,200.0,12.0,[1],10.0,10.0,1,10.0,0,0.009619917000009082
aco_current,10,7495,79,1,2,0.0,0.0,0.0,0.0,0.09907747060060501,False,False,0.0,0.0,0.0,[],10.0,10.0,1,10.0,0,0.009619917000009082
aco_current,10,7495,79,1,3,0.0,0.0,0.0,0.0,0.43936213850975037,False,False,0.0,0.0,0.0,[],10.0,10.0,1,10.0,0,0.009619917000009082
aco_current,10,7495,79,1,4,0.0,0.0,0.0,0.0,0.20313307642936707,False,False,0.0,0.0,0.0,[],10.0,10.0,1,10.0,0,0.009619917000009082
aco_current,10,7496,79,2,1,44.0,200.0,244.0,1.22,1.0,True,True,30.0,200.0,14.0,[1],10.0,10.0,1,10.0,0,0.009358333000008656
aco_current,10,7496,79,2,2,0.0,0.0,0.0,0.0,0.09907747060060501,False,False,0.0,0.0,0.0,[],10.0,10.0,1,10.0,0,0.009358333000008656
aco_current,10,7496,79,2,3,0.0,0.0,0.0,0.0,0.43936213850975037,False,False,0.0,0.0,0.0,[],10.0,10.0,1,10.0,0,0.009358333000008656
aco_current,10,7496,79,2,4,0.0,0.0,0.0,0.0,0.20313307642936707,False,False,0.0,0.0,0.0,[],10.0,10.0,1,10.0,0,0.009358333000008656
aco_current,10,7497,79,2,1,43.0,200.0,243.0,1.215,1.0,True,True,30.0,200.0,13.0,[1],10.0,10.0,1,10.0,0,0.009535249999998996
aco_current,10,7497,79,2,2,0.0,0.0,0.0,0.0,0.09907747060060501,False,False,0.0,0.0,0.0,[],10.0,10.0,1,10.0,0,0.009535249999998996
aco_current,10,7497,79,2,3,0.0,0.0,0.0,0.0,0.43936213850975037,False,False,0.0,0.0,0.0,[],10.0,10.0,1,10.0,0,0.009535249999998996
aco_current,10,7497,79,2,4,0.0,0.0,0.0,0.0,0.20313307642936707,False,False,0.0,0.0,0.0,[],10.0,10.0,1,10.0,0,0.009535249999998996
aco_current,10,7498,79,2,1,43.0,200.0,243.0,1.215,1.0,True,True,30.0,200.0,13.0,[1],10.0,10.0,1,10.0,0,0.009598709000002259
aco_current,10,7498,79,2,2,0.0,0.0,0.0,0.0,0.09907747060060501,False,False,0.0,0.0,0.0,[],10.0,10.0,1,10.0,0,0.009598709000002259
aco_current,10,7498,79,2,3,0.0,0.0,0.0,0.0,0.43936213850975037,False,False,0.0,0.0,0.0,[],10.0,10.0,1,10.0,0,0.009598709000002259
aco_current,10,7498,79,2,4,0.0,0.0,0.0,0.0,0.20313307642936707,False,False,0.0,0.0,0.0,[],10.0,10.0,1,10.0,0,0.009598709000002259
aco_current,10,7499,79,2,1,42.0,200.0,242.0,1.21,1.0,True,True,30.0,200.0,12.0,[1],10.0,10.0,1,10.0,0,0.009791124999992462
aco_current,10,7499,79,2,2,0.0,0.0,0.0,0.0,0.09907747060060501,False,False,0.0,0.0,0.0,[],10.0,10.0,1,10.0,0,0.009791124999992462
aco_current,10,7499,79,2,3,0.0,0.0,0.0,0.0,0.43936213850975037,False,False,0.0,0.0,0.0,[],10.0,10.0,1,10.0,0,0.009791124999992462
aco_current,10,7499,79,2,4,0.0,0.0,0.0,0.0,0.20313307642936707,False,False,0.0,0.0,0.0,[],10.0,10.0,1,10.0,0,0.009791124999992462
aco_current,10,7500,79,3,1,44.0,200.0,244.0,1.22,1.0,True,True,30.0,200.0,14.0,[1],10.0,10.0,1,10.0,0,0.009574125000000322
aco_current,10,7500,79,3,2,0.0,0.0,0.0,0.0,0.09907747060060501,False,False,0.0,0.0,0.0,[],10.0,10.0,1,10.0,0,0.009574125000000322
aco_current,10,7500,79,3,3,0.0,0.0,0.0,0.0,0.43936213850975037,False,False,0.0,0.0,0.0,[],10.0,10.0,1,10.0,0,0.009574125000000322
aco_current,10,7500,79,3,4,0.0,0.0,0.0,0.0,0.20313307642936707,False,False,0.0,0.0,0.0,[],10.0,10.0,1,10.0,0,0.009574125000000322
aco_current,10,7501,79,3,1,42.0,200.0,242.0,1.21,1.0,True,True,30.0,200.0,12.0,[1],10.0,10.0,1,10.0,0,0.009594792000001462
aco_current,10,7501,79,3,2,0.0,0.0,0.0,0.0,0.09907747060060501,False,False,0.0,0.0,0.0,[],10.0,10.0,1,10.0,0,0.009594792000001462
aco_current,10,7501,79,3,3,0.0,0.0,0.0,0.0,0.43936213850975037,False,False,0.0,0.0,0.0,[],10.0,10.0,1,10.0,0,0.009594792000001462
aco_current,10,7501,79,3,4,0.0,0.0,0.0,0.0,0.20313307642936707,False,False,0.0,0.0,0.0,[],10.0,10.0,1,10.0,0,0.009594792000001462
aco_current,10,7502,79,3,1,42.0,200.0,242.0,1.21,1.0,True,True,30.0,200.0,12.0,[1],10.0,10.0,1,10.0,0,0.009640500000003271
aco_current,10,7502,79,3,2,0.0,0.0,0.0,0.0,0.09907747060060501,False,False,0.0,0.0,0.0,[],10.0,10.0,1,10.0,0,0.009640500000003271
aco_current,10,7502,79,3,3,0.0,0.0,0.0,0.0,0.43936213850975037,False,False,0.0,0.0,0.0,[],10.0,10.0,1,10.0,0,0.009640500000003271
aco_current,10,7502,79,3,4,0.0,0.0,0.0,0.0,0.20313307642936707,False,False,0.0,0.0,0.0,[],10.0,10.0,1,10.0,0,0.009640500000003271
aco_current,10,7503,79,3,1,43.0,200.0,243.0,1.215,1.0,True,True,30.0,200.0,13.0,[1],10.0,10.0,1,10.0,0,0.009493707999993717
aco_current,10,7503,79,3,2,0.0,0.0,0.0,0.0,0.09907747060060501,False,False,0.0,0.0,0.0,[],10.0,10.0,1,10.0,0,0.009493707999993717
aco_current,10,7503,79,3,3,0.0,0.0,0.0,0.0,0.43936213850975037,False,False,0.0,0.0,0.0,[],10.0,10.0,1,10.0,0,0.009493707999993717
aco_current,10,7503,79,3,4,0.0,0.0,0.0,0.0,0.20313307642936707,False,False,0.0,0.0,0.0,[],10.0,10.0,1,10.0,0,0.009493707999993717
aco_current,10,7504,79,4,1,42.0,200.0,242.0,1.21,1.0,True,True,30.0,200.0,12.0,[1],10.0,10.0,1,10.0,0,0.009568832999988786
aco_current,10,7504,79,4,2,0.0,0.0,0.0,0.0,0.09907747060060501,False,False,0.0,0.0,0.0,[],10.0,10.0,1,10.0,0,0.009568832999988786
aco_current,10,7504,79,4,3,0.0,0.0,0.0,0.0,0.43936213850975037,False,False,0.0,0.0,0.0,[],10.0,10.0,1,10.0,0,0.009568832999988786
aco_current,10,7504,79,4,4,0.0,0.0,0.0,0.0,0.20313307642936707,False,False,0.0,0.0,0.0,[],10.0,10.0,1,10.0,0,0.009568832999988786
aco_current,10,7505,79,4,1,43.0,200.0,243.0,1.215,1.0,True,True,30.0,200.0,13.0,[1],10.0,10.0,1,10.0,0,0.009406666999993263
aco_current,10,7505,79,4,2,0.0,0.0,0.0,0.0,0.09907747060060501,False,False,0.0,0.0,0.0,[],10.0,10.0,1,10.0,0,0.009406666999993263
aco_current,10,7505,79,4,3,0.0,0.0,0.0,0.0,0.43936213850975037,False,False,0.0,0.0,0.0,[],10.0,10.0,1,10.0,0,0.009406666999993263
aco_current,10,7505,79,4,4,0.0,0.0,0.0,0.0,0.20313307642936707,False,False,0.0,0.0,0.0,[],10.0,10.0,1,10.0,0,0.009406666999993263
aco_current,10,7506,79,4,1,43.0,200.0,243.0,1.215,1.0,True,True,30.0,200.0,13.0,[1],10.0,10.0,1,10.0,0,0.009384541000002855
aco_current,10,7506,79,4,2,0.0,0.0,0.0,0.0,0.09907747060060501,False,False,0.0,0.0,0.0,[],10.0,10.0,1,10.0,0,0.009384541000002855
aco_current,10,7506,79,4,3,0.0,0.0,0.0,0.0,0.43936213850975037,False,False,0.0,0.0,0.0,[],10.0,10.0,1,10.0,0,0.009384541000002855
aco_current,10,7506,79,4,4,0.0,0.0,0.0,0.0,0.20313307642936707,False,False,0.0,0.0,0.0,[],10.0,10.0,1,10.0,0,0.009384541000002855
aco_current,10,7507,79,4,1,43.0,200.0,243.0,1.215,1.0,True,True,30.0,200.0,13.0,[1],10.0,10.0,1,10.0,0,0.009642041999995854
aco_current,10,7507,79,4,2,0.0,0.0,0.0,0.0,0.09907747060060501,False,False,0.0,0.0,0.0,[],10.0,10.0,1,10.0,0,0.009642041999995854
aco_current,10,7507,79,4,3,0.0,0.0,0.0,0.0,0.43936213850975037,False,False,0.0,0.0,0.0,[],10.0,10.0,1,10.0,0,0.009642041999995854
aco_current,10,7507,79,4,4,0.0,0.0,0.0,0.0,0.20313307642936707,False,False,0.0,0.0,0.0,[],10.0,10.0,1,10.0,0,0.009642041999995854
aco_current,10,7508,79,5,1,42.0,200.0,242.0,1.21,1.0,True,True,30.0,200.0,12.0,[1],10.0,10.0,1,10.0,0,0.009503082999998469
aco_current,10,7508,79,5,2,0.0,0.0,0.0,0.0,0.09907747060060501,False,False,0.0,0.0,0.0,[],10.0,10.0,1,10.0,0,0.009503082999998469
aco_current,10,7508,79,5,3,0.0,0.0,0.0,0.0,0.43936213850975037,False,False,0.0,0.0,0.0,[],10.0,10.0,1,10.0,0,0.009503082999998469
aco_current,10,7508,79,5,4,0.0,0.0,0.0,0.0,0.20313307642936707,False,False,0.0,0.0,0.0,[],10.0,10.0,1,10.0,0,0.009503082999998469
aco_current,10,7509,79,5,1,43.0,200.0,243.0,1.215,1.0,True,True,30.0,200.0,13.0,[1],10.0,10.0,1,10.0,0,0.009466917000011676
aco_current,10,7509,79,5,2,0.0,0.0,0.0,0.0,0.09907747060060501,False,False,0.0,0.0,0.0,[],10.0,10.0,1,10.0,0,0.009466917000011676
aco_current,10,7509,79,5,3,0.0,0.0,0.0,0.0,0.43936213850975037,False,False,0.0,0.0,0.0,[],10.0,10.0,1,10.0,0,0.009466917000011676
aco_current,10,7509,79,5,4,0.0,0.0,0.0,0.0,0.20313307642936707,False,False,0.0,0.0,0.0,[],10.0,10.0,1,10.0,0,0.009466917000011676
aco_current,10,7510,79,5,1,42.0,200.0,242.0,1.21,1.0,True,True,30.0,200.0,12.0,[1],10.0,10.0,1,10.0,0,0.009482415999997329
aco_current,10,7510,79,5,2,0.0,0.0,0.0,0.0,0.09907747060060501,False,False,0.0,0.0,0.0,[],10.0,10.0,1,10.0,0,0.009482415999997329
aco_current,10,7510,79,5,3,0.0,0.0,0.0,0.0,0.43936213850975037,False,False,0.0,0.0,0.0,[],10.0,10.0,1,10.0,0,0.009482415999997329
aco_current,10,7510,79,5,4,0.0,0.0,0.0,0.0,0.20313307642936707,False,False,0.0,0.0,0.0,[],10.0,10.0,1,10.0,0,0.009482415999997329
aco_current,10,7511,79,5,1,43.0,200.0,243.0,1.215,1.0,True,True,30.0,200.0,13.0,[1],10.0,10.0,1,10.0,0,0.009629916999998045
aco_current,10,7511,79,5,2,0.0,0.0,0.0,0.0,0.09907747060060501,False,False,0.0,0.0,0.0,[],10.0,10.0,1,10.0,0,0.009629916999998045
aco_current,10,7511,79,5,3,0.0,0.0,0.0,0.0,0.43936213850975037,False,False,0.0,0.0,0.0,[],10.0,10.0,1,10.0,0,0.009629916999998045
aco_current,10,7511,79,5,4,0.0,0.0,0.0,0.0,0.20313307642936707,False,False,0.0,0.0,0.0,[],10.0,10.0,1,10.0,0,0.009629916999998045
aco_current,10,7512,79,6,1,41.0,200.0,241.0,1.205,1.0,True,True,30.0,200.0,11.0,[1],10.0,10.0,1,10.0,0,0.00973179199999663
aco_current,10,7512,79,6,2,0.0,0.0,0.0,0.0,0.09907747060060501,False,False,0.0,0.0,0.0,[],10.0,10.0,1,10.0,0,0.00973179199999663
aco_current,10,7512,79,6,3,0.0,0.0,0.0,0.0,0.43936213850975037,False,False,0.0,0.0,0.0,[],10.0,10.0,1,10.0,0,0.00973179199999663
aco_current,10,7512,79,6,4,0.0,0.0,0.0,0.0,0.20313307642936707,False,False,0.0,0.0,0.0,[],10.0,10.0,1,10.0,0,0.00973179199999663
aco_current,10,7513,79,6,1,43.0,200.0,243.0,1.215,1.0,True,True,30.0,200.0,13.0,[1],10.0,10.0,1,10.0,0,0.00950508299999342
aco_current,10,7513,79,6,2,0.0,0.0,0.0,0.0,0.09907747060060501,False,False,0.0,0.0,0.0,[],10.0,10.0,1,10.0,0,0.00950508299999342
aco_current,10,7513,79,6,3,0.0,0.0,0.0,0.0,0.43936213850975037,False,False,0.0,0.0,0.0,[],10.0,10.0,1,10.0,0,0.00950508299999342
aco_current,10,7513,79,6,4,0.0,0.0,0.0,0.0,0.20313307642936707,False,False,0.0,0.0,0.0,[],10.0,10.0,1,10.0,0,0.00950508299999342
aco_current,10,7514,79,6,1,42.0,200.0,242.0,1.21,1.0,True,True,30.0,200.0,12.0,[1],10.0,10.0,1,10.0,0,0.009457832999999027
aco_current,10,7514,79,6,2,0.0,0.0,0.0,0.0,0.09907747060060501,False,False,0.0,0.0,0.0,[],10.0,10.0,1,10.0,0,0.009457832999999027
aco_current,10,7514,79,6,3,0.0,0.0,0.0,0.0,0.43936213850975037,False,False,0.0,0.0,0.0,[],10.0,10.0,1,10.0,0,0.009457832999999027
aco_current,10,7514,79,6,4,0.0,0.0,0.0,0.0,0.20313307642936707,False,False,0.0,0.0,0.0,[],10.0,10.0,1,10.0,0,0.009457832999999027
aco_current,10,7515,79,6,1,44.0,200.0,244.0,1.22,1.0,True,True,30.0,200.0,14.0,[1],10.0,10.0,1,10.0,0,0.009566457999994782
aco_current,10,7515,79,6,2,0.0,0.0,0.0,0.0,0.09907747060060501,False,False,0.0,0.0,0.0,[],10.0,10.0,1,10.0,0,0.009566457999994782
aco_current,10,7515,79,6,3,0.0,0.0,0.0,0.0,0.43936213850975037,False,False,0.0,0.0,0.0,[],10.0,10.0,1,10.0,0,0.009566457999994782
aco_current,10,7515,79,6,4,0.0,0.0,0.0,0.0,0.20313307642936707,False,False,0.0,0.0,0.0,[],10.0,10.0,1,10.0,0,0.009566457999994782
aco_current,10,7516,79,7,1,43.0,200.0,243.0,1.215,1.0,True,True,30.0,200.0,13.0,[1],10.0,10.0,1,10.0,0,0.009684957999994026
aco_current,10,7516,79,7,2,0.0,0.0,0.0,0.0,0.09907747060060501,False,False,0.0,0.0,0.0,[],10.0,10.0,1,10.0,0,0.009684957999994026
aco_current,10,7516,79,7,3,0.0,0.0,0.0,0.0,0.43936213850975037,False,False,0.0,0.0,0.0,[],10.0,10.0,1,10.0,0,0.009684957999994026
aco_current,10,7516,79,7,4,0.0,0.0,0.0,0.0,0.20313307642936707,False,False,0.0,0.0,0.0,[],10.0,10.0,1,10.0,0,0.009684957999994026
aco_current,10,7517,79,7,1,42.0,200.0,242.0,1.21,1.0,True,True,30.0,200.0,12.0,[1],10.0,10.0,1,10.0,0,0.009583790999997177
aco_current,10,7517,79,7,2,0.0,0.0,0.0,0.0,0.09907747060060501,False,False,0.0,0.0,0.0,[],10.0,10.0,1,10.0,0,0.009583790999997177
aco_current,10,7517,79,7,3,0.0,0.0,0.0,0.0,0.43936213850975037,False,False,0.0,0.0,0.0,[],10.0,10.0,1,10.0,0,0.009583790999997177
aco_current,10,7517,79,7,4,0.0,0.0,0.0,0.0,0.20313307642936707,False,False,0.0,0.0,0.0,[],10.0,10.0,1,10.0,0,0.009583790999997177
aco_current,10,7518,79,7,1,43.0,200.0,243.0,1.215,1.0,True,True,30.0,200.0,13.0,[1],10.0,10.0,1,10.0,0,0.009471625000003314
aco_current,10,7518,79,7,2,0.0,0.0,0.0,0.0,0.09907747060060501,False,False,0.0,0.0,0.0,[],10.0,10.0,1,10.0,0,0.009471625000003314
aco_current,10,7518,79,7,3,0.0,0.0,0.0,0.0,0.43936213850975037,False,False,0.0,0.0,0.0,[],10.0,10.0,1,10.0,0,0.009471625000003314
aco_current,10,7518,79,7,4,0.0,0.0,0.0,0.0,0.20313307642936707,False,False,0.0,0.0,0.0,[],10.0,10.0,1,10.0,0,0.009471625000003314
aco_current,10,7519,79,7,1,41.0,200.0,241.0,1.205,1.0,True,True,30.0,200.0,11.0,[1],10.0,10.0,1,10.0,0,0.009635541999998054
aco_current,10,7519,79,7,2,0.0,0.0,0.0,0.0,0.09907747060060501,False,False,0.0,0.0,0.0,[],10.0,10.0,1,10.0,0,0.009635541999998054
aco_current,10,7519,79,7,3,0.0,0.0,0.0,0.0,0.43936213850975037,False,False,0.0,0.0,0.0,[],10.0,10.0,1,10.0,0,0.009635541999998054
aco_current,10,7519,79,7,4,0.0,0.0,0.0,0.0,0.20313307642936707,False,False,0.0,0.0,0.0,[],10.0,10.0,1,10.0,0,0.009635541999998054
aco_current,10,7520,79,8,1,43.0,200.0,243.0,1.215,1.0,True,True,30.0,200.0,13.0,[1],10.0,10.0,1,10.0,0,0.009704249999998638
aco_current,10,7520,79,8,2,0.0,0.0,0.0,0.0,0.09907747060060501,False,False,0.0,0.0,0.0,[],10.0,10.0,1,10.0,0,0.009704249999998638
aco_current,10,7520,79,8,3,0.0,0.0,0.0,0.0,0.43936213850975037,False,False,0.0,0.0,0.0,[],10.0,10.0,1,10.0,0,0.009704249999998638
aco_current,10,7520,79,8,4,0.0,0.0,0.0,0.0,0.20313307642936707,False,False,0.0,0.0,0.0,[],10.0,10.0,1,10.0,0,0.009704249999998638
aco_current,10,7521,79,8,1,42.0,200.0,242.0,1.21,1.0,True,True,30.0,200.0,12.0,[1],10.0,10.0,1,10.0,0,0.009618457999991392
aco_current,10,7521,79,8,2,0.0,0.0,0.0,0.0,0.09907747060060501,False,False,0.0,0.0,0.0,[],10.0,10.0,1,10.0,0,0.009618457999991392
aco_current,10,7521,79,8,3,0.0,0.0,0.0,0.0,0.43936213850975037,False,False,0.0,0.0,0.0,[],10.0,10.0,1,10.0,0,0.009618457999991392
aco_current,10,7521,79,8,4,0.0,0.0,0.0,0.0,0.20313307642936707,False,False,0.0,0.0,0.0,[],10.0,10.0,1,10.0,0,0.009618457999991392
aco_current,10,7522,79,8,1,43.0,200.0,243.0,1.215,1.0,True,True,30.0,200.0,13.0,[1],10.0,10.0,1,10.0,0,0.009501290999992307
aco_current,10,7522,79,8,2,0.0,0.0,0.0,0.0,0.09907747060060501,False,False,0.0,0.0,0.0,[],10.0,10.0,1,10.0,0,0.009501290999992307
aco_current,10,7522,79,8,3,0.0,0.0,0.0,0.0,0.43936213850975037,False,False,0.0,0.0,0.0,[],10.0,10.0,1,10.0,0,0.009501290999992307
aco_current,10,7522,79,8,4,0.0,0.0,0.0,0.0,0.20313307642936707,False,False,0.0,0.0,0.0,[],10.0,10.0,1,10.0,0,0.009501290999992307
aco_current,10,7523,79,8,1,32.0,200.0,232.0,1.16,1.0,True,True,30.0,200.0,2.0,[1],10.0,10.0,1,10.0,0,0.009465624999990041
aco_current,10,7523,79,8,2,0.0,0.0,0.0,0.0,0.09907747060060501,False,False,0.0,0.0,0.0,[],10.0,10.0,1,10.0,0,0.009465624999990041
aco_current,10,7523,79,8,3,0.0,0.0,0.0,0.0,0.43936213850975037,False,False,0.0,0.0,0.0,[],10.0,10.0,1,10.0,0,0.009465624999990041
aco_current,10,7523,79,8,4,0.0,0.0,0.0,0.0,0.20313307642936707,False,False,0.0,0.0,0.0,[],10.0,10.0,1,10.0,0,0.009465624999990041
aco_current,10,7524,79,9,1,32.0,200.0,232.0,1.16,1.0,True,True,30.0,200.0,2.0,[1],10.0,10.0,1,10.0,0,0.009401459000002887
aco_current,10,7524,79,9,2,0.0,0.0,0.0,0.0,0.09907747060060501,False,False,0.0,0.0,0.0,[],10.0,10.0,1,10.0,0,0.009401459000002887
aco_current,10,7524,79,9,3,0.0,0.0,0.0,0.0,0.43936213850975037,False,False,0.0,0.0,0.0,[],10.0,10.0,1,10.0,0,0.009401459000002887
aco_current,10,7524,79,9,4,0.0,0.0,0.0,0.0,0.20313307642936707,False,False,0.0,0.0,0.0,[],10.0,10.0,1,10.0,0,0.009401459000002887
aco_current,10,7525,79,9,1,31.0,200.0,231.0,1.155,1.0,True,True,30.0,200.0,1.0,[1],10.0,10.0,1,10.0,0,0.009532958000008307
aco_current,10,7525,79,9,2,0.0,0.0,0.0,0.0,0.09907747060060501,False,False,0.0,0.0,0.0,[],10.0,10.0,1,10.0,0,0.009532958000008307
aco_current,10,7525,79,9,3,0.0,0.0,0.0,0.0,0.43936213850975037,False,False,0.0,0.0,0.0,[],10.0,10.0,1,10.0,0,0.009532958000008307
aco_current,10,7525,79,9,4,0.0,0.0,0.0,0.0,0.20313307642936707,False,False,0.0,0.0,0.0,[],10.0,10.0,1,10.0,0,0.009532958000008307
aco_current,10,7526,79,9,1,31.0,200.0,231.0,1.155,1.0,True,True,30.0,200.0,1.0,[1],10.0,10.0,1,10.0,0,0.009610417000004645
aco_current,10,7526,79,9,2,0.0,0.0,0.0,0.0,0.09907747060060501,False,False,0.0,0.0,0.0,[],10.0,10.0,1,10.0,0,0.009610417000004645
aco_current,10,7526,79,9,3,0.0,0.0,0.0,0.0,0.43936213850975037,False,False,0.0,0.0,0.0,[],10.0,10.0,1,10.0,0,0.009610417000004645
aco_current,10,7526,79,9,4,0.0,0.0,0.0,0.0,0.20313307642936707,False,False,0.0,0.0,0.0,[],10.0,10.0,1,10.0,0,0.009610417000004645
aco_current,10,7527,79,9,1,31.0,200.0,231.0,1.155,1.0,True,True,30.0,200.0,1.0,[1],10.0,10.0,1,10.0,0,0.009608749999998167
aco_current,10,7527,79,9,2,0.0,0.0,0.0,0.0,0.09907747060060501,False,False,0.0,0.0,0.0,[],10.0,10.0,1,10.0,0,0.009608749999998167
aco_current,10,7527,79,9,3,0.0,0.0,0.0,0.0,0.43936213850975037,False,False,0.0,0.0,0.0,[],10.0,10.0,1,10.0,0,0.009608749999998167
aco_current,10,7527,79,9,4,0.0,0.0,0.0,0.0,0.20313307642936707,False,False,0.0,0.0,0.0,[],10.0,10.0,1,10.0,0,0.009608749999998167
aco_current,10,7528,79,10,1,30.0,200.0,230.0,1.15,1.0,True,True,30.0,200.0,0.0,[1],10.0,10.0,1,10.0,0,0.009596915999992461
aco_current,10,7528,79,10,2,0.0,0.0,0.0,0.0,0.09907747060060501,False,False,0.0,0.0,0.0,[],10.0,10.0,1,10.0,0,0.009596915999992461
aco_current,10,7528,79,10,3,0.0,0.0,0.0,0.0,0.43936213850975037,False,False,0.0,0.0,0.0,[],10.0,10.0,1,10.0,0,0.009596915999992461
aco_current,10,7528,79,10,4,0.0,0.0,0.0,0.0,0.20313307642936707,False,False,0.0,0.0,0.0,[],10.0,10.0,1,10.0,0,0.009596915999992461
aco_current,10,7529,79,10,1,30.0,200.0,230.0,1.15,1.0,True,True,30.0,200.0,0.0,[1],10.0,10.0,1,10.0,0,0.009565750000007256
aco_current,10,7529,79,10,2,0.0,0.0,0.0,0.0,0.09907747060060501,False,False,0.0,0.0,0.0,[],10.0,10.0,1,10.0,0,0.009565750000007256
aco_current,10,7529,79,10,3,0.0,0.0,0.0,0.0,0.43936213850975037,False,False,0.0,0.0,0.0,[],10.0,10.0,1,10.0,0,0.009565750000007256
aco_current,10,7529,79,10,4,0.0,0.0,0.0,0.0,0.20313307642936707,False,False,0.0,0.0,0.0,[],10.0,10.0,1,10.0,0,0.009565750000007256
aco_current,10,7530,79,10,1,20.0,200.0,220.0,1.1,1.0,True,True,30.0,190.0,0.0,[1],10.0,10.0,1,10.0,0,0.009622750000005453
aco_current,10,7530,79,10,2,0.0,0.0,0.0,0.0,0.09907747060060501,False,False,0.0,0.0,0.0,[],10.0,10.0,1,10.0,0,0.009622750000005453
aco_current,10,7530,79,10,3,0.0,0.0,0.0,0.0,0.43936213850975037,False,False,0.0,0.0,0.0,[],10.0,10.0,1,10.0,0,0.009622750000005453
aco_current,10,7530,79,10,4,0.0,0.0,0.0,0.0,0.20313307642936707,False,False,0.0,0.0,0.0,[],10.0,10.0,1,10.0,0,0.009622750000005453
aco_current,10,7531,79,10,1,12.0,190.0,202.0,1.01,1.0,True,True,30.0,172.0,0.0,[1],10.0,10.0,1,10.0,0,0.009468583000000308
aco_current,10,7531,79,10,2,0.0,0.0,0.0,0.0,0.09907747060060501,False,False,0.0,0.0,0.0,[],10.0,10.0,1,10.0,0,0.009468583000000308
aco_current,10,7531,79,10,3,0.0,0.0,0.0,0.0,0.43936213850975037,False,False,0.0,0.0,0.0,[],10.0,10.0,1,10.0,0,0.009468583000000308
aco_current,10,7531,79,10,4,0.0,0.0,0.0,0.0,0.20313307642936707,False,False,0.0,0.0,0.0,[],10.0,10.0,1,10.0,0,0.009468583000000308
aco_current,10,7532,79,11,1,8.0,172.0,180.0,0.9,0.9999802112579346,True,True,30.0,150.0,0.0,[1],10.0,10.0,1,10.0,0,0.009611083000010012
aco_current,10,7532,79,11,2,0.0,0.0,0.0,0.0,0.09907747060060501,False,False,0.0,0.0,0.0,[],10.0,10.0,1,10.0,0,0.009611083000010012
aco_current,10,7532,79,11,3,0.0,0.0,0.0,0.0,0.43936213850975037,False,False,0.0,0.0,0.0,[],10.0,10.0,1,10.0,0,0.009611083000010012
aco_current,10,7532,79,11,4,0.0,0.0,0.0,0.0,0.20313307642936707,False,False,0.0,0.0,0.0,[],10.0,10.0,1,10.0,0,0.009611083000010012
aco_current,10,7533,79,11,1,8.0,150.0,158.0,0.79,0.992289662361145,False,False,0.0,158.0,0.0,[],0.0,0.0,0,0.0,0,3.1659999990552024e-06
aco_current,10,7533,79,11,2,0.0,0.0,0.0,0.0,0.09907747060060501,False,False,0.0,0.0,0.0,[],0.0,0.0,0,0.0,0,3.1659999990552024e-06
aco_current,10,7533,79,11,3,0.0,0.0,0.0,0.0,0.43936213850975037,False,False,0.0,0.0,0.0,[],0.0,0.0,0,0.0,0,3.1659999990552024e-06
aco_current,10,7533,79,11,4,0.0,0.0,0.0,0.0,0.20313307642936707,False,False,0.0,0.0,0.0,[],0.0,0.0,0,0.0,0,3.1659999990552024e-06
aco_current,10,7534,79,11,1,8.0,158.0,166.0,0.83,0.9991548657417297,True,True,30.0,136.0,0.0,[1],10.0,10.0,1,10.0,0,0.009501000000000204
aco_current,10,7534,79,11,2,0.0,0.0,0.0,0.0,0.09907747060060501,False,False,0.0,0.0,0.0,[],10.0,10.0,1,10.0,0,0.009501000000000204
aco_current,10,7534,79,11,3,0.0,0.0,0.0,0.0,0.43936213850975037,False,False,0.0,0.0,0.0,[],10.0,10.0,1,10.0,0,0.009501000000000204
aco_current,10,7534,79,11,4,0.0,0.0,0.0,0.0,0.20313307642936707,False,False,0.0,0.0,0.0,[],10.0,10.0,1,10.0,0,0.009501000000000204
aco_current,10,7535,79,11,1,8.0,136.0,144.0,0.72,0.9589164853096008,False,False,0.0,144.0,0.0,[],0.0,0.0,0,0.0,0,3.1659999990552024e-06
aco_current,10,7535,79,11,2,0.0,0.0,0.0,0.0,0.09907747060060501,False,False,0.0,0.0,0.0,[],0.0,0.0,0,0.0,0,3.1659999990552024e-06
aco_current,10,7535,79,11,3,0.0,0.0,0.0,0.0,0.43936213850975037,False,False,0.0,0.0,0.0,[],0.0,0.0,0,0.0,0,3.1659999990552024e-06
aco_current,10,7535,79,11,4,0.0,0.0,0.0,0.0,0.20313307642936707,False,False,0.0,0.0,0.0,[],0.0,0.0,0,0.0,0,3.1659999990552024e-06
aco_current,10,7536,79,12,1,8.0,144.0,152.0,0.76,0.9833152294158936,False,False,0.0,152.0,0.0,[],0.0,0.0,0,0.0,0,2.1660000015799596e-06
aco_current,10,7536,79,12,2,0.0,0.0,0.0,0.0,0.09907747060060501,False,False,0.0,0.0,0.0,[],0.0,0.0,0,0.0,0,2.1660000015799596e-06
aco_current,10,7536,79,12,3,0.0,0.0,0.0,0.0,0.43936213850975037,False,False,0.0,0.0,0.0,[],0.0,0.0,0,0.0,0,2.1660000015799596e-06
aco_current,10,7536,79,12,4,0.0,0.0,0.0,0.0,0.20313307642936707,False,False,0.0,0.0,0.0,[],0.0,0.0,0,0.0,0,2.1660000015799596e-06
aco_current,10,7537,79,12,1,8.0,152.0,160.0,0.8,0.99635910987854,True,True,30.0,130.0,0.0,[1],10.0,10.0,1,10.0,0,0.009630083000004674
aco_current,10,7537,79,12,2,0.0,0.0,0.0,0.0,0.09907747060060501,False,False,0.0,0.0,0.0,[],10.0,10.0,1,10.0,0,0.009630083000004674
aco_current,10,7537,79,12,3,0.0,0.0,0.0,0.0,0.43936213850975037,False,False,0.0,0.0,0.0,[],10.0,10.0,1,10.0,0,0.009630083000004674
aco_current,10,7537,79,12,4,0.0,0.0,0.0,0.0,0.20313307642936707,False,False,0.0,0.0,0.0,[],10.0,10.0,1,10.0,0,0.009630083000004674
aco_current,10,7538,79,12,1,8.0,130.0,138.0,0.69,0.9181945323944092,False,False,0.0,138.0,0.0,[],0.0,0.0,0,0.0,0,3.415999998424013e-06
aco_current,10,7538,79,12,2,0.0,0.0,0.0,0.0,0.09907747060060501,False,False,0.0,0.0,0.0,[],0.0,0.0,0,0.0,0,3.415999998424013e-06
aco_current,10,7538,79,12,3,0.0,0.0,0.0,0.0,0.43936213850975037,False,False,0.0,0.0,0.0,[],0.0,0.0,0,0.0,0,3.415999998424013e-06
aco_current,10,7538,79,12,4,0.0,0.0,0.0,0.0,0.20313307642936707,False,False,0.0,0.0,0.0,[],0.0,0.0,0,0.0,0,3.415999998424013e-06
aco_current,10,7539,79,12,1,8.0,138.0,146.0,0.73,0.9660224914550781,False,False,0.0,146.0,0.0,[],0.0,0.0,0,0.0,0,2.249999994319296e-06
aco_current,10,7539,79,12,2,0.0,0.0,0.0,0.0,0.09907747060060501,False,False,0.0,0.0,0.0,[],0.0,0.0,0,0.0,0,2.249999994319296e-06
aco_current,10,7539,79,12,3,0.0,0.0,0.0,0.0,0.43936213850975037,False,False,0.0,0.0,0.0,[],0.0,0.0,0,0.0,0,2.249999994319296e-06
aco_current,10,7539,79,12,4,0.0,0.0,0.0,0.0,0.20313307642936707,False,False,0.0,0.0,0.0,[],0.0,0.0,0,0.0,0,2.249999994319296e-06
aco_current,10,7540,79,13,1,8.0,146.0,154.0,0.77,0.9868676662445068,False,False,0.0,154.0,0.0,[],0.0,0.0,0,0.0,0,1.9590000022162712e-06
aco_current,10,7540,79,13,2,0.0,0.0,0.0,0.0,0.09907747060060501,False,False,0.0,0.0,0.0,[],0.0,0.0,0,0.0,0,1.9590000022162712e-06
aco_current,10,7540,79,13,3,0.0,0.0,0.0,0.0,0.43936213850975037,False,False,0.0,0.0,0.0,[],0.0,0.0,0,0.0,0,1.9590000022162712e-06
aco_current,10,7540,79,13,4,0.0,0.0,0.0,0.0,0.20313307642936707,False,False,0.0,0.0,0.0,[],0.0,0.0,0,0.0,0,1.9590000022162712e-06
aco_current,10,7541,79,13,1,8.0,154.0,162.0,0.81,0.997800886631012,True,True,30.0,132.0,0.0,[1],10.0,10.0,1,10.0,0,0.009687334000005876
aco_current,10,7541,79,13,2,0.0,0.0,0.0,0.0,0.09907747060060501,False,False,0.0,0.0,0.0,[],10.0,10.0,1,10.0,0,0.009687334000005876
aco_current,10,7541,79,13,3,0.0,0.0,0.0,0.0,0.43936213850975037,False,False,0.0,0.0,0.0,[],10.0,10.0,1,10.0,0,0.009687334000005876
aco_current,10,7541,79,13,4,0.0,0.0,0.0,0.0,0.20313307642936707,False,False,0.0,0.0,0.0,[],10.0,10.0,1,10.0,0,0.009687334000005876
aco_current,10,7542,79,13,1,8.0,132.0,140.0,0.7,0.935300350189209,False,False,0.0,140.0,0.0,[],0.0,0.0,0,0.0,0,2.5410000006331757e-06
aco_current,10,7542,79,13,2,0.0,0.0,0.0,0.0,0.09907747060060501,False,False,0.0,0.0,0.0,[],0.0,0.0,0,0.0,0,2.5410000006331757e-06
aco_current,10,7542,79,13,3,0.0,0.0,0.0,0.0,0.43936213850975037,False,False,0.0,0.0,0.0,[],0.0,0.0,0,0.0,0,2.5410000006331757e-06
aco_current,10,7542,79,13,4,0.0,0.0,0.0,0.0,0.20313307642936707,False,False,0.0,0.0,0.0,[],0.0,0.0,0,0.0,0,2.5410000006331757e-06
aco_current,10,7543,79,13,1,8.0,140.0,148.0,0.74,0.9731529355049133,False,False,0.0,148.0,0.0,[],0.0,0.0,0,0.0,0,2.249999994319296e-06
aco_current,10,7543,79,13,2,0.0,0.0,0.0,0.0,0.09907747060060501,False,False,0.0,0.0,0.0,[],0.0,0.0,0,0.0,0,2.249999994319296e-06
aco_current,10,7543,79,13,3,0.0,0.0,0.0,0.0,0.43936213850975037,False,False,0.0,0.0,0.0,[],0.0,0.0,0,0.0,0,2.249999994319296e-06
aco_current,10,7543,79,13,4,0.0,0.0,0.0,0.0,0.20313307642936707,False,False,0.0,0.0,0.0,[],0.0,0.0,0,0.0,0,2.249999994319296e-06
aco_current,10,7544,79,14,1,9.0,148.0,157.0,0.785,0.9946613311767578,False,False,0.0,157.0,0.0,[],0.0,0.0,0,0.0,0,2.9159999996863917e-06
aco_current,10,7544,79,14,2,0.0,0.0,0.0,0.0,0.09907747060060501,False,False,0.0,0.0,0.0,[],0.0,0.0,0,0.0,0,2.9159999996863917e-06
aco_current,10,7544,79,14,3,0.0,0.0,0.0,0.0,0.43936213850975037,False,False,0.0,0.0,0.0,[],0.0,0.0,0,0.0,0,2.9159999996863917e-06
aco_current,10,7544,79,14,4,0.0,0.0,0.0,0.0,0.20313307642936707,False,False,0.0,0.0,0.0,[],0.0,0.0,0,0.0,0,2.9159999996863917e-06
aco_current,10,7545,79,14,1,8.0,157.0,165.0,0.825,0.9989327788352966,True,True,30.0,135.0,0.0,[1],10.0,10.0,1,10.0,0,0.009609292000007486
aco_current,10,7545,79,14,2,0.0,0.0,0.0,0.0,0.09907747060060501,False,False,0.0,0.0,0.0,[],10.0,10.0,1,10.0,0,0.009609292000007486
aco_current,10,7545,79,14,3,0.0,0.0,0.0,0.0,0.43936213850975037,False,False,0.0,0.0,0.0,[],10.0,10.0,1,10.0,0,0.009609292000007486
aco_current,10,7545,79,14,4,0.0,0.0,0.0,0.0,0.20313307642936707,False,False,0.0,0.0,0.0,[],10.0,10.0,1,10.0,0,0.009609292000007486
aco_current,10,7546,79,14,1,8.0,135.0,143.0,0.715,0.9537420272827148,False,False,0.0,143.0,0.0,[],0.0,0.0,0,0.0,0,2.208999987374227e-06
aco_current,10,7546,79,14,2,0.0,0.0,0.0,0.0,0.09907747060060501,False,False,0.0,0.0,0.0,[],0.0,0.0,0,0.0,0,2.208999987374227e-06
aco_current,10,7546,79,14,3,0.0,0.0,0.0,0.0,0.43936213850975037,False,False,0.0,0.0,0.0,[],0.0,0.0,0,0.0,0,2.208999987374227e-06
aco_current,10,7546,79,14,4,0.0,0.0,0.0,0.0,0.20313307642936707,False,False,0.0,0.0,0.0,[],0.0,0.0,0,0.0,0,2.208999987374227e-06
aco_current,10,7547,79,14,1,8.0,143.0,151.0,0.755,0.9808357357978821,False,False,0.0,151.0,0.0,[],0.0,0.0,0,0.0,0,2.7499999930569174e-06
aco_current,10,7547,79,14,2,0.0,0.0,0.0,0.0,0.09907747060060501,False,False,0.0,0.0,0.0,[],0.0,0.0,0,0.0,0,2.7499999930569174e-06
aco_current,10,7547,79,14,3,0.0,0.0,0.0,0.0,0.43936213850975037,False,False,0.0,0.0,0.0,[],0.0,0.0,0,0.0,0,2.7499999930569174e-06
aco_current,10,7547,79,14,4,0.0,0.0,0.0,0.0,0.20313307642936707,False,False,0.0,0.0,0.0,[],0.0,0.0,0,0.0,0,2.7499999930569174e-06
aco_current,10,7548,79,15,1,0.0,151.0,151.0,0.755,0.19165685772895813,False,False,0.0,151.0,0.0,[],0.0,0.0,0,0.0,0,1.9999999949504854e-06
aco_current,10,7548,79,15,2,0.0,0.0,0.0,0.0,0.09907747060060501,False,False,0.0,0.0,0.0,[],0.0,0.0,0,0.0,0,1.9999999949504854e-06
aco_current,10,7548,79,15,3,0.0,0.0,0.0,0.0,0.43936213850975037,False,False,0.0,0.0,0.0,[],0.0,0.0,0,0.0,0,1.9999999949504854e-06
aco_current,10,7548,79,15,4,0.0,0.0,0.0,0.0,0.20313307642936707,False,False,0.0,0.0,0.0,[],0.0,0.0,0,0.0,0,1.9999999949504854e-06
aco_current,10,7549,79,15,1,0.0,151.0,151.0,0.755,0.21817216277122498,False,False,0.0,151.0,0.0,[],0.0,0.0,0,0.0,0,1.916000002211149e-06
aco_current,10,7549,79,15,2,0.0,0.0,0.0,0.0,0.09907747060060501,False,False,0.0,0.0,0.0,[],0.0,0.0,0,0.0,0,1.916000002211149e-06
aco_current,10,7549,79,15,3,0.0,0.0,0.0,0.0,0.43936213850975037,False,False,0.0,0.0,0.0,[],0.0,0.0,0,0.0,0,1.916000002211149e-06
aco_current,10,7549,79,15,4,0.0,0.0,0.0,0.0,0.20313307642936707,False,False,0.0,0.0,0.0,[],0.0,0.0,0,0.0,0,1.916000002211149e-06
aco_current,10,7550,79,15,1,0.0,151.0,151.0,0.755,0.2408572882413864,False,False,0.0,151.0,0.0,[],0.0,0.0,0,0.0,0,2.4590000009538926e-06
aco_current,10,7550,79,15,2,0.0,0.0,0.0,0.0,0.09907747060060501,False,False,0.0,0.0,0.0,[],0.0,0.0,0,0.0,0,2.4590000009538926e-06
aco_current,10,7550,79,15,3,0.0,0.0,0.0,0.0,0.43936213850975037,False,False,0.0,0.0,0.0,[],0.0,0.0,0,0.0,0,2.4590000009538926e-06
aco_current,10,7550,79,15,4,0.0,0.0,0.0,0.0,0.20313307642936707,False,False,0.0,0.0,0.0,[],0.0,0.0,0,0.0,0,2.4590000009538926e-06
aco_current,10,7551,79,15,1,0.0,151.0,151.0,0.755,0.2732677459716797,False,False,0.0,151.0,0.0,[],0.0,0.0,0,0.0,0,2.00000000916134e-06
aco_current,10,7551,79,15,2,0.0,0.0,0.0,0.0,0.09907747060060501,False,False,0.0,0.0,0.0,[],0.0,0.0,0,0.0,0,2.00000000916134e-06
aco_current,10,7551,79,15,3,0.0,0.0,0.0,0.0,0.43936213850975037,False,False,0.0,0.0,0.0,[],0.0,0.0,0,0.0,0,2.00000000916134e-06
aco_current,10,7551,79,15,4,0.0,0.0,0.0,0.0,0.20313307642936707,False,False,0.0,0.0,0.0,[],0.0,0.0,0,0.0,0,2.00000000916134e-06
aco_current,10,7552,79,16,1,0.0,151.0,151.0,0.755,0.2732677459716797,False,False,0.0,151.0,0.0,[],0.0,0.0,0,0.0,0,3.1659999990552024e-06
aco_current,10,7552,79,16,2,0.0,0.0,0.0,0.0,0.09907747060060501,False,False,0.0,0.0,0.0,[],0.0,0.0,0,0.0,0,3.1659999990552024e-06
aco_current,10,7552,79,16,3,0.0,0.0,0.0,0.0,0.43936213850975037,False,False,0.0,0.0,0.0,[],0.0,0.0,0,0.0,0,3.1659999990552024e-06
aco_current,10,7552,79,16,4,0.0,0.0,0.0,0.0,0.20313307642936707,False,False,0.0,0.0,0.0,[],0.0,0.0,0,0.0,0,3.1659999990552024e-06
aco_current,10,7553,79,16,1,0.0,151.0,151.0,0.755,0.2732677459716797,False,False,0.0,151.0,0.0,[],0.0,0.0,0,0.0,0,2.0410000018955543e-06
aco_current,10,7553,79,16,2,0.0,0.0,0.0,0.0,0.09907747060060501,False,False,0.0,0.0,0.0,[],0.0,0.0,0,0.0,0,2.0410000018955543e-06
aco_current,10,7553,79,16,3,0.0,0.0,0.0,0.0,0.43936213850975037,False,False,0.0,0.0,0.0,[],0.0,0.0,0,0.0,0,2.0410000018955543e-06
aco_current,10,7553,79,16,4,0.0,0.0,0.0,0.0,0.20313307642936707,False,False,0.0,0.0,0.0,[],0.0,0.0,0,0.0,0,2.0410000018955543e-06
aco_current,10,7554,79,16,1,0.0,151.0,151.0,0.755,0.2732677459716797,False,False,0.0,151.0,0.0,[],0.0,0.0,0,0.0,0,1.8329999988964119e-06
aco_current,10,7554,79,16,2,0.0,0.0,0.0,0.0,0.09907747060060501,False,False,0.0,0.0,0.0,[],0.0,0.0,0,0.0,0,1.8329999988964119e-06
aco_current,10,7554,79,16,3,0.0,0.0,0.0,0.0,0.43936213850975037,False,False,0.0,0.0,0.0,[],0.0,0.0,0,0.0,0,1.8329999988964119e-06
aco_current,10,7554,79,16,4,0.0,0.0,0.0,0.0,0.20313307642936707,False,False,0.0,0.0,0.0,[],0.0,0.0,0,0.0,0,1.8329999988964119e-06
aco_current,10,7555,79,16,1,0.0,151.0,151.0,0.755,0.2732677459716797,False,False,0.0,151.0,0.0,[],0.0,0.0,0,0.0,0,2.375000008214556e-06
aco_current,10,7555,79,16,2,0.0,0.0,0.0,0.0,0.09907747060060501,False,False,0.0,0.0,0.0,[],0.0,0.0,0,0.0,0,2.375000008214556e-06
aco_current,10,7555,79,16,3,0.0,0.0,0.0,0.0,0.43936213850975037,False,False,0.0,0.0,0.0,[],0.0,0.0,0,0.0,0,2.375000008214556e-06
aco_current,10,7555,79,16,4,0.0,0.0,0.0,0.0,0.20313307642936707,False,False,0.0,0.0,0.0,[],0.0,0.0,0,0.0,0,2.375000008214556e-06
aco_current,10,7556,79,17,1,0.0,151.0,151.0,0.755,0.2732677459716797,False,False,0.0,151.0,0.0,[],0.0,0.0,0,0.0,0,1.8329999988964119e-06
aco_current,10,7556,79,17,2,0.0,0.0,0.0,0.0,0.09907747060060501,False,False,0.0,0.0,0.0,[],0.0,0.0,0,0.0,0,1.8329999988964119e-06
aco_current,10,7556,79,17,3,0.0,0.0,0.0,0.0,0.43936213850975037,False,False,0.0,0.0,0.0,[],0.0,0.0,0,0.0,0,1.8329999988964119e-06
aco_current,10,7556,79,17,4,0.0,0.0,0.0,0.0,0.20313307642936707,False,False,0.0,0.0,0.0,[],0.0,0.0,0,0.0,0,1.8329999988964119e-06
aco_current,10,7557,79,17,1,0.0,151.0,151.0,0.755,0.2732677459716797,False,False,0.0,151.0,0.0,[],0.0,0.0,0,0.0,0,1.8750000094769348e-06
aco_current,10,7557,79,17,2,0.0,0.0,0.0,0.0,0.09907747060060501,False,False,0.0,0.0,0.0,[],0.0,0.0,0,0.0,0,1.8750000094769348e-06
aco_current,10,7557,79,17,3,0.0,0.0,0.0,0.0,0.43936213850975037,False,False,0.0,0.0,0.0,[],0.0,0.0,0,0.0,0,1.8750000094769348e-06
aco_current,10,7557,79,17,4,0.0,0.0,0.0,0.0,0.20313307642936707,False,False,0.0,0.0,0.0,[],0.0,0.0,0,0.0,0,1.8750000094769348e-06
aco_current,10,7558,79,17,1,0.0,151.0,151.0,0.755,0.2732677459716797,False,False,0.0,151.0,0.0,[],0.0,0.0,0,0.0,0,3.0419999887953963e-06
aco_current,10,7558,79,17,2,0.0,0.0,0.0,0.0,0.09907747060060501,False,False,0.0,0.0,0.0,[],0.0,0.0,0,0.0,0,3.0419999887953963e-06
aco_current,10,7558,79,17,3,0.0,0.0,0.0,0.0,0.43936213850975037,False,False,0.0,0.0,0.0,[],0.0,0.0,0,0.0,0,3.0419999887953963e-06
aco_current,10,7558,79,17,4,0.0,0.0,0.0,0.0,0.20313307642936707,False,False,0.0,0.0,0.0,[],0.0,0.0,0,0.0,0,3.0419999887953963e-06
aco_current,10,7559,79,17,1,0.0,151.0,151.0,0.755,0.2732677459716797,False,False,0.0,151.0,0.0,[],0.0,0.0,0,0.0,0,3.1249999921101335e-06
aco_current,10,7559,79,17,2,0.0,0.0,0.0,0.0,0.09907747060060501,False,False,0.0,0.0,0.0,[],0.0,0.0,0,0.0,0,3.1249999921101335e-06
aco_current,10,7559,79,17,3,0.0,0.0,0.0,0.0,0.43936213850975037,False,False,0.0,0.0,0.0,[],0.0,0.0,0,0.0,0,3.1249999921101335e-06
aco_current,10,7559,79,17,4,0.0,0.0,0.0,0.0,0.20313307642936707,False,False,0.0,0.0,0.0,[],0.0,0.0,0,0.0,0,3.1249999921101335e-06
aco_current,10,7560,79,18,1,0.0,151.0,151.0,0.755,0.2732677459716797,False,False,0.0,151.0,0.0,[],0.0,0.0,0,0.0,0,3.2079999954248706e-06
aco_current,10,7560,79,18,2,0.0,0.0,0.0,0.0,0.09907747060060501,False,False,0.0,0.0,0.0,[],0.0,0.0,0,0.0,0,3.2079999954248706e-06
aco_current,10,7560,79,18,3,0.0,0.0,0.0,0.0,0.43936213850975037,False,False,0.0,0.0,0.0,[],0.0,0.0,0,0.0,0,3.2079999954248706e-06
aco_current,10,7560,79,18,4,0.0,0.0,0.0,0.0,0.20313307642936707,False,False,0.0,0.0,0.0,[],0.0,0.0,0,0.0,0,3.2079999954248706e-06
aco_current,10,7561,79,18,1,0.0,151.0,151.0,0.755,0.2732677459716797,False,False,0.0,151.0,0.0,[],0.0,0.0,0,0.0,0,1.957999998580817e-06
aco_current,10,7561,79,18,2,0.0,0.0,0.0,0.0,0.09907747060060501,False,False,0.0,0.0,0.0,[],0.0,0.0,0,0.0,0,1.957999998580817e-06
aco_current,10,7561,79,18,3,0.0,0.0,0.0,0.0,0.43936213850975037,False,False,0.0,0.0,0.0,[],0.0,0.0,0,0.0,0,1.957999998580817e-06
aco_current,10,7561,79,18,4,0.0,0.0,0.0,0.0,0.20313307642936707,False,False,0.0,0.0,0.0,[],0.0,0.0,0,0.0,0,1.957999998580817e-06
aco_current,10,7562,79,18,1,0.0,151.0,151.0,0.755,0.2732677459716797,False,False,0.0,151.0,0.0,[],0.0,0.0,0,0.0,0,2.8750000069521775e-06
aco_current,10,7562,79,18,2,0.0,0.0,0.0,0.0,0.09907747060060501,False,False,0.0,0.0,0.0,[],0.0,0.0,0,0.0,0,2.8750000069521775e-06
aco_current,10,7562,79,18,3,0.0,0.0,0.0,0.0,0.43936213850975037,False,False,0.0,0.0,0.0,[],0.0,0.0,0,0.0,0,2.8750000069521775e-06
aco_current,10,7562,79,18,4,0.0,0.0,0.0,0.0,0.20313307642936707,False,False,0.0,0.0,0.0,[],0.0,0.0,0,0.0,0,2.8750000069521775e-06
aco_current,10,7563,79,18,1,0.0,151.0,151.0,0.755,0.2732677459716797,False,False,0.0,151.0,0.0,[],0.0,0.0,0,0.0,0,2.249999994319296e-06
aco_current,10,7563,79,18,2,0.0,0.0,0.0,0.0,0.09907747060060501,False,False,0.0,0.0,0.0,[],0.0,0.0,0,0.0,0,2.249999994319296e-06
aco_current,10,7563,79,18,3,0.0,0.0,0.0,0.0,0.43936213850975037,False,False,0.0,0.0,0.0,[],0.0,0.0,0,0.0,0,2.249999994319296e-06
aco_current,10,7563,79,18,4,0.0,0.0,0.0,0.0,0.20313307642936707,False,False,0.0,0.0,0.0,[],0.0,0.0,0,0.0,0,2.249999994319296e-06
aco_current,10,7564,79,19,1,0.0,151.0,151.0,0.755,0.2732677459716797,False,False,0.0,151.0,0.0,[],0.0,0.0,0,0.0,0,2.0419999913201536e-06
aco_current,10,7564,79,19,2,0.0,0.0,0.0,0.0,0.09907747060060501,False,False,0.0,0.0,0.0,[],0.0,0.0,0,0.0,0,2.0419999913201536e-06
aco_current,10,7564,79,19,3,0.0,0.0,0.0,0.0,0.43936213850975037,False,False,0.0,0.0,0.0,[],0.0,0.0,0,0.0,0,2.0419999913201536e-06
aco_current,10,7564,79,19,4,0.0,0.0,0.0,0.0,0.20313307642936707,False,False,0.0,0.0,0.0,[],0.0,0.0,0,0.0,0,2.0419999913201536e-06
aco_current,10,7565,79,19,1,0.0,151.0,151.0,0.755,0.2732677459716797,False,False,0.0,151.0,0.0,[],0.0,0.0,0,0.0,0,2.7910000000019863e-06
aco_current,10,7565,79,19,2,0.0,0.0,0.0,0.0,0.09907747060060501,False,False,0.0,0.0,0.0,[],0.0,0.0,0,0.0,0,2.7910000000019863e-06
aco_current,10,7565,79,19,3,0.0,0.0,0.0,0.0,0.43936213850975037,False,False,0.0,0.0,0.0,[],0.0,0.0,0,0.0,0,2.7910000000019863e-06
aco_current,10,7565,79,19,4,0.0,0.0,0.0,0.0,0.20313307642936707,False,False,0.0,0.0,0.0,[],0.0,0.0,0,0.0,0,2.7910000000019863e-06
aco_current,10,7566,79,19,1,0.0,151.0,151.0,0.755,0.2732677459716797,False,False,0.0,151.0,0.0,[],0.0,0.0,0,0.0,0,1.87499999526608e-06
aco_current,10,7566,79,19,2,0.0,0.0,0.0,0.0,0.09907747060060501,False,False,0.0,0.0,0.0,[],0.0,0.0,0,0.0,0,1.87499999526608e-06
aco_current,10,7566,79,19,3,0.0,0.0,0.0,0.0,0.43936213850975037,False,False,0.0,0.0,0.0,[],0.0,0.0,0,0.0,0,1.87499999526608e-06
aco_current,10,7566,79,19,4,0.0,0.0,0.0,0.0,0.20313307642936707,False,False,0.0,0.0,0.0,[],0.0,0.0,0,0.0,0,1.87499999526608e-06
aco_current,10,7567,79,19,1,0.0,151.0,151.0,0.755,0.2732677459716797,False,False,0.0,151.0,0.0,[],0.0,0.0,0,0.0,0,2.207999997949628e-06
aco_current,10,7567,79,19,2,0.0,0.0,0.0,0.0,0.09907747060060501,False,False,0.0,0.0,0.0,[],0.0,0.0,0,0.0,0,2.207999997949628e-06
aco_current,10,7567,79,19,3,0.0,0.0,0.0,0.0,0.43936213850975037,False,False,0.0,0.0,0.0,[],0.0,0.0,0,0.0,0,2.207999997949628e-06
aco_current,10,7567,79,19,4,0.0,0.0,0.0,0.0,0.20313307642936707,False,False,0.0,0.0,0.0,[],0.0,0.0,0,0.0,0,2.207999997949628e-06
aco_current,10,7568,79,20,1,0.0,151.0,151.0,0.755,0.2732677459716797,False,False,0.0,151.0,0.0,[],0.0,0.0,0,0.0,0,1.9169999916357483e-06
aco_current,10,7568,79,20,2,0.0,0.0,0.0,0.0,0.09907747060060501,False,False,0.0,0.0,0.0,[],0.0,0.0,0,0.0,0,1.9169999916357483e-06
aco_current,10,7568,79,20,3,0.0,0.0,0.0,0.0,0.43936213850975037,False,False,0.0,0.0,0.0,[],0.0,0.0,0,0.0,0,1.9169999916357483e-06
aco_current,10,7568,79,20,4,0.0,0.0,0.0,0.0,0.20313307642936707,False,False,0.0,0.0,0.0,[],0.0,0.0,0,0.0,0,1.9169999916357483e-06
aco_current,10,7569,79,20,1,0.0,151.0,151.0,0.755,0.2732677459716797,False,False,0.0,151.0,0.0,[],0.0,0.0,0,0.0,0,1.917000005846603e-06
aco_current,10,7569,79,20,2,0.0,0.0,0.0,0.0,0.09907747060060501,False,False,0.0,0.0,0.0,[],0.0,0.0,0,0.0,0,1.917000005846603e-06
aco_current,10,7569,79,20,3,0.0,0.0,0.0,0.0,0.43936213850975037,False,False,0.0,0.0,0.0,[],0.0,0.0,0,0.0,0,1.917000005846603e-06
aco_current,10,7569,79,20,4,0.0,0.0,0.0,0.0,0.20313307642936707,False,False,0.0,0.0,0.0,[],0.0,0.0,0,0.0,0,1.917000005846603e-06
aco_current,10,7570,79,20,1,0.0,151.0,151.0,0.755,0.2732677459716797,False,False,0.0,151.0,0.0,[],0.0,0.0,0,0.0,0,3.2079999954248706e-06
aco_current,10,7570,79,20,2,0.0,0.0,0.0,0.0,0.09907747060060501,False,False,0.0,0.0,0.0,[],0.0,0.0,0,0.0,0,3.2079999954248706e-06
aco_current,10,7570,79,20,3,0.0,0.0,0.0,0.0,0.43936213850975037,False,False,0.0,0.0,0.0,[],0.0,0.0,0,0.0,0,3.2079999954248706e-06
aco_current,10,7570,79,20,4,0.0,0.0,0.0,0.0,0.20313307642936707,False,False,0.0,0.0,0.0,[],0.0,0.0,0,0.0,0,3.2079999954248706e-06
aco_current,10,7571,79,20,1,0.0,151.0,151.0,0.755,0.2732677459716797,False,False,0.0,151.0,0.0,[],0.0,0.0,0,0.0,0,2.3340000012694873e-06
aco_current,10,7571,79,20,2,0.0,0.0,0.0,0.0,0.09907747060060501,False,False,0.0,0.0,0.0,[],0.0,0.0,0,0.0,0,2.3340000012694873e-06
aco_current,10,7571,79,20,3,0.0,0.0,0.0,0.0,0.43936213850975037,False,False,0.0,0.0,0.0,[],0.0,0.0,0,0.0,0,2.3340000012694873e-06
aco_current,10,7571,79,20,4,0.0,0.0,0.0,0.0,0.20313307642936707,False,False,0.0,0.0,0.0,[],0.0,0.0,0,0.0,0,2.3340000012694873e-06
aco_current,10,7572,79,21,1,0.0,151.0,151.0,0.755,0.2732677459716797,False,False,0.0,151.0,0.0,[],0.0,0.0,0,0.0,0,1.9590000022162712e-06
aco_current,10,7572,79,21,2,0.0,0.0,0.0,0.0,0.09907747060060501,False,False,0.0,0.0,0.0,[],0.0,0.0,0,0.0,0,1.9590000022162712e-06
aco_current,10,7572,79,21,3,0.0,0.0,0.0,0.0,0.43936213850975037,False,False,0.0,0.0,0.0,[],0.0,0.0,0,0.0,0,1.9590000022162712e-06
aco_current,10,7572,79,21,4,0.0,0.0,0.0,0.0,0.20313307642936707,False,False,0.0,0.0,0.0,[],0.0,0.0,0,0.0,0,1.9590000022162712e-06
aco_current,10,7573,79,21,1,0.0,151.0,151.0,0.755,0.2732677459716797,False,False,0.0,151.0,0.0,[],0.0,0.0,0,0.0,0,2.1249999946348908e-06
aco_current,10,7573,79,21,2,0.0,0.0,0.0,0.0,0.09907747060060501,False,False,0.0,0.0,0.0,[],0.0,0.0,0,0.0,0,2.1249999946348908e-06
aco_current,10,7573,79,21,3,0.0,0.0,0.0,0.0,0.43936213850975037,False,False,0.0,0.0,0.0,[],0.0,0.0,0,0.0,0,2.1249999946348908e-06
aco_current,10,7573,79,21,4,0.0,0.0,0.0,0.0,0.20313307642936707,False,False,0.0,0.0,0.0,[],0.0,0.0,0,0.0,0,2.1249999946348908e-06
aco_current,10,7574,79,21,1,0.0,151.0,151.0,0.755,0.2732677459716797,False,False,0.0,151.0,0.0,[],0.0,0.0,0,0.0,0,1.87499999526608e-06
aco_current,10,7574,79,21,2,0.0,0.0,0.0,0.0,0.09907747060060501,False,False,0.0,0.0,0.0,[],0.0,0.0,0,0.0,0,1.87499999526608e-06
aco_current,10,7574,79,21,3,0.0,0.0,0.0,0.0,0.43936213850975037,False,False,0.0,0.0,0.0,[],0.0,0.0,0,0.0,0,1.87499999526608e-06
aco_current,10,7574,79,21,4,0.0,0.0,0.0,0.0,0.20313307642936707,False,False,0.0,0.0,0.0,[],0.0,0.0,0,0.0,0,1.87499999526608e-06
aco_current,10,7575,79,21,1,0.0,151.0,151.0,0.755,0.2732677459716797,False,False,0.0,151.0,0.0,[],0.0,0.0,0,0.0,0,2.207999997949628e-06
aco_current,10,7575,79,21,2,0.0,0.0,0.0,0.0,0.09907747060060501,False,False,0.0,0.0,0.0,[],0.0,0.0,0,0.0,0,2.207999997949628e-06
aco_current,10,7575,79,21,3,0.0,0.0,0.0,0.0,0.43936213850975037,False,False,0.0,0.0,0.0,[],0.0,0.0,0,0.0,0,2.207999997949628e-06
aco_current,10,7575,79,21,4,0.0,0.0,0.0,0.0,0.20313307642936707,False,False,0.0,0.0,0.0,[],0.0,0.0,0,0.0,0,2.207999997949628e-06
aco_current,10,7576,79,22,1,0.0,151.0,151.0,0.755,0.2732677459716797,False,False,0.0,151.0,0.0,[],0.0,0.0,0,0.0,0,1.87499999526608e-06
aco_current,10,7576,79,22,2,0.0,0.0,0.0,0.0,0.09907747060060501,False,False,0.0,0.0,0.0,[],0.0,0.0,0,0.0,0,1.87499999526608e-06
aco_current,10,7576,79,22,3,0.0,0.0,0.0,0.0,0.43936213850975037,False,False,0.0,0.0,0.0,[],0.0,0.0,0,0.0,0,1.87499999526608e-06
aco_current,10,7576,79,22,4,0.0,0.0,0.0,0.0,0.20313307642936707,False,False,0.0,0.0,0.0,[],0.0,0.0,0,0.0,0,1.87499999526608e-06
aco_current,10,7577,79,22,1,0.0,151.0,151.0,0.755,0.2732677459716797,False,False,0.0,151.0,0.0,[],0.0,0.0,0,0.0,0,1.834000002531866e-06
aco_current,10,7577,79,22,2,0.0,0.0,0.0,0.0,0.09907747060060501,False,False,0.0,0.0,0.0,[],0.0,0.0,0,0.0,0,1.834000002531866e-06
aco_current,10,7577,79,22,3,0.0,0.0,0.0,0.0,0.43936213850975037,False,False,0.0,0.0,0.0,[],0.0,0.0,0,0.0,0,1.834000002531866e-06
aco_current,10,7577,79,22,4,0.0,0.0,0.0,0.0,0.20313307642936707,False,False,0.0,0.0,0.0,[],0.0,0.0,0,0.0,0,1.834000002531866e-06
aco_current,10,7578,79,22,1,0.0,151.0,151.0,0.755,0.2732677459716797,False,False,0.0,151.0,0.0,[],0.0,0.0,0,0.0,0,2.375000008214556e-06
aco_current,10,7578,79,22,2,0.0,0.0,0.0,0.0,0.09907747060060501,False,False,0.0,0.0,0.0,[],0.0,0.0,0,0.0,0,2.375000008214556e-06
aco_current,10,7578,79,22,3,0.0,0.0,0.0,0.0,0.43936213850975037,False,False,0.0,0.0,0.0,[],0.0,0.0,0,0.0,0,2.375000008214556e-06
aco_current,10,7578,79,22,4,0.0,0.0,0.0,0.0,0.20313307642936707,False,False,0.0,0.0,0.0,[],0.0,0.0,0,0.0,0,2.375000008214556e-06
aco_current,10,7579,79,22,1,0.0,151.0,151.0,0.755,0.2732677459716797,False,False,0.0,151.0,0.0,[],0.0,0.0,0,0.0,0,1.87499999526608e-06
aco_current,10,7579,79,22,2,0.0,0.0,0.0,0.0,0.09907747060060501,False,False,0.0,0.0,0.0,[],0.0,0.0,0,0.0,0,1.87499999526608e-06
aco_current,10,7579,79,22,3,0.0,0.0,0.0,0.0,0.43936213850975037,False,False,0.0,0.0,0.0,[],0.0,0.0,0,0.0,0,1.87499999526608e-06
aco_current,10,7579,79,22,4,0.0,0.0,0.0,0.0,0.20313307642936707,False,False,0.0,0.0,0.0,[],0.0,0.0,0,0.0,0,1.87499999526608e-06
aco_current,10,7580,79,23,1,0.0,151.0,151.0,0.755,0.2732677459716797,False,False,0.0,151.0,0.0,[],0.0,0.0,0,0.0,0,2.1249999946348908e-06
aco_current,10,7580,79,23,2,0.0,0.0,0.0,0.0,0.09907747060060501,False,False,0.0,0.0,0.0,[],0.0,0.0,0,0.0,0,2.1249999946348908e-06
aco_current,10,7580,79,23,3,0.0,0.0,0.0,0.0,0.43936213850975037,False,False,0.0,0.0,0.0,[],0.0,0.0,0,0.0,0,2.1249999946348908e-06
aco_current,10,7580,79,23,4,0.0,0.0,0.0,0.0,0.20313307642936707,False,False,0.0,0.0,0.0,[],0.0,0.0,0,0.0,0,2.1249999946348908e-06
aco_current,10,7581,79,23,1,0.0,151.0,151.0,0.755,0.2732677459716797,False,False,0.0,151.0,0.0,[],0.0,0.0,0,0.0,0,2.291000001264365e-06
aco_current,10,7581,79,23,2,0.0,0.0,0.0,0.0,0.09907747060060501,False,False,0.0,0.0,0.0,[],0.0,0.0,0,0.0,0,2.291000001264365e-06
aco_current,10,7581,79,23,3,0.0,0.0,0.0,0.0,0.43936213850975037,False,False,0.0,0.0,0.0,[],0.0,0.0,0,0.0,0,2.291000001264365e-06
aco_current,10,7581,79,23,4,0.0,0.0,0.0,0.0,0.20313307642936707,False,False,0.0,0.0,0.0,[],0.0,0.0,0,0.0,0,2.291000001264365e-06
aco_current,10,7582,79,23,1,0.0,151.0,151.0,0.755,0.2732677459716797,False,False,0.0,151.0,0.0,[],0.0,0.0,0,0.0,0,1.7499999955816747e-06
aco_current,10,7582,79,23,2,0.0,0.0,0.0,0.0,0.09907747060060501,False,False,0.0,0.0,0.0,[],0.0,0.0,0,0.0,0,1.7499999955816747e-06
aco_current,10,7582,79,23,3,0.0,0.0,0.0,0.0,0.43936213850975037,False,False,0.0,0.0,0.0,[],0.0,0.0,0,0.0,0,1.7499999955816747e-06
aco_current,10,7582,79,23,4,0.0,0.0,0.0,0.0,0.20313307642936707,False,False,0.0,0.0,0.0,[],0.0,0.0,0,0.0,0,1.7499999955816747e-06
aco_current,10,7583,79,23,1,0.0,151.0,151.0,0.755,0.2732677459716797,False,False,0.0,151.0,0.0,[],0.0,0.0,0,0.0,0,2.3340000012694873e-06
aco_current,10,7583,79,23,2,0.0,0.0,0.0,0.0,0.09907747060060501,False,False,0.0,0.0,0.0,[],0.0,0.0,0,0.0,0,2.3340000012694873e-06
aco_current,10,7583,79,23,3,0.0,0.0,0.0,0.0,0.43936213850975037,False,False,0.0,0.0,0.0,[],0.0,0.0,0,0.0,0,2.3340000012694873e-06
aco_current,10,7583,79,23,4,0.0,0.0,0.0,0.0,0.20313307642936707,False,False,0.0,0.0,0.0,[],0.0,0.0,0,0.0,0,2.3340000012694873e-06
aco_current,10,7584,80,0,1,33.0,151.0,184.0,0.92,1.0,True,True,30.0,154.0,0.0,[1],10.0,10.0,1,10.0,0,0.0095334170000001
aco_current,10,7584,80,0,2,0.0,0.0,0.0,0.0,0.09907747060060501,False,False,0.0,0.0,0.0,[],10.0,10.0,1,10.0,0,0.0095334170000001
aco_current,10,7584,80,0,3,0.0,0.0,0.0,0.0,0.43936213850975037,False,False,0.0,0.0,0.0,[],10.0,10.0,1,10.0,0,0.0095334170000001
aco_current,10,7584,80,0,4,0.0,0.0,0.0,0.0,0.20313307642936707,False,False,0.0,0.0,0.0,[],10.0,10.0,1,10.0,0,0.0095334170000001
aco_current,10,7585,80,0,1,38.0,154.0,192.0,0.96,1.0,True,True,30.0,162.0,0.0,[1],10.0,10.0,1,10.0,0,0.009565457999997307
aco_current,10,7585,80,0,2,0.0,0.0,0.0,0.0,0.09907747060060501,False,False,0.0,0.0,0.0,[],10.0,10.0,1,10.0,0,0.009565457999997307
aco_current,10,7585,80,0,3,0.0,0.0,0.0,0.0,0.43936213850975037,False,False,0.0,0.0,0.0,[],10.0,10.0,1,10.0,0,0.009565457999997307
aco_current,10,7585,80,0,4,0.0,0.0,0.0,0.0,0.20313307642936707,False,False,0.0,0.0,0.0,[],10.0,10.0,1,10.0,0,0.009565457999997307
aco_current,10,7586,80,0,1,36.0,162.0,198.0,0.99,1.0,True,True,30.0,168.0,0.0,[1],10.0,10.0,1,10.0,0,0.009564334000003782
aco_current,10,7586,80,0,2,0.0,0.0,0.0,0.0,0.09907747060060501,False,False,0.0,0.0,0.0,[],10.0,10.0,1,10.0,0,0.009564334000003782
aco_current,10,7586,80,0,3,0.0,0.0,0.0,0.0,0.43936213850975037,False,False,0.0,0.0,0.0,[],10.0,10.0,1,10.0,0,0.009564334000003782
aco_current,10,7586,80,0,4,0.0,0.0,0.0,0.0,0.20313307642936707,False,False,0.0,0.0,0.0,[],10.0,10.0,1,10.0,0,0.009564334000003782
aco_current,10,7587,80,0,1,38.0,168.0,206.0,1.03,1.0,True,True,30.0,176.0,0.0,[1],10.0,10.0,1,10.0,0,0.009529166999996619
aco_current,10,7587,80,0,2,0.0,0.0,0.0,0.0,0.09907747060060501,False,False,0.0,0.0,0.0,[],10.0,10.0,1,10.0,0,0.009529166999996619
aco_current,10,7587,80,0,3,0.0,0.0,0.0,0.0,0.43936213850975037,False,False,0.0,0.0,0.0,[],10.0,10.0,1,10.0,0,0.009529166999996619
aco_current,10,7587,80,0,4,0.0,0.0,0.0,0.0,0.20313307642936707,False,False,0.0,0.0,0.0,[],10.0,10.0,1,10.0,0,0.009529166999996619
aco_current,10,7588,80,1,1,36.0,176.0,212.0,1.06,1.0,True,True,30.0,182.0,0.0,[1],10.0,10.0,1,10.0,0,0.00954866700000423
aco_current,10,7588,80,1,2,0.0,0.0,0.0,0.0,0.09907747060060501,False,False,0.0,0.0,0.0,[],10.0,10.0,1,10.0,0,0.00954866700000423
aco_current,10,7588,80,1,3,0.0,0.0,0.0,0.0,0.43936213850975037,False,False,0.0,0.0,0.0,[],10.0,10.0,1,10.0,0,0.00954866700000423
aco_current,10,7588,80,1,4,0.0,0.0,0.0,0.0,0.20313307642936707,False,False,0.0,0.0,0.0,[],10.0,10.0,1,10.0,0,0.00954866700000423
aco_current,10,7589,80,1,1,37.0,182.0,219.0,1.095,1.0,True,True,30.0,189.0,0.0,[1],10.0,10.0,1,10.0,0,0.009366499999998723
aco_current,10,7589,80,1,2,0.0,0.0,0.0,0.0,0.09907747060060501,False,False,0.0,0.0,0.0,[],10.0,10.0,1,10.0,0,0.009366499999998723
aco_current,10,7589,80,1,3,0.0,0.0,0.0,0.0,0.43936213850975037,False,False,0.0,0.0,0.0,[],10.0,10.0,1,10.0,0,0.009366499999998723
aco_current,10,7589,80,1,4,0.0,0.0,0.0,0.0,0.20313307642936707,False,False,0.0,0.0,0.0,[],10.0,10.0,1,10.0,0,0.009366499999998723
aco_current,10,7590,80,1,1,42.0,189.0,231.0,1.155,1.0,True,True,30.0,200.0,1.0,[1],10.0,10.0,1,10.0,0,0.009551458999993656
aco_current,10,7590,80,1,2,0.0,0.0,0.0,0.0,0.09907747060060501,False,False,0.0,0.0,0.0,[],10.0,10.0,1,10.0,0,0.009551458999993656
aco_current,10,7590,80,1,3,0.0,0.0,0.0,0.0,0.43936213850975037,False,False,0.0,0.0,0.0,[],10.0,10.0,1,10.0,0,0.009551458999993656
aco_current,10,7590,80,1,4,0.0,0.0,0.0,0.0,0.20313307642936707,False,False,0.0,0.0,0.0,[],10.0,10.0,1,10.0,0,0.009551458999993656
aco_current,10,7591,80,1,1,46.0,200.0,246.0,1.23,1.0,True,True,30.0,200.0,16.0,[1],10.0,10.0,1,10.0,0,0.009474124999997002
aco_current,10,7591,80,1,2,0.0,0.0,0.0,0.0,0.09907747060060501,False,False,0.0,0.0,0.0,[],10.0,10.0,1,10.0,0,0.009474124999997002
aco_current,10,7591,80,1,3,0.0,0.0,0.0,0.0,0.43936213850975037,False,False,0.0,0.0,0.0,[],10.0,10.0,1,10.0,0,0.009474124999997002
aco_current,10,7591,80,1,4,0.0,0.0,0.0,0.0,0.20313307642936707,False,False,0.0,0.0,0.0,[],10.0,10.0,1,10.0,0,0.009474124999997002
aco_current,10,7592,80,2,1,44.0,200.0,244.0,1.22,1.0,True,True,30.0,200.0,14.0,[1],10.0,10.0,1,10.0,0,0.00950712499999895
aco_current,10,7592,80,2,2,0.0,0.0,0.0,0.0,0.09907747060060501,False,False,0.0,0.0,0.0,[],10.0,10.0,1,10.0,0,0.00950712499999895
aco_current,10,7592,80,2,3,0.0,0.0,0.0,0.0,0.43936213850975037,False,False,0.0,0.0,0.0,[],10.0,10.0,1,10.0,0,0.00950712499999895
aco_current,10,7592,80,2,4,0.0,0.0,0.0,0.0,0.20313307642936707,False,False,0.0,0.0,0.0,[],10.0,10.0,1,10.0,0,0.00950712499999895
aco_current,10,7593,80,2,1,45.0,200.0,245.0,1.225,1.0,True,True,30.0,200.0,15.0,[1],10.0,10.0,1,10.0,0,0.009625874999997563
aco_current,10,7593,80,2,2,0.0,0.0,0.0,0.0,0.09907747060060501,False,False,0.0,0.0,0.0,[],10.0,10.0,1,10.0,0,0.009625874999997563
aco_current,10,7593,80,2,3,0.0,0.0,0.0,0.0,0.43936213850975037,False,False,0.0,0.0,0.0,[],10.0,10.0,1,10.0,0,0.009625874999997563
aco_current,10,7593,80,2,4,0.0,0.0,0.0,0.0,0.20313307642936707,False,False,0.0,0.0,0.0,[],10.0,10.0,1,10.0,0,0.009625874999997563
aco_current,10,7594,80,2,1,44.0,200.0,244.0,1.22,1.0,True,True,30.0,200.0,14.0,[1],10.0,10.0,1,10.0,0,0.009595375000003514
aco_current,10,7594,80,2,2,0.0,0.0,0.0,0.0,0.09907747060060501,False,False,0.0,0.0,0.0,[],10.0,10.0,1,10.0,0,0.009595375000003514
aco_current,10,7594,80,2,3,0.0,0.0,0.0,0.0,0.43936213850975037,False,False,0.0,0.0,0.0,[],10.0,10.0,1,10.0,0,0.009595375000003514
aco_current,10,7594,80,2,4,0.0,0.0,0.0,0.0,0.20313307642936707,False,False,0.0,0.0,0.0,[],10.0,10.0,1,10.0,0,0.009595375000003514
aco_current,10,7595,80,2,1,43.0,200.0,243.0,1.215,1.0,True,True,30.0,200.0,13.0,[1],10.0,10.0,1,10.0,0,0.00949299999999198
aco_current,10,7595,80,2,2,0.0,0.0,0.0,0.0,0.09907747060060501,False,False,0.0,0.0,0.0,[],10.0,10.0,1,10.0,0,0.00949299999999198
aco_current,10,7595,80,2,3,0.0,0.0,0.0,0.0,0.43936213850975037,False,False,0.0,0.0,0.0,[],10.0,10.0,1,10.0,0,0.00949299999999198
aco_current,10,7595,80,2,4,0.0,0.0,0.0,0.0,0.20313307642936707,False,False,0.0,0.0,0.0,[],10.0,10.0,1,10.0,0,0.00949299999999198
aco_current,10,7596,80,3,1,45.0,200.0,245.0,1.225,1.0,True,True,30.0,200.0,15.0,[1],10.0,10.0,1,10.0,0,0.009551167000012128
aco_current,10,7596,80,3,2,0.0,0.0,0.0,0.0,0.09907747060060501,False,False,0.0,0.0,0.0,[],10.0,10.0,1,10.0,0,0.009551167000012128
aco_current,10,7596,80,3,3,0.0,0.0,0.0,0.0,0.43936213850975037,False,False,0.0,0.0,0.0,[],10.0,10.0,1,10.0,0,0.009551167000012128
aco_current,10,7596,80,3,4,0.0,0.0,0.0,0.0,0.20313307642936707,False,False,0.0,0.0,0.0,[],10.0,10.0,1,10.0,0,0.009551167000012128
aco_current,10,7597,80,3,1,42.0,200.0,242.0,1.21,1.0,True,True,30.0,200.0,12.0,[1],10.0,10.0,1,10.0,0,0.009604374999995002
aco_current,10,7597,80,3,2,0.0,0.0,0.0,0.0,0.09907747060060501,False,False,0.0,0.0,0.0,[],10.0,10.0,1,10.0,0,0.009604374999995002
aco_current,10,7597,80,3,3,0.0,0.0,0.0,0.0,0.43936213850975037,False,False,0.0,0.0,0.0,[],10.0,10.0,1,10.0,0,0.009604374999995002
aco_current,10,7597,80,3,4,0.0,0.0,0.0,0.0,0.20313307642936707,False,False,0.0,0.0,0.0,[],10.0,10.0,1,10.0,0,0.009604374999995002
aco_current,10,7598,80,3,1,44.0,200.0,244.0,1.22,1.0,True,True,30.0,200.0,14.0,[1],10.0,10.0,1,10.0,0,0.009520041000001811
aco_current,10,7598,80,3,2,0.0,0.0,0.0,0.0,0.09907747060060501,False,False,0.0,0.0,0.0,[],10.0,10.0,1,10.0,0,0.009520041000001811
aco_current,10,7598,80,3,3,0.0,0.0,0.0,0.0,0.43936213850975037,False,False,0.0,0.0,0.0,[],10.0,10.0,1,10.0,0,0.009520041000001811
aco_current,10,7598,80,3,4,0.0,0.0,0.0,0.0,0.20313307642936707,False,False,0.0,0.0,0.0,[],10.0,10.0,1,10.0,0,0.009520041000001811
aco_current,10,7599,80,3,1,43.0,200.0,243.0,1.215,1.0,True,True,30.0,200.0,13.0,[1],10.0,10.0,1,10.0,0,0.009777124999999387
aco_current,10,7599,80,3,2,0.0,0.0,0.0,0.0,0.09907747060060501,False,False,0.0,0.0,0.0,[],10.0,10.0,1,10.0,0,0.009777124999999387
aco_current,10,7599,80,3,3,0.0,0.0,0.0,0.0,0.43936213850975037,False,False,0.0,0.0,0.0,[],10.0,10.0,1,10.0,0,0.009777124999999387
aco_current,10,7599,80,3,4,0.0,0.0,0.0,0.0,0.20313307642936707,False,False,0.0,0.0,0.0,[],10.0,10.0,1,10.0,0,0.009777124999999387
aco_current,10,7600,80,4,1,42.0,200.0,242.0,1.21,1.0,True,True,30.0,200.0,12.0,[1],10.0,10.0,1,10.0,0,0.009662250000005201
aco_current,10,7600,80,4,2,0.0,0.0,0.0,0.0,0.09907747060060501,False,False,0.0,0.0,0.0,[],10.0,10.0,1,10.0,0,0.009662250000005201
aco_current,10,7600,80,4,3,0.0,0.0,0.0,0.0,0.43936213850975037,False,False,0.0,0.0,0.0,[],10.0,10.0,1,10.0,0,0.009662250000005201
aco_current,10,7600,80,4,4,0.0,0.0,0.0,0.0,0.20313307642936707,False,False,0.0,0.0,0.0,[],10.0,10.0,1,10.0,0,0.009662250000005201
aco_current,10,7601,80,4,1,41.0,200.0,241.0,1.205,1.0,True,True,30.0,200.0,11.0,[1],10.0,10.0,1,10.0,0,0.00947887499999922
aco_current,10,7601,80,4,2,0.0,0.0,0.0,0.0,0.09907747060060501,False,False,0.0,0.0,0.0,[],10.0,10.0,1,10.0,0,0.00947887499999922
aco_current,10,7601,80,4,3,0.0,0.0,0.0,0.0,0.43936213850975037,False,False,0.0,0.0,0.0,[],10.0,10.0,1,10.0,0,0.00947887499999922
aco_current,10,7601,80,4,4,0.0,0.0,0.0,0.0,0.20313307642936707,False,False,0.0,0.0,0.0,[],10.0,10.0,1,10.0,0,0.00947887499999922
aco_current,10,7602,80,4,1,39.0,200.0,239.0,1.195,1.0,True,True,30.0,200.0,9.0,[1],10.0,10.0,1,10.0,0,0.009488915999995129
aco_current,10,7602,80,4,2,0.0,0.0,0.0,0.0,0.09907747060060501,False,False,0.0,0.0,0.0,[],10.0,10.0,1,10.0,0,0.009488915999995129
aco_current,10,7602,80,4,3,0.0,0.0,0.0,0.0,0.43936213850975037,False,False,0.0,0.0,0.0,[],10.0,10.0,1,10.0,0,0.009488915999995129
aco_current,10,7602,80,4,4,0.0,0.0,0.0,0.0,0.20313307642936707,False,False,0.0,0.0,0.0,[],10.0,10.0,1,10.0,0,0.009488915999995129
aco_current,10,7603,80,4,1,41.0,200.0,241.0,1.205,1.0,True,True,30.0,200.0,11.0,[1],10.0,10.0,1,10.0,0,0.00959520799999325
aco_current,10,7603,80,4,2,0.0,0.0,0.0,0.0,0.09907747060060501,False,False,0.0,0.0,0.0,[],10.0,10.0,1,10.0,0,0.00959520799999325
aco_current,10,7603,80,4,3,0.0,0.0,0.0,0.0,0.43936213850975037,False,False,0.0,0.0,0.0,[],10.0,10.0,1,10.0,0,0.00959520799999325
aco_current,10,7603,80,4,4,0.0,0.0,0.0,0.0,0.20313307642936707,False,False,0.0,0.0,0.0,[],10.0,10.0,1,10.0,0,0.00959520799999325
aco_current,10,7604,80,5,1,39.0,200.0,239.0,1.195,1.0,True,True,30.0,200.0,9.0,[1],10.0,10.0,1,10.0,0,0.009424124999995342
aco_current,10,7604,80,5,2,0.0,0.0,0.0,0.0,0.09907747060060501,False,False,0.0,0.0,0.0,[],10.0,10.0,1,10.0,0,0.009424124999995342
aco_current,10,7604,80,5,3,0.0,0.0,0.0,0.0,0.43936213850975037,False,False,0.0,0.0,0.0,[],10.0,10.0,1,10.0,0,0.009424124999995342
aco_current,10,7604,80,5,4,0.0,0.0,0.0,0.0,0.20313307642936707,False,False,0.0,0.0,0.0,[],10.0,10.0,1,10.0,0,0.009424124999995342
aco_current,10,7605,80,5,1,40.0,200.0,240.0,1.2,1.0,True,True,30.0,200.0,10.0,[1],10.0,10.0,1,10.0,0,0.009542624999994587
aco_current,10,7605,80,5,2,0.0,0.0,0.0,0.0,0.09907747060060501,False,False,0.0,0.0,0.0,[],10.0,10.0,1,10.0,0,0.009542624999994587
aco_current,10,7605,80,5,3,0.0,0.0,0.0,0.0,0.43936213850975037,False,False,0.0,0.0,0.0,[],10.0,10.0,1,10.0,0,0.009542624999994587
aco_current,10,7605,80,5,4,0.0,0.0,0.0,0.0,0.20313307642936707,False,False,0.0,0.0,0.0,[],10.0,10.0,1,10.0,0,0.009542624999994587
aco_current,10,7606,80,5,1,41.0,200.0,241.0,1.205,1.0,True,True,30.0,200.0,11.0,[1],10.0,10.0,1,10.0,0,0.009526999999991403
aco_current,10,7606,80,5,2,0.0,0.0,0.0,0.0,0.09907747060060501,False,False,0.0,0.0,0.0,[],10.0,10.0,1,10.0,0,0.009526999999991403
aco_current,10,7606,80,5,3,0.0,0.0,0.0,0.0,0.43936213850975037,False,False,0.0,0.0,0.0,[],10.0,10.0,1,10.0,0,0.009526999999991403
aco_current,10,7606,80,5,4,0.0,0.0,0.0,0.0,0.20313307642936707,False,False,0.0,0.0,0.0,[],10.0,10.0,1,10.0,0,0.009526999999991403
aco_current,10,7607,80,5,1,42.0,200.0,242.0,1.21,1.0,True,True,30.0,200.0,12.0,[1],10.0,10.0,1,10.0,0,0.00945066699999586
aco_current,10,7607,80,5,2,0.0,0.0,0.0,0.0,0.09907747060060501,False,False,0.0,0.0,0.0,[],10.0,10.0,1,10.0,0,0.00945066699999586
aco_current,10,7607,80,5,3,0.0,0.0,0.0,0.0,0.43936213850975037,False,False,0.0,0.0,0.0,[],10.0,10.0,1,10.0,0,0.00945066699999586
aco_current,10,7607,80,5,4,0.0,0.0,0.0,0.0,0.20313307642936707,False,False,0.0,0.0,0.0,[],10.0,10.0,1,10.0,0,0.00945066699999586
aco_current,10,7608,80,6,1,41.0,200.0,241.0,1.205,1.0,True,True,30.0,200.0,11.0,[1],10.0,10.0,1,10.0,0,0.009423666999992975
aco_current,10,7608,80,6,2,0.0,0.0,0.0,0.0,0.09907747060060501,False,False,0.0,0.0,0.0,[],10.0,10.0,1,10.0,0,0.009423666999992975
aco_current,10,7608,80,6,3,0.0,0.0,0.0,0.0,0.43936213850975037,False,False,0.0,0.0,0.0,[],10.0,10.0,1,10.0,0,0.009423666999992975
aco_current,10,7608,80,6,4,0.0,0.0,0.0,0.0,0.20313307642936707,False,False,0.0,0.0,0.0,[],10.0,10.0,1,10.0,0,0.009423666999992975
aco_current,10,7609,80,6,1,40.0,200.0,240.0,1.2,1.0,True,True,30.0,200.0,10.0,[1],10.0,10.0,1,10.0,0,0.009598541999991994
aco_current,10,7609,80,6,2,0.0,0.0,0.0,0.0,0.09907747060060501,False,False,0.0,0.0,0.0,[],10.0,10.0,1,10.0,0,0.009598541999991994
aco_current,10,7609,80,6,3,0.0,0.0,0.0,0.0,0.43936213850975037,False,False,0.0,0.0,0.0,[],10.0,10.0,1,10.0,0,0.009598541999991994
aco_current,10,7609,80,6,4,0.0,0.0,0.0,0.0,0.20313307642936707,False,False,0.0,0.0,0.0,[],10.0,10.0,1,10.0,0,0.009598541999991994
aco_current,10,7610,80,6,1,38.0,200.0,238.0,1.19,1.0,True,True,30.0,200.0,8.0,[1],10.0,10.0,1,10.0,0,0.009560917000001723
aco_current,10,7610,80,6,2,0.0,0.0,0.0,0.0,0.09907747060060501,False,False,0.0,0.0,0.0,[],10.0,10.0,1,10.0,0,0.009560917000001723
aco_current,10,7610,80,6,3,0.0,0.0,0.0,0.0,0.43936213850975037,False,False,0.0,0.0,0.0,[],10.0,10.0,1,10.0,0,0.009560917000001723
aco_current,10,7610,80,6,4,0.0,0.0,0.0,0.0,0.20313307642936707,False,False,0.0,0.0,0.0,[],10.0,10.0,1,10.0,0,0.009560917000001723
aco_current,10,7611,80,6,1,37.0,200.0,237.0,1.185,1.0,True,True,30.0,200.0,7.0,[1],10.0,10.0,1,10.0,0,0.009725125000002777
aco_current,10,7611,80,6,2,0.0,0.0,0.0,0.0,0.09907747060060501,False,False,0.0,0.0,0.0,[],10.0,10.0,1,10.0,0,0.009725125000002777
aco_current,10,7611,80,6,3,0.0,0.0,0.0,0.0,0.43936213850975037,False,False,0.0,0.0,0.0,[],10.0,10.0,1,10.0,0,0.009725125000002777
aco_current,10,7611,80,6,4,0.0,0.0,0.0,0.0,0.20313307642936707,False,False,0.0,0.0,0.0,[],10.0,10.0,1,10.0,0,0.009725125000002777
aco_current,10,7612,80,7,1,41.0,200.0,241.0,1.205,1.0,True,True,30.0,200.0,11.0,[1],10.0,10.0,1,10.0,0,0.009690875000003984
aco_current,10,7612,80,7,2,0.0,0.0,0.0,0.0,0.09907747060060501,False,False,0.0,0.0,0.0,[],10.0,10.0,1,10.0,0,0.009690875000003984
aco_current,10,7612,80,7,3,0.0,0.0,0.0,0.0,0.43936213850975037,False,False,0.0,0.0,0.0,[],10.0,10.0,1,10.0,0,0.009690875000003984
aco_current,10,7612,80,7,4,0.0,0.0,0.0,0.0,0.20313307642936707,False,False,0.0,0.0,0.0,[],10.0,10.0,1,10.0,0,0.009690875000003984
aco_current,10,7613,80,7,1,40.0,200.0,240.0,1.2,1.0,True,True,30.0,200.0,10.0,[1],10.0,10.0,1,10.0,0,0.009469875000007733
aco_current,10,7613,80,7,2,0.0,0.0,0.0,0.0,0.09907747060060501,False,False,0.0,0.0,0.0,[],10.0,10.0,1,10.0,0,0.009469875000007733
aco_current,10,7613,80,7,3,0.0,0.0,0.0,0.0,0.43936213850975037,False,False,0.0,0.0,0.0,[],10.0,10.0,1,10.0,0,0.009469875000007733
aco_current,10,7613,80,7,4,0.0,0.0,0.0,0.0,0.20313307642936707,False,False,0.0,0.0,0.0,[],10.0,10.0,1,10.0,0,0.009469875000007733
aco_current,10,7614,80,7,1,42.0,200.0,242.0,1.21,1.0,True,True,30.0,200.0,12.0,[1],10.0,10.0,1,10.0,0,0.009700042000005737
aco_current,10,7614,80,7,2,0.0,0.0,0.0,0.0,0.09907747060060501,False,False,0.0,0.0,0.0,[],10.0,10.0,1,10.0,0,0.009700042000005737
aco_current,10,7614,80,7,3,0.0,0.0,0.0,0.0,0.43936213850975037,False,False,0.0,0.0,0.0,[],10.0,10.0,1,10.0,0,0.009700042000005737
aco_current,10,7614,80,7,4,0.0,0.0,0.0,0.0,0.20313307642936707,False,False,0.0,0.0,0.0,[],10.0,10.0,1,10.0,0,0.009700042000005737
aco_current,10,7615,80,7,1,39.0,200.0,239.0,1.195,1.0,True,True,30.0,200.0,9.0,[1],10.0,10.0,1,10.0,0,0.009542292000006114
aco_current,10,7615,80,7,2,0.0,0.0,0.0,0.0,0.09907747060060501,False,False,0.0,0.0,0.0,[],10.0,10.0,1,10.0,0,0.009542292000006114
aco_current,10,7615,80,7,3,0.0,0.0,0.0,0.0,0.43936213850975037,False,False,0.0,0.0,0.0,[],10.0,10.0,1,10.0,0,0.009542292000006114
aco_current,10,7615,80,7,4,0.0,0.0,0.0,0.0,0.20313307642936707,False,False,0.0,0.0,0.0,[],10.0,10.0,1,10.0,0,0.009542292000006114
aco_current,10,7616,80,8,1,40.0,200.0,240.0,1.2,1.0,True,True,30.0,200.0,10.0,[1],10.0,10.0,1,10.0,0,0.009629125000003569
aco_current,10,7616,80,8,2,0.0,0.0,0.0,0.0,0.09907747060060501,False,False,0.0,0.0,0.0,[],10.0,10.0,1,10.0,0,0.009629125000003569
aco_current,10,7616,80,8,3,0.0,0.0,0.0,0.0,0.43936213850975037,False,False,0.0,0.0,0.0,[],10.0,10.0,1,10.0,0,0.009629125000003569
aco_current,10,7616,80,8,4,0.0,0.0,0.0,0.0,0.20313307642936707,False,False,0.0,0.0,0.0,[],10.0,10.0,1,10.0,0,0.009629125000003569
aco_current,10,7617,80,8,1,39.0,200.0,239.0,1.195,1.0,True,True,30.0,200.0,9.0,[1],10.0,10.0,1,10.0,0,0.00968849999999577
aco_current,10,7617,80,8,2,0.0,0.0,0.0,0.0,0.09907747060060501,False,False,0.0,0.0,0.0,[],10.0,10.0,1,10.0,0,0.00968849999999577
aco_current,10,7617,80,8,3,0.0,0.0,0.0,0.0,0.43936213850975037,False,False,0.0,0.0,0.0,[],10.0,10.0,1,10.0,0,0.00968849999999577
aco_current,10,7617,80,8,4,0.0,0.0,0.0,0.0,0.20313307642936707,False,False,0.0,0.0,0.0,[],10.0,10.0,1,10.0,0,0.00968849999999577
aco_current,10,7618,80,8,1,39.0,200.0,239.0,1.195,1.0,True,True,30.0,200.0,9.0,[1],10.0,10.0,1,10.0,0,0.009438291999998683
aco_current,10,7618,80,8,2,0.0,0.0,0.0,0.0,0.09907747060060501,False,False,0.0,0.0,0.0,[],10.0,10.0,1,10.0,0,0.009438291999998683
aco_current,10,7618,80,8,3,0.0,0.0,0.0,0.0,0.43936213850975037,False,False,0.0,0.0,0.0,[],10.0,10.0,1,10.0,0,0.009438291999998683
aco_current,10,7618,80,8,4,0.0,0.0,0.0,0.0,0.20313307642936707,False,False,0.0,0.0,0.0,[],10.0,10.0,1,10.0,0,0.009438291999998683
aco_current,10,7619,80,8,1,40.0,200.0,240.0,1.2,1.0,True,True,30.0,200.0,10.0,[1],10.0,10.0,1,10.0,0,0.009486124999995127
aco_current,10,7619,80,8,2,0.0,0.0,0.0,0.0,0.09907747060060501,False,False,0.0,0.0,0.0,[],10.0,10.0,1,10.0,0,0.009486124999995127
aco_current,10,7619,80,8,3,0.0,0.0,0.0,0.0,0.43936213850975037,False,False,0.0,0.0,0.0,[],10.0,10.0,1,10.0,0,0.009486124999995127
aco_current,10,7619,80,8,4,0.0,0.0,0.0,0.0,0.20313307642936707,False,False,0.0,0.0,0.0,[],10.0,10.0,1,10.0,0,0.009486124999995127
aco_current,10,7620,80,9,1,40.0,200.0,240.0,1.2,1.0,True,True,30.0,200.0,10.0,[1],10.0,10.0,1,10.0,0,0.009514999999993279
aco_current,10,7620,80,9,2,0.0,0.0,0.0,0.0,0.09907747060060501,False,False,0.0,0.0,0.0,[],10.0,10.0,1,10.0,0,0.009514999999993279
aco_current,10,7620,80,9,3,0.0,0.0,0.0,0.0,0.43936213850975037,False,False,0.0,0.0,0.0,[],10.0,10.0,1,10.0,0,0.009514999999993279
aco_current,10,7620,80,9,4,0.0,0.0,0.0,0.0,0.20313307642936707,False,False,0.0,0.0,0.0,[],10.0,10.0,1,10.0,0,0.009514999999993279
aco_current,10,7621,80,9,1,40.0,200.0,240.0,1.2,1.0,True,True,30.0,200.0,10.0,[1],10.0,10.0,1,10.0,0,0.009813957999995182
aco_current,10,7621,80,9,2,0.0,0.0,0.0,0.0,0.09907747060060501,False,False,0.0,0.0,0.0,[],10.0,10.0,1,10.0,0,0.009813957999995182
aco_current,10,7621,80,9,3,0.0,0.0,0.0,0.0,0.43936213850975037,False,False,0.0,0.0,0.0,[],10.0,10.0,1,10.0,0,0.009813957999995182
aco_current,10,7621,80,9,4,0.0,0.0,0.0,0.0,0.20313307642936707,False,False,0.0,0.0,0.0,[],10.0,10.0,1,10.0,0,0.009813957999995182
aco_current,10,7622,80,9,1,39.0,200.0,239.0,1.195,1.0,True,True,30.0,200.0,9.0,[1],10.0,10.0,1,10.0,0,0.00954320800001085
aco_current,10,7622,80,9,2,0.0,0.0,0.0,0.0,0.09907747060060501,False,False,0.0,0.0,0.0,[],10.0,10.0,1,10.0,0,0.00954320800001085
aco_current,10,7622,80,9,3,0.0,0.0,0.0,0.0,0.43936213850975037,False,False,0.0,0.0,0.0,[],10.0,10.0,1,10.0,0,0.00954320800001085
aco_current,10,7622,80,9,4,0.0,0.0,0.0,0.0,0.20313307642936707,False,False,0.0,0.0,0.0,[],10.0,10.0,1,10.0,0,0.00954320800001085
aco_current,10,7623,80,9,1,40.0,200.0,240.0,1.2,1.0,True,True,30.0,200.0,10.0,[1],10.0,10.0,1,10.0,0,0.009644208000011645
aco_current,10,7623,80,9,2,0.0,0.0,0.0,0.0,0.09907747060060501,False,False,0.0,0.0,0.0,[],10.0,10.0,1,10.0,0,0.009644208000011645
aco_current,10,7623,80,9,3,0.0,0.0,0.0,0.0,0.43936213850975037,False,False,0.0,0.0,0.0,[],10.0,10.0,1,10.0,0,0.009644208000011645
aco_current,10,7623,80,9,4,0.0,0.0,0.0,0.0,0.20313307642936707,False,False,0.0,0.0,0.0,[],10.0,10.0,1,10.0,0,0.009644208000011645
aco_current,10,7624,80,10,1,39.0,200.0,239.0,1.195,1.0,True,True,30.0,200.0,9.0,[1],10.0,10.0,1,10.0,0,0.009439624999998841
aco_current,10,7624,80,10,2,0.0,0.0,0.0,0.0,0.09907747060060501,False,False,0.0,0.0,0.0,[],10.0,10.0,1,10.0,0,0.009439624999998841
aco_current,10,7624,80,10,3,0.0,0.0,0.0,0.0,0.43936213850975037,False,False,0.0,0.0,0.0,[],10.0,10.0,1,10.0,0,0.009439624999998841
aco_current,10,7624,80,10,4,0.0,0.0,0.0,0.0,0.20313307642936707,False,False,0.0,0.0,0.0,[],10.0,10.0,1,10.0,0,0.009439624999998841
aco_current,10,7625,80,10,1,44.0,200.0,244.0,1.22,1.0,True,True,30.0,200.0,14.0,[1],10.0,10.0,1,10.0,0,0.009558124999998086
aco_current,10,7625,80,10,2,0.0,0.0,0.0,0.0,0.09907747060060501,False,False,0.0,0.0,0.0,[],10.0,10.0,1,10.0,0,0.009558124999998086
aco_current,10,7625,80,10,3,0.0,0.0,0.0,0.0,0.43936213850975037,False,False,0.0,0.0,0.0,[],10.0,10.0,1,10.0,0,0.009558124999998086
aco_current,10,7625,80,10,4,0.0,0.0,0.0,0.0,0.20313307642936707,False,False,0.0,0.0,0.0,[],10.0,10.0,1,10.0,0,0.009558124999998086
aco_current,10,7626,80,10,1,44.0,200.0,244.0,1.22,1.0,True,True,30.0,200.0,14.0,[1],10.0,10.0,1,10.0,0,0.009598833000012519
aco_current,10,7626,80,10,2,0.0,0.0,0.0,0.0,0.09907747060060501,False,False,0.0,0.0,0.0,[],10.0,10.0,1,10.0,0,0.009598833000012519
aco_current,10,7626,80,10,3,0.0,0.0,0.0,0.0,0.43936213850975037,False,False,0.0,0.0,0.0,[],10.0,10.0,1,10.0,0,0.009598833000012519
aco_current,10,7626,80,10,4,0.0,0.0,0.0,0.0,0.20313307642936707,False,False,0.0,0.0,0.0,[],10.0,10.0,1,10.0,0,0.009598833000012519
aco_current,10,7627,80,10,1,45.0,200.0,245.0,1.225,1.0,True,True,30.0,200.0,15.0,[1],10.0,10.0,1,10.0,0,0.009461542000011036
aco_current,10,7627,80,10,2,0.0,0.0,0.0,0.0,0.09907747060060501,False,False,0.0,0.0,0.0,[],10.0,10.0,1,10.0,0,0.009461542000011036
aco_current,10,7627,80,10,3,0.0,0.0,0.0,0.0,0.43936213850975037,False,False,0.0,0.0,0.0,[],10.0,10.0,1,10.0,0,0.009461542000011036
aco_current,10,7627,80,10,4,0.0,0.0,0.0,0.0,0.20313307642936707,False,False,0.0,0.0,0.0,[],10.0,10.0,1,10.0,0,0.009461542000011036
aco_current,10,7628,80,11,1,44.0,200.0,244.0,1.22,1.0,True,True,30.0,200.0,14.0,[1],10.0,10.0,1,10.0,0,0.009708458000005749
aco_current,10,7628,80,11,2,0.0,0.0,0.0,0.0,0.09907747060060501,False,False,0.0,0.0,0.0,[],10.0,10.0,1,10.0,0,0.009708458000005749
aco_current,10,7628,80,11,3,0.0,0.0,0.0,0.0,0.43936213850975037,False,False,0.0,0.0,0.0,[],10.0,10.0,1,10.0,0,0.009708458000005749
aco_current,10,7628,80,11,4,0.0,0.0,0.0,0.0,0.20313307642936707,False,False,0.0,0.0,0.0,[],10.0,10.0,1,10.0,0,0.009708458000005749
aco_current,10,7629,80,11,1,45.0,200.0,245.0,1.225,1.0,True,True,30.0,200.0,15.0,[1],10.0,10.0,1,10.0,0,0.009565166999990993
aco_current,10,7629,80,11,2,0.0,0.0,0.0,0.0,0.09907747060060501,False,False,0.0,0.0,0.0,[],10.0,10.0,1,10.0,0,0.009565166999990993
aco_current,10,7629,80,11,3,0.0,0.0,0.0,0.0,0.43936213850975037,False,False,0.0,0.0,0.0,[],10.0,10.0,1,10.0,0,0.009565166999990993
aco_current,10,7629,80,11,4,0.0,0.0,0.0,0.0,0.20313307642936707,False,False,0.0,0.0,0.0,[],10.0,10.0,1,10.0,0,0.009565166999990993
aco_current,10,7630,80,11,1,36.0,200.0,236.0,1.18,1.0,True,True,30.0,200.0,6.0,[1],10.0,10.0,1,10.0,0,0.00930320899999515
aco_current,10,7630,80,11,2,0.0,0.0,0.0,0.0,0.09907747060060501,False,False,0.0,0.0,0.0,[],10.0,10.0,1,10.0,0,0.00930320899999515
aco_current,10,7630,80,11,3,0.0,0.0,0.0,0.0,0.43936213850975037,False,False,0.0,0.0,0.0,[],10.0,10.0,1,10.0,0,0.00930320899999515
aco_current,10,7630,80,11,4,0.0,0.0,0.0,0.0,0.20313307642936707,False,False,0.0,0.0,0.0,[],10.0,10.0,1,10.0,0,0.00930320899999515
aco_current,10,7631,80,11,1,37.0,200.0,237.0,1.185,1.0,True,True,30.0,200.0,7.0,[1],10.0,10.0,1,10.0,0,0.009333542000007355
aco_current,10,7631,80,11,2,0.0,0.0,0.0,0.0,0.09907747060060501,False,False,0.0,0.0,0.0,[],10.0,10.0,1,10.0,0,0.009333542000007355
aco_current,10,7631,80,11,3,0.0,0.0,0.0,0.0,0.43936213850975037,False,False,0.0,0.0,0.0,[],10.0,10.0,1,10.0,0,0.009333542000007355
aco_current,10,7631,80,11,4,0.0,0.0,0.0,0.0,0.20313307642936707,False,False,0.0,0.0,0.0,[],10.0,10.0,1,10.0,0,0.009333542000007355
aco_current,10,7632,80,12,1,36.0,200.0,236.0,1.18,1.0,True,True,30.0,200.0,6.0,[1],10.0,10.0,1,10.0,0,0.009548333000012121
aco_current,10,7632,80,12,2,0.0,0.0,0.0,0.0,0.09907747060060501,False,False,0.0,0.0,0.0,[],10.0,10.0,1,10.0,0,0.009548333000012121
aco_current,10,7632,80,12,3,0.0,0.0,0.0,0.0,0.43936213850975037,False,False,0.0,0.0,0.0,[],10.0,10.0,1,10.0,0,0.009548333000012121
aco_current,10,7632,80,12,4,0.0,0.0,0.0,0.0,0.20313307642936707,False,False,0.0,0.0,0.0,[],10.0,10.0,1,10.0,0,0.009548333000012121
aco_current,10,7633,80,12,1,36.0,200.0,236.0,1.18,1.0,True,True,30.0,200.0,6.0,[1],10.0,10.0,1,10.0,0,0.009899541999999428
aco_current,10,7633,80,12,2,0.0,0.0,0.0,0.0,0.09907747060060501,False,False,0.0,0.0,0.0,[],10.0,10.0,1,10.0,0,0.009899541999999428
aco_current,10,7633,80,12,3,0.0,0.0,0.0,0.0,0.43936213850975037,False,False,0.0,0.0,0.0,[],10.0,10.0,1,10.0,0,0.009899541999999428
aco_current,10,7633,80,12,4,0.0,0.0,0.0,0.0,0.20313307642936707,False,False,0.0,0.0,0.0,[],10.0,10.0,1,10.0,0,0.009899541999999428
aco_current,10,7634,80,12,1,36.0,200.0,236.0,1.18,1.0,True,True,30.0,200.0,6.0,[1],10.0,10.0,1,10.0,0,0.009624957999989192
aco_current,10,7634,80,12,2,0.0,0.0,0.0,0.0,0.09907747060060501,False,False,0.0,0.0,0.0,[],10.0,10.0,1,10.0,0,0.009624957999989192
aco_current,10,7634,80,12,3,0.0,0.0,0.0,0.0,0.43936213850975037,False,False,0.0,0.0,0.0,[],10.0,10.0,1,10.0,0,0.009624957999989192
aco_current,10,7634,80,12,4,0.0,0.0,0.0,0.0,0.20313307642936707,False,False,0.0,0.0,0.0,[],10.0,10.0,1,10.0,0,0.009624957999989192
aco_current,10,7635,80,12,1,36.0,200.0,236.0,1.18,1.0,True,True,30.0,200.0,6.0,[1],10.0,10.0,1,10.0,0,0.009471375000003945
aco_current,10,7635,80,12,2,0.0,0.0,0.0,0.0,0.09907747060060501,False,False,0.0,0.0,0.0,[],10.0,10.0,1,10.0,0,0.009471375000003945
aco_current,10,7635,80,12,3,0.0,0.0,0.0,0.0,0.43936213850975037,False,False,0.0,0.0,0.0,[],10.0,10.0,1,10.0,0,0.009471375000003945
aco_current,10,7635,80,12,4,0.0,0.0,0.0,0.0,0.20313307642936707,False,False,0.0,0.0,0.0,[],10.0,10.0,1,10.0,0,0.009471375000003945
aco_current,10,7636,80,13,1,37.0,200.0,237.0,1.185,1.0,True,True,30.0,200.0,7.0,[1],10.0,10.0,1,10.0,0,0.00954191700000706
aco_current,10,7636,80,13,2,0.0,0.0,0.0,0.0,0.09907747060060501,False,False,0.0,0.0,0.0,[],10.0,10.0,1,10.0,0,0.00954191700000706
aco_current,10,7636,80,13,3,0.0,0.0,0.0,0.0,0.43936213850975037,False,False,0.0,0.0,0.0,[],10.0,10.0,1,10.0,0,0.00954191700000706
aco_current,10,7636,80,13,4,0.0,0.0,0.0,0.0,0.20313307642936707,False,False,0.0,0.0,0.0,[],10.0,10.0,1,10.0,0,0.00954191700000706
aco_current,10,7637,80,13,1,36.0,200.0,236.0,1.18,1.0,True,True,30.0,200.0,6.0,[1],10.0,10.0,1,10.0,0,0.009507207999988054
aco_current,10,7637,80,13,2,0.0,0.0,0.0,0.0,0.09907747060060501,False,False,0.0,0.0,0.0,[],10.0,10.0,1,10.0,0,0.009507207999988054
aco_current,10,7637,80,13,3,0.0,0.0,0.0,0.0,0.43936213850975037,False,False,0.0,0.0,0.0,[],10.0,10.0,1,10.0,0,0.009507207999988054
aco_current,10,7637,80,13,4,0.0,0.0,0.0,0.0,0.20313307642936707,False,False,0.0,0.0,0.0,[],10.0,10.0,1,10.0,0,0.009507207999988054
aco_current,10,7638,80,13,1,30.0,200.0,230.0,1.15,1.0,True,True,30.0,200.0,0.0,[1],10.0,10.0,1,10.0,0,0.00952145800000892
aco_current,10,7638,80,13,2,0.0,0.0,0.0,0.0,0.09907747060060501,False,False,0.0,0.0,0.0,[],10.0,10.0,1,10.0,0,0.00952145800000892
aco_current,10,7638,80,13,3,0.0,0.0,0.0,0.0,0.43936213850975037,False,False,0.0,0.0,0.0,[],10.0,10.0,1,10.0,0,0.00952145800000892
aco_current,10,7638,80,13,4,0.0,0.0,0.0,0.0,0.20313307642936707,False,False,0.0,0.0,0.0,[],10.0,10.0,1,10.0,0,0.00952145800000892
aco_current,10,7639,80,13,1,21.0,200.0,221.0,1.105,1.0,True,True,30.0,191.0,0.0,[1],10.0,10.0,1,10.0,0,0.009506332999990263
aco_current,10,7639,80,13,2,0.0,0.0,0.0,0.0,0.09907747060060501,False,False,0.0,0.0,0.0,[],10.0,10.0,1,10.0,0,0.009506332999990263
aco_current,10,7639,80,13,3,0.0,0.0,0.0,0.0,0.43936213850975037,False,False,0.0,0.0,0.0,[],10.0,10.0,1,10.0,0,0.009506332999990263
aco_current,10,7639,80,13,4,0.0,0.0,0.0,0.0,0.20313307642936707,False,False,0.0,0.0,0.0,[],10.0,10.0,1,10.0,0,0.009506332999990263
aco_current,10,7640,80,14,1,22.0,191.0,213.0,1.065,1.0,True,True,30.0,183.0,0.0,[1],10.0,10.0,1,10.0,0,0.009676333999991016
aco_current,10,7640,80,14,2,0.0,0.0,0.0,0.0,0.09907747060060501,False,False,0.0,0.0,0.0,[],10.0,10.0,1,10.0,0,0.009676333999991016
aco_current,10,7640,80,14,3,0.0,0.0,0.0,0.0,0.43936213850975037,False,False,0.0,0.0,0.0,[],10.0,10.0,1,10.0,0,0.009676333999991016
aco_current,10,7640,80,14,4,0.0,0.0,0.0,0.0,0.20313307642936707,False,False,0.0,0.0,0.0,[],10.0,10.0,1,10.0,0,0.009676333999991016
aco_current,10,7641,80,14,1,14.0,183.0,197.0,0.985,1.0,True,True,30.0,167.0,0.0,[1],10.0,10.0,1,10.0,0,0.009628292000002148
aco_current,10,7641,80,14,2,0.0,0.0,0.0,0.0,0.09907747060060501,False,False,0.0,0.0,0.0,[],10.0,10.0,1,10.0,0,0.009628292000002148
aco_current,10,7641,80,14,3,0.0,0.0,0.0,0.0,0.43936213850975037,False,False,0.0,0.0,0.0,[],10.0,10.0,1,10.0,0,0.009628292000002148
aco_current,10,7641,80,14,4,0.0,0.0,0.0,0.0,0.20313307642936707,False,False,0.0,0.0,0.0,[],10.0,10.0,1,10.0,0,0.009628292000002148
aco_current,10,7642,80,14,1,13.0,167.0,180.0,0.9,0.9999964833259583,True,True,30.0,150.0,0.0,[1],10.0,10.0,1,10.0,0,0.00948654200000476
aco_current,10,7642,80,14,2,0.0,0.0,0.0,0.0,0.09907747060060501,False,False,0.0,0.0,0.0,[],10.0,10.0,1,10.0,0,0.00948654200000476
aco_current,10,7642,80,14,3,0.0,0.0,0.0,0.0,0.43936213850975037,False,False,0.0,0.0,0.0,[],10.0,10.0,1,10.0,0,0.00948654200000476
aco_current,10,7642,80,14,4,0.0,0.0,0.0,0.0,0.20313307642936707,False,False,0.0,0.0,0.0,[],10.0,10.0,1,10.0,0,0.00948654200000476
aco_current,10,7643,80,14,1,13.0,150.0,163.0,0.815,0.9996762275695801,True,True,30.0,133.0,0.0,[1],10.0,10.0,1,10.0,0,0.00959070800000461
aco_current,10,7643,80,14,2,0.0,0.0,0.0,0.0,0.09907747060060501,False,False,0.0,0.0,0.0,[],10.0,10.0,1,10.0,0,0.00959070800000461
aco_current,10,7643,80,14,3,0.0,0.0,0.0,0.0,0.43936213850975037,False,False,0.0,0.0,0.0,[],10.0,10.0,1,10.0,0,0.00959070800000461
aco_current,10,7643,80,14,4,0.0,0.0,0.0,0.0,0.20313307642936707,False,False,0.0,0.0,0.0,[],10.0,10.0,1,10.0,0,0.00959070800000461
aco_current,10,7644,80,15,1,14.0,133.0,147.0,0.735,0.9951216578483582,False,False,0.0,147.0,0.0,[],0.0,0.0,0,0.0,0,3.2089999990603246e-06
aco_current,10,7644,80,15,2,0.0,0.0,0.0,0.0,0.09907747060060501,False,False,0.0,0.0,0.0,[],0.0,0.0,0,0.0,0,3.2089999990603246e-06
aco_current,10,7644,80,15,3,0.0,0.0,0.0,0.0,0.43936213850975037,False,False,0.0,0.0,0.0,[],0.0,0.0,0,0.0,0,3.2089999990603246e-06
aco_current,10,7644,80,15,4,0.0,0.0,0.0,0.0,0.20313307642936707,False,False,0.0,0.0,0.0,[],0.0,0.0,0,0.0,0,3.2089999990603246e-06
aco_current,10,7645,80,15,1,1.0,147.0,148.0,0.74,0.2620912790298462,False,False,0.0,148.0,0.0,[],0.0,0.0,0,0.0,0,2.1249999946348908e-06
aco_current,10,7645,80,15,2,0.0,0.0,0.0,0.0,0.09907747060060501,False,False,0.0,0.0,0.0,[],0.0,0.0,0,0.0,0,2.1249999946348908e-06
aco_current,10,7645,80,15,3,0.0,0.0,0.0,0.0,0.43936213850975037,False,False,0.0,0.0,0.0,[],0.0,0.0,0,0.0,0,2.1249999946348908e-06
aco_current,10,7645,80,15,4,0.0,0.0,0.0,0.0,0.20313307642936707,False,False,0.0,0.0,0.0,[],0.0,0.0,0,0.0,0,2.1249999946348908e-06
aco_current,10,7646,80,15,1,0.0,148.0,148.0,0.74,0.1709492802619934,False,False,0.0,148.0,0.0,[],0.0,0.0,0,0.0,0,2.582999997002844e-06
aco_current,10,7646,80,15,2,0.0,0.0,0.0,0.0,0.09907747060060501,False,False,0.0,0.0,0.0,[],0.0,0.0,0,0.0,0,2.582999997002844e-06
aco_current,10,7646,80,15,3,0.0,0.0,0.0,0.0,0.43936213850975037,False,False,0.0,0.0,0.0,[],0.0,0.0,0,0.0,0,2.582999997002844e-06
aco_current,10,7646,80,15,4,0.0,0.0,0.0,0.0,0.20313307642936707,False,False,0.0,0.0,0.0,[],0.0,0.0,0,0.0,0,2.582999997002844e-06
aco_current,10,7647,80,15,1,0.0,148.0,148.0,0.74,0.2276626080274582,False,False,0.0,148.0,0.0,[],0.0,0.0,0,0.0,0,2.0840000019006766e-06
aco_current,10,7647,80,15,2,0.0,0.0,0.0,0.0,0.09907747060060501,False,False,0.0,0.0,0.0,[],0.0,0.0,0,0.0,0,2.0840000019006766e-06
aco_current,10,7647,80,15,3,0.0,0.0,0.0,0.0,0.43936213850975037,False,False,0.0,0.0,0.0,[],0.0,0.0,0,0.0,0,2.0840000019006766e-06
aco_current,10,7647,80,15,4,0.0,0.0,0.0,0.0,0.20313307642936707,False,False,0.0,0.0,0.0,[],0.0,0.0,0,0.0,0,2.0840000019006766e-06
aco_current,10,7648,80,16,1,0.0,148.0,148.0,0.74,0.2904936373233795,False,False,0.0,148.0,0.0,[],0.0,0.0,0,0.0,0,1.9169999916357483e-06
aco_current,10,7648,80,16,2,0.0,0.0,0.0,0.0,0.09907747060060501,False,False,0.0,0.0,0.0,[],0.0,0.0,0,0.0,0,1.9169999916357483e-06
aco_current,10,7648,80,16,3,0.0,0.0,0.0,0.0,0.43936213850975037,False,False,0.0,0.0,0.0,[],0.0,0.0,0,0.0,0,1.9169999916357483e-06
aco_current,10,7648,80,16,4,0.0,0.0,0.0,0.0,0.20313307642936707,False,False,0.0,0.0,0.0,[],0.0,0.0,0,0.0,0,1.9169999916357483e-06
aco_current,10,7649,80,16,1,0.0,148.0,148.0,0.74,0.29471030831336975,False,False,0.0,148.0,0.0,[],0.0,0.0,0,0.0,0,2.291000001264365e-06
aco_current,10,7649,80,16,2,0.0,0.0,0.0,0.0,0.09907747060060501,False,False,0.0,0.0,0.0,[],0.0,0.0,0,0.0,0,2.291000001264365e-06
aco_current,10,7649,80,16,3,0.0,0.0,0.0,0.0,0.43936213850975037,False,False,0.0,0.0,0.0,[],0.0,0.0,0,0.0,0,2.291000001264365e-06
aco_current,10,7649,80,16,4,0.0,0.0,0.0,0.0,0.20313307642936707,False,False,0.0,0.0,0.0,[],0.0,0.0,0,0.0,0,2.291000001264365e-06
aco_current,10,7650,80,16,1,0.0,148.0,148.0,0.74,0.29471030831336975,False,False,0.0,148.0,0.0,[],0.0,0.0,0,0.0,0,2.1660000015799596e-06
aco_current,10,7650,80,16,2,0.0,0.0,0.0,0.0,0.09907747060060501,False,False,0.0,0.0,0.0,[],0.0,0.0,0,0.0,0,2.1660000015799596e-06
aco_current,10,7650,80,16,3,0.0,0.0,0.0,0.0,0.43936213850975037,False,False,0.0,0.0,0.0,[],0.0,0.0,0,0.0,0,2.1660000015799596e-06
aco_current,10,7650,80,16,4,0.0,0.0,0.0,0.0,0.20313307642936707,False,False,0.0,0.0,0.0,[],0.0,0.0,0,0.0,0,2.1660000015799596e-06
aco_current,10,7651,80,16,1,0.0,148.0,148.0,0.74,0.29471030831336975,False,False,0.0,148.0,0.0,[],0.0,0.0,0,0.0,0,2.5420000042686297e-06
aco_current,10,7651,80,16,2,0.0,0.0,0.0,0.0,0.09907747060060501,False,False,0.0,0.0,0.0,[],0.0,0.0,0,0.0,0,2.5420000042686297e-06
aco_current,10,7651,80,16,3,0.0,0.0,0.0,0.0,0.43936213850975037,False,False,0.0,0.0,0.0,[],0.0,0.0,0,0.0,0,2.5420000042686297e-06
aco_current,10,7651,80,16,4,0.0,0.0,0.0,0.0,0.20313307642936707,False,False,0.0,0.0,0.0,[],0.0,0.0,0,0.0,0,2.5420000042686297e-06
aco_current,10,7652,80,17,1,0.0,148.0,148.0,0.74,0.29471030831336975,False,False,0.0,148.0,0.0,[],0.0,0.0,0,0.0,0,1.8329999988964119e-06
aco_current,10,7652,80,17,2,0.0,0.0,0.0,0.0,0.09907747060060501,False,False,0.0,0.0,0.0,[],0.0,0.0,0,0.0,0,1.8329999988964119e-06
aco_current,10,7652,80,17,3,0.0,0.0,0.0,0.0,0.43936213850975037,False,False,0.0,0.0,0.0,[],0.0,0.0,0,0.0,0,1.8329999988964119e-06
aco_current,10,7652,80,17,4,0.0,0.0,0.0,0.0,0.20313307642936707,False,False,0.0,0.0,0.0,[],0.0,0.0,0,0.0,0,1.8329999988964119e-06
aco_current,10,7653,80,17,1,0.0,148.0,148.0,0.74,0.29471030831336975,False,False,0.0,148.0,0.0,[],0.0,0.0,0,0.0,0,1.7499999955816747e-06
aco_current,10,7653,80,17,2,0.0,0.0,0.0,0.0,0.09907747060060501,False,False,0.0,0.0,0.0,[],0.0,0.0,0,0.0,0,1.7499999955816747e-06
aco_current,10,7653,80,17,3,0.0,0.0,0.0,0.0,0.43936213850975037,False,False,0.0,0.0,0.0,[],0.0,0.0,0,0.0,0,1.7499999955816747e-06
aco_current,10,7653,80,17,4,0.0,0.0,0.0,0.0,0.20313307642936707,False,False,0.0,0.0,0.0,[],0.0,0.0,0,0.0,0,1.7499999955816747e-06
aco_current,10,7654,80,17,1,0.0,148.0,148.0,0.74,0.29471030831336975,False,False,0.0,148.0,0.0,[],0.0,0.0,0,0.0,0,7.166000003167028e-06
aco_current,10,7654,80,17,2,0.0,0.0,0.0,0.0,0.09907747060060501,False,False,0.0,0.0,0.0,[],0.0,0.0,0,0.0,0,7.166000003167028e-06
aco_current,10,7654,80,17,3,0.0,0.0,0.0,0.0,0.43936213850975037,False,False,0.0,0.0,0.0,[],0.0,0.0,0,0.0,0,7.166000003167028e-06
aco_current,10,7654,80,17,4,0.0,0.0,0.0,0.0,0.20313307642936707,False,False,0.0,0.0,0.0,[],0.0,0.0,0,0.0,0,7.166000003167028e-06
aco_current,10,7655,80,17,1,0.0,148.0,148.0,0.74,0.29471030831336975,False,False,0.0,148.0,0.0,[],0.0,0.0,0,0.0,0,2.1250000088457455e-06
aco_current,10,7655,80,17,2,0.0,0.0,0.0,0.0,0.09907747060060501,False,False,0.0,0.0,0.0,[],0.0,0.0,0,0.0,0,2.1250000088457455e-06
aco_current,10,7655,80,17,3,0.0,0.0,0.0,0.0,0.43936213850975037,False,False,0.0,0.0,0.0,[],0.0,0.0,0,0.0,0,2.1250000088457455e-06
aco_current,10,7655,80,17,4,0.0,0.0,0.0,0.0,0.20313307642936707,False,False,0.0,0.0,0.0,[],0.0,0.0,0,0.0,0,2.1250000088457455e-06
aco_current,10,7656,80,18,1,0.0,148.0,148.0,0.74,0.29471030831336975,False,False,0.0,148.0,0.0,[],0.0,0.0,0,0.0,0,2.1670000052154137e-06
aco_current,10,7656,80,18,2,0.0,0.0,0.0,0.0,0.09907747060060501,False,False,0.0,0.0,0.0,[],0.0,0.0,0,0.0,0,2.1670000052154137e-06
aco_current,10,7656,80,18,3,0.0,0.0,0.0,0.0,0.43936213850975037,False,False,0.0,0.0,0.0,[],0.0,0.0,0,0.0,0,2.1670000052154137e-06
aco_current,10,7656,80,18,4,0.0,0.0,0.0,0.0,0.20313307642936707,False,False,0.0,0.0,0.0,[],0.0,0.0,0,0.0,0,2.1670000052154137e-06
aco_current,10,7657,80,18,1,0.0,148.0,148.0,0.74,0.29471030831336975,False,False,0.0,148.0,0.0,[],0.0,0.0,0,0.0,0,2.4580000115292933e-06
aco_current,10,7657,80,18,2,0.0,0.0,0.0,0.0,0.09907747060060501,False,False,0.0,0.0,0.0,[],0.0,0.0,0,0.0,0,2.4580000115292933e-06
aco_current,10,7657,80,18,3,0.0,0.0,0.0,0.0,0.43936213850975037,False,False,0.0,0.0,0.0,[],0.0,0.0,0,0.0,0,2.4580000115292933e-06
aco_current,10,7657,80,18,4,0.0,0.0,0.0,0.0,0.20313307642936707,False,False,0.0,0.0,0.0,[],0.0,0.0,0,0.0,0,2.4580000115292933e-06
aco_current,10,7658,80,18,1,0.0,148.0,148.0,0.74,0.29471030831336975,False,False,0.0,148.0,0.0,[],0.0,0.0,0,0.0,0,1.957999998580817e-06
aco_current,10,7658,80,18,2,0.0,0.0,0.0,0.0,0.09907747060060501,False,False,0.0,0.0,0.0,[],0.0,0.0,0,0.0,0,1.957999998580817e-06
aco_current,10,7658,80,18,3,0.0,0.0,0.0,0.0,0.43936213850975037,False,False,0.0,0.0,0.0,[],0.0,0.0,0,0.0,0,1.957999998580817e-06
aco_current,10,7658,80,18,4,0.0,0.0,0.0,0.0,0.20313307642936707,False,False,0.0,0.0,0.0,[],0.0,0.0,0,0.0,0,1.957999998580817e-06
aco_current,10,7659,80,18,1,0.0,148.0,148.0,0.74,0.29471030831336975,False,False,0.0,148.0,0.0,[],0.0,0.0,0,0.0,0,2.7090000003227033e-06
aco_current,10,7659,80,18,2,0.0,0.0,0.0,0.0,0.09907747060060501,False,False,0.0,0.0,0.0,[],0.0,0.0,0,0.0,0,2.7090000003227033e-06
aco_current,10,7659,80,18,3,0.0,0.0,0.0,0.0,0.43936213850975037,False,False,0.0,0.0,0.0,[],0.0,0.0,0,0.0,0,2.7090000003227033e-06
aco_current,10,7659,80,18,4,0.0,0.0,0.0,0.0,0.20313307642936707,False,False,0.0,0.0,0.0,[],0.0,0.0,0,0.0,0,2.7090000003227033e-06
aco_current,10,7660,80,19,1,0.0,148.0,148.0,0.74,0.29471030831336975,False,False,0.0,148.0,0.0,[],0.0,0.0,0,0.0,0,1.916000002211149e-06
aco_current,10,7660,80,19,2,0.0,0.0,0.0,0.0,0.09907747060060501,False,False,0.0,0.0,0.0,[],0.0,0.0,0,0.0,0,1.916000002211149e-06
aco_current,10,7660,80,19,3,0.0,0.0,0.0,0.0,0.43936213850975037,False,False,0.0,0.0,0.0,[],0.0,0.0,0,0.0,0,1.916000002211149e-06
aco_current,10,7660,80,19,4,0.0,0.0,0.0,0.0,0.20313307642936707,False,False,0.0,0.0,0.0,[],0.0,0.0,0,0.0,0,1.916000002211149e-06
aco_current,10,7661,80,19,1,0.0,148.0,148.0,0.74,0.29471030831336975,False,False,0.0,148.0,0.0,[],0.0,0.0,0,0.0,0,1.7499999955816747e-06
aco_current,10,7661,80,19,2,0.0,0.0,0.0,0.0,0.09907747060060501,False,False,0.0,0.0,0.0,[],0.0,0.0,0,0.0,0,1.7499999955816747e-06
aco_current,10,7661,80,19,3,0.0,0.0,0.0,0.0,0.43936213850975037,False,False,0.0,0.0,0.0,[],0.0,0.0,0,0.0,0,1.7499999955816747e-06
aco_current,10,7661,80,19,4,0.0,0.0,0.0,0.0,0.20313307642936707,False,False,0.0,0.0,0.0,[],0.0,0.0,0,0.0,0,1.7499999955816747e-06
aco_current,10,7662,80,19,1,0.0,148.0,148.0,0.74,0.29471030831336975,False,False,0.0,148.0,0.0,[],0.0,0.0,0,0.0,0,2.2080000121604826e-06
aco_current,10,7662,80,19,2,0.0,0.0,0.0,0.0,0.09907747060060501,False,False,0.0,0.0,0.0,[],0.0,0.0,0,0.0,0,2.2080000121604826e-06
aco_current,10,7662,80,19,3,0.0,0.0,0.0,0.0,0.43936213850975037,False,False,0.0,0.0,0.0,[],0.0,0.0,0,0.0,0,2.2080000121604826e-06
aco_current,10,7662,80,19,4,0.0,0.0,0.0,0.0,0.20313307642936707,False,False,0.0,0.0,0.0,[],0.0,0.0,0,0.0,0,2.2080000121604826e-06
aco_current,10,7663,80,19,1,0.0,148.0,148.0,0.74,0.29471030831336975,False,False,0.0,148.0,0.0,[],0.0,0.0,0,0.0,0,1.917000005846603e-06
aco_current,10,7663,80,19,2,0.0,0.0,0.0,0.0,0.09907747060060501,False,False,0.0,0.0,0.0,[],0.0,0.0,0,0.0,0,1.917000005846603e-06
aco_current,10,7663,80,19,3,0.0,0.0,0.0,0.0,0.43936213850975037,False,False,0.0,0.0,0.0,[],0.0,0.0,0,0.0,0,1.917000005846603e-06
aco_current,10,7663,80,19,4,0.0,0.0,0.0,0.0,0.20313307642936707,False,False,0.0,0.0,0.0,[],0.0,0.0,0,0.0,0,1.917000005846603e-06
aco_current,10,7664,80,20,1,0.0,148.0,148.0,0.74,0.29471030831336975,False,False,0.0,148.0,0.0,[],0.0,0.0,0,0.0,0,1.9999999949504854e-06
aco_current,10,7664,80,20,2,0.0,0.0,0.0,0.0,0.09907747060060501,False,False,0.0,0.0,0.0,[],0.0,0.0,0,0.0,0,1.9999999949504854e-06
aco_current,10,7664,80,20,3,0.0,0.0,0.0,0.0,0.43936213850975037,False,False,0.0,0.0,0.0,[],0.0,0.0,0,0.0,0,1.9999999949504854e-06
aco_current,10,7664,80,20,4,0.0,0.0,0.0,0.0,0.20313307642936707,False,False,0.0,0.0,0.0,[],0.0,0.0,0,0.0,0,1.9999999949504854e-06
aco_current,10,7665,80,20,1,0.0,148.0,148.0,0.74,0.29471030831336975,False,False,0.0,148.0,0.0,[],0.0,0.0,0,0.0,0,1.7910000025267436e-06
aco_current,10,7665,80,20,2,0.0,0.0,0.0,0.0,0.09907747060060501,False,False,0.0,0.0,0.0,[],0.0,0.0,0,0.0,0,1.7910000025267436e-06
aco_current,10,7665,80,20,3,0.0,0.0,0.0,0.0,0.43936213850975037,False,False,0.0,0.0,0.0,[],0.0,0.0,0,0.0,0,1.7910000025267436e-06
aco_current,10,7665,80,20,4,0.0,0.0,0.0,0.0,0.20313307642936707,False,False,0.0,0.0,0.0,[],0.0,0.0,0,0.0,0,1.7910000025267436e-06
aco_current,10,7666,80,20,1,0.0,148.0,148.0,0.74,0.29471030831336975,False,False,0.0,148.0,0.0,[],0.0,0.0,0,0.0,0,1.7920000061621977e-06
aco_current,10,7666,80,20,2,0.0,0.0,0.0,0.0,0.09907747060060501,False,False,0.0,0.0,0.0,[],0.0,0.0,0,0.0,0,1.7920000061621977e-06
aco_current,10,7666,80,20,3,0.0,0.0,0.0,0.0,0.43936213850975037,False,False,0.0,0.0,0.0,[],0.0,0.0,0,0.0,0,1.7920000061621977e-06
aco_current,10,7666,80,20,4,0.0,0.0,0.0,0.0,0.20313307642936707,False,False,0.0,0.0,0.0,[],0.0,0.0,0,0.0,0,1.7920000061621977e-06
aco_current,10,7667,80,20,1,0.0,148.0,148.0,0.74,0.29471030831336975,False,False,0.0,148.0,0.0,[],0.0,0.0,0,0.0,0,2.4170000045842244e-06
aco_current,10,7667,80,20,2,0.0,0.0,0.0,0.0,0.09907747060060501,False,False,0.0,0.0,0.0,[],0.0,0.0,0,0.0,0,2.4170000045842244e-06
aco_current,10,7667,80,20,3,0.0,0.0,0.0,0.0,0.43936213850975037,False,False,0.0,0.0,0.0,[],0.0,0.0,0,0.0,0,2.4170000045842244e-06
aco_current,10,7667,80,20,4,0.0,0.0,0.0,0.0,0.20313307642936707,False,False,0.0,0.0,0.0,[],0.0,0.0,0,0.0,0,2.4170000045842244e-06
aco_current,10,7668,80,21,1,0.0,148.0,148.0,0.74,0.29471030831336975,False,False,0.0,148.0,0.0,[],0.0,0.0,0,0.0,0,1.8339999883210112e-06
aco_current,10,7668,80,21,2,0.0,0.0,0.0,0.0,0.09907747060060501,False,False,0.0,0.0,0.0,[],0.0,0.0,0,0.0,0,1.8339999883210112e-06
aco_current,10,7668,80,21,3,0.0,0.0,0.0,0.0,0.43936213850975037,False,False,0.0,0.0,0.0,[],0.0,0.0,0,0.0,0,1.8339999883210112e-06
aco_current,10,7668,80,21,4,0.0,0.0,0.0,0.0,0.20313307642936707,False,False,0.0,0.0,0.0,[],0.0,0.0,0,0.0,0,1.8339999883210112e-06
aco_current,10,7669,80,21,1,0.0,148.0,148.0,0.74,0.29471030831336975,False,False,0.0,148.0,0.0,[],0.0,0.0,0,0.0,0,1.8330000131072666e-06
aco_current,10,7669,80,21,2,0.0,0.0,0.0,0.0,0.09907747060060501,False,False,0.0,0.0,0.0,[],0.0,0.0,0,0.0,0,1.8330000131072666e-06
aco_current,10,7669,80,21,3,0.0,0.0,0.0,0.0,0.43936213850975037,False,False,0.0,0.0,0.0,[],0.0,0.0,0,0.0,0,1.8330000131072666e-06
aco_current,10,7669,80,21,4,0.0,0.0,0.0,0.0,0.20313307642936707,False,False,0.0,0.0,0.0,[],0.0,0.0,0,0.0,0,1.8330000131072666e-06
aco_current,10,7670,80,21,1,0.0,148.0,148.0,0.74,0.29471030831336975,False,False,0.0,148.0,0.0,[],0.0,0.0,0,0.0,0,2.291000001264365e-06
aco_current,10,7670,80,21,2,0.0,0.0,0.0,0.0,0.09907747060060501,False,False,0.0,0.0,0.0,[],0.0,0.0,0,0.0,0,2.291000001264365e-06
aco_current,10,7670,80,21,3,0.0,0.0,0.0,0.0,0.43936213850975037,False,False,0.0,0.0,0.0,[],0.0,0.0,0,0.0,0,2.291000001264365e-06
aco_current,10,7670,80,21,4,0.0,0.0,0.0,0.0,0.20313307642936707,False,False,0.0,0.0,0.0,[],0.0,0.0,0,0.0,0,2.291000001264365e-06
aco_current,10,7671,80,21,1,0.0,148.0,148.0,0.74,0.29471030831336975,False,False,0.0,148.0,0.0,[],0.0,0.0,0,0.0,0,2.0410000018955543e-06
aco_current,10,7671,80,21,2,0.0,0.0,0.0,0.0,0.09907747060060501,False,False,0.0,0.0,0.0,[],0.0,0.0,0,0.0,0,2.0410000018955543e-06
aco_current,10,7671,80,21,3,0.0,0.0,0.0,0.0,0.43936213850975037,False,False,0.0,0.0,0.0,[],0.0,0.0,0,0.0,0,2.0410000018955543e-06
aco_current,10,7671,80,21,4,0.0,0.0,0.0,0.0,0.20313307642936707,False,False,0.0,0.0,0.0,[],0.0,0.0,0,0.0,0,2.0410000018955543e-06
aco_current,10,7672,80,22,1,0.0,148.0,148.0,0.74,0.29471030831336975,False,False,0.0,148.0,0.0,[],0.0,0.0,0,0.0,0,1.9999999949504854e-06
aco_current,10,7672,80,22,2,0.0,0.0,0.0,0.0,0.09907747060060501,False,False,0.0,0.0,0.0,[],0.0,0.0,0,0.0,0,1.9999999949504854e-06
aco_current,10,7672,80,22,3,0.0,0.0,0.0,0.0,0.43936213850975037,False,False,0.0,0.0,0.0,[],0.0,0.0,0,0.0,0,1.9999999949504854e-06
aco_current,10,7672,80,22,4,0.0,0.0,0.0,0.0,0.20313307642936707,False,False,0.0,0.0,0.0,[],0.0,0.0,0,0.0,0,1.9999999949504854e-06
aco_current,10,7673,80,22,1,0.0,148.0,148.0,0.74,0.29471030831336975,False,False,0.0,148.0,0.0,[],0.0,0.0,0,0.0,0,1.7910000025267436e-06
aco_current,10,7673,80,22,2,0.0,0.0,0.0,0.0,0.09907747060060501,False,False,0.0,0.0,0.0,[],0.0,0.0,0,0.0,0,1.7910000025267436e-06
aco_current,10,7673,80,22,3,0.0,0.0,0.0,0.0,0.43936213850975037,False,False,0.0,0.0,0.0,[],0.0,0.0,0,0.0,0,1.7910000025267436e-06
aco_current,10,7673,80,22,4,0.0,0.0,0.0,0.0,0.20313307642936707,False,False,0.0,0.0,0.0,[],0.0,0.0,0,0.0,0,1.7910000025267436e-06
aco_current,10,7674,80,22,1,0.0,148.0,148.0,0.74,0.29471030831336975,False,False,0.0,148.0,0.0,[],0.0,0.0,0,0.0,0,1.8329999988964119e-06
aco_current,10,7674,80,22,2,0.0,0.0,0.0,0.0,0.09907747060060501,False,False,0.0,0.0,0.0,[],0.0,0.0,0,0.0,0,1.8329999988964119e-06
aco_current,10,7674,80,22,3,0.0,0.0,0.0,0.0,0.43936213850975037,False,False,0.0,0.0,0.0,[],0.0,0.0,0,0.0,0,1.8329999988964119e-06
aco_current,10,7674,80,22,4,0.0,0.0,0.0,0.0,0.20313307642936707,False,False,0.0,0.0,0.0,[],0.0,0.0,0,0.0,0,1.8329999988964119e-06
aco_current,10,7675,80,22,1,0.0,148.0,148.0,0.74,0.29471030831336975,False,False,0.0,148.0,0.0,[],0.0,0.0,0,0.0,0,2.207999997949628e-06
aco_current,10,7675,80,22,2,0.0,0.0,0.0,0.0,0.09907747060060501,False,False,0.0,0.0,0.0,[],0.0,0.0,0,0.0,0,2.207999997949628e-06
aco_current,10,7675,80,22,3,0.0,0.0,0.0,0.0,0.43936213850975037,False,False,0.0,0.0,0.0,[],0.0,0.0,0,0.0,0,2.207999997949628e-06
aco_current,10,7675,80,22,4,0.0,0.0,0.0,0.0,0.20313307642936707,False,False,0.0,0.0,0.0,[],0.0,0.0,0,0.0,0,2.207999997949628e-06
aco_current,10,7676,80,23,1,0.0,148.0,148.0,0.74,0.29471030831336975,False,False,0.0,148.0,0.0,[],0.0,0.0,0,0.0,0,1.9999999949504854e-06
aco_current,10,7676,80,23,2,0.0,0.0,0.0,0.0,0.09907747060060501,False,False,0.0,0.0,0.0,[],0.0,0.0,0,0.0,0,1.9999999949504854e-06
aco_current,10,7676,80,23,3,0.0,0.0,0.0,0.0,0.43936213850975037,False,False,0.0,0.0,0.0,[],0.0,0.0,0,0.0,0,1.9999999949504854e-06
aco_current,10,7676,80,23,4,0.0,0.0,0.0,0.0,0.20313307642936707,False,False,0.0,0.0,0.0,[],0.0,0.0,0,0.0,0,1.9999999949504854e-06
aco_current,10,7677,80,23,1,0.0,148.0,148.0,0.74,0.29471030831336975,False,False,0.0,148.0,0.0,[],0.0,0.0,0,0.0,0,1.917000005846603e-06
aco_current,10,7677,80,23,2,0.0,0.0,0.0,0.0,0.09907747060060501,False,False,0.0,0.0,0.0,[],0.0,0.0,0,0.0,0,1.917000005846603e-06
aco_current,10,7677,80,23,3,0.0,0.0,0.0,0.0,0.43936213850975037,False,False,0.0,0.0,0.0,[],0.0,0.0,0,0.0,0,1.917000005846603e-06
aco_current,10,7677,80,23,4,0.0,0.0,0.0,0.0,0.20313307642936707,False,False,0.0,0.0,0.0,[],0.0,0.0,0,0.0,0,1.917000005846603e-06
aco_current,10,7678,80,23,1,0.0,148.0,148.0,0.74,0.29471030831336975,False,False,0.0,148.0,0.0,[],0.0,0.0,0,0.0,0,2.4160000009487703e-06
aco_current,10,7678,80,23,2,0.0,0.0,0.0,0.0,0.09907747060060501,False,False,0.0,0.0,0.0,[],0.0,0.0,0,0.0,0,2.4160000009487703e-06
aco_current,10,7678,80,23,3,0.0,0.0,0.0,0.0,0.43936213850975037,False,False,0.0,0.0,0.0,[],0.0,0.0,0,0.0,0,2.4160000009487703e-06
aco_current,10,7678,80,23,4,0.0,0.0,0.0,0.0,0.20313307642936707,False,False,0.0,0.0,0.0,[],0.0,0.0,0,0.0,0,2.4160000009487703e-06
aco_current,10,7679,80,23,1,0.0,148.0,148.0,0.74,0.29471030831336975,False,False,0.0,148.0,0.0,[],0.0,0.0,0,0.0,0,1.917000005846603e-06
aco_current,10,7679,80,23,2,0.0,0.0,0.0,0.0,0.09907747060060501,False,False,0.0,0.0,0.0,[],0.0,0.0,0,0.0,0,1.917000005846603e-06
aco_current,10,7679,80,23,3,0.0,0.0,0.0,0.0,0.43936213850975037,False,False,0.0,0.0,0.0,[],0.0,0.0,0,0.0,0,1.917000005846603e-06
aco_current,10,7679,80,23,4,0.0,0.0,0.0,0.0,0.20313307642936707,False,False,0.0,0.0,0.0,[],0.0,0.0,0,0.0,0,1.917000005846603e-06
aco_current,10,7680,81,0,1,35.0,148.0,183.0,0.915,1.0,True,True,30.0,153.0,0.0,[1],10.0,10.0,1,10.0,0,0.009488125000004288
aco_current,10,7680,81,0,2,0.0,0.0,0.0,0.0,0.09907747060060501,False,False,0.0,0.0,0.0,[],10.0,10.0,1,10.0,0,0.009488125000004288
aco_current,10,7680,81,0,3,0.0,0.0,0.0,0.0,0.43936213850975037,False,False,0.0,0.0,0.0,[],10.0,10.0,1,10.0,0,0.009488125000004288
aco_current,10,7680,81,0,4,0.0,0.0,0.0,0.0,0.20313307642936707,False,False,0.0,0.0,0.0,[],10.0,10.0,1,10.0,0,0.009488125000004288
aco_current,10,7681,81,0,1,36.0,153.0,189.0,0.945,1.0,True,True,30.0,159.0,0.0,[1],10.0,10.0,1,10.0,0,0.009560750000005669
aco_current,10,7681,81,0,2,0.0,0.0,0.0,0.0,0.09907747060060501,False,False,0.0,0.0,0.0,[],10.0,10.0,1,10.0,0,0.009560750000005669
aco_current,10,7681,81,0,3,0.0,0.0,0.0,0.0,0.43936213850975037,False,False,0.0,0.0,0.0,[],10.0,10.0,1,10.0,0,0.009560750000005669
aco_current,10,7681,81,0,4,0.0,0.0,0.0,0.0,0.20313307642936707,False,False,0.0,0.0,0.0,[],10.0,10.0,1,10.0,0,0.009560750000005669
aco_current,10,7682,81,0,1,36.0,159.0,195.0,0.975,1.0,True,True,30.0,165.0,0.0,[1],10.0,10.0,1,10.0,0,0.009534833000003573
aco_current,10,7682,81,0,2,0.0,0.0,0.0,0.0,0.09907747060060501,False,False,0.0,0.0,0.0,[],10.0,10.0,1,10.0,0,0.009534833000003573
aco_current,10,7682,81,0,3,0.0,0.0,0.0,0.0,0.43936213850975037,False,False,0.0,0.0,0.0,[],10.0,10.0,1,10.0,0,0.009534833000003573
aco_current,10,7682,81,0,4,0.0,0.0,0.0,0.0,0.20313307642936707,False,False,0.0,0.0,0.0,[],10.0,10.0,1,10.0,0,0.009534833000003573
aco_current,10,7683,81,0,1,36.0,165.0,201.0,1.005,1.0,True,True,30.0,171.0,0.0,[1],10.0,10.0,1,10.0,0,0.00955262499999776
aco_current,10,7683,81,0,2,0.0,0.0,0.0,0.0,0.09907747060060501,False,False,0.0,0.0,0.0,[],10.0,10.0,1,10.0,0,0.00955262499999776
aco_current,10,7683,81,0,3,0.0,0.0,0.0,0.0,0.43936213850975037,False,False,0.0,0.0,0.0,[],10.0,10.0,1,10.0,0,0.00955262499999776
aco_current,10,7683,81,0,4,0.0,0.0,0.0,0.0,0.20313307642936707,False,False,0.0,0.0,0.0,[],10.0,10.0,1,10.0,0,0.00955262499999776
aco_current,10,7684,81,1,1,37.0,171.0,208.0,1.04,1.0,True,True,30.0,178.0,0.0,[1],10.0,10.0,1,10.0,0,0.009521875000004343
aco_current,10,7684,81,1,2,0.0,0.0,0.0,0.0,0.09907747060060501,False,False,0.0,0.0,0.0,[],10.0,10.0,1,10.0,0,0.009521875000004343
aco_current,10,7684,81,1,3,0.0,0.0,0.0,0.0,0.43936213850975037,False,False,0.0,0.0,0.0,[],10.0,10.0,1,10.0,0,0.009521875000004343
aco_current,10,7684,81,1,4,0.0,0.0,0.0,0.0,0.20313307642936707,False,False,0.0,0.0,0.0,[],10.0,10.0,1,10.0,0,0.009521875000004343
aco_current,10,7685,81,1,1,36.0,178.0,214.0,1.07,1.0,True,True,30.0,184.0,0.0,[1],10.0,10.0,1,10.0,0,0.009602542000010317
aco_current,10,7685,81,1,2,0.0,0.0,0.0,0.0,0.09907747060060501,False,False,0.0,0.0,0.0,[],10.0,10.0,1,10.0,0,0.009602542000010317
aco_current,10,7685,81,1,3,0.0,0.0,0.0,0.0,0.43936213850975037,False,False,0.0,0.0,0.0,[],10.0,10.0,1,10.0,0,0.009602542000010317
aco_current,10,7685,81,1,4,0.0,0.0,0.0,0.0,0.20313307642936707,False,False,0.0,0.0,0.0,[],10.0,10.0,1,10.0,0,0.009602542000010317
aco_current,10,7686,81,1,1,35.0,184.0,219.0,1.095,1.0,True,True,30.0,189.0,0.0,[1],10.0,10.0,1,10.0,0,0.009417624999997543
aco_current,10,7686,81,1,2,0.0,0.0,0.0,0.0,0.09907747060060501,False,False,0.0,0.0,0.0,[],10.0,10.0,1,10.0,0,0.009417624999997543
aco_current,10,7686,81,1,3,0.0,0.0,0.0,0.0,0.43936213850975037,False,False,0.0,0.0,0.0,[],10.0,10.0,1,10.0,0,0.009417624999997543
aco_current,10,7686,81,1,4,0.0,0.0,0.0,0.0,0.20313307642936707,False,False,0.0,0.0,0.0,[],10.0,10.0,1,10.0,0,0.009417624999997543
aco_current,10,7687,81,1,1,29.0,189.0,218.0,1.09,1.0,True,True,30.0,188.0,0.0,[1],10.0,10.0,1,10.0,0,0.009573875000000953
aco_current,10,7687,81,1,2,0.0,0.0,0.0,0.0,0.09907747060060501,False,False,0.0,0.0,0.0,[],10.0,10.0,1,10.0,0,0.009573875000000953
aco_current,10,7687,81,1,3,0.0,0.0,0.0,0.0,0.43936213850975037,False,False,0.0,0.0,0.0,[],10.0,10.0,1,10.0,0,0.009573875000000953
aco_current,10,7687,81,1,4,0.0,0.0,0.0,0.0,0.20313307642936707,False,False,0.0,0.0,0.0,[],10.0,10.0,1,10.0,0,0.009573875000000953
aco_current,10,7688,81,2,1,19.0,188.0,207.0,1.035,1.0,True,True,30.0,177.0,0.0,[1],10.0,10.0,1,10.0,0,0.00965374999999824
aco_current,10,7688,81,2,2,0.0,0.0,0.0,0.0,0.09907747060060501,False,False,0.0,0.0,0.0,[],10.0,10.0,1,10.0,0,0.00965374999999824
aco_current,10,7688,81,2,3,0.0,0.0,0.0,0.0,0.43936213850975037,False,False,0.0,0.0,0.0,[],10.0,10.0,1,10.0,0,0.00965374999999824
aco_current,10,7688,81,2,4,0.0,0.0,0.0,0.0,0.20313307642936707,False,False,0.0,0.0,0.0,[],10.0,10.0,1,10.0,0,0.00965374999999824
aco_current,10,7689,81,2,1,19.0,177.0,196.0,0.98,1.0,True,True,30.0,166.0,0.0,[1],10.0,10.0,1,10.0,0,0.009585458000003655
aco_current,10,7689,81,2,2,0.0,0.0,0.0,0.0,0.09907747060060501,False,False,0.0,0.0,0.0,[],10.0,10.0,1,10.0,0,0.009585458000003655
aco_current,10,7689,81,2,3,0.0,0.0,0.0,0.0,0.43936213850975037,False,False,0.0,0.0,0.0,[],10.0,10.0,1,10.0,0,0.009585458000003655
aco_current,10,7689,81,2,4,0.0,0.0,0.0,0.0,0.20313307642936707,False,False,0.0,0.0,0.0,[],10.0,10.0,1,10.0,0,0.009585458000003655
aco_current,10,7690,81,2,1,15.0,166.0,181.0,0.905,0.9999986886978149,True,True,30.0,151.0,0.0,[1],10.0,10.0,1,10.0,0,0.009667582999995261
aco_current,10,7690,81,2,2,0.0,0.0,0.0,0.0,0.09907747060060501,False,False,0.0,0.0,0.0,[],10.0,10.0,1,10.0,0,0.009667582999995261
aco_current,10,7690,81,2,3,0.0,0.0,0.0,0.0,0.43936213850975037,False,False,0.0,0.0,0.0,[],10.0,10.0,1,10.0,0,0.009667582999995261
aco_current,10,7690,81,2,4,0.0,0.0,0.0,0.0,0.20313307642936707,False,False,0.0,0.0,0.0,[],10.0,10.0,1,10.0,0,0.009667582999995261
aco_current,10,7691,81,2,1,17.0,151.0,168.0,0.84,0.9999787211418152,True,True,30.0,138.0,0.0,[1],10.0,10.0,1,10.0,0,0.009534166999998206
aco_current,10,7691,81,2,2,0.0,0.0,0.0,0.0,0.09907747060060501,False,False,0.0,0.0,0.0,[],10.0,10.0,1,10.0,0,0.009534166999998206
aco_current,10,7691,81,2,3,0.0,0.0,0.0,0.0,0.43936213850975037,False,False,0.0,0.0,0.0,[],10.0,10.0,1,10.0,0,0.009534166999998206
aco_current,10,7691,81,2,4,0.0,0.0,0.0,0.0,0.20313307642936707,False,False,0.0,0.0,0.0,[],10.0,10.0,1,10.0,0,0.009534166999998206
aco_current,10,7692,81,3,1,19.0,138.0,157.0,0.785,0.9998316168785095,False,False,0.0,157.0,0.0,[],0.0,0.0,0,0.0,0,4.125000003796231e-06
aco_current,10,7692,81,3,2,0.0,0.0,0.0,0.0,0.09907747060060501,False,False,0.0,0.0,0.0,[],0.0,0.0,0,0.0,0,4.125000003796231e-06
aco_current,10,7692,81,3,3,0.0,0.0,0.0,0.0,0.43936213850975037,False,False,0.0,0.0,0.0,[],0.0,0.0,0,0.0,0,4.125000003796231e-06
aco_current,10,7692,81,3,4,0.0,0.0,0.0,0.0,0.20313307642936707,False,False,0.0,0.0,0.0,[],0.0,0.0,0,0.0,0,4.125000003796231e-06
aco_current,10,7693,81,3,1,19.0,157.0,176.0,0.88,0.9999986886978149,True,True,30.0,146.0,0.0,[1],10.0,10.0,1,10.0,0,0.009963165999991475
aco_current,10,7693,81,3,2,0.0,0.0,0.0,0.0,0.09907747060060501,False,False,0.0,0.0,0.0,[],10.0,10.0,1,10.0,0,0.009963165999991475
aco_current,10,7693,81,3,3,0.0,0.0,0.0,0.0,0.43936213850975037,False,False,0.0,0.0,0.0,[],10.0,10.0,1,10.0,0,0.009963165999991475
aco_current,10,7693,81,3,4,0.0,0.0,0.0,0.0,0.20313307642936707,False,False,0.0,0.0,0.0,[],10.0,10.0,1,10.0,0,0.009963165999991475
aco_current,10,7694,81,3,1,39.0,146.0,185.0,0.925,1.0,True,True,30.0,155.0,0.0,[1],10.0,10.0,1,10.0,0,0.009706582999996272
aco_current,10,7694,81,3,2,0.0,0.0,0.0,0.0,0.09907747060060501,False,False,0.0,0.0,0.0,[],10.0,10.0,1,10.0,0,0.009706582999996272
aco_current,10,7694,81,3,3,0.0,0.0,0.0,0.0,0.43936213850975037,False,False,0.0,0.0,0.0,[],10.0,10.0,1,10.0,0,0.009706582999996272
aco_current,10,7694,81,3,4,0.0,0.0,0.0,0.0,0.20313307642936707,False,False,0.0,0.0,0.0,[],10.0,10.0,1,10.0,0,0.009706582999996272
aco_current,10,7695,81,3,1,50.0,155.0,205.0,1.025,1.0,True,True,30.0,175.0,0.0,[1],10.0,10.0,1,10.0,0,0.009618875000001026
aco_current,10,7695,81,3,2,0.0,0.0,0.0,0.0,0.09907747060060501,False,False,0.0,0.0,0.0,[],10.0,10.0,1,10.0,0,0.009618875000001026
aco_current,10,7695,81,3,3,0.0,0.0,0.0,0.0,0.43936213850975037,False,False,0.0,0.0,0.0,[],10.0,10.0,1,10.0,0,0.009618875000001026
aco_current,10,7695,81,3,4,0.0,0.0,0.0,0.0,0.20313307642936707,False,False,0.0,0.0,0.0,[],10.0,10.0,1,10.0,0,0.009618875000001026
aco_current,10,7696,81,4,1,50.0,175.0,225.0,1.125,1.0,True,True,30.0,195.0,0.0,[1],10.0,10.0,1,10.0,0,0.009472708000004104
aco_current,10,7696,81,4,2,0.0,0.0,0.0,0.0,0.09907747060060501,False,False,0.0,0.0,0.0,[],10.0,10.0,1,10.0,0,0.009472708000004104
aco_current,10,7696,81,4,3,0.0,0.0,0.0,0.0,0.43936213850975037,False,False,0.0,0.0,0.0,[],10.0,10.0,1,10.0,0,0.009472708000004104
aco_current,10,7696,81,4,4,0.0,0.0,0.0,0.0,0.20313307642936707,False,False,0.0,0.0,0.0,[],10.0,10.0,1,10.0,0,0.009472708000004104
aco_current,10,7697,81,4,1,49.0,195.0,244.0,1.22,1.0,True,True,30.0,200.0,14.0,[1],10.0,10.0,1,10.0,0,0.009378708999989271
aco_current,10,7697,81,4,2,0.0,0.0,0.0,0.0,0.09907747060060501,False,False,0.0,0.0,0.0,[],10.0,10.0,1,10.0,0,0.009378708999989271
aco_current,10,7697,81,4,3,0.0,0.0,0.0,0.0,0.43936213850975037,False,False,0.0,0.0,0.0,[],10.0,10.0,1,10.0,0,0.009378708999989271
aco_current,10,7697,81,4,4,0.0,0.0,0.0,0.0,0.20313307642936707,False,False,0.0,0.0,0.0,[],10.0,10.0,1,10.0,0,0.009378708999989271
aco_current,10,7698,81,4,1,52.0,200.0,252.0,1.26,1.0,True,True,30.0,200.0,22.0,[1],10.0,10.0,1,10.0,0,0.009642415999991272
aco_current,10,7698,81,4,2,0.0,0.0,0.0,0.0,0.09907747060060501,False,False,0.0,0.0,0.0,[],10.0,10.0,1,10.0,0,0.009642415999991272
aco_current,10,7698,81,4,3,0.0,0.0,0.0,0.0,0.43936213850975037,False,False,0.0,0.0,0.0,[],10.0,10.0,1,10.0,0,0.009642415999991272
aco_current,10,7698,81,4,4,0.0,0.0,0.0,0.0,0.20313307642936707,False,False,0.0,0.0,0.0,[],10.0,10.0,1,10.0,0,0.009642415999991272
aco_current,10,7699,81,4,1,50.0,200.0,250.0,1.25,1.0,True,True,30.0,200.0,20.0,[1],10.0,10.0,1,10.0,0,0.00949958399999673
aco_current,10,7699,81,4,2,0.0,0.0,0.0,0.0,0.09907747060060501,False,False,0.0,0.0,0.0,[],10.0,10.0,1,10.0,0,0.00949958399999673
aco_current,10,7699,81,4,3,0.0,0.0,0.0,0.0,0.43936213850975037,False,False,0.0,0.0,0.0,[],10.0,10.0,1,10.0,0,0.00949958399999673
aco_current,10,7699,81,4,4,0.0,0.0,0.0,0.0,0.20313307642936707,False,False,0.0,0.0,0.0,[],10.0,10.0,1,10.0,0,0.00949958399999673
aco_current,10,7700,81,5,1,52.0,200.0,252.0,1.26,1.0,True,True,30.0,200.0,22.0,[1],10.0,10.0,1,10.0,0,0.00961354099999312
aco_current,10,7700,81,5,2,0.0,0.0,0.0,0.0,0.09907747060060501,False,False,0.0,0.0,0.0,[],10.0,10.0,1,10.0,0,0.00961354099999312
aco_current,10,7700,81,5,3,0.0,0.0,0.0,0.0,0.43936213850975037,False,False,0.0,0.0,0.0,[],10.0,10.0,1,10.0,0,0.00961354099999312
aco_current,10,7700,81,5,4,0.0,0.0,0.0,0.0,0.20313307642936707,False,False,0.0,0.0,0.0,[],10.0,10.0,1,10.0,0,0.00961354099999312
aco_current,10,7701,81,5,1,49.0,200.0,249.0,1.245,1.0,True,True,30.0,200.0,19.0,[1],10.0,10.0,1,10.0,0,0.009649875000008024
aco_current,10,7701,81,5,2,0.0,0.0,0.0,0.0,0.09907747060060501,False,False,0.0,0.0,0.0,[],10.0,10.0,1,10.0,0,0.009649875000008024
aco_current,10,7701,81,5,3,0.0,0.0,0.0,0.0,0.43936213850975037,False,False,0.0,0.0,0.0,[],10.0,10.0,1,10.0,0,0.009649875000008024
aco_current,10,7701,81,5,4,0.0,0.0,0.0,0.0,0.20313307642936707,False,False,0.0,0.0,0.0,[],10.0,10.0,1,10.0,0,0.009649875000008024
aco_current,10,7702,81,5,1,52.0,200.0,252.0,1.26,1.0,True,True,30.0,200.0,22.0,[1],10.0,10.0,1,10.0,0,0.009642166999995538
aco_current,10,7702,81,5,2,0.0,0.0,0.0,0.0,0.09907747060060501,False,False,0.0,0.0,0.0,[],10.0,10.0,1,10.0,0,0.009642166999995538
aco_current,10,7702,81,5,3,0.0,0.0,0.0,0.0,0.43936213850975037,False,False,0.0,0.0,0.0,[],10.0,10.0,1,10.0,0,0.009642166999995538
aco_current,10,7702,81,5,4,0.0,0.0,0.0,0.0,0.20313307642936707,False,False,0.0,0.0,0.0,[],10.0,10.0,1,10.0,0,0.009642166999995538
aco_current,10,7703,81,5,1,50.0,200.0,250.0,1.25,1.0,True,True,30.0,200.0,20.0,[1],10.0,10.0,1,10.0,0,0.00946933400000205
aco_current,10,7703,81,5,2,0.0,0.0,0.0,0.0,0.09907747060060501,False,False,0.0,0.0,0.0,[],10.0,10.0,1,10.0,0,0.00946933400000205
aco_current,10,7703,81,5,3,0.0,0.0,0.0,0.0,0.43936213850975037,False,False,0.0,0.0,0.0,[],10.0,10.0,1,10.0,0,0.00946933400000205
aco_current,10,7703,81,5,4,0.0,0.0,0.0,0.0,0.20313307642936707,False,False,0.0,0.0,0.0,[],10.0,10.0,1,10.0,0,0.00946933400000205
aco_current,10,7704,81,6,1,52.0,200.0,252.0,1.26,1.0,True,True,30.0,200.0,22.0,[1],10.0,10.0,1,10.0,0,0.00964529200000186
aco_current,10,7704,81,6,2,0.0,0.0,0.0,0.0,0.09907747060060501,False,False,0.0,0.0,0.0,[],10.0,10.0,1,10.0,0,0.00964529200000186
aco_current,10,7704,81,6,3,0.0,0.0,0.0,0.0,0.43936213850975037,False,False,0.0,0.0,0.0,[],10.0,10.0,1,10.0,0,0.00964529200000186
aco_current,10,7704,81,6,4,0.0,0.0,0.0,0.0,0.20313307642936707,False,False,0.0,0.0,0.0,[],10.0,10.0,1,10.0,0,0.00964529200000186
aco_current,10,7705,81,6,1,53.0,200.0,253.0,1.265,1.0,True,True,30.0,200.0,23.0,[1],10.0,10.0,1,10.0,0,0.009557041999997296
aco_current,10,7705,81,6,2,0.0,0.0,0.0,0.0,0.09907747060060501,False,False,0.0,0.0,0.0,[],10.0,10.0,1,10.0,0,0.009557041999997296
aco_current,10,7705,81,6,3,0.0,0.0,0.0,0.0,0.43936213850975037,False,False,0.0,0.0,0.0,[],10.0,10.0,1,10.0,0,0.009557041999997296
aco_current,10,7705,81,6,4,0.0,0.0,0.0,0.0,0.20313307642936707,False,False,0.0,0.0,0.0,[],10.0,10.0,1,10.0,0,0.009557041999997296
aco_current,10,7706,81,6,1,52.0,200.0,252.0,1.26,1.0,True,True,30.0,200.0,22.0,[1],10.0,10.0,1,10.0,0,0.009611125000006382
aco_current,10,7706,81,6,2,0.0,0.0,0.0,0.0,0.09907747060060501,False,False,0.0,0.0,0.0,[],10.0,10.0,1,10.0,0,0.009611125000006382
aco_current,10,7706,81,6,3,0.0,0.0,0.0,0.0,0.43936213850975037,False,False,0.0,0.0,0.0,[],10.0,10.0,1,10.0,0,0.009611125000006382
aco_current,10,7706,81,6,4,0.0,0.0,0.0,0.0,0.20313307642936707,False,False,0.0,0.0,0.0,[],10.0,10.0,1,10.0,0,0.009611125000006382
aco_current,10,7707,81,6,1,51.0,200.0,251.0,1.255,1.0,True,True,30.0,200.0,21.0,[1],10.0,10.0,1,10.0,0,0.009464207999997143
aco_current,10,7707,81,6,2,0.0,0.0,0.0,0.0,0.09907747060060501,False,False,0.0,0.0,0.0,[],10.0,10.0,1,10.0,0,0.009464207999997143
aco_current,10,7707,81,6,3,0.0,0.0,0.0,0.0,0.43936213850975037,False,False,0.0,0.0,0.0,[],10.0,10.0,1,10.0,0,0.009464207999997143
aco_current,10,7707,81,6,4,0.0,0.0,0.0,0.0,0.20313307642936707,False,False,0.0,0.0,0.0,[],10.0,10.0,1,10.0,0,0.009464207999997143
aco_current,10,7708,81,7,1,48.0,200.0,248.0,1.24,1.0,True,True,30.0,200.0,18.0,[1],10.0,10.0,1,10.0,0,0.009442750000005162
aco_current,10,7708,81,7,2,0.0,0.0,0.0,0.0,0.09907747060060501,False,False,0.0,0.0,0.0,[],10.0,10.0,1,10.0,0,0.009442750000005162
aco_current,10,7708,81,7,3,0.0,0.0,0.0,0.0,0.43936213850975037,False,False,0.0,0.0,0.0,[],10.0,10.0,1,10.0,0,0.009442750000005162
aco_current,10,7708,81,7,4,0.0,0.0,0.0,0.0,0.20313307642936707,False,False,0.0,0.0,0.0,[],10.0,10.0,1,10.0,0,0.009442750000005162
aco_current,10,7709,81,7,1,48.0,200.0,248.0,1.24,1.0,True,True,30.0,200.0,18.0,[1],10.0,10.0,1,10.0,0,0.009404166999999575
aco_current,10,7709,81,7,2,0.0,0.0,0.0,0.0,0.09907747060060501,False,False,0.0,0.0,0.0,[],10.0,10.0,1,10.0,0,0.009404166999999575
aco_current,10,7709,81,7,3,0.0,0.0,0.0,0.0,0.43936213850975037,False,False,0.0,0.0,0.0,[],10.0,10.0,1,10.0,0,0.009404166999999575
aco_current,10,7709,81,7,4,0.0,0.0,0.0,0.0,0.20313307642936707,False,False,0.0,0.0,0.0,[],10.0,10.0,1,10.0,0,0.009404166999999575
aco_current,10,7710,81,7,1,50.0,200.0,250.0,1.25,1.0,True,True,30.0,200.0,20.0,[1],10.0,10.0,1,10.0,0,0.009484874999998283
aco_current,10,7710,81,7,2,0.0,0.0,0.0,0.0,0.09907747060060501,False,False,0.0,0.0,0.0,[],10.0,10.0,1,10.0,0,0.009484874999998283
aco_current,10,7710,81,7,3,0.0,0.0,0.0,0.0,0.43936213850975037,False,False,0.0,0.0,0.0,[],10.0,10.0,1,10.0,0,0.009484874999998283
aco_current,10,7710,81,7,4,0.0,0.0,0.0,0.0,0.20313307642936707,False,False,0.0,0.0,0.0,[],10.0,10.0,1,10.0,0,0.009484874999998283
aco_current,10,7711,81,7,1,48.0,200.0,248.0,1.24,1.0,True,True,30.0,200.0,18.0,[1],10.0,10.0,1,10.0,0,0.009531791000000567
aco_current,10,7711,81,7,2,0.0,0.0,0.0,0.0,0.09907747060060501,False,False,0.0,0.0,0.0,[],10.0,10.0,1,10.0,0,0.009531791000000567
aco_current,10,7711,81,7,3,0.0,0.0,0.0,0.0,0.43936213850975037,False,False,0.0,0.0,0.0,[],10.0,10.0,1,10.0,0,0.009531791000000567
aco_current,10,7711,81,7,4,0.0,0.0,0.0,0.0,0.20313307642936707,False,False,0.0,0.0,0.0,[],10.0,10.0,1,10.0,0,0.009531791000000567
aco_current,10,7712,81,8,1,47.0,200.0,247.0,1.235,1.0,True,True,30.0,200.0,17.0,[1],10.0,10.0,1,10.0,0,0.009513084000005279
aco_current,10,7712,81,8,2,0.0,0.0,0.0,0.0,0.09907747060060501,False,False,0.0,0.0,0.0,[],10.0,10.0,1,10.0,0,0.009513084000005279
aco_current,10,7712,81,8,3,0.0,0.0,0.0,0.0,0.43936213850975037,False,False,0.0,0.0,0.0,[],10.0,10.0,1,10.0,0,0.009513084000005279
aco_current,10,7712,81,8,4,0.0,0.0,0.0,0.0,0.20313307642936707,False,False,0.0,0.0,0.0,[],10.0,10.0,1,10.0,0,0.009513084000005279
aco_current,10,7713,81,8,1,48.0,200.0,248.0,1.24,1.0,True,True,30.0,200.0,18.0,[1],10.0,10.0,1,10.0,0,0.009620249999997554
aco_current,10,7713,81,8,2,0.0,0.0,0.0,0.0,0.09907747060060501,False,False,0.0,0.0,0.0,[],10.0,10.0,1,10.0,0,0.009620249999997554
aco_current,10,7713,81,8,3,0.0,0.0,0.0,0.0,0.43936213850975037,False,False,0.0,0.0,0.0,[],10.0,10.0,1,10.0,0,0.009620249999997554
aco_current,10,7713,81,8,4,0.0,0.0,0.0,0.0,0.20313307642936707,False,False,0.0,0.0,0.0,[],10.0,10.0,1,10.0,0,0.009620249999997554
aco_current,10,7714,81,8,1,49.0,200.0,249.0,1.245,1.0,True,True,30.0,200.0,19.0,[1],10.0,10.0,1,10.0,0,0.00953416599999457
aco_current,10,7714,81,8,2,0.0,0.0,0.0,0.0,0.09907747060060501,False,False,0.0,0.0,0.0,[],10.0,10.0,1,10.0,0,0.00953416599999457
aco_current,10,7714,81,8,3,0.0,0.0,0.0,0.0,0.43936213850975037,False,False,0.0,0.0,0.0,[],10.0,10.0,1,10.0,0,0.00953416599999457
aco_current,10,7714,81,8,4,0.0,0.0,0.0,0.0,0.20313307642936707,False,False,0.0,0.0,0.0,[],10.0,10.0,1,10.0,0,0.00953416599999457
aco_current,10,7715,81,8,1,48.0,200.0,248.0,1.24,1.0,True,True,30.0,200.0,18.0,[1],10.0,10.0,1,10.0,0,0.00943787500000326
aco_current,10,7715,81,8,2,0.0,0.0,0.0,0.0,0.09907747060060501,False,False,0.0,0.0,0.0,[],10.0,10.0,1,10.0,0,0.00943787500000326
aco_current,10,7715,81,8,3,0.0,0.0,0.0,0.0,0.43936213850975037,False,False,0.0,0.0,0.0,[],10.0,10.0,1,10.0,0,0.00943787500000326
aco_current,10,7715,81,8,4,0.0,0.0,0.0,0.0,0.20313307642936707,False,False,0.0,0.0,0.0,[],10.0,10.0,1,10.0,0,0.00943787500000326
aco_current,10,7716,81,9,1,49.0,200.0,249.0,1.245,1.0,True,True,30.0,200.0,19.0,[1],10.0,10.0,1,10.0,0,0.009497832999997513
aco_current,10,7716,81,9,2,0.0,0.0,0.0,0.0,0.09907747060060501,False,False,0.0,0.0,0.0,[],10.0,10.0,1,10.0,0,0.009497832999997513
aco_current,10,7716,81,9,3,0.0,0.0,0.0,0.0,0.43936213850975037,False,False,0.0,0.0,0.0,[],10.0,10.0,1,10.0,0,0.009497832999997513
aco_current,10,7716,81,9,4,0.0,0.0,0.0,0.0,0.20313307642936707,False,False,0.0,0.0,0.0,[],10.0,10.0,1,10.0,0,0.009497832999997513
aco_current,10,7717,81,9,1,52.0,200.0,252.0,1.26,1.0,True,True,30.0,200.0,22.0,[1],10.0,10.0,1,10.0,0,0.009569916999993211
aco_current,10,7717,81,9,2,0.0,0.0,0.0,0.0,0.09907747060060501,False,False,0.0,0.0,0.0,[],10.0,10.0,1,10.0,0,0.009569916999993211
aco_current,10,7717,81,9,3,0.0,0.0,0.0,0.0,0.43936213850975037,False,False,0.0,0.0,0.0,[],10.0,10.0,1,10.0,0,0.009569916999993211
aco_current,10,7717,81,9,4,0.0,0.0,0.0,0.0,0.20313307642936707,False,False,0.0,0.0,0.0,[],10.0,10.0,1,10.0,0,0.009569916999993211
aco_current,10,7718,81,9,1,55.0,200.0,255.0,1.275,1.0,True,True,30.0,200.0,25.0,[1],10.0,10.0,1,10.0,0,0.00953029200000799
aco_current,10,7718,81,9,2,0.0,0.0,0.0,0.0,0.09907747060060501,False,False,0.0,0.0,0.0,[],10.0,10.0,1,10.0,0,0.00953029200000799
aco_current,10,7718,81,9,3,0.0,0.0,0.0,0.0,0.43936213850975037,False,False,0.0,0.0,0.0,[],10.0,10.0,1,10.0,0,0.00953029200000799
aco_current,10,7718,81,9,4,0.0,0.0,0.0,0.0,0.20313307642936707,False,False,0.0,0.0,0.0,[],10.0,10.0,1,10.0,0,0.00953029200000799
aco_current,10,7719,81,9,1,54.0,200.0,254.0,1.27,1.0,True,True,30.0,200.0,24.0,[1],10.0,10.0,1,10.0,0,0.009564375000010727
aco_current,10,7719,81,9,2,0.0,0.0,0.0,0.0,0.09907747060060501,False,False,0.0,0.0,0.0,[],10.0,10.0,1,10.0,0,0.009564375000010727
aco_current,10,7719,81,9,3,0.0,0.0,0.0,0.0,0.43936213850975037,False,False,0.0,0.0,0.0,[],10.0,10.0,1,10.0,0,0.009564375000010727
aco_current,10,7719,81,9,4,0.0,0.0,0.0,0.0,0.20313307642936707,False,False,0.0,0.0,0.0,[],10.0,10.0,1,10.0,0,0.009564375000010727
aco_current,10,7720,81,10,1,53.0,200.0,253.0,1.265,1.0,True,True,30.0,200.0,23.0,[1],10.0,10.0,1,10.0,0,0.009659749999997302
aco_current,10,7720,81,10,2,0.0,0.0,0.0,0.0,0.09907747060060501,False,False,0.0,0.0,0.0,[],10.0,10.0,1,10.0,0,0.009659749999997302
aco_current,10,7720,81,10,3,0.0,0.0,0.0,0.0,0.43936213850975037,False,False,0.0,0.0,0.0,[],10.0,10.0,1,10.0,0,0.009659749999997302
aco_current,10,7720,81,10,4,0.0,0.0,0.0,0.0,0.20313307642936707,False,False,0.0,0.0,0.0,[],10.0,10.0,1,10.0,0,0.009659749999997302
aco_current,10,7721,81,10,1,39.0,200.0,239.0,1.195,1.0,True,True,30.0,200.0,9.0,[1],10.0,10.0,1,10.0,0,0.009415416000010168
aco_current,10,7721,81,10,2,0.0,0.0,0.0,0.0,0.09907747060060501,False,False,0.0,0.0,0.0,[],10.0,10.0,1,10.0,0,0.009415416000010168
aco_current,10,7721,81,10,3,0.0,0.0,0.0,0.0,0.43936213850975037,False,False,0.0,0.0,0.0,[],10.0,10.0,1,10.0,0,0.009415416000010168
aco_current,10,7721,81,10,4,0.0,0.0,0.0,0.0,0.20313307642936707,False,False,0.0,0.0,0.0,[],10.0,10.0,1,10.0,0,0.009415416000010168
aco_current,10,7722,81,10,1,41.0,200.0,241.0,1.205,1.0,True,True,30.0,200.0,11.0,[1],10.0,10.0,1,10.0,0,0.00960683299999232
aco_current,10,7722,81,10,2,0.0,0.0,0.0,0.0,0.09907747060060501,False,False,0.0,0.0,0.0,[],10.0,10.0,1,10.0,0,0.00960683299999232
aco_current,10,7722,81,10,3,0.0,0.0,0.0,0.0,0.43936213850975037,False,False,0.0,0.0,0.0,[],10.0,10.0,1,10.0,0,0.00960683299999232
aco_current,10,7722,81,10,4,0.0,0.0,0.0,0.0,0.20313307642936707,False,False,0.0,0.0,0.0,[],10.0,10.0,1,10.0,0,0.00960683299999232
aco_current,10,7723,81,10,1,39.0,200.0,239.0,1.195,1.0,True,True,30.0,200.0,9.0,[1],10.0,10.0,1,10.0,0,0.00948645799999781
aco_current,10,7723,81,10,2,0.0,0.0,0.0,0.0,0.09907747060060501,False,False,0.0,0.0,0.0,[],10.0,10.0,1,10.0,0,0.00948645799999781
aco_current,10,7723,81,10,3,0.0,0.0,0.0,0.0,0.43936213850975037,False,False,0.0,0.0,0.0,[],10.0,10.0,1,10.0,0,0.00948645799999781
aco_current,10,7723,81,10,4,0.0,0.0,0.0,0.0,0.20313307642936707,False,False,0.0,0.0,0.0,[],10.0,10.0,1,10.0,0,0.00948645799999781
aco_current,10,7724,81,11,1,40.0,200.0,240.0,1.2,1.0,True,True,30.0,200.0,10.0,[1],10.0,10.0,1,10.0,0,0.00956354100000567
aco_current,10,7724,81,11,2,0.0,0.0,0.0,0.0,0.09907747060060501,False,False,0.0,0.0,0.0,[],10.0,10.0,1,10.0,0,0.00956354100000567
aco_current,10,7724,81,11,3,0.0,0.0,0.0,0.0,0.43936213850975037,False,False,0.0,0.0,0.0,[],10.0,10.0,1,10.0,0,0.00956354100000567
aco_current,10,7724,81,11,4,0.0,0.0,0.0,0.0,0.20313307642936707,False,False,0.0,0.0,0.0,[],10.0,10.0,1,10.0,0,0.00956354100000567
aco_current,10,7725,81,11,1,27.0,200.0,227.0,1.135,1.0,True,True,30.0,197.0,0.0,[1],10.0,10.0,1,10.0,0,0.0096926659999923
aco_current,10,7725,81,11,2,0.0,0.0,0.0,0.0,0.09907747060060501,False,False,0.0,0.0,0.0,[],10.0,10.0,1,10.0,0,0.0096926659999923
aco_current,10,7725,81,11,3,0.0,0.0,0.0,0.0,0.43936213850975037,False,False,0.0,0.0,0.0,[],10.0,10.0,1,10.0,0,0.0096926659999923
aco_current,10,7725,81,11,4,0.0,0.0,0.0,0.0,0.20313307642936707,False,False,0.0,0.0,0.0,[],10.0,10.0,1,10.0,0,0.0096926659999923
aco_current,10,7726,81,11,1,28.0,197.0,225.0,1.125,1.0,True,True,30.0,195.0,0.0,[1],10.0,10.0,1,10.0,0,0.009583749999990232
aco_current,10,7726,81,11,2,0.0,0.0,0.0,0.0,0.09907747060060501,False,False,0.0,0.0,0.0,[],10.0,10.0,1,10.0,0,0.009583749999990232
aco_current,10,7726,81,11,3,0.0,0.0,0.0,0.0,0.43936213850975037,False,False,0.0,0.0,0.0,[],10.0,10.0,1,10.0,0,0.009583749999990232
aco_current,10,7726,81,11,4,0.0,0.0,0.0,0.0,0.20313307642936707,False,False,0.0,0.0,0.0,[],10.0,10.0,1,10.0,0,0.009583749999990232
aco_current,10,7727,81,11,1,18.0,195.0,213.0,1.065,1.0,True,True,30.0,183.0,0.0,[1],10.0,10.0,1,10.0,0,0.009559916999990037
aco_current,10,7727,81,11,2,0.0,0.0,0.0,0.0,0.09907747060060501,False,False,0.0,0.0,0.0,[],10.0,10.0,1,10.0,0,0.009559916999990037
aco_current,10,7727,81,11,3,0.0,0.0,0.0,0.0,0.43936213850975037,False,False,0.0,0.0,0.0,[],10.0,10.0,1,10.0,0,0.009559916999990037
aco_current,10,7727,81,11,4,0.0,0.0,0.0,0.0,0.20313307642936707,False,False,0.0,0.0,0.0,[],10.0,10.0,1,10.0,0,0.009559916999990037
aco_current,10,7728,81,12,1,20.0,183.0,203.0,1.015,1.0,True,True,30.0,173.0,0.0,[1],10.0,10.0,1,10.0,0,0.00941070800000432
aco_current,10,7728,81,12,2,0.0,0.0,0.0,0.0,0.09907747060060501,False,False,0.0,0.0,0.0,[],10.0,10.0,1,10.0,0,0.00941070800000432
aco_current,10,7728,81,12,3,0.0,0.0,0.0,0.0,0.43936213850975037,False,False,0.0,0.0,0.0,[],10.0,10.0,1,10.0,0,0.00941070800000432
aco_current,10,7728,81,12,4,0.0,0.0,0.0,0.0,0.20313307642936707,False,False,0.0,0.0,0.0,[],10.0,10.0,1,10.0,0,0.00941070800000432
aco_current,10,7729,81,12,1,18.0,173.0,191.0,0.955,1.0,True,True,30.0,161.0,0.0,[1],10.0,10.0,1,10.0,0,0.009699333000000365
aco_current,10,7729,81,12,2,0.0,0.0,0.0,0.0,0.09907747060060501,False,False,0.0,0.0,0.0,[],10.0,10.0,1,10.0,0,0.009699333000000365
aco_current,10,7729,81,12,3,0.0,0.0,0.0,0.0,0.43936213850975037,False,False,0.0,0.0,0.0,[],10.0,10.0,1,10.0,0,0.009699333000000365
aco_current,10,7729,81,12,4,0.0,0.0,0.0,0.0,0.20313307642936707,False,False,0.0,0.0,0.0,[],10.0,10.0,1,10.0,0,0.009699333000000365
aco_current,10,7730,81,12,1,20.0,161.0,181.0,0.905,0.9999997615814209,True,True,30.0,151.0,0.0,[1],10.0,10.0,1,10.0,0,0.009572665999996843
aco_current,10,7730,81,12,2,0.0,0.0,0.0,0.0,0.09907747060060501,False,False,0.0,0.0,0.0,[],10.0,10.0,1,10.0,0,0.009572665999996843
aco_current,10,7730,81,12,3,0.0,0.0,0.0,0.0,0.43936213850975037,False,False,0.0,0.0,0.0,[],10.0,10.0,1,10.0,0,0.009572665999996843
aco_current,10,7730,81,12,4,0.0,0.0,0.0,0.0,0.20313307642936707,False,False,0.0,0.0,0.0,[],10.0,10.0,1,10.0,0,0.009572665999996843
aco_current,10,7731,81,12,1,18.0,151.0,169.0,0.845,0.9999887347221375,True,True,30.0,139.0,0.0,[1],10.0,10.0,1,10.0,0,0.009670584000005533
aco_current,10,7731,81,12,2,0.0,0.0,0.0,0.0,0.09907747060060501,False,False,0.0,0.0,0.0,[],10.0,10.0,1,10.0,0,0.009670584000005533
aco_current,10,7731,81,12,3,0.0,0.0,0.0,0.0,0.43936213850975037,False,False,0.0,0.0,0.0,[],10.0,10.0,1,10.0,0,0.009670584000005533
aco_current,10,7731,81,12,4,0.0,0.0,0.0,0.0,0.20313307642936707,False,False,0.0,0.0,0.0,[],10.0,10.0,1,10.0,0,0.009670584000005533
aco_current,10,7732,81,13,1,20.0,139.0,159.0,0.795,0.9999262690544128,False,False,0.0,159.0,0.0,[],0.0,0.0,0,0.0,0,2.8329999963716546e-06
aco_current,10,7732,81,13,2,0.0,0.0,0.0,0.0,0.09907747060060501,False,False,0.0,0.0,0.0,[],0.0,0.0,0,0.0,0,2.8329999963716546e-06
aco_current,10,7732,81,13,3,0.0,0.0,0.0,0.0,0.43936213850975037,False,False,0.0,0.0,0.0,[],0.0,0.0,0,0.0,0,2.8329999963716546e-06
aco_current,10,7732,81,13,4,0.0,0.0,0.0,0.0,0.20313307642936707,False,False,0.0,0.0,0.0,[],0.0,0.0,0,0.0,0,2.8329999963716546e-06
aco_current,10,7733,81,13,1,19.0,159.0,178.0,0.89,0.9999992251396179,True,True,30.0,148.0,0.0,[1],10.0,10.0,1,10.0,0,0.009535042000010208
aco_current,10,7733,81,13,2,0.0,0.0,0.0,0.0,0.09907747060060501,False,False,0.0,0.0,0.0,[],10.0,10.0,1,10.0,0,0.009535042000010208
aco_current,10,7733,81,13,3,0.0,0.0,0.0,0.0,0.43936213850975037,False,False,0.0,0.0,0.0,[],10.0,10.0,1,10.0,0,0.009535042000010208
aco_current,10,7733,81,13,4,0.0,0.0,0.0,0.0,0.20313307642936707,False,False,0.0,0.0,0.0,[],10.0,10.0,1,10.0,0,0.009535042000010208
aco_current,10,7734,81,13,1,19.0,148.0,167.0,0.835,0.9999867081642151,True,True,30.0,137.0,0.0,[1],10.0,10.0,1,10.0,0,0.009600957999992943
aco_current,10,7734,81,13,2,0.0,0.0,0.0,0.0,0.09907747060060501,False,False,0.0,0.0,0.0,[],10.0,10.0,1,10.0,0,0.009600957999992943
aco_current,10,7734,81,13,3,0.0,0.0,0.0,0.0,0.43936213850975037,False,False,0.0,0.0,0.0,[],10.0,10.0,1,10.0,0,0.009600957999992943
aco_current,10,7734,81,13,4,0.0,0.0,0.0,0.0,0.20313307642936707,False,False,0.0,0.0,0.0,[],10.0,10.0,1,10.0,0,0.009600957999992943
aco_current,10,7735,81,13,1,12.0,137.0,149.0,0.745,0.9922683835029602,False,False,0.0,149.0,0.0,[],0.0,0.0,0,0.0,0,2.666000000317581e-06
aco_current,10,7735,81,13,2,0.0,0.0,0.0,0.0,0.09907747060060501,False,False,0.0,0.0,0.0,[],0.0,0.0,0,0.0,0,2.666000000317581e-06
aco_current,10,7735,81,13,3,0.0,0.0,0.0,0.0,0.43936213850975037,False,False,0.0,0.0,0.0,[],0.0,0.0,0,0.0,0,2.666000000317581e-06
aco_current,10,7735,81,13,4,0.0,0.0,0.0,0.0,0.20313307642936707,False,False,0.0,0.0,0.0,[],0.0,0.0,0,0.0,0,2.666000000317581e-06
aco_current,10,7736,81,14,1,8.0,149.0,157.0,0.785,0.9898694753646851,False,False,0.0,157.0,0.0,[],0.0,0.0,0,0.0,0,2.8749999927413228e-06
aco_current,10,7736,81,14,2,0.0,0.0,0.0,0.0,0.09907747060060501,False,False,0.0,0.0,0.0,[],0.0,0.0,0,0.0,0,2.8749999927413228e-06
aco_current,10,7736,81,14,3,0.0,0.0,0.0,0.0,0.43936213850975037,False,False,0.0,0.0,0.0,[],0.0,0.0,0,0.0,0,2.8749999927413228e-06
aco_current,10,7736,81,14,4,0.0,0.0,0.0,0.0,0.20313307642936707,False,False,0.0,0.0,0.0,[],0.0,0.0,0,0.0,0,2.8749999927413228e-06
aco_current,10,7737,81,14,1,7.0,157.0,164.0,0.82,0.997749924659729,True,True,30.0,134.0,0.0,[1],10.0,10.0,1,10.0,0,0.009883750000000191
aco_current,10,7737,81,14,2,0.0,0.0,0.0,0.0,0.09907747060060501,False,False,0.0,0.0,0.0,[],10.0,10.0,1,10.0,0,0.009883750000000191
aco_current,10,7737,81,14,3,0.0,0.0,0.0,0.0,0.43936213850975037,False,False,0.0,0.0,0.0,[],10.0,10.0,1,10.0,0,0.009883750000000191
aco_current,10,7737,81,14,4,0.0,0.0,0.0,0.0,0.20313307642936707,False,False,0.0,0.0,0.0,[],10.0,10.0,1,10.0,0,0.009883750000000191
aco_current,10,7738,81,14,1,8.0,134.0,142.0,0.71,0.9471043944358826,False,False,0.0,142.0,0.0,[],0.0,0.0,0,0.0,0,3.084000013586774e-06
aco_current,10,7738,81,14,2,0.0,0.0,0.0,0.0,0.09907747060060501,False,False,0.0,0.0,0.0,[],0.0,0.0,0,0.0,0,3.084000013586774e-06
aco_current,10,7738,81,14,3,0.0,0.0,0.0,0.0,0.43936213850975037,False,False,0.0,0.0,0.0,[],0.0,0.0,0,0.0,0,3.084000013586774e-06
aco_current,10,7738,81,14,4,0.0,0.0,0.0,0.0,0.20313307642936707,False,False,0.0,0.0,0.0,[],0.0,0.0,0,0.0,0,3.084000013586774e-06
aco_current,10,7739,81,14,1,7.0,142.0,149.0,0.745,0.9642361402511597,False,False,0.0,149.0,0.0,[],0.0,0.0,0,0.0,0,2.624999993372512e-06
aco_current,10,7739,81,14,2,0.0,0.0,0.0,0.0,0.09907747060060501,False,False,0.0,0.0,0.0,[],0.0,0.0,0,0.0,0,2.624999993372512e-06
aco_current,10,7739,81,14,3,0.0,0.0,0.0,0.0,0.43936213850975037,False,False,0.0,0.0,0.0,[],0.0,0.0,0,0.0,0,2.624999993372512e-06
aco_current,10,7739,81,14,4,0.0,0.0,0.0,0.0,0.20313307642936707,False,False,0.0,0.0,0.0,[],0.0,0.0,0,0.0,0,2.624999993372512e-06
aco_current,10,7740,81,15,1,8.0,149.0,157.0,0.785,0.9930093884468079,False,False,0.0,157.0,0.0,[],0.0,0.0,0,0.0,0,2.166999991004559e-06
aco_current,10,7740,81,15,2,0.0,0.0,0.0,0.0,0.09907747060060501,False,False,0.0,0.0,0.0,[],0.0,0.0,0,0.0,0,2.166999991004559e-06
aco_current,10,7740,81,15,3,0.0,0.0,0.0,0.0,0.43936213850975037,False,False,0.0,0.0,0.0,[],0.0,0.0,0,0.0,0,2.166999991004559e-06
aco_current,10,7740,81,15,4,0.0,0.0,0.0,0.0,0.20313307642936707,False,False,0.0,0.0,0.0,[],0.0,0.0,0,0.0,0,2.166999991004559e-06
aco_current,10,7741,81,15,1,7.0,157.0,164.0,0.82,0.998183012008667,True,True,30.0,134.0,0.0,[1],10.0,10.0,1,10.0,0,0.009553499999995552
aco_current,10,7741,81,15,2,0.0,0.0,0.0,0.0,0.09907747060060501,False,False,0.0,0.0,0.0,[],10.0,10.0,1,10.0,0,0.009553499999995552
aco_current,10,7741,81,15,3,0.0,0.0,0.0,0.0,0.43936213850975037,False,False,0.0,0.0,0.0,[],10.0,10.0,1,10.0,0,0.009553499999995552
aco_current,10,7741,81,15,4,0.0,0.0,0.0,0.0,0.20313307642936707,False,False,0.0,0.0,0.0,[],10.0,10.0,1,10.0,0,0.009553499999995552
aco_current,10,7742,81,15,1,8.0,134.0,142.0,0.71,0.9495074152946472,False,False,0.0,142.0,0.0,[],0.0,0.0,0,0.0,0,3.4579999947936813e-06
aco_current,10,7742,81,15,2,0.0,0.0,0.0,0.0,0.09907747060060501,False,False,0.0,0.0,0.0,[],0.0,0.0,0,0.0,0,3.4579999947936813e-06
aco_current,10,7742,81,15,3,0.0,0.0,0.0,0.0,0.43936213850975037,False,False,0.0,0.0,0.0,[],0.0,0.0,0,0.0,0,3.4579999947936813e-06
aco_current,10,7742,81,15,4,0.0,0.0,0.0,0.0,0.20313307642936707,False,False,0.0,0.0,0.0,[],0.0,0.0,0,0.0,0,3.4579999947936813e-06
aco_current,10,7743,81,15,1,7.0,142.0,149.0,0.745,0.9642361402511597,False,False,0.0,149.0,0.0,[],0.0,0.0,0,0.0,0,1.957999998580817e-06
aco_current,10,7743,81,15,2,0.0,0.0,0.0,0.0,0.09907747060060501,False,False,0.0,0.0,0.0,[],0.0,0.0,0,0.0,0,1.957999998580817e-06
aco_current,10,7743,81,15,3,0.0,0.0,0.0,0.0,0.43936213850975037,False,False,0.0,0.0,0.0,[],0.0,0.0,0,0.0,0,1.957999998580817e-06
aco_current,10,7743,81,15,4,0.0,0.0,0.0,0.0,0.20313307642936707,False,False,0.0,0.0,0.0,[],0.0,0.0,0,0.0,0,1.957999998580817e-06
aco_current,10,7744,81,16,1,8.0,149.0,157.0,0.785,0.9930093884468079,False,False,0.0,157.0,0.0,[],0.0,0.0,0,0.0,0,1.8329999988964119e-06
aco_current,10,7744,81,16,2,0.0,0.0,0.0,0.0,0.09907747060060501,False,False,0.0,0.0,0.0,[],0.0,0.0,0,0.0,0,1.8329999988964119e-06
aco_current,10,7744,81,16,3,0.0,0.0,0.0,0.0,0.43936213850975037,False,False,0.0,0.0,0.0,[],0.0,0.0,0,0.0,0,1.8329999988964119e-06
aco_current,10,7744,81,16,4,0.0,0.0,0.0,0.0,0.20313307642936707,False,False,0.0,0.0,0.0,[],0.0,0.0,0,0.0,0,1.8329999988964119e-06
aco_current,10,7745,81,16,1,7.0,157.0,164.0,0.82,0.998183012008667,True,True,30.0,134.0,0.0,[1],10.0,10.0,1,10.0,0,0.00959291599998835
aco_current,10,7745,81,16,2,0.0,0.0,0.0,0.0,0.09907747060060501,False,False,0.0,0.0,0.0,[],10.0,10.0,1,10.0,0,0.00959291599998835
aco_current,10,7745,81,16,3,0.0,0.0,0.0,0.0,0.43936213850975037,False,False,0.0,0.0,0.0,[],10.0,10.0,1,10.0,0,0.00959291599998835
aco_current,10,7745,81,16,4,0.0,0.0,0.0,0.0,0.20313307642936707,False,False,0.0,0.0,0.0,[],10.0,10.0,1,10.0,0,0.00959291599998835
aco_current,10,7746,81,16,1,8.0,134.0,142.0,0.71,0.9495074152946472,False,False,0.0,142.0,0.0,[],0.0,0.0,0,0.0,0,3.4589999984291353e-06
aco_current,10,7746,81,16,2,0.0,0.0,0.0,0.0,0.09907747060060501,False,False,0.0,0.0,0.0,[],0.0,0.0,0,0.0,0,3.4589999984291353e-06
aco_current,10,7746,81,16,3,0.0,0.0,0.0,0.0,0.43936213850975037,False,False,0.0,0.0,0.0,[],0.0,0.0,0,0.0,0,3.4589999984291353e-06
aco_current,10,7746,81,16,4,0.0,0.0,0.0,0.0,0.20313307642936707,False,False,0.0,0.0,0.0,[],0.0,0.0,0,0.0,0,3.4589999984291353e-06
aco_current,10,7747,81,16,1,7.0,142.0,149.0,0.745,0.9642361402511597,False,False,0.0,149.0,0.0,[],0.0,0.0,0,0.0,0,2.4170000045842244e-06
aco_current,10,7747,81,16,2,0.0,0.0,0.0,0.0,0.09907747060060501,False,False,0.0,0.0,0.0,[],0.0,0.0,0,0.0,0,2.4170000045842244e-06
aco_current,10,7747,81,16,3,0.0,0.0,0.0,0.0,0.43936213850975037,False,False,0.0,0.0,0.0,[],0.0,0.0,0,0.0,0,2.4170000045842244e-06
aco_current,10,7747,81,16,4,0.0,0.0,0.0,0.0,0.20313307642936707,False,False,0.0,0.0,0.0,[],0.0,0.0,0,0.0,0,2.4170000045842244e-06
aco_current,10,7748,81,17,1,8.0,149.0,157.0,0.785,0.9930093884468079,False,False,0.0,157.0,0.0,[],0.0,0.0,0,0.0,0,2.916999989110991e-06
aco_current,10,7748,81,17,2,0.0,0.0,0.0,0.0,0.09907747060060501,False,False,0.0,0.0,0.0,[],0.0,0.0,0,0.0,0,2.916999989110991e-06
aco_current,10,7748,81,17,3,0.0,0.0,0.0,0.0,0.43936213850975037,False,False,0.0,0.0,0.0,[],0.0,0.0,0,0.0,0,2.916999989110991e-06
aco_current,10,7748,81,17,4,0.0,0.0,0.0,0.0,0.20313307642936707,False,False,0.0,0.0,0.0,[],0.0,0.0,0,0.0,0,2.916999989110991e-06
aco_current,10,7749,81,17,1,7.0,157.0,164.0,0.82,0.998183012008667,True,True,30.0,134.0,0.0,[1],10.0,10.0,1,10.0,0,0.009704541999994376
aco_current,10,7749,81,17,2,0.0,0.0,0.0,0.0,0.09907747060060501,False,False,0.0,0.0,0.0,[],10.0,10.0,1,10.0,0,0.009704541999994376
aco_current,10,7749,81,17,3,0.0,0.0,0.0,0.0,0.43936213850975037,False,False,0.0,0.0,0.0,[],10.0,10.0,1,10.0,0,0.009704541999994376
aco_current,10,7749,81,17,4,0.0,0.0,0.0,0.0,0.20313307642936707,False,False,0.0,0.0,0.0,[],10.0,10.0,1,10.0,0,0.009704541999994376
aco_current,10,7750,81,17,1,8.0,134.0,142.0,0.71,0.9495074152946472,False,False,0.0,142.0,0.0,[],0.0,0.0,0,0.0,0,2.5410000006331757e-06
aco_current,10,7750,81,17,2,0.0,0.0,0.0,0.0,0.09907747060060501,False,False,0.0,0.0,0.0,[],0.0,0.0,0,0.0,0,2.5410000006331757e-06
aco_current,10,7750,81,17,3,0.0,0.0,0.0,0.0,0.43936213850975037,False,False,0.0,0.0,0.0,[],0.0,0.0,0,0.0,0,2.5410000006331757e-06
aco_current,10,7750,81,17,4,0.0,0.0,0.0,0.0,0.20313307642936707,False,False,0.0,0.0,0.0,[],0.0,0.0,0,0.0,0,2.5410000006331757e-06
aco_current,10,7751,81,17,1,7.0,142.0,149.0,0.745,0.9642361402511597,False,False,0.0,149.0,0.0,[],0.0,0.0,0,0.0,0,2.5000000078989615e-06
aco_current,10,7751,81,17,2,0.0,0.0,0.0,0.0,0.09907747060060501,False,False,0.0,0.0,0.0,[],0.0,0.0,0,0.0,0,2.5000000078989615e-06
aco_current,10,7751,81,17,3,0.0,0.0,0.0,0.0,0.43936213850975037,False,False,0.0,0.0,0.0,[],0.0,0.0,0,0.0,0,2.5000000078989615e-06
aco_current,10,7751,81,17,4,0.0,0.0,0.0,0.0,0.20313307642936707,False,False,0.0,0.0,0.0,[],0.0,0.0,0,0.0,0,2.5000000078989615e-06
aco_current,10,7752,81,18,1,8.0,149.0,157.0,0.785,0.9930093884468079,False,False,0.0,157.0,0.0,[],0.0,0.0,0,0.0,0,2.1250000088457455e-06
aco_current,10,7752,81,18,2,0.0,0.0,0.0,0.0,0.09907747060060501,False,False,0.0,0.0,0.0,[],0.0,0.0,0,0.0,0,2.1250000088457455e-06
aco_current,10,7752,81,18,3,0.0,0.0,0.0,0.0,0.43936213850975037,False,False,0.0,0.0,0.0,[],0.0,0.0,0,0.0,0,2.1250000088457455e-06
aco_current,10,7752,81,18,4,0.0,0.0,0.0,0.0,0.20313307642936707,False,False,0.0,0.0,0.0,[],0.0,0.0,0,0.0,0,2.1250000088457455e-06
aco_current,10,7753,81,18,1,7.0,157.0,164.0,0.82,0.998183012008667,True,True,30.0,134.0,0.0,[1],10.0,10.0,1,10.0,0,0.00967129200000727
aco_current,10,7753,81,18,2,0.0,0.0,0.0,0.0,0.09907747060060501,False,False,0.0,0.0,0.0,[],10.0,10.0,1,10.0,0,0.00967129200000727
aco_current,10,7753,81,18,3,0.0,0.0,0.0,0.0,0.43936213850975037,False,False,0.0,0.0,0.0,[],10.0,10.0,1,10.0,0,0.00967129200000727
aco_current,10,7753,81,18,4,0.0,0.0,0.0,0.0,0.20313307642936707,False,False,0.0,0.0,0.0,[],10.0,10.0,1,10.0,0,0.00967129200000727
aco_current,10,7754,81,18,1,3.0,134.0,137.0,0.685,0.4246194660663605,False,False,0.0,137.0,0.0,[],0.0,0.0,0,0.0,0,2.4160000009487703e-06
aco_current,10,7754,81,18,2,0.0,0.0,0.0,0.0,0.09907747060060501,False,False,0.0,0.0,0.0,[],0.0,0.0,0,0.0,0,2.4160000009487703e-06
aco_current,10,7754,81,18,3,0.0,0.0,0.0,0.0,0.43936213850975037,False,False,0.0,0.0,0.0,[],0.0,0.0,0,0.0,0,2.4160000009487703e-06
aco_current,10,7754,81,18,4,0.0,0.0,0.0,0.0,0.20313307642936707,False,False,0.0,0.0,0.0,[],0.0,0.0,0,0.0,0,2.4160000009487703e-06
aco_current,10,7755,81,18,1,0.0,137.0,137.0,0.685,0.22215011715888977,False,False,0.0,137.0,0.0,[],0.0,0.0,0,0.0,0,2.207999997949628e-06
aco_current,10,7755,81,18,2,0.0,0.0,0.0,0.0,0.09907747060060501,False,False,0.0,0.0,0.0,[],0.0,0.0,0,0.0,0,2.207999997949628e-06
aco_current,10,7755,81,18,3,0.0,0.0,0.0,0.0,0.43936213850975037,False,False,0.0,0.0,0.0,[],0.0,0.0,0,0.0,0,2.207999997949628e-06
aco_current,10,7755,81,18,4,0.0,0.0,0.0,0.0,0.20313307642936707,False,False,0.0,0.0,0.0,[],0.0,0.0,0,0.0,0,2.207999997949628e-06
aco_current,10,7756,81,19,1,0.0,137.0,137.0,0.685,0.2990666329860687,False,False,0.0,137.0,0.0,[],0.0,0.0,0,0.0,0,1.9999999949504854e-06
aco_current,10,7756,81,19,2,0.0,0.0,0.0,0.0,0.09907747060060501,False,False,0.0,0.0,0.0,[],0.0,0.0,0,0.0,0,1.9999999949504854e-06
aco_current,10,7756,81,19,3,0.0,0.0,0.0,0.0,0.43936213850975037,False,False,0.0,0.0,0.0,[],0.0,0.0,0,0.0,0,1.9999999949504854e-06
aco_current,10,7756,81,19,4,0.0,0.0,0.0,0.0,0.20313307642936707,False,False,0.0,0.0,0.0,[],0.0,0.0,0,0.0,0,1.9999999949504854e-06
aco_current,10,7757,81,19,1,0.0,137.0,137.0,0.685,0.3724746108055115,False,False,0.0,137.0,0.0,[],0.0,0.0,0,0.0,0,2.624999993372512e-06
aco_current,10,7757,81,19,2,0.0,0.0,0.0,0.0,0.09907747060060501,False,False,0.0,0.0,0.0,[],0.0,0.0,0,0.0,0,2.624999993372512e-06
aco_current,10,7757,81,19,3,0.0,0.0,0.0,0.0,0.43936213850975037,False,False,0.0,0.0,0.0,[],0.0,0.0,0,0.0,0,2.624999993372512e-06
aco_current,10,7757,81,19,4,0.0,0.0,0.0,0.0,0.20313307642936707,False,False,0.0,0.0,0.0,[],0.0,0.0,0,0.0,0,2.624999993372512e-06
aco_current,10,7758,81,19,1,0.0,137.0,137.0,0.685,0.3868671953678131,False,False,0.0,137.0,0.0,[],0.0,0.0,0,0.0,0,2.0840000019006766e-06
aco_current,10,7758,81,19,2,0.0,0.0,0.0,0.0,0.09907747060060501,False,False,0.0,0.0,0.0,[],0.0,0.0,0,0.0,0,2.0840000019006766e-06
aco_current,10,7758,81,19,3,0.0,0.0,0.0,0.0,0.43936213850975037,False,False,0.0,0.0,0.0,[],0.0,0.0,0,0.0,0,2.0840000019006766e-06
aco_current,10,7758,81,19,4,0.0,0.0,0.0,0.0,0.20313307642936707,False,False,0.0,0.0,0.0,[],0.0,0.0,0,0.0,0,2.0840000019006766e-06
aco_current,10,7759,81,19,1,0.0,137.0,137.0,0.685,0.3868671953678131,False,False,0.0,137.0,0.0,[],0.0,0.0,0,0.0,0,1.9590000022162712e-06
aco_current,10,7759,81,19,2,0.0,0.0,0.0,0.0,0.09907747060060501,False,False,0.0,0.0,0.0,[],0.0,0.0,0,0.0,0,1.9590000022162712e-06
aco_current,10,7759,81,19,3,0.0,0.0,0.0,0.0,0.43936213850975037,False,False,0.0,0.0,0.0,[],0.0,0.0,0,0.0,0,1.9590000022162712e-06
aco_current,10,7759,81,19,4,0.0,0.0,0.0,0.0,0.20313307642936707,False,False,0.0,0.0,0.0,[],0.0,0.0,0,0.0,0,1.9590000022162712e-06
aco_current,10,7760,81,20,1,0.0,137.0,137.0,0.685,0.3868671953678131,False,False,0.0,137.0,0.0,[],0.0,0.0,0,0.0,0,2.249999994319296e-06
aco_current,10,7760,81,20,2,0.0,0.0,0.0,0.0,0.09907747060060501,False,False,0.0,0.0,0.0,[],0.0,0.0,0,0.0,0,2.249999994319296e-06
aco_current,10,7760,81,20,3,0.0,0.0,0.0,0.0,0.43936213850975037,False,False,0.0,0.0,0.0,[],0.0,0.0,0,0.0,0,2.249999994319296e-06
aco_current,10,7760,81,20,4,0.0,0.0,0.0,0.0,0.20313307642936707,False,False,0.0,0.0,0.0,[],0.0,0.0,0,0.0,0,2.249999994319296e-06
aco_current,10,7761,81,20,1,0.0,137.0,137.0,0.685,0.3868671953678131,False,False,0.0,137.0,0.0,[],0.0,0.0,0,0.0,0,1.957999998580817e-06
aco_current,10,7761,81,20,2,0.0,0.0,0.0,0.0,0.09907747060060501,False,False,0.0,0.0,0.0,[],0.0,0.0,0,0.0,0,1.957999998580817e-06
aco_current,10,7761,81,20,3,0.0,0.0,0.0,0.0,0.43936213850975037,False,False,0.0,0.0,0.0,[],0.0,0.0,0,0.0,0,1.957999998580817e-06
aco_current,10,7761,81,20,4,0.0,0.0,0.0,0.0,0.20313307642936707,False,False,0.0,0.0,0.0,[],0.0,0.0,0,0.0,0,1.957999998580817e-06
aco_current,10,7762,81,20,1,0.0,137.0,137.0,0.685,0.3868671953678131,False,False,0.0,137.0,0.0,[],0.0,0.0,0,0.0,0,2.291000001264365e-06
aco_current,10,7762,81,20,2,0.0,0.0,0.0,0.0,0.09907747060060501,False,False,0.0,0.0,0.0,[],0.0,0.0,0,0.0,0,2.291000001264365e-06
aco_current,10,7762,81,20,3,0.0,0.0,0.0,0.0,0.43936213850975037,False,False,0.0,0.0,0.0,[],0.0,0.0,0,0.0,0,2.291000001264365e-06
aco_current,10,7762,81,20,4,0.0,0.0,0.0,0.0,0.20313307642936707,False,False,0.0,0.0,0.0,[],0.0,0.0,0,0.0,0,2.291000001264365e-06
aco_current,10,7763,81,20,1,0.0,137.0,137.0,0.685,0.3868671953678131,False,False,0.0,137.0,0.0,[],0.0,0.0,0,0.0,0,2.0420000055310084e-06
aco_current,10,7763,81,20,2,0.0,0.0,0.0,0.0,0.09907747060060501,False,False,0.0,0.0,0.0,[],0.0,0.0,0,0.0,0,2.0420000055310084e-06
aco_current,10,7763,81,20,3,0.0,0.0,0.0,0.0,0.43936213850975037,False,False,0.0,0.0,0.0,[],0.0,0.0,0,0.0,0,2.0420000055310084e-06
aco_current,10,7763,81,20,4,0.0,0.0,0.0,0.0,0.20313307642936707,False,False,0.0,0.0,0.0,[],0.0,0.0,0,0.0,0,2.0420000055310084e-06
aco_current,10,7764,81,21,1,0.0,137.0,137.0,0.685,0.3868671953678131,False,False,0.0,137.0,0.0,[],0.0,0.0,0,0.0,0,1.7499999955816747e-06
aco_current,10,7764,81,21,2,0.0,0.0,0.0,0.0,0.09907747060060501,False,False,0.0,0.0,0.0,[],0.0,0.0,0,0.0,0,1.7499999955816747e-06
aco_current,10,7764,81,21,3,0.0,0.0,0.0,0.0,0.43936213850975037,False,False,0.0,0.0,0.0,[],0.0,0.0,0,0.0,0,1.7499999955816747e-06
aco_current,10,7764,81,21,4,0.0,0.0,0.0,0.0,0.20313307642936707,False,False,0.0,0.0,0.0,[],0.0,0.0,0,0.0,0,1.7499999955816747e-06
aco_current,10,7765,81,21,1,0.0,137.0,137.0,0.685,0.3868671953678131,False,False,0.0,137.0,0.0,[],0.0,0.0,0,0.0,0,2.332999997634033e-06
aco_current,10,7765,81,21,2,0.0,0.0,0.0,0.0,0.09907747060060501,False,False,0.0,0.0,0.0,[],0.0,0.0,0,0.0,0,2.332999997634033e-06
aco_current,10,7765,81,21,3,0.0,0.0,0.0,0.0,0.43936213850975037,False,False,0.0,0.0,0.0,[],0.0,0.0,0,0.0,0,2.332999997634033e-06
aco_current,10,7765,81,21,4,0.0,0.0,0.0,0.0,0.20313307642936707,False,False,0.0,0.0,0.0,[],0.0,0.0,0,0.0,0,2.332999997634033e-06
aco_current,10,7766,81,21,1,0.0,137.0,137.0,0.685,0.3868671953678131,False,False,0.0,137.0,0.0,[],0.0,0.0,0,0.0,0,1.7910000025267436e-06
aco_current,10,7766,81,21,2,0.0,0.0,0.0,0.0,0.09907747060060501,False,False,0.0,0.0,0.0,[],0.0,0.0,0,0.0,0,1.7910000025267436e-06
aco_current,10,7766,81,21,3,0.0,0.0,0.0,0.0,0.43936213850975037,False,False,0.0,0.0,0.0,[],0.0,0.0,0,0.0,0,1.7910000025267436e-06
aco_current,10,7766,81,21,4,0.0,0.0,0.0,0.0,0.20313307642936707,False,False,0.0,0.0,0.0,[],0.0,0.0,0,0.0,0,1.7910000025267436e-06
aco_current,10,7767,81,21,1,0.0,137.0,137.0,0.685,0.3868671953678131,False,False,0.0,137.0,0.0,[],0.0,0.0,0,0.0,0,1.7920000061621977e-06
aco_current,10,7767,81,21,2,0.0,0.0,0.0,0.0,0.09907747060060501,False,False,0.0,0.0,0.0,[],0.0,0.0,0,0.0,0,1.7920000061621977e-06
aco_current,10,7767,81,21,3,0.0,0.0,0.0,0.0,0.43936213850975037,False,False,0.0,0.0,0.0,[],0.0,0.0,0,0.0,0,1.7920000061621977e-06
aco_current,10,7767,81,21,4,0.0,0.0,0.0,0.0,0.20313307642936707,False,False,0.0,0.0,0.0,[],0.0,0.0,0,0.0,0,1.7920000061621977e-06
aco_current,10,7768,81,22,1,0.0,137.0,137.0,0.685,0.3868671953678131,False,False,0.0,137.0,0.0,[],0.0,0.0,0,0.0,0,2.207999997949628e-06
aco_current,10,7768,81,22,2,0.0,0.0,0.0,0.0,0.09907747060060501,False,False,0.0,0.0,0.0,[],0.0,0.0,0,0.0,0,2.207999997949628e-06
aco_current,10,7768,81,22,3,0.0,0.0,0.0,0.0,0.43936213850975037,False,False,0.0,0.0,0.0,[],0.0,0.0,0,0.0,0,2.207999997949628e-06
aco_current,10,7768,81,22,4,0.0,0.0,0.0,0.0,0.20313307642936707,False,False,0.0,0.0,0.0,[],0.0,0.0,0,0.0,0,2.207999997949628e-06
aco_current,10,7769,81,22,1,0.0,137.0,137.0,0.685,0.3868671953678131,False,False,0.0,137.0,0.0,[],0.0,0.0,0,0.0,0,1.957999998580817e-06
aco_current,10,7769,81,22,2,0.0,0.0,0.0,0.0,0.09907747060060501,False,False,0.0,0.0,0.0,[],0.0,0.0,0,0.0,0,1.957999998580817e-06
aco_current,10,7769,81,22,3,0.0,0.0,0.0,0.0,0.43936213850975037,False,False,0.0,0.0,0.0,[],0.0,0.0,0,0.0,0,1.957999998580817e-06
aco_current,10,7769,81,22,4,0.0,0.0,0.0,0.0,0.20313307642936707,False,False,0.0,0.0,0.0,[],0.0,0.0,0,0.0,0,1.957999998580817e-06
aco_current,10,7770,81,22,1,0.0,137.0,137.0,0.685,0.3868671953678131,False,False,0.0,137.0,0.0,[],0.0,0.0,0,0.0,0,2.5000000078989615e-06
aco_current,10,7770,81,22,2,0.0,0.0,0.0,0.0,0.09907747060060501,False,False,0.0,0.0,0.0,[],0.0,0.0,0,0.0,0,2.5000000078989615e-06
aco_current,10,7770,81,22,3,0.0,0.0,0.0,0.0,0.43936213850975037,False,False,0.0,0.0,0.0,[],0.0,0.0,0,0.0,0,2.5000000078989615e-06
aco_current,10,7770,81,22,4,0.0,0.0,0.0,0.0,0.20313307642936707,False,False,0.0,0.0,0.0,[],0.0,0.0,0,0.0,0,2.5000000078989615e-06
aco_current,10,7771,81,22,1,0.0,137.0,137.0,0.685,0.3868671953678131,False,False,0.0,137.0,0.0,[],0.0,0.0,0,0.0,0,1.87499999526608e-06
aco_current,10,7771,81,22,2,0.0,0.0,0.0,0.0,0.09907747060060501,False,False,0.0,0.0,0.0,[],0.0,0.0,0,0.0,0,1.87499999526608e-06
aco_current,10,7771,81,22,3,0.0,0.0,0.0,0.0,0.43936213850975037,False,False,0.0,0.0,0.0,[],0.0,0.0,0,0.0,0,1.87499999526608e-06
aco_current,10,7771,81,22,4,0.0,0.0,0.0,0.0,0.20313307642936707,False,False,0.0,0.0,0.0,[],0.0,0.0,0,0.0,0,1.87499999526608e-06
aco_current,10,7772,81,23,1,0.0,137.0,137.0,0.685,0.3868671953678131,False,False,0.0,137.0,0.0,[],0.0,0.0,0,0.0,0,1.7079999992120065e-06
aco_current,10,7772,81,23,2,0.0,0.0,0.0,0.0,0.09907747060060501,False,False,0.0,0.0,0.0,[],0.0,0.0,0,0.0,0,1.7079999992120065e-06
aco_current,10,7772,81,23,3,0.0,0.0,0.0,0.0,0.43936213850975037,False,False,0.0,0.0,0.0,[],0.0,0.0,0,0.0,0,1.7079999992120065e-06
aco_current,10,7772,81,23,4,0.0,0.0,0.0,0.0,0.20313307642936707,False,False,0.0,0.0,0.0,[],0.0,0.0,0,0.0,0,1.7079999992120065e-06
aco_current,10,7773,81,23,1,0.0,137.0,137.0,0.685,0.3868671953678131,False,False,0.0,137.0,0.0,[],0.0,0.0,0,0.0,0,2.5420000042686297e-06
aco_current,10,7773,81,23,2,0.0,0.0,0.0,0.0,0.09907747060060501,False,False,0.0,0.0,0.0,[],0.0,0.0,0,0.0,0,2.5420000042686297e-06
aco_current,10,7773,81,23,3,0.0,0.0,0.0,0.0,0.43936213850975037,False,False,0.0,0.0,0.0,[],0.0,0.0,0,0.0,0,2.5420000042686297e-06
aco_current,10,7773,81,23,4,0.0,0.0,0.0,0.0,0.20313307642936707,False,False,0.0,0.0,0.0,[],0.0,0.0,0,0.0,0,2.5420000042686297e-06
aco_current,10,7774,81,23,1,0.0,137.0,137.0,0.685,0.3868671953678131,False,False,0.0,137.0,0.0,[],0.0,0.0,0,0.0,0,1.87499999526608e-06
aco_current,10,7774,81,23,2,0.0,0.0,0.0,0.0,0.09907747060060501,False,False,0.0,0.0,0.0,[],0.0,0.0,0,0.0,0,1.87499999526608e-06
aco_current,10,7774,81,23,3,0.0,0.0,0.0,0.0,0.43936213850975037,False,False,0.0,0.0,0.0,[],0.0,0.0,0,0.0,0,1.87499999526608e-06
aco_current,10,7774,81,23,4,0.0,0.0,0.0,0.0,0.20313307642936707,False,False,0.0,0.0,0.0,[],0.0,0.0,0,0.0,0,1.87499999526608e-06
aco_current,10,7775,81,23,1,0.0,137.0,137.0,0.685,0.3868671953678131,False,False,0.0,137.0,0.0,[],0.0,0.0,0,0.0,0,1.9999999949504854e-06
aco_current,10,7775,81,23,2,0.0,0.0,0.0,0.0,0.09907747060060501,False,False,0.0,0.0,0.0,[],0.0,0.0,0,0.0,0,1.9999999949504854e-06
aco_current,10,7775,81,23,3,0.0,0.0,0.0,0.0,0.43936213850975037,False,False,0.0,0.0,0.0,[],0.0,0.0,0,0.0,0,1.9999999949504854e-06
aco_current,10,7775,81,23,4,0.0,0.0,0.0,0.0,0.20313307642936707,False,False,0.0,0.0,0.0,[],0.0,0.0,0,0.0,0,1.9999999949504854e-06
aco_current,10,7776,82,0,1,42.0,137.0,179.0,0.895,1.0,True,True,30.0,149.0,0.0,[1],10.0,10.0,1,10.0,0,0.009773416000001589
aco_current,10,7776,82,0,2,0.0,0.0,0.0,0.0,0.09907747060060501,False,False,0.0,0.0,0.0,[],10.0,10.0,1,10.0,0,0.009773416000001589
aco_current,10,7776,82,0,3,0.0,0.0,0.0,0.0,0.43936213850975037,False,False,0.0,0.0,0.0,[],10.0,10.0,1,10.0,0,0.009773416000001589
aco_current,10,7776,82,0,4,0.0,0.0,0.0,0.0,0.20313307642936707,False,False,0.0,0.0,0.0,[],10.0,10.0,1,10.0,0,0.009773416000001589
aco_current,10,7777,82,0,1,37.0,149.0,186.0,0.93,1.0,True,True,30.0,156.0,0.0,[1],10.0,10.0,1,10.0,0,0.01006537500001059
aco_current,10,7777,82,0,2,0.0,0.0,0.0,0.0,0.09907747060060501,False,False,0.0,0.0,0.0,[],10.0,10.0,1,10.0,0,0.01006537500001059
aco_current,10,7777,82,0,3,0.0,0.0,0.0,0.0,0.43936213850975037,False,False,0.0,0.0,0.0,[],10.0,10.0,1,10.0,0,0.01006537500001059
aco_current,10,7777,82,0,4,0.0,0.0,0.0,0.0,0.20313307642936707,False,False,0.0,0.0,0.0,[],10.0,10.0,1,10.0,0,0.01006537500001059
aco_current,10,7778,82,0,1,37.0,156.0,193.0,0.965,1.0,True,True,30.0,163.0,0.0,[1],10.0,10.0,1,10.0,0,0.009772583000000168
aco_current,10,7778,82,0,2,0.0,0.0,0.0,0.0,0.09907747060060501,False,False,0.0,0.0,0.0,[],10.0,10.0,1,10.0,0,0.009772583000000168
aco_current,10,7778,82,0,3,0.0,0.0,0.0,0.0,0.43936213850975037,False,False,0.0,0.0,0.0,[],10.0,10.0,1,10.0,0,0.009772583000000168
aco_current,10,7778,82,0,4,0.0,0.0,0.0,0.0,0.20313307642936707,False,False,0.0,0.0,0.0,[],10.0,10.0,1,10.0,0,0.009772583000000168
aco_current,10,7779,82,0,1,39.0,163.0,202.0,1.01,1.0,True,True,30.0,172.0,0.0,[1],10.0,10.0,1,10.0,0,0.009348125000002483
aco_current,10,7779,82,0,2,0.0,0.0,0.0,0.0,0.09907747060060501,False,False,0.0,0.0,0.0,[],10.0,10.0,1,10.0,0,0.009348125000002483
aco_current,10,7779,82,0,3,0.0,0.0,0.0,0.0,0.43936213850975037,False,False,0.0,0.0,0.0,[],10.0,10.0,1,10.0,0,0.009348125000002483
aco_current,10,7779,82,0,4,0.0,0.0,0.0,0.0,0.20313307642936707,False,False,0.0,0.0,0.0,[],10.0,10.0,1,10.0,0,0.009348125000002483
aco_current,10,7780,82,1,1,48.0,172.0,220.0,1.1,1.0,True,True,30.0,190.0,0.0,[1],10.0,10.0,1,10.0,0,0.009281458000003795
aco_current,10,7780,82,1,2,0.0,0.0,0.0,0.0,0.09907747060060501,False,False,0.0,0.0,0.0,[],10.0,10.0,1,10.0,0,0.009281458000003795
aco_current,10,7780,82,1,3,0.0,0.0,0.0,0.0,0.43936213850975037,False,False,0.0,0.0,0.0,[],10.0,10.0,1,10.0,0,0.009281458000003795
aco_current,10,7780,82,1,4,0.0,0.0,0.0,0.0,0.20313307642936707,False,False,0.0,0.0,0.0,[],10.0,10.0,1,10.0,0,0.009281458000003795
aco_current,10,7781,82,1,1,44.0,190.0,234.0,1.17,1.0,True,True,30.0,200.0,4.0,[1],10.0,10.0,1,10.0,0,0.009610707999996748
aco_current,10,7781,82,1,2,0.0,0.0,0.0,0.0,0.09907747060060501,False,False,0.0,0.0,0.0,[],10.0,10.0,1,10.0,0,0.009610707999996748
aco_current,10,7781,82,1,3,0.0,0.0,0.0,0.0,0.43936213850975037,False,False,0.0,0.0,0.0,[],10.0,10.0,1,10.0,0,0.009610707999996748
aco_current,10,7781,82,1,4,0.0,0.0,0.0,0.0,0.20313307642936707,False,False,0.0,0.0,0.0,[],10.0,10.0,1,10.0,0,0.009610707999996748
aco_current,10,7782,82,1,1,43.0,200.0,243.0,1.215,1.0,True,True,30.0,200.0,13.0,[1],10.0,10.0,1,10.0,0,0.009615457999998966
aco_current,10,7782,82,1,2,0.0,0.0,0.0,0.0,0.09907747060060501,False,False,0.0,0.0,0.0,[],10.0,10.0,1,10.0,0,0.009615457999998966
aco_current,10,7782,82,1,3,0.0,0.0,0.0,0.0,0.43936213850975037,False,False,0.0,0.0,0.0,[],10.0,10.0,1,10.0,0,0.009615457999998966
aco_current,10,7782,82,1,4,0.0,0.0,0.0,0.0,0.20313307642936707,False,False,0.0,0.0,0.0,[],10.0,10.0,1,10.0,0,0.009615457999998966
aco_current,10,7783,82,1,1,41.0,200.0,241.0,1.205,1.0,True,True,30.0,200.0,11.0,[1],10.0,10.0,1,10.0,0,0.009445999999996957
aco_current,10,7783,82,1,2,0.0,0.0,0.0,0.0,0.09907747060060501,False,False,0.0,0.0,0.0,[],10.0,10.0,1,10.0,0,0.009445999999996957
aco_current,10,7783,82,1,3,0.0,0.0,0.0,0.0,0.43936213850975037,False,False,0.0,0.0,0.0,[],10.0,10.0,1,10.0,0,0.009445999999996957
aco_current,10,7783,82,1,4,0.0,0.0,0.0,0.0,0.20313307642936707,False,False,0.0,0.0,0.0,[],10.0,10.0,1,10.0,0,0.009445999999996957
aco_current,10,7784,82,2,1,39.0,200.0,239.0,1.195,1.0,True,True,30.0,200.0,9.0,[1],10.0,10.0,1,10.0,0,0.009590709000008246
aco_current,10,7784,82,2,2,0.0,0.0,0.0,0.0,0.09907747060060501,False,False,0.0,0.0,0.0,[],10.0,10.0,1,10.0,0,0.009590709000008246
aco_current,10,7784,82,2,3,0.0,0.0,0.0,0.0,0.43936213850975037,False,False,0.0,0.0,0.0,[],10.0,10.0,1,10.0,0,0.009590709000008246
aco_current,10,7784,82,2,4,0.0,0.0,0.0,0.0,0.20313307642936707,False,False,0.0,0.0,0.0,[],10.0,10.0,1,10.0,0,0.009590709000008246
aco_current,10,7785,82,2,1,41.0,200.0,241.0,1.205,1.0,True,True,30.0,200.0,11.0,[1],10.0,10.0,1,10.0,0,0.00948875000000271
aco_current,10,7785,82,2,2,0.0,0.0,0.0,0.0,0.09907747060060501,False,False,0.0,0.0,0.0,[],10.0,10.0,1,10.0,0,0.00948875000000271
aco_current,10,7785,82,2,3,0.0,0.0,0.0,0.0,0.43936213850975037,False,False,0.0,0.0,0.0,[],10.0,10.0,1,10.0,0,0.00948875000000271
aco_current,10,7785,82,2,4,0.0,0.0,0.0,0.0,0.20313307642936707,False,False,0.0,0.0,0.0,[],10.0,10.0,1,10.0,0,0.00948875000000271
aco_current,10,7786,82,2,1,41.0,200.0,241.0,1.205,1.0,True,True,30.0,200.0,11.0,[1],10.0,10.0,1,10.0,0,0.009530041000004985
aco_current,10,7786,82,2,2,0.0,0.0,0.0,0.0,0.09907747060060501,False,False,0.0,0.0,0.0,[],10.0,10.0,1,10.0,0,0.009530041000004985
aco_current,10,7786,82,2,3,0.0,0.0,0.0,0.0,0.43936213850975037,False,False,0.0,0.0,0.0,[],10.0,10.0,1,10.0,0,0.009530041000004985
aco_current,10,7786,82,2,4,0.0,0.0,0.0,0.0,0.20313307642936707,False,False,0.0,0.0,0.0,[],10.0,10.0,1,10.0,0,0.009530041000004985
aco_current,10,7787,82,2,1,40.0,200.0,240.0,1.2,1.0,True,True,30.0,200.0,10.0,[1],10.0,10.0,1,10.0,0,0.009600167000002102
aco_current,10,7787,82,2,2,0.0,0.0,0.0,0.0,0.09907747060060501,False,False,0.0,0.0,0.0,[],10.0,10.0,1,10.0,0,0.009600167000002102
aco_current,10,7787,82,2,3,0.0,0.0,0.0,0.0,0.43936213850975037,False,False,0.0,0.0,0.0,[],10.0,10.0,1,10.0,0,0.009600167000002102
aco_current,10,7787,82,2,4,0.0,0.0,0.0,0.0,0.20313307642936707,False,False,0.0,0.0,0.0,[],10.0,10.0,1,10.0,0,0.009600167000002102
aco_current,10,7788,82,3,1,41.0,200.0,241.0,1.205,1.0,True,True,30.0,200.0,11.0,[1],10.0,10.0,1,10.0,0,0.00979725000000542
aco_current,10,7788,82,3,2,0.0,0.0,0.0,0.0,0.09907747060060501,False,False,0.0,0.0,0.0,[],10.0,10.0,1,10.0,0,0.00979725000000542
aco_current,10,7788,82,3,3,0.0,0.0,0.0,0.0,0.43936213850975037,False,False,0.0,0.0,0.0,[],10.0,10.0,1,10.0,0,0.00979725000000542
aco_current,10,7788,82,3,4,0.0,0.0,0.0,0.0,0.20313307642936707,False,False,0.0,0.0,0.0,[],10.0,10.0,1,10.0,0,0.00979725000000542
aco_current,10,7789,82,3,1,40.0,200.0,240.0,1.2,1.0,True,True,30.0,200.0,10.0,[1],10.0,10.0,1,10.0,0,0.01071104199999695
aco_current,10,7789,82,3,2,0.0,0.0,0.0,0.0,0.09907747060060501,False,False,0.0,0.0,0.0,[],10.0,10.0,1,10.0,0,0.01071104199999695
aco_current,10,7789,82,3,3,0.0,0.0,0.0,0.0,0.43936213850975037,False,False,0.0,0.0,0.0,[],10.0,10.0,1,10.0,0,0.01071104199999695
aco_current,10,7789,82,3,4,0.0,0.0,0.0,0.0,0.20313307642936707,False,False,0.0,0.0,0.0,[],10.0,10.0,1,10.0,0,0.01071104199999695
aco_current,10,7790,82,3,1,42.0,200.0,242.0,1.21,1.0,True,True,30.0,200.0,12.0,[1],10.0,10.0,1,10.0,0,0.009594750000005092
aco_current,10,7790,82,3,2,0.0,0.0,0.0,0.0,0.09907747060060501,False,False,0.0,0.0,0.0,[],10.0,10.0,1,10.0,0,0.009594750000005092
aco_current,10,7790,82,3,3,0.0,0.0,0.0,0.0,0.43936213850975037,False,False,0.0,0.0,0.0,[],10.0,10.0,1,10.0,0,0.009594750000005092
aco_current,10,7790,82,3,4,0.0,0.0,0.0,0.0,0.20313307642936707,False,False,0.0,0.0,0.0,[],10.0,10.0,1,10.0,0,0.009594750000005092
aco_current,10,7791,82,3,1,43.0,200.0,243.0,1.215,1.0,True,True,30.0,200.0,13.0,[1],10.0,10.0,1,10.0,0,0.009715749999998025
aco_current,10,7791,82,3,2,0.0,0.0,0.0,0.0,0.09907747060060501,False,False,0.0,0.0,0.0,[],10.0,10.0,1,10.0,0,0.009715749999998025
aco_current,10,7791,82,3,3,0.0,0.0,0.0,0.0,0.43936213850975037,False,False,0.0,0.0,0.0,[],10.0,10.0,1,10.0,0,0.009715749999998025
aco_current,10,7791,82,3,4,0.0,0.0,0.0,0.0,0.20313307642936707,False,False,0.0,0.0,0.0,[],10.0,10.0,1,10.0,0,0.009715749999998025
aco_current,10,7792,82,4,1,44.0,200.0,244.0,1.22,1.0,True,True,30.0,200.0,14.0,[1],10.0,10.0,1,10.0,0,0.009658500000000458
aco_current,10,7792,82,4,2,0.0,0.0,0.0,0.0,0.09907747060060501,False,False,0.0,0.0,0.0,[],10.0,10.0,1,10.0,0,0.009658500000000458
aco_current,10,7792,82,4,3,0.0,0.0,0.0,0.0,0.43936213850975037,False,False,0.0,0.0,0.0,[],10.0,10.0,1,10.0,0,0.009658500000000458
aco_current,10,7792,82,4,4,0.0,0.0,0.0,0.0,0.20313307642936707,False,False,0.0,0.0,0.0,[],10.0,10.0,1,10.0,0,0.009658500000000458
aco_current,10,7793,82,4,1,44.0,200.0,244.0,1.22,1.0,True,True,30.0,200.0,14.0,[1],10.0,10.0,1,10.0,0,0.00966441599999257
aco_current,10,7793,82,4,2,0.0,0.0,0.0,0.0,0.09907747060060501,False,False,0.0,0.0,0.0,[],10.0,10.0,1,10.0,0,0.00966441599999257
aco_current,10,7793,82,4,3,0.0,0.0,0.0,0.0,0.43936213850975037,False,False,0.0,0.0,0.0,[],10.0,10.0,1,10.0,0,0.00966441599999257
aco_current,10,7793,82,4,4,0.0,0.0,0.0,0.0,0.20313307642936707,False,False,0.0,0.0,0.0,[],10.0,10.0,1,10.0,0,0.00966441599999257
aco_current,10,7794,82,4,1,43.0,200.0,243.0,1.215,1.0,True,True,30.0,200.0,13.0,[1],10.0,10.0,1,10.0,0,0.009563999999997463
aco_current,10,7794,82,4,2,0.0,0.0,0.0,0.0,0.09907747060060501,False,False,0.0,0.0,0.0,[],10.0,10.0,1,10.0,0,0.009563999999997463
aco_current,10,7794,82,4,3,0.0,0.0,0.0,0.0,0.43936213850975037,False,False,0.0,0.0,0.0,[],10.0,10.0,1,10.0,0,0.009563999999997463
aco_current,10,7794,82,4,4,0.0,0.0,0.0,0.0,0.20313307642936707,False,False,0.0,0.0,0.0,[],10.0,10.0,1,10.0,0,0.009563999999997463
aco_current,10,7795,82,4,1,41.0,200.0,241.0,1.205,1.0,True,True,30.0,200.0,11.0,[1],10.0,10.0,1,10.0,0,0.009421165999995651
aco_current,10,7795,82,4,2,0.0,0.0,0.0,0.0,0.09907747060060501,False,False,0.0,0.0,0.0,[],10.0,10.0,1,10.0,0,0.009421165999995651
aco_current,10,7795,82,4,3,0.0,0.0,0.0,0.0,0.43936213850975037,False,False,0.0,0.0,0.0,[],10.0,10.0,1,10.0,0,0.009421165999995651
aco_current,10,7795,82,4,4,0.0,0.0,0.0,0.0,0.20313307642936707,False,False,0.0,0.0,0.0,[],10.0,10.0,1,10.0,0,0.009421165999995651
aco_current,10,7796,82,5,1,42.0,200.0,242.0,1.21,1.0,True,True,30.0,200.0,12.0,[1],10.0,10.0,1,10.0,0,0.009655124999994769
aco_current,10,7796,82,5,2,0.0,0.0,0.0,0.0,0.09907747060060501,False,False,0.0,0.0,0.0,[],10.0,10.0,1,10.0,0,0.009655124999994769
aco_current,10,7796,82,5,3,0.0,0.0,0.0,0.0,0.43936213850975037,False,False,0.0,0.0,0.0,[],10.0,10.0,1,10.0,0,0.009655124999994769
aco_current,10,7796,82,5,4,0.0,0.0,0.0,0.0,0.20313307642936707,False,False,0.0,0.0,0.0,[],10.0,10.0,1,10.0,0,0.009655124999994769
aco_current,10,7797,82,5,1,44.0,200.0,244.0,1.22,1.0,True,True,30.0,200.0,14.0,[1],10.0,10.0,1,10.0,0,0.009576208999988012
aco_current,10,7797,82,5,2,0.0,0.0,0.0,0.0,0.09907747060060501,False,False,0.0,0.0,0.0,[],10.0,10.0,1,10.0,0,0.009576208999988012
aco_current,10,7797,82,5,3,0.0,0.0,0.0,0.0,0.43936213850975037,False,False,0.0,0.0,0.0,[],10.0,10.0,1,10.0,0,0.009576208999988012
aco_current,10,7797,82,5,4,0.0,0.0,0.0,0.0,0.20313307642936707,False,False,0.0,0.0,0.0,[],10.0,10.0,1,10.0,0,0.009576208999988012
aco_current,10,7798,82,5,1,43.0,200.0,243.0,1.215,1.0,True,True,30.0,200.0,13.0,[1],10.0,10.0,1,10.0,0,0.009608624999998483
aco_current,10,7798,82,5,2,0.0,0.0,0.0,0.0,0.09907747060060501,False,False,0.0,0.0,0.0,[],10.0,10.0,1,10.0,0,0.009608624999998483
aco_current,10,7798,82,5,3,0.0,0.0,0.0,0.0,0.43936213850975037,False,False,0.0,0.0,0.0,[],10.0,10.0,1,10.0,0,0.009608624999998483
aco_current,10,7798,82,5,4,0.0,0.0,0.0,0.0,0.20313307642936707,False,False,0.0,0.0,0.0,[],10.0,10.0,1,10.0,0,0.009608624999998483
aco_current,10,7799,82,5,1,42.0,200.0,242.0,1.21,1.0,True,True,30.0,200.0,12.0,[1],10.0,10.0,1,10.0,0,0.009620917000006557
aco_current,10,7799,82,5,2,0.0,0.0,0.0,0.0,0.09907747060060501,False,False,0.0,0.0,0.0,[],10.0,10.0,1,10.0,0,0.009620917000006557
aco_current,10,7799,82,5,3,0.0,0.0,0.0,0.0,0.43936213850975037,False,False,0.0,0.0,0.0,[],10.0,10.0,1,10.0,0,0.009620917000006557
aco_current,10,7799,82,5,4,0.0,0.0,0.0,0.0,0.20313307642936707,False,False,0.0,0.0,0.0,[],10.0,10.0,1,10.0,0,0.009620917000006557
aco_current,10,7800,82,6,1,43.0,200.0,243.0,1.215,1.0,True,True,30.0,200.0,13.0,[1],10.0,10.0,1,10.0,0,0.009467708000002517
aco_current,10,7800,82,6,2,0.0,0.0,0.0,0.0,0.09907747060060501,False,False,0.0,0.0,0.0,[],10.0,10.0,1,10.0,0,0.009467708000002517
aco_current,10,7800,82,6,3,0.0,0.0,0.0,0.0,0.43936213850975037,False,False,0.0,0.0,0.0,[],10.0,10.0,1,10.0,0,0.009467708000002517
aco_current,10,7800,82,6,4,0.0,0.0,0.0,0.0,0.20313307642936707,False,False,0.0,0.0,0.0,[],10.0,10.0,1,10.0,0,0.009467708000002517
aco_current,10,7801,82,6,1,42.0,200.0,242.0,1.21,1.0,True,True,30.0,200.0,12.0,[1],10.0,10.0,1,10.0,0,0.009641583999993486
aco_current,10,7801,82,6,2,0.0,0.0,0.0,0.0,0.09907747060060501,False,False,0.0,0.0,0.0,[],10.0,10.0,1,10.0,0,0.009641583999993486
aco_current,10,7801,82,6,3,0.0,0.0,0.0,0.0,0.43936213850975037,False,False,0.0,0.0,0.0,[],10.0,10.0,1,10.0,0,0.009641583999993486
aco_current,10,7801,82,6,4,0.0,0.0,0.0,0.0,0.20313307642936707,False,False,0.0,0.0,0.0,[],10.0,10.0,1,10.0,0,0.009641583999993486
aco_current,10,7802,82,6,1,44.0,200.0,244.0,1.22,1.0,True,True,30.0,200.0,14.0,[1],10.0,10.0,1,10.0,0,0.009514542000005122
aco_current,10,7802,82,6,2,0.0,0.0,0.0,0.0,0.09907747060060501,False,False,0.0,0.0,0.0,[],10.0,10.0,1,10.0,0,0.009514542000005122
aco_current,10,7802,82,6,3,0.0,0.0,0.0,0.0,0.43936213850975037,False,False,0.0,0.0,0.0,[],10.0,10.0,1,10.0,0,0.009514542000005122
aco_current,10,7802,82,6,4,0.0,0.0,0.0,0.0,0.20313307642936707,False,False,0.0,0.0,0.0,[],10.0,10.0,1,10.0,0,0.009514542000005122
aco_current,10,7803,82,6,1,43.0,200.0,243.0,1.215,1.0,True,True,30.0,200.0,13.0,[1],10.0,10.0,1,10.0,0,0.009647583000003124
aco_current,10,7803,82,6,2,0.0,0.0,0.0,0.0,0.09907747060060501,False,False,0.0,0.0,0.0,[],10.0,10.0,1,10.0,0,0.009647583000003124
aco_current,10,7803,82,6,3,0.0,0.0,0.0,0.0,0.43936213850975037,False,False,0.0,0.0,0.0,[],10.0,10.0,1,10.0,0,0.009647583000003124
aco_current,10,7803,82,6,4,0.0,0.0,0.0,0.0,0.20313307642936707,False,False,0.0,0.0,0.0,[],10.0,10.0,1,10.0,0,0.009647583000003124
aco_current,10,7804,82,7,1,41.0,200.0,241.0,1.205,1.0,True,True,30.0,200.0,11.0,[1],10.0,10.0,1,10.0,0,0.009756416999991302
aco_current,10,7804,82,7,2,0.0,0.0,0.0,0.0,0.09907747060060501,False,False,0.0,0.0,0.0,[],10.0,10.0,1,10.0,0,0.009756416999991302
aco_current,10,7804,82,7,3,0.0,0.0,0.0,0.0,0.43936213850975037,False,False,0.0,0.0,0.0,[],10.0,10.0,1,10.0,0,0.009756416999991302
aco_current,10,7804,82,7,4,0.0,0.0,0.0,0.0,0.20313307642936707,False,False,0.0,0.0,0.0,[],10.0,10.0,1,10.0,0,0.009756416999991302
aco_current,10,7805,82,7,1,42.0,200.0,242.0,1.21,1.0,True,True,30.0,200.0,12.0,[1],10.0,10.0,1,10.0,0,0.009665458000000626
aco_current,10,7805,82,7,2,0.0,0.0,0.0,0.0,0.09907747060060501,False,False,0.0,0.0,0.0,[],10.0,10.0,1,10.0,0,0.009665458000000626
aco_current,10,7805,82,7,3,0.0,0.0,0.0,0.0,0.43936213850975037,False,False,0.0,0.0,0.0,[],10.0,10.0,1,10.0,0,0.009665458000000626
aco_current,10,7805,82,7,4,0.0,0.0,0.0,0.0,0.20313307642936707,False,False,0.0,0.0,0.0,[],10.0,10.0,1,10.0,0,0.009665458000000626
aco_current,10,7806,82,7,1,41.0,200.0,241.0,1.205,1.0,True,True,30.0,200.0,11.0,[1],10.0,10.0,1,10.0,0,0.009733499999995843
aco_current,10,7806,82,7,2,0.0,0.0,0.0,0.0,0.09907747060060501,False,False,0.0,0.0,0.0,[],10.0,10.0,1,10.0,0,0.009733499999995843
aco_current,10,7806,82,7,3,0.0,0.0,0.0,0.0,0.43936213850975037,False,False,0.0,0.0,0.0,[],10.0,10.0,1,10.0,0,0.009733499999995843
aco_current,10,7806,82,7,4,0.0,0.0,0.0,0.0,0.20313307642936707,False,False,0.0,0.0,0.0,[],10.0,10.0,1,10.0,0,0.009733499999995843
aco_current,10,7807,82,7,1,45.0,200.0,245.0,1.225,1.0,True,True,30.0,200.0,15.0,[1],10.0,10.0,1,10.0,0,0.00964833300000123
aco_current,10,7807,82,7,2,0.0,0.0,0.0,0.0,0.09907747060060501,False,False,0.0,0.0,0.0,[],10.0,10.0,1,10.0,0,0.00964833300000123
aco_current,10,7807,82,7,3,0.0,0.0,0.0,0.0,0.43936213850975037,False,False,0.0,0.0,0.0,[],10.0,10.0,1,10.0,0,0.00964833300000123
aco_current,10,7807,82,7,4,0.0,0.0,0.0,0.0,0.20313307642936707,False,False,0.0,0.0,0.0,[],10.0,10.0,1,10.0,0,0.00964833300000123
aco_current,10,7808,82,8,1,46.0,200.0,246.0,1.23,1.0,True,True,30.0,200.0,16.0,[1],10.0,10.0,1,10.0,0,0.009621666000001028
aco_current,10,7808,82,8,2,0.0,0.0,0.0,0.0,0.09907747060060501,False,False,0.0,0.0,0.0,[],10.0,10.0,1,10.0,0,0.009621666000001028
aco_current,10,7808,82,8,3,0.0,0.0,0.0,0.0,0.43936213850975037,False,False,0.0,0.0,0.0,[],10.0,10.0,1,10.0,0,0.009621666000001028
aco_current,10,7808,82,8,4,0.0,0.0,0.0,0.0,0.20313307642936707,False,False,0.0,0.0,0.0,[],10.0,10.0,1,10.0,0,0.009621666000001028
aco_current,10,7809,82,8,1,43.0,200.0,243.0,1.215,1.0,True,True,30.0,200.0,13.0,[1],10.0,10.0,1,10.0,0,0.009707457999994062
aco_current,10,7809,82,8,2,0.0,0.0,0.0,0.0,0.09907747060060501,False,False,0.0,0.0,0.0,[],10.0,10.0,1,10.0,0,0.009707457999994062
aco_current,10,7809,82,8,3,0.0,0.0,0.0,0.0,0.43936213850975037,False,False,0.0,0.0,0.0,[],10.0,10.0,1,10.0,0,0.009707457999994062
aco_current,10,7809,82,8,4,0.0,0.0,0.0,0.0,0.20313307642936707,False,False,0.0,0.0,0.0,[],10.0,10.0,1,10.0,0,0.009707457999994062
aco_current,10,7810,82,8,1,40.0,200.0,240.0,1.2,1.0,True,True,30.0,200.0,10.0,[1],10.0,10.0,1,10.0,0,0.00951704199999881
aco_current,10,7810,82,8,2,0.0,0.0,0.0,0.0,0.09907747060060501,False,False,0.0,0.0,0.0,[],10.0,10.0,1,10.0,0,0.00951704199999881
aco_current,10,7810,82,8,3,0.0,0.0,0.0,0.0,0.43936213850975037,False,False,0.0,0.0,0.0,[],10.0,10.0,1,10.0,0,0.00951704199999881
aco_current,10,7810,82,8,4,0.0,0.0,0.0,0.0,0.20313307642936707,False,False,0.0,0.0,0.0,[],10.0,10.0,1,10.0,0,0.00951704199999881
aco_current,10,7811,82,8,1,41.0,200.0,241.0,1.205,1.0,True,True,30.0,200.0,11.0,[1],10.0,10.0,1,10.0,0,0.009568874999999366
aco_current,10,7811,82,8,2,0.0,0.0,0.0,0.0,0.09907747060060501,False,False,0.0,0.0,0.0,[],10.0,10.0,1,10.0,0,0.009568874999999366
aco_current,10,7811,82,8,3,0.0,0.0,0.0,0.0,0.43936213850975037,False,False,0.0,0.0,0.0,[],10.0,10.0,1,10.0,0,0.009568874999999366
aco_current,10,7811,82,8,4,0.0,0.0,0.0,0.0,0.20313307642936707,False,False,0.0,0.0,0.0,[],10.0,10.0,1,10.0,0,0.009568874999999366
aco_current,10,7812,82,9,1,40.0,200.0,240.0,1.2,1.0,True,True,30.0,200.0,10.0,[1],10.0,10.0,1,10.0,0,0.009647040999993806
aco_current,10,7812,82,9,2,0.0,0.0,0.0,0.0,0.09907747060060501,False,False,0.0,0.0,0.0,[],10.0,10.0,1,10.0,0,0.009647040999993806
aco_current,10,7812,82,9,3,0.0,0.0,0.0,0.0,0.43936213850975037,False,False,0.0,0.0,0.0,[],10.0,10.0,1,10.0,0,0.009647040999993806
aco_current,10,7812,82,9,4,0.0,0.0,0.0,0.0,0.20313307642936707,False,False,0.0,0.0,0.0,[],10.0,10.0,1,10.0,0,0.009647040999993806
aco_current,10,7813,82,9,1,41.0,200.0,241.0,1.205,1.0,True,True,30.0,200.0,11.0,[1],10.0,10.0,1,10.0,0,0.009517458999994233
aco_current,10,7813,82,9,2,0.0,0.0,0.0,0.0,0.09907747060060501,False,False,0.0,0.0,0.0,[],10.0,10.0,1,10.0,0,0.009517458999994233
aco_current,10,7813,82,9,3,0.0,0.0,0.0,0.0,0.43936213850975037,False,False,0.0,0.0,0.0,[],10.0,10.0,1,10.0,0,0.009517458999994233
aco_current,10,7813,82,9,4,0.0,0.0,0.0,0.0,0.20313307642936707,False,False,0.0,0.0,0.0,[],10.0,10.0,1,10.0,0,0.009517458999994233
aco_current,10,7814,82,9,1,41.0,200.0,241.0,1.205,1.0,True,True,30.0,200.0,11.0,[1],10.0,10.0,1,10.0,0,0.009548416000001225
aco_current,10,7814,82,9,2,0.0,0.0,0.0,0.0,0.09907747060060501,False,False,0.0,0.0,0.0,[],10.0,10.0,1,10.0,0,0.009548416000001225
aco_current,10,7814,82,9,3,0.0,0.0,0.0,0.0,0.43936213850975037,False,False,0.0,0.0,0.0,[],10.0,10.0,1,10.0,0,0.009548416000001225
aco_current,10,7814,82,9,4,0.0,0.0,0.0,0.0,0.20313307642936707,False,False,0.0,0.0,0.0,[],10.0,10.0,1,10.0,0,0.009548416000001225
aco_current,10,7815,82,9,1,41.0,200.0,241.0,1.205,1.0,True,True,30.0,200.0,11.0,[1],10.0,10.0,1,10.0,0,0.009407834000001003
aco_current,10,7815,82,9,2,0.0,0.0,0.0,0.0,0.09907747060060501,False,False,0.0,0.0,0.0,[],10.0,10.0,1,10.0,0,0.009407834000001003
aco_current,10,7815,82,9,3,0.0,0.0,0.0,0.0,0.43936213850975037,False,False,0.0,0.0,0.0,[],10.0,10.0,1,10.0,0,0.009407834000001003
aco_current,10,7815,82,9,4,0.0,0.0,0.0,0.0,0.20313307642936707,False,False,0.0,0.0,0.0,[],10.0,10.0,1,10.0,0,0.009407834000001003
aco_current,10,7816,82,10,1,41.0,200.0,241.0,1.205,1.0,True,True,30.0,200.0,11.0,[1],10.0,10.0,1,10.0,0,0.009456167000010396
aco_current,10,7816,82,10,2,0.0,0.0,0.0,0.0,0.09907747060060501,False,False,0.0,0.0,0.0,[],10.0,10.0,1,10.0,0,0.009456167000010396
aco_current,10,7816,82,10,3,0.0,0.0,0.0,0.0,0.43936213850975037,False,False,0.0,0.0,0.0,[],10.0,10.0,1,10.0,0,0.009456167000010396
aco_current,10,7816,82,10,4,0.0,0.0,0.0,0.0,0.20313307642936707,False,False,0.0,0.0,0.0,[],10.0,10.0,1,10.0,0,0.009456167000010396
aco_current,10,7817,82,10,1,41.0,200.0,241.0,1.205,1.0,True,True,30.0,200.0,11.0,[1],10.0,10.0,1,10.0,0,0.009275375000001418
aco_current,10,7817,82,10,2,0.0,0.0,0.0,0.0,0.09907747060060501,False,False,0.0,0.0,0.0,[],10.0,10.0,1,10.0,0,0.009275375000001418
aco_current,10,7817,82,10,3,0.0,0.0,0.0,0.0,0.43936213850975037,False,False,0.0,0.0,0.0,[],10.0,10.0,1,10.0,0,0.009275375000001418
aco_current,10,7817,82,10,4,0.0,0.0,0.0,0.0,0.20313307642936707,False,False,0.0,0.0,0.0,[],10.0,10.0,1,10.0,0,0.009275375000001418
aco_current,10,7818,82,10,1,41.0,200.0,241.0,1.205,1.0,True,True,30.0,200.0,11.0,[1],10.0,10.0,1,10.0,0,0.009453833000009126
aco_current,10,7818,82,10,2,0.0,0.0,0.0,0.0,0.09907747060060501,False,False,0.0,0.0,0.0,[],10.0,10.0,1,10.0,0,0.009453833000009126
aco_current,10,7818,82,10,3,0.0,0.0,0.0,0.0,0.43936213850975037,False,False,0.0,0.0,0.0,[],10.0,10.0,1,10.0,0,0.009453833000009126
aco_current,10,7818,82,10,4,0.0,0.0,0.0,0.0,0.20313307642936707,False,False,0.0,0.0,0.0,[],10.0,10.0,1,10.0,0,0.009453833000009126
aco_current,10,7819,82,10,1,43.0,200.0,243.0,1.215,1.0,True,True,30.0,200.0,13.0,[1],10.0,10.0,1,10.0,0,0.009571540999999684
aco_current,10,7819,82,10,2,0.0,0.0,0.0,0.0,0.09907747060060501,False,False,0.0,0.0,0.0,[],10.0,10.0,1,10.0,0,0.009571540999999684
aco_current,10,7819,82,10,3,0.0,0.0,0.0,0.0,0.43936213850975037,False,False,0.0,0.0,0.0,[],10.0,10.0,1,10.0,0,0.009571540999999684
aco_current,10,7819,82,10,4,0.0,0.0,0.0,0.0,0.20313307642936707,False,False,0.0,0.0,0.0,[],10.0,10.0,1,10.0,0,0.009571540999999684
aco_current,10,7820,82,11,1,40.0,200.0,240.0,1.2,1.0,True,True,30.0,200.0,10.0,[1],10.0,10.0,1,10.0,0,0.009608541000005744
aco_current,10,7820,82,11,2,0.0,0.0,0.0,0.0,0.09907747060060501,False,False,0.0,0.0,0.0,[],10.0,10.0,1,10.0,0,0.009608541000005744
aco_current,10,7820,82,11,3,0.0,0.0,0.0,0.0,0.43936213850975037,False,False,0.0,0.0,0.0,[],10.0,10.0,1,10.0,0,0.009608541000005744
aco_current,10,7820,82,11,4,0.0,0.0,0.0,0.0,0.20313307642936707,False,False,0.0,0.0,0.0,[],10.0,10.0,1,10.0,0,0.009608541000005744
aco_current,10,7821,82,11,1,41.0,200.0,241.0,1.205,1.0,True,True,30.0,200.0,11.0,[1],10.0,10.0,1,10.0,0,0.009602375000000052
aco_current,10,7821,82,11,2,0.0,0.0,0.0,0.0,0.09907747060060501,False,False,0.0,0.0,0.0,[],10.0,10.0,1,10.0,0,0.009602375000000052
aco_current,10,7821,82,11,3,0.0,0.0,0.0,0.0,0.43936213850975037,False,False,0.0,0.0,0.0,[],10.0,10.0,1,10.0,0,0.009602375000000052
aco_current,10,7821,82,11,4,0.0,0.0,0.0,0.0,0.20313307642936707,False,False,0.0,0.0,0.0,[],10.0,10.0,1,10.0,0,0.009602375000000052
aco_current,10,7822,82,11,1,40.0,200.0,240.0,1.2,1.0,True,True,30.0,200.0,10.0,[1],10.0,10.0,1,10.0,0,0.009814208999998186
aco_current,10,7822,82,11,2,0.0,0.0,0.0,0.0,0.09907747060060501,False,False,0.0,0.0,0.0,[],10.0,10.0,1,10.0,0,0.009814208999998186
aco_current,10,7822,82,11,3,0.0,0.0,0.0,0.0,0.43936213850975037,False,False,0.0,0.0,0.0,[],10.0,10.0,1,10.0,0,0.009814208999998186
aco_current,10,7822,82,11,4,0.0,0.0,0.0,0.0,0.20313307642936707,False,False,0.0,0.0,0.0,[],10.0,10.0,1,10.0,0,0.009814208999998186
aco_current,10,7823,82,11,1,41.0,200.0,241.0,1.205,1.0,True,True,30.0,200.0,11.0,[1],10.0,10.0,1,10.0,0,0.009487124999992602
aco_current,10,7823,82,11,2,0.0,0.0,0.0,0.0,0.09907747060060501,False,False,0.0,0.0,0.0,[],10.0,10.0,1,10.0,0,0.009487124999992602
aco_current,10,7823,82,11,3,0.0,0.0,0.0,0.0,0.43936213850975037,False,False,0.0,0.0,0.0,[],10.0,10.0,1,10.0,0,0.009487124999992602
aco_current,10,7823,82,11,4,0.0,0.0,0.0,0.0,0.20313307642936707,False,False,0.0,0.0,0.0,[],10.0,10.0,1,10.0,0,0.009487124999992602
aco_current,10,7824,82,12,1,37.0,200.0,237.0,1.185,1.0,True,True,30.0,200.0,7.0,[1],10.0,10.0,1,10.0,0,0.00960912499999722
aco_current,10,7824,82,12,2,0.0,0.0,0.0,0.0,0.09907747060060501,False,False,0.0,0.0,0.0,[],10.0,10.0,1,10.0,0,0.00960912499999722
aco_current,10,7824,82,12,3,0.0,0.0,0.0,0.0,0.43936213850975037,False,False,0.0,0.0,0.0,[],10.0,10.0,1,10.0,0,0.00960912499999722
aco_current,10,7824,82,12,4,0.0,0.0,0.0,0.0,0.20313307642936707,False,False,0.0,0.0,0.0,[],10.0,10.0,1,10.0,0,0.00960912499999722
aco_current,10,7825,82,12,1,32.0,200.0,232.0,1.16,1.0,True,True,30.0,200.0,2.0,[1],10.0,10.0,1,10.0,0,0.009534000000002152
aco_current,10,7825,82,12,2,0.0,0.0,0.0,0.0,0.09907747060060501,False,False,0.0,0.0,0.0,[],10.0,10.0,1,10.0,0,0.009534000000002152
aco_current,10,7825,82,12,3,0.0,0.0,0.0,0.0,0.43936213850975037,False,False,0.0,0.0,0.0,[],10.0,10.0,1,10.0,0,0.009534000000002152
aco_current,10,7825,82,12,4,0.0,0.0,0.0,0.0,0.20313307642936707,False,False,0.0,0.0,0.0,[],10.0,10.0,1,10.0,0,0.009534000000002152
aco_current,10,7826,82,12,1,32.0,200.0,232.0,1.16,1.0,True,True,30.0,200.0,2.0,[1],10.0,10.0,1,10.0,0,0.00947462499999574
aco_current,10,7826,82,12,2,0.0,0.0,0.0,0.0,0.09907747060060501,False,False,0.0,0.0,0.0,[],10.0,10.0,1,10.0,0,0.00947462499999574
aco_current,10,7826,82,12,3,0.0,0.0,0.0,0.0,0.43936213850975037,False,False,0.0,0.0,0.0,[],10.0,10.0,1,10.0,0,0.00947462499999574
aco_current,10,7826,82,12,4,0.0,0.0,0.0,0.0,0.20313307642936707,False,False,0.0,0.0,0.0,[],10.0,10.0,1,10.0,0,0.00947462499999574
aco_current,10,7827,82,12,1,32.0,200.0,232.0,1.16,1.0,True,True,30.0,200.0,2.0,[1],10.0,10.0,1,10.0,0,0.00963087499999915
aco_current,10,7827,82,12,2,0.0,0.0,0.0,0.0,0.09907747060060501,False,False,0.0,0.0,0.0,[],10.0,10.0,1,10.0,0,0.00963087499999915
aco_current,10,7827,82,12,3,0.0,0.0,0.0,0.0,0.43936213850975037,False,False,0.0,0.0,0.0,[],10.0,10.0,1,10.0,0,0.00963087499999915
aco_current,10,7827,82,12,4,0.0,0.0,0.0,0.0,0.20313307642936707,False,False,0.0,0.0,0.0,[],10.0,10.0,1,10.0,0,0.00963087499999915
aco_current,10,7828,82,13,1,29.0,200.0,229.0,1.145,1.0,True,True,30.0,199.0,0.0,[1],10.0,10.0,1,10.0,0,0.00959525000000383
aco_current,10,7828,82,13,2,0.0,0.0,0.0,0.0,0.09907747060060501,False,False,0.0,0.0,0.0,[],10.0,10.0,1,10.0,0,0.00959525000000383
aco_current,10,7828,82,13,3,0.0,0.0,0.0,0.0,0.43936213850975037,False,False,0.0,0.0,0.0,[],10.0,10.0,1,10.0,0,0.00959525000000383
aco_current,10,7828,82,13,4,0.0,0.0,0.0,0.0,0.20313307642936707,False,False,0.0,0.0,0.0,[],10.0,10.0,1,10.0,0,0.00959525000000383
aco_current,10,7829,82,13,1,16.0,199.0,215.0,1.075,1.0,True,True,30.0,185.0,0.0,[1],10.0,10.0,1,10.0,0,0.009534125000001836
aco_current,10,7829,82,13,2,0.0,0.0,0.0,0.0,0.09907747060060501,False,False,0.0,0.0,0.0,[],10.0,10.0,1,10.0,0,0.009534125000001836
aco_current,10,7829,82,13,3,0.0,0.0,0.0,0.0,0.43936213850975037,False,False,0.0,0.0,0.0,[],10.0,10.0,1,10.0,0,0.009534125000001836
aco_current,10,7829,82,13,4,0.0,0.0,0.0,0.0,0.20313307642936707,False,False,0.0,0.0,0.0,[],10.0,10.0,1,10.0,0,0.009534125000001836
aco_current,10,7830,82,13,1,18.0,185.0,203.0,1.015,1.0,True,True,30.0,173.0,0.0,[1],10.0,10.0,1,10.0,0,0.009422208000003707
aco_current,10,7830,82,13,2,0.0,0.0,0.0,0.0,0.09907747060060501,False,False,0.0,0.0,0.0,[],10.0,10.0,1,10.0,0,0.009422208000003707
aco_current,10,7830,82,13,3,0.0,0.0,0.0,0.0,0.43936213850975037,False,False,0.0,0.0,0.0,[],10.0,10.0,1,10.0,0,0.009422208000003707
aco_current,10,7830,82,13,4,0.0,0.0,0.0,0.0,0.20313307642936707,False,False,0.0,0.0,0.0,[],10.0,10.0,1,10.0,0,0.009422208000003707
aco_current,10,7831,82,13,1,17.0,173.0,190.0,0.95,0.9999999403953552,True,True,30.0,160.0,0.0,[1],10.0,10.0,1,10.0,0,0.009488042000000974
aco_current,10,7831,82,13,2,0.0,0.0,0.0,0.0,0.09907747060060501,False,False,0.0,0.0,0.0,[],10.0,10.0,1,10.0,0,0.009488042000000974
aco_current,10,7831,82,13,3,0.0,0.0,0.0,0.0,0.43936213850975037,False,False,0.0,0.0,0.0,[],10.0,10.0,1,10.0,0,0.009488042000000974
aco_current,10,7831,82,13,4,0.0,0.0,0.0,0.0,0.20313307642936707,False,False,0.0,0.0,0.0,[],10.0,10.0,1,10.0,0,0.009488042000000974
aco_current,10,7832,82,14,1,18.0,160.0,178.0,0.89,0.999998927116394,True,True,30.0,148.0,0.0,[1],10.0,10.0,1,10.0,0,0.009553207999999813
aco_current,10,7832,82,14,2,0.0,0.0,0.0,0.0,0.09907747060060501,False,False,0.0,0.0,0.0,[],10.0,10.0,1,10.0,0,0.009553207999999813
aco_current,10,7832,82,14,3,0.0,0.0,0.0,0.0,0.43936213850975037,False,False,0.0,0.0,0.0,[],10.0,10.0,1,10.0,0,0.009553207999999813
aco_current,10,7832,82,14,4,0.0,0.0,0.0,0.0,0.20313307642936707,False,False,0.0,0.0,0.0,[],10.0,10.0,1,10.0,0,0.009553207999999813
aco_current,10,7833,82,14,1,17.0,148.0,165.0,0.825,0.9999538660049438,True,True,30.0,135.0,0.0,[1],10.0,10.0,1,10.0,0,0.009614417000008757
aco_current,10,7833,82,14,2,0.0,0.0,0.0,0.0,0.09907747060060501,False,False,0.0,0.0,0.0,[],10.0,10.0,1,10.0,0,0.009614417000008757
aco_current,10,7833,82,14,3,0.0,0.0,0.0,0.0,0.43936213850975037,False,False,0.0,0.0,0.0,[],10.0,10.0,1,10.0,0,0.009614417000008757
aco_current,10,7833,82,14,4,0.0,0.0,0.0,0.0,0.20313307642936707,False,False,0.0,0.0,0.0,[],10.0,10.0,1,10.0,0,0.009614417000008757
aco_current,10,7834,82,14,1,18.0,135.0,153.0,0.765,0.9994409680366516,False,False,0.0,153.0,0.0,[],0.0,0.0,0,0.0,0,2.9170000033218457e-06
aco_current,10,7834,82,14,2,0.0,0.0,0.0,0.0,0.09907747060060501,False,False,0.0,0.0,0.0,[],0.0,0.0,0,0.0,0,2.9170000033218457e-06
aco_current,10,7834,82,14,3,0.0,0.0,0.0,0.0,0.43936213850975037,False,False,0.0,0.0,0.0,[],0.0,0.0,0,0.0,0,2.9170000033218457e-06
aco_current,10,7834,82,14,4,0.0,0.0,0.0,0.0,0.20313307642936707,False,False,0.0,0.0,0.0,[],0.0,0.0,0,0.0,0,2.9170000033218457e-06
aco_current,10,7835,82,14,1,16.0,153.0,169.0,0.845,0.9999766945838928,True,True,30.0,139.0,0.0,[1],10.0,10.0,1,10.0,0,0.009620459000004189
aco_current,10,7835,82,14,2,0.0,0.0,0.0,0.0,0.09907747060060501,False,False,0.0,0.0,0.0,[],10.0,10.0,1,10.0,0,0.009620459000004189
aco_current,10,7835,82,14,3,0.0,0.0,0.0,0.0,0.43936213850975037,False,False,0.0,0.0,0.0,[],10.0,10.0,1,10.0,0,0.009620459000004189
aco_current,10,7835,82,14,4,0.0,0.0,0.0,0.0,0.20313307642936707,False,False,0.0,0.0,0.0,[],10.0,10.0,1,10.0,0,0.009620459000004189
aco_current,10,7836,82,15,1,18.0,139.0,157.0,0.785,0.999759316444397,False,False,0.0,157.0,0.0,[],0.0,0.0,0,0.0,0,3.1670000026906564e-06
aco_current,10,7836,82,15,2,0.0,0.0,0.0,0.0,0.09907747060060501,False,False,0.0,0.0,0.0,[],0.0,0.0,0,0.0,0,3.1670000026906564e-06
aco_current,10,7836,82,15,3,0.0,0.0,0.0,0.0,0.43936213850975037,False,False,0.0,0.0,0.0,[],0.0,0.0,0,0.0,0,3.1670000026906564e-06
aco_current,10,7836,82,15,4,0.0,0.0,0.0,0.0,0.20313307642936707,False,False,0.0,0.0,0.0,[],0.0,0.0,0,0.0,0,3.1670000026906564e-06
aco_current,10,7837,82,15,1,17.0,157.0,174.0,0.87,0.9999955296516418,True,True,30.0,144.0,0.0,[1],10.0,10.0,1,10.0,0,0.009650041999989867
aco_current,10,7837,82,15,2,0.0,0.0,0.0,0.0,0.09907747060060501,False,False,0.0,0.0,0.0,[],10.0,10.0,1,10.0,0,0.009650041999989867
aco_current,10,7837,82,15,3,0.0,0.0,0.0,0.0,0.43936213850975037,False,False,0.0,0.0,0.0,[],10.0,10.0,1,10.0,0,0.009650041999989867
aco_current,10,7837,82,15,4,0.0,0.0,0.0,0.0,0.20313307642936707,False,False,0.0,0.0,0.0,[],10.0,10.0,1,10.0,0,0.009650041999989867
aco_current,10,7838,82,15,1,18.0,144.0,162.0,0.81,0.9999291300773621,True,True,30.0,132.0,0.0,[1],10.0,10.0,1,10.0,0,0.00960604200000148
aco_current,10,7838,82,15,2,0.0,0.0,0.0,0.0,0.09907747060060501,False,False,0.0,0.0,0.0,[],10.0,10.0,1,10.0,0,0.00960604200000148
aco_current,10,7838,82,15,3,0.0,0.0,0.0,0.0,0.43936213850975037,False,False,0.0,0.0,0.0,[],10.0,10.0,1,10.0,0,0.00960604200000148
aco_current,10,7838,82,15,4,0.0,0.0,0.0,0.0,0.20313307642936707,False,False,0.0,0.0,0.0,[],10.0,10.0,1,10.0,0,0.00960604200000148
aco_current,10,7839,82,15,1,17.0,132.0,149.0,0.745,0.9986388087272644,False,False,0.0,149.0,0.0,[],0.0,0.0,0,0.0,0,3.2089999990603246e-06
aco_current,10,7839,82,15,2,0.0,0.0,0.0,0.0,0.09907747060060501,False,False,0.0,0.0,0.0,[],0.0,0.0,0,0.0,0,3.2089999990603246e-06
aco_current,10,7839,82,15,3,0.0,0.0,0.0,0.0,0.43936213850975037,False,False,0.0,0.0,0.0,[],0.0,0.0,0,0.0,0,3.2089999990603246e-06
aco_current,10,7839,82,15,4,0.0,0.0,0.0,0.0,0.20313307642936707,False,False,0.0,0.0,0.0,[],0.0,0.0,0,0.0,0,3.2089999990603246e-06
aco_current,10,7840,82,16,1,18.0,149.0,167.0,0.835,0.9999805688858032,True,True,30.0,137.0,0.0,[1],10.0,10.0,1,10.0,0,0.009805917000008435
aco_current,10,7840,82,16,2,0.0,0.0,0.0,0.0,0.09907747060060501,False,False,0.0,0.0,0.0,[],10.0,10.0,1,10.0,0,0.009805917000008435
aco_current,10,7840,82,16,3,0.0,0.0,0.0,0.0,0.43936213850975037,False,False,0.0,0.0,0.0,[],10.0,10.0,1,10.0,0,0.009805917000008435
aco_current,10,7840,82,16,4,0.0,0.0,0.0,0.0,0.20313307642936707,False,False,0.0,0.0,0.0,[],10.0,10.0,1,10.0,0,0.009805917000008435
aco_current,10,7841,82,16,1,16.0,137.0,153.0,0.765,0.9988886713981628,False,False,0.0,153.0,0.0,[],0.0,0.0,0,0.0,0,2.750000007267772e-06
aco_current,10,7841,82,16,2,0.0,0.0,0.0,0.0,0.09907747060060501,False,False,0.0,0.0,0.0,[],0.0,0.0,0,0.0,0,2.750000007267772e-06
aco_current,10,7841,82,16,3,0.0,0.0,0.0,0.0,0.43936213850975037,False,False,0.0,0.0,0.0,[],0.0,0.0,0,0.0,0,2.750000007267772e-06
aco_current,10,7841,82,16,4,0.0,0.0,0.0,0.0,0.20313307642936707,False,False,0.0,0.0,0.0,[],0.0,0.0,0,0.0,0,2.750000007267772e-06
aco_current,10,7842,82,16,1,18.0,153.0,171.0,0.855,0.999993085861206,True,True,30.0,141.0,0.0,[1],10.0,10.0,1,10.0,0,0.00940195799999799
aco_current,10,7842,82,16,2,0.0,0.0,0.0,0.0,0.09907747060060501,False,False,0.0,0.0,0.0,[],10.0,10.0,1,10.0,0,0.00940195799999799
aco_current,10,7842,82,16,3,0.0,0.0,0.0,0.0,0.43936213850975037,False,False,0.0,0.0,0.0,[],10.0,10.0,1,10.0,0,0.00940195799999799
aco_current,10,7842,82,16,4,0.0,0.0,0.0,0.0,0.20313307642936707,False,False,0.0,0.0,0.0,[],10.0,10.0,1,10.0,0,0.00940195799999799
aco_current,10,7843,82,16,1,17.0,141.0,158.0,0.79,0.9997239112854004,False,False,0.0,158.0,0.0,[],0.0,0.0,0,0.0,0,3.624999990847755e-06
aco_current,10,7843,82,16,2,0.0,0.0,0.0,0.0,0.09907747060060501,False,False,0.0,0.0,0.0,[],0.0,0.0,0,0.0,0,3.624999990847755e-06
aco_current,10,7843,82,16,3,0.0,0.0,0.0,0.0,0.43936213850975037,False,False,0.0,0.0,0.0,[],0.0,0.0,0,0.0,0,3.624999990847755e-06
aco_current,10,7843,82,16,4,0.0,0.0,0.0,0.0,0.20313307642936707,False,False,0.0,0.0,0.0,[],0.0,0.0,0,0.0,0,3.624999990847755e-06
aco_current,10,7844,82,17,1,18.0,158.0,176.0,0.88,0.999998152256012,True,True,30.0,146.0,0.0,[1],10.0,10.0,1,10.0,0,0.009710541000004014
aco_current,10,7844,82,17,2,0.0,0.0,0.0,0.0,0.09907747060060501,False,False,0.0,0.0,0.0,[],10.0,10.0,1,10.0,0,0.009710541000004014
aco_current,10,7844,82,17,3,0.0,0.0,0.0,0.0,0.43936213850975037,False,False,0.0,0.0,0.0,[],10.0,10.0,1,10.0,0,0.009710541000004014
aco_current,10,7844,82,17,4,0.0,0.0,0.0,0.0,0.20313307642936707,False,False,0.0,0.0,0.0,[],10.0,10.0,1,10.0,0,0.009710541000004014
aco_current,10,7845,82,17,1,16.0,146.0,162.0,0.81,0.9998575448989868,True,True,30.0,132.0,0.0,[1],10.0,10.0,1,10.0,0,0.009724457999993774
aco_current,10,7845,82,17,2,0.0,0.0,0.0,0.0,0.09907747060060501,False,False,0.0,0.0,0.0,[],10.0,10.0,1,10.0,0,0.009724457999993774
aco_current,10,7845,82,17,3,0.0,0.0,0.0,0.0,0.43936213850975037,False,False,0.0,0.0,0.0,[],10.0,10.0,1,10.0,0,0.009724457999993774
aco_current,10,7845,82,17,4,0.0,0.0,0.0,0.0,0.20313307642936707,False,False,0.0,0.0,0.0,[],10.0,10.0,1,10.0,0,0.009724457999993774
aco_current,10,7846,82,17,1,7.0,132.0,139.0,0.695,0.8548738360404968,False,False,0.0,139.0,0.0,[],0.0,0.0,0,0.0,0,4.0000000041118255e-06
aco_current,10,7846,82,17,2,0.0,0.0,0.0,0.0,0.09907747060060501,False,False,0.0,0.0,0.0,[],0.0,0.0,0,0.0,0,4.0000000041118255e-06
aco_current,10,7846,82,17,3,0.0,0.0,0.0,0.0,0.43936213850975037,False,False,0.0,0.0,0.0,[],0.0,0.0,0,0.0,0,4.0000000041118255e-06
aco_current,10,7846,82,17,4,0.0,0.0,0.0,0.0,0.20313307642936707,False,False,0.0,0.0,0.0,[],0.0,0.0,0,0.0,0,4.0000000041118255e-06
aco_current,10,7847,82,17,1,8.0,139.0,147.0,0.735,0.9586326479911804,False,False,0.0,147.0,0.0,[],0.0,0.0,0,0.0,0,2.249999994319296e-06
aco_current,10,7847,82,17,2,0.0,0.0,0.0,0.0,0.09907747060060501,False,False,0.0,0.0,0.0,[],0.0,0.0,0,0.0,0,2.249999994319296e-06
aco_current,10,7847,82,17,3,0.0,0.0,0.0,0.0,0.43936213850975037,False,False,0.0,0.0,0.0,[],0.0,0.0,0,0.0,0,2.249999994319296e-06
aco_current,10,7847,82,17,4,0.0,0.0,0.0,0.0,0.20313307642936707,False,False,0.0,0.0,0.0,[],0.0,0.0,0,0.0,0,2.249999994319296e-06
aco_current,10,7848,82,18,1,8.0,147.0,155.0,0.775,0.9873545169830322,False,False,0.0,155.0,0.0,[],0.0,0.0,0,0.0,0,1.957999998580817e-06
aco_current,10,7848,82,18,2,0.0,0.0,0.0,0.0,0.09907747060060501,False,False,0.0,0.0,0.0,[],0.0,0.0,0,0.0,0,1.957999998580817e-06
aco_current,10,7848,82,18,3,0.0,0.0,0.0,0.0,0.43936213850975037,False,False,0.0,0.0,0.0,[],0.0,0.0,0,0.0,0,1.957999998580817e-06
aco_current,10,7848,82,18,4,0.0,0.0,0.0,0.0,0.20313307642936707,False,False,0.0,0.0,0.0,[],0.0,0.0,0,0.0,0,1.957999998580817e-06
aco_current,10,7849,82,18,1,8.0,155.0,163.0,0.815,0.9982759952545166,True,True,30.0,133.0,0.0,[1],10.0,10.0,1,10.0,0,0.009601082999992627
aco_current,10,7849,82,18,2,0.0,0.0,0.0,0.0,0.09907747060060501,False,False,0.0,0.0,0.0,[],10.0,10.0,1,10.0,0,0.009601082999992627
aco_current,10,7849,82,18,3,0.0,0.0,0.0,0.0,0.43936213850975037,False,False,0.0,0.0,0.0,[],10.0,10.0,1,10.0,0,0.009601082999992627
aco_current,10,7849,82,18,4,0.0,0.0,0.0,0.0,0.20313307642936707,False,False,0.0,0.0,0.0,[],10.0,10.0,1,10.0,0,0.009601082999992627
aco_current,10,7850,82,18,1,8.0,133.0,141.0,0.705,0.942298948764801,False,False,0.0,141.0,0.0,[],0.0,0.0,0,0.0,0,2.541999990057775e-06
aco_current,10,7850,82,18,2,0.0,0.0,0.0,0.0,0.09907747060060501,False,False,0.0,0.0,0.0,[],0.0,0.0,0,0.0,0,2.541999990057775e-06
aco_current,10,7850,82,18,3,0.0,0.0,0.0,0.0,0.43936213850975037,False,False,0.0,0.0,0.0,[],0.0,0.0,0,0.0,0,2.541999990057775e-06
aco_current,10,7850,82,18,4,0.0,0.0,0.0,0.0,0.20313307642936707,False,False,0.0,0.0,0.0,[],0.0,0.0,0,0.0,0,2.541999990057775e-06
aco_current,10,7851,82,18,1,8.0,141.0,149.0,0.745,0.9761515259742737,False,False,0.0,149.0,0.0,[],0.0,0.0,0,0.0,0,2.0829999982652225e-06
aco_current,10,7851,82,18,2,0.0,0.0,0.0,0.0,0.09907747060060501,False,False,0.0,0.0,0.0,[],0.0,0.0,0,0.0,0,2.0829999982652225e-06
aco_current,10,7851,82,18,3,0.0,0.0,0.0,0.0,0.43936213850975037,False,False,0.0,0.0,0.0,[],0.0,0.0,0,0.0,0,2.0829999982652225e-06
aco_current,10,7851,82,18,4,0.0,0.0,0.0,0.0,0.20313307642936707,False,False,0.0,0.0,0.0,[],0.0,0.0,0,0.0,0,2.0829999982652225e-06
aco_current,10,7852,82,19,1,7.0,149.0,156.0,0.78,0.987200915813446,False,False,0.0,156.0,0.0,[],0.0,0.0,0,0.0,0,2.4579999973184385e-06
aco_current,10,7852,82,19,2,0.0,0.0,0.0,0.0,0.09907747060060501,False,False,0.0,0.0,0.0,[],0.0,0.0,0,0.0,0,2.4579999973184385e-06
aco_current,10,7852,82,19,3,0.0,0.0,0.0,0.0,0.43936213850975037,False,False,0.0,0.0,0.0,[],0.0,0.0,0,0.0,0,2.4579999973184385e-06
aco_current,10,7852,82,19,4,0.0,0.0,0.0,0.0,0.20313307642936707,False,False,0.0,0.0,0.0,[],0.0,0.0,0,0.0,0,2.4579999973184385e-06
aco_current,10,7853,82,19,1,8.0,156.0,164.0,0.82,0.998640239238739,True,True,30.0,134.0,0.0,[1],10.0,10.0,1,10.0,0,0.00968758300000161
aco_current,10,7853,82,19,2,0.0,0.0,0.0,0.0,0.09907747060060501,False,False,0.0,0.0,0.0,[],10.0,10.0,1,10.0,0,0.00968758300000161
aco_current,10,7853,82,19,3,0.0,0.0,0.0,0.0,0.43936213850975037,False,False,0.0,0.0,0.0,[],10.0,10.0,1,10.0,0,0.00968758300000161
aco_current,10,7853,82,19,4,0.0,0.0,0.0,0.0,0.20313307642936707,False,False,0.0,0.0,0.0,[],10.0,10.0,1,10.0,0,0.00968758300000161
aco_current,10,7854,82,19,1,8.0,134.0,142.0,0.71,0.9490352272987366,False,False,0.0,142.0,0.0,[],0.0,0.0,0,0.0,0,2.4590000009538926e-06
aco_current,10,7854,82,19,2,0.0,0.0,0.0,0.0,0.09907747060060501,False,False,0.0,0.0,0.0,[],0.0,0.0,0,0.0,0,2.4590000009538926e-06
aco_current,10,7854,82,19,3,0.0,0.0,0.0,0.0,0.43936213850975037,False,False,0.0,0.0,0.0,[],0.0,0.0,0,0.0,0,2.4590000009538926e-06
aco_current,10,7854,82,19,4,0.0,0.0,0.0,0.0,0.20313307642936707,False,False,0.0,0.0,0.0,[],0.0,0.0,0,0.0,0,2.4590000009538926e-06
aco_current,10,7855,82,19,1,8.0,142.0,150.0,0.75,0.9792242646217346,False,False,0.0,150.0,0.0,[],0.0,0.0,0,0.0,0,3.000000006636583e-06
aco_current,10,7855,82,19,2,0.0,0.0,0.0,0.0,0.09907747060060501,False,False,0.0,0.0,0.0,[],0.0,0.0,0,0.0,0,3.000000006636583e-06
aco_current,10,7855,82,19,3,0.0,0.0,0.0,0.0,0.43936213850975037,False,False,0.0,0.0,0.0,[],0.0,0.0,0,0.0,0,3.000000006636583e-06
aco_current,10,7855,82,19,4,0.0,0.0,0.0,0.0,0.20313307642936707,False,False,0.0,0.0,0.0,[],0.0,0.0,0,0.0,0,3.000000006636583e-06
aco_current,10,7856,82,20,1,6.0,150.0,156.0,0.78,0.9795575141906738,False,False,0.0,156.0,0.0,[],0.0,0.0,0,0.0,0,2.0829999982652225e-06
aco_current,10,7856,82,20,2,0.0,0.0,0.0,0.0,0.09907747060060501,False,False,0.0,0.0,0.0,[],0.0,0.0,0,0.0,0,2.0829999982652225e-06
aco_current,10,7856,82,20,3,0.0,0.0,0.0,0.0,0.43936213850975037,False,False,0.0,0.0,0.0,[],0.0,0.0,0,0.0,0,2.0829999982652225e-06
aco_current,10,7856,82,20,4,0.0,0.0,0.0,0.0,0.20313307642936707,False,False,0.0,0.0,0.0,[],0.0,0.0,0,0.0,0,2.0829999982652225e-06
aco_current,10,7857,82,20,1,0.0,156.0,156.0,0.78,0.29466474056243896,False,False,0.0,156.0,0.0,[],0.0,0.0,0,0.0,0,2.667000003953035e-06
aco_current,10,7857,82,20,2,0.0,0.0,0.0,0.0,0.09907747060060501,False,False,0.0,0.0,0.0,[],0.0,0.0,0,0.0,0,2.667000003953035e-06
aco_current,10,7857,82,20,3,0.0,0.0,0.0,0.0,0.43936213850975037,False,False,0.0,0.0,0.0,[],0.0,0.0,0,0.0,0,2.667000003953035e-06
aco_current,10,7857,82,20,4,0.0,0.0,0.0,0.0,0.20313307642936707,False,False,0.0,0.0,0.0,[],0.0,0.0,0,0.0,0,2.667000003953035e-06
aco_current,10,7858,82,20,1,0.0,156.0,156.0,0.78,0.2803569436073303,False,False,0.0,156.0,0.0,[],0.0,0.0,0,0.0,0,2.5420000042686297e-06
aco_current,10,7858,82,20,2,0.0,0.0,0.0,0.0,0.09907747060060501,False,False,0.0,0.0,0.0,[],0.0,0.0,0,0.0,0,2.5420000042686297e-06
aco_current,10,7858,82,20,3,0.0,0.0,0.0,0.0,0.43936213850975037,False,False,0.0,0.0,0.0,[],0.0,0.0,0,0.0,0,2.5420000042686297e-06
aco_current,10,7858,82,20,4,0.0,0.0,0.0,0.0,0.20313307642936707,False,False,0.0,0.0,0.0,[],0.0,0.0,0,0.0,0,2.5420000042686297e-06
aco_current,10,7859,82,20,1,0.0,156.0,156.0,0.78,0.28856775164604187,False,False,0.0,156.0,0.0,[],0.0,0.0,0,0.0,0,2.166999991004559e-06
aco_current,10,7859,82,20,2,0.0,0.0,0.0,0.0,0.09907747060060501,False,False,0.0,0.0,0.0,[],0.0,0.0,0,0.0,0,2.166999991004559e-06
aco_current,10,7859,82,20,3,0.0,0.0,0.0,0.0,0.43936213850975037,False,False,0.0,0.0,0.0,[],0.0,0.0,0,0.0,0,2.166999991004559e-06
aco_current,10,7859,82,20,4,0.0,0.0,0.0,0.0,0.20313307642936707,False,False,0.0,0.0,0.0,[],0.0,0.0,0,0.0,0,2.166999991004559e-06
aco_current,10,7860,82,21,1,0.0,156.0,156.0,0.78,0.312997430562973,False,False,0.0,156.0,0.0,[],0.0,0.0,0,0.0,0,2.207999997949628e-06
aco_current,10,7860,82,21,2,0.0,0.0,0.0,0.0,0.09907747060060501,False,False,0.0,0.0,0.0,[],0.0,0.0,0,0.0,0,2.207999997949628e-06
aco_current,10,7860,82,21,3,0.0,0.0,0.0,0.0,0.43936213850975037,False,False,0.0,0.0,0.0,[],0.0,0.0,0,0.0,0,2.207999997949628e-06
aco_current,10,7860,82,21,4,0.0,0.0,0.0,0.0,0.20313307642936707,False,False,0.0,0.0,0.0,[],0.0,0.0,0,0.0,0,2.207999997949628e-06
aco_current,10,7861,82,21,1,0.0,156.0,156.0,0.78,0.312997430562973,False,False,0.0,156.0,0.0,[],0.0,0.0,0,0.0,0,1.957999998580817e-06
aco_current,10,7861,82,21,2,0.0,0.0,0.0,0.0,0.09907747060060501,False,False,0.0,0.0,0.0,[],0.0,0.0,0,0.0,0,1.957999998580817e-06
aco_current,10,7861,82,21,3,0.0,0.0,0.0,0.0,0.43936213850975037,False,False,0.0,0.0,0.0,[],0.0,0.0,0,0.0,0,1.957999998580817e-06
aco_current,10,7861,82,21,4,0.0,0.0,0.0,0.0,0.20313307642936707,False,False,0.0,0.0,0.0,[],0.0,0.0,0,0.0,0,1.957999998580817e-06
aco_current,10,7862,82,21,1,0.0,156.0,156.0,0.78,0.312997430562973,False,False,0.0,156.0,0.0,[],0.0,0.0,0,0.0,0,1.9169999916357483e-06
aco_current,10,7862,82,21,2,0.0,0.0,0.0,0.0,0.09907747060060501,False,False,0.0,0.0,0.0,[],0.0,0.0,0,0.0,0,1.9169999916357483e-06
aco_current,10,7862,82,21,3,0.0,0.0,0.0,0.0,0.43936213850975037,False,False,0.0,0.0,0.0,[],0.0,0.0,0,0.0,0,1.9169999916357483e-06
aco_current,10,7862,82,21,4,0.0,0.0,0.0,0.0,0.20313307642936707,False,False,0.0,0.0,0.0,[],0.0,0.0,0,0.0,0,1.9169999916357483e-06
aco_current,10,7863,82,21,1,0.0,156.0,156.0,0.78,0.312997430562973,False,False,0.0,156.0,0.0,[],0.0,0.0,0,0.0,0,2.4999999936881068e-06
aco_current,10,7863,82,21,2,0.0,0.0,0.0,0.0,0.09907747060060501,False,False,0.0,0.0,0.0,[],0.0,0.0,0,0.0,0,2.4999999936881068e-06
aco_current,10,7863,82,21,3,0.0,0.0,0.0,0.0,0.43936213850975037,False,False,0.0,0.0,0.0,[],0.0,0.0,0,0.0,0,2.4999999936881068e-06
aco_current,10,7863,82,21,4,0.0,0.0,0.0,0.0,0.20313307642936707,False,False,0.0,0.0,0.0,[],0.0,0.0,0,0.0,0,2.4999999936881068e-06
aco_current,10,7864,82,22,1,0.0,156.0,156.0,0.78,0.312997430562973,False,False,0.0,156.0,0.0,[],0.0,0.0,0,0.0,0,1.9590000022162712e-06
aco_current,10,7864,82,22,2,0.0,0.0,0.0,0.0,0.09907747060060501,False,False,0.0,0.0,0.0,[],0.0,0.0,0,0.0,0,1.9590000022162712e-06
aco_current,10,7864,82,22,3,0.0,0.0,0.0,0.0,0.43936213850975037,False,False,0.0,0.0,0.0,[],0.0,0.0,0,0.0,0,1.9590000022162712e-06
aco_current,10,7864,82,22,4,0.0,0.0,0.0,0.0,0.20313307642936707,False,False,0.0,0.0,0.0,[],0.0,0.0,0,0.0,0,1.9590000022162712e-06
aco_current,10,7865,82,22,1,0.0,156.0,156.0,0.78,0.312997430562973,False,False,0.0,156.0,0.0,[],0.0,0.0,0,0.0,0,1.917000005846603e-06
aco_current,10,7865,82,22,2,0.0,0.0,0.0,0.0,0.09907747060060501,False,False,0.0,0.0,0.0,[],0.0,0.0,0,0.0,0,1.917000005846603e-06
aco_current,10,7865,82,22,3,0.0,0.0,0.0,0.0,0.43936213850975037,False,False,0.0,0.0,0.0,[],0.0,0.0,0,0.0,0,1.917000005846603e-06
aco_current,10,7865,82,22,4,0.0,0.0,0.0,0.0,0.20313307642936707,False,False,0.0,0.0,0.0,[],0.0,0.0,0,0.0,0,1.917000005846603e-06
aco_current,10,7866,82,22,1,0.0,156.0,156.0,0.78,0.312997430562973,False,False,0.0,156.0,0.0,[],0.0,0.0,0,0.0,0,2.209000001585082e-06
aco_current,10,7866,82,22,2,0.0,0.0,0.0,0.0,0.09907747060060501,False,False,0.0,0.0,0.0,[],0.0,0.0,0,0.0,0,2.209000001585082e-06
aco_current,10,7866,82,22,3,0.0,0.0,0.0,0.0,0.43936213850975037,False,False,0.0,0.0,0.0,[],0.0,0.0,0,0.0,0,2.209000001585082e-06
aco_current,10,7866,82,22,4,0.0,0.0,0.0,0.0,0.20313307642936707,False,False,0.0,0.0,0.0,[],0.0,0.0,0,0.0,0,2.209000001585082e-06
aco_current,10,7867,82,22,1,0.0,156.0,156.0,0.78,0.312997430562973,False,False,0.0,156.0,0.0,[],0.0,0.0,0,0.0,0,2.0829999982652225e-06
aco_current,10,7867,82,22,2,0.0,0.0,0.0,0.0,0.09907747060060501,False,False,0.0,0.0,0.0,[],0.0,0.0,0,0.0,0,2.0829999982652225e-06
aco_current,10,7867,82,22,3,0.0,0.0,0.0,0.0,0.43936213850975037,False,False,0.0,0.0,0.0,[],0.0,0.0,0,0.0,0,2.0829999982652225e-06
aco_current,10,7867,82,22,4,0.0,0.0,0.0,0.0,0.20313307642936707,False,False,0.0,0.0,0.0,[],0.0,0.0,0,0.0,0,2.0829999982652225e-06
aco_current,10,7868,82,23,1,0.0,156.0,156.0,0.78,0.312997430562973,False,False,0.0,156.0,0.0,[],0.0,0.0,0,0.0,0,2.7920000036374404e-06
aco_current,10,7868,82,23,2,0.0,0.0,0.0,0.0,0.09907747060060501,False,False,0.0,0.0,0.0,[],0.0,0.0,0,0.0,0,2.7920000036374404e-06
aco_current,10,7868,82,23,3,0.0,0.0,0.0,0.0,0.43936213850975037,False,False,0.0,0.0,0.0,[],0.0,0.0,0,0.0,0,2.7920000036374404e-06
aco_current,10,7868,82,23,4,0.0,0.0,0.0,0.0,0.20313307642936707,False,False,0.0,0.0,0.0,[],0.0,0.0,0,0.0,0,2.7920000036374404e-06
aco_current,10,7869,82,23,1,0.0,156.0,156.0,0.78,0.312997430562973,False,False,0.0,156.0,0.0,[],0.0,0.0,0,0.0,0,2.4999999936881068e-06
aco_current,10,7869,82,23,2,0.0,0.0,0.0,0.0,0.09907747060060501,False,False,0.0,0.0,0.0,[],0.0,0.0,0,0.0,0,2.4999999936881068e-06
aco_current,10,7869,82,23,3,0.0,0.0,0.0,0.0,0.43936213850975037,False,False,0.0,0.0,0.0,[],0.0,0.0,0,0.0,0,2.4999999936881068e-06
aco_current,10,7869,82,23,4,0.0,0.0,0.0,0.0,0.20313307642936707,False,False,0.0,0.0,0.0,[],0.0,0.0,0,0.0,0,2.4999999936881068e-06
aco_current,10,7870,82,23,1,0.0,156.0,156.0,0.78,0.312997430562973,False,False,0.0,156.0,0.0,[],0.0,0.0,0,0.0,0,2.5000000078989615e-06
aco_current,10,7870,82,23,2,0.0,0.0,0.0,0.0,0.09907747060060501,False,False,0.0,0.0,0.0,[],0.0,0.0,0,0.0,0,2.5000000078989615e-06
aco_current,10,7870,82,23,3,0.0,0.0,0.0,0.0,0.43936213850975037,False,False,0.0,0.0,0.0,[],0.0,0.0,0,0.0,0,2.5000000078989615e-06
aco_current,10,7870,82,23,4,0.0,0.0,0.0,0.0,0.20313307642936707,False,False,0.0,0.0,0.0,[],0.0,0.0,0,0.0,0,2.5000000078989615e-06
aco_current,10,7871,82,23,1,0.0,156.0,156.0,0.78,0.312997430562973,False,False,0.0,156.0,0.0,[],0.0,0.0,0,0.0,0,2.8749999927413228e-06
aco_current,10,7871,82,23,2,0.0,0.0,0.0,0.0,0.09907747060060501,False,False,0.0,0.0,0.0,[],0.0,0.0,0,0.0,0,2.8749999927413228e-06
aco_current,10,7871,82,23,3,0.0,0.0,0.0,0.0,0.43936213850975037,False,False,0.0,0.0,0.0,[],0.0,0.0,0,0.0,0,2.8749999927413228e-06
aco_current,10,7871,82,23,4,0.0,0.0,0.0,0.0,0.20313307642936707,False,False,0.0,0.0,0.0,[],0.0,0.0,0,0.0,0,2.8749999927413228e-06
aco_current,10,7872,83,0,1,37.0,156.0,193.0,0.965,1.0,True,True,30.0,163.0,0.0,[1],10.0,10.0,1,10.0,0,0.009695041000000515
aco_current,10,7872,83,0,2,0.0,0.0,0.0,0.0,0.09907747060060501,False,False,0.0,0.0,0.0,[],10.0,10.0,1,10.0,0,0.009695041000000515
aco_current,10,7872,83,0,3,0.0,0.0,0.0,0.0,0.43936213850975037,False,False,0.0,0.0,0.0,[],10.0,10.0,1,10.0,0,0.009695041000000515
aco_current,10,7872,83,0,4,0.0,0.0,0.0,0.0,0.20313307642936707,False,False,0.0,0.0,0.0,[],10.0,10.0,1,10.0,0,0.009695041000000515
aco_current,10,7873,83,0,1,39.0,163.0,202.0,1.01,1.0,True,True,30.0,172.0,0.0,[1],10.0,10.0,1,10.0,0,0.00953004199999441
aco_current,10,7873,83,0,2,0.0,0.0,0.0,0.0,0.09907747060060501,False,False,0.0,0.0,0.0,[],10.0,10.0,1,10.0,0,0.00953004199999441
aco_current,10,7873,83,0,3,0.0,0.0,0.0,0.0,0.43936213850975037,False,False,0.0,0.0,0.0,[],10.0,10.0,1,10.0,0,0.00953004199999441
aco_current,10,7873,83,0,4,0.0,0.0,0.0,0.0,0.20313307642936707,False,False,0.0,0.0,0.0,[],10.0,10.0,1,10.0,0,0.00953004199999441
aco_current,10,7874,83,0,1,37.0,172.0,209.0,1.045,1.0,True,True,30.0,179.0,0.0,[1],10.0,10.0,1,10.0,0,0.009504125000006525
aco_current,10,7874,83,0,2,0.0,0.0,0.0,0.0,0.09907747060060501,False,False,0.0,0.0,0.0,[],10.0,10.0,1,10.0,0,0.009504125000006525
aco_current,10,7874,83,0,3,0.0,0.0,0.0,0.0,0.43936213850975037,False,False,0.0,0.0,0.0,[],10.0,10.0,1,10.0,0,0.009504125000006525
aco_current,10,7874,83,0,4,0.0,0.0,0.0,0.0,0.20313307642936707,False,False,0.0,0.0,0.0,[],10.0,10.0,1,10.0,0,0.009504125000006525
aco_current,10,7875,83,0,1,33.0,179.0,212.0,1.06,1.0,True,True,30.0,182.0,0.0,[1],10.0,10.0,1,10.0,0,0.009585833000002708
aco_current,10,7875,83,0,2,0.0,0.0,0.0,0.0,0.09907747060060501,False,False,0.0,0.0,0.0,[],10.0,10.0,1,10.0,0,0.009585833000002708
aco_current,10,7875,83,0,3,0.0,0.0,0.0,0.0,0.43936213850975037,False,False,0.0,0.0,0.0,[],10.0,10.0,1,10.0,0,0.009585833000002708
aco_current,10,7875,83,0,4,0.0,0.0,0.0,0.0,0.20313307642936707,False,False,0.0,0.0,0.0,[],10.0,10.0,1,10.0,0,0.009585833000002708
aco_current,10,7876,83,1,1,27.0,182.0,209.0,1.045,1.0,True,True,30.0,179.0,0.0,[1],10.0,10.0,1,10.0,0,0.00970066700000416
aco_current,10,7876,83,1,2,0.0,0.0,0.0,0.0,0.09907747060060501,False,False,0.0,0.0,0.0,[],10.0,10.0,1,10.0,0,0.00970066700000416
aco_current,10,7876,83,1,3,0.0,0.0,0.0,0.0,0.43936213850975037,False,False,0.0,0.0,0.0,[],10.0,10.0,1,10.0,0,0.00970066700000416
aco_current,10,7876,83,1,4,0.0,0.0,0.0,0.0,0.20313307642936707,False,False,0.0,0.0,0.0,[],10.0,10.0,1,10.0,0,0.00970066700000416
aco_current,10,7877,83,1,1,26.0,179.0,205.0,1.025,1.0,True,True,30.0,175.0,0.0,[1],10.0,10.0,1,10.0,0,0.009669708000004107
aco_current,10,7877,83,1,2,0.0,0.0,0.0,0.0,0.09907747060060501,False,False,0.0,0.0,0.0,[],10.0,10.0,1,10.0,0,0.009669708000004107
aco_current,10,7877,83,1,3,0.0,0.0,0.0,0.0,0.43936213850975037,False,False,0.0,0.0,0.0,[],10.0,10.0,1,10.0,0,0.009669708000004107
aco_current,10,7877,83,1,4,0.0,0.0,0.0,0.0,0.20313307642936707,False,False,0.0,0.0,0.0,[],10.0,10.0,1,10.0,0,0.009669708000004107
aco_current,10,7878,83,1,1,35.0,175.0,210.0,1.05,1.0,True,True,30.0,180.0,0.0,[1],10.0,10.0,1,10.0,0,0.009600832999993258
aco_current,10,7878,83,1,2,0.0,0.0,0.0,0.0,0.09907747060060501,False,False,0.0,0.0,0.0,[],10.0,10.0,1,10.0,0,0.009600832999993258
aco_current,10,7878,83,1,3,0.0,0.0,0.0,0.0,0.43936213850975037,False,False,0.0,0.0,0.0,[],10.0,10.0,1,10.0,0,0.009600832999993258
aco_current,10,7878,83,1,4,0.0,0.0,0.0,0.0,0.20313307642936707,False,False,0.0,0.0,0.0,[],10.0,10.0,1,10.0,0,0.009600832999993258
aco_current,10,7879,83,1,1,36.0,180.0,216.0,1.08,1.0,True,True,30.0,186.0,0.0,[1],10.0,10.0,1,10.0,0,0.009492417000004139
aco_current,10,7879,83,1,2,0.0,0.0,0.0,0.0,0.09907747060060501,False,False,0.0,0.0,0.0,[],10.0,10.0,1,10.0,0,0.009492417000004139
aco_current,10,7879,83,1,3,0.0,0.0,0.0,0.0,0.43936213850975037,False,False,0.0,0.0,0.0,[],10.0,10.0,1,10.0,0,0.009492417000004139
aco_current,10,7879,83,1,4,0.0,0.0,0.0,0.0,0.20313307642936707,False,False,0.0,0.0,0.0,[],10.0,10.0,1,10.0,0,0.009492417000004139
aco_current,10,7880,83,2,1,40.0,186.0,226.0,1.13,1.0,True,True,30.0,196.0,0.0,[1],10.0,10.0,1,10.0,0,0.009644833000010067
aco_current,10,7880,83,2,2,0.0,0.0,0.0,0.0,0.09907747060060501,False,False,0.0,0.0,0.0,[],10.0,10.0,1,10.0,0,0.009644833000010067
aco_current,10,7880,83,2,3,0.0,0.0,0.0,0.0,0.43936213850975037,False,False,0.0,0.0,0.0,[],10.0,10.0,1,10.0,0,0.009644833000010067
aco_current,10,7880,83,2,4,0.0,0.0,0.0,0.0,0.20313307642936707,False,False,0.0,0.0,0.0,[],10.0,10.0,1,10.0,0,0.009644833000010067
aco_current,10,7881,83,2,1,41.0,196.0,237.0,1.185,1.0,True,True,30.0,200.0,7.0,[1],10.0,10.0,1,10.0,0,0.009593584000000988
aco_current,10,7881,83,2,2,0.0,0.0,0.0,0.0,0.09907747060060501,False,False,0.0,0.0,0.0,[],10.0,10.0,1,10.0,0,0.009593584000000988
aco_current,10,7881,83,2,3,0.0,0.0,0.0,0.0,0.43936213850975037,False,False,0.0,0.0,0.0,[],10.0,10.0,1,10.0,0,0.009593584000000988
aco_current,10,7881,83,2,4,0.0,0.0,0.0,0.0,0.20313307642936707,False,False,0.0,0.0,0.0,[],10.0,10.0,1,10.0,0,0.009593584000000988
aco_current,10,7882,83,2,1,37.0,200.0,237.0,1.185,1.0,True,True,30.0,200.0,7.0,[1],10.0,10.0,1,10.0,0,0.009415916000008906
aco_current,10,7882,83,2,2,0.0,0.0,0.0,0.0,0.09907747060060501,False,False,0.0,0.0,0.0,[],10.0,10.0,1,10.0,0,0.009415916000008906
aco_current,10,7882,83,2,3,0.0,0.0,0.0,0.0,0.43936213850975037,False,False,0.0,0.0,0.0,[],10.0,10.0,1,10.0,0,0.009415916000008906
aco_current,10,7882,83,2,4,0.0,0.0,0.0,0.0,0.20313307642936707,False,False,0.0,0.0,0.0,[],10.0,10.0,1,10.0,0,0.009415916000008906
aco_current,10,7883,83,2,1,35.0,200.0,235.0,1.175,1.0,True,True,30.0,200.0,5.0,[1],10.0,10.0,1,10.0,0,0.009775666999999544
aco_current,10,7883,83,2,2,0.0,0.0,0.0,0.0,0.09907747060060501,False,False,0.0,0.0,0.0,[],10.0,10.0,1,10.0,0,0.009775666999999544
aco_current,10,7883,83,2,3,0.0,0.0,0.0,0.0,0.43936213850975037,False,False,0.0,0.0,0.0,[],10.0,10.0,1,10.0,0,0.009775666999999544
aco_current,10,7883,83,2,4,0.0,0.0,0.0,0.0,0.20313307642936707,False,False,0.0,0.0,0.0,[],10.0,10.0,1,10.0,0,0.009775666999999544
aco_current,10,7884,83,3,1,34.0,200.0,234.0,1.17,1.0,True,True,30.0,200.0,4.0,[1],10.0,10.0,1,10.0,0,0.009868791000002375
aco_current,10,7884,83,3,2,0.0,0.0,0.0,0.0,0.09907747060060501,False,False,0.0,0.0,0.0,[],10.0,10.0,1,10.0,0,0.009868791000002375
aco_current,10,7884,83,3,3,0.0,0.0,0.0,0.0,0.43936213850975037,False,False,0.0,0.0,0.0,[],10.0,10.0,1,10.0,0,0.009868791000002375
aco_current,10,7884,83,3,4,0.0,0.0,0.0,0.0,0.20313307642936707,False,False,0.0,0.0,0.0,[],10.0,10.0,1,10.0,0,0.009868791000002375
aco_current,10,7885,83,3,1,35.0,200.0,235.0,1.175,1.0,True,True,30.0,200.0,5.0,[1],10.0,10.0,1,10.0,0,0.00948366700001202
aco_current,10,7885,83,3,2,0.0,0.0,0.0,0.0,0.09907747060060501,False,False,0.0,0.0,0.0,[],10.0,10.0,1,10.0,0,0.00948366700001202
aco_current,10,7885,83,3,3,0.0,0.0,0.0,0.0,0.43936213850975037,False,False,0.0,0.0,0.0,[],10.0,10.0,1,10.0,0,0.00948366700001202
aco_current,10,7885,83,3,4,0.0,0.0,0.0,0.0,0.20313307642936707,False,False,0.0,0.0,0.0,[],10.0,10.0,1,10.0,0,0.00948366700001202
aco_current,10,7886,83,3,1,38.0,200.0,238.0,1.19,1.0,True,True,30.0,200.0,8.0,[1],10.0,10.0,1,10.0,0,0.009524832999986188
aco_current,10,7886,83,3,2,0.0,0.0,0.0,0.0,0.09907747060060501,False,False,0.0,0.0,0.0,[],10.0,10.0,1,10.0,0,0.009524832999986188
aco_current,10,7886,83,3,3,0.0,0.0,0.0,0.0,0.43936213850975037,False,False,0.0,0.0,0.0,[],10.0,10.0,1,10.0,0,0.009524832999986188
aco_current,10,7886,83,3,4,0.0,0.0,0.0,0.0,0.20313307642936707,False,False,0.0,0.0,0.0,[],10.0,10.0,1,10.0,0,0.009524832999986188
aco_current,10,7887,83,3,1,37.0,200.0,237.0,1.185,1.0,True,True,30.0,200.0,7.0,[1],10.0,10.0,1,10.0,0,0.009596833000003357
aco_current,10,7887,83,3,2,0.0,0.0,0.0,0.0,0.09907747060060501,False,False,0.0,0.0,0.0,[],10.0,10.0,1,10.0,0,0.009596833000003357
aco_current,10,7887,83,3,3,0.0,0.0,0.0,0.0,0.43936213850975037,False,False,0.0,0.0,0.0,[],10.0,10.0,1,10.0,0,0.009596833000003357
aco_current,10,7887,83,3,4,0.0,0.0,0.0,0.0,0.20313307642936707,False,False,0.0,0.0,0.0,[],10.0,10.0,1,10.0,0,0.009596833000003357
aco_current,10,7888,83,4,1,39.0,200.0,239.0,1.195,1.0,True,True,30.0,200.0,9.0,[1],10.0,10.0,1,10.0,0,0.009768790999999055
aco_current,10,7888,83,4,2,0.0,0.0,0.0,0.0,0.09907747060060501,False,False,0.0,0.0,0.0,[],10.0,10.0,1,10.0,0,0.009768790999999055
aco_current,10,7888,83,4,3,0.0,0.0,0.0,0.0,0.43936213850975037,False,False,0.0,0.0,0.0,[],10.0,10.0,1,10.0,0,0.009768790999999055
aco_current,10,7888,83,4,4,0.0,0.0,0.0,0.0,0.20313307642936707,False,False,0.0,0.0,0.0,[],10.0,10.0,1,10.0,0,0.009768790999999055
aco_current,10,7889,83,4,1,37.0,200.0,237.0,1.185,1.0,True,True,30.0,200.0,7.0,[1],10.0,10.0,1,10.0,0,0.009607750000000692
aco_current,10,7889,83,4,2,0.0,0.0,0.0,0.0,0.09907747060060501,False,False,0.0,0.0,0.0,[],10.0,10.0,1,10.0,0,0.009607750000000692
aco_current,10,7889,83,4,3,0.0,0.0,0.0,0.0,0.43936213850975037,False,False,0.0,0.0,0.0,[],10.0,10.0,1,10.0,0,0.009607750000000692
aco_current,10,7889,83,4,4,0.0,0.0,0.0,0.0,0.20313307642936707,False,False,0.0,0.0,0.0,[],10.0,10.0,1,10.0,0,0.009607750000000692
aco_current,10,7890,83,4,1,39.0,200.0,239.0,1.195,1.0,True,True,30.0,200.0,9.0,[1],10.0,10.0,1,10.0,0,0.009348833999993644
aco_current,10,7890,83,4,2,0.0,0.0,0.0,0.0,0.09907747060060501,False,False,0.0,0.0,0.0,[],10.0,10.0,1,10.0,0,0.009348833999993644
aco_current,10,7890,83,4,3,0.0,0.0,0.0,0.0,0.43936213850975037,False,False,0.0,0.0,0.0,[],10.0,10.0,1,10.0,0,0.009348833999993644
aco_current,10,7890,83,4,4,0.0,0.0,0.0,0.0,0.20313307642936707,False,False,0.0,0.0,0.0,[],10.0,10.0,1,10.0,0,0.009348833999993644
aco_current,10,7891,83,4,1,36.0,200.0,236.0,1.18,1.0,True,True,30.0,200.0,6.0,[1],10.0,10.0,1,10.0,0,0.015892457999996168
aco_current,10,7891,83,4,2,0.0,0.0,0.0,0.0,0.09907747060060501,False,False,0.0,0.0,0.0,[],10.0,10.0,1,10.0,0,0.015892457999996168
aco_current,10,7891,83,4,3,0.0,0.0,0.0,0.0,0.43936213850975037,False,False,0.0,0.0,0.0,[],10.0,10.0,1,10.0,0,0.015892457999996168
aco_current,10,7891,83,4,4,0.0,0.0,0.0,0.0,0.20313307642936707,False,False,0.0,0.0,0.0,[],10.0,10.0,1,10.0,0,0.015892457999996168
aco_current,10,7892,83,5,1,36.0,200.0,236.0,1.18,1.0,True,True,30.0,200.0,6.0,[1],10.0,10.0,1,10.0,0,0.009714084000009393
aco_current,10,7892,83,5,2,0.0,0.0,0.0,0.0,0.09907747060060501,False,False,0.0,0.0,0.0,[],10.0,10.0,1,10.0,0,0.009714084000009393
aco_current,10,7892,83,5,3,0.0,0.0,0.0,0.0,0.43936213850975037,False,False,0.0,0.0,0.0,[],10.0,10.0,1,10.0,0,0.009714084000009393
aco_current,10,7892,83,5,4,0.0,0.0,0.0,0.0,0.20313307642936707,False,False,0.0,0.0,0.0,[],10.0,10.0,1,10.0,0,0.009714084000009393
aco_current,10,7893,83,5,1,35.0,200.0,235.0,1.175,1.0,True,True,30.0,200.0,5.0,[1],10.0,10.0,1,10.0,0,0.00985120800000061
aco_current,10,7893,83,5,2,0.0,0.0,0.0,0.0,0.09907747060060501,False,False,0.0,0.0,0.0,[],10.0,10.0,1,10.0,0,0.00985120800000061
aco_current,10,7893,83,5,3,0.0,0.0,0.0,0.0,0.43936213850975037,False,False,0.0,0.0,0.0,[],10.0,10.0,1,10.0,0,0.00985120800000061
aco_current,10,7893,83,5,4,0.0,0.0,0.0,0.0,0.20313307642936707,False,False,0.0,0.0,0.0,[],10.0,10.0,1,10.0,0,0.00985120800000061
aco_current,10,7894,83,5,1,35.0,200.0,235.0,1.175,1.0,True,True,30.0,200.0,5.0,[1],10.0,10.0,1,10.0,0,0.009758333999997149
aco_current,10,7894,83,5,2,0.0,0.0,0.0,0.0,0.09907747060060501,False,False,0.0,0.0,0.0,[],10.0,10.0,1,10.0,0,0.009758333999997149
aco_current,10,7894,83,5,3,0.0,0.0,0.0,0.0,0.43936213850975037,False,False,0.0,0.0,0.0,[],10.0,10.0,1,10.0,0,0.009758333999997149
aco_current,10,7894,83,5,4,0.0,0.0,0.0,0.0,0.20313307642936707,False,False,0.0,0.0,0.0,[],10.0,10.0,1,10.0,0,0.009758333999997149
aco_current,10,7895,83,5,1,34.0,200.0,234.0,1.17,1.0,True,True,30.0,200.0,4.0,[1],10.0,10.0,1,10.0,0,0.00967891700000223
aco_current,10,7895,83,5,2,0.0,0.0,0.0,0.0,0.09907747060060501,False,False,0.0,0.0,0.0,[],10.0,10.0,1,10.0,0,0.00967891700000223
aco_current,10,7895,83,5,3,0.0,0.0,0.0,0.0,0.43936213850975037,False,False,0.0,0.0,0.0,[],10.0,10.0,1,10.0,0,0.00967891700000223
aco_current,10,7895,83,5,4,0.0,0.0,0.0,0.0,0.20313307642936707,False,False,0.0,0.0,0.0,[],10.0,10.0,1,10.0,0,0.00967891700000223
aco_current,10,7896,83,6,1,39.0,200.0,239.0,1.195,1.0,True,True,30.0,200.0,9.0,[1],10.0,10.0,1,10.0,0,0.009412666999992325
aco_current,10,7896,83,6,2,0.0,0.0,0.0,0.0,0.09907747060060501,False,False,0.0,0.0,0.0,[],10.0,10.0,1,10.0,0,0.009412666999992325
aco_current,10,7896,83,6,3,0.0,0.0,0.0,0.0,0.43936213850975037,False,False,0.0,0.0,0.0,[],10.0,10.0,1,10.0,0,0.009412666999992325
aco_current,10,7896,83,6,4,0.0,0.0,0.0,0.0,0.20313307642936707,False,False,0.0,0.0,0.0,[],10.0,10.0,1,10.0,0,0.009412666999992325
aco_current,10,7897,83,6,1,39.0,200.0,239.0,1.195,1.0,True,True,30.0,200.0,9.0,[1],10.0,10.0,1,10.0,0,0.009553083000000129
aco_current,10,7897,83,6,2,0.0,0.0,0.0,0.0,0.09907747060060501,False,False,0.0,0.0,0.0,[],10.0,10.0,1,10.0,0,0.009553083000000129
aco_current,10,7897,83,6,3,0.0,0.0,0.0,0.0,0.43936213850975037,False,False,0.0,0.0,0.0,[],10.0,10.0,1,10.0,0,0.009553083000000129
aco_current,10,7897,83,6,4,0.0,0.0,0.0,0.0,0.20313307642936707,False,False,0.0,0.0,0.0,[],10.0,10.0,1,10.0,0,0.009553083000000129
aco_current,10,7898,83,6,1,40.0,200.0,240.0,1.2,1.0,True,True,30.0,200.0,10.0,[1],10.0,10.0,1,10.0,0,0.009591374999999402
aco_current,10,7898,83,6,2,0.0,0.0,0.0,0.0,0.09907747060060501,False,False,0.0,0.0,0.0,[],10.0,10.0,1,10.0,0,0.009591374999999402
aco_current,10,7898,83,6,3,0.0,0.0,0.0,0.0,0.43936213850975037,False,False,0.0,0.0,0.0,[],10.0,10.0,1,10.0,0,0.009591374999999402
aco_current,10,7898,83,6,4,0.0,0.0,0.0,0.0,0.20313307642936707,False,False,0.0,0.0,0.0,[],10.0,10.0,1,10.0,0,0.009591374999999402
aco_current,10,7899,83,6,1,39.0,200.0,239.0,1.195,1.0,True,True,30.0,200.0,9.0,[1],10.0,10.0,1,10.0,0,0.009568708000003312
aco_current,10,7899,83,6,2,0.0,0.0,0.0,0.0,0.09907747060060501,False,False,0.0,0.0,0.0,[],10.0,10.0,1,10.0,0,0.009568708000003312
aco_current,10,7899,83,6,3,0.0,0.0,0.0,0.0,0.43936213850975037,False,False,0.0,0.0,0.0,[],10.0,10.0,1,10.0,0,0.009568708000003312
aco_current,10,7899,83,6,4,0.0,0.0,0.0,0.0,0.20313307642936707,False,False,0.0,0.0,0.0,[],10.0,10.0,1,10.0,0,0.009568708000003312
aco_current,10,7900,83,7,1,39.0,200.0,239.0,1.195,1.0,True,True,30.0,200.0,9.0,[1],10.0,10.0,1,10.0,0,0.00957012499999621
aco_current,10,7900,83,7,2,0.0,0.0,0.0,0.0,0.09907747060060501,False,False,0.0,0.0,0.0,[],10.0,10.0,1,10.0,0,0.00957012499999621
aco_current,10,7900,83,7,3,0.0,0.0,0.0,0.0,0.43936213850975037,False,False,0.0,0.0,0.0,[],10.0,10.0,1,10.0,0,0.00957012499999621
aco_current,10,7900,83,7,4,0.0,0.0,0.0,0.0,0.20313307642936707,False,False,0.0,0.0,0.0,[],10.0,10.0,1,10.0,0,0.00957012499999621
aco_current,10,7901,83,7,1,39.0,200.0,239.0,1.195,1.0,True,True,30.0,200.0,9.0,[1],10.0,10.0,1,10.0,0,0.00963658400000611
aco_current,10,7901,83,7,2,0.0,0.0,0.0,0.0,0.09907747060060501,False,False,0.0,0.0,0.0,[],10.0,10.0,1,10.0,0,0.00963658400000611
aco_current,10,7901,83,7,3,0.0,0.0,0.0,0.0,0.43936213850975037,False,False,0.0,0.0,0.0,[],10.0,10.0,1,10.0,0,0.00963658400000611
aco_current,10,7901,83,7,4,0.0,0.0,0.0,0.0,0.20313307642936707,False,False,0.0,0.0,0.0,[],10.0,10.0,1,10.0,0,0.00963658400000611
aco_current,10,7902,83,7,1,36.0,200.0,236.0,1.18,1.0,True,True,30.0,200.0,6.0,[1],10.0,10.0,1,10.0,0,0.009452290999988122
aco_current,10,7902,83,7,2,0.0,0.0,0.0,0.0,0.09907747060060501,False,False,0.0,0.0,0.0,[],10.0,10.0,1,10.0,0,0.009452290999988122
aco_current,10,7902,83,7,3,0.0,0.0,0.0,0.0,0.43936213850975037,False,False,0.0,0.0,0.0,[],10.0,10.0,1,10.0,0,0.009452290999988122
aco_current,10,7902,83,7,4,0.0,0.0,0.0,0.0,0.20313307642936707,False,False,0.0,0.0,0.0,[],10.0,10.0,1,10.0,0,0.009452290999988122
aco_current,10,7903,83,7,1,31.0,200.0,231.0,1.155,1.0,True,True,30.0,200.0,1.0,[1],10.0,10.0,1,10.0,0,0.009577125000006959
aco_current,10,7903,83,7,2,0.0,0.0,0.0,0.0,0.09907747060060501,False,False,0.0,0.0,0.0,[],10.0,10.0,1,10.0,0,0.009577125000006959
aco_current,10,7903,83,7,3,0.0,0.0,0.0,0.0,0.43936213850975037,False,False,0.0,0.0,0.0,[],10.0,10.0,1,10.0,0,0.009577125000006959
aco_current,10,7903,83,7,4,0.0,0.0,0.0,0.0,0.20313307642936707,False,False,0.0,0.0,0.0,[],10.0,10.0,1,10.0,0,0.009577125000006959
aco_current,10,7904,83,8,1,33.0,200.0,233.0,1.165,1.0,True,True,30.0,200.0,3.0,[1],10.0,10.0,1,10.0,0,0.009794542000008732
aco_current,10,7904,83,8,2,0.0,0.0,0.0,0.0,0.09907747060060501,False,False,0.0,0.0,0.0,[],10.0,10.0,1,10.0,0,0.009794542000008732
aco_current,10,7904,83,8,3,0.0,0.0,0.0,0.0,0.43936213850975037,False,False,0.0,0.0,0.0,[],10.0,10.0,1,10.0,0,0.009794542000008732
aco_current,10,7904,83,8,4,0.0,0.0,0.0,0.0,0.20313307642936707,False,False,0.0,0.0,0.0,[],10.0,10.0,1,10.0,0,0.009794542000008732
aco_current,10,7905,83,8,1,31.0,200.0,231.0,1.155,1.0,True,True,30.0,200.0,1.0,[1],10.0,10.0,1,10.0,0,0.009764042000000472
aco_current,10,7905,83,8,2,0.0,0.0,0.0,0.0,0.09907747060060501,False,False,0.0,0.0,0.0,[],10.0,10.0,1,10.0,0,0.009764042000000472
aco_current,10,7905,83,8,3,0.0,0.0,0.0,0.0,0.43936213850975037,False,False,0.0,0.0,0.0,[],10.0,10.0,1,10.0,0,0.009764042000000472
aco_current,10,7905,83,8,4,0.0,0.0,0.0,0.0,0.20313307642936707,False,False,0.0,0.0,0.0,[],10.0,10.0,1,10.0,0,0.009764042000000472
aco_current,10,7906,83,8,1,32.0,200.0,232.0,1.16,1.0,True,True,30.0,200.0,2.0,[1],10.0,10.0,1,10.0,0,0.00993270899999743
aco_current,10,7906,83,8,2,0.0,0.0,0.0,0.0,0.09907747060060501,False,False,0.0,0.0,0.0,[],10.0,10.0,1,10.0,0,0.00993270899999743
aco_current,10,7906,83,8,3,0.0,0.0,0.0,0.0,0.43936213850975037,False,False,0.0,0.0,0.0,[],10.0,10.0,1,10.0,0,0.00993270899999743
aco_current,10,7906,83,8,4,0.0,0.0,0.0,0.0,0.20313307642936707,False,False,0.0,0.0,0.0,[],10.0,10.0,1,10.0,0,0.00993270899999743
aco_current,10,7907,83,8,1,31.0,200.0,231.0,1.155,1.0,True,True,30.0,200.0,1.0,[1],10.0,10.0,1,10.0,0,0.00944212499999253
aco_current,10,7907,83,8,2,0.0,0.0,0.0,0.0,0.09907747060060501,False,False,0.0,0.0,0.0,[],10.0,10.0,1,10.0,0,0.00944212499999253
aco_current,10,7907,83,8,3,0.0,0.0,0.0,0.0,0.43936213850975037,False,False,0.0,0.0,0.0,[],10.0,10.0,1,10.0,0,0.00944212499999253
aco_current,10,7907,83,8,4,0.0,0.0,0.0,0.0,0.20313307642936707,False,False,0.0,0.0,0.0,[],10.0,10.0,1,10.0,0,0.00944212499999253
aco_current,10,7908,83,9,1,31.0,200.0,231.0,1.155,1.0,True,True,30.0,200.0,1.0,[1],10.0,10.0,1,10.0,0,0.009460250000003612
aco_current,10,7908,83,9,2,0.0,0.0,0.0,0.0,0.09907747060060501,False,False,0.0,0.0,0.0,[],10.0,10.0,1,10.0,0,0.009460250000003612
aco_current,10,7908,83,9,3,0.0,0.0,0.0,0.0,0.43936213850975037,False,False,0.0,0.0,0.0,[],10.0,10.0,1,10.0,0,0.009460250000003612
aco_current,10,7908,83,9,4,0.0,0.0,0.0,0.0,0.20313307642936707,False,False,0.0,0.0,0.0,[],10.0,10.0,1,10.0,0,0.009460250000003612
aco_current,10,7909,83,9,1,31.0,200.0,231.0,1.155,1.0,True,True,30.0,200.0,1.0,[1],10.0,10.0,1,10.0,0,0.009431792000000883
aco_current,10,7909,83,9,2,0.0,0.0,0.0,0.0,0.09907747060060501,False,False,0.0,0.0,0.0,[],10.0,10.0,1,10.0,0,0.009431792000000883
aco_current,10,7909,83,9,3,0.0,0.0,0.0,0.0,0.43936213850975037,False,False,0.0,0.0,0.0,[],10.0,10.0,1,10.0,0,0.009431792000000883
aco_current,10,7909,83,9,4,0.0,0.0,0.0,0.0,0.20313307642936707,False,False,0.0,0.0,0.0,[],10.0,10.0,1,10.0,0,0.009431792000000883
aco_current,10,7910,83,9,1,21.0,200.0,221.0,1.105,1.0,True,True,30.0,191.0,0.0,[1],10.0,10.0,1,10.0,0,0.00969299999999862
aco_current,10,7910,83,9,2,0.0,0.0,0.0,0.0,0.09907747060060501,False,False,0.0,0.0,0.0,[],10.0,10.0,1,10.0,0,0.00969299999999862
aco_current,10,7910,83,9,3,0.0,0.0,0.0,0.0,0.43936213850975037,False,False,0.0,0.0,0.0,[],10.0,10.0,1,10.0,0,0.00969299999999862
aco_current,10,7910,83,9,4,0.0,0.0,0.0,0.0,0.20313307642936707,False,False,0.0,0.0,0.0,[],10.0,10.0,1,10.0,0,0.00969299999999862
aco_current,10,7911,83,9,1,19.0,191.0,210.0,1.05,1.0,True,True,30.0,180.0,0.0,[1],10.0,10.0,1,10.0,0,0.00971366699999976
aco_current,10,7911,83,9,2,0.0,0.0,0.0,0.0,0.09907747060060501,False,False,0.0,0.0,0.0,[],10.0,10.0,1,10.0,0,0.00971366699999976
aco_current,10,7911,83,9,3,0.0,0.0,0.0,0.0,0.43936213850975037,False,False,0.0,0.0,0.0,[],10.0,10.0,1,10.0,0,0.00971366699999976
aco_current,10,7911,83,9,4,0.0,0.0,0.0,0.0,0.20313307642936707,False,False,0.0,0.0,0.0,[],10.0,10.0,1,10.0,0,0.00971366699999976
aco_current,10,7912,83,10,1,19.0,180.0,199.0,0.995,1.0,True,True,30.0,169.0,0.0,[1],10.0,10.0,1,10.0,0,0.009470250000006786
aco_current,10,7912,83,10,2,0.0,0.0,0.0,0.0,0.09907747060060501,False,False,0.0,0.0,0.0,[],10.0,10.0,1,10.0,0,0.009470250000006786
aco_current,10,7912,83,10,3,0.0,0.0,0.0,0.0,0.43936213850975037,False,False,0.0,0.0,0.0,[],10.0,10.0,1,10.0,0,0.009470250000006786
aco_current,10,7912,83,10,4,0.0,0.0,0.0,0.0,0.20313307642936707,False,False,0.0,0.0,0.0,[],10.0,10.0,1,10.0,0,0.009470250000006786
aco_current,10,7913,83,10,1,19.0,169.0,188.0,0.94,1.0,True,True,30.0,158.0,0.0,[1],10.0,10.0,1,10.0,0,0.009558124999998086
aco_current,10,7913,83,10,2,0.0,0.0,0.0,0.0,0.09907747060060501,False,False,0.0,0.0,0.0,[],10.0,10.0,1,10.0,0,0.009558124999998086
aco_current,10,7913,83,10,3,0.0,0.0,0.0,0.0,0.43936213850975037,False,False,0.0,0.0,0.0,[],10.0,10.0,1,10.0,0,0.009558124999998086
aco_current,10,7913,83,10,4,0.0,0.0,0.0,0.0,0.20313307642936707,False,False,0.0,0.0,0.0,[],10.0,10.0,1,10.0,0,0.009558124999998086
aco_current,10,7914,83,10,1,19.0,158.0,177.0,0.885,0.9999990463256836,True,True,30.0,147.0,0.0,[1],10.0,10.0,1,10.0,0,0.009474707999999055
aco_current,10,7914,83,10,2,0.0,0.0,0.0,0.0,0.09907747060060501,False,False,0.0,0.0,0.0,[],10.0,10.0,1,10.0,0,0.009474707999999055
aco_current,10,7914,83,10,3,0.0,0.0,0.0,0.0,0.43936213850975037,False,False,0.0,0.0,0.0,[],10.0,10.0,1,10.0,0,0.009474707999999055
aco_current,10,7914,83,10,4,0.0,0.0,0.0,0.0,0.20313307642936707,False,False,0.0,0.0,0.0,[],10.0,10.0,1,10.0,0,0.009474707999999055
aco_current,10,7915,83,10,1,19.0,147.0,166.0,0.83,0.9999828338623047,True,True,30.0,136.0,0.0,[1],10.0,10.0,1,10.0,0,0.009576792000004275
aco_current,10,7915,83,10,2,0.0,0.0,0.0,0.0,0.09907747060060501,False,False,0.0,0.0,0.0,[],10.0,10.0,1,10.0,0,0.009576792000004275
aco_current,10,7915,83,10,3,0.0,0.0,0.0,0.0,0.43936213850975037,False,False,0.0,0.0,0.0,[],10.0,10.0,1,10.0,0,0.009576792000004275
aco_current,10,7915,83,10,4,0.0,0.0,0.0,0.0,0.20313307642936707,False,False,0.0,0.0,0.0,[],10.0,10.0,1,10.0,0,0.009576792000004275
aco_current,10,7916,83,11,1,19.0,136.0,155.0,0.775,0.9997391700744629,False,False,0.0,155.0,0.0,[],0.0,0.0,0,0.0,0,3.125000006320988e-06
aco_current,10,7916,83,11,2,0.0,0.0,0.0,0.0,0.09907747060060501,False,False,0.0,0.0,0.0,[],0.0,0.0,0,0.0,0,3.125000006320988e-06
aco_current,10,7916,83,11,3,0.0,0.0,0.0,0.0,0.43936213850975037,False,False,0.0,0.0,0.0,[],0.0,0.0,0,0.0,0,3.125000006320988e-06
aco_current,10,7916,83,11,4,0.0,0.0,0.0,0.0,0.20313307642936707,False,False,0.0,0.0,0.0,[],0.0,0.0,0,0.0,0,3.125000006320988e-06
aco_current,10,7917,83,11,1,19.0,155.0,174.0,0.87,0.9999978542327881,True,True,30.0,144.0,0.0,[1],10.0,10.0,1,10.0,0,0.00938658399999781
aco_current,10,7917,83,11,2,0.0,0.0,0.0,0.0,0.09907747060060501,False,False,0.0,0.0,0.0,[],10.0,10.0,1,10.0,0,0.00938658399999781
aco_current,10,7917,83,11,3,0.0,0.0,0.0,0.0,0.43936213850975037,False,False,0.0,0.0,0.0,[],10.0,10.0,1,10.0,0,0.00938658399999781
aco_current,10,7917,83,11,4,0.0,0.0,0.0,0.0,0.20313307642936707,False,False,0.0,0.0,0.0,[],10.0,10.0,1,10.0,0,0.00938658399999781
aco_current,10,7918,83,11,1,19.0,144.0,163.0,0.815,0.9999627470970154,True,True,30.0,133.0,0.0,[1],10.0,10.0,1,10.0,0,0.009446792000005644
aco_current,10,7918,83,11,2,0.0,0.0,0.0,0.0,0.09907747060060501,False,False,0.0,0.0,0.0,[],10.0,10.0,1,10.0,0,0.009446792000005644
aco_current,10,7918,83,11,3,0.0,0.0,0.0,0.0,0.43936213850975037,False,False,0.0,0.0,0.0,[],10.0,10.0,1,10.0,0,0.009446792000005644
aco_current,10,7918,83,11,4,0.0,0.0,0.0,0.0,0.20313307642936707,False,False,0.0,0.0,0.0,[],10.0,10.0,1,10.0,0,0.009446792000005644
aco_current,10,7919,83,11,1,18.0,133.0,151.0,0.755,0.9992603063583374,False,False,0.0,151.0,0.0,[],0.0,0.0,0,0.0,0,2.4579999973184385e-06
aco_current,10,7919,83,11,2,0.0,0.0,0.0,0.0,0.09907747060060501,False,False,0.0,0.0,0.0,[],0.0,0.0,0,0.0,0,2.4579999973184385e-06
aco_current,10,7919,83,11,3,0.0,0.0,0.0,0.0,0.43936213850975037,False,False,0.0,0.0,0.0,[],0.0,0.0,0,0.0,0,2.4579999973184385e-06
aco_current,10,7919,83,11,4,0.0,0.0,0.0,0.0,0.20313307642936707,False,False,0.0,0.0,0.0,[],0.0,0.0,0,0.0,0,2.4579999973184385e-06
aco_current,10,7920,83,12,1,19.0,151.0,170.0,0.85,0.9999938607215881,True,True,30.0,140.0,0.0,[1],10.0,10.0,1,10.0,0,0.00956474999999557
aco_current,10,7920,83,12,2,0.0,0.0,0.0,0.0,0.09907747060060501,False,False,0.0,0.0,0.0,[],10.0,10.0,1,10.0,0,0.00956474999999557
aco_current,10,7920,83,12,3,0.0,0.0,0.0,0.0,0.43936213850975037,False,False,0.0,0.0,0.0,[],10.0,10.0,1,10.0,0,0.00956474999999557
aco_current,10,7920,83,12,4,0.0,0.0,0.0,0.0,0.20313307642936707,False,False,0.0,0.0,0.0,[],10.0,10.0,1,10.0,0,0.00956474999999557
aco_current,10,7921,83,12,1,20.0,140.0,160.0,0.8,0.9999430179595947,True,True,30.0,130.0,0.0,[1],10.0,10.0,1,10.0,0,0.009578165999997168
aco_current,10,7921,83,12,2,0.0,0.0,0.0,0.0,0.09907747060060501,False,False,0.0,0.0,0.0,[],10.0,10.0,1,10.0,0,0.009578165999997168
aco_current,10,7921,83,12,3,0.0,0.0,0.0,0.0,0.43936213850975037,False,False,0.0,0.0,0.0,[],10.0,10.0,1,10.0,0,0.009578165999997168
aco_current,10,7921,83,12,4,0.0,0.0,0.0,0.0,0.20313307642936707,False,False,0.0,0.0,0.0,[],10.0,10.0,1,10.0,0,0.009578165999997168
aco_current,10,7922,83,12,1,19.0,130.0,149.0,0.745,0.9993076920509338,False,False,0.0,149.0,0.0,[],0.0,0.0,0,0.0,0,3.000000006636583e-06
aco_current,10,7922,83,12,2,0.0,0.0,0.0,0.0,0.09907747060060501,False,False,0.0,0.0,0.0,[],0.0,0.0,0,0.0,0,3.000000006636583e-06
aco_current,10,7922,83,12,3,0.0,0.0,0.0,0.0,0.43936213850975037,False,False,0.0,0.0,0.0,[],0.0,0.0,0,0.0,0,3.000000006636583e-06
aco_current,10,7922,83,12,4,0.0,0.0,0.0,0.0,0.20313307642936707,False,False,0.0,0.0,0.0,[],0.0,0.0,0,0.0,0,3.000000006636583e-06
aco_current,10,7923,83,12,1,19.0,149.0,168.0,0.84,0.9999898076057434,True,True,30.0,138.0,0.0,[1],10.0,10.0,1,10.0,0,0.009504499999991367
aco_current,10,7923,83,12,2,0.0,0.0,0.0,0.0,0.09907747060060501,False,False,0.0,0.0,0.0,[],10.0,10.0,1,10.0,0,0.009504499999991367
aco_current,10,7923,83,12,3,0.0,0.0,0.0,0.0,0.43936213850975037,False,False,0.0,0.0,0.0,[],10.0,10.0,1,10.0,0,0.009504499999991367
aco_current,10,7923,83,12,4,0.0,0.0,0.0,0.0,0.20313307642936707,False,False,0.0,0.0,0.0,[],10.0,10.0,1,10.0,0,0.009504499999991367
aco_current,10,7924,83,13,1,19.0,138.0,157.0,0.785,0.9998347759246826,False,False,0.0,157.0,0.0,[],0.0,0.0,0,0.0,0,2.5420000042686297e-06
aco_current,10,7924,83,13,2,0.0,0.0,0.0,0.0,0.09907747060060501,False,False,0.0,0.0,0.0,[],0.0,0.0,0,0.0,0,2.5420000042686297e-06
aco_current,10,7924,83,13,3,0.0,0.0,0.0,0.0,0.43936213850975037,False,False,0.0,0.0,0.0,[],0.0,0.0,0,0.0,0,2.5420000042686297e-06
aco_current,10,7924,83,13,4,0.0,0.0,0.0,0.0,0.20313307642936707,False,False,0.0,0.0,0.0,[],0.0,0.0,0,0.0,0,2.5420000042686297e-06
aco_current,10,7925,83,13,1,18.0,157.0,175.0,0.875,0.9999976754188538,True,True,30.0,145.0,0.0,[1],10.0,10.0,1,10.0,0,0.009420708000007494
aco_current,10,7925,83,13,2,0.0,0.0,0.0,0.0,0.09907747060060501,False,False,0.0,0.0,0.0,[],10.0,10.0,1,10.0,0,0.009420708000007494
aco_current,10,7925,83,13,3,0.0,0.0,0.0,0.0,0.43936213850975037,False,False,0.0,0.0,0.0,[],10.0,10.0,1,10.0,0,0.009420708000007494
aco_current,10,7925,83,13,4,0.0,0.0,0.0,0.0,0.20313307642936707,False,False,0.0,0.0,0.0,[],10.0,10.0,1,10.0,0,0.009420708000007494
aco_current,10,7926,83,13,1,19.0,145.0,164.0,0.82,0.9999710917472839,True,True,30.0,134.0,0.0,[1],10.0,10.0,1,10.0,0,0.009530874999995831
aco_current,10,7926,83,13,2,0.0,0.0,0.0,0.0,0.09907747060060501,False,False,0.0,0.0,0.0,[],10.0,10.0,1,10.0,0,0.009530874999995831
aco_current,10,7926,83,13,3,0.0,0.0,0.0,0.0,0.43936213850975037,False,False,0.0,0.0,0.0,[],10.0,10.0,1,10.0,0,0.009530874999995831
aco_current,10,7926,83,13,4,0.0,0.0,0.0,0.0,0.20313307642936707,False,False,0.0,0.0,0.0,[],10.0,10.0,1,10.0,0,0.009530874999995831
aco_current,10,7927,83,13,1,19.0,134.0,153.0,0.765,0.9996039867401123,False,False,0.0,153.0,0.0,[],0.0,0.0,0,0.0,0,2.95799999605606e-06
aco_current,10,7927,83,13,2,0.0,0.0,0.0,0.0,0.09907747060060501,False,False,0.0,0.0,0.0,[],0.0,0.0,0,0.0,0,2.95799999605606e-06
aco_current,10,7927,83,13,3,0.0,0.0,0.0,0.0,0.43936213850975037,False,False,0.0,0.0,0.0,[],0.0,0.0,0,0.0,0,2.95799999605606e-06
aco_current,10,7927,83,13,4,0.0,0.0,0.0,0.0,0.20313307642936707,False,False,0.0,0.0,0.0,[],0.0,0.0,0,0.0,0,2.95799999605606e-06
aco_current,10,7928,83,14,1,19.0,153.0,172.0,0.86,0.9999963641166687,True,True,30.0,142.0,0.0,[1],10.0,10.0,1,10.0,0,0.009624916999996458
aco_current,10,7928,83,14,2,0.0,0.0,0.0,0.0,0.09907747060060501,False,False,0.0,0.0,0.0,[],10.0,10.0,1,10.0,0,0.009624916999996458
aco_current,10,7928,83,14,3,0.0,0.0,0.0,0.0,0.43936213850975037,False,False,0.0,0.0,0.0,[],10.0,10.0,1,10.0,0,0.009624916999996458
aco_current,10,7928,83,14,4,0.0,0.0,0.0,0.0,0.20313307642936707,False,False,0.0,0.0,0.0,[],10.0,10.0,1,10.0,0,0.009624916999996458
aco_current,10,7929,83,14,1,19.0,142.0,161.0,0.805,0.9999375939369202,True,True,30.0,131.0,0.0,[1],10.0,10.0,1,10.0,0,0.009358333000008656
aco_current,10,7929,83,14,2,0.0,0.0,0.0,0.0,0.09907747060060501,False,False,0.0,0.0,0.0,[],10.0,10.0,1,10.0,0,0.009358333000008656
aco_current,10,7929,83,14,3,0.0,0.0,0.0,0.0,0.43936213850975037,False,False,0.0,0.0,0.0,[],10.0,10.0,1,10.0,0,0.009358333000008656
aco_current,10,7929,83,14,4,0.0,0.0,0.0,0.0,0.20313307642936707,False,False,0.0,0.0,0.0,[],10.0,10.0,1,10.0,0,0.009358333000008656
aco_current,10,7930,83,14,1,19.0,131.0,150.0,0.75,0.9993962645530701,False,False,0.0,150.0,0.0,[],0.0,0.0,0,0.0,0,3.374999991478944e-06
aco_current,10,7930,83,14,2,0.0,0.0,0.0,0.0,0.09907747060060501,False,False,0.0,0.0,0.0,[],0.0,0.0,0,0.0,0,3.374999991478944e-06
aco_current,10,7930,83,14,3,0.0,0.0,0.0,0.0,0.43936213850975037,False,False,0.0,0.0,0.0,[],0.0,0.0,0,0.0,0,3.374999991478944e-06
aco_current,10,7930,83,14,4,0.0,0.0,0.0,0.0,0.20313307642936707,False,False,0.0,0.0,0.0,[],0.0,0.0,0,0.0,0,3.374999991478944e-06
aco_current,10,7931,83,14,1,19.0,150.0,169.0,0.845,0.9999920725822449,True,True,30.0,139.0,0.0,[1],10.0,10.0,1,10.0,0,0.009612583000006225
aco_current,10,7931,83,14,2,0.0,0.0,0.0,0.0,0.09907747060060501,False,False,0.0,0.0,0.0,[],10.0,10.0,1,10.0,0,0.009612583000006225
aco_current,10,7931,83,14,3,0.0,0.0,0.0,0.0,0.43936213850975037,False,False,0.0,0.0,0.0,[],10.0,10.0,1,10.0,0,0.009612583000006225
aco_current,10,7931,83,14,4,0.0,0.0,0.0,0.0,0.20313307642936707,False,False,0.0,0.0,0.0,[],10.0,10.0,1,10.0,0,0.009612583000006225
aco_current,10,7932,83,15,1,19.0,139.0,158.0,0.79,0.9998672604560852,False,False,0.0,158.0,0.0,[],0.0,0.0,0,0.0,0,3.0829999957404652e-06
aco_current,10,7932,83,15,2,0.0,0.0,0.0,0.0,0.09907747060060501,False,False,0.0,0.0,0.0,[],0.0,0.0,0,0.0,0,3.0829999957404652e-06
aco_current,10,7932,83,15,3,0.0,0.0,0.0,0.0,0.43936213850975037,False,False,0.0,0.0,0.0,[],0.0,0.0,0,0.0,0,3.0829999957404652e-06
aco_current,10,7932,83,15,4,0.0,0.0,0.0,0.0,0.20313307642936707,False,False,0.0,0.0,0.0,[],0.0,0.0,0,0.0,0,3.0829999957404652e-06
aco_current,10,7933,83,15,1,19.0,158.0,177.0,0.885,0.9999990463256836,True,True,30.0,147.0,0.0,[1],10.0,10.0,1,10.0,0,0.009364625000003457
aco_current,10,7933,83,15,2,0.0,0.0,0.0,0.0,0.09907747060060501,False,False,0.0,0.0,0.0,[],10.0,10.0,1,10.0,0,0.009364625000003457
aco_current,10,7933,83,15,3,0.0,0.0,0.0,0.0,0.43936213850975037,False,False,0.0,0.0,0.0,[],10.0,10.0,1,10.0,0,0.009364625000003457
aco_current,10,7933,83,15,4,0.0,0.0,0.0,0.0,0.20313307642936707,False,False,0.0,0.0,0.0,[],10.0,10.0,1,10.0,0,0.009364625000003457
aco_current,10,7934,83,15,1,19.0,147.0,166.0,0.83,0.9999828338623047,True,True,30.0,136.0,0.0,[1],10.0,10.0,1,10.0,0,0.009493542000001298
aco_current,10,7934,83,15,2,0.0,0.0,0.0,0.0,0.09907747060060501,False,False,0.0,0.0,0.0,[],10.0,10.0,1,10.0,0,0.009493542000001298
aco_current,10,7934,83,15,3,0.0,0.0,0.0,0.0,0.43936213850975037,False,False,0.0,0.0,0.0,[],10.0,10.0,1,10.0,0,0.009493542000001298
aco_current,10,7934,83,15,4,0.0,0.0,0.0,0.0,0.20313307642936707,False,False,0.0,0.0,0.0,[],10.0,10.0,1,10.0,0,0.009493542000001298
aco_current,10,7935,83,15,1,19.0,136.0,155.0,0.775,0.9997391700744629,False,False,0.0,155.0,0.0,[],0.0,0.0,0,0.0,0,2.4169999903733697e-06
aco_current,10,7935,83,15,2,0.0,0.0,0.0,0.0,0.09907747060060501,False,False,0.0,0.0,0.0,[],0.0,0.0,0,0.0,0,2.4169999903733697e-06
aco_current,10,7935,83,15,3,0.0,0.0,0.0,0.0,0.43936213850975037,False,False,0.0,0.0,0.0,[],0.0,0.0,0,0.0,0,2.4169999903733697e-06
aco_current,10,7935,83,15,4,0.0,0.0,0.0,0.0,0.20313307642936707,False,False,0.0,0.0,0.0,[],0.0,0.0,0,0.0,0,2.4169999903733697e-06
aco_current,10,7936,83,16,1,18.0,155.0,173.0,0.865,0.9999960660934448,True,True,30.0,143.0,0.0,[1],10.0,10.0,1,10.0,0,0.009708500000002118
aco_current,10,7936,83,16,2,0.0,0.0,0.0,0.0,0.09907747060060501,False,False,0.0,0.0,0.0,[],10.0,10.0,1,10.0,0,0.009708500000002118
aco_current,10,7936,83,16,3,0.0,0.0,0.0,0.0,0.43936213850975037,False,False,0.0,0.0,0.0,[],10.0,10.0,1,10.0,0,0.009708500000002118
aco_current,10,7936,83,16,4,0.0,0.0,0.0,0.0,0.20313307642936707,False,False,0.0,0.0,0.0,[],10.0,10.0,1,10.0,0,0.009708500000002118
aco_current,10,7937,83,16,1,19.0,143.0,162.0,0.81,0.9999515414237976,True,True,30.0,132.0,0.0,[1],10.0,10.0,1,10.0,0,0.009285500000004276
aco_current,10,7937,83,16,2,0.0,0.0,0.0,0.0,0.09907747060060501,False,False,0.0,0.0,0.0,[],10.0,10.0,1,10.0,0,0.009285500000004276
aco_current,10,7937,83,16,3,0.0,0.0,0.0,0.0,0.43936213850975037,False,False,0.0,0.0,0.0,[],10.0,10.0,1,10.0,0,0.009285500000004276
aco_current,10,7937,83,16,4,0.0,0.0,0.0,0.0,0.20313307642936707,False,False,0.0,0.0,0.0,[],10.0,10.0,1,10.0,0,0.009285500000004276
aco_current,10,7938,83,16,1,19.0,132.0,151.0,0.755,0.999475359916687,False,False,0.0,151.0,0.0,[],0.0,0.0,0,0.0,0,3.708999997797946e-06
aco_current,10,7938,83,16,2,0.0,0.0,0.0,0.0,0.09907747060060501,False,False,0.0,0.0,0.0,[],0.0,0.0,0,0.0,0,3.708999997797946e-06
aco_current,10,7938,83,16,3,0.0,0.0,0.0,0.0,0.43936213850975037,False,False,0.0,0.0,0.0,[],0.0,0.0,0,0.0,0,3.708999997797946e-06
aco_current,10,7938,83,16,4,0.0,0.0,0.0,0.0,0.20313307642936707,False,False,0.0,0.0,0.0,[],0.0,0.0,0,0.0,0,3.708999997797946e-06
aco_current,10,7939,83,16,1,20.0,151.0,171.0,0.855,0.9999966621398926,True,True,30.0,141.0,0.0,[1],10.0,10.0,1,10.0,0,0.009670208000002845
aco_current,10,7939,83,16,2,0.0,0.0,0.0,0.0,0.09907747060060501,False,False,0.0,0.0,0.0,[],10.0,10.0,1,10.0,0,0.009670208000002845
aco_current,10,7939,83,16,3,0.0,0.0,0.0,0.0,0.43936213850975037,False,False,0.0,0.0,0.0,[],10.0,10.0,1,10.0,0,0.009670208000002845
aco_current,10,7939,83,16,4,0.0,0.0,0.0,0.0,0.20313307642936707,False,False,0.0,0.0,0.0,[],10.0,10.0,1,10.0,0,0.009670208000002845
aco_current,10,7940,83,17,1,19.0,141.0,160.0,0.8,0.9999196529388428,True,True,30.0,130.0,0.0,[1],10.0,10.0,1,10.0,0,0.00954529199999854
aco_current,10,7940,83,17,2,0.0,0.0,0.0,0.0,0.09907747060060501,False,False,0.0,0.0,0.0,[],10.0,10.0,1,10.0,0,0.00954529199999854
aco_current,10,7940,83,17,3,0.0,0.0,0.0,0.0,0.43936213850975037,False,False,0.0,0.0,0.0,[],10.0,10.0,1,10.0,0,0.00954529199999854
aco_current,10,7940,83,17,4,0.0,0.0,0.0,0.0,0.20313307642936707,False,False,0.0,0.0,0.0,[],10.0,10.0,1,10.0,0,0.00954529199999854
aco_current,10,7941,83,17,1,19.0,130.0,149.0,0.745,0.9993072152137756,False,False,0.0,149.0,0.0,[],0.0,0.0,0,0.0,0,3.2500000060053935e-06
aco_current,10,7941,83,17,2,0.0,0.0,0.0,0.0,0.09907747060060501,False,False,0.0,0.0,0.0,[],0.0,0.0,0,0.0,0,3.2500000060053935e-06
aco_current,10,7941,83,17,3,0.0,0.0,0.0,0.0,0.43936213850975037,False,False,0.0,0.0,0.0,[],0.0,0.0,0,0.0,0,3.2500000060053935e-06
aco_current,10,7941,83,17,4,0.0,0.0,0.0,0.0,0.20313307642936707,False,False,0.0,0.0,0.0,[],0.0,0.0,0,0.0,0,3.2500000060053935e-06
aco_current,10,7942,83,17,1,18.0,149.0,167.0,0.835,0.999981164932251,True,True,30.0,137.0,0.0,[1],10.0,10.0,1,10.0,0,0.009341792000000737
aco_current,10,7942,83,17,2,0.0,0.0,0.0,0.0,0.09907747060060501,False,False,0.0,0.0,0.0,[],10.0,10.0,1,10.0,0,0.009341792000000737
aco_current,10,7942,83,17,3,0.0,0.0,0.0,0.0,0.43936213850975037,False,False,0.0,0.0,0.0,[],10.0,10.0,1,10.0,0,0.009341792000000737
aco_current,10,7942,83,17,4,0.0,0.0,0.0,0.0,0.20313307642936707,False,False,0.0,0.0,0.0,[],10.0,10.0,1,10.0,0,0.009341792000000737
aco_current,10,7943,83,17,1,19.0,137.0,156.0,0.78,0.9997922778129578,False,False,0.0,156.0,0.0,[],0.0,0.0,0,0.0,0,8.917000002384157e-06
aco_current,10,7943,83,17,2,0.0,0.0,0.0,0.0,0.09907747060060501,False,False,0.0,0.0,0.0,[],0.0,0.0,0,0.0,0,8.917000002384157e-06
aco_current,10,7943,83,17,3,0.0,0.0,0.0,0.0,0.43936213850975037,False,False,0.0,0.0,0.0,[],0.0,0.0,0,0.0,0,8.917000002384157e-06
aco_current,10,7943,83,17,4,0.0,0.0,0.0,0.0,0.20313307642936707,False,False,0.0,0.0,0.0,[],0.0,0.0,0,0.0,0,8.917000002384157e-06
aco_current,10,7944,83,18,1,19.0,156.0,175.0,0.875,0.9999983310699463,True,True,30.0,145.0,0.0,[1],10.0,10.0,1,10.0,0,0.01778550000000223
aco_current,10,7944,83,18,2,0.0,0.0,0.0,0.0,0.09907747060060501,False,False,0.0,0.0,0.0,[],10.0,10.0,1,10.0,0,0.01778550000000223
aco_current,10,7944,83,18,3,0.0,0.0,0.0,0.0,0.43936213850975037,False,False,0.0,0.0,0.0,[],10.0,10.0,1,10.0,0,0.01778550000000223
aco_current,10,7944,83,18,4,0.0,0.0,0.0,0.0,0.20313307642936707,False,False,0.0,0.0,0.0,[],10.0,10.0,1,10.0,0,0.01778550000000223
aco_current,10,7945,83,18,1,19.0,145.0,164.0,0.82,0.9999710917472839,True,True,30.0,134.0,0.0,[1],10.0,10.0,1,10.0,0,0.009566917000000785
aco_current,10,7945,83,18,2,0.0,0.0,0.0,0.0,0.09907747060060501,False,False,0.0,0.0,0.0,[],10.0,10.0,1,10.0,0,0.009566917000000785
aco_current,10,7945,83,18,3,0.0,0.0,0.0,0.0,0.43936213850975037,False,False,0.0,0.0,0.0,[],10.0,10.0,1,10.0,0,0.009566917000000785
aco_current,10,7945,83,18,4,0.0,0.0,0.0,0.0,0.20313307642936707,False,False,0.0,0.0,0.0,[],10.0,10.0,1,10.0,0,0.009566917000000785
aco_current,10,7946,83,18,1,19.0,134.0,153.0,0.765,0.9996041059494019,False,False,0.0,153.0,0.0,[],0.0,0.0,0,0.0,0,3.2089999990603246e-06
aco_current,10,7946,83,18,2,0.0,0.0,0.0,0.0,0.09907747060060501,False,False,0.0,0.0,0.0,[],0.0,0.0,0,0.0,0,3.2089999990603246e-06
aco_current,10,7946,83,18,3,0.0,0.0,0.0,0.0,0.43936213850975037,False,False,0.0,0.0,0.0,[],0.0,0.0,0,0.0,0,3.2089999990603246e-06
aco_current,10,7946,83,18,4,0.0,0.0,0.0,0.0,0.20313307642936707,False,False,0.0,0.0,0.0,[],0.0,0.0,0,0.0,0,3.2089999990603246e-06
aco_current,10,7947,83,18,1,3.0,153.0,156.0,0.78,0.8358743190765381,False,False,0.0,156.0,0.0,[],0.0,0.0,0,0.0,0,2.8750000069521775e-06
aco_current,10,7947,83,18,2,0.0,0.0,0.0,0.0,0.09907747060060501,False,False,0.0,0.0,0.0,[],0.0,0.0,0,0.0,0,2.8750000069521775e-06
aco_current,10,7947,83,18,3,0.0,0.0,0.0,0.0,0.43936213850975037,False,False,0.0,0.0,0.0,[],0.0,0.0,0,0.0,0,2.8750000069521775e-06
aco_current,10,7947,83,18,4,0.0,0.0,0.0,0.0,0.20313307642936707,False,False,0.0,0.0,0.0,[],0.0,0.0,0,0.0,0,2.8750000069521775e-06
aco_current,10,7948,83,19,1,0.0,156.0,156.0,0.78,0.28578832745552063,False,False,0.0,156.0,0.0,[],0.0,0.0,0,0.0,0,3.040999999370797e-06
aco_current,10,7948,83,19,2,0.0,0.0,0.0,0.0,0.09907747060060501,False,False,0.0,0.0,0.0,[],0.0,0.0,0,0.0,0,3.040999999370797e-06
aco_current,10,7948,83,19,3,0.0,0.0,0.0,0.0,0.43936213850975037,False,False,0.0,0.0,0.0,[],0.0,0.0,0,0.0,0,3.040999999370797e-06
aco_current,10,7948,83,19,4,0.0,0.0,0.0,0.0,0.20313307642936707,False,False,0.0,0.0,0.0,[],0.0,0.0,0,0.0,0,3.040999999370797e-06
aco_current,10,7949,83,19,1,0.0,156.0,156.0,0.78,0.29466474056243896,False,False,0.0,156.0,0.0,[],0.0,0.0,0,0.0,0,2.207999997949628e-06
aco_current,10,7949,83,19,2,0.0,0.0,0.0,0.0,0.09907747060060501,False,False,0.0,0.0,0.0,[],0.0,0.0,0,0.0,0,2.207999997949628e-06
aco_current,10,7949,83,19,3,0.0,0.0,0.0,0.0,0.43936213850975037,False,False,0.0,0.0,0.0,[],0.0,0.0,0,0.0,0,2.207999997949628e-06
aco_current,10,7949,83,19,4,0.0,0.0,0.0,0.0,0.20313307642936707,False,False,0.0,0.0,0.0,[],0.0,0.0,0,0.0,0,2.207999997949628e-06
aco_current,10,7950,83,19,1,0.0,156.0,156.0,0.78,0.2992250621318817,False,False,0.0,156.0,0.0,[],0.0,0.0,0,0.0,0,2.708000010898104e-06
aco_current,10,7950,83,19,2,0.0,0.0,0.0,0.0,0.09907747060060501,False,False,0.0,0.0,0.0,[],0.0,0.0,0,0.0,0,2.708000010898104e-06
aco_current,10,7950,83,19,3,0.0,0.0,0.0,0.0,0.43936213850975037,False,False,0.0,0.0,0.0,[],0.0,0.0,0,0.0,0,2.708000010898104e-06
aco_current,10,7950,83,19,4,0.0,0.0,0.0,0.0,0.20313307642936707,False,False,0.0,0.0,0.0,[],0.0,0.0,0,0.0,0,2.708000010898104e-06
aco_current,10,7951,83,19,1,0.0,156.0,156.0,0.78,0.312997430562973,False,False,0.0,156.0,0.0,[],0.0,0.0,0,0.0,0,1.8329999988964119e-06
aco_current,10,7951,83,19,2,0.0,0.0,0.0,0.0,0.09907747060060501,False,False,0.0,0.0,0.0,[],0.0,0.0,0,0.0,0,1.8329999988964119e-06
aco_current,10,7951,83,19,3,0.0,0.0,0.0,0.0,0.43936213850975037,False,False,0.0,0.0,0.0,[],0.0,0.0,0,0.0,0,1.8329999988964119e-06
aco_current,10,7951,83,19,4,0.0,0.0,0.0,0.0,0.20313307642936707,False,False,0.0,0.0,0.0,[],0.0,0.0,0,0.0,0,1.8329999988964119e-06
aco_current,10,7952,83,20,1,0.0,156.0,156.0,0.78,0.312997430562973,False,False,0.0,156.0,0.0,[],0.0,0.0,0,0.0,0,1.8750000094769348e-06
aco_current,10,7952,83,20,2,0.0,0.0,0.0,0.0,0.09907747060060501,False,False,0.0,0.0,0.0,[],0.0,0.0,0,0.0,0,1.8750000094769348e-06
aco_current,10,7952,83,20,3,0.0,0.0,0.0,0.0,0.43936213850975037,False,False,0.0,0.0,0.0,[],0.0,0.0,0,0.0,0,1.8750000094769348e-06
aco_current,10,7952,83,20,4,0.0,0.0,0.0,0.0,0.20313307642936707,False,False,0.0,0.0,0.0,[],0.0,0.0,0,0.0,0,1.8750000094769348e-06
aco_current,10,7953,83,20,1,0.0,156.0,156.0,0.78,0.312997430562973,False,False,0.0,156.0,0.0,[],0.0,0.0,0,0.0,0,2.8329999963716546e-06
aco_current,10,7953,83,20,2,0.0,0.0,0.0,0.0,0.09907747060060501,False,False,0.0,0.0,0.0,[],0.0,0.0,0,0.0,0,2.8329999963716546e-06
aco_current,10,7953,83,20,3,0.0,0.0,0.0,0.0,0.43936213850975037,False,False,0.0,0.0,0.0,[],0.0,0.0,0,0.0,0,2.8329999963716546e-06
aco_current,10,7953,83,20,4,0.0,0.0,0.0,0.0,0.20313307642936707,False,False,0.0,0.0,0.0,[],0.0,0.0,0,0.0,0,2.8329999963716546e-06
aco_current,10,7954,83,20,1,0.0,156.0,156.0,0.78,0.312997430562973,False,False,0.0,156.0,0.0,[],0.0,0.0,0,0.0,0,2.1660000015799596e-06
aco_current,10,7954,83,20,2,0.0,0.0,0.0,0.0,0.09907747060060501,False,False,0.0,0.0,0.0,[],0.0,0.0,0,0.0,0,2.1660000015799596e-06
aco_current,10,7954,83,20,3,0.0,0.0,0.0,0.0,0.43936213850975037,False,False,0.0,0.0,0.0,[],0.0,0.0,0,0.0,0,2.1660000015799596e-06
aco_current,10,7954,83,20,4,0.0,0.0,0.0,0.0,0.20313307642936707,False,False,0.0,0.0,0.0,[],0.0,0.0,0,0.0,0,2.1660000015799596e-06
aco_current,10,7955,83,20,1,0.0,156.0,156.0,0.78,0.312997430562973,False,False,0.0,156.0,0.0,[],0.0,0.0,0,0.0,0,3.374999991478944e-06
aco_current,10,7955,83,20,2,0.0,0.0,0.0,0.0,0.09907747060060501,False,False,0.0,0.0,0.0,[],0.0,0.0,0,0.0,0,3.374999991478944e-06
aco_current,10,7955,83,20,3,0.0,0.0,0.0,0.0,0.43936213850975037,False,False,0.0,0.0,0.0,[],0.0,0.0,0,0.0,0,3.374999991478944e-06
aco_current,10,7955,83,20,4,0.0,0.0,0.0,0.0,0.20313307642936707,False,False,0.0,0.0,0.0,[],0.0,0.0,0,0.0,0,3.374999991478944e-06
aco_current,10,7956,83,21,1,0.0,156.0,156.0,0.78,0.312997430562973,False,False,0.0,156.0,0.0,[],0.0,0.0,0,0.0,0,2.0410000018955543e-06
aco_current,10,7956,83,21,2,0.0,0.0,0.0,0.0,0.09907747060060501,False,False,0.0,0.0,0.0,[],0.0,0.0,0,0.0,0,2.0410000018955543e-06
aco_current,10,7956,83,21,3,0.0,0.0,0.0,0.0,0.43936213850975037,False,False,0.0,0.0,0.0,[],0.0,0.0,0,0.0,0,2.0410000018955543e-06
aco_current,10,7956,83,21,4,0.0,0.0,0.0,0.0,0.20313307642936707,False,False,0.0,0.0,0.0,[],0.0,0.0,0,0.0,0,2.0410000018955543e-06
aco_current,10,7957,83,21,1,0.0,156.0,156.0,0.78,0.312997430562973,False,False,0.0,156.0,0.0,[],0.0,0.0,0,0.0,0,1.8750000094769348e-06
aco_current,10,7957,83,21,2,0.0,0.0,0.0,0.0,0.09907747060060501,False,False,0.0,0.0,0.0,[],0.0,0.0,0,0.0,0,1.8750000094769348e-06
aco_current,10,7957,83,21,3,0.0,0.0,0.0,0.0,0.43936213850975037,False,False,0.0,0.0,0.0,[],0.0,0.0,0,0.0,0,1.8750000094769348e-06
aco_current,10,7957,83,21,4,0.0,0.0,0.0,0.0,0.20313307642936707,False,False,0.0,0.0,0.0,[],0.0,0.0,0,0.0,0,1.8750000094769348e-06
aco_current,10,7958,83,21,1,0.0,156.0,156.0,0.78,0.312997430562973,False,False,0.0,156.0,0.0,[],0.0,0.0,0,0.0,0,2.4590000009538926e-06
aco_current,10,7958,83,21,2,0.0,0.0,0.0,0.0,0.09907747060060501,False,False,0.0,0.0,0.0,[],0.0,0.0,0,0.0,0,2.4590000009538926e-06
aco_current,10,7958,83,21,3,0.0,0.0,0.0,0.0,0.43936213850975037,False,False,0.0,0.0,0.0,[],0.0,0.0,0,0.0,0,2.4590000009538926e-06
aco_current,10,7958,83,21,4,0.0,0.0,0.0,0.0,0.20313307642936707,False,False,0.0,0.0,0.0,[],0.0,0.0,0,0.0,0,2.4590000009538926e-06
aco_current,10,7959,83,21,1,0.0,156.0,156.0,0.78,0.312997430562973,False,False,0.0,156.0,0.0,[],0.0,0.0,0,0.0,0,1.8329999988964119e-06
aco_current,10,7959,83,21,2,0.0,0.0,0.0,0.0,0.09907747060060501,False,False,0.0,0.0,0.0,[],0.0,0.0,0,0.0,0,1.8329999988964119e-06
aco_current,10,7959,83,21,3,0.0,0.0,0.0,0.0,0.43936213850975037,False,False,0.0,0.0,0.0,[],0.0,0.0,0,0.0,0,1.8329999988964119e-06
aco_current,10,7959,83,21,4,0.0,0.0,0.0,0.0,0.20313307642936707,False,False,0.0,0.0,0.0,[],0.0,0.0,0,0.0,0,1.8329999988964119e-06
aco_current,10,7960,83,22,1,0.0,156.0,156.0,0.78,0.312997430562973,False,False,0.0,156.0,0.0,[],0.0,0.0,0,0.0,0,1.9999999949504854e-06
aco_current,10,7960,83,22,2,0.0,0.0,0.0,0.0,0.09907747060060501,False,False,0.0,0.0,0.0,[],0.0,0.0,0,0.0,0,1.9999999949504854e-06
aco_current,10,7960,83,22,3,0.0,0.0,0.0,0.0,0.43936213850975037,False,False,0.0,0.0,0.0,[],0.0,0.0,0,0.0,0,1.9999999949504854e-06
aco_current,10,7960,83,22,4,0.0,0.0,0.0,0.0,0.20313307642936707,False,False,0.0,0.0,0.0,[],0.0,0.0,0,0.0,0,1.9999999949504854e-06
aco_current,10,7961,83,22,1,0.0,156.0,156.0,0.78,0.312997430562973,False,False,0.0,156.0,0.0,[],0.0,0.0,0,0.0,0,3.042000003006251e-06
aco_current,10,7961,83,22,2,0.0,0.0,0.0,0.0,0.09907747060060501,False,False,0.0,0.0,0.0,[],0.0,0.0,0,0.0,0,3.042000003006251e-06
aco_current,10,7961,83,22,3,0.0,0.0,0.0,0.0,0.43936213850975037,False,False,0.0,0.0,0.0,[],0.0,0.0,0,0.0,0,3.042000003006251e-06
aco_current,10,7961,83,22,4,0.0,0.0,0.0,0.0,0.20313307642936707,False,False,0.0,0.0,0.0,[],0.0,0.0,0,0.0,0,3.042000003006251e-06
aco_current,10,7962,83,22,1,0.0,156.0,156.0,0.78,0.312997430562973,False,False,0.0,156.0,0.0,[],0.0,0.0,0,0.0,0,2.249999994319296e-06
aco_current,10,7962,83,22,2,0.0,0.0,0.0,0.0,0.09907747060060501,False,False,0.0,0.0,0.0,[],0.0,0.0,0,0.0,0,2.249999994319296e-06
aco_current,10,7962,83,22,3,0.0,0.0,0.0,0.0,0.43936213850975037,False,False,0.0,0.0,0.0,[],0.0,0.0,0,0.0,0,2.249999994319296e-06
aco_current,10,7962,83,22,4,0.0,0.0,0.0,0.0,0.20313307642936707,False,False,0.0,0.0,0.0,[],0.0,0.0,0,0.0,0,2.249999994319296e-06
aco_current,10,7963,83,22,1,0.0,156.0,156.0,0.78,0.312997430562973,False,False,0.0,156.0,0.0,[],0.0,0.0,0,0.0,0,2.7920000036374404e-06
aco_current,10,7963,83,22,2,0.0,0.0,0.0,0.0,0.09907747060060501,False,False,0.0,0.0,0.0,[],0.0,0.0,0,0.0,0,2.7920000036374404e-06
aco_current,10,7963,83,22,3,0.0,0.0,0.0,0.0,0.43936213850975037,False,False,0.0,0.0,0.0,[],0.0,0.0,0,0.0,0,2.7920000036374404e-06
aco_current,10,7963,83,22,4,0.0,0.0,0.0,0.0,0.20313307642936707,False,False,0.0,0.0,0.0,[],0.0,0.0,0,0.0,0,2.7920000036374404e-06
aco_current,10,7964,83,23,1,0.0,156.0,156.0,0.78,0.312997430562973,False,False,0.0,156.0,0.0,[],0.0,0.0,0,0.0,0,2.00000000916134e-06
aco_current,10,7964,83,23,2,0.0,0.0,0.0,0.0,0.09907747060060501,False,False,0.0,0.0,0.0,[],0.0,0.0,0,0.0,0,2.00000000916134e-06
aco_current,10,7964,83,23,3,0.0,0.0,0.0,0.0,0.43936213850975037,False,False,0.0,0.0,0.0,[],0.0,0.0,0,0.0,0,2.00000000916134e-06
aco_current,10,7964,83,23,4,0.0,0.0,0.0,0.0,0.20313307642936707,False,False,0.0,0.0,0.0,[],0.0,0.0,0,0.0,0,2.00000000916134e-06
aco_current,10,7965,83,23,1,0.0,156.0,156.0,0.78,0.312997430562973,False,False,0.0,156.0,0.0,[],0.0,0.0,0,0.0,0,1.7910000025267436e-06
aco_current,10,7965,83,23,2,0.0,0.0,0.0,0.0,0.09907747060060501,False,False,0.0,0.0,0.0,[],0.0,0.0,0,0.0,0,1.7910000025267436e-06
aco_current,10,7965,83,23,3,0.0,0.0,0.0,0.0,0.43936213850975037,False,False,0.0,0.0,0.0,[],0.0,0.0,0,0.0,0,1.7910000025267436e-06
aco_current,10,7965,83,23,4,0.0,0.0,0.0,0.0,0.20313307642936707,False,False,0.0,0.0,0.0,[],0.0,0.0,0,0.0,0,1.7910000025267436e-06
aco_current,10,7966,83,23,1,0.0,156.0,156.0,0.78,0.312997430562973,False,False,0.0,156.0,0.0,[],0.0,0.0,0,0.0,0,2.292000004899819e-06
aco_current,10,7966,83,23,2,0.0,0.0,0.0,0.0,0.09907747060060501,False,False,0.0,0.0,0.0,[],0.0,0.0,0,0.0,0,2.292000004899819e-06
aco_current,10,7966,83,23,3,0.0,0.0,0.0,0.0,0.43936213850975037,False,False,0.0,0.0,0.0,[],0.0,0.0,0,0.0,0,2.292000004899819e-06
aco_current,10,7966,83,23,4,0.0,0.0,0.0,0.0,0.20313307642936707,False,False,0.0,0.0,0.0,[],0.0,0.0,0,0.0,0,2.292000004899819e-06
aco_current,10,7967,83,23,1,0.0,156.0,156.0,0.78,0.312997430562973,False,False,0.0,156.0,0.0,[],0.0,0.0,0,0.0,0,1.8329999988964119e-06
aco_current,10,7967,83,23,2,0.0,0.0,0.0,0.0,0.09907747060060501,False,False,0.0,0.0,0.0,[],0.0,0.0,0,0.0,0,1.8329999988964119e-06
aco_current,10,7967,83,23,3,0.0,0.0,0.0,0.0,0.43936213850975037,False,False,0.0,0.0,0.0,[],0.0,0.0,0,0.0,0,1.8329999988964119e-06
aco_current,10,7967,83,23,4,0.0,0.0,0.0,0.0,0.20313307642936707,False,False,0.0,0.0,0.0,[],0.0,0.0,0,0.0,0,1.8329999988964119e-06
aco_current,10,7968,84,0,1,44.0,156.0,200.0,1.0,1.0,True,True,30.0,170.0,0.0,[1],10.0,10.0,1,10.0,0,0.009600207999994836
aco_current,10,7968,84,0,2,0.0,0.0,0.0,0.0,0.09907747060060501,False,False,0.0,0.0,0.0,[],10.0,10.0,1,10.0,0,0.009600207999994836
aco_current,10,7968,84,0,3,0.0,0.0,0.0,0.0,0.43936213850975037,False,False,0.0,0.0,0.0,[],10.0,10.0,1,10.0,0,0.009600207999994836
aco_current,10,7968,84,0,4,0.0,0.0,0.0,0.0,0.20313307642936707,False,False,0.0,0.0,0.0,[],10.0,10.0,1,10.0,0,0.009600207999994836
aco_current,10,7969,84,0,1,38.0,170.0,208.0,1.04,1.0,True,True,30.0,178.0,0.0,[1],10.0,10.0,1,10.0,0,0.009510250000005271
aco_current,10,7969,84,0,2,0.0,0.0,0.0,0.0,0.09907747060060501,False,False,0.0,0.0,0.0,[],10.0,10.0,1,10.0,0,0.009510250000005271
aco_current,10,7969,84,0,3,0.0,0.0,0.0,0.0,0.43936213850975037,False,False,0.0,0.0,0.0,[],10.0,10.0,1,10.0,0,0.009510250000005271
aco_current,10,7969,84,0,4,0.0,0.0,0.0,0.0,0.20313307642936707,False,False,0.0,0.0,0.0,[],10.0,10.0,1,10.0,0,0.009510250000005271
aco_current,10,7970,84,0,1,33.0,178.0,211.0,1.055,1.0,True,True,30.0,181.0,0.0,[1],10.0,10.0,1,10.0,0,0.009760583000002043
aco_current,10,7970,84,0,2,0.0,0.0,0.0,0.0,0.09907747060060501,False,False,0.0,0.0,0.0,[],10.0,10.0,1,10.0,0,0.009760583000002043
aco_current,10,7970,84,0,3,0.0,0.0,0.0,0.0,0.43936213850975037,False,False,0.0,0.0,0.0,[],10.0,10.0,1,10.0,0,0.009760583000002043
aco_current,10,7970,84,0,4,0.0,0.0,0.0,0.0,0.20313307642936707,False,False,0.0,0.0,0.0,[],10.0,10.0,1,10.0,0,0.009760583000002043
aco_current,10,7971,84,0,1,21.0,181.0,202.0,1.01,1.0,True,True,30.0,172.0,0.0,[1],10.0,10.0,1,10.0,0,0.009790957999996408
aco_current,10,7971,84,0,2,0.0,0.0,0.0,0.0,0.09907747060060501,False,False,0.0,0.0,0.0,[],10.0,10.0,1,10.0,0,0.009790957999996408
aco_current,10,7971,84,0,3,0.0,0.0,0.0,0.0,0.43936213850975037,False,False,0.0,0.0,0.0,[],10.0,10.0,1,10.0,0,0.009790957999996408
aco_current,10,7971,84,0,4,0.0,0.0,0.0,0.0,0.20313307642936707,False,False,0.0,0.0,0.0,[],10.0,10.0,1,10.0,0,0.009790957999996408
aco_current,10,7972,84,1,1,23.0,172.0,195.0,0.975,1.0,True,True,30.0,165.0,0.0,[1],10.0,10.0,1,10.0,0,0.00974391700000865
aco_current,10,7972,84,1,2,0.0,0.0,0.0,0.0,0.09907747060060501,False,False,0.0,0.0,0.0,[],10.0,10.0,1,10.0,0,0.00974391700000865
aco_current,10,7972,84,1,3,0.0,0.0,0.0,0.0,0.43936213850975037,False,False,0.0,0.0,0.0,[],10.0,10.0,1,10.0,0,0.00974391700000865
aco_current,10,7972,84,1,4,0.0,0.0,0.0,0.0,0.20313307642936707,False,False,0.0,0.0,0.0,[],10.0,10.0,1,10.0,0,0.00974391700000865
aco_current,10,7973,84,1,1,22.0,165.0,187.0,0.935,1.0,True,True,30.0,157.0,0.0,[1],10.0,10.0,1,10.0,0,0.009769417000001113
aco_current,10,7973,84,1,2,0.0,0.0,0.0,0.0,0.09907747060060501,False,False,0.0,0.0,0.0,[],10.0,10.0,1,10.0,0,0.009769417000001113
aco_current,10,7973,84,1,3,0.0,0.0,0.0,0.0,0.43936213850975037,False,False,0.0,0.0,0.0,[],10.0,10.0,1,10.0,0,0.009769417000001113
aco_current,10,7973,84,1,4,0.0,0.0,0.0,0.0,0.20313307642936707,False,False,0.0,0.0,0.0,[],10.0,10.0,1,10.0,0,0.009769417000001113
aco_current,10,7974,84,1,1,24.0,157.0,181.0,0.905,1.0,True,True,30.0,151.0,0.0,[1],10.0,10.0,1,10.0,0,0.01011179199998935
aco_current,10,7974,84,1,2,0.0,0.0,0.0,0.0,0.09907747060060501,False,False,0.0,0.0,0.0,[],10.0,10.0,1,10.0,0,0.01011179199998935
aco_current,10,7974,84,1,3,0.0,0.0,0.0,0.0,0.43936213850975037,False,False,0.0,0.0,0.0,[],10.0,10.0,1,10.0,0,0.01011179199998935
aco_current,10,7974,84,1,4,0.0,0.0,0.0,0.0,0.20313307642936707,False,False,0.0,0.0,0.0,[],10.0,10.0,1,10.0,0,0.01011179199998935
aco_current,10,7975,84,1,1,28.0,151.0,179.0,0.895,1.0,True,True,30.0,149.0,0.0,[1],10.0,10.0,1,10.0,0,0.00995887500000947
aco_current,10,7975,84,1,2,0.0,0.0,0.0,0.0,0.09907747060060501,False,False,0.0,0.0,0.0,[],10.0,10.0,1,10.0,0,0.00995887500000947
aco_current,10,7975,84,1,3,0.0,0.0,0.0,0.0,0.43936213850975037,False,False,0.0,0.0,0.0,[],10.0,10.0,1,10.0,0,0.00995887500000947
aco_current,10,7975,84,1,4,0.0,0.0,0.0,0.0,0.20313307642936707,False,False,0.0,0.0,0.0,[],10.0,10.0,1,10.0,0,0.00995887500000947
aco_current,10,7976,84,2,1,30.0,149.0,179.0,0.895,1.0,True,True,30.0,149.0,0.0,[1],10.0,10.0,1,10.0,0,0.010010625000006712
aco_current,10,7976,84,2,2,0.0,0.0,0.0,0.0,0.09907747060060501,False,False,0.0,0.0,0.0,[],10.0,10.0,1,10.0,0,0.010010625000006712
aco_current,10,7976,84,2,3,0.0,0.0,0.0,0.0,0.43936213850975037,False,False,0.0,0.0,0.0,[],10.0,10.0,1,10.0,0,0.010010625000006712
aco_current,10,7976,84,2,4,0.0,0.0,0.0,0.0,0.20313307642936707,False,False,0.0,0.0,0.0,[],10.0,10.0,1,10.0,0,0.010010625000006712
aco_current,10,7977,84,2,1,32.0,149.0,181.0,0.905,1.0,True,True,30.0,151.0,0.0,[1],10.0,10.0,1,10.0,0,0.009824457999997094
aco_current,10,7977,84,2,2,0.0,0.0,0.0,0.0,0.09907747060060501,False,False,0.0,0.0,0.0,[],10.0,10.0,1,10.0,0,0.009824457999997094
aco_current,10,7977,84,2,3,0.0,0.0,0.0,0.0,0.43936213850975037,False,False,0.0,0.0,0.0,[],10.0,10.0,1,10.0,0,0.009824457999997094
aco_current,10,7977,84,2,4,0.0,0.0,0.0,0.0,0.20313307642936707,False,False,0.0,0.0,0.0,[],10.0,10.0,1,10.0,0,0.009824457999997094
aco_current,10,7978,84,2,1,27.0,151.0,178.0,0.89,1.0,True,True,30.0,148.0,0.0,[1],10.0,10.0,1,10.0,0,0.010306083000003241
aco_current,10,7978,84,2,2,0.0,0.0,0.0,0.0,0.09907747060060501,False,False,0.0,0.0,0.0,[],10.0,10.0,1,10.0,0,0.010306083000003241
aco_current,10,7978,84,2,3,0.0,0.0,0.0,0.0,0.43936213850975037,False,False,0.0,0.0,0.0,[],10.0,10.0,1,10.0,0,0.010306083000003241
aco_current,10,7978,84,2,4,0.0,0.0,0.0,0.0,0.20313307642936707,False,False,0.0,0.0,0.0,[],10.0,10.0,1,10.0,0,0.010306083000003241
aco_current,10,7979,84,2,1,26.0,148.0,174.0,0.87,0.9999998211860657,True,True,30.0,144.0,0.0,[1],10.0,10.0,1,10.0,0,0.009924667000007048
aco_current,10,7979,84,2,2,0.0,0.0,0.0,0.0,0.09907747060060501,False,False,0.0,0.0,0.0,[],10.0,10.0,1,10.0,0,0.009924667000007048
aco_current,10,7979,84,2,3,0.0,0.0,0.0,0.0,0.43936213850975037,False,False,0.0,0.0,0.0,[],10.0,10.0,1,10.0,0,0.009924667000007048
aco_current,10,7979,84,2,4,0.0,0.0,0.0,0.0,0.20313307642936707,False,False,0.0,0.0,0.0,[],10.0,10.0,1,10.0,0,0.009924667000007048
aco_current,10,7980,84,3,1,24.0,144.0,168.0,0.84,0.9999985098838806,True,True,30.0,138.0,0.0,[1],10.0,10.0,1,10.0,0,0.009944666999999185
aco_current,10,7980,84,3,2,0.0,0.0,0.0,0.0,0.09907747060060501,False,False,0.0,0.0,0.0,[],10.0,10.0,1,10.0,0,0.009944666999999185
aco_current,10,7980,84,3,3,0.0,0.0,0.0,0.0,0.43936213850975037,False,False,0.0,0.0,0.0,[],10.0,10.0,1,10.0,0,0.009944666999999185
aco_current,10,7980,84,3,4,0.0,0.0,0.0,0.0,0.20313307642936707,False,False,0.0,0.0,0.0,[],10.0,10.0,1,10.0,0,0.009944666999999185
aco_current,10,7981,84,3,1,26.0,138.0,164.0,0.82,0.9999977350234985,True,True,30.0,134.0,0.0,[1],10.0,10.0,1,10.0,0,0.009842208999998547
aco_current,10,7981,84,3,2,0.0,0.0,0.0,0.0,0.09907747060060501,False,False,0.0,0.0,0.0,[],10.0,10.0,1,10.0,0,0.009842208999998547
aco_current,10,7981,84,3,3,0.0,0.0,0.0,0.0,0.43936213850975037,False,False,0.0,0.0,0.0,[],10.0,10.0,1,10.0,0,0.009842208999998547
aco_current,10,7981,84,3,4,0.0,0.0,0.0,0.0,0.20313307642936707,False,False,0.0,0.0,0.0,[],10.0,10.0,1,10.0,0,0.009842208999998547
aco_current,10,7982,84,3,1,27.0,134.0,161.0,0.805,0.9999964237213135,True,True,30.0,131.0,0.0,[1],10.0,10.0,1,10.0,0,0.009766875000011055
aco_current,10,7982,84,3,2,0.0,0.0,0.0,0.0,0.09907747060060501,False,False,0.0,0.0,0.0,[],10.0,10.0,1,10.0,0,0.009766875000011055
aco_current,10,7982,84,3,3,0.0,0.0,0.0,0.0,0.43936213850975037,False,False,0.0,0.0,0.0,[],10.0,10.0,1,10.0,0,0.009766875000011055
aco_current,10,7982,84,3,4,0.0,0.0,0.0,0.0,0.20313307642936707,False,False,0.0,0.0,0.0,[],10.0,10.0,1,10.0,0,0.009766875000011055
aco_current,10,7983,84,3,1,27.0,131.0,158.0,0.79,0.9999921321868896,False,False,0.0,158.0,0.0,[],0.0,0.0,0,0.0,0,4.334000010430827e-06
aco_current,10,7983,84,3,2,0.0,0.0,0.0,0.0,0.09907747060060501,False,False,0.0,0.0,0.0,[],0.0,0.0,0,0.0,0,4.334000010430827e-06
aco_current,10,7983,84,3,3,0.0,0.0,0.0,0.0,0.43936213850975037,False,False,0.0,0.0,0.0,[],0.0,0.0,0,0.0,0,4.334000010430827e-06
aco_current,10,7983,84,3,4,0.0,0.0,0.0,0.0,0.20313307642936707,False,False,0.0,0.0,0.0,[],0.0,0.0,0,0.0,0,4.334000010430827e-06
aco_current,10,7984,84,4,1,26.0,158.0,184.0,0.92,1.0,True,True,30.0,154.0,0.0,[1],10.0,10.0,1,10.0,0,0.01021062499999914
aco_current,10,7984,84,4,2,0.0,0.0,0.0,0.0,0.09907747060060501,False,False,0.0,0.0,0.0,[],10.0,10.0,1,10.0,0,0.01021062499999914
aco_current,10,7984,84,4,3,0.0,0.0,0.0,0.0,0.43936213850975037,False,False,0.0,0.0,0.0,[],10.0,10.0,1,10.0,0,0.01021062499999914
aco_current,10,7984,84,4,4,0.0,0.0,0.0,0.0,0.20313307642936707,False,False,0.0,0.0,0.0,[],10.0,10.0,1,10.0,0,0.01021062499999914
aco_current,10,7985,84,4,1,26.0,154.0,180.0,0.9,1.0,True,True,30.0,150.0,0.0,[1],10.0,10.0,1,10.0,0,0.009859749999989731
aco_current,10,7985,84,4,2,0.0,0.0,0.0,0.0,0.09907747060060501,False,False,0.0,0.0,0.0,[],10.0,10.0,1,10.0,0,0.009859749999989731
aco_current,10,7985,84,4,3,0.0,0.0,0.0,0.0,0.43936213850975037,False,False,0.0,0.0,0.0,[],10.0,10.0,1,10.0,0,0.009859749999989731
aco_current,10,7985,84,4,4,0.0,0.0,0.0,0.0,0.20313307642936707,False,False,0.0,0.0,0.0,[],10.0,10.0,1,10.0,0,0.009859749999989731
aco_current,10,7986,84,4,1,27.0,150.0,177.0,0.885,1.0,True,True,30.0,147.0,0.0,[1],10.0,10.0,1,10.0,0,0.01005862499999921
aco_current,10,7986,84,4,2,0.0,0.0,0.0,0.0,0.09907747060060501,False,False,0.0,0.0,0.0,[],10.0,10.0,1,10.0,0,0.01005862499999921
aco_current,10,7986,84,4,3,0.0,0.0,0.0,0.0,0.43936213850975037,False,False,0.0,0.0,0.0,[],10.0,10.0,1,10.0,0,0.01005862499999921
aco_current,10,7986,84,4,4,0.0,0.0,0.0,0.0,0.20313307642936707,False,False,0.0,0.0,0.0,[],10.0,10.0,1,10.0,0,0.01005862499999921
aco_current,10,7987,84,4,1,31.0,147.0,178.0,0.89,1.0,True,True,30.0,148.0,0.0,[1],10.0,10.0,1,10.0,0,0.010201915999999756
aco_current,10,7987,84,4,2,0.0,0.0,0.0,0.0,0.09907747060060501,False,False,0.0,0.0,0.0,[],10.0,10.0,1,10.0,0,0.010201915999999756
aco_current,10,7987,84,4,3,0.0,0.0,0.0,0.0,0.43936213850975037,False,False,0.0,0.0,0.0,[],10.0,10.0,1,10.0,0,0.010201915999999756
aco_current,10,7987,84,4,4,0.0,0.0,0.0,0.0,0.20313307642936707,False,False,0.0,0.0,0.0,[],10.0,10.0,1,10.0,0,0.010201915999999756
aco_current,10,7988,84,5,1,31.0,148.0,179.0,0.895,1.0,True,True,30.0,149.0,0.0,[1],10.0,10.0,1,10.0,0,0.009922625000001517
aco_current,10,7988,84,5,2,0.0,0.0,0.0,0.0,0.09907747060060501,False,False,0.0,0.0,0.0,[],10.0,10.0,1,10.0,0,0.009922625000001517
aco_current,10,7988,84,5,3,0.0,0.0,0.0,0.0,0.43936213850975037,False,False,0.0,0.0,0.0,[],10.0,10.0,1,10.0,0,0.009922625000001517
aco_current,10,7988,84,5,4,0.0,0.0,0.0,0.0,0.20313307642936707,False,False,0.0,0.0,0.0,[],10.0,10.0,1,10.0,0,0.009922625000001517
aco_current,10,7989,84,5,1,31.0,149.0,180.0,0.9,1.0,True,True,30.0,150.0,0.0,[1],10.0,10.0,1,10.0,0,0.01004787499999793
aco_current,10,7989,84,5,2,0.0,0.0,0.0,0.0,0.09907747060060501,False,False,0.0,0.0,0.0,[],10.0,10.0,1,10.0,0,0.01004787499999793
aco_current,10,7989,84,5,3,0.0,0.0,0.0,0.0,0.43936213850975037,False,False,0.0,0.0,0.0,[],10.0,10.0,1,10.0,0,0.01004787499999793
aco_current,10,7989,84,5,4,0.0,0.0,0.0,0.0,0.20313307642936707,False,False,0.0,0.0,0.0,[],10.0,10.0,1,10.0,0,0.01004787499999793
aco_current,10,7990,84,5,1,31.0,150.0,181.0,0.905,1.0,True,True,30.0,151.0,0.0,[1],10.0,10.0,1,10.0,0,0.010252332999996838
aco_current,10,7990,84,5,2,0.0,0.0,0.0,0.0,0.09907747060060501,False,False,0.0,0.0,0.0,[],10.0,10.0,1,10.0,0,0.010252332999996838
aco_current,10,7990,84,5,3,0.0,0.0,0.0,0.0,0.43936213850975037,False,False,0.0,0.0,0.0,[],10.0,10.0,1,10.0,0,0.010252332999996838
aco_current,10,7990,84,5,4,0.0,0.0,0.0,0.0,0.20313307642936707,False,False,0.0,0.0,0.0,[],10.0,10.0,1,10.0,0,0.010252332999996838
aco_current,10,7991,84,5,1,30.0,151.0,181.0,0.905,1.0,True,True,30.0,151.0,0.0,[1],10.0,10.0,1,10.0,0,0.009991916999993578
aco_current,10,7991,84,5,2,0.0,0.0,0.0,0.0,0.09907747060060501,False,False,0.0,0.0,0.0,[],10.0,10.0,1,10.0,0,0.009991916999993578
aco_current,10,7991,84,5,3,0.0,0.0,0.0,0.0,0.43936213850975037,False,False,0.0,0.0,0.0,[],10.0,10.0,1,10.0,0,0.009991916999993578
aco_current,10,7991,84,5,4,0.0,0.0,0.0,0.0,0.20313307642936707,False,False,0.0,0.0,0.0,[],10.0,10.0,1,10.0,0,0.009991916999993578
aco_current,10,7992,84,6,1,28.0,151.0,179.0,0.895,1.0,True,True,30.0,149.0,0.0,[1],10.0,10.0,1,10.0,0,0.009804208000005588
aco_current,10,7992,84,6,2,0.0,0.0,0.0,0.0,0.09907747060060501,False,False,0.0,0.0,0.0,[],10.0,10.0,1,10.0,0,0.009804208000005588
aco_current,10,7992,84,6,3,0.0,0.0,0.0,0.0,0.43936213850975037,False,False,0.0,0.0,0.0,[],10.0,10.0,1,10.0,0,0.009804208000005588
aco_current,10,7992,84,6,4,0.0,0.0,0.0,0.0,0.20313307642936707,False,False,0.0,0.0,0.0,[],10.0,10.0,1,10.0,0,0.009804208000005588
aco_current,10,7993,84,6,1,28.0,149.0,177.0,0.885,1.0,True,True,30.0,147.0,0.0,[1],10.0,10.0,1,10.0,0,0.010145042000004878
aco_current,10,7993,84,6,2,0.0,0.0,0.0,0.0,0.09907747060060501,False,False,0.0,0.0,0.0,[],10.0,10.0,1,10.0,0,0.010145042000004878
aco_current,10,7993,84,6,3,0.0,0.0,0.0,0.0,0.43936213850975037,False,False,0.0,0.0,0.0,[],10.0,10.0,1,10.0,0,0.010145042000004878
aco_current,10,7993,84,6,4,0.0,0.0,0.0,0.0,0.20313307642936707,False,False,0.0,0.0,0.0,[],10.0,10.0,1,10.0,0,0.010145042000004878
aco_current,10,7994,84,6,1,28.0,147.0,175.0,0.875,0.9999999403953552,True,True,30.0,145.0,0.0,[1],10.0,10.0,1,10.0,0,0.009979833999992138
aco_current,10,7994,84,6,2,0.0,0.0,0.0,0.0,0.09907747060060501,False,False,0.0,0.0,0.0,[],10.0,10.0,1,10.0,0,0.009979833999992138
aco_current,10,7994,84,6,3,0.0,0.0,0.0,0.0,0.43936213850975037,False,False,0.0,0.0,0.0,[],10.0,10.0,1,10.0,0,0.009979833999992138
aco_current,10,7994,84,6,4,0.0,0.0,0.0,0.0,0.20313307642936707,False,False,0.0,0.0,0.0,[],10.0,10.0,1,10.0,0,0.009979833999992138
aco_current,10,7995,84,6,1,26.0,145.0,171.0,0.855,0.9999996423721313,True,True,30.0,141.0,0.0,[1],10.0,10.0,1,10.0,0,0.009901000000013482
aco_current,10,7995,84,6,2,0.0,0.0,0.0,0.0,0.09907747060060501,False,False,0.0,0.0,0.0,[],10.0,10.0,1,10.0,0,0.009901000000013482
aco_current,10,7995,84,6,3,0.0,0.0,0.0,0.0,0.43936213850975037,False,False,0.0,0.0,0.0,[],10.0,10.0,1,10.0,0,0.009901000000013482
aco_current,10,7995,84,6,4,0.0,0.0,0.0,0.0,0.20313307642936707,False,False,0.0,0.0,0.0,[],10.0,10.0,1,10.0,0,0.009901000000013482
aco_current,10,7996,84,7,1,29.0,141.0,170.0,0.85,0.9999998211860657,True,True,30.0,140.0,0.0,[1],10.0,10.0,1,10.0,0,0.010128999999992061
aco_current,10,7996,84,7,2,0.0,0.0,0.0,0.0,0.09907747060060501,False,False,0.0,0.0,0.0,[],10.0,10.0,1,10.0,0,0.010128999999992061
aco_current,10,7996,84,7,3,0.0,0.0,0.0,0.0,0.43936213850975037,False,False,0.0,0.0,0.0,[],10.0,10.0,1,10.0,0,0.010128999999992061
aco_current,10,7996,84,7,4,0.0,0.0,0.0,0.0,0.20313307642936707,False,False,0.0,0.0,0.0,[],10.0,10.0,1,10.0,0,0.010128999999992061
aco_current,10,7997,84,7,1,27.0,140.0,167.0,0.835,0.9999992847442627,True,True,30.0,137.0,0.0,[1],10.0,10.0,1,10.0,0,0.009964167000006796
aco_current,10,7997,84,7,2,0.0,0.0,0.0,0.0,0.09907747060060501,False,False,0.0,0.0,0.0,[],10.0,10.0,1,10.0,0,0.009964167000006796
aco_current,10,7997,84,7,3,0.0,0.0,0.0,0.0,0.43936213850975037,False,False,0.0,0.0,0.0,[],10.0,10.0,1,10.0,0,0.009964167000006796
aco_current,10,7997,84,7,4,0.0,0.0,0.0,0.0,0.20313307642936707,False,False,0.0,0.0,0.0,[],10.0,10.0,1,10.0,0,0.009964167000006796
aco_current,10,7998,84,7,1,28.0,137.0,165.0,0.825,0.9999991655349731,True,True,30.0,135.0,0.0,[1],10.0,10.0,1,10.0,0,0.009894541000008417
aco_current,10,7998,84,7,2,0.0,0.0,0.0,0.0,0.09907747060060501,False,False,0.0,0.0,0.0,[],10.0,10.0,1,10.0,0,0.009894541000008417
aco_current,10,7998,84,7,3,0.0,0.0,0.0,0.0,0.43936213850975037,False,False,0.0,0.0,0.0,[],10.0,10.0,1,10.0,0,0.009894541000008417
aco_current,10,7998,84,7,4,0.0,0.0,0.0,0.0,0.20313307642936707,False,False,0.0,0.0,0.0,[],10.0,10.0,1,10.0,0,0.009894541000008417
aco_current,10,7999,84,7,1,27.0,135.0,162.0,0.81,0.9999973177909851,True,True,30.0,132.0,0.0,[1],10.0,10.0,1,10.0,0,0.009964916999990692
aco_current,10,7999,84,7,2,0.0,0.0,0.0,0.0,0.09907747060060501,False,False,0.0,0.0,0.0,[],10.0,10.0,1,10.0,0,0.009964916999990692
aco_current,10,7999,84,7,3,0.0,0.0,0.0,0.0,0.43936213850975037,False,False,0.0,0.0,0.0,[],10.0,10.0,1,10.0,0,0.009964916999990692
aco_current,10,7999,84,7,4,0.0,0.0,0.0,0.0,0.20313307642936707,False,False,0.0,0.0,0.0,[],10.0,10.0,1,10.0,0,0.009964916999990692
aco_current,10,8000,84,8,1,29.0,132.0,161.0,0.805,0.9999982714653015,True,True,30.0,131.0,0.0,[1],10.0,10.0,1,10.0,0,0.009538332999994736
aco_current,10,8000,84,8,2,0.0,0.0,0.0,0.0,0.09907747060060501,False,False,0.0,0.0,0.0,[],10.0,10.0,1,10.0,0,0.009538332999994736
aco_current,10,8000,84,8,3,0.0,0.0,0.0,0.0,0.43936213850975037,False,False,0.0,0.0,0.0,[],10.0,10.0,1,10.0,0,0.009538332999994736
aco_current,10,8000,84,8,4,0.0,0.0,0.0,0.0,0.20313307642936707,False,False,0.0,0.0,0.0,[],10.0,10.0,1,10.0,0,0.009538332999994736
aco_current,10,8001,84,8,1,27.0,131.0,158.0,0.79,0.9999921917915344,False,False,0.0,158.0,0.0,[],0.0,0.0,0,0.0,0,3.9170000007970884e-06
aco_current,10,8001,84,8,2,0.0,0.0,0.0,0.0,0.09907747060060501,False,False,0.0,0.0,0.0,[],0.0,0.0,0,0.0,0,3.9170000007970884e-06
aco_current,10,8001,84,8,3,0.0,0.0,0.0,0.0,0.43936213850975037,False,False,0.0,0.0,0.0,[],0.0,0.0,0,0.0,0,3.9170000007970884e-06
aco_current,10,8001,84,8,4,0.0,0.0,0.0,0.0,0.20313307642936707,False,False,0.0,0.0,0.0,[],0.0,0.0,0,0.0,0,3.9170000007970884e-06
aco_current,10,8002,84,8,1,28.0,158.0,186.0,0.93,1.0,True,True,30.0,156.0,0.0,[1],10.0,10.0,1,10.0,0,0.010302041999992184
aco_current,10,8002,84,8,2,0.0,0.0,0.0,0.0,0.09907747060060501,False,False,0.0,0.0,0.0,[],10.0,10.0,1,10.0,0,0.010302041999992184
aco_current,10,8002,84,8,3,0.0,0.0,0.0,0.0,0.43936213850975037,False,False,0.0,0.0,0.0,[],10.0,10.0,1,10.0,0,0.010302041999992184
aco_current,10,8002,84,8,4,0.0,0.0,0.0,0.0,0.20313307642936707,False,False,0.0,0.0,0.0,[],10.0,10.0,1,10.0,0,0.010302041999992184
aco_current,10,8003,84,8,1,27.0,156.0,183.0,0.915,1.0,True,True,30.0,153.0,0.0,[1],10.0,10.0,1,10.0,0,0.010020874999995044
aco_current,10,8003,84,8,2,0.0,0.0,0.0,0.0,0.09907747060060501,False,False,0.0,0.0,0.0,[],10.0,10.0,1,10.0,0,0.010020874999995044
aco_current,10,8003,84,8,3,0.0,0.0,0.0,0.0,0.43936213850975037,False,False,0.0,0.0,0.0,[],10.0,10.0,1,10.0,0,0.010020874999995044
aco_current,10,8003,84,8,4,0.0,0.0,0.0,0.0,0.20313307642936707,False,False,0.0,0.0,0.0,[],10.0,10.0,1,10.0,0,0.010020874999995044
aco_current,10,8004,84,9,1,28.0,153.0,181.0,0.905,1.0,True,True,30.0,151.0,0.0,[1],10.0,10.0,1,10.0,0,0.029992833000008545
aco_current,10,8004,84,9,2,0.0,0.0,0.0,0.0,0.09907747060060501,False,False,0.0,0.0,0.0,[],10.0,10.0,1,10.0,0,0.029992833000008545
aco_current,10,8004,84,9,3,0.0,0.0,0.0,0.0,0.43936213850975037,False,False,0.0,0.0,0.0,[],10.0,10.0,1,10.0,0,0.029992833000008545
aco_current,10,8004,84,9,4,0.0,0.0,0.0,0.0,0.20313307642936707,False,False,0.0,0.0,0.0,[],10.0,10.0,1,10.0,0,0.029992833000008545
aco_current,10,8005,84,9,1,29.0,151.0,180.0,0.9,1.0,True,True,30.0,150.0,0.0,[1],10.0,10.0,1,10.0,0,0.029381083000004082
aco_current,10,8005,84,9,2,0.0,0.0,0.0,0.0,0.09907747060060501,False,False,0.0,0.0,0.0,[],10.0,10.0,1,10.0,0,0.029381083000004082
aco_current,10,8005,84,9,3,0.0,0.0,0.0,0.0,0.43936213850975037,False,False,0.0,0.0,0.0,[],10.0,10.0,1,10.0,0,0.029381083000004082
aco_current,10,8005,84,9,4,0.0,0.0,0.0,0.0,0.20313307642936707,False,False,0.0,0.0,0.0,[],10.0,10.0,1,10.0,0,0.029381083000004082
aco_current,10,8006,84,9,1,28.0,150.0,178.0,0.89,1.0,True,True,30.0,148.0,0.0,[1],10.0,10.0,1,10.0,0,0.030787915999994198
aco_current,10,8006,84,9,2,0.0,0.0,0.0,0.0,0.09907747060060501,False,False,0.0,0.0,0.0,[],10.0,10.0,1,10.0,0,0.030787915999994198
aco_current,10,8006,84,9,3,0.0,0.0,0.0,0.0,0.43936213850975037,False,False,0.0,0.0,0.0,[],10.0,10.0,1,10.0,0,0.030787915999994198
aco_current,10,8006,84,9,4,0.0,0.0,0.0,0.0,0.20313307642936707,False,False,0.0,0.0,0.0,[],10.0,10.0,1,10.0,0,0.030787915999994198
aco_current,10,8007,84,9,1,25.0,148.0,173.0,0.865,0.9999997019767761,True,True,30.0,143.0,0.0,[1],10.0,10.0,1,10.0,0,0.024518374999999537
aco_current,10,8007,84,9,2,0.0,0.0,0.0,0.0,0.09907747060060501,False,False,0.0,0.0,0.0,[],10.0,10.0,1,10.0,0,0.024518374999999537
aco_current,10,8007,84,9,3,0.0,0.0,0.0,0.0,0.43936213850975037,False,False,0.0,0.0,0.0,[],10.0,10.0,1,10.0,0,0.024518374999999537
aco_current,10,8007,84,9,4,0.0,0.0,0.0,0.0,0.20313307642936707,False,False,0.0,0.0,0.0,[],10.0,10.0,1,10.0,0,0.024518374999999537
aco_current,10,8008,84,10,1,17.0,143.0,160.0,0.8,0.999851644039154,True,True,30.0,130.0,0.0,[1],10.0,10.0,1,10.0,0,0.024389499999998066
aco_current,10,8008,84,10,2,0.0,0.0,0.0,0.0,0.09907747060060501,False,False,0.0,0.0,0.0,[],10.0,10.0,1,10.0,0,0.024389499999998066
aco_current,10,8008,84,10,3,0.0,0.0,0.0,0.0,0.43936213850975037,False,False,0.0,0.0,0.0,[],10.0,10.0,1,10.0,0,0.024389499999998066
aco_current,10,8008,84,10,4,0.0,0.0,0.0,0.0,0.20313307642936707,False,False,0.0,0.0,0.0,[],10.0,10.0,1,10.0,0,0.024389499999998066
aco_current,10,8009,84,10,1,16.0,130.0,146.0,0.73,0.9972118735313416,False,False,0.0,146.0,0.0,[],0.0,0.0,0,0.0,0,8.417000003646535e-06
aco_current,10,8009,84,10,2,0.0,0.0,0.0,0.0,0.09907747060060501,False,False,0.0,0.0,0.0,[],0.0,0.0,0,0.0,0,8.417000003646535e-06
aco_current,10,8009,84,10,3,0.0,0.0,0.0,0.0,0.43936213850975037,False,False,0.0,0.0,0.0,[],0.0,0.0,0,0.0,0,8.417000003646535e-06
aco_current,10,8009,84,10,4,0.0,0.0,0.0,0.0,0.20313307642936707,False,False,0.0,0.0,0.0,[],0.0,0.0,0,0.0,0,8.417000003646535e-06
aco_current,10,8010,84,10,1,17.0,146.0,163.0,0.815,0.9999247193336487,True,True,30.0,133.0,0.0,[1],10.0,10.0,1,10.0,0,0.022675374999991504
aco_current,10,8010,84,10,2,0.0,0.0,0.0,0.0,0.09907747060060501,False,False,0.0,0.0,0.0,[],10.0,10.0,1,10.0,0,0.022675374999991504
aco_current,10,8010,84,10,3,0.0,0.0,0.0,0.0,0.43936213850975037,False,False,0.0,0.0,0.0,[],10.0,10.0,1,10.0,0,0.022675374999991504
aco_current,10,8010,84,10,4,0.0,0.0,0.0,0.0,0.20313307642936707,False,False,0.0,0.0,0.0,[],10.0,10.0,1,10.0,0,0.022675374999991504
aco_current,10,8011,84,10,1,27.0,133.0,160.0,0.8,0.9999950528144836,True,True,30.0,130.0,0.0,[1],10.0,10.0,1,10.0,0,0.018810416999997415
aco_current,10,8011,84,10,2,0.0,0.0,0.0,0.0,0.09907747060060501,False,False,0.0,0.0,0.0,[],10.0,10.0,1,10.0,0,0.018810416999997415
aco_current,10,8011,84,10,3,0.0,0.0,0.0,0.0,0.43936213850975037,False,False,0.0,0.0,0.0,[],10.0,10.0,1,10.0,0,0.018810416999997415
aco_current,10,8011,84,10,4,0.0,0.0,0.0,0.0,0.20313307642936707,False,False,0.0,0.0,0.0,[],10.0,10.0,1,10.0,0,0.018810416999997415
aco_current,10,8012,84,11,1,40.0,130.0,170.0,0.85,1.0,True,True,30.0,140.0,0.0,[1],10.0,10.0,1,10.0,0,0.01458179099999768
aco_current,10,8012,84,11,2,0.0,0.0,0.0,0.0,0.09907747060060501,False,False,0.0,0.0,0.0,[],10.0,10.0,1,10.0,0,0.01458179099999768
aco_current,10,8012,84,11,3,0.0,0.0,0.0,0.0,0.43936213850975037,False,False,0.0,0.0,0.0,[],10.0,10.0,1,10.0,0,0.01458179099999768
aco_current,10,8012,84,11,4,0.0,0.0,0.0,0.0,0.20313307642936707,False,False,0.0,0.0,0.0,[],10.0,10.0,1,10.0,0,0.01458179099999768
aco_current,10,8013,84,11,1,40.0,140.0,180.0,0.9,1.0,True,True,30.0,150.0,0.0,[1],10.0,10.0,1,10.0,0,0.018094665999996096
aco_current,10,8013,84,11,2,0.0,0.0,0.0,0.0,0.09907747060060501,False,False,0.0,0.0,0.0,[],10.0,10.0,1,10.0,0,0.018094665999996096
aco_current,10,8013,84,11,3,0.0,0.0,0.0,0.0,0.43936213850975037,False,False,0.0,0.0,0.0,[],10.0,10.0,1,10.0,0,0.018094665999996096
aco_current,10,8013,84,11,4,0.0,0.0,0.0,0.0,0.20313307642936707,False,False,0.0,0.0,0.0,[],10.0,10.0,1,10.0,0,0.018094665999996096
aco_current,10,8014,84,11,1,35.0,150.0,185.0,0.925,1.0,True,True,30.0,155.0,0.0,[1],10.0,10.0,1,10.0,0,0.009853958999997303
aco_current,10,8014,84,11,2,0.0,0.0,0.0,0.0,0.09907747060060501,False,False,0.0,0.0,0.0,[],10.0,10.0,1,10.0,0,0.009853958999997303
aco_current,10,8014,84,11,3,0.0,0.0,0.0,0.0,0.43936213850975037,False,False,0.0,0.0,0.0,[],10.0,10.0,1,10.0,0,0.009853958999997303
aco_current,10,8014,84,11,4,0.0,0.0,0.0,0.0,0.20313307642936707,False,False,0.0,0.0,0.0,[],10.0,10.0,1,10.0,0,0.009853958999997303
aco_current,10,8015,84,11,1,30.0,155.0,185.0,0.925,1.0,True,True,30.0,155.0,0.0,[1],10.0,10.0,1,10.0,0,0.009971165999999698
aco_current,10,8015,84,11,2,0.0,0.0,0.0,0.0,0.09907747060060501,False,False,0.0,0.0,0.0,[],10.0,10.0,1,10.0,0,0.009971165999999698
aco_current,10,8015,84,11,3,0.0,0.0,0.0,0.0,0.43936213850975037,False,False,0.0,0.0,0.0,[],10.0,10.0,1,10.0,0,0.009971165999999698
aco_current,10,8015,84,11,4,0.0,0.0,0.0,0.0,0.20313307642936707,False,False,0.0,0.0,0.0,[],10.0,10.0,1,10.0,0,0.009971165999999698
aco_current,10,8016,84,12,1,23.0,155.0,178.0,0.89,0.9999998807907104,True,True,30.0,148.0,0.0,[1],10.0,10.0,1,10.0,0,0.010212457999998037
aco_current,10,8016,84,12,2,0.0,0.0,0.0,0.0,0.09907747060060501,False,False,0.0,0.0,0.0,[],10.0,10.0,1,10.0,0,0.010212457999998037
aco_current,10,8016,84,12,3,0.0,0.0,0.0,0.0,0.43936213850975037,False,False,0.0,0.0,0.0,[],10.0,10.0,1,10.0,0,0.010212457999998037
aco_current,10,8016,84,12,4,0.0,0.0,0.0,0.0,0.20313307642936707,False,False,0.0,0.0,0.0,[],10.0,10.0,1,10.0,0,0.010212457999998037
aco_current,10,8017,84,12,1,22.0,148.0,170.0,0.85,0.9999982118606567,True,True,30.0,140.0,0.0,[1],10.0,10.0,1,10.0,0,0.00999900000000764
aco_current,10,8017,84,12,2,0.0,0.0,0.0,0.0,0.09907747060060501,False,False,0.0,0.0,0.0,[],10.0,10.0,1,10.0,0,0.00999900000000764
aco_current,10,8017,84,12,3,0.0,0.0,0.0,0.0,0.43936213850975037,False,False,0.0,0.0,0.0,[],10.0,10.0,1,10.0,0,0.00999900000000764
aco_current,10,8017,84,12,4,0.0,0.0,0.0,0.0,0.20313307642936707,False,False,0.0,0.0,0.0,[],10.0,10.0,1,10.0,0,0.00999900000000764
aco_current,10,8018,84,12,1,21.0,140.0,161.0,0.805,0.999971330165863,True,True,30.0,131.0,0.0,[1],10.0,10.0,1,10.0,0,0.009925374999994574
aco_current,10,8018,84,12,2,0.0,0.0,0.0,0.0,0.09907747060060501,False,False,0.0,0.0,0.0,[],10.0,10.0,1,10.0,0,0.009925374999994574
aco_current,10,8018,84,12,3,0.0,0.0,0.0,0.0,0.43936213850975037,False,False,0.0,0.0,0.0,[],10.0,10.0,1,10.0,0,0.009925374999994574
aco_current,10,8018,84,12,4,0.0,0.0,0.0,0.0,0.20313307642936707,False,False,0.0,0.0,0.0,[],10.0,10.0,1,10.0,0,0.009925374999994574
aco_current,10,8019,84,12,1,21.0,131.0,152.0,0.76,0.9997714161872864,False,False,0.0,152.0,0.0,[],0.0,0.0,0,0.0,0,3.2910000129504624e-06
aco_current,10,8019,84,12,2,0.0,0.0,0.0,0.0,0.09907747060060501,False,False,0.0,0.0,0.0,[],0.0,0.0,0,0.0,0,3.2910000129504624e-06
aco_current,10,8019,84,12,3,0.0,0.0,0.0,0.0,0.43936213850975037,False,False,0.0,0.0,0.0,[],0.0,0.0,0,0.0,0,3.2910000129504624e-06
aco_current,10,8019,84,12,4,0.0,0.0,0.0,0.0,0.20313307642936707,False,False,0.0,0.0,0.0,[],0.0,0.0,0,0.0,0,3.2910000129504624e-06
aco_current,10,8020,84,13,1,21.0,152.0,173.0,0.865,0.9999986886978149,True,True,30.0,143.0,0.0,[1],10.0,10.0,1,10.0,0,0.00992533400000184
aco_current,10,8020,84,13,2,0.0,0.0,0.0,0.0,0.09907747060060501,False,False,0.0,0.0,0.0,[],10.0,10.0,1,10.0,0,0.00992533400000184
aco_current,10,8020,84,13,3,0.0,0.0,0.0,0.0,0.43936213850975037,False,False,0.0,0.0,0.0,[],10.0,10.0,1,10.0,0,0.00992533400000184
aco_current,10,8020,84,13,4,0.0,0.0,0.0,0.0,0.20313307642936707,False,False,0.0,0.0,0.0,[],10.0,10.0,1,10.0,0,0.00992533400000184
aco_current,10,8021,84,13,1,21.0,143.0,164.0,0.82,0.9999862909317017,True,True,30.0,134.0,0.0,[1],10.0,10.0,1,10.0,0,0.009938042000001701
aco_current,10,8021,84,13,2,0.0,0.0,0.0,0.0,0.09907747060060501,False,False,0.0,0.0,0.0,[],10.0,10.0,1,10.0,0,0.009938042000001701
aco_current,10,8021,84,13,3,0.0,0.0,0.0,0.0,0.43936213850975037,False,False,0.0,0.0,0.0,[],10.0,10.0,1,10.0,0,0.009938042000001701
aco_current,10,8021,84,13,4,0.0,0.0,0.0,0.0,0.20313307642936707,False,False,0.0,0.0,0.0,[],10.0,10.0,1,10.0,0,0.009938042000001701
aco_current,10,8022,84,13,1,21.0,134.0,155.0,0.775,0.9998710751533508,False,False,0.0,155.0,0.0,[],0.0,0.0,0,0.0,0,3.792000001112683e-06
aco_current,10,8022,84,13,2,0.0,0.0,0.0,0.0,0.09907747060060501,False,False,0.0,0.0,0.0,[],0.0,0.0,0,0.0,0,3.792000001112683e-06
aco_current,10,8022,84,13,3,0.0,0.0,0.0,0.0,0.43936213850975037,False,False,0.0,0.0,0.0,[],0.0,0.0,0,0.0,0,3.792000001112683e-06
aco_current,10,8022,84,13,4,0.0,0.0,0.0,0.0,0.20313307642936707,False,False,0.0,0.0,0.0,[],0.0,0.0,0,0.0,0,3.792000001112683e-06
aco_current,10,8023,84,13,1,21.0,155.0,176.0,0.88,0.9999994039535522,True,True,30.0,146.0,0.0,[1],10.0,10.0,1,10.0,0,0.010130665999994903
aco_current,10,8023,84,13,2,0.0,0.0,0.0,0.0,0.09907747060060501,False,False,0.0,0.0,0.0,[],10.0,10.0,1,10.0,0,0.010130665999994903
aco_current,10,8023,84,13,3,0.0,0.0,0.0,0.0,0.43936213850975037,False,False,0.0,0.0,0.0,[],10.0,10.0,1,10.0,0,0.010130665999994903
aco_current,10,8023,84,13,4,0.0,0.0,0.0,0.0,0.20313307642936707,False,False,0.0,0.0,0.0,[],10.0,10.0,1,10.0,0,0.010130665999994903
aco_current,10,8024,84,14,1,21.0,146.0,167.0,0.835,0.9999936819076538,True,True,30.0,137.0,0.0,[1],10.0,10.0,1,10.0,0,0.010093499999996425
aco_current,10,8024,84,14,2,0.0,0.0,0.0,0.0,0.09907747060060501,False,False,0.0,0.0,0.0,[],10.0,10.0,1,10.0,0,0.010093499999996425
aco_current,10,8024,84,14,3,0.0,0.0,0.0,0.0,0.43936213850975037,False,False,0.0,0.0,0.0,[],10.0,10.0,1,10.0,0,0.010093499999996425
aco_current,10,8024,84,14,4,0.0,0.0,0.0,0.0,0.20313307642936707,False,False,0.0,0.0,0.0,[],10.0,10.0,1,10.0,0,0.010093499999996425
aco_current,10,8025,84,14,1,21.0,137.0,158.0,0.79,0.99993497133255,False,False,0.0,158.0,0.0,[],0.0,0.0,0,0.0,0,5.7499999996935e-06
aco_current,10,8025,84,14,2,0.0,0.0,0.0,0.0,0.09907747060060501,False,False,0.0,0.0,0.0,[],0.0,0.0,0,0.0,0,5.7499999996935e-06
aco_current,10,8025,84,14,3,0.0,0.0,0.0,0.0,0.43936213850975037,False,False,0.0,0.0,0.0,[],0.0,0.0,0,0.0,0,5.7499999996935e-06
aco_current,10,8025,84,14,4,0.0,0.0,0.0,0.0,0.20313307642936707,False,False,0.0,0.0,0.0,[],0.0,0.0,0,0.0,0,5.7499999996935e-06
aco_current,10,8026,84,14,1,21.0,158.0,179.0,0.895,0.9999997019767761,True,True,30.0,149.0,0.0,[1],10.0,10.0,1,10.0,0,0.010302374999994868
aco_current,10,8026,84,14,2,0.0,0.0,0.0,0.0,0.09907747060060501,False,False,0.0,0.0,0.0,[],10.0,10.0,1,10.0,0,0.010302374999994868
aco_current,10,8026,84,14,3,0.0,0.0,0.0,0.0,0.43936213850975037,False,False,0.0,0.0,0.0,[],10.0,10.0,1,10.0,0,0.010302374999994868
aco_current,10,8026,84,14,4,0.0,0.0,0.0,0.0,0.20313307642936707,False,False,0.0,0.0,0.0,[],10.0,10.0,1,10.0,0,0.010302374999994868
aco_current,10,8027,84,14,1,21.0,149.0,170.0,0.85,0.999997079372406,True,True,30.0,140.0,0.0,[1],10.0,10.0,1,10.0,0,0.009725416999998515
aco_current,10,8027,84,14,2,0.0,0.0,0.0,0.0,0.09907747060060501,False,False,0.0,0.0,0.0,[],10.0,10.0,1,10.0,0,0.009725416999998515
aco_current,10,8027,84,14,3,0.0,0.0,0.0,0.0,0.43936213850975037,False,False,0.0,0.0,0.0,[],10.0,10.0,1,10.0,0,0.009725416999998515
aco_current,10,8027,84,14,4,0.0,0.0,0.0,0.0,0.20313307642936707,False,False,0.0,0.0,0.0,[],10.0,10.0,1,10.0,0,0.009725416999998515
aco_current,10,8028,84,15,1,21.0,140.0,161.0,0.805,0.9999701976776123,True,True,30.0,131.0,0.0,[1],10.0,10.0,1,10.0,0,0.009751291000000606
aco_current,10,8028,84,15,2,0.0,0.0,0.0,0.0,0.09907747060060501,False,False,0.0,0.0,0.0,[],10.0,10.0,1,10.0,0,0.009751291000000606
aco_current,10,8028,84,15,3,0.0,0.0,0.0,0.0,0.43936213850975037,False,False,0.0,0.0,0.0,[],10.0,10.0,1,10.0,0,0.009751291000000606
aco_current,10,8028,84,15,4,0.0,0.0,0.0,0.0,0.20313307642936707,False,False,0.0,0.0,0.0,[],10.0,10.0,1,10.0,0,0.009751291000000606
aco_current,10,8029,84,15,1,21.0,131.0,152.0,0.76,0.999771237373352,False,False,0.0,152.0,0.0,[],0.0,0.0,0,0.0,0,4.875000001902663e-06
aco_current,10,8029,84,15,2,0.0,0.0,0.0,0.0,0.09907747060060501,False,False,0.0,0.0,0.0,[],0.0,0.0,0,0.0,0,4.875000001902663e-06
aco_current,10,8029,84,15,3,0.0,0.0,0.0,0.0,0.43936213850975037,False,False,0.0,0.0,0.0,[],0.0,0.0,0,0.0,0,4.875000001902663e-06
aco_current,10,8029,84,15,4,0.0,0.0,0.0,0.0,0.20313307642936707,False,False,0.0,0.0,0.0,[],0.0,0.0,0,0.0,0,4.875000001902663e-06
aco_current,10,8030,84,15,1,13.0,152.0,165.0,0.825,0.9998204708099365,True,True,30.0,135.0,0.0,[1],10.0,10.0,1,10.0,0,0.00980466699999738
aco_current,10,8030,84,15,2,0.0,0.0,0.0,0.0,0.09907747060060501,False,False,0.0,0.0,0.0,[],10.0,10.0,1,10.0,0,0.00980466699999738
aco_current,10,8030,84,15,3,0.0,0.0,0.0,0.0,0.43936213850975037,False,False,0.0,0.0,0.0,[],10.0,10.0,1,10.0,0,0.00980466699999738
aco_current,10,8030,84,15,4,0.0,0.0,0.0,0.0,0.20313307642936707,False,False,0.0,0.0,0.0,[],10.0,10.0,1,10.0,0,0.00980466699999738
aco_current,10,8031,84,15,1,13.0,135.0,148.0,0.74,0.993981122970581,False,False,0.0,148.0,0.0,[],0.0,0.0,0,0.0,0,3.790999997477229e-06
aco_current,10,8031,84,15,2,0.0,0.0,0.0,0.0,0.09907747060060501,False,False,0.0,0.0,0.0,[],0.0,0.0,0,0.0,0,3.790999997477229e-06
aco_current,10,8031,84,15,3,0.0,0.0,0.0,0.0,0.43936213850975037,False,False,0.0,0.0,0.0,[],0.0,0.0,0,0.0,0,3.790999997477229e-06
aco_current,10,8031,84,15,4,0.0,0.0,0.0,0.0,0.20313307642936707,False,False,0.0,0.0,0.0,[],0.0,0.0,0,0.0,0,3.790999997477229e-06
aco_current,10,8032,84,16,1,13.0,148.0,161.0,0.805,0.9994506239891052,True,True,30.0,131.0,0.0,[1],10.0,10.0,1,10.0,0,0.009973583000004282
aco_current,10,8032,84,16,2,0.0,0.0,0.0,0.0,0.09907747060060501,False,False,0.0,0.0,0.0,[],10.0,10.0,1,10.0,0,0.009973583000004282
aco_current,10,8032,84,16,3,0.0,0.0,0.0,0.0,0.43936213850975037,False,False,0.0,0.0,0.0,[],10.0,10.0,1,10.0,0,0.009973583000004282
aco_current,10,8032,84,16,4,0.0,0.0,0.0,0.0,0.20313307642936707,False,False,0.0,0.0,0.0,[],10.0,10.0,1,10.0,0,0.009973583000004282
aco_current,10,8033,84,16,1,13.0,131.0,144.0,0.72,0.9901973009109497,False,False,0.0,144.0,0.0,[],0.0,0.0,0,0.0,0,3.7090000120088007e-06
aco_current,10,8033,84,16,2,0.0,0.0,0.0,0.0,0.09907747060060501,False,False,0.0,0.0,0.0,[],0.0,0.0,0,0.0,0,3.7090000120088007e-06
aco_current,10,8033,84,16,3,0.0,0.0,0.0,0.0,0.43936213850975037,False,False,0.0,0.0,0.0,[],0.0,0.0,0,0.0,0,3.7090000120088007e-06
aco_current,10,8033,84,16,4,0.0,0.0,0.0,0.0,0.20313307642936707,False,False,0.0,0.0,0.0,[],0.0,0.0,0,0.0,0,3.7090000120088007e-06
aco_current,10,8034,84,16,1,13.0,144.0,157.0,0.785,0.998498797416687,False,False,0.0,157.0,0.0,[],0.0,0.0,0,0.0,0,2.4999999936881068e-06
aco_current,10,8034,84,16,2,0.0,0.0,0.0,0.0,0.09907747060060501,False,False,0.0,0.0,0.0,[],0.0,0.0,0,0.0,0,2.4999999936881068e-06
aco_current,10,8034,84,16,3,0.0,0.0,0.0,0.0,0.43936213850975037,False,False,0.0,0.0,0.0,[],0.0,0.0,0,0.0,0,2.4999999936881068e-06
aco_current,10,8034,84,16,4,0.0,0.0,0.0,0.0,0.20313307642936707,False,False,0.0,0.0,0.0,[],0.0,0.0,0,0.0,0,2.4999999936881068e-06
aco_current,10,8035,84,16,1,13.0,157.0,170.0,0.85,0.9999454617500305,True,True,30.0,140.0,0.0,[1],10.0,10.0,1,10.0,0,0.009708207999992169
aco_current,10,8035,84,16,2,0.0,0.0,0.0,0.0,0.09907747060060501,False,False,0.0,0.0,0.0,[],10.0,10.0,1,10.0,0,0.009708207999992169
aco_current,10,8035,84,16,3,0.0,0.0,0.0,0.0,0.43936213850975037,False,False,0.0,0.0,0.0,[],10.0,10.0,1,10.0,0,0.009708207999992169
aco_current,10,8035,84,16,4,0.0,0.0,0.0,0.0,0.20313307642936707,False,False,0.0,0.0,0.0,[],10.0,10.0,1,10.0,0,0.009708207999992169
aco_current,10,8036,84,17,1,13.0,140.0,153.0,0.765,0.9966902136802673,False,False,0.0,153.0,0.0,[],0.0,0.0,0,0.0,0,3.5829999944780866e-06
aco_current,10,8036,84,17,2,0.0,0.0,0.0,0.0,0.09907747060060501,False,False,0.0,0.0,0.0,[],0.0,0.0,0,0.0,0,3.5829999944780866e-06
aco_current,10,8036,84,17,3,0.0,0.0,0.0,0.0,0.43936213850975037,False,False,0.0,0.0,0.0,[],0.0,0.0,0,0.0,0,3.5829999944780866e-06
aco_current,10,8036,84,17,4,0.0,0.0,0.0,0.0,0.20313307642936707,False,False,0.0,0.0,0.0,[],0.0,0.0,0,0.0,0,3.5829999944780866e-06
aco_current,10,8037,84,17,1,13.0,153.0,166.0,0.83,0.9998438954353333,True,True,30.0,136.0,0.0,[1],10.0,10.0,1,10.0,0,0.01006758300000854
aco_current,10,8037,84,17,2,0.0,0.0,0.0,0.0,0.09907747060060501,False,False,0.0,0.0,0.0,[],10.0,10.0,1,10.0,0,0.01006758300000854
aco_current,10,8037,84,17,3,0.0,0.0,0.0,0.0,0.43936213850975037,False,False,0.0,0.0,0.0,[],10.0,10.0,1,10.0,0,0.01006758300000854
aco_current,10,8037,84,17,4,0.0,0.0,0.0,0.0,0.20313307642936707,False,False,0.0,0.0,0.0,[],10.0,10.0,1,10.0,0,0.01006758300000854
aco_current,10,8038,84,17,1,13.0,136.0,149.0,0.745,0.9945744872093201,False,False,0.0,149.0,0.0,[],0.0,0.0,0,0.0,0,4.2919999998503044e-06
aco_current,10,8038,84,17,2,0.0,0.0,0.0,0.0,0.09907747060060501,False,False,0.0,0.0,0.0,[],0.0,0.0,0,0.0,0,4.2919999998503044e-06
aco_current,10,8038,84,17,3,0.0,0.0,0.0,0.0,0.43936213850975037,False,False,0.0,0.0,0.0,[],0.0,0.0,0,0.0,0,4.2919999998503044e-06
aco_current,10,8038,84,17,4,0.0,0.0,0.0,0.0,0.20313307642936707,False,False,0.0,0.0,0.0,[],0.0,0.0,0,0.0,0,4.2919999998503044e-06
aco_current,10,8039,84,17,1,13.0,149.0,162.0,0.81,0.9995591640472412,True,True,30.0,132.0,0.0,[1],10.0,10.0,1,10.0,0,0.010039624999990338
aco_current,10,8039,84,17,2,0.0,0.0,0.0,0.0,0.09907747060060501,False,False,0.0,0.0,0.0,[],10.0,10.0,1,10.0,0,0.010039624999990338
aco_current,10,8039,84,17,3,0.0,0.0,0.0,0.0,0.43936213850975037,False,False,0.0,0.0,0.0,[],10.0,10.0,1,10.0,0,0.010039624999990338
aco_current,10,8039,84,17,4,0.0,0.0,0.0,0.0,0.20313307642936707,False,False,0.0,0.0,0.0,[],10.0,10.0,1,10.0,0,0.010039624999990338
aco_current,10,8040,84,18,1,14.0,132.0,146.0,0.73,0.9944930672645569,False,False,0.0,146.0,0.0,[],0.0,0.0,0,0.0,0,2.7920000036374404e-06
aco_current,10,8040,84,18,2,0.0,0.0,0.0,0.0,0.09907747060060501,False,False,0.0,0.0,0.0,[],0.0,0.0,0,0.0,0,2.7920000036374404e-06
aco_current,10,8040,84,18,3,0.0,0.0,0.0,0.0,0.43936213850975037,False,False,0.0,0.0,0.0,[],0.0,0.0,0,0.0,0,2.7920000036374404e-06
aco_current,10,8040,84,18,4,0.0,0.0,0.0,0.0,0.20313307642936707,False,False,0.0,0.0,0.0,[],0.0,0.0,0,0.0,0,2.7920000036374404e-06
aco_current,10,8041,84,18,1,13.0,146.0,159.0,0.795,0.9990442395210266,False,False,0.0,159.0,0.0,[],0.0,0.0,0,0.0,0,3.33399999874473e-06
aco_current,10,8041,84,18,2,0.0,0.0,0.0,0.0,0.09907747060060501,False,False,0.0,0.0,0.0,[],0.0,0.0,0,0.0,0,3.33399999874473e-06
aco_current,10,8041,84,18,3,0.0,0.0,0.0,0.0,0.43936213850975037,False,False,0.0,0.0,0.0,[],0.0,0.0,0,0.0,0,3.33399999874473e-06
aco_current,10,8041,84,18,4,0.0,0.0,0.0,0.0,0.20313307642936707,False,False,0.0,0.0,0.0,[],0.0,0.0,0,0.0,0,3.33399999874473e-06
aco_current,10,8042,84,18,1,13.0,159.0,172.0,0.86,0.9999680519104004,True,True,30.0,142.0,0.0,[1],10.0,10.0,1,10.0,0,0.009857666999991466
aco_current,10,8042,84,18,2,0.0,0.0,0.0,0.0,0.09907747060060501,False,False,0.0,0.0,0.0,[],10.0,10.0,1,10.0,0,0.009857666999991466
aco_current,10,8042,84,18,3,0.0,0.0,0.0,0.0,0.43936213850975037,False,False,0.0,0.0,0.0,[],10.0,10.0,1,10.0,0,0.009857666999991466
aco_current,10,8042,84,18,4,0.0,0.0,0.0,0.0,0.20313307642936707,False,False,0.0,0.0,0.0,[],10.0,10.0,1,10.0,0,0.009857666999991466
aco_current,10,8043,84,18,1,13.0,142.0,155.0,0.775,0.9976921081542969,False,False,0.0,155.0,0.0,[],0.0,0.0,0,0.0,0,3.750000004743015e-06
aco_current,10,8043,84,18,2,0.0,0.0,0.0,0.0,0.09907747060060501,False,False,0.0,0.0,0.0,[],0.0,0.0,0,0.0,0,3.750000004743015e-06
aco_current,10,8043,84,18,3,0.0,0.0,0.0,0.0,0.43936213850975037,False,False,0.0,0.0,0.0,[],0.0,0.0,0,0.0,0,3.750000004743015e-06
aco_current,10,8043,84,18,4,0.0,0.0,0.0,0.0,0.20313307642936707,False,False,0.0,0.0,0.0,[],0.0,0.0,0,0.0,0,3.750000004743015e-06
aco_current,10,8044,84,19,1,13.0,155.0,168.0,0.84,0.9999075531959534,True,True,30.0,138.0,0.0,[1],10.0,10.0,1,10.0,0,0.009813499999992814
aco_current,10,8044,84,19,2,0.0,0.0,0.0,0.0,0.09907747060060501,False,False,0.0,0.0,0.0,[],10.0,10.0,1,10.0,0,0.009813499999992814
aco_current,10,8044,84,19,3,0.0,0.0,0.0,0.0,0.43936213850975037,False,False,0.0,0.0,0.0,[],10.0,10.0,1,10.0,0,0.009813499999992814
aco_current,10,8044,84,19,4,0.0,0.0,0.0,0.0,0.20313307642936707,False,False,0.0,0.0,0.0,[],10.0,10.0,1,10.0,0,0.009813499999992814
aco_current,10,8045,84,19,1,13.0,138.0,151.0,0.755,0.9957398772239685,False,False,0.0,151.0,0.0,[],0.0,0.0,0,0.0,0,3.458000009004536e-06
aco_current,10,8045,84,19,2,0.0,0.0,0.0,0.0,0.09907747060060501,False,False,0.0,0.0,0.0,[],0.0,0.0,0,0.0,0,3.458000009004536e-06
aco_current,10,8045,84,19,3,0.0,0.0,0.0,0.0,0.43936213850975037,False,False,0.0,0.0,0.0,[],0.0,0.0,0,0.0,0,3.458000009004536e-06
aco_current,10,8045,84,19,4,0.0,0.0,0.0,0.0,0.20313307642936707,False,False,0.0,0.0,0.0,[],0.0,0.0,0,0.0,0,3.458000009004536e-06
aco_current,10,8046,84,19,1,13.0,151.0,164.0,0.82,0.9997376203536987,True,True,30.0,134.0,0.0,[1],10.0,10.0,1,10.0,0,0.009875042000004441
aco_current,10,8046,84,19,2,0.0,0.0,0.0,0.0,0.09907747060060501,False,False,0.0,0.0,0.0,[],10.0,10.0,1,10.0,0,0.009875042000004441
aco_current,10,8046,84,19,3,0.0,0.0,0.0,0.0,0.43936213850975037,False,False,0.0,0.0,0.0,[],10.0,10.0,1,10.0,0,0.009875042000004441
aco_current,10,8046,84,19,4,0.0,0.0,0.0,0.0,0.20313307642936707,False,False,0.0,0.0,0.0,[],10.0,10.0,1,10.0,0,0.009875042000004441
aco_current,10,8047,84,19,1,13.0,134.0,147.0,0.735,0.9931240081787109,False,False,0.0,147.0,0.0,[],0.0,0.0,0,0.0,0,3.958000007742157e-06
aco_current,10,8047,84,19,2,0.0,0.0,0.0,0.0,0.09907747060060501,False,False,0.0,0.0,0.0,[],0.0,0.0,0,0.0,0,3.958000007742157e-06
aco_current,10,8047,84,19,3,0.0,0.0,0.0,0.0,0.43936213850975037,False,False,0.0,0.0,0.0,[],0.0,0.0,0,0.0,0,3.958000007742157e-06
aco_current,10,8047,84,19,4,0.0,0.0,0.0,0.0,0.20313307642936707,False,False,0.0,0.0,0.0,[],0.0,0.0,0,0.0,0,3.958000007742157e-06
aco_current,10,8048,84,20,1,13.0,147.0,160.0,0.8,0.9992592334747314,True,True,30.0,130.0,0.0,[1],10.0,10.0,1,10.0,0,0.009902791000001798
aco_current,10,8048,84,20,2,0.0,0.0,0.0,0.0,0.09907747060060501,False,False,0.0,0.0,0.0,[],10.0,10.0,1,10.0,0,0.009902791000001798
aco_current,10,8048,84,20,3,0.0,0.0,0.0,0.0,0.43936213850975037,False,False,0.0,0.0,0.0,[],10.0,10.0,1,10.0,0,0.009902791000001798
aco_current,10,8048,84,20,4,0.0,0.0,0.0,0.0,0.20313307642936707,False,False,0.0,0.0,0.0,[],10.0,10.0,1,10.0,0,0.009902791000001798
aco_current,10,8049,84,20,1,13.0,130.0,143.0,0.715,0.9889701008796692,False,False,0.0,143.0,0.0,[],0.0,0.0,0,0.0,0,5.125000001271474e-06
aco_current,10,8049,84,20,2,0.0,0.0,0.0,0.0,0.09907747060060501,False,False,0.0,0.0,0.0,[],0.0,0.0,0,0.0,0,5.125000001271474e-06
aco_current,10,8049,84,20,3,0.0,0.0,0.0,0.0,0.43936213850975037,False,False,0.0,0.0,0.0,[],0.0,0.0,0,0.0,0,5.125000001271474e-06
aco_current,10,8049,84,20,4,0.0,0.0,0.0,0.0,0.20313307642936707,False,False,0.0,0.0,0.0,[],0.0,0.0,0,0.0,0,5.125000001271474e-06
aco_current,10,8050,84,20,1,13.0,143.0,156.0,0.78,0.9981349110603333,False,False,0.0,156.0,0.0,[],0.0,0.0,0,0.0,0,2.7919999894265857e-06
aco_current,10,8050,84,20,2,0.0,0.0,0.0,0.0,0.09907747060060501,False,False,0.0,0.0,0.0,[],0.0,0.0,0,0.0,0,2.7919999894265857e-06
aco_current,10,8050,84,20,3,0.0,0.0,0.0,0.0,0.43936213850975037,False,False,0.0,0.0,0.0,[],0.0,0.0,0,0.0,0,2.7919999894265857e-06
aco_current,10,8050,84,20,4,0.0,0.0,0.0,0.0,0.20313307642936707,False,False,0.0,0.0,0.0,[],0.0,0.0,0,0.0,0,2.7919999894265857e-06
aco_current,10,8051,84,20,1,13.0,156.0,169.0,0.845,0.9999290108680725,True,True,30.0,139.0,0.0,[1],10.0,10.0,1,10.0,0,0.010056457999993995
aco_current,10,8051,84,20,2,0.0,0.0,0.0,0.0,0.09907747060060501,False,False,0.0,0.0,0.0,[],10.0,10.0,1,10.0,0,0.010056457999993995
aco_current,10,8051,84,20,3,0.0,0.0,0.0,0.0,0.43936213850975037,False,False,0.0,0.0,0.0,[],10.0,10.0,1,10.0,0,0.010056457999993995
aco_current,10,8051,84,20,4,0.0,0.0,0.0,0.0,0.20313307642936707,False,False,0.0,0.0,0.0,[],10.0,10.0,1,10.0,0,0.010056457999993995
aco_current,10,8052,84,21,1,13.0,139.0,152.0,0.76,0.9962342381477356,False,False,0.0,152.0,0.0,[],0.0,0.0,0,0.0,0,4.083999996851162e-06
aco_current,10,8052,84,21,2,0.0,0.0,0.0,0.0,0.09907747060060501,False,False,0.0,0.0,0.0,[],0.0,0.0,0,0.0,0,4.083999996851162e-06
aco_current,10,8052,84,21,3,0.0,0.0,0.0,0.0,0.43936213850975037,False,False,0.0,0.0,0.0,[],0.0,0.0,0,0.0,0,4.083999996851162e-06
aco_current,10,8052,84,21,4,0.0,0.0,0.0,0.0,0.20313307642936707,False,False,0.0,0.0,0.0,[],0.0,0.0,0,0.0,0,4.083999996851162e-06
aco_current,10,8053,84,21,1,13.0,152.0,165.0,0.825,0.9997976422309875,True,True,30.0,135.0,0.0,[1],10.0,10.0,1,10.0,0,0.010047208000003138
aco_current,10,8053,84,21,2,0.0,0.0,0.0,0.0,0.09907747060060501,False,False,0.0,0.0,0.0,[],10.0,10.0,1,10.0,0,0.010047208000003138
aco_current,10,8053,84,21,3,0.0,0.0,0.0,0.0,0.43936213850975037,False,False,0.0,0.0,0.0,[],10.0,10.0,1,10.0,0,0.010047208000003138
aco_current,10,8053,84,21,4,0.0,0.0,0.0,0.0,0.20313307642936707,False,False,0.0,0.0,0.0,[],10.0,10.0,1,10.0,0,0.010047208000003138
aco_current,10,8054,84,21,1,13.0,135.0,148.0,0.74,0.9938918352127075,False,False,0.0,148.0,0.0,[],0.0,0.0,0,0.0,0,4.708000005848589e-06
aco_current,10,8054,84,21,2,0.0,0.0,0.0,0.0,0.09907747060060501,False,False,0.0,0.0,0.0,[],0.0,0.0,0,0.0,0,4.708000005848589e-06
aco_current,10,8054,84,21,3,0.0,0.0,0.0,0.0,0.43936213850975037,False,False,0.0,0.0,0.0,[],0.0,0.0,0,0.0,0,4.708000005848589e-06
aco_current,10,8054,84,21,4,0.0,0.0,0.0,0.0,0.20313307642936707,False,False,0.0,0.0,0.0,[],0.0,0.0,0,0.0,0,4.708000005848589e-06
aco_current,10,8055,84,21,1,13.0,148.0,161.0,0.805,0.9994285106658936,True,True,30.0,131.0,0.0,[1],10.0,10.0,1,10.0,0,0.010104917000006708
aco_current,10,8055,84,21,2,0.0,0.0,0.0,0.0,0.09907747060060501,False,False,0.0,0.0,0.0,[],10.0,10.0,1,10.0,0,0.010104917000006708
aco_current,10,8055,84,21,3,0.0,0.0,0.0,0.0,0.43936213850975037,False,False,0.0,0.0,0.0,[],10.0,10.0,1,10.0,0,0.010104917000006708
aco_current,10,8055,84,21,4,0.0,0.0,0.0,0.0,0.20313307642936707,False,False,0.0,0.0,0.0,[],10.0,10.0,1,10.0,0,0.010104917000006708
aco_current,10,8056,84,22,1,13.0,131.0,144.0,0.72,0.9901973009109497,False,False,0.0,144.0,0.0,[],0.0,0.0,0,0.0,0,6.124999998746716e-06
aco_current,10,8056,84,22,2,0.0,0.0,0.0,0.0,0.09907747060060501,False,False,0.0,0.0,0.0,[],0.0,0.0,0,0.0,0,6.124999998746716e-06
aco_current,10,8056,84,22,3,0.0,0.0,0.0,0.0,0.43936213850975037,False,False,0.0,0.0,0.0,[],0.0,0.0,0,0.0,0,6.124999998746716e-06
aco_current,10,8056,84,22,4,0.0,0.0,0.0,0.0,0.20313307642936707,False,False,0.0,0.0,0.0,[],0.0,0.0,0,0.0,0,6.124999998746716e-06
aco_current,10,8057,84,22,1,13.0,144.0,157.0,0.785,0.998498797416687,False,False,0.0,157.0,0.0,[],0.0,0.0,0,0.0,0,2.7920000036374404e-06
aco_current,10,8057,84,22,2,0.0,0.0,0.0,0.0,0.09907747060060501,False,False,0.0,0.0,0.0,[],0.0,0.0,0,0.0,0,2.7920000036374404e-06
aco_current,10,8057,84,22,3,0.0,0.0,0.0,0.0,0.43936213850975037,False,False,0.0,0.0,0.0,[],0.0,0.0,0,0.0,0,2.7920000036374404e-06
aco_current,10,8057,84,22,4,0.0,0.0,0.0,0.0,0.20313307642936707,False,False,0.0,0.0,0.0,[],0.0,0.0,0,0.0,0,2.7920000036374404e-06
aco_current,10,8058,84,22,1,13.0,157.0,170.0,0.85,0.9999454617500305,True,True,30.0,140.0,0.0,[1],10.0,10.0,1,10.0,0,0.010077624999993873
aco_current,10,8058,84,22,2,0.0,0.0,0.0,0.0,0.09907747060060501,False,False,0.0,0.0,0.0,[],10.0,10.0,1,10.0,0,0.010077624999993873
aco_current,10,8058,84,22,3,0.0,0.0,0.0,0.0,0.43936213850975037,False,False,0.0,0.0,0.0,[],10.0,10.0,1,10.0,0,0.010077624999993873
aco_current,10,8058,84,22,4,0.0,0.0,0.0,0.0,0.20313307642936707,False,False,0.0,0.0,0.0,[],10.0,10.0,1,10.0,0,0.010077624999993873
aco_current,10,8059,84,22,1,4.0,140.0,144.0,0.72,0.6445145606994629,False,False,0.0,144.0,0.0,[],0.0,0.0,0,0.0,0,4.167000000165899e-06
aco_current,10,8059,84,22,2,0.0,0.0,0.0,0.0,0.09907747060060501,False,False,0.0,0.0,0.0,[],0.0,0.0,0,0.0,0,4.167000000165899e-06
aco_current,10,8059,84,22,3,0.0,0.0,0.0,0.0,0.43936213850975037,False,False,0.0,0.0,0.0,[],0.0,0.0,0,0.0,0,4.167000000165899e-06
aco_current,10,8059,84,22,4,0.0,0.0,0.0,0.0,0.20313307642936707,False,False,0.0,0.0,0.0,[],0.0,0.0,0,0.0,0,4.167000000165899e-06
aco_current,10,8060,84,23,1,0.0,144.0,144.0,0.72,0.15822947025299072,False,False,0.0,144.0,0.0,[],0.0,0.0,0,0.0,0,3.87500000442742e-06
aco_current,10,8060,84,23,2,0.0,0.0,0.0,0.0,0.09907747060060501,False,False,0.0,0.0,0.0,[],0.0,0.0,0,0.0,0,3.87500000442742e-06
aco_current,10,8060,84,23,3,0.0,0.0,0.0,0.0,0.43936213850975037,False,False,0.0,0.0,0.0,[],0.0,0.0,0,0.0,0,3.87500000442742e-06
aco_current,10,8060,84,23,4,0.0,0.0,0.0,0.0,0.20313307642936707,False,False,0.0,0.0,0.0,[],0.0,0.0,0,0.0,0,3.87500000442742e-06
aco_current,10,8061,84,23,1,0.0,144.0,144.0,0.72,0.22040192782878876,False,False,0.0,144.0,0.0,[],0.0,0.0,0,0.0,0,4.167000000165899e-06
aco_current,10,8061,84,23,2,0.0,0.0,0.0,0.0,0.09907747060060501,False,False,0.0,0.0,0.0,[],0.0,0.0,0,0.0,0,4.167000000165899e-06
aco_current,10,8061,84,23,3,0.0,0.0,0.0,0.0,0.43936213850975037,False,False,0.0,0.0,0.0,[],0.0,0.0,0,0.0,0,4.167000000165899e-06
aco_current,10,8061,84,23,4,0.0,0.0,0.0,0.0,0.20313307642936707,False,False,0.0,0.0,0.0,[],0.0,0.0,0,0.0,0,4.167000000165899e-06
aco_current,10,8062,84,23,1,0.0,144.0,144.0,0.72,0.30911871790885925,False,False,0.0,144.0,0.0,[],0.0,0.0,0,0.0,0,3.374999991478944e-06
aco_current,10,8062,84,23,2,0.0,0.0,0.0,0.0,0.09907747060060501,False,False,0.0,0.0,0.0,[],0.0,0.0,0,0.0,0,3.374999991478944e-06
aco_current,10,8062,84,23,3,0.0,0.0,0.0,0.0,0.43936213850975037,False,False,0.0,0.0,0.0,[],0.0,0.0,0,0.0,0,3.374999991478944e-06
aco_current,10,8062,84,23,4,0.0,0.0,0.0,0.0,0.20313307642936707,False,False,0.0,0.0,0.0,[],0.0,0.0,0,0.0,0,3.374999991478944e-06
aco_current,10,8063,84,23,1,0.0,144.0,144.0,0.72,0.3267865478992462,False,False,0.0,144.0,0.0,[],0.0,0.0,0,0.0,0,3.6670000014282778e-06
aco_current,10,8063,84,23,2,0.0,0.0,0.0,0.0,0.09907747060060501,False,False,0.0,0.0,0.0,[],0.0,0.0,0,0.0,0,3.6670000014282778e-06
aco_current,10,8063,84,23,3,0.0,0.0,0.0,0.0,0.43936213850975037,False,False,0.0,0.0,0.0,[],0.0,0.0,0,0.0,0,3.6670000014282778e-06
aco_current,10,8063,84,23,4,0.0,0.0,0.0,0.0,0.20313307642936707,False,False,0.0,0.0,0.0,[],0.0,0.0,0,0.0,0,3.6670000014282778e-06
aco_current,10,8064,85,0,1,26.0,144.0,170.0,0.85,0.9999989867210388,True,True,30.0,140.0,0.0,[1],10.0,10.0,1,10.0,0,0.010096541999999431
aco_current,10,8064,85,0,2,0.0,0.0,0.0,0.0,0.09907747060060501,False,False,0.0,0.0,0.0,[],10.0,10.0,1,10.0,0,0.010096541999999431
aco_current,10,8064,85,0,3,0.0,0.0,0.0,0.0,0.43936213850975037,False,False,0.0,0.0,0.0,[],10.0,10.0,1,10.0,0,0.010096541999999431
aco_current,10,8064,85,0,4,0.0,0.0,0.0,0.0,0.20313307642936707,False,False,0.0,0.0,0.0,[],10.0,10.0,1,10.0,0,0.010096541999999431
aco_current,10,8065,85,0,1,26.0,140.0,166.0,0.83,0.9999983310699463,True,True,30.0,136.0,0.0,[1],10.0,10.0,1,10.0,0,0.010452583000002846
aco_current,10,8065,85,0,2,0.0,0.0,0.0,0.0,0.09907747060060501,False,False,0.0,0.0,0.0,[],10.0,10.0,1,10.0,0,0.010452583000002846
aco_current,10,8065,85,0,3,0.0,0.0,0.0,0.0,0.43936213850975037,False,False,0.0,0.0,0.0,[],10.0,10.0,1,10.0,0,0.010452583000002846
aco_current,10,8065,85,0,4,0.0,0.0,0.0,0.0,0.20313307642936707,False,False,0.0,0.0,0.0,[],10.0,10.0,1,10.0,0,0.010452583000002846
aco_current,10,8066,85,0,1,29.0,136.0,165.0,0.825,0.9999993443489075,True,True,30.0,135.0,0.0,[1],10.0,10.0,1,10.0,0,0.009809333999996284
aco_current,10,8066,85,0,2,0.0,0.0,0.0,0.0,0.09907747060060501,False,False,0.0,0.0,0.0,[],10.0,10.0,1,10.0,0,0.009809333999996284
aco_current,10,8066,85,0,3,0.0,0.0,0.0,0.0,0.43936213850975037,False,False,0.0,0.0,0.0,[],10.0,10.0,1,10.0,0,0.009809333999996284
aco_current,10,8066,85,0,4,0.0,0.0,0.0,0.0,0.20313307642936707,False,False,0.0,0.0,0.0,[],10.0,10.0,1,10.0,0,0.009809333999996284
aco_current,10,8067,85,0,1,26.0,135.0,161.0,0.805,0.9999950528144836,True,True,30.0,131.0,0.0,[1],10.0,10.0,1,10.0,0,0.009721541999994088
aco_current,10,8067,85,0,2,0.0,0.0,0.0,0.0,0.09907747060060501,False,False,0.0,0.0,0.0,[],10.0,10.0,1,10.0,0,0.009721541999994088
aco_current,10,8067,85,0,3,0.0,0.0,0.0,0.0,0.43936213850975037,False,False,0.0,0.0,0.0,[],10.0,10.0,1,10.0,0,0.009721541999994088
aco_current,10,8067,85,0,4,0.0,0.0,0.0,0.0,0.20313307642936707,False,False,0.0,0.0,0.0,[],10.0,10.0,1,10.0,0,0.009721541999994088
aco_current,10,8068,85,1,1,29.0,131.0,160.0,0.8,0.9999977350234985,True,True,30.0,130.0,0.0,[1],10.0,10.0,1,10.0,0,0.009597374999998465
aco_current,10,8068,85,1,2,0.0,0.0,0.0,0.0,0.09907747060060501,False,False,0.0,0.0,0.0,[],10.0,10.0,1,10.0,0,0.009597374999998465
aco_current,10,8068,85,1,3,0.0,0.0,0.0,0.0,0.43936213850975037,False,False,0.0,0.0,0.0,[],10.0,10.0,1,10.0,0,0.009597374999998465
aco_current,10,8068,85,1,4,0.0,0.0,0.0,0.0,0.20313307642936707,False,False,0.0,0.0,0.0,[],10.0,10.0,1,10.0,0,0.009597374999998465
aco_current,10,8069,85,1,1,26.0,130.0,156.0,0.78,0.9999828338623047,False,False,0.0,156.0,0.0,[],0.0,0.0,0,0.0,0,4.583000006164184e-06
aco_current,10,8069,85,1,2,0.0,0.0,0.0,0.0,0.09907747060060501,False,False,0.0,0.0,0.0,[],0.0,0.0,0,0.0,0,4.583000006164184e-06
aco_current,10,8069,85,1,3,0.0,0.0,0.0,0.0,0.43936213850975037,False,False,0.0,0.0,0.0,[],0.0,0.0,0,0.0,0,4.583000006164184e-06
aco_current,10,8069,85,1,4,0.0,0.0,0.0,0.0,0.20313307642936707,False,False,0.0,0.0,0.0,[],0.0,0.0,0,0.0,0,4.583000006164184e-06
aco_current,10,8070,85,1,1,27.0,156.0,183.0,0.915,1.0,True,True,30.0,153.0,0.0,[1],10.0,10.0,1,10.0,0,0.00987183299999117
aco_current,10,8070,85,1,2,0.0,0.0,0.0,0.0,0.09907747060060501,False,False,0.0,0.0,0.0,[],10.0,10.0,1,10.0,0,0.00987183299999117
aco_current,10,8070,85,1,3,0.0,0.0,0.0,0.0,0.43936213850975037,False,False,0.0,0.0,0.0,[],10.0,10.0,1,10.0,0,0.00987183299999117
aco_current,10,8070,85,1,4,0.0,0.0,0.0,0.0,0.20313307642936707,False,False,0.0,0.0,0.0,[],10.0,10.0,1,10.0,0,0.00987183299999117
aco_current,10,8071,85,1,1,28.0,153.0,181.0,0.905,1.0,True,True,30.0,151.0,0.0,[1],10.0,10.0,1,10.0,0,0.00959091600000761
aco_current,10,8071,85,1,2,0.0,0.0,0.0,0.0,0.09907747060060501,False,False,0.0,0.0,0.0,[],10.0,10.0,1,10.0,0,0.00959091600000761
aco_current,10,8071,85,1,3,0.0,0.0,0.0,0.0,0.43936213850975037,False,False,0.0,0.0,0.0,[],10.0,10.0,1,10.0,0,0.00959091600000761
aco_current,10,8071,85,1,4,0.0,0.0,0.0,0.0,0.20313307642936707,False,False,0.0,0.0,0.0,[],10.0,10.0,1,10.0,0,0.00959091600000761
aco_current,10,8072,85,2,1,27.0,151.0,178.0,0.89,1.0,True,True,30.0,148.0,0.0,[1],10.0,10.0,1,10.0,0,0.009889458000003515
aco_current,10,8072,85,2,2,0.0,0.0,0.0,0.0,0.09907747060060501,False,False,0.0,0.0,0.0,[],10.0,10.0,1,10.0,0,0.009889458000003515
aco_current,10,8072,85,2,3,0.0,0.0,0.0,0.0,0.43936213850975037,False,False,0.0,0.0,0.0,[],10.0,10.0,1,10.0,0,0.009889458000003515
aco_current,10,8072,85,2,4,0.0,0.0,0.0,0.0,0.20313307642936707,False,False,0.0,0.0,0.0,[],10.0,10.0,1,10.0,0,0.009889458000003515
aco_current,10,8073,85,2,1,28.0,148.0,176.0,0.88,1.0,True,True,30.0,146.0,0.0,[1],10.0,10.0,1,10.0,0,0.009717124999994553
aco_current,10,8073,85,2,2,0.0,0.0,0.0,0.0,0.09907747060060501,False,False,0.0,0.0,0.0,[],10.0,10.0,1,10.0,0,0.009717124999994553
aco_current,10,8073,85,2,3,0.0,0.0,0.0,0.0,0.43936213850975037,False,False,0.0,0.0,0.0,[],10.0,10.0,1,10.0,0,0.009717124999994553
aco_current,10,8073,85,2,4,0.0,0.0,0.0,0.0,0.20313307642936707,False,False,0.0,0.0,0.0,[],10.0,10.0,1,10.0,0,0.009717124999994553
aco_current,10,8074,85,2,1,27.0,146.0,173.0,0.865,0.9999998807907104,True,True,30.0,143.0,0.0,[1],10.0,10.0,1,10.0,0,0.009796042000004945
aco_current,10,8074,85,2,2,0.0,0.0,0.0,0.0,0.09907747060060501,False,False,0.0,0.0,0.0,[],10.0,10.0,1,10.0,0,0.009796042000004945
aco_current,10,8074,85,2,3,0.0,0.0,0.0,0.0,0.43936213850975037,False,False,0.0,0.0,0.0,[],10.0,10.0,1,10.0,0,0.009796042000004945
aco_current,10,8074,85,2,4,0.0,0.0,0.0,0.0,0.20313307642936707,False,False,0.0,0.0,0.0,[],10.0,10.0,1,10.0,0,0.009796042000004945
aco_current,10,8075,85,2,1,26.0,143.0,169.0,0.845,0.9999994039535522,True,True,30.0,139.0,0.0,[1],10.0,10.0,1,10.0,0,0.009997166999994533
aco_current,10,8075,85,2,2,0.0,0.0,0.0,0.0,0.09907747060060501,False,False,0.0,0.0,0.0,[],10.0,10.0,1,10.0,0,0.009997166999994533
aco_current,10,8075,85,2,3,0.0,0.0,0.0,0.0,0.43936213850975037,False,False,0.0,0.0,0.0,[],10.0,10.0,1,10.0,0,0.009997166999994533
aco_current,10,8075,85,2,4,0.0,0.0,0.0,0.0,0.20313307642936707,False,False,0.0,0.0,0.0,[],10.0,10.0,1,10.0,0,0.009997166999994533
aco_current,10,8076,85,3,1,29.0,139.0,168.0,0.84,0.9999997615814209,True,True,30.0,138.0,0.0,[1],10.0,10.0,1,10.0,0,0.009744709000003127
aco_current,10,8076,85,3,2,0.0,0.0,0.0,0.0,0.09907747060060501,False,False,0.0,0.0,0.0,[],10.0,10.0,1,10.0,0,0.009744709000003127
aco_current,10,8076,85,3,3,0.0,0.0,0.0,0.0,0.43936213850975037,False,False,0.0,0.0,0.0,[],10.0,10.0,1,10.0,0,0.009744709000003127
aco_current,10,8076,85,3,4,0.0,0.0,0.0,0.0,0.20313307642936707,False,False,0.0,0.0,0.0,[],10.0,10.0,1,10.0,0,0.009744709000003127
aco_current,10,8077,85,3,1,26.0,138.0,164.0,0.82,0.9999977946281433,True,True,30.0,134.0,0.0,[1],10.0,10.0,1,10.0,0,0.009940124999999966
aco_current,10,8077,85,3,2,0.0,0.0,0.0,0.0,0.09907747060060501,False,False,0.0,0.0,0.0,[],10.0,10.0,1,10.0,0,0.009940124999999966
aco_current,10,8077,85,3,3,0.0,0.0,0.0,0.0,0.43936213850975037,False,False,0.0,0.0,0.0,[],10.0,10.0,1,10.0,0,0.009940124999999966
aco_current,10,8077,85,3,4,0.0,0.0,0.0,0.0,0.20313307642936707,False,False,0.0,0.0,0.0,[],10.0,10.0,1,10.0,0,0.009940124999999966
aco_current,10,8078,85,3,1,28.0,134.0,162.0,0.81,0.9999980926513672,True,True,30.0,132.0,0.0,[1],10.0,10.0,1,10.0,0,0.010250917000007576
aco_current,10,8078,85,3,2,0.0,0.0,0.0,0.0,0.09907747060060501,False,False,0.0,0.0,0.0,[],10.0,10.0,1,10.0,0,0.010250917000007576
aco_current,10,8078,85,3,3,0.0,0.0,0.0,0.0,0.43936213850975037,False,False,0.0,0.0,0.0,[],10.0,10.0,1,10.0,0,0.010250917000007576
aco_current,10,8078,85,3,4,0.0,0.0,0.0,0.0,0.20313307642936707,False,False,0.0,0.0,0.0,[],10.0,10.0,1,10.0,0,0.010250917000007576
aco_current,10,8079,85,3,1,27.0,132.0,159.0,0.795,0.9999939799308777,False,False,0.0,159.0,0.0,[],0.0,0.0,0,0.0,0,3.7919999869018284e-06
aco_current,10,8079,85,3,2,0.0,0.0,0.0,0.0,0.09907747060060501,False,False,0.0,0.0,0.0,[],0.0,0.0,0,0.0,0,3.7919999869018284e-06
aco_current,10,8079,85,3,3,0.0,0.0,0.0,0.0,0.43936213850975037,False,False,0.0,0.0,0.0,[],0.0,0.0,0,0.0,0,3.7919999869018284e-06
aco_current,10,8079,85,3,4,0.0,0.0,0.0,0.0,0.20313307642936707,False,False,0.0,0.0,0.0,[],0.0,0.0,0,0.0,0,3.7919999869018284e-06
aco_current,10,8080,85,4,1,26.0,159.0,185.0,0.925,1.0,True,True,30.0,155.0,0.0,[1],10.0,10.0,1,10.0,0,0.009831584000011162
aco_current,10,8080,85,4,2,0.0,0.0,0.0,0.0,0.09907747060060501,False,False,0.0,0.0,0.0,[],10.0,10.0,1,10.0,0,0.009831584000011162
aco_current,10,8080,85,4,3,0.0,0.0,0.0,0.0,0.43936213850975037,False,False,0.0,0.0,0.0,[],10.0,10.0,1,10.0,0,0.009831584000011162
aco_current,10,8080,85,4,4,0.0,0.0,0.0,0.0,0.20313307642936707,False,False,0.0,0.0,0.0,[],10.0,10.0,1,10.0,0,0.009831584000011162
aco_current,10,8081,85,4,1,29.0,155.0,184.0,0.92,1.0,True,True,30.0,154.0,0.0,[1],10.0,10.0,1,10.0,0,0.009681584000006183
aco_current,10,8081,85,4,2,0.0,0.0,0.0,0.0,0.09907747060060501,False,False,0.0,0.0,0.0,[],10.0,10.0,1,10.0,0,0.009681584000006183
aco_current,10,8081,85,4,3,0.0,0.0,0.0,0.0,0.43936213850975037,False,False,0.0,0.0,0.0,[],10.0,10.0,1,10.0,0,0.009681584000006183
aco_current,10,8081,85,4,4,0.0,0.0,0.0,0.0,0.20313307642936707,False,False,0.0,0.0,0.0,[],10.0,10.0,1,10.0,0,0.009681584000006183
aco_current,10,8082,85,4,1,26.0,154.0,180.0,0.9,1.0,True,True,30.0,150.0,0.0,[1],10.0,10.0,1,10.0,0,0.00974708399999713
aco_current,10,8082,85,4,2,0.0,0.0,0.0,0.0,0.09907747060060501,False,False,0.0,0.0,0.0,[],10.0,10.0,1,10.0,0,0.00974708399999713
aco_current,10,8082,85,4,3,0.0,0.0,0.0,0.0,0.43936213850975037,False,False,0.0,0.0,0.0,[],10.0,10.0,1,10.0,0,0.00974708399999713
aco_current,10,8082,85,4,4,0.0,0.0,0.0,0.0,0.20313307642936707,False,False,0.0,0.0,0.0,[],10.0,10.0,1,10.0,0,0.00974708399999713
aco_current,10,8083,85,4,1,29.0,150.0,179.0,0.895,1.0,True,True,30.0,149.0,0.0,[1],10.0,10.0,1,10.0,0,0.009828041000005783
aco_current,10,8083,85,4,2,0.0,0.0,0.0,0.0,0.09907747060060501,False,False,0.0,0.0,0.0,[],10.0,10.0,1,10.0,0,0.009828041000005783
aco_current,10,8083,85,4,3,0.0,0.0,0.0,0.0,0.43936213850975037,False,False,0.0,0.0,0.0,[],10.0,10.0,1,10.0,0,0.009828041000005783
aco_current,10,8083,85,4,4,0.0,0.0,0.0,0.0,0.20313307642936707,False,False,0.0,0.0,0.0,[],10.0,10.0,1,10.0,0,0.009828041000005783
aco_current,10,8084,85,5,1,26.0,149.0,175.0,0.875,0.9999998807907104,True,True,30.0,145.0,0.0,[1],10.0,10.0,1,10.0,0,0.010040666999998393
aco_current,10,8084,85,5,2,0.0,0.0,0.0,0.0,0.09907747060060501,False,False,0.0,0.0,0.0,[],10.0,10.0,1,10.0,0,0.010040666999998393
aco_current,10,8084,85,5,3,0.0,0.0,0.0,0.0,0.43936213850975037,False,False,0.0,0.0,0.0,[],10.0,10.0,1,10.0,0,0.010040666999998393
aco_current,10,8084,85,5,4,0.0,0.0,0.0,0.0,0.20313307642936707,False,False,0.0,0.0,0.0,[],10.0,10.0,1,10.0,0,0.010040666999998393
aco_current,10,8085,85,5,1,29.0,145.0,174.0,0.87,1.0,True,True,30.0,144.0,0.0,[1],10.0,10.0,1,10.0,0,0.010007875000013655
aco_current,10,8085,85,5,2,0.0,0.0,0.0,0.0,0.09907747060060501,False,False,0.0,0.0,0.0,[],10.0,10.0,1,10.0,0,0.010007875000013655
aco_current,10,8085,85,5,3,0.0,0.0,0.0,0.0,0.43936213850975037,False,False,0.0,0.0,0.0,[],10.0,10.0,1,10.0,0,0.010007875000013655
aco_current,10,8085,85,5,4,0.0,0.0,0.0,0.0,0.20313307642936707,False,False,0.0,0.0,0.0,[],10.0,10.0,1,10.0,0,0.010007875000013655
aco_current,10,8086,85,5,1,26.0,144.0,170.0,0.85,0.9999995827674866,True,True,30.0,140.0,0.0,[1],10.0,10.0,1,10.0,0,0.010027416000014
aco_current,10,8086,85,5,2,0.0,0.0,0.0,0.0,0.09907747060060501,False,False,0.0,0.0,0.0,[],10.0,10.0,1,10.0,0,0.010027416000014
aco_current,10,8086,85,5,3,0.0,0.0,0.0,0.0,0.43936213850975037,False,False,0.0,0.0,0.0,[],10.0,10.0,1,10.0,0,0.010027416000014
aco_current,10,8086,85,5,4,0.0,0.0,0.0,0.0,0.20313307642936707,False,False,0.0,0.0,0.0,[],10.0,10.0,1,10.0,0,0.010027416000014
aco_current,10,8087,85,5,1,27.0,140.0,167.0,0.835,0.9999992847442627,True,True,30.0,137.0,0.0,[1],10.0,10.0,1,10.0,0,0.009878041999996867
aco_current,10,8087,85,5,2,0.0,0.0,0.0,0.0,0.09907747060060501,False,False,0.0,0.0,0.0,[],10.0,10.0,1,10.0,0,0.009878041999996867
aco_current,10,8087,85,5,3,0.0,0.0,0.0,0.0,0.43936213850975037,False,False,0.0,0.0,0.0,[],10.0,10.0,1,10.0,0,0.009878041999996867
aco_current,10,8087,85,5,4,0.0,0.0,0.0,0.0,0.20313307642936707,False,False,0.0,0.0,0.0,[],10.0,10.0,1,10.0,0,0.009878041999996867
aco_current,10,8088,85,6,1,28.0,137.0,165.0,0.825,0.9999991655349731,True,True,30.0,135.0,0.0,[1],10.0,10.0,1,10.0,0,0.009914082999998186
aco_current,10,8088,85,6,2,0.0,0.0,0.0,0.0,0.09907747060060501,False,False,0.0,0.0,0.0,[],10.0,10.0,1,10.0,0,0.009914082999998186
aco_current,10,8088,85,6,3,0.0,0.0,0.0,0.0,0.43936213850975037,False,False,0.0,0.0,0.0,[],10.0,10.0,1,10.0,0,0.009914082999998186
aco_current,10,8088,85,6,4,0.0,0.0,0.0,0.0,0.20313307642936707,False,False,0.0,0.0,0.0,[],10.0,10.0,1,10.0,0,0.009914082999998186
aco_current,10,8089,85,6,1,27.0,135.0,162.0,0.81,0.9999973177909851,True,True,30.0,132.0,0.0,[1],10.0,10.0,1,10.0,0,0.009861749999998892
aco_current,10,8089,85,6,2,0.0,0.0,0.0,0.0,0.09907747060060501,False,False,0.0,0.0,0.0,[],10.0,10.0,1,10.0,0,0.009861749999998892
aco_current,10,8089,85,6,3,0.0,0.0,0.0,0.0,0.43936213850975037,False,False,0.0,0.0,0.0,[],10.0,10.0,1,10.0,0,0.009861749999998892
aco_current,10,8089,85,6,4,0.0,0.0,0.0,0.0,0.20313307642936707,False,False,0.0,0.0,0.0,[],10.0,10.0,1,10.0,0,0.009861749999998892
aco_current,10,8090,85,6,1,28.0,132.0,160.0,0.8,0.9999967813491821,True,True,30.0,130.0,0.0,[1],10.0,10.0,1,10.0,0,0.010111833000010506
aco_current,10,8090,85,6,2,0.0,0.0,0.0,0.0,0.09907747060060501,False,False,0.0,0.0,0.0,[],10.0,10.0,1,10.0,0,0.010111833000010506
aco_current,10,8090,85,6,3,0.0,0.0,0.0,0.0,0.43936213850975037,False,False,0.0,0.0,0.0,[],10.0,10.0,1,10.0,0,0.010111833000010506
aco_current,10,8090,85,6,4,0.0,0.0,0.0,0.0,0.20313307642936707,False,False,0.0,0.0,0.0,[],10.0,10.0,1,10.0,0,0.010111833000010506
aco_current,10,8091,85,6,1,27.0,130.0,157.0,0.785,0.9999902844429016,False,False,0.0,157.0,0.0,[],0.0,0.0,0,0.0,0,4.208999996535567e-06
aco_current,10,8091,85,6,2,0.0,0.0,0.0,0.0,0.09907747060060501,False,False,0.0,0.0,0.0,[],0.0,0.0,0,0.0,0,4.208999996535567e-06
aco_current,10,8091,85,6,3,0.0,0.0,0.0,0.0,0.43936213850975037,False,False,0.0,0.0,0.0,[],0.0,0.0,0,0.0,0,4.208999996535567e-06
aco_current,10,8091,85,6,4,0.0,0.0,0.0,0.0,0.20313307642936707,False,False,0.0,0.0,0.0,[],0.0,0.0,0,0.0,0,4.208999996535567e-06
aco_current,10,8092,85,7,1,26.0,157.0,183.0,0.915,1.0,True,True,30.0,153.0,0.0,[1],10.0,10.0,1,10.0,0,0.010145459000000301
aco_current,10,8092,85,7,2,0.0,0.0,0.0,0.0,0.09907747060060501,False,False,0.0,0.0,0.0,[],10.0,10.0,1,10.0,0,0.010145459000000301
aco_current,10,8092,85,7,3,0.0,0.0,0.0,0.0,0.43936213850975037,False,False,0.0,0.0,0.0,[],10.0,10.0,1,10.0,0,0.010145459000000301
aco_current,10,8092,85,7,4,0.0,0.0,0.0,0.0,0.20313307642936707,False,False,0.0,0.0,0.0,[],10.0,10.0,1,10.0,0,0.010145459000000301
aco_current,10,8093,85,7,1,28.0,153.0,181.0,0.905,1.0,True,True,30.0,151.0,0.0,[1],10.0,10.0,1,10.0,0,0.009671709000002693
aco_current,10,8093,85,7,2,0.0,0.0,0.0,0.0,0.09907747060060501,False,False,0.0,0.0,0.0,[],10.0,10.0,1,10.0,0,0.009671709000002693
aco_current,10,8093,85,7,3,0.0,0.0,0.0,0.0,0.43936213850975037,False,False,0.0,0.0,0.0,[],10.0,10.0,1,10.0,0,0.009671709000002693
aco_current,10,8093,85,7,4,0.0,0.0,0.0,0.0,0.20313307642936707,False,False,0.0,0.0,0.0,[],10.0,10.0,1,10.0,0,0.009671709000002693
aco_current,10,8094,85,7,1,27.0,151.0,178.0,0.89,1.0,True,True,30.0,148.0,0.0,[1],10.0,10.0,1,10.0,0,0.009970374999994647
aco_current,10,8094,85,7,2,0.0,0.0,0.0,0.0,0.09907747060060501,False,False,0.0,0.0,0.0,[],10.0,10.0,1,10.0,0,0.009970374999994647
aco_current,10,8094,85,7,3,0.0,0.0,0.0,0.0,0.43936213850975037,False,False,0.0,0.0,0.0,[],10.0,10.0,1,10.0,0,0.009970374999994647
aco_current,10,8094,85,7,4,0.0,0.0,0.0,0.0,0.20313307642936707,False,False,0.0,0.0,0.0,[],10.0,10.0,1,10.0,0,0.009970374999994647
aco_current,10,8095,85,7,1,28.0,148.0,176.0,0.88,1.0,True,True,30.0,146.0,0.0,[1],10.0,10.0,1,10.0,0,0.009994375000005107
aco_current,10,8095,85,7,2,0.0,0.0,0.0,0.0,0.09907747060060501,False,False,0.0,0.0,0.0,[],10.0,10.0,1,10.0,0,0.009994375000005107
aco_current,10,8095,85,7,3,0.0,0.0,0.0,0.0,0.43936213850975037,False,False,0.0,0.0,0.0,[],10.0,10.0,1,10.0,0,0.009994375000005107
aco_current,10,8095,85,7,4,0.0,0.0,0.0,0.0,0.20313307642936707,False,False,0.0,0.0,0.0,[],10.0,10.0,1,10.0,0,0.009994375000005107
aco_current,10,8096,85,8,1,27.0,146.0,173.0,0.865,0.9999998807907104,True,True,30.0,143.0,0.0,[1],10.0,10.0,1,10.0,0,0.009995041999999899
aco_current,10,8096,85,8,2,0.0,0.0,0.0,0.0,0.09907747060060501,False,False,0.0,0.0,0.0,[],10.0,10.0,1,10.0,0,0.009995041999999899
aco_current,10,8096,85,8,3,0.0,0.0,0.0,0.0,0.43936213850975037,False,False,0.0,0.0,0.0,[],10.0,10.0,1,10.0,0,0.009995041999999899
aco_current,10,8096,85,8,4,0.0,0.0,0.0,0.0,0.20313307642936707,False,False,0.0,0.0,0.0,[],10.0,10.0,1,10.0,0,0.009995041999999899
aco_current,10,8097,85,8,1,26.0,143.0,169.0,0.845,0.9999994039535522,True,True,30.0,139.0,0.0,[1],10.0,10.0,1,10.0,0,0.009832750000001056
aco_current,10,8097,85,8,2,0.0,0.0,0.0,0.0,0.09907747060060501,False,False,0.0,0.0,0.0,[],10.0,10.0,1,10.0,0,0.009832750000001056
aco_current,10,8097,85,8,3,0.0,0.0,0.0,0.0,0.43936213850975037,False,False,0.0,0.0,0.0,[],10.0,10.0,1,10.0,0,0.009832750000001056
aco_current,10,8097,85,8,4,0.0,0.0,0.0,0.0,0.20313307642936707,False,False,0.0,0.0,0.0,[],10.0,10.0,1,10.0,0,0.009832750000001056
aco_current,10,8098,85,8,1,29.0,139.0,168.0,0.84,0.9999997615814209,True,True,30.0,138.0,0.0,[1],10.0,10.0,1,10.0,0,0.01009250000001316
aco_current,10,8098,85,8,2,0.0,0.0,0.0,0.0,0.09907747060060501,False,False,0.0,0.0,0.0,[],10.0,10.0,1,10.0,0,0.01009250000001316
aco_current,10,8098,85,8,3,0.0,0.0,0.0,0.0,0.43936213850975037,False,False,0.0,0.0,0.0,[],10.0,10.0,1,10.0,0,0.01009250000001316
aco_current,10,8098,85,8,4,0.0,0.0,0.0,0.0,0.20313307642936707,False,False,0.0,0.0,0.0,[],10.0,10.0,1,10.0,0,0.01009250000001316
aco_current,10,8099,85,8,1,26.0,138.0,164.0,0.82,0.9999977946281433,True,True,30.0,134.0,0.0,[1],10.0,10.0,1,10.0,0,0.009945708000003606
aco_current,10,8099,85,8,2,0.0,0.0,0.0,0.0,0.09907747060060501,False,False,0.0,0.0,0.0,[],10.0,10.0,1,10.0,0,0.009945708000003606
aco_current,10,8099,85,8,3,0.0,0.0,0.0,0.0,0.43936213850975037,False,False,0.0,0.0,0.0,[],10.0,10.0,1,10.0,0,0.009945708000003606
aco_current,10,8099,85,8,4,0.0,0.0,0.0,0.0,0.20313307642936707,False,False,0.0,0.0,0.0,[],10.0,10.0,1,10.0,0,0.009945708000003606
aco_current,10,8100,85,9,1,29.0,134.0,163.0,0.815,0.9999989867210388,True,True,30.0,133.0,0.0,[1],10.0,10.0,1,10.0,0,0.00970062500000779
aco_current,10,8100,85,9,2,0.0,0.0,0.0,0.0,0.09907747060060501,False,False,0.0,0.0,0.0,[],10.0,10.0,1,10.0,0,0.00970062500000779
aco_current,10,8100,85,9,3,0.0,0.0,0.0,0.0,0.43936213850975037,False,False,0.0,0.0,0.0,[],10.0,10.0,1,10.0,0,0.00970062500000779
aco_current,10,8100,85,9,4,0.0,0.0,0.0,0.0,0.20313307642936707,False,False,0.0,0.0,0.0,[],10.0,10.0,1,10.0,0,0.00970062500000779
aco_current,10,8101,85,9,1,26.0,133.0,159.0,0.795,0.9999915361404419,False,False,0.0,159.0,0.0,[],0.0,0.0,0,0.0,0,3.9170000007970884e-06
aco_current,10,8101,85,9,2,0.0,0.0,0.0,0.0,0.09907747060060501,False,False,0.0,0.0,0.0,[],0.0,0.0,0,0.0,0,3.9170000007970884e-06
aco_current,10,8101,85,9,3,0.0,0.0,0.0,0.0,0.43936213850975037,False,False,0.0,0.0,0.0,[],0.0,0.0,0,0.0,0,3.9170000007970884e-06
aco_current,10,8101,85,9,4,0.0,0.0,0.0,0.0,0.20313307642936707,False,False,0.0,0.0,0.0,[],0.0,0.0,0,0.0,0,3.9170000007970884e-06
aco_current,10,8102,85,9,1,29.0,159.0,188.0,0.94,1.0,True,True,30.0,158.0,0.0,[1],10.0,10.0,1,10.0,0,0.010060250000009319
aco_current,10,8102,85,9,2,0.0,0.0,0.0,0.0,0.09907747060060501,False,False,0.0,0.0,0.0,[],10.0,10.0,1,10.0,0,0.010060250000009319
aco_current,10,8102,85,9,3,0.0,0.0,0.0,0.0,0.43936213850975037,False,False,0.0,0.0,0.0,[],10.0,10.0,1,10.0,0,0.010060250000009319
aco_current,10,8102,85,9,4,0.0,0.0,0.0,0.0,0.20313307642936707,False,False,0.0,0.0,0.0,[],10.0,10.0,1,10.0,0,0.010060250000009319
aco_current,10,8103,85,9,1,26.0,158.0,184.0,0.92,1.0,True,True,30.0,154.0,0.0,[1],10.0,10.0,1,10.0,0,0.009849833000004082
aco_current,10,8103,85,9,2,0.0,0.0,0.0,0.0,0.09907747060060501,False,False,0.0,0.0,0.0,[],10.0,10.0,1,10.0,0,0.009849833000004082
aco_current,10,8103,85,9,3,0.0,0.0,0.0,0.0,0.43936213850975037,False,False,0.0,0.0,0.0,[],10.0,10.0,1,10.0,0,0.009849833000004082
aco_current,10,8103,85,9,4,0.0,0.0,0.0,0.0,0.20313307642936707,False,False,0.0,0.0,0.0,[],10.0,10.0,1,10.0,0,0.009849833000004082
aco_current,10,8104,85,10,1,27.0,154.0,181.0,0.905,1.0,True,True,30.0,151.0,0.0,[1],10.0,10.0,1,10.0,0,0.009856583000015462
aco_current,10,8104,85,10,2,0.0,0.0,0.0,0.0,0.09907747060060501,False,False,0.0,0.0,0.0,[],10.0,10.0,1,10.0,0,0.009856583000015462
aco_current,10,8104,85,10,3,0.0,0.0,0.0,0.0,0.43936213850975037,False,False,0.0,0.0,0.0,[],10.0,10.0,1,10.0,0,0.009856583000015462
aco_current,10,8104,85,10,4,0.0,0.0,0.0,0.0,0.20313307642936707,False,False,0.0,0.0,0.0,[],10.0,10.0,1,10.0,0,0.009856583000015462
aco_current,10,8105,85,10,1,28.0,151.0,179.0,0.895,1.0,True,True,30.0,149.0,0.0,[1],10.0,10.0,1,10.0,0,0.010063875000014377
aco_current,10,8105,85,10,2,0.0,0.0,0.0,0.0,0.09907747060060501,False,False,0.0,0.0,0.0,[],10.0,10.0,1,10.0,0,0.010063875000014377
aco_current,10,8105,85,10,3,0.0,0.0,0.0,0.0,0.43936213850975037,False,False,0.0,0.0,0.0,[],10.0,10.0,1,10.0,0,0.010063875000014377
aco_current,10,8105,85,10,4,0.0,0.0,0.0,0.0,0.20313307642936707,False,False,0.0,0.0,0.0,[],10.0,10.0,1,10.0,0,0.010063875000014377
aco_current,10,8106,85,10,1,26.0,149.0,175.0,0.875,0.9999998807907104,True,True,30.0,145.0,0.0,[1],10.0,10.0,1,10.0,0,0.009776834000007284
aco_current,10,8106,85,10,2,0.0,0.0,0.0,0.0,0.09907747060060501,False,False,0.0,0.0,0.0,[],10.0,10.0,1,10.0,0,0.009776834000007284
aco_current,10,8106,85,10,3,0.0,0.0,0.0,0.0,0.43936213850975037,False,False,0.0,0.0,0.0,[],10.0,10.0,1,10.0,0,0.009776834000007284
aco_current,10,8106,85,10,4,0.0,0.0,0.0,0.0,0.20313307642936707,False,False,0.0,0.0,0.0,[],10.0,10.0,1,10.0,0,0.009776834000007284
aco_current,10,8107,85,10,1,23.0,145.0,168.0,0.84,0.9999977946281433,True,True,30.0,138.0,0.0,[1],10.0,10.0,1,10.0,0,0.009925333000012415
aco_current,10,8107,85,10,2,0.0,0.0,0.0,0.0,0.09907747060060501,False,False,0.0,0.0,0.0,[],10.0,10.0,1,10.0,0,0.009925333000012415
aco_current,10,8107,85,10,3,0.0,0.0,0.0,0.0,0.43936213850975037,False,False,0.0,0.0,0.0,[],10.0,10.0,1,10.0,0,0.009925333000012415
aco_current,10,8107,85,10,4,0.0,0.0,0.0,0.0,0.20313307642936707,False,False,0.0,0.0,0.0,[],10.0,10.0,1,10.0,0,0.009925333000012415
aco_current,10,8108,85,11,1,18.0,138.0,156.0,0.78,0.9997081756591797,False,False,0.0,156.0,0.0,[],0.0,0.0,0,0.0,0,4.00000001832268e-06
aco_current,10,8108,85,11,2,0.0,0.0,0.0,0.0,0.09907747060060501,False,False,0.0,0.0,0.0,[],0.0,0.0,0,0.0,0,4.00000001832268e-06
aco_current,10,8108,85,11,3,0.0,0.0,0.0,0.0,0.43936213850975037,False,False,0.0,0.0,0.0,[],0.0,0.0,0,0.0,0,4.00000001832268e-06
aco_current,10,8108,85,11,4,0.0,0.0,0.0,0.0,0.20313307642936707,False,False,0.0,0.0,0.0,[],0.0,0.0,0,0.0,0,4.00000001832268e-06
aco_current,10,8109,85,11,1,19.0,156.0,175.0,0.875,0.9999984502792358,True,True,30.0,145.0,0.0,[1],10.0,10.0,1,10.0,0,0.010157417000016267
aco_current,10,8109,85,11,2,0.0,0.0,0.0,0.0,0.09907747060060501,False,False,0.0,0.0,0.0,[],10.0,10.0,1,10.0,0,0.010157417000016267
aco_current,10,8109,85,11,3,0.0,0.0,0.0,0.0,0.43936213850975037,False,False,0.0,0.0,0.0,[],10.0,10.0,1,10.0,0,0.010157417000016267
aco_current,10,8109,85,11,4,0.0,0.0,0.0,0.0,0.20313307642936707,False,False,0.0,0.0,0.0,[],10.0,10.0,1,10.0,0,0.010157417000016267
aco_current,10,8110,85,11,1,19.0,145.0,164.0,0.82,0.9999716877937317,True,True,30.0,134.0,0.0,[1],10.0,10.0,1,10.0,0,0.00990783399998918
aco_current,10,8110,85,11,2,0.0,0.0,0.0,0.0,0.09907747060060501,False,False,0.0,0.0,0.0,[],10.0,10.0,1,10.0,0,0.00990783399998918
aco_current,10,8110,85,11,3,0.0,0.0,0.0,0.0,0.43936213850975037,False,False,0.0,0.0,0.0,[],10.0,10.0,1,10.0,0,0.00990783399998918
aco_current,10,8110,85,11,4,0.0,0.0,0.0,0.0,0.20313307642936707,False,False,0.0,0.0,0.0,[],10.0,10.0,1,10.0,0,0.00990783399998918
aco_current,10,8111,85,11,1,19.0,134.0,153.0,0.765,0.9996039867401123,False,False,0.0,153.0,0.0,[],0.0,0.0,0,0.0,0,3.541999973322163e-06
aco_current,10,8111,85,11,2,0.0,0.0,0.0,0.0,0.09907747060060501,False,False,0.0,0.0,0.0,[],0.0,0.0,0,0.0,0,3.541999973322163e-06
aco_current,10,8111,85,11,3,0.0,0.0,0.0,0.0,0.43936213850975037,False,False,0.0,0.0,0.0,[],0.0,0.0,0,0.0,0,3.541999973322163e-06
aco_current,10,8111,85,11,4,0.0,0.0,0.0,0.0,0.20313307642936707,False,False,0.0,0.0,0.0,[],0.0,0.0,0,0.0,0,3.541999973322163e-06
aco_current,10,8112,85,12,1,19.0,153.0,172.0,0.86,0.9999963641166687,True,True,30.0,142.0,0.0,[1],10.0,10.0,1,10.0,0,0.009845208000001548
aco_current,10,8112,85,12,2,0.0,0.0,0.0,0.0,0.09907747060060501,False,False,0.0,0.0,0.0,[],10.0,10.0,1,10.0,0,0.009845208000001548
aco_current,10,8112,85,12,3,0.0,0.0,0.0,0.0,0.43936213850975037,False,False,0.0,0.0,0.0,[],10.0,10.0,1,10.0,0,0.009845208000001548
aco_current,10,8112,85,12,4,0.0,0.0,0.0,0.0,0.20313307642936707,False,False,0.0,0.0,0.0,[],10.0,10.0,1,10.0,0,0.009845208000001548
aco_current,10,8113,85,12,1,19.0,142.0,161.0,0.805,0.9999375939369202,True,True,30.0,131.0,0.0,[1],10.0,10.0,1,10.0,0,0.009913041000004341
aco_current,10,8113,85,12,2,0.0,0.0,0.0,0.0,0.09907747060060501,False,False,0.0,0.0,0.0,[],10.0,10.0,1,10.0,0,0.009913041000004341
aco_current,10,8113,85,12,3,0.0,0.0,0.0,0.0,0.43936213850975037,False,False,0.0,0.0,0.0,[],10.0,10.0,1,10.0,0,0.009913041000004341
aco_current,10,8113,85,12,4,0.0,0.0,0.0,0.0,0.20313307642936707,False,False,0.0,0.0,0.0,[],10.0,10.0,1,10.0,0,0.009913041000004341
aco_current,10,8114,85,12,1,18.0,131.0,149.0,0.745,0.9990279078483582,False,False,0.0,149.0,0.0,[],0.0,0.0,0,0.0,0,3.3339999845338752e-06
aco_current,10,8114,85,12,2,0.0,0.0,0.0,0.0,0.09907747060060501,False,False,0.0,0.0,0.0,[],0.0,0.0,0,0.0,0,3.3339999845338752e-06
aco_current,10,8114,85,12,3,0.0,0.0,0.0,0.0,0.43936213850975037,False,False,0.0,0.0,0.0,[],0.0,0.0,0,0.0,0,3.3339999845338752e-06
aco_current,10,8114,85,12,4,0.0,0.0,0.0,0.0,0.20313307642936707,False,False,0.0,0.0,0.0,[],0.0,0.0,0,0.0,0,3.3339999845338752e-06
aco_current,10,8115,85,12,1,11.0,149.0,160.0,0.8,0.9986149668693542,True,True,30.0,130.0,0.0,[1],10.0,10.0,1,10.0,0,0.009732416999980842
aco_current,10,8115,85,12,2,0.0,0.0,0.0,0.0,0.09907747060060501,False,False,0.0,0.0,0.0,[],10.0,10.0,1,10.0,0,0.009732416999980842
aco_current,10,8115,85,12,3,0.0,0.0,0.0,0.0,0.43936213850975037,False,False,0.0,0.0,0.0,[],10.0,10.0,1,10.0,0,0.009732416999980842
aco_current,10,8115,85,12,4,0.0,0.0,0.0,0.0,0.20313307642936707,False,False,0.0,0.0,0.0,[],10.0,10.0,1,10.0,0,0.009732416999980842
aco_current,10,8116,85,13,1,10.0,130.0,140.0,0.7,0.9554082155227661,False,False,0.0,140.0,0.0,[],0.0,0.0,0,0.0,0,3.6670000156391325e-06
aco_current,10,8116,85,13,2,0.0,0.0,0.0,0.0,0.09907747060060501,False,False,0.0,0.0,0.0,[],0.0,0.0,0,0.0,0,3.6670000156391325e-06
aco_current,10,8116,85,13,3,0.0,0.0,0.0,0.0,0.43936213850975037,False,False,0.0,0.0,0.0,[],0.0,0.0,0,0.0,0,3.6670000156391325e-06
aco_current,10,8116,85,13,4,0.0,0.0,0.0,0.0,0.20313307642936707,False,False,0.0,0.0,0.0,[],0.0,0.0,0,0.0,0,3.6670000156391325e-06
aco_current,10,8117,85,13,1,11.0,140.0,151.0,0.755,0.991468071937561,False,False,0.0,151.0,0.0,[],0.0,0.0,0,0.0,0,2.4160000009487703e-06
aco_current,10,8117,85,13,2,0.0,0.0,0.0,0.0,0.09907747060060501,False,False,0.0,0.0,0.0,[],0.0,0.0,0,0.0,0,2.4160000009487703e-06
aco_current,10,8117,85,13,3,0.0,0.0,0.0,0.0,0.43936213850975037,False,False,0.0,0.0,0.0,[],0.0,0.0,0,0.0,0,2.4160000009487703e-06
aco_current,10,8117,85,13,4,0.0,0.0,0.0,0.0,0.20313307642936707,False,False,0.0,0.0,0.0,[],0.0,0.0,0,0.0,0,2.4160000009487703e-06
aco_current,10,8118,85,13,1,10.0,151.0,161.0,0.805,0.9983348250389099,True,True,30.0,131.0,0.0,[1],10.0,10.0,1,10.0,0,0.009598250000010466
aco_current,10,8118,85,13,2,0.0,0.0,0.0,0.0,0.09907747060060501,False,False,0.0,0.0,0.0,[],10.0,10.0,1,10.0,0,0.009598250000010466
aco_current,10,8118,85,13,3,0.0,0.0,0.0,0.0,0.43936213850975037,False,False,0.0,0.0,0.0,[],10.0,10.0,1,10.0,0,0.009598250000010466
aco_current,10,8118,85,13,4,0.0,0.0,0.0,0.0,0.20313307642936707,False,False,0.0,0.0,0.0,[],10.0,10.0,1,10.0,0,0.009598250000010466
aco_current,10,8119,85,13,1,11.0,131.0,142.0,0.71,0.9768160581588745,False,False,0.0,142.0,0.0,[],0.0,0.0,0,0.0,0,4.042000000481494e-06
aco_current,10,8119,85,13,2,0.0,0.0,0.0,0.0,0.09907747060060501,False,False,0.0,0.0,0.0,[],0.0,0.0,0,0.0,0,4.042000000481494e-06
aco_current,10,8119,85,13,3,0.0,0.0,0.0,0.0,0.43936213850975037,False,False,0.0,0.0,0.0,[],0.0,0.0,0,0.0,0,4.042000000481494e-06
aco_current,10,8119,85,13,4,0.0,0.0,0.0,0.0,0.20313307642936707,False,False,0.0,0.0,0.0,[],0.0,0.0,0,0.0,0,4.042000000481494e-06
aco_current,10,8120,85,14,1,10.0,142.0,152.0,0.76,0.989680826663971,False,False,0.0,152.0,0.0,[],0.0,0.0,0,0.0,0,2.334000015480342e-06
aco_current,10,8120,85,14,2,0.0,0.0,0.0,0.0,0.09907747060060501,False,False,0.0,0.0,0.0,[],0.0,0.0,0,0.0,0,2.334000015480342e-06
aco_current,10,8120,85,14,3,0.0,0.0,0.0,0.0,0.43936213850975037,False,False,0.0,0.0,0.0,[],0.0,0.0,0,0.0,0,2.334000015480342e-06
aco_current,10,8120,85,14,4,0.0,0.0,0.0,0.0,0.20313307642936707,False,False,0.0,0.0,0.0,[],0.0,0.0,0,0.0,0,2.334000015480342e-06
aco_current,10,8121,85,14,1,10.0,152.0,162.0,0.81,0.9987128376960754,True,True,30.0,132.0,0.0,[1],10.0,10.0,1,10.0,0,0.009818417000019508
aco_current,10,8121,85,14,2,0.0,0.0,0.0,0.0,0.09907747060060501,False,False,0.0,0.0,0.0,[],10.0,10.0,1,10.0,0,0.009818417000019508
aco_current,10,8121,85,14,3,0.0,0.0,0.0,0.0,0.43936213850975037,False,False,0.0,0.0,0.0,[],10.0,10.0,1,10.0,0,0.009818417000019508
aco_current,10,8121,85,14,4,0.0,0.0,0.0,0.0,0.20313307642936707,False,False,0.0,0.0,0.0,[],10.0,10.0,1,10.0,0,0.009818417000019508
aco_current,10,8122,85,14,1,11.0,132.0,143.0,0.715,0.9788840413093567,False,False,0.0,143.0,0.0,[],0.0,0.0,0,0.0,0,3.5829999944780866e-06
aco_current,10,8122,85,14,2,0.0,0.0,0.0,0.0,0.09907747060060501,False,False,0.0,0.0,0.0,[],0.0,0.0,0,0.0,0,3.5829999944780866e-06
aco_current,10,8122,85,14,3,0.0,0.0,0.0,0.0,0.43936213850975037,False,False,0.0,0.0,0.0,[],0.0,0.0,0,0.0,0,3.5829999944780866e-06
aco_current,10,8122,85,14,4,0.0,0.0,0.0,0.0,0.20313307642936707,False,False,0.0,0.0,0.0,[],0.0,0.0,0,0.0,0,3.5829999944780866e-06
aco_current,10,8123,85,14,1,10.0,143.0,153.0,0.765,0.9909735918045044,False,False,0.0,153.0,0.0,[],0.0,0.0,0,0.0,0,2.3749999797928467e-06
aco_current,10,8123,85,14,2,0.0,0.0,0.0,0.0,0.09907747060060501,False,False,0.0,0.0,0.0,[],0.0,0.0,0,0.0,0,2.3749999797928467e-06
aco_current,10,8123,85,14,3,0.0,0.0,0.0,0.0,0.43936213850975037,False,False,0.0,0.0,0.0,[],0.0,0.0,0,0.0,0,2.3749999797928467e-06
aco_current,10,8123,85,14,4,0.0,0.0,0.0,0.0,0.20313307642936707,False,False,0.0,0.0,0.0,[],0.0,0.0,0,0.0,0,2.3749999797928467e-06
aco_current,10,8124,85,15,1,11.0,153.0,164.0,0.82,0.999453067779541,True,True,30.0,134.0,0.0,[1],10.0,10.0,1,10.0,0,0.01007279199998834
aco_current,10,8124,85,15,2,0.0,0.0,0.0,0.0,0.09907747060060501,False,False,0.0,0.0,0.0,[],10.0,10.0,1,10.0,0,0.01007279199998834
aco_current,10,8124,85,15,3,0.0,0.0,0.0,0.0,0.43936213850975037,False,False,0.0,0.0,0.0,[],10.0,10.0,1,10.0,0,0.01007279199998834
aco_current,10,8124,85,15,4,0.0,0.0,0.0,0.0,0.20313307642936707,False,False,0.0,0.0,0.0,[],10.0,10.0,1,10.0,0,0.01007279199998834
aco_current,10,8125,85,15,1,10.0,134.0,144.0,0.72,0.9734430313110352,False,False,0.0,144.0,0.0,[],0.0,0.0,0,0.0,0,2.7499999930569174e-06
aco_current,10,8125,85,15,2,0.0,0.0,0.0,0.0,0.09907747060060501,False,False,0.0,0.0,0.0,[],0.0,0.0,0,0.0,0,2.7499999930569174e-06
aco_current,10,8125,85,15,3,0.0,0.0,0.0,0.0,0.43936213850975037,False,False,0.0,0.0,0.0,[],0.0,0.0,0,0.0,0,2.7499999930569174e-06
aco_current,10,8125,85,15,4,0.0,0.0,0.0,0.0,0.20313307642936707,False,False,0.0,0.0,0.0,[],0.0,0.0,0,0.0,0,2.7499999930569174e-06
aco_current,10,8126,85,15,1,11.0,144.0,155.0,0.775,0.9953635931015015,False,False,0.0,155.0,0.0,[],0.0,0.0,0,0.0,0,2.4160000009487703e-06
aco_current,10,8126,85,15,2,0.0,0.0,0.0,0.0,0.09907747060060501,False,False,0.0,0.0,0.0,[],0.0,0.0,0,0.0,0,2.4160000009487703e-06
aco_current,10,8126,85,15,3,0.0,0.0,0.0,0.0,0.43936213850975037,False,False,0.0,0.0,0.0,[],0.0,0.0,0,0.0,0,2.4160000009487703e-06
aco_current,10,8126,85,15,4,0.0,0.0,0.0,0.0,0.20313307642936707,False,False,0.0,0.0,0.0,[],0.0,0.0,0,0.0,0,2.4160000009487703e-06
aco_current,10,8127,85,15,1,10.0,155.0,165.0,0.825,0.9994010925292969,True,True,30.0,135.0,0.0,[1],10.0,10.0,1,10.0,0,0.010121542000007366
aco_current,10,8127,85,15,2,0.0,0.0,0.0,0.0,0.09907747060060501,False,False,0.0,0.0,0.0,[],10.0,10.0,1,10.0,0,0.010121542000007366
aco_current,10,8127,85,15,3,0.0,0.0,0.0,0.0,0.43936213850975037,False,False,0.0,0.0,0.0,[],10.0,10.0,1,10.0,0,0.010121542000007366
aco_current,10,8127,85,15,4,0.0,0.0,0.0,0.0,0.20313307642936707,False,False,0.0,0.0,0.0,[],10.0,10.0,1,10.0,0,0.010121542000007366
aco_current,10,8128,85,16,1,11.0,135.0,146.0,0.73,0.9852355718612671,False,False,0.0,146.0,0.0,[],0.0,0.0,0,0.0,0,3.249999991794539e-06
aco_current,10,8128,85,16,2,0.0,0.0,0.0,0.0,0.09907747060060501,False,False,0.0,0.0,0.0,[],0.0,0.0,0,0.0,0,3.249999991794539e-06
aco_current,10,8128,85,16,3,0.0,0.0,0.0,0.0,0.43936213850975037,False,False,0.0,0.0,0.0,[],0.0,0.0,0,0.0,0,3.249999991794539e-06
aco_current,10,8128,85,16,4,0.0,0.0,0.0,0.0,0.20313307642936707,False,False,0.0,0.0,0.0,[],0.0,0.0,0,0.0,0,3.249999991794539e-06
aco_current,10,8129,85,16,1,10.0,146.0,156.0,0.78,0.9946495890617371,False,False,0.0,156.0,0.0,[],0.0,0.0,0,0.0,0,3.2920000023750617e-06
aco_current,10,8129,85,16,2,0.0,0.0,0.0,0.0,0.09907747060060501,False,False,0.0,0.0,0.0,[],0.0,0.0,0,0.0,0,3.2920000023750617e-06
aco_current,10,8129,85,16,3,0.0,0.0,0.0,0.0,0.43936213850975037,False,False,0.0,0.0,0.0,[],0.0,0.0,0,0.0,0,3.2920000023750617e-06
aco_current,10,8129,85,16,4,0.0,0.0,0.0,0.0,0.20313307642936707,False,False,0.0,0.0,0.0,[],0.0,0.0,0,0.0,0,3.2920000023750617e-06
aco_current,10,8130,85,16,1,4.0,156.0,160.0,0.8,0.9771947860717773,True,True,30.0,130.0,0.0,[1],10.0,10.0,1,10.0,0,0.010035582999989856
aco_current,10,8130,85,16,2,0.0,0.0,0.0,0.0,0.09907747060060501,False,False,0.0,0.0,0.0,[],10.0,10.0,1,10.0,0,0.010035582999989856
aco_current,10,8130,85,16,3,0.0,0.0,0.0,0.0,0.43936213850975037,False,False,0.0,0.0,0.0,[],10.0,10.0,1,10.0,0,0.010035582999989856
aco_current,10,8130,85,16,4,0.0,0.0,0.0,0.0,0.20313307642936707,False,False,0.0,0.0,0.0,[],10.0,10.0,1,10.0,0,0.010035582999989856
aco_current,10,8131,85,16,1,0.0,130.0,130.0,0.65,0.17759163677692413,False,False,0.0,130.0,0.0,[],0.0,0.0,0,0.0,0,3.207999981214016e-06
aco_current,10,8131,85,16,2,0.0,0.0,0.0,0.0,0.09907747060060501,False,False,0.0,0.0,0.0,[],0.0,0.0,0,0.0,0,3.207999981214016e-06
aco_current,10,8131,85,16,3,0.0,0.0,0.0,0.0,0.43936213850975037,False,False,0.0,0.0,0.0,[],0.0,0.0,0,0.0,0,3.207999981214016e-06
aco_current,10,8131,85,16,4,0.0,0.0,0.0,0.0,0.20313307642936707,False,False,0.0,0.0,0.0,[],0.0,0.0,0,0.0,0,3.207999981214016e-06
aco_current,10,8132,85,17,1,0.0,130.0,130.0,0.65,0.2568911015987396,False,False,0.0,130.0,0.0,[],0.0,0.0,0,0.0,0,3.249999991794539e-06
aco_current,10,8132,85,17,2,0.0,0.0,0.0,0.0,0.09907747060060501,False,False,0.0,0.0,0.0,[],0.0,0.0,0,0.0,0,3.249999991794539e-06
aco_current,10,8132,85,17,3,0.0,0.0,0.0,0.0,0.43936213850975037,False,False,0.0,0.0,0.0,[],0.0,0.0,0,0.0,0,3.249999991794539e-06
aco_current,10,8132,85,17,4,0.0,0.0,0.0,0.0,0.20313307642936707,False,False,0.0,0.0,0.0,[],0.0,0.0,0,0.0,0,3.249999991794539e-06
aco_current,10,8133,85,17,1,0.0,130.0,130.0,0.65,0.3569861352443695,False,False,0.0,130.0,0.0,[],0.0,0.0,0,0.0,0,2.166999991004559e-06
aco_current,10,8133,85,17,2,0.0,0.0,0.0,0.0,0.09907747060060501,False,False,0.0,0.0,0.0,[],0.0,0.0,0,0.0,0,2.166999991004559e-06
aco_current,10,8133,85,17,3,0.0,0.0,0.0,0.0,0.43936213850975037,False,False,0.0,0.0,0.0,[],0.0,0.0,0,0.0,0,2.166999991004559e-06
aco_current,10,8133,85,17,4,0.0,0.0,0.0,0.0,0.20313307642936707,False,False,0.0,0.0,0.0,[],0.0,0.0,0,0.0,0,2.166999991004559e-06
aco_current,10,8134,85,17,1,0.0,130.0,130.0,0.65,0.40854841470718384,False,False,0.0,130.0,0.0,[],0.0,0.0,0,0.0,0,3.2089999990603246e-06
aco_current,10,8134,85,17,2,0.0,0.0,0.0,0.0,0.09907747060060501,False,False,0.0,0.0,0.0,[],0.0,0.0,0,0.0,0,3.2089999990603246e-06
aco_current,10,8134,85,17,3,0.0,0.0,0.0,0.0,0.43936213850975037,False,False,0.0,0.0,0.0,[],0.0,0.0,0,0.0,0,3.2089999990603246e-06
aco_current,10,8134,85,17,4,0.0,0.0,0.0,0.0,0.20313307642936707,False,False,0.0,0.0,0.0,[],0.0,0.0,0,0.0,0,3.2089999990603246e-06
aco_current,10,8135,85,17,1,0.0,130.0,130.0,0.65,0.40854841470718384,False,False,0.0,130.0,0.0,[],0.0,0.0,0,0.0,0,2.4169999903733697e-06
aco_current,10,8135,85,17,2,0.0,0.0,0.0,0.0,0.09907747060060501,False,False,0.0,0.0,0.0,[],0.0,0.0,0,0.0,0,2.4169999903733697e-06
aco_current,10,8135,85,17,3,0.0,0.0,0.0,0.0,0.43936213850975037,False,False,0.0,0.0,0.0,[],0.0,0.0,0,0.0,0,2.4169999903733697e-06
aco_current,10,8135,85,17,4,0.0,0.0,0.0,0.0,0.20313307642936707,False,False,0.0,0.0,0.0,[],0.0,0.0,0,0.0,0,2.4169999903733697e-06
aco_current,10,8136,85,18,1,0.0,130.0,130.0,0.65,0.40854841470718384,False,False,0.0,130.0,0.0,[],0.0,0.0,0,0.0,0,1.9590000022162712e-06
aco_current,10,8136,85,18,2,0.0,0.0,0.0,0.0,0.09907747060060501,False,False,0.0,0.0,0.0,[],0.0,0.0,0,0.0,0,1.9590000022162712e-06
aco_current,10,8136,85,18,3,0.0,0.0,0.0,0.0,0.43936213850975037,False,False,0.0,0.0,0.0,[],0.0,0.0,0,0.0,0,1.9590000022162712e-06
aco_current,10,8136,85,18,4,0.0,0.0,0.0,0.0,0.20313307642936707,False,False,0.0,0.0,0.0,[],0.0,0.0,0,0.0,0,1.9590000022162712e-06
aco_current,10,8137,85,18,1,0.0,130.0,130.0,0.65,0.40854841470718384,False,False,0.0,130.0,0.0,[],0.0,0.0,0,0.0,0,2.7499999930569174e-06
aco_current,10,8137,85,18,2,0.0,0.0,0.0,0.0,0.09907747060060501,False,False,0.0,0.0,0.0,[],0.0,0.0,0,0.0,0,2.7499999930569174e-06
aco_current,10,8137,85,18,3,0.0,0.0,0.0,0.0,0.43936213850975037,False,False,0.0,0.0,0.0,[],0.0,0.0,0,0.0,0,2.7499999930569174e-06
aco_current,10,8137,85,18,4,0.0,0.0,0.0,0.0,0.20313307642936707,False,False,0.0,0.0,0.0,[],0.0,0.0,0,0.0,0,2.7499999930569174e-06
aco_current,10,8138,85,18,1,0.0,130.0,130.0,0.65,0.40854841470718384,False,False,0.0,130.0,0.0,[],0.0,0.0,0,0.0,0,2.0829999982652225e-06
aco_current,10,8138,85,18,2,0.0,0.0,0.0,0.0,0.09907747060060501,False,False,0.0,0.0,0.0,[],0.0,0.0,0,0.0,0,2.0829999982652225e-06
aco_current,10,8138,85,18,3,0.0,0.0,0.0,0.0,0.43936213850975037,False,False,0.0,0.0,0.0,[],0.0,0.0,0,0.0,0,2.0829999982652225e-06
aco_current,10,8138,85,18,4,0.0,0.0,0.0,0.0,0.20313307642936707,False,False,0.0,0.0,0.0,[],0.0,0.0,0,0.0,0,2.0829999982652225e-06
aco_current,10,8139,85,18,1,0.0,130.0,130.0,0.65,0.40854841470718384,False,False,0.0,130.0,0.0,[],0.0,0.0,0,0.0,0,2.7090000003227033e-06
aco_current,10,8139,85,18,2,0.0,0.0,0.0,0.0,0.09907747060060501,False,False,0.0,0.0,0.0,[],0.0,0.0,0,0.0,0,2.7090000003227033e-06
aco_current,10,8139,85,18,3,0.0,0.0,0.0,0.0,0.43936213850975037,False,False,0.0,0.0,0.0,[],0.0,0.0,0,0.0,0,2.7090000003227033e-06
aco_current,10,8139,85,18,4,0.0,0.0,0.0,0.0,0.20313307642936707,False,False,0.0,0.0,0.0,[],0.0,0.0,0,0.0,0,2.7090000003227033e-06
aco_current,10,8140,85,19,1,0.0,130.0,130.0,0.65,0.40854841470718384,False,False,0.0,130.0,0.0,[],0.0,0.0,0,0.0,0,2.124999980424036e-06
aco_current,10,8140,85,19,2,0.0,0.0,0.0,0.0,0.09907747060060501,False,False,0.0,0.0,0.0,[],0.0,0.0,0,0.0,0,2.124999980424036e-06
aco_current,10,8140,85,19,3,0.0,0.0,0.0,0.0,0.43936213850975037,False,False,0.0,0.0,0.0,[],0.0,0.0,0,0.0,0,2.124999980424036e-06
aco_current,10,8140,85,19,4,0.0,0.0,0.0,0.0,0.20313307642936707,False,False,0.0,0.0,0.0,[],0.0,0.0,0,0.0,0,2.124999980424036e-06
aco_current,10,8141,85,19,1,0.0,130.0,130.0,0.65,0.40854841470718384,False,False,0.0,130.0,0.0,[],0.0,0.0,0,0.0,0,2.0420000055310084e-06
aco_current,10,8141,85,19,2,0.0,0.0,0.0,0.0,0.09907747060060501,False,False,0.0,0.0,0.0,[],0.0,0.0,0,0.0,0,2.0420000055310084e-06
aco_current,10,8141,85,19,3,0.0,0.0,0.0,0.0,0.43936213850975037,False,False,0.0,0.0,0.0,[],0.0,0.0,0,0.0,0,2.0420000055310084e-06
aco_current,10,8141,85,19,4,0.0,0.0,0.0,0.0,0.20313307642936707,False,False,0.0,0.0,0.0,[],0.0,0.0,0,0.0,0,2.0420000055310084e-06
aco_current,10,8142,85,19,1,0.0,130.0,130.0,0.65,0.40854841470718384,False,False,0.0,130.0,0.0,[],0.0,0.0,0,0.0,0,2.750000021478627e-06
aco_current,10,8142,85,19,2,0.0,0.0,0.0,0.0,0.09907747060060501,False,False,0.0,0.0,0.0,[],0.0,0.0,0,0.0,0,2.750000021478627e-06
aco_current,10,8142,85,19,3,0.0,0.0,0.0,0.0,0.43936213850975037,False,False,0.0,0.0,0.0,[],0.0,0.0,0,0.0,0,2.750000021478627e-06
aco_current,10,8142,85,19,4,0.0,0.0,0.0,0.0,0.20313307642936707,False,False,0.0,0.0,0.0,[],0.0,0.0,0,0.0,0,2.750000021478627e-06
aco_current,10,8143,85,19,1,0.0,130.0,130.0,0.65,0.40854841470718384,False,False,0.0,130.0,0.0,[],0.0,0.0,0,0.0,0,1.9159999737894395e-06
aco_current,10,8143,85,19,2,0.0,0.0,0.0,0.0,0.09907747060060501,False,False,0.0,0.0,0.0,[],0.0,0.0,0,0.0,0,1.9159999737894395e-06
aco_current,10,8143,85,19,3,0.0,0.0,0.0,0.0,0.43936213850975037,False,False,0.0,0.0,0.0,[],0.0,0.0,0,0.0,0,1.9159999737894395e-06
aco_current,10,8143,85,19,4,0.0,0.0,0.0,0.0,0.20313307642936707,False,False,0.0,0.0,0.0,[],0.0,0.0,0,0.0,0,1.9159999737894395e-06
aco_current,10,8144,85,20,1,0.0,130.0,130.0,0.65,0.40854841470718384,False,False,0.0,130.0,0.0,[],0.0,0.0,0,0.0,0,1.9590000022162712e-06
aco_current,10,8144,85,20,2,0.0,0.0,0.0,0.0,0.09907747060060501,False,False,0.0,0.0,0.0,[],0.0,0.0,0,0.0,0,1.9590000022162712e-06
aco_current,10,8144,85,20,3,0.0,0.0,0.0,0.0,0.43936213850975037,False,False,0.0,0.0,0.0,[],0.0,0.0,0,0.0,0,1.9590000022162712e-06
aco_current,10,8144,85,20,4,0.0,0.0,0.0,0.0,0.20313307642936707,False,False,0.0,0.0,0.0,[],0.0,0.0,0,0.0,0,1.9590000022162712e-06
aco_current,10,8145,85,20,1,0.0,130.0,130.0,0.65,0.40854841470718384,False,False,0.0,130.0,0.0,[],0.0,0.0,0,0.0,0,2.8750000069521775e-06
aco_current,10,8145,85,20,2,0.0,0.0,0.0,0.0,0.09907747060060501,False,False,0.0,0.0,0.0,[],0.0,0.0,0,0.0,0,2.8750000069521775e-06
aco_current,10,8145,85,20,3,0.0,0.0,0.0,0.0,0.43936213850975037,False,False,0.0,0.0,0.0,[],0.0,0.0,0,0.0,0,2.8750000069521775e-06
aco_current,10,8145,85,20,4,0.0,0.0,0.0,0.0,0.20313307642936707,False,False,0.0,0.0,0.0,[],0.0,0.0,0,0.0,0,2.8750000069521775e-06
aco_current,10,8146,85,20,1,0.0,130.0,130.0,0.65,0.40854841470718384,False,False,0.0,130.0,0.0,[],0.0,0.0,0,0.0,0,1.8750000094769348e-06
aco_current,10,8146,85,20,2,0.0,0.0,0.0,0.0,0.09907747060060501,False,False,0.0,0.0,0.0,[],0.0,0.0,0,0.0,0,1.8750000094769348e-06
aco_current,10,8146,85,20,3,0.0,0.0,0.0,0.0,0.43936213850975037,False,False,0.0,0.0,0.0,[],0.0,0.0,0,0.0,0,1.8750000094769348e-06
aco_current,10,8146,85,20,4,0.0,0.0,0.0,0.0,0.20313307642936707,False,False,0.0,0.0,0.0,[],0.0,0.0,0,0.0,0,1.8750000094769348e-06
aco_current,10,8147,85,20,1,0.0,130.0,130.0,0.65,0.40854841470718384,False,False,0.0,130.0,0.0,[],0.0,0.0,0,0.0,0,3.2089999990603246e-06
aco_current,10,8147,85,20,2,0.0,0.0,0.0,0.0,0.09907747060060501,False,False,0.0,0.0,0.0,[],0.0,0.0,0,0.0,0,3.2089999990603246e-06
aco_current,10,8147,85,20,3,0.0,0.0,0.0,0.0,0.43936213850975037,False,False,0.0,0.0,0.0,[],0.0,0.0,0,0.0,0,3.2089999990603246e-06
aco_current,10,8147,85,20,4,0.0,0.0,0.0,0.0,0.20313307642936707,False,False,0.0,0.0,0.0,[],0.0,0.0,0,0.0,0,3.2089999990603246e-06
aco_current,10,8148,85,21,1,0.0,130.0,130.0,0.65,0.40854841470718384,False,False,0.0,130.0,0.0,[],0.0,0.0,0,0.0,0,2.4160000009487703e-06
aco_current,10,8148,85,21,2,0.0,0.0,0.0,0.0,0.09907747060060501,False,False,0.0,0.0,0.0,[],0.0,0.0,0,0.0,0,2.4160000009487703e-06
aco_current,10,8148,85,21,3,0.0,0.0,0.0,0.0,0.43936213850975037,False,False,0.0,0.0,0.0,[],0.0,0.0,0,0.0,0,2.4160000009487703e-06
aco_current,10,8148,85,21,4,0.0,0.0,0.0,0.0,0.20313307642936707,False,False,0.0,0.0,0.0,[],0.0,0.0,0,0.0,0,2.4160000009487703e-06
aco_current,10,8149,85,21,1,0.0,130.0,130.0,0.65,0.40854841470718384,False,False,0.0,130.0,0.0,[],0.0,0.0,0,0.0,0,2.1250000088457455e-06
aco_current,10,8149,85,21,2,0.0,0.0,0.0,0.0,0.09907747060060501,False,False,0.0,0.0,0.0,[],0.0,0.0,0,0.0,0,2.1250000088457455e-06
aco_current,10,8149,85,21,3,0.0,0.0,0.0,0.0,0.43936213850975037,False,False,0.0,0.0,0.0,[],0.0,0.0,0,0.0,0,2.1250000088457455e-06
aco_current,10,8149,85,21,4,0.0,0.0,0.0,0.0,0.20313307642936707,False,False,0.0,0.0,0.0,[],0.0,0.0,0,0.0,0,2.1250000088457455e-06
aco_current,10,8150,85,21,1,0.0,130.0,130.0,0.65,0.40854841470718384,False,False,0.0,130.0,0.0,[],0.0,0.0,0,0.0,0,2.791000014212841e-06
aco_current,10,8150,85,21,2,0.0,0.0,0.0,0.0,0.09907747060060501,False,False,0.0,0.0,0.0,[],0.0,0.0,0,0.0,0,2.791000014212841e-06
aco_current,10,8150,85,21,3,0.0,0.0,0.0,0.0,0.43936213850975037,False,False,0.0,0.0,0.0,[],0.0,0.0,0,0.0,0,2.791000014212841e-06
aco_current,10,8150,85,21,4,0.0,0.0,0.0,0.0,0.20313307642936707,False,False,0.0,0.0,0.0,[],0.0,0.0,0,0.0,0,2.791000014212841e-06
aco_current,10,8151,85,21,1,0.0,130.0,130.0,0.65,0.40854841470718384,False,False,0.0,130.0,0.0,[],0.0,0.0,0,0.0,0,1.9999999949504854e-06
aco_current,10,8151,85,21,2,0.0,0.0,0.0,0.0,0.09907747060060501,False,False,0.0,0.0,0.0,[],0.0,0.0,0,0.0,0,1.9999999949504854e-06
aco_current,10,8151,85,21,3,0.0,0.0,0.0,0.0,0.43936213850975037,False,False,0.0,0.0,0.0,[],0.0,0.0,0,0.0,0,1.9999999949504854e-06
aco_current,10,8151,85,21,4,0.0,0.0,0.0,0.0,0.20313307642936707,False,False,0.0,0.0,0.0,[],0.0,0.0,0,0.0,0,1.9999999949504854e-06
aco_current,10,8152,85,22,1,0.0,130.0,130.0,0.65,0.40854841470718384,False,False,0.0,130.0,0.0,[],0.0,0.0,0,0.0,0,3.7080000083733466e-06
aco_current,10,8152,85,22,2,0.0,0.0,0.0,0.0,0.09907747060060501,False,False,0.0,0.0,0.0,[],0.0,0.0,0,0.0,0,3.7080000083733466e-06
aco_current,10,8152,85,22,3,0.0,0.0,0.0,0.0,0.43936213850975037,False,False,0.0,0.0,0.0,[],0.0,0.0,0,0.0,0,3.7080000083733466e-06
aco_current,10,8152,85,22,4,0.0,0.0,0.0,0.0,0.20313307642936707,False,False,0.0,0.0,0.0,[],0.0,0.0,0,0.0,0,3.7080000083733466e-06
aco_current,10,8153,85,22,1,0.0,130.0,130.0,0.65,0.40854841470718384,False,False,0.0,130.0,0.0,[],0.0,0.0,0,0.0,0,2.5839999864274432e-06
aco_current,10,8153,85,22,2,0.0,0.0,0.0,0.0,0.09907747060060501,False,False,0.0,0.0,0.0,[],0.0,0.0,0,0.0,0,2.5839999864274432e-06
aco_current,10,8153,85,22,3,0.0,0.0,0.0,0.0,0.43936213850975037,False,False,0.0,0.0,0.0,[],0.0,0.0,0,0.0,0,2.5839999864274432e-06
aco_current,10,8153,85,22,4,0.0,0.0,0.0,0.0,0.20313307642936707,False,False,0.0,0.0,0.0,[],0.0,0.0,0,0.0,0,2.5839999864274432e-06
aco_current,10,8154,85,22,1,0.0,130.0,130.0,0.65,0.40854841470718384,False,False,0.0,130.0,0.0,[],0.0,0.0,0,0.0,0,3.6250000050586095e-06
aco_current,10,8154,85,22,2,0.0,0.0,0.0,0.0,0.09907747060060501,False,False,0.0,0.0,0.0,[],0.0,0.0,0,0.0,0,3.6250000050586095e-06
aco_current,10,8154,85,22,3,0.0,0.0,0.0,0.0,0.43936213850975037,False,False,0.0,0.0,0.0,[],0.0,0.0,0,0.0,0,3.6250000050586095e-06
aco_current,10,8154,85,22,4,0.0,0.0,0.0,0.0,0.20313307642936707,False,False,0.0,0.0,0.0,[],0.0,0.0,0,0.0,0,3.6250000050586095e-06
aco_current,10,8155,85,22,1,0.0,130.0,130.0,0.65,0.40854841470718384,False,False,0.0,130.0,0.0,[],0.0,0.0,0,0.0,0,2.4999999936881068e-06
aco_current,10,8155,85,22,2,0.0,0.0,0.0,0.0,0.09907747060060501,False,False,0.0,0.0,0.0,[],0.0,0.0,0,0.0,0,2.4999999936881068e-06
aco_current,10,8155,85,22,3,0.0,0.0,0.0,0.0,0.43936213850975037,False,False,0.0,0.0,0.0,[],0.0,0.0,0,0.0,0,2.4999999936881068e-06
aco_current,10,8155,85,22,4,0.0,0.0,0.0,0.0,0.20313307642936707,False,False,0.0,0.0,0.0,[],0.0,0.0,0,0.0,0,2.4999999936881068e-06
aco_current,10,8156,85,23,1,0.0,130.0,130.0,0.65,0.40854841470718384,False,False,0.0,130.0,0.0,[],0.0,0.0,0,0.0,0,2.0829999982652225e-06
aco_current,10,8156,85,23,2,0.0,0.0,0.0,0.0,0.09907747060060501,False,False,0.0,0.0,0.0,[],0.0,0.0,0,0.0,0,2.0829999982652225e-06
aco_current,10,8156,85,23,3,0.0,0.0,0.0,0.0,0.43936213850975037,False,False,0.0,0.0,0.0,[],0.0,0.0,0,0.0,0,2.0829999982652225e-06
aco_current,10,8156,85,23,4,0.0,0.0,0.0,0.0,0.20313307642936707,False,False,0.0,0.0,0.0,[],0.0,0.0,0,0.0,0,2.0829999982652225e-06
aco_current,10,8157,85,23,1,0.0,130.0,130.0,0.65,0.40854841470718384,False,False,0.0,130.0,0.0,[],0.0,0.0,0,0.0,0,3.0410000135816517e-06
aco_current,10,8157,85,23,2,0.0,0.0,0.0,0.0,0.09907747060060501,False,False,0.0,0.0,0.0,[],0.0,0.0,0,0.0,0,3.0410000135816517e-06
aco_current,10,8157,85,23,3,0.0,0.0,0.0,0.0,0.43936213850975037,False,False,0.0,0.0,0.0,[],0.0,0.0,0,0.0,0,3.0410000135816517e-06
aco_current,10,8157,85,23,4,0.0,0.0,0.0,0.0,0.20313307642936707,False,False,0.0,0.0,0.0,[],0.0,0.0,0,0.0,0,3.0410000135816517e-06
aco_current,10,8158,85,23,1,0.0,130.0,130.0,0.65,0.40854841470718384,False,False,0.0,130.0,0.0,[],0.0,0.0,0,0.0,0,2.166999991004559e-06
aco_current,10,8158,85,23,2,0.0,0.0,0.0,0.0,0.09907747060060501,False,False,0.0,0.0,0.0,[],0.0,0.0,0,0.0,0,2.166999991004559e-06
aco_current,10,8158,85,23,3,0.0,0.0,0.0,0.0,0.43936213850975037,False,False,0.0,0.0,0.0,[],0.0,0.0,0,0.0,0,2.166999991004559e-06
aco_current,10,8158,85,23,4,0.0,0.0,0.0,0.0,0.20313307642936707,False,False,0.0,0.0,0.0,[],0.0,0.0,0,0.0,0,2.166999991004559e-06
aco_current,10,8159,85,23,1,0.0,130.0,130.0,0.65,0.40854841470718384,False,False,0.0,130.0,0.0,[],0.0,0.0,0,0.0,0,2.8750000069521775e-06
aco_current,10,8159,85,23,2,0.0,0.0,0.0,0.0,0.09907747060060501,False,False,0.0,0.0,0.0,[],0.0,0.0,0,0.0,0,2.8750000069521775e-06
aco_current,10,8159,85,23,3,0.0,0.0,0.0,0.0,0.43936213850975037,False,False,0.0,0.0,0.0,[],0.0,0.0,0,0.0,0,2.8750000069521775e-06
aco_current,10,8159,85,23,4,0.0,0.0,0.0,0.0,0.20313307642936707,False,False,0.0,0.0,0.0,[],0.0,0.0,0,0.0,0,2.8750000069521775e-06
aco_current,10,8160,86,0,1,26.0,130.0,156.0,0.78,0.9999768137931824,False,False,0.0,156.0,0.0,[],0.0,0.0,0,0.0,0,1.9999999949504854e-06
aco_current,10,8160,86,0,2,0.0,0.0,0.0,0.0,0.09907747060060501,False,False,0.0,0.0,0.0,[],0.0,0.0,0,0.0,0,1.9999999949504854e-06
aco_current,10,8160,86,0,3,0.0,0.0,0.0,0.0,0.43936213850975037,False,False,0.0,0.0,0.0,[],0.0,0.0,0,0.0,0,1.9999999949504854e-06
aco_current,10,8160,86,0,4,0.0,0.0,0.0,0.0,0.20313307642936707,False,False,0.0,0.0,0.0,[],0.0,0.0,0,0.0,0,1.9999999949504854e-06
aco_current,10,8161,86,0,1,29.0,156.0,185.0,0.925,1.0,True,True,30.0,155.0,0.0,[1],10.0,10.0,1,10.0,0,0.009906749999998965
aco_current,10,8161,86,0,2,0.0,0.0,0.0,0.0,0.09907747060060501,False,False,0.0,0.0,0.0,[],10.0,10.0,1,10.0,0,0.009906749999998965
aco_current,10,8161,86,0,3,0.0,0.0,0.0,0.0,0.43936213850975037,False,False,0.0,0.0,0.0,[],10.0,10.0,1,10.0,0,0.009906749999998965
aco_current,10,8161,86,0,4,0.0,0.0,0.0,0.0,0.20313307642936707,False,False,0.0,0.0,0.0,[],10.0,10.0,1,10.0,0,0.009906749999998965
aco_current,10,8162,86,0,1,26.0,155.0,181.0,0.905,1.0,True,True,30.0,151.0,0.0,[1],10.0,10.0,1,10.0,0,0.009500958999979048
aco_current,10,8162,86,0,2,0.0,0.0,0.0,0.0,0.09907747060060501,False,False,0.0,0.0,0.0,[],10.0,10.0,1,10.0,0,0.009500958999979048
aco_current,10,8162,86,0,3,0.0,0.0,0.0,0.0,0.43936213850975037,False,False,0.0,0.0,0.0,[],10.0,10.0,1,10.0,0,0.009500958999979048
aco_current,10,8162,86,0,4,0.0,0.0,0.0,0.0,0.20313307642936707,False,False,0.0,0.0,0.0,[],10.0,10.0,1,10.0,0,0.009500958999979048
aco_current,10,8163,86,0,1,29.0,151.0,180.0,0.9,1.0,True,True,30.0,150.0,0.0,[1],10.0,10.0,1,10.0,0,0.009772916000002851
aco_current,10,8163,86,0,2,0.0,0.0,0.0,0.0,0.09907747060060501,False,False,0.0,0.0,0.0,[],10.0,10.0,1,10.0,0,0.009772916000002851
aco_current,10,8163,86,0,3,0.0,0.0,0.0,0.0,0.43936213850975037,False,False,0.0,0.0,0.0,[],10.0,10.0,1,10.0,0,0.009772916000002851
aco_current,10,8163,86,0,4,0.0,0.0,0.0,0.0,0.20313307642936707,False,False,0.0,0.0,0.0,[],10.0,10.0,1,10.0,0,0.009772916000002851
aco_current,10,8164,86,1,1,28.0,150.0,178.0,0.89,1.0,True,True,30.0,148.0,0.0,[1],10.0,10.0,1,10.0,0,0.009611291999988225
aco_current,10,8164,86,1,2,0.0,0.0,0.0,0.0,0.09907747060060501,False,False,0.0,0.0,0.0,[],10.0,10.0,1,10.0,0,0.009611291999988225
aco_current,10,8164,86,1,3,0.0,0.0,0.0,0.0,0.43936213850975037,False,False,0.0,0.0,0.0,[],10.0,10.0,1,10.0,0,0.009611291999988225
aco_current,10,8164,86,1,4,0.0,0.0,0.0,0.0,0.20313307642936707,False,False,0.0,0.0,0.0,[],10.0,10.0,1,10.0,0,0.009611291999988225
aco_current,10,8165,86,1,1,27.0,148.0,175.0,0.875,0.9999999403953552,True,True,30.0,145.0,0.0,[1],10.0,10.0,1,10.0,0,0.00979254199998536
aco_current,10,8165,86,1,2,0.0,0.0,0.0,0.0,0.09907747060060501,False,False,0.0,0.0,0.0,[],10.0,10.0,1,10.0,0,0.00979254199998536
aco_current,10,8165,86,1,3,0.0,0.0,0.0,0.0,0.43936213850975037,False,False,0.0,0.0,0.0,[],10.0,10.0,1,10.0,0,0.00979254199998536
aco_current,10,8165,86,1,4,0.0,0.0,0.0,0.0,0.20313307642936707,False,False,0.0,0.0,0.0,[],10.0,10.0,1,10.0,0,0.00979254199998536
aco_current,10,8166,86,1,1,29.0,145.0,174.0,0.87,1.0,True,True,30.0,144.0,0.0,[1],10.0,10.0,1,10.0,0,0.009583042000002706
aco_current,10,8166,86,1,2,0.0,0.0,0.0,0.0,0.09907747060060501,False,False,0.0,0.0,0.0,[],10.0,10.0,1,10.0,0,0.009583042000002706
aco_current,10,8166,86,1,3,0.0,0.0,0.0,0.0,0.43936213850975037,False,False,0.0,0.0,0.0,[],10.0,10.0,1,10.0,0,0.009583042000002706
aco_current,10,8166,86,1,4,0.0,0.0,0.0,0.0,0.20313307642936707,False,False,0.0,0.0,0.0,[],10.0,10.0,1,10.0,0,0.009583042000002706
aco_current,10,8167,86,1,1,28.0,144.0,172.0,0.86,0.9999998807907104,True,True,30.0,142.0,0.0,[1],10.0,10.0,1,10.0,0,0.009697875000000522
aco_current,10,8167,86,1,2,0.0,0.0,0.0,0.0,0.09907747060060501,False,False,0.0,0.0,0.0,[],10.0,10.0,1,10.0,0,0.009697875000000522
aco_current,10,8167,86,1,3,0.0,0.0,0.0,0.0,0.43936213850975037,False,False,0.0,0.0,0.0,[],10.0,10.0,1,10.0,0,0.009697875000000522
aco_current,10,8167,86,1,4,0.0,0.0,0.0,0.0,0.20313307642936707,False,False,0.0,0.0,0.0,[],10.0,10.0,1,10.0,0,0.009697875000000522
aco_current,10,8168,86,2,1,27.0,142.0,169.0,0.845,0.9999995827674866,True,True,30.0,139.0,0.0,[1],10.0,10.0,1,10.0,0,0.0097037499999999
aco_current,10,8168,86,2,2,0.0,0.0,0.0,0.0,0.09907747060060501,False,False,0.0,0.0,0.0,[],10.0,10.0,1,10.0,0,0.0097037499999999
aco_current,10,8168,86,2,3,0.0,0.0,0.0,0.0,0.43936213850975037,False,False,0.0,0.0,0.0,[],10.0,10.0,1,10.0,0,0.0097037499999999
aco_current,10,8168,86,2,4,0.0,0.0,0.0,0.0,0.20313307642936707,False,False,0.0,0.0,0.0,[],10.0,10.0,1,10.0,0,0.0097037499999999
aco_current,10,8169,86,2,1,28.0,139.0,167.0,0.835,0.9999995231628418,True,True,30.0,137.0,0.0,[1],10.0,10.0,1,10.0,0,0.00979024999998046
aco_current,10,8169,86,2,2,0.0,0.0,0.0,0.0,0.09907747060060501,False,False,0.0,0.0,0.0,[],10.0,10.0,1,10.0,0,0.00979024999998046
aco_current,10,8169,86,2,3,0.0,0.0,0.0,0.0,0.43936213850975037,False,False,0.0,0.0,0.0,[],10.0,10.0,1,10.0,0,0.00979024999998046
aco_current,10,8169,86,2,4,0.0,0.0,0.0,0.0,0.20313307642936707,False,False,0.0,0.0,0.0,[],10.0,10.0,1,10.0,0,0.00979024999998046
aco_current,10,8170,86,2,1,29.0,137.0,166.0,0.83,0.9999995231628418,True,True,30.0,136.0,0.0,[1],10.0,10.0,1,10.0,0,0.009609250000011116
aco_current,10,8170,86,2,2,0.0,0.0,0.0,0.0,0.09907747060060501,False,False,0.0,0.0,0.0,[],10.0,10.0,1,10.0,0,0.009609250000011116
aco_current,10,8170,86,2,3,0.0,0.0,0.0,0.0,0.43936213850975037,False,False,0.0,0.0,0.0,[],10.0,10.0,1,10.0,0,0.009609250000011116
aco_current,10,8170,86,2,4,0.0,0.0,0.0,0.0,0.20313307642936707,False,False,0.0,0.0,0.0,[],10.0,10.0,1,10.0,0,0.009609250000011116
aco_current,10,8171,86,2,1,27.0,136.0,163.0,0.815,0.9999979734420776,True,True,30.0,133.0,0.0,[1],10.0,10.0,1,10.0,0,0.009801750000008269
aco_current,10,8171,86,2,2,0.0,0.0,0.0,0.0,0.09907747060060501,False,False,0.0,0.0,0.0,[],10.0,10.0,1,10.0,0,0.009801750000008269
aco_current,10,8171,86,2,3,0.0,0.0,0.0,0.0,0.43936213850975037,False,False,0.0,0.0,0.0,[],10.0,10.0,1,10.0,0,0.009801750000008269
aco_current,10,8171,86,2,4,0.0,0.0,0.0,0.0,0.20313307642936707,False,False,0.0,0.0,0.0,[],10.0,10.0,1,10.0,0,0.009801750000008269
aco_current,10,8172,86,3,1,28.0,133.0,161.0,0.805,0.9999975562095642,True,True,30.0,131.0,0.0,[1],10.0,10.0,1,10.0,0,0.009880292000019608
aco_current,10,8172,86,3,2,0.0,0.0,0.0,0.0,0.09907747060060501,False,False,0.0,0.0,0.0,[],10.0,10.0,1,10.0,0,0.009880292000019608
aco_current,10,8172,86,3,3,0.0,0.0,0.0,0.0,0.43936213850975037,False,False,0.0,0.0,0.0,[],10.0,10.0,1,10.0,0,0.009880292000019608
aco_current,10,8172,86,3,4,0.0,0.0,0.0,0.0,0.20313307642936707,False,False,0.0,0.0,0.0,[],10.0,10.0,1,10.0,0,0.009880292000019608
aco_current,10,8173,86,3,1,29.0,131.0,160.0,0.8,0.9999977350234985,True,True,30.0,130.0,0.0,[1],10.0,10.0,1,10.0,0,0.009770792000011852
aco_current,10,8173,86,3,2,0.0,0.0,0.0,0.0,0.09907747060060501,False,False,0.0,0.0,0.0,[],10.0,10.0,1,10.0,0,0.009770792000011852
aco_current,10,8173,86,3,3,0.0,0.0,0.0,0.0,0.43936213850975037,False,False,0.0,0.0,0.0,[],10.0,10.0,1,10.0,0,0.009770792000011852
aco_current,10,8173,86,3,4,0.0,0.0,0.0,0.0,0.20313307642936707,False,False,0.0,0.0,0.0,[],10.0,10.0,1,10.0,0,0.009770792000011852
aco_current,10,8174,86,3,1,26.0,130.0,156.0,0.78,0.9999828338623047,False,False,0.0,156.0,0.0,[],0.0,0.0,0,0.0,0,3.958999997166757e-06
aco_current,10,8174,86,3,2,0.0,0.0,0.0,0.0,0.09907747060060501,False,False,0.0,0.0,0.0,[],0.0,0.0,0,0.0,0,3.958999997166757e-06
aco_current,10,8174,86,3,3,0.0,0.0,0.0,0.0,0.43936213850975037,False,False,0.0,0.0,0.0,[],0.0,0.0,0,0.0,0,3.958999997166757e-06
aco_current,10,8174,86,3,4,0.0,0.0,0.0,0.0,0.20313307642936707,False,False,0.0,0.0,0.0,[],0.0,0.0,0,0.0,0,3.958999997166757e-06
aco_current,10,8175,86,3,1,29.0,156.0,185.0,0.925,1.0,True,True,30.0,155.0,0.0,[1],10.0,10.0,1,10.0,0,0.009943249999992076
aco_current,10,8175,86,3,2,0.0,0.0,0.0,0.0,0.09907747060060501,False,False,0.0,0.0,0.0,[],10.0,10.0,1,10.0,0,0.009943249999992076
aco_current,10,8175,86,3,3,0.0,0.0,0.0,0.0,0.43936213850975037,False,False,0.0,0.0,0.0,[],10.0,10.0,1,10.0,0,0.009943249999992076
aco_current,10,8175,86,3,4,0.0,0.0,0.0,0.0,0.20313307642936707,False,False,0.0,0.0,0.0,[],10.0,10.0,1,10.0,0,0.009943249999992076
aco_current,10,8176,86,4,1,28.0,155.0,183.0,0.915,1.0,True,True,30.0,153.0,0.0,[1],10.0,10.0,1,10.0,0,0.009911582999990287
aco_current,10,8176,86,4,2,0.0,0.0,0.0,0.0,0.09907747060060501,False,False,0.0,0.0,0.0,[],10.0,10.0,1,10.0,0,0.009911582999990287
aco_current,10,8176,86,4,3,0.0,0.0,0.0,0.0,0.43936213850975037,False,False,0.0,0.0,0.0,[],10.0,10.0,1,10.0,0,0.009911582999990287
aco_current,10,8176,86,4,4,0.0,0.0,0.0,0.0,0.20313307642936707,False,False,0.0,0.0,0.0,[],10.0,10.0,1,10.0,0,0.009911582999990287
aco_current,10,8177,86,4,1,27.0,153.0,180.0,0.9,1.0,True,True,30.0,150.0,0.0,[1],10.0,10.0,1,10.0,0,0.009868624999995745
aco_current,10,8177,86,4,2,0.0,0.0,0.0,0.0,0.09907747060060501,False,False,0.0,0.0,0.0,[],10.0,10.0,1,10.0,0,0.009868624999995745
aco_current,10,8177,86,4,3,0.0,0.0,0.0,0.0,0.43936213850975037,False,False,0.0,0.0,0.0,[],10.0,10.0,1,10.0,0,0.009868624999995745
aco_current,10,8177,86,4,4,0.0,0.0,0.0,0.0,0.20313307642936707,False,False,0.0,0.0,0.0,[],10.0,10.0,1,10.0,0,0.009868624999995745
aco_current,10,8178,86,4,1,29.0,150.0,179.0,0.895,1.0,True,True,30.0,149.0,0.0,[1],10.0,10.0,1,10.0,0,0.009505541999999423
aco_current,10,8178,86,4,2,0.0,0.0,0.0,0.0,0.09907747060060501,False,False,0.0,0.0,0.0,[],10.0,10.0,1,10.0,0,0.009505541999999423
aco_current,10,8178,86,4,3,0.0,0.0,0.0,0.0,0.43936213850975037,False,False,0.0,0.0,0.0,[],10.0,10.0,1,10.0,0,0.009505541999999423
aco_current,10,8178,86,4,4,0.0,0.0,0.0,0.0,0.20313307642936707,False,False,0.0,0.0,0.0,[],10.0,10.0,1,10.0,0,0.009505541999999423
aco_current,10,8179,86,4,1,28.0,149.0,177.0,0.885,1.0,True,True,30.0,147.0,0.0,[1],10.0,10.0,1,10.0,0,0.009675582999989274
aco_current,10,8179,86,4,2,0.0,0.0,0.0,0.0,0.09907747060060501,False,False,0.0,0.0,0.0,[],10.0,10.0,1,10.0,0,0.009675582999989274
aco_current,10,8179,86,4,3,0.0,0.0,0.0,0.0,0.43936213850975037,False,False,0.0,0.0,0.0,[],10.0,10.0,1,10.0,0,0.009675582999989274
aco_current,10,8179,86,4,4,0.0,0.0,0.0,0.0,0.20313307642936707,False,False,0.0,0.0,0.0,[],10.0,10.0,1,10.0,0,0.009675582999989274
aco_current,10,8180,86,5,1,27.0,147.0,174.0,0.87,0.9999998807907104,True,True,30.0,144.0,0.0,[1],10.0,10.0,1,10.0,0,0.009849540999994133
aco_current,10,8180,86,5,2,0.0,0.0,0.0,0.0,0.09907747060060501,False,False,0.0,0.0,0.0,[],10.0,10.0,1,10.0,0,0.009849540999994133
aco_current,10,8180,86,5,3,0.0,0.0,0.0,0.0,0.43936213850975037,False,False,0.0,0.0,0.0,[],10.0,10.0,1,10.0,0,0.009849540999994133
aco_current,10,8180,86,5,4,0.0,0.0,0.0,0.0,0.20313307642936707,False,False,0.0,0.0,0.0,[],10.0,10.0,1,10.0,0,0.009849540999994133
aco_current,10,8181,86,5,1,28.0,144.0,172.0,0.86,0.9999998807907104,True,True,30.0,142.0,0.0,[1],10.0,10.0,1,10.0,0,0.009755084000005354
aco_current,10,8181,86,5,2,0.0,0.0,0.0,0.0,0.09907747060060501,False,False,0.0,0.0,0.0,[],10.0,10.0,1,10.0,0,0.009755084000005354
aco_current,10,8181,86,5,3,0.0,0.0,0.0,0.0,0.43936213850975037,False,False,0.0,0.0,0.0,[],10.0,10.0,1,10.0,0,0.009755084000005354
aco_current,10,8181,86,5,4,0.0,0.0,0.0,0.0,0.20313307642936707,False,False,0.0,0.0,0.0,[],10.0,10.0,1,10.0,0,0.009755084000005354
aco_current,10,8182,86,5,1,29.0,142.0,171.0,0.855,0.9999998807907104,True,True,30.0,141.0,0.0,[1],10.0,10.0,1,10.0,0,0.009516791999999441
aco_current,10,8182,86,5,2,0.0,0.0,0.0,0.0,0.09907747060060501,False,False,0.0,0.0,0.0,[],10.0,10.0,1,10.0,0,0.009516791999999441
aco_current,10,8182,86,5,3,0.0,0.0,0.0,0.0,0.43936213850975037,False,False,0.0,0.0,0.0,[],10.0,10.0,1,10.0,0,0.009516791999999441
aco_current,10,8182,86,5,4,0.0,0.0,0.0,0.0,0.20313307642936707,False,False,0.0,0.0,0.0,[],10.0,10.0,1,10.0,0,0.009516791999999441
aco_current,10,8183,86,5,1,27.0,141.0,168.0,0.84,0.999999463558197,True,True,30.0,138.0,0.0,[1],10.0,10.0,1,10.0,0,0.009852832999996508
aco_current,10,8183,86,5,2,0.0,0.0,0.0,0.0,0.09907747060060501,False,False,0.0,0.0,0.0,[],10.0,10.0,1,10.0,0,0.009852832999996508
aco_current,10,8183,86,5,3,0.0,0.0,0.0,0.0,0.43936213850975037,False,False,0.0,0.0,0.0,[],10.0,10.0,1,10.0,0,0.009852832999996508
aco_current,10,8183,86,5,4,0.0,0.0,0.0,0.0,0.20313307642936707,False,False,0.0,0.0,0.0,[],10.0,10.0,1,10.0,0,0.009852832999996508
aco_current,10,8184,86,6,1,28.0,138.0,166.0,0.83,0.9999993443489075,True,True,30.0,136.0,0.0,[1],10.0,10.0,1,10.0,0,0.010095333000009532
aco_current,10,8184,86,6,2,0.0,0.0,0.0,0.0,0.09907747060060501,False,False,0.0,0.0,0.0,[],10.0,10.0,1,10.0,0,0.010095333000009532
aco_current,10,8184,86,6,3,0.0,0.0,0.0,0.0,0.43936213850975037,False,False,0.0,0.0,0.0,[],10.0,10.0,1,10.0,0,0.010095333000009532
aco_current,10,8184,86,6,4,0.0,0.0,0.0,0.0,0.20313307642936707,False,False,0.0,0.0,0.0,[],10.0,10.0,1,10.0,0,0.010095333000009532
aco_current,10,8185,86,6,1,27.0,136.0,163.0,0.815,0.9999979734420776,True,True,30.0,133.0,0.0,[1],10.0,10.0,1,10.0,0,0.00979270799999199
aco_current,10,8185,86,6,2,0.0,0.0,0.0,0.0,0.09907747060060501,False,False,0.0,0.0,0.0,[],10.0,10.0,1,10.0,0,0.00979270799999199
aco_current,10,8185,86,6,3,0.0,0.0,0.0,0.0,0.43936213850975037,False,False,0.0,0.0,0.0,[],10.0,10.0,1,10.0,0,0.00979270799999199
aco_current,10,8185,86,6,4,0.0,0.0,0.0,0.0,0.20313307642936707,False,False,0.0,0.0,0.0,[],10.0,10.0,1,10.0,0,0.00979270799999199
aco_current,10,8186,86,6,1,28.0,133.0,161.0,0.805,0.9999974966049194,True,True,30.0,131.0,0.0,[1],10.0,10.0,1,10.0,0,0.009525916000001189
aco_current,10,8186,86,6,2,0.0,0.0,0.0,0.0,0.09907747060060501,False,False,0.0,0.0,0.0,[],10.0,10.0,1,10.0,0,0.009525916000001189
aco_current,10,8186,86,6,3,0.0,0.0,0.0,0.0,0.43936213850975037,False,False,0.0,0.0,0.0,[],10.0,10.0,1,10.0,0,0.009525916000001189
aco_current,10,8186,86,6,4,0.0,0.0,0.0,0.0,0.20313307642936707,False,False,0.0,0.0,0.0,[],10.0,10.0,1,10.0,0,0.009525916000001189
aco_current,10,8187,86,6,1,29.0,131.0,160.0,0.8,0.9999977350234985,True,True,30.0,130.0,0.0,[1],10.0,10.0,1,10.0,0,0.009881792000015821
aco_current,10,8187,86,6,2,0.0,0.0,0.0,0.0,0.09907747060060501,False,False,0.0,0.0,0.0,[],10.0,10.0,1,10.0,0,0.009881792000015821
aco_current,10,8187,86,6,3,0.0,0.0,0.0,0.0,0.43936213850975037,False,False,0.0,0.0,0.0,[],10.0,10.0,1,10.0,0,0.009881792000015821
aco_current,10,8187,86,6,4,0.0,0.0,0.0,0.0,0.20313307642936707,False,False,0.0,0.0,0.0,[],10.0,10.0,1,10.0,0,0.009881792000015821
aco_current,10,8188,86,7,1,27.0,130.0,157.0,0.785,0.9999902844429016,False,False,0.0,157.0,0.0,[],0.0,0.0,0,0.0,0,3.1659999990552024e-06
aco_current,10,8188,86,7,2,0.0,0.0,0.0,0.0,0.09907747060060501,False,False,0.0,0.0,0.0,[],0.0,0.0,0,0.0,0,3.1659999990552024e-06
aco_current,10,8188,86,7,3,0.0,0.0,0.0,0.0,0.43936213850975037,False,False,0.0,0.0,0.0,[],0.0,0.0,0,0.0,0,3.1659999990552024e-06
aco_current,10,8188,86,7,4,0.0,0.0,0.0,0.0,0.20313307642936707,False,False,0.0,0.0,0.0,[],0.0,0.0,0,0.0,0,3.1659999990552024e-06
aco_current,10,8189,86,7,1,28.0,157.0,185.0,0.925,1.0,True,True,30.0,155.0,0.0,[1],10.0,10.0,1,10.0,0,0.00984274999999002
aco_current,10,8189,86,7,2,0.0,0.0,0.0,0.0,0.09907747060060501,False,False,0.0,0.0,0.0,[],10.0,10.0,1,10.0,0,0.00984274999999002
aco_current,10,8189,86,7,3,0.0,0.0,0.0,0.0,0.43936213850975037,False,False,0.0,0.0,0.0,[],10.0,10.0,1,10.0,0,0.00984274999999002
aco_current,10,8189,86,7,4,0.0,0.0,0.0,0.0,0.20313307642936707,False,False,0.0,0.0,0.0,[],10.0,10.0,1,10.0,0,0.00984274999999002
aco_current,10,8190,86,7,1,29.0,155.0,184.0,0.92,1.0,True,True,30.0,154.0,0.0,[1],10.0,10.0,1,10.0,0,0.009894624999986945
aco_current,10,8190,86,7,2,0.0,0.0,0.0,0.0,0.09907747060060501,False,False,0.0,0.0,0.0,[],10.0,10.0,1,10.0,0,0.009894624999986945
aco_current,10,8190,86,7,3,0.0,0.0,0.0,0.0,0.43936213850975037,False,False,0.0,0.0,0.0,[],10.0,10.0,1,10.0,0,0.009894624999986945
aco_current,10,8190,86,7,4,0.0,0.0,0.0,0.0,0.20313307642936707,False,False,0.0,0.0,0.0,[],10.0,10.0,1,10.0,0,0.009894624999986945
aco_current,10,8191,86,7,1,26.0,154.0,180.0,0.9,1.0,True,True,30.0,150.0,0.0,[1],10.0,10.0,1,10.0,0,0.009805083000003378
aco_current,10,8191,86,7,2,0.0,0.0,0.0,0.0,0.09907747060060501,False,False,0.0,0.0,0.0,[],10.0,10.0,1,10.0,0,0.009805083000003378
aco_current,10,8191,86,7,3,0.0,0.0,0.0,0.0,0.43936213850975037,False,False,0.0,0.0,0.0,[],10.0,10.0,1,10.0,0,0.009805083000003378
aco_current,10,8191,86,7,4,0.0,0.0,0.0,0.0,0.20313307642936707,False,False,0.0,0.0,0.0,[],10.0,10.0,1,10.0,0,0.009805083000003378
aco_current,10,8192,86,8,1,29.0,150.0,179.0,0.895,1.0,True,True,30.0,149.0,0.0,[1],10.0,10.0,1,10.0,0,0.009787958000003982
aco_current,10,8192,86,8,2,0.0,0.0,0.0,0.0,0.09907747060060501,False,False,0.0,0.0,0.0,[],10.0,10.0,1,10.0,0,0.009787958000003982
aco_current,10,8192,86,8,3,0.0,0.0,0.0,0.0,0.43936213850975037,False,False,0.0,0.0,0.0,[],10.0,10.0,1,10.0,0,0.009787958000003982
aco_current,10,8192,86,8,4,0.0,0.0,0.0,0.0,0.20313307642936707,False,False,0.0,0.0,0.0,[],10.0,10.0,1,10.0,0,0.009787958000003982
aco_current,10,8193,86,8,1,28.0,149.0,177.0,0.885,1.0,True,True,30.0,147.0,0.0,[1],10.0,10.0,1,10.0,0,0.009487166000013758
aco_current,10,8193,86,8,2,0.0,0.0,0.0,0.0,0.09907747060060501,False,False,0.0,0.0,0.0,[],10.0,10.0,1,10.0,0,0.009487166000013758
aco_current,10,8193,86,8,3,0.0,0.0,0.0,0.0,0.43936213850975037,False,False,0.0,0.0,0.0,[],10.0,10.0,1,10.0,0,0.009487166000013758
aco_current,10,8193,86,8,4,0.0,0.0,0.0,0.0,0.20313307642936707,False,False,0.0,0.0,0.0,[],10.0,10.0,1,10.0,0,0.009487166000013758
aco_current,10,8194,86,8,1,27.0,147.0,174.0,0.87,0.9999998807907104,True,True,30.0,144.0,0.0,[1],10.0,10.0,1,10.0,0,0.009806292000007488
aco_current,10,8194,86,8,2,0.0,0.0,0.0,0.0,0.09907747060060501,False,False,0.0,0.0,0.0,[],10.0,10.0,1,10.0,0,0.009806292000007488
aco_current,10,8194,86,8,3,0.0,0.0,0.0,0.0,0.43936213850975037,False,False,0.0,0.0,0.0,[],10.0,10.0,1,10.0,0,0.009806292000007488
aco_current,10,8194,86,8,4,0.0,0.0,0.0,0.0,0.20313307642936707,False,False,0.0,0.0,0.0,[],10.0,10.0,1,10.0,0,0.009806292000007488
aco_current,10,8195,86,8,1,29.0,144.0,173.0,0.865,0.9999999403953552,True,True,30.0,143.0,0.0,[1],10.0,10.0,1,10.0,0,0.009949624999990192
aco_current,10,8195,86,8,2,0.0,0.0,0.0,0.0,0.09907747060060501,False,False,0.0,0.0,0.0,[],10.0,10.0,1,10.0,0,0.009949624999990192
aco_current,10,8195,86,8,3,0.0,0.0,0.0,0.0,0.43936213850975037,False,False,0.0,0.0,0.0,[],10.0,10.0,1,10.0,0,0.009949624999990192
aco_current,10,8195,86,8,4,0.0,0.0,0.0,0.0,0.20313307642936707,False,False,0.0,0.0,0.0,[],10.0,10.0,1,10.0,0,0.009949624999990192
aco_current,10,8196,86,9,1,28.0,143.0,171.0,0.855,0.9999998211860657,True,True,30.0,141.0,0.0,[1],10.0,10.0,1,10.0,0,0.010031874999981483
aco_current,10,8196,86,9,2,0.0,0.0,0.0,0.0,0.09907747060060501,False,False,0.0,0.0,0.0,[],10.0,10.0,1,10.0,0,0.010031874999981483
aco_current,10,8196,86,9,3,0.0,0.0,0.0,0.0,0.43936213850975037,False,False,0.0,0.0,0.0,[],10.0,10.0,1,10.0,0,0.010031874999981483
aco_current,10,8196,86,9,4,0.0,0.0,0.0,0.0,0.20313307642936707,False,False,0.0,0.0,0.0,[],10.0,10.0,1,10.0,0,0.010031874999981483
aco_current,10,8197,86,9,1,27.0,141.0,168.0,0.84,0.999999463558197,True,True,30.0,138.0,0.0,[1],10.0,10.0,1,10.0,0,0.009729166999989047
aco_current,10,8197,86,9,2,0.0,0.0,0.0,0.0,0.09907747060060501,False,False,0.0,0.0,0.0,[],10.0,10.0,1,10.0,0,0.009729166999989047
aco_current,10,8197,86,9,3,0.0,0.0,0.0,0.0,0.43936213850975037,False,False,0.0,0.0,0.0,[],10.0,10.0,1,10.0,0,0.009729166999989047
aco_current,10,8197,86,9,4,0.0,0.0,0.0,0.0,0.20313307642936707,False,False,0.0,0.0,0.0,[],10.0,10.0,1,10.0,0,0.009729166999989047
aco_current,10,8198,86,9,1,28.0,138.0,166.0,0.83,0.9999993443489075,True,True,30.0,136.0,0.0,[1],10.0,10.0,1,10.0,0,0.009703958999978113
aco_current,10,8198,86,9,2,0.0,0.0,0.0,0.0,0.09907747060060501,False,False,0.0,0.0,0.0,[],10.0,10.0,1,10.0,0,0.009703958999978113
aco_current,10,8198,86,9,3,0.0,0.0,0.0,0.0,0.43936213850975037,False,False,0.0,0.0,0.0,[],10.0,10.0,1,10.0,0,0.009703958999978113
aco_current,10,8198,86,9,4,0.0,0.0,0.0,0.0,0.20313307642936707,False,False,0.0,0.0,0.0,[],10.0,10.0,1,10.0,0,0.009703958999978113
aco_current,10,8199,86,9,1,29.0,136.0,165.0,0.825,0.9999994039535522,True,True,30.0,135.0,0.0,[1],10.0,10.0,1,10.0,0,0.009695499999992307
aco_current,10,8199,86,9,2,0.0,0.0,0.0,0.0,0.09907747060060501,False,False,0.0,0.0,0.0,[],10.0,10.0,1,10.0,0,0.009695499999992307
aco_current,10,8199,86,9,3,0.0,0.0,0.0,0.0,0.43936213850975037,False,False,0.0,0.0,0.0,[],10.0,10.0,1,10.0,0,0.009695499999992307
aco_current,10,8199,86,9,4,0.0,0.0,0.0,0.0,0.20313307642936707,False,False,0.0,0.0,0.0,[],10.0,10.0,1,10.0,0,0.009695499999992307
aco_current,10,8200,86,10,1,27.0,135.0,162.0,0.81,0.9999973177909851,True,True,30.0,132.0,0.0,[1],10.0,10.0,1,10.0,0,0.009545915999979115
aco_current,10,8200,86,10,2,0.0,0.0,0.0,0.0,0.09907747060060501,False,False,0.0,0.0,0.0,[],10.0,10.0,1,10.0,0,0.009545915999979115
aco_current,10,8200,86,10,3,0.0,0.0,0.0,0.0,0.43936213850975037,False,False,0.0,0.0,0.0,[],10.0,10.0,1,10.0,0,0.009545915999979115
aco_current,10,8200,86,10,4,0.0,0.0,0.0,0.0,0.20313307642936707,False,False,0.0,0.0,0.0,[],10.0,10.0,1,10.0,0,0.009545915999979115
aco_current,10,8201,86,10,1,28.0,132.0,160.0,0.8,0.9999967813491821,True,True,30.0,130.0,0.0,[1],10.0,10.0,1,10.0,0,0.009444583999993483
aco_current,10,8201,86,10,2,0.0,0.0,0.0,0.0,0.09907747060060501,False,False,0.0,0.0,0.0,[],10.0,10.0,1,10.0,0,0.009444583999993483
aco_current,10,8201,86,10,3,0.0,0.0,0.0,0.0,0.43936213850975037,False,False,0.0,0.0,0.0,[],10.0,10.0,1,10.0,0,0.009444583999993483
aco_current,10,8201,86,10,4,0.0,0.0,0.0,0.0,0.20313307642936707,False,False,0.0,0.0,0.0,[],10.0,10.0,1,10.0,0,0.009444583999993483
aco_current,10,8202,86,10,1,26.0,130.0,156.0,0.78,0.9999828338623047,False,False,0.0,156.0,0.0,[],0.0,0.0,0,0.0,0,4.416999985323855e-06
aco_current,10,8202,86,10,2,0.0,0.0,0.0,0.0,0.09907747060060501,False,False,0.0,0.0,0.0,[],0.0,0.0,0,0.0,0,4.416999985323855e-06
aco_current,10,8202,86,10,3,0.0,0.0,0.0,0.0,0.43936213850975037,False,False,0.0,0.0,0.0,[],0.0,0.0,0,0.0,0,4.416999985323855e-06
aco_current,10,8202,86,10,4,0.0,0.0,0.0,0.0,0.20313307642936707,False,False,0.0,0.0,0.0,[],0.0,0.0,0,0.0,0,4.416999985323855e-06
aco_current,10,8203,86,10,1,18.0,156.0,174.0,0.87,0.9999973177909851,True,True,30.0,144.0,0.0,[1],10.0,10.0,1,10.0,0,0.009791874999990569
aco_current,10,8203,86,10,2,0.0,0.0,0.0,0.0,0.09907747060060501,False,False,0.0,0.0,0.0,[],10.0,10.0,1,10.0,0,0.009791874999990569
aco_current,10,8203,86,10,3,0.0,0.0,0.0,0.0,0.43936213850975037,False,False,0.0,0.0,0.0,[],10.0,10.0,1,10.0,0,0.009791874999990569
aco_current,10,8203,86,10,4,0.0,0.0,0.0,0.0,0.20313307642936707,False,False,0.0,0.0,0.0,[],10.0,10.0,1,10.0,0,0.009791874999990569
aco_current,10,8204,86,11,1,20.0,144.0,164.0,0.82,0.9999813437461853,True,True,30.0,134.0,0.0,[1],10.0,10.0,1,10.0,0,0.009652749999986554
aco_current,10,8204,86,11,2,0.0,0.0,0.0,0.0,0.09907747060060501,False,False,0.0,0.0,0.0,[],10.0,10.0,1,10.0,0,0.009652749999986554
aco_current,10,8204,86,11,3,0.0,0.0,0.0,0.0,0.43936213850975037,False,False,0.0,0.0,0.0,[],10.0,10.0,1,10.0,0,0.009652749999986554
aco_current,10,8204,86,11,4,0.0,0.0,0.0,0.0,0.20313307642936707,False,False,0.0,0.0,0.0,[],10.0,10.0,1,10.0,0,0.009652749999986554
aco_current,10,8205,86,11,1,20.0,134.0,154.0,0.77,0.9997701048851013,False,False,0.0,154.0,0.0,[],0.0,0.0,0,0.0,0,3.958000007742157e-06
aco_current,10,8205,86,11,2,0.0,0.0,0.0,0.0,0.09907747060060501,False,False,0.0,0.0,0.0,[],0.0,0.0,0,0.0,0,3.958000007742157e-06
aco_current,10,8205,86,11,3,0.0,0.0,0.0,0.0,0.43936213850975037,False,False,0.0,0.0,0.0,[],0.0,0.0,0,0.0,0,3.958000007742157e-06
aco_current,10,8205,86,11,4,0.0,0.0,0.0,0.0,0.20313307642936707,False,False,0.0,0.0,0.0,[],0.0,0.0,0,0.0,0,3.958000007742157e-06
aco_current,10,8206,86,11,1,18.0,154.0,172.0,0.86,0.9999948740005493,True,True,30.0,142.0,0.0,[1],10.0,10.0,1,10.0,0,0.00973625000000311
aco_current,10,8206,86,11,2,0.0,0.0,0.0,0.0,0.09907747060060501,False,False,0.0,0.0,0.0,[],10.0,10.0,1,10.0,0,0.00973625000000311
aco_current,10,8206,86,11,3,0.0,0.0,0.0,0.0,0.43936213850975037,False,False,0.0,0.0,0.0,[],10.0,10.0,1,10.0,0,0.00973625000000311
aco_current,10,8206,86,11,4,0.0,0.0,0.0,0.0,0.20313307642936707,False,False,0.0,0.0,0.0,[],10.0,10.0,1,10.0,0,0.00973625000000311
aco_current,10,8207,86,11,1,20.0,142.0,162.0,0.81,0.9999663233757019,True,True,30.0,132.0,0.0,[1],10.0,10.0,1,10.0,0,0.009768417000003637
aco_current,10,8207,86,11,2,0.0,0.0,0.0,0.0,0.09907747060060501,False,False,0.0,0.0,0.0,[],10.0,10.0,1,10.0,0,0.009768417000003637
aco_current,10,8207,86,11,3,0.0,0.0,0.0,0.0,0.43936213850975037,False,False,0.0,0.0,0.0,[],10.0,10.0,1,10.0,0,0.009768417000003637
aco_current,10,8207,86,11,4,0.0,0.0,0.0,0.0,0.20313307642936707,False,False,0.0,0.0,0.0,[],10.0,10.0,1,10.0,0,0.009768417000003637
aco_current,10,8208,86,12,1,19.0,132.0,151.0,0.755,0.9994755983352661,False,False,0.0,151.0,0.0,[],0.0,0.0,0,0.0,0,5.165999994005688e-06
aco_current,10,8208,86,12,2,0.0,0.0,0.0,0.0,0.09907747060060501,False,False,0.0,0.0,0.0,[],0.0,0.0,0,0.0,0,5.165999994005688e-06
aco_current,10,8208,86,12,3,0.0,0.0,0.0,0.0,0.43936213850975037,False,False,0.0,0.0,0.0,[],0.0,0.0,0,0.0,0,5.165999994005688e-06
aco_current,10,8208,86,12,4,0.0,0.0,0.0,0.0,0.20313307642936707,False,False,0.0,0.0,0.0,[],0.0,0.0,0,0.0,0,5.165999994005688e-06
aco_current,10,8209,86,12,1,19.0,151.0,170.0,0.85,0.9999938607215881,True,True,30.0,140.0,0.0,[1],10.0,10.0,1,10.0,0,0.009828749999996944
aco_current,10,8209,86,12,2,0.0,0.0,0.0,0.0,0.09907747060060501,False,False,0.0,0.0,0.0,[],10.0,10.0,1,10.0,0,0.009828749999996944
aco_current,10,8209,86,12,3,0.0,0.0,0.0,0.0,0.43936213850975037,False,False,0.0,0.0,0.0,[],10.0,10.0,1,10.0,0,0.009828749999996944
aco_current,10,8209,86,12,4,0.0,0.0,0.0,0.0,0.20313307642936707,False,False,0.0,0.0,0.0,[],10.0,10.0,1,10.0,0,0.009828749999996944
aco_current,10,8210,86,12,1,19.0,140.0,159.0,0.795,0.9998960494995117,False,False,0.0,159.0,0.0,[],0.0,0.0,0,0.0,0,2.7090000003227033e-06
aco_current,10,8210,86,12,2,0.0,0.0,0.0,0.0,0.09907747060060501,False,False,0.0,0.0,0.0,[],0.0,0.0,0,0.0,0,2.7090000003227033e-06
aco_current,10,8210,86,12,3,0.0,0.0,0.0,0.0,0.43936213850975037,False,False,0.0,0.0,0.0,[],0.0,0.0,0,0.0,0,2.7090000003227033e-06
aco_current,10,8210,86,12,4,0.0,0.0,0.0,0.0,0.20313307642936707,False,False,0.0,0.0,0.0,[],0.0,0.0,0,0.0,0,2.7090000003227033e-06
aco_current,10,8211,86,12,1,11.0,159.0,170.0,0.85,0.9999010562896729,True,True,30.0,140.0,0.0,[1],10.0,10.0,1,10.0,0,0.009681915999976809
aco_current,10,8211,86,12,2,0.0,0.0,0.0,0.0,0.09907747060060501,False,False,0.0,0.0,0.0,[],10.0,10.0,1,10.0,0,0.009681915999976809
aco_current,10,8211,86,12,3,0.0,0.0,0.0,0.0,0.43936213850975037,False,False,0.0,0.0,0.0,[],10.0,10.0,1,10.0,0,0.009681915999976809
aco_current,10,8211,86,12,4,0.0,0.0,0.0,0.0,0.20313307642936707,False,False,0.0,0.0,0.0,[],10.0,10.0,1,10.0,0,0.009681915999976809
aco_current,10,8212,86,13,1,9.0,140.0,149.0,0.745,0.9745590686798096,False,False,0.0,149.0,0.0,[],0.0,0.0,0,0.0,0,3.4579999805828265e-06
aco_current,10,8212,86,13,2,0.0,0.0,0.0,0.0,0.09907747060060501,False,False,0.0,0.0,0.0,[],0.0,0.0,0,0.0,0,3.4579999805828265e-06
aco_current,10,8212,86,13,3,0.0,0.0,0.0,0.0,0.43936213850975037,False,False,0.0,0.0,0.0,[],0.0,0.0,0,0.0,0,3.4579999805828265e-06
aco_current,10,8212,86,13,4,0.0,0.0,0.0,0.0,0.20313307642936707,False,False,0.0,0.0,0.0,[],0.0,0.0,0,0.0,0,3.4579999805828265e-06
aco_current,10,8213,86,13,1,9.0,149.0,158.0,0.79,0.9947441220283508,False,False,0.0,158.0,0.0,[],0.0,0.0,0,0.0,0,2.209000001585082e-06
aco_current,10,8213,86,13,2,0.0,0.0,0.0,0.0,0.09907747060060501,False,False,0.0,0.0,0.0,[],0.0,0.0,0,0.0,0,2.209000001585082e-06
aco_current,10,8213,86,13,3,0.0,0.0,0.0,0.0,0.43936213850975037,False,False,0.0,0.0,0.0,[],0.0,0.0,0,0.0,0,2.209000001585082e-06
aco_current,10,8213,86,13,4,0.0,0.0,0.0,0.0,0.20313307642936707,False,False,0.0,0.0,0.0,[],0.0,0.0,0,0.0,0,2.209000001585082e-06
aco_current,10,8214,86,13,1,8.0,158.0,166.0,0.83,0.9991448521614075,True,True,30.0,136.0,0.0,[1],10.0,10.0,1,10.0,0,0.01000658300000623
aco_current,10,8214,86,13,2,0.0,0.0,0.0,0.0,0.09907747060060501,False,False,0.0,0.0,0.0,[],10.0,10.0,1,10.0,0,0.01000658300000623
aco_current,10,8214,86,13,3,0.0,0.0,0.0,0.0,0.43936213850975037,False,False,0.0,0.0,0.0,[],10.0,10.0,1,10.0,0,0.01000658300000623
aco_current,10,8214,86,13,4,0.0,0.0,0.0,0.0,0.20313307642936707,False,False,0.0,0.0,0.0,[],10.0,10.0,1,10.0,0,0.01000658300000623
aco_current,10,8215,86,13,1,9.0,136.0,145.0,0.725,0.9707521200180054,False,False,0.0,145.0,0.0,[],0.0,0.0,0,0.0,0,3.042000003006251e-06
aco_current,10,8215,86,13,2,0.0,0.0,0.0,0.0,0.09907747060060501,False,False,0.0,0.0,0.0,[],0.0,0.0,0,0.0,0,3.042000003006251e-06
aco_current,10,8215,86,13,3,0.0,0.0,0.0,0.0,0.43936213850975037,False,False,0.0,0.0,0.0,[],0.0,0.0,0,0.0,0,3.042000003006251e-06
aco_current,10,8215,86,13,4,0.0,0.0,0.0,0.0,0.20313307642936707,False,False,0.0,0.0,0.0,[],0.0,0.0,0,0.0,0,3.042000003006251e-06
aco_current,10,8216,86,14,1,9.0,145.0,154.0,0.77,0.9899913668632507,False,False,0.0,154.0,0.0,[],0.0,0.0,0,0.0,0,2.625000007583367e-06
aco_current,10,8216,86,14,2,0.0,0.0,0.0,0.0,0.09907747060060501,False,False,0.0,0.0,0.0,[],0.0,0.0,0,0.0,0,2.625000007583367e-06
aco_current,10,8216,86,14,3,0.0,0.0,0.0,0.0,0.43936213850975037,False,False,0.0,0.0,0.0,[],0.0,0.0,0,0.0,0,2.625000007583367e-06
aco_current,10,8216,86,14,4,0.0,0.0,0.0,0.0,0.20313307642936707,False,False,0.0,0.0,0.0,[],0.0,0.0,0,0.0,0,2.625000007583367e-06
aco_current,10,8217,86,14,1,8.0,154.0,162.0,0.81,0.997742772102356,True,True,30.0,132.0,0.0,[1],10.0,10.0,1,10.0,0,0.009970832999982804
aco_current,10,8217,86,14,2,0.0,0.0,0.0,0.0,0.09907747060060501,False,False,0.0,0.0,0.0,[],10.0,10.0,1,10.0,0,0.009970832999982804
aco_current,10,8217,86,14,3,0.0,0.0,0.0,0.0,0.43936213850975037,False,False,0.0,0.0,0.0,[],10.0,10.0,1,10.0,0,0.009970832999982804
aco_current,10,8217,86,14,4,0.0,0.0,0.0,0.0,0.20313307642936707,False,False,0.0,0.0,0.0,[],10.0,10.0,1,10.0,0,0.009970832999982804
aco_current,10,8218,86,14,1,6.0,132.0,138.0,0.69,0.7641549706459045,False,False,0.0,138.0,0.0,[],0.0,0.0,0,0.0,0,2.9580000102669146e-06
aco_current,10,8218,86,14,2,0.0,0.0,0.0,0.0,0.09907747060060501,False,False,0.0,0.0,0.0,[],0.0,0.0,0,0.0,0,2.9580000102669146e-06
aco_current,10,8218,86,14,3,0.0,0.0,0.0,0.0,0.43936213850975037,False,False,0.0,0.0,0.0,[],0.0,0.0,0,0.0,0,2.9580000102669146e-06
aco_current,10,8218,86,14,4,0.0,0.0,0.0,0.0,0.20313307642936707,False,False,0.0,0.0,0.0,[],0.0,0.0,0,0.0,0,2.9580000102669146e-06
aco_current,10,8219,86,14,1,0.0,138.0,138.0,0.69,0.18695619702339172,False,False,0.0,138.0,0.0,[],0.0,0.0,0,0.0,0,3.042000003006251e-06
aco_current,10,8219,86,14,2,0.0,0.0,0.0,0.0,0.09907747060060501,False,False,0.0,0.0,0.0,[],0.0,0.0,0,0.0,0,3.042000003006251e-06
aco_current,10,8219,86,14,3,0.0,0.0,0.0,0.0,0.43936213850975037,False,False,0.0,0.0,0.0,[],0.0,0.0,0,0.0,0,3.042000003006251e-06
aco_current,10,8219,86,14,4,0.0,0.0,0.0,0.0,0.20313307642936707,False,False,0.0,0.0,0.0,[],0.0,0.0,0,0.0,0,3.042000003006251e-06
aco_current,10,8220,86,15,1,0.0,138.0,138.0,0.69,0.25814980268478394,False,False,0.0,138.0,0.0,[],0.0,0.0,0,0.0,0,2.4999999936881068e-06
aco_current,10,8220,86,15,2,0.0,0.0,0.0,0.0,0.09907747060060501,False,False,0.0,0.0,0.0,[],0.0,0.0,0,0.0,0,2.4999999936881068e-06
aco_current,10,8220,86,15,3,0.0,0.0,0.0,0.0,0.43936213850975037,False,False,0.0,0.0,0.0,[],0.0,0.0,0,0.0,0,2.4999999936881068e-06
aco_current,10,8220,86,15,4,0.0,0.0,0.0,0.0,0.20313307642936707,False,False,0.0,0.0,0.0,[],0.0,0.0,0,0.0,0,2.4999999936881068e-06
aco_current,10,8221,86,15,1,0.0,138.0,138.0,0.69,0.33877214789390564,False,False,0.0,138.0,0.0,[],0.0,0.0,0,0.0,0,2.249999994319296e-06
aco_current,10,8221,86,15,2,0.0,0.0,0.0,0.0,0.09907747060060501,False,False,0.0,0.0,0.0,[],0.0,0.0,0,0.0,0,2.249999994319296e-06
aco_current,10,8221,86,15,3,0.0,0.0,0.0,0.0,0.43936213850975037,False,False,0.0,0.0,0.0,[],0.0,0.0,0,0.0,0,2.249999994319296e-06
aco_current,10,8221,86,15,4,0.0,0.0,0.0,0.0,0.20313307642936707,False,False,0.0,0.0,0.0,[],0.0,0.0,0,0.0,0,2.249999994319296e-06
aco_current,10,8222,86,15,1,0.0,138.0,138.0,0.69,0.3780190050601959,False,False,0.0,138.0,0.0,[],0.0,0.0,0,0.0,0,2.500000022109816e-06
aco_current,10,8222,86,15,2,0.0,0.0,0.0,0.0,0.09907747060060501,False,False,0.0,0.0,0.0,[],0.0,0.0,0,0.0,0,2.500000022109816e-06
aco_current,10,8222,86,15,3,0.0,0.0,0.0,0.0,0.43936213850975037,False,False,0.0,0.0,0.0,[],0.0,0.0,0,0.0,0,2.500000022109816e-06
aco_current,10,8222,86,15,4,0.0,0.0,0.0,0.0,0.20313307642936707,False,False,0.0,0.0,0.0,[],0.0,0.0,0,0.0,0,2.500000022109816e-06
aco_current,10,8223,86,15,1,0.0,138.0,138.0,0.69,0.3780190050601959,False,False,0.0,138.0,0.0,[],0.0,0.0,0,0.0,0,1.9169999916357483e-06
aco_current,10,8223,86,15,2,0.0,0.0,0.0,0.0,0.09907747060060501,False,False,0.0,0.0,0.0,[],0.0,0.0,0,0.0,0,1.9169999916357483e-06
aco_current,10,8223,86,15,3,0.0,0.0,0.0,0.0,0.43936213850975037,False,False,0.0,0.0,0.0,[],0.0,0.0,0,0.0,0,1.9169999916357483e-06
aco_current,10,8223,86,15,4,0.0,0.0,0.0,0.0,0.20313307642936707,False,False,0.0,0.0,0.0,[],0.0,0.0,0,0.0,0,1.9169999916357483e-06
aco_current,10,8224,86,16,1,0.0,138.0,138.0,0.69,0.3780190050601959,False,False,0.0,138.0,0.0,[],0.0,0.0,0,0.0,0,3.2080000096357253e-06
aco_current,10,8224,86,16,2,0.0,0.0,0.0,0.0,0.09907747060060501,False,False,0.0,0.0,0.0,[],0.0,0.0,0,0.0,0,3.2080000096357253e-06
aco_current,10,8224,86,16,3,0.0,0.0,0.0,0.0,0.43936213850975037,False,False,0.0,0.0,0.0,[],0.0,0.0,0,0.0,0,3.2080000096357253e-06
aco_current,10,8224,86,16,4,0.0,0.0,0.0,0.0,0.20313307642936707,False,False,0.0,0.0,0.0,[],0.0,0.0,0,0.0,0,3.2080000096357253e-06
aco_current,10,8225,86,16,1,0.0,138.0,138.0,0.69,0.3780190050601959,False,False,0.0,138.0,0.0,[],0.0,0.0,0,0.0,0,2.4580000115292933e-06
aco_current,10,8225,86,16,2,0.0,0.0,0.0,0.0,0.09907747060060501,False,False,0.0,0.0,0.0,[],0.0,0.0,0,0.0,0,2.4580000115292933e-06
aco_current,10,8225,86,16,3,0.0,0.0,0.0,0.0,0.43936213850975037,False,False,0.0,0.0,0.0,[],0.0,0.0,0,0.0,0,2.4580000115292933e-06
aco_current,10,8225,86,16,4,0.0,0.0,0.0,0.0,0.20313307642936707,False,False,0.0,0.0,0.0,[],0.0,0.0,0,0.0,0,2.4580000115292933e-06
aco_current,10,8226,86,16,1,0.0,138.0,138.0,0.69,0.3780190050601959,False,False,0.0,138.0,0.0,[],0.0,0.0,0,0.0,0,1.9579999843699625e-06
aco_current,10,8226,86,16,2,0.0,0.0,0.0,0.0,0.09907747060060501,False,False,0.0,0.0,0.0,[],0.0,0.0,0,0.0,0,1.9579999843699625e-06
aco_current,10,8226,86,16,3,0.0,0.0,0.0,0.0,0.43936213850975037,False,False,0.0,0.0,0.0,[],0.0,0.0,0,0.0,0,1.9579999843699625e-06
aco_current,10,8226,86,16,4,0.0,0.0,0.0,0.0,0.20313307642936707,False,False,0.0,0.0,0.0,[],0.0,0.0,0,0.0,0,1.9579999843699625e-06
aco_current,10,8227,86,16,1,0.0,138.0,138.0,0.69,0.3780190050601959,False,False,0.0,138.0,0.0,[],0.0,0.0,0,0.0,0,2.708000010898104e-06
aco_current,10,8227,86,16,2,0.0,0.0,0.0,0.0,0.09907747060060501,False,False,0.0,0.0,0.0,[],0.0,0.0,0,0.0,0,2.708000010898104e-06
aco_current,10,8227,86,16,3,0.0,0.0,0.0,0.0,0.43936213850975037,False,False,0.0,0.0,0.0,[],0.0,0.0,0,0.0,0,2.708000010898104e-06
aco_current,10,8227,86,16,4,0.0,0.0,0.0,0.0,0.20313307642936707,False,False,0.0,0.0,0.0,[],0.0,0.0,0,0.0,0,2.708000010898104e-06
aco_current,10,8228,86,17,1,0.0,138.0,138.0,0.69,0.3780190050601959,False,False,0.0,138.0,0.0,[],0.0,0.0,0,0.0,0,1.9999999949504854e-06
aco_current,10,8228,86,17,2,0.0,0.0,0.0,0.0,0.09907747060060501,False,False,0.0,0.0,0.0,[],0.0,0.0,0,0.0,0,1.9999999949504854e-06
aco_current,10,8228,86,17,3,0.0,0.0,0.0,0.0,0.43936213850975037,False,False,0.0,0.0,0.0,[],0.0,0.0,0,0.0,0,1.9999999949504854e-06
aco_current,10,8228,86,17,4,0.0,0.0,0.0,0.0,0.20313307642936707,False,False,0.0,0.0,0.0,[],0.0,0.0,0,0.0,0,1.9999999949504854e-06
aco_current,10,8229,86,17,1,0.0,138.0,138.0,0.69,0.3780190050601959,False,False,0.0,138.0,0.0,[],0.0,0.0,0,0.0,0,3.7079999799516372e-06
aco_current,10,8229,86,17,2,0.0,0.0,0.0,0.0,0.09907747060060501,False,False,0.0,0.0,0.0,[],0.0,0.0,0,0.0,0,3.7079999799516372e-06
aco_current,10,8229,86,17,3,0.0,0.0,0.0,0.0,0.43936213850975037,False,False,0.0,0.0,0.0,[],0.0,0.0,0,0.0,0,3.7079999799516372e-06
aco_current,10,8229,86,17,4,0.0,0.0,0.0,0.0,0.20313307642936707,False,False,0.0,0.0,0.0,[],0.0,0.0,0,0.0,0,3.7079999799516372e-06
aco_current,10,8230,86,17,1,0.0,138.0,138.0,0.69,0.3780190050601959,False,False,0.0,138.0,0.0,[],0.0,0.0,0,0.0,0,2.249999994319296e-06
aco_current,10,8230,86,17,2,0.0,0.0,0.0,0.0,0.09907747060060501,False,False,0.0,0.0,0.0,[],0.0,0.0,0,0.0,0,2.249999994319296e-06
aco_current,10,8230,86,17,3,0.0,0.0,0.0,0.0,0.43936213850975037,False,False,0.0,0.0,0.0,[],0.0,0.0,0,0.0,0,2.249999994319296e-06
aco_current,10,8230,86,17,4,0.0,0.0,0.0,0.0,0.20313307642936707,False,False,0.0,0.0,0.0,[],0.0,0.0,0,0.0,0,2.249999994319296e-06
aco_current,10,8231,86,17,1,0.0,138.0,138.0,0.69,0.3780190050601959,False,False,0.0,138.0,0.0,[],0.0,0.0,0,0.0,0,2.3749999797928467e-06
aco_current,10,8231,86,17,2,0.0,0.0,0.0,0.0,0.09907747060060501,False,False,0.0,0.0,0.0,[],0.0,0.0,0,0.0,0,2.3749999797928467e-06
aco_current,10,8231,86,17,3,0.0,0.0,0.0,0.0,0.43936213850975037,False,False,0.0,0.0,0.0,[],0.0,0.0,0,0.0,0,2.3749999797928467e-06
aco_current,10,8231,86,17,4,0.0,0.0,0.0,0.0,0.20313307642936707,False,False,0.0,0.0,0.0,[],0.0,0.0,0,0.0,0,2.3749999797928467e-06
aco_current,10,8232,86,18,1,0.0,138.0,138.0,0.69,0.3780190050601959,False,False,0.0,138.0,0.0,[],0.0,0.0,0,0.0,0,2.708000010898104e-06
aco_current,10,8232,86,18,2,0.0,0.0,0.0,0.0,0.09907747060060501,False,False,0.0,0.0,0.0,[],0.0,0.0,0,0.0,0,2.708000010898104e-06
aco_current,10,8232,86,18,3,0.0,0.0,0.0,0.0,0.43936213850975037,False,False,0.0,0.0,0.0,[],0.0,0.0,0,0.0,0,2.708000010898104e-06
aco_current,10,8232,86,18,4,0.0,0.0,0.0,0.0,0.20313307642936707,False,False,0.0,0.0,0.0,[],0.0,0.0,0,0.0,0,2.708000010898104e-06
aco_current,10,8233,86,18,1,0.0,138.0,138.0,0.69,0.3780190050601959,False,False,0.0,138.0,0.0,[],0.0,0.0,0,0.0,0,2.249999994319296e-06
aco_current,10,8233,86,18,2,0.0,0.0,0.0,0.0,0.09907747060060501,False,False,0.0,0.0,0.0,[],0.0,0.0,0,0.0,0,2.249999994319296e-06
aco_current,10,8233,86,18,3,0.0,0.0,0.0,0.0,0.43936213850975037,False,False,0.0,0.0,0.0,[],0.0,0.0,0,0.0,0,2.249999994319296e-06
aco_current,10,8233,86,18,4,0.0,0.0,0.0,0.0,0.20313307642936707,False,False,0.0,0.0,0.0,[],0.0,0.0,0,0.0,0,2.249999994319296e-06
aco_current,10,8234,86,18,1,0.0,138.0,138.0,0.69,0.3780190050601959,False,False,0.0,138.0,0.0,[],0.0,0.0,0,0.0,0,2.7090000003227033e-06
aco_current,10,8234,86,18,2,0.0,0.0,0.0,0.0,0.09907747060060501,False,False,0.0,0.0,0.0,[],0.0,0.0,0,0.0,0,2.7090000003227033e-06
aco_current,10,8234,86,18,3,0.0,0.0,0.0,0.0,0.43936213850975037,False,False,0.0,0.0,0.0,[],0.0,0.0,0,0.0,0,2.7090000003227033e-06
aco_current,10,8234,86,18,4,0.0,0.0,0.0,0.0,0.20313307642936707,False,False,0.0,0.0,0.0,[],0.0,0.0,0,0.0,0,2.7090000003227033e-06
aco_current,10,8235,86,18,1,0.0,138.0,138.0,0.69,0.3780190050601959,False,False,0.0,138.0,0.0,[],0.0,0.0,0,0.0,0,1.8339999883210112e-06
aco_current,10,8235,86,18,2,0.0,0.0,0.0,0.0,0.09907747060060501,False,False,0.0,0.0,0.0,[],0.0,0.0,0,0.0,0,1.8339999883210112e-06
aco_current,10,8235,86,18,3,0.0,0.0,0.0,0.0,0.43936213850975037,False,False,0.0,0.0,0.0,[],0.0,0.0,0,0.0,0,1.8339999883210112e-06
aco_current,10,8235,86,18,4,0.0,0.0,0.0,0.0,0.20313307642936707,False,False,0.0,0.0,0.0,[],0.0,0.0,0,0.0,0,1.8339999883210112e-06
aco_current,10,8236,86,19,1,0.0,138.0,138.0,0.69,0.3780190050601959,False,False,0.0,138.0,0.0,[],0.0,0.0,0,0.0,0,2.0420000055310084e-06
aco_current,10,8236,86,19,2,0.0,0.0,0.0,0.0,0.09907747060060501,False,False,0.0,0.0,0.0,[],0.0,0.0,0,0.0,0,2.0420000055310084e-06
aco_current,10,8236,86,19,3,0.0,0.0,0.0,0.0,0.43936213850975037,False,False,0.0,0.0,0.0,[],0.0,0.0,0,0.0,0,2.0420000055310084e-06
aco_current,10,8236,86,19,4,0.0,0.0,0.0,0.0,0.20313307642936707,False,False,0.0,0.0,0.0,[],0.0,0.0,0,0.0,0,2.0420000055310084e-06
aco_current,10,8237,86,19,1,0.0,138.0,138.0,0.69,0.3780190050601959,False,False,0.0,138.0,0.0,[],0.0,0.0,0,0.0,0,2.7499999930569174e-06
aco_current,10,8237,86,19,2,0.0,0.0,0.0,0.0,0.09907747060060501,False,False,0.0,0.0,0.0,[],0.0,0.0,0,0.0,0,2.7499999930569174e-06
aco_current,10,8237,86,19,3,0.0,0.0,0.0,0.0,0.43936213850975037,False,False,0.0,0.0,0.0,[],0.0,0.0,0,0.0,0,2.7499999930569174e-06
aco_current,10,8237,86,19,4,0.0,0.0,0.0,0.0,0.20313307642936707,False,False,0.0,0.0,0.0,[],0.0,0.0,0,0.0,0,2.7499999930569174e-06
aco_current,10,8238,86,19,1,0.0,138.0,138.0,0.69,0.3780190050601959,False,False,0.0,138.0,0.0,[],0.0,0.0,0,0.0,0,2.0840000161115313e-06
aco_current,10,8238,86,19,2,0.0,0.0,0.0,0.0,0.09907747060060501,False,False,0.0,0.0,0.0,[],0.0,0.0,0,0.0,0,2.0840000161115313e-06
aco_current,10,8238,86,19,3,0.0,0.0,0.0,0.0,0.43936213850975037,False,False,0.0,0.0,0.0,[],0.0,0.0,0,0.0,0,2.0840000161115313e-06
aco_current,10,8238,86,19,4,0.0,0.0,0.0,0.0,0.20313307642936707,False,False,0.0,0.0,0.0,[],0.0,0.0,0,0.0,0,2.0840000161115313e-06
aco_current,10,8239,86,19,1,0.0,138.0,138.0,0.69,0.3780190050601959,False,False,0.0,138.0,0.0,[],0.0,0.0,0,0.0,0,2.7499999930569174e-06
aco_current,10,8239,86,19,2,0.0,0.0,0.0,0.0,0.09907747060060501,False,False,0.0,0.0,0.0,[],0.0,0.0,0,0.0,0,2.7499999930569174e-06
aco_current,10,8239,86,19,3,0.0,0.0,0.0,0.0,0.43936213850975037,False,False,0.0,0.0,0.0,[],0.0,0.0,0,0.0,0,2.7499999930569174e-06
aco_current,10,8239,86,19,4,0.0,0.0,0.0,0.0,0.20313307642936707,False,False,0.0,0.0,0.0,[],0.0,0.0,0,0.0,0,2.7499999930569174e-06
aco_current,10,8240,86,20,1,0.0,138.0,138.0,0.69,0.3780190050601959,False,False,0.0,138.0,0.0,[],0.0,0.0,0,0.0,0,1.9999999949504854e-06
aco_current,10,8240,86,20,2,0.0,0.0,0.0,0.0,0.09907747060060501,False,False,0.0,0.0,0.0,[],0.0,0.0,0,0.0,0,1.9999999949504854e-06
aco_current,10,8240,86,20,3,0.0,0.0,0.0,0.0,0.43936213850975037,False,False,0.0,0.0,0.0,[],0.0,0.0,0,0.0,0,1.9999999949504854e-06
aco_current,10,8240,86,20,4,0.0,0.0,0.0,0.0,0.20313307642936707,False,False,0.0,0.0,0.0,[],0.0,0.0,0,0.0,0,1.9999999949504854e-06
aco_current,10,8241,86,20,1,0.0,138.0,138.0,0.69,0.3780190050601959,False,False,0.0,138.0,0.0,[],0.0,0.0,0,0.0,0,1.8329999988964119e-06
aco_current,10,8241,86,20,2,0.0,0.0,0.0,0.0,0.09907747060060501,False,False,0.0,0.0,0.0,[],0.0,0.0,0,0.0,0,1.8329999988964119e-06
aco_current,10,8241,86,20,3,0.0,0.0,0.0,0.0,0.43936213850975037,False,False,0.0,0.0,0.0,[],0.0,0.0,0,0.0,0,1.8329999988964119e-06
aco_current,10,8241,86,20,4,0.0,0.0,0.0,0.0,0.20313307642936707,False,False,0.0,0.0,0.0,[],0.0,0.0,0,0.0,0,1.8329999988964119e-06
aco_current,10,8242,86,20,1,0.0,138.0,138.0,0.69,0.3780190050601959,False,False,0.0,138.0,0.0,[],0.0,0.0,0,0.0,0,2.625000007583367e-06
aco_current,10,8242,86,20,2,0.0,0.0,0.0,0.0,0.09907747060060501,False,False,0.0,0.0,0.0,[],0.0,0.0,0,0.0,0,2.625000007583367e-06
aco_current,10,8242,86,20,3,0.0,0.0,0.0,0.0,0.43936213850975037,False,False,0.0,0.0,0.0,[],0.0,0.0,0,0.0,0,2.625000007583367e-06
aco_current,10,8242,86,20,4,0.0,0.0,0.0,0.0,0.20313307642936707,False,False,0.0,0.0,0.0,[],0.0,0.0,0,0.0,0,2.625000007583367e-06
aco_current,10,8243,86,20,1,0.0,138.0,138.0,0.69,0.3780190050601959,False,False,0.0,138.0,0.0,[],0.0,0.0,0,0.0,0,1.9579999843699625e-06
aco_current,10,8243,86,20,2,0.0,0.0,0.0,0.0,0.09907747060060501,False,False,0.0,0.0,0.0,[],0.0,0.0,0,0.0,0,1.9579999843699625e-06
aco_current,10,8243,86,20,3,0.0,0.0,0.0,0.0,0.43936213850975037,False,False,0.0,0.0,0.0,[],0.0,0.0,0,0.0,0,1.9579999843699625e-06
aco_current,10,8243,86,20,4,0.0,0.0,0.0,0.0,0.20313307642936707,False,False,0.0,0.0,0.0,[],0.0,0.0,0,0.0,0,1.9579999843699625e-06
aco_current,10,8244,86,21,1,0.0,138.0,138.0,0.69,0.3780190050601959,False,False,0.0,138.0,0.0,[],0.0,0.0,0,0.0,0,2.6249999791616574e-06
aco_current,10,8244,86,21,2,0.0,0.0,0.0,0.0,0.09907747060060501,False,False,0.0,0.0,0.0,[],0.0,0.0,0,0.0,0,2.6249999791616574e-06
aco_current,10,8244,86,21,3,0.0,0.0,0.0,0.0,0.43936213850975037,False,False,0.0,0.0,0.0,[],0.0,0.0,0,0.0,0,2.6249999791616574e-06
aco_current,10,8244,86,21,4,0.0,0.0,0.0,0.0,0.20313307642936707,False,False,0.0,0.0,0.0,[],0.0,0.0,0,0.0,0,2.6249999791616574e-06
aco_current,10,8245,86,21,1,0.0,138.0,138.0,0.69,0.3780190050601959,False,False,0.0,138.0,0.0,[],0.0,0.0,0,0.0,0,1.8749999810552254e-06
aco_current,10,8245,86,21,2,0.0,0.0,0.0,0.0,0.09907747060060501,False,False,0.0,0.0,0.0,[],0.0,0.0,0,0.0,0,1.8749999810552254e-06
aco_current,10,8245,86,21,3,0.0,0.0,0.0,0.0,0.43936213850975037,False,False,0.0,0.0,0.0,[],0.0,0.0,0,0.0,0,1.8749999810552254e-06
aco_current,10,8245,86,21,4,0.0,0.0,0.0,0.0,0.20313307642936707,False,False,0.0,0.0,0.0,[],0.0,0.0,0,0.0,0,1.8749999810552254e-06
aco_current,10,8246,86,21,1,0.0,138.0,138.0,0.69,0.3780190050601959,False,False,0.0,138.0,0.0,[],0.0,0.0,0,0.0,0,2.083999987689822e-06
aco_current,10,8246,86,21,2,0.0,0.0,0.0,0.0,0.09907747060060501,False,False,0.0,0.0,0.0,[],0.0,0.0,0,0.0,0,2.083999987689822e-06
aco_current,10,8246,86,21,3,0.0,0.0,0.0,0.0,0.43936213850975037,False,False,0.0,0.0,0.0,[],0.0,0.0,0,0.0,0,2.083999987689822e-06
aco_current,10,8246,86,21,4,0.0,0.0,0.0,0.0,0.20313307642936707,False,False,0.0,0.0,0.0,[],0.0,0.0,0,0.0,0,2.083999987689822e-06
aco_current,10,8247,86,21,1,0.0,138.0,138.0,0.69,0.3780190050601959,False,False,0.0,138.0,0.0,[],0.0,0.0,0,0.0,0,2.1670000194262684e-06
aco_current,10,8247,86,21,2,0.0,0.0,0.0,0.0,0.09907747060060501,False,False,0.0,0.0,0.0,[],0.0,0.0,0,0.0,0,2.1670000194262684e-06
aco_current,10,8247,86,21,3,0.0,0.0,0.0,0.0,0.43936213850975037,False,False,0.0,0.0,0.0,[],0.0,0.0,0,0.0,0,2.1670000194262684e-06
aco_current,10,8247,86,21,4,0.0,0.0,0.0,0.0,0.20313307642936707,False,False,0.0,0.0,0.0,[],0.0,0.0,0,0.0,0,2.1670000194262684e-06
aco_current,10,8248,86,22,1,0.0,138.0,138.0,0.69,0.3780190050601959,False,False,0.0,138.0,0.0,[],0.0,0.0,0,0.0,0,1.9590000022162712e-06
aco_current,10,8248,86,22,2,0.0,0.0,0.0,0.0,0.09907747060060501,False,False,0.0,0.0,0.0,[],0.0,0.0,0,0.0,0,1.9590000022162712e-06
aco_current,10,8248,86,22,3,0.0,0.0,0.0,0.0,0.43936213850975037,False,False,0.0,0.0,0.0,[],0.0,0.0,0,0.0,0,1.9590000022162712e-06
aco_current,10,8248,86,22,4,0.0,0.0,0.0,0.0,0.20313307642936707,False,False,0.0,0.0,0.0,[],0.0,0.0,0,0.0,0,1.9590000022162712e-06
aco_current,10,8249,86,22,1,0.0,138.0,138.0,0.69,0.3780190050601959,False,False,0.0,138.0,0.0,[],0.0,0.0,0,0.0,0,2.1660000015799596e-06
aco_current,10,8249,86,22,2,0.0,0.0,0.0,0.0,0.09907747060060501,False,False,0.0,0.0,0.0,[],0.0,0.0,0,0.0,0,2.1660000015799596e-06
aco_current,10,8249,86,22,3,0.0,0.0,0.0,0.0,0.43936213850975037,False,False,0.0,0.0,0.0,[],0.0,0.0,0,0.0,0,2.1660000015799596e-06
aco_current,10,8249,86,22,4,0.0,0.0,0.0,0.0,0.20313307642936707,False,False,0.0,0.0,0.0,[],0.0,0.0,0,0.0,0,2.1660000015799596e-06
aco_current,10,8250,86,22,1,0.0,138.0,138.0,0.69,0.3780190050601959,False,False,0.0,138.0,0.0,[],0.0,0.0,0,0.0,0,2.5410000148440304e-06
aco_current,10,8250,86,22,2,0.0,0.0,0.0,0.0,0.09907747060060501,False,False,0.0,0.0,0.0,[],0.0,0.0,0,0.0,0,2.5410000148440304e-06
aco_current,10,8250,86,22,3,0.0,0.0,0.0,0.0,0.43936213850975037,False,False,0.0,0.0,0.0,[],0.0,0.0,0,0.0,0,2.5410000148440304e-06
aco_current,10,8250,86,22,4,0.0,0.0,0.0,0.0,0.20313307642936707,False,False,0.0,0.0,0.0,[],0.0,0.0,0,0.0,0,2.5410000148440304e-06
aco_current,10,8251,86,22,1,0.0,138.0,138.0,0.69,0.3780190050601959,False,False,0.0,138.0,0.0,[],0.0,0.0,0,0.0,0,1.9170000200574577e-06
aco_current,10,8251,86,22,2,0.0,0.0,0.0,0.0,0.09907747060060501,False,False,0.0,0.0,0.0,[],0.0,0.0,0,0.0,0,1.9170000200574577e-06
aco_current,10,8251,86,22,3,0.0,0.0,0.0,0.0,0.43936213850975037,False,False,0.0,0.0,0.0,[],0.0,0.0,0,0.0,0,1.9170000200574577e-06
aco_current,10,8251,86,22,4,0.0,0.0,0.0,0.0,0.20313307642936707,False,False,0.0,0.0,0.0,[],0.0,0.0,0,0.0,0,1.9170000200574577e-06
aco_current,10,8252,86,23,1,0.0,138.0,138.0,0.69,0.3780190050601959,False,False,0.0,138.0,0.0,[],0.0,0.0,0,0.0,0,2.7920000036374404e-06
aco_current,10,8252,86,23,2,0.0,0.0,0.0,0.0,0.09907747060060501,False,False,0.0,0.0,0.0,[],0.0,0.0,0,0.0,0,2.7920000036374404e-06
aco_current,10,8252,86,23,3,0.0,0.0,0.0,0.0,0.43936213850975037,False,False,0.0,0.0,0.0,[],0.0,0.0,0,0.0,0,2.7920000036374404e-06
aco_current,10,8252,86,23,4,0.0,0.0,0.0,0.0,0.20313307642936707,False,False,0.0,0.0,0.0,[],0.0,0.0,0,0.0,0,2.7920000036374404e-06
aco_current,10,8253,86,23,1,0.0,138.0,138.0,0.69,0.3780190050601959,False,False,0.0,138.0,0.0,[],0.0,0.0,0,0.0,0,1.916000002211149e-06
aco_current,10,8253,86,23,2,0.0,0.0,0.0,0.0,0.09907747060060501,False,False,0.0,0.0,0.0,[],0.0,0.0,0,0.0,0,1.916000002211149e-06
aco_current,10,8253,86,23,3,0.0,0.0,0.0,0.0,0.43936213850975037,False,False,0.0,0.0,0.0,[],0.0,0.0,0,0.0,0,1.916000002211149e-06
aco_current,10,8253,86,23,4,0.0,0.0,0.0,0.0,0.20313307642936707,False,False,0.0,0.0,0.0,[],0.0,0.0,0,0.0,0,1.916000002211149e-06
aco_current,10,8254,86,23,1,0.0,138.0,138.0,0.69,0.3780190050601959,False,False,0.0,138.0,0.0,[],0.0,0.0,0,0.0,0,2.0420000055310084e-06
aco_current,10,8254,86,23,2,0.0,0.0,0.0,0.0,0.09907747060060501,False,False,0.0,0.0,0.0,[],0.0,0.0,0,0.0,0,2.0420000055310084e-06
aco_current,10,8254,86,23,3,0.0,0.0,0.0,0.0,0.43936213850975037,False,False,0.0,0.0,0.0,[],0.0,0.0,0,0.0,0,2.0420000055310084e-06
aco_current,10,8254,86,23,4,0.0,0.0,0.0,0.0,0.20313307642936707,False,False,0.0,0.0,0.0,[],0.0,0.0,0,0.0,0,2.0420000055310084e-06
aco_current,10,8255,86,23,1,0.0,138.0,138.0,0.69,0.3780190050601959,False,False,0.0,138.0,0.0,[],0.0,0.0,0,0.0,0,2.500000022109816e-06
aco_current,10,8255,86,23,2,0.0,0.0,0.0,0.0,0.09907747060060501,False,False,0.0,0.0,0.0,[],0.0,0.0,0,0.0,0,2.500000022109816e-06
aco_current,10,8255,86,23,3,0.0,0.0,0.0,0.0,0.43936213850975037,False,False,0.0,0.0,0.0,[],0.0,0.0,0,0.0,0,2.500000022109816e-06
aco_current,10,8255,86,23,4,0.0,0.0,0.0,0.0,0.20313307642936707,False,False,0.0,0.0,0.0,[],0.0,0.0,0,0.0,0,2.500000022109816e-06
aco_current,10,8256,87,0,1,30.0,138.0,168.0,0.84,0.9999995827674866,True,True,30.0,138.0,0.0,[1],10.0,10.0,1,10.0,0,0.009984500000001617
aco_current,10,8256,87,0,2,0.0,0.0,0.0,0.0,0.09907747060060501,False,False,0.0,0.0,0.0,[],10.0,10.0,1,10.0,0,0.009984500000001617
aco_current,10,8256,87,0,3,0.0,0.0,0.0,0.0,0.43936213850975037,False,False,0.0,0.0,0.0,[],10.0,10.0,1,10.0,0,0.009984500000001617
aco_current,10,8256,87,0,4,0.0,0.0,0.0,0.0,0.20313307642936707,False,False,0.0,0.0,0.0,[],10.0,10.0,1,10.0,0,0.009984500000001617
aco_current,10,8257,87,0,1,61.0,138.0,199.0,0.995,1.0,True,True,30.0,169.0,0.0,[1],10.0,10.0,1,10.0,0,0.010090459000025476
aco_current,10,8257,87,0,2,0.0,0.0,0.0,0.0,0.09907747060060501,False,False,0.0,0.0,0.0,[],10.0,10.0,1,10.0,0,0.010090459000025476
aco_current,10,8257,87,0,3,0.0,0.0,0.0,0.0,0.43936213850975037,False,False,0.0,0.0,0.0,[],10.0,10.0,1,10.0,0,0.010090459000025476
aco_current,10,8257,87,0,4,0.0,0.0,0.0,0.0,0.20313307642936707,False,False,0.0,0.0,0.0,[],10.0,10.0,1,10.0,0,0.010090459000025476
aco_current,10,8258,87,0,1,87.0,169.0,256.0,1.28,1.0,True,True,30.0,200.0,26.0,[1],10.0,10.0,1,10.0,0,0.009976499999993393
aco_current,10,8258,87,0,2,0.0,0.0,0.0,0.0,0.09907747060060501,False,False,0.0,0.0,0.0,[],10.0,10.0,1,10.0,0,0.009976499999993393
aco_current,10,8258,87,0,3,0.0,0.0,0.0,0.0,0.43936213850975037,False,False,0.0,0.0,0.0,[],10.0,10.0,1,10.0,0,0.009976499999993393
aco_current,10,8258,87,0,4,0.0,0.0,0.0,0.0,0.20313307642936707,False,False,0.0,0.0,0.0,[],10.0,10.0,1,10.0,0,0.009976499999993393
aco_current,10,8259,87,0,1,91.0,200.0,291.0,1.455,1.0,True,True,30.0,200.0,61.0,[1],10.0,10.0,1,10.0,0,0.009651500000018132
aco_current,10,8259,87,0,2,0.0,0.0,0.0,0.0,0.09907747060060501,False,False,0.0,0.0,0.0,[],10.0,10.0,1,10.0,0,0.009651500000018132
aco_current,10,8259,87,0,3,0.0,0.0,0.0,0.0,0.43936213850975037,False,False,0.0,0.0,0.0,[],10.0,10.0,1,10.0,0,0.009651500000018132
aco_current,10,8259,87,0,4,0.0,0.0,0.0,0.0,0.20313307642936707,False,False,0.0,0.0,0.0,[],10.0,10.0,1,10.0,0,0.009651500000018132
aco_current,10,8260,87,1,1,96.0,200.0,296.0,1.48,1.0,True,True,30.0,200.0,66.0,[1],10.0,10.0,1,10.0,0,0.009746624999991127
aco_current,10,8260,87,1,2,0.0,0.0,0.0,0.0,0.09907747060060501,False,False,0.0,0.0,0.0,[],10.0,10.0,1,10.0,0,0.009746624999991127
aco_current,10,8260,87,1,3,0.0,0.0,0.0,0.0,0.43936213850975037,False,False,0.0,0.0,0.0,[],10.0,10.0,1,10.0,0,0.009746624999991127
aco_current,10,8260,87,1,4,0.0,0.0,0.0,0.0,0.20313307642936707,False,False,0.0,0.0,0.0,[],10.0,10.0,1,10.0,0,0.009746624999991127
aco_current,10,8261,87,1,1,92.0,200.0,292.0,1.46,1.0,True,True,30.0,200.0,62.0,[1],10.0,10.0,1,10.0,0,0.00955625000000282
aco_current,10,8261,87,1,2,0.0,0.0,0.0,0.0,0.09907747060060501,False,False,0.0,0.0,0.0,[],10.0,10.0,1,10.0,0,0.00955625000000282
aco_current,10,8261,87,1,3,0.0,0.0,0.0,0.0,0.43936213850975037,False,False,0.0,0.0,0.0,[],10.0,10.0,1,10.0,0,0.00955625000000282
aco_current,10,8261,87,1,4,0.0,0.0,0.0,0.0,0.20313307642936707,False,False,0.0,0.0,0.0,[],10.0,10.0,1,10.0,0,0.00955625000000282
aco_current,10,8262,87,1,1,98.0,200.0,298.0,1.49,1.0,True,True,30.0,200.0,68.0,[1],10.0,10.0,1,10.0,0,0.010092583999977478
aco_current,10,8262,87,1,2,0.0,0.0,0.0,0.0,0.09907747060060501,False,False,0.0,0.0,0.0,[],10.0,10.0,1,10.0,0,0.010092583999977478
aco_current,10,8262,87,1,3,0.0,0.0,0.0,0.0,0.43936213850975037,False,False,0.0,0.0,0.0,[],10.0,10.0,1,10.0,0,0.010092583999977478
aco_current,10,8262,87,1,4,0.0,0.0,0.0,0.0,0.20313307642936707,False,False,0.0,0.0,0.0,[],10.0,10.0,1,10.0,0,0.010092583999977478
aco_current,10,8263,87,1,1,93.0,200.0,293.0,1.465,1.0,True,True,30.0,200.0,63.0,[1],10.0,10.0,1,10.0,0,0.009533832999977676
aco_current,10,8263,87,1,2,0.0,0.0,0.0,0.0,0.09907747060060501,False,False,0.0,0.0,0.0,[],10.0,10.0,1,10.0,0,0.009533832999977676
aco_current,10,8263,87,1,3,0.0,0.0,0.0,0.0,0.43936213850975037,False,False,0.0,0.0,0.0,[],10.0,10.0,1,10.0,0,0.009533832999977676
aco_current,10,8263,87,1,4,0.0,0.0,0.0,0.0,0.20313307642936707,False,False,0.0,0.0,0.0,[],10.0,10.0,1,10.0,0,0.009533832999977676
aco_current,10,8264,87,2,1,95.0,200.0,295.0,1.475,1.0,True,True,30.0,200.0,65.0,[1],10.0,10.0,1,10.0,0,0.009944582999992235
aco_current,10,8264,87,2,2,0.0,0.0,0.0,0.0,0.09907747060060501,False,False,0.0,0.0,0.0,[],10.0,10.0,1,10.0,0,0.009944582999992235
aco_current,10,8264,87,2,3,0.0,0.0,0.0,0.0,0.43936213850975037,False,False,0.0,0.0,0.0,[],10.0,10.0,1,10.0,0,0.009944582999992235
aco_current,10,8264,87,2,4,0.0,0.0,0.0,0.0,0.20313307642936707,False,False,0.0,0.0,0.0,[],10.0,10.0,1,10.0,0,0.009944582999992235
aco_current,10,8265,87,2,1,99.0,200.0,299.0,1.495,1.0,True,True,30.0,200.0,69.0,[1],10.0,10.0,1,10.0,0,0.009569624999983262
aco_current,10,8265,87,2,2,0.0,0.0,0.0,0.0,0.09907747060060501,False,False,0.0,0.0,0.0,[],10.0,10.0,1,10.0,0,0.009569624999983262
aco_current,10,8265,87,2,3,0.0,0.0,0.0,0.0,0.43936213850975037,False,False,0.0,0.0,0.0,[],10.0,10.0,1,10.0,0,0.009569624999983262
aco_current,10,8265,87,2,4,0.0,0.0,0.0,0.0,0.20313307642936707,False,False,0.0,0.0,0.0,[],10.0,10.0,1,10.0,0,0.009569624999983262
aco_current,10,8266,87,2,1,99.0,200.0,299.0,1.495,1.0,True,True,30.0,200.0,69.0,[1],10.0,10.0,1,10.0,0,0.00987529200000381
aco_current,10,8266,87,2,2,0.0,0.0,0.0,0.0,0.09907747060060501,False,False,0.0,0.0,0.0,[],10.0,10.0,1,10.0,0,0.00987529200000381
aco_current,10,8266,87,2,3,0.0,0.0,0.0,0.0,0.43936213850975037,False,False,0.0,0.0,0.0,[],10.0,10.0,1,10.0,0,0.00987529200000381
aco_current,10,8266,87,2,4,0.0,0.0,0.0,0.0,0.20313307642936707,False,False,0.0,0.0,0.0,[],10.0,10.0,1,10.0,0,0.00987529200000381
aco_current,10,8267,87,2,1,97.0,200.0,297.0,1.485,1.0,True,True,30.0,200.0,67.0,[1],10.0,10.0,1,10.0,0,0.009745917000003601
aco_current,10,8267,87,2,2,0.0,0.0,0.0,0.0,0.09907747060060501,False,False,0.0,0.0,0.0,[],10.0,10.0,1,10.0,0,0.009745917000003601
aco_current,10,8267,87,2,3,0.0,0.0,0.0,0.0,0.43936213850975037,False,False,0.0,0.0,0.0,[],10.0,10.0,1,10.0,0,0.009745917000003601
aco_current,10,8267,87,2,4,0.0,0.0,0.0,0.0,0.20313307642936707,False,False,0.0,0.0,0.0,[],10.0,10.0,1,10.0,0,0.009745917000003601
aco_current,10,8268,87,3,1,97.0,200.0,297.0,1.485,1.0,True,True,30.0,200.0,67.0,[1],10.0,10.0,1,10.0,0,0.00990575000000149
aco_current,10,8268,87,3,2,0.0,0.0,0.0,0.0,0.09907747060060501,False,False,0.0,0.0,0.0,[],10.0,10.0,1,10.0,0,0.00990575000000149
aco_current,10,8268,87,3,3,0.0,0.0,0.0,0.0,0.43936213850975037,False,False,0.0,0.0,0.0,[],10.0,10.0,1,10.0,0,0.00990575000000149
aco_current,10,8268,87,3,4,0.0,0.0,0.0,0.0,0.20313307642936707,False,False,0.0,0.0,0.0,[],10.0,10.0,1,10.0,0,0.00990575000000149
aco_current,10,8269,87,3,1,99.0,200.0,299.0,1.495,1.0,True,True,30.0,200.0,69.0,[1],10.0,10.0,1,10.0,0,0.009678124999993543
aco_current,10,8269,87,3,2,0.0,0.0,0.0,0.0,0.09907747060060501,False,False,0.0,0.0,0.0,[],10.0,10.0,1,10.0,0,0.009678124999993543
aco_current,10,8269,87,3,3,0.0,0.0,0.0,0.0,0.43936213850975037,False,False,0.0,0.0,0.0,[],10.0,10.0,1,10.0,0,0.009678124999993543
aco_current,10,8269,87,3,4,0.0,0.0,0.0,0.0,0.20313307642936707,False,False,0.0,0.0,0.0,[],10.0,10.0,1,10.0,0,0.009678124999993543
aco_current,10,8270,87,3,1,97.0,200.0,297.0,1.485,1.0,True,True,30.0,200.0,67.0,[1],10.0,10.0,1,10.0,0,0.010028582999979108
aco_current,10,8270,87,3,2,0.0,0.0,0.0,0.0,0.09907747060060501,False,False,0.0,0.0,0.0,[],10.0,10.0,1,10.0,0,0.010028582999979108
aco_current,10,8270,87,3,3,0.0,0.0,0.0,0.0,0.43936213850975037,False,False,0.0,0.0,0.0,[],10.0,10.0,1,10.0,0,0.010028582999979108
aco_current,10,8270,87,3,4,0.0,0.0,0.0,0.0,0.20313307642936707,False,False,0.0,0.0,0.0,[],10.0,10.0,1,10.0,0,0.010028582999979108
aco_current,10,8271,87,3,1,90.0,200.0,290.0,1.45,1.0,True,True,30.0,200.0,60.0,[1],10.0,10.0,1,10.0,0,0.009759500000001253
aco_current,10,8271,87,3,2,0.0,0.0,0.0,0.0,0.09907747060060501,False,False,0.0,0.0,0.0,[],10.0,10.0,1,10.0,0,0.009759500000001253
aco_current,10,8271,87,3,3,0.0,0.0,0.0,0.0,0.43936213850975037,False,False,0.0,0.0,0.0,[],10.0,10.0,1,10.0,0,0.009759500000001253
aco_current,10,8271,87,3,4,0.0,0.0,0.0,0.0,0.20313307642936707,False,False,0.0,0.0,0.0,[],10.0,10.0,1,10.0,0,0.009759500000001253
aco_current,10,8272,87,4,1,82.0,200.0,282.0,1.41,1.0,True,True,30.0,200.0,52.0,[1],10.0,10.0,1,10.0,0,0.009692250000000513
aco_current,10,8272,87,4,2,0.0,0.0,0.0,0.0,0.09907747060060501,False,False,0.0,0.0,0.0,[],10.0,10.0,1,10.0,0,0.009692250000000513
aco_current,10,8272,87,4,3,0.0,0.0,0.0,0.0,0.43936213850975037,False,False,0.0,0.0,0.0,[],10.0,10.0,1,10.0,0,0.009692250000000513
aco_current,10,8272,87,4,4,0.0,0.0,0.0,0.0,0.20313307642936707,False,False,0.0,0.0,0.0,[],10.0,10.0,1,10.0,0,0.009692250000000513
aco_current,10,8273,87,4,1,77.0,200.0,277.0,1.385,1.0,True,True,30.0,200.0,47.0,[1],10.0,10.0,1,10.0,0,0.009807499999993752
aco_current,10,8273,87,4,2,0.0,0.0,0.0,0.0,0.09907747060060501,False,False,0.0,0.0,0.0,[],10.0,10.0,1,10.0,0,0.009807499999993752
aco_current,10,8273,87,4,3,0.0,0.0,0.0,0.0,0.43936213850975037,False,False,0.0,0.0,0.0,[],10.0,10.0,1,10.0,0,0.009807499999993752
aco_current,10,8273,87,4,4,0.0,0.0,0.0,0.0,0.20313307642936707,False,False,0.0,0.0,0.0,[],10.0,10.0,1,10.0,0,0.009807499999993752
aco_current,10,8274,87,4,1,63.0,200.0,263.0,1.315,1.0,True,True,30.0,200.0,33.0,[1],10.0,10.0,1,10.0,0,0.009757207999996353
aco_current,10,8274,87,4,2,0.0,0.0,0.0,0.0,0.09907747060060501,False,False,0.0,0.0,0.0,[],10.0,10.0,1,10.0,0,0.009757207999996353
aco_current,10,8274,87,4,3,0.0,0.0,0.0,0.0,0.43936213850975037,False,False,0.0,0.0,0.0,[],10.0,10.0,1,10.0,0,0.009757207999996353
aco_current,10,8274,87,4,4,0.0,0.0,0.0,0.0,0.20313307642936707,False,False,0.0,0.0,0.0,[],10.0,10.0,1,10.0,0,0.009757207999996353
aco_current,10,8275,87,4,1,59.0,200.0,259.0,1.295,1.0,True,True,30.0,200.0,29.0,[1],10.0,10.0,1,10.0,0,0.009709000000015067
aco_current,10,8275,87,4,2,0.0,0.0,0.0,0.0,0.09907747060060501,False,False,0.0,0.0,0.0,[],10.0,10.0,1,10.0,0,0.009709000000015067
aco_current,10,8275,87,4,3,0.0,0.0,0.0,0.0,0.43936213850975037,False,False,0.0,0.0,0.0,[],10.0,10.0,1,10.0,0,0.009709000000015067
aco_current,10,8275,87,4,4,0.0,0.0,0.0,0.0,0.20313307642936707,False,False,0.0,0.0,0.0,[],10.0,10.0,1,10.0,0,0.009709000000015067
aco_current,10,8276,87,5,1,55.0,200.0,255.0,1.275,1.0,True,True,30.0,200.0,25.0,[1],10.0,10.0,1,10.0,0,0.009848792000013873
aco_current,10,8276,87,5,2,0.0,0.0,0.0,0.0,0.09907747060060501,False,False,0.0,0.0,0.0,[],10.0,10.0,1,10.0,0,0.009848792000013873
aco_current,10,8276,87,5,3,0.0,0.0,0.0,0.0,0.43936213850975037,False,False,0.0,0.0,0.0,[],10.0,10.0,1,10.0,0,0.009848792000013873
aco_current,10,8276,87,5,4,0.0,0.0,0.0,0.0,0.20313307642936707,False,False,0.0,0.0,0.0,[],10.0,10.0,1,10.0,0,0.009848792000013873
aco_current,10,8277,87,5,1,55.0,200.0,255.0,1.275,1.0,True,True,30.0,200.0,25.0,[1],10.0,10.0,1,10.0,0,0.009667250000006788
aco_current,10,8277,87,5,2,0.0,0.0,0.0,0.0,0.09907747060060501,False,False,0.0,0.0,0.0,[],10.0,10.0,1,10.0,0,0.009667250000006788
aco_current,10,8277,87,5,3,0.0,0.0,0.0,0.0,0.43936213850975037,False,False,0.0,0.0,0.0,[],10.0,10.0,1,10.0,0,0.009667250000006788
aco_current,10,8277,87,5,4,0.0,0.0,0.0,0.0,0.20313307642936707,False,False,0.0,0.0,0.0,[],10.0,10.0,1,10.0,0,0.009667250000006788
aco_current,10,8278,87,5,1,44.0,200.0,244.0,1.22,1.0,True,True,30.0,200.0,14.0,[1],10.0,10.0,1,10.0,0,0.009984750000000986
aco_current,10,8278,87,5,2,0.0,0.0,0.0,0.0,0.09907747060060501,False,False,0.0,0.0,0.0,[],10.0,10.0,1,10.0,0,0.009984750000000986
aco_current,10,8278,87,5,3,0.0,0.0,0.0,0.0,0.43936213850975037,False,False,0.0,0.0,0.0,[],10.0,10.0,1,10.0,0,0.009984750000000986
aco_current,10,8278,87,5,4,0.0,0.0,0.0,0.0,0.20313307642936707,False,False,0.0,0.0,0.0,[],10.0,10.0,1,10.0,0,0.009984750000000986
aco_current,10,8279,87,5,1,45.0,200.0,245.0,1.225,1.0,True,True,30.0,200.0,15.0,[1],10.0,10.0,1,10.0,0,0.009818417000019508
aco_current,10,8279,87,5,2,0.0,0.0,0.0,0.0,0.09907747060060501,False,False,0.0,0.0,0.0,[],10.0,10.0,1,10.0,0,0.009818417000019508
aco_current,10,8279,87,5,3,0.0,0.0,0.0,0.0,0.43936213850975037,False,False,0.0,0.0,0.0,[],10.0,10.0,1,10.0,0,0.009818417000019508
aco_current,10,8279,87,5,4,0.0,0.0,0.0,0.0,0.20313307642936707,False,False,0.0,0.0,0.0,[],10.0,10.0,1,10.0,0,0.009818417000019508
aco_current,10,8280,87,6,1,44.0,200.0,244.0,1.22,1.0,True,True,30.0,200.0,14.0,[1],10.0,10.0,1,10.0,0,0.009659249999998565
aco_current,10,8280,87,6,2,0.0,0.0,0.0,0.0,0.09907747060060501,False,False,0.0,0.0,0.0,[],10.0,10.0,1,10.0,0,0.009659249999998565
aco_current,10,8280,87,6,3,0.0,0.0,0.0,0.0,0.43936213850975037,False,False,0.0,0.0,0.0,[],10.0,10.0,1,10.0,0,0.009659249999998565
aco_current,10,8280,87,6,4,0.0,0.0,0.0,0.0,0.20313307642936707,False,False,0.0,0.0,0.0,[],10.0,10.0,1,10.0,0,0.009659249999998565
aco_current,10,8281,87,6,1,45.0,200.0,245.0,1.225,1.0,True,True,30.0,200.0,15.0,[1],10.0,10.0,1,10.0,0,0.009571666999988793
aco_current,10,8281,87,6,2,0.0,0.0,0.0,0.0,0.09907747060060501,False,False,0.0,0.0,0.0,[],10.0,10.0,1,10.0,0,0.009571666999988793
aco_current,10,8281,87,6,3,0.0,0.0,0.0,0.0,0.43936213850975037,False,False,0.0,0.0,0.0,[],10.0,10.0,1,10.0,0,0.009571666999988793
aco_current,10,8281,87,6,4,0.0,0.0,0.0,0.0,0.20313307642936707,False,False,0.0,0.0,0.0,[],10.0,10.0,1,10.0,0,0.009571666999988793
aco_current,10,8282,87,6,1,45.0,200.0,245.0,1.225,1.0,True,True,30.0,200.0,15.0,[1],10.0,10.0,1,10.0,0,0.009651333000022078
aco_current,10,8282,87,6,2,0.0,0.0,0.0,0.0,0.09907747060060501,False,False,0.0,0.0,0.0,[],10.0,10.0,1,10.0,0,0.009651333000022078
aco_current,10,8282,87,6,3,0.0,0.0,0.0,0.0,0.43936213850975037,False,False,0.0,0.0,0.0,[],10.0,10.0,1,10.0,0,0.009651333000022078
aco_current,10,8282,87,6,4,0.0,0.0,0.0,0.0,0.20313307642936707,False,False,0.0,0.0,0.0,[],10.0,10.0,1,10.0,0,0.009651333000022078
aco_current,10,8283,87,6,1,44.0,200.0,244.0,1.22,1.0,True,True,30.0,200.0,14.0,[1],10.0,10.0,1,10.0,0,0.009850583000002189
aco_current,10,8283,87,6,2,0.0,0.0,0.0,0.0,0.09907747060060501,False,False,0.0,0.0,0.0,[],10.0,10.0,1,10.0,0,0.009850583000002189
aco_current,10,8283,87,6,3,0.0,0.0,0.0,0.0,0.43936213850975037,False,False,0.0,0.0,0.0,[],10.0,10.0,1,10.0,0,0.009850583000002189
aco_current,10,8283,87,6,4,0.0,0.0,0.0,0.0,0.20313307642936707,False,False,0.0,0.0,0.0,[],10.0,10.0,1,10.0,0,0.009850583000002189
aco_current,10,8284,87,7,1,45.0,200.0,245.0,1.225,1.0,True,True,30.0,200.0,15.0,[1],10.0,10.0,1,10.0,0,0.009815916999997398
aco_current,10,8284,87,7,2,0.0,0.0,0.0,0.0,0.09907747060060501,False,False,0.0,0.0,0.0,[],10.0,10.0,1,10.0,0,0.009815916999997398
aco_current,10,8284,87,7,3,0.0,0.0,0.0,0.0,0.43936213850975037,False,False,0.0,0.0,0.0,[],10.0,10.0,1,10.0,0,0.009815916999997398
aco_current,10,8284,87,7,4,0.0,0.0,0.0,0.0,0.20313307642936707,False,False,0.0,0.0,0.0,[],10.0,10.0,1,10.0,0,0.009815916999997398
aco_current,10,8285,87,7,1,45.0,200.0,245.0,1.225,1.0,True,True,30.0,200.0,15.0,[1],10.0,10.0,1,10.0,0,0.009876125000005231
aco_current,10,8285,87,7,2,0.0,0.0,0.0,0.0,0.09907747060060501,False,False,0.0,0.0,0.0,[],10.0,10.0,1,10.0,0,0.009876125000005231
aco_current,10,8285,87,7,3,0.0,0.0,0.0,0.0,0.43936213850975037,False,False,0.0,0.0,0.0,[],10.0,10.0,1,10.0,0,0.009876125000005231
aco_current,10,8285,87,7,4,0.0,0.0,0.0,0.0,0.20313307642936707,False,False,0.0,0.0,0.0,[],10.0,10.0,1,10.0,0,0.009876125000005231
aco_current,10,8286,87,7,1,44.0,200.0,244.0,1.22,1.0,True,True,30.0,200.0,14.0,[1],10.0,10.0,1,10.0,0,0.009554540999999972
aco_current,10,8286,87,7,2,0.0,0.0,0.0,0.0,0.09907747060060501,False,False,0.0,0.0,0.0,[],10.0,10.0,1,10.0,0,0.009554540999999972
aco_current,10,8286,87,7,3,0.0,0.0,0.0,0.0,0.43936213850975037,False,False,0.0,0.0,0.0,[],10.0,10.0,1,10.0,0,0.009554540999999972
aco_current,10,8286,87,7,4,0.0,0.0,0.0,0.0,0.20313307642936707,False,False,0.0,0.0,0.0,[],10.0,10.0,1,10.0,0,0.009554540999999972
aco_current,10,8287,87,7,1,45.0,200.0,245.0,1.225,1.0,True,True,30.0,200.0,15.0,[1],10.0,10.0,1,10.0,0,0.009854125000003933
aco_current,10,8287,87,7,2,0.0,0.0,0.0,0.0,0.09907747060060501,False,False,0.0,0.0,0.0,[],10.0,10.0,1,10.0,0,0.009854125000003933
aco_current,10,8287,87,7,3,0.0,0.0,0.0,0.0,0.43936213850975037,False,False,0.0,0.0,0.0,[],10.0,10.0,1,10.0,0,0.009854125000003933
aco_current,10,8287,87,7,4,0.0,0.0,0.0,0.0,0.20313307642936707,False,False,0.0,0.0,0.0,[],10.0,10.0,1,10.0,0,0.009854125000003933
aco_current,10,8288,87,8,1,45.0,200.0,245.0,1.225,1.0,True,True,30.0,200.0,15.0,[1],10.0,10.0,1,10.0,0,0.009718542000001662
aco_current,10,8288,87,8,2,0.0,0.0,0.0,0.0,0.09907747060060501,False,False,0.0,0.0,0.0,[],10.0,10.0,1,10.0,0,0.009718542000001662
aco_current,10,8288,87,8,3,0.0,0.0,0.0,0.0,0.43936213850975037,False,False,0.0,0.0,0.0,[],10.0,10.0,1,10.0,0,0.009718542000001662
aco_current,10,8288,87,8,4,0.0,0.0,0.0,0.0,0.20313307642936707,False,False,0.0,0.0,0.0,[],10.0,10.0,1,10.0,0,0.009718542000001662
aco_current,10,8289,87,8,1,38.0,200.0,238.0,1.19,1.0,True,True,30.0,200.0,8.0,[1],10.0,10.0,1,10.0,0,0.009746791999987181
aco_current,10,8289,87,8,2,0.0,0.0,0.0,0.0,0.09907747060060501,False,False,0.0,0.0,0.0,[],10.0,10.0,1,10.0,0,0.009746791999987181
aco_current,10,8289,87,8,3,0.0,0.0,0.0,0.0,0.43936213850975037,False,False,0.0,0.0,0.0,[],10.0,10.0,1,10.0,0,0.009746791999987181
aco_current,10,8289,87,8,4,0.0,0.0,0.0,0.0,0.20313307642936707,False,False,0.0,0.0,0.0,[],10.0,10.0,1,10.0,0,0.009746791999987181
aco_current,10,8290,87,8,1,36.0,200.0,236.0,1.18,1.0,True,True,30.0,200.0,6.0,[1],10.0,10.0,1,10.0,0,0.00962566600000514
aco_current,10,8290,87,8,2,0.0,0.0,0.0,0.0,0.09907747060060501,False,False,0.0,0.0,0.0,[],10.0,10.0,1,10.0,0,0.00962566600000514
aco_current,10,8290,87,8,3,0.0,0.0,0.0,0.0,0.43936213850975037,False,False,0.0,0.0,0.0,[],10.0,10.0,1,10.0,0,0.00962566600000514
aco_current,10,8290,87,8,4,0.0,0.0,0.0,0.0,0.20313307642936707,False,False,0.0,0.0,0.0,[],10.0,10.0,1,10.0,0,0.00962566600000514
aco_current,10,8291,87,8,1,28.0,200.0,228.0,1.14,1.0,True,True,30.0,198.0,0.0,[1],10.0,10.0,1,10.0,0,0.009869083000012324
aco_current,10,8291,87,8,2,0.0,0.0,0.0,0.0,0.09907747060060501,False,False,0.0,0.0,0.0,[],10.0,10.0,1,10.0,0,0.009869083000012324
aco_current,10,8291,87,8,3,0.0,0.0,0.0,0.0,0.43936213850975037,False,False,0.0,0.0,0.0,[],10.0,10.0,1,10.0,0,0.009869083000012324
aco_current,10,8291,87,8,4,0.0,0.0,0.0,0.0,0.20313307642936707,False,False,0.0,0.0,0.0,[],10.0,10.0,1,10.0,0,0.009869083000012324
aco_current,10,8292,87,9,1,25.0,198.0,223.0,1.115,1.0,True,True,30.0,193.0,0.0,[1],10.0,10.0,1,10.0,0,0.010152500000003783
aco_current,10,8292,87,9,2,0.0,0.0,0.0,0.0,0.09907747060060501,False,False,0.0,0.0,0.0,[],10.0,10.0,1,10.0,0,0.010152500000003783
aco_current,10,8292,87,9,3,0.0,0.0,0.0,0.0,0.43936213850975037,False,False,0.0,0.0,0.0,[],10.0,10.0,1,10.0,0,0.010152500000003783
aco_current,10,8292,87,9,4,0.0,0.0,0.0,0.0,0.20313307642936707,False,False,0.0,0.0,0.0,[],10.0,10.0,1,10.0,0,0.010152500000003783
aco_current,10,8293,87,9,1,18.0,193.0,211.0,1.055,1.0,True,True,30.0,181.0,0.0,[1],10.0,10.0,1,10.0,0,0.00971925000001761
aco_current,10,8293,87,9,2,0.0,0.0,0.0,0.0,0.09907747060060501,False,False,0.0,0.0,0.0,[],10.0,10.0,1,10.0,0,0.00971925000001761
aco_current,10,8293,87,9,3,0.0,0.0,0.0,0.0,0.43936213850975037,False,False,0.0,0.0,0.0,[],10.0,10.0,1,10.0,0,0.00971925000001761
aco_current,10,8293,87,9,4,0.0,0.0,0.0,0.0,0.20313307642936707,False,False,0.0,0.0,0.0,[],10.0,10.0,1,10.0,0,0.00971925000001761
aco_current,10,8294,87,9,1,17.0,181.0,198.0,0.99,1.0,True,True,30.0,168.0,0.0,[1],10.0,10.0,1,10.0,0,0.009677166999978226
aco_current,10,8294,87,9,2,0.0,0.0,0.0,0.0,0.09907747060060501,False,False,0.0,0.0,0.0,[],10.0,10.0,1,10.0,0,0.009677166999978226
aco_current,10,8294,87,9,3,0.0,0.0,0.0,0.0,0.43936213850975037,False,False,0.0,0.0,0.0,[],10.0,10.0,1,10.0,0,0.009677166999978226
aco_current,10,8294,87,9,4,0.0,0.0,0.0,0.0,0.20313307642936707,False,False,0.0,0.0,0.0,[],10.0,10.0,1,10.0,0,0.009677166999978226
aco_current,10,8295,87,9,1,16.0,168.0,184.0,0.92,0.9999995827674866,True,True,30.0,154.0,0.0,[1],10.0,10.0,1,10.0,0,0.009961124999989579
aco_current,10,8295,87,9,2,0.0,0.0,0.0,0.0,0.09907747060060501,False,False,0.0,0.0,0.0,[],10.0,10.0,1,10.0,0,0.009961124999989579
aco_current,10,8295,87,9,3,0.0,0.0,0.0,0.0,0.43936213850975037,False,False,0.0,0.0,0.0,[],10.0,10.0,1,10.0,0,0.009961124999989579
aco_current,10,8295,87,9,4,0.0,0.0,0.0,0.0,0.20313307642936707,False,False,0.0,0.0,0.0,[],10.0,10.0,1,10.0,0,0.009961124999989579
aco_current,10,8296,87,10,1,17.0,154.0,171.0,0.855,0.9999901652336121,True,True,30.0,141.0,0.0,[1],10.0,10.0,1,10.0,0,0.00984191700001702
aco_current,10,8296,87,10,2,0.0,0.0,0.0,0.0,0.09907747060060501,False,False,0.0,0.0,0.0,[],10.0,10.0,1,10.0,0,0.00984191700001702
aco_current,10,8296,87,10,3,0.0,0.0,0.0,0.0,0.43936213850975037,False,False,0.0,0.0,0.0,[],10.0,10.0,1,10.0,0,0.00984191700001702
aco_current,10,8296,87,10,4,0.0,0.0,0.0,0.0,0.20313307642936707,False,False,0.0,0.0,0.0,[],10.0,10.0,1,10.0,0,0.00984191700001702
aco_current,10,8297,87,10,1,17.0,141.0,158.0,0.79,0.9997219443321228,False,False,0.0,158.0,0.0,[],0.0,0.0,0,0.0,0,4.834000009168449e-06
aco_current,10,8297,87,10,2,0.0,0.0,0.0,0.0,0.09907747060060501,False,False,0.0,0.0,0.0,[],0.0,0.0,0,0.0,0,4.834000009168449e-06
aco_current,10,8297,87,10,3,0.0,0.0,0.0,0.0,0.43936213850975037,False,False,0.0,0.0,0.0,[],0.0,0.0,0,0.0,0,4.834000009168449e-06
aco_current,10,8297,87,10,4,0.0,0.0,0.0,0.0,0.20313307642936707,False,False,0.0,0.0,0.0,[],0.0,0.0,0,0.0,0,4.834000009168449e-06
aco_current,10,8298,87,10,1,18.0,158.0,176.0,0.88,0.999998152256012,True,True,30.0,146.0,0.0,[1],10.0,10.0,1,10.0,0,0.009921625000004042
aco_current,10,8298,87,10,2,0.0,0.0,0.0,0.0,0.09907747060060501,False,False,0.0,0.0,0.0,[],10.0,10.0,1,10.0,0,0.009921625000004042
aco_current,10,8298,87,10,3,0.0,0.0,0.0,0.0,0.43936213850975037,False,False,0.0,0.0,0.0,[],10.0,10.0,1,10.0,0,0.009921625000004042
aco_current,10,8298,87,10,4,0.0,0.0,0.0,0.0,0.20313307642936707,False,False,0.0,0.0,0.0,[],10.0,10.0,1,10.0,0,0.009921625000004042
aco_current,10,8299,87,10,1,17.0,146.0,163.0,0.815,0.9999223351478577,True,True,30.0,133.0,0.0,[1],10.0,10.0,1,10.0,0,0.009668124999990368
aco_current,10,8299,87,10,2,0.0,0.0,0.0,0.0,0.09907747060060501,False,False,0.0,0.0,0.0,[],10.0,10.0,1,10.0,0,0.009668124999990368
aco_current,10,8299,87,10,3,0.0,0.0,0.0,0.0,0.43936213850975037,False,False,0.0,0.0,0.0,[],10.0,10.0,1,10.0,0,0.009668124999990368
aco_current,10,8299,87,10,4,0.0,0.0,0.0,0.0,0.20313307642936707,False,False,0.0,0.0,0.0,[],10.0,10.0,1,10.0,0,0.009668124999990368
aco_current,10,8300,87,11,1,17.0,133.0,150.0,0.75,0.9988028407096863,False,False,0.0,150.0,0.0,[],0.0,0.0,0,0.0,0,3.042000003006251e-06
aco_current,10,8300,87,11,2,0.0,0.0,0.0,0.0,0.09907747060060501,False,False,0.0,0.0,0.0,[],0.0,0.0,0,0.0,0,3.042000003006251e-06
aco_current,10,8300,87,11,3,0.0,0.0,0.0,0.0,0.43936213850975037,False,False,0.0,0.0,0.0,[],0.0,0.0,0,0.0,0,3.042000003006251e-06
aco_current,10,8300,87,11,4,0.0,0.0,0.0,0.0,0.20313307642936707,False,False,0.0,0.0,0.0,[],0.0,0.0,0,0.0,0,3.042000003006251e-06
aco_current,10,8301,87,11,1,16.0,150.0,166.0,0.83,0.9999489784240723,True,True,30.0,136.0,0.0,[1],10.0,10.0,1,10.0,0,0.009852875000007089
aco_current,10,8301,87,11,2,0.0,0.0,0.0,0.0,0.09907747060060501,False,False,0.0,0.0,0.0,[],10.0,10.0,1,10.0,0,0.009852875000007089
aco_current,10,8301,87,11,3,0.0,0.0,0.0,0.0,0.43936213850975037,False,False,0.0,0.0,0.0,[],10.0,10.0,1,10.0,0,0.009852875000007089
aco_current,10,8301,87,11,4,0.0,0.0,0.0,0.0,0.20313307642936707,False,False,0.0,0.0,0.0,[],10.0,10.0,1,10.0,0,0.009852875000007089
aco_current,10,8302,87,11,1,17.0,136.0,153.0,0.765,0.9992112517356873,False,False,0.0,153.0,0.0,[],0.0,0.0,0,0.0,0,2.8750000069521775e-06
aco_current,10,8302,87,11,2,0.0,0.0,0.0,0.0,0.09907747060060501,False,False,0.0,0.0,0.0,[],0.0,0.0,0,0.0,0,2.8750000069521775e-06
aco_current,10,8302,87,11,3,0.0,0.0,0.0,0.0,0.43936213850975037,False,False,0.0,0.0,0.0,[],0.0,0.0,0,0.0,0,2.8750000069521775e-06
aco_current,10,8302,87,11,4,0.0,0.0,0.0,0.0,0.20313307642936707,False,False,0.0,0.0,0.0,[],0.0,0.0,0,0.0,0,2.8750000069521775e-06
aco_current,10,8303,87,11,1,18.0,153.0,171.0,0.855,0.9999930262565613,True,True,30.0,141.0,0.0,[1],10.0,10.0,1,10.0,0,0.009952875000010408
aco_current,10,8303,87,11,2,0.0,0.0,0.0,0.0,0.09907747060060501,False,False,0.0,0.0,0.0,[],10.0,10.0,1,10.0,0,0.009952875000010408
aco_current,10,8303,87,11,3,0.0,0.0,0.0,0.0,0.43936213850975037,False,False,0.0,0.0,0.0,[],10.0,10.0,1,10.0,0,0.009952875000010408
aco_current,10,8303,87,11,4,0.0,0.0,0.0,0.0,0.20313307642936707,False,False,0.0,0.0,0.0,[],10.0,10.0,1,10.0,0,0.009952875000010408
aco_current,10,8304,87,12,1,17.0,141.0,158.0,0.79,0.9997228980064392,False,False,0.0,158.0,0.0,[],0.0,0.0,0,0.0,0,3.7919999726909737e-06
aco_current,10,8304,87,12,2,0.0,0.0,0.0,0.0,0.09907747060060501,False,False,0.0,0.0,0.0,[],0.0,0.0,0,0.0,0,3.7919999726909737e-06
aco_current,10,8304,87,12,3,0.0,0.0,0.0,0.0,0.43936213850975037,False,False,0.0,0.0,0.0,[],0.0,0.0,0,0.0,0,3.7919999726909737e-06
aco_current,10,8304,87,12,4,0.0,0.0,0.0,0.0,0.20313307642936707,False,False,0.0,0.0,0.0,[],0.0,0.0,0,0.0,0,3.7919999726909737e-06
aco_current,10,8305,87,12,1,17.0,158.0,175.0,0.875,0.9999966025352478,True,True,30.0,145.0,0.0,[1],10.0,10.0,1,10.0,0,0.00999241599998868
aco_current,10,8305,87,12,2,0.0,0.0,0.0,0.0,0.09907747060060501,False,False,0.0,0.0,0.0,[],10.0,10.0,1,10.0,0,0.00999241599998868
aco_current,10,8305,87,12,3,0.0,0.0,0.0,0.0,0.43936213850975037,False,False,0.0,0.0,0.0,[],10.0,10.0,1,10.0,0,0.00999241599998868
aco_current,10,8305,87,12,4,0.0,0.0,0.0,0.0,0.20313307642936707,False,False,0.0,0.0,0.0,[],10.0,10.0,1,10.0,0,0.00999241599998868
aco_current,10,8306,87,12,1,16.0,145.0,161.0,0.805,0.9998146891593933,True,True,30.0,131.0,0.0,[1],10.0,10.0,1,10.0,0,0.009598042000021678
aco_current,10,8306,87,12,2,0.0,0.0,0.0,0.0,0.09907747060060501,False,False,0.0,0.0,0.0,[],10.0,10.0,1,10.0,0,0.009598042000021678
aco_current,10,8306,87,12,3,0.0,0.0,0.0,0.0,0.43936213850975037,False,False,0.0,0.0,0.0,[],10.0,10.0,1,10.0,0,0.009598042000021678
aco_current,10,8306,87,12,4,0.0,0.0,0.0,0.0,0.20313307642936707,False,False,0.0,0.0,0.0,[],10.0,10.0,1,10.0,0,0.009598042000021678
aco_current,10,8307,87,12,1,17.0,131.0,148.0,0.74,0.9984562993049622,False,False,0.0,148.0,0.0,[],0.0,0.0,0,0.0,0,3.999999989900971e-06
aco_current,10,8307,87,12,2,0.0,0.0,0.0,0.0,0.09907747060060501,False,False,0.0,0.0,0.0,[],0.0,0.0,0,0.0,0,3.999999989900971e-06
aco_current,10,8307,87,12,3,0.0,0.0,0.0,0.0,0.43936213850975037,False,False,0.0,0.0,0.0,[],0.0,0.0,0,0.0,0,3.999999989900971e-06
aco_current,10,8307,87,12,4,0.0,0.0,0.0,0.0,0.20313307642936707,False,False,0.0,0.0,0.0,[],0.0,0.0,0,0.0,0,3.999999989900971e-06
aco_current,10,8308,87,13,1,17.0,148.0,165.0,0.825,0.9999531507492065,True,True,30.0,135.0,0.0,[1],10.0,10.0,1,10.0,0,0.009977958000007447
aco_current,10,8308,87,13,2,0.0,0.0,0.0,0.0,0.09907747060060501,False,False,0.0,0.0,0.0,[],10.0,10.0,1,10.0,0,0.009977958000007447
aco_current,10,8308,87,13,3,0.0,0.0,0.0,0.0,0.43936213850975037,False,False,0.0,0.0,0.0,[],10.0,10.0,1,10.0,0,0.009977958000007447
aco_current,10,8308,87,13,4,0.0,0.0,0.0,0.0,0.20313307642936707,False,False,0.0,0.0,0.0,[],10.0,10.0,1,10.0,0,0.009977958000007447
aco_current,10,8309,87,13,1,18.0,135.0,153.0,0.765,0.9994406700134277,False,False,0.0,153.0,0.0,[],0.0,0.0,0,0.0,0,3.7080000083733466e-06
aco_current,10,8309,87,13,2,0.0,0.0,0.0,0.0,0.09907747060060501,False,False,0.0,0.0,0.0,[],0.0,0.0,0,0.0,0,3.7080000083733466e-06
aco_current,10,8309,87,13,3,0.0,0.0,0.0,0.0,0.43936213850975037,False,False,0.0,0.0,0.0,[],0.0,0.0,0,0.0,0,3.7080000083733466e-06
aco_current,10,8309,87,13,4,0.0,0.0,0.0,0.0,0.20313307642936707,False,False,0.0,0.0,0.0,[],0.0,0.0,0,0.0,0,3.7080000083733466e-06
aco_current,10,8310,87,13,1,17.0,153.0,170.0,0.85,0.9999873042106628,True,True,30.0,140.0,0.0,[1],10.0,10.0,1,10.0,0,0.009910332999993443
aco_current,10,8310,87,13,2,0.0,0.0,0.0,0.0,0.09907747060060501,False,False,0.0,0.0,0.0,[],10.0,10.0,1,10.0,0,0.009910332999993443
aco_current,10,8310,87,13,3,0.0,0.0,0.0,0.0,0.43936213850975037,False,False,0.0,0.0,0.0,[],10.0,10.0,1,10.0,0,0.009910332999993443
aco_current,10,8310,87,13,4,0.0,0.0,0.0,0.0,0.20313307642936707,False,False,0.0,0.0,0.0,[],10.0,10.0,1,10.0,0,0.009910332999993443
aco_current,10,8311,87,13,1,17.0,140.0,157.0,0.785,0.9996572136878967,False,False,0.0,157.0,0.0,[],0.0,0.0,0,0.0,0,3.0829999957404652e-06
aco_current,10,8311,87,13,2,0.0,0.0,0.0,0.0,0.09907747060060501,False,False,0.0,0.0,0.0,[],0.0,0.0,0,0.0,0,3.0829999957404652e-06
aco_current,10,8311,87,13,3,0.0,0.0,0.0,0.0,0.43936213850975037,False,False,0.0,0.0,0.0,[],0.0,0.0,0,0.0,0,3.0829999957404652e-06
aco_current,10,8311,87,13,4,0.0,0.0,0.0,0.0,0.20313307642936707,False,False,0.0,0.0,0.0,[],0.0,0.0,0,0.0,0,3.0829999957404652e-06
aco_current,10,8312,87,14,1,16.0,157.0,173.0,0.865,0.9999918341636658,True,True,30.0,143.0,0.0,[1],10.0,10.0,1,10.0,0,0.009657875000016247
aco_current,10,8312,87,14,2,0.0,0.0,0.0,0.0,0.09907747060060501,False,False,0.0,0.0,0.0,[],10.0,10.0,1,10.0,0,0.009657875000016247
aco_current,10,8312,87,14,3,0.0,0.0,0.0,0.0,0.43936213850975037,False,False,0.0,0.0,0.0,[],10.0,10.0,1,10.0,0,0.009657875000016247
aco_current,10,8312,87,14,4,0.0,0.0,0.0,0.0,0.20313307642936707,False,False,0.0,0.0,0.0,[],10.0,10.0,1,10.0,0,0.009657875000016247
aco_current,10,8313,87,14,1,17.0,143.0,160.0,0.8,0.9998299479484558,True,True,30.0,130.0,0.0,[1],10.0,10.0,1,10.0,0,0.009982250000007298
aco_current,10,8313,87,14,2,0.0,0.0,0.0,0.0,0.09907747060060501,False,False,0.0,0.0,0.0,[],10.0,10.0,1,10.0,0,0.009982250000007298
aco_current,10,8313,87,14,3,0.0,0.0,0.0,0.0,0.43936213850975037,False,False,0.0,0.0,0.0,[],10.0,10.0,1,10.0,0,0.009982250000007298
aco_current,10,8313,87,14,4,0.0,0.0,0.0,0.0,0.20313307642936707,False,False,0.0,0.0,0.0,[],10.0,10.0,1,10.0,0,0.009982250000007298
aco_current,10,8314,87,14,1,18.0,130.0,148.0,0.74,0.9989004135131836,False,False,0.0,148.0,0.0,[],0.0,0.0,0,0.0,0,3.1659999990552024e-06
aco_current,10,8314,87,14,2,0.0,0.0,0.0,0.0,0.09907747060060501,False,False,0.0,0.0,0.0,[],0.0,0.0,0,0.0,0,3.1659999990552024e-06
aco_current,10,8314,87,14,3,0.0,0.0,0.0,0.0,0.43936213850975037,False,False,0.0,0.0,0.0,[],0.0,0.0,0,0.0,0,3.1659999990552024e-06
aco_current,10,8314,87,14,4,0.0,0.0,0.0,0.0,0.20313307642936707,False,False,0.0,0.0,0.0,[],0.0,0.0,0,0.0,0,3.1659999990552024e-06
aco_current,10,8315,87,14,1,17.0,148.0,165.0,0.825,0.9999533891677856,True,True,30.0,135.0,0.0,[1],10.0,10.0,1,10.0,0,0.009677624999994805
aco_current,10,8315,87,14,2,0.0,0.0,0.0,0.0,0.09907747060060501,False,False,0.0,0.0,0.0,[],10.0,10.0,1,10.0,0,0.009677624999994805
aco_current,10,8315,87,14,3,0.0,0.0,0.0,0.0,0.43936213850975037,False,False,0.0,0.0,0.0,[],10.0,10.0,1,10.0,0,0.009677624999994805
aco_current,10,8315,87,14,4,0.0,0.0,0.0,0.0,0.20313307642936707,False,False,0.0,0.0,0.0,[],10.0,10.0,1,10.0,0,0.009677624999994805
aco_current,10,8316,87,15,1,17.0,135.0,152.0,0.76,0.9990926384925842,False,False,0.0,152.0,0.0,[],0.0,0.0,0,0.0,0,3.4999999911633495e-06
aco_current,10,8316,87,15,2,0.0,0.0,0.0,0.0,0.09907747060060501,False,False,0.0,0.0,0.0,[],0.0,0.0,0,0.0,0,3.4999999911633495e-06
aco_current,10,8316,87,15,3,0.0,0.0,0.0,0.0,0.43936213850975037,False,False,0.0,0.0,0.0,[],0.0,0.0,0,0.0,0,3.4999999911633495e-06
aco_current,10,8316,87,15,4,0.0,0.0,0.0,0.0,0.20313307642936707,False,False,0.0,0.0,0.0,[],0.0,0.0,0,0.0,0,3.4999999911633495e-06
aco_current,10,8317,87,15,1,17.0,152.0,169.0,0.845,0.9999834895133972,True,True,30.0,139.0,0.0,[1],10.0,10.0,1,10.0,0,0.009724667000000409
aco_current,10,8317,87,15,2,0.0,0.0,0.0,0.0,0.09907747060060501,False,False,0.0,0.0,0.0,[],10.0,10.0,1,10.0,0,0.009724667000000409
aco_current,10,8317,87,15,3,0.0,0.0,0.0,0.0,0.43936213850975037,False,False,0.0,0.0,0.0,[],10.0,10.0,1,10.0,0,0.009724667000000409
aco_current,10,8317,87,15,4,0.0,0.0,0.0,0.0,0.20313307642936707,False,False,0.0,0.0,0.0,[],10.0,10.0,1,10.0,0,0.009724667000000409
aco_current,10,8318,87,15,1,10.0,139.0,149.0,0.745,0.9829047322273254,False,False,0.0,149.0,0.0,[],0.0,0.0,0,0.0,0,2.8750000069521775e-06
aco_current,10,8318,87,15,2,0.0,0.0,0.0,0.0,0.09907747060060501,False,False,0.0,0.0,0.0,[],0.0,0.0,0,0.0,0,2.8750000069521775e-06
aco_current,10,8318,87,15,3,0.0,0.0,0.0,0.0,0.43936213850975037,False,False,0.0,0.0,0.0,[],0.0,0.0,0,0.0,0,2.8750000069521775e-06
aco_current,10,8318,87,15,4,0.0,0.0,0.0,0.0,0.20313307642936707,False,False,0.0,0.0,0.0,[],0.0,0.0,0,0.0,0,2.8750000069521775e-06
aco_current,10,8319,87,15,1,8.0,149.0,157.0,0.785,0.989863395690918,False,False,0.0,157.0,0.0,[],0.0,0.0,0,0.0,0,2.9580000102669146e-06
aco_current,10,8319,87,15,2,0.0,0.0,0.0,0.0,0.09907747060060501,False,False,0.0,0.0,0.0,[],0.0,0.0,0,0.0,0,2.9580000102669146e-06
aco_current,10,8319,87,15,3,0.0,0.0,0.0,0.0,0.43936213850975037,False,False,0.0,0.0,0.0,[],0.0,0.0,0,0.0,0,2.9580000102669146e-06
aco_current,10,8319,87,15,4,0.0,0.0,0.0,0.0,0.20313307642936707,False,False,0.0,0.0,0.0,[],0.0,0.0,0,0.0,0,2.9580000102669146e-06
aco_current,10,8320,87,16,1,8.0,157.0,165.0,0.825,0.998814582824707,True,True,30.0,135.0,0.0,[1],10.0,10.0,1,10.0,0,0.009963624999983267
aco_current,10,8320,87,16,2,0.0,0.0,0.0,0.0,0.09907747060060501,False,False,0.0,0.0,0.0,[],10.0,10.0,1,10.0,0,0.009963624999983267
aco_current,10,8320,87,16,3,0.0,0.0,0.0,0.0,0.43936213850975037,False,False,0.0,0.0,0.0,[],10.0,10.0,1,10.0,0,0.009963624999983267
aco_current,10,8320,87,16,4,0.0,0.0,0.0,0.0,0.20313307642936707,False,False,0.0,0.0,0.0,[],10.0,10.0,1,10.0,0,0.009963624999983267
aco_current,10,8321,87,16,1,8.0,135.0,143.0,0.715,0.9533075094223022,False,False,0.0,143.0,0.0,[],0.0,0.0,0,0.0,0,3.249999991794539e-06
aco_current,10,8321,87,16,2,0.0,0.0,0.0,0.0,0.09907747060060501,False,False,0.0,0.0,0.0,[],0.0,0.0,0,0.0,0,3.249999991794539e-06
aco_current,10,8321,87,16,3,0.0,0.0,0.0,0.0,0.43936213850975037,False,False,0.0,0.0,0.0,[],0.0,0.0,0,0.0,0,3.249999991794539e-06
aco_current,10,8321,87,16,4,0.0,0.0,0.0,0.0,0.20313307642936707,False,False,0.0,0.0,0.0,[],0.0,0.0,0,0.0,0,3.249999991794539e-06
aco_current,10,8322,87,16,1,8.0,143.0,151.0,0.755,0.9812000393867493,False,False,0.0,151.0,0.0,[],0.0,0.0,0,0.0,0,2.2080000121604826e-06
aco_current,10,8322,87,16,2,0.0,0.0,0.0,0.0,0.09907747060060501,False,False,0.0,0.0,0.0,[],0.0,0.0,0,0.0,0,2.2080000121604826e-06
aco_current,10,8322,87,16,3,0.0,0.0,0.0,0.0,0.43936213850975037,False,False,0.0,0.0,0.0,[],0.0,0.0,0,0.0,0,2.2080000121604826e-06
aco_current,10,8322,87,16,4,0.0,0.0,0.0,0.0,0.20313307642936707,False,False,0.0,0.0,0.0,[],0.0,0.0,0,0.0,0,2.2080000121604826e-06
aco_current,10,8323,87,16,1,8.0,151.0,159.0,0.795,0.9952948689460754,False,False,0.0,159.0,0.0,[],0.0,0.0,0,0.0,0,1.958000012791672e-06
aco_current,10,8323,87,16,2,0.0,0.0,0.0,0.0,0.09907747060060501,False,False,0.0,0.0,0.0,[],0.0,0.0,0,0.0,0,1.958000012791672e-06
aco_current,10,8323,87,16,3,0.0,0.0,0.0,0.0,0.43936213850975037,False,False,0.0,0.0,0.0,[],0.0,0.0,0,0.0,0,1.958000012791672e-06
aco_current,10,8323,87,16,4,0.0,0.0,0.0,0.0,0.20313307642936707,False,False,0.0,0.0,0.0,[],0.0,0.0,0,0.0,0,1.958000012791672e-06
aco_current,10,8324,87,17,1,7.0,159.0,166.0,0.83,0.9988877177238464,True,True,30.0,136.0,0.0,[1],10.0,10.0,1,10.0,0,0.00993962500001544
aco_current,10,8324,87,17,2,0.0,0.0,0.0,0.0,0.09907747060060501,False,False,0.0,0.0,0.0,[],10.0,10.0,1,10.0,0,0.00993962500001544
aco_current,10,8324,87,17,3,0.0,0.0,0.0,0.0,0.43936213850975037,False,False,0.0,0.0,0.0,[],10.0,10.0,1,10.0,0,0.00993962500001544
aco_current,10,8324,87,17,4,0.0,0.0,0.0,0.0,0.20313307642936707,False,False,0.0,0.0,0.0,[],10.0,10.0,1,10.0,0,0.00993962500001544
aco_current,10,8325,87,17,1,8.0,136.0,144.0,0.72,0.9595363736152649,False,False,0.0,144.0,0.0,[],0.0,0.0,0,0.0,0,3.042000003006251e-06
aco_current,10,8325,87,17,2,0.0,0.0,0.0,0.0,0.09907747060060501,False,False,0.0,0.0,0.0,[],0.0,0.0,0,0.0,0,3.042000003006251e-06
aco_current,10,8325,87,17,3,0.0,0.0,0.0,0.0,0.43936213850975037,False,False,0.0,0.0,0.0,[],0.0,0.0,0,0.0,0,3.042000003006251e-06
aco_current,10,8325,87,17,4,0.0,0.0,0.0,0.0,0.20313307642936707,False,False,0.0,0.0,0.0,[],0.0,0.0,0,0.0,0,3.042000003006251e-06
aco_current,10,8326,87,17,1,8.0,144.0,152.0,0.76,0.9836332201957703,False,False,0.0,152.0,0.0,[],0.0,0.0,0,0.0,0,2.207999983738773e-06
aco_current,10,8326,87,17,2,0.0,0.0,0.0,0.0,0.09907747060060501,False,False,0.0,0.0,0.0,[],0.0,0.0,0,0.0,0,2.207999983738773e-06
aco_current,10,8326,87,17,3,0.0,0.0,0.0,0.0,0.43936213850975037,False,False,0.0,0.0,0.0,[],0.0,0.0,0,0.0,0,2.207999983738773e-06
aco_current,10,8326,87,17,4,0.0,0.0,0.0,0.0,0.20313307642936707,False,False,0.0,0.0,0.0,[],0.0,0.0,0,0.0,0,2.207999983738773e-06
aco_current,10,8327,87,17,1,8.0,152.0,160.0,0.8,0.9964192509651184,True,True,30.0,130.0,0.0,[1],10.0,10.0,1,10.0,0,0.009816334000021243
aco_current,10,8327,87,17,2,0.0,0.0,0.0,0.0,0.09907747060060501,False,False,0.0,0.0,0.0,[],10.0,10.0,1,10.0,0,0.009816334000021243
aco_current,10,8327,87,17,3,0.0,0.0,0.0,0.0,0.43936213850975037,False,False,0.0,0.0,0.0,[],10.0,10.0,1,10.0,0,0.009816334000021243
aco_current,10,8327,87,17,4,0.0,0.0,0.0,0.0,0.20313307642936707,False,False,0.0,0.0,0.0,[],10.0,10.0,1,10.0,0,0.009816334000021243
aco_current,10,8328,87,18,1,8.0,130.0,138.0,0.69,0.9181945323944092,False,False,0.0,138.0,0.0,[],0.0,0.0,0,0.0,0,3.792000001112683e-06
aco_current,10,8328,87,18,2,0.0,0.0,0.0,0.0,0.09907747060060501,False,False,0.0,0.0,0.0,[],0.0,0.0,0,0.0,0,3.792000001112683e-06
aco_current,10,8328,87,18,3,0.0,0.0,0.0,0.0,0.43936213850975037,False,False,0.0,0.0,0.0,[],0.0,0.0,0,0.0,0,3.792000001112683e-06
aco_current,10,8328,87,18,4,0.0,0.0,0.0,0.0,0.20313307642936707,False,False,0.0,0.0,0.0,[],0.0,0.0,0,0.0,0,3.792000001112683e-06
aco_current,10,8329,87,18,1,7.0,138.0,145.0,0.725,0.9367114901542664,False,False,0.0,145.0,0.0,[],0.0,0.0,0,0.0,0,3.834000011693206e-06
aco_current,10,8329,87,18,2,0.0,0.0,0.0,0.0,0.09907747060060501,False,False,0.0,0.0,0.0,[],0.0,0.0,0,0.0,0,3.834000011693206e-06
aco_current,10,8329,87,18,3,0.0,0.0,0.0,0.0,0.43936213850975037,False,False,0.0,0.0,0.0,[],0.0,0.0,0,0.0,0,3.834000011693206e-06
aco_current,10,8329,87,18,4,0.0,0.0,0.0,0.0,0.20313307642936707,False,False,0.0,0.0,0.0,[],0.0,0.0,0,0.0,0,3.834000011693206e-06
aco_current,10,8330,87,18,1,8.0,145.0,153.0,0.765,0.9854786992073059,False,False,0.0,153.0,0.0,[],0.0,0.0,0,0.0,0,2.3749999797928467e-06
aco_current,10,8330,87,18,2,0.0,0.0,0.0,0.0,0.09907747060060501,False,False,0.0,0.0,0.0,[],0.0,0.0,0,0.0,0,2.3749999797928467e-06
aco_current,10,8330,87,18,3,0.0,0.0,0.0,0.0,0.43936213850975037,False,False,0.0,0.0,0.0,[],0.0,0.0,0,0.0,0,2.3749999797928467e-06
aco_current,10,8330,87,18,4,0.0,0.0,0.0,0.0,0.20313307642936707,False,False,0.0,0.0,0.0,[],0.0,0.0,0,0.0,0,2.3749999797928467e-06
aco_current,10,8331,87,18,1,4.0,153.0,157.0,0.785,0.9363474249839783,False,False,0.0,157.0,0.0,[],0.0,0.0,0,0.0,0,2.292000004899819e-06
aco_current,10,8331,87,18,2,0.0,0.0,0.0,0.0,0.09907747060060501,False,False,0.0,0.0,0.0,[],0.0,0.0,0,0.0,0,2.292000004899819e-06
aco_current,10,8331,87,18,3,0.0,0.0,0.0,0.0,0.43936213850975037,False,False,0.0,0.0,0.0,[],0.0,0.0,0,0.0,0,2.292000004899819e-06
aco_current,10,8331,87,18,4,0.0,0.0,0.0,0.0,0.20313307642936707,False,False,0.0,0.0,0.0,[],0.0,0.0,0,0.0,0,2.292000004899819e-06
aco_current,10,8332,87,19,1,0.0,157.0,157.0,0.785,0.3407594561576843,False,False,0.0,157.0,0.0,[],0.0,0.0,0,0.0,0,2.7499999930569174e-06
aco_current,10,8332,87,19,2,0.0,0.0,0.0,0.0,0.09907747060060501,False,False,0.0,0.0,0.0,[],0.0,0.0,0,0.0,0,2.7499999930569174e-06
aco_current,10,8332,87,19,3,0.0,0.0,0.0,0.0,0.43936213850975037,False,False,0.0,0.0,0.0,[],0.0,0.0,0,0.0,0,2.7499999930569174e-06
aco_current,10,8332,87,19,4,0.0,0.0,0.0,0.0,0.20313307642936707,False,False,0.0,0.0,0.0,[],0.0,0.0,0,0.0,0,2.7499999930569174e-06
aco_current,10,8333,87,19,1,0.0,157.0,157.0,0.785,0.32645702362060547,False,False,0.0,157.0,0.0,[],0.0,0.0,0,0.0,0,2.207999983738773e-06
aco_current,10,8333,87,19,2,0.0,0.0,0.0,0.0,0.09907747060060501,False,False,0.0,0.0,0.0,[],0.0,0.0,0,0.0,0,2.207999983738773e-06
aco_current,10,8333,87,19,3,0.0,0.0,0.0,0.0,0.43936213850975037,False,False,0.0,0.0,0.0,[],0.0,0.0,0,0.0,0,2.207999983738773e-06
aco_current,10,8333,87,19,4,0.0,0.0,0.0,0.0,0.20313307642936707,False,False,0.0,0.0,0.0,[],0.0,0.0,0,0.0,0,2.207999983738773e-06
aco_current,10,8334,87,19,1,0.0,157.0,157.0,0.785,0.33165380358695984,False,False,0.0,157.0,0.0,[],0.0,0.0,0,0.0,0,3.332999995109276e-06
aco_current,10,8334,87,19,2,0.0,0.0,0.0,0.0,0.09907747060060501,False,False,0.0,0.0,0.0,[],0.0,0.0,0,0.0,0,3.332999995109276e-06
aco_current,10,8334,87,19,3,0.0,0.0,0.0,0.0,0.43936213850975037,False,False,0.0,0.0,0.0,[],0.0,0.0,0,0.0,0,3.332999995109276e-06
aco_current,10,8334,87,19,4,0.0,0.0,0.0,0.0,0.20313307642936707,False,False,0.0,0.0,0.0,[],0.0,0.0,0,0.0,0,3.332999995109276e-06
aco_current,10,8335,87,19,1,0.0,157.0,157.0,0.785,0.3487432599067688,False,False,0.0,157.0,0.0,[],0.0,0.0,0,0.0,0,2.6670000181638898e-06
aco_current,10,8335,87,19,2,0.0,0.0,0.0,0.0,0.09907747060060501,False,False,0.0,0.0,0.0,[],0.0,0.0,0,0.0,0,2.6670000181638898e-06
aco_current,10,8335,87,19,3,0.0,0.0,0.0,0.0,0.43936213850975037,False,False,0.0,0.0,0.0,[],0.0,0.0,0,0.0,0,2.6670000181638898e-06
aco_current,10,8335,87,19,4,0.0,0.0,0.0,0.0,0.20313307642936707,False,False,0.0,0.0,0.0,[],0.0,0.0,0,0.0,0,2.6670000181638898e-06
aco_current,10,8336,87,20,1,0.0,157.0,157.0,0.785,0.3487432599067688,False,False,0.0,157.0,0.0,[],0.0,0.0,0,0.0,0,2.0840000161115313e-06
aco_current,10,8336,87,20,2,0.0,0.0,0.0,0.0,0.09907747060060501,False,False,0.0,0.0,0.0,[],0.0,0.0,0,0.0,0,2.0840000161115313e-06
aco_current,10,8336,87,20,3,0.0,0.0,0.0,0.0,0.43936213850975037,False,False,0.0,0.0,0.0,[],0.0,0.0,0,0.0,0,2.0840000161115313e-06
aco_current,10,8336,87,20,4,0.0,0.0,0.0,0.0,0.20313307642936707,False,False,0.0,0.0,0.0,[],0.0,0.0,0,0.0,0,2.0840000161115313e-06
aco_current,10,8337,87,20,1,0.0,157.0,157.0,0.785,0.3487432599067688,False,False,0.0,157.0,0.0,[],0.0,0.0,0,0.0,0,2.7909999857911316e-06
aco_current,10,8337,87,20,2,0.0,0.0,0.0,0.0,0.09907747060060501,False,False,0.0,0.0,0.0,[],0.0,0.0,0,0.0,0,2.7909999857911316e-06
aco_current,10,8337,87,20,3,0.0,0.0,0.0,0.0,0.43936213850975037,False,False,0.0,0.0,0.0,[],0.0,0.0,0,0.0,0,2.7909999857911316e-06
aco_current,10,8337,87,20,4,0.0,0.0,0.0,0.0,0.20313307642936707,False,False,0.0,0.0,0.0,[],0.0,0.0,0,0.0,0,2.7909999857911316e-06
aco_current,10,8338,87,20,1,0.0,157.0,157.0,0.785,0.3487432599067688,False,False,0.0,157.0,0.0,[],0.0,0.0,0,0.0,0,2.166999991004559e-06
aco_current,10,8338,87,20,2,0.0,0.0,0.0,0.0,0.09907747060060501,False,False,0.0,0.0,0.0,[],0.0,0.0,0,0.0,0,2.166999991004559e-06
aco_current,10,8338,87,20,3,0.0,0.0,0.0,0.0,0.43936213850975037,False,False,0.0,0.0,0.0,[],0.0,0.0,0,0.0,0,2.166999991004559e-06
aco_current,10,8338,87,20,4,0.0,0.0,0.0,0.0,0.20313307642936707,False,False,0.0,0.0,0.0,[],0.0,0.0,0,0.0,0,2.166999991004559e-06
aco_current,10,8339,87,20,1,0.0,157.0,157.0,0.785,0.3487432599067688,False,False,0.0,157.0,0.0,[],0.0,0.0,0,0.0,0,2.6670000181638898e-06
aco_current,10,8339,87,20,2,0.0,0.0,0.0,0.0,0.09907747060060501,False,False,0.0,0.0,0.0,[],0.0,0.0,0,0.0,0,2.6670000181638898e-06
aco_current,10,8339,87,20,3,0.0,0.0,0.0,0.0,0.43936213850975037,False,False,0.0,0.0,0.0,[],0.0,0.0,0,0.0,0,2.6670000181638898e-06
aco_current,10,8339,87,20,4,0.0,0.0,0.0,0.0,0.20313307642936707,False,False,0.0,0.0,0.0,[],0.0,0.0,0,0.0,0,2.6670000181638898e-06
aco_current,10,8340,87,21,1,0.0,157.0,157.0,0.785,0.3487432599067688,False,False,0.0,157.0,0.0,[],0.0,0.0,0,0.0,0,2.0420000055310084e-06
aco_current,10,8340,87,21,2,0.0,0.0,0.0,0.0,0.09907747060060501,False,False,0.0,0.0,0.0,[],0.0,0.0,0,0.0,0,2.0420000055310084e-06
aco_current,10,8340,87,21,3,0.0,0.0,0.0,0.0,0.43936213850975037,False,False,0.0,0.0,0.0,[],0.0,0.0,0,0.0,0,2.0420000055310084e-06
aco_current,10,8340,87,21,4,0.0,0.0,0.0,0.0,0.20313307642936707,False,False,0.0,0.0,0.0,[],0.0,0.0,0,0.0,0,2.0420000055310084e-06
aco_current,10,8341,87,21,1,0.0,157.0,157.0,0.785,0.3487432599067688,False,False,0.0,157.0,0.0,[],0.0,0.0,0,0.0,0,2.3749999797928467e-06
aco_current,10,8341,87,21,2,0.0,0.0,0.0,0.0,0.09907747060060501,False,False,0.0,0.0,0.0,[],0.0,0.0,0,0.0,0,2.3749999797928467e-06
aco_current,10,8341,87,21,3,0.0,0.0,0.0,0.0,0.43936213850975037,False,False,0.0,0.0,0.0,[],0.0,0.0,0,0.0,0,2.3749999797928467e-06
aco_current,10,8341,87,21,4,0.0,0.0,0.0,0.0,0.20313307642936707,False,False,0.0,0.0,0.0,[],0.0,0.0,0,0.0,0,2.3749999797928467e-06
aco_current,10,8342,87,21,1,0.0,157.0,157.0,0.785,0.3487432599067688,False,False,0.0,157.0,0.0,[],0.0,0.0,0,0.0,0,2.166999991004559e-06
aco_current,10,8342,87,21,2,0.0,0.0,0.0,0.0,0.09907747060060501,False,False,0.0,0.0,0.0,[],0.0,0.0,0,0.0,0,2.166999991004559e-06
aco_current,10,8342,87,21,3,0.0,0.0,0.0,0.0,0.43936213850975037,False,False,0.0,0.0,0.0,[],0.0,0.0,0,0.0,0,2.166999991004559e-06
aco_current,10,8342,87,21,4,0.0,0.0,0.0,0.0,0.20313307642936707,False,False,0.0,0.0,0.0,[],0.0,0.0,0,0.0,0,2.166999991004559e-06
aco_current,10,8343,87,21,1,0.0,157.0,157.0,0.785,0.3487432599067688,False,False,0.0,157.0,0.0,[],0.0,0.0,0,0.0,0,2.083000026686932e-06
aco_current,10,8343,87,21,2,0.0,0.0,0.0,0.0,0.09907747060060501,False,False,0.0,0.0,0.0,[],0.0,0.0,0,0.0,0,2.083000026686932e-06
aco_current,10,8343,87,21,3,0.0,0.0,0.0,0.0,0.43936213850975037,False,False,0.0,0.0,0.0,[],0.0,0.0,0,0.0,0,2.083000026686932e-06
aco_current,10,8343,87,21,4,0.0,0.0,0.0,0.0,0.20313307642936707,False,False,0.0,0.0,0.0,[],0.0,0.0,0,0.0,0,2.083000026686932e-06
aco_current,10,8344,87,22,1,0.0,157.0,157.0,0.785,0.3487432599067688,False,False,0.0,157.0,0.0,[],0.0,0.0,0,0.0,0,2.9170000175327004e-06
aco_current,10,8344,87,22,2,0.0,0.0,0.0,0.0,0.09907747060060501,False,False,0.0,0.0,0.0,[],0.0,0.0,0,0.0,0,2.9170000175327004e-06
aco_current,10,8344,87,22,3,0.0,0.0,0.0,0.0,0.43936213850975037,False,False,0.0,0.0,0.0,[],0.0,0.0,0,0.0,0,2.9170000175327004e-06
aco_current,10,8344,87,22,4,0.0,0.0,0.0,0.0,0.20313307642936707,False,False,0.0,0.0,0.0,[],0.0,0.0,0,0.0,0,2.9170000175327004e-06
aco_current,10,8345,87,22,1,0.0,157.0,157.0,0.785,0.3487432599067688,False,False,0.0,157.0,0.0,[],0.0,0.0,0,0.0,0,1.9999999949504854e-06
aco_current,10,8345,87,22,2,0.0,0.0,0.0,0.0,0.09907747060060501,False,False,0.0,0.0,0.0,[],0.0,0.0,0,0.0,0,1.9999999949504854e-06
aco_current,10,8345,87,22,3,0.0,0.0,0.0,0.0,0.43936213850975037,False,False,0.0,0.0,0.0,[],0.0,0.0,0,0.0,0,1.9999999949504854e-06
aco_current,10,8345,87,22,4,0.0,0.0,0.0,0.0,0.20313307642936707,False,False,0.0,0.0,0.0,[],0.0,0.0,0,0.0,0,1.9999999949504854e-06
aco_current,10,8346,87,22,1,0.0,157.0,157.0,0.785,0.3487432599067688,False,False,0.0,157.0,0.0,[],0.0,0.0,0,0.0,0,2.0420000055310084e-06
aco_current,10,8346,87,22,2,0.0,0.0,0.0,0.0,0.09907747060060501,False,False,0.0,0.0,0.0,[],0.0,0.0,0,0.0,0,2.0420000055310084e-06
aco_current,10,8346,87,22,3,0.0,0.0,0.0,0.0,0.43936213850975037,False,False,0.0,0.0,0.0,[],0.0,0.0,0,0.0,0,2.0420000055310084e-06
aco_current,10,8346,87,22,4,0.0,0.0,0.0,0.0,0.20313307642936707,False,False,0.0,0.0,0.0,[],0.0,0.0,0,0.0,0,2.0420000055310084e-06
aco_current,10,8347,87,22,1,0.0,157.0,157.0,0.785,0.3487432599067688,False,False,0.0,157.0,0.0,[],0.0,0.0,0,0.0,0,2.8750000069521775e-06
aco_current,10,8347,87,22,2,0.0,0.0,0.0,0.0,0.09907747060060501,False,False,0.0,0.0,0.0,[],0.0,0.0,0,0.0,0,2.8750000069521775e-06
aco_current,10,8347,87,22,3,0.0,0.0,0.0,0.0,0.43936213850975037,False,False,0.0,0.0,0.0,[],0.0,0.0,0,0.0,0,2.8750000069521775e-06
aco_current,10,8347,87,22,4,0.0,0.0,0.0,0.0,0.20313307642936707,False,False,0.0,0.0,0.0,[],0.0,0.0,0,0.0,0,2.8750000069521775e-06
aco_current,10,8348,87,23,1,0.0,157.0,157.0,0.785,0.3487432599067688,False,False,0.0,157.0,0.0,[],0.0,0.0,0,0.0,0,1.8749999810552254e-06
aco_current,10,8348,87,23,2,0.0,0.0,0.0,0.0,0.09907747060060501,False,False,0.0,0.0,0.0,[],0.0,0.0,0,0.0,0,1.8749999810552254e-06
aco_current,10,8348,87,23,3,0.0,0.0,0.0,0.0,0.43936213850975037,False,False,0.0,0.0,0.0,[],0.0,0.0,0,0.0,0,1.8749999810552254e-06
aco_current,10,8348,87,23,4,0.0,0.0,0.0,0.0,0.20313307642936707,False,False,0.0,0.0,0.0,[],0.0,0.0,0,0.0,0,1.8749999810552254e-06
aco_current,10,8349,87,23,1,0.0,157.0,157.0,0.785,0.3487432599067688,False,False,0.0,157.0,0.0,[],0.0,0.0,0,0.0,0,2.2080000121604826e-06
aco_current,10,8349,87,23,2,0.0,0.0,0.0,0.0,0.09907747060060501,False,False,0.0,0.0,0.0,[],0.0,0.0,0,0.0,0,2.2080000121604826e-06
aco_current,10,8349,87,23,3,0.0,0.0,0.0,0.0,0.43936213850975037,False,False,0.0,0.0,0.0,[],0.0,0.0,0,0.0,0,2.2080000121604826e-06
aco_current,10,8349,87,23,4,0.0,0.0,0.0,0.0,0.20313307642936707,False,False,0.0,0.0,0.0,[],0.0,0.0,0,0.0,0,2.2080000121604826e-06
aco_current,10,8350,87,23,1,0.0,157.0,157.0,0.785,0.3487432599067688,False,False,0.0,157.0,0.0,[],0.0,0.0,0,0.0,0,2.3749999797928467e-06
aco_current,10,8350,87,23,2,0.0,0.0,0.0,0.0,0.09907747060060501,False,False,0.0,0.0,0.0,[],0.0,0.0,0,0.0,0,2.3749999797928467e-06
aco_current,10,8350,87,23,3,0.0,0.0,0.0,0.0,0.43936213850975037,False,False,0.0,0.0,0.0,[],0.0,0.0,0,0.0,0,2.3749999797928467e-06
aco_current,10,8350,87,23,4,0.0,0.0,0.0,0.0,0.20313307642936707,False,False,0.0,0.0,0.0,[],0.0,0.0,0,0.0,0,2.3749999797928467e-06
aco_current,10,8351,87,23,1,0.0,157.0,157.0,0.785,0.3487432599067688,False,False,0.0,157.0,0.0,[],0.0,0.0,0,0.0,0,2.000000023372195e-06
aco_current,10,8351,87,23,2,0.0,0.0,0.0,0.0,0.09907747060060501,False,False,0.0,0.0,0.0,[],0.0,0.0,0,0.0,0,2.000000023372195e-06
aco_current,10,8351,87,23,3,0.0,0.0,0.0,0.0,0.43936213850975037,False,False,0.0,0.0,0.0,[],0.0,0.0,0,0.0,0,2.000000023372195e-06
aco_current,10,8351,87,23,4,0.0,0.0,0.0,0.0,0.20313307642936707,False,False,0.0,0.0,0.0,[],0.0,0.0,0,0.0,0,2.000000023372195e-06
aco_current,10,8352,88,0,1,34.0,157.0,191.0,0.955,1.0,True,True,30.0,161.0,0.0,[1],10.0,10.0,1,10.0,0,0.009846874999993815
aco_current,10,8352,88,0,2,0.0,0.0,0.0,0.0,0.09907747060060501,False,False,0.0,0.0,0.0,[],10.0,10.0,1,10.0,0,0.009846874999993815
aco_current,10,8352,88,0,3,0.0,0.0,0.0,0.0,0.43936213850975037,False,False,0.0,0.0,0.0,[],10.0,10.0,1,10.0,0,0.009846874999993815
aco_current,10,8352,88,0,4,0.0,0.0,0.0,0.0,0.20313307642936707,False,False,0.0,0.0,0.0,[],10.0,10.0,1,10.0,0,0.009846874999993815
aco_current,10,8353,88,0,1,36.0,161.0,197.0,0.985,1.0,True,True,30.0,167.0,0.0,[1],10.0,10.0,1,10.0,0,0.009897875000007161
aco_current,10,8353,88,0,2,0.0,0.0,0.0,0.0,0.09907747060060501,False,False,0.0,0.0,0.0,[],10.0,10.0,1,10.0,0,0.009897875000007161
aco_current,10,8353,88,0,3,0.0,0.0,0.0,0.0,0.43936213850975037,False,False,0.0,0.0,0.0,[],10.0,10.0,1,10.0,0,0.009897875000007161
aco_current,10,8353,88,0,4,0.0,0.0,0.0,0.0,0.20313307642936707,False,False,0.0,0.0,0.0,[],10.0,10.0,1,10.0,0,0.009897875000007161
aco_current,10,8354,88,0,1,36.0,167.0,203.0,1.015,1.0,True,True,30.0,173.0,0.0,[1],10.0,10.0,1,10.0,0,0.00969499999999357
aco_current,10,8354,88,0,2,0.0,0.0,0.0,0.0,0.09907747060060501,False,False,0.0,0.0,0.0,[],10.0,10.0,1,10.0,0,0.00969499999999357
aco_current,10,8354,88,0,3,0.0,0.0,0.0,0.0,0.43936213850975037,False,False,0.0,0.0,0.0,[],10.0,10.0,1,10.0,0,0.00969499999999357
aco_current,10,8354,88,0,4,0.0,0.0,0.0,0.0,0.20313307642936707,False,False,0.0,0.0,0.0,[],10.0,10.0,1,10.0,0,0.00969499999999357
aco_current,10,8355,88,0,1,27.0,173.0,200.0,1.0,1.0,True,True,30.0,170.0,0.0,[1],10.0,10.0,1,10.0,0,0.009796874999977945
aco_current,10,8355,88,0,2,0.0,0.0,0.0,0.0,0.09907747060060501,False,False,0.0,0.0,0.0,[],10.0,10.0,1,10.0,0,0.009796874999977945
aco_current,10,8355,88,0,3,0.0,0.0,0.0,0.0,0.43936213850975037,False,False,0.0,0.0,0.0,[],10.0,10.0,1,10.0,0,0.009796874999977945
aco_current,10,8355,88,0,4,0.0,0.0,0.0,0.0,0.20313307642936707,False,False,0.0,0.0,0.0,[],10.0,10.0,1,10.0,0,0.009796874999977945
aco_current,10,8356,88,1,1,29.0,170.0,199.0,0.995,1.0,True,True,30.0,169.0,0.0,[1],10.0,10.0,1,10.0,0,0.009606584000010798
aco_current,10,8356,88,1,2,0.0,0.0,0.0,0.0,0.09907747060060501,False,False,0.0,0.0,0.0,[],10.0,10.0,1,10.0,0,0.009606584000010798
aco_current,10,8356,88,1,3,0.0,0.0,0.0,0.0,0.43936213850975037,False,False,0.0,0.0,0.0,[],10.0,10.0,1,10.0,0,0.009606584000010798
aco_current,10,8356,88,1,4,0.0,0.0,0.0,0.0,0.20313307642936707,False,False,0.0,0.0,0.0,[],10.0,10.0,1,10.0,0,0.009606584000010798
aco_current,10,8357,88,1,1,28.0,169.0,197.0,0.985,1.0,True,True,30.0,167.0,0.0,[1],10.0,10.0,1,10.0,0,0.0101032919999966
aco_current,10,8357,88,1,2,0.0,0.0,0.0,0.0,0.09907747060060501,False,False,0.0,0.0,0.0,[],10.0,10.0,1,10.0,0,0.0101032919999966
aco_current,10,8357,88,1,3,0.0,0.0,0.0,0.0,0.43936213850975037,False,False,0.0,0.0,0.0,[],10.0,10.0,1,10.0,0,0.0101032919999966
aco_current,10,8357,88,1,4,0.0,0.0,0.0,0.0,0.20313307642936707,False,False,0.0,0.0,0.0,[],10.0,10.0,1,10.0,0,0.0101032919999966
aco_current,10,8358,88,1,1,34.0,167.0,201.0,1.005,1.0,True,True,30.0,171.0,0.0,[1],10.0,10.0,1,10.0,0,0.00983333300001732
aco_current,10,8358,88,1,2,0.0,0.0,0.0,0.0,0.09907747060060501,False,False,0.0,0.0,0.0,[],10.0,10.0,1,10.0,0,0.00983333300001732
aco_current,10,8358,88,1,3,0.0,0.0,0.0,0.0,0.43936213850975037,False,False,0.0,0.0,0.0,[],10.0,10.0,1,10.0,0,0.00983333300001732
aco_current,10,8358,88,1,4,0.0,0.0,0.0,0.0,0.20313307642936707,False,False,0.0,0.0,0.0,[],10.0,10.0,1,10.0,0,0.00983333300001732
aco_current,10,8359,88,1,1,40.0,171.0,211.0,1.055,1.0,True,True,30.0,181.0,0.0,[1],10.0,10.0,1,10.0,0,0.0096634589999951
aco_current,10,8359,88,1,2,0.0,0.0,0.0,0.0,0.09907747060060501,False,False,0.0,0.0,0.0,[],10.0,10.0,1,10.0,0,0.0096634589999951
aco_current,10,8359,88,1,3,0.0,0.0,0.0,0.0,0.43936213850975037,False,False,0.0,0.0,0.0,[],10.0,10.0,1,10.0,0,0.0096634589999951
aco_current,10,8359,88,1,4,0.0,0.0,0.0,0.0,0.20313307642936707,False,False,0.0,0.0,0.0,[],10.0,10.0,1,10.0,0,0.0096634589999951
aco_current,10,8360,88,2,1,42.0,181.0,223.0,1.115,1.0,True,True,30.0,193.0,0.0,[1],10.0,10.0,1,10.0,0,0.00952350000000024
aco_current,10,8360,88,2,2,0.0,0.0,0.0,0.0,0.09907747060060501,False,False,0.0,0.0,0.0,[],10.0,10.0,1,10.0,0,0.00952350000000024
aco_current,10,8360,88,2,3,0.0,0.0,0.0,0.0,0.43936213850975037,False,False,0.0,0.0,0.0,[],10.0,10.0,1,10.0,0,0.00952350000000024
aco_current,10,8360,88,2,4,0.0,0.0,0.0,0.0,0.20313307642936707,False,False,0.0,0.0,0.0,[],10.0,10.0,1,10.0,0,0.00952350000000024
aco_current,10,8361,88,2,1,40.0,193.0,233.0,1.165,1.0,True,True,30.0,200.0,3.0,[1],10.0,10.0,1,10.0,0,0.009833416999981637
aco_current,10,8361,88,2,2,0.0,0.0,0.0,0.0,0.09907747060060501,False,False,0.0,0.0,0.0,[],10.0,10.0,1,10.0,0,0.009833416999981637
aco_current,10,8361,88,2,3,0.0,0.0,0.0,0.0,0.43936213850975037,False,False,0.0,0.0,0.0,[],10.0,10.0,1,10.0,0,0.009833416999981637
aco_current,10,8361,88,2,4,0.0,0.0,0.0,0.0,0.20313307642936707,False,False,0.0,0.0,0.0,[],10.0,10.0,1,10.0,0,0.009833416999981637
aco_current,10,8362,88,2,1,41.0,200.0,241.0,1.205,1.0,True,True,30.0,200.0,11.0,[1],10.0,10.0,1,10.0,0,0.009877832999990233
aco_current,10,8362,88,2,2,0.0,0.0,0.0,0.0,0.09907747060060501,False,False,0.0,0.0,0.0,[],10.0,10.0,1,10.0,0,0.009877832999990233
aco_current,10,8362,88,2,3,0.0,0.0,0.0,0.0,0.43936213850975037,False,False,0.0,0.0,0.0,[],10.0,10.0,1,10.0,0,0.009877832999990233
aco_current,10,8362,88,2,4,0.0,0.0,0.0,0.0,0.20313307642936707,False,False,0.0,0.0,0.0,[],10.0,10.0,1,10.0,0,0.009877832999990233
aco_current,10,8363,88,2,1,41.0,200.0,241.0,1.205,1.0,True,True,30.0,200.0,11.0,[1],10.0,10.0,1,10.0,0,0.009707208000008904
aco_current,10,8363,88,2,2,0.0,0.0,0.0,0.0,0.09907747060060501,False,False,0.0,0.0,0.0,[],10.0,10.0,1,10.0,0,0.009707208000008904
aco_current,10,8363,88,2,3,0.0,0.0,0.0,0.0,0.43936213850975037,False,False,0.0,0.0,0.0,[],10.0,10.0,1,10.0,0,0.009707208000008904
aco_current,10,8363,88,2,4,0.0,0.0,0.0,0.0,0.20313307642936707,False,False,0.0,0.0,0.0,[],10.0,10.0,1,10.0,0,0.009707208000008904
aco_current,10,8364,88,3,1,40.0,200.0,240.0,1.2,1.0,True,True,30.0,200.0,10.0,[1],10.0,10.0,1,10.0,0,0.009614875000011125
aco_current,10,8364,88,3,2,0.0,0.0,0.0,0.0,0.09907747060060501,False,False,0.0,0.0,0.0,[],10.0,10.0,1,10.0,0,0.009614875000011125
aco_current,10,8364,88,3,3,0.0,0.0,0.0,0.0,0.43936213850975037,False,False,0.0,0.0,0.0,[],10.0,10.0,1,10.0,0,0.009614875000011125
aco_current,10,8364,88,3,4,0.0,0.0,0.0,0.0,0.20313307642936707,False,False,0.0,0.0,0.0,[],10.0,10.0,1,10.0,0,0.009614875000011125
aco_current,10,8365,88,3,1,41.0,200.0,241.0,1.205,1.0,True,True,30.0,200.0,11.0,[1],10.0,10.0,1,10.0,0,0.009880000000009659
aco_current,10,8365,88,3,2,0.0,0.0,0.0,0.0,0.09907747060060501,False,False,0.0,0.0,0.0,[],10.0,10.0,1,10.0,0,0.009880000000009659
aco_current,10,8365,88,3,3,0.0,0.0,0.0,0.0,0.43936213850975037,False,False,0.0,0.0,0.0,[],10.0,10.0,1,10.0,0,0.009880000000009659
aco_current,10,8365,88,3,4,0.0,0.0,0.0,0.0,0.20313307642936707,False,False,0.0,0.0,0.0,[],10.0,10.0,1,10.0,0,0.009880000000009659
aco_current,10,8366,88,3,1,40.0,200.0,240.0,1.2,1.0,True,True,30.0,200.0,10.0,[1],10.0,10.0,1,10.0,0,0.009845417000008183
aco_current,10,8366,88,3,2,0.0,0.0,0.0,0.0,0.09907747060060501,False,False,0.0,0.0,0.0,[],10.0,10.0,1,10.0,0,0.009845417000008183
aco_current,10,8366,88,3,3,0.0,0.0,0.0,0.0,0.43936213850975037,False,False,0.0,0.0,0.0,[],10.0,10.0,1,10.0,0,0.009845417000008183
aco_current,10,8366,88,3,4,0.0,0.0,0.0,0.0,0.20313307642936707,False,False,0.0,0.0,0.0,[],10.0,10.0,1,10.0,0,0.009845417000008183
aco_current,10,8367,88,3,1,31.0,200.0,231.0,1.155,1.0,True,True,30.0,200.0,1.0,[1],10.0,10.0,1,10.0,0,0.010047583999977405
aco_current,10,8367,88,3,2,0.0,0.0,0.0,0.0,0.09907747060060501,False,False,0.0,0.0,0.0,[],10.0,10.0,1,10.0,0,0.010047583999977405
aco_current,10,8367,88,3,3,0.0,0.0,0.0,0.0,0.43936213850975037,False,False,0.0,0.0,0.0,[],10.0,10.0,1,10.0,0,0.010047583999977405
aco_current,10,8367,88,3,4,0.0,0.0,0.0,0.0,0.20313307642936707,False,False,0.0,0.0,0.0,[],10.0,10.0,1,10.0,0,0.010047583999977405
aco_current,10,8368,88,4,1,27.0,200.0,227.0,1.135,1.0,True,True,30.0,197.0,0.0,[1],10.0,10.0,1,10.0,0,0.010008999999996604
aco_current,10,8368,88,4,2,0.0,0.0,0.0,0.0,0.09907747060060501,False,False,0.0,0.0,0.0,[],10.0,10.0,1,10.0,0,0.010008999999996604
aco_current,10,8368,88,4,3,0.0,0.0,0.0,0.0,0.43936213850975037,False,False,0.0,0.0,0.0,[],10.0,10.0,1,10.0,0,0.010008999999996604
aco_current,10,8368,88,4,4,0.0,0.0,0.0,0.0,0.20313307642936707,False,False,0.0,0.0,0.0,[],10.0,10.0,1,10.0,0,0.010008999999996604
aco_current,10,8369,88,4,1,27.0,197.0,224.0,1.12,1.0,True,True,30.0,194.0,0.0,[1],10.0,10.0,1,10.0,0,0.010028250000004846
aco_current,10,8369,88,4,2,0.0,0.0,0.0,0.0,0.09907747060060501,False,False,0.0,0.0,0.0,[],10.0,10.0,1,10.0,0,0.010028250000004846
aco_current,10,8369,88,4,3,0.0,0.0,0.0,0.0,0.43936213850975037,False,False,0.0,0.0,0.0,[],10.0,10.0,1,10.0,0,0.010028250000004846
aco_current,10,8369,88,4,4,0.0,0.0,0.0,0.0,0.20313307642936707,False,False,0.0,0.0,0.0,[],10.0,10.0,1,10.0,0,0.010028250000004846
aco_current,10,8370,88,4,1,27.0,194.0,221.0,1.105,1.0,True,True,30.0,191.0,0.0,[1],10.0,10.0,1,10.0,0,0.010133375000009437
aco_current,10,8370,88,4,2,0.0,0.0,0.0,0.0,0.09907747060060501,False,False,0.0,0.0,0.0,[],10.0,10.0,1,10.0,0,0.010133375000009437
aco_current,10,8370,88,4,3,0.0,0.0,0.0,0.0,0.43936213850975037,False,False,0.0,0.0,0.0,[],10.0,10.0,1,10.0,0,0.010133375000009437
aco_current,10,8370,88,4,4,0.0,0.0,0.0,0.0,0.20313307642936707,False,False,0.0,0.0,0.0,[],10.0,10.0,1,10.0,0,0.010133375000009437
aco_current,10,8371,88,4,1,26.0,191.0,217.0,1.085,1.0,True,True,30.0,187.0,0.0,[1],10.0,10.0,1,10.0,0,0.0098086249999767
aco_current,10,8371,88,4,2,0.0,0.0,0.0,0.0,0.09907747060060501,False,False,0.0,0.0,0.0,[],10.0,10.0,1,10.0,0,0.0098086249999767
aco_current,10,8371,88,4,3,0.0,0.0,0.0,0.0,0.43936213850975037,False,False,0.0,0.0,0.0,[],10.0,10.0,1,10.0,0,0.0098086249999767
aco_current,10,8371,88,4,4,0.0,0.0,0.0,0.0,0.20313307642936707,False,False,0.0,0.0,0.0,[],10.0,10.0,1,10.0,0,0.0098086249999767
aco_current,10,8372,88,5,1,27.0,187.0,214.0,1.07,1.0,True,True,30.0,184.0,0.0,[1],10.0,10.0,1,10.0,0,0.009785917000016298
aco_current,10,8372,88,5,2,0.0,0.0,0.0,0.0,0.09907747060060501,False,False,0.0,0.0,0.0,[],10.0,10.0,1,10.0,0,0.009785917000016298
aco_current,10,8372,88,5,3,0.0,0.0,0.0,0.0,0.43936213850975037,False,False,0.0,0.0,0.0,[],10.0,10.0,1,10.0,0,0.009785917000016298
aco_current,10,8372,88,5,4,0.0,0.0,0.0,0.0,0.20313307642936707,False,False,0.0,0.0,0.0,[],10.0,10.0,1,10.0,0,0.009785917000016298
aco_current,10,8373,88,5,1,27.0,184.0,211.0,1.055,1.0,True,True,30.0,181.0,0.0,[1],10.0,10.0,1,10.0,0,0.009802582999981269
aco_current,10,8373,88,5,2,0.0,0.0,0.0,0.0,0.09907747060060501,False,False,0.0,0.0,0.0,[],10.0,10.0,1,10.0,0,0.009802582999981269
aco_current,10,8373,88,5,3,0.0,0.0,0.0,0.0,0.43936213850975037,False,False,0.0,0.0,0.0,[],10.0,10.0,1,10.0,0,0.009802582999981269
aco_current,10,8373,88,5,4,0.0,0.0,0.0,0.0,0.20313307642936707,False,False,0.0,0.0,0.0,[],10.0,10.0,1,10.0,0,0.009802582999981269
aco_current,10,8374,88,5,1,26.0,181.0,207.0,1.035,1.0,True,True,30.0,177.0,0.0,[1],10.0,10.0,1,10.0,0,0.009811291999994864
aco_current,10,8374,88,5,2,0.0,0.0,0.0,0.0,0.09907747060060501,False,False,0.0,0.0,0.0,[],10.0,10.0,1,10.0,0,0.009811291999994864
aco_current,10,8374,88,5,3,0.0,0.0,0.0,0.0,0.43936213850975037,False,False,0.0,0.0,0.0,[],10.0,10.0,1,10.0,0,0.009811291999994864
aco_current,10,8374,88,5,4,0.0,0.0,0.0,0.0,0.20313307642936707,False,False,0.0,0.0,0.0,[],10.0,10.0,1,10.0,0,0.009811291999994864
aco_current,10,8375,88,5,1,27.0,177.0,204.0,1.02,1.0,True,True,30.0,174.0,0.0,[1],10.0,10.0,1,10.0,0,0.010304415999996763
aco_current,10,8375,88,5,2,0.0,0.0,0.0,0.0,0.09907747060060501,False,False,0.0,0.0,0.0,[],10.0,10.0,1,10.0,0,0.010304415999996763
aco_current,10,8375,88,5,3,0.0,0.0,0.0,0.0,0.43936213850975037,False,False,0.0,0.0,0.0,[],10.0,10.0,1,10.0,0,0.010304415999996763
aco_current,10,8375,88,5,4,0.0,0.0,0.0,0.0,0.20313307642936707,False,False,0.0,0.0,0.0,[],10.0,10.0,1,10.0,0,0.010304415999996763
aco_current,10,8376,88,6,1,27.0,174.0,201.0,1.005,1.0,True,True,30.0,171.0,0.0,[1],10.0,10.0,1,10.0,0,0.0098656670000139
aco_current,10,8376,88,6,2,0.0,0.0,0.0,0.0,0.09907747060060501,False,False,0.0,0.0,0.0,[],10.0,10.0,1,10.0,0,0.0098656670000139
aco_current,10,8376,88,6,3,0.0,0.0,0.0,0.0,0.43936213850975037,False,False,0.0,0.0,0.0,[],10.0,10.0,1,10.0,0,0.0098656670000139
aco_current,10,8376,88,6,4,0.0,0.0,0.0,0.0,0.20313307642936707,False,False,0.0,0.0,0.0,[],10.0,10.0,1,10.0,0,0.0098656670000139
aco_current,10,8377,88,6,1,25.0,171.0,196.0,0.98,1.0,True,True,30.0,166.0,0.0,[1],10.0,10.0,1,10.0,0,0.009719749999987926
aco_current,10,8377,88,6,2,0.0,0.0,0.0,0.0,0.09907747060060501,False,False,0.0,0.0,0.0,[],10.0,10.0,1,10.0,0,0.009719749999987926
aco_current,10,8377,88,6,3,0.0,0.0,0.0,0.0,0.43936213850975037,False,False,0.0,0.0,0.0,[],10.0,10.0,1,10.0,0,0.009719749999987926
aco_current,10,8377,88,6,4,0.0,0.0,0.0,0.0,0.20313307642936707,False,False,0.0,0.0,0.0,[],10.0,10.0,1,10.0,0,0.009719749999987926
aco_current,10,8378,88,6,1,27.0,166.0,193.0,0.965,1.0,True,True,30.0,163.0,0.0,[1],10.0,10.0,1,10.0,0,0.009747875000016393
aco_current,10,8378,88,6,2,0.0,0.0,0.0,0.0,0.09907747060060501,False,False,0.0,0.0,0.0,[],10.0,10.0,1,10.0,0,0.009747875000016393
aco_current,10,8378,88,6,3,0.0,0.0,0.0,0.0,0.43936213850975037,False,False,0.0,0.0,0.0,[],10.0,10.0,1,10.0,0,0.009747875000016393
aco_current,10,8378,88,6,4,0.0,0.0,0.0,0.0,0.20313307642936707,False,False,0.0,0.0,0.0,[],10.0,10.0,1,10.0,0,0.009747875000016393
aco_current,10,8379,88,6,1,20.0,163.0,183.0,0.915,0.9999998807907104,True,True,30.0,153.0,0.0,[1],10.0,10.0,1,10.0,0,0.009632874999994101
aco_current,10,8379,88,6,2,0.0,0.0,0.0,0.0,0.09907747060060501,False,False,0.0,0.0,0.0,[],10.0,10.0,1,10.0,0,0.009632874999994101
aco_current,10,8379,88,6,3,0.0,0.0,0.0,0.0,0.43936213850975037,False,False,0.0,0.0,0.0,[],10.0,10.0,1,10.0,0,0.009632874999994101
aco_current,10,8379,88,6,4,0.0,0.0,0.0,0.0,0.20313307642936707,False,False,0.0,0.0,0.0,[],10.0,10.0,1,10.0,0,0.009632874999994101
aco_current,10,8380,88,7,1,19.0,153.0,172.0,0.86,0.9999966621398926,True,True,30.0,142.0,0.0,[1],10.0,10.0,1,10.0,0,0.009871833000005381
aco_current,10,8380,88,7,2,0.0,0.0,0.0,0.0,0.09907747060060501,False,False,0.0,0.0,0.0,[],10.0,10.0,1,10.0,0,0.009871833000005381
aco_current,10,8380,88,7,3,0.0,0.0,0.0,0.0,0.43936213850975037,False,False,0.0,0.0,0.0,[],10.0,10.0,1,10.0,0,0.009871833000005381
aco_current,10,8380,88,7,4,0.0,0.0,0.0,0.0,0.20313307642936707,False,False,0.0,0.0,0.0,[],10.0,10.0,1,10.0,0,0.009871833000005381
aco_current,10,8381,88,7,1,19.0,142.0,161.0,0.805,0.9999404549598694,True,True,30.0,131.0,0.0,[1],10.0,10.0,1,10.0,0,0.009979917000009664
aco_current,10,8381,88,7,2,0.0,0.0,0.0,0.0,0.09907747060060501,False,False,0.0,0.0,0.0,[],10.0,10.0,1,10.0,0,0.009979917000009664
aco_current,10,8381,88,7,3,0.0,0.0,0.0,0.0,0.43936213850975037,False,False,0.0,0.0,0.0,[],10.0,10.0,1,10.0,0,0.009979917000009664
aco_current,10,8381,88,7,4,0.0,0.0,0.0,0.0,0.20313307642936707,False,False,0.0,0.0,0.0,[],10.0,10.0,1,10.0,0,0.009979917000009664
aco_current,10,8382,88,7,1,19.0,131.0,150.0,0.75,0.9993963837623596,False,False,0.0,150.0,0.0,[],0.0,0.0,0,0.0,0,3.1659999990552024e-06
aco_current,10,8382,88,7,2,0.0,0.0,0.0,0.0,0.09907747060060501,False,False,0.0,0.0,0.0,[],0.0,0.0,0,0.0,0,3.1659999990552024e-06
aco_current,10,8382,88,7,3,0.0,0.0,0.0,0.0,0.43936213850975037,False,False,0.0,0.0,0.0,[],0.0,0.0,0,0.0,0,3.1659999990552024e-06
aco_current,10,8382,88,7,4,0.0,0.0,0.0,0.0,0.20313307642936707,False,False,0.0,0.0,0.0,[],0.0,0.0,0,0.0,0,3.1659999990552024e-06
aco_current,10,8383,88,7,1,19.0,150.0,169.0,0.845,0.9999920725822449,True,True,30.0,139.0,0.0,[1],10.0,10.0,1,10.0,0,0.012068416999994724
aco_current,10,8383,88,7,2,0.0,0.0,0.0,0.0,0.09907747060060501,False,False,0.0,0.0,0.0,[],10.0,10.0,1,10.0,0,0.012068416999994724
aco_current,10,8383,88,7,3,0.0,0.0,0.0,0.0,0.43936213850975037,False,False,0.0,0.0,0.0,[],10.0,10.0,1,10.0,0,0.012068416999994724
aco_current,10,8383,88,7,4,0.0,0.0,0.0,0.0,0.20313307642936707,False,False,0.0,0.0,0.0,[],10.0,10.0,1,10.0,0,0.012068416999994724
aco_current,10,8384,88,8,1,19.0,139.0,158.0,0.79,0.9998672604560852,False,False,0.0,158.0,0.0,[],0.0,0.0,0,0.0,0,3.4999999911633495e-06
aco_current,10,8384,88,8,2,0.0,0.0,0.0,0.0,0.09907747060060501,False,False,0.0,0.0,0.0,[],0.0,0.0,0,0.0,0,3.4999999911633495e-06
aco_current,10,8384,88,8,3,0.0,0.0,0.0,0.0,0.43936213850975037,False,False,0.0,0.0,0.0,[],0.0,0.0,0,0.0,0,3.4999999911633495e-06
aco_current,10,8384,88,8,4,0.0,0.0,0.0,0.0,0.20313307642936707,False,False,0.0,0.0,0.0,[],0.0,0.0,0,0.0,0,3.4999999911633495e-06
aco_current,10,8385,88,8,1,19.0,158.0,177.0,0.885,0.9999990463256836,True,True,30.0,147.0,0.0,[1],10.0,10.0,1,10.0,0,0.009904082999980801
aco_current,10,8385,88,8,2,0.0,0.0,0.0,0.0,0.09907747060060501,False,False,0.0,0.0,0.0,[],10.0,10.0,1,10.0,0,0.009904082999980801
aco_current,10,8385,88,8,3,0.0,0.0,0.0,0.0,0.43936213850975037,False,False,0.0,0.0,0.0,[],10.0,10.0,1,10.0,0,0.009904082999980801
aco_current,10,8385,88,8,4,0.0,0.0,0.0,0.0,0.20313307642936707,False,False,0.0,0.0,0.0,[],10.0,10.0,1,10.0,0,0.009904082999980801
aco_current,10,8386,88,8,1,18.0,147.0,165.0,0.825,0.9999682903289795,True,True,30.0,135.0,0.0,[1],10.0,10.0,1,10.0,0,0.009721999999982245
aco_current,10,8386,88,8,2,0.0,0.0,0.0,0.0,0.09907747060060501,False,False,0.0,0.0,0.0,[],10.0,10.0,1,10.0,0,0.009721999999982245
aco_current,10,8386,88,8,3,0.0,0.0,0.0,0.0,0.43936213850975037,False,False,0.0,0.0,0.0,[],10.0,10.0,1,10.0,0,0.009721999999982245
aco_current,10,8386,88,8,4,0.0,0.0,0.0,0.0,0.20313307642936707,False,False,0.0,0.0,0.0,[],10.0,10.0,1,10.0,0,0.009721999999982245
aco_current,10,8387,88,8,1,21.0,135.0,156.0,0.78,0.9998970031738281,False,False,0.0,156.0,0.0,[],0.0,0.0,0,0.0,0,3.6670000156391325e-06
aco_current,10,8387,88,8,2,0.0,0.0,0.0,0.0,0.09907747060060501,False,False,0.0,0.0,0.0,[],0.0,0.0,0,0.0,0,3.6670000156391325e-06
aco_current,10,8387,88,8,3,0.0,0.0,0.0,0.0,0.43936213850975037,False,False,0.0,0.0,0.0,[],0.0,0.0,0,0.0,0,3.6670000156391325e-06
aco_current,10,8387,88,8,4,0.0,0.0,0.0,0.0,0.20313307642936707,False,False,0.0,0.0,0.0,[],0.0,0.0,0,0.0,0,3.6670000156391325e-06
aco_current,10,8388,88,9,1,23.0,156.0,179.0,0.895,0.9999998807907104,True,True,30.0,149.0,0.0,[1],10.0,10.0,1,10.0,0,0.010194250000012062
aco_current,10,8388,88,9,2,0.0,0.0,0.0,0.0,0.09907747060060501,False,False,0.0,0.0,0.0,[],10.0,10.0,1,10.0,0,0.010194250000012062
aco_current,10,8388,88,9,3,0.0,0.0,0.0,0.0,0.43936213850975037,False,False,0.0,0.0,0.0,[],10.0,10.0,1,10.0,0,0.010194250000012062
aco_current,10,8388,88,9,4,0.0,0.0,0.0,0.0,0.20313307642936707,False,False,0.0,0.0,0.0,[],10.0,10.0,1,10.0,0,0.010194250000012062
aco_current,10,8389,88,9,1,22.0,149.0,171.0,0.855,0.9999983906745911,True,True,30.0,141.0,0.0,[1],10.0,10.0,1,10.0,0,0.009983292000015354
aco_current,10,8389,88,9,2,0.0,0.0,0.0,0.0,0.09907747060060501,False,False,0.0,0.0,0.0,[],10.0,10.0,1,10.0,0,0.009983292000015354
aco_current,10,8389,88,9,3,0.0,0.0,0.0,0.0,0.43936213850975037,False,False,0.0,0.0,0.0,[],10.0,10.0,1,10.0,0,0.009983292000015354
aco_current,10,8389,88,9,4,0.0,0.0,0.0,0.0,0.20313307642936707,False,False,0.0,0.0,0.0,[],10.0,10.0,1,10.0,0,0.009983292000015354
aco_current,10,8390,88,9,1,23.0,141.0,164.0,0.82,0.9999933242797852,True,True,30.0,134.0,0.0,[1],10.0,10.0,1,10.0,0,0.009752458000008346
aco_current,10,8390,88,9,2,0.0,0.0,0.0,0.0,0.09907747060060501,False,False,0.0,0.0,0.0,[],10.0,10.0,1,10.0,0,0.009752458000008346
aco_current,10,8390,88,9,3,0.0,0.0,0.0,0.0,0.43936213850975037,False,False,0.0,0.0,0.0,[],10.0,10.0,1,10.0,0,0.009752458000008346
aco_current,10,8390,88,9,4,0.0,0.0,0.0,0.0,0.20313307642936707,False,False,0.0,0.0,0.0,[],10.0,10.0,1,10.0,0,0.009752458000008346
aco_current,10,8391,88,9,1,23.0,134.0,157.0,0.785,0.9999595880508423,False,False,0.0,157.0,0.0,[],0.0,0.0,0,0.0,0,3.4589999984291353e-06
aco_current,10,8391,88,9,2,0.0,0.0,0.0,0.0,0.09907747060060501,False,False,0.0,0.0,0.0,[],0.0,0.0,0,0.0,0,3.4589999984291353e-06
aco_current,10,8391,88,9,3,0.0,0.0,0.0,0.0,0.43936213850975037,False,False,0.0,0.0,0.0,[],0.0,0.0,0,0.0,0,3.4589999984291353e-06
aco_current,10,8391,88,9,4,0.0,0.0,0.0,0.0,0.20313307642936707,False,False,0.0,0.0,0.0,[],0.0,0.0,0,0.0,0,3.4589999984291353e-06
aco_current,10,8392,88,10,1,23.0,157.0,180.0,0.9,0.9999998807907104,True,True,30.0,150.0,0.0,[1],10.0,10.0,1,10.0,0,0.009770625000015798
aco_current,10,8392,88,10,2,0.0,0.0,0.0,0.0,0.09907747060060501,False,False,0.0,0.0,0.0,[],10.0,10.0,1,10.0,0,0.009770625000015798
aco_current,10,8392,88,10,3,0.0,0.0,0.0,0.0,0.43936213850975037,False,False,0.0,0.0,0.0,[],10.0,10.0,1,10.0,0,0.009770625000015798
aco_current,10,8392,88,10,4,0.0,0.0,0.0,0.0,0.20313307642936707,False,False,0.0,0.0,0.0,[],10.0,10.0,1,10.0,0,0.009770625000015798
aco_current,10,8393,88,10,1,14.0,150.0,164.0,0.82,0.9998411536216736,True,True,30.0,134.0,0.0,[1],10.0,10.0,1,10.0,0,0.009936582999984012
aco_current,10,8393,88,10,2,0.0,0.0,0.0,0.0,0.09907747060060501,False,False,0.0,0.0,0.0,[],10.0,10.0,1,10.0,0,0.009936582999984012
aco_current,10,8393,88,10,3,0.0,0.0,0.0,0.0,0.43936213850975037,False,False,0.0,0.0,0.0,[],10.0,10.0,1,10.0,0,0.009936582999984012
aco_current,10,8393,88,10,4,0.0,0.0,0.0,0.0,0.20313307642936707,False,False,0.0,0.0,0.0,[],10.0,10.0,1,10.0,0,0.009936582999984012
aco_current,10,8394,88,10,1,13.0,134.0,147.0,0.735,0.9930466413497925,False,False,0.0,147.0,0.0,[],0.0,0.0,0,0.0,0,3.5829999944780866e-06
aco_current,10,8394,88,10,2,0.0,0.0,0.0,0.0,0.09907747060060501,False,False,0.0,0.0,0.0,[],0.0,0.0,0,0.0,0,3.5829999944780866e-06
aco_current,10,8394,88,10,3,0.0,0.0,0.0,0.0,0.43936213850975037,False,False,0.0,0.0,0.0,[],0.0,0.0,0,0.0,0,3.5829999944780866e-06
aco_current,10,8394,88,10,4,0.0,0.0,0.0,0.0,0.20313307642936707,False,False,0.0,0.0,0.0,[],0.0,0.0,0,0.0,0,3.5829999944780866e-06
aco_current,10,8395,88,10,1,13.0,147.0,160.0,0.8,0.9992989897727966,True,True,30.0,130.0,0.0,[1],10.0,10.0,1,10.0,0,0.009812917000004973
aco_current,10,8395,88,10,2,0.0,0.0,0.0,0.0,0.09907747060060501,False,False,0.0,0.0,0.0,[],10.0,10.0,1,10.0,0,0.009812917000004973
aco_current,10,8395,88,10,3,0.0,0.0,0.0,0.0,0.43936213850975037,False,False,0.0,0.0,0.0,[],10.0,10.0,1,10.0,0,0.009812917000004973
aco_current,10,8395,88,10,4,0.0,0.0,0.0,0.0,0.20313307642936707,False,False,0.0,0.0,0.0,[],10.0,10.0,1,10.0,0,0.009812917000004973
aco_current,10,8396,88,11,1,12.0,130.0,142.0,0.71,0.9826803207397461,False,False,0.0,142.0,0.0,[],0.0,0.0,0,0.0,0,3.0829999957404652e-06
aco_current,10,8396,88,11,2,0.0,0.0,0.0,0.0,0.09907747060060501,False,False,0.0,0.0,0.0,[],0.0,0.0,0,0.0,0,3.0829999957404652e-06
aco_current,10,8396,88,11,3,0.0,0.0,0.0,0.0,0.43936213850975037,False,False,0.0,0.0,0.0,[],0.0,0.0,0,0.0,0,3.0829999957404652e-06
aco_current,10,8396,88,11,4,0.0,0.0,0.0,0.0,0.20313307642936707,False,False,0.0,0.0,0.0,[],0.0,0.0,0,0.0,0,3.0829999957404652e-06
aco_current,10,8397,88,11,1,13.0,142.0,155.0,0.775,0.9976739287376404,False,False,0.0,155.0,0.0,[],0.0,0.0,0,0.0,0,3.2920000023750617e-06
aco_current,10,8397,88,11,2,0.0,0.0,0.0,0.0,0.09907747060060501,False,False,0.0,0.0,0.0,[],0.0,0.0,0,0.0,0,3.2920000023750617e-06
aco_current,10,8397,88,11,3,0.0,0.0,0.0,0.0,0.43936213850975037,False,False,0.0,0.0,0.0,[],0.0,0.0,0,0.0,0,3.2920000023750617e-06
aco_current,10,8397,88,11,4,0.0,0.0,0.0,0.0,0.20313307642936707,False,False,0.0,0.0,0.0,[],0.0,0.0,0,0.0,0,3.2920000023750617e-06
aco_current,10,8398,88,11,1,19.0,155.0,174.0,0.87,0.999997615814209,True,True,30.0,144.0,0.0,[1],10.0,10.0,1,10.0,0,0.009971291999988807
aco_current,10,8398,88,11,2,0.0,0.0,0.0,0.0,0.09907747060060501,False,False,0.0,0.0,0.0,[],10.0,10.0,1,10.0,0,0.009971291999988807
aco_current,10,8398,88,11,3,0.0,0.0,0.0,0.0,0.43936213850975037,False,False,0.0,0.0,0.0,[],10.0,10.0,1,10.0,0,0.009971291999988807
aco_current,10,8398,88,11,4,0.0,0.0,0.0,0.0,0.20313307642936707,False,False,0.0,0.0,0.0,[],10.0,10.0,1,10.0,0,0.009971291999988807
aco_current,10,8399,88,11,1,40.0,144.0,184.0,0.92,1.0,True,True,30.0,154.0,0.0,[1],10.0,10.0,1,10.0,0,0.009860082999978204
aco_current,10,8399,88,11,2,0.0,0.0,0.0,0.0,0.09907747060060501,False,False,0.0,0.0,0.0,[],10.0,10.0,1,10.0,0,0.009860082999978204
aco_current,10,8399,88,11,3,0.0,0.0,0.0,0.0,0.43936213850975037,False,False,0.0,0.0,0.0,[],10.0,10.0,1,10.0,0,0.009860082999978204
aco_current,10,8399,88,11,4,0.0,0.0,0.0,0.0,0.20313307642936707,False,False,0.0,0.0,0.0,[],10.0,10.0,1,10.0,0,0.009860082999978204
aco_current,10,8400,88,12,1,47.0,154.0,201.0,1.005,1.0,True,True,30.0,171.0,0.0,[1],10.0,10.0,1,10.0,0,0.009713083000008282
aco_current,10,8400,88,12,2,0.0,0.0,0.0,0.0,0.09907747060060501,False,False,0.0,0.0,0.0,[],10.0,10.0,1,10.0,0,0.009713083000008282
aco_current,10,8400,88,12,3,0.0,0.0,0.0,0.0,0.43936213850975037,False,False,0.0,0.0,0.0,[],10.0,10.0,1,10.0,0,0.009713083000008282
aco_current,10,8400,88,12,4,0.0,0.0,0.0,0.0,0.20313307642936707,False,False,0.0,0.0,0.0,[],10.0,10.0,1,10.0,0,0.009713083000008282
aco_current,10,8401,88,12,1,39.0,171.0,210.0,1.05,1.0,True,True,30.0,180.0,0.0,[1],10.0,10.0,1,10.0,0,0.010021249999994097
aco_current,10,8401,88,12,2,0.0,0.0,0.0,0.0,0.09907747060060501,False,False,0.0,0.0,0.0,[],10.0,10.0,1,10.0,0,0.010021249999994097
aco_current,10,8401,88,12,3,0.0,0.0,0.0,0.0,0.43936213850975037,False,False,0.0,0.0,0.0,[],10.0,10.0,1,10.0,0,0.010021249999994097
aco_current,10,8401,88,12,4,0.0,0.0,0.0,0.0,0.20313307642936707,False,False,0.0,0.0,0.0,[],10.0,10.0,1,10.0,0,0.010021249999994097
aco_current,10,8402,88,12,1,60.0,180.0,240.0,1.2,1.0,True,True,30.0,200.0,10.0,[1],10.0,10.0,1,10.0,0,0.009768334000000323
aco_current,10,8402,88,12,2,0.0,0.0,0.0,0.0,0.09907747060060501,False,False,0.0,0.0,0.0,[],10.0,10.0,1,10.0,0,0.009768334000000323
aco_current,10,8402,88,12,3,0.0,0.0,0.0,0.0,0.43936213850975037,False,False,0.0,0.0,0.0,[],10.0,10.0,1,10.0,0,0.009768334000000323
aco_current,10,8402,88,12,4,0.0,0.0,0.0,0.0,0.20313307642936707,False,False,0.0,0.0,0.0,[],10.0,10.0,1,10.0,0,0.009768334000000323
aco_current,10,8403,88,12,1,82.0,200.0,282.0,1.41,1.0,True,True,30.0,200.0,52.0,[1],10.0,10.0,1,10.0,0,0.009814082999980656
aco_current,10,8403,88,12,2,0.0,0.0,0.0,0.0,0.09907747060060501,False,False,0.0,0.0,0.0,[],10.0,10.0,1,10.0,0,0.009814082999980656
aco_current,10,8403,88,12,3,0.0,0.0,0.0,0.0,0.43936213850975037,False,False,0.0,0.0,0.0,[],10.0,10.0,1,10.0,0,0.009814082999980656
aco_current,10,8403,88,12,4,0.0,0.0,0.0,0.0,0.20313307642936707,False,False,0.0,0.0,0.0,[],10.0,10.0,1,10.0,0,0.009814082999980656
aco_current,10,8404,88,13,1,93.0,200.0,293.0,1.465,1.0,True,True,30.0,200.0,63.0,[1],10.0,10.0,1,10.0,0,0.009658749999999827
aco_current,10,8404,88,13,2,0.0,0.0,0.0,0.0,0.09907747060060501,False,False,0.0,0.0,0.0,[],10.0,10.0,1,10.0,0,0.009658749999999827
aco_current,10,8404,88,13,3,0.0,0.0,0.0,0.0,0.43936213850975037,False,False,0.0,0.0,0.0,[],10.0,10.0,1,10.0,0,0.009658749999999827
aco_current,10,8404,88,13,4,0.0,0.0,0.0,0.0,0.20313307642936707,False,False,0.0,0.0,0.0,[],10.0,10.0,1,10.0,0,0.009658749999999827
aco_current,10,8405,88,13,1,94.0,200.0,294.0,1.47,1.0,True,True,30.0,200.0,64.0,[1],10.0,10.0,1,10.0,0,0.009829875000008315
aco_current,10,8405,88,13,2,0.0,0.0,0.0,0.0,0.09907747060060501,False,False,0.0,0.0,0.0,[],10.0,10.0,1,10.0,0,0.009829875000008315
aco_current,10,8405,88,13,3,0.0,0.0,0.0,0.0,0.43936213850975037,False,False,0.0,0.0,0.0,[],10.0,10.0,1,10.0,0,0.009829875000008315
aco_current,10,8405,88,13,4,0.0,0.0,0.0,0.0,0.20313307642936707,False,False,0.0,0.0,0.0,[],10.0,10.0,1,10.0,0,0.009829875000008315
aco_current,10,8406,88,13,1,80.0,200.0,280.0,1.4,1.0,True,True,30.0,200.0,50.0,[1],10.0,10.0,1,10.0,0,0.009774582999995118
aco_current,10,8406,88,13,2,0.0,0.0,0.0,0.0,0.09907747060060501,False,False,0.0,0.0,0.0,[],10.0,10.0,1,10.0,0,0.009774582999995118
aco_current,10,8406,88,13,3,0.0,0.0,0.0,0.0,0.43936213850975037,False,False,0.0,0.0,0.0,[],10.0,10.0,1,10.0,0,0.009774582999995118
aco_current,10,8406,88,13,4,0.0,0.0,0.0,0.0,0.20313307642936707,False,False,0.0,0.0,0.0,[],10.0,10.0,1,10.0,0,0.009774582999995118
aco_current,10,8407,88,13,1,62.0,200.0,262.0,1.31,1.0,True,True,30.0,200.0,32.0,[1],10.0,10.0,1,10.0,0,0.009852999999992562
aco_current,10,8407,88,13,2,0.0,0.0,0.0,0.0,0.09907747060060501,False,False,0.0,0.0,0.0,[],10.0,10.0,1,10.0,0,0.009852999999992562
aco_current,10,8407,88,13,3,0.0,0.0,0.0,0.0,0.43936213850975037,False,False,0.0,0.0,0.0,[],10.0,10.0,1,10.0,0,0.009852999999992562
aco_current,10,8407,88,13,4,0.0,0.0,0.0,0.0,0.20313307642936707,False,False,0.0,0.0,0.0,[],10.0,10.0,1,10.0,0,0.009852999999992562
aco_current,10,8408,88,14,1,56.0,200.0,256.0,1.28,1.0,True,True,30.0,200.0,26.0,[1],10.0,10.0,1,10.0,0,0.009873417000022755
aco_current,10,8408,88,14,2,0.0,0.0,0.0,0.0,0.09907747060060501,False,False,0.0,0.0,0.0,[],10.0,10.0,1,10.0,0,0.009873417000022755
aco_current,10,8408,88,14,3,0.0,0.0,0.0,0.0,0.43936213850975037,False,False,0.0,0.0,0.0,[],10.0,10.0,1,10.0,0,0.009873417000022755
aco_current,10,8408,88,14,4,0.0,0.0,0.0,0.0,0.20313307642936707,False,False,0.0,0.0,0.0,[],10.0,10.0,1,10.0,0,0.009873417000022755
aco_current,10,8409,88,14,1,52.0,200.0,252.0,1.26,1.0,True,True,30.0,200.0,22.0,[1],10.0,10.0,1,10.0,0,0.009774333000024171
aco_current,10,8409,88,14,2,0.0,0.0,0.0,0.0,0.09907747060060501,False,False,0.0,0.0,0.0,[],10.0,10.0,1,10.0,0,0.009774333000024171
aco_current,10,8409,88,14,3,0.0,0.0,0.0,0.0,0.43936213850975037,False,False,0.0,0.0,0.0,[],10.0,10.0,1,10.0,0,0.009774333000024171
aco_current,10,8409,88,14,4,0.0,0.0,0.0,0.0,0.20313307642936707,False,False,0.0,0.0,0.0,[],10.0,10.0,1,10.0,0,0.009774333000024171
aco_current,10,8410,88,14,1,39.0,200.0,239.0,1.195,1.0,True,True,30.0,200.0,9.0,[1],10.0,10.0,1,10.0,0,0.009821582999990142
aco_current,10,8410,88,14,2,0.0,0.0,0.0,0.0,0.09907747060060501,False,False,0.0,0.0,0.0,[],10.0,10.0,1,10.0,0,0.009821582999990142
aco_current,10,8410,88,14,3,0.0,0.0,0.0,0.0,0.43936213850975037,False,False,0.0,0.0,0.0,[],10.0,10.0,1,10.0,0,0.009821582999990142
aco_current,10,8410,88,14,4,0.0,0.0,0.0,0.0,0.20313307642936707,False,False,0.0,0.0,0.0,[],10.0,10.0,1,10.0,0,0.009821582999990142
aco_current,10,8411,88,14,1,29.0,200.0,229.0,1.145,1.0,True,True,30.0,199.0,0.0,[1],10.0,10.0,1,10.0,0,0.009825624999990623
aco_current,10,8411,88,14,2,0.0,0.0,0.0,0.0,0.09907747060060501,False,False,0.0,0.0,0.0,[],10.0,10.0,1,10.0,0,0.009825624999990623
aco_current,10,8411,88,14,3,0.0,0.0,0.0,0.0,0.43936213850975037,False,False,0.0,0.0,0.0,[],10.0,10.0,1,10.0,0,0.009825624999990623
aco_current,10,8411,88,14,4,0.0,0.0,0.0,0.0,0.20313307642936707,False,False,0.0,0.0,0.0,[],10.0,10.0,1,10.0,0,0.009825624999990623
aco_current,10,8412,88,15,1,29.0,199.0,228.0,1.14,1.0,True,True,30.0,198.0,0.0,[1],10.0,10.0,1,10.0,0,0.009621624999994083
aco_current,10,8412,88,15,2,0.0,0.0,0.0,0.0,0.09907747060060501,False,False,0.0,0.0,0.0,[],10.0,10.0,1,10.0,0,0.009621624999994083
aco_current,10,8412,88,15,3,0.0,0.0,0.0,0.0,0.43936213850975037,False,False,0.0,0.0,0.0,[],10.0,10.0,1,10.0,0,0.009621624999994083
aco_current,10,8412,88,15,4,0.0,0.0,0.0,0.0,0.20313307642936707,False,False,0.0,0.0,0.0,[],10.0,10.0,1,10.0,0,0.009621624999994083
aco_current,10,8413,88,15,1,30.0,198.0,228.0,1.14,1.0,True,True,30.0,198.0,0.0,[1],10.0,10.0,1,10.0,0,0.009946667000008347
aco_current,10,8413,88,15,2,0.0,0.0,0.0,0.0,0.09907747060060501,False,False,0.0,0.0,0.0,[],10.0,10.0,1,10.0,0,0.009946667000008347
aco_current,10,8413,88,15,3,0.0,0.0,0.0,0.0,0.43936213850975037,False,False,0.0,0.0,0.0,[],10.0,10.0,1,10.0,0,0.009946667000008347
aco_current,10,8413,88,15,4,0.0,0.0,0.0,0.0,0.20313307642936707,False,False,0.0,0.0,0.0,[],10.0,10.0,1,10.0,0,0.009946667000008347
aco_current,10,8414,88,15,1,27.0,198.0,225.0,1.125,1.0,True,True,30.0,195.0,0.0,[1],10.0,10.0,1,10.0,0,0.009981167000006508
aco_current,10,8414,88,15,2,0.0,0.0,0.0,0.0,0.09907747060060501,False,False,0.0,0.0,0.0,[],10.0,10.0,1,10.0,0,0.009981167000006508
aco_current,10,8414,88,15,3,0.0,0.0,0.0,0.0,0.43936213850975037,False,False,0.0,0.0,0.0,[],10.0,10.0,1,10.0,0,0.009981167000006508
aco_current,10,8414,88,15,4,0.0,0.0,0.0,0.0,0.20313307642936707,False,False,0.0,0.0,0.0,[],10.0,10.0,1,10.0,0,0.009981167000006508
aco_current,10,8415,88,15,1,21.0,195.0,216.0,1.08,1.0,True,True,30.0,186.0,0.0,[1],10.0,10.0,1,10.0,0,0.009756417000005513
aco_current,10,8415,88,15,2,0.0,0.0,0.0,0.0,0.09907747060060501,False,False,0.0,0.0,0.0,[],10.0,10.0,1,10.0,0,0.009756417000005513
aco_current,10,8415,88,15,3,0.0,0.0,0.0,0.0,0.43936213850975037,False,False,0.0,0.0,0.0,[],10.0,10.0,1,10.0,0,0.009756417000005513
aco_current,10,8415,88,15,4,0.0,0.0,0.0,0.0,0.20313307642936707,False,False,0.0,0.0,0.0,[],10.0,10.0,1,10.0,0,0.009756417000005513
aco_current,10,8416,88,16,1,21.0,186.0,207.0,1.035,1.0,True,True,30.0,177.0,0.0,[1],10.0,10.0,1,10.0,0,0.009583290999984229
aco_current,10,8416,88,16,2,0.0,0.0,0.0,0.0,0.09907747060060501,False,False,0.0,0.0,0.0,[],10.0,10.0,1,10.0,0,0.009583290999984229
aco_current,10,8416,88,16,3,0.0,0.0,0.0,0.0,0.43936213850975037,False,False,0.0,0.0,0.0,[],10.0,10.0,1,10.0,0,0.009583290999984229
aco_current,10,8416,88,16,4,0.0,0.0,0.0,0.0,0.20313307642936707,False,False,0.0,0.0,0.0,[],10.0,10.0,1,10.0,0,0.009583290999984229
aco_current,10,8417,88,16,1,20.0,177.0,197.0,0.985,1.0,True,True,30.0,167.0,0.0,[1],10.0,10.0,1,10.0,0,0.009946124999999029
aco_current,10,8417,88,16,2,0.0,0.0,0.0,0.0,0.09907747060060501,False,False,0.0,0.0,0.0,[],10.0,10.0,1,10.0,0,0.009946124999999029
aco_current,10,8417,88,16,3,0.0,0.0,0.0,0.0,0.43936213850975037,False,False,0.0,0.0,0.0,[],10.0,10.0,1,10.0,0,0.009946124999999029
aco_current,10,8417,88,16,4,0.0,0.0,0.0,0.0,0.20313307642936707,False,False,0.0,0.0,0.0,[],10.0,10.0,1,10.0,0,0.009946124999999029
aco_current,10,8418,88,16,1,21.0,167.0,188.0,0.94,1.0,True,True,30.0,158.0,0.0,[1],10.0,10.0,1,10.0,0,0.009789458000000195
aco_current,10,8418,88,16,2,0.0,0.0,0.0,0.0,0.09907747060060501,False,False,0.0,0.0,0.0,[],10.0,10.0,1,10.0,0,0.009789458000000195
aco_current,10,8418,88,16,3,0.0,0.0,0.0,0.0,0.43936213850975037,False,False,0.0,0.0,0.0,[],10.0,10.0,1,10.0,0,0.009789458000000195
aco_current,10,8418,88,16,4,0.0,0.0,0.0,0.0,0.20313307642936707,False,False,0.0,0.0,0.0,[],10.0,10.0,1,10.0,0,0.009789458000000195
aco_current,10,8419,88,16,1,21.0,158.0,179.0,0.895,0.9999997019767761,True,True,30.0,149.0,0.0,[1],10.0,10.0,1,10.0,0,0.009980417000008401
aco_current,10,8419,88,16,2,0.0,0.0,0.0,0.0,0.09907747060060501,False,False,0.0,0.0,0.0,[],10.0,10.0,1,10.0,0,0.009980417000008401
aco_current,10,8419,88,16,3,0.0,0.0,0.0,0.0,0.43936213850975037,False,False,0.0,0.0,0.0,[],10.0,10.0,1,10.0,0,0.009980417000008401
aco_current,10,8419,88,16,4,0.0,0.0,0.0,0.0,0.20313307642936707,False,False,0.0,0.0,0.0,[],10.0,10.0,1,10.0,0,0.009980417000008401
aco_current,10,8420,88,17,1,21.0,149.0,170.0,0.85,0.999997079372406,True,True,30.0,140.0,0.0,[1],10.0,10.0,1,10.0,0,0.010183124999997517
aco_current,10,8420,88,17,2,0.0,0.0,0.0,0.0,0.09907747060060501,False,False,0.0,0.0,0.0,[],10.0,10.0,1,10.0,0,0.010183124999997517
aco_current,10,8420,88,17,3,0.0,0.0,0.0,0.0,0.43936213850975037,False,False,0.0,0.0,0.0,[],10.0,10.0,1,10.0,0,0.010183124999997517
aco_current,10,8420,88,17,4,0.0,0.0,0.0,0.0,0.20313307642936707,False,False,0.0,0.0,0.0,[],10.0,10.0,1,10.0,0,0.010183124999997517
aco_current,10,8421,88,17,1,21.0,140.0,161.0,0.805,0.9999701976776123,True,True,30.0,131.0,0.0,[1],10.0,10.0,1,10.0,0,0.009982250000007298
aco_current,10,8421,88,17,2,0.0,0.0,0.0,0.0,0.09907747060060501,False,False,0.0,0.0,0.0,[],10.0,10.0,1,10.0,0,0.009982250000007298
aco_current,10,8421,88,17,3,0.0,0.0,0.0,0.0,0.43936213850975037,False,False,0.0,0.0,0.0,[],10.0,10.0,1,10.0,0,0.009982250000007298
aco_current,10,8421,88,17,4,0.0,0.0,0.0,0.0,0.20313307642936707,False,False,0.0,0.0,0.0,[],10.0,10.0,1,10.0,0,0.009982250000007298
aco_current,10,8422,88,17,1,21.0,131.0,152.0,0.76,0.999771237373352,False,False,0.0,152.0,0.0,[],0.0,0.0,0,0.0,0,3.290999984528753e-06
aco_current,10,8422,88,17,2,0.0,0.0,0.0,0.0,0.09907747060060501,False,False,0.0,0.0,0.0,[],0.0,0.0,0,0.0,0,3.290999984528753e-06
aco_current,10,8422,88,17,3,0.0,0.0,0.0,0.0,0.43936213850975037,False,False,0.0,0.0,0.0,[],0.0,0.0,0,0.0,0,3.290999984528753e-06
aco_current,10,8422,88,17,4,0.0,0.0,0.0,0.0,0.20313307642936707,False,False,0.0,0.0,0.0,[],0.0,0.0,0,0.0,0,3.290999984528753e-06
aco_current,10,8423,88,17,1,21.0,152.0,173.0,0.865,0.9999986886978149,True,True,30.0,143.0,0.0,[1],10.0,10.0,1,10.0,0,0.009757667000002357
aco_current,10,8423,88,17,2,0.0,0.0,0.0,0.0,0.09907747060060501,False,False,0.0,0.0,0.0,[],10.0,10.0,1,10.0,0,0.009757667000002357
aco_current,10,8423,88,17,3,0.0,0.0,0.0,0.0,0.43936213850975037,False,False,0.0,0.0,0.0,[],10.0,10.0,1,10.0,0,0.009757667000002357
aco_current,10,8423,88,17,4,0.0,0.0,0.0,0.0,0.20313307642936707,False,False,0.0,0.0,0.0,[],10.0,10.0,1,10.0,0,0.009757667000002357
aco_current,10,8424,88,18,1,19.0,143.0,162.0,0.81,0.9999532699584961,True,True,30.0,132.0,0.0,[1],10.0,10.0,1,10.0,0,0.009715292000009867
aco_current,10,8424,88,18,2,0.0,0.0,0.0,0.0,0.09907747060060501,False,False,0.0,0.0,0.0,[],10.0,10.0,1,10.0,0,0.009715292000009867
aco_current,10,8424,88,18,3,0.0,0.0,0.0,0.0,0.43936213850975037,False,False,0.0,0.0,0.0,[],10.0,10.0,1,10.0,0,0.009715292000009867
aco_current,10,8424,88,18,4,0.0,0.0,0.0,0.0,0.20313307642936707,False,False,0.0,0.0,0.0,[],10.0,10.0,1,10.0,0,0.009715292000009867
aco_current,10,8425,88,18,1,20.0,132.0,152.0,0.76,0.9996772408485413,False,False,0.0,152.0,0.0,[],0.0,0.0,0,0.0,0,3.042000003006251e-06
aco_current,10,8425,88,18,2,0.0,0.0,0.0,0.0,0.09907747060060501,False,False,0.0,0.0,0.0,[],0.0,0.0,0,0.0,0,3.042000003006251e-06
aco_current,10,8425,88,18,3,0.0,0.0,0.0,0.0,0.43936213850975037,False,False,0.0,0.0,0.0,[],0.0,0.0,0,0.0,0,3.042000003006251e-06
aco_current,10,8425,88,18,4,0.0,0.0,0.0,0.0,0.20313307642936707,False,False,0.0,0.0,0.0,[],0.0,0.0,0,0.0,0,3.042000003006251e-06
aco_current,10,8426,88,18,1,18.0,152.0,170.0,0.85,0.9999914169311523,True,True,30.0,140.0,0.0,[1],10.0,10.0,1,10.0,0,0.009824249999979884
aco_current,10,8426,88,18,2,0.0,0.0,0.0,0.0,0.09907747060060501,False,False,0.0,0.0,0.0,[],10.0,10.0,1,10.0,0,0.009824249999979884
aco_current,10,8426,88,18,3,0.0,0.0,0.0,0.0,0.43936213850975037,False,False,0.0,0.0,0.0,[],10.0,10.0,1,10.0,0,0.009824249999979884
aco_current,10,8426,88,18,4,0.0,0.0,0.0,0.0,0.20313307642936707,False,False,0.0,0.0,0.0,[],10.0,10.0,1,10.0,0,0.009824249999979884
aco_current,10,8427,88,18,1,18.0,140.0,158.0,0.79,0.9998102188110352,False,False,0.0,158.0,0.0,[],0.0,0.0,0,0.0,0,2.8750000069521775e-06
aco_current,10,8427,88,18,2,0.0,0.0,0.0,0.0,0.09907747060060501,False,False,0.0,0.0,0.0,[],0.0,0.0,0,0.0,0,2.8750000069521775e-06
aco_current,10,8427,88,18,3,0.0,0.0,0.0,0.0,0.43936213850975037,False,False,0.0,0.0,0.0,[],0.0,0.0,0,0.0,0,2.8750000069521775e-06
aco_current,10,8427,88,18,4,0.0,0.0,0.0,0.0,0.20313307642936707,False,False,0.0,0.0,0.0,[],0.0,0.0,0,0.0,0,2.8750000069521775e-06
aco_current,10,8428,88,19,1,18.0,158.0,176.0,0.88,0.9999982118606567,True,True,30.0,146.0,0.0,[1],10.0,10.0,1,10.0,0,0.009995000000003529
aco_current,10,8428,88,19,2,0.0,0.0,0.0,0.0,0.09907747060060501,False,False,0.0,0.0,0.0,[],10.0,10.0,1,10.0,0,0.009995000000003529
aco_current,10,8428,88,19,3,0.0,0.0,0.0,0.0,0.43936213850975037,False,False,0.0,0.0,0.0,[],10.0,10.0,1,10.0,0,0.009995000000003529
aco_current,10,8428,88,19,4,0.0,0.0,0.0,0.0,0.20313307642936707,False,False,0.0,0.0,0.0,[],10.0,10.0,1,10.0,0,0.009995000000003529
aco_current,10,8429,88,19,1,18.0,146.0,164.0,0.82,0.999958336353302,True,True,30.0,134.0,0.0,[1],10.0,10.0,1,10.0,0,0.0095634169999812
aco_current,10,8429,88,19,2,0.0,0.0,0.0,0.0,0.09907747060060501,False,False,0.0,0.0,0.0,[],10.0,10.0,1,10.0,0,0.0095634169999812
aco_current,10,8429,88,19,3,0.0,0.0,0.0,0.0,0.43936213850975037,False,False,0.0,0.0,0.0,[],10.0,10.0,1,10.0,0,0.0095634169999812
aco_current,10,8429,88,19,4,0.0,0.0,0.0,0.0,0.20313307642936707,False,False,0.0,0.0,0.0,[],10.0,10.0,1,10.0,0,0.0095634169999812
aco_current,10,8430,88,19,1,18.0,134.0,152.0,0.76,0.9993568658828735,False,False,0.0,152.0,0.0,[],0.0,0.0,0,0.0,0,4.042000000481494e-06
aco_current,10,8430,88,19,2,0.0,0.0,0.0,0.0,0.09907747060060501,False,False,0.0,0.0,0.0,[],0.0,0.0,0,0.0,0,4.042000000481494e-06
aco_current,10,8430,88,19,3,0.0,0.0,0.0,0.0,0.43936213850975037,False,False,0.0,0.0,0.0,[],0.0,0.0,0,0.0,0,4.042000000481494e-06
aco_current,10,8430,88,19,4,0.0,0.0,0.0,0.0,0.20313307642936707,False,False,0.0,0.0,0.0,[],0.0,0.0,0,0.0,0,4.042000000481494e-06
aco_current,10,8431,88,19,1,18.0,152.0,170.0,0.85,0.9999911189079285,True,True,30.0,140.0,0.0,[1],10.0,10.0,1,10.0,0,0.009806375000010803
aco_current,10,8431,88,19,2,0.0,0.0,0.0,0.0,0.09907747060060501,False,False,0.0,0.0,0.0,[],10.0,10.0,1,10.0,0,0.009806375000010803
aco_current,10,8431,88,19,3,0.0,0.0,0.0,0.0,0.43936213850975037,False,False,0.0,0.0,0.0,[],10.0,10.0,1,10.0,0,0.009806375000010803
aco_current,10,8431,88,19,4,0.0,0.0,0.0,0.0,0.20313307642936707,False,False,0.0,0.0,0.0,[],10.0,10.0,1,10.0,0,0.009806375000010803
aco_current,10,8432,88,20,1,18.0,140.0,158.0,0.79,0.9998081922531128,False,False,0.0,158.0,0.0,[],0.0,0.0,0,0.0,0,3.375000005689799e-06
aco_current,10,8432,88,20,2,0.0,0.0,0.0,0.0,0.09907747060060501,False,False,0.0,0.0,0.0,[],0.0,0.0,0,0.0,0,3.375000005689799e-06
aco_current,10,8432,88,20,3,0.0,0.0,0.0,0.0,0.43936213850975037,False,False,0.0,0.0,0.0,[],0.0,0.0,0,0.0,0,3.375000005689799e-06
aco_current,10,8432,88,20,4,0.0,0.0,0.0,0.0,0.20313307642936707,False,False,0.0,0.0,0.0,[],0.0,0.0,0,0.0,0,3.375000005689799e-06
aco_current,10,8433,88,20,1,17.0,158.0,175.0,0.875,0.9999966025352478,True,True,30.0,145.0,0.0,[1],10.0,10.0,1,10.0,0,0.0098503750000134
aco_current,10,8433,88,20,2,0.0,0.0,0.0,0.0,0.09907747060060501,False,False,0.0,0.0,0.0,[],10.0,10.0,1,10.0,0,0.0098503750000134
aco_current,10,8433,88,20,3,0.0,0.0,0.0,0.0,0.43936213850975037,False,False,0.0,0.0,0.0,[],10.0,10.0,1,10.0,0,0.0098503750000134
aco_current,10,8433,88,20,4,0.0,0.0,0.0,0.0,0.20313307642936707,False,False,0.0,0.0,0.0,[],10.0,10.0,1,10.0,0,0.0098503750000134
aco_current,10,8434,88,20,1,18.0,145.0,163.0,0.815,0.9999458193778992,True,True,30.0,133.0,0.0,[1],10.0,10.0,1,10.0,0,0.009709749999984751
aco_current,10,8434,88,20,2,0.0,0.0,0.0,0.0,0.09907747060060501,False,False,0.0,0.0,0.0,[],10.0,10.0,1,10.0,0,0.009709749999984751
aco_current,10,8434,88,20,3,0.0,0.0,0.0,0.0,0.43936213850975037,False,False,0.0,0.0,0.0,[],10.0,10.0,1,10.0,0,0.009709749999984751
aco_current,10,8434,88,20,4,0.0,0.0,0.0,0.0,0.20313307642936707,False,False,0.0,0.0,0.0,[],10.0,10.0,1,10.0,0,0.009709749999984751
aco_current,10,8435,88,20,1,17.0,133.0,150.0,0.75,0.9988020658493042,False,False,0.0,150.0,0.0,[],0.0,0.0,0,0.0,0,3.2089999990603246e-06
aco_current,10,8435,88,20,2,0.0,0.0,0.0,0.0,0.09907747060060501,False,False,0.0,0.0,0.0,[],0.0,0.0,0,0.0,0,3.2089999990603246e-06
aco_current,10,8435,88,20,3,0.0,0.0,0.0,0.0,0.43936213850975037,False,False,0.0,0.0,0.0,[],0.0,0.0,0,0.0,0,3.2089999990603246e-06
aco_current,10,8435,88,20,4,0.0,0.0,0.0,0.0,0.20313307642936707,False,False,0.0,0.0,0.0,[],0.0,0.0,0,0.0,0,3.2089999990603246e-06
aco_current,10,8436,88,21,1,10.0,150.0,160.0,0.8,0.9979349970817566,True,True,30.0,130.0,0.0,[1],10.0,10.0,1,10.0,0,0.009649374999980864
aco_current,10,8436,88,21,2,0.0,0.0,0.0,0.0,0.09907747060060501,False,False,0.0,0.0,0.0,[],10.0,10.0,1,10.0,0,0.009649374999980864
aco_current,10,8436,88,21,3,0.0,0.0,0.0,0.0,0.43936213850975037,False,False,0.0,0.0,0.0,[],10.0,10.0,1,10.0,0,0.009649374999980864
aco_current,10,8436,88,21,4,0.0,0.0,0.0,0.0,0.20313307642936707,False,False,0.0,0.0,0.0,[],10.0,10.0,1,10.0,0,0.009649374999980864
aco_current,10,8437,88,21,1,10.0,130.0,140.0,0.7,0.9561408162117004,False,False,0.0,140.0,0.0,[],0.0,0.0,0,0.0,0,2.833000024793364e-06
aco_current,10,8437,88,21,2,0.0,0.0,0.0,0.0,0.09907747060060501,False,False,0.0,0.0,0.0,[],0.0,0.0,0,0.0,0,2.833000024793364e-06
aco_current,10,8437,88,21,3,0.0,0.0,0.0,0.0,0.43936213850975037,False,False,0.0,0.0,0.0,[],0.0,0.0,0,0.0,0,2.833000024793364e-06
aco_current,10,8437,88,21,4,0.0,0.0,0.0,0.0,0.20313307642936707,False,False,0.0,0.0,0.0,[],0.0,0.0,0,0.0,0,2.833000024793364e-06
aco_current,10,8438,88,21,1,10.0,140.0,150.0,0.75,0.9859916567802429,False,False,0.0,150.0,0.0,[],0.0,0.0,0,0.0,0,2.209000001585082e-06
aco_current,10,8438,88,21,2,0.0,0.0,0.0,0.0,0.09907747060060501,False,False,0.0,0.0,0.0,[],0.0,0.0,0,0.0,0,2.209000001585082e-06
aco_current,10,8438,88,21,3,0.0,0.0,0.0,0.0,0.43936213850975037,False,False,0.0,0.0,0.0,[],0.0,0.0,0,0.0,0,2.209000001585082e-06
aco_current,10,8438,88,21,4,0.0,0.0,0.0,0.0,0.20313307642936707,False,False,0.0,0.0,0.0,[],0.0,0.0,0,0.0,0,2.209000001585082e-06
aco_current,10,8439,88,21,1,10.0,150.0,160.0,0.8,0.9978612065315247,True,True,30.0,130.0,0.0,[1],10.0,10.0,1,10.0,0,0.010135917000013706
aco_current,10,8439,88,21,2,0.0,0.0,0.0,0.0,0.09907747060060501,False,False,0.0,0.0,0.0,[],10.0,10.0,1,10.0,0,0.010135917000013706
aco_current,10,8439,88,21,3,0.0,0.0,0.0,0.0,0.43936213850975037,False,False,0.0,0.0,0.0,[],10.0,10.0,1,10.0,0,0.010135917000013706
aco_current,10,8439,88,21,4,0.0,0.0,0.0,0.0,0.20313307642936707,False,False,0.0,0.0,0.0,[],10.0,10.0,1,10.0,0,0.010135917000013706
aco_current,10,8440,88,22,1,10.0,130.0,140.0,0.7,0.963712215423584,False,False,0.0,140.0,0.0,[],0.0,0.0,0,0.0,0,2.9159999996863917e-06
aco_current,10,8440,88,22,2,0.0,0.0,0.0,0.0,0.09907747060060501,False,False,0.0,0.0,0.0,[],0.0,0.0,0,0.0,0,2.9159999996863917e-06
aco_current,10,8440,88,22,3,0.0,0.0,0.0,0.0,0.43936213850975037,False,False,0.0,0.0,0.0,[],0.0,0.0,0,0.0,0,2.9159999996863917e-06
aco_current,10,8440,88,22,4,0.0,0.0,0.0,0.0,0.20313307642936707,False,False,0.0,0.0,0.0,[],0.0,0.0,0,0.0,0,2.9159999996863917e-06
aco_current,10,8441,88,22,1,10.0,140.0,150.0,0.75,0.9872149229049683,False,False,0.0,150.0,0.0,[],0.0,0.0,0,0.0,0,2.0829999982652225e-06
aco_current,10,8441,88,22,2,0.0,0.0,0.0,0.0,0.09907747060060501,False,False,0.0,0.0,0.0,[],0.0,0.0,0,0.0,0,2.0829999982652225e-06
aco_current,10,8441,88,22,3,0.0,0.0,0.0,0.0,0.43936213850975037,False,False,0.0,0.0,0.0,[],0.0,0.0,0,0.0,0,2.0829999982652225e-06
aco_current,10,8441,88,22,4,0.0,0.0,0.0,0.0,0.20313307642936707,False,False,0.0,0.0,0.0,[],0.0,0.0,0,0.0,0,2.0829999982652225e-06
aco_current,10,8442,88,22,1,10.0,150.0,160.0,0.8,0.9978612065315247,True,True,30.0,130.0,0.0,[1],10.0,10.0,1,10.0,0,0.009864875000005213
aco_current,10,8442,88,22,2,0.0,0.0,0.0,0.0,0.09907747060060501,False,False,0.0,0.0,0.0,[],10.0,10.0,1,10.0,0,0.009864875000005213
aco_current,10,8442,88,22,3,0.0,0.0,0.0,0.0,0.43936213850975037,False,False,0.0,0.0,0.0,[],10.0,10.0,1,10.0,0,0.009864875000005213
aco_current,10,8442,88,22,4,0.0,0.0,0.0,0.0,0.20313307642936707,False,False,0.0,0.0,0.0,[],10.0,10.0,1,10.0,0,0.009864875000005213
aco_current,10,8443,88,22,1,10.0,130.0,140.0,0.7,0.963712215423584,False,False,0.0,140.0,0.0,[],0.0,0.0,0,0.0,0,2.9580000102669146e-06
aco_current,10,8443,88,22,2,0.0,0.0,0.0,0.0,0.09907747060060501,False,False,0.0,0.0,0.0,[],0.0,0.0,0,0.0,0,2.9580000102669146e-06
aco_current,10,8443,88,22,3,0.0,0.0,0.0,0.0,0.43936213850975037,False,False,0.0,0.0,0.0,[],0.0,0.0,0,0.0,0,2.9580000102669146e-06
aco_current,10,8443,88,22,4,0.0,0.0,0.0,0.0,0.20313307642936707,False,False,0.0,0.0,0.0,[],0.0,0.0,0,0.0,0,2.9580000102669146e-06
aco_current,10,8444,88,23,1,10.0,140.0,150.0,0.75,0.9872149229049683,False,False,0.0,150.0,0.0,[],0.0,0.0,0,0.0,0,2.625000007583367e-06
aco_current,10,8444,88,23,2,0.0,0.0,0.0,0.0,0.09907747060060501,False,False,0.0,0.0,0.0,[],0.0,0.0,0,0.0,0,2.625000007583367e-06
aco_current,10,8444,88,23,3,0.0,0.0,0.0,0.0,0.43936213850975037,False,False,0.0,0.0,0.0,[],0.0,0.0,0,0.0,0,2.625000007583367e-06
aco_current,10,8444,88,23,4,0.0,0.0,0.0,0.0,0.20313307642936707,False,False,0.0,0.0,0.0,[],0.0,0.0,0,0.0,0,2.625000007583367e-06
aco_current,10,8445,88,23,1,10.0,150.0,160.0,0.8,0.9978612065315247,True,True,30.0,130.0,0.0,[1],10.0,10.0,1,10.0,0,0.009733874999994896
aco_current,10,8445,88,23,2,0.0,0.0,0.0,0.0,0.09907747060060501,False,False,0.0,0.0,0.0,[],10.0,10.0,1,10.0,0,0.009733874999994896
aco_current,10,8445,88,23,3,0.0,0.0,0.0,0.0,0.43936213850975037,False,False,0.0,0.0,0.0,[],10.0,10.0,1,10.0,0,0.009733874999994896
aco_current,10,8445,88,23,4,0.0,0.0,0.0,0.0,0.20313307642936707,False,False,0.0,0.0,0.0,[],10.0,10.0,1,10.0,0,0.009733874999994896
aco_current,10,8446,88,23,1,10.0,130.0,140.0,0.7,0.963712215423584,False,False,0.0,140.0,0.0,[],0.0,0.0,0,0.0,0,2.6669999897421803e-06
aco_current,10,8446,88,23,2,0.0,0.0,0.0,0.0,0.09907747060060501,False,False,0.0,0.0,0.0,[],0.0,0.0,0,0.0,0,2.6669999897421803e-06
aco_current,10,8446,88,23,3,0.0,0.0,0.0,0.0,0.43936213850975037,False,False,0.0,0.0,0.0,[],0.0,0.0,0,0.0,0,2.6669999897421803e-06
aco_current,10,8446,88,23,4,0.0,0.0,0.0,0.0,0.20313307642936707,False,False,0.0,0.0,0.0,[],0.0,0.0,0,0.0,0,2.6669999897421803e-06
aco_current,10,8447,88,23,1,10.0,140.0,150.0,0.75,0.9872149229049683,False,False,0.0,150.0,0.0,[],0.0,0.0,0,0.0,0,2.5840000148491526e-06
aco_current,10,8447,88,23,2,0.0,0.0,0.0,0.0,0.09907747060060501,False,False,0.0,0.0,0.0,[],0.0,0.0,0,0.0,0,2.5840000148491526e-06
aco_current,10,8447,88,23,3,0.0,0.0,0.0,0.0,0.43936213850975037,False,False,0.0,0.0,0.0,[],0.0,0.0,0,0.0,0,2.5840000148491526e-06
aco_current,10,8447,88,23,4,0.0,0.0,0.0,0.0,0.20313307642936707,False,False,0.0,0.0,0.0,[],0.0,0.0,0,0.0,0,2.5840000148491526e-06
aco_current,10,8448,89,0,1,37.0,150.0,187.0,0.935,1.0,True,True,30.0,157.0,0.0,[1],10.0,10.0,1,10.0,0,0.009882999999973663
aco_current,10,8448,89,0,2,0.0,0.0,0.0,0.0,0.09907747060060501,False,False,0.0,0.0,0.0,[],10.0,10.0,1,10.0,0,0.009882999999973663
aco_current,10,8448,89,0,3,0.0,0.0,0.0,0.0,0.43936213850975037,False,False,0.0,0.0,0.0,[],10.0,10.0,1,10.0,0,0.009882999999973663
aco_current,10,8448,89,0,4,0.0,0.0,0.0,0.0,0.20313307642936707,False,False,0.0,0.0,0.0,[],10.0,10.0,1,10.0,0,0.009882999999973663
aco_current,10,8449,89,0,1,43.0,157.0,200.0,1.0,1.0,True,True,30.0,170.0,0.0,[1],10.0,10.0,1,10.0,0,0.00993404199999759
aco_current,10,8449,89,0,2,0.0,0.0,0.0,0.0,0.09907747060060501,False,False,0.0,0.0,0.0,[],10.0,10.0,1,10.0,0,0.00993404199999759
aco_current,10,8449,89,0,3,0.0,0.0,0.0,0.0,0.43936213850975037,False,False,0.0,0.0,0.0,[],10.0,10.0,1,10.0,0,0.00993404199999759
aco_current,10,8449,89,0,4,0.0,0.0,0.0,0.0,0.20313307642936707,False,False,0.0,0.0,0.0,[],10.0,10.0,1,10.0,0,0.00993404199999759
aco_current,10,8450,89,0,1,52.0,170.0,222.0,1.11,1.0,True,True,30.0,192.0,0.0,[1],10.0,10.0,1,10.0,0,0.009876542000000654
aco_current,10,8450,89,0,2,0.0,0.0,0.0,0.0,0.09907747060060501,False,False,0.0,0.0,0.0,[],10.0,10.0,1,10.0,0,0.009876542000000654
aco_current,10,8450,89,0,3,0.0,0.0,0.0,0.0,0.43936213850975037,False,False,0.0,0.0,0.0,[],10.0,10.0,1,10.0,0,0.009876542000000654
aco_current,10,8450,89,0,4,0.0,0.0,0.0,0.0,0.20313307642936707,False,False,0.0,0.0,0.0,[],10.0,10.0,1,10.0,0,0.009876542000000654
aco_current,10,8451,89,0,1,50.0,192.0,242.0,1.21,1.0,True,True,30.0,200.0,12.0,[1],10.0,10.0,1,10.0,0,0.009945041999998239
aco_current,10,8451,89,0,2,0.0,0.0,0.0,0.0,0.09907747060060501,False,False,0.0,0.0,0.0,[],10.0,10.0,1,10.0,0,0.009945041999998239
aco_current,10,8451,89,0,3,0.0,0.0,0.0,0.0,0.43936213850975037,False,False,0.0,0.0,0.0,[],10.0,10.0,1,10.0,0,0.009945041999998239
aco_current,10,8451,89,0,4,0.0,0.0,0.0,0.0,0.20313307642936707,False,False,0.0,0.0,0.0,[],10.0,10.0,1,10.0,0,0.009945041999998239
aco_current,10,8452,89,1,1,50.0,200.0,250.0,1.25,1.0,True,True,30.0,200.0,20.0,[1],10.0,10.0,1,10.0,0,0.009963749999997162
aco_current,10,8452,89,1,2,0.0,0.0,0.0,0.0,0.09907747060060501,False,False,0.0,0.0,0.0,[],10.0,10.0,1,10.0,0,0.009963749999997162
aco_current,10,8452,89,1,3,0.0,0.0,0.0,0.0,0.43936213850975037,False,False,0.0,0.0,0.0,[],10.0,10.0,1,10.0,0,0.009963749999997162
aco_current,10,8452,89,1,4,0.0,0.0,0.0,0.0,0.20313307642936707,False,False,0.0,0.0,0.0,[],10.0,10.0,1,10.0,0,0.009963749999997162
aco_current,10,8453,89,1,1,38.0,200.0,238.0,1.19,1.0,True,True,30.0,200.0,8.0,[1],10.0,10.0,1,10.0,0,0.009903499999978749
aco_current,10,8453,89,1,2,0.0,0.0,0.0,0.0,0.09907747060060501,False,False,0.0,0.0,0.0,[],10.0,10.0,1,10.0,0,0.009903499999978749
aco_current,10,8453,89,1,3,0.0,0.0,0.0,0.0,0.43936213850975037,False,False,0.0,0.0,0.0,[],10.0,10.0,1,10.0,0,0.009903499999978749
aco_current,10,8453,89,1,4,0.0,0.0,0.0,0.0,0.20313307642936707,False,False,0.0,0.0,0.0,[],10.0,10.0,1,10.0,0,0.009903499999978749
aco_current,10,8454,89,1,1,36.0,200.0,236.0,1.18,1.0,True,True,30.0,200.0,6.0,[1],10.0,10.0,1,10.0,0,0.009687624999997979
aco_current,10,8454,89,1,2,0.0,0.0,0.0,0.0,0.09907747060060501,False,False,0.0,0.0,0.0,[],10.0,10.0,1,10.0,0,0.009687624999997979
aco_current,10,8454,89,1,3,0.0,0.0,0.0,0.0,0.43936213850975037,False,False,0.0,0.0,0.0,[],10.0,10.0,1,10.0,0,0.009687624999997979
aco_current,10,8454,89,1,4,0.0,0.0,0.0,0.0,0.20313307642936707,False,False,0.0,0.0,0.0,[],10.0,10.0,1,10.0,0,0.009687624999997979
aco_current,10,8455,89,1,1,43.0,200.0,243.0,1.215,1.0,True,True,30.0,200.0,13.0,[1],10.0,10.0,1,10.0,0,0.00988712500000588
aco_current,10,8455,89,1,2,0.0,0.0,0.0,0.0,0.09907747060060501,False,False,0.0,0.0,0.0,[],10.0,10.0,1,10.0,0,0.00988712500000588
aco_current,10,8455,89,1,3,0.0,0.0,0.0,0.0,0.43936213850975037,False,False,0.0,0.0,0.0,[],10.0,10.0,1,10.0,0,0.00988712500000588
aco_current,10,8455,89,1,4,0.0,0.0,0.0,0.0,0.20313307642936707,False,False,0.0,0.0,0.0,[],10.0,10.0,1,10.0,0,0.00988712500000588
aco_current,10,8456,89,2,1,47.0,200.0,247.0,1.235,1.0,True,True,30.0,200.0,17.0,[1],10.0,10.0,1,10.0,0,0.009997416999993902
aco_current,10,8456,89,2,2,0.0,0.0,0.0,0.0,0.09907747060060501,False,False,0.0,0.0,0.0,[],10.0,10.0,1,10.0,0,0.009997416999993902
aco_current,10,8456,89,2,3,0.0,0.0,0.0,0.0,0.43936213850975037,False,False,0.0,0.0,0.0,[],10.0,10.0,1,10.0,0,0.009997416999993902
aco_current,10,8456,89,2,4,0.0,0.0,0.0,0.0,0.20313307642936707,False,False,0.0,0.0,0.0,[],10.0,10.0,1,10.0,0,0.009997416999993902
aco_current,10,8457,89,2,1,46.0,200.0,246.0,1.23,1.0,True,True,30.0,200.0,16.0,[1],10.0,10.0,1,10.0,0,0.009881041999989293
aco_current,10,8457,89,2,2,0.0,0.0,0.0,0.0,0.09907747060060501,False,False,0.0,0.0,0.0,[],10.0,10.0,1,10.0,0,0.009881041999989293
aco_current,10,8457,89,2,3,0.0,0.0,0.0,0.0,0.43936213850975037,False,False,0.0,0.0,0.0,[],10.0,10.0,1,10.0,0,0.009881041999989293
aco_current,10,8457,89,2,4,0.0,0.0,0.0,0.0,0.20313307642936707,False,False,0.0,0.0,0.0,[],10.0,10.0,1,10.0,0,0.009881041999989293
aco_current,10,8458,89,2,1,53.0,200.0,253.0,1.265,1.0,True,True,30.0,200.0,23.0,[1],10.0,10.0,1,10.0,0,0.009626083000000563
aco_current,10,8458,89,2,2,0.0,0.0,0.0,0.0,0.09907747060060501,False,False,0.0,0.0,0.0,[],10.0,10.0,1,10.0,0,0.009626083000000563
aco_current,10,8458,89,2,3,0.0,0.0,0.0,0.0,0.43936213850975037,False,False,0.0,0.0,0.0,[],10.0,10.0,1,10.0,0,0.009626083000000563
aco_current,10,8458,89,2,4,0.0,0.0,0.0,0.0,0.20313307642936707,False,False,0.0,0.0,0.0,[],10.0,10.0,1,10.0,0,0.009626083000000563
aco_current,10,8459,89,2,1,60.0,200.0,260.0,1.3,1.0,True,True,30.0,200.0,30.0,[1],10.0,10.0,1,10.0,0,0.009926500000005944
aco_current,10,8459,89,2,2,0.0,0.0,0.0,0.0,0.09907747060060501,False,False,0.0,0.0,0.0,[],10.0,10.0,1,10.0,0,0.009926500000005944
aco_current,10,8459,89,2,3,0.0,0.0,0.0,0.0,0.43936213850975037,False,False,0.0,0.0,0.0,[],10.0,10.0,1,10.0,0,0.009926500000005944
aco_current,10,8459,89,2,4,0.0,0.0,0.0,0.0,0.20313307642936707,False,False,0.0,0.0,0.0,[],10.0,10.0,1,10.0,0,0.009926500000005944
aco_current,10,8460,89,3,1,52.0,200.0,252.0,1.26,1.0,True,True,30.0,200.0,22.0,[1],10.0,10.0,1,10.0,0,0.00980545799998822
aco_current,10,8460,89,3,2,0.0,0.0,0.0,0.0,0.09907747060060501,False,False,0.0,0.0,0.0,[],10.0,10.0,1,10.0,0,0.00980545799998822
aco_current,10,8460,89,3,3,0.0,0.0,0.0,0.0,0.43936213850975037,False,False,0.0,0.0,0.0,[],10.0,10.0,1,10.0,0,0.00980545799998822
aco_current,10,8460,89,3,4,0.0,0.0,0.0,0.0,0.20313307642936707,False,False,0.0,0.0,0.0,[],10.0,10.0,1,10.0,0,0.00980545799998822
aco_current,10,8461,89,3,1,61.0,200.0,261.0,1.305,1.0,True,True,30.0,200.0,31.0,[1],10.0,10.0,1,10.0,0,0.009827416999996785
aco_current,10,8461,89,3,2,0.0,0.0,0.0,0.0,0.09907747060060501,False,False,0.0,0.0,0.0,[],10.0,10.0,1,10.0,0,0.009827416999996785
aco_current,10,8461,89,3,3,0.0,0.0,0.0,0.0,0.43936213850975037,False,False,0.0,0.0,0.0,[],10.0,10.0,1,10.0,0,0.009827416999996785
aco_current,10,8461,89,3,4,0.0,0.0,0.0,0.0,0.20313307642936707,False,False,0.0,0.0,0.0,[],10.0,10.0,1,10.0,0,0.009827416999996785
aco_current,10,8462,89,3,1,64.0,200.0,264.0,1.32,1.0,True,True,30.0,200.0,34.0,[1],10.0,10.0,1,10.0,0,0.009842334000012443
aco_current,10,8462,89,3,2,0.0,0.0,0.0,0.0,0.09907747060060501,False,False,0.0,0.0,0.0,[],10.0,10.0,1,10.0,0,0.009842334000012443
aco_current,10,8462,89,3,3,0.0,0.0,0.0,0.0,0.43936213850975037,False,False,0.0,0.0,0.0,[],10.0,10.0,1,10.0,0,0.009842334000012443
aco_current,10,8462,89,3,4,0.0,0.0,0.0,0.0,0.20313307642936707,False,False,0.0,0.0,0.0,[],10.0,10.0,1,10.0,0,0.009842334000012443
aco_current,10,8463,89,3,1,76.0,200.0,276.0,1.38,1.0,True,True,30.0,200.0,46.0,[1],10.0,10.0,1,10.0,0,0.009834582999985741
aco_current,10,8463,89,3,2,0.0,0.0,0.0,0.0,0.09907747060060501,False,False,0.0,0.0,0.0,[],10.0,10.0,1,10.0,0,0.009834582999985741
aco_current,10,8463,89,3,3,0.0,0.0,0.0,0.0,0.43936213850975037,False,False,0.0,0.0,0.0,[],10.0,10.0,1,10.0,0,0.009834582999985741
aco_current,10,8463,89,3,4,0.0,0.0,0.0,0.0,0.20313307642936707,False,False,0.0,0.0,0.0,[],10.0,10.0,1,10.0,0,0.009834582999985741
aco_current,10,8464,89,4,1,81.0,200.0,281.0,1.405,1.0,True,True,30.0,200.0,51.0,[1],10.0,10.0,1,10.0,0,0.009783416999994188
aco_current,10,8464,89,4,2,0.0,0.0,0.0,0.0,0.09907747060060501,False,False,0.0,0.0,0.0,[],10.0,10.0,1,10.0,0,0.009783416999994188
aco_current,10,8464,89,4,3,0.0,0.0,0.0,0.0,0.43936213850975037,False,False,0.0,0.0,0.0,[],10.0,10.0,1,10.0,0,0.009783416999994188
aco_current,10,8464,89,4,4,0.0,0.0,0.0,0.0,0.20313307642936707,False,False,0.0,0.0,0.0,[],10.0,10.0,1,10.0,0,0.009783416999994188
aco_current,10,8465,89,4,1,87.0,200.0,287.0,1.435,1.0,True,True,30.0,200.0,57.0,[1],10.0,10.0,1,10.0,0,0.00989841700001648
aco_current,10,8465,89,4,2,0.0,0.0,0.0,0.0,0.09907747060060501,False,False,0.0,0.0,0.0,[],10.0,10.0,1,10.0,0,0.00989841700001648
aco_current,10,8465,89,4,3,0.0,0.0,0.0,0.0,0.43936213850975037,False,False,0.0,0.0,0.0,[],10.0,10.0,1,10.0,0,0.00989841700001648
aco_current,10,8465,89,4,4,0.0,0.0,0.0,0.0,0.20313307642936707,False,False,0.0,0.0,0.0,[],10.0,10.0,1,10.0,0,0.00989841700001648
aco_current,10,8466,89,4,1,83.0,200.0,283.0,1.415,1.0,True,True,30.0,200.0,53.0,[1],10.0,10.0,1,10.0,0,0.009922457999977041
aco_current,10,8466,89,4,2,0.0,0.0,0.0,0.0,0.09907747060060501,False,False,0.0,0.0,0.0,[],10.0,10.0,1,10.0,0,0.009922457999977041
aco_current,10,8466,89,4,3,0.0,0.0,0.0,0.0,0.43936213850975037,False,False,0.0,0.0,0.0,[],10.0,10.0,1,10.0,0,0.009922457999977041
aco_current,10,8466,89,4,4,0.0,0.0,0.0,0.0,0.20313307642936707,False,False,0.0,0.0,0.0,[],10.0,10.0,1,10.0,0,0.009922457999977041
aco_current,10,8467,89,4,1,75.0,200.0,275.0,1.375,1.0,True,True,30.0,200.0,45.0,[1],10.0,10.0,1,10.0,0,0.009607415999994373
aco_current,10,8467,89,4,2,0.0,0.0,0.0,0.0,0.09907747060060501,False,False,0.0,0.0,0.0,[],10.0,10.0,1,10.0,0,0.009607415999994373
aco_current,10,8467,89,4,3,0.0,0.0,0.0,0.0,0.43936213850975037,False,False,0.0,0.0,0.0,[],10.0,10.0,1,10.0,0,0.009607415999994373
aco_current,10,8467,89,4,4,0.0,0.0,0.0,0.0,0.20313307642936707,False,False,0.0,0.0,0.0,[],10.0,10.0,1,10.0,0,0.009607415999994373
aco_current,10,8468,89,5,1,72.0,200.0,272.0,1.36,1.0,True,True,30.0,200.0,42.0,[1],10.0,10.0,1,10.0,0,0.009673708999997643
aco_current,10,8468,89,5,2,0.0,0.0,0.0,0.0,0.09907747060060501,False,False,0.0,0.0,0.0,[],10.0,10.0,1,10.0,0,0.009673708999997643
aco_current,10,8468,89,5,3,0.0,0.0,0.0,0.0,0.43936213850975037,False,False,0.0,0.0,0.0,[],10.0,10.0,1,10.0,0,0.009673708999997643
aco_current,10,8468,89,5,4,0.0,0.0,0.0,0.0,0.20313307642936707,False,False,0.0,0.0,0.0,[],10.0,10.0,1,10.0,0,0.009673708999997643
aco_current,10,8469,89,5,1,60.0,200.0,260.0,1.3,1.0,True,True,30.0,200.0,30.0,[1],10.0,10.0,1,10.0,0,0.009819500000020298
aco_current,10,8469,89,5,2,0.0,0.0,0.0,0.0,0.09907747060060501,False,False,0.0,0.0,0.0,[],10.0,10.0,1,10.0,0,0.009819500000020298
aco_current,10,8469,89,5,3,0.0,0.0,0.0,0.0,0.43936213850975037,False,False,0.0,0.0,0.0,[],10.0,10.0,1,10.0,0,0.009819500000020298
aco_current,10,8469,89,5,4,0.0,0.0,0.0,0.0,0.20313307642936707,False,False,0.0,0.0,0.0,[],10.0,10.0,1,10.0,0,0.009819500000020298
aco_current,10,8470,89,5,1,55.0,200.0,255.0,1.275,1.0,True,True,30.0,200.0,25.0,[1],10.0,10.0,1,10.0,0,0.010041749999999183
aco_current,10,8470,89,5,2,0.0,0.0,0.0,0.0,0.09907747060060501,False,False,0.0,0.0,0.0,[],10.0,10.0,1,10.0,0,0.010041749999999183
aco_current,10,8470,89,5,3,0.0,0.0,0.0,0.0,0.43936213850975037,False,False,0.0,0.0,0.0,[],10.0,10.0,1,10.0,0,0.010041749999999183
aco_current,10,8470,89,5,4,0.0,0.0,0.0,0.0,0.20313307642936707,False,False,0.0,0.0,0.0,[],10.0,10.0,1,10.0,0,0.010041749999999183
aco_current,10,8471,89,5,1,48.0,200.0,248.0,1.24,1.0,True,True,30.0,200.0,18.0,[1],10.0,10.0,1,10.0,0,0.009607166999984429
aco_current,10,8471,89,5,2,0.0,0.0,0.0,0.0,0.09907747060060501,False,False,0.0,0.0,0.0,[],10.0,10.0,1,10.0,0,0.009607166999984429
aco_current,10,8471,89,5,3,0.0,0.0,0.0,0.0,0.43936213850975037,False,False,0.0,0.0,0.0,[],10.0,10.0,1,10.0,0,0.009607166999984429
aco_current,10,8471,89,5,4,0.0,0.0,0.0,0.0,0.20313307642936707,False,False,0.0,0.0,0.0,[],10.0,10.0,1,10.0,0,0.009607166999984429
aco_current,10,8472,89,6,1,48.0,200.0,248.0,1.24,1.0,True,True,30.0,200.0,18.0,[1],10.0,10.0,1,10.0,0,0.010312792000007676
aco_current,10,8472,89,6,2,0.0,0.0,0.0,0.0,0.09907747060060501,False,False,0.0,0.0,0.0,[],10.0,10.0,1,10.0,0,0.010312792000007676
aco_current,10,8472,89,6,3,0.0,0.0,0.0,0.0,0.43936213850975037,False,False,0.0,0.0,0.0,[],10.0,10.0,1,10.0,0,0.010312792000007676
aco_current,10,8472,89,6,4,0.0,0.0,0.0,0.0,0.20313307642936707,False,False,0.0,0.0,0.0,[],10.0,10.0,1,10.0,0,0.010312792000007676
aco_current,10,8473,89,6,1,48.0,200.0,248.0,1.24,1.0,True,True,30.0,200.0,18.0,[1],10.0,10.0,1,10.0,0,0.009988625000005413
aco_current,10,8473,89,6,2,0.0,0.0,0.0,0.0,0.09907747060060501,False,False,0.0,0.0,0.0,[],10.0,10.0,1,10.0,0,0.009988625000005413
aco_current,10,8473,89,6,3,0.0,0.0,0.0,0.0,0.43936213850975037,False,False,0.0,0.0,0.0,[],10.0,10.0,1,10.0,0,0.009988625000005413
aco_current,10,8473,89,6,4,0.0,0.0,0.0,0.0,0.20313307642936707,False,False,0.0,0.0,0.0,[],10.0,10.0,1,10.0,0,0.009988625000005413
aco_current,10,8474,89,6,1,34.0,200.0,234.0,1.17,1.0,True,True,30.0,200.0,4.0,[1],10.0,10.0,1,10.0,0,0.009670165999978053
aco_current,10,8474,89,6,2,0.0,0.0,0.0,0.0,0.09907747060060501,False,False,0.0,0.0,0.0,[],10.0,10.0,1,10.0,0,0.009670165999978053
aco_current,10,8474,89,6,3,0.0,0.0,0.0,0.0,0.43936213850975037,False,False,0.0,0.0,0.0,[],10.0,10.0,1,10.0,0,0.009670165999978053
aco_current,10,8474,89,6,4,0.0,0.0,0.0,0.0,0.20313307642936707,False,False,0.0,0.0,0.0,[],10.0,10.0,1,10.0,0,0.009670165999978053
aco_current,10,8475,89,6,1,30.0,200.0,230.0,1.15,1.0,True,True,30.0,200.0,0.0,[1],10.0,10.0,1,10.0,0,0.009823833000012883
aco_current,10,8475,89,6,2,0.0,0.0,0.0,0.0,0.09907747060060501,False,False,0.0,0.0,0.0,[],10.0,10.0,1,10.0,0,0.009823833000012883
aco_current,10,8475,89,6,3,0.0,0.0,0.0,0.0,0.43936213850975037,False,False,0.0,0.0,0.0,[],10.0,10.0,1,10.0,0,0.009823833000012883
aco_current,10,8475,89,6,4,0.0,0.0,0.0,0.0,0.20313307642936707,False,False,0.0,0.0,0.0,[],10.0,10.0,1,10.0,0,0.009823833000012883
aco_current,10,8476,89,7,1,30.0,200.0,230.0,1.15,1.0,True,True,30.0,200.0,0.0,[1],10.0,10.0,1,10.0,0,0.009832040999981473
aco_current,10,8476,89,7,2,0.0,0.0,0.0,0.0,0.09907747060060501,False,False,0.0,0.0,0.0,[],10.0,10.0,1,10.0,0,0.009832040999981473
aco_current,10,8476,89,7,3,0.0,0.0,0.0,0.0,0.43936213850975037,False,False,0.0,0.0,0.0,[],10.0,10.0,1,10.0,0,0.009832040999981473
aco_current,10,8476,89,7,4,0.0,0.0,0.0,0.0,0.20313307642936707,False,False,0.0,0.0,0.0,[],10.0,10.0,1,10.0,0,0.009832040999981473
aco_current,10,8477,89,7,1,30.0,200.0,230.0,1.15,1.0,True,True,30.0,200.0,0.0,[1],10.0,10.0,1,10.0,0,0.009962915999977895
aco_current,10,8477,89,7,2,0.0,0.0,0.0,0.0,0.09907747060060501,False,False,0.0,0.0,0.0,[],10.0,10.0,1,10.0,0,0.009962915999977895
aco_current,10,8477,89,7,3,0.0,0.0,0.0,0.0,0.43936213850975037,False,False,0.0,0.0,0.0,[],10.0,10.0,1,10.0,0,0.009962915999977895
aco_current,10,8477,89,7,4,0.0,0.0,0.0,0.0,0.20313307642936707,False,False,0.0,0.0,0.0,[],10.0,10.0,1,10.0,0,0.009962915999977895
aco_current,10,8478,89,7,1,30.0,200.0,230.0,1.15,1.0,True,True,30.0,200.0,0.0,[1],10.0,10.0,1,10.0,0,0.009612959000008914
aco_current,10,8478,89,7,2,0.0,0.0,0.0,0.0,0.09907747060060501,False,False,0.0,0.0,0.0,[],10.0,10.0,1,10.0,0,0.009612959000008914
aco_current,10,8478,89,7,3,0.0,0.0,0.0,0.0,0.43936213850975037,False,False,0.0,0.0,0.0,[],10.0,10.0,1,10.0,0,0.009612959000008914
aco_current,10,8478,89,7,4,0.0,0.0,0.0,0.0,0.20313307642936707,False,False,0.0,0.0,0.0,[],10.0,10.0,1,10.0,0,0.009612959000008914
aco_current,10,8479,89,7,1,30.0,200.0,230.0,1.15,1.0,True,True,30.0,200.0,0.0,[1],10.0,10.0,1,10.0,0,0.009914709000014454
aco_current,10,8479,89,7,2,0.0,0.0,0.0,0.0,0.09907747060060501,False,False,0.0,0.0,0.0,[],10.0,10.0,1,10.0,0,0.009914709000014454
aco_current,10,8479,89,7,3,0.0,0.0,0.0,0.0,0.43936213850975037,False,False,0.0,0.0,0.0,[],10.0,10.0,1,10.0,0,0.009914709000014454
aco_current,10,8479,89,7,4,0.0,0.0,0.0,0.0,0.20313307642936707,False,False,0.0,0.0,0.0,[],10.0,10.0,1,10.0,0,0.009914709000014454
aco_current,10,8480,89,8,1,30.0,200.0,230.0,1.15,1.0,True,True,30.0,200.0,0.0,[1],10.0,10.0,1,10.0,0,0.009898875000004637
aco_current,10,8480,89,8,2,0.0,0.0,0.0,0.0,0.09907747060060501,False,False,0.0,0.0,0.0,[],10.0,10.0,1,10.0,0,0.009898875000004637
aco_current,10,8480,89,8,3,0.0,0.0,0.0,0.0,0.43936213850975037,False,False,0.0,0.0,0.0,[],10.0,10.0,1,10.0,0,0.009898875000004637
aco_current,10,8480,89,8,4,0.0,0.0,0.0,0.0,0.20313307642936707,False,False,0.0,0.0,0.0,[],10.0,10.0,1,10.0,0,0.009898875000004637
aco_current,10,8481,89,8,1,30.0,200.0,230.0,1.15,1.0,True,True,30.0,200.0,0.0,[1],10.0,10.0,1,10.0,0,0.009781083999996554
aco_current,10,8481,89,8,2,0.0,0.0,0.0,0.0,0.09907747060060501,False,False,0.0,0.0,0.0,[],10.0,10.0,1,10.0,0,0.009781083999996554
aco_current,10,8481,89,8,3,0.0,0.0,0.0,0.0,0.43936213850975037,False,False,0.0,0.0,0.0,[],10.0,10.0,1,10.0,0,0.009781083999996554
aco_current,10,8481,89,8,4,0.0,0.0,0.0,0.0,0.20313307642936707,False,False,0.0,0.0,0.0,[],10.0,10.0,1,10.0,0,0.009781083999996554
aco_current,10,8482,89,8,1,30.0,200.0,230.0,1.15,1.0,True,True,30.0,200.0,0.0,[1],10.0,10.0,1,10.0,0,0.00964404100000138
aco_current,10,8482,89,8,2,0.0,0.0,0.0,0.0,0.09907747060060501,False,False,0.0,0.0,0.0,[],10.0,10.0,1,10.0,0,0.00964404100000138
aco_current,10,8482,89,8,3,0.0,0.0,0.0,0.0,0.43936213850975037,False,False,0.0,0.0,0.0,[],10.0,10.0,1,10.0,0,0.00964404100000138
aco_current,10,8482,89,8,4,0.0,0.0,0.0,0.0,0.20313307642936707,False,False,0.0,0.0,0.0,[],10.0,10.0,1,10.0,0,0.00964404100000138
aco_current,10,8483,89,8,1,30.0,200.0,230.0,1.15,1.0,True,True,30.0,200.0,0.0,[1],10.0,10.0,1,10.0,0,0.010280041000015672
aco_current,10,8483,89,8,2,0.0,0.0,0.0,0.0,0.09907747060060501,False,False,0.0,0.0,0.0,[],10.0,10.0,1,10.0,0,0.010280041000015672
aco_current,10,8483,89,8,3,0.0,0.0,0.0,0.0,0.43936213850975037,False,False,0.0,0.0,0.0,[],10.0,10.0,1,10.0,0,0.010280041000015672
aco_current,10,8483,89,8,4,0.0,0.0,0.0,0.0,0.20313307642936707,False,False,0.0,0.0,0.0,[],10.0,10.0,1,10.0,0,0.010280041000015672
aco_current,10,8484,89,9,1,21.0,200.0,221.0,1.105,1.0,True,True,30.0,191.0,0.0,[1],10.0,10.0,1,10.0,0,0.010949541000002228
aco_current,10,8484,89,9,2,0.0,0.0,0.0,0.0,0.09907747060060501,False,False,0.0,0.0,0.0,[],10.0,10.0,1,10.0,0,0.010949541000002228
aco_current,10,8484,89,9,3,0.0,0.0,0.0,0.0,0.43936213850975037,False,False,0.0,0.0,0.0,[],10.0,10.0,1,10.0,0,0.010949541000002228
aco_current,10,8484,89,9,4,0.0,0.0,0.0,0.0,0.20313307642936707,False,False,0.0,0.0,0.0,[],10.0,10.0,1,10.0,0,0.010949541000002228
aco_current,10,8485,89,9,1,19.0,191.0,210.0,1.05,1.0,True,True,30.0,180.0,0.0,[1],10.0,10.0,1,10.0,0,0.009990832999989152
aco_current,10,8485,89,9,2,0.0,0.0,0.0,0.0,0.09907747060060501,False,False,0.0,0.0,0.0,[],10.0,10.0,1,10.0,0,0.009990832999989152
aco_current,10,8485,89,9,3,0.0,0.0,0.0,0.0,0.43936213850975037,False,False,0.0,0.0,0.0,[],10.0,10.0,1,10.0,0,0.009990832999989152
aco_current,10,8485,89,9,4,0.0,0.0,0.0,0.0,0.20313307642936707,False,False,0.0,0.0,0.0,[],10.0,10.0,1,10.0,0,0.009990832999989152
aco_current,10,8486,89,9,1,20.0,180.0,200.0,1.0,1.0,True,True,30.0,170.0,0.0,[1],10.0,10.0,1,10.0,0,0.010006083000007493
aco_current,10,8486,89,9,2,0.0,0.0,0.0,0.0,0.09907747060060501,False,False,0.0,0.0,0.0,[],10.0,10.0,1,10.0,0,0.010006083000007493
aco_current,10,8486,89,9,3,0.0,0.0,0.0,0.0,0.43936213850975037,False,False,0.0,0.0,0.0,[],10.0,10.0,1,10.0,0,0.010006083000007493
aco_current,10,8486,89,9,4,0.0,0.0,0.0,0.0,0.20313307642936707,False,False,0.0,0.0,0.0,[],10.0,10.0,1,10.0,0,0.010006083000007493
aco_current,10,8487,89,9,1,19.0,170.0,189.0,0.945,1.0,True,True,30.0,159.0,0.0,[1],10.0,10.0,1,10.0,0,0.009889708000002884
aco_current,10,8487,89,9,2,0.0,0.0,0.0,0.0,0.09907747060060501,False,False,0.0,0.0,0.0,[],10.0,10.0,1,10.0,0,0.009889708000002884
aco_current,10,8487,89,9,3,0.0,0.0,0.0,0.0,0.43936213850975037,False,False,0.0,0.0,0.0,[],10.0,10.0,1,10.0,0,0.009889708000002884
aco_current,10,8487,89,9,4,0.0,0.0,0.0,0.0,0.20313307642936707,False,False,0.0,0.0,0.0,[],10.0,10.0,1,10.0,0,0.009889708000002884
aco_current,10,8488,89,10,1,15.0,159.0,174.0,0.87,0.9999914169311523,True,True,30.0,144.0,0.0,[1],10.0,10.0,1,10.0,0,0.009809708999995337
aco_current,10,8488,89,10,2,0.0,0.0,0.0,0.0,0.09907747060060501,False,False,0.0,0.0,0.0,[],10.0,10.0,1,10.0,0,0.009809708999995337
aco_current,10,8488,89,10,3,0.0,0.0,0.0,0.0,0.43936213850975037,False,False,0.0,0.0,0.0,[],10.0,10.0,1,10.0,0,0.009809708999995337
aco_current,10,8488,89,10,4,0.0,0.0,0.0,0.0,0.20313307642936707,False,False,0.0,0.0,0.0,[],10.0,10.0,1,10.0,0,0.009809708999995337
aco_current,10,8489,89,10,1,9.0,144.0,153.0,0.765,0.9849361777305603,False,False,0.0,153.0,0.0,[],0.0,0.0,0,0.0,0,3.332999995109276e-06
aco_current,10,8489,89,10,2,0.0,0.0,0.0,0.0,0.09907747060060501,False,False,0.0,0.0,0.0,[],0.0,0.0,0,0.0,0,3.332999995109276e-06
aco_current,10,8489,89,10,3,0.0,0.0,0.0,0.0,0.43936213850975037,False,False,0.0,0.0,0.0,[],0.0,0.0,0,0.0,0,3.332999995109276e-06
aco_current,10,8489,89,10,4,0.0,0.0,0.0,0.0,0.20313307642936707,False,False,0.0,0.0,0.0,[],0.0,0.0,0,0.0,0,3.332999995109276e-06
aco_current,10,8490,89,10,1,8.0,153.0,161.0,0.805,0.9963662624359131,True,True,30.0,131.0,0.0,[1],10.0,10.0,1,10.0,0,0.009814667000000554
aco_current,10,8490,89,10,2,0.0,0.0,0.0,0.0,0.09907747060060501,False,False,0.0,0.0,0.0,[],10.0,10.0,1,10.0,0,0.009814667000000554
aco_current,10,8490,89,10,3,0.0,0.0,0.0,0.0,0.43936213850975037,False,False,0.0,0.0,0.0,[],10.0,10.0,1,10.0,0,0.009814667000000554
aco_current,10,8490,89,10,4,0.0,0.0,0.0,0.0,0.20313307642936707,False,False,0.0,0.0,0.0,[],10.0,10.0,1,10.0,0,0.009814667000000554
