policy,seed,time_bin,day,hour,dock,arrivals,queue_before,available_before_pickup,fill_ratio,risk_probability,active,visited,amount_picked,queue_after,overflow,serving_drone_ids,total_energy_interval,total_distance_interval,sorties_interval,objective_value,constraint_violations,algorithm_runtime_seconds
mlp_aco,2,7104,75,0,1,38.0,0.0,38.0,0.19,0.9994148015975952,True,True,30.0,8.0,0.0,[1],10.0,10.0,1,10.0,0,0.010003959000016494
mlp_aco,2,7104,75,0,2,0.0,0.0,0.0,0.0,0.09907747060060501,False,False,0.0,0.0,0.0,[],10.0,10.0,1,10.0,0,0.010003959000016494
mlp_aco,2,7104,75,0,3,0.0,0.0,0.0,0.0,0.43936213850975037,False,False,0.0,0.0,0.0,[],10.0,10.0,1,10.0,0,0.010003959000016494
mlp_aco,2,7104,75,0,4,0.0,0.0,0.0,0.0,0.20313307642936707,False,False,0.0,0.0,0.0,[],10.0,10.0,1,10.0,0,0.010003959000016494
mlp_aco,2,7105,75,0,1,39.0,8.0,47.0,0.235,0.9990956783294678,True,True,30.0,17.0,0.0,[1],10.0,10.0,1,10.0,0,0.009946624999997766
mlp_aco,2,7105,75,0,2,0.0,0.0,0.0,0.0,0.09907747060060501,False,False,0.0,0.0,0.0,[],10.0,10.0,1,10.0,0,0.009946624999997766
mlp_aco,2,7105,75,0,3,0.0,0.0,0.0,0.0,0.43936213850975037,False,False,0.0,0.0,0.0,[],10.0,10.0,1,10.0,0,0.009946624999997766
mlp_aco,2,7105,75,0,4,0.0,0.0,0.0,0.0,0.20313307642936707,False,False,0.0,0.0,0.0,[],10.0,10.0,1,10.0,0,0.009946624999997766
mlp_aco,2,7106,75,0,1,40.0,17.0,57.0,0.285,0.9992998242378235,True,True,30.0,27.0,0.0,[1],10.0,10.0,1,10.0,0,0.009849874999986241
mlp_aco,2,7106,75,0,2,0.0,0.0,0.0,0.0,0.09907747060060501,False,False,0.0,0.0,0.0,[],10.0,10.0,1,10.0,0,0.009849874999986241
mlp_aco,2,7106,75,0,3,0.0,0.0,0.0,0.0,0.43936213850975037,False,False,0.0,0.0,0.0,[],10.0,10.0,1,10.0,0,0.009849874999986241
mlp_aco,2,7106,75,0,4,0.0,0.0,0.0,0.0,0.20313307642936707,False,False,0.0,0.0,0.0,[],10.0,10.0,1,10.0,0,0.009849874999986241
mlp_aco,2,7107,75,0,1,39.0,27.0,66.0,0.33,0.9995886087417603,True,True,30.0,36.0,0.0,[1],10.0,10.0,1,10.0,0,0.009362792000018771
mlp_aco,2,7107,75,0,2,0.0,0.0,0.0,0.0,0.09907747060060501,False,False,0.0,0.0,0.0,[],10.0,10.0,1,10.0,0,0.009362792000018771
mlp_aco,2,7107,75,0,3,0.0,0.0,0.0,0.0,0.43936213850975037,False,False,0.0,0.0,0.0,[],10.0,10.0,1,10.0,0,0.009362792000018771
mlp_aco,2,7107,75,0,4,0.0,0.0,0.0,0.0,0.20313307642936707,False,False,0.0,0.0,0.0,[],10.0,10.0,1,10.0,0,0.009362792000018771
mlp_aco,2,7108,75,1,1,41.0,36.0,77.0,0.385,0.9998730421066284,True,True,30.0,47.0,0.0,[1],10.0,10.0,1,10.0,0,0.009711624999994228
mlp_aco,2,7108,75,1,2,0.0,0.0,0.0,0.0,0.09907747060060501,False,False,0.0,0.0,0.0,[],10.0,10.0,1,10.0,0,0.009711624999994228
mlp_aco,2,7108,75,1,3,0.0,0.0,0.0,0.0,0.43936213850975037,False,False,0.0,0.0,0.0,[],10.0,10.0,1,10.0,0,0.009711624999994228
mlp_aco,2,7108,75,1,4,0.0,0.0,0.0,0.0,0.20313307642936707,False,False,0.0,0.0,0.0,[],10.0,10.0,1,10.0,0,0.009711624999994228
mlp_aco,2,7109,75,1,1,39.0,47.0,86.0,0.43,0.9998651742935181,True,True,30.0,56.0,0.0,[1],10.0,10.0,1,10.0,0,0.009918375000012247
mlp_aco,2,7109,75,1,2,0.0,0.0,0.0,0.0,0.09907747060060501,False,False,0.0,0.0,0.0,[],10.0,10.0,1,10.0,0,0.009918375000012247
mlp_aco,2,7109,75,1,3,0.0,0.0,0.0,0.0,0.43936213850975037,False,False,0.0,0.0,0.0,[],10.0,10.0,1,10.0,0,0.009918375000012247
mlp_aco,2,7109,75,1,4,0.0,0.0,0.0,0.0,0.20313307642936707,False,False,0.0,0.0,0.0,[],10.0,10.0,1,10.0,0,0.009918375000012247
mlp_aco,2,7110,75,1,1,40.0,56.0,96.0,0.48,0.9999480843544006,True,True,30.0,66.0,0.0,[1],10.0,10.0,1,10.0,0,0.009587916000015184
mlp_aco,2,7110,75,1,2,0.0,0.0,0.0,0.0,0.09907747060060501,False,False,0.0,0.0,0.0,[],10.0,10.0,1,10.0,0,0.009587916000015184
mlp_aco,2,7110,75,1,3,0.0,0.0,0.0,0.0,0.43936213850975037,False,False,0.0,0.0,0.0,[],10.0,10.0,1,10.0,0,0.009587916000015184
mlp_aco,2,7110,75,1,4,0.0,0.0,0.0,0.0,0.20313307642936707,False,False,0.0,0.0,0.0,[],10.0,10.0,1,10.0,0,0.009587916000015184
mlp_aco,2,7111,75,1,1,40.0,66.0,106.0,0.53,0.9999730587005615,True,True,30.0,76.0,0.0,[1],10.0,10.0,1,10.0,0,0.009476708000022427
mlp_aco,2,7111,75,1,2,0.0,0.0,0.0,0.0,0.09907747060060501,False,False,0.0,0.0,0.0,[],10.0,10.0,1,10.0,0,0.009476708000022427
mlp_aco,2,7111,75,1,3,0.0,0.0,0.0,0.0,0.43936213850975037,False,False,0.0,0.0,0.0,[],10.0,10.0,1,10.0,0,0.009476708000022427
mlp_aco,2,7111,75,1,4,0.0,0.0,0.0,0.0,0.20313307642936707,False,False,0.0,0.0,0.0,[],10.0,10.0,1,10.0,0,0.009476708000022427
mlp_aco,2,7112,75,2,1,44.0,76.0,120.0,0.6,0.9999971985816956,True,True,30.0,90.0,0.0,[1],10.0,10.0,1,10.0,0,0.009690790999997034
mlp_aco,2,7112,75,2,2,0.0,0.0,0.0,0.0,0.09907747060060501,False,False,0.0,0.0,0.0,[],10.0,10.0,1,10.0,0,0.009690790999997034
mlp_aco,2,7112,75,2,3,0.0,0.0,0.0,0.0,0.43936213850975037,False,False,0.0,0.0,0.0,[],10.0,10.0,1,10.0,0,0.009690790999997034
mlp_aco,2,7112,75,2,4,0.0,0.0,0.0,0.0,0.20313307642936707,False,False,0.0,0.0,0.0,[],10.0,10.0,1,10.0,0,0.009690790999997034
mlp_aco,2,7113,75,2,1,41.0,90.0,131.0,0.655,0.9999976754188538,True,True,30.0,101.0,0.0,[1],10.0,10.0,1,10.0,0,0.009968791999995119
mlp_aco,2,7113,75,2,2,0.0,0.0,0.0,0.0,0.09907747060060501,False,False,0.0,0.0,0.0,[],10.0,10.0,1,10.0,0,0.009968791999995119
mlp_aco,2,7113,75,2,3,0.0,0.0,0.0,0.0,0.43936213850975037,False,False,0.0,0.0,0.0,[],10.0,10.0,1,10.0,0,0.009968791999995119
mlp_aco,2,7113,75,2,4,0.0,0.0,0.0,0.0,0.20313307642936707,False,False,0.0,0.0,0.0,[],10.0,10.0,1,10.0,0,0.009968791999995119
mlp_aco,2,7114,75,2,1,38.0,101.0,139.0,0.695,0.9999974370002747,True,True,30.0,109.0,0.0,[1],10.0,10.0,1,10.0,0,0.009677624999994805
mlp_aco,2,7114,75,2,2,0.0,0.0,0.0,0.0,0.09907747060060501,False,False,0.0,0.0,0.0,[],10.0,10.0,1,10.0,0,0.009677624999994805
mlp_aco,2,7114,75,2,3,0.0,0.0,0.0,0.0,0.43936213850975037,False,False,0.0,0.0,0.0,[],10.0,10.0,1,10.0,0,0.009677624999994805
mlp_aco,2,7114,75,2,4,0.0,0.0,0.0,0.0,0.20313307642936707,False,False,0.0,0.0,0.0,[],10.0,10.0,1,10.0,0,0.009677624999994805
mlp_aco,2,7115,75,2,1,32.0,109.0,141.0,0.705,0.9999841451644897,True,True,30.0,111.0,0.0,[1],10.0,10.0,1,10.0,0,0.009813833999999133
mlp_aco,2,7115,75,2,2,0.0,0.0,0.0,0.0,0.09907747060060501,False,False,0.0,0.0,0.0,[],10.0,10.0,1,10.0,0,0.009813833999999133
mlp_aco,2,7115,75,2,3,0.0,0.0,0.0,0.0,0.43936213850975037,False,False,0.0,0.0,0.0,[],10.0,10.0,1,10.0,0,0.009813833999999133
mlp_aco,2,7115,75,2,4,0.0,0.0,0.0,0.0,0.20313307642936707,False,False,0.0,0.0,0.0,[],10.0,10.0,1,10.0,0,0.009813833999999133
mlp_aco,2,7116,75,3,1,32.0,111.0,143.0,0.715,0.9999863505363464,True,True,30.0,113.0,0.0,[1],10.0,10.0,1,10.0,0,0.009921207999980197
mlp_aco,2,7116,75,3,2,0.0,0.0,0.0,0.0,0.09907747060060501,False,False,0.0,0.0,0.0,[],10.0,10.0,1,10.0,0,0.009921207999980197
mlp_aco,2,7116,75,3,3,0.0,0.0,0.0,0.0,0.43936213850975037,False,False,0.0,0.0,0.0,[],10.0,10.0,1,10.0,0,0.009921207999980197
mlp_aco,2,7116,75,3,4,0.0,0.0,0.0,0.0,0.20313307642936707,False,False,0.0,0.0,0.0,[],10.0,10.0,1,10.0,0,0.009921207999980197
mlp_aco,2,7117,75,3,1,33.0,113.0,146.0,0.73,0.9999932646751404,True,True,30.0,116.0,0.0,[1],10.0,10.0,1,10.0,0,0.009781042000014395
mlp_aco,2,7117,75,3,2,0.0,0.0,0.0,0.0,0.09907747060060501,False,False,0.0,0.0,0.0,[],10.0,10.0,1,10.0,0,0.009781042000014395
mlp_aco,2,7117,75,3,3,0.0,0.0,0.0,0.0,0.43936213850975037,False,False,0.0,0.0,0.0,[],10.0,10.0,1,10.0,0,0.009781042000014395
mlp_aco,2,7117,75,3,4,0.0,0.0,0.0,0.0,0.20313307642936707,False,False,0.0,0.0,0.0,[],10.0,10.0,1,10.0,0,0.009781042000014395
mlp_aco,2,7118,75,3,1,33.0,116.0,149.0,0.745,0.9999953508377075,True,True,30.0,119.0,0.0,[1],10.0,10.0,1,10.0,0,0.009764084000011053
mlp_aco,2,7118,75,3,2,0.0,0.0,0.0,0.0,0.09907747060060501,False,False,0.0,0.0,0.0,[],10.0,10.0,1,10.0,0,0.009764084000011053
mlp_aco,2,7118,75,3,3,0.0,0.0,0.0,0.0,0.43936213850975037,False,False,0.0,0.0,0.0,[],10.0,10.0,1,10.0,0,0.009764084000011053
mlp_aco,2,7118,75,3,4,0.0,0.0,0.0,0.0,0.20313307642936707,False,False,0.0,0.0,0.0,[],10.0,10.0,1,10.0,0,0.009764084000011053
mlp_aco,2,7119,75,3,1,40.0,119.0,159.0,0.795,1.0,True,True,30.0,129.0,0.0,[1],10.0,10.0,1,10.0,0,0.009646000000003596
mlp_aco,2,7119,75,3,2,0.0,0.0,0.0,0.0,0.09907747060060501,False,False,0.0,0.0,0.0,[],10.0,10.0,1,10.0,0,0.009646000000003596
mlp_aco,2,7119,75,3,3,0.0,0.0,0.0,0.0,0.43936213850975037,False,False,0.0,0.0,0.0,[],10.0,10.0,1,10.0,0,0.009646000000003596
mlp_aco,2,7119,75,3,4,0.0,0.0,0.0,0.0,0.20313307642936707,False,False,0.0,0.0,0.0,[],10.0,10.0,1,10.0,0,0.009646000000003596
mlp_aco,2,7120,75,4,1,42.0,129.0,171.0,0.855,1.0,True,True,30.0,141.0,0.0,[1],10.0,10.0,1,10.0,0,0.009952291999979934
mlp_aco,2,7120,75,4,2,0.0,0.0,0.0,0.0,0.09907747060060501,False,False,0.0,0.0,0.0,[],10.0,10.0,1,10.0,0,0.009952291999979934
mlp_aco,2,7120,75,4,3,0.0,0.0,0.0,0.0,0.43936213850975037,False,False,0.0,0.0,0.0,[],10.0,10.0,1,10.0,0,0.009952291999979934
mlp_aco,2,7120,75,4,4,0.0,0.0,0.0,0.0,0.20313307642936707,False,False,0.0,0.0,0.0,[],10.0,10.0,1,10.0,0,0.009952291999979934
mlp_aco,2,7121,75,4,1,42.0,141.0,183.0,0.915,1.0,True,True,30.0,153.0,0.0,[1],10.0,10.0,1,10.0,0,0.010061917000001586
mlp_aco,2,7121,75,4,2,0.0,0.0,0.0,0.0,0.09907747060060501,False,False,0.0,0.0,0.0,[],10.0,10.0,1,10.0,0,0.010061917000001586
mlp_aco,2,7121,75,4,3,0.0,0.0,0.0,0.0,0.43936213850975037,False,False,0.0,0.0,0.0,[],10.0,10.0,1,10.0,0,0.010061917000001586
mlp_aco,2,7121,75,4,4,0.0,0.0,0.0,0.0,0.20313307642936707,False,False,0.0,0.0,0.0,[],10.0,10.0,1,10.0,0,0.010061917000001586
mlp_aco,2,7122,75,4,1,40.0,153.0,193.0,0.965,1.0,True,True,30.0,163.0,0.0,[1],10.0,10.0,1,10.0,0,0.009925417000005154
mlp_aco,2,7122,75,4,2,0.0,0.0,0.0,0.0,0.09907747060060501,False,False,0.0,0.0,0.0,[],10.0,10.0,1,10.0,0,0.009925417000005154
mlp_aco,2,7122,75,4,3,0.0,0.0,0.0,0.0,0.43936213850975037,False,False,0.0,0.0,0.0,[],10.0,10.0,1,10.0,0,0.009925417000005154
mlp_aco,2,7122,75,4,4,0.0,0.0,0.0,0.0,0.20313307642936707,False,False,0.0,0.0,0.0,[],10.0,10.0,1,10.0,0,0.009925417000005154
mlp_aco,2,7123,75,4,1,44.0,163.0,207.0,1.035,1.0,True,True,30.0,177.0,0.0,[1],10.0,10.0,1,10.0,0,0.009965082999997321
mlp_aco,2,7123,75,4,2,0.0,0.0,0.0,0.0,0.09907747060060501,False,False,0.0,0.0,0.0,[],10.0,10.0,1,10.0,0,0.009965082999997321
mlp_aco,2,7123,75,4,3,0.0,0.0,0.0,0.0,0.43936213850975037,False,False,0.0,0.0,0.0,[],10.0,10.0,1,10.0,0,0.009965082999997321
mlp_aco,2,7123,75,4,4,0.0,0.0,0.0,0.0,0.20313307642936707,False,False,0.0,0.0,0.0,[],10.0,10.0,1,10.0,0,0.009965082999997321
mlp_aco,2,7124,75,5,1,52.0,177.0,229.0,1.145,1.0,True,True,30.0,199.0,0.0,[1],10.0,10.0,1,10.0,0,0.011230457999999999
mlp_aco,2,7124,75,5,2,0.0,0.0,0.0,0.0,0.09907747060060501,False,False,0.0,0.0,0.0,[],10.0,10.0,1,10.0,0,0.011230457999999999
mlp_aco,2,7124,75,5,3,0.0,0.0,0.0,0.0,0.43936213850975037,False,False,0.0,0.0,0.0,[],10.0,10.0,1,10.0,0,0.011230457999999999
mlp_aco,2,7124,75,5,4,0.0,0.0,0.0,0.0,0.20313307642936707,False,False,0.0,0.0,0.0,[],10.0,10.0,1,10.0,0,0.011230457999999999
mlp_aco,2,7125,75,5,1,54.0,199.0,253.0,1.265,1.0,True,True,30.0,200.0,23.0,[1],10.0,10.0,1,10.0,0,0.009878000000014708
mlp_aco,2,7125,75,5,2,0.0,0.0,0.0,0.0,0.09907747060060501,False,False,0.0,0.0,0.0,[],10.0,10.0,1,10.0,0,0.009878000000014708
mlp_aco,2,7125,75,5,3,0.0,0.0,0.0,0.0,0.43936213850975037,False,False,0.0,0.0,0.0,[],10.0,10.0,1,10.0,0,0.009878000000014708
mlp_aco,2,7125,75,5,4,0.0,0.0,0.0,0.0,0.20313307642936707,False,False,0.0,0.0,0.0,[],10.0,10.0,1,10.0,0,0.009878000000014708
mlp_aco,2,7126,75,5,1,38.0,200.0,238.0,1.19,1.0,True,True,30.0,200.0,8.0,[1],10.0,10.0,1,10.0,0,0.010001332999991064
mlp_aco,2,7126,75,5,2,0.0,0.0,0.0,0.0,0.09907747060060501,False,False,0.0,0.0,0.0,[],10.0,10.0,1,10.0,0,0.010001332999991064
mlp_aco,2,7126,75,5,3,0.0,0.0,0.0,0.0,0.43936213850975037,False,False,0.0,0.0,0.0,[],10.0,10.0,1,10.0,0,0.010001332999991064
mlp_aco,2,7126,75,5,4,0.0,0.0,0.0,0.0,0.20313307642936707,False,False,0.0,0.0,0.0,[],10.0,10.0,1,10.0,0,0.010001332999991064
mlp_aco,2,7127,75,5,1,34.0,200.0,234.0,1.17,1.0,True,True,30.0,200.0,4.0,[1],10.0,10.0,1,10.0,0,0.010378624999987096
mlp_aco,2,7127,75,5,2,0.0,0.0,0.0,0.0,0.09907747060060501,False,False,0.0,0.0,0.0,[],10.0,10.0,1,10.0,0,0.010378624999987096
mlp_aco,2,7127,75,5,3,0.0,0.0,0.0,0.0,0.43936213850975037,False,False,0.0,0.0,0.0,[],10.0,10.0,1,10.0,0,0.010378624999987096
mlp_aco,2,7127,75,5,4,0.0,0.0,0.0,0.0,0.20313307642936707,False,False,0.0,0.0,0.0,[],10.0,10.0,1,10.0,0,0.010378624999987096
mlp_aco,2,7128,75,6,1,27.0,200.0,227.0,1.135,1.0,True,True,30.0,197.0,0.0,[1],10.0,10.0,1,10.0,0,0.00988712500000588
mlp_aco,2,7128,75,6,2,0.0,0.0,0.0,0.0,0.09907747060060501,False,False,0.0,0.0,0.0,[],10.0,10.0,1,10.0,0,0.00988712500000588
mlp_aco,2,7128,75,6,3,0.0,0.0,0.0,0.0,0.43936213850975037,False,False,0.0,0.0,0.0,[],10.0,10.0,1,10.0,0,0.00988712500000588
mlp_aco,2,7128,75,6,4,0.0,0.0,0.0,0.0,0.20313307642936707,False,False,0.0,0.0,0.0,[],10.0,10.0,1,10.0,0,0.00988712500000588
mlp_aco,2,7129,75,6,1,28.0,197.0,225.0,1.125,1.0,True,True,30.0,195.0,0.0,[1],10.0,10.0,1,10.0,0,0.009849833000004082
mlp_aco,2,7129,75,6,2,0.0,0.0,0.0,0.0,0.09907747060060501,False,False,0.0,0.0,0.0,[],10.0,10.0,1,10.0,0,0.009849833000004082
mlp_aco,2,7129,75,6,3,0.0,0.0,0.0,0.0,0.43936213850975037,False,False,0.0,0.0,0.0,[],10.0,10.0,1,10.0,0,0.009849833000004082
mlp_aco,2,7129,75,6,4,0.0,0.0,0.0,0.0,0.20313307642936707,False,False,0.0,0.0,0.0,[],10.0,10.0,1,10.0,0,0.009849833000004082
mlp_aco,2,7130,75,6,1,26.0,195.0,221.0,1.105,1.0,True,True,30.0,191.0,0.0,[1],10.0,10.0,1,10.0,0,0.009962042000012161
mlp_aco,2,7130,75,6,2,0.0,0.0,0.0,0.0,0.09907747060060501,False,False,0.0,0.0,0.0,[],10.0,10.0,1,10.0,0,0.009962042000012161
mlp_aco,2,7130,75,6,3,0.0,0.0,0.0,0.0,0.43936213850975037,False,False,0.0,0.0,0.0,[],10.0,10.0,1,10.0,0,0.009962042000012161
mlp_aco,2,7130,75,6,4,0.0,0.0,0.0,0.0,0.20313307642936707,False,False,0.0,0.0,0.0,[],10.0,10.0,1,10.0,0,0.009962042000012161
mlp_aco,2,7131,75,6,1,27.0,191.0,218.0,1.09,1.0,True,True,30.0,188.0,0.0,[1],10.0,10.0,1,10.0,0,0.009747666999999183
mlp_aco,2,7131,75,6,2,0.0,0.0,0.0,0.0,0.09907747060060501,False,False,0.0,0.0,0.0,[],10.0,10.0,1,10.0,0,0.009747666999999183
mlp_aco,2,7131,75,6,3,0.0,0.0,0.0,0.0,0.43936213850975037,False,False,0.0,0.0,0.0,[],10.0,10.0,1,10.0,0,0.009747666999999183
mlp_aco,2,7131,75,6,4,0.0,0.0,0.0,0.0,0.20313307642936707,False,False,0.0,0.0,0.0,[],10.0,10.0,1,10.0,0,0.009747666999999183
mlp_aco,2,7132,75,7,1,27.0,188.0,215.0,1.075,1.0,True,True,30.0,185.0,0.0,[1],10.0,10.0,1,10.0,0,0.010145208000011507
mlp_aco,2,7132,75,7,2,0.0,0.0,0.0,0.0,0.09907747060060501,False,False,0.0,0.0,0.0,[],10.0,10.0,1,10.0,0,0.010145208000011507
mlp_aco,2,7132,75,7,3,0.0,0.0,0.0,0.0,0.43936213850975037,False,False,0.0,0.0,0.0,[],10.0,10.0,1,10.0,0,0.010145208000011507
mlp_aco,2,7132,75,7,4,0.0,0.0,0.0,0.0,0.20313307642936707,False,False,0.0,0.0,0.0,[],10.0,10.0,1,10.0,0,0.010145208000011507
mlp_aco,2,7133,75,7,1,28.0,185.0,213.0,1.065,1.0,True,True,30.0,183.0,0.0,[1],10.0,10.0,1,10.0,0,0.010031124999983376
mlp_aco,2,7133,75,7,2,0.0,0.0,0.0,0.0,0.09907747060060501,False,False,0.0,0.0,0.0,[],10.0,10.0,1,10.0,0,0.010031124999983376
mlp_aco,2,7133,75,7,3,0.0,0.0,0.0,0.0,0.43936213850975037,False,False,0.0,0.0,0.0,[],10.0,10.0,1,10.0,0,0.010031124999983376
mlp_aco,2,7133,75,7,4,0.0,0.0,0.0,0.0,0.20313307642936707,False,False,0.0,0.0,0.0,[],10.0,10.0,1,10.0,0,0.010031124999983376
mlp_aco,2,7134,75,7,1,27.0,183.0,210.0,1.05,1.0,True,True,30.0,180.0,0.0,[1],10.0,10.0,1,10.0,0,0.009772249999997484
mlp_aco,2,7134,75,7,2,0.0,0.0,0.0,0.0,0.09907747060060501,False,False,0.0,0.0,0.0,[],10.0,10.0,1,10.0,0,0.009772249999997484
mlp_aco,2,7134,75,7,3,0.0,0.0,0.0,0.0,0.43936213850975037,False,False,0.0,0.0,0.0,[],10.0,10.0,1,10.0,0,0.009772249999997484
mlp_aco,2,7134,75,7,4,0.0,0.0,0.0,0.0,0.20313307642936707,False,False,0.0,0.0,0.0,[],10.0,10.0,1,10.0,0,0.009772249999997484
mlp_aco,2,7135,75,7,1,26.0,180.0,206.0,1.03,1.0,True,True,30.0,176.0,0.0,[1],10.0,10.0,1,10.0,0,0.009742334000009123
mlp_aco,2,7135,75,7,2,0.0,0.0,0.0,0.0,0.09907747060060501,False,False,0.0,0.0,0.0,[],10.0,10.0,1,10.0,0,0.009742334000009123
mlp_aco,2,7135,75,7,3,0.0,0.0,0.0,0.0,0.43936213850975037,False,False,0.0,0.0,0.0,[],10.0,10.0,1,10.0,0,0.009742334000009123
mlp_aco,2,7135,75,7,4,0.0,0.0,0.0,0.0,0.20313307642936707,False,False,0.0,0.0,0.0,[],10.0,10.0,1,10.0,0,0.009742334000009123
mlp_aco,2,7136,75,8,1,26.0,176.0,202.0,1.01,1.0,True,True,30.0,172.0,0.0,[1],10.0,10.0,1,10.0,0,0.009701624999991054
mlp_aco,2,7136,75,8,2,0.0,0.0,0.0,0.0,0.09907747060060501,False,False,0.0,0.0,0.0,[],10.0,10.0,1,10.0,0,0.009701624999991054
mlp_aco,2,7136,75,8,3,0.0,0.0,0.0,0.0,0.43936213850975037,False,False,0.0,0.0,0.0,[],10.0,10.0,1,10.0,0,0.009701624999991054
mlp_aco,2,7136,75,8,4,0.0,0.0,0.0,0.0,0.20313307642936707,False,False,0.0,0.0,0.0,[],10.0,10.0,1,10.0,0,0.009701624999991054
mlp_aco,2,7137,75,8,1,17.0,172.0,189.0,0.945,0.9999999403953552,True,True,30.0,159.0,0.0,[1],10.0,10.0,1,10.0,0,0.00973945900000217
mlp_aco,2,7137,75,8,2,0.0,0.0,0.0,0.0,0.09907747060060501,False,False,0.0,0.0,0.0,[],10.0,10.0,1,10.0,0,0.00973945900000217
mlp_aco,2,7137,75,8,3,0.0,0.0,0.0,0.0,0.43936213850975037,False,False,0.0,0.0,0.0,[],10.0,10.0,1,10.0,0,0.00973945900000217
mlp_aco,2,7137,75,8,4,0.0,0.0,0.0,0.0,0.20313307642936707,False,False,0.0,0.0,0.0,[],10.0,10.0,1,10.0,0,0.00973945900000217
mlp_aco,2,7138,75,8,1,16.0,159.0,175.0,0.875,0.9999955892562866,True,True,30.0,145.0,0.0,[1],10.0,10.0,1,10.0,0,0.009528458000005458
mlp_aco,2,7138,75,8,2,0.0,0.0,0.0,0.0,0.09907747060060501,False,False,0.0,0.0,0.0,[],10.0,10.0,1,10.0,0,0.009528458000005458
mlp_aco,2,7138,75,8,3,0.0,0.0,0.0,0.0,0.43936213850975037,False,False,0.0,0.0,0.0,[],10.0,10.0,1,10.0,0,0.009528458000005458
mlp_aco,2,7138,75,8,4,0.0,0.0,0.0,0.0,0.20313307642936707,False,False,0.0,0.0,0.0,[],10.0,10.0,1,10.0,0,0.009528458000005458
mlp_aco,2,7139,75,8,1,15.0,145.0,160.0,0.8,0.9996705055236816,True,True,30.0,130.0,0.0,[1],10.0,10.0,1,10.0,0,0.010565291999995452
mlp_aco,2,7139,75,8,2,0.0,0.0,0.0,0.0,0.09907747060060501,False,False,0.0,0.0,0.0,[],10.0,10.0,1,10.0,0,0.010565291999995452
mlp_aco,2,7139,75,8,3,0.0,0.0,0.0,0.0,0.43936213850975037,False,False,0.0,0.0,0.0,[],10.0,10.0,1,10.0,0,0.010565291999995452
mlp_aco,2,7139,75,8,4,0.0,0.0,0.0,0.0,0.20313307642936707,False,False,0.0,0.0,0.0,[],10.0,10.0,1,10.0,0,0.010565291999995452
mlp_aco,2,7140,75,9,1,17.0,130.0,147.0,0.735,0.998248279094696,True,True,30.0,117.0,0.0,[1],10.0,10.0,1,10.0,0,0.010134750000020176
mlp_aco,2,7140,75,9,2,0.0,0.0,0.0,0.0,0.09907747060060501,False,False,0.0,0.0,0.0,[],10.0,10.0,1,10.0,0,0.010134750000020176
mlp_aco,2,7140,75,9,3,0.0,0.0,0.0,0.0,0.43936213850975037,False,False,0.0,0.0,0.0,[],10.0,10.0,1,10.0,0,0.010134750000020176
mlp_aco,2,7140,75,9,4,0.0,0.0,0.0,0.0,0.20313307642936707,False,False,0.0,0.0,0.0,[],10.0,10.0,1,10.0,0,0.010134750000020176
mlp_aco,2,7141,75,9,1,16.0,117.0,133.0,0.665,0.9886540174484253,True,True,30.0,103.0,0.0,[1],10.0,10.0,1,10.0,0,0.010318209000018896
mlp_aco,2,7141,75,9,2,0.0,0.0,0.0,0.0,0.09907747060060501,False,False,0.0,0.0,0.0,[],10.0,10.0,1,10.0,0,0.010318209000018896
mlp_aco,2,7141,75,9,3,0.0,0.0,0.0,0.0,0.43936213850975037,False,False,0.0,0.0,0.0,[],10.0,10.0,1,10.0,0,0.010318209000018896
mlp_aco,2,7141,75,9,4,0.0,0.0,0.0,0.0,0.20313307642936707,False,False,0.0,0.0,0.0,[],10.0,10.0,1,10.0,0,0.010318209000018896
mlp_aco,2,7142,75,9,1,16.0,103.0,119.0,0.595,0.9610422849655151,True,True,30.0,89.0,0.0,[1],10.0,10.0,1,10.0,0,0.009717041000016025
mlp_aco,2,7142,75,9,2,0.0,0.0,0.0,0.0,0.09907747060060501,False,False,0.0,0.0,0.0,[],10.0,10.0,1,10.0,0,0.009717041000016025
mlp_aco,2,7142,75,9,3,0.0,0.0,0.0,0.0,0.43936213850975037,False,False,0.0,0.0,0.0,[],10.0,10.0,1,10.0,0,0.009717041000016025
mlp_aco,2,7142,75,9,4,0.0,0.0,0.0,0.0,0.20313307642936707,False,False,0.0,0.0,0.0,[],10.0,10.0,1,10.0,0,0.009717041000016025
mlp_aco,2,7143,75,9,1,15.0,89.0,104.0,0.52,0.8409848213195801,True,True,30.0,74.0,0.0,[1],10.0,10.0,1,10.0,0,0.009929624999983844
mlp_aco,2,7143,75,9,2,0.0,0.0,0.0,0.0,0.09907747060060501,False,False,0.0,0.0,0.0,[],10.0,10.0,1,10.0,0,0.009929624999983844
mlp_aco,2,7143,75,9,3,0.0,0.0,0.0,0.0,0.43936213850975037,False,False,0.0,0.0,0.0,[],10.0,10.0,1,10.0,0,0.009929624999983844
mlp_aco,2,7143,75,9,4,0.0,0.0,0.0,0.0,0.20313307642936707,False,False,0.0,0.0,0.0,[],10.0,10.0,1,10.0,0,0.009929624999983844
mlp_aco,2,7144,75,10,1,17.0,74.0,91.0,0.455,0.8657229542732239,True,True,30.0,61.0,0.0,[1],10.0,10.0,1,10.0,0,0.010282875000001468
mlp_aco,2,7144,75,10,2,0.0,0.0,0.0,0.0,0.09907747060060501,False,False,0.0,0.0,0.0,[],10.0,10.0,1,10.0,0,0.010282875000001468
mlp_aco,2,7144,75,10,3,0.0,0.0,0.0,0.0,0.43936213850975037,False,False,0.0,0.0,0.0,[],10.0,10.0,1,10.0,0,0.010282875000001468
mlp_aco,2,7144,75,10,4,0.0,0.0,0.0,0.0,0.20313307642936707,False,False,0.0,0.0,0.0,[],10.0,10.0,1,10.0,0,0.010282875000001468
mlp_aco,2,7145,75,10,1,16.0,61.0,77.0,0.385,0.6612253189086914,False,False,0.0,77.0,0.0,[],0.0,0.0,0,0.0,0,3.5409999838975637e-06
mlp_aco,2,7145,75,10,2,0.0,0.0,0.0,0.0,0.09907747060060501,False,False,0.0,0.0,0.0,[],0.0,0.0,0,0.0,0,3.5409999838975637e-06
mlp_aco,2,7145,75,10,3,0.0,0.0,0.0,0.0,0.43936213850975037,False,False,0.0,0.0,0.0,[],0.0,0.0,0,0.0,0,3.5409999838975637e-06
mlp_aco,2,7145,75,10,4,0.0,0.0,0.0,0.0,0.20313307642936707,False,False,0.0,0.0,0.0,[],0.0,0.0,0,0.0,0,3.5409999838975637e-06
mlp_aco,2,7146,75,10,1,16.0,77.0,93.0,0.465,0.8173338174819946,True,True,30.0,63.0,0.0,[1],10.0,10.0,1,10.0,0,0.00968516699998645
mlp_aco,2,7146,75,10,2,0.0,0.0,0.0,0.0,0.09907747060060501,False,False,0.0,0.0,0.0,[],10.0,10.0,1,10.0,0,0.00968516699998645
mlp_aco,2,7146,75,10,3,0.0,0.0,0.0,0.0,0.43936213850975037,False,False,0.0,0.0,0.0,[],10.0,10.0,1,10.0,0,0.00968516699998645
mlp_aco,2,7146,75,10,4,0.0,0.0,0.0,0.0,0.20313307642936707,False,False,0.0,0.0,0.0,[],10.0,10.0,1,10.0,0,0.00968516699998645
mlp_aco,2,7147,75,10,1,15.0,63.0,78.0,0.39,0.5679126977920532,False,False,0.0,78.0,0.0,[],0.0,0.0,0,0.0,0,3.375000005689799e-06
mlp_aco,2,7147,75,10,2,0.0,0.0,0.0,0.0,0.09907747060060501,False,False,0.0,0.0,0.0,[],0.0,0.0,0,0.0,0,3.375000005689799e-06
mlp_aco,2,7147,75,10,3,0.0,0.0,0.0,0.0,0.43936213850975037,False,False,0.0,0.0,0.0,[],0.0,0.0,0,0.0,0,3.375000005689799e-06
mlp_aco,2,7147,75,10,4,0.0,0.0,0.0,0.0,0.20313307642936707,False,False,0.0,0.0,0.0,[],0.0,0.0,0,0.0,0,3.375000005689799e-06
mlp_aco,2,7148,75,11,1,17.0,78.0,95.0,0.475,0.8809815049171448,True,True,30.0,65.0,0.0,[1],10.0,10.0,1,10.0,0,0.01044516700000031
mlp_aco,2,7148,75,11,2,0.0,0.0,0.0,0.0,0.09907747060060501,False,False,0.0,0.0,0.0,[],10.0,10.0,1,10.0,0,0.01044516700000031
mlp_aco,2,7148,75,11,3,0.0,0.0,0.0,0.0,0.43936213850975037,False,False,0.0,0.0,0.0,[],10.0,10.0,1,10.0,0,0.01044516700000031
mlp_aco,2,7148,75,11,4,0.0,0.0,0.0,0.0,0.20313307642936707,False,False,0.0,0.0,0.0,[],10.0,10.0,1,10.0,0,0.01044516700000031
mlp_aco,2,7149,75,11,1,16.0,65.0,81.0,0.405,0.70475172996521,True,True,30.0,51.0,0.0,[1],10.0,10.0,1,10.0,0,0.009939874999986387
mlp_aco,2,7149,75,11,2,0.0,0.0,0.0,0.0,0.09907747060060501,False,False,0.0,0.0,0.0,[],10.0,10.0,1,10.0,0,0.009939874999986387
mlp_aco,2,7149,75,11,3,0.0,0.0,0.0,0.0,0.43936213850975037,False,False,0.0,0.0,0.0,[],10.0,10.0,1,10.0,0,0.009939874999986387
mlp_aco,2,7149,75,11,4,0.0,0.0,0.0,0.0,0.20313307642936707,False,False,0.0,0.0,0.0,[],10.0,10.0,1,10.0,0,0.009939874999986387
mlp_aco,2,7150,75,11,1,16.0,51.0,67.0,0.335,0.5654489398002625,False,False,0.0,67.0,0.0,[],0.0,0.0,0,0.0,0,4.208000007110968e-06
mlp_aco,2,7150,75,11,2,0.0,0.0,0.0,0.0,0.09907747060060501,False,False,0.0,0.0,0.0,[],0.0,0.0,0,0.0,0,4.208000007110968e-06
mlp_aco,2,7150,75,11,3,0.0,0.0,0.0,0.0,0.43936213850975037,False,False,0.0,0.0,0.0,[],0.0,0.0,0,0.0,0,4.208000007110968e-06
mlp_aco,2,7150,75,11,4,0.0,0.0,0.0,0.0,0.20313307642936707,False,False,0.0,0.0,0.0,[],0.0,0.0,0,0.0,0,4.208000007110968e-06
mlp_aco,2,7151,75,11,1,15.0,67.0,82.0,0.41,0.6104947924613953,False,False,0.0,82.0,0.0,[],0.0,0.0,0,0.0,0,2.2500000227410055e-06
mlp_aco,2,7151,75,11,2,0.0,0.0,0.0,0.0,0.09907747060060501,False,False,0.0,0.0,0.0,[],0.0,0.0,0,0.0,0,2.2500000227410055e-06
mlp_aco,2,7151,75,11,3,0.0,0.0,0.0,0.0,0.43936213850975037,False,False,0.0,0.0,0.0,[],0.0,0.0,0,0.0,0,2.2500000227410055e-06
mlp_aco,2,7151,75,11,4,0.0,0.0,0.0,0.0,0.20313307642936707,False,False,0.0,0.0,0.0,[],0.0,0.0,0,0.0,0,2.2500000227410055e-06
mlp_aco,2,7152,75,12,1,17.0,82.0,99.0,0.495,0.894262433052063,True,True,30.0,69.0,0.0,[1],10.0,10.0,1,10.0,0,0.009805665999977009
mlp_aco,2,7152,75,12,2,0.0,0.0,0.0,0.0,0.09907747060060501,False,False,0.0,0.0,0.0,[],10.0,10.0,1,10.0,0,0.009805665999977009
mlp_aco,2,7152,75,12,3,0.0,0.0,0.0,0.0,0.43936213850975037,False,False,0.0,0.0,0.0,[],10.0,10.0,1,10.0,0,0.009805665999977009
mlp_aco,2,7152,75,12,4,0.0,0.0,0.0,0.0,0.20313307642936707,False,False,0.0,0.0,0.0,[],10.0,10.0,1,10.0,0,0.009805665999977009
mlp_aco,2,7153,75,12,1,16.0,69.0,85.0,0.425,0.7455567121505737,True,True,30.0,55.0,0.0,[1],10.0,10.0,1,10.0,0,0.009596291999997675
mlp_aco,2,7153,75,12,2,0.0,0.0,0.0,0.0,0.09907747060060501,False,False,0.0,0.0,0.0,[],10.0,10.0,1,10.0,0,0.009596291999997675
mlp_aco,2,7153,75,12,3,0.0,0.0,0.0,0.0,0.43936213850975037,False,False,0.0,0.0,0.0,[],10.0,10.0,1,10.0,0,0.009596291999997675
mlp_aco,2,7153,75,12,4,0.0,0.0,0.0,0.0,0.20313307642936707,False,False,0.0,0.0,0.0,[],10.0,10.0,1,10.0,0,0.009596291999997675
mlp_aco,2,7154,75,12,1,16.0,55.0,71.0,0.355,0.5990267992019653,False,False,0.0,71.0,0.0,[],0.0,0.0,0,0.0,0,3.6250000050586095e-06
mlp_aco,2,7154,75,12,2,0.0,0.0,0.0,0.0,0.09907747060060501,False,False,0.0,0.0,0.0,[],0.0,0.0,0,0.0,0,3.6250000050586095e-06
mlp_aco,2,7154,75,12,3,0.0,0.0,0.0,0.0,0.43936213850975037,False,False,0.0,0.0,0.0,[],0.0,0.0,0,0.0,0,3.6250000050586095e-06
mlp_aco,2,7154,75,12,4,0.0,0.0,0.0,0.0,0.20313307642936707,False,False,0.0,0.0,0.0,[],0.0,0.0,0,0.0,0,3.6250000050586095e-06
mlp_aco,2,7155,75,12,1,15.0,71.0,86.0,0.43,0.6563616991043091,False,False,0.0,86.0,0.0,[],0.0,0.0,0,0.0,0,1.9590000022162712e-06
mlp_aco,2,7155,75,12,2,0.0,0.0,0.0,0.0,0.09907747060060501,False,False,0.0,0.0,0.0,[],0.0,0.0,0,0.0,0,1.9590000022162712e-06
mlp_aco,2,7155,75,12,3,0.0,0.0,0.0,0.0,0.43936213850975037,False,False,0.0,0.0,0.0,[],0.0,0.0,0,0.0,0,1.9590000022162712e-06
mlp_aco,2,7155,75,12,4,0.0,0.0,0.0,0.0,0.20313307642936707,False,False,0.0,0.0,0.0,[],0.0,0.0,0,0.0,0,1.9590000022162712e-06
mlp_aco,2,7156,75,13,1,17.0,86.0,103.0,0.515,0.9076581597328186,True,True,30.0,73.0,0.0,[1],10.0,10.0,1,10.0,0,0.009724916000010353
mlp_aco,2,7156,75,13,2,0.0,0.0,0.0,0.0,0.09907747060060501,False,False,0.0,0.0,0.0,[],10.0,10.0,1,10.0,0,0.009724916000010353
mlp_aco,2,7156,75,13,3,0.0,0.0,0.0,0.0,0.43936213850975037,False,False,0.0,0.0,0.0,[],10.0,10.0,1,10.0,0,0.009724916000010353
mlp_aco,2,7156,75,13,4,0.0,0.0,0.0,0.0,0.20313307642936707,False,False,0.0,0.0,0.0,[],10.0,10.0,1,10.0,0,0.009724916000010353
mlp_aco,2,7157,75,13,1,16.0,73.0,89.0,0.445,0.7835915088653564,True,True,30.0,59.0,0.0,[1],10.0,10.0,1,10.0,0,0.00957008299999984
mlp_aco,2,7157,75,13,2,0.0,0.0,0.0,0.0,0.09907747060060501,False,False,0.0,0.0,0.0,[],10.0,10.0,1,10.0,0,0.00957008299999984
mlp_aco,2,7157,75,13,3,0.0,0.0,0.0,0.0,0.43936213850975037,False,False,0.0,0.0,0.0,[],10.0,10.0,1,10.0,0,0.00957008299999984
mlp_aco,2,7157,75,13,4,0.0,0.0,0.0,0.0,0.20313307642936707,False,False,0.0,0.0,0.0,[],10.0,10.0,1,10.0,0,0.00957008299999984
mlp_aco,2,7158,75,13,1,16.0,59.0,75.0,0.375,0.6404839754104614,False,False,0.0,75.0,0.0,[],0.0,0.0,0,0.0,0,3.417000016270322e-06
mlp_aco,2,7158,75,13,2,0.0,0.0,0.0,0.0,0.09907747060060501,False,False,0.0,0.0,0.0,[],0.0,0.0,0,0.0,0,3.417000016270322e-06
mlp_aco,2,7158,75,13,3,0.0,0.0,0.0,0.0,0.43936213850975037,False,False,0.0,0.0,0.0,[],0.0,0.0,0,0.0,0,3.417000016270322e-06
mlp_aco,2,7158,75,13,4,0.0,0.0,0.0,0.0,0.20313307642936707,False,False,0.0,0.0,0.0,[],0.0,0.0,0,0.0,0,3.417000016270322e-06
mlp_aco,2,7159,75,13,1,15.0,75.0,90.0,0.45,0.7035233974456787,True,True,30.0,60.0,0.0,[1],10.0,10.0,1,10.0,0,0.00999395900001332
mlp_aco,2,7159,75,13,2,0.0,0.0,0.0,0.0,0.09907747060060501,False,False,0.0,0.0,0.0,[],10.0,10.0,1,10.0,0,0.00999395900001332
mlp_aco,2,7159,75,13,3,0.0,0.0,0.0,0.0,0.43936213850975037,False,False,0.0,0.0,0.0,[],10.0,10.0,1,10.0,0,0.00999395900001332
mlp_aco,2,7159,75,13,4,0.0,0.0,0.0,0.0,0.20313307642936707,False,False,0.0,0.0,0.0,[],10.0,10.0,1,10.0,0,0.00999395900001332
mlp_aco,2,7160,75,14,1,17.0,60.0,77.0,0.385,0.7582763433456421,True,True,30.0,47.0,0.0,[1],10.0,10.0,1,10.0,0,0.009636833999991268
mlp_aco,2,7160,75,14,2,0.0,0.0,0.0,0.0,0.09907747060060501,False,False,0.0,0.0,0.0,[],10.0,10.0,1,10.0,0,0.009636833999991268
mlp_aco,2,7160,75,14,3,0.0,0.0,0.0,0.0,0.43936213850975037,False,False,0.0,0.0,0.0,[],10.0,10.0,1,10.0,0,0.009636833999991268
mlp_aco,2,7160,75,14,4,0.0,0.0,0.0,0.0,0.20313307642936707,False,False,0.0,0.0,0.0,[],10.0,10.0,1,10.0,0,0.009636833999991268
mlp_aco,2,7161,75,14,1,16.0,47.0,63.0,0.315,0.5440229177474976,False,False,0.0,63.0,0.0,[],0.0,0.0,0,0.0,0,3.4999999911633495e-06
mlp_aco,2,7161,75,14,2,0.0,0.0,0.0,0.0,0.09907747060060501,False,False,0.0,0.0,0.0,[],0.0,0.0,0,0.0,0,3.4999999911633495e-06
mlp_aco,2,7161,75,14,3,0.0,0.0,0.0,0.0,0.43936213850975037,False,False,0.0,0.0,0.0,[],0.0,0.0,0,0.0,0,3.4999999911633495e-06
mlp_aco,2,7161,75,14,4,0.0,0.0,0.0,0.0,0.20313307642936707,False,False,0.0,0.0,0.0,[],0.0,0.0,0,0.0,0,3.4999999911633495e-06
mlp_aco,2,7162,75,14,1,11.0,63.0,74.0,0.37,0.3610346019268036,False,False,0.0,74.0,0.0,[],0.0,0.0,0,0.0,0,1.9999999949504854e-06
mlp_aco,2,7162,75,14,2,0.0,0.0,0.0,0.0,0.09907747060060501,False,False,0.0,0.0,0.0,[],0.0,0.0,0,0.0,0,1.9999999949504854e-06
mlp_aco,2,7162,75,14,3,0.0,0.0,0.0,0.0,0.43936213850975037,False,False,0.0,0.0,0.0,[],0.0,0.0,0,0.0,0,1.9999999949504854e-06
mlp_aco,2,7162,75,14,4,0.0,0.0,0.0,0.0,0.20313307642936707,False,False,0.0,0.0,0.0,[],0.0,0.0,0,0.0,0,1.9999999949504854e-06
mlp_aco,2,7163,75,14,1,8.0,74.0,82.0,0.41,0.29554370045661926,False,False,0.0,82.0,0.0,[],0.0,0.0,0,0.0,0,3.042000003006251e-06
mlp_aco,2,7163,75,14,2,0.0,0.0,0.0,0.0,0.09907747060060501,False,False,0.0,0.0,0.0,[],0.0,0.0,0,0.0,0,3.042000003006251e-06
mlp_aco,2,7163,75,14,3,0.0,0.0,0.0,0.0,0.43936213850975037,False,False,0.0,0.0,0.0,[],0.0,0.0,0,0.0,0,3.042000003006251e-06
mlp_aco,2,7163,75,14,4,0.0,0.0,0.0,0.0,0.20313307642936707,False,False,0.0,0.0,0.0,[],0.0,0.0,0,0.0,0,3.042000003006251e-06
mlp_aco,2,7164,75,15,1,9.0,82.0,91.0,0.455,0.3639223575592041,False,False,0.0,91.0,0.0,[],0.0,0.0,0,0.0,0,2.207999983738773e-06
mlp_aco,2,7164,75,15,2,0.0,0.0,0.0,0.0,0.09907747060060501,False,False,0.0,0.0,0.0,[],0.0,0.0,0,0.0,0,2.207999983738773e-06
mlp_aco,2,7164,75,15,3,0.0,0.0,0.0,0.0,0.43936213850975037,False,False,0.0,0.0,0.0,[],0.0,0.0,0,0.0,0,2.207999983738773e-06
mlp_aco,2,7164,75,15,4,0.0,0.0,0.0,0.0,0.20313307642936707,False,False,0.0,0.0,0.0,[],0.0,0.0,0,0.0,0,2.207999983738773e-06
mlp_aco,2,7165,75,15,1,8.0,91.0,99.0,0.495,0.36724138259887695,False,False,0.0,99.0,0.0,[],0.0,0.0,0,0.0,0,7.417000006171293e-06
mlp_aco,2,7165,75,15,2,0.0,0.0,0.0,0.0,0.09907747060060501,False,False,0.0,0.0,0.0,[],0.0,0.0,0,0.0,0,7.417000006171293e-06
mlp_aco,2,7165,75,15,3,0.0,0.0,0.0,0.0,0.43936213850975037,False,False,0.0,0.0,0.0,[],0.0,0.0,0,0.0,0,7.417000006171293e-06
mlp_aco,2,7165,75,15,4,0.0,0.0,0.0,0.0,0.20313307642936707,False,False,0.0,0.0,0.0,[],0.0,0.0,0,0.0,0,7.417000006171293e-06
mlp_aco,2,7166,75,15,1,8.0,99.0,107.0,0.535,0.45141464471817017,False,False,0.0,107.0,0.0,[],0.0,0.0,0,0.0,0,2.791000014212841e-06
mlp_aco,2,7166,75,15,2,0.0,0.0,0.0,0.0,0.09907747060060501,False,False,0.0,0.0,0.0,[],0.0,0.0,0,0.0,0,2.791000014212841e-06
mlp_aco,2,7166,75,15,3,0.0,0.0,0.0,0.0,0.43936213850975037,False,False,0.0,0.0,0.0,[],0.0,0.0,0,0.0,0,2.791000014212841e-06
mlp_aco,2,7166,75,15,4,0.0,0.0,0.0,0.0,0.20313307642936707,False,False,0.0,0.0,0.0,[],0.0,0.0,0,0.0,0,2.791000014212841e-06
mlp_aco,2,7167,75,15,1,8.0,107.0,115.0,0.575,0.5651862025260925,False,False,0.0,115.0,0.0,[],0.0,0.0,0,0.0,0,1.9999999949504854e-06
mlp_aco,2,7167,75,15,2,0.0,0.0,0.0,0.0,0.09907747060060501,False,False,0.0,0.0,0.0,[],0.0,0.0,0,0.0,0,1.9999999949504854e-06
mlp_aco,2,7167,75,15,3,0.0,0.0,0.0,0.0,0.43936213850975037,False,False,0.0,0.0,0.0,[],0.0,0.0,0,0.0,0,1.9999999949504854e-06
mlp_aco,2,7167,75,15,4,0.0,0.0,0.0,0.0,0.20313307642936707,False,False,0.0,0.0,0.0,[],0.0,0.0,0,0.0,0,1.9999999949504854e-06
mlp_aco,2,7168,75,16,1,9.0,115.0,124.0,0.62,0.8013963103294373,True,True,30.0,94.0,0.0,[1],10.0,10.0,1,10.0,0,0.0096737500000188
mlp_aco,2,7168,75,16,2,0.0,0.0,0.0,0.0,0.09907747060060501,False,False,0.0,0.0,0.0,[],10.0,10.0,1,10.0,0,0.0096737500000188
mlp_aco,2,7168,75,16,3,0.0,0.0,0.0,0.0,0.43936213850975037,False,False,0.0,0.0,0.0,[],10.0,10.0,1,10.0,0,0.0096737500000188
mlp_aco,2,7168,75,16,4,0.0,0.0,0.0,0.0,0.20313307642936707,False,False,0.0,0.0,0.0,[],10.0,10.0,1,10.0,0,0.0096737500000188
mlp_aco,2,7169,75,16,1,8.0,94.0,102.0,0.51,0.40583160519599915,False,False,0.0,102.0,0.0,[],0.0,0.0,0,0.0,0,3.3339999845338752e-06
mlp_aco,2,7169,75,16,2,0.0,0.0,0.0,0.0,0.09907747060060501,False,False,0.0,0.0,0.0,[],0.0,0.0,0,0.0,0,3.3339999845338752e-06
mlp_aco,2,7169,75,16,3,0.0,0.0,0.0,0.0,0.43936213850975037,False,False,0.0,0.0,0.0,[],0.0,0.0,0,0.0,0,3.3339999845338752e-06
mlp_aco,2,7169,75,16,4,0.0,0.0,0.0,0.0,0.20313307642936707,False,False,0.0,0.0,0.0,[],0.0,0.0,0,0.0,0,3.3339999845338752e-06
mlp_aco,2,7170,75,16,1,8.0,102.0,110.0,0.55,0.48511695861816406,False,False,0.0,110.0,0.0,[],0.0,0.0,0,0.0,0,2.000000023372195e-06
mlp_aco,2,7170,75,16,2,0.0,0.0,0.0,0.0,0.09907747060060501,False,False,0.0,0.0,0.0,[],0.0,0.0,0,0.0,0,2.000000023372195e-06
mlp_aco,2,7170,75,16,3,0.0,0.0,0.0,0.0,0.43936213850975037,False,False,0.0,0.0,0.0,[],0.0,0.0,0,0.0,0,2.000000023372195e-06
mlp_aco,2,7170,75,16,4,0.0,0.0,0.0,0.0,0.20313307642936707,False,False,0.0,0.0,0.0,[],0.0,0.0,0,0.0,0,2.000000023372195e-06
mlp_aco,2,7171,75,16,1,8.0,110.0,118.0,0.59,0.62156081199646,False,False,0.0,118.0,0.0,[],0.0,0.0,0,0.0,0,2.958999999691514e-06
mlp_aco,2,7171,75,16,2,0.0,0.0,0.0,0.0,0.09907747060060501,False,False,0.0,0.0,0.0,[],0.0,0.0,0,0.0,0,2.958999999691514e-06
mlp_aco,2,7171,75,16,3,0.0,0.0,0.0,0.0,0.43936213850975037,False,False,0.0,0.0,0.0,[],0.0,0.0,0,0.0,0,2.958999999691514e-06
mlp_aco,2,7171,75,16,4,0.0,0.0,0.0,0.0,0.20313307642936707,False,False,0.0,0.0,0.0,[],0.0,0.0,0,0.0,0,2.958999999691514e-06
mlp_aco,2,7172,75,17,1,9.0,118.0,127.0,0.635,0.8397466540336609,True,True,30.0,97.0,0.0,[1],10.0,10.0,1,10.0,0,0.009807958999999755
mlp_aco,2,7172,75,17,2,0.0,0.0,0.0,0.0,0.09907747060060501,False,False,0.0,0.0,0.0,[],10.0,10.0,1,10.0,0,0.009807958999999755
mlp_aco,2,7172,75,17,3,0.0,0.0,0.0,0.0,0.43936213850975037,False,False,0.0,0.0,0.0,[],10.0,10.0,1,10.0,0,0.009807958999999755
mlp_aco,2,7172,75,17,4,0.0,0.0,0.0,0.0,0.20313307642936707,False,False,0.0,0.0,0.0,[],10.0,10.0,1,10.0,0,0.009807958999999755
mlp_aco,2,7173,75,17,1,8.0,97.0,105.0,0.525,0.43291643261909485,False,False,0.0,105.0,0.0,[],0.0,0.0,0,0.0,0,2.7920000036374404e-06
mlp_aco,2,7173,75,17,2,0.0,0.0,0.0,0.0,0.09907747060060501,False,False,0.0,0.0,0.0,[],0.0,0.0,0,0.0,0,2.7920000036374404e-06
mlp_aco,2,7173,75,17,3,0.0,0.0,0.0,0.0,0.43936213850975037,False,False,0.0,0.0,0.0,[],0.0,0.0,0,0.0,0,2.7920000036374404e-06
mlp_aco,2,7173,75,17,4,0.0,0.0,0.0,0.0,0.20313307642936707,False,False,0.0,0.0,0.0,[],0.0,0.0,0,0.0,0,2.7920000036374404e-06
mlp_aco,2,7174,75,17,1,8.0,105.0,113.0,0.565,0.5303350687026978,False,False,0.0,113.0,0.0,[],0.0,0.0,0,0.0,0,2.582999997002844e-06
mlp_aco,2,7174,75,17,2,0.0,0.0,0.0,0.0,0.09907747060060501,False,False,0.0,0.0,0.0,[],0.0,0.0,0,0.0,0,2.582999997002844e-06
mlp_aco,2,7174,75,17,3,0.0,0.0,0.0,0.0,0.43936213850975037,False,False,0.0,0.0,0.0,[],0.0,0.0,0,0.0,0,2.582999997002844e-06
mlp_aco,2,7174,75,17,4,0.0,0.0,0.0,0.0,0.20313307642936707,False,False,0.0,0.0,0.0,[],0.0,0.0,0,0.0,0,2.582999997002844e-06
mlp_aco,2,7175,75,17,1,9.0,113.0,122.0,0.61,0.7670974135398865,True,True,30.0,92.0,0.0,[1],10.0,10.0,1,10.0,0,0.009867291999995587
mlp_aco,2,7175,75,17,2,0.0,0.0,0.0,0.0,0.09907747060060501,False,False,0.0,0.0,0.0,[],10.0,10.0,1,10.0,0,0.009867291999995587
mlp_aco,2,7175,75,17,3,0.0,0.0,0.0,0.0,0.43936213850975037,False,False,0.0,0.0,0.0,[],10.0,10.0,1,10.0,0,0.009867291999995587
mlp_aco,2,7175,75,17,4,0.0,0.0,0.0,0.0,0.20313307642936707,False,False,0.0,0.0,0.0,[],10.0,10.0,1,10.0,0,0.009867291999995587
mlp_aco,2,7176,75,18,1,8.0,92.0,100.0,0.5,0.3898521065711975,False,False,0.0,100.0,0.0,[],0.0,0.0,0,0.0,0,2.7090000003227033e-06
mlp_aco,2,7176,75,18,2,0.0,0.0,0.0,0.0,0.09907747060060501,False,False,0.0,0.0,0.0,[],0.0,0.0,0,0.0,0,2.7090000003227033e-06
mlp_aco,2,7176,75,18,3,0.0,0.0,0.0,0.0,0.43936213850975037,False,False,0.0,0.0,0.0,[],0.0,0.0,0,0.0,0,2.7090000003227033e-06
mlp_aco,2,7176,75,18,4,0.0,0.0,0.0,0.0,0.20313307642936707,False,False,0.0,0.0,0.0,[],0.0,0.0,0,0.0,0,2.7090000003227033e-06
mlp_aco,2,7177,75,18,1,8.0,100.0,108.0,0.54,0.46183210611343384,False,False,0.0,108.0,0.0,[],0.0,0.0,0,0.0,0,3.290999984528753e-06
mlp_aco,2,7177,75,18,2,0.0,0.0,0.0,0.0,0.09907747060060501,False,False,0.0,0.0,0.0,[],0.0,0.0,0,0.0,0,3.290999984528753e-06
mlp_aco,2,7177,75,18,3,0.0,0.0,0.0,0.0,0.43936213850975037,False,False,0.0,0.0,0.0,[],0.0,0.0,0,0.0,0,3.290999984528753e-06
mlp_aco,2,7177,75,18,4,0.0,0.0,0.0,0.0,0.20313307642936707,False,False,0.0,0.0,0.0,[],0.0,0.0,0,0.0,0,3.290999984528753e-06
mlp_aco,2,7178,75,18,1,8.0,108.0,116.0,0.58,0.5833609104156494,False,False,0.0,116.0,0.0,[],0.0,0.0,0,0.0,0,2.0420000055310084e-06
mlp_aco,2,7178,75,18,2,0.0,0.0,0.0,0.0,0.09907747060060501,False,False,0.0,0.0,0.0,[],0.0,0.0,0,0.0,0,2.0420000055310084e-06
mlp_aco,2,7178,75,18,3,0.0,0.0,0.0,0.0,0.43936213850975037,False,False,0.0,0.0,0.0,[],0.0,0.0,0,0.0,0,2.0420000055310084e-06
mlp_aco,2,7178,75,18,4,0.0,0.0,0.0,0.0,0.20313307642936707,False,False,0.0,0.0,0.0,[],0.0,0.0,0,0.0,0,2.0420000055310084e-06
mlp_aco,2,7179,75,18,1,9.0,116.0,125.0,0.625,0.814896285533905,True,True,30.0,95.0,0.0,[1],10.0,10.0,1,10.0,0,0.009841292000004387
mlp_aco,2,7179,75,18,2,0.0,0.0,0.0,0.0,0.09907747060060501,False,False,0.0,0.0,0.0,[],10.0,10.0,1,10.0,0,0.009841292000004387
mlp_aco,2,7179,75,18,3,0.0,0.0,0.0,0.0,0.43936213850975037,False,False,0.0,0.0,0.0,[],10.0,10.0,1,10.0,0,0.009841292000004387
mlp_aco,2,7179,75,18,4,0.0,0.0,0.0,0.0,0.20313307642936707,False,False,0.0,0.0,0.0,[],10.0,10.0,1,10.0,0,0.009841292000004387
mlp_aco,2,7180,75,19,1,8.0,95.0,103.0,0.515,0.41460341215133667,False,False,0.0,103.0,0.0,[],0.0,0.0,0,0.0,0,3.5420000017438724e-06
mlp_aco,2,7180,75,19,2,0.0,0.0,0.0,0.0,0.09907747060060501,False,False,0.0,0.0,0.0,[],0.0,0.0,0,0.0,0,3.5420000017438724e-06
mlp_aco,2,7180,75,19,3,0.0,0.0,0.0,0.0,0.43936213850975037,False,False,0.0,0.0,0.0,[],0.0,0.0,0,0.0,0,3.5420000017438724e-06
mlp_aco,2,7180,75,19,4,0.0,0.0,0.0,0.0,0.20313307642936707,False,False,0.0,0.0,0.0,[],0.0,0.0,0,0.0,0,3.5420000017438724e-06
mlp_aco,2,7181,75,19,1,8.0,103.0,111.0,0.555,0.4995497167110443,False,False,0.0,111.0,0.0,[],0.0,0.0,0,0.0,0,2.166999991004559e-06
mlp_aco,2,7181,75,19,2,0.0,0.0,0.0,0.0,0.09907747060060501,False,False,0.0,0.0,0.0,[],0.0,0.0,0,0.0,0,2.166999991004559e-06
mlp_aco,2,7181,75,19,3,0.0,0.0,0.0,0.0,0.43936213850975037,False,False,0.0,0.0,0.0,[],0.0,0.0,0,0.0,0,2.166999991004559e-06
mlp_aco,2,7181,75,19,4,0.0,0.0,0.0,0.0,0.20313307642936707,False,False,0.0,0.0,0.0,[],0.0,0.0,0,0.0,0,2.166999991004559e-06
mlp_aco,2,7182,75,19,1,8.0,111.0,119.0,0.595,0.6401405930519104,False,False,0.0,119.0,0.0,[],0.0,0.0,0,0.0,0,1.9999999949504854e-06
mlp_aco,2,7182,75,19,2,0.0,0.0,0.0,0.0,0.09907747060060501,False,False,0.0,0.0,0.0,[],0.0,0.0,0,0.0,0,1.9999999949504854e-06
mlp_aco,2,7182,75,19,3,0.0,0.0,0.0,0.0,0.43936213850975037,False,False,0.0,0.0,0.0,[],0.0,0.0,0,0.0,0,1.9999999949504854e-06
mlp_aco,2,7182,75,19,4,0.0,0.0,0.0,0.0,0.20313307642936707,False,False,0.0,0.0,0.0,[],0.0,0.0,0,0.0,0,1.9999999949504854e-06
mlp_aco,2,7183,75,19,1,9.0,119.0,128.0,0.64,0.8511240482330322,True,True,30.0,98.0,0.0,[1],10.0,10.0,1,10.0,0,0.010112249999991718
mlp_aco,2,7183,75,19,2,0.0,0.0,0.0,0.0,0.09907747060060501,False,False,0.0,0.0,0.0,[],10.0,10.0,1,10.0,0,0.010112249999991718
mlp_aco,2,7183,75,19,3,0.0,0.0,0.0,0.0,0.43936213850975037,False,False,0.0,0.0,0.0,[],10.0,10.0,1,10.0,0,0.010112249999991718
mlp_aco,2,7183,75,19,4,0.0,0.0,0.0,0.0,0.20313307642936707,False,False,0.0,0.0,0.0,[],10.0,10.0,1,10.0,0,0.010112249999991718
mlp_aco,2,7184,75,20,1,8.0,98.0,106.0,0.53,0.44214555621147156,False,False,0.0,106.0,0.0,[],0.0,0.0,0,0.0,0,2.5839999864274432e-06
mlp_aco,2,7184,75,20,2,0.0,0.0,0.0,0.0,0.09907747060060501,False,False,0.0,0.0,0.0,[],0.0,0.0,0,0.0,0,2.5839999864274432e-06
mlp_aco,2,7184,75,20,3,0.0,0.0,0.0,0.0,0.43936213850975037,False,False,0.0,0.0,0.0,[],0.0,0.0,0,0.0,0,2.5839999864274432e-06
mlp_aco,2,7184,75,20,4,0.0,0.0,0.0,0.0,0.20313307642936707,False,False,0.0,0.0,0.0,[],0.0,0.0,0,0.0,0,2.5839999864274432e-06
mlp_aco,2,7185,75,20,1,8.0,106.0,114.0,0.57,0.5473928451538086,False,False,0.0,114.0,0.0,[],0.0,0.0,0,0.0,0,2.750000021478627e-06
mlp_aco,2,7185,75,20,2,0.0,0.0,0.0,0.0,0.09907747060060501,False,False,0.0,0.0,0.0,[],0.0,0.0,0,0.0,0,2.750000021478627e-06
mlp_aco,2,7185,75,20,3,0.0,0.0,0.0,0.0,0.43936213850975037,False,False,0.0,0.0,0.0,[],0.0,0.0,0,0.0,0,2.750000021478627e-06
mlp_aco,2,7185,75,20,4,0.0,0.0,0.0,0.0,0.20313307642936707,False,False,0.0,0.0,0.0,[],0.0,0.0,0,0.0,0,2.750000021478627e-06
mlp_aco,2,7186,75,20,1,8.0,114.0,122.0,0.61,0.6932510733604431,False,False,0.0,122.0,0.0,[],0.0,0.0,0,0.0,0,2.249999994319296e-06
mlp_aco,2,7186,75,20,2,0.0,0.0,0.0,0.0,0.09907747060060501,False,False,0.0,0.0,0.0,[],0.0,0.0,0,0.0,0,2.249999994319296e-06
mlp_aco,2,7186,75,20,3,0.0,0.0,0.0,0.0,0.43936213850975037,False,False,0.0,0.0,0.0,[],0.0,0.0,0,0.0,0,2.249999994319296e-06
mlp_aco,2,7186,75,20,4,0.0,0.0,0.0,0.0,0.20313307642936707,False,False,0.0,0.0,0.0,[],0.0,0.0,0,0.0,0,2.249999994319296e-06
mlp_aco,2,7187,75,20,1,9.0,122.0,131.0,0.655,0.8823434114456177,True,True,30.0,101.0,0.0,[1],10.0,10.0,1,10.0,0,0.010290958000013006
mlp_aco,2,7187,75,20,2,0.0,0.0,0.0,0.0,0.09907747060060501,False,False,0.0,0.0,0.0,[],10.0,10.0,1,10.0,0,0.010290958000013006
mlp_aco,2,7187,75,20,3,0.0,0.0,0.0,0.0,0.43936213850975037,False,False,0.0,0.0,0.0,[],10.0,10.0,1,10.0,0,0.010290958000013006
mlp_aco,2,7187,75,20,4,0.0,0.0,0.0,0.0,0.20313307642936707,False,False,0.0,0.0,0.0,[],10.0,10.0,1,10.0,0,0.010290958000013006
mlp_aco,2,7188,75,21,1,5.0,101.0,106.0,0.53,0.33323925733566284,False,False,0.0,106.0,0.0,[],0.0,0.0,0,0.0,0,3.3339999845338752e-06
mlp_aco,2,7188,75,21,2,0.0,0.0,0.0,0.0,0.09907747060060501,False,False,0.0,0.0,0.0,[],0.0,0.0,0,0.0,0,3.3339999845338752e-06
mlp_aco,2,7188,75,21,3,0.0,0.0,0.0,0.0,0.43936213850975037,False,False,0.0,0.0,0.0,[],0.0,0.0,0,0.0,0,3.3339999845338752e-06
mlp_aco,2,7188,75,21,4,0.0,0.0,0.0,0.0,0.20313307642936707,False,False,0.0,0.0,0.0,[],0.0,0.0,0,0.0,0,3.3339999845338752e-06
mlp_aco,2,7189,75,21,1,0.0,106.0,106.0,0.53,0.22204233705997467,False,False,0.0,106.0,0.0,[],0.0,0.0,0,0.0,0,2.3749999797928467e-06
mlp_aco,2,7189,75,21,2,0.0,0.0,0.0,0.0,0.09907747060060501,False,False,0.0,0.0,0.0,[],0.0,0.0,0,0.0,0,2.3749999797928467e-06
mlp_aco,2,7189,75,21,3,0.0,0.0,0.0,0.0,0.43936213850975037,False,False,0.0,0.0,0.0,[],0.0,0.0,0,0.0,0,2.3749999797928467e-06
mlp_aco,2,7189,75,21,4,0.0,0.0,0.0,0.0,0.20313307642936707,False,False,0.0,0.0,0.0,[],0.0,0.0,0,0.0,0,2.3749999797928467e-06
mlp_aco,2,7190,75,21,1,0.0,106.0,106.0,0.53,0.25233447551727295,False,False,0.0,106.0,0.0,[],0.0,0.0,0,0.0,0,3.458000009004536e-06
mlp_aco,2,7190,75,21,2,0.0,0.0,0.0,0.0,0.09907747060060501,False,False,0.0,0.0,0.0,[],0.0,0.0,0,0.0,0,3.458000009004536e-06
mlp_aco,2,7190,75,21,3,0.0,0.0,0.0,0.0,0.43936213850975037,False,False,0.0,0.0,0.0,[],0.0,0.0,0,0.0,0,3.458000009004536e-06
mlp_aco,2,7190,75,21,4,0.0,0.0,0.0,0.0,0.20313307642936707,False,False,0.0,0.0,0.0,[],0.0,0.0,0,0.0,0,3.458000009004536e-06
mlp_aco,2,7191,75,21,1,0.0,106.0,106.0,0.53,0.29951170086860657,False,False,0.0,106.0,0.0,[],0.0,0.0,0,0.0,0,1.8750000094769348e-06
mlp_aco,2,7191,75,21,2,0.0,0.0,0.0,0.0,0.09907747060060501,False,False,0.0,0.0,0.0,[],0.0,0.0,0,0.0,0,1.8750000094769348e-06
mlp_aco,2,7191,75,21,3,0.0,0.0,0.0,0.0,0.43936213850975037,False,False,0.0,0.0,0.0,[],0.0,0.0,0,0.0,0,1.8750000094769348e-06
mlp_aco,2,7191,75,21,4,0.0,0.0,0.0,0.0,0.20313307642936707,False,False,0.0,0.0,0.0,[],0.0,0.0,0,0.0,0,1.8750000094769348e-06
mlp_aco,2,7192,75,22,1,0.0,106.0,106.0,0.53,0.33386918902397156,False,False,0.0,106.0,0.0,[],0.0,0.0,0,0.0,0,2.0420000055310084e-06
mlp_aco,2,7192,75,22,2,0.0,0.0,0.0,0.0,0.09907747060060501,False,False,0.0,0.0,0.0,[],0.0,0.0,0,0.0,0,2.0420000055310084e-06
mlp_aco,2,7192,75,22,3,0.0,0.0,0.0,0.0,0.43936213850975037,False,False,0.0,0.0,0.0,[],0.0,0.0,0,0.0,0,2.0420000055310084e-06
mlp_aco,2,7192,75,22,4,0.0,0.0,0.0,0.0,0.20313307642936707,False,False,0.0,0.0,0.0,[],0.0,0.0,0,0.0,0,2.0420000055310084e-06
mlp_aco,2,7193,75,22,1,0.0,106.0,106.0,0.53,0.33386918902397156,False,False,0.0,106.0,0.0,[],0.0,0.0,0,0.0,0,3.3330000235309853e-06
mlp_aco,2,7193,75,22,2,0.0,0.0,0.0,0.0,0.09907747060060501,False,False,0.0,0.0,0.0,[],0.0,0.0,0,0.0,0,3.3330000235309853e-06
mlp_aco,2,7193,75,22,3,0.0,0.0,0.0,0.0,0.43936213850975037,False,False,0.0,0.0,0.0,[],0.0,0.0,0,0.0,0,3.3330000235309853e-06
mlp_aco,2,7193,75,22,4,0.0,0.0,0.0,0.0,0.20313307642936707,False,False,0.0,0.0,0.0,[],0.0,0.0,0,0.0,0,3.3330000235309853e-06
mlp_aco,2,7194,75,22,1,0.0,106.0,106.0,0.53,0.33386918902397156,False,False,0.0,106.0,0.0,[],0.0,0.0,0,0.0,0,1.958000012791672e-06
mlp_aco,2,7194,75,22,2,0.0,0.0,0.0,0.0,0.09907747060060501,False,False,0.0,0.0,0.0,[],0.0,0.0,0,0.0,0,1.958000012791672e-06
mlp_aco,2,7194,75,22,3,0.0,0.0,0.0,0.0,0.43936213850975037,False,False,0.0,0.0,0.0,[],0.0,0.0,0,0.0,0,1.958000012791672e-06
mlp_aco,2,7194,75,22,4,0.0,0.0,0.0,0.0,0.20313307642936707,False,False,0.0,0.0,0.0,[],0.0,0.0,0,0.0,0,1.958000012791672e-06
mlp_aco,2,7195,75,22,1,0.0,106.0,106.0,0.53,0.33386918902397156,False,False,0.0,106.0,0.0,[],0.0,0.0,0,0.0,0,3.916999986586234e-06
mlp_aco,2,7195,75,22,2,0.0,0.0,0.0,0.0,0.09907747060060501,False,False,0.0,0.0,0.0,[],0.0,0.0,0,0.0,0,3.916999986586234e-06
mlp_aco,2,7195,75,22,3,0.0,0.0,0.0,0.0,0.43936213850975037,False,False,0.0,0.0,0.0,[],0.0,0.0,0,0.0,0,3.916999986586234e-06
mlp_aco,2,7195,75,22,4,0.0,0.0,0.0,0.0,0.20313307642936707,False,False,0.0,0.0,0.0,[],0.0,0.0,0,0.0,0,3.916999986586234e-06
mlp_aco,2,7196,75,23,1,0.0,106.0,106.0,0.53,0.33386918902397156,False,False,0.0,106.0,0.0,[],0.0,0.0,0,0.0,0,2.000000023372195e-06
mlp_aco,2,7196,75,23,2,0.0,0.0,0.0,0.0,0.09907747060060501,False,False,0.0,0.0,0.0,[],0.0,0.0,0,0.0,0,2.000000023372195e-06
mlp_aco,2,7196,75,23,3,0.0,0.0,0.0,0.0,0.43936213850975037,False,False,0.0,0.0,0.0,[],0.0,0.0,0,0.0,0,2.000000023372195e-06
mlp_aco,2,7196,75,23,4,0.0,0.0,0.0,0.0,0.20313307642936707,False,False,0.0,0.0,0.0,[],0.0,0.0,0,0.0,0,2.000000023372195e-06
mlp_aco,2,7197,75,23,1,0.0,106.0,106.0,0.53,0.33386918902397156,False,False,0.0,106.0,0.0,[],0.0,0.0,0,0.0,0,7.37499999559077e-06
mlp_aco,2,7197,75,23,2,0.0,0.0,0.0,0.0,0.09907747060060501,False,False,0.0,0.0,0.0,[],0.0,0.0,0,0.0,0,7.37499999559077e-06
mlp_aco,2,7197,75,23,3,0.0,0.0,0.0,0.0,0.43936213850975037,False,False,0.0,0.0,0.0,[],0.0,0.0,0,0.0,0,7.37499999559077e-06
mlp_aco,2,7197,75,23,4,0.0,0.0,0.0,0.0,0.20313307642936707,False,False,0.0,0.0,0.0,[],0.0,0.0,0,0.0,0,7.37499999559077e-06
mlp_aco,2,7198,75,23,1,0.0,106.0,106.0,0.53,0.33386918902397156,False,False,0.0,106.0,0.0,[],0.0,0.0,0,0.0,0,2.7499999930569174e-06
mlp_aco,2,7198,75,23,2,0.0,0.0,0.0,0.0,0.09907747060060501,False,False,0.0,0.0,0.0,[],0.0,0.0,0,0.0,0,2.7499999930569174e-06
mlp_aco,2,7198,75,23,3,0.0,0.0,0.0,0.0,0.43936213850975037,False,False,0.0,0.0,0.0,[],0.0,0.0,0,0.0,0,2.7499999930569174e-06
mlp_aco,2,7198,75,23,4,0.0,0.0,0.0,0.0,0.20313307642936707,False,False,0.0,0.0,0.0,[],0.0,0.0,0,0.0,0,2.7499999930569174e-06
mlp_aco,2,7199,75,23,1,0.0,106.0,106.0,0.53,0.33386918902397156,False,False,0.0,106.0,0.0,[],0.0,0.0,0,0.0,0,1.9999999949504854e-06
mlp_aco,2,7199,75,23,2,0.0,0.0,0.0,0.0,0.09907747060060501,False,False,0.0,0.0,0.0,[],0.0,0.0,0,0.0,0,1.9999999949504854e-06
mlp_aco,2,7199,75,23,3,0.0,0.0,0.0,0.0,0.43936213850975037,False,False,0.0,0.0,0.0,[],0.0,0.0,0,0.0,0,1.9999999949504854e-06
mlp_aco,2,7199,75,23,4,0.0,0.0,0.0,0.0,0.20313307642936707,False,False,0.0,0.0,0.0,[],0.0,0.0,0,0.0,0,1.9999999949504854e-06
mlp_aco,2,7200,76,0,1,20.0,106.0,126.0,0.63,0.995570957660675,True,True,30.0,96.0,0.0,[1],10.0,10.0,1,10.0,0,0.010365415999984862
mlp_aco,2,7200,76,0,2,0.0,0.0,0.0,0.0,0.09907747060060501,False,False,0.0,0.0,0.0,[],10.0,10.0,1,10.0,0,0.010365415999984862
mlp_aco,2,7200,76,0,3,0.0,0.0,0.0,0.0,0.43936213850975037,False,False,0.0,0.0,0.0,[],10.0,10.0,1,10.0,0,0.010365415999984862
mlp_aco,2,7200,76,0,4,0.0,0.0,0.0,0.0,0.20313307642936707,False,False,0.0,0.0,0.0,[],10.0,10.0,1,10.0,0,0.010365415999984862
mlp_aco,2,7201,76,0,1,18.0,96.0,114.0,0.57,0.9746323227882385,True,True,30.0,84.0,0.0,[1],10.0,10.0,1,10.0,0,0.010212040999988403
mlp_aco,2,7201,76,0,2,0.0,0.0,0.0,0.0,0.09907747060060501,False,False,0.0,0.0,0.0,[],10.0,10.0,1,10.0,0,0.010212040999988403
mlp_aco,2,7201,76,0,3,0.0,0.0,0.0,0.0,0.43936213850975037,False,False,0.0,0.0,0.0,[],10.0,10.0,1,10.0,0,0.010212040999988403
mlp_aco,2,7201,76,0,4,0.0,0.0,0.0,0.0,0.20313307642936707,False,False,0.0,0.0,0.0,[],10.0,10.0,1,10.0,0,0.010212040999988403
mlp_aco,2,7202,76,0,1,19.0,84.0,103.0,0.515,0.9547727704048157,True,True,30.0,73.0,0.0,[1],10.0,10.0,1,10.0,0,0.01009983299999817
mlp_aco,2,7202,76,0,2,0.0,0.0,0.0,0.0,0.09907747060060501,False,False,0.0,0.0,0.0,[],10.0,10.0,1,10.0,0,0.01009983299999817
mlp_aco,2,7202,76,0,3,0.0,0.0,0.0,0.0,0.43936213850975037,False,False,0.0,0.0,0.0,[],10.0,10.0,1,10.0,0,0.01009983299999817
mlp_aco,2,7202,76,0,4,0.0,0.0,0.0,0.0,0.20313307642936707,False,False,0.0,0.0,0.0,[],10.0,10.0,1,10.0,0,0.01009983299999817
mlp_aco,2,7203,76,0,1,18.0,73.0,91.0,0.455,0.8865105509757996,True,True,30.0,61.0,0.0,[1],10.0,10.0,1,10.0,0,0.010183208999990256
mlp_aco,2,7203,76,0,2,0.0,0.0,0.0,0.0,0.09907747060060501,False,False,0.0,0.0,0.0,[],10.0,10.0,1,10.0,0,0.010183208999990256
mlp_aco,2,7203,76,0,3,0.0,0.0,0.0,0.0,0.43936213850975037,False,False,0.0,0.0,0.0,[],10.0,10.0,1,10.0,0,0.010183208999990256
mlp_aco,2,7203,76,0,4,0.0,0.0,0.0,0.0,0.20313307642936707,False,False,0.0,0.0,0.0,[],10.0,10.0,1,10.0,0,0.010183208999990256
mlp_aco,2,7204,76,1,1,18.0,61.0,79.0,0.395,0.8243235945701599,True,True,30.0,49.0,0.0,[1],10.0,10.0,1,10.0,0,0.010260375000001432
mlp_aco,2,7204,76,1,2,0.0,0.0,0.0,0.0,0.09907747060060501,False,False,0.0,0.0,0.0,[],10.0,10.0,1,10.0,0,0.010260375000001432
mlp_aco,2,7204,76,1,3,0.0,0.0,0.0,0.0,0.43936213850975037,False,False,0.0,0.0,0.0,[],10.0,10.0,1,10.0,0,0.010260375000001432
mlp_aco,2,7204,76,1,4,0.0,0.0,0.0,0.0,0.20313307642936707,False,False,0.0,0.0,0.0,[],10.0,10.0,1,10.0,0,0.010260375000001432
mlp_aco,2,7205,76,1,1,19.0,49.0,68.0,0.34,0.8081768155097961,True,True,30.0,38.0,0.0,[1],10.0,10.0,1,10.0,0,0.010095083000010163
mlp_aco,2,7205,76,1,2,0.0,0.0,0.0,0.0,0.09907747060060501,False,False,0.0,0.0,0.0,[],10.0,10.0,1,10.0,0,0.010095083000010163
mlp_aco,2,7205,76,1,3,0.0,0.0,0.0,0.0,0.43936213850975037,False,False,0.0,0.0,0.0,[],10.0,10.0,1,10.0,0,0.010095083000010163
mlp_aco,2,7205,76,1,4,0.0,0.0,0.0,0.0,0.20313307642936707,False,False,0.0,0.0,0.0,[],10.0,10.0,1,10.0,0,0.010095083000010163
mlp_aco,2,7206,76,1,1,35.0,38.0,73.0,0.365,0.998245120048523,True,True,30.0,43.0,0.0,[1],10.0,10.0,1,10.0,0,0.010039415999983703
mlp_aco,2,7206,76,1,2,0.0,0.0,0.0,0.0,0.09907747060060501,False,False,0.0,0.0,0.0,[],10.0,10.0,1,10.0,0,0.010039415999983703
mlp_aco,2,7206,76,1,3,0.0,0.0,0.0,0.0,0.43936213850975037,False,False,0.0,0.0,0.0,[],10.0,10.0,1,10.0,0,0.010039415999983703
mlp_aco,2,7206,76,1,4,0.0,0.0,0.0,0.0,0.20313307642936707,False,False,0.0,0.0,0.0,[],10.0,10.0,1,10.0,0,0.010039415999983703
mlp_aco,2,7207,76,1,1,36.0,43.0,79.0,0.395,0.9991735219955444,True,True,30.0,49.0,0.0,[1],10.0,10.0,1,10.0,0,0.01149162499999079
mlp_aco,2,7207,76,1,2,0.0,0.0,0.0,0.0,0.09907747060060501,False,False,0.0,0.0,0.0,[],10.0,10.0,1,10.0,0,0.01149162499999079
mlp_aco,2,7207,76,1,3,0.0,0.0,0.0,0.0,0.43936213850975037,False,False,0.0,0.0,0.0,[],10.0,10.0,1,10.0,0,0.01149162499999079
mlp_aco,2,7207,76,1,4,0.0,0.0,0.0,0.0,0.20313307642936707,False,False,0.0,0.0,0.0,[],10.0,10.0,1,10.0,0,0.01149162499999079
mlp_aco,2,7208,76,2,1,35.0,49.0,84.0,0.42,0.9992660284042358,True,True,30.0,54.0,0.0,[1],10.0,10.0,1,10.0,0,0.010240999999979294
mlp_aco,2,7208,76,2,2,0.0,0.0,0.0,0.0,0.09907747060060501,False,False,0.0,0.0,0.0,[],10.0,10.0,1,10.0,0,0.010240999999979294
mlp_aco,2,7208,76,2,3,0.0,0.0,0.0,0.0,0.43936213850975037,False,False,0.0,0.0,0.0,[],10.0,10.0,1,10.0,0,0.010240999999979294
mlp_aco,2,7208,76,2,4,0.0,0.0,0.0,0.0,0.20313307642936707,False,False,0.0,0.0,0.0,[],10.0,10.0,1,10.0,0,0.010240999999979294
mlp_aco,2,7209,76,2,1,36.0,54.0,90.0,0.45,0.9996858239173889,True,True,30.0,60.0,0.0,[1],10.0,10.0,1,10.0,0,0.010132542000008016
mlp_aco,2,7209,76,2,2,0.0,0.0,0.0,0.0,0.09907747060060501,False,False,0.0,0.0,0.0,[],10.0,10.0,1,10.0,0,0.010132542000008016
mlp_aco,2,7209,76,2,3,0.0,0.0,0.0,0.0,0.43936213850975037,False,False,0.0,0.0,0.0,[],10.0,10.0,1,10.0,0,0.010132542000008016
mlp_aco,2,7209,76,2,4,0.0,0.0,0.0,0.0,0.20313307642936707,False,False,0.0,0.0,0.0,[],10.0,10.0,1,10.0,0,0.010132542000008016
mlp_aco,2,7210,76,2,1,36.0,60.0,96.0,0.48,0.9997889399528503,True,True,30.0,66.0,0.0,[1],10.0,10.0,1,10.0,0,0.010197000000005119
mlp_aco,2,7210,76,2,2,0.0,0.0,0.0,0.0,0.09907747060060501,False,False,0.0,0.0,0.0,[],10.0,10.0,1,10.0,0,0.010197000000005119
mlp_aco,2,7210,76,2,3,0.0,0.0,0.0,0.0,0.43936213850975037,False,False,0.0,0.0,0.0,[],10.0,10.0,1,10.0,0,0.010197000000005119
mlp_aco,2,7210,76,2,4,0.0,0.0,0.0,0.0,0.20313307642936707,False,False,0.0,0.0,0.0,[],10.0,10.0,1,10.0,0,0.010197000000005119
mlp_aco,2,7211,76,2,1,34.0,66.0,100.0,0.5,0.9996912479400635,True,True,30.0,70.0,0.0,[1],10.0,10.0,1,10.0,0,0.010255124999986265
mlp_aco,2,7211,76,2,2,0.0,0.0,0.0,0.0,0.09907747060060501,False,False,0.0,0.0,0.0,[],10.0,10.0,1,10.0,0,0.010255124999986265
mlp_aco,2,7211,76,2,3,0.0,0.0,0.0,0.0,0.43936213850975037,False,False,0.0,0.0,0.0,[],10.0,10.0,1,10.0,0,0.010255124999986265
mlp_aco,2,7211,76,2,4,0.0,0.0,0.0,0.0,0.20313307642936707,False,False,0.0,0.0,0.0,[],10.0,10.0,1,10.0,0,0.010255124999986265
mlp_aco,2,7212,76,3,1,36.0,70.0,106.0,0.53,0.9998881816864014,True,True,30.0,76.0,0.0,[1],10.0,10.0,1,10.0,0,0.01029666600001633
mlp_aco,2,7212,76,3,2,0.0,0.0,0.0,0.0,0.09907747060060501,False,False,0.0,0.0,0.0,[],10.0,10.0,1,10.0,0,0.01029666600001633
mlp_aco,2,7212,76,3,3,0.0,0.0,0.0,0.0,0.43936213850975037,False,False,0.0,0.0,0.0,[],10.0,10.0,1,10.0,0,0.01029666600001633
mlp_aco,2,7212,76,3,4,0.0,0.0,0.0,0.0,0.20313307642936707,False,False,0.0,0.0,0.0,[],10.0,10.0,1,10.0,0,0.01029666600001633
mlp_aco,2,7213,76,3,1,36.0,76.0,112.0,0.56,0.99992436170578,True,True,30.0,82.0,0.0,[1],10.0,10.0,1,10.0,0,0.00970770799997922
mlp_aco,2,7213,76,3,2,0.0,0.0,0.0,0.0,0.09907747060060501,False,False,0.0,0.0,0.0,[],10.0,10.0,1,10.0,0,0.00970770799997922
mlp_aco,2,7213,76,3,3,0.0,0.0,0.0,0.0,0.43936213850975037,False,False,0.0,0.0,0.0,[],10.0,10.0,1,10.0,0,0.00970770799997922
mlp_aco,2,7213,76,3,4,0.0,0.0,0.0,0.0,0.20313307642936707,False,False,0.0,0.0,0.0,[],10.0,10.0,1,10.0,0,0.00970770799997922
mlp_aco,2,7214,76,3,1,37.0,82.0,119.0,0.595,0.9999676942825317,True,True,30.0,89.0,0.0,[1],10.0,10.0,1,10.0,0,0.011496249999993324
mlp_aco,2,7214,76,3,2,0.0,0.0,0.0,0.0,0.09907747060060501,False,False,0.0,0.0,0.0,[],10.0,10.0,1,10.0,0,0.011496249999993324
mlp_aco,2,7214,76,3,3,0.0,0.0,0.0,0.0,0.43936213850975037,False,False,0.0,0.0,0.0,[],10.0,10.0,1,10.0,0,0.011496249999993324
mlp_aco,2,7214,76,3,4,0.0,0.0,0.0,0.0,0.20313307642936707,False,False,0.0,0.0,0.0,[],10.0,10.0,1,10.0,0,0.011496249999993324
mlp_aco,2,7215,76,3,1,37.0,89.0,126.0,0.63,0.9999822378158569,True,True,30.0,96.0,0.0,[1],10.0,10.0,1,10.0,0,0.010335083000001077
mlp_aco,2,7215,76,3,2,0.0,0.0,0.0,0.0,0.09907747060060501,False,False,0.0,0.0,0.0,[],10.0,10.0,1,10.0,0,0.010335083000001077
mlp_aco,2,7215,76,3,3,0.0,0.0,0.0,0.0,0.43936213850975037,False,False,0.0,0.0,0.0,[],10.0,10.0,1,10.0,0,0.010335083000001077
mlp_aco,2,7215,76,3,4,0.0,0.0,0.0,0.0,0.20313307642936707,False,False,0.0,0.0,0.0,[],10.0,10.0,1,10.0,0,0.010335083000001077
mlp_aco,2,7216,76,4,1,37.0,96.0,133.0,0.665,0.9999918937683105,True,True,30.0,103.0,0.0,[1],10.0,10.0,1,10.0,0,0.010899625000007518
mlp_aco,2,7216,76,4,2,0.0,0.0,0.0,0.0,0.09907747060060501,False,False,0.0,0.0,0.0,[],10.0,10.0,1,10.0,0,0.010899625000007518
mlp_aco,2,7216,76,4,3,0.0,0.0,0.0,0.0,0.43936213850975037,False,False,0.0,0.0,0.0,[],10.0,10.0,1,10.0,0,0.010899625000007518
mlp_aco,2,7216,76,4,4,0.0,0.0,0.0,0.0,0.20313307642936707,False,False,0.0,0.0,0.0,[],10.0,10.0,1,10.0,0,0.010899625000007518
mlp_aco,2,7217,76,4,1,38.0,103.0,141.0,0.705,0.9999977946281433,True,True,30.0,111.0,0.0,[1],10.0,10.0,1,10.0,0,0.010099541000016643
mlp_aco,2,7217,76,4,2,0.0,0.0,0.0,0.0,0.09907747060060501,False,False,0.0,0.0,0.0,[],10.0,10.0,1,10.0,0,0.010099541000016643
mlp_aco,2,7217,76,4,3,0.0,0.0,0.0,0.0,0.43936213850975037,False,False,0.0,0.0,0.0,[],10.0,10.0,1,10.0,0,0.010099541000016643
mlp_aco,2,7217,76,4,4,0.0,0.0,0.0,0.0,0.20313307642936707,False,False,0.0,0.0,0.0,[],10.0,10.0,1,10.0,0,0.010099541000016643
mlp_aco,2,7218,76,4,1,49.0,111.0,160.0,0.8,1.0,True,True,30.0,130.0,0.0,[1],10.0,10.0,1,10.0,0,0.01008575000000178
mlp_aco,2,7218,76,4,2,0.0,0.0,0.0,0.0,0.09907747060060501,False,False,0.0,0.0,0.0,[],10.0,10.0,1,10.0,0,0.01008575000000178
mlp_aco,2,7218,76,4,3,0.0,0.0,0.0,0.0,0.43936213850975037,False,False,0.0,0.0,0.0,[],10.0,10.0,1,10.0,0,0.01008575000000178
mlp_aco,2,7218,76,4,4,0.0,0.0,0.0,0.0,0.20313307642936707,False,False,0.0,0.0,0.0,[],10.0,10.0,1,10.0,0,0.01008575000000178
mlp_aco,2,7219,76,4,1,52.0,130.0,182.0,0.91,1.0,True,True,30.0,152.0,0.0,[1],10.0,10.0,1,10.0,0,0.009960667000001422
mlp_aco,2,7219,76,4,2,0.0,0.0,0.0,0.0,0.09907747060060501,False,False,0.0,0.0,0.0,[],10.0,10.0,1,10.0,0,0.009960667000001422
mlp_aco,2,7219,76,4,3,0.0,0.0,0.0,0.0,0.43936213850975037,False,False,0.0,0.0,0.0,[],10.0,10.0,1,10.0,0,0.009960667000001422
mlp_aco,2,7219,76,4,4,0.0,0.0,0.0,0.0,0.20313307642936707,False,False,0.0,0.0,0.0,[],10.0,10.0,1,10.0,0,0.009960667000001422
mlp_aco,2,7220,76,5,1,59.0,152.0,211.0,1.055,1.0,True,True,30.0,181.0,0.0,[1],10.0,10.0,1,10.0,0,0.010362584000006336
mlp_aco,2,7220,76,5,2,0.0,0.0,0.0,0.0,0.09907747060060501,False,False,0.0,0.0,0.0,[],10.0,10.0,1,10.0,0,0.010362584000006336
mlp_aco,2,7220,76,5,3,0.0,0.0,0.0,0.0,0.43936213850975037,False,False,0.0,0.0,0.0,[],10.0,10.0,1,10.0,0,0.010362584000006336
mlp_aco,2,7220,76,5,4,0.0,0.0,0.0,0.0,0.20313307642936707,False,False,0.0,0.0,0.0,[],10.0,10.0,1,10.0,0,0.010362584000006336
mlp_aco,2,7221,76,5,1,56.0,181.0,237.0,1.185,1.0,True,True,30.0,200.0,7.0,[1],10.0,10.0,1,10.0,0,0.011364959000019326
mlp_aco,2,7221,76,5,2,0.0,0.0,0.0,0.0,0.09907747060060501,False,False,0.0,0.0,0.0,[],10.0,10.0,1,10.0,0,0.011364959000019326
mlp_aco,2,7221,76,5,3,0.0,0.0,0.0,0.0,0.43936213850975037,False,False,0.0,0.0,0.0,[],10.0,10.0,1,10.0,0,0.011364959000019326
mlp_aco,2,7221,76,5,4,0.0,0.0,0.0,0.0,0.20313307642936707,False,False,0.0,0.0,0.0,[],10.0,10.0,1,10.0,0,0.011364959000019326
mlp_aco,2,7222,76,5,1,64.0,200.0,264.0,1.32,1.0,True,True,30.0,200.0,34.0,[1],10.0,10.0,1,10.0,0,0.00971754099998634
mlp_aco,2,7222,76,5,2,0.0,0.0,0.0,0.0,0.09907747060060501,False,False,0.0,0.0,0.0,[],10.0,10.0,1,10.0,0,0.00971754099998634
mlp_aco,2,7222,76,5,3,0.0,0.0,0.0,0.0,0.43936213850975037,False,False,0.0,0.0,0.0,[],10.0,10.0,1,10.0,0,0.00971754099998634
mlp_aco,2,7222,76,5,4,0.0,0.0,0.0,0.0,0.20313307642936707,False,False,0.0,0.0,0.0,[],10.0,10.0,1,10.0,0,0.00971754099998634
mlp_aco,2,7223,76,5,1,84.0,200.0,284.0,1.42,1.0,True,True,30.0,200.0,54.0,[1],10.0,10.0,1,10.0,0,0.00987804099997902
mlp_aco,2,7223,76,5,2,0.0,0.0,0.0,0.0,0.09907747060060501,False,False,0.0,0.0,0.0,[],10.0,10.0,1,10.0,0,0.00987804099997902
mlp_aco,2,7223,76,5,3,0.0,0.0,0.0,0.0,0.43936213850975037,False,False,0.0,0.0,0.0,[],10.0,10.0,1,10.0,0,0.00987804099997902
mlp_aco,2,7223,76,5,4,0.0,0.0,0.0,0.0,0.20313307642936707,False,False,0.0,0.0,0.0,[],10.0,10.0,1,10.0,0,0.00987804099997902
mlp_aco,2,7224,76,6,1,86.0,200.0,286.0,1.43,1.0,True,True,30.0,200.0,56.0,[1],10.0,10.0,1,10.0,0,0.009824374999993779
mlp_aco,2,7224,76,6,2,0.0,0.0,0.0,0.0,0.09907747060060501,False,False,0.0,0.0,0.0,[],10.0,10.0,1,10.0,0,0.009824374999993779
mlp_aco,2,7224,76,6,3,0.0,0.0,0.0,0.0,0.43936213850975037,False,False,0.0,0.0,0.0,[],10.0,10.0,1,10.0,0,0.009824374999993779
mlp_aco,2,7224,76,6,4,0.0,0.0,0.0,0.0,0.20313307642936707,False,False,0.0,0.0,0.0,[],10.0,10.0,1,10.0,0,0.009824374999993779
mlp_aco,2,7225,76,6,1,78.0,200.0,278.0,1.39,1.0,True,True,30.0,200.0,48.0,[1],10.0,10.0,1,10.0,0,0.010168708000009019
mlp_aco,2,7225,76,6,2,0.0,0.0,0.0,0.0,0.09907747060060501,False,False,0.0,0.0,0.0,[],10.0,10.0,1,10.0,0,0.010168708000009019
mlp_aco,2,7225,76,6,3,0.0,0.0,0.0,0.0,0.43936213850975037,False,False,0.0,0.0,0.0,[],10.0,10.0,1,10.0,0,0.010168708000009019
mlp_aco,2,7225,76,6,4,0.0,0.0,0.0,0.0,0.20313307642936707,False,False,0.0,0.0,0.0,[],10.0,10.0,1,10.0,0,0.010168708000009019
mlp_aco,2,7226,76,6,1,66.0,200.0,266.0,1.33,1.0,True,True,30.0,200.0,36.0,[1],10.0,10.0,1,10.0,0,0.010209625000015876
mlp_aco,2,7226,76,6,2,0.0,0.0,0.0,0.0,0.09907747060060501,False,False,0.0,0.0,0.0,[],10.0,10.0,1,10.0,0,0.010209625000015876
mlp_aco,2,7226,76,6,3,0.0,0.0,0.0,0.0,0.43936213850975037,False,False,0.0,0.0,0.0,[],10.0,10.0,1,10.0,0,0.010209625000015876
mlp_aco,2,7226,76,6,4,0.0,0.0,0.0,0.0,0.20313307642936707,False,False,0.0,0.0,0.0,[],10.0,10.0,1,10.0,0,0.010209625000015876
mlp_aco,2,7227,76,6,1,59.0,200.0,259.0,1.295,1.0,True,True,30.0,200.0,29.0,[1],10.0,10.0,1,10.0,0,0.010386457999999266
mlp_aco,2,7227,76,6,2,0.0,0.0,0.0,0.0,0.09907747060060501,False,False,0.0,0.0,0.0,[],10.0,10.0,1,10.0,0,0.010386457999999266
mlp_aco,2,7227,76,6,3,0.0,0.0,0.0,0.0,0.43936213850975037,False,False,0.0,0.0,0.0,[],10.0,10.0,1,10.0,0,0.010386457999999266
mlp_aco,2,7227,76,6,4,0.0,0.0,0.0,0.0,0.20313307642936707,False,False,0.0,0.0,0.0,[],10.0,10.0,1,10.0,0,0.010386457999999266
mlp_aco,2,7228,76,7,1,54.0,200.0,254.0,1.27,1.0,True,True,30.0,200.0,24.0,[1],10.0,10.0,1,10.0,0,0.01035629099999369
mlp_aco,2,7228,76,7,2,0.0,0.0,0.0,0.0,0.09907747060060501,False,False,0.0,0.0,0.0,[],10.0,10.0,1,10.0,0,0.01035629099999369
mlp_aco,2,7228,76,7,3,0.0,0.0,0.0,0.0,0.43936213850975037,False,False,0.0,0.0,0.0,[],10.0,10.0,1,10.0,0,0.01035629099999369
mlp_aco,2,7228,76,7,4,0.0,0.0,0.0,0.0,0.20313307642936707,False,False,0.0,0.0,0.0,[],10.0,10.0,1,10.0,0,0.01035629099999369
mlp_aco,2,7229,76,7,1,56.0,200.0,256.0,1.28,1.0,True,True,30.0,200.0,26.0,[1],10.0,10.0,1,10.0,0,0.011056707999983928
mlp_aco,2,7229,76,7,2,0.0,0.0,0.0,0.0,0.09907747060060501,False,False,0.0,0.0,0.0,[],10.0,10.0,1,10.0,0,0.011056707999983928
mlp_aco,2,7229,76,7,3,0.0,0.0,0.0,0.0,0.43936213850975037,False,False,0.0,0.0,0.0,[],10.0,10.0,1,10.0,0,0.011056707999983928
mlp_aco,2,7229,76,7,4,0.0,0.0,0.0,0.0,0.20313307642936707,False,False,0.0,0.0,0.0,[],10.0,10.0,1,10.0,0,0.011056707999983928
mlp_aco,2,7230,76,7,1,54.0,200.0,254.0,1.27,1.0,True,True,30.0,200.0,24.0,[1],10.0,10.0,1,10.0,0,0.00988908299999025
mlp_aco,2,7230,76,7,2,0.0,0.0,0.0,0.0,0.09907747060060501,False,False,0.0,0.0,0.0,[],10.0,10.0,1,10.0,0,0.00988908299999025
mlp_aco,2,7230,76,7,3,0.0,0.0,0.0,0.0,0.43936213850975037,False,False,0.0,0.0,0.0,[],10.0,10.0,1,10.0,0,0.00988908299999025
mlp_aco,2,7230,76,7,4,0.0,0.0,0.0,0.0,0.20313307642936707,False,False,0.0,0.0,0.0,[],10.0,10.0,1,10.0,0,0.00988908299999025
mlp_aco,2,7231,76,7,1,54.0,200.0,254.0,1.27,1.0,True,True,30.0,200.0,24.0,[1],10.0,10.0,1,10.0,0,0.009954249999992726
mlp_aco,2,7231,76,7,2,0.0,0.0,0.0,0.0,0.09907747060060501,False,False,0.0,0.0,0.0,[],10.0,10.0,1,10.0,0,0.009954249999992726
mlp_aco,2,7231,76,7,3,0.0,0.0,0.0,0.0,0.43936213850975037,False,False,0.0,0.0,0.0,[],10.0,10.0,1,10.0,0,0.009954249999992726
mlp_aco,2,7231,76,7,4,0.0,0.0,0.0,0.0,0.20313307642936707,False,False,0.0,0.0,0.0,[],10.0,10.0,1,10.0,0,0.009954249999992726
mlp_aco,2,7232,76,8,1,57.0,200.0,257.0,1.285,1.0,True,True,30.0,200.0,27.0,[1],10.0,10.0,1,10.0,0,0.009863333999987844
mlp_aco,2,7232,76,8,2,0.0,0.0,0.0,0.0,0.09907747060060501,False,False,0.0,0.0,0.0,[],10.0,10.0,1,10.0,0,0.009863333999987844
mlp_aco,2,7232,76,8,3,0.0,0.0,0.0,0.0,0.43936213850975037,False,False,0.0,0.0,0.0,[],10.0,10.0,1,10.0,0,0.009863333999987844
mlp_aco,2,7232,76,8,4,0.0,0.0,0.0,0.0,0.20313307642936707,False,False,0.0,0.0,0.0,[],10.0,10.0,1,10.0,0,0.009863333999987844
mlp_aco,2,7233,76,8,1,55.0,200.0,255.0,1.275,1.0,True,True,30.0,200.0,25.0,[1],10.0,10.0,1,10.0,0,0.009494833000019298
mlp_aco,2,7233,76,8,2,0.0,0.0,0.0,0.0,0.09907747060060501,False,False,0.0,0.0,0.0,[],10.0,10.0,1,10.0,0,0.009494833000019298
mlp_aco,2,7233,76,8,3,0.0,0.0,0.0,0.0,0.43936213850975037,False,False,0.0,0.0,0.0,[],10.0,10.0,1,10.0,0,0.009494833000019298
mlp_aco,2,7233,76,8,4,0.0,0.0,0.0,0.0,0.20313307642936707,False,False,0.0,0.0,0.0,[],10.0,10.0,1,10.0,0,0.009494833000019298
mlp_aco,2,7234,76,8,1,54.0,200.0,254.0,1.27,1.0,True,True,30.0,200.0,24.0,[1],10.0,10.0,1,10.0,0,0.009851916000002348
mlp_aco,2,7234,76,8,2,0.0,0.0,0.0,0.0,0.09907747060060501,False,False,0.0,0.0,0.0,[],10.0,10.0,1,10.0,0,0.009851916000002348
mlp_aco,2,7234,76,8,3,0.0,0.0,0.0,0.0,0.43936213850975037,False,False,0.0,0.0,0.0,[],10.0,10.0,1,10.0,0,0.009851916000002348
mlp_aco,2,7234,76,8,4,0.0,0.0,0.0,0.0,0.20313307642936707,False,False,0.0,0.0,0.0,[],10.0,10.0,1,10.0,0,0.009851916000002348
mlp_aco,2,7235,76,8,1,55.0,200.0,255.0,1.275,1.0,True,True,30.0,200.0,25.0,[1],10.0,10.0,1,10.0,0,0.010185417000002417
mlp_aco,2,7235,76,8,2,0.0,0.0,0.0,0.0,0.09907747060060501,False,False,0.0,0.0,0.0,[],10.0,10.0,1,10.0,0,0.010185417000002417
mlp_aco,2,7235,76,8,3,0.0,0.0,0.0,0.0,0.43936213850975037,False,False,0.0,0.0,0.0,[],10.0,10.0,1,10.0,0,0.010185417000002417
mlp_aco,2,7235,76,8,4,0.0,0.0,0.0,0.0,0.20313307642936707,False,False,0.0,0.0,0.0,[],10.0,10.0,1,10.0,0,0.010185417000002417
mlp_aco,2,7236,76,9,1,50.0,200.0,250.0,1.25,1.0,True,True,30.0,200.0,20.0,[1],10.0,10.0,1,10.0,0,0.009796541999975261
mlp_aco,2,7236,76,9,2,0.0,0.0,0.0,0.0,0.09907747060060501,False,False,0.0,0.0,0.0,[],10.0,10.0,1,10.0,0,0.009796541999975261
mlp_aco,2,7236,76,9,3,0.0,0.0,0.0,0.0,0.43936213850975037,False,False,0.0,0.0,0.0,[],10.0,10.0,1,10.0,0,0.009796541999975261
mlp_aco,2,7236,76,9,4,0.0,0.0,0.0,0.0,0.20313307642936707,False,False,0.0,0.0,0.0,[],10.0,10.0,1,10.0,0,0.009796541999975261
mlp_aco,2,7237,76,9,1,45.0,200.0,245.0,1.225,1.0,True,True,30.0,200.0,15.0,[1],10.0,10.0,1,10.0,0,0.009521750000004658
mlp_aco,2,7237,76,9,2,0.0,0.0,0.0,0.0,0.09907747060060501,False,False,0.0,0.0,0.0,[],10.0,10.0,1,10.0,0,0.009521750000004658
mlp_aco,2,7237,76,9,3,0.0,0.0,0.0,0.0,0.43936213850975037,False,False,0.0,0.0,0.0,[],10.0,10.0,1,10.0,0,0.009521750000004658
mlp_aco,2,7237,76,9,4,0.0,0.0,0.0,0.0,0.20313307642936707,False,False,0.0,0.0,0.0,[],10.0,10.0,1,10.0,0,0.009521750000004658
mlp_aco,2,7238,76,9,1,45.0,200.0,245.0,1.225,1.0,True,True,30.0,200.0,15.0,[1],10.0,10.0,1,10.0,0,0.009847207999996499
mlp_aco,2,7238,76,9,2,0.0,0.0,0.0,0.0,0.09907747060060501,False,False,0.0,0.0,0.0,[],10.0,10.0,1,10.0,0,0.009847207999996499
mlp_aco,2,7238,76,9,3,0.0,0.0,0.0,0.0,0.43936213850975037,False,False,0.0,0.0,0.0,[],10.0,10.0,1,10.0,0,0.009847207999996499
mlp_aco,2,7238,76,9,4,0.0,0.0,0.0,0.0,0.20313307642936707,False,False,0.0,0.0,0.0,[],10.0,10.0,1,10.0,0,0.009847207999996499
mlp_aco,2,7239,76,9,1,38.0,200.0,238.0,1.19,1.0,True,True,30.0,200.0,8.0,[1],10.0,10.0,1,10.0,0,0.009843584000009287
mlp_aco,2,7239,76,9,2,0.0,0.0,0.0,0.0,0.09907747060060501,False,False,0.0,0.0,0.0,[],10.0,10.0,1,10.0,0,0.009843584000009287
mlp_aco,2,7239,76,9,3,0.0,0.0,0.0,0.0,0.43936213850975037,False,False,0.0,0.0,0.0,[],10.0,10.0,1,10.0,0,0.009843584000009287
mlp_aco,2,7239,76,9,4,0.0,0.0,0.0,0.0,0.20313307642936707,False,False,0.0,0.0,0.0,[],10.0,10.0,1,10.0,0,0.009843584000009287
mlp_aco,2,7240,76,10,1,32.0,200.0,232.0,1.16,1.0,True,True,30.0,200.0,2.0,[1],10.0,10.0,1,10.0,0,0.009798666999984107
mlp_aco,2,7240,76,10,2,0.0,0.0,0.0,0.0,0.09907747060060501,False,False,0.0,0.0,0.0,[],10.0,10.0,1,10.0,0,0.009798666999984107
mlp_aco,2,7240,76,10,3,0.0,0.0,0.0,0.0,0.43936213850975037,False,False,0.0,0.0,0.0,[],10.0,10.0,1,10.0,0,0.009798666999984107
mlp_aco,2,7240,76,10,4,0.0,0.0,0.0,0.0,0.20313307642936707,False,False,0.0,0.0,0.0,[],10.0,10.0,1,10.0,0,0.009798666999984107
mlp_aco,2,7241,76,10,1,24.0,200.0,224.0,1.12,1.0,True,True,30.0,194.0,0.0,[1],10.0,10.0,1,10.0,0,0.009466540999994777
mlp_aco,2,7241,76,10,2,0.0,0.0,0.0,0.0,0.09907747060060501,False,False,0.0,0.0,0.0,[],10.0,10.0,1,10.0,0,0.009466540999994777
mlp_aco,2,7241,76,10,3,0.0,0.0,0.0,0.0,0.43936213850975037,False,False,0.0,0.0,0.0,[],10.0,10.0,1,10.0,0,0.009466540999994777
mlp_aco,2,7241,76,10,4,0.0,0.0,0.0,0.0,0.20313307642936707,False,False,0.0,0.0,0.0,[],10.0,10.0,1,10.0,0,0.009466540999994777
mlp_aco,2,7242,76,10,1,20.0,194.0,214.0,1.07,1.0,True,True,30.0,184.0,0.0,[1],10.0,10.0,1,10.0,0,0.009874790999987226
mlp_aco,2,7242,76,10,2,0.0,0.0,0.0,0.0,0.09907747060060501,False,False,0.0,0.0,0.0,[],10.0,10.0,1,10.0,0,0.009874790999987226
mlp_aco,2,7242,76,10,3,0.0,0.0,0.0,0.0,0.43936213850975037,False,False,0.0,0.0,0.0,[],10.0,10.0,1,10.0,0,0.009874790999987226
mlp_aco,2,7242,76,10,4,0.0,0.0,0.0,0.0,0.20313307642936707,False,False,0.0,0.0,0.0,[],10.0,10.0,1,10.0,0,0.009874790999987226
mlp_aco,2,7243,76,10,1,20.0,184.0,204.0,1.02,1.0,True,True,30.0,174.0,0.0,[1],10.0,10.0,1,10.0,0,0.010188875000011421
mlp_aco,2,7243,76,10,2,0.0,0.0,0.0,0.0,0.09907747060060501,False,False,0.0,0.0,0.0,[],10.0,10.0,1,10.0,0,0.010188875000011421
mlp_aco,2,7243,76,10,3,0.0,0.0,0.0,0.0,0.43936213850975037,False,False,0.0,0.0,0.0,[],10.0,10.0,1,10.0,0,0.010188875000011421
mlp_aco,2,7243,76,10,4,0.0,0.0,0.0,0.0,0.20313307642936707,False,False,0.0,0.0,0.0,[],10.0,10.0,1,10.0,0,0.010188875000011421
mlp_aco,2,7244,76,11,1,21.0,174.0,195.0,0.975,1.0,True,True,30.0,165.0,0.0,[1],10.0,10.0,1,10.0,0,0.0098740829999997
mlp_aco,2,7244,76,11,2,0.0,0.0,0.0,0.0,0.09907747060060501,False,False,0.0,0.0,0.0,[],10.0,10.0,1,10.0,0,0.0098740829999997
mlp_aco,2,7244,76,11,3,0.0,0.0,0.0,0.0,0.43936213850975037,False,False,0.0,0.0,0.0,[],10.0,10.0,1,10.0,0,0.0098740829999997
mlp_aco,2,7244,76,11,4,0.0,0.0,0.0,0.0,0.20313307642936707,False,False,0.0,0.0,0.0,[],10.0,10.0,1,10.0,0,0.0098740829999997
mlp_aco,2,7245,76,11,1,20.0,165.0,185.0,0.925,0.9999999403953552,True,True,30.0,155.0,0.0,[1],10.0,10.0,1,10.0,0,0.01822737500000926
mlp_aco,2,7245,76,11,2,0.0,0.0,0.0,0.0,0.09907747060060501,False,False,0.0,0.0,0.0,[],10.0,10.0,1,10.0,0,0.01822737500000926
mlp_aco,2,7245,76,11,3,0.0,0.0,0.0,0.0,0.43936213850975037,False,False,0.0,0.0,0.0,[],10.0,10.0,1,10.0,0,0.01822737500000926
mlp_aco,2,7245,76,11,4,0.0,0.0,0.0,0.0,0.20313307642936707,False,False,0.0,0.0,0.0,[],10.0,10.0,1,10.0,0,0.01822737500000926
mlp_aco,2,7246,76,11,1,20.0,155.0,175.0,0.875,0.9999988675117493,True,True,30.0,145.0,0.0,[1],10.0,10.0,1,10.0,0,0.014372332999982973
mlp_aco,2,7246,76,11,2,0.0,0.0,0.0,0.0,0.09907747060060501,False,False,0.0,0.0,0.0,[],10.0,10.0,1,10.0,0,0.014372332999982973
mlp_aco,2,7246,76,11,3,0.0,0.0,0.0,0.0,0.43936213850975037,False,False,0.0,0.0,0.0,[],10.0,10.0,1,10.0,0,0.014372332999982973
mlp_aco,2,7246,76,11,4,0.0,0.0,0.0,0.0,0.20313307642936707,False,False,0.0,0.0,0.0,[],10.0,10.0,1,10.0,0,0.014372332999982973
mlp_aco,2,7247,76,11,1,21.0,145.0,166.0,0.83,0.9999917149543762,True,True,30.0,136.0,0.0,[1],10.0,10.0,1,10.0,0,0.009787625000001299
mlp_aco,2,7247,76,11,2,0.0,0.0,0.0,0.0,0.09907747060060501,False,False,0.0,0.0,0.0,[],10.0,10.0,1,10.0,0,0.009787625000001299
mlp_aco,2,7247,76,11,3,0.0,0.0,0.0,0.0,0.43936213850975037,False,False,0.0,0.0,0.0,[],10.0,10.0,1,10.0,0,0.009787625000001299
mlp_aco,2,7247,76,11,4,0.0,0.0,0.0,0.0,0.20313307642936707,False,False,0.0,0.0,0.0,[],10.0,10.0,1,10.0,0,0.009787625000001299
mlp_aco,2,7248,76,12,1,5.0,136.0,141.0,0.705,0.7073729038238525,True,True,30.0,111.0,0.0,[1],10.0,10.0,1,10.0,0,0.009505334000010635
mlp_aco,2,7248,76,12,2,0.0,0.0,0.0,0.0,0.09907747060060501,False,False,0.0,0.0,0.0,[],10.0,10.0,1,10.0,0,0.009505334000010635
mlp_aco,2,7248,76,12,3,0.0,0.0,0.0,0.0,0.43936213850975037,False,False,0.0,0.0,0.0,[],10.0,10.0,1,10.0,0,0.009505334000010635
mlp_aco,2,7248,76,12,4,0.0,0.0,0.0,0.0,0.20313307642936707,False,False,0.0,0.0,0.0,[],10.0,10.0,1,10.0,0,0.009505334000010635
mlp_aco,2,7249,76,12,1,0.0,111.0,111.0,0.555,0.1359863579273224,False,False,0.0,111.0,0.0,[],0.0,0.0,0,0.0,0,3.4999999911633495e-06
mlp_aco,2,7249,76,12,2,0.0,0.0,0.0,0.0,0.09907747060060501,False,False,0.0,0.0,0.0,[],0.0,0.0,0,0.0,0,3.4999999911633495e-06
mlp_aco,2,7249,76,12,3,0.0,0.0,0.0,0.0,0.43936213850975037,False,False,0.0,0.0,0.0,[],0.0,0.0,0,0.0,0,3.4999999911633495e-06
mlp_aco,2,7249,76,12,4,0.0,0.0,0.0,0.0,0.20313307642936707,False,False,0.0,0.0,0.0,[],0.0,0.0,0,0.0,0,3.4999999911633495e-06
mlp_aco,2,7250,76,12,1,0.0,111.0,111.0,0.555,0.1995934098958969,False,False,0.0,111.0,0.0,[],0.0,0.0,0,0.0,0,2.0829999982652225e-06
mlp_aco,2,7250,76,12,2,0.0,0.0,0.0,0.0,0.09907747060060501,False,False,0.0,0.0,0.0,[],0.0,0.0,0,0.0,0,2.0829999982652225e-06
mlp_aco,2,7250,76,12,3,0.0,0.0,0.0,0.0,0.43936213850975037,False,False,0.0,0.0,0.0,[],0.0,0.0,0,0.0,0,2.0829999982652225e-06
mlp_aco,2,7250,76,12,4,0.0,0.0,0.0,0.0,0.20313307642936707,False,False,0.0,0.0,0.0,[],0.0,0.0,0,0.0,0,2.0829999982652225e-06
mlp_aco,2,7251,76,12,1,0.0,111.0,111.0,0.555,0.30260351300239563,False,False,0.0,111.0,0.0,[],0.0,0.0,0,0.0,0,2.708000010898104e-06
mlp_aco,2,7251,76,12,2,0.0,0.0,0.0,0.0,0.09907747060060501,False,False,0.0,0.0,0.0,[],0.0,0.0,0,0.0,0,2.708000010898104e-06
mlp_aco,2,7251,76,12,3,0.0,0.0,0.0,0.0,0.43936213850975037,False,False,0.0,0.0,0.0,[],0.0,0.0,0,0.0,0,2.708000010898104e-06
mlp_aco,2,7251,76,12,4,0.0,0.0,0.0,0.0,0.20313307642936707,False,False,0.0,0.0,0.0,[],0.0,0.0,0,0.0,0,2.708000010898104e-06
mlp_aco,2,7252,76,13,1,0.0,111.0,111.0,0.555,0.3415989577770233,False,False,0.0,111.0,0.0,[],0.0,0.0,0,0.0,0,2.292000004899819e-06
mlp_aco,2,7252,76,13,2,0.0,0.0,0.0,0.0,0.09907747060060501,False,False,0.0,0.0,0.0,[],0.0,0.0,0,0.0,0,2.292000004899819e-06
mlp_aco,2,7252,76,13,3,0.0,0.0,0.0,0.0,0.43936213850975037,False,False,0.0,0.0,0.0,[],0.0,0.0,0,0.0,0,2.292000004899819e-06
mlp_aco,2,7252,76,13,4,0.0,0.0,0.0,0.0,0.20313307642936707,False,False,0.0,0.0,0.0,[],0.0,0.0,0,0.0,0,2.292000004899819e-06
mlp_aco,2,7253,76,13,1,0.0,111.0,111.0,0.555,0.3415989577770233,False,False,0.0,111.0,0.0,[],0.0,0.0,0,0.0,0,2.8750000069521775e-06
mlp_aco,2,7253,76,13,2,0.0,0.0,0.0,0.0,0.09907747060060501,False,False,0.0,0.0,0.0,[],0.0,0.0,0,0.0,0,2.8750000069521775e-06
mlp_aco,2,7253,76,13,3,0.0,0.0,0.0,0.0,0.43936213850975037,False,False,0.0,0.0,0.0,[],0.0,0.0,0,0.0,0,2.8750000069521775e-06
mlp_aco,2,7253,76,13,4,0.0,0.0,0.0,0.0,0.20313307642936707,False,False,0.0,0.0,0.0,[],0.0,0.0,0,0.0,0,2.8750000069521775e-06
mlp_aco,2,7254,76,13,1,0.0,111.0,111.0,0.555,0.3415989577770233,False,False,0.0,111.0,0.0,[],0.0,0.0,0,0.0,0,1.9999999949504854e-06
mlp_aco,2,7254,76,13,2,0.0,0.0,0.0,0.0,0.09907747060060501,False,False,0.0,0.0,0.0,[],0.0,0.0,0,0.0,0,1.9999999949504854e-06
mlp_aco,2,7254,76,13,3,0.0,0.0,0.0,0.0,0.43936213850975037,False,False,0.0,0.0,0.0,[],0.0,0.0,0,0.0,0,1.9999999949504854e-06
mlp_aco,2,7254,76,13,4,0.0,0.0,0.0,0.0,0.20313307642936707,False,False,0.0,0.0,0.0,[],0.0,0.0,0,0.0,0,1.9999999949504854e-06
mlp_aco,2,7255,76,13,1,0.0,111.0,111.0,0.555,0.3415989577770233,False,False,0.0,111.0,0.0,[],0.0,0.0,0,0.0,0,2.292000004899819e-06
mlp_aco,2,7255,76,13,2,0.0,0.0,0.0,0.0,0.09907747060060501,False,False,0.0,0.0,0.0,[],0.0,0.0,0,0.0,0,2.292000004899819e-06
mlp_aco,2,7255,76,13,3,0.0,0.0,0.0,0.0,0.43936213850975037,False,False,0.0,0.0,0.0,[],0.0,0.0,0,0.0,0,2.292000004899819e-06
mlp_aco,2,7255,76,13,4,0.0,0.0,0.0,0.0,0.20313307642936707,False,False,0.0,0.0,0.0,[],0.0,0.0,0,0.0,0,2.292000004899819e-06
mlp_aco,2,7256,76,14,1,0.0,111.0,111.0,0.555,0.3415989577770233,False,False,0.0,111.0,0.0,[],0.0,0.0,0,0.0,0,2.999999992425728e-06
mlp_aco,2,7256,76,14,2,0.0,0.0,0.0,0.0,0.09907747060060501,False,False,0.0,0.0,0.0,[],0.0,0.0,0,0.0,0,2.999999992425728e-06
mlp_aco,2,7256,76,14,3,0.0,0.0,0.0,0.0,0.43936213850975037,False,False,0.0,0.0,0.0,[],0.0,0.0,0,0.0,0,2.999999992425728e-06
mlp_aco,2,7256,76,14,4,0.0,0.0,0.0,0.0,0.20313307642936707,False,False,0.0,0.0,0.0,[],0.0,0.0,0,0.0,0,2.999999992425728e-06
mlp_aco,2,7257,76,14,1,0.0,111.0,111.0,0.555,0.3415989577770233,False,False,0.0,111.0,0.0,[],0.0,0.0,0,0.0,0,2.249999994319296e-06
mlp_aco,2,7257,76,14,2,0.0,0.0,0.0,0.0,0.09907747060060501,False,False,0.0,0.0,0.0,[],0.0,0.0,0,0.0,0,2.249999994319296e-06
mlp_aco,2,7257,76,14,3,0.0,0.0,0.0,0.0,0.43936213850975037,False,False,0.0,0.0,0.0,[],0.0,0.0,0,0.0,0,2.249999994319296e-06
mlp_aco,2,7257,76,14,4,0.0,0.0,0.0,0.0,0.20313307642936707,False,False,0.0,0.0,0.0,[],0.0,0.0,0,0.0,0,2.249999994319296e-06
mlp_aco,2,7258,76,14,1,0.0,111.0,111.0,0.555,0.3415989577770233,False,False,0.0,111.0,0.0,[],0.0,0.0,0,0.0,0,3.2500000202162482e-06
mlp_aco,2,7258,76,14,2,0.0,0.0,0.0,0.0,0.09907747060060501,False,False,0.0,0.0,0.0,[],0.0,0.0,0,0.0,0,3.2500000202162482e-06
mlp_aco,2,7258,76,14,3,0.0,0.0,0.0,0.0,0.43936213850975037,False,False,0.0,0.0,0.0,[],0.0,0.0,0,0.0,0,3.2500000202162482e-06
mlp_aco,2,7258,76,14,4,0.0,0.0,0.0,0.0,0.20313307642936707,False,False,0.0,0.0,0.0,[],0.0,0.0,0,0.0,0,3.2500000202162482e-06
mlp_aco,2,7259,76,14,1,0.0,111.0,111.0,0.555,0.3415989577770233,False,False,0.0,111.0,0.0,[],0.0,0.0,0,0.0,0,1.958000012791672e-06
mlp_aco,2,7259,76,14,2,0.0,0.0,0.0,0.0,0.09907747060060501,False,False,0.0,0.0,0.0,[],0.0,0.0,0,0.0,0,1.958000012791672e-06
mlp_aco,2,7259,76,14,3,0.0,0.0,0.0,0.0,0.43936213850975037,False,False,0.0,0.0,0.0,[],0.0,0.0,0,0.0,0,1.958000012791672e-06
mlp_aco,2,7259,76,14,4,0.0,0.0,0.0,0.0,0.20313307642936707,False,False,0.0,0.0,0.0,[],0.0,0.0,0,0.0,0,1.958000012791672e-06
mlp_aco,2,7260,76,15,1,0.0,111.0,111.0,0.555,0.3415989577770233,False,False,0.0,111.0,0.0,[],0.0,0.0,0,0.0,0,2.7920000036374404e-06
mlp_aco,2,7260,76,15,2,0.0,0.0,0.0,0.0,0.09907747060060501,False,False,0.0,0.0,0.0,[],0.0,0.0,0,0.0,0,2.7920000036374404e-06
mlp_aco,2,7260,76,15,3,0.0,0.0,0.0,0.0,0.43936213850975037,False,False,0.0,0.0,0.0,[],0.0,0.0,0,0.0,0,2.7920000036374404e-06
mlp_aco,2,7260,76,15,4,0.0,0.0,0.0,0.0,0.20313307642936707,False,False,0.0,0.0,0.0,[],0.0,0.0,0,0.0,0,2.7920000036374404e-06
mlp_aco,2,7261,76,15,1,0.0,111.0,111.0,0.555,0.3415989577770233,False,False,0.0,111.0,0.0,[],0.0,0.0,0,0.0,0,1.8749999810552254e-06
mlp_aco,2,7261,76,15,2,0.0,0.0,0.0,0.0,0.09907747060060501,False,False,0.0,0.0,0.0,[],0.0,0.0,0,0.0,0,1.8749999810552254e-06
mlp_aco,2,7261,76,15,3,0.0,0.0,0.0,0.0,0.43936213850975037,False,False,0.0,0.0,0.0,[],0.0,0.0,0,0.0,0,1.8749999810552254e-06
mlp_aco,2,7261,76,15,4,0.0,0.0,0.0,0.0,0.20313307642936707,False,False,0.0,0.0,0.0,[],0.0,0.0,0,0.0,0,1.8749999810552254e-06
mlp_aco,2,7262,76,15,1,0.0,111.0,111.0,0.555,0.3415989577770233,False,False,0.0,111.0,0.0,[],0.0,0.0,0,0.0,0,1.8339999883210112e-06
mlp_aco,2,7262,76,15,2,0.0,0.0,0.0,0.0,0.09907747060060501,False,False,0.0,0.0,0.0,[],0.0,0.0,0,0.0,0,1.8339999883210112e-06
mlp_aco,2,7262,76,15,3,0.0,0.0,0.0,0.0,0.43936213850975037,False,False,0.0,0.0,0.0,[],0.0,0.0,0,0.0,0,1.8339999883210112e-06
mlp_aco,2,7262,76,15,4,0.0,0.0,0.0,0.0,0.20313307642936707,False,False,0.0,0.0,0.0,[],0.0,0.0,0,0.0,0,1.8339999883210112e-06
mlp_aco,2,7263,76,15,1,0.0,111.0,111.0,0.555,0.3415989577770233,False,False,0.0,111.0,0.0,[],0.0,0.0,0,0.0,0,2.999999992425728e-06
mlp_aco,2,7263,76,15,2,0.0,0.0,0.0,0.0,0.09907747060060501,False,False,0.0,0.0,0.0,[],0.0,0.0,0,0.0,0,2.999999992425728e-06
mlp_aco,2,7263,76,15,3,0.0,0.0,0.0,0.0,0.43936213850975037,False,False,0.0,0.0,0.0,[],0.0,0.0,0,0.0,0,2.999999992425728e-06
mlp_aco,2,7263,76,15,4,0.0,0.0,0.0,0.0,0.20313307642936707,False,False,0.0,0.0,0.0,[],0.0,0.0,0,0.0,0,2.999999992425728e-06
mlp_aco,2,7264,76,16,1,0.0,111.0,111.0,0.555,0.3415989577770233,False,False,0.0,111.0,0.0,[],0.0,0.0,0,0.0,0,2.500000022109816e-06
mlp_aco,2,7264,76,16,2,0.0,0.0,0.0,0.0,0.09907747060060501,False,False,0.0,0.0,0.0,[],0.0,0.0,0,0.0,0,2.500000022109816e-06
mlp_aco,2,7264,76,16,3,0.0,0.0,0.0,0.0,0.43936213850975037,False,False,0.0,0.0,0.0,[],0.0,0.0,0,0.0,0,2.500000022109816e-06
mlp_aco,2,7264,76,16,4,0.0,0.0,0.0,0.0,0.20313307642936707,False,False,0.0,0.0,0.0,[],0.0,0.0,0,0.0,0,2.500000022109816e-06
mlp_aco,2,7265,76,16,1,0.0,111.0,111.0,0.555,0.3415989577770233,False,False,0.0,111.0,0.0,[],0.0,0.0,0,0.0,0,3.332999995109276e-06
mlp_aco,2,7265,76,16,2,0.0,0.0,0.0,0.0,0.09907747060060501,False,False,0.0,0.0,0.0,[],0.0,0.0,0,0.0,0,3.332999995109276e-06
mlp_aco,2,7265,76,16,3,0.0,0.0,0.0,0.0,0.43936213850975037,False,False,0.0,0.0,0.0,[],0.0,0.0,0,0.0,0,3.332999995109276e-06
mlp_aco,2,7265,76,16,4,0.0,0.0,0.0,0.0,0.20313307642936707,False,False,0.0,0.0,0.0,[],0.0,0.0,0,0.0,0,3.332999995109276e-06
mlp_aco,2,7266,76,16,1,0.0,111.0,111.0,0.555,0.3415989577770233,False,False,0.0,111.0,0.0,[],0.0,0.0,0,0.0,0,2.375000008214556e-06
mlp_aco,2,7266,76,16,2,0.0,0.0,0.0,0.0,0.09907747060060501,False,False,0.0,0.0,0.0,[],0.0,0.0,0,0.0,0,2.375000008214556e-06
mlp_aco,2,7266,76,16,3,0.0,0.0,0.0,0.0,0.43936213850975037,False,False,0.0,0.0,0.0,[],0.0,0.0,0,0.0,0,2.375000008214556e-06
mlp_aco,2,7266,76,16,4,0.0,0.0,0.0,0.0,0.20313307642936707,False,False,0.0,0.0,0.0,[],0.0,0.0,0,0.0,0,2.375000008214556e-06
mlp_aco,2,7267,76,16,1,0.0,111.0,111.0,0.555,0.3415989577770233,False,False,0.0,111.0,0.0,[],0.0,0.0,0,0.0,0,2.041000016106409e-06
mlp_aco,2,7267,76,16,2,0.0,0.0,0.0,0.0,0.09907747060060501,False,False,0.0,0.0,0.0,[],0.0,0.0,0,0.0,0,2.041000016106409e-06
mlp_aco,2,7267,76,16,3,0.0,0.0,0.0,0.0,0.43936213850975037,False,False,0.0,0.0,0.0,[],0.0,0.0,0,0.0,0,2.041000016106409e-06
mlp_aco,2,7267,76,16,4,0.0,0.0,0.0,0.0,0.20313307642936707,False,False,0.0,0.0,0.0,[],0.0,0.0,0,0.0,0,2.041000016106409e-06
mlp_aco,2,7268,76,17,1,0.0,111.0,111.0,0.555,0.3415989577770233,False,False,0.0,111.0,0.0,[],0.0,0.0,0,0.0,0,2.999999992425728e-06
mlp_aco,2,7268,76,17,2,0.0,0.0,0.0,0.0,0.09907747060060501,False,False,0.0,0.0,0.0,[],0.0,0.0,0,0.0,0,2.999999992425728e-06
mlp_aco,2,7268,76,17,3,0.0,0.0,0.0,0.0,0.43936213850975037,False,False,0.0,0.0,0.0,[],0.0,0.0,0,0.0,0,2.999999992425728e-06
mlp_aco,2,7268,76,17,4,0.0,0.0,0.0,0.0,0.20313307642936707,False,False,0.0,0.0,0.0,[],0.0,0.0,0,0.0,0,2.999999992425728e-06
mlp_aco,2,7269,76,17,1,0.0,111.0,111.0,0.555,0.3415989577770233,False,False,0.0,111.0,0.0,[],0.0,0.0,0,0.0,0,1.9590000022162712e-06
mlp_aco,2,7269,76,17,2,0.0,0.0,0.0,0.0,0.09907747060060501,False,False,0.0,0.0,0.0,[],0.0,0.0,0,0.0,0,1.9590000022162712e-06
mlp_aco,2,7269,76,17,3,0.0,0.0,0.0,0.0,0.43936213850975037,False,False,0.0,0.0,0.0,[],0.0,0.0,0,0.0,0,1.9590000022162712e-06
mlp_aco,2,7269,76,17,4,0.0,0.0,0.0,0.0,0.20313307642936707,False,False,0.0,0.0,0.0,[],0.0,0.0,0,0.0,0,1.9590000022162712e-06
mlp_aco,2,7270,76,17,1,0.0,111.0,111.0,0.555,0.3415989577770233,False,False,0.0,111.0,0.0,[],0.0,0.0,0,0.0,0,3.666999987217423e-06
mlp_aco,2,7270,76,17,2,0.0,0.0,0.0,0.0,0.09907747060060501,False,False,0.0,0.0,0.0,[],0.0,0.0,0,0.0,0,3.666999987217423e-06
mlp_aco,2,7270,76,17,3,0.0,0.0,0.0,0.0,0.43936213850975037,False,False,0.0,0.0,0.0,[],0.0,0.0,0,0.0,0,3.666999987217423e-06
mlp_aco,2,7270,76,17,4,0.0,0.0,0.0,0.0,0.20313307642936707,False,False,0.0,0.0,0.0,[],0.0,0.0,0,0.0,0,3.666999987217423e-06
mlp_aco,2,7271,76,17,1,0.0,111.0,111.0,0.555,0.3415989577770233,False,False,0.0,111.0,0.0,[],0.0,0.0,0,0.0,0,1.9999999949504854e-06
mlp_aco,2,7271,76,17,2,0.0,0.0,0.0,0.0,0.09907747060060501,False,False,0.0,0.0,0.0,[],0.0,0.0,0,0.0,0,1.9999999949504854e-06
mlp_aco,2,7271,76,17,3,0.0,0.0,0.0,0.0,0.43936213850975037,False,False,0.0,0.0,0.0,[],0.0,0.0,0,0.0,0,1.9999999949504854e-06
mlp_aco,2,7271,76,17,4,0.0,0.0,0.0,0.0,0.20313307642936707,False,False,0.0,0.0,0.0,[],0.0,0.0,0,0.0,0,1.9999999949504854e-06
mlp_aco,2,7272,76,18,1,0.0,111.0,111.0,0.555,0.3415989577770233,False,False,0.0,111.0,0.0,[],0.0,0.0,0,0.0,0,2.0409999876846996e-06
mlp_aco,2,7272,76,18,2,0.0,0.0,0.0,0.0,0.09907747060060501,False,False,0.0,0.0,0.0,[],0.0,0.0,0,0.0,0,2.0409999876846996e-06
mlp_aco,2,7272,76,18,3,0.0,0.0,0.0,0.0,0.43936213850975037,False,False,0.0,0.0,0.0,[],0.0,0.0,0,0.0,0,2.0409999876846996e-06
mlp_aco,2,7272,76,18,4,0.0,0.0,0.0,0.0,0.20313307642936707,False,False,0.0,0.0,0.0,[],0.0,0.0,0,0.0,0,2.0409999876846996e-06
mlp_aco,2,7273,76,18,1,0.0,111.0,111.0,0.555,0.3415989577770233,False,False,0.0,111.0,0.0,[],0.0,0.0,0,0.0,0,2.791000014212841e-06
mlp_aco,2,7273,76,18,2,0.0,0.0,0.0,0.0,0.09907747060060501,False,False,0.0,0.0,0.0,[],0.0,0.0,0,0.0,0,2.791000014212841e-06
mlp_aco,2,7273,76,18,3,0.0,0.0,0.0,0.0,0.43936213850975037,False,False,0.0,0.0,0.0,[],0.0,0.0,0,0.0,0,2.791000014212841e-06
mlp_aco,2,7273,76,18,4,0.0,0.0,0.0,0.0,0.20313307642936707,False,False,0.0,0.0,0.0,[],0.0,0.0,0,0.0,0,2.791000014212841e-06
mlp_aco,2,7274,76,18,1,0.0,111.0,111.0,0.555,0.3415989577770233,False,False,0.0,111.0,0.0,[],0.0,0.0,0,0.0,0,2.0420000055310084e-06
mlp_aco,2,7274,76,18,2,0.0,0.0,0.0,0.0,0.09907747060060501,False,False,0.0,0.0,0.0,[],0.0,0.0,0,0.0,0,2.0420000055310084e-06
mlp_aco,2,7274,76,18,3,0.0,0.0,0.0,0.0,0.43936213850975037,False,False,0.0,0.0,0.0,[],0.0,0.0,0,0.0,0,2.0420000055310084e-06
mlp_aco,2,7274,76,18,4,0.0,0.0,0.0,0.0,0.20313307642936707,False,False,0.0,0.0,0.0,[],0.0,0.0,0,0.0,0,2.0420000055310084e-06
mlp_aco,2,7275,76,18,1,0.0,111.0,111.0,0.555,0.3415989577770233,False,False,0.0,111.0,0.0,[],0.0,0.0,0,0.0,0,2.9580000102669146e-06
mlp_aco,2,7275,76,18,2,0.0,0.0,0.0,0.0,0.09907747060060501,False,False,0.0,0.0,0.0,[],0.0,0.0,0,0.0,0,2.9580000102669146e-06
mlp_aco,2,7275,76,18,3,0.0,0.0,0.0,0.0,0.43936213850975037,False,False,0.0,0.0,0.0,[],0.0,0.0,0,0.0,0,2.9580000102669146e-06
mlp_aco,2,7275,76,18,4,0.0,0.0,0.0,0.0,0.20313307642936707,False,False,0.0,0.0,0.0,[],0.0,0.0,0,0.0,0,2.9580000102669146e-06
mlp_aco,2,7276,76,19,1,0.0,111.0,111.0,0.555,0.3415989577770233,False,False,0.0,111.0,0.0,[],0.0,0.0,0,0.0,0,1.8749999810552254e-06
mlp_aco,2,7276,76,19,2,0.0,0.0,0.0,0.0,0.09907747060060501,False,False,0.0,0.0,0.0,[],0.0,0.0,0,0.0,0,1.8749999810552254e-06
mlp_aco,2,7276,76,19,3,0.0,0.0,0.0,0.0,0.43936213850975037,False,False,0.0,0.0,0.0,[],0.0,0.0,0,0.0,0,1.8749999810552254e-06
mlp_aco,2,7276,76,19,4,0.0,0.0,0.0,0.0,0.20313307642936707,False,False,0.0,0.0,0.0,[],0.0,0.0,0,0.0,0,1.8749999810552254e-06
mlp_aco,2,7277,76,19,1,0.0,111.0,111.0,0.555,0.3415989577770233,False,False,0.0,111.0,0.0,[],0.0,0.0,0,0.0,0,1.9999999949504854e-06
mlp_aco,2,7277,76,19,2,0.0,0.0,0.0,0.0,0.09907747060060501,False,False,0.0,0.0,0.0,[],0.0,0.0,0,0.0,0,1.9999999949504854e-06
mlp_aco,2,7277,76,19,3,0.0,0.0,0.0,0.0,0.43936213850975037,False,False,0.0,0.0,0.0,[],0.0,0.0,0,0.0,0,1.9999999949504854e-06
mlp_aco,2,7277,76,19,4,0.0,0.0,0.0,0.0,0.20313307642936707,False,False,0.0,0.0,0.0,[],0.0,0.0,0,0.0,0,1.9999999949504854e-06
mlp_aco,2,7278,76,19,1,0.0,111.0,111.0,0.555,0.3415989577770233,False,False,0.0,111.0,0.0,[],0.0,0.0,0,0.0,0,4.040999982635185e-06
mlp_aco,2,7278,76,19,2,0.0,0.0,0.0,0.0,0.09907747060060501,False,False,0.0,0.0,0.0,[],0.0,0.0,0,0.0,0,4.040999982635185e-06
mlp_aco,2,7278,76,19,3,0.0,0.0,0.0,0.0,0.43936213850975037,False,False,0.0,0.0,0.0,[],0.0,0.0,0,0.0,0,4.040999982635185e-06
mlp_aco,2,7278,76,19,4,0.0,0.0,0.0,0.0,0.20313307642936707,False,False,0.0,0.0,0.0,[],0.0,0.0,0,0.0,0,4.040999982635185e-06
mlp_aco,2,7279,76,19,1,0.0,111.0,111.0,0.555,0.3415989577770233,False,False,0.0,111.0,0.0,[],0.0,0.0,0,0.0,0,1.958000012791672e-06
mlp_aco,2,7279,76,19,2,0.0,0.0,0.0,0.0,0.09907747060060501,False,False,0.0,0.0,0.0,[],0.0,0.0,0,0.0,0,1.958000012791672e-06
mlp_aco,2,7279,76,19,3,0.0,0.0,0.0,0.0,0.43936213850975037,False,False,0.0,0.0,0.0,[],0.0,0.0,0,0.0,0,1.958000012791672e-06
mlp_aco,2,7279,76,19,4,0.0,0.0,0.0,0.0,0.20313307642936707,False,False,0.0,0.0,0.0,[],0.0,0.0,0,0.0,0,1.958000012791672e-06
mlp_aco,2,7280,76,20,1,0.0,111.0,111.0,0.555,0.3415989577770233,False,False,0.0,111.0,0.0,[],0.0,0.0,0,0.0,0,2.9170000175327004e-06
mlp_aco,2,7280,76,20,2,0.0,0.0,0.0,0.0,0.09907747060060501,False,False,0.0,0.0,0.0,[],0.0,0.0,0,0.0,0,2.9170000175327004e-06
mlp_aco,2,7280,76,20,3,0.0,0.0,0.0,0.0,0.43936213850975037,False,False,0.0,0.0,0.0,[],0.0,0.0,0,0.0,0,2.9170000175327004e-06
mlp_aco,2,7280,76,20,4,0.0,0.0,0.0,0.0,0.20313307642936707,False,False,0.0,0.0,0.0,[],0.0,0.0,0,0.0,0,2.9170000175327004e-06
mlp_aco,2,7281,76,20,1,0.0,111.0,111.0,0.555,0.3415989577770233,False,False,0.0,111.0,0.0,[],0.0,0.0,0,0.0,0,1.916000002211149e-06
mlp_aco,2,7281,76,20,2,0.0,0.0,0.0,0.0,0.09907747060060501,False,False,0.0,0.0,0.0,[],0.0,0.0,0,0.0,0,1.916000002211149e-06
mlp_aco,2,7281,76,20,3,0.0,0.0,0.0,0.0,0.43936213850975037,False,False,0.0,0.0,0.0,[],0.0,0.0,0,0.0,0,1.916000002211149e-06
mlp_aco,2,7281,76,20,4,0.0,0.0,0.0,0.0,0.20313307642936707,False,False,0.0,0.0,0.0,[],0.0,0.0,0,0.0,0,1.916000002211149e-06
mlp_aco,2,7282,76,20,1,0.0,111.0,111.0,0.555,0.3415989577770233,False,False,0.0,111.0,0.0,[],0.0,0.0,0,0.0,0,1.8750000094769348e-06
mlp_aco,2,7282,76,20,2,0.0,0.0,0.0,0.0,0.09907747060060501,False,False,0.0,0.0,0.0,[],0.0,0.0,0,0.0,0,1.8750000094769348e-06
mlp_aco,2,7282,76,20,3,0.0,0.0,0.0,0.0,0.43936213850975037,False,False,0.0,0.0,0.0,[],0.0,0.0,0,0.0,0,1.8750000094769348e-06
mlp_aco,2,7282,76,20,4,0.0,0.0,0.0,0.0,0.20313307642936707,False,False,0.0,0.0,0.0,[],0.0,0.0,0,0.0,0,1.8750000094769348e-06
mlp_aco,2,7283,76,20,1,0.0,111.0,111.0,0.555,0.3415989577770233,False,False,0.0,111.0,0.0,[],0.0,0.0,0,0.0,0,3.1659999990552024e-06
mlp_aco,2,7283,76,20,2,0.0,0.0,0.0,0.0,0.09907747060060501,False,False,0.0,0.0,0.0,[],0.0,0.0,0,0.0,0,3.1659999990552024e-06
mlp_aco,2,7283,76,20,3,0.0,0.0,0.0,0.0,0.43936213850975037,False,False,0.0,0.0,0.0,[],0.0,0.0,0,0.0,0,3.1659999990552024e-06
mlp_aco,2,7283,76,20,4,0.0,0.0,0.0,0.0,0.20313307642936707,False,False,0.0,0.0,0.0,[],0.0,0.0,0,0.0,0,3.1659999990552024e-06
mlp_aco,2,7284,76,21,1,0.0,111.0,111.0,0.555,0.3415989577770233,False,False,0.0,111.0,0.0,[],0.0,0.0,0,0.0,0,1.9169999916357483e-06
mlp_aco,2,7284,76,21,2,0.0,0.0,0.0,0.0,0.09907747060060501,False,False,0.0,0.0,0.0,[],0.0,0.0,0,0.0,0,1.9169999916357483e-06
mlp_aco,2,7284,76,21,3,0.0,0.0,0.0,0.0,0.43936213850975037,False,False,0.0,0.0,0.0,[],0.0,0.0,0,0.0,0,1.9169999916357483e-06
mlp_aco,2,7284,76,21,4,0.0,0.0,0.0,0.0,0.20313307642936707,False,False,0.0,0.0,0.0,[],0.0,0.0,0,0.0,0,1.9169999916357483e-06
mlp_aco,2,7285,76,21,1,0.0,111.0,111.0,0.555,0.3415989577770233,False,False,0.0,111.0,0.0,[],0.0,0.0,0,0.0,0,3.6659999977928237e-06
mlp_aco,2,7285,76,21,2,0.0,0.0,0.0,0.0,0.09907747060060501,False,False,0.0,0.0,0.0,[],0.0,0.0,0,0.0,0,3.6659999977928237e-06
mlp_aco,2,7285,76,21,3,0.0,0.0,0.0,0.0,0.43936213850975037,False,False,0.0,0.0,0.0,[],0.0,0.0,0,0.0,0,3.6659999977928237e-06
mlp_aco,2,7285,76,21,4,0.0,0.0,0.0,0.0,0.20313307642936707,False,False,0.0,0.0,0.0,[],0.0,0.0,0,0.0,0,3.6659999977928237e-06
mlp_aco,2,7286,76,21,1,0.0,111.0,111.0,0.555,0.3415989577770233,False,False,0.0,111.0,0.0,[],0.0,0.0,0,0.0,0,2.2089999731633725e-06
mlp_aco,2,7286,76,21,2,0.0,0.0,0.0,0.0,0.09907747060060501,False,False,0.0,0.0,0.0,[],0.0,0.0,0,0.0,0,2.2089999731633725e-06
mlp_aco,2,7286,76,21,3,0.0,0.0,0.0,0.0,0.43936213850975037,False,False,0.0,0.0,0.0,[],0.0,0.0,0,0.0,0,2.2089999731633725e-06
mlp_aco,2,7286,76,21,4,0.0,0.0,0.0,0.0,0.20313307642936707,False,False,0.0,0.0,0.0,[],0.0,0.0,0,0.0,0,2.2089999731633725e-06
mlp_aco,2,7287,76,21,1,0.0,111.0,111.0,0.555,0.3415989577770233,False,False,0.0,111.0,0.0,[],0.0,0.0,0,0.0,0,1.9999999949504854e-06
mlp_aco,2,7287,76,21,2,0.0,0.0,0.0,0.0,0.09907747060060501,False,False,0.0,0.0,0.0,[],0.0,0.0,0,0.0,0,1.9999999949504854e-06
mlp_aco,2,7287,76,21,3,0.0,0.0,0.0,0.0,0.43936213850975037,False,False,0.0,0.0,0.0,[],0.0,0.0,0,0.0,0,1.9999999949504854e-06
mlp_aco,2,7287,76,21,4,0.0,0.0,0.0,0.0,0.20313307642936707,False,False,0.0,0.0,0.0,[],0.0,0.0,0,0.0,0,1.9999999949504854e-06
mlp_aco,2,7288,76,22,1,0.0,111.0,111.0,0.555,0.3415989577770233,False,False,0.0,111.0,0.0,[],0.0,0.0,0,0.0,0,2.7499999930569174e-06
mlp_aco,2,7288,76,22,2,0.0,0.0,0.0,0.0,0.09907747060060501,False,False,0.0,0.0,0.0,[],0.0,0.0,0,0.0,0,2.7499999930569174e-06
mlp_aco,2,7288,76,22,3,0.0,0.0,0.0,0.0,0.43936213850975037,False,False,0.0,0.0,0.0,[],0.0,0.0,0,0.0,0,2.7499999930569174e-06
mlp_aco,2,7288,76,22,4,0.0,0.0,0.0,0.0,0.20313307642936707,False,False,0.0,0.0,0.0,[],0.0,0.0,0,0.0,0,2.7499999930569174e-06
mlp_aco,2,7289,76,22,1,0.0,111.0,111.0,0.555,0.3415989577770233,False,False,0.0,111.0,0.0,[],0.0,0.0,0,0.0,0,1.9999999949504854e-06
mlp_aco,2,7289,76,22,2,0.0,0.0,0.0,0.0,0.09907747060060501,False,False,0.0,0.0,0.0,[],0.0,0.0,0,0.0,0,1.9999999949504854e-06
mlp_aco,2,7289,76,22,3,0.0,0.0,0.0,0.0,0.43936213850975037,False,False,0.0,0.0,0.0,[],0.0,0.0,0,0.0,0,1.9999999949504854e-06
mlp_aco,2,7289,76,22,4,0.0,0.0,0.0,0.0,0.20313307642936707,False,False,0.0,0.0,0.0,[],0.0,0.0,0,0.0,0,1.9999999949504854e-06
mlp_aco,2,7290,76,22,1,0.0,111.0,111.0,0.555,0.3415989577770233,False,False,0.0,111.0,0.0,[],0.0,0.0,0,0.0,0,2.8329999963716546e-06
mlp_aco,2,7290,76,22,2,0.0,0.0,0.0,0.0,0.09907747060060501,False,False,0.0,0.0,0.0,[],0.0,0.0,0,0.0,0,2.8329999963716546e-06
mlp_aco,2,7290,76,22,3,0.0,0.0,0.0,0.0,0.43936213850975037,False,False,0.0,0.0,0.0,[],0.0,0.0,0,0.0,0,2.8329999963716546e-06
mlp_aco,2,7290,76,22,4,0.0,0.0,0.0,0.0,0.20313307642936707,False,False,0.0,0.0,0.0,[],0.0,0.0,0,0.0,0,2.8329999963716546e-06
mlp_aco,2,7291,76,22,1,0.0,111.0,111.0,0.555,0.3415989577770233,False,False,0.0,111.0,0.0,[],0.0,0.0,0,0.0,0,1.9170000200574577e-06
mlp_aco,2,7291,76,22,2,0.0,0.0,0.0,0.0,0.09907747060060501,False,False,0.0,0.0,0.0,[],0.0,0.0,0,0.0,0,1.9170000200574577e-06
mlp_aco,2,7291,76,22,3,0.0,0.0,0.0,0.0,0.43936213850975037,False,False,0.0,0.0,0.0,[],0.0,0.0,0,0.0,0,1.9170000200574577e-06
mlp_aco,2,7291,76,22,4,0.0,0.0,0.0,0.0,0.20313307642936707,False,False,0.0,0.0,0.0,[],0.0,0.0,0,0.0,0,1.9170000200574577e-06
mlp_aco,2,7292,76,23,1,0.0,111.0,111.0,0.555,0.3415989577770233,False,False,0.0,111.0,0.0,[],0.0,0.0,0,0.0,0,2.0829999982652225e-06
mlp_aco,2,7292,76,23,2,0.0,0.0,0.0,0.0,0.09907747060060501,False,False,0.0,0.0,0.0,[],0.0,0.0,0,0.0,0,2.0829999982652225e-06
mlp_aco,2,7292,76,23,3,0.0,0.0,0.0,0.0,0.43936213850975037,False,False,0.0,0.0,0.0,[],0.0,0.0,0,0.0,0,2.0829999982652225e-06
mlp_aco,2,7292,76,23,4,0.0,0.0,0.0,0.0,0.20313307642936707,False,False,0.0,0.0,0.0,[],0.0,0.0,0,0.0,0,2.0829999982652225e-06
mlp_aco,2,7293,76,23,1,0.0,111.0,111.0,0.555,0.3415989577770233,False,False,0.0,111.0,0.0,[],0.0,0.0,0,0.0,0,2.999999992425728e-06
mlp_aco,2,7293,76,23,2,0.0,0.0,0.0,0.0,0.09907747060060501,False,False,0.0,0.0,0.0,[],0.0,0.0,0,0.0,0,2.999999992425728e-06
mlp_aco,2,7293,76,23,3,0.0,0.0,0.0,0.0,0.43936213850975037,False,False,0.0,0.0,0.0,[],0.0,0.0,0,0.0,0,2.999999992425728e-06
mlp_aco,2,7293,76,23,4,0.0,0.0,0.0,0.0,0.20313307642936707,False,False,0.0,0.0,0.0,[],0.0,0.0,0,0.0,0,2.999999992425728e-06
mlp_aco,2,7294,76,23,1,0.0,111.0,111.0,0.555,0.3415989577770233,False,False,0.0,111.0,0.0,[],0.0,0.0,0,0.0,0,1.958000012791672e-06
mlp_aco,2,7294,76,23,2,0.0,0.0,0.0,0.0,0.09907747060060501,False,False,0.0,0.0,0.0,[],0.0,0.0,0,0.0,0,1.958000012791672e-06
mlp_aco,2,7294,76,23,3,0.0,0.0,0.0,0.0,0.43936213850975037,False,False,0.0,0.0,0.0,[],0.0,0.0,0,0.0,0,1.958000012791672e-06
mlp_aco,2,7294,76,23,4,0.0,0.0,0.0,0.0,0.20313307642936707,False,False,0.0,0.0,0.0,[],0.0,0.0,0,0.0,0,1.958000012791672e-06
mlp_aco,2,7295,76,23,1,0.0,111.0,111.0,0.555,0.3415989577770233,False,False,0.0,111.0,0.0,[],0.0,0.0,0,0.0,0,2.7920000036374404e-06
mlp_aco,2,7295,76,23,2,0.0,0.0,0.0,0.0,0.09907747060060501,False,False,0.0,0.0,0.0,[],0.0,0.0,0,0.0,0,2.7920000036374404e-06
mlp_aco,2,7295,76,23,3,0.0,0.0,0.0,0.0,0.43936213850975037,False,False,0.0,0.0,0.0,[],0.0,0.0,0,0.0,0,2.7920000036374404e-06
mlp_aco,2,7295,76,23,4,0.0,0.0,0.0,0.0,0.20313307642936707,False,False,0.0,0.0,0.0,[],0.0,0.0,0,0.0,0,2.7920000036374404e-06
mlp_aco,2,7296,77,0,1,42.0,111.0,153.0,0.765,0.9999998211860657,True,True,30.0,123.0,0.0,[1],10.0,10.0,1,10.0,0,0.009755541999993511
mlp_aco,2,7296,77,0,2,0.0,0.0,0.0,0.0,0.09907747060060501,False,False,0.0,0.0,0.0,[],10.0,10.0,1,10.0,0,0.009755541999993511
mlp_aco,2,7296,77,0,3,0.0,0.0,0.0,0.0,0.43936213850975037,False,False,0.0,0.0,0.0,[],10.0,10.0,1,10.0,0,0.009755541999993511
mlp_aco,2,7296,77,0,4,0.0,0.0,0.0,0.0,0.20313307642936707,False,False,0.0,0.0,0.0,[],10.0,10.0,1,10.0,0,0.009755541999993511
mlp_aco,2,7297,77,0,1,42.0,123.0,165.0,0.825,1.0,True,True,30.0,135.0,0.0,[1],10.0,10.0,1,10.0,0,0.009812874999994392
mlp_aco,2,7297,77,0,2,0.0,0.0,0.0,0.0,0.09907747060060501,False,False,0.0,0.0,0.0,[],10.0,10.0,1,10.0,0,0.009812874999994392
mlp_aco,2,7297,77,0,3,0.0,0.0,0.0,0.0,0.43936213850975037,False,False,0.0,0.0,0.0,[],10.0,10.0,1,10.0,0,0.009812874999994392
mlp_aco,2,7297,77,0,4,0.0,0.0,0.0,0.0,0.20313307642936707,False,False,0.0,0.0,0.0,[],10.0,10.0,1,10.0,0,0.009812874999994392
mlp_aco,2,7298,77,0,1,42.0,135.0,177.0,0.885,1.0,True,True,30.0,147.0,0.0,[1],10.0,10.0,1,10.0,0,0.009554250000007869
mlp_aco,2,7298,77,0,2,0.0,0.0,0.0,0.0,0.09907747060060501,False,False,0.0,0.0,0.0,[],10.0,10.0,1,10.0,0,0.009554250000007869
mlp_aco,2,7298,77,0,3,0.0,0.0,0.0,0.0,0.43936213850975037,False,False,0.0,0.0,0.0,[],10.0,10.0,1,10.0,0,0.009554250000007869
mlp_aco,2,7298,77,0,4,0.0,0.0,0.0,0.0,0.20313307642936707,False,False,0.0,0.0,0.0,[],10.0,10.0,1,10.0,0,0.009554250000007869
mlp_aco,2,7299,77,0,1,44.0,147.0,191.0,0.955,1.0,True,True,30.0,161.0,0.0,[1],10.0,10.0,1,10.0,0,0.00953679200000579
mlp_aco,2,7299,77,0,2,0.0,0.0,0.0,0.0,0.09907747060060501,False,False,0.0,0.0,0.0,[],10.0,10.0,1,10.0,0,0.00953679200000579
mlp_aco,2,7299,77,0,3,0.0,0.0,0.0,0.0,0.43936213850975037,False,False,0.0,0.0,0.0,[],10.0,10.0,1,10.0,0,0.00953679200000579
mlp_aco,2,7299,77,0,4,0.0,0.0,0.0,0.0,0.20313307642936707,False,False,0.0,0.0,0.0,[],10.0,10.0,1,10.0,0,0.00953679200000579
mlp_aco,2,7300,77,1,1,42.0,161.0,203.0,1.015,1.0,True,True,30.0,173.0,0.0,[1],10.0,10.0,1,10.0,0,0.009648874999982127
mlp_aco,2,7300,77,1,2,0.0,0.0,0.0,0.0,0.09907747060060501,False,False,0.0,0.0,0.0,[],10.0,10.0,1,10.0,0,0.009648874999982127
mlp_aco,2,7300,77,1,3,0.0,0.0,0.0,0.0,0.43936213850975037,False,False,0.0,0.0,0.0,[],10.0,10.0,1,10.0,0,0.009648874999982127
mlp_aco,2,7300,77,1,4,0.0,0.0,0.0,0.0,0.20313307642936707,False,False,0.0,0.0,0.0,[],10.0,10.0,1,10.0,0,0.009648874999982127
mlp_aco,2,7301,77,1,1,42.0,173.0,215.0,1.075,1.0,True,True,30.0,185.0,0.0,[1],10.0,10.0,1,10.0,0,0.010040209000010236
mlp_aco,2,7301,77,1,2,0.0,0.0,0.0,0.0,0.09907747060060501,False,False,0.0,0.0,0.0,[],10.0,10.0,1,10.0,0,0.010040209000010236
mlp_aco,2,7301,77,1,3,0.0,0.0,0.0,0.0,0.43936213850975037,False,False,0.0,0.0,0.0,[],10.0,10.0,1,10.0,0,0.010040209000010236
mlp_aco,2,7301,77,1,4,0.0,0.0,0.0,0.0,0.20313307642936707,False,False,0.0,0.0,0.0,[],10.0,10.0,1,10.0,0,0.010040209000010236
mlp_aco,2,7302,77,1,1,42.0,185.0,227.0,1.135,1.0,True,True,30.0,197.0,0.0,[1],10.0,10.0,1,10.0,0,0.009985584000020253
mlp_aco,2,7302,77,1,2,0.0,0.0,0.0,0.0,0.09907747060060501,False,False,0.0,0.0,0.0,[],10.0,10.0,1,10.0,0,0.009985584000020253
mlp_aco,2,7302,77,1,3,0.0,0.0,0.0,0.0,0.43936213850975037,False,False,0.0,0.0,0.0,[],10.0,10.0,1,10.0,0,0.009985584000020253
mlp_aco,2,7302,77,1,4,0.0,0.0,0.0,0.0,0.20313307642936707,False,False,0.0,0.0,0.0,[],10.0,10.0,1,10.0,0,0.009985584000020253
mlp_aco,2,7303,77,1,1,44.0,197.0,241.0,1.205,1.0,True,True,30.0,200.0,11.0,[1],10.0,10.0,1,10.0,0,0.009779792000017551
mlp_aco,2,7303,77,1,2,0.0,0.0,0.0,0.0,0.09907747060060501,False,False,0.0,0.0,0.0,[],10.0,10.0,1,10.0,0,0.009779792000017551
mlp_aco,2,7303,77,1,3,0.0,0.0,0.0,0.0,0.43936213850975037,False,False,0.0,0.0,0.0,[],10.0,10.0,1,10.0,0,0.009779792000017551
mlp_aco,2,7303,77,1,4,0.0,0.0,0.0,0.0,0.20313307642936707,False,False,0.0,0.0,0.0,[],10.0,10.0,1,10.0,0,0.009779792000017551
mlp_aco,2,7304,77,2,1,42.0,200.0,242.0,1.21,1.0,True,True,30.0,200.0,12.0,[1],10.0,10.0,1,10.0,0,0.010078208000010136
mlp_aco,2,7304,77,2,2,0.0,0.0,0.0,0.0,0.09907747060060501,False,False,0.0,0.0,0.0,[],10.0,10.0,1,10.0,0,0.010078208000010136
mlp_aco,2,7304,77,2,3,0.0,0.0,0.0,0.0,0.43936213850975037,False,False,0.0,0.0,0.0,[],10.0,10.0,1,10.0,0,0.010078208000010136
mlp_aco,2,7304,77,2,4,0.0,0.0,0.0,0.0,0.20313307642936707,False,False,0.0,0.0,0.0,[],10.0,10.0,1,10.0,0,0.010078208000010136
mlp_aco,2,7305,77,2,1,44.0,200.0,244.0,1.22,1.0,True,True,30.0,200.0,14.0,[1],10.0,10.0,1,10.0,0,0.010332708000021285
mlp_aco,2,7305,77,2,2,0.0,0.0,0.0,0.0,0.09907747060060501,False,False,0.0,0.0,0.0,[],10.0,10.0,1,10.0,0,0.010332708000021285
mlp_aco,2,7305,77,2,3,0.0,0.0,0.0,0.0,0.43936213850975037,False,False,0.0,0.0,0.0,[],10.0,10.0,1,10.0,0,0.010332708000021285
mlp_aco,2,7305,77,2,4,0.0,0.0,0.0,0.0,0.20313307642936707,False,False,0.0,0.0,0.0,[],10.0,10.0,1,10.0,0,0.010332708000021285
mlp_aco,2,7306,77,2,1,44.0,200.0,244.0,1.22,1.0,True,True,30.0,200.0,14.0,[1],10.0,10.0,1,10.0,0,0.009810625000000073
mlp_aco,2,7306,77,2,2,0.0,0.0,0.0,0.0,0.09907747060060501,False,False,0.0,0.0,0.0,[],10.0,10.0,1,10.0,0,0.009810625000000073
mlp_aco,2,7306,77,2,3,0.0,0.0,0.0,0.0,0.43936213850975037,False,False,0.0,0.0,0.0,[],10.0,10.0,1,10.0,0,0.009810625000000073
mlp_aco,2,7306,77,2,4,0.0,0.0,0.0,0.0,0.20313307642936707,False,False,0.0,0.0,0.0,[],10.0,10.0,1,10.0,0,0.009810625000000073
mlp_aco,2,7307,77,2,1,42.0,200.0,242.0,1.21,1.0,True,True,30.0,200.0,12.0,[1],10.0,10.0,1,10.0,0,0.009979958999991823
mlp_aco,2,7307,77,2,2,0.0,0.0,0.0,0.0,0.09907747060060501,False,False,0.0,0.0,0.0,[],10.0,10.0,1,10.0,0,0.009979958999991823
mlp_aco,2,7307,77,2,3,0.0,0.0,0.0,0.0,0.43936213850975037,False,False,0.0,0.0,0.0,[],10.0,10.0,1,10.0,0,0.009979958999991823
mlp_aco,2,7307,77,2,4,0.0,0.0,0.0,0.0,0.20313307642936707,False,False,0.0,0.0,0.0,[],10.0,10.0,1,10.0,0,0.009979958999991823
mlp_aco,2,7308,77,3,1,42.0,200.0,242.0,1.21,1.0,True,True,30.0,200.0,12.0,[1],10.0,10.0,1,10.0,0,0.010252374999993208
mlp_aco,2,7308,77,3,2,0.0,0.0,0.0,0.0,0.09907747060060501,False,False,0.0,0.0,0.0,[],10.0,10.0,1,10.0,0,0.010252374999993208
mlp_aco,2,7308,77,3,3,0.0,0.0,0.0,0.0,0.43936213850975037,False,False,0.0,0.0,0.0,[],10.0,10.0,1,10.0,0,0.010252374999993208
mlp_aco,2,7308,77,3,4,0.0,0.0,0.0,0.0,0.20313307642936707,False,False,0.0,0.0,0.0,[],10.0,10.0,1,10.0,0,0.010252374999993208
mlp_aco,2,7309,77,3,1,39.0,200.0,239.0,1.195,1.0,True,True,30.0,200.0,9.0,[1],10.0,10.0,1,10.0,0,0.009851666999992403
mlp_aco,2,7309,77,3,2,0.0,0.0,0.0,0.0,0.09907747060060501,False,False,0.0,0.0,0.0,[],10.0,10.0,1,10.0,0,0.009851666999992403
mlp_aco,2,7309,77,3,3,0.0,0.0,0.0,0.0,0.43936213850975037,False,False,0.0,0.0,0.0,[],10.0,10.0,1,10.0,0,0.009851666999992403
mlp_aco,2,7309,77,3,4,0.0,0.0,0.0,0.0,0.20313307642936707,False,False,0.0,0.0,0.0,[],10.0,10.0,1,10.0,0,0.009851666999992403
mlp_aco,2,7310,77,3,1,40.0,200.0,240.0,1.2,1.0,True,True,30.0,200.0,10.0,[1],10.0,10.0,1,10.0,0,0.010118874999989202
mlp_aco,2,7310,77,3,2,0.0,0.0,0.0,0.0,0.09907747060060501,False,False,0.0,0.0,0.0,[],10.0,10.0,1,10.0,0,0.010118874999989202
mlp_aco,2,7310,77,3,3,0.0,0.0,0.0,0.0,0.43936213850975037,False,False,0.0,0.0,0.0,[],10.0,10.0,1,10.0,0,0.010118874999989202
mlp_aco,2,7310,77,3,4,0.0,0.0,0.0,0.0,0.20313307642936707,False,False,0.0,0.0,0.0,[],10.0,10.0,1,10.0,0,0.010118874999989202
mlp_aco,2,7311,77,3,1,39.0,200.0,239.0,1.195,1.0,True,True,30.0,200.0,9.0,[1],10.0,10.0,1,10.0,0,0.010078916000026084
mlp_aco,2,7311,77,3,2,0.0,0.0,0.0,0.0,0.09907747060060501,False,False,0.0,0.0,0.0,[],10.0,10.0,1,10.0,0,0.010078916000026084
mlp_aco,2,7311,77,3,3,0.0,0.0,0.0,0.0,0.43936213850975037,False,False,0.0,0.0,0.0,[],10.0,10.0,1,10.0,0,0.010078916000026084
mlp_aco,2,7311,77,3,4,0.0,0.0,0.0,0.0,0.20313307642936707,False,False,0.0,0.0,0.0,[],10.0,10.0,1,10.0,0,0.010078916000026084
mlp_aco,2,7312,77,4,1,38.0,200.0,238.0,1.19,1.0,True,True,30.0,200.0,8.0,[1],10.0,10.0,1,10.0,0,0.00989345899998284
mlp_aco,2,7312,77,4,2,0.0,0.0,0.0,0.0,0.09907747060060501,False,False,0.0,0.0,0.0,[],10.0,10.0,1,10.0,0,0.00989345899998284
mlp_aco,2,7312,77,4,3,0.0,0.0,0.0,0.0,0.43936213850975037,False,False,0.0,0.0,0.0,[],10.0,10.0,1,10.0,0,0.00989345899998284
mlp_aco,2,7312,77,4,4,0.0,0.0,0.0,0.0,0.20313307642936707,False,False,0.0,0.0,0.0,[],10.0,10.0,1,10.0,0,0.00989345899998284
mlp_aco,2,7313,77,4,1,41.0,200.0,241.0,1.205,1.0,True,True,30.0,200.0,11.0,[1],10.0,10.0,1,10.0,0,0.009986582999999882
mlp_aco,2,7313,77,4,2,0.0,0.0,0.0,0.0,0.09907747060060501,False,False,0.0,0.0,0.0,[],10.0,10.0,1,10.0,0,0.009986582999999882
mlp_aco,2,7313,77,4,3,0.0,0.0,0.0,0.0,0.43936213850975037,False,False,0.0,0.0,0.0,[],10.0,10.0,1,10.0,0,0.009986582999999882
mlp_aco,2,7313,77,4,4,0.0,0.0,0.0,0.0,0.20313307642936707,False,False,0.0,0.0,0.0,[],10.0,10.0,1,10.0,0,0.009986582999999882
mlp_aco,2,7314,77,4,1,39.0,200.0,239.0,1.195,1.0,True,True,30.0,200.0,9.0,[1],10.0,10.0,1,10.0,0,0.01006399999999985
mlp_aco,2,7314,77,4,2,0.0,0.0,0.0,0.0,0.09907747060060501,False,False,0.0,0.0,0.0,[],10.0,10.0,1,10.0,0,0.01006399999999985
mlp_aco,2,7314,77,4,3,0.0,0.0,0.0,0.0,0.43936213850975037,False,False,0.0,0.0,0.0,[],10.0,10.0,1,10.0,0,0.01006399999999985
mlp_aco,2,7314,77,4,4,0.0,0.0,0.0,0.0,0.20313307642936707,False,False,0.0,0.0,0.0,[],10.0,10.0,1,10.0,0,0.01006399999999985
mlp_aco,2,7315,77,4,1,39.0,200.0,239.0,1.195,1.0,True,True,30.0,200.0,9.0,[1],10.0,10.0,1,10.0,0,0.009629916999983834
mlp_aco,2,7315,77,4,2,0.0,0.0,0.0,0.0,0.09907747060060501,False,False,0.0,0.0,0.0,[],10.0,10.0,1,10.0,0,0.009629916999983834
mlp_aco,2,7315,77,4,3,0.0,0.0,0.0,0.0,0.43936213850975037,False,False,0.0,0.0,0.0,[],10.0,10.0,1,10.0,0,0.009629916999983834
mlp_aco,2,7315,77,4,4,0.0,0.0,0.0,0.0,0.20313307642936707,False,False,0.0,0.0,0.0,[],10.0,10.0,1,10.0,0,0.009629916999983834
mlp_aco,2,7316,77,5,1,38.0,200.0,238.0,1.19,1.0,True,True,30.0,200.0,8.0,[1],10.0,10.0,1,10.0,0,0.009974416999995128
mlp_aco,2,7316,77,5,2,0.0,0.0,0.0,0.0,0.09907747060060501,False,False,0.0,0.0,0.0,[],10.0,10.0,1,10.0,0,0.009974416999995128
mlp_aco,2,7316,77,5,3,0.0,0.0,0.0,0.0,0.43936213850975037,False,False,0.0,0.0,0.0,[],10.0,10.0,1,10.0,0,0.009974416999995128
mlp_aco,2,7316,77,5,4,0.0,0.0,0.0,0.0,0.20313307642936707,False,False,0.0,0.0,0.0,[],10.0,10.0,1,10.0,0,0.009974416999995128
mlp_aco,2,7317,77,5,1,41.0,200.0,241.0,1.205,1.0,True,True,30.0,200.0,11.0,[1],10.0,10.0,1,10.0,0,0.01008720900000526
mlp_aco,2,7317,77,5,2,0.0,0.0,0.0,0.0,0.09907747060060501,False,False,0.0,0.0,0.0,[],10.0,10.0,1,10.0,0,0.01008720900000526
mlp_aco,2,7317,77,5,3,0.0,0.0,0.0,0.0,0.43936213850975037,False,False,0.0,0.0,0.0,[],10.0,10.0,1,10.0,0,0.01008720900000526
mlp_aco,2,7317,77,5,4,0.0,0.0,0.0,0.0,0.20313307642936707,False,False,0.0,0.0,0.0,[],10.0,10.0,1,10.0,0,0.01008720900000526
mlp_aco,2,7318,77,5,1,38.0,200.0,238.0,1.19,1.0,True,True,30.0,200.0,8.0,[1],10.0,10.0,1,10.0,0,0.009819999999990614
mlp_aco,2,7318,77,5,2,0.0,0.0,0.0,0.0,0.09907747060060501,False,False,0.0,0.0,0.0,[],10.0,10.0,1,10.0,0,0.009819999999990614
mlp_aco,2,7318,77,5,3,0.0,0.0,0.0,0.0,0.43936213850975037,False,False,0.0,0.0,0.0,[],10.0,10.0,1,10.0,0,0.009819999999990614
mlp_aco,2,7318,77,5,4,0.0,0.0,0.0,0.0,0.20313307642936707,False,False,0.0,0.0,0.0,[],10.0,10.0,1,10.0,0,0.009819999999990614
mlp_aco,2,7319,77,5,1,39.0,200.0,239.0,1.195,1.0,True,True,30.0,200.0,9.0,[1],10.0,10.0,1,10.0,0,0.009762915999999677
mlp_aco,2,7319,77,5,2,0.0,0.0,0.0,0.0,0.09907747060060501,False,False,0.0,0.0,0.0,[],10.0,10.0,1,10.0,0,0.009762915999999677
mlp_aco,2,7319,77,5,3,0.0,0.0,0.0,0.0,0.43936213850975037,False,False,0.0,0.0,0.0,[],10.0,10.0,1,10.0,0,0.009762915999999677
mlp_aco,2,7319,77,5,4,0.0,0.0,0.0,0.0,0.20313307642936707,False,False,0.0,0.0,0.0,[],10.0,10.0,1,10.0,0,0.009762915999999677
mlp_aco,2,7320,77,6,1,34.0,200.0,234.0,1.17,1.0,True,True,30.0,200.0,4.0,[1],10.0,10.0,1,10.0,0,0.009805249999999432
mlp_aco,2,7320,77,6,2,0.0,0.0,0.0,0.0,0.09907747060060501,False,False,0.0,0.0,0.0,[],10.0,10.0,1,10.0,0,0.009805249999999432
mlp_aco,2,7320,77,6,3,0.0,0.0,0.0,0.0,0.43936213850975037,False,False,0.0,0.0,0.0,[],10.0,10.0,1,10.0,0,0.009805249999999432
mlp_aco,2,7320,77,6,4,0.0,0.0,0.0,0.0,0.20313307642936707,False,False,0.0,0.0,0.0,[],10.0,10.0,1,10.0,0,0.009805249999999432
mlp_aco,2,7321,77,6,1,27.0,200.0,227.0,1.135,1.0,True,True,30.0,197.0,0.0,[1],10.0,10.0,1,10.0,0,0.009824374999993779
mlp_aco,2,7321,77,6,2,0.0,0.0,0.0,0.0,0.09907747060060501,False,False,0.0,0.0,0.0,[],10.0,10.0,1,10.0,0,0.009824374999993779
mlp_aco,2,7321,77,6,3,0.0,0.0,0.0,0.0,0.43936213850975037,False,False,0.0,0.0,0.0,[],10.0,10.0,1,10.0,0,0.009824374999993779
mlp_aco,2,7321,77,6,4,0.0,0.0,0.0,0.0,0.20313307642936707,False,False,0.0,0.0,0.0,[],10.0,10.0,1,10.0,0,0.009824374999993779
mlp_aco,2,7322,77,6,1,27.0,197.0,224.0,1.12,1.0,True,True,30.0,194.0,0.0,[1],10.0,10.0,1,10.0,0,0.009714041999984602
mlp_aco,2,7322,77,6,2,0.0,0.0,0.0,0.0,0.09907747060060501,False,False,0.0,0.0,0.0,[],10.0,10.0,1,10.0,0,0.009714041999984602
mlp_aco,2,7322,77,6,3,0.0,0.0,0.0,0.0,0.43936213850975037,False,False,0.0,0.0,0.0,[],10.0,10.0,1,10.0,0,0.009714041999984602
mlp_aco,2,7322,77,6,4,0.0,0.0,0.0,0.0,0.20313307642936707,False,False,0.0,0.0,0.0,[],10.0,10.0,1,10.0,0,0.009714041999984602
mlp_aco,2,7323,77,6,1,36.0,194.0,230.0,1.15,1.0,True,True,30.0,200.0,0.0,[1],10.0,10.0,1,10.0,0,0.009650125000007392
mlp_aco,2,7323,77,6,2,0.0,0.0,0.0,0.0,0.09907747060060501,False,False,0.0,0.0,0.0,[],10.0,10.0,1,10.0,0,0.009650125000007392
mlp_aco,2,7323,77,6,3,0.0,0.0,0.0,0.0,0.43936213850975037,False,False,0.0,0.0,0.0,[],10.0,10.0,1,10.0,0,0.009650125000007392
mlp_aco,2,7323,77,6,4,0.0,0.0,0.0,0.0,0.20313307642936707,False,False,0.0,0.0,0.0,[],10.0,10.0,1,10.0,0,0.009650125000007392
mlp_aco,2,7324,77,7,1,41.0,200.0,241.0,1.205,1.0,True,True,30.0,200.0,11.0,[1],10.0,10.0,1,10.0,0,0.00975937500001578
mlp_aco,2,7324,77,7,2,0.0,0.0,0.0,0.0,0.09907747060060501,False,False,0.0,0.0,0.0,[],10.0,10.0,1,10.0,0,0.00975937500001578
mlp_aco,2,7324,77,7,3,0.0,0.0,0.0,0.0,0.43936213850975037,False,False,0.0,0.0,0.0,[],10.0,10.0,1,10.0,0,0.00975937500001578
mlp_aco,2,7324,77,7,4,0.0,0.0,0.0,0.0,0.20313307642936707,False,False,0.0,0.0,0.0,[],10.0,10.0,1,10.0,0,0.00975937500001578
mlp_aco,2,7325,77,7,1,51.0,200.0,251.0,1.255,1.0,True,True,30.0,200.0,21.0,[1],10.0,10.0,1,10.0,0,0.009847249999978658
mlp_aco,2,7325,77,7,2,0.0,0.0,0.0,0.0,0.09907747060060501,False,False,0.0,0.0,0.0,[],10.0,10.0,1,10.0,0,0.009847249999978658
mlp_aco,2,7325,77,7,3,0.0,0.0,0.0,0.0,0.43936213850975037,False,False,0.0,0.0,0.0,[],10.0,10.0,1,10.0,0,0.009847249999978658
mlp_aco,2,7325,77,7,4,0.0,0.0,0.0,0.0,0.20313307642936707,False,False,0.0,0.0,0.0,[],10.0,10.0,1,10.0,0,0.009847249999978658
mlp_aco,2,7326,77,7,1,52.0,200.0,252.0,1.26,1.0,True,True,30.0,200.0,22.0,[1],10.0,10.0,1,10.0,0,0.00974495799999886
mlp_aco,2,7326,77,7,2,0.0,0.0,0.0,0.0,0.09907747060060501,False,False,0.0,0.0,0.0,[],10.0,10.0,1,10.0,0,0.00974495799999886
mlp_aco,2,7326,77,7,3,0.0,0.0,0.0,0.0,0.43936213850975037,False,False,0.0,0.0,0.0,[],10.0,10.0,1,10.0,0,0.00974495799999886
mlp_aco,2,7326,77,7,4,0.0,0.0,0.0,0.0,0.20313307642936707,False,False,0.0,0.0,0.0,[],10.0,10.0,1,10.0,0,0.00974495799999886
mlp_aco,2,7327,77,7,1,53.0,200.0,253.0,1.265,1.0,True,True,30.0,200.0,23.0,[1],10.0,10.0,1,10.0,0,0.009683666000000812
mlp_aco,2,7327,77,7,2,0.0,0.0,0.0,0.0,0.09907747060060501,False,False,0.0,0.0,0.0,[],10.0,10.0,1,10.0,0,0.009683666000000812
mlp_aco,2,7327,77,7,3,0.0,0.0,0.0,0.0,0.43936213850975037,False,False,0.0,0.0,0.0,[],10.0,10.0,1,10.0,0,0.009683666000000812
mlp_aco,2,7327,77,7,4,0.0,0.0,0.0,0.0,0.20313307642936707,False,False,0.0,0.0,0.0,[],10.0,10.0,1,10.0,0,0.009683666000000812
mlp_aco,2,7328,77,8,1,45.0,200.0,245.0,1.225,1.0,True,True,30.0,200.0,15.0,[1],10.0,10.0,1,10.0,0,0.009613708999978599
mlp_aco,2,7328,77,8,2,0.0,0.0,0.0,0.0,0.09907747060060501,False,False,0.0,0.0,0.0,[],10.0,10.0,1,10.0,0,0.009613708999978599
mlp_aco,2,7328,77,8,3,0.0,0.0,0.0,0.0,0.43936213850975037,False,False,0.0,0.0,0.0,[],10.0,10.0,1,10.0,0,0.009613708999978599
mlp_aco,2,7328,77,8,4,0.0,0.0,0.0,0.0,0.20313307642936707,False,False,0.0,0.0,0.0,[],10.0,10.0,1,10.0,0,0.009613708999978599
mlp_aco,2,7329,77,8,1,55.0,200.0,255.0,1.275,1.0,True,True,30.0,200.0,25.0,[1],10.0,10.0,1,10.0,0,0.010217750000009573
mlp_aco,2,7329,77,8,2,0.0,0.0,0.0,0.0,0.09907747060060501,False,False,0.0,0.0,0.0,[],10.0,10.0,1,10.0,0,0.010217750000009573
mlp_aco,2,7329,77,8,3,0.0,0.0,0.0,0.0,0.43936213850975037,False,False,0.0,0.0,0.0,[],10.0,10.0,1,10.0,0,0.010217750000009573
mlp_aco,2,7329,77,8,4,0.0,0.0,0.0,0.0,0.20313307642936707,False,False,0.0,0.0,0.0,[],10.0,10.0,1,10.0,0,0.010217750000009573
mlp_aco,2,7330,77,8,1,57.0,200.0,257.0,1.285,1.0,True,True,30.0,200.0,27.0,[1],10.0,10.0,1,10.0,0,0.010031584000017801
mlp_aco,2,7330,77,8,2,0.0,0.0,0.0,0.0,0.09907747060060501,False,False,0.0,0.0,0.0,[],10.0,10.0,1,10.0,0,0.010031584000017801
mlp_aco,2,7330,77,8,3,0.0,0.0,0.0,0.0,0.43936213850975037,False,False,0.0,0.0,0.0,[],10.0,10.0,1,10.0,0,0.010031584000017801
mlp_aco,2,7330,77,8,4,0.0,0.0,0.0,0.0,0.20313307642936707,False,False,0.0,0.0,0.0,[],10.0,10.0,1,10.0,0,0.010031584000017801
mlp_aco,2,7331,77,8,1,56.0,200.0,256.0,1.28,1.0,True,True,30.0,200.0,26.0,[1],10.0,10.0,1,10.0,0,0.009952790999989247
mlp_aco,2,7331,77,8,2,0.0,0.0,0.0,0.0,0.09907747060060501,False,False,0.0,0.0,0.0,[],10.0,10.0,1,10.0,0,0.009952790999989247
mlp_aco,2,7331,77,8,3,0.0,0.0,0.0,0.0,0.43936213850975037,False,False,0.0,0.0,0.0,[],10.0,10.0,1,10.0,0,0.009952790999989247
mlp_aco,2,7331,77,8,4,0.0,0.0,0.0,0.0,0.20313307642936707,False,False,0.0,0.0,0.0,[],10.0,10.0,1,10.0,0,0.009952790999989247
mlp_aco,2,7332,77,9,1,60.0,200.0,260.0,1.3,1.0,True,True,30.0,200.0,30.0,[1],10.0,10.0,1,10.0,0,0.009953042000006462
mlp_aco,2,7332,77,9,2,0.0,0.0,0.0,0.0,0.09907747060060501,False,False,0.0,0.0,0.0,[],10.0,10.0,1,10.0,0,0.009953042000006462
mlp_aco,2,7332,77,9,3,0.0,0.0,0.0,0.0,0.43936213850975037,False,False,0.0,0.0,0.0,[],10.0,10.0,1,10.0,0,0.009953042000006462
mlp_aco,2,7332,77,9,4,0.0,0.0,0.0,0.0,0.20313307642936707,False,False,0.0,0.0,0.0,[],10.0,10.0,1,10.0,0,0.009953042000006462
mlp_aco,2,7333,77,9,1,69.0,200.0,269.0,1.345,1.0,True,True,30.0,200.0,39.0,[1],10.0,10.0,1,10.0,0,0.009894416000008732
mlp_aco,2,7333,77,9,2,0.0,0.0,0.0,0.0,0.09907747060060501,False,False,0.0,0.0,0.0,[],10.0,10.0,1,10.0,0,0.009894416000008732
mlp_aco,2,7333,77,9,3,0.0,0.0,0.0,0.0,0.43936213850975037,False,False,0.0,0.0,0.0,[],10.0,10.0,1,10.0,0,0.009894416000008732
mlp_aco,2,7333,77,9,4,0.0,0.0,0.0,0.0,0.20313307642936707,False,False,0.0,0.0,0.0,[],10.0,10.0,1,10.0,0,0.009894416000008732
mlp_aco,2,7334,77,9,1,70.0,200.0,270.0,1.35,1.0,True,True,30.0,200.0,40.0,[1],10.0,10.0,1,10.0,0,0.010053666999993993
mlp_aco,2,7334,77,9,2,0.0,0.0,0.0,0.0,0.09907747060060501,False,False,0.0,0.0,0.0,[],10.0,10.0,1,10.0,0,0.010053666999993993
mlp_aco,2,7334,77,9,3,0.0,0.0,0.0,0.0,0.43936213850975037,False,False,0.0,0.0,0.0,[],10.0,10.0,1,10.0,0,0.010053666999993993
mlp_aco,2,7334,77,9,4,0.0,0.0,0.0,0.0,0.20313307642936707,False,False,0.0,0.0,0.0,[],10.0,10.0,1,10.0,0,0.010053666999993993
mlp_aco,2,7335,77,9,1,57.0,200.0,257.0,1.285,1.0,True,True,30.0,200.0,27.0,[1],10.0,10.0,1,10.0,0,0.009737250000000586
mlp_aco,2,7335,77,9,2,0.0,0.0,0.0,0.0,0.09907747060060501,False,False,0.0,0.0,0.0,[],10.0,10.0,1,10.0,0,0.009737250000000586
mlp_aco,2,7335,77,9,3,0.0,0.0,0.0,0.0,0.43936213850975037,False,False,0.0,0.0,0.0,[],10.0,10.0,1,10.0,0,0.009737250000000586
mlp_aco,2,7335,77,9,4,0.0,0.0,0.0,0.0,0.20313307642936707,False,False,0.0,0.0,0.0,[],10.0,10.0,1,10.0,0,0.009737250000000586
mlp_aco,2,7336,77,10,1,51.0,200.0,251.0,1.255,1.0,True,True,30.0,200.0,21.0,[1],10.0,10.0,1,10.0,0,0.010076249999997344
mlp_aco,2,7336,77,10,2,0.0,0.0,0.0,0.0,0.09907747060060501,False,False,0.0,0.0,0.0,[],10.0,10.0,1,10.0,0,0.010076249999997344
mlp_aco,2,7336,77,10,3,0.0,0.0,0.0,0.0,0.43936213850975037,False,False,0.0,0.0,0.0,[],10.0,10.0,1,10.0,0,0.010076249999997344
mlp_aco,2,7336,77,10,4,0.0,0.0,0.0,0.0,0.20313307642936707,False,False,0.0,0.0,0.0,[],10.0,10.0,1,10.0,0,0.010076249999997344
mlp_aco,2,7337,77,10,1,50.0,200.0,250.0,1.25,1.0,True,True,30.0,200.0,20.0,[1],10.0,10.0,1,10.0,0,0.010056166999987681
mlp_aco,2,7337,77,10,2,0.0,0.0,0.0,0.0,0.09907747060060501,False,False,0.0,0.0,0.0,[],10.0,10.0,1,10.0,0,0.010056166999987681
mlp_aco,2,7337,77,10,3,0.0,0.0,0.0,0.0,0.43936213850975037,False,False,0.0,0.0,0.0,[],10.0,10.0,1,10.0,0,0.010056166999987681
mlp_aco,2,7337,77,10,4,0.0,0.0,0.0,0.0,0.20313307642936707,False,False,0.0,0.0,0.0,[],10.0,10.0,1,10.0,0,0.010056166999987681
mlp_aco,2,7338,77,10,1,49.0,200.0,249.0,1.245,1.0,True,True,30.0,200.0,19.0,[1],10.0,10.0,1,10.0,0,0.009938000000005331
mlp_aco,2,7338,77,10,2,0.0,0.0,0.0,0.0,0.09907747060060501,False,False,0.0,0.0,0.0,[],10.0,10.0,1,10.0,0,0.009938000000005331
mlp_aco,2,7338,77,10,3,0.0,0.0,0.0,0.0,0.43936213850975037,False,False,0.0,0.0,0.0,[],10.0,10.0,1,10.0,0,0.009938000000005331
mlp_aco,2,7338,77,10,4,0.0,0.0,0.0,0.0,0.20313307642936707,False,False,0.0,0.0,0.0,[],10.0,10.0,1,10.0,0,0.009938000000005331
mlp_aco,2,7339,77,10,1,49.0,200.0,249.0,1.245,1.0,True,True,30.0,200.0,19.0,[1],10.0,10.0,1,10.0,0,0.009665374999997312
mlp_aco,2,7339,77,10,2,0.0,0.0,0.0,0.0,0.09907747060060501,False,False,0.0,0.0,0.0,[],10.0,10.0,1,10.0,0,0.009665374999997312
mlp_aco,2,7339,77,10,3,0.0,0.0,0.0,0.0,0.43936213850975037,False,False,0.0,0.0,0.0,[],10.0,10.0,1,10.0,0,0.009665374999997312
mlp_aco,2,7339,77,10,4,0.0,0.0,0.0,0.0,0.20313307642936707,False,False,0.0,0.0,0.0,[],10.0,10.0,1,10.0,0,0.009665374999997312
mlp_aco,2,7340,77,11,1,49.0,200.0,249.0,1.245,1.0,True,True,30.0,200.0,19.0,[1],10.0,10.0,1,10.0,0,0.009953790999986722
mlp_aco,2,7340,77,11,2,0.0,0.0,0.0,0.0,0.09907747060060501,False,False,0.0,0.0,0.0,[],10.0,10.0,1,10.0,0,0.009953790999986722
mlp_aco,2,7340,77,11,3,0.0,0.0,0.0,0.0,0.43936213850975037,False,False,0.0,0.0,0.0,[],10.0,10.0,1,10.0,0,0.009953790999986722
mlp_aco,2,7340,77,11,4,0.0,0.0,0.0,0.0,0.20313307642936707,False,False,0.0,0.0,0.0,[],10.0,10.0,1,10.0,0,0.009953790999986722
mlp_aco,2,7341,77,11,1,42.0,200.0,242.0,1.21,1.0,True,True,30.0,200.0,12.0,[1],10.0,10.0,1,10.0,0,0.009966291000012006
mlp_aco,2,7341,77,11,2,0.0,0.0,0.0,0.0,0.09907747060060501,False,False,0.0,0.0,0.0,[],10.0,10.0,1,10.0,0,0.009966291000012006
mlp_aco,2,7341,77,11,3,0.0,0.0,0.0,0.0,0.43936213850975037,False,False,0.0,0.0,0.0,[],10.0,10.0,1,10.0,0,0.009966291000012006
mlp_aco,2,7341,77,11,4,0.0,0.0,0.0,0.0,0.20313307642936707,False,False,0.0,0.0,0.0,[],10.0,10.0,1,10.0,0,0.009966291000012006
mlp_aco,2,7342,77,11,1,42.0,200.0,242.0,1.21,1.0,True,True,30.0,200.0,12.0,[1],10.0,10.0,1,10.0,0,0.009946541999994452
mlp_aco,2,7342,77,11,2,0.0,0.0,0.0,0.0,0.09907747060060501,False,False,0.0,0.0,0.0,[],10.0,10.0,1,10.0,0,0.009946541999994452
mlp_aco,2,7342,77,11,3,0.0,0.0,0.0,0.0,0.43936213850975037,False,False,0.0,0.0,0.0,[],10.0,10.0,1,10.0,0,0.009946541999994452
mlp_aco,2,7342,77,11,4,0.0,0.0,0.0,0.0,0.20313307642936707,False,False,0.0,0.0,0.0,[],10.0,10.0,1,10.0,0,0.009946541999994452
mlp_aco,2,7343,77,11,1,41.0,200.0,241.0,1.205,1.0,True,True,30.0,200.0,11.0,[1],10.0,10.0,1,10.0,0,0.009882666999999401
mlp_aco,2,7343,77,11,2,0.0,0.0,0.0,0.0,0.09907747060060501,False,False,0.0,0.0,0.0,[],10.0,10.0,1,10.0,0,0.009882666999999401
mlp_aco,2,7343,77,11,3,0.0,0.0,0.0,0.0,0.43936213850975037,False,False,0.0,0.0,0.0,[],10.0,10.0,1,10.0,0,0.009882666999999401
mlp_aco,2,7343,77,11,4,0.0,0.0,0.0,0.0,0.20313307642936707,False,False,0.0,0.0,0.0,[],10.0,10.0,1,10.0,0,0.009882666999999401
mlp_aco,2,7344,77,12,1,41.0,200.0,241.0,1.205,1.0,True,True,30.0,200.0,11.0,[1],10.0,10.0,1,10.0,0,0.00986241600000426
mlp_aco,2,7344,77,12,2,0.0,0.0,0.0,0.0,0.09907747060060501,False,False,0.0,0.0,0.0,[],10.0,10.0,1,10.0,0,0.00986241600000426
mlp_aco,2,7344,77,12,3,0.0,0.0,0.0,0.0,0.43936213850975037,False,False,0.0,0.0,0.0,[],10.0,10.0,1,10.0,0,0.00986241600000426
mlp_aco,2,7344,77,12,4,0.0,0.0,0.0,0.0,0.20313307642936707,False,False,0.0,0.0,0.0,[],10.0,10.0,1,10.0,0,0.00986241600000426
mlp_aco,2,7345,77,12,1,40.0,200.0,240.0,1.2,1.0,True,True,30.0,200.0,10.0,[1],10.0,10.0,1,10.0,0,0.009820499999989352
mlp_aco,2,7345,77,12,2,0.0,0.0,0.0,0.0,0.09907747060060501,False,False,0.0,0.0,0.0,[],10.0,10.0,1,10.0,0,0.009820499999989352
mlp_aco,2,7345,77,12,3,0.0,0.0,0.0,0.0,0.43936213850975037,False,False,0.0,0.0,0.0,[],10.0,10.0,1,10.0,0,0.009820499999989352
mlp_aco,2,7345,77,12,4,0.0,0.0,0.0,0.0,0.20313307642936707,False,False,0.0,0.0,0.0,[],10.0,10.0,1,10.0,0,0.009820499999989352
mlp_aco,2,7346,77,12,1,37.0,200.0,237.0,1.185,1.0,True,True,30.0,200.0,7.0,[1],10.0,10.0,1,10.0,0,0.009778459000017392
mlp_aco,2,7346,77,12,2,0.0,0.0,0.0,0.0,0.09907747060060501,False,False,0.0,0.0,0.0,[],10.0,10.0,1,10.0,0,0.009778459000017392
mlp_aco,2,7346,77,12,3,0.0,0.0,0.0,0.0,0.43936213850975037,False,False,0.0,0.0,0.0,[],10.0,10.0,1,10.0,0,0.009778459000017392
mlp_aco,2,7346,77,12,4,0.0,0.0,0.0,0.0,0.20313307642936707,False,False,0.0,0.0,0.0,[],10.0,10.0,1,10.0,0,0.009778459000017392
mlp_aco,2,7347,77,12,1,33.0,200.0,233.0,1.165,1.0,True,True,30.0,200.0,3.0,[1],10.0,10.0,1,10.0,0,0.009794416999994837
mlp_aco,2,7347,77,12,2,0.0,0.0,0.0,0.0,0.09907747060060501,False,False,0.0,0.0,0.0,[],10.0,10.0,1,10.0,0,0.009794416999994837
mlp_aco,2,7347,77,12,3,0.0,0.0,0.0,0.0,0.43936213850975037,False,False,0.0,0.0,0.0,[],10.0,10.0,1,10.0,0,0.009794416999994837
mlp_aco,2,7347,77,12,4,0.0,0.0,0.0,0.0,0.20313307642936707,False,False,0.0,0.0,0.0,[],10.0,10.0,1,10.0,0,0.009794416999994837
mlp_aco,2,7348,77,13,1,29.0,200.0,229.0,1.145,1.0,True,True,30.0,199.0,0.0,[1],10.0,10.0,1,10.0,0,0.010104000000012547
mlp_aco,2,7348,77,13,2,0.0,0.0,0.0,0.0,0.09907747060060501,False,False,0.0,0.0,0.0,[],10.0,10.0,1,10.0,0,0.010104000000012547
mlp_aco,2,7348,77,13,3,0.0,0.0,0.0,0.0,0.43936213850975037,False,False,0.0,0.0,0.0,[],10.0,10.0,1,10.0,0,0.010104000000012547
mlp_aco,2,7348,77,13,4,0.0,0.0,0.0,0.0,0.20313307642936707,False,False,0.0,0.0,0.0,[],10.0,10.0,1,10.0,0,0.010104000000012547
mlp_aco,2,7349,77,13,1,15.0,199.0,214.0,1.07,1.0,True,True,30.0,184.0,0.0,[1],10.0,10.0,1,10.0,0,0.010072958999984394
mlp_aco,2,7349,77,13,2,0.0,0.0,0.0,0.0,0.09907747060060501,False,False,0.0,0.0,0.0,[],10.0,10.0,1,10.0,0,0.010072958999984394
mlp_aco,2,7349,77,13,3,0.0,0.0,0.0,0.0,0.43936213850975037,False,False,0.0,0.0,0.0,[],10.0,10.0,1,10.0,0,0.010072958999984394
mlp_aco,2,7349,77,13,4,0.0,0.0,0.0,0.0,0.20313307642936707,False,False,0.0,0.0,0.0,[],10.0,10.0,1,10.0,0,0.010072958999984394
mlp_aco,2,7350,77,13,1,14.0,184.0,198.0,0.99,1.0,True,True,30.0,168.0,0.0,[1],10.0,10.0,1,10.0,0,0.009973666999997022
mlp_aco,2,7350,77,13,2,0.0,0.0,0.0,0.0,0.09907747060060501,False,False,0.0,0.0,0.0,[],10.0,10.0,1,10.0,0,0.009973666999997022
mlp_aco,2,7350,77,13,3,0.0,0.0,0.0,0.0,0.43936213850975037,False,False,0.0,0.0,0.0,[],10.0,10.0,1,10.0,0,0.009973666999997022
mlp_aco,2,7350,77,13,4,0.0,0.0,0.0,0.0,0.20313307642936707,False,False,0.0,0.0,0.0,[],10.0,10.0,1,10.0,0,0.009973666999997022
mlp_aco,2,7351,77,13,1,14.0,168.0,182.0,0.91,0.9999985098838806,True,True,30.0,152.0,0.0,[1],10.0,10.0,1,10.0,0,0.010082457999999406
mlp_aco,2,7351,77,13,2,0.0,0.0,0.0,0.0,0.09907747060060501,False,False,0.0,0.0,0.0,[],10.0,10.0,1,10.0,0,0.010082457999999406
mlp_aco,2,7351,77,13,3,0.0,0.0,0.0,0.0,0.43936213850975037,False,False,0.0,0.0,0.0,[],10.0,10.0,1,10.0,0,0.010082457999999406
mlp_aco,2,7351,77,13,4,0.0,0.0,0.0,0.0,0.20313307642936707,False,False,0.0,0.0,0.0,[],10.0,10.0,1,10.0,0,0.010082457999999406
mlp_aco,2,7352,77,14,1,13.0,152.0,165.0,0.825,0.9998015761375427,True,True,30.0,135.0,0.0,[1],10.0,10.0,1,10.0,0,0.009921499999990147
mlp_aco,2,7352,77,14,2,0.0,0.0,0.0,0.0,0.09907747060060501,False,False,0.0,0.0,0.0,[],10.0,10.0,1,10.0,0,0.009921499999990147
mlp_aco,2,7352,77,14,3,0.0,0.0,0.0,0.0,0.43936213850975037,False,False,0.0,0.0,0.0,[],10.0,10.0,1,10.0,0,0.009921499999990147
mlp_aco,2,7352,77,14,4,0.0,0.0,0.0,0.0,0.20313307642936707,False,False,0.0,0.0,0.0,[],10.0,10.0,1,10.0,0,0.009921499999990147
mlp_aco,2,7353,77,14,1,14.0,135.0,149.0,0.745,0.9961974024772644,True,True,30.0,119.0,0.0,[1],10.0,10.0,1,10.0,0,0.009861000000000786
mlp_aco,2,7353,77,14,2,0.0,0.0,0.0,0.0,0.09907747060060501,False,False,0.0,0.0,0.0,[],10.0,10.0,1,10.0,0,0.009861000000000786
mlp_aco,2,7353,77,14,3,0.0,0.0,0.0,0.0,0.43936213850975037,False,False,0.0,0.0,0.0,[],10.0,10.0,1,10.0,0,0.009861000000000786
mlp_aco,2,7353,77,14,4,0.0,0.0,0.0,0.0,0.20313307642936707,False,False,0.0,0.0,0.0,[],10.0,10.0,1,10.0,0,0.009861000000000786
mlp_aco,2,7354,77,14,1,14.0,119.0,133.0,0.665,0.9793504476547241,True,True,30.0,103.0,0.0,[1],10.0,10.0,1,10.0,0,0.009613458000018227
mlp_aco,2,7354,77,14,2,0.0,0.0,0.0,0.0,0.09907747060060501,False,False,0.0,0.0,0.0,[],10.0,10.0,1,10.0,0,0.009613458000018227
mlp_aco,2,7354,77,14,3,0.0,0.0,0.0,0.0,0.43936213850975037,False,False,0.0,0.0,0.0,[],10.0,10.0,1,10.0,0,0.009613458000018227
mlp_aco,2,7354,77,14,4,0.0,0.0,0.0,0.0,0.20313307642936707,False,False,0.0,0.0,0.0,[],10.0,10.0,1,10.0,0,0.009613458000018227
mlp_aco,2,7355,77,14,1,14.0,103.0,117.0,0.585,0.9093906283378601,True,True,30.0,87.0,0.0,[1],10.0,10.0,1,10.0,0,0.009821750000014617
mlp_aco,2,7355,77,14,2,0.0,0.0,0.0,0.0,0.09907747060060501,False,False,0.0,0.0,0.0,[],10.0,10.0,1,10.0,0,0.009821750000014617
mlp_aco,2,7355,77,14,3,0.0,0.0,0.0,0.0,0.43936213850975037,False,False,0.0,0.0,0.0,[],10.0,10.0,1,10.0,0,0.009821750000014617
mlp_aco,2,7355,77,14,4,0.0,0.0,0.0,0.0,0.20313307642936707,False,False,0.0,0.0,0.0,[],10.0,10.0,1,10.0,0,0.009821750000014617
mlp_aco,2,7356,77,15,1,14.0,87.0,101.0,0.505,0.7557514905929565,True,True,30.0,71.0,0.0,[1],10.0,10.0,1,10.0,0,0.009814167000001817
mlp_aco,2,7356,77,15,2,0.0,0.0,0.0,0.0,0.09907747060060501,False,False,0.0,0.0,0.0,[],10.0,10.0,1,10.0,0,0.009814167000001817
mlp_aco,2,7356,77,15,3,0.0,0.0,0.0,0.0,0.43936213850975037,False,False,0.0,0.0,0.0,[],10.0,10.0,1,10.0,0,0.009814167000001817
mlp_aco,2,7356,77,15,4,0.0,0.0,0.0,0.0,0.20313307642936707,False,False,0.0,0.0,0.0,[],10.0,10.0,1,10.0,0,0.009814167000001817
mlp_aco,2,7357,77,15,1,14.0,71.0,85.0,0.425,0.5902342796325684,False,False,0.0,85.0,0.0,[],0.0,0.0,0,0.0,0,3.084000013586774e-06
mlp_aco,2,7357,77,15,2,0.0,0.0,0.0,0.0,0.09907747060060501,False,False,0.0,0.0,0.0,[],0.0,0.0,0,0.0,0,3.084000013586774e-06
mlp_aco,2,7357,77,15,3,0.0,0.0,0.0,0.0,0.43936213850975037,False,False,0.0,0.0,0.0,[],0.0,0.0,0,0.0,0,3.084000013586774e-06
mlp_aco,2,7357,77,15,4,0.0,0.0,0.0,0.0,0.20313307642936707,False,False,0.0,0.0,0.0,[],0.0,0.0,0,0.0,0,3.084000013586774e-06
mlp_aco,2,7358,77,15,1,13.0,85.0,98.0,0.49,0.6330644488334656,False,False,0.0,98.0,0.0,[],0.0,0.0,0,0.0,0,3.375000005689799e-06
mlp_aco,2,7358,77,15,2,0.0,0.0,0.0,0.0,0.09907747060060501,False,False,0.0,0.0,0.0,[],0.0,0.0,0,0.0,0,3.375000005689799e-06
mlp_aco,2,7358,77,15,3,0.0,0.0,0.0,0.0,0.43936213850975037,False,False,0.0,0.0,0.0,[],0.0,0.0,0,0.0,0,3.375000005689799e-06
mlp_aco,2,7358,77,15,4,0.0,0.0,0.0,0.0,0.20313307642936707,False,False,0.0,0.0,0.0,[],0.0,0.0,0,0.0,0,3.375000005689799e-06
mlp_aco,2,7359,77,15,1,14.0,98.0,112.0,0.56,0.868669331073761,True,True,30.0,82.0,0.0,[1],10.0,10.0,1,10.0,0,0.010007125000015549
mlp_aco,2,7359,77,15,2,0.0,0.0,0.0,0.0,0.09907747060060501,False,False,0.0,0.0,0.0,[],10.0,10.0,1,10.0,0,0.010007125000015549
mlp_aco,2,7359,77,15,3,0.0,0.0,0.0,0.0,0.43936213850975037,False,False,0.0,0.0,0.0,[],10.0,10.0,1,10.0,0,0.010007125000015549
mlp_aco,2,7359,77,15,4,0.0,0.0,0.0,0.0,0.20313307642936707,False,False,0.0,0.0,0.0,[],10.0,10.0,1,10.0,0,0.010007125000015549
mlp_aco,2,7360,77,16,1,14.0,82.0,96.0,0.48,0.700477659702301,True,True,30.0,66.0,0.0,[1],10.0,10.0,1,10.0,0,0.009724541999986513
mlp_aco,2,7360,77,16,2,0.0,0.0,0.0,0.0,0.09907747060060501,False,False,0.0,0.0,0.0,[],10.0,10.0,1,10.0,0,0.009724541999986513
mlp_aco,2,7360,77,16,3,0.0,0.0,0.0,0.0,0.43936213850975037,False,False,0.0,0.0,0.0,[],10.0,10.0,1,10.0,0,0.009724541999986513
mlp_aco,2,7360,77,16,4,0.0,0.0,0.0,0.0,0.20313307642936707,False,False,0.0,0.0,0.0,[],10.0,10.0,1,10.0,0,0.009724541999986513
mlp_aco,2,7361,77,16,1,14.0,66.0,80.0,0.4,0.5509558916091919,False,False,0.0,80.0,0.0,[],0.0,0.0,0,0.0,0,3.5840000123243954e-06
mlp_aco,2,7361,77,16,2,0.0,0.0,0.0,0.0,0.09907747060060501,False,False,0.0,0.0,0.0,[],0.0,0.0,0,0.0,0,3.5840000123243954e-06
mlp_aco,2,7361,77,16,3,0.0,0.0,0.0,0.0,0.43936213850975037,False,False,0.0,0.0,0.0,[],0.0,0.0,0,0.0,0,3.5840000123243954e-06
mlp_aco,2,7361,77,16,4,0.0,0.0,0.0,0.0,0.20313307642936707,False,False,0.0,0.0,0.0,[],0.0,0.0,0,0.0,0,3.5840000123243954e-06
mlp_aco,2,7362,77,16,1,14.0,80.0,94.0,0.47,0.6738767623901367,False,False,0.0,94.0,0.0,[],0.0,0.0,0,0.0,0,2.1670000194262684e-06
mlp_aco,2,7362,77,16,2,0.0,0.0,0.0,0.0,0.09907747060060501,False,False,0.0,0.0,0.0,[],0.0,0.0,0,0.0,0,2.1670000194262684e-06
mlp_aco,2,7362,77,16,3,0.0,0.0,0.0,0.0,0.43936213850975037,False,False,0.0,0.0,0.0,[],0.0,0.0,0,0.0,0,2.1670000194262684e-06
mlp_aco,2,7362,77,16,4,0.0,0.0,0.0,0.0,0.20313307642936707,False,False,0.0,0.0,0.0,[],0.0,0.0,0,0.0,0,2.1670000194262684e-06
mlp_aco,2,7363,77,16,1,14.0,94.0,108.0,0.54,0.8281716108322144,True,True,30.0,78.0,0.0,[1],10.0,10.0,1,10.0,0,0.00980375000000322
mlp_aco,2,7363,77,16,2,0.0,0.0,0.0,0.0,0.09907747060060501,False,False,0.0,0.0,0.0,[],10.0,10.0,1,10.0,0,0.00980375000000322
mlp_aco,2,7363,77,16,3,0.0,0.0,0.0,0.0,0.43936213850975037,False,False,0.0,0.0,0.0,[],10.0,10.0,1,10.0,0,0.00980375000000322
mlp_aco,2,7363,77,16,4,0.0,0.0,0.0,0.0,0.20313307642936707,False,False,0.0,0.0,0.0,[],10.0,10.0,1,10.0,0,0.00980375000000322
mlp_aco,2,7364,77,17,1,14.0,78.0,92.0,0.46,0.6558974385261536,False,False,0.0,92.0,0.0,[],0.0,0.0,0,0.0,0,3.500000019585059e-06
mlp_aco,2,7364,77,17,2,0.0,0.0,0.0,0.0,0.09907747060060501,False,False,0.0,0.0,0.0,[],0.0,0.0,0,0.0,0,3.500000019585059e-06
mlp_aco,2,7364,77,17,3,0.0,0.0,0.0,0.0,0.43936213850975037,False,False,0.0,0.0,0.0,[],0.0,0.0,0,0.0,0,3.500000019585059e-06
mlp_aco,2,7364,77,17,4,0.0,0.0,0.0,0.0,0.20313307642936707,False,False,0.0,0.0,0.0,[],0.0,0.0,0,0.0,0,3.500000019585059e-06
mlp_aco,2,7365,77,17,1,13.0,92.0,105.0,0.525,0.7137433290481567,True,True,30.0,75.0,0.0,[1],10.0,10.0,1,10.0,0,0.009985290999992458
mlp_aco,2,7365,77,17,2,0.0,0.0,0.0,0.0,0.09907747060060501,False,False,0.0,0.0,0.0,[],10.0,10.0,1,10.0,0,0.009985290999992458
mlp_aco,2,7365,77,17,3,0.0,0.0,0.0,0.0,0.43936213850975037,False,False,0.0,0.0,0.0,[],10.0,10.0,1,10.0,0,0.009985290999992458
mlp_aco,2,7365,77,17,4,0.0,0.0,0.0,0.0,0.20313307642936707,False,False,0.0,0.0,0.0,[],10.0,10.0,1,10.0,0,0.009985290999992458
mlp_aco,2,7366,77,17,1,14.0,75.0,89.0,0.445,0.6353377103805542,False,False,0.0,89.0,0.0,[],0.0,0.0,0,0.0,0,3.332999995109276e-06
mlp_aco,2,7366,77,17,2,0.0,0.0,0.0,0.0,0.09907747060060501,False,False,0.0,0.0,0.0,[],0.0,0.0,0,0.0,0,3.332999995109276e-06
mlp_aco,2,7366,77,17,3,0.0,0.0,0.0,0.0,0.43936213850975037,False,False,0.0,0.0,0.0,[],0.0,0.0,0,0.0,0,3.332999995109276e-06
mlp_aco,2,7366,77,17,4,0.0,0.0,0.0,0.0,0.20313307642936707,False,False,0.0,0.0,0.0,[],0.0,0.0,0,0.0,0,3.332999995109276e-06
mlp_aco,2,7367,77,17,1,14.0,89.0,103.0,0.515,0.7794575095176697,True,True,30.0,73.0,0.0,[1],10.0,10.0,1,10.0,0,0.009934417000010853
mlp_aco,2,7367,77,17,2,0.0,0.0,0.0,0.0,0.09907747060060501,False,False,0.0,0.0,0.0,[],10.0,10.0,1,10.0,0,0.009934417000010853
mlp_aco,2,7367,77,17,3,0.0,0.0,0.0,0.0,0.43936213850975037,False,False,0.0,0.0,0.0,[],10.0,10.0,1,10.0,0,0.009934417000010853
mlp_aco,2,7367,77,17,4,0.0,0.0,0.0,0.0,0.20313307642936707,False,False,0.0,0.0,0.0,[],10.0,10.0,1,10.0,0,0.009934417000010853
mlp_aco,2,7368,77,18,1,14.0,73.0,87.0,0.435,0.6164926886558533,False,False,0.0,87.0,0.0,[],0.0,0.0,0,0.0,0,2.750000021478627e-06
mlp_aco,2,7368,77,18,2,0.0,0.0,0.0,0.0,0.09907747060060501,False,False,0.0,0.0,0.0,[],0.0,0.0,0,0.0,0,2.750000021478627e-06
mlp_aco,2,7368,77,18,3,0.0,0.0,0.0,0.0,0.43936213850975037,False,False,0.0,0.0,0.0,[],0.0,0.0,0,0.0,0,2.750000021478627e-06
mlp_aco,2,7368,77,18,4,0.0,0.0,0.0,0.0,0.20313307642936707,False,False,0.0,0.0,0.0,[],0.0,0.0,0,0.0,0,2.750000021478627e-06
mlp_aco,2,7369,77,18,1,14.0,87.0,101.0,0.505,0.7557514905929565,True,True,30.0,71.0,0.0,[1],10.0,10.0,1,10.0,0,0.009736042000014322
mlp_aco,2,7369,77,18,2,0.0,0.0,0.0,0.0,0.09907747060060501,False,False,0.0,0.0,0.0,[],10.0,10.0,1,10.0,0,0.009736042000014322
mlp_aco,2,7369,77,18,3,0.0,0.0,0.0,0.0,0.43936213850975037,False,False,0.0,0.0,0.0,[],10.0,10.0,1,10.0,0,0.009736042000014322
mlp_aco,2,7369,77,18,4,0.0,0.0,0.0,0.0,0.20313307642936707,False,False,0.0,0.0,0.0,[],10.0,10.0,1,10.0,0,0.009736042000014322
mlp_aco,2,7370,77,18,1,14.0,71.0,85.0,0.425,0.5902342796325684,False,False,0.0,85.0,0.0,[],0.0,0.0,0,0.0,0,2.625000007583367e-06
mlp_aco,2,7370,77,18,2,0.0,0.0,0.0,0.0,0.09907747060060501,False,False,0.0,0.0,0.0,[],0.0,0.0,0,0.0,0,2.625000007583367e-06
mlp_aco,2,7370,77,18,3,0.0,0.0,0.0,0.0,0.43936213850975037,False,False,0.0,0.0,0.0,[],0.0,0.0,0,0.0,0,2.625000007583367e-06
mlp_aco,2,7370,77,18,4,0.0,0.0,0.0,0.0,0.20313307642936707,False,False,0.0,0.0,0.0,[],0.0,0.0,0,0.0,0,2.625000007583367e-06
mlp_aco,2,7371,77,18,1,13.0,85.0,98.0,0.49,0.6330644488334656,False,False,0.0,98.0,0.0,[],0.0,0.0,0,0.0,0,1.958000012791672e-06
mlp_aco,2,7371,77,18,2,0.0,0.0,0.0,0.0,0.09907747060060501,False,False,0.0,0.0,0.0,[],0.0,0.0,0,0.0,0,1.958000012791672e-06
mlp_aco,2,7371,77,18,3,0.0,0.0,0.0,0.0,0.43936213850975037,False,False,0.0,0.0,0.0,[],0.0,0.0,0,0.0,0,1.958000012791672e-06
mlp_aco,2,7371,77,18,4,0.0,0.0,0.0,0.0,0.20313307642936707,False,False,0.0,0.0,0.0,[],0.0,0.0,0,0.0,0,1.958000012791672e-06
mlp_aco,2,7372,77,19,1,14.0,98.0,112.0,0.56,0.868669331073761,True,True,30.0,82.0,0.0,[1],10.0,10.0,1,10.0,0,0.00970895899999391
mlp_aco,2,7372,77,19,2,0.0,0.0,0.0,0.0,0.09907747060060501,False,False,0.0,0.0,0.0,[],10.0,10.0,1,10.0,0,0.00970895899999391
mlp_aco,2,7372,77,19,3,0.0,0.0,0.0,0.0,0.43936213850975037,False,False,0.0,0.0,0.0,[],10.0,10.0,1,10.0,0,0.00970895899999391
mlp_aco,2,7372,77,19,4,0.0,0.0,0.0,0.0,0.20313307642936707,False,False,0.0,0.0,0.0,[],10.0,10.0,1,10.0,0,0.00970895899999391
mlp_aco,2,7373,77,19,1,14.0,82.0,96.0,0.48,0.700477659702301,True,True,30.0,66.0,0.0,[1],10.0,10.0,1,10.0,0,0.009787791999997353
mlp_aco,2,7373,77,19,2,0.0,0.0,0.0,0.0,0.09907747060060501,False,False,0.0,0.0,0.0,[],10.0,10.0,1,10.0,0,0.009787791999997353
mlp_aco,2,7373,77,19,3,0.0,0.0,0.0,0.0,0.43936213850975037,False,False,0.0,0.0,0.0,[],10.0,10.0,1,10.0,0,0.009787791999997353
mlp_aco,2,7373,77,19,4,0.0,0.0,0.0,0.0,0.20313307642936707,False,False,0.0,0.0,0.0,[],10.0,10.0,1,10.0,0,0.009787791999997353
mlp_aco,2,7374,77,19,1,14.0,66.0,80.0,0.4,0.5509558916091919,False,False,0.0,80.0,0.0,[],0.0,0.0,0,0.0,0,2.9580000102669146e-06
mlp_aco,2,7374,77,19,2,0.0,0.0,0.0,0.0,0.09907747060060501,False,False,0.0,0.0,0.0,[],0.0,0.0,0,0.0,0,2.9580000102669146e-06
mlp_aco,2,7374,77,19,3,0.0,0.0,0.0,0.0,0.43936213850975037,False,False,0.0,0.0,0.0,[],0.0,0.0,0,0.0,0,2.9580000102669146e-06
mlp_aco,2,7374,77,19,4,0.0,0.0,0.0,0.0,0.20313307642936707,False,False,0.0,0.0,0.0,[],0.0,0.0,0,0.0,0,2.9580000102669146e-06
mlp_aco,2,7375,77,19,1,14.0,80.0,94.0,0.47,0.6738767623901367,False,False,0.0,94.0,0.0,[],0.0,0.0,0,0.0,0,2.791000014212841e-06
mlp_aco,2,7375,77,19,2,0.0,0.0,0.0,0.0,0.09907747060060501,False,False,0.0,0.0,0.0,[],0.0,0.0,0,0.0,0,2.791000014212841e-06
mlp_aco,2,7375,77,19,3,0.0,0.0,0.0,0.0,0.43936213850975037,False,False,0.0,0.0,0.0,[],0.0,0.0,0,0.0,0,2.791000014212841e-06
mlp_aco,2,7375,77,19,4,0.0,0.0,0.0,0.0,0.20313307642936707,False,False,0.0,0.0,0.0,[],0.0,0.0,0,0.0,0,2.791000014212841e-06
mlp_aco,2,7376,77,20,1,14.0,94.0,108.0,0.54,0.8281716108322144,True,True,30.0,78.0,0.0,[1],10.0,10.0,1,10.0,0,0.01003591599999254
mlp_aco,2,7376,77,20,2,0.0,0.0,0.0,0.0,0.09907747060060501,False,False,0.0,0.0,0.0,[],10.0,10.0,1,10.0,0,0.01003591599999254
mlp_aco,2,7376,77,20,3,0.0,0.0,0.0,0.0,0.43936213850975037,False,False,0.0,0.0,0.0,[],10.0,10.0,1,10.0,0,0.01003591599999254
mlp_aco,2,7376,77,20,4,0.0,0.0,0.0,0.0,0.20313307642936707,False,False,0.0,0.0,0.0,[],10.0,10.0,1,10.0,0,0.01003591599999254
mlp_aco,2,7377,77,20,1,14.0,78.0,92.0,0.46,0.6558974385261536,False,False,0.0,92.0,0.0,[],0.0,0.0,0,0.0,0,2.4580000115292933e-06
mlp_aco,2,7377,77,20,2,0.0,0.0,0.0,0.0,0.09907747060060501,False,False,0.0,0.0,0.0,[],0.0,0.0,0,0.0,0,2.4580000115292933e-06
mlp_aco,2,7377,77,20,3,0.0,0.0,0.0,0.0,0.43936213850975037,False,False,0.0,0.0,0.0,[],0.0,0.0,0,0.0,0,2.4580000115292933e-06
mlp_aco,2,7377,77,20,4,0.0,0.0,0.0,0.0,0.20313307642936707,False,False,0.0,0.0,0.0,[],0.0,0.0,0,0.0,0,2.4580000115292933e-06
mlp_aco,2,7378,77,20,1,13.0,92.0,105.0,0.525,0.7137433290481567,True,True,30.0,75.0,0.0,[1],10.0,10.0,1,10.0,0,0.009623000000004822
mlp_aco,2,7378,77,20,2,0.0,0.0,0.0,0.0,0.09907747060060501,False,False,0.0,0.0,0.0,[],10.0,10.0,1,10.0,0,0.009623000000004822
mlp_aco,2,7378,77,20,3,0.0,0.0,0.0,0.0,0.43936213850975037,False,False,0.0,0.0,0.0,[],10.0,10.0,1,10.0,0,0.009623000000004822
mlp_aco,2,7378,77,20,4,0.0,0.0,0.0,0.0,0.20313307642936707,False,False,0.0,0.0,0.0,[],10.0,10.0,1,10.0,0,0.009623000000004822
mlp_aco,2,7379,77,20,1,14.0,75.0,89.0,0.445,0.6353377103805542,False,False,0.0,89.0,0.0,[],0.0,0.0,0,0.0,0,3.5420000017438724e-06
mlp_aco,2,7379,77,20,2,0.0,0.0,0.0,0.0,0.09907747060060501,False,False,0.0,0.0,0.0,[],0.0,0.0,0,0.0,0,3.5420000017438724e-06
mlp_aco,2,7379,77,20,3,0.0,0.0,0.0,0.0,0.43936213850975037,False,False,0.0,0.0,0.0,[],0.0,0.0,0,0.0,0,3.5420000017438724e-06
mlp_aco,2,7379,77,20,4,0.0,0.0,0.0,0.0,0.20313307642936707,False,False,0.0,0.0,0.0,[],0.0,0.0,0,0.0,0,3.5420000017438724e-06
mlp_aco,2,7380,77,21,1,14.0,89.0,103.0,0.515,0.7794575095176697,True,True,30.0,73.0,0.0,[1],10.0,10.0,1,10.0,0,0.010072624999992286
mlp_aco,2,7380,77,21,2,0.0,0.0,0.0,0.0,0.09907747060060501,False,False,0.0,0.0,0.0,[],10.0,10.0,1,10.0,0,0.010072624999992286
mlp_aco,2,7380,77,21,3,0.0,0.0,0.0,0.0,0.43936213850975037,False,False,0.0,0.0,0.0,[],10.0,10.0,1,10.0,0,0.010072624999992286
mlp_aco,2,7380,77,21,4,0.0,0.0,0.0,0.0,0.20313307642936707,False,False,0.0,0.0,0.0,[],10.0,10.0,1,10.0,0,0.010072624999992286
mlp_aco,2,7381,77,21,1,14.0,73.0,87.0,0.435,0.6164926886558533,False,False,0.0,87.0,0.0,[],0.0,0.0,0,0.0,0,4.2919999998503044e-06
mlp_aco,2,7381,77,21,2,0.0,0.0,0.0,0.0,0.09907747060060501,False,False,0.0,0.0,0.0,[],0.0,0.0,0,0.0,0,4.2919999998503044e-06
mlp_aco,2,7381,77,21,3,0.0,0.0,0.0,0.0,0.43936213850975037,False,False,0.0,0.0,0.0,[],0.0,0.0,0,0.0,0,4.2919999998503044e-06
mlp_aco,2,7381,77,21,4,0.0,0.0,0.0,0.0,0.20313307642936707,False,False,0.0,0.0,0.0,[],0.0,0.0,0,0.0,0,4.2919999998503044e-06
mlp_aco,2,7382,77,21,1,14.0,87.0,101.0,0.505,0.7557514905929565,True,True,30.0,71.0,0.0,[1],10.0,10.0,1,10.0,0,0.00990208299998585
mlp_aco,2,7382,77,21,2,0.0,0.0,0.0,0.0,0.09907747060060501,False,False,0.0,0.0,0.0,[],10.0,10.0,1,10.0,0,0.00990208299998585
mlp_aco,2,7382,77,21,3,0.0,0.0,0.0,0.0,0.43936213850975037,False,False,0.0,0.0,0.0,[],10.0,10.0,1,10.0,0,0.00990208299998585
mlp_aco,2,7382,77,21,4,0.0,0.0,0.0,0.0,0.20313307642936707,False,False,0.0,0.0,0.0,[],10.0,10.0,1,10.0,0,0.00990208299998585
mlp_aco,2,7383,77,21,1,14.0,71.0,85.0,0.425,0.5902342796325684,False,False,0.0,85.0,0.0,[],0.0,0.0,0,0.0,0,2.708000010898104e-06
mlp_aco,2,7383,77,21,2,0.0,0.0,0.0,0.0,0.09907747060060501,False,False,0.0,0.0,0.0,[],0.0,0.0,0,0.0,0,2.708000010898104e-06
mlp_aco,2,7383,77,21,3,0.0,0.0,0.0,0.0,0.43936213850975037,False,False,0.0,0.0,0.0,[],0.0,0.0,0,0.0,0,2.708000010898104e-06
mlp_aco,2,7383,77,21,4,0.0,0.0,0.0,0.0,0.20313307642936707,False,False,0.0,0.0,0.0,[],0.0,0.0,0,0.0,0,2.708000010898104e-06
mlp_aco,2,7384,77,22,1,0.0,85.0,85.0,0.425,0.16812404990196228,False,False,0.0,85.0,0.0,[],0.0,0.0,0,0.0,0,3.2089999990603246e-06
mlp_aco,2,7384,77,22,2,0.0,0.0,0.0,0.0,0.09907747060060501,False,False,0.0,0.0,0.0,[],0.0,0.0,0,0.0,0,3.2089999990603246e-06
mlp_aco,2,7384,77,22,3,0.0,0.0,0.0,0.0,0.43936213850975037,False,False,0.0,0.0,0.0,[],0.0,0.0,0,0.0,0,3.2089999990603246e-06
mlp_aco,2,7384,77,22,4,0.0,0.0,0.0,0.0,0.20313307642936707,False,False,0.0,0.0,0.0,[],0.0,0.0,0,0.0,0,3.2089999990603246e-06
mlp_aco,2,7385,77,22,1,0.0,85.0,85.0,0.425,0.21280747652053833,False,False,0.0,85.0,0.0,[],0.0,0.0,0,0.0,0,2.1660000015799596e-06
mlp_aco,2,7385,77,22,2,0.0,0.0,0.0,0.0,0.09907747060060501,False,False,0.0,0.0,0.0,[],0.0,0.0,0,0.0,0,2.1660000015799596e-06
mlp_aco,2,7385,77,22,3,0.0,0.0,0.0,0.0,0.43936213850975037,False,False,0.0,0.0,0.0,[],0.0,0.0,0,0.0,0,2.1660000015799596e-06
mlp_aco,2,7385,77,22,4,0.0,0.0,0.0,0.0,0.20313307642936707,False,False,0.0,0.0,0.0,[],0.0,0.0,0,0.0,0,2.1660000015799596e-06
mlp_aco,2,7386,77,22,1,0.0,85.0,85.0,0.425,0.27885496616363525,False,False,0.0,85.0,0.0,[],0.0,0.0,0,0.0,0,1.9999999949504854e-06
mlp_aco,2,7386,77,22,2,0.0,0.0,0.0,0.0,0.09907747060060501,False,False,0.0,0.0,0.0,[],0.0,0.0,0,0.0,0,1.9999999949504854e-06
mlp_aco,2,7386,77,22,3,0.0,0.0,0.0,0.0,0.43936213850975037,False,False,0.0,0.0,0.0,[],0.0,0.0,0,0.0,0,1.9999999949504854e-06
mlp_aco,2,7386,77,22,4,0.0,0.0,0.0,0.0,0.20313307642936707,False,False,0.0,0.0,0.0,[],0.0,0.0,0,0.0,0,1.9999999949504854e-06
mlp_aco,2,7387,77,22,1,0.0,85.0,85.0,0.425,0.3306250274181366,False,False,0.0,85.0,0.0,[],0.0,0.0,0,0.0,0,3.708999997797946e-06
mlp_aco,2,7387,77,22,2,0.0,0.0,0.0,0.0,0.09907747060060501,False,False,0.0,0.0,0.0,[],0.0,0.0,0,0.0,0,3.708999997797946e-06
mlp_aco,2,7387,77,22,3,0.0,0.0,0.0,0.0,0.43936213850975037,False,False,0.0,0.0,0.0,[],0.0,0.0,0,0.0,0,3.708999997797946e-06
mlp_aco,2,7387,77,22,4,0.0,0.0,0.0,0.0,0.20313307642936707,False,False,0.0,0.0,0.0,[],0.0,0.0,0,0.0,0,3.708999997797946e-06
mlp_aco,2,7388,77,23,1,0.0,85.0,85.0,0.425,0.3306250274181366,False,False,0.0,85.0,0.0,[],0.0,0.0,0,0.0,0,2.1250000088457455e-06
mlp_aco,2,7388,77,23,2,0.0,0.0,0.0,0.0,0.09907747060060501,False,False,0.0,0.0,0.0,[],0.0,0.0,0,0.0,0,2.1250000088457455e-06
mlp_aco,2,7388,77,23,3,0.0,0.0,0.0,0.0,0.43936213850975037,False,False,0.0,0.0,0.0,[],0.0,0.0,0,0.0,0,2.1250000088457455e-06
mlp_aco,2,7388,77,23,4,0.0,0.0,0.0,0.0,0.20313307642936707,False,False,0.0,0.0,0.0,[],0.0,0.0,0,0.0,0,2.1250000088457455e-06
mlp_aco,2,7389,77,23,1,0.0,85.0,85.0,0.425,0.3306250274181366,False,False,0.0,85.0,0.0,[],0.0,0.0,0,0.0,0,2.999999992425728e-06
mlp_aco,2,7389,77,23,2,0.0,0.0,0.0,0.0,0.09907747060060501,False,False,0.0,0.0,0.0,[],0.0,0.0,0,0.0,0,2.999999992425728e-06
mlp_aco,2,7389,77,23,3,0.0,0.0,0.0,0.0,0.43936213850975037,False,False,0.0,0.0,0.0,[],0.0,0.0,0,0.0,0,2.999999992425728e-06
mlp_aco,2,7389,77,23,4,0.0,0.0,0.0,0.0,0.20313307642936707,False,False,0.0,0.0,0.0,[],0.0,0.0,0,0.0,0,2.999999992425728e-06
mlp_aco,2,7390,77,23,1,0.0,85.0,85.0,0.425,0.3306250274181366,False,False,0.0,85.0,0.0,[],0.0,0.0,0,0.0,0,2.249999994319296e-06
mlp_aco,2,7390,77,23,2,0.0,0.0,0.0,0.0,0.09907747060060501,False,False,0.0,0.0,0.0,[],0.0,0.0,0,0.0,0,2.249999994319296e-06
mlp_aco,2,7390,77,23,3,0.0,0.0,0.0,0.0,0.43936213850975037,False,False,0.0,0.0,0.0,[],0.0,0.0,0,0.0,0,2.249999994319296e-06
mlp_aco,2,7390,77,23,4,0.0,0.0,0.0,0.0,0.20313307642936707,False,False,0.0,0.0,0.0,[],0.0,0.0,0,0.0,0,2.249999994319296e-06
mlp_aco,2,7391,77,23,1,0.0,85.0,85.0,0.425,0.3306250274181366,False,False,0.0,85.0,0.0,[],0.0,0.0,0,0.0,0,2.7499999930569174e-06
mlp_aco,2,7391,77,23,2,0.0,0.0,0.0,0.0,0.09907747060060501,False,False,0.0,0.0,0.0,[],0.0,0.0,0,0.0,0,2.7499999930569174e-06
mlp_aco,2,7391,77,23,3,0.0,0.0,0.0,0.0,0.43936213850975037,False,False,0.0,0.0,0.0,[],0.0,0.0,0,0.0,0,2.7499999930569174e-06
mlp_aco,2,7391,77,23,4,0.0,0.0,0.0,0.0,0.20313307642936707,False,False,0.0,0.0,0.0,[],0.0,0.0,0,0.0,0,2.7499999930569174e-06
mlp_aco,2,7392,78,0,1,39.0,85.0,124.0,0.62,0.9999841451644897,True,True,30.0,94.0,0.0,[1],10.0,10.0,1,10.0,0,0.010168875000005073
mlp_aco,2,7392,78,0,2,0.0,0.0,0.0,0.0,0.09907747060060501,False,False,0.0,0.0,0.0,[],10.0,10.0,1,10.0,0,0.010168875000005073
mlp_aco,2,7392,78,0,3,0.0,0.0,0.0,0.0,0.43936213850975037,False,False,0.0,0.0,0.0,[],10.0,10.0,1,10.0,0,0.010168875000005073
mlp_aco,2,7392,78,0,4,0.0,0.0,0.0,0.0,0.20313307642936707,False,False,0.0,0.0,0.0,[],10.0,10.0,1,10.0,0,0.010168875000005073
mlp_aco,2,7393,78,0,1,42.0,94.0,136.0,0.68,0.9999986290931702,True,True,30.0,106.0,0.0,[1],10.0,10.0,1,10.0,0,0.009835165999987794
mlp_aco,2,7393,78,0,2,0.0,0.0,0.0,0.0,0.09907747060060501,False,False,0.0,0.0,0.0,[],10.0,10.0,1,10.0,0,0.009835165999987794
mlp_aco,2,7393,78,0,3,0.0,0.0,0.0,0.0,0.43936213850975037,False,False,0.0,0.0,0.0,[],10.0,10.0,1,10.0,0,0.009835165999987794
mlp_aco,2,7393,78,0,4,0.0,0.0,0.0,0.0,0.20313307642936707,False,False,0.0,0.0,0.0,[],10.0,10.0,1,10.0,0,0.009835165999987794
mlp_aco,2,7394,78,0,1,42.0,106.0,148.0,0.74,0.9999997615814209,True,True,30.0,118.0,0.0,[1],10.0,10.0,1,10.0,0,0.00979474999999752
mlp_aco,2,7394,78,0,2,0.0,0.0,0.0,0.0,0.09907747060060501,False,False,0.0,0.0,0.0,[],10.0,10.0,1,10.0,0,0.00979474999999752
mlp_aco,2,7394,78,0,3,0.0,0.0,0.0,0.0,0.43936213850975037,False,False,0.0,0.0,0.0,[],10.0,10.0,1,10.0,0,0.00979474999999752
mlp_aco,2,7394,78,0,4,0.0,0.0,0.0,0.0,0.20313307642936707,False,False,0.0,0.0,0.0,[],10.0,10.0,1,10.0,0,0.00979474999999752
mlp_aco,2,7395,78,0,1,41.0,118.0,159.0,0.795,1.0,True,True,30.0,129.0,0.0,[1],10.0,10.0,1,10.0,0,0.009731082999991258
mlp_aco,2,7395,78,0,2,0.0,0.0,0.0,0.0,0.09907747060060501,False,False,0.0,0.0,0.0,[],10.0,10.0,1,10.0,0,0.009731082999991258
mlp_aco,2,7395,78,0,3,0.0,0.0,0.0,0.0,0.43936213850975037,False,False,0.0,0.0,0.0,[],10.0,10.0,1,10.0,0,0.009731082999991258
mlp_aco,2,7395,78,0,4,0.0,0.0,0.0,0.0,0.20313307642936707,False,False,0.0,0.0,0.0,[],10.0,10.0,1,10.0,0,0.009731082999991258
mlp_aco,2,7396,78,1,1,42.0,129.0,171.0,0.855,1.0,True,True,30.0,141.0,0.0,[1],10.0,10.0,1,10.0,0,0.009778749999981073
mlp_aco,2,7396,78,1,2,0.0,0.0,0.0,0.0,0.09907747060060501,False,False,0.0,0.0,0.0,[],10.0,10.0,1,10.0,0,0.009778749999981073
mlp_aco,2,7396,78,1,3,0.0,0.0,0.0,0.0,0.43936213850975037,False,False,0.0,0.0,0.0,[],10.0,10.0,1,10.0,0,0.009778749999981073
mlp_aco,2,7396,78,1,4,0.0,0.0,0.0,0.0,0.20313307642936707,False,False,0.0,0.0,0.0,[],10.0,10.0,1,10.0,0,0.009778749999981073
mlp_aco,2,7397,78,1,1,45.0,141.0,186.0,0.93,1.0,True,True,30.0,156.0,0.0,[1],10.0,10.0,1,10.0,0,0.009840584000016861
mlp_aco,2,7397,78,1,2,0.0,0.0,0.0,0.0,0.09907747060060501,False,False,0.0,0.0,0.0,[],10.0,10.0,1,10.0,0,0.009840584000016861
mlp_aco,2,7397,78,1,3,0.0,0.0,0.0,0.0,0.43936213850975037,False,False,0.0,0.0,0.0,[],10.0,10.0,1,10.0,0,0.009840584000016861
mlp_aco,2,7397,78,1,4,0.0,0.0,0.0,0.0,0.20313307642936707,False,False,0.0,0.0,0.0,[],10.0,10.0,1,10.0,0,0.009840584000016861
mlp_aco,2,7398,78,1,1,44.0,156.0,200.0,1.0,1.0,True,True,30.0,170.0,0.0,[1],10.0,10.0,1,10.0,0,0.009682124999983444
mlp_aco,2,7398,78,1,2,0.0,0.0,0.0,0.0,0.09907747060060501,False,False,0.0,0.0,0.0,[],10.0,10.0,1,10.0,0,0.009682124999983444
mlp_aco,2,7398,78,1,3,0.0,0.0,0.0,0.0,0.43936213850975037,False,False,0.0,0.0,0.0,[],10.0,10.0,1,10.0,0,0.009682124999983444
mlp_aco,2,7398,78,1,4,0.0,0.0,0.0,0.0,0.20313307642936707,False,False,0.0,0.0,0.0,[],10.0,10.0,1,10.0,0,0.009682124999983444
mlp_aco,2,7399,78,1,1,45.0,170.0,215.0,1.075,1.0,True,True,30.0,185.0,0.0,[1],10.0,10.0,1,10.0,0,0.00959283399998867
mlp_aco,2,7399,78,1,2,0.0,0.0,0.0,0.0,0.09907747060060501,False,False,0.0,0.0,0.0,[],10.0,10.0,1,10.0,0,0.00959283399998867
mlp_aco,2,7399,78,1,3,0.0,0.0,0.0,0.0,0.43936213850975037,False,False,0.0,0.0,0.0,[],10.0,10.0,1,10.0,0,0.00959283399998867
mlp_aco,2,7399,78,1,4,0.0,0.0,0.0,0.0,0.20313307642936707,False,False,0.0,0.0,0.0,[],10.0,10.0,1,10.0,0,0.00959283399998867
mlp_aco,2,7400,78,2,1,44.0,185.0,229.0,1.145,1.0,True,True,30.0,199.0,0.0,[1],10.0,10.0,1,10.0,0,0.009827166000007992
mlp_aco,2,7400,78,2,2,0.0,0.0,0.0,0.0,0.09907747060060501,False,False,0.0,0.0,0.0,[],10.0,10.0,1,10.0,0,0.009827166000007992
mlp_aco,2,7400,78,2,3,0.0,0.0,0.0,0.0,0.43936213850975037,False,False,0.0,0.0,0.0,[],10.0,10.0,1,10.0,0,0.009827166000007992
mlp_aco,2,7400,78,2,4,0.0,0.0,0.0,0.0,0.20313307642936707,False,False,0.0,0.0,0.0,[],10.0,10.0,1,10.0,0,0.009827166000007992
mlp_aco,2,7401,78,2,1,43.0,199.0,242.0,1.21,1.0,True,True,30.0,200.0,12.0,[1],10.0,10.0,1,10.0,0,0.00996333300000174
mlp_aco,2,7401,78,2,2,0.0,0.0,0.0,0.0,0.09907747060060501,False,False,0.0,0.0,0.0,[],10.0,10.0,1,10.0,0,0.00996333300000174
mlp_aco,2,7401,78,2,3,0.0,0.0,0.0,0.0,0.43936213850975037,False,False,0.0,0.0,0.0,[],10.0,10.0,1,10.0,0,0.00996333300000174
mlp_aco,2,7401,78,2,4,0.0,0.0,0.0,0.0,0.20313307642936707,False,False,0.0,0.0,0.0,[],10.0,10.0,1,10.0,0,0.00996333300000174
mlp_aco,2,7402,78,2,1,46.0,200.0,246.0,1.23,1.0,True,True,30.0,200.0,16.0,[1],10.0,10.0,1,10.0,0,0.009909416999988707
mlp_aco,2,7402,78,2,2,0.0,0.0,0.0,0.0,0.09907747060060501,False,False,0.0,0.0,0.0,[],10.0,10.0,1,10.0,0,0.009909416999988707
mlp_aco,2,7402,78,2,3,0.0,0.0,0.0,0.0,0.43936213850975037,False,False,0.0,0.0,0.0,[],10.0,10.0,1,10.0,0,0.009909416999988707
mlp_aco,2,7402,78,2,4,0.0,0.0,0.0,0.0,0.20313307642936707,False,False,0.0,0.0,0.0,[],10.0,10.0,1,10.0,0,0.009909416999988707
mlp_aco,2,7403,78,2,1,43.0,200.0,243.0,1.215,1.0,True,True,30.0,200.0,13.0,[1],10.0,10.0,1,10.0,0,0.0096863340000084
mlp_aco,2,7403,78,2,2,0.0,0.0,0.0,0.0,0.09907747060060501,False,False,0.0,0.0,0.0,[],10.0,10.0,1,10.0,0,0.0096863340000084
mlp_aco,2,7403,78,2,3,0.0,0.0,0.0,0.0,0.43936213850975037,False,False,0.0,0.0,0.0,[],10.0,10.0,1,10.0,0,0.0096863340000084
mlp_aco,2,7403,78,2,4,0.0,0.0,0.0,0.0,0.20313307642936707,False,False,0.0,0.0,0.0,[],10.0,10.0,1,10.0,0,0.0096863340000084
mlp_aco,2,7404,78,3,1,44.0,200.0,244.0,1.22,1.0,True,True,30.0,200.0,14.0,[1],10.0,10.0,1,10.0,0,0.00998695899997415
mlp_aco,2,7404,78,3,2,0.0,0.0,0.0,0.0,0.09907747060060501,False,False,0.0,0.0,0.0,[],10.0,10.0,1,10.0,0,0.00998695899997415
mlp_aco,2,7404,78,3,3,0.0,0.0,0.0,0.0,0.43936213850975037,False,False,0.0,0.0,0.0,[],10.0,10.0,1,10.0,0,0.00998695899997415
mlp_aco,2,7404,78,3,4,0.0,0.0,0.0,0.0,0.20313307642936707,False,False,0.0,0.0,0.0,[],10.0,10.0,1,10.0,0,0.00998695899997415
mlp_aco,2,7405,78,3,1,44.0,200.0,244.0,1.22,1.0,True,True,30.0,200.0,14.0,[1],10.0,10.0,1,10.0,0,0.009906999999998334
mlp_aco,2,7405,78,3,2,0.0,0.0,0.0,0.0,0.09907747060060501,False,False,0.0,0.0,0.0,[],10.0,10.0,1,10.0,0,0.009906999999998334
mlp_aco,2,7405,78,3,3,0.0,0.0,0.0,0.0,0.43936213850975037,False,False,0.0,0.0,0.0,[],10.0,10.0,1,10.0,0,0.009906999999998334
mlp_aco,2,7405,78,3,4,0.0,0.0,0.0,0.0,0.20313307642936707,False,False,0.0,0.0,0.0,[],10.0,10.0,1,10.0,0,0.009906999999998334
mlp_aco,2,7406,78,3,1,44.0,200.0,244.0,1.22,1.0,True,True,30.0,200.0,14.0,[1],10.0,10.0,1,10.0,0,0.01001879200001099
mlp_aco,2,7406,78,3,2,0.0,0.0,0.0,0.0,0.09907747060060501,False,False,0.0,0.0,0.0,[],10.0,10.0,1,10.0,0,0.01001879200001099
mlp_aco,2,7406,78,3,3,0.0,0.0,0.0,0.0,0.43936213850975037,False,False,0.0,0.0,0.0,[],10.0,10.0,1,10.0,0,0.01001879200001099
mlp_aco,2,7406,78,3,4,0.0,0.0,0.0,0.0,0.20313307642936707,False,False,0.0,0.0,0.0,[],10.0,10.0,1,10.0,0,0.01001879200001099
mlp_aco,2,7407,78,3,1,45.0,200.0,245.0,1.225,1.0,True,True,30.0,200.0,15.0,[1],10.0,10.0,1,10.0,0,0.009975375000010445
mlp_aco,2,7407,78,3,2,0.0,0.0,0.0,0.0,0.09907747060060501,False,False,0.0,0.0,0.0,[],10.0,10.0,1,10.0,0,0.009975375000010445
mlp_aco,2,7407,78,3,3,0.0,0.0,0.0,0.0,0.43936213850975037,False,False,0.0,0.0,0.0,[],10.0,10.0,1,10.0,0,0.009975375000010445
mlp_aco,2,7407,78,3,4,0.0,0.0,0.0,0.0,0.20313307642936707,False,False,0.0,0.0,0.0,[],10.0,10.0,1,10.0,0,0.009975375000010445
mlp_aco,2,7408,78,4,1,43.0,200.0,243.0,1.215,1.0,True,True,30.0,200.0,13.0,[1],10.0,10.0,1,10.0,0,0.010055875000006154
mlp_aco,2,7408,78,4,2,0.0,0.0,0.0,0.0,0.09907747060060501,False,False,0.0,0.0,0.0,[],10.0,10.0,1,10.0,0,0.010055875000006154
mlp_aco,2,7408,78,4,3,0.0,0.0,0.0,0.0,0.43936213850975037,False,False,0.0,0.0,0.0,[],10.0,10.0,1,10.0,0,0.010055875000006154
mlp_aco,2,7408,78,4,4,0.0,0.0,0.0,0.0,0.20313307642936707,False,False,0.0,0.0,0.0,[],10.0,10.0,1,10.0,0,0.010055875000006154
mlp_aco,2,7409,78,4,1,45.0,200.0,245.0,1.225,1.0,True,True,30.0,200.0,15.0,[1],10.0,10.0,1,10.0,0,0.009872583000003488
mlp_aco,2,7409,78,4,2,0.0,0.0,0.0,0.0,0.09907747060060501,False,False,0.0,0.0,0.0,[],10.0,10.0,1,10.0,0,0.009872583000003488
mlp_aco,2,7409,78,4,3,0.0,0.0,0.0,0.0,0.43936213850975037,False,False,0.0,0.0,0.0,[],10.0,10.0,1,10.0,0,0.009872583000003488
mlp_aco,2,7409,78,4,4,0.0,0.0,0.0,0.0,0.20313307642936707,False,False,0.0,0.0,0.0,[],10.0,10.0,1,10.0,0,0.009872583000003488
mlp_aco,2,7410,78,4,1,43.0,200.0,243.0,1.215,1.0,True,True,30.0,200.0,13.0,[1],10.0,10.0,1,10.0,0,0.009745584000000918
mlp_aco,2,7410,78,4,2,0.0,0.0,0.0,0.0,0.09907747060060501,False,False,0.0,0.0,0.0,[],10.0,10.0,1,10.0,0,0.009745584000000918
mlp_aco,2,7410,78,4,3,0.0,0.0,0.0,0.0,0.43936213850975037,False,False,0.0,0.0,0.0,[],10.0,10.0,1,10.0,0,0.009745584000000918
mlp_aco,2,7410,78,4,4,0.0,0.0,0.0,0.0,0.20313307642936707,False,False,0.0,0.0,0.0,[],10.0,10.0,1,10.0,0,0.009745584000000918
mlp_aco,2,7411,78,4,1,46.0,200.0,246.0,1.23,1.0,True,True,30.0,200.0,16.0,[1],10.0,10.0,1,10.0,0,0.010023625000002312
mlp_aco,2,7411,78,4,2,0.0,0.0,0.0,0.0,0.09907747060060501,False,False,0.0,0.0,0.0,[],10.0,10.0,1,10.0,0,0.010023625000002312
mlp_aco,2,7411,78,4,3,0.0,0.0,0.0,0.0,0.43936213850975037,False,False,0.0,0.0,0.0,[],10.0,10.0,1,10.0,0,0.010023625000002312
mlp_aco,2,7411,78,4,4,0.0,0.0,0.0,0.0,0.20313307642936707,False,False,0.0,0.0,0.0,[],10.0,10.0,1,10.0,0,0.010023625000002312
mlp_aco,2,7412,78,5,1,42.0,200.0,242.0,1.21,1.0,True,True,30.0,200.0,12.0,[1],10.0,10.0,1,10.0,0,0.00971450000000118
mlp_aco,2,7412,78,5,2,0.0,0.0,0.0,0.0,0.09907747060060501,False,False,0.0,0.0,0.0,[],10.0,10.0,1,10.0,0,0.00971450000000118
mlp_aco,2,7412,78,5,3,0.0,0.0,0.0,0.0,0.43936213850975037,False,False,0.0,0.0,0.0,[],10.0,10.0,1,10.0,0,0.00971450000000118
mlp_aco,2,7412,78,5,4,0.0,0.0,0.0,0.0,0.20313307642936707,False,False,0.0,0.0,0.0,[],10.0,10.0,1,10.0,0,0.00971450000000118
mlp_aco,2,7413,78,5,1,45.0,200.0,245.0,1.225,1.0,True,True,30.0,200.0,15.0,[1],10.0,10.0,1,10.0,0,0.010060457999998107
mlp_aco,2,7413,78,5,2,0.0,0.0,0.0,0.0,0.09907747060060501,False,False,0.0,0.0,0.0,[],10.0,10.0,1,10.0,0,0.010060457999998107
mlp_aco,2,7413,78,5,3,0.0,0.0,0.0,0.0,0.43936213850975037,False,False,0.0,0.0,0.0,[],10.0,10.0,1,10.0,0,0.010060457999998107
mlp_aco,2,7413,78,5,4,0.0,0.0,0.0,0.0,0.20313307642936707,False,False,0.0,0.0,0.0,[],10.0,10.0,1,10.0,0,0.010060457999998107
mlp_aco,2,7414,78,5,1,45.0,200.0,245.0,1.225,1.0,True,True,30.0,200.0,15.0,[1],10.0,10.0,1,10.0,0,0.00982970800001226
mlp_aco,2,7414,78,5,2,0.0,0.0,0.0,0.0,0.09907747060060501,False,False,0.0,0.0,0.0,[],10.0,10.0,1,10.0,0,0.00982970800001226
mlp_aco,2,7414,78,5,3,0.0,0.0,0.0,0.0,0.43936213850975037,False,False,0.0,0.0,0.0,[],10.0,10.0,1,10.0,0,0.00982970800001226
mlp_aco,2,7414,78,5,4,0.0,0.0,0.0,0.0,0.20313307642936707,False,False,0.0,0.0,0.0,[],10.0,10.0,1,10.0,0,0.00982970800001226
mlp_aco,2,7415,78,5,1,44.0,200.0,244.0,1.22,1.0,True,True,30.0,200.0,14.0,[1],10.0,10.0,1,10.0,0,0.00993608400000312
mlp_aco,2,7415,78,5,2,0.0,0.0,0.0,0.0,0.09907747060060501,False,False,0.0,0.0,0.0,[],10.0,10.0,1,10.0,0,0.00993608400000312
mlp_aco,2,7415,78,5,3,0.0,0.0,0.0,0.0,0.43936213850975037,False,False,0.0,0.0,0.0,[],10.0,10.0,1,10.0,0,0.00993608400000312
mlp_aco,2,7415,78,5,4,0.0,0.0,0.0,0.0,0.20313307642936707,False,False,0.0,0.0,0.0,[],10.0,10.0,1,10.0,0,0.00993608400000312
mlp_aco,2,7416,78,6,1,43.0,200.0,243.0,1.215,1.0,True,True,30.0,200.0,13.0,[1],10.0,10.0,1,10.0,0,0.01001650000000609
mlp_aco,2,7416,78,6,2,0.0,0.0,0.0,0.0,0.09907747060060501,False,False,0.0,0.0,0.0,[],10.0,10.0,1,10.0,0,0.01001650000000609
mlp_aco,2,7416,78,6,3,0.0,0.0,0.0,0.0,0.43936213850975037,False,False,0.0,0.0,0.0,[],10.0,10.0,1,10.0,0,0.01001650000000609
mlp_aco,2,7416,78,6,4,0.0,0.0,0.0,0.0,0.20313307642936707,False,False,0.0,0.0,0.0,[],10.0,10.0,1,10.0,0,0.01001650000000609
mlp_aco,2,7417,78,6,1,45.0,200.0,245.0,1.225,1.0,True,True,30.0,200.0,15.0,[1],10.0,10.0,1,10.0,0,0.009868667000006326
mlp_aco,2,7417,78,6,2,0.0,0.0,0.0,0.0,0.09907747060060501,False,False,0.0,0.0,0.0,[],10.0,10.0,1,10.0,0,0.009868667000006326
mlp_aco,2,7417,78,6,3,0.0,0.0,0.0,0.0,0.43936213850975037,False,False,0.0,0.0,0.0,[],10.0,10.0,1,10.0,0,0.009868667000006326
mlp_aco,2,7417,78,6,4,0.0,0.0,0.0,0.0,0.20313307642936707,False,False,0.0,0.0,0.0,[],10.0,10.0,1,10.0,0,0.009868667000006326
mlp_aco,2,7418,78,6,1,44.0,200.0,244.0,1.22,1.0,True,True,30.0,200.0,14.0,[1],10.0,10.0,1,10.0,0,0.009949750000004087
mlp_aco,2,7418,78,6,2,0.0,0.0,0.0,0.0,0.09907747060060501,False,False,0.0,0.0,0.0,[],10.0,10.0,1,10.0,0,0.009949750000004087
mlp_aco,2,7418,78,6,3,0.0,0.0,0.0,0.0,0.43936213850975037,False,False,0.0,0.0,0.0,[],10.0,10.0,1,10.0,0,0.009949750000004087
mlp_aco,2,7418,78,6,4,0.0,0.0,0.0,0.0,0.20313307642936707,False,False,0.0,0.0,0.0,[],10.0,10.0,1,10.0,0,0.009949750000004087
mlp_aco,2,7419,78,6,1,44.0,200.0,244.0,1.22,1.0,True,True,30.0,200.0,14.0,[1],10.0,10.0,1,10.0,0,0.009893874999988839
mlp_aco,2,7419,78,6,2,0.0,0.0,0.0,0.0,0.09907747060060501,False,False,0.0,0.0,0.0,[],10.0,10.0,1,10.0,0,0.009893874999988839
mlp_aco,2,7419,78,6,3,0.0,0.0,0.0,0.0,0.43936213850975037,False,False,0.0,0.0,0.0,[],10.0,10.0,1,10.0,0,0.009893874999988839
mlp_aco,2,7419,78,6,4,0.0,0.0,0.0,0.0,0.20313307642936707,False,False,0.0,0.0,0.0,[],10.0,10.0,1,10.0,0,0.009893874999988839
mlp_aco,2,7420,78,7,1,44.0,200.0,244.0,1.22,1.0,True,True,30.0,200.0,14.0,[1],10.0,10.0,1,10.0,0,0.009792666000009831
mlp_aco,2,7420,78,7,2,0.0,0.0,0.0,0.0,0.09907747060060501,False,False,0.0,0.0,0.0,[],10.0,10.0,1,10.0,0,0.009792666000009831
mlp_aco,2,7420,78,7,3,0.0,0.0,0.0,0.0,0.43936213850975037,False,False,0.0,0.0,0.0,[],10.0,10.0,1,10.0,0,0.009792666000009831
mlp_aco,2,7420,78,7,4,0.0,0.0,0.0,0.0,0.20313307642936707,False,False,0.0,0.0,0.0,[],10.0,10.0,1,10.0,0,0.009792666000009831
mlp_aco,2,7421,78,7,1,44.0,200.0,244.0,1.22,1.0,True,True,30.0,200.0,14.0,[1],10.0,10.0,1,10.0,0,0.009791833999997834
mlp_aco,2,7421,78,7,2,0.0,0.0,0.0,0.0,0.09907747060060501,False,False,0.0,0.0,0.0,[],10.0,10.0,1,10.0,0,0.009791833999997834
mlp_aco,2,7421,78,7,3,0.0,0.0,0.0,0.0,0.43936213850975037,False,False,0.0,0.0,0.0,[],10.0,10.0,1,10.0,0,0.009791833999997834
mlp_aco,2,7421,78,7,4,0.0,0.0,0.0,0.0,0.20313307642936707,False,False,0.0,0.0,0.0,[],10.0,10.0,1,10.0,0,0.009791833999997834
mlp_aco,2,7422,78,7,1,41.0,200.0,241.0,1.205,1.0,True,True,30.0,200.0,11.0,[1],10.0,10.0,1,10.0,0,0.01003291700001796
mlp_aco,2,7422,78,7,2,0.0,0.0,0.0,0.0,0.09907747060060501,False,False,0.0,0.0,0.0,[],10.0,10.0,1,10.0,0,0.01003291700001796
mlp_aco,2,7422,78,7,3,0.0,0.0,0.0,0.0,0.43936213850975037,False,False,0.0,0.0,0.0,[],10.0,10.0,1,10.0,0,0.01003291700001796
mlp_aco,2,7422,78,7,4,0.0,0.0,0.0,0.0,0.20313307642936707,False,False,0.0,0.0,0.0,[],10.0,10.0,1,10.0,0,0.01003291700001796
mlp_aco,2,7423,78,7,1,36.0,200.0,236.0,1.18,1.0,True,True,30.0,200.0,6.0,[1],10.0,10.0,1,10.0,0,0.00999870799998348
mlp_aco,2,7423,78,7,2,0.0,0.0,0.0,0.0,0.09907747060060501,False,False,0.0,0.0,0.0,[],10.0,10.0,1,10.0,0,0.00999870799998348
mlp_aco,2,7423,78,7,3,0.0,0.0,0.0,0.0,0.43936213850975037,False,False,0.0,0.0,0.0,[],10.0,10.0,1,10.0,0,0.00999870799998348
mlp_aco,2,7423,78,7,4,0.0,0.0,0.0,0.0,0.20313307642936707,False,False,0.0,0.0,0.0,[],10.0,10.0,1,10.0,0,0.00999870799998348
mlp_aco,2,7424,78,8,1,27.0,200.0,227.0,1.135,1.0,True,True,30.0,197.0,0.0,[1],10.0,10.0,1,10.0,0,0.009791207999995777
mlp_aco,2,7424,78,8,2,0.0,0.0,0.0,0.0,0.09907747060060501,False,False,0.0,0.0,0.0,[],10.0,10.0,1,10.0,0,0.009791207999995777
mlp_aco,2,7424,78,8,3,0.0,0.0,0.0,0.0,0.43936213850975037,False,False,0.0,0.0,0.0,[],10.0,10.0,1,10.0,0,0.009791207999995777
mlp_aco,2,7424,78,8,4,0.0,0.0,0.0,0.0,0.20313307642936707,False,False,0.0,0.0,0.0,[],10.0,10.0,1,10.0,0,0.009791207999995777
mlp_aco,2,7425,78,8,1,28.0,197.0,225.0,1.125,1.0,True,True,30.0,195.0,0.0,[1],10.0,10.0,1,10.0,0,0.009908332999998493
mlp_aco,2,7425,78,8,2,0.0,0.0,0.0,0.0,0.09907747060060501,False,False,0.0,0.0,0.0,[],10.0,10.0,1,10.0,0,0.009908332999998493
mlp_aco,2,7425,78,8,3,0.0,0.0,0.0,0.0,0.43936213850975037,False,False,0.0,0.0,0.0,[],10.0,10.0,1,10.0,0,0.009908332999998493
mlp_aco,2,7425,78,8,4,0.0,0.0,0.0,0.0,0.20313307642936707,False,False,0.0,0.0,0.0,[],10.0,10.0,1,10.0,0,0.009908332999998493
mlp_aco,2,7426,78,8,1,28.0,195.0,223.0,1.115,1.0,True,True,30.0,193.0,0.0,[1],10.0,10.0,1,10.0,0,0.010094875000021375
mlp_aco,2,7426,78,8,2,0.0,0.0,0.0,0.0,0.09907747060060501,False,False,0.0,0.0,0.0,[],10.0,10.0,1,10.0,0,0.010094875000021375
mlp_aco,2,7426,78,8,3,0.0,0.0,0.0,0.0,0.43936213850975037,False,False,0.0,0.0,0.0,[],10.0,10.0,1,10.0,0,0.010094875000021375
mlp_aco,2,7426,78,8,4,0.0,0.0,0.0,0.0,0.20313307642936707,False,False,0.0,0.0,0.0,[],10.0,10.0,1,10.0,0,0.010094875000021375
mlp_aco,2,7427,78,8,1,28.0,193.0,221.0,1.105,1.0,True,True,30.0,191.0,0.0,[1],10.0,10.0,1,10.0,0,0.009906250000000227
mlp_aco,2,7427,78,8,2,0.0,0.0,0.0,0.0,0.09907747060060501,False,False,0.0,0.0,0.0,[],10.0,10.0,1,10.0,0,0.009906250000000227
mlp_aco,2,7427,78,8,3,0.0,0.0,0.0,0.0,0.43936213850975037,False,False,0.0,0.0,0.0,[],10.0,10.0,1,10.0,0,0.009906250000000227
mlp_aco,2,7427,78,8,4,0.0,0.0,0.0,0.0,0.20313307642936707,False,False,0.0,0.0,0.0,[],10.0,10.0,1,10.0,0,0.009906250000000227
mlp_aco,2,7428,78,9,1,29.0,191.0,220.0,1.1,1.0,True,True,30.0,190.0,0.0,[1],10.0,10.0,1,10.0,0,0.009871290999996063
mlp_aco,2,7428,78,9,2,0.0,0.0,0.0,0.0,0.09907747060060501,False,False,0.0,0.0,0.0,[],10.0,10.0,1,10.0,0,0.009871290999996063
mlp_aco,2,7428,78,9,3,0.0,0.0,0.0,0.0,0.43936213850975037,False,False,0.0,0.0,0.0,[],10.0,10.0,1,10.0,0,0.009871290999996063
mlp_aco,2,7428,78,9,4,0.0,0.0,0.0,0.0,0.20313307642936707,False,False,0.0,0.0,0.0,[],10.0,10.0,1,10.0,0,0.009871290999996063
mlp_aco,2,7429,78,9,1,27.0,190.0,217.0,1.085,1.0,True,True,30.0,187.0,0.0,[1],10.0,10.0,1,10.0,0,0.009901124999998956
mlp_aco,2,7429,78,9,2,0.0,0.0,0.0,0.0,0.09907747060060501,False,False,0.0,0.0,0.0,[],10.0,10.0,1,10.0,0,0.009901124999998956
mlp_aco,2,7429,78,9,3,0.0,0.0,0.0,0.0,0.43936213850975037,False,False,0.0,0.0,0.0,[],10.0,10.0,1,10.0,0,0.009901124999998956
mlp_aco,2,7429,78,9,4,0.0,0.0,0.0,0.0,0.20313307642936707,False,False,0.0,0.0,0.0,[],10.0,10.0,1,10.0,0,0.009901124999998956
mlp_aco,2,7430,78,9,1,28.0,187.0,215.0,1.075,1.0,True,True,30.0,185.0,0.0,[1],10.0,10.0,1,10.0,0,0.009797375000005104
mlp_aco,2,7430,78,9,2,0.0,0.0,0.0,0.0,0.09907747060060501,False,False,0.0,0.0,0.0,[],10.0,10.0,1,10.0,0,0.009797375000005104
mlp_aco,2,7430,78,9,3,0.0,0.0,0.0,0.0,0.43936213850975037,False,False,0.0,0.0,0.0,[],10.0,10.0,1,10.0,0,0.009797375000005104
mlp_aco,2,7430,78,9,4,0.0,0.0,0.0,0.0,0.20313307642936707,False,False,0.0,0.0,0.0,[],10.0,10.0,1,10.0,0,0.009797375000005104
mlp_aco,2,7431,78,9,1,28.0,185.0,213.0,1.065,1.0,True,True,30.0,183.0,0.0,[1],10.0,10.0,1,10.0,0,0.009709791999995332
mlp_aco,2,7431,78,9,2,0.0,0.0,0.0,0.0,0.09907747060060501,False,False,0.0,0.0,0.0,[],10.0,10.0,1,10.0,0,0.009709791999995332
mlp_aco,2,7431,78,9,3,0.0,0.0,0.0,0.0,0.43936213850975037,False,False,0.0,0.0,0.0,[],10.0,10.0,1,10.0,0,0.009709791999995332
mlp_aco,2,7431,78,9,4,0.0,0.0,0.0,0.0,0.20313307642936707,False,False,0.0,0.0,0.0,[],10.0,10.0,1,10.0,0,0.009709791999995332
mlp_aco,2,7432,78,10,1,28.0,183.0,211.0,1.055,1.0,True,True,30.0,181.0,0.0,[1],10.0,10.0,1,10.0,0,0.009656417000002193
mlp_aco,2,7432,78,10,2,0.0,0.0,0.0,0.0,0.09907747060060501,False,False,0.0,0.0,0.0,[],10.0,10.0,1,10.0,0,0.009656417000002193
mlp_aco,2,7432,78,10,3,0.0,0.0,0.0,0.0,0.43936213850975037,False,False,0.0,0.0,0.0,[],10.0,10.0,1,10.0,0,0.009656417000002193
mlp_aco,2,7432,78,10,4,0.0,0.0,0.0,0.0,0.20313307642936707,False,False,0.0,0.0,0.0,[],10.0,10.0,1,10.0,0,0.009656417000002193
mlp_aco,2,7433,78,10,1,27.0,181.0,208.0,1.04,1.0,True,True,30.0,178.0,0.0,[1],10.0,10.0,1,10.0,0,0.009662832999993043
mlp_aco,2,7433,78,10,2,0.0,0.0,0.0,0.0,0.09907747060060501,False,False,0.0,0.0,0.0,[],10.0,10.0,1,10.0,0,0.009662832999993043
mlp_aco,2,7433,78,10,3,0.0,0.0,0.0,0.0,0.43936213850975037,False,False,0.0,0.0,0.0,[],10.0,10.0,1,10.0,0,0.009662832999993043
mlp_aco,2,7433,78,10,4,0.0,0.0,0.0,0.0,0.20313307642936707,False,False,0.0,0.0,0.0,[],10.0,10.0,1,10.0,0,0.009662832999993043
mlp_aco,2,7434,78,10,1,29.0,178.0,207.0,1.035,1.0,True,True,30.0,177.0,0.0,[1],10.0,10.0,1,10.0,0,0.009770000000003165
mlp_aco,2,7434,78,10,2,0.0,0.0,0.0,0.0,0.09907747060060501,False,False,0.0,0.0,0.0,[],10.0,10.0,1,10.0,0,0.009770000000003165
mlp_aco,2,7434,78,10,3,0.0,0.0,0.0,0.0,0.43936213850975037,False,False,0.0,0.0,0.0,[],10.0,10.0,1,10.0,0,0.009770000000003165
mlp_aco,2,7434,78,10,4,0.0,0.0,0.0,0.0,0.20313307642936707,False,False,0.0,0.0,0.0,[],10.0,10.0,1,10.0,0,0.009770000000003165
mlp_aco,2,7435,78,10,1,28.0,177.0,205.0,1.025,1.0,True,True,30.0,175.0,0.0,[1],10.0,10.0,1,10.0,0,0.009722250000010035
mlp_aco,2,7435,78,10,2,0.0,0.0,0.0,0.0,0.09907747060060501,False,False,0.0,0.0,0.0,[],10.0,10.0,1,10.0,0,0.009722250000010035
mlp_aco,2,7435,78,10,3,0.0,0.0,0.0,0.0,0.43936213850975037,False,False,0.0,0.0,0.0,[],10.0,10.0,1,10.0,0,0.009722250000010035
mlp_aco,2,7435,78,10,4,0.0,0.0,0.0,0.0,0.20313307642936707,False,False,0.0,0.0,0.0,[],10.0,10.0,1,10.0,0,0.009722250000010035
mlp_aco,2,7436,78,11,1,27.0,175.0,202.0,1.01,1.0,True,True,30.0,172.0,0.0,[1],10.0,10.0,1,10.0,0,0.009792957999991359
mlp_aco,2,7436,78,11,2,0.0,0.0,0.0,0.0,0.09907747060060501,False,False,0.0,0.0,0.0,[],10.0,10.0,1,10.0,0,0.009792957999991359
mlp_aco,2,7436,78,11,3,0.0,0.0,0.0,0.0,0.43936213850975037,False,False,0.0,0.0,0.0,[],10.0,10.0,1,10.0,0,0.009792957999991359
mlp_aco,2,7436,78,11,4,0.0,0.0,0.0,0.0,0.20313307642936707,False,False,0.0,0.0,0.0,[],10.0,10.0,1,10.0,0,0.009792957999991359
mlp_aco,2,7437,78,11,1,29.0,172.0,201.0,1.005,1.0,True,True,30.0,171.0,0.0,[1],10.0,10.0,1,10.0,0,0.00965266699998324
mlp_aco,2,7437,78,11,2,0.0,0.0,0.0,0.0,0.09907747060060501,False,False,0.0,0.0,0.0,[],10.0,10.0,1,10.0,0,0.00965266699998324
mlp_aco,2,7437,78,11,3,0.0,0.0,0.0,0.0,0.43936213850975037,False,False,0.0,0.0,0.0,[],10.0,10.0,1,10.0,0,0.00965266699998324
mlp_aco,2,7437,78,11,4,0.0,0.0,0.0,0.0,0.20313307642936707,False,False,0.0,0.0,0.0,[],10.0,10.0,1,10.0,0,0.00965266699998324
mlp_aco,2,7438,78,11,1,27.0,171.0,198.0,0.99,1.0,True,True,30.0,168.0,0.0,[1],10.0,10.0,1,10.0,0,0.009506625000000213
mlp_aco,2,7438,78,11,2,0.0,0.0,0.0,0.0,0.09907747060060501,False,False,0.0,0.0,0.0,[],10.0,10.0,1,10.0,0,0.009506625000000213
mlp_aco,2,7438,78,11,3,0.0,0.0,0.0,0.0,0.43936213850975037,False,False,0.0,0.0,0.0,[],10.0,10.0,1,10.0,0,0.009506625000000213
mlp_aco,2,7438,78,11,4,0.0,0.0,0.0,0.0,0.20313307642936707,False,False,0.0,0.0,0.0,[],10.0,10.0,1,10.0,0,0.009506625000000213
mlp_aco,2,7439,78,11,1,28.0,168.0,196.0,0.98,1.0,True,True,30.0,166.0,0.0,[1],10.0,10.0,1,10.0,0,0.00976133300000015
mlp_aco,2,7439,78,11,2,0.0,0.0,0.0,0.0,0.09907747060060501,False,False,0.0,0.0,0.0,[],10.0,10.0,1,10.0,0,0.00976133300000015
mlp_aco,2,7439,78,11,3,0.0,0.0,0.0,0.0,0.43936213850975037,False,False,0.0,0.0,0.0,[],10.0,10.0,1,10.0,0,0.00976133300000015
mlp_aco,2,7439,78,11,4,0.0,0.0,0.0,0.0,0.20313307642936707,False,False,0.0,0.0,0.0,[],10.0,10.0,1,10.0,0,0.00976133300000015
mlp_aco,2,7440,78,12,1,19.0,166.0,185.0,0.925,0.9999998807907104,True,True,30.0,155.0,0.0,[1],10.0,10.0,1,10.0,0,0.009920540999985406
mlp_aco,2,7440,78,12,2,0.0,0.0,0.0,0.0,0.09907747060060501,False,False,0.0,0.0,0.0,[],10.0,10.0,1,10.0,0,0.009920540999985406
mlp_aco,2,7440,78,12,3,0.0,0.0,0.0,0.0,0.43936213850975037,False,False,0.0,0.0,0.0,[],10.0,10.0,1,10.0,0,0.009920540999985406
mlp_aco,2,7440,78,12,4,0.0,0.0,0.0,0.0,0.20313307642936707,False,False,0.0,0.0,0.0,[],10.0,10.0,1,10.0,0,0.009920540999985406
mlp_aco,2,7441,78,12,1,19.0,155.0,174.0,0.87,0.9999980330467224,True,True,30.0,144.0,0.0,[1],10.0,10.0,1,10.0,0,0.009704583000001321
mlp_aco,2,7441,78,12,2,0.0,0.0,0.0,0.0,0.09907747060060501,False,False,0.0,0.0,0.0,[],10.0,10.0,1,10.0,0,0.009704583000001321
mlp_aco,2,7441,78,12,3,0.0,0.0,0.0,0.0,0.43936213850975037,False,False,0.0,0.0,0.0,[],10.0,10.0,1,10.0,0,0.009704583000001321
mlp_aco,2,7441,78,12,4,0.0,0.0,0.0,0.0,0.20313307642936707,False,False,0.0,0.0,0.0,[],10.0,10.0,1,10.0,0,0.009704583000001321
mlp_aco,2,7442,78,12,1,15.0,144.0,159.0,0.795,0.9995889067649841,True,True,30.0,129.0,0.0,[1],10.0,10.0,1,10.0,0,0.0095634169999812
mlp_aco,2,7442,78,12,2,0.0,0.0,0.0,0.0,0.09907747060060501,False,False,0.0,0.0,0.0,[],10.0,10.0,1,10.0,0,0.0095634169999812
mlp_aco,2,7442,78,12,3,0.0,0.0,0.0,0.0,0.43936213850975037,False,False,0.0,0.0,0.0,[],10.0,10.0,1,10.0,0,0.0095634169999812
mlp_aco,2,7442,78,12,4,0.0,0.0,0.0,0.0,0.20313307642936707,False,False,0.0,0.0,0.0,[],10.0,10.0,1,10.0,0,0.0095634169999812
mlp_aco,2,7443,78,12,1,11.0,129.0,140.0,0.7,0.9684545397758484,True,True,30.0,110.0,0.0,[1],10.0,10.0,1,10.0,0,0.009729291000013518
mlp_aco,2,7443,78,12,2,0.0,0.0,0.0,0.0,0.09907747060060501,False,False,0.0,0.0,0.0,[],10.0,10.0,1,10.0,0,0.009729291000013518
mlp_aco,2,7443,78,12,3,0.0,0.0,0.0,0.0,0.43936213850975037,False,False,0.0,0.0,0.0,[],10.0,10.0,1,10.0,0,0.009729291000013518
mlp_aco,2,7443,78,12,4,0.0,0.0,0.0,0.0,0.20313307642936707,False,False,0.0,0.0,0.0,[],10.0,10.0,1,10.0,0,0.009729291000013518
mlp_aco,2,7444,78,13,1,10.0,110.0,120.0,0.6,0.7161303162574768,True,True,30.0,90.0,0.0,[1],10.0,10.0,1,10.0,0,0.009960333000009314
mlp_aco,2,7444,78,13,2,0.0,0.0,0.0,0.0,0.09907747060060501,False,False,0.0,0.0,0.0,[],10.0,10.0,1,10.0,0,0.009960333000009314
mlp_aco,2,7444,78,13,3,0.0,0.0,0.0,0.0,0.43936213850975037,False,False,0.0,0.0,0.0,[],10.0,10.0,1,10.0,0,0.009960333000009314
mlp_aco,2,7444,78,13,4,0.0,0.0,0.0,0.0,0.20313307642936707,False,False,0.0,0.0,0.0,[],10.0,10.0,1,10.0,0,0.009960333000009314
mlp_aco,2,7445,78,13,1,10.0,90.0,100.0,0.5,0.453531950712204,False,False,0.0,100.0,0.0,[],0.0,0.0,0,0.0,0,3.0419999745845416e-06
mlp_aco,2,7445,78,13,2,0.0,0.0,0.0,0.0,0.09907747060060501,False,False,0.0,0.0,0.0,[],0.0,0.0,0,0.0,0,3.0419999745845416e-06
mlp_aco,2,7445,78,13,3,0.0,0.0,0.0,0.0,0.43936213850975037,False,False,0.0,0.0,0.0,[],0.0,0.0,0,0.0,0,3.0419999745845416e-06
mlp_aco,2,7445,78,13,4,0.0,0.0,0.0,0.0,0.20313307642936707,False,False,0.0,0.0,0.0,[],0.0,0.0,0,0.0,0,3.0419999745845416e-06
mlp_aco,2,7446,78,13,1,11.0,100.0,111.0,0.555,0.6980043649673462,False,False,0.0,111.0,0.0,[],0.0,0.0,0,0.0,0,3.0829999957404652e-06
mlp_aco,2,7446,78,13,2,0.0,0.0,0.0,0.0,0.09907747060060501,False,False,0.0,0.0,0.0,[],0.0,0.0,0,0.0,0,3.0829999957404652e-06
mlp_aco,2,7446,78,13,3,0.0,0.0,0.0,0.0,0.43936213850975037,False,False,0.0,0.0,0.0,[],0.0,0.0,0,0.0,0,3.0829999957404652e-06
mlp_aco,2,7446,78,13,4,0.0,0.0,0.0,0.0,0.20313307642936707,False,False,0.0,0.0,0.0,[],0.0,0.0,0,0.0,0,3.0829999957404652e-06
mlp_aco,2,7447,78,13,1,10.0,111.0,121.0,0.605,0.7876452207565308,True,True,30.0,91.0,0.0,[1],10.0,10.0,1,10.0,0,0.009851957999984506
mlp_aco,2,7447,78,13,2,0.0,0.0,0.0,0.0,0.09907747060060501,False,False,0.0,0.0,0.0,[],10.0,10.0,1,10.0,0,0.009851957999984506
mlp_aco,2,7447,78,13,3,0.0,0.0,0.0,0.0,0.43936213850975037,False,False,0.0,0.0,0.0,[],10.0,10.0,1,10.0,0,0.009851957999984506
mlp_aco,2,7447,78,13,4,0.0,0.0,0.0,0.0,0.20313307642936707,False,False,0.0,0.0,0.0,[],10.0,10.0,1,10.0,0,0.009851957999984506
mlp_aco,2,7448,78,14,1,10.0,91.0,101.0,0.505,0.4890798032283783,False,False,0.0,101.0,0.0,[],0.0,0.0,0,0.0,0,2.582999997002844e-06
mlp_aco,2,7448,78,14,2,0.0,0.0,0.0,0.0,0.09907747060060501,False,False,0.0,0.0,0.0,[],0.0,0.0,0,0.0,0,2.582999997002844e-06
mlp_aco,2,7448,78,14,3,0.0,0.0,0.0,0.0,0.43936213850975037,False,False,0.0,0.0,0.0,[],0.0,0.0,0,0.0,0,2.582999997002844e-06
mlp_aco,2,7448,78,14,4,0.0,0.0,0.0,0.0,0.20313307642936707,False,False,0.0,0.0,0.0,[],0.0,0.0,0,0.0,0,2.582999997002844e-06
mlp_aco,2,7449,78,14,1,11.0,101.0,112.0,0.56,0.7129126191139221,True,True,30.0,82.0,0.0,[1],10.0,10.0,1,10.0,0,0.00976445800000647
mlp_aco,2,7449,78,14,2,0.0,0.0,0.0,0.0,0.09907747060060501,False,False,0.0,0.0,0.0,[],10.0,10.0,1,10.0,0,0.00976445800000647
mlp_aco,2,7449,78,14,3,0.0,0.0,0.0,0.0,0.43936213850975037,False,False,0.0,0.0,0.0,[],10.0,10.0,1,10.0,0,0.00976445800000647
mlp_aco,2,7449,78,14,4,0.0,0.0,0.0,0.0,0.20313307642936707,False,False,0.0,0.0,0.0,[],10.0,10.0,1,10.0,0,0.00976445800000647
mlp_aco,2,7450,78,14,1,10.0,82.0,92.0,0.46,0.4224562346935272,False,False,0.0,92.0,0.0,[],0.0,0.0,0,0.0,0,2.4999999936881068e-06
mlp_aco,2,7450,78,14,2,0.0,0.0,0.0,0.0,0.09907747060060501,False,False,0.0,0.0,0.0,[],0.0,0.0,0,0.0,0,2.4999999936881068e-06
mlp_aco,2,7450,78,14,3,0.0,0.0,0.0,0.0,0.43936213850975037,False,False,0.0,0.0,0.0,[],0.0,0.0,0,0.0,0,2.4999999936881068e-06
mlp_aco,2,7450,78,14,4,0.0,0.0,0.0,0.0,0.20313307642936707,False,False,0.0,0.0,0.0,[],0.0,0.0,0,0.0,0,2.4999999936881068e-06
mlp_aco,2,7451,78,14,1,10.0,92.0,102.0,0.51,0.5014950037002563,False,False,0.0,102.0,0.0,[],0.0,0.0,0,0.0,0,1.9999999949504854e-06
mlp_aco,2,7451,78,14,2,0.0,0.0,0.0,0.0,0.09907747060060501,False,False,0.0,0.0,0.0,[],0.0,0.0,0,0.0,0,1.9999999949504854e-06
mlp_aco,2,7451,78,14,3,0.0,0.0,0.0,0.0,0.43936213850975037,False,False,0.0,0.0,0.0,[],0.0,0.0,0,0.0,0,1.9999999949504854e-06
mlp_aco,2,7451,78,14,4,0.0,0.0,0.0,0.0,0.20313307642936707,False,False,0.0,0.0,0.0,[],0.0,0.0,0,0.0,0,1.9999999949504854e-06
mlp_aco,2,7452,78,15,1,11.0,102.0,113.0,0.565,0.7296774387359619,True,True,30.0,83.0,0.0,[1],10.0,10.0,1,10.0,0,0.009692792000009831
mlp_aco,2,7452,78,15,2,0.0,0.0,0.0,0.0,0.09907747060060501,False,False,0.0,0.0,0.0,[],10.0,10.0,1,10.0,0,0.009692792000009831
mlp_aco,2,7452,78,15,3,0.0,0.0,0.0,0.0,0.43936213850975037,False,False,0.0,0.0,0.0,[],10.0,10.0,1,10.0,0,0.009692792000009831
mlp_aco,2,7452,78,15,4,0.0,0.0,0.0,0.0,0.20313307642936707,False,False,0.0,0.0,0.0,[],10.0,10.0,1,10.0,0,0.009692792000009831
mlp_aco,2,7453,78,15,1,10.0,83.0,93.0,0.465,0.42869383096694946,False,False,0.0,93.0,0.0,[],0.0,0.0,0,0.0,0,3.6659999977928237e-06
mlp_aco,2,7453,78,15,2,0.0,0.0,0.0,0.0,0.09907747060060501,False,False,0.0,0.0,0.0,[],0.0,0.0,0,0.0,0,3.6659999977928237e-06
mlp_aco,2,7453,78,15,3,0.0,0.0,0.0,0.0,0.43936213850975037,False,False,0.0,0.0,0.0,[],0.0,0.0,0,0.0,0,3.6659999977928237e-06
mlp_aco,2,7453,78,15,4,0.0,0.0,0.0,0.0,0.20313307642936707,False,False,0.0,0.0,0.0,[],0.0,0.0,0,0.0,0,3.6659999977928237e-06
mlp_aco,2,7454,78,15,1,8.0,93.0,101.0,0.505,0.3623362183570862,False,False,0.0,101.0,0.0,[],0.0,0.0,0,0.0,0,2.041000016106409e-06
mlp_aco,2,7454,78,15,2,0.0,0.0,0.0,0.0,0.09907747060060501,False,False,0.0,0.0,0.0,[],0.0,0.0,0,0.0,0,2.041000016106409e-06
mlp_aco,2,7454,78,15,3,0.0,0.0,0.0,0.0,0.43936213850975037,False,False,0.0,0.0,0.0,[],0.0,0.0,0,0.0,0,2.041000016106409e-06
mlp_aco,2,7454,78,15,4,0.0,0.0,0.0,0.0,0.20313307642936707,False,False,0.0,0.0,0.0,[],0.0,0.0,0,0.0,0,2.041000016106409e-06
mlp_aco,2,7455,78,15,1,0.0,101.0,101.0,0.505,0.19910216331481934,False,False,0.0,101.0,0.0,[],0.0,0.0,0,0.0,0,2.9170000175327004e-06
mlp_aco,2,7455,78,15,2,0.0,0.0,0.0,0.0,0.09907747060060501,False,False,0.0,0.0,0.0,[],0.0,0.0,0,0.0,0,2.9170000175327004e-06
mlp_aco,2,7455,78,15,3,0.0,0.0,0.0,0.0,0.43936213850975037,False,False,0.0,0.0,0.0,[],0.0,0.0,0,0.0,0,2.9170000175327004e-06
mlp_aco,2,7455,78,15,4,0.0,0.0,0.0,0.0,0.20313307642936707,False,False,0.0,0.0,0.0,[],0.0,0.0,0,0.0,0,2.9170000175327004e-06
mlp_aco,2,7456,78,16,1,0.0,101.0,101.0,0.505,0.24581870436668396,False,False,0.0,101.0,0.0,[],0.0,0.0,0,0.0,0,2.2500000227410055e-06
mlp_aco,2,7456,78,16,2,0.0,0.0,0.0,0.0,0.09907747060060501,False,False,0.0,0.0,0.0,[],0.0,0.0,0,0.0,0,2.2500000227410055e-06
mlp_aco,2,7456,78,16,3,0.0,0.0,0.0,0.0,0.43936213850975037,False,False,0.0,0.0,0.0,[],0.0,0.0,0,0.0,0,2.2500000227410055e-06
mlp_aco,2,7456,78,16,4,0.0,0.0,0.0,0.0,0.20313307642936707,False,False,0.0,0.0,0.0,[],0.0,0.0,0,0.0,0,2.2500000227410055e-06
mlp_aco,2,7457,78,16,1,0.0,101.0,101.0,0.505,0.2833905518054962,False,False,0.0,101.0,0.0,[],0.0,0.0,0,0.0,0,4.042000000481494e-06
mlp_aco,2,7457,78,16,2,0.0,0.0,0.0,0.0,0.09907747060060501,False,False,0.0,0.0,0.0,[],0.0,0.0,0,0.0,0,4.042000000481494e-06
mlp_aco,2,7457,78,16,3,0.0,0.0,0.0,0.0,0.43936213850975037,False,False,0.0,0.0,0.0,[],0.0,0.0,0,0.0,0,4.042000000481494e-06
mlp_aco,2,7457,78,16,4,0.0,0.0,0.0,0.0,0.20313307642936707,False,False,0.0,0.0,0.0,[],0.0,0.0,0,0.0,0,4.042000000481494e-06
mlp_aco,2,7458,78,16,1,0.0,101.0,101.0,0.505,0.3257606327533722,False,False,0.0,101.0,0.0,[],0.0,0.0,0,0.0,0,1.9590000022162712e-06
mlp_aco,2,7458,78,16,2,0.0,0.0,0.0,0.0,0.09907747060060501,False,False,0.0,0.0,0.0,[],0.0,0.0,0,0.0,0,1.9590000022162712e-06
mlp_aco,2,7458,78,16,3,0.0,0.0,0.0,0.0,0.43936213850975037,False,False,0.0,0.0,0.0,[],0.0,0.0,0,0.0,0,1.9590000022162712e-06
mlp_aco,2,7458,78,16,4,0.0,0.0,0.0,0.0,0.20313307642936707,False,False,0.0,0.0,0.0,[],0.0,0.0,0,0.0,0,1.9590000022162712e-06
mlp_aco,2,7459,78,16,1,0.0,101.0,101.0,0.505,0.3257606327533722,False,False,0.0,101.0,0.0,[],0.0,0.0,0,0.0,0,1.9590000022162712e-06
mlp_aco,2,7459,78,16,2,0.0,0.0,0.0,0.0,0.09907747060060501,False,False,0.0,0.0,0.0,[],0.0,0.0,0,0.0,0,1.9590000022162712e-06
mlp_aco,2,7459,78,16,3,0.0,0.0,0.0,0.0,0.43936213850975037,False,False,0.0,0.0,0.0,[],0.0,0.0,0,0.0,0,1.9590000022162712e-06
mlp_aco,2,7459,78,16,4,0.0,0.0,0.0,0.0,0.20313307642936707,False,False,0.0,0.0,0.0,[],0.0,0.0,0,0.0,0,1.9590000022162712e-06
mlp_aco,2,7460,78,17,1,0.0,101.0,101.0,0.505,0.3257606327533722,False,False,0.0,101.0,0.0,[],0.0,0.0,0,0.0,0,2.5410000148440304e-06
mlp_aco,2,7460,78,17,2,0.0,0.0,0.0,0.0,0.09907747060060501,False,False,0.0,0.0,0.0,[],0.0,0.0,0,0.0,0,2.5410000148440304e-06
mlp_aco,2,7460,78,17,3,0.0,0.0,0.0,0.0,0.43936213850975037,False,False,0.0,0.0,0.0,[],0.0,0.0,0,0.0,0,2.5410000148440304e-06
mlp_aco,2,7460,78,17,4,0.0,0.0,0.0,0.0,0.20313307642936707,False,False,0.0,0.0,0.0,[],0.0,0.0,0,0.0,0,2.5410000148440304e-06
mlp_aco,2,7461,78,17,1,0.0,101.0,101.0,0.505,0.3257606327533722,False,False,0.0,101.0,0.0,[],0.0,0.0,0,0.0,0,1.9169999916357483e-06
mlp_aco,2,7461,78,17,2,0.0,0.0,0.0,0.0,0.09907747060060501,False,False,0.0,0.0,0.0,[],0.0,0.0,0,0.0,0,1.9169999916357483e-06
mlp_aco,2,7461,78,17,3,0.0,0.0,0.0,0.0,0.43936213850975037,False,False,0.0,0.0,0.0,[],0.0,0.0,0,0.0,0,1.9169999916357483e-06
mlp_aco,2,7461,78,17,4,0.0,0.0,0.0,0.0,0.20313307642936707,False,False,0.0,0.0,0.0,[],0.0,0.0,0,0.0,0,1.9169999916357483e-06
mlp_aco,2,7462,78,17,1,0.0,101.0,101.0,0.505,0.3257606327533722,False,False,0.0,101.0,0.0,[],0.0,0.0,0,0.0,0,2.7090000003227033e-06
mlp_aco,2,7462,78,17,2,0.0,0.0,0.0,0.0,0.09907747060060501,False,False,0.0,0.0,0.0,[],0.0,0.0,0,0.0,0,2.7090000003227033e-06
mlp_aco,2,7462,78,17,3,0.0,0.0,0.0,0.0,0.43936213850975037,False,False,0.0,0.0,0.0,[],0.0,0.0,0,0.0,0,2.7090000003227033e-06
mlp_aco,2,7462,78,17,4,0.0,0.0,0.0,0.0,0.20313307642936707,False,False,0.0,0.0,0.0,[],0.0,0.0,0,0.0,0,2.7090000003227033e-06
mlp_aco,2,7463,78,17,1,0.0,101.0,101.0,0.505,0.3257606327533722,False,False,0.0,101.0,0.0,[],0.0,0.0,0,0.0,0,2.207999983738773e-06
mlp_aco,2,7463,78,17,2,0.0,0.0,0.0,0.0,0.09907747060060501,False,False,0.0,0.0,0.0,[],0.0,0.0,0,0.0,0,2.207999983738773e-06
mlp_aco,2,7463,78,17,3,0.0,0.0,0.0,0.0,0.43936213850975037,False,False,0.0,0.0,0.0,[],0.0,0.0,0,0.0,0,2.207999983738773e-06
mlp_aco,2,7463,78,17,4,0.0,0.0,0.0,0.0,0.20313307642936707,False,False,0.0,0.0,0.0,[],0.0,0.0,0,0.0,0,2.207999983738773e-06
mlp_aco,2,7464,78,18,1,0.0,101.0,101.0,0.505,0.3257606327533722,False,False,0.0,101.0,0.0,[],0.0,0.0,0,0.0,0,2.708000010898104e-06
mlp_aco,2,7464,78,18,2,0.0,0.0,0.0,0.0,0.09907747060060501,False,False,0.0,0.0,0.0,[],0.0,0.0,0,0.0,0,2.708000010898104e-06
mlp_aco,2,7464,78,18,3,0.0,0.0,0.0,0.0,0.43936213850975037,False,False,0.0,0.0,0.0,[],0.0,0.0,0,0.0,0,2.708000010898104e-06
mlp_aco,2,7464,78,18,4,0.0,0.0,0.0,0.0,0.20313307642936707,False,False,0.0,0.0,0.0,[],0.0,0.0,0,0.0,0,2.708000010898104e-06
mlp_aco,2,7465,78,18,1,0.0,101.0,101.0,0.505,0.3257606327533722,False,False,0.0,101.0,0.0,[],0.0,0.0,0,0.0,0,2.999999992425728e-06
mlp_aco,2,7465,78,18,2,0.0,0.0,0.0,0.0,0.09907747060060501,False,False,0.0,0.0,0.0,[],0.0,0.0,0,0.0,0,2.999999992425728e-06
mlp_aco,2,7465,78,18,3,0.0,0.0,0.0,0.0,0.43936213850975037,False,False,0.0,0.0,0.0,[],0.0,0.0,0,0.0,0,2.999999992425728e-06
mlp_aco,2,7465,78,18,4,0.0,0.0,0.0,0.0,0.20313307642936707,False,False,0.0,0.0,0.0,[],0.0,0.0,0,0.0,0,2.999999992425728e-06
mlp_aco,2,7466,78,18,1,0.0,101.0,101.0,0.505,0.3257606327533722,False,False,0.0,101.0,0.0,[],0.0,0.0,0,0.0,0,2.124999980424036e-06
mlp_aco,2,7466,78,18,2,0.0,0.0,0.0,0.0,0.09907747060060501,False,False,0.0,0.0,0.0,[],0.0,0.0,0,0.0,0,2.124999980424036e-06
mlp_aco,2,7466,78,18,3,0.0,0.0,0.0,0.0,0.43936213850975037,False,False,0.0,0.0,0.0,[],0.0,0.0,0,0.0,0,2.124999980424036e-06
mlp_aco,2,7466,78,18,4,0.0,0.0,0.0,0.0,0.20313307642936707,False,False,0.0,0.0,0.0,[],0.0,0.0,0,0.0,0,2.124999980424036e-06
mlp_aco,2,7467,78,18,1,0.0,101.0,101.0,0.505,0.3257606327533722,False,False,0.0,101.0,0.0,[],0.0,0.0,0,0.0,0,2.4169999903733697e-06
mlp_aco,2,7467,78,18,2,0.0,0.0,0.0,0.0,0.09907747060060501,False,False,0.0,0.0,0.0,[],0.0,0.0,0,0.0,0,2.4169999903733697e-06
mlp_aco,2,7467,78,18,3,0.0,0.0,0.0,0.0,0.43936213850975037,False,False,0.0,0.0,0.0,[],0.0,0.0,0,0.0,0,2.4169999903733697e-06
mlp_aco,2,7467,78,18,4,0.0,0.0,0.0,0.0,0.20313307642936707,False,False,0.0,0.0,0.0,[],0.0,0.0,0,0.0,0,2.4169999903733697e-06
mlp_aco,2,7468,78,19,1,0.0,101.0,101.0,0.505,0.3257606327533722,False,False,0.0,101.0,0.0,[],0.0,0.0,0,0.0,0,2.249999994319296e-06
mlp_aco,2,7468,78,19,2,0.0,0.0,0.0,0.0,0.09907747060060501,False,False,0.0,0.0,0.0,[],0.0,0.0,0,0.0,0,2.249999994319296e-06
mlp_aco,2,7468,78,19,3,0.0,0.0,0.0,0.0,0.43936213850975037,False,False,0.0,0.0,0.0,[],0.0,0.0,0,0.0,0,2.249999994319296e-06
mlp_aco,2,7468,78,19,4,0.0,0.0,0.0,0.0,0.20313307642936707,False,False,0.0,0.0,0.0,[],0.0,0.0,0,0.0,0,2.249999994319296e-06
mlp_aco,2,7469,78,19,1,0.0,101.0,101.0,0.505,0.3257606327533722,False,False,0.0,101.0,0.0,[],0.0,0.0,0,0.0,0,1.958999973794562e-06
mlp_aco,2,7469,78,19,2,0.0,0.0,0.0,0.0,0.09907747060060501,False,False,0.0,0.0,0.0,[],0.0,0.0,0,0.0,0,1.958999973794562e-06
mlp_aco,2,7469,78,19,3,0.0,0.0,0.0,0.0,0.43936213850975037,False,False,0.0,0.0,0.0,[],0.0,0.0,0,0.0,0,1.958999973794562e-06
mlp_aco,2,7469,78,19,4,0.0,0.0,0.0,0.0,0.20313307642936707,False,False,0.0,0.0,0.0,[],0.0,0.0,0,0.0,0,1.958999973794562e-06
mlp_aco,2,7470,78,19,1,0.0,101.0,101.0,0.505,0.3257606327533722,False,False,0.0,101.0,0.0,[],0.0,0.0,0,0.0,0,2.500000022109816e-06
mlp_aco,2,7470,78,19,2,0.0,0.0,0.0,0.0,0.09907747060060501,False,False,0.0,0.0,0.0,[],0.0,0.0,0,0.0,0,2.500000022109816e-06
mlp_aco,2,7470,78,19,3,0.0,0.0,0.0,0.0,0.43936213850975037,False,False,0.0,0.0,0.0,[],0.0,0.0,0,0.0,0,2.500000022109816e-06
mlp_aco,2,7470,78,19,4,0.0,0.0,0.0,0.0,0.20313307642936707,False,False,0.0,0.0,0.0,[],0.0,0.0,0,0.0,0,2.500000022109816e-06
mlp_aco,2,7471,78,19,1,0.0,101.0,101.0,0.505,0.3257606327533722,False,False,0.0,101.0,0.0,[],0.0,0.0,0,0.0,0,1.9590000022162712e-06
mlp_aco,2,7471,78,19,2,0.0,0.0,0.0,0.0,0.09907747060060501,False,False,0.0,0.0,0.0,[],0.0,0.0,0,0.0,0,1.9590000022162712e-06
mlp_aco,2,7471,78,19,3,0.0,0.0,0.0,0.0,0.43936213850975037,False,False,0.0,0.0,0.0,[],0.0,0.0,0,0.0,0,1.9590000022162712e-06
mlp_aco,2,7471,78,19,4,0.0,0.0,0.0,0.0,0.20313307642936707,False,False,0.0,0.0,0.0,[],0.0,0.0,0,0.0,0,1.9590000022162712e-06
mlp_aco,2,7472,78,20,1,0.0,101.0,101.0,0.505,0.3257606327533722,False,False,0.0,101.0,0.0,[],0.0,0.0,0,0.0,0,2.4999999936881068e-06
mlp_aco,2,7472,78,20,2,0.0,0.0,0.0,0.0,0.09907747060060501,False,False,0.0,0.0,0.0,[],0.0,0.0,0,0.0,0,2.4999999936881068e-06
mlp_aco,2,7472,78,20,3,0.0,0.0,0.0,0.0,0.43936213850975037,False,False,0.0,0.0,0.0,[],0.0,0.0,0,0.0,0,2.4999999936881068e-06
mlp_aco,2,7472,78,20,4,0.0,0.0,0.0,0.0,0.20313307642936707,False,False,0.0,0.0,0.0,[],0.0,0.0,0,0.0,0,2.4999999936881068e-06
mlp_aco,2,7473,78,20,1,0.0,101.0,101.0,0.505,0.3257606327533722,False,False,0.0,101.0,0.0,[],0.0,0.0,0,0.0,0,2.292000004899819e-06
mlp_aco,2,7473,78,20,2,0.0,0.0,0.0,0.0,0.09907747060060501,False,False,0.0,0.0,0.0,[],0.0,0.0,0,0.0,0,2.292000004899819e-06
mlp_aco,2,7473,78,20,3,0.0,0.0,0.0,0.0,0.43936213850975037,False,False,0.0,0.0,0.0,[],0.0,0.0,0,0.0,0,2.292000004899819e-06
mlp_aco,2,7473,78,20,4,0.0,0.0,0.0,0.0,0.20313307642936707,False,False,0.0,0.0,0.0,[],0.0,0.0,0,0.0,0,2.292000004899819e-06
mlp_aco,2,7474,78,20,1,0.0,101.0,101.0,0.505,0.3257606327533722,False,False,0.0,101.0,0.0,[],0.0,0.0,0,0.0,0,2.0829999982652225e-06
mlp_aco,2,7474,78,20,2,0.0,0.0,0.0,0.0,0.09907747060060501,False,False,0.0,0.0,0.0,[],0.0,0.0,0,0.0,0,2.0829999982652225e-06
mlp_aco,2,7474,78,20,3,0.0,0.0,0.0,0.0,0.43936213850975037,False,False,0.0,0.0,0.0,[],0.0,0.0,0,0.0,0,2.0829999982652225e-06
mlp_aco,2,7474,78,20,4,0.0,0.0,0.0,0.0,0.20313307642936707,False,False,0.0,0.0,0.0,[],0.0,0.0,0,0.0,0,2.0829999982652225e-06
mlp_aco,2,7475,78,20,1,0.0,101.0,101.0,0.505,0.3257606327533722,False,False,0.0,101.0,0.0,[],0.0,0.0,0,0.0,0,3.0830000241621747e-06
mlp_aco,2,7475,78,20,2,0.0,0.0,0.0,0.0,0.09907747060060501,False,False,0.0,0.0,0.0,[],0.0,0.0,0,0.0,0,3.0830000241621747e-06
mlp_aco,2,7475,78,20,3,0.0,0.0,0.0,0.0,0.43936213850975037,False,False,0.0,0.0,0.0,[],0.0,0.0,0,0.0,0,3.0830000241621747e-06
mlp_aco,2,7475,78,20,4,0.0,0.0,0.0,0.0,0.20313307642936707,False,False,0.0,0.0,0.0,[],0.0,0.0,0,0.0,0,3.0830000241621747e-06
mlp_aco,2,7476,78,21,1,0.0,101.0,101.0,0.505,0.3257606327533722,False,False,0.0,101.0,0.0,[],0.0,0.0,0,0.0,0,1.9169999916357483e-06
mlp_aco,2,7476,78,21,2,0.0,0.0,0.0,0.0,0.09907747060060501,False,False,0.0,0.0,0.0,[],0.0,0.0,0,0.0,0,1.9169999916357483e-06
mlp_aco,2,7476,78,21,3,0.0,0.0,0.0,0.0,0.43936213850975037,False,False,0.0,0.0,0.0,[],0.0,0.0,0,0.0,0,1.9169999916357483e-06
mlp_aco,2,7476,78,21,4,0.0,0.0,0.0,0.0,0.20313307642936707,False,False,0.0,0.0,0.0,[],0.0,0.0,0,0.0,0,1.9169999916357483e-06
mlp_aco,2,7477,78,21,1,0.0,101.0,101.0,0.505,0.3257606327533722,False,False,0.0,101.0,0.0,[],0.0,0.0,0,0.0,0,2.582999997002844e-06
mlp_aco,2,7477,78,21,2,0.0,0.0,0.0,0.0,0.09907747060060501,False,False,0.0,0.0,0.0,[],0.0,0.0,0,0.0,0,2.582999997002844e-06
mlp_aco,2,7477,78,21,3,0.0,0.0,0.0,0.0,0.43936213850975037,False,False,0.0,0.0,0.0,[],0.0,0.0,0,0.0,0,2.582999997002844e-06
mlp_aco,2,7477,78,21,4,0.0,0.0,0.0,0.0,0.20313307642936707,False,False,0.0,0.0,0.0,[],0.0,0.0,0,0.0,0,2.582999997002844e-06
mlp_aco,2,7478,78,21,1,0.0,101.0,101.0,0.505,0.3257606327533722,False,False,0.0,101.0,0.0,[],0.0,0.0,0,0.0,0,1.9999999949504854e-06
mlp_aco,2,7478,78,21,2,0.0,0.0,0.0,0.0,0.09907747060060501,False,False,0.0,0.0,0.0,[],0.0,0.0,0,0.0,0,1.9999999949504854e-06
mlp_aco,2,7478,78,21,3,0.0,0.0,0.0,0.0,0.43936213850975037,False,False,0.0,0.0,0.0,[],0.0,0.0,0,0.0,0,1.9999999949504854e-06
mlp_aco,2,7478,78,21,4,0.0,0.0,0.0,0.0,0.20313307642936707,False,False,0.0,0.0,0.0,[],0.0,0.0,0,0.0,0,1.9999999949504854e-06
mlp_aco,2,7479,78,21,1,0.0,101.0,101.0,0.505,0.3257606327533722,False,False,0.0,101.0,0.0,[],0.0,0.0,0,0.0,0,2.0420000055310084e-06
mlp_aco,2,7479,78,21,2,0.0,0.0,0.0,0.0,0.09907747060060501,False,False,0.0,0.0,0.0,[],0.0,0.0,0,0.0,0,2.0420000055310084e-06
mlp_aco,2,7479,78,21,3,0.0,0.0,0.0,0.0,0.43936213850975037,False,False,0.0,0.0,0.0,[],0.0,0.0,0,0.0,0,2.0420000055310084e-06
mlp_aco,2,7479,78,21,4,0.0,0.0,0.0,0.0,0.20313307642936707,False,False,0.0,0.0,0.0,[],0.0,0.0,0,0.0,0,2.0420000055310084e-06
mlp_aco,2,7480,78,22,1,0.0,101.0,101.0,0.505,0.3257606327533722,False,False,0.0,101.0,0.0,[],0.0,0.0,0,0.0,0,2.209000001585082e-06
mlp_aco,2,7480,78,22,2,0.0,0.0,0.0,0.0,0.09907747060060501,False,False,0.0,0.0,0.0,[],0.0,0.0,0,0.0,0,2.209000001585082e-06
mlp_aco,2,7480,78,22,3,0.0,0.0,0.0,0.0,0.43936213850975037,False,False,0.0,0.0,0.0,[],0.0,0.0,0,0.0,0,2.209000001585082e-06
mlp_aco,2,7480,78,22,4,0.0,0.0,0.0,0.0,0.20313307642936707,False,False,0.0,0.0,0.0,[],0.0,0.0,0,0.0,0,2.209000001585082e-06
mlp_aco,2,7481,78,22,1,0.0,101.0,101.0,0.505,0.3257606327533722,False,False,0.0,101.0,0.0,[],0.0,0.0,0,0.0,0,1.8750000094769348e-06
mlp_aco,2,7481,78,22,2,0.0,0.0,0.0,0.0,0.09907747060060501,False,False,0.0,0.0,0.0,[],0.0,0.0,0,0.0,0,1.8750000094769348e-06
mlp_aco,2,7481,78,22,3,0.0,0.0,0.0,0.0,0.43936213850975037,False,False,0.0,0.0,0.0,[],0.0,0.0,0,0.0,0,1.8750000094769348e-06
mlp_aco,2,7481,78,22,4,0.0,0.0,0.0,0.0,0.20313307642936707,False,False,0.0,0.0,0.0,[],0.0,0.0,0,0.0,0,1.8750000094769348e-06
mlp_aco,2,7482,78,22,1,0.0,101.0,101.0,0.505,0.3257606327533722,False,False,0.0,101.0,0.0,[],0.0,0.0,0,0.0,0,3.0000000208474376e-06
mlp_aco,2,7482,78,22,2,0.0,0.0,0.0,0.0,0.09907747060060501,False,False,0.0,0.0,0.0,[],0.0,0.0,0,0.0,0,3.0000000208474376e-06
mlp_aco,2,7482,78,22,3,0.0,0.0,0.0,0.0,0.43936213850975037,False,False,0.0,0.0,0.0,[],0.0,0.0,0,0.0,0,3.0000000208474376e-06
mlp_aco,2,7482,78,22,4,0.0,0.0,0.0,0.0,0.20313307642936707,False,False,0.0,0.0,0.0,[],0.0,0.0,0,0.0,0,3.0000000208474376e-06
mlp_aco,2,7483,78,22,1,0.0,101.0,101.0,0.505,0.3257606327533722,False,False,0.0,101.0,0.0,[],0.0,0.0,0,0.0,0,1.9579999843699625e-06
mlp_aco,2,7483,78,22,2,0.0,0.0,0.0,0.0,0.09907747060060501,False,False,0.0,0.0,0.0,[],0.0,0.0,0,0.0,0,1.9579999843699625e-06
mlp_aco,2,7483,78,22,3,0.0,0.0,0.0,0.0,0.43936213850975037,False,False,0.0,0.0,0.0,[],0.0,0.0,0,0.0,0,1.9579999843699625e-06
mlp_aco,2,7483,78,22,4,0.0,0.0,0.0,0.0,0.20313307642936707,False,False,0.0,0.0,0.0,[],0.0,0.0,0,0.0,0,1.9579999843699625e-06
mlp_aco,2,7484,78,23,1,0.0,101.0,101.0,0.505,0.3257606327533722,False,False,0.0,101.0,0.0,[],0.0,0.0,0,0.0,0,1.8329999988964119e-06
mlp_aco,2,7484,78,23,2,0.0,0.0,0.0,0.0,0.09907747060060501,False,False,0.0,0.0,0.0,[],0.0,0.0,0,0.0,0,1.8329999988964119e-06
mlp_aco,2,7484,78,23,3,0.0,0.0,0.0,0.0,0.43936213850975037,False,False,0.0,0.0,0.0,[],0.0,0.0,0,0.0,0,1.8329999988964119e-06
mlp_aco,2,7484,78,23,4,0.0,0.0,0.0,0.0,0.20313307642936707,False,False,0.0,0.0,0.0,[],0.0,0.0,0,0.0,0,1.8329999988964119e-06
mlp_aco,2,7485,78,23,1,0.0,101.0,101.0,0.505,0.3257606327533722,False,False,0.0,101.0,0.0,[],0.0,0.0,0,0.0,0,3.1249999778992787e-06
mlp_aco,2,7485,78,23,2,0.0,0.0,0.0,0.0,0.09907747060060501,False,False,0.0,0.0,0.0,[],0.0,0.0,0,0.0,0,3.1249999778992787e-06
mlp_aco,2,7485,78,23,3,0.0,0.0,0.0,0.0,0.43936213850975037,False,False,0.0,0.0,0.0,[],0.0,0.0,0,0.0,0,3.1249999778992787e-06
mlp_aco,2,7485,78,23,4,0.0,0.0,0.0,0.0,0.20313307642936707,False,False,0.0,0.0,0.0,[],0.0,0.0,0,0.0,0,3.1249999778992787e-06
mlp_aco,2,7486,78,23,1,0.0,101.0,101.0,0.505,0.3257606327533722,False,False,0.0,101.0,0.0,[],0.0,0.0,0,0.0,0,1.8329999988964119e-06
mlp_aco,2,7486,78,23,2,0.0,0.0,0.0,0.0,0.09907747060060501,False,False,0.0,0.0,0.0,[],0.0,0.0,0,0.0,0,1.8329999988964119e-06
mlp_aco,2,7486,78,23,3,0.0,0.0,0.0,0.0,0.43936213850975037,False,False,0.0,0.0,0.0,[],0.0,0.0,0,0.0,0,1.8329999988964119e-06
mlp_aco,2,7486,78,23,4,0.0,0.0,0.0,0.0,0.20313307642936707,False,False,0.0,0.0,0.0,[],0.0,0.0,0,0.0,0,1.8329999988964119e-06
mlp_aco,2,7487,78,23,1,0.0,101.0,101.0,0.505,0.3257606327533722,False,False,0.0,101.0,0.0,[],0.0,0.0,0,0.0,0,2.332999997634033e-06
mlp_aco,2,7487,78,23,2,0.0,0.0,0.0,0.0,0.09907747060060501,False,False,0.0,0.0,0.0,[],0.0,0.0,0,0.0,0,2.332999997634033e-06
mlp_aco,2,7487,78,23,3,0.0,0.0,0.0,0.0,0.43936213850975037,False,False,0.0,0.0,0.0,[],0.0,0.0,0,0.0,0,2.332999997634033e-06
mlp_aco,2,7487,78,23,4,0.0,0.0,0.0,0.0,0.20313307642936707,False,False,0.0,0.0,0.0,[],0.0,0.0,0,0.0,0,2.332999997634033e-06
mlp_aco,2,7488,79,0,1,42.0,101.0,143.0,0.715,0.9999993443489075,True,True,30.0,113.0,0.0,[1],10.0,10.0,1,10.0,0,0.009982250000007298
mlp_aco,2,7488,79,0,2,0.0,0.0,0.0,0.0,0.09907747060060501,False,False,0.0,0.0,0.0,[],10.0,10.0,1,10.0,0,0.009982250000007298
mlp_aco,2,7488,79,0,3,0.0,0.0,0.0,0.0,0.43936213850975037,False,False,0.0,0.0,0.0,[],10.0,10.0,1,10.0,0,0.009982250000007298
mlp_aco,2,7488,79,0,4,0.0,0.0,0.0,0.0,0.20313307642936707,False,False,0.0,0.0,0.0,[],10.0,10.0,1,10.0,0,0.009982250000007298
mlp_aco,2,7489,79,0,1,42.0,113.0,155.0,0.775,0.9999999403953552,True,True,30.0,125.0,0.0,[1],10.0,10.0,1,10.0,0,0.00969729199999847
mlp_aco,2,7489,79,0,2,0.0,0.0,0.0,0.0,0.09907747060060501,False,False,0.0,0.0,0.0,[],10.0,10.0,1,10.0,0,0.00969729199999847
mlp_aco,2,7489,79,0,3,0.0,0.0,0.0,0.0,0.43936213850975037,False,False,0.0,0.0,0.0,[],10.0,10.0,1,10.0,0,0.00969729199999847
mlp_aco,2,7489,79,0,4,0.0,0.0,0.0,0.0,0.20313307642936707,False,False,0.0,0.0,0.0,[],10.0,10.0,1,10.0,0,0.00969729199999847
mlp_aco,2,7490,79,0,1,43.0,125.0,168.0,0.84,1.0,True,True,30.0,138.0,0.0,[1],10.0,10.0,1,10.0,0,0.009762166999990995
mlp_aco,2,7490,79,0,2,0.0,0.0,0.0,0.0,0.09907747060060501,False,False,0.0,0.0,0.0,[],10.0,10.0,1,10.0,0,0.009762166999990995
mlp_aco,2,7490,79,0,3,0.0,0.0,0.0,0.0,0.43936213850975037,False,False,0.0,0.0,0.0,[],10.0,10.0,1,10.0,0,0.009762166999990995
mlp_aco,2,7490,79,0,4,0.0,0.0,0.0,0.0,0.20313307642936707,False,False,0.0,0.0,0.0,[],10.0,10.0,1,10.0,0,0.009762166999990995
mlp_aco,2,7491,79,0,1,42.0,138.0,180.0,0.9,1.0,True,True,30.0,150.0,0.0,[1],10.0,10.0,1,10.0,0,0.009695291000014095
mlp_aco,2,7491,79,0,2,0.0,0.0,0.0,0.0,0.09907747060060501,False,False,0.0,0.0,0.0,[],10.0,10.0,1,10.0,0,0.009695291000014095
mlp_aco,2,7491,79,0,3,0.0,0.0,0.0,0.0,0.43936213850975037,False,False,0.0,0.0,0.0,[],10.0,10.0,1,10.0,0,0.009695291000014095
mlp_aco,2,7491,79,0,4,0.0,0.0,0.0,0.0,0.20313307642936707,False,False,0.0,0.0,0.0,[],10.0,10.0,1,10.0,0,0.009695291000014095
mlp_aco,2,7492,79,1,1,44.0,150.0,194.0,0.97,1.0,True,True,30.0,164.0,0.0,[1],10.0,10.0,1,10.0,0,0.009886249999993879
mlp_aco,2,7492,79,1,2,0.0,0.0,0.0,0.0,0.09907747060060501,False,False,0.0,0.0,0.0,[],10.0,10.0,1,10.0,0,0.009886249999993879
mlp_aco,2,7492,79,1,3,0.0,0.0,0.0,0.0,0.43936213850975037,False,False,0.0,0.0,0.0,[],10.0,10.0,1,10.0,0,0.009886249999993879
mlp_aco,2,7492,79,1,4,0.0,0.0,0.0,0.0,0.20313307642936707,False,False,0.0,0.0,0.0,[],10.0,10.0,1,10.0,0,0.009886249999993879
mlp_aco,2,7493,79,1,1,42.0,164.0,206.0,1.03,1.0,True,True,30.0,176.0,0.0,[1],10.0,10.0,1,10.0,0,0.009885124999982509
mlp_aco,2,7493,79,1,2,0.0,0.0,0.0,0.0,0.09907747060060501,False,False,0.0,0.0,0.0,[],10.0,10.0,1,10.0,0,0.009885124999982509
mlp_aco,2,7493,79,1,3,0.0,0.0,0.0,0.0,0.43936213850975037,False,False,0.0,0.0,0.0,[],10.0,10.0,1,10.0,0,0.009885124999982509
mlp_aco,2,7493,79,1,4,0.0,0.0,0.0,0.0,0.20313307642936707,False,False,0.0,0.0,0.0,[],10.0,10.0,1,10.0,0,0.009885124999982509
mlp_aco,2,7494,79,1,1,43.0,176.0,219.0,1.095,1.0,True,True,30.0,189.0,0.0,[1],10.0,10.0,1,10.0,0,0.00985033300000282
mlp_aco,2,7494,79,1,2,0.0,0.0,0.0,0.0,0.09907747060060501,False,False,0.0,0.0,0.0,[],10.0,10.0,1,10.0,0,0.00985033300000282
mlp_aco,2,7494,79,1,3,0.0,0.0,0.0,0.0,0.43936213850975037,False,False,0.0,0.0,0.0,[],10.0,10.0,1,10.0,0,0.00985033300000282
mlp_aco,2,7494,79,1,4,0.0,0.0,0.0,0.0,0.20313307642936707,False,False,0.0,0.0,0.0,[],10.0,10.0,1,10.0,0,0.00985033300000282
mlp_aco,2,7495,79,1,1,42.0,189.0,231.0,1.155,1.0,True,True,30.0,200.0,1.0,[1],10.0,10.0,1,10.0,0,0.009553833000012446
mlp_aco,2,7495,79,1,2,0.0,0.0,0.0,0.0,0.09907747060060501,False,False,0.0,0.0,0.0,[],10.0,10.0,1,10.0,0,0.009553833000012446
mlp_aco,2,7495,79,1,3,0.0,0.0,0.0,0.0,0.43936213850975037,False,False,0.0,0.0,0.0,[],10.0,10.0,1,10.0,0,0.009553833000012446
mlp_aco,2,7495,79,1,4,0.0,0.0,0.0,0.0,0.20313307642936707,False,False,0.0,0.0,0.0,[],10.0,10.0,1,10.0,0,0.009553833000012446
mlp_aco,2,7496,79,2,1,44.0,200.0,244.0,1.22,1.0,True,True,30.0,200.0,14.0,[1],10.0,10.0,1,10.0,0,0.009601250000002892
mlp_aco,2,7496,79,2,2,0.0,0.0,0.0,0.0,0.09907747060060501,False,False,0.0,0.0,0.0,[],10.0,10.0,1,10.0,0,0.009601250000002892
mlp_aco,2,7496,79,2,3,0.0,0.0,0.0,0.0,0.43936213850975037,False,False,0.0,0.0,0.0,[],10.0,10.0,1,10.0,0,0.009601250000002892
mlp_aco,2,7496,79,2,4,0.0,0.0,0.0,0.0,0.20313307642936707,False,False,0.0,0.0,0.0,[],10.0,10.0,1,10.0,0,0.009601250000002892
mlp_aco,2,7497,79,2,1,43.0,200.0,243.0,1.215,1.0,True,True,30.0,200.0,13.0,[1],10.0,10.0,1,10.0,0,0.009790374999994356
mlp_aco,2,7497,79,2,2,0.0,0.0,0.0,0.0,0.09907747060060501,False,False,0.0,0.0,0.0,[],10.0,10.0,1,10.0,0,0.009790374999994356
mlp_aco,2,7497,79,2,3,0.0,0.0,0.0,0.0,0.43936213850975037,False,False,0.0,0.0,0.0,[],10.0,10.0,1,10.0,0,0.009790374999994356
mlp_aco,2,7497,79,2,4,0.0,0.0,0.0,0.0,0.20313307642936707,False,False,0.0,0.0,0.0,[],10.0,10.0,1,10.0,0,0.009790374999994356
mlp_aco,2,7498,79,2,1,43.0,200.0,243.0,1.215,1.0,True,True,30.0,200.0,13.0,[1],10.0,10.0,1,10.0,0,0.009862583999989738
mlp_aco,2,7498,79,2,2,0.0,0.0,0.0,0.0,0.09907747060060501,False,False,0.0,0.0,0.0,[],10.0,10.0,1,10.0,0,0.009862583999989738
mlp_aco,2,7498,79,2,3,0.0,0.0,0.0,0.0,0.43936213850975037,False,False,0.0,0.0,0.0,[],10.0,10.0,1,10.0,0,0.009862583999989738
mlp_aco,2,7498,79,2,4,0.0,0.0,0.0,0.0,0.20313307642936707,False,False,0.0,0.0,0.0,[],10.0,10.0,1,10.0,0,0.009862583999989738
mlp_aco,2,7499,79,2,1,42.0,200.0,242.0,1.21,1.0,True,True,30.0,200.0,12.0,[1],10.0,10.0,1,10.0,0,0.009820791000009876
mlp_aco,2,7499,79,2,2,0.0,0.0,0.0,0.0,0.09907747060060501,False,False,0.0,0.0,0.0,[],10.0,10.0,1,10.0,0,0.009820791000009876
mlp_aco,2,7499,79,2,3,0.0,0.0,0.0,0.0,0.43936213850975037,False,False,0.0,0.0,0.0,[],10.0,10.0,1,10.0,0,0.009820791000009876
mlp_aco,2,7499,79,2,4,0.0,0.0,0.0,0.0,0.20313307642936707,False,False,0.0,0.0,0.0,[],10.0,10.0,1,10.0,0,0.009820791000009876
mlp_aco,2,7500,79,3,1,44.0,200.0,244.0,1.22,1.0,True,True,30.0,200.0,14.0,[1],10.0,10.0,1,10.0,0,0.009539084000010689
mlp_aco,2,7500,79,3,2,0.0,0.0,0.0,0.0,0.09907747060060501,False,False,0.0,0.0,0.0,[],10.0,10.0,1,10.0,0,0.009539084000010689
mlp_aco,2,7500,79,3,3,0.0,0.0,0.0,0.0,0.43936213850975037,False,False,0.0,0.0,0.0,[],10.0,10.0,1,10.0,0,0.009539084000010689
mlp_aco,2,7500,79,3,4,0.0,0.0,0.0,0.0,0.20313307642936707,False,False,0.0,0.0,0.0,[],10.0,10.0,1,10.0,0,0.009539084000010689
mlp_aco,2,7501,79,3,1,42.0,200.0,242.0,1.21,1.0,True,True,30.0,200.0,12.0,[1],10.0,10.0,1,10.0,0,0.009932041000013214
mlp_aco,2,7501,79,3,2,0.0,0.0,0.0,0.0,0.09907747060060501,False,False,0.0,0.0,0.0,[],10.0,10.0,1,10.0,0,0.009932041000013214
mlp_aco,2,7501,79,3,3,0.0,0.0,0.0,0.0,0.43936213850975037,False,False,0.0,0.0,0.0,[],10.0,10.0,1,10.0,0,0.009932041000013214
mlp_aco,2,7501,79,3,4,0.0,0.0,0.0,0.0,0.20313307642936707,False,False,0.0,0.0,0.0,[],10.0,10.0,1,10.0,0,0.009932041000013214
mlp_aco,2,7502,79,3,1,42.0,200.0,242.0,1.21,1.0,True,True,30.0,200.0,12.0,[1],10.0,10.0,1,10.0,0,0.009711083000013332
mlp_aco,2,7502,79,3,2,0.0,0.0,0.0,0.0,0.09907747060060501,False,False,0.0,0.0,0.0,[],10.0,10.0,1,10.0,0,0.009711083000013332
mlp_aco,2,7502,79,3,3,0.0,0.0,0.0,0.0,0.43936213850975037,False,False,0.0,0.0,0.0,[],10.0,10.0,1,10.0,0,0.009711083000013332
mlp_aco,2,7502,79,3,4,0.0,0.0,0.0,0.0,0.20313307642936707,False,False,0.0,0.0,0.0,[],10.0,10.0,1,10.0,0,0.009711083000013332
mlp_aco,2,7503,79,3,1,43.0,200.0,243.0,1.215,1.0,True,True,30.0,200.0,13.0,[1],10.0,10.0,1,10.0,0,0.009589290999997502
mlp_aco,2,7503,79,3,2,0.0,0.0,0.0,0.0,0.09907747060060501,False,False,0.0,0.0,0.0,[],10.0,10.0,1,10.0,0,0.009589290999997502
mlp_aco,2,7503,79,3,3,0.0,0.0,0.0,0.0,0.43936213850975037,False,False,0.0,0.0,0.0,[],10.0,10.0,1,10.0,0,0.009589290999997502
mlp_aco,2,7503,79,3,4,0.0,0.0,0.0,0.0,0.20313307642936707,False,False,0.0,0.0,0.0,[],10.0,10.0,1,10.0,0,0.009589290999997502
mlp_aco,2,7504,79,4,1,42.0,200.0,242.0,1.21,1.0,True,True,30.0,200.0,12.0,[1],10.0,10.0,1,10.0,0,0.00968650000001503
mlp_aco,2,7504,79,4,2,0.0,0.0,0.0,0.0,0.09907747060060501,False,False,0.0,0.0,0.0,[],10.0,10.0,1,10.0,0,0.00968650000001503
mlp_aco,2,7504,79,4,3,0.0,0.0,0.0,0.0,0.43936213850975037,False,False,0.0,0.0,0.0,[],10.0,10.0,1,10.0,0,0.00968650000001503
mlp_aco,2,7504,79,4,4,0.0,0.0,0.0,0.0,0.20313307642936707,False,False,0.0,0.0,0.0,[],10.0,10.0,1,10.0,0,0.00968650000001503
mlp_aco,2,7505,79,4,1,43.0,200.0,243.0,1.215,1.0,True,True,30.0,200.0,13.0,[1],10.0,10.0,1,10.0,0,0.009574250000014217
mlp_aco,2,7505,79,4,2,0.0,0.0,0.0,0.0,0.09907747060060501,False,False,0.0,0.0,0.0,[],10.0,10.0,1,10.0,0,0.009574250000014217
mlp_aco,2,7505,79,4,3,0.0,0.0,0.0,0.0,0.43936213850975037,False,False,0.0,0.0,0.0,[],10.0,10.0,1,10.0,0,0.009574250000014217
mlp_aco,2,7505,79,4,4,0.0,0.0,0.0,0.0,0.20313307642936707,False,False,0.0,0.0,0.0,[],10.0,10.0,1,10.0,0,0.009574250000014217
mlp_aco,2,7506,79,4,1,43.0,200.0,243.0,1.215,1.0,True,True,30.0,200.0,13.0,[1],10.0,10.0,1,10.0,0,0.009553291999992553
mlp_aco,2,7506,79,4,2,0.0,0.0,0.0,0.0,0.09907747060060501,False,False,0.0,0.0,0.0,[],10.0,10.0,1,10.0,0,0.009553291999992553
mlp_aco,2,7506,79,4,3,0.0,0.0,0.0,0.0,0.43936213850975037,False,False,0.0,0.0,0.0,[],10.0,10.0,1,10.0,0,0.009553291999992553
mlp_aco,2,7506,79,4,4,0.0,0.0,0.0,0.0,0.20313307642936707,False,False,0.0,0.0,0.0,[],10.0,10.0,1,10.0,0,0.009553291999992553
mlp_aco,2,7507,79,4,1,43.0,200.0,243.0,1.215,1.0,True,True,30.0,200.0,13.0,[1],10.0,10.0,1,10.0,0,0.009795332999999573
mlp_aco,2,7507,79,4,2,0.0,0.0,0.0,0.0,0.09907747060060501,False,False,0.0,0.0,0.0,[],10.0,10.0,1,10.0,0,0.009795332999999573
mlp_aco,2,7507,79,4,3,0.0,0.0,0.0,0.0,0.43936213850975037,False,False,0.0,0.0,0.0,[],10.0,10.0,1,10.0,0,0.009795332999999573
mlp_aco,2,7507,79,4,4,0.0,0.0,0.0,0.0,0.20313307642936707,False,False,0.0,0.0,0.0,[],10.0,10.0,1,10.0,0,0.009795332999999573
mlp_aco,2,7508,79,5,1,42.0,200.0,242.0,1.21,1.0,True,True,30.0,200.0,12.0,[1],10.0,10.0,1,10.0,0,0.009813749999977972
mlp_aco,2,7508,79,5,2,0.0,0.0,0.0,0.0,0.09907747060060501,False,False,0.0,0.0,0.0,[],10.0,10.0,1,10.0,0,0.009813749999977972
mlp_aco,2,7508,79,5,3,0.0,0.0,0.0,0.0,0.43936213850975037,False,False,0.0,0.0,0.0,[],10.0,10.0,1,10.0,0,0.009813749999977972
mlp_aco,2,7508,79,5,4,0.0,0.0,0.0,0.0,0.20313307642936707,False,False,0.0,0.0,0.0,[],10.0,10.0,1,10.0,0,0.009813749999977972
mlp_aco,2,7509,79,5,1,43.0,200.0,243.0,1.215,1.0,True,True,30.0,200.0,13.0,[1],10.0,10.0,1,10.0,0,0.009703916999995954
mlp_aco,2,7509,79,5,2,0.0,0.0,0.0,0.0,0.09907747060060501,False,False,0.0,0.0,0.0,[],10.0,10.0,1,10.0,0,0.009703916999995954
mlp_aco,2,7509,79,5,3,0.0,0.0,0.0,0.0,0.43936213850975037,False,False,0.0,0.0,0.0,[],10.0,10.0,1,10.0,0,0.009703916999995954
mlp_aco,2,7509,79,5,4,0.0,0.0,0.0,0.0,0.20313307642936707,False,False,0.0,0.0,0.0,[],10.0,10.0,1,10.0,0,0.009703916999995954
mlp_aco,2,7510,79,5,1,42.0,200.0,242.0,1.21,1.0,True,True,30.0,200.0,12.0,[1],10.0,10.0,1,10.0,0,0.009476124999991953
mlp_aco,2,7510,79,5,2,0.0,0.0,0.0,0.0,0.09907747060060501,False,False,0.0,0.0,0.0,[],10.0,10.0,1,10.0,0,0.009476124999991953
mlp_aco,2,7510,79,5,3,0.0,0.0,0.0,0.0,0.43936213850975037,False,False,0.0,0.0,0.0,[],10.0,10.0,1,10.0,0,0.009476124999991953
mlp_aco,2,7510,79,5,4,0.0,0.0,0.0,0.0,0.20313307642936707,False,False,0.0,0.0,0.0,[],10.0,10.0,1,10.0,0,0.009476124999991953
mlp_aco,2,7511,79,5,1,43.0,200.0,243.0,1.215,1.0,True,True,30.0,200.0,13.0,[1],10.0,10.0,1,10.0,0,0.009546000000000276
mlp_aco,2,7511,79,5,2,0.0,0.0,0.0,0.0,0.09907747060060501,False,False,0.0,0.0,0.0,[],10.0,10.0,1,10.0,0,0.009546000000000276
mlp_aco,2,7511,79,5,3,0.0,0.0,0.0,0.0,0.43936213850975037,False,False,0.0,0.0,0.0,[],10.0,10.0,1,10.0,0,0.009546000000000276
mlp_aco,2,7511,79,5,4,0.0,0.0,0.0,0.0,0.20313307642936707,False,False,0.0,0.0,0.0,[],10.0,10.0,1,10.0,0,0.009546000000000276
mlp_aco,2,7512,79,6,1,41.0,200.0,241.0,1.205,1.0,True,True,30.0,200.0,11.0,[1],10.0,10.0,1,10.0,0,0.009686834000007138
mlp_aco,2,7512,79,6,2,0.0,0.0,0.0,0.0,0.09907747060060501,False,False,0.0,0.0,0.0,[],10.0,10.0,1,10.0,0,0.009686834000007138
mlp_aco,2,7512,79,6,3,0.0,0.0,0.0,0.0,0.43936213850975037,False,False,0.0,0.0,0.0,[],10.0,10.0,1,10.0,0,0.009686834000007138
mlp_aco,2,7512,79,6,4,0.0,0.0,0.0,0.0,0.20313307642936707,False,False,0.0,0.0,0.0,[],10.0,10.0,1,10.0,0,0.009686834000007138
mlp_aco,2,7513,79,6,1,43.0,200.0,243.0,1.215,1.0,True,True,30.0,200.0,13.0,[1],10.0,10.0,1,10.0,0,0.009734083000012106
mlp_aco,2,7513,79,6,2,0.0,0.0,0.0,0.0,0.09907747060060501,False,False,0.0,0.0,0.0,[],10.0,10.0,1,10.0,0,0.009734083000012106
mlp_aco,2,7513,79,6,3,0.0,0.0,0.0,0.0,0.43936213850975037,False,False,0.0,0.0,0.0,[],10.0,10.0,1,10.0,0,0.009734083000012106
mlp_aco,2,7513,79,6,4,0.0,0.0,0.0,0.0,0.20313307642936707,False,False,0.0,0.0,0.0,[],10.0,10.0,1,10.0,0,0.009734083000012106
mlp_aco,2,7514,79,6,1,42.0,200.0,242.0,1.21,1.0,True,True,30.0,200.0,12.0,[1],10.0,10.0,1,10.0,0,0.009862125000012156
mlp_aco,2,7514,79,6,2,0.0,0.0,0.0,0.0,0.09907747060060501,False,False,0.0,0.0,0.0,[],10.0,10.0,1,10.0,0,0.009862125000012156
mlp_aco,2,7514,79,6,3,0.0,0.0,0.0,0.0,0.43936213850975037,False,False,0.0,0.0,0.0,[],10.0,10.0,1,10.0,0,0.009862125000012156
mlp_aco,2,7514,79,6,4,0.0,0.0,0.0,0.0,0.20313307642936707,False,False,0.0,0.0,0.0,[],10.0,10.0,1,10.0,0,0.009862125000012156
mlp_aco,2,7515,79,6,1,44.0,200.0,244.0,1.22,1.0,True,True,30.0,200.0,14.0,[1],10.0,10.0,1,10.0,0,0.00976424999998926
mlp_aco,2,7515,79,6,2,0.0,0.0,0.0,0.0,0.09907747060060501,False,False,0.0,0.0,0.0,[],10.0,10.0,1,10.0,0,0.00976424999998926
mlp_aco,2,7515,79,6,3,0.0,0.0,0.0,0.0,0.43936213850975037,False,False,0.0,0.0,0.0,[],10.0,10.0,1,10.0,0,0.00976424999998926
mlp_aco,2,7515,79,6,4,0.0,0.0,0.0,0.0,0.20313307642936707,False,False,0.0,0.0,0.0,[],10.0,10.0,1,10.0,0,0.00976424999998926
mlp_aco,2,7516,79,7,1,43.0,200.0,243.0,1.215,1.0,True,True,30.0,200.0,13.0,[1],10.0,10.0,1,10.0,0,0.010017040999997562
mlp_aco,2,7516,79,7,2,0.0,0.0,0.0,0.0,0.09907747060060501,False,False,0.0,0.0,0.0,[],10.0,10.0,1,10.0,0,0.010017040999997562
mlp_aco,2,7516,79,7,3,0.0,0.0,0.0,0.0,0.43936213850975037,False,False,0.0,0.0,0.0,[],10.0,10.0,1,10.0,0,0.010017040999997562
mlp_aco,2,7516,79,7,4,0.0,0.0,0.0,0.0,0.20313307642936707,False,False,0.0,0.0,0.0,[],10.0,10.0,1,10.0,0,0.010017040999997562
mlp_aco,2,7517,79,7,1,42.0,200.0,242.0,1.21,1.0,True,True,30.0,200.0,12.0,[1],10.0,10.0,1,10.0,0,0.010137499999984811
mlp_aco,2,7517,79,7,2,0.0,0.0,0.0,0.0,0.09907747060060501,False,False,0.0,0.0,0.0,[],10.0,10.0,1,10.0,0,0.010137499999984811
mlp_aco,2,7517,79,7,3,0.0,0.0,0.0,0.0,0.43936213850975037,False,False,0.0,0.0,0.0,[],10.0,10.0,1,10.0,0,0.010137499999984811
mlp_aco,2,7517,79,7,4,0.0,0.0,0.0,0.0,0.20313307642936707,False,False,0.0,0.0,0.0,[],10.0,10.0,1,10.0,0,0.010137499999984811
mlp_aco,2,7518,79,7,1,43.0,200.0,243.0,1.215,1.0,True,True,30.0,200.0,13.0,[1],10.0,10.0,1,10.0,0,0.009717750000021397
mlp_aco,2,7518,79,7,2,0.0,0.0,0.0,0.0,0.09907747060060501,False,False,0.0,0.0,0.0,[],10.0,10.0,1,10.0,0,0.009717750000021397
mlp_aco,2,7518,79,7,3,0.0,0.0,0.0,0.0,0.43936213850975037,False,False,0.0,0.0,0.0,[],10.0,10.0,1,10.0,0,0.009717750000021397
mlp_aco,2,7518,79,7,4,0.0,0.0,0.0,0.0,0.20313307642936707,False,False,0.0,0.0,0.0,[],10.0,10.0,1,10.0,0,0.009717750000021397
mlp_aco,2,7519,79,7,1,41.0,200.0,241.0,1.205,1.0,True,True,30.0,200.0,11.0,[1],10.0,10.0,1,10.0,0,0.009990332999990414
mlp_aco,2,7519,79,7,2,0.0,0.0,0.0,0.0,0.09907747060060501,False,False,0.0,0.0,0.0,[],10.0,10.0,1,10.0,0,0.009990332999990414
mlp_aco,2,7519,79,7,3,0.0,0.0,0.0,0.0,0.43936213850975037,False,False,0.0,0.0,0.0,[],10.0,10.0,1,10.0,0,0.009990332999990414
mlp_aco,2,7519,79,7,4,0.0,0.0,0.0,0.0,0.20313307642936707,False,False,0.0,0.0,0.0,[],10.0,10.0,1,10.0,0,0.009990332999990414
mlp_aco,2,7520,79,8,1,43.0,200.0,243.0,1.215,1.0,True,True,30.0,200.0,13.0,[1],10.0,10.0,1,10.0,0,0.01003175000002443
mlp_aco,2,7520,79,8,2,0.0,0.0,0.0,0.0,0.09907747060060501,False,False,0.0,0.0,0.0,[],10.0,10.0,1,10.0,0,0.01003175000002443
mlp_aco,2,7520,79,8,3,0.0,0.0,0.0,0.0,0.43936213850975037,False,False,0.0,0.0,0.0,[],10.0,10.0,1,10.0,0,0.01003175000002443
mlp_aco,2,7520,79,8,4,0.0,0.0,0.0,0.0,0.20313307642936707,False,False,0.0,0.0,0.0,[],10.0,10.0,1,10.0,0,0.01003175000002443
mlp_aco,2,7521,79,8,1,42.0,200.0,242.0,1.21,1.0,True,True,30.0,200.0,12.0,[1],10.0,10.0,1,10.0,0,0.009862374999983103
mlp_aco,2,7521,79,8,2,0.0,0.0,0.0,0.0,0.09907747060060501,False,False,0.0,0.0,0.0,[],10.0,10.0,1,10.0,0,0.009862374999983103
mlp_aco,2,7521,79,8,3,0.0,0.0,0.0,0.0,0.43936213850975037,False,False,0.0,0.0,0.0,[],10.0,10.0,1,10.0,0,0.009862374999983103
mlp_aco,2,7521,79,8,4,0.0,0.0,0.0,0.0,0.20313307642936707,False,False,0.0,0.0,0.0,[],10.0,10.0,1,10.0,0,0.009862374999983103
mlp_aco,2,7522,79,8,1,43.0,200.0,243.0,1.215,1.0,True,True,30.0,200.0,13.0,[1],10.0,10.0,1,10.0,0,0.010427999999990334
mlp_aco,2,7522,79,8,2,0.0,0.0,0.0,0.0,0.09907747060060501,False,False,0.0,0.0,0.0,[],10.0,10.0,1,10.0,0,0.010427999999990334
mlp_aco,2,7522,79,8,3,0.0,0.0,0.0,0.0,0.43936213850975037,False,False,0.0,0.0,0.0,[],10.0,10.0,1,10.0,0,0.010427999999990334
mlp_aco,2,7522,79,8,4,0.0,0.0,0.0,0.0,0.20313307642936707,False,False,0.0,0.0,0.0,[],10.0,10.0,1,10.0,0,0.010427999999990334
mlp_aco,2,7523,79,8,1,32.0,200.0,232.0,1.16,1.0,True,True,30.0,200.0,2.0,[1],10.0,10.0,1,10.0,0,0.010031040999990637
mlp_aco,2,7523,79,8,2,0.0,0.0,0.0,0.0,0.09907747060060501,False,False,0.0,0.0,0.0,[],10.0,10.0,1,10.0,0,0.010031040999990637
mlp_aco,2,7523,79,8,3,0.0,0.0,0.0,0.0,0.43936213850975037,False,False,0.0,0.0,0.0,[],10.0,10.0,1,10.0,0,0.010031040999990637
mlp_aco,2,7523,79,8,4,0.0,0.0,0.0,0.0,0.20313307642936707,False,False,0.0,0.0,0.0,[],10.0,10.0,1,10.0,0,0.010031040999990637
mlp_aco,2,7524,79,9,1,32.0,200.0,232.0,1.16,1.0,True,True,30.0,200.0,2.0,[1],10.0,10.0,1,10.0,0,0.009762375000008205
mlp_aco,2,7524,79,9,2,0.0,0.0,0.0,0.0,0.09907747060060501,False,False,0.0,0.0,0.0,[],10.0,10.0,1,10.0,0,0.009762375000008205
mlp_aco,2,7524,79,9,3,0.0,0.0,0.0,0.0,0.43936213850975037,False,False,0.0,0.0,0.0,[],10.0,10.0,1,10.0,0,0.009762375000008205
mlp_aco,2,7524,79,9,4,0.0,0.0,0.0,0.0,0.20313307642936707,False,False,0.0,0.0,0.0,[],10.0,10.0,1,10.0,0,0.009762375000008205
mlp_aco,2,7525,79,9,1,31.0,200.0,231.0,1.155,1.0,True,True,30.0,200.0,1.0,[1],10.0,10.0,1,10.0,0,0.009910040999983494
mlp_aco,2,7525,79,9,2,0.0,0.0,0.0,0.0,0.09907747060060501,False,False,0.0,0.0,0.0,[],10.0,10.0,1,10.0,0,0.009910040999983494
mlp_aco,2,7525,79,9,3,0.0,0.0,0.0,0.0,0.43936213850975037,False,False,0.0,0.0,0.0,[],10.0,10.0,1,10.0,0,0.009910040999983494
mlp_aco,2,7525,79,9,4,0.0,0.0,0.0,0.0,0.20313307642936707,False,False,0.0,0.0,0.0,[],10.0,10.0,1,10.0,0,0.009910040999983494
mlp_aco,2,7526,79,9,1,31.0,200.0,231.0,1.155,1.0,True,True,30.0,200.0,1.0,[1],10.0,10.0,1,10.0,0,0.010711458000002949
mlp_aco,2,7526,79,9,2,0.0,0.0,0.0,0.0,0.09907747060060501,False,False,0.0,0.0,0.0,[],10.0,10.0,1,10.0,0,0.010711458000002949
mlp_aco,2,7526,79,9,3,0.0,0.0,0.0,0.0,0.43936213850975037,False,False,0.0,0.0,0.0,[],10.0,10.0,1,10.0,0,0.010711458000002949
mlp_aco,2,7526,79,9,4,0.0,0.0,0.0,0.0,0.20313307642936707,False,False,0.0,0.0,0.0,[],10.0,10.0,1,10.0,0,0.010711458000002949
mlp_aco,2,7527,79,9,1,31.0,200.0,231.0,1.155,1.0,True,True,30.0,200.0,1.0,[1],10.0,10.0,1,10.0,0,0.009968583000016906
mlp_aco,2,7527,79,9,2,0.0,0.0,0.0,0.0,0.09907747060060501,False,False,0.0,0.0,0.0,[],10.0,10.0,1,10.0,0,0.009968583000016906
mlp_aco,2,7527,79,9,3,0.0,0.0,0.0,0.0,0.43936213850975037,False,False,0.0,0.0,0.0,[],10.0,10.0,1,10.0,0,0.009968583000016906
mlp_aco,2,7527,79,9,4,0.0,0.0,0.0,0.0,0.20313307642936707,False,False,0.0,0.0,0.0,[],10.0,10.0,1,10.0,0,0.009968583000016906
mlp_aco,2,7528,79,10,1,30.0,200.0,230.0,1.15,1.0,True,True,30.0,200.0,0.0,[1],10.0,10.0,1,10.0,0,0.010028875000017479
mlp_aco,2,7528,79,10,2,0.0,0.0,0.0,0.0,0.09907747060060501,False,False,0.0,0.0,0.0,[],10.0,10.0,1,10.0,0,0.010028875000017479
mlp_aco,2,7528,79,10,3,0.0,0.0,0.0,0.0,0.43936213850975037,False,False,0.0,0.0,0.0,[],10.0,10.0,1,10.0,0,0.010028875000017479
mlp_aco,2,7528,79,10,4,0.0,0.0,0.0,0.0,0.20313307642936707,False,False,0.0,0.0,0.0,[],10.0,10.0,1,10.0,0,0.010028875000017479
mlp_aco,2,7529,79,10,1,30.0,200.0,230.0,1.15,1.0,True,True,30.0,200.0,0.0,[1],10.0,10.0,1,10.0,0,0.009852084000016248
mlp_aco,2,7529,79,10,2,0.0,0.0,0.0,0.0,0.09907747060060501,False,False,0.0,0.0,0.0,[],10.0,10.0,1,10.0,0,0.009852084000016248
mlp_aco,2,7529,79,10,3,0.0,0.0,0.0,0.0,0.43936213850975037,False,False,0.0,0.0,0.0,[],10.0,10.0,1,10.0,0,0.009852084000016248
mlp_aco,2,7529,79,10,4,0.0,0.0,0.0,0.0,0.20313307642936707,False,False,0.0,0.0,0.0,[],10.0,10.0,1,10.0,0,0.009852084000016248
mlp_aco,2,7530,79,10,1,20.0,200.0,220.0,1.1,1.0,True,True,30.0,190.0,0.0,[1],10.0,10.0,1,10.0,0,0.00986220799998705
mlp_aco,2,7530,79,10,2,0.0,0.0,0.0,0.0,0.09907747060060501,False,False,0.0,0.0,0.0,[],10.0,10.0,1,10.0,0,0.00986220799998705
mlp_aco,2,7530,79,10,3,0.0,0.0,0.0,0.0,0.43936213850975037,False,False,0.0,0.0,0.0,[],10.0,10.0,1,10.0,0,0.00986220799998705
mlp_aco,2,7530,79,10,4,0.0,0.0,0.0,0.0,0.20313307642936707,False,False,0.0,0.0,0.0,[],10.0,10.0,1,10.0,0,0.00986220799998705
mlp_aco,2,7531,79,10,1,12.0,190.0,202.0,1.01,1.0,True,True,30.0,172.0,0.0,[1],10.0,10.0,1,10.0,0,0.010119500000001835
mlp_aco,2,7531,79,10,2,0.0,0.0,0.0,0.0,0.09907747060060501,False,False,0.0,0.0,0.0,[],10.0,10.0,1,10.0,0,0.010119500000001835
mlp_aco,2,7531,79,10,3,0.0,0.0,0.0,0.0,0.43936213850975037,False,False,0.0,0.0,0.0,[],10.0,10.0,1,10.0,0,0.010119500000001835
mlp_aco,2,7531,79,10,4,0.0,0.0,0.0,0.0,0.20313307642936707,False,False,0.0,0.0,0.0,[],10.0,10.0,1,10.0,0,0.010119500000001835
mlp_aco,2,7532,79,11,1,8.0,172.0,180.0,0.9,0.9999802112579346,True,True,30.0,150.0,0.0,[1],10.0,10.0,1,10.0,0,0.010120125000014468
mlp_aco,2,7532,79,11,2,0.0,0.0,0.0,0.0,0.09907747060060501,False,False,0.0,0.0,0.0,[],10.0,10.0,1,10.0,0,0.010120125000014468
mlp_aco,2,7532,79,11,3,0.0,0.0,0.0,0.0,0.43936213850975037,False,False,0.0,0.0,0.0,[],10.0,10.0,1,10.0,0,0.010120125000014468
mlp_aco,2,7532,79,11,4,0.0,0.0,0.0,0.0,0.20313307642936707,False,False,0.0,0.0,0.0,[],10.0,10.0,1,10.0,0,0.010120125000014468
mlp_aco,2,7533,79,11,1,8.0,150.0,158.0,0.79,0.992289662361145,True,True,30.0,128.0,0.0,[1],10.0,10.0,1,10.0,0,0.010403541999977506
mlp_aco,2,7533,79,11,2,0.0,0.0,0.0,0.0,0.09907747060060501,False,False,0.0,0.0,0.0,[],10.0,10.0,1,10.0,0,0.010403541999977506
mlp_aco,2,7533,79,11,3,0.0,0.0,0.0,0.0,0.43936213850975037,False,False,0.0,0.0,0.0,[],10.0,10.0,1,10.0,0,0.010403541999977506
mlp_aco,2,7533,79,11,4,0.0,0.0,0.0,0.0,0.20313307642936707,False,False,0.0,0.0,0.0,[],10.0,10.0,1,10.0,0,0.010403541999977506
mlp_aco,2,7534,79,11,1,8.0,128.0,136.0,0.68,0.8931602835655212,True,True,30.0,106.0,0.0,[1],10.0,10.0,1,10.0,0,0.010160499999983585
mlp_aco,2,7534,79,11,2,0.0,0.0,0.0,0.0,0.09907747060060501,False,False,0.0,0.0,0.0,[],10.0,10.0,1,10.0,0,0.010160499999983585
mlp_aco,2,7534,79,11,3,0.0,0.0,0.0,0.0,0.43936213850975037,False,False,0.0,0.0,0.0,[],10.0,10.0,1,10.0,0,0.010160499999983585
mlp_aco,2,7534,79,11,4,0.0,0.0,0.0,0.0,0.20313307642936707,False,False,0.0,0.0,0.0,[],10.0,10.0,1,10.0,0,0.010160499999983585
mlp_aco,2,7535,79,11,1,8.0,106.0,114.0,0.57,0.5570805668830872,False,False,0.0,114.0,0.0,[],0.0,0.0,0,0.0,0,4.9580000052174e-06
mlp_aco,2,7535,79,11,2,0.0,0.0,0.0,0.0,0.09907747060060501,False,False,0.0,0.0,0.0,[],0.0,0.0,0,0.0,0,4.9580000052174e-06
mlp_aco,2,7535,79,11,3,0.0,0.0,0.0,0.0,0.43936213850975037,False,False,0.0,0.0,0.0,[],0.0,0.0,0,0.0,0,4.9580000052174e-06
mlp_aco,2,7535,79,11,4,0.0,0.0,0.0,0.0,0.20313307642936707,False,False,0.0,0.0,0.0,[],0.0,0.0,0,0.0,0,4.9580000052174e-06
mlp_aco,2,7536,79,12,1,8.0,114.0,122.0,0.61,0.6999236941337585,False,False,0.0,122.0,0.0,[],0.0,0.0,0,0.0,0,5.375000000640284e-06
mlp_aco,2,7536,79,12,2,0.0,0.0,0.0,0.0,0.09907747060060501,False,False,0.0,0.0,0.0,[],0.0,0.0,0,0.0,0,5.375000000640284e-06
mlp_aco,2,7536,79,12,3,0.0,0.0,0.0,0.0,0.43936213850975037,False,False,0.0,0.0,0.0,[],0.0,0.0,0,0.0,0,5.375000000640284e-06
mlp_aco,2,7536,79,12,4,0.0,0.0,0.0,0.0,0.20313307642936707,False,False,0.0,0.0,0.0,[],0.0,0.0,0,0.0,0,5.375000000640284e-06
mlp_aco,2,7537,79,12,1,8.0,122.0,130.0,0.65,0.823267936706543,True,True,30.0,100.0,0.0,[1],10.0,10.0,1,10.0,0,0.010603958000018565
mlp_aco,2,7537,79,12,2,0.0,0.0,0.0,0.0,0.09907747060060501,False,False,0.0,0.0,0.0,[],10.0,10.0,1,10.0,0,0.010603958000018565
mlp_aco,2,7537,79,12,3,0.0,0.0,0.0,0.0,0.43936213850975037,False,False,0.0,0.0,0.0,[],10.0,10.0,1,10.0,0,0.010603958000018565
mlp_aco,2,7537,79,12,4,0.0,0.0,0.0,0.0,0.20313307642936707,False,False,0.0,0.0,0.0,[],10.0,10.0,1,10.0,0,0.010603958000018565
mlp_aco,2,7538,79,12,1,8.0,100.0,108.0,0.54,0.4701147973537445,False,False,0.0,108.0,0.0,[],0.0,0.0,0,0.0,0,4.625000002533852e-06
mlp_aco,2,7538,79,12,2,0.0,0.0,0.0,0.0,0.09907747060060501,False,False,0.0,0.0,0.0,[],0.0,0.0,0,0.0,0,4.625000002533852e-06
mlp_aco,2,7538,79,12,3,0.0,0.0,0.0,0.0,0.43936213850975037,False,False,0.0,0.0,0.0,[],0.0,0.0,0,0.0,0,4.625000002533852e-06
mlp_aco,2,7538,79,12,4,0.0,0.0,0.0,0.0,0.20313307642936707,False,False,0.0,0.0,0.0,[],0.0,0.0,0,0.0,0,4.625000002533852e-06
mlp_aco,2,7539,79,12,1,8.0,108.0,116.0,0.58,0.5924818515777588,False,False,0.0,116.0,0.0,[],0.0,0.0,0,0.0,0,4.915999994636877e-06
mlp_aco,2,7539,79,12,2,0.0,0.0,0.0,0.0,0.09907747060060501,False,False,0.0,0.0,0.0,[],0.0,0.0,0,0.0,0,4.915999994636877e-06
mlp_aco,2,7539,79,12,3,0.0,0.0,0.0,0.0,0.43936213850975037,False,False,0.0,0.0,0.0,[],0.0,0.0,0,0.0,0,4.915999994636877e-06
mlp_aco,2,7539,79,12,4,0.0,0.0,0.0,0.0,0.20313307642936707,False,False,0.0,0.0,0.0,[],0.0,0.0,0,0.0,0,4.915999994636877e-06
mlp_aco,2,7540,79,13,1,8.0,116.0,124.0,0.62,0.7342019081115723,True,True,30.0,94.0,0.0,[1],10.0,10.0,1,10.0,0,0.009890957999999728
mlp_aco,2,7540,79,13,2,0.0,0.0,0.0,0.0,0.09907747060060501,False,False,0.0,0.0,0.0,[],10.0,10.0,1,10.0,0,0.009890957999999728
mlp_aco,2,7540,79,13,3,0.0,0.0,0.0,0.0,0.43936213850975037,False,False,0.0,0.0,0.0,[],10.0,10.0,1,10.0,0,0.009890957999999728
mlp_aco,2,7540,79,13,4,0.0,0.0,0.0,0.0,0.20313307642936707,False,False,0.0,0.0,0.0,[],10.0,10.0,1,10.0,0,0.009890957999999728
mlp_aco,2,7541,79,13,1,8.0,94.0,102.0,0.51,0.4146682620048523,False,False,0.0,102.0,0.0,[],0.0,0.0,0,0.0,0,3.834000011693206e-06
mlp_aco,2,7541,79,13,2,0.0,0.0,0.0,0.0,0.09907747060060501,False,False,0.0,0.0,0.0,[],0.0,0.0,0,0.0,0,3.834000011693206e-06
mlp_aco,2,7541,79,13,3,0.0,0.0,0.0,0.0,0.43936213850975037,False,False,0.0,0.0,0.0,[],0.0,0.0,0,0.0,0,3.834000011693206e-06
mlp_aco,2,7541,79,13,4,0.0,0.0,0.0,0.0,0.20313307642936707,False,False,0.0,0.0,0.0,[],0.0,0.0,0,0.0,0,3.834000011693206e-06
mlp_aco,2,7542,79,13,1,8.0,102.0,110.0,0.55,0.49496084451675415,False,False,0.0,110.0,0.0,[],0.0,0.0,0,0.0,0,2.6669999897421803e-06
mlp_aco,2,7542,79,13,2,0.0,0.0,0.0,0.0,0.09907747060060501,False,False,0.0,0.0,0.0,[],0.0,0.0,0,0.0,0,2.6669999897421803e-06
mlp_aco,2,7542,79,13,3,0.0,0.0,0.0,0.0,0.43936213850975037,False,False,0.0,0.0,0.0,[],0.0,0.0,0,0.0,0,2.6669999897421803e-06
mlp_aco,2,7542,79,13,4,0.0,0.0,0.0,0.0,0.20313307642936707,False,False,0.0,0.0,0.0,[],0.0,0.0,0,0.0,0,2.6669999897421803e-06
mlp_aco,2,7543,79,13,1,8.0,110.0,118.0,0.59,0.6289581060409546,False,False,0.0,118.0,0.0,[],0.0,0.0,0,0.0,0,3.6250000050586095e-06
mlp_aco,2,7543,79,13,2,0.0,0.0,0.0,0.0,0.09907747060060501,False,False,0.0,0.0,0.0,[],0.0,0.0,0,0.0,0,3.6250000050586095e-06
mlp_aco,2,7543,79,13,3,0.0,0.0,0.0,0.0,0.43936213850975037,False,False,0.0,0.0,0.0,[],0.0,0.0,0,0.0,0,3.6250000050586095e-06
mlp_aco,2,7543,79,13,4,0.0,0.0,0.0,0.0,0.20313307642936707,False,False,0.0,0.0,0.0,[],0.0,0.0,0,0.0,0,3.6250000050586095e-06
mlp_aco,2,7544,79,14,1,9.0,118.0,127.0,0.635,0.8397466540336609,True,True,30.0,97.0,0.0,[1],10.0,10.0,1,10.0,0,0.010010166999990133
mlp_aco,2,7544,79,14,2,0.0,0.0,0.0,0.0,0.09907747060060501,False,False,0.0,0.0,0.0,[],10.0,10.0,1,10.0,0,0.010010166999990133
mlp_aco,2,7544,79,14,3,0.0,0.0,0.0,0.0,0.43936213850975037,False,False,0.0,0.0,0.0,[],10.0,10.0,1,10.0,0,0.010010166999990133
mlp_aco,2,7544,79,14,4,0.0,0.0,0.0,0.0,0.20313307642936707,False,False,0.0,0.0,0.0,[],10.0,10.0,1,10.0,0,0.010010166999990133
mlp_aco,2,7545,79,14,1,8.0,97.0,105.0,0.525,0.43291643261909485,False,False,0.0,105.0,0.0,[],0.0,0.0,0,0.0,0,4.708000005848589e-06
mlp_aco,2,7545,79,14,2,0.0,0.0,0.0,0.0,0.09907747060060501,False,False,0.0,0.0,0.0,[],0.0,0.0,0,0.0,0,4.708000005848589e-06
mlp_aco,2,7545,79,14,3,0.0,0.0,0.0,0.0,0.43936213850975037,False,False,0.0,0.0,0.0,[],0.0,0.0,0,0.0,0,4.708000005848589e-06
mlp_aco,2,7545,79,14,4,0.0,0.0,0.0,0.0,0.20313307642936707,False,False,0.0,0.0,0.0,[],0.0,0.0,0,0.0,0,4.708000005848589e-06
mlp_aco,2,7546,79,14,1,8.0,105.0,113.0,0.565,0.5303350687026978,False,False,0.0,113.0,0.0,[],0.0,0.0,0,0.0,0,2.249999994319296e-06
mlp_aco,2,7546,79,14,2,0.0,0.0,0.0,0.0,0.09907747060060501,False,False,0.0,0.0,0.0,[],0.0,0.0,0,0.0,0,2.249999994319296e-06
mlp_aco,2,7546,79,14,3,0.0,0.0,0.0,0.0,0.43936213850975037,False,False,0.0,0.0,0.0,[],0.0,0.0,0,0.0,0,2.249999994319296e-06
mlp_aco,2,7546,79,14,4,0.0,0.0,0.0,0.0,0.20313307642936707,False,False,0.0,0.0,0.0,[],0.0,0.0,0,0.0,0,2.249999994319296e-06
mlp_aco,2,7547,79,14,1,8.0,113.0,121.0,0.605,0.6760256290435791,False,False,0.0,121.0,0.0,[],0.0,0.0,0,0.0,0,3.4169999878486124e-06
mlp_aco,2,7547,79,14,2,0.0,0.0,0.0,0.0,0.09907747060060501,False,False,0.0,0.0,0.0,[],0.0,0.0,0,0.0,0,3.4169999878486124e-06
mlp_aco,2,7547,79,14,3,0.0,0.0,0.0,0.0,0.43936213850975037,False,False,0.0,0.0,0.0,[],0.0,0.0,0,0.0,0,3.4169999878486124e-06
mlp_aco,2,7547,79,14,4,0.0,0.0,0.0,0.0,0.20313307642936707,False,False,0.0,0.0,0.0,[],0.0,0.0,0,0.0,0,3.4169999878486124e-06
mlp_aco,2,7548,79,15,1,0.0,121.0,121.0,0.605,0.19937342405319214,False,False,0.0,121.0,0.0,[],0.0,0.0,0,0.0,0,2.375000008214556e-06
mlp_aco,2,7548,79,15,2,0.0,0.0,0.0,0.0,0.09907747060060501,False,False,0.0,0.0,0.0,[],0.0,0.0,0,0.0,0,2.375000008214556e-06
mlp_aco,2,7548,79,15,3,0.0,0.0,0.0,0.0,0.43936213850975037,False,False,0.0,0.0,0.0,[],0.0,0.0,0,0.0,0,2.375000008214556e-06
mlp_aco,2,7548,79,15,4,0.0,0.0,0.0,0.0,0.20313307642936707,False,False,0.0,0.0,0.0,[],0.0,0.0,0,0.0,0,2.375000008214556e-06
mlp_aco,2,7549,79,15,1,0.0,121.0,121.0,0.605,0.2441699355840683,False,False,0.0,121.0,0.0,[],0.0,0.0,0,0.0,0,1.8329999988964119e-06
mlp_aco,2,7549,79,15,2,0.0,0.0,0.0,0.0,0.09907747060060501,False,False,0.0,0.0,0.0,[],0.0,0.0,0,0.0,0,1.8329999988964119e-06
mlp_aco,2,7549,79,15,3,0.0,0.0,0.0,0.0,0.43936213850975037,False,False,0.0,0.0,0.0,[],0.0,0.0,0,0.0,0,1.8329999988964119e-06
mlp_aco,2,7549,79,15,4,0.0,0.0,0.0,0.0,0.20313307642936707,False,False,0.0,0.0,0.0,[],0.0,0.0,0,0.0,0,1.8329999988964119e-06
mlp_aco,2,7550,79,15,1,0.0,121.0,121.0,0.605,0.3050183057785034,False,False,0.0,121.0,0.0,[],0.0,0.0,0,0.0,0,3.6250000050586095e-06
mlp_aco,2,7550,79,15,2,0.0,0.0,0.0,0.0,0.09907747060060501,False,False,0.0,0.0,0.0,[],0.0,0.0,0,0.0,0,3.6250000050586095e-06
mlp_aco,2,7550,79,15,3,0.0,0.0,0.0,0.0,0.43936213850975037,False,False,0.0,0.0,0.0,[],0.0,0.0,0,0.0,0,3.6250000050586095e-06
mlp_aco,2,7550,79,15,4,0.0,0.0,0.0,0.0,0.20313307642936707,False,False,0.0,0.0,0.0,[],0.0,0.0,0,0.0,0,3.6250000050586095e-06
mlp_aco,2,7551,79,15,1,0.0,121.0,121.0,0.605,0.3710037171840668,False,False,0.0,121.0,0.0,[],0.0,0.0,0,0.0,0,2.292000004899819e-06
mlp_aco,2,7551,79,15,2,0.0,0.0,0.0,0.0,0.09907747060060501,False,False,0.0,0.0,0.0,[],0.0,0.0,0,0.0,0,2.292000004899819e-06
mlp_aco,2,7551,79,15,3,0.0,0.0,0.0,0.0,0.43936213850975037,False,False,0.0,0.0,0.0,[],0.0,0.0,0,0.0,0,2.292000004899819e-06
mlp_aco,2,7551,79,15,4,0.0,0.0,0.0,0.0,0.20313307642936707,False,False,0.0,0.0,0.0,[],0.0,0.0,0,0.0,0,2.292000004899819e-06
mlp_aco,2,7552,79,16,1,0.0,121.0,121.0,0.605,0.3710037171840668,False,False,0.0,121.0,0.0,[],0.0,0.0,0,0.0,0,3.290999984528753e-06
mlp_aco,2,7552,79,16,2,0.0,0.0,0.0,0.0,0.09907747060060501,False,False,0.0,0.0,0.0,[],0.0,0.0,0,0.0,0,3.290999984528753e-06
mlp_aco,2,7552,79,16,3,0.0,0.0,0.0,0.0,0.43936213850975037,False,False,0.0,0.0,0.0,[],0.0,0.0,0,0.0,0,3.290999984528753e-06
mlp_aco,2,7552,79,16,4,0.0,0.0,0.0,0.0,0.20313307642936707,False,False,0.0,0.0,0.0,[],0.0,0.0,0,0.0,0,3.290999984528753e-06
mlp_aco,2,7553,79,16,1,0.0,121.0,121.0,0.605,0.3710037171840668,False,False,0.0,121.0,0.0,[],0.0,0.0,0,0.0,0,1.9590000022162712e-06
mlp_aco,2,7553,79,16,2,0.0,0.0,0.0,0.0,0.09907747060060501,False,False,0.0,0.0,0.0,[],0.0,0.0,0,0.0,0,1.9590000022162712e-06
mlp_aco,2,7553,79,16,3,0.0,0.0,0.0,0.0,0.43936213850975037,False,False,0.0,0.0,0.0,[],0.0,0.0,0,0.0,0,1.9590000022162712e-06
mlp_aco,2,7553,79,16,4,0.0,0.0,0.0,0.0,0.20313307642936707,False,False,0.0,0.0,0.0,[],0.0,0.0,0,0.0,0,1.9590000022162712e-06
mlp_aco,2,7554,79,16,1,0.0,121.0,121.0,0.605,0.3710037171840668,False,False,0.0,121.0,0.0,[],0.0,0.0,0,0.0,0,1.7499999955816747e-06
mlp_aco,2,7554,79,16,2,0.0,0.0,0.0,0.0,0.09907747060060501,False,False,0.0,0.0,0.0,[],0.0,0.0,0,0.0,0,1.7499999955816747e-06
mlp_aco,2,7554,79,16,3,0.0,0.0,0.0,0.0,0.43936213850975037,False,False,0.0,0.0,0.0,[],0.0,0.0,0,0.0,0,1.7499999955816747e-06
mlp_aco,2,7554,79,16,4,0.0,0.0,0.0,0.0,0.20313307642936707,False,False,0.0,0.0,0.0,[],0.0,0.0,0,0.0,0,1.7499999955816747e-06
mlp_aco,2,7555,79,16,1,0.0,121.0,121.0,0.605,0.3710037171840668,False,False,0.0,121.0,0.0,[],0.0,0.0,0,0.0,0,3.917000015007943e-06
mlp_aco,2,7555,79,16,2,0.0,0.0,0.0,0.0,0.09907747060060501,False,False,0.0,0.0,0.0,[],0.0,0.0,0,0.0,0,3.917000015007943e-06
mlp_aco,2,7555,79,16,3,0.0,0.0,0.0,0.0,0.43936213850975037,False,False,0.0,0.0,0.0,[],0.0,0.0,0,0.0,0,3.917000015007943e-06
mlp_aco,2,7555,79,16,4,0.0,0.0,0.0,0.0,0.20313307642936707,False,False,0.0,0.0,0.0,[],0.0,0.0,0,0.0,0,3.917000015007943e-06
mlp_aco,2,7556,79,17,1,0.0,121.0,121.0,0.605,0.3710037171840668,False,False,0.0,121.0,0.0,[],0.0,0.0,0,0.0,0,2.0840000161115313e-06
mlp_aco,2,7556,79,17,2,0.0,0.0,0.0,0.0,0.09907747060060501,False,False,0.0,0.0,0.0,[],0.0,0.0,0,0.0,0,2.0840000161115313e-06
mlp_aco,2,7556,79,17,3,0.0,0.0,0.0,0.0,0.43936213850975037,False,False,0.0,0.0,0.0,[],0.0,0.0,0,0.0,0,2.0840000161115313e-06
mlp_aco,2,7556,79,17,4,0.0,0.0,0.0,0.0,0.20313307642936707,False,False,0.0,0.0,0.0,[],0.0,0.0,0,0.0,0,2.0840000161115313e-06
mlp_aco,2,7557,79,17,1,0.0,121.0,121.0,0.605,0.3710037171840668,False,False,0.0,121.0,0.0,[],0.0,0.0,0,0.0,0,2.7090000003227033e-06
mlp_aco,2,7557,79,17,2,0.0,0.0,0.0,0.0,0.09907747060060501,False,False,0.0,0.0,0.0,[],0.0,0.0,0,0.0,0,2.7090000003227033e-06
mlp_aco,2,7557,79,17,3,0.0,0.0,0.0,0.0,0.43936213850975037,False,False,0.0,0.0,0.0,[],0.0,0.0,0,0.0,0,2.7090000003227033e-06
mlp_aco,2,7557,79,17,4,0.0,0.0,0.0,0.0,0.20313307642936707,False,False,0.0,0.0,0.0,[],0.0,0.0,0,0.0,0,2.7090000003227033e-06
mlp_aco,2,7558,79,17,1,0.0,121.0,121.0,0.605,0.3710037171840668,False,False,0.0,121.0,0.0,[],0.0,0.0,0,0.0,0,2.000000023372195e-06
mlp_aco,2,7558,79,17,2,0.0,0.0,0.0,0.0,0.09907747060060501,False,False,0.0,0.0,0.0,[],0.0,0.0,0,0.0,0,2.000000023372195e-06
mlp_aco,2,7558,79,17,3,0.0,0.0,0.0,0.0,0.43936213850975037,False,False,0.0,0.0,0.0,[],0.0,0.0,0,0.0,0,2.000000023372195e-06
mlp_aco,2,7558,79,17,4,0.0,0.0,0.0,0.0,0.20313307642936707,False,False,0.0,0.0,0.0,[],0.0,0.0,0,0.0,0,2.000000023372195e-06
mlp_aco,2,7559,79,17,1,0.0,121.0,121.0,0.605,0.3710037171840668,False,False,0.0,121.0,0.0,[],0.0,0.0,0,0.0,0,1.7499999955816747e-06
mlp_aco,2,7559,79,17,2,0.0,0.0,0.0,0.0,0.09907747060060501,False,False,0.0,0.0,0.0,[],0.0,0.0,0,0.0,0,1.7499999955816747e-06
mlp_aco,2,7559,79,17,3,0.0,0.0,0.0,0.0,0.43936213850975037,False,False,0.0,0.0,0.0,[],0.0,0.0,0,0.0,0,1.7499999955816747e-06
mlp_aco,2,7559,79,17,4,0.0,0.0,0.0,0.0,0.20313307642936707,False,False,0.0,0.0,0.0,[],0.0,0.0,0,0.0,0,1.7499999955816747e-06
mlp_aco,2,7560,79,18,1,0.0,121.0,121.0,0.605,0.3710037171840668,False,False,0.0,121.0,0.0,[],0.0,0.0,0,0.0,0,3.0829999957404652e-06
mlp_aco,2,7560,79,18,2,0.0,0.0,0.0,0.0,0.09907747060060501,False,False,0.0,0.0,0.0,[],0.0,0.0,0,0.0,0,3.0829999957404652e-06
mlp_aco,2,7560,79,18,3,0.0,0.0,0.0,0.0,0.43936213850975037,False,False,0.0,0.0,0.0,[],0.0,0.0,0,0.0,0,3.0829999957404652e-06
mlp_aco,2,7560,79,18,4,0.0,0.0,0.0,0.0,0.20313307642936707,False,False,0.0,0.0,0.0,[],0.0,0.0,0,0.0,0,3.0829999957404652e-06
mlp_aco,2,7561,79,18,1,0.0,121.0,121.0,0.605,0.3710037171840668,False,False,0.0,121.0,0.0,[],0.0,0.0,0,0.0,0,1.8750000094769348e-06
mlp_aco,2,7561,79,18,2,0.0,0.0,0.0,0.0,0.09907747060060501,False,False,0.0,0.0,0.0,[],0.0,0.0,0,0.0,0,1.8750000094769348e-06
mlp_aco,2,7561,79,18,3,0.0,0.0,0.0,0.0,0.43936213850975037,False,False,0.0,0.0,0.0,[],0.0,0.0,0,0.0,0,1.8750000094769348e-06
mlp_aco,2,7561,79,18,4,0.0,0.0,0.0,0.0,0.20313307642936707,False,False,0.0,0.0,0.0,[],0.0,0.0,0,0.0,0,1.8750000094769348e-06
mlp_aco,2,7562,79,18,1,0.0,121.0,121.0,0.605,0.3710037171840668,False,False,0.0,121.0,0.0,[],0.0,0.0,0,0.0,0,2.8329999963716546e-06
mlp_aco,2,7562,79,18,2,0.0,0.0,0.0,0.0,0.09907747060060501,False,False,0.0,0.0,0.0,[],0.0,0.0,0,0.0,0,2.8329999963716546e-06
mlp_aco,2,7562,79,18,3,0.0,0.0,0.0,0.0,0.43936213850975037,False,False,0.0,0.0,0.0,[],0.0,0.0,0,0.0,0,2.8329999963716546e-06
mlp_aco,2,7562,79,18,4,0.0,0.0,0.0,0.0,0.20313307642936707,False,False,0.0,0.0,0.0,[],0.0,0.0,0,0.0,0,2.8329999963716546e-06
mlp_aco,2,7563,79,18,1,0.0,121.0,121.0,0.605,0.3710037171840668,False,False,0.0,121.0,0.0,[],0.0,0.0,0,0.0,0,2.207999983738773e-06
mlp_aco,2,7563,79,18,2,0.0,0.0,0.0,0.0,0.09907747060060501,False,False,0.0,0.0,0.0,[],0.0,0.0,0,0.0,0,2.207999983738773e-06
mlp_aco,2,7563,79,18,3,0.0,0.0,0.0,0.0,0.43936213850975037,False,False,0.0,0.0,0.0,[],0.0,0.0,0,0.0,0,2.207999983738773e-06
mlp_aco,2,7563,79,18,4,0.0,0.0,0.0,0.0,0.20313307642936707,False,False,0.0,0.0,0.0,[],0.0,0.0,0,0.0,0,2.207999983738773e-06
mlp_aco,2,7564,79,19,1,0.0,121.0,121.0,0.605,0.3710037171840668,False,False,0.0,121.0,0.0,[],0.0,0.0,0,0.0,0,1.8749999810552254e-06
mlp_aco,2,7564,79,19,2,0.0,0.0,0.0,0.0,0.09907747060060501,False,False,0.0,0.0,0.0,[],0.0,0.0,0,0.0,0,1.8749999810552254e-06
mlp_aco,2,7564,79,19,3,0.0,0.0,0.0,0.0,0.43936213850975037,False,False,0.0,0.0,0.0,[],0.0,0.0,0,0.0,0,1.8749999810552254e-06
mlp_aco,2,7564,79,19,4,0.0,0.0,0.0,0.0,0.20313307642936707,False,False,0.0,0.0,0.0,[],0.0,0.0,0,0.0,0,1.8749999810552254e-06
mlp_aco,2,7565,79,19,1,0.0,121.0,121.0,0.605,0.3710037171840668,False,False,0.0,121.0,0.0,[],0.0,0.0,0,0.0,0,2.5410000148440304e-06
mlp_aco,2,7565,79,19,2,0.0,0.0,0.0,0.0,0.09907747060060501,False,False,0.0,0.0,0.0,[],0.0,0.0,0,0.0,0,2.5410000148440304e-06
mlp_aco,2,7565,79,19,3,0.0,0.0,0.0,0.0,0.43936213850975037,False,False,0.0,0.0,0.0,[],0.0,0.0,0,0.0,0,2.5410000148440304e-06
mlp_aco,2,7565,79,19,4,0.0,0.0,0.0,0.0,0.20313307642936707,False,False,0.0,0.0,0.0,[],0.0,0.0,0,0.0,0,2.5410000148440304e-06
mlp_aco,2,7566,79,19,1,0.0,121.0,121.0,0.605,0.3710037171840668,False,False,0.0,121.0,0.0,[],0.0,0.0,0,0.0,0,1.7499999955816747e-06
mlp_aco,2,7566,79,19,2,0.0,0.0,0.0,0.0,0.09907747060060501,False,False,0.0,0.0,0.0,[],0.0,0.0,0,0.0,0,1.7499999955816747e-06
mlp_aco,2,7566,79,19,3,0.0,0.0,0.0,0.0,0.43936213850975037,False,False,0.0,0.0,0.0,[],0.0,0.0,0,0.0,0,1.7499999955816747e-06
mlp_aco,2,7566,79,19,4,0.0,0.0,0.0,0.0,0.20313307642936707,False,False,0.0,0.0,0.0,[],0.0,0.0,0,0.0,0,1.7499999955816747e-06
mlp_aco,2,7567,79,19,1,0.0,121.0,121.0,0.605,0.3710037171840668,False,False,0.0,121.0,0.0,[],0.0,0.0,0,0.0,0,2.7499999930569174e-06
mlp_aco,2,7567,79,19,2,0.0,0.0,0.0,0.0,0.09907747060060501,False,False,0.0,0.0,0.0,[],0.0,0.0,0,0.0,0,2.7499999930569174e-06
mlp_aco,2,7567,79,19,3,0.0,0.0,0.0,0.0,0.43936213850975037,False,False,0.0,0.0,0.0,[],0.0,0.0,0,0.0,0,2.7499999930569174e-06
mlp_aco,2,7567,79,19,4,0.0,0.0,0.0,0.0,0.20313307642936707,False,False,0.0,0.0,0.0,[],0.0,0.0,0,0.0,0,2.7499999930569174e-06
mlp_aco,2,7568,79,20,1,0.0,121.0,121.0,0.605,0.3710037171840668,False,False,0.0,121.0,0.0,[],0.0,0.0,0,0.0,0,1.958000012791672e-06
mlp_aco,2,7568,79,20,2,0.0,0.0,0.0,0.0,0.09907747060060501,False,False,0.0,0.0,0.0,[],0.0,0.0,0,0.0,0,1.958000012791672e-06
mlp_aco,2,7568,79,20,3,0.0,0.0,0.0,0.0,0.43936213850975037,False,False,0.0,0.0,0.0,[],0.0,0.0,0,0.0,0,1.958000012791672e-06
mlp_aco,2,7568,79,20,4,0.0,0.0,0.0,0.0,0.20313307642936707,False,False,0.0,0.0,0.0,[],0.0,0.0,0,0.0,0,1.958000012791672e-06
mlp_aco,2,7569,79,20,1,0.0,121.0,121.0,0.605,0.3710037171840668,False,False,0.0,121.0,0.0,[],0.0,0.0,0,0.0,0,2.2080000121604826e-06
mlp_aco,2,7569,79,20,2,0.0,0.0,0.0,0.0,0.09907747060060501,False,False,0.0,0.0,0.0,[],0.0,0.0,0,0.0,0,2.2080000121604826e-06
mlp_aco,2,7569,79,20,3,0.0,0.0,0.0,0.0,0.43936213850975037,False,False,0.0,0.0,0.0,[],0.0,0.0,0,0.0,0,2.2080000121604826e-06
mlp_aco,2,7569,79,20,4,0.0,0.0,0.0,0.0,0.20313307642936707,False,False,0.0,0.0,0.0,[],0.0,0.0,0,0.0,0,2.2080000121604826e-06
mlp_aco,2,7570,79,20,1,0.0,121.0,121.0,0.605,0.3710037171840668,False,False,0.0,121.0,0.0,[],0.0,0.0,0,0.0,0,2.7499999930569174e-06
mlp_aco,2,7570,79,20,2,0.0,0.0,0.0,0.0,0.09907747060060501,False,False,0.0,0.0,0.0,[],0.0,0.0,0,0.0,0,2.7499999930569174e-06
mlp_aco,2,7570,79,20,3,0.0,0.0,0.0,0.0,0.43936213850975037,False,False,0.0,0.0,0.0,[],0.0,0.0,0,0.0,0,2.7499999930569174e-06
mlp_aco,2,7570,79,20,4,0.0,0.0,0.0,0.0,0.20313307642936707,False,False,0.0,0.0,0.0,[],0.0,0.0,0,0.0,0,2.7499999930569174e-06
mlp_aco,2,7571,79,20,1,0.0,121.0,121.0,0.605,0.3710037171840668,False,False,0.0,121.0,0.0,[],0.0,0.0,0,0.0,0,2.375000008214556e-06
mlp_aco,2,7571,79,20,2,0.0,0.0,0.0,0.0,0.09907747060060501,False,False,0.0,0.0,0.0,[],0.0,0.0,0,0.0,0,2.375000008214556e-06
mlp_aco,2,7571,79,20,3,0.0,0.0,0.0,0.0,0.43936213850975037,False,False,0.0,0.0,0.0,[],0.0,0.0,0,0.0,0,2.375000008214556e-06
mlp_aco,2,7571,79,20,4,0.0,0.0,0.0,0.0,0.20313307642936707,False,False,0.0,0.0,0.0,[],0.0,0.0,0,0.0,0,2.375000008214556e-06
mlp_aco,2,7572,79,21,1,0.0,121.0,121.0,0.605,0.3710037171840668,False,False,0.0,121.0,0.0,[],0.0,0.0,0,0.0,0,2.6249999791616574e-06
mlp_aco,2,7572,79,21,2,0.0,0.0,0.0,0.0,0.09907747060060501,False,False,0.0,0.0,0.0,[],0.0,0.0,0,0.0,0,2.6249999791616574e-06
mlp_aco,2,7572,79,21,3,0.0,0.0,0.0,0.0,0.43936213850975037,False,False,0.0,0.0,0.0,[],0.0,0.0,0,0.0,0,2.6249999791616574e-06
mlp_aco,2,7572,79,21,4,0.0,0.0,0.0,0.0,0.20313307642936707,False,False,0.0,0.0,0.0,[],0.0,0.0,0,0.0,0,2.6249999791616574e-06
mlp_aco,2,7573,79,21,1,0.0,121.0,121.0,0.605,0.3710037171840668,False,False,0.0,121.0,0.0,[],0.0,0.0,0,0.0,0,1.958000012791672e-06
mlp_aco,2,7573,79,21,2,0.0,0.0,0.0,0.0,0.09907747060060501,False,False,0.0,0.0,0.0,[],0.0,0.0,0,0.0,0,1.958000012791672e-06
mlp_aco,2,7573,79,21,3,0.0,0.0,0.0,0.0,0.43936213850975037,False,False,0.0,0.0,0.0,[],0.0,0.0,0,0.0,0,1.958000012791672e-06
mlp_aco,2,7573,79,21,4,0.0,0.0,0.0,0.0,0.20313307642936707,False,False,0.0,0.0,0.0,[],0.0,0.0,0,0.0,0,1.958000012791672e-06
mlp_aco,2,7574,79,21,1,0.0,121.0,121.0,0.605,0.3710037171840668,False,False,0.0,121.0,0.0,[],0.0,0.0,0,0.0,0,1.9999999949504854e-06
mlp_aco,2,7574,79,21,2,0.0,0.0,0.0,0.0,0.09907747060060501,False,False,0.0,0.0,0.0,[],0.0,0.0,0,0.0,0,1.9999999949504854e-06
mlp_aco,2,7574,79,21,3,0.0,0.0,0.0,0.0,0.43936213850975037,False,False,0.0,0.0,0.0,[],0.0,0.0,0,0.0,0,1.9999999949504854e-06
mlp_aco,2,7574,79,21,4,0.0,0.0,0.0,0.0,0.20313307642936707,False,False,0.0,0.0,0.0,[],0.0,0.0,0,0.0,0,1.9999999949504854e-06
mlp_aco,2,7575,79,21,1,0.0,121.0,121.0,0.605,0.3710037171840668,False,False,0.0,121.0,0.0,[],0.0,0.0,0,0.0,0,2.6669999897421803e-06
mlp_aco,2,7575,79,21,2,0.0,0.0,0.0,0.0,0.09907747060060501,False,False,0.0,0.0,0.0,[],0.0,0.0,0,0.0,0,2.6669999897421803e-06
mlp_aco,2,7575,79,21,3,0.0,0.0,0.0,0.0,0.43936213850975037,False,False,0.0,0.0,0.0,[],0.0,0.0,0,0.0,0,2.6669999897421803e-06
mlp_aco,2,7575,79,21,4,0.0,0.0,0.0,0.0,0.20313307642936707,False,False,0.0,0.0,0.0,[],0.0,0.0,0,0.0,0,2.6669999897421803e-06
mlp_aco,2,7576,79,22,1,0.0,121.0,121.0,0.605,0.3710037171840668,False,False,0.0,121.0,0.0,[],0.0,0.0,0,0.0,0,2.0829999982652225e-06
mlp_aco,2,7576,79,22,2,0.0,0.0,0.0,0.0,0.09907747060060501,False,False,0.0,0.0,0.0,[],0.0,0.0,0,0.0,0,2.0829999982652225e-06
mlp_aco,2,7576,79,22,3,0.0,0.0,0.0,0.0,0.43936213850975037,False,False,0.0,0.0,0.0,[],0.0,0.0,0,0.0,0,2.0829999982652225e-06
mlp_aco,2,7576,79,22,4,0.0,0.0,0.0,0.0,0.20313307642936707,False,False,0.0,0.0,0.0,[],0.0,0.0,0,0.0,0,2.0829999982652225e-06
mlp_aco,2,7577,79,22,1,0.0,121.0,121.0,0.605,0.3710037171840668,False,False,0.0,121.0,0.0,[],0.0,0.0,0,0.0,0,3.1659999990552024e-06
mlp_aco,2,7577,79,22,2,0.0,0.0,0.0,0.0,0.09907747060060501,False,False,0.0,0.0,0.0,[],0.0,0.0,0,0.0,0,3.1659999990552024e-06
mlp_aco,2,7577,79,22,3,0.0,0.0,0.0,0.0,0.43936213850975037,False,False,0.0,0.0,0.0,[],0.0,0.0,0,0.0,0,3.1659999990552024e-06
mlp_aco,2,7577,79,22,4,0.0,0.0,0.0,0.0,0.20313307642936707,False,False,0.0,0.0,0.0,[],0.0,0.0,0,0.0,0,3.1659999990552024e-06
mlp_aco,2,7578,79,22,1,0.0,121.0,121.0,0.605,0.3710037171840668,False,False,0.0,121.0,0.0,[],0.0,0.0,0,0.0,0,2.2080000121604826e-06
mlp_aco,2,7578,79,22,2,0.0,0.0,0.0,0.0,0.09907747060060501,False,False,0.0,0.0,0.0,[],0.0,0.0,0,0.0,0,2.2080000121604826e-06
mlp_aco,2,7578,79,22,3,0.0,0.0,0.0,0.0,0.43936213850975037,False,False,0.0,0.0,0.0,[],0.0,0.0,0,0.0,0,2.2080000121604826e-06
mlp_aco,2,7578,79,22,4,0.0,0.0,0.0,0.0,0.20313307642936707,False,False,0.0,0.0,0.0,[],0.0,0.0,0,0.0,0,2.2080000121604826e-06
mlp_aco,2,7579,79,22,1,0.0,121.0,121.0,0.605,0.3710037171840668,False,False,0.0,121.0,0.0,[],0.0,0.0,0,0.0,0,2.1250000088457455e-06
mlp_aco,2,7579,79,22,2,0.0,0.0,0.0,0.0,0.09907747060060501,False,False,0.0,0.0,0.0,[],0.0,0.0,0,0.0,0,2.1250000088457455e-06
mlp_aco,2,7579,79,22,3,0.0,0.0,0.0,0.0,0.43936213850975037,False,False,0.0,0.0,0.0,[],0.0,0.0,0,0.0,0,2.1250000088457455e-06
mlp_aco,2,7579,79,22,4,0.0,0.0,0.0,0.0,0.20313307642936707,False,False,0.0,0.0,0.0,[],0.0,0.0,0,0.0,0,2.1250000088457455e-06
mlp_aco,2,7580,79,23,1,0.0,121.0,121.0,0.605,0.3710037171840668,False,False,0.0,121.0,0.0,[],0.0,0.0,0,0.0,0,1.8750000094769348e-06
mlp_aco,2,7580,79,23,2,0.0,0.0,0.0,0.0,0.09907747060060501,False,False,0.0,0.0,0.0,[],0.0,0.0,0,0.0,0,1.8750000094769348e-06
mlp_aco,2,7580,79,23,3,0.0,0.0,0.0,0.0,0.43936213850975037,False,False,0.0,0.0,0.0,[],0.0,0.0,0,0.0,0,1.8750000094769348e-06
mlp_aco,2,7580,79,23,4,0.0,0.0,0.0,0.0,0.20313307642936707,False,False,0.0,0.0,0.0,[],0.0,0.0,0,0.0,0,1.8750000094769348e-06
mlp_aco,2,7581,79,23,1,0.0,121.0,121.0,0.605,0.3710037171840668,False,False,0.0,121.0,0.0,[],0.0,0.0,0,0.0,0,2.041999977109299e-06
mlp_aco,2,7581,79,23,2,0.0,0.0,0.0,0.0,0.09907747060060501,False,False,0.0,0.0,0.0,[],0.0,0.0,0,0.0,0,2.041999977109299e-06
mlp_aco,2,7581,79,23,3,0.0,0.0,0.0,0.0,0.43936213850975037,False,False,0.0,0.0,0.0,[],0.0,0.0,0,0.0,0,2.041999977109299e-06
mlp_aco,2,7581,79,23,4,0.0,0.0,0.0,0.0,0.20313307642936707,False,False,0.0,0.0,0.0,[],0.0,0.0,0,0.0,0,2.041999977109299e-06
mlp_aco,2,7582,79,23,1,0.0,121.0,121.0,0.605,0.3710037171840668,False,False,0.0,121.0,0.0,[],0.0,0.0,0,0.0,0,2.625000007583367e-06
mlp_aco,2,7582,79,23,2,0.0,0.0,0.0,0.0,0.09907747060060501,False,False,0.0,0.0,0.0,[],0.0,0.0,0,0.0,0,2.625000007583367e-06
mlp_aco,2,7582,79,23,3,0.0,0.0,0.0,0.0,0.43936213850975037,False,False,0.0,0.0,0.0,[],0.0,0.0,0,0.0,0,2.625000007583367e-06
mlp_aco,2,7582,79,23,4,0.0,0.0,0.0,0.0,0.20313307642936707,False,False,0.0,0.0,0.0,[],0.0,0.0,0,0.0,0,2.625000007583367e-06
mlp_aco,2,7583,79,23,1,0.0,121.0,121.0,0.605,0.3710037171840668,False,False,0.0,121.0,0.0,[],0.0,0.0,0,0.0,0,1.9999999949504854e-06
mlp_aco,2,7583,79,23,2,0.0,0.0,0.0,0.0,0.09907747060060501,False,False,0.0,0.0,0.0,[],0.0,0.0,0,0.0,0,1.9999999949504854e-06
mlp_aco,2,7583,79,23,3,0.0,0.0,0.0,0.0,0.43936213850975037,False,False,0.0,0.0,0.0,[],0.0,0.0,0,0.0,0,1.9999999949504854e-06
mlp_aco,2,7583,79,23,4,0.0,0.0,0.0,0.0,0.20313307642936707,False,False,0.0,0.0,0.0,[],0.0,0.0,0,0.0,0,1.9999999949504854e-06
mlp_aco,2,7584,80,0,1,33.0,121.0,154.0,0.77,0.9999968409538269,True,True,30.0,124.0,0.0,[1],10.0,10.0,1,10.0,0,0.009790374999994356
mlp_aco,2,7584,80,0,2,0.0,0.0,0.0,0.0,0.09907747060060501,False,False,0.0,0.0,0.0,[],10.0,10.0,1,10.0,0,0.009790374999994356
mlp_aco,2,7584,80,0,3,0.0,0.0,0.0,0.0,0.43936213850975037,False,False,0.0,0.0,0.0,[],10.0,10.0,1,10.0,0,0.009790374999994356
mlp_aco,2,7584,80,0,4,0.0,0.0,0.0,0.0,0.20313307642936707,False,False,0.0,0.0,0.0,[],10.0,10.0,1,10.0,0,0.009790374999994356
mlp_aco,2,7585,80,0,1,38.0,124.0,162.0,0.81,0.9999999403953552,True,True,30.0,132.0,0.0,[1],10.0,10.0,1,10.0,0,0.00980245899998522
mlp_aco,2,7585,80,0,2,0.0,0.0,0.0,0.0,0.09907747060060501,False,False,0.0,0.0,0.0,[],10.0,10.0,1,10.0,0,0.00980245899998522
mlp_aco,2,7585,80,0,3,0.0,0.0,0.0,0.0,0.43936213850975037,False,False,0.0,0.0,0.0,[],10.0,10.0,1,10.0,0,0.00980245899998522
mlp_aco,2,7585,80,0,4,0.0,0.0,0.0,0.0,0.20313307642936707,False,False,0.0,0.0,0.0,[],10.0,10.0,1,10.0,0,0.00980245899998522
mlp_aco,2,7586,80,0,1,36.0,132.0,168.0,0.84,1.0,True,True,30.0,138.0,0.0,[1],10.0,10.0,1,10.0,0,0.009757541999988462
mlp_aco,2,7586,80,0,2,0.0,0.0,0.0,0.0,0.09907747060060501,False,False,0.0,0.0,0.0,[],10.0,10.0,1,10.0,0,0.009757541999988462
mlp_aco,2,7586,80,0,3,0.0,0.0,0.0,0.0,0.43936213850975037,False,False,0.0,0.0,0.0,[],10.0,10.0,1,10.0,0,0.009757541999988462
mlp_aco,2,7586,80,0,4,0.0,0.0,0.0,0.0,0.20313307642936707,False,False,0.0,0.0,0.0,[],10.0,10.0,1,10.0,0,0.009757541999988462
mlp_aco,2,7587,80,0,1,38.0,138.0,176.0,0.88,1.0,True,True,30.0,146.0,0.0,[1],10.0,10.0,1,10.0,0,0.00986424999999258
mlp_aco,2,7587,80,0,2,0.0,0.0,0.0,0.0,0.09907747060060501,False,False,0.0,0.0,0.0,[],10.0,10.0,1,10.0,0,0.00986424999999258
mlp_aco,2,7587,80,0,3,0.0,0.0,0.0,0.0,0.43936213850975037,False,False,0.0,0.0,0.0,[],10.0,10.0,1,10.0,0,0.00986424999999258
mlp_aco,2,7587,80,0,4,0.0,0.0,0.0,0.0,0.20313307642936707,False,False,0.0,0.0,0.0,[],10.0,10.0,1,10.0,0,0.00986424999999258
mlp_aco,2,7588,80,1,1,36.0,146.0,182.0,0.91,1.0,True,True,30.0,152.0,0.0,[1],10.0,10.0,1,10.0,0,0.009921707999978935
mlp_aco,2,7588,80,1,2,0.0,0.0,0.0,0.0,0.09907747060060501,False,False,0.0,0.0,0.0,[],10.0,10.0,1,10.0,0,0.009921707999978935
mlp_aco,2,7588,80,1,3,0.0,0.0,0.0,0.0,0.43936213850975037,False,False,0.0,0.0,0.0,[],10.0,10.0,1,10.0,0,0.009921707999978935
mlp_aco,2,7588,80,1,4,0.0,0.0,0.0,0.0,0.20313307642936707,False,False,0.0,0.0,0.0,[],10.0,10.0,1,10.0,0,0.009921707999978935
mlp_aco,2,7589,80,1,1,37.0,152.0,189.0,0.945,1.0,True,True,30.0,159.0,0.0,[1],10.0,10.0,1,10.0,0,0.009782083999994029
mlp_aco,2,7589,80,1,2,0.0,0.0,0.0,0.0,0.09907747060060501,False,False,0.0,0.0,0.0,[],10.0,10.0,1,10.0,0,0.009782083999994029
mlp_aco,2,7589,80,1,3,0.0,0.0,0.0,0.0,0.43936213850975037,False,False,0.0,0.0,0.0,[],10.0,10.0,1,10.0,0,0.009782083999994029
mlp_aco,2,7589,80,1,4,0.0,0.0,0.0,0.0,0.20313307642936707,False,False,0.0,0.0,0.0,[],10.0,10.0,1,10.0,0,0.009782083999994029
mlp_aco,2,7590,80,1,1,42.0,159.0,201.0,1.005,1.0,True,True,30.0,171.0,0.0,[1],10.0,10.0,1,10.0,0,0.009945459000022083
mlp_aco,2,7590,80,1,2,0.0,0.0,0.0,0.0,0.09907747060060501,False,False,0.0,0.0,0.0,[],10.0,10.0,1,10.0,0,0.009945459000022083
mlp_aco,2,7590,80,1,3,0.0,0.0,0.0,0.0,0.43936213850975037,False,False,0.0,0.0,0.0,[],10.0,10.0,1,10.0,0,0.009945459000022083
mlp_aco,2,7590,80,1,4,0.0,0.0,0.0,0.0,0.20313307642936707,False,False,0.0,0.0,0.0,[],10.0,10.0,1,10.0,0,0.009945459000022083
mlp_aco,2,7591,80,1,1,46.0,171.0,217.0,1.085,1.0,True,True,30.0,187.0,0.0,[1],10.0,10.0,1,10.0,0,0.009808166999988543
mlp_aco,2,7591,80,1,2,0.0,0.0,0.0,0.0,0.09907747060060501,False,False,0.0,0.0,0.0,[],10.0,10.0,1,10.0,0,0.009808166999988543
mlp_aco,2,7591,80,1,3,0.0,0.0,0.0,0.0,0.43936213850975037,False,False,0.0,0.0,0.0,[],10.0,10.0,1,10.0,0,0.009808166999988543
mlp_aco,2,7591,80,1,4,0.0,0.0,0.0,0.0,0.20313307642936707,False,False,0.0,0.0,0.0,[],10.0,10.0,1,10.0,0,0.009808166999988543
mlp_aco,2,7592,80,2,1,44.0,187.0,231.0,1.155,1.0,True,True,30.0,200.0,1.0,[1],10.0,10.0,1,10.0,0,0.009678542000017387
mlp_aco,2,7592,80,2,2,0.0,0.0,0.0,0.0,0.09907747060060501,False,False,0.0,0.0,0.0,[],10.0,10.0,1,10.0,0,0.009678542000017387
mlp_aco,2,7592,80,2,3,0.0,0.0,0.0,0.0,0.43936213850975037,False,False,0.0,0.0,0.0,[],10.0,10.0,1,10.0,0,0.009678542000017387
mlp_aco,2,7592,80,2,4,0.0,0.0,0.0,0.0,0.20313307642936707,False,False,0.0,0.0,0.0,[],10.0,10.0,1,10.0,0,0.009678542000017387
mlp_aco,2,7593,80,2,1,45.0,200.0,245.0,1.225,1.0,True,True,30.0,200.0,15.0,[1],10.0,10.0,1,10.0,0,0.009634833000006893
mlp_aco,2,7593,80,2,2,0.0,0.0,0.0,0.0,0.09907747060060501,False,False,0.0,0.0,0.0,[],10.0,10.0,1,10.0,0,0.009634833000006893
mlp_aco,2,7593,80,2,3,0.0,0.0,0.0,0.0,0.43936213850975037,False,False,0.0,0.0,0.0,[],10.0,10.0,1,10.0,0,0.009634833000006893
mlp_aco,2,7593,80,2,4,0.0,0.0,0.0,0.0,0.20313307642936707,False,False,0.0,0.0,0.0,[],10.0,10.0,1,10.0,0,0.009634833000006893
mlp_aco,2,7594,80,2,1,44.0,200.0,244.0,1.22,1.0,True,True,30.0,200.0,14.0,[1],10.0,10.0,1,10.0,0,0.009834374999996953
mlp_aco,2,7594,80,2,2,0.0,0.0,0.0,0.0,0.09907747060060501,False,False,0.0,0.0,0.0,[],10.0,10.0,1,10.0,0,0.009834374999996953
mlp_aco,2,7594,80,2,3,0.0,0.0,0.0,0.0,0.43936213850975037,False,False,0.0,0.0,0.0,[],10.0,10.0,1,10.0,0,0.009834374999996953
mlp_aco,2,7594,80,2,4,0.0,0.0,0.0,0.0,0.20313307642936707,False,False,0.0,0.0,0.0,[],10.0,10.0,1,10.0,0,0.009834374999996953
mlp_aco,2,7595,80,2,1,43.0,200.0,243.0,1.215,1.0,True,True,30.0,200.0,13.0,[1],10.0,10.0,1,10.0,0,0.00989699999999516
mlp_aco,2,7595,80,2,2,0.0,0.0,0.0,0.0,0.09907747060060501,False,False,0.0,0.0,0.0,[],10.0,10.0,1,10.0,0,0.00989699999999516
mlp_aco,2,7595,80,2,3,0.0,0.0,0.0,0.0,0.43936213850975037,False,False,0.0,0.0,0.0,[],10.0,10.0,1,10.0,0,0.00989699999999516
mlp_aco,2,7595,80,2,4,0.0,0.0,0.0,0.0,0.20313307642936707,False,False,0.0,0.0,0.0,[],10.0,10.0,1,10.0,0,0.00989699999999516
mlp_aco,2,7596,80,3,1,45.0,200.0,245.0,1.225,1.0,True,True,30.0,200.0,15.0,[1],10.0,10.0,1,10.0,0,0.00981420799999455
mlp_aco,2,7596,80,3,2,0.0,0.0,0.0,0.0,0.09907747060060501,False,False,0.0,0.0,0.0,[],10.0,10.0,1,10.0,0,0.00981420799999455
mlp_aco,2,7596,80,3,3,0.0,0.0,0.0,0.0,0.43936213850975037,False,False,0.0,0.0,0.0,[],10.0,10.0,1,10.0,0,0.00981420799999455
mlp_aco,2,7596,80,3,4,0.0,0.0,0.0,0.0,0.20313307642936707,False,False,0.0,0.0,0.0,[],10.0,10.0,1,10.0,0,0.00981420799999455
mlp_aco,2,7597,80,3,1,42.0,200.0,242.0,1.21,1.0,True,True,30.0,200.0,12.0,[1],10.0,10.0,1,10.0,0,0.009986499999996568
mlp_aco,2,7597,80,3,2,0.0,0.0,0.0,0.0,0.09907747060060501,False,False,0.0,0.0,0.0,[],10.0,10.0,1,10.0,0,0.009986499999996568
mlp_aco,2,7597,80,3,3,0.0,0.0,0.0,0.0,0.43936213850975037,False,False,0.0,0.0,0.0,[],10.0,10.0,1,10.0,0,0.009986499999996568
mlp_aco,2,7597,80,3,4,0.0,0.0,0.0,0.0,0.20313307642936707,False,False,0.0,0.0,0.0,[],10.0,10.0,1,10.0,0,0.009986499999996568
mlp_aco,2,7598,80,3,1,44.0,200.0,244.0,1.22,1.0,True,True,30.0,200.0,14.0,[1],10.0,10.0,1,10.0,0,0.009768790999999055
mlp_aco,2,7598,80,3,2,0.0,0.0,0.0,0.0,0.09907747060060501,False,False,0.0,0.0,0.0,[],10.0,10.0,1,10.0,0,0.009768790999999055
mlp_aco,2,7598,80,3,3,0.0,0.0,0.0,0.0,0.43936213850975037,False,False,0.0,0.0,0.0,[],10.0,10.0,1,10.0,0,0.009768790999999055
mlp_aco,2,7598,80,3,4,0.0,0.0,0.0,0.0,0.20313307642936707,False,False,0.0,0.0,0.0,[],10.0,10.0,1,10.0,0,0.009768790999999055
mlp_aco,2,7599,80,3,1,43.0,200.0,243.0,1.215,1.0,True,True,30.0,200.0,13.0,[1],10.0,10.0,1,10.0,0,0.010007333999993762
mlp_aco,2,7599,80,3,2,0.0,0.0,0.0,0.0,0.09907747060060501,False,False,0.0,0.0,0.0,[],10.0,10.0,1,10.0,0,0.010007333999993762
mlp_aco,2,7599,80,3,3,0.0,0.0,0.0,0.0,0.43936213850975037,False,False,0.0,0.0,0.0,[],10.0,10.0,1,10.0,0,0.010007333999993762
mlp_aco,2,7599,80,3,4,0.0,0.0,0.0,0.0,0.20313307642936707,False,False,0.0,0.0,0.0,[],10.0,10.0,1,10.0,0,0.010007333999993762
mlp_aco,2,7600,80,4,1,42.0,200.0,242.0,1.21,1.0,True,True,30.0,200.0,12.0,[1],10.0,10.0,1,10.0,0,0.009916292000013982
mlp_aco,2,7600,80,4,2,0.0,0.0,0.0,0.0,0.09907747060060501,False,False,0.0,0.0,0.0,[],10.0,10.0,1,10.0,0,0.009916292000013982
mlp_aco,2,7600,80,4,3,0.0,0.0,0.0,0.0,0.43936213850975037,False,False,0.0,0.0,0.0,[],10.0,10.0,1,10.0,0,0.009916292000013982
mlp_aco,2,7600,80,4,4,0.0,0.0,0.0,0.0,0.20313307642936707,False,False,0.0,0.0,0.0,[],10.0,10.0,1,10.0,0,0.009916292000013982
mlp_aco,2,7601,80,4,1,41.0,200.0,241.0,1.205,1.0,True,True,30.0,200.0,11.0,[1],10.0,10.0,1,10.0,0,0.009696875000003047
mlp_aco,2,7601,80,4,2,0.0,0.0,0.0,0.0,0.09907747060060501,False,False,0.0,0.0,0.0,[],10.0,10.0,1,10.0,0,0.009696875000003047
mlp_aco,2,7601,80,4,3,0.0,0.0,0.0,0.0,0.43936213850975037,False,False,0.0,0.0,0.0,[],10.0,10.0,1,10.0,0,0.009696875000003047
mlp_aco,2,7601,80,4,4,0.0,0.0,0.0,0.0,0.20313307642936707,False,False,0.0,0.0,0.0,[],10.0,10.0,1,10.0,0,0.009696875000003047
mlp_aco,2,7602,80,4,1,39.0,200.0,239.0,1.195,1.0,True,True,30.0,200.0,9.0,[1],10.0,10.0,1,10.0,0,0.010007957999988548
mlp_aco,2,7602,80,4,2,0.0,0.0,0.0,0.0,0.09907747060060501,False,False,0.0,0.0,0.0,[],10.0,10.0,1,10.0,0,0.010007957999988548
mlp_aco,2,7602,80,4,3,0.0,0.0,0.0,0.0,0.43936213850975037,False,False,0.0,0.0,0.0,[],10.0,10.0,1,10.0,0,0.010007957999988548
mlp_aco,2,7602,80,4,4,0.0,0.0,0.0,0.0,0.20313307642936707,False,False,0.0,0.0,0.0,[],10.0,10.0,1,10.0,0,0.010007957999988548
mlp_aco,2,7603,80,4,1,41.0,200.0,241.0,1.205,1.0,True,True,30.0,200.0,11.0,[1],10.0,10.0,1,10.0,0,0.009857041000003619
mlp_aco,2,7603,80,4,2,0.0,0.0,0.0,0.0,0.09907747060060501,False,False,0.0,0.0,0.0,[],10.0,10.0,1,10.0,0,0.009857041000003619
mlp_aco,2,7603,80,4,3,0.0,0.0,0.0,0.0,0.43936213850975037,False,False,0.0,0.0,0.0,[],10.0,10.0,1,10.0,0,0.009857041000003619
mlp_aco,2,7603,80,4,4,0.0,0.0,0.0,0.0,0.20313307642936707,False,False,0.0,0.0,0.0,[],10.0,10.0,1,10.0,0,0.009857041000003619
mlp_aco,2,7604,80,5,1,39.0,200.0,239.0,1.195,1.0,True,True,30.0,200.0,9.0,[1],10.0,10.0,1,10.0,0,0.009904750000004015
mlp_aco,2,7604,80,5,2,0.0,0.0,0.0,0.0,0.09907747060060501,False,False,0.0,0.0,0.0,[],10.0,10.0,1,10.0,0,0.009904750000004015
mlp_aco,2,7604,80,5,3,0.0,0.0,0.0,0.0,0.43936213850975037,False,False,0.0,0.0,0.0,[],10.0,10.0,1,10.0,0,0.009904750000004015
mlp_aco,2,7604,80,5,4,0.0,0.0,0.0,0.0,0.20313307642936707,False,False,0.0,0.0,0.0,[],10.0,10.0,1,10.0,0,0.009904750000004015
mlp_aco,2,7605,80,5,1,40.0,200.0,240.0,1.2,1.0,True,True,30.0,200.0,10.0,[1],10.0,10.0,1,10.0,0,0.009788666999980933
mlp_aco,2,7605,80,5,2,0.0,0.0,0.0,0.0,0.09907747060060501,False,False,0.0,0.0,0.0,[],10.0,10.0,1,10.0,0,0.009788666999980933
mlp_aco,2,7605,80,5,3,0.0,0.0,0.0,0.0,0.43936213850975037,False,False,0.0,0.0,0.0,[],10.0,10.0,1,10.0,0,0.009788666999980933
mlp_aco,2,7605,80,5,4,0.0,0.0,0.0,0.0,0.20313307642936707,False,False,0.0,0.0,0.0,[],10.0,10.0,1,10.0,0,0.009788666999980933
mlp_aco,2,7606,80,5,1,41.0,200.0,241.0,1.205,1.0,True,True,30.0,200.0,11.0,[1],10.0,10.0,1,10.0,0,0.009919249999995827
mlp_aco,2,7606,80,5,2,0.0,0.0,0.0,0.0,0.09907747060060501,False,False,0.0,0.0,0.0,[],10.0,10.0,1,10.0,0,0.009919249999995827
mlp_aco,2,7606,80,5,3,0.0,0.0,0.0,0.0,0.43936213850975037,False,False,0.0,0.0,0.0,[],10.0,10.0,1,10.0,0,0.009919249999995827
mlp_aco,2,7606,80,5,4,0.0,0.0,0.0,0.0,0.20313307642936707,False,False,0.0,0.0,0.0,[],10.0,10.0,1,10.0,0,0.009919249999995827
mlp_aco,2,7607,80,5,1,42.0,200.0,242.0,1.21,1.0,True,True,30.0,200.0,12.0,[1],10.0,10.0,1,10.0,0,0.010106500000006235
mlp_aco,2,7607,80,5,2,0.0,0.0,0.0,0.0,0.09907747060060501,False,False,0.0,0.0,0.0,[],10.0,10.0,1,10.0,0,0.010106500000006235
mlp_aco,2,7607,80,5,3,0.0,0.0,0.0,0.0,0.43936213850975037,False,False,0.0,0.0,0.0,[],10.0,10.0,1,10.0,0,0.010106500000006235
mlp_aco,2,7607,80,5,4,0.0,0.0,0.0,0.0,0.20313307642936707,False,False,0.0,0.0,0.0,[],10.0,10.0,1,10.0,0,0.010106500000006235
mlp_aco,2,7608,80,6,1,41.0,200.0,241.0,1.205,1.0,True,True,30.0,200.0,11.0,[1],10.0,10.0,1,10.0,0,0.009584916999983761
mlp_aco,2,7608,80,6,2,0.0,0.0,0.0,0.0,0.09907747060060501,False,False,0.0,0.0,0.0,[],10.0,10.0,1,10.0,0,0.009584916999983761
mlp_aco,2,7608,80,6,3,0.0,0.0,0.0,0.0,0.43936213850975037,False,False,0.0,0.0,0.0,[],10.0,10.0,1,10.0,0,0.009584916999983761
mlp_aco,2,7608,80,6,4,0.0,0.0,0.0,0.0,0.20313307642936707,False,False,0.0,0.0,0.0,[],10.0,10.0,1,10.0,0,0.009584916999983761
mlp_aco,2,7609,80,6,1,40.0,200.0,240.0,1.2,1.0,True,True,30.0,200.0,10.0,[1],10.0,10.0,1,10.0,0,0.009992167000007157
mlp_aco,2,7609,80,6,2,0.0,0.0,0.0,0.0,0.09907747060060501,False,False,0.0,0.0,0.0,[],10.0,10.0,1,10.0,0,0.009992167000007157
mlp_aco,2,7609,80,6,3,0.0,0.0,0.0,0.0,0.43936213850975037,False,False,0.0,0.0,0.0,[],10.0,10.0,1,10.0,0,0.009992167000007157
mlp_aco,2,7609,80,6,4,0.0,0.0,0.0,0.0,0.20313307642936707,False,False,0.0,0.0,0.0,[],10.0,10.0,1,10.0,0,0.009992167000007157
mlp_aco,2,7610,80,6,1,38.0,200.0,238.0,1.19,1.0,True,True,30.0,200.0,8.0,[1],10.0,10.0,1,10.0,0,0.009867333000016743
mlp_aco,2,7610,80,6,2,0.0,0.0,0.0,0.0,0.09907747060060501,False,False,0.0,0.0,0.0,[],10.0,10.0,1,10.0,0,0.009867333000016743
mlp_aco,2,7610,80,6,3,0.0,0.0,0.0,0.0,0.43936213850975037,False,False,0.0,0.0,0.0,[],10.0,10.0,1,10.0,0,0.009867333000016743
mlp_aco,2,7610,80,6,4,0.0,0.0,0.0,0.0,0.20313307642936707,False,False,0.0,0.0,0.0,[],10.0,10.0,1,10.0,0,0.009867333000016743
mlp_aco,2,7611,80,6,1,37.0,200.0,237.0,1.185,1.0,True,True,30.0,200.0,7.0,[1],10.0,10.0,1,10.0,0,0.009845916999978499
mlp_aco,2,7611,80,6,2,0.0,0.0,0.0,0.0,0.09907747060060501,False,False,0.0,0.0,0.0,[],10.0,10.0,1,10.0,0,0.009845916999978499
mlp_aco,2,7611,80,6,3,0.0,0.0,0.0,0.0,0.43936213850975037,False,False,0.0,0.0,0.0,[],10.0,10.0,1,10.0,0,0.009845916999978499
mlp_aco,2,7611,80,6,4,0.0,0.0,0.0,0.0,0.20313307642936707,False,False,0.0,0.0,0.0,[],10.0,10.0,1,10.0,0,0.009845916999978499
mlp_aco,2,7612,80,7,1,41.0,200.0,241.0,1.205,1.0,True,True,30.0,200.0,11.0,[1],10.0,10.0,1,10.0,0,0.009704666000004636
mlp_aco,2,7612,80,7,2,0.0,0.0,0.0,0.0,0.09907747060060501,False,False,0.0,0.0,0.0,[],10.0,10.0,1,10.0,0,0.009704666000004636
mlp_aco,2,7612,80,7,3,0.0,0.0,0.0,0.0,0.43936213850975037,False,False,0.0,0.0,0.0,[],10.0,10.0,1,10.0,0,0.009704666000004636
mlp_aco,2,7612,80,7,4,0.0,0.0,0.0,0.0,0.20313307642936707,False,False,0.0,0.0,0.0,[],10.0,10.0,1,10.0,0,0.009704666000004636
mlp_aco,2,7613,80,7,1,40.0,200.0,240.0,1.2,1.0,True,True,30.0,200.0,10.0,[1],10.0,10.0,1,10.0,0,0.00969637500000431
mlp_aco,2,7613,80,7,2,0.0,0.0,0.0,0.0,0.09907747060060501,False,False,0.0,0.0,0.0,[],10.0,10.0,1,10.0,0,0.00969637500000431
mlp_aco,2,7613,80,7,3,0.0,0.0,0.0,0.0,0.43936213850975037,False,False,0.0,0.0,0.0,[],10.0,10.0,1,10.0,0,0.00969637500000431
mlp_aco,2,7613,80,7,4,0.0,0.0,0.0,0.0,0.20313307642936707,False,False,0.0,0.0,0.0,[],10.0,10.0,1,10.0,0,0.00969637500000431
mlp_aco,2,7614,80,7,1,42.0,200.0,242.0,1.21,1.0,True,True,30.0,200.0,12.0,[1],10.0,10.0,1,10.0,0,0.009711207999998805
mlp_aco,2,7614,80,7,2,0.0,0.0,0.0,0.0,0.09907747060060501,False,False,0.0,0.0,0.0,[],10.0,10.0,1,10.0,0,0.009711207999998805
mlp_aco,2,7614,80,7,3,0.0,0.0,0.0,0.0,0.43936213850975037,False,False,0.0,0.0,0.0,[],10.0,10.0,1,10.0,0,0.009711207999998805
mlp_aco,2,7614,80,7,4,0.0,0.0,0.0,0.0,0.20313307642936707,False,False,0.0,0.0,0.0,[],10.0,10.0,1,10.0,0,0.009711207999998805
mlp_aco,2,7615,80,7,1,39.0,200.0,239.0,1.195,1.0,True,True,30.0,200.0,9.0,[1],10.0,10.0,1,10.0,0,0.009743499999984806
mlp_aco,2,7615,80,7,2,0.0,0.0,0.0,0.0,0.09907747060060501,False,False,0.0,0.0,0.0,[],10.0,10.0,1,10.0,0,0.009743499999984806
mlp_aco,2,7615,80,7,3,0.0,0.0,0.0,0.0,0.43936213850975037,False,False,0.0,0.0,0.0,[],10.0,10.0,1,10.0,0,0.009743499999984806
mlp_aco,2,7615,80,7,4,0.0,0.0,0.0,0.0,0.20313307642936707,False,False,0.0,0.0,0.0,[],10.0,10.0,1,10.0,0,0.009743499999984806
mlp_aco,2,7616,80,8,1,40.0,200.0,240.0,1.2,1.0,True,True,30.0,200.0,10.0,[1],10.0,10.0,1,10.0,0,0.009691166999999723
mlp_aco,2,7616,80,8,2,0.0,0.0,0.0,0.0,0.09907747060060501,False,False,0.0,0.0,0.0,[],10.0,10.0,1,10.0,0,0.009691166999999723
mlp_aco,2,7616,80,8,3,0.0,0.0,0.0,0.0,0.43936213850975037,False,False,0.0,0.0,0.0,[],10.0,10.0,1,10.0,0,0.009691166999999723
mlp_aco,2,7616,80,8,4,0.0,0.0,0.0,0.0,0.20313307642936707,False,False,0.0,0.0,0.0,[],10.0,10.0,1,10.0,0,0.009691166999999723
mlp_aco,2,7617,80,8,1,39.0,200.0,239.0,1.195,1.0,True,True,30.0,200.0,9.0,[1],10.0,10.0,1,10.0,0,0.009739375000009431
mlp_aco,2,7617,80,8,2,0.0,0.0,0.0,0.0,0.09907747060060501,False,False,0.0,0.0,0.0,[],10.0,10.0,1,10.0,0,0.009739375000009431
mlp_aco,2,7617,80,8,3,0.0,0.0,0.0,0.0,0.43936213850975037,False,False,0.0,0.0,0.0,[],10.0,10.0,1,10.0,0,0.009739375000009431
mlp_aco,2,7617,80,8,4,0.0,0.0,0.0,0.0,0.20313307642936707,False,False,0.0,0.0,0.0,[],10.0,10.0,1,10.0,0,0.009739375000009431
mlp_aco,2,7618,80,8,1,39.0,200.0,239.0,1.195,1.0,True,True,30.0,200.0,9.0,[1],10.0,10.0,1,10.0,0,0.01028466700000763
mlp_aco,2,7618,80,8,2,0.0,0.0,0.0,0.0,0.09907747060060501,False,False,0.0,0.0,0.0,[],10.0,10.0,1,10.0,0,0.01028466700000763
mlp_aco,2,7618,80,8,3,0.0,0.0,0.0,0.0,0.43936213850975037,False,False,0.0,0.0,0.0,[],10.0,10.0,1,10.0,0,0.01028466700000763
mlp_aco,2,7618,80,8,4,0.0,0.0,0.0,0.0,0.20313307642936707,False,False,0.0,0.0,0.0,[],10.0,10.0,1,10.0,0,0.01028466700000763
mlp_aco,2,7619,80,8,1,40.0,200.0,240.0,1.2,1.0,True,True,30.0,200.0,10.0,[1],10.0,10.0,1,10.0,0,0.009709041999997226
mlp_aco,2,7619,80,8,2,0.0,0.0,0.0,0.0,0.09907747060060501,False,False,0.0,0.0,0.0,[],10.0,10.0,1,10.0,0,0.009709041999997226
mlp_aco,2,7619,80,8,3,0.0,0.0,0.0,0.0,0.43936213850975037,False,False,0.0,0.0,0.0,[],10.0,10.0,1,10.0,0,0.009709041999997226
mlp_aco,2,7619,80,8,4,0.0,0.0,0.0,0.0,0.20313307642936707,False,False,0.0,0.0,0.0,[],10.0,10.0,1,10.0,0,0.009709041999997226
mlp_aco,2,7620,80,9,1,40.0,200.0,240.0,1.2,1.0,True,True,30.0,200.0,10.0,[1],10.0,10.0,1,10.0,0,0.009749957999986236
mlp_aco,2,7620,80,9,2,0.0,0.0,0.0,0.0,0.09907747060060501,False,False,0.0,0.0,0.0,[],10.0,10.0,1,10.0,0,0.009749957999986236
mlp_aco,2,7620,80,9,3,0.0,0.0,0.0,0.0,0.43936213850975037,False,False,0.0,0.0,0.0,[],10.0,10.0,1,10.0,0,0.009749957999986236
mlp_aco,2,7620,80,9,4,0.0,0.0,0.0,0.0,0.20313307642936707,False,False,0.0,0.0,0.0,[],10.0,10.0,1,10.0,0,0.009749957999986236
mlp_aco,2,7621,80,9,1,40.0,200.0,240.0,1.2,1.0,True,True,30.0,200.0,10.0,[1],10.0,10.0,1,10.0,0,0.009922665999994251
mlp_aco,2,7621,80,9,2,0.0,0.0,0.0,0.0,0.09907747060060501,False,False,0.0,0.0,0.0,[],10.0,10.0,1,10.0,0,0.009922665999994251
mlp_aco,2,7621,80,9,3,0.0,0.0,0.0,0.0,0.43936213850975037,False,False,0.0,0.0,0.0,[],10.0,10.0,1,10.0,0,0.009922665999994251
mlp_aco,2,7621,80,9,4,0.0,0.0,0.0,0.0,0.20313307642936707,False,False,0.0,0.0,0.0,[],10.0,10.0,1,10.0,0,0.009922665999994251
mlp_aco,2,7622,80,9,1,39.0,200.0,239.0,1.195,1.0,True,True,30.0,200.0,9.0,[1],10.0,10.0,1,10.0,0,0.00981312499999376
mlp_aco,2,7622,80,9,2,0.0,0.0,0.0,0.0,0.09907747060060501,False,False,0.0,0.0,0.0,[],10.0,10.0,1,10.0,0,0.00981312499999376
mlp_aco,2,7622,80,9,3,0.0,0.0,0.0,0.0,0.43936213850975037,False,False,0.0,0.0,0.0,[],10.0,10.0,1,10.0,0,0.00981312499999376
mlp_aco,2,7622,80,9,4,0.0,0.0,0.0,0.0,0.20313307642936707,False,False,0.0,0.0,0.0,[],10.0,10.0,1,10.0,0,0.00981312499999376
mlp_aco,2,7623,80,9,1,40.0,200.0,240.0,1.2,1.0,True,True,30.0,200.0,10.0,[1],10.0,10.0,1,10.0,0,0.009669875000014372
mlp_aco,2,7623,80,9,2,0.0,0.0,0.0,0.0,0.09907747060060501,False,False,0.0,0.0,0.0,[],10.0,10.0,1,10.0,0,0.009669875000014372
mlp_aco,2,7623,80,9,3,0.0,0.0,0.0,0.0,0.43936213850975037,False,False,0.0,0.0,0.0,[],10.0,10.0,1,10.0,0,0.009669875000014372
mlp_aco,2,7623,80,9,4,0.0,0.0,0.0,0.0,0.20313307642936707,False,False,0.0,0.0,0.0,[],10.0,10.0,1,10.0,0,0.009669875000014372
mlp_aco,2,7624,80,10,1,39.0,200.0,239.0,1.195,1.0,True,True,30.0,200.0,9.0,[1],10.0,10.0,1,10.0,0,0.009557207999989714
mlp_aco,2,7624,80,10,2,0.0,0.0,0.0,0.0,0.09907747060060501,False,False,0.0,0.0,0.0,[],10.0,10.0,1,10.0,0,0.009557207999989714
mlp_aco,2,7624,80,10,3,0.0,0.0,0.0,0.0,0.43936213850975037,False,False,0.0,0.0,0.0,[],10.0,10.0,1,10.0,0,0.009557207999989714
mlp_aco,2,7624,80,10,4,0.0,0.0,0.0,0.0,0.20313307642936707,False,False,0.0,0.0,0.0,[],10.0,10.0,1,10.0,0,0.009557207999989714
mlp_aco,2,7625,80,10,1,44.0,200.0,244.0,1.22,1.0,True,True,30.0,200.0,14.0,[1],10.0,10.0,1,10.0,0,0.009649832999997443
mlp_aco,2,7625,80,10,2,0.0,0.0,0.0,0.0,0.09907747060060501,False,False,0.0,0.0,0.0,[],10.0,10.0,1,10.0,0,0.009649832999997443
mlp_aco,2,7625,80,10,3,0.0,0.0,0.0,0.0,0.43936213850975037,False,False,0.0,0.0,0.0,[],10.0,10.0,1,10.0,0,0.009649832999997443
mlp_aco,2,7625,80,10,4,0.0,0.0,0.0,0.0,0.20313307642936707,False,False,0.0,0.0,0.0,[],10.0,10.0,1,10.0,0,0.009649832999997443
mlp_aco,2,7626,80,10,1,44.0,200.0,244.0,1.22,1.0,True,True,30.0,200.0,14.0,[1],10.0,10.0,1,10.0,0,0.009519750000009708
mlp_aco,2,7626,80,10,2,0.0,0.0,0.0,0.0,0.09907747060060501,False,False,0.0,0.0,0.0,[],10.0,10.0,1,10.0,0,0.009519750000009708
mlp_aco,2,7626,80,10,3,0.0,0.0,0.0,0.0,0.43936213850975037,False,False,0.0,0.0,0.0,[],10.0,10.0,1,10.0,0,0.009519750000009708
mlp_aco,2,7626,80,10,4,0.0,0.0,0.0,0.0,0.20313307642936707,False,False,0.0,0.0,0.0,[],10.0,10.0,1,10.0,0,0.009519750000009708
mlp_aco,2,7627,80,10,1,45.0,200.0,245.0,1.225,1.0,True,True,30.0,200.0,15.0,[1],10.0,10.0,1,10.0,0,0.009759416999997939
mlp_aco,2,7627,80,10,2,0.0,0.0,0.0,0.0,0.09907747060060501,False,False,0.0,0.0,0.0,[],10.0,10.0,1,10.0,0,0.009759416999997939
mlp_aco,2,7627,80,10,3,0.0,0.0,0.0,0.0,0.43936213850975037,False,False,0.0,0.0,0.0,[],10.0,10.0,1,10.0,0,0.009759416999997939
mlp_aco,2,7627,80,10,4,0.0,0.0,0.0,0.0,0.20313307642936707,False,False,0.0,0.0,0.0,[],10.0,10.0,1,10.0,0,0.009759416999997939
mlp_aco,2,7628,80,11,1,44.0,200.0,244.0,1.22,1.0,True,True,30.0,200.0,14.0,[1],10.0,10.0,1,10.0,0,0.009718832999993765
mlp_aco,2,7628,80,11,2,0.0,0.0,0.0,0.0,0.09907747060060501,False,False,0.0,0.0,0.0,[],10.0,10.0,1,10.0,0,0.009718832999993765
mlp_aco,2,7628,80,11,3,0.0,0.0,0.0,0.0,0.43936213850975037,False,False,0.0,0.0,0.0,[],10.0,10.0,1,10.0,0,0.009718832999993765
mlp_aco,2,7628,80,11,4,0.0,0.0,0.0,0.0,0.20313307642936707,False,False,0.0,0.0,0.0,[],10.0,10.0,1,10.0,0,0.009718832999993765
mlp_aco,2,7629,80,11,1,45.0,200.0,245.0,1.225,1.0,True,True,30.0,200.0,15.0,[1],10.0,10.0,1,10.0,0,0.009736957999990636
mlp_aco,2,7629,80,11,2,0.0,0.0,0.0,0.0,0.09907747060060501,False,False,0.0,0.0,0.0,[],10.0,10.0,1,10.0,0,0.009736957999990636
mlp_aco,2,7629,80,11,3,0.0,0.0,0.0,0.0,0.43936213850975037,False,False,0.0,0.0,0.0,[],10.0,10.0,1,10.0,0,0.009736957999990636
mlp_aco,2,7629,80,11,4,0.0,0.0,0.0,0.0,0.20313307642936707,False,False,0.0,0.0,0.0,[],10.0,10.0,1,10.0,0,0.009736957999990636
mlp_aco,2,7630,80,11,1,36.0,200.0,236.0,1.18,1.0,True,True,30.0,200.0,6.0,[1],10.0,10.0,1,10.0,0,0.009663000000017519
mlp_aco,2,7630,80,11,2,0.0,0.0,0.0,0.0,0.09907747060060501,False,False,0.0,0.0,0.0,[],10.0,10.0,1,10.0,0,0.009663000000017519
mlp_aco,2,7630,80,11,3,0.0,0.0,0.0,0.0,0.43936213850975037,False,False,0.0,0.0,0.0,[],10.0,10.0,1,10.0,0,0.009663000000017519
mlp_aco,2,7630,80,11,4,0.0,0.0,0.0,0.0,0.20313307642936707,False,False,0.0,0.0,0.0,[],10.0,10.0,1,10.0,0,0.009663000000017519
mlp_aco,2,7631,80,11,1,37.0,200.0,237.0,1.185,1.0,True,True,30.0,200.0,7.0,[1],10.0,10.0,1,10.0,0,0.00965800000000172
mlp_aco,2,7631,80,11,2,0.0,0.0,0.0,0.0,0.09907747060060501,False,False,0.0,0.0,0.0,[],10.0,10.0,1,10.0,0,0.00965800000000172
mlp_aco,2,7631,80,11,3,0.0,0.0,0.0,0.0,0.43936213850975037,False,False,0.0,0.0,0.0,[],10.0,10.0,1,10.0,0,0.00965800000000172
mlp_aco,2,7631,80,11,4,0.0,0.0,0.0,0.0,0.20313307642936707,False,False,0.0,0.0,0.0,[],10.0,10.0,1,10.0,0,0.00965800000000172
mlp_aco,2,7632,80,12,1,36.0,200.0,236.0,1.18,1.0,True,True,30.0,200.0,6.0,[1],10.0,10.0,1,10.0,0,0.00975470899999209
mlp_aco,2,7632,80,12,2,0.0,0.0,0.0,0.0,0.09907747060060501,False,False,0.0,0.0,0.0,[],10.0,10.0,1,10.0,0,0.00975470899999209
mlp_aco,2,7632,80,12,3,0.0,0.0,0.0,0.0,0.43936213850975037,False,False,0.0,0.0,0.0,[],10.0,10.0,1,10.0,0,0.00975470899999209
mlp_aco,2,7632,80,12,4,0.0,0.0,0.0,0.0,0.20313307642936707,False,False,0.0,0.0,0.0,[],10.0,10.0,1,10.0,0,0.00975470899999209
mlp_aco,2,7633,80,12,1,36.0,200.0,236.0,1.18,1.0,True,True,30.0,200.0,6.0,[1],10.0,10.0,1,10.0,0,0.009755458000000772
mlp_aco,2,7633,80,12,2,0.0,0.0,0.0,0.0,0.09907747060060501,False,False,0.0,0.0,0.0,[],10.0,10.0,1,10.0,0,0.009755458000000772
mlp_aco,2,7633,80,12,3,0.0,0.0,0.0,0.0,0.43936213850975037,False,False,0.0,0.0,0.0,[],10.0,10.0,1,10.0,0,0.009755458000000772
mlp_aco,2,7633,80,12,4,0.0,0.0,0.0,0.0,0.20313307642936707,False,False,0.0,0.0,0.0,[],10.0,10.0,1,10.0,0,0.009755458000000772
mlp_aco,2,7634,80,12,1,36.0,200.0,236.0,1.18,1.0,True,True,30.0,200.0,6.0,[1],10.0,10.0,1,10.0,0,0.009635333999995055
mlp_aco,2,7634,80,12,2,0.0,0.0,0.0,0.0,0.09907747060060501,False,False,0.0,0.0,0.0,[],10.0,10.0,1,10.0,0,0.009635333999995055
mlp_aco,2,7634,80,12,3,0.0,0.0,0.0,0.0,0.43936213850975037,False,False,0.0,0.0,0.0,[],10.0,10.0,1,10.0,0,0.009635333999995055
mlp_aco,2,7634,80,12,4,0.0,0.0,0.0,0.0,0.20313307642936707,False,False,0.0,0.0,0.0,[],10.0,10.0,1,10.0,0,0.009635333999995055
mlp_aco,2,7635,80,12,1,36.0,200.0,236.0,1.18,1.0,True,True,30.0,200.0,6.0,[1],10.0,10.0,1,10.0,0,0.009535457999987784
mlp_aco,2,7635,80,12,2,0.0,0.0,0.0,0.0,0.09907747060060501,False,False,0.0,0.0,0.0,[],10.0,10.0,1,10.0,0,0.009535457999987784
mlp_aco,2,7635,80,12,3,0.0,0.0,0.0,0.0,0.43936213850975037,False,False,0.0,0.0,0.0,[],10.0,10.0,1,10.0,0,0.009535457999987784
mlp_aco,2,7635,80,12,4,0.0,0.0,0.0,0.0,0.20313307642936707,False,False,0.0,0.0,0.0,[],10.0,10.0,1,10.0,0,0.009535457999987784
mlp_aco,2,7636,80,13,1,37.0,200.0,237.0,1.185,1.0,True,True,30.0,200.0,7.0,[1],10.0,10.0,1,10.0,0,0.009492582999996557
mlp_aco,2,7636,80,13,2,0.0,0.0,0.0,0.0,0.09907747060060501,False,False,0.0,0.0,0.0,[],10.0,10.0,1,10.0,0,0.009492582999996557
mlp_aco,2,7636,80,13,3,0.0,0.0,0.0,0.0,0.43936213850975037,False,False,0.0,0.0,0.0,[],10.0,10.0,1,10.0,0,0.009492582999996557
mlp_aco,2,7636,80,13,4,0.0,0.0,0.0,0.0,0.20313307642936707,False,False,0.0,0.0,0.0,[],10.0,10.0,1,10.0,0,0.009492582999996557
mlp_aco,2,7637,80,13,1,36.0,200.0,236.0,1.18,1.0,True,True,30.0,200.0,6.0,[1],10.0,10.0,1,10.0,0,0.009790874999993093
mlp_aco,2,7637,80,13,2,0.0,0.0,0.0,0.0,0.09907747060060501,False,False,0.0,0.0,0.0,[],10.0,10.0,1,10.0,0,0.009790874999993093
mlp_aco,2,7637,80,13,3,0.0,0.0,0.0,0.0,0.43936213850975037,False,False,0.0,0.0,0.0,[],10.0,10.0,1,10.0,0,0.009790874999993093
mlp_aco,2,7637,80,13,4,0.0,0.0,0.0,0.0,0.20313307642936707,False,False,0.0,0.0,0.0,[],10.0,10.0,1,10.0,0,0.009790874999993093
mlp_aco,2,7638,80,13,1,30.0,200.0,230.0,1.15,1.0,True,True,30.0,200.0,0.0,[1],10.0,10.0,1,10.0,0,0.00979583299999831
mlp_aco,2,7638,80,13,2,0.0,0.0,0.0,0.0,0.09907747060060501,False,False,0.0,0.0,0.0,[],10.0,10.0,1,10.0,0,0.00979583299999831
mlp_aco,2,7638,80,13,3,0.0,0.0,0.0,0.0,0.43936213850975037,False,False,0.0,0.0,0.0,[],10.0,10.0,1,10.0,0,0.00979583299999831
mlp_aco,2,7638,80,13,4,0.0,0.0,0.0,0.0,0.20313307642936707,False,False,0.0,0.0,0.0,[],10.0,10.0,1,10.0,0,0.00979583299999831
mlp_aco,2,7639,80,13,1,21.0,200.0,221.0,1.105,1.0,True,True,30.0,191.0,0.0,[1],10.0,10.0,1,10.0,0,0.009577124999992748
mlp_aco,2,7639,80,13,2,0.0,0.0,0.0,0.0,0.09907747060060501,False,False,0.0,0.0,0.0,[],10.0,10.0,1,10.0,0,0.009577124999992748
mlp_aco,2,7639,80,13,3,0.0,0.0,0.0,0.0,0.43936213850975037,False,False,0.0,0.0,0.0,[],10.0,10.0,1,10.0,0,0.009577124999992748
mlp_aco,2,7639,80,13,4,0.0,0.0,0.0,0.0,0.20313307642936707,False,False,0.0,0.0,0.0,[],10.0,10.0,1,10.0,0,0.009577124999992748
mlp_aco,2,7640,80,14,1,22.0,191.0,213.0,1.065,1.0,True,True,30.0,183.0,0.0,[1],10.0,10.0,1,10.0,0,0.009516791000010016
mlp_aco,2,7640,80,14,2,0.0,0.0,0.0,0.0,0.09907747060060501,False,False,0.0,0.0,0.0,[],10.0,10.0,1,10.0,0,0.009516791000010016
mlp_aco,2,7640,80,14,3,0.0,0.0,0.0,0.0,0.43936213850975037,False,False,0.0,0.0,0.0,[],10.0,10.0,1,10.0,0,0.009516791000010016
mlp_aco,2,7640,80,14,4,0.0,0.0,0.0,0.0,0.20313307642936707,False,False,0.0,0.0,0.0,[],10.0,10.0,1,10.0,0,0.009516791000010016
mlp_aco,2,7641,80,14,1,14.0,183.0,197.0,0.985,1.0,True,True,30.0,167.0,0.0,[1],10.0,10.0,1,10.0,0,0.009722917000004827
mlp_aco,2,7641,80,14,2,0.0,0.0,0.0,0.0,0.09907747060060501,False,False,0.0,0.0,0.0,[],10.0,10.0,1,10.0,0,0.009722917000004827
mlp_aco,2,7641,80,14,3,0.0,0.0,0.0,0.0,0.43936213850975037,False,False,0.0,0.0,0.0,[],10.0,10.0,1,10.0,0,0.009722917000004827
mlp_aco,2,7641,80,14,4,0.0,0.0,0.0,0.0,0.20313307642936707,False,False,0.0,0.0,0.0,[],10.0,10.0,1,10.0,0,0.009722917000004827
mlp_aco,2,7642,80,14,1,13.0,167.0,180.0,0.9,0.9999964833259583,True,True,30.0,150.0,0.0,[1],10.0,10.0,1,10.0,0,0.009745625000022073
mlp_aco,2,7642,80,14,2,0.0,0.0,0.0,0.0,0.09907747060060501,False,False,0.0,0.0,0.0,[],10.0,10.0,1,10.0,0,0.009745625000022073
mlp_aco,2,7642,80,14,3,0.0,0.0,0.0,0.0,0.43936213850975037,False,False,0.0,0.0,0.0,[],10.0,10.0,1,10.0,0,0.009745625000022073
mlp_aco,2,7642,80,14,4,0.0,0.0,0.0,0.0,0.20313307642936707,False,False,0.0,0.0,0.0,[],10.0,10.0,1,10.0,0,0.009745625000022073
mlp_aco,2,7643,80,14,1,13.0,150.0,163.0,0.815,0.9996762275695801,True,True,30.0,133.0,0.0,[1],10.0,10.0,1,10.0,0,0.009675208000004432
mlp_aco,2,7643,80,14,2,0.0,0.0,0.0,0.0,0.09907747060060501,False,False,0.0,0.0,0.0,[],10.0,10.0,1,10.0,0,0.009675208000004432
mlp_aco,2,7643,80,14,3,0.0,0.0,0.0,0.0,0.43936213850975037,False,False,0.0,0.0,0.0,[],10.0,10.0,1,10.0,0,0.009675208000004432
mlp_aco,2,7643,80,14,4,0.0,0.0,0.0,0.0,0.20313307642936707,False,False,0.0,0.0,0.0,[],10.0,10.0,1,10.0,0,0.009675208000004432
mlp_aco,2,7644,80,15,1,14.0,133.0,147.0,0.735,0.9951216578483582,True,True,30.0,117.0,0.0,[1],10.0,10.0,1,10.0,0,0.009740415999999641
mlp_aco,2,7644,80,15,2,0.0,0.0,0.0,0.0,0.09907747060060501,False,False,0.0,0.0,0.0,[],10.0,10.0,1,10.0,0,0.009740415999999641
mlp_aco,2,7644,80,15,3,0.0,0.0,0.0,0.0,0.43936213850975037,False,False,0.0,0.0,0.0,[],10.0,10.0,1,10.0,0,0.009740415999999641
mlp_aco,2,7644,80,15,4,0.0,0.0,0.0,0.0,0.20313307642936707,False,False,0.0,0.0,0.0,[],10.0,10.0,1,10.0,0,0.009740415999999641
mlp_aco,2,7645,80,15,1,1.0,117.0,118.0,0.59,0.16512653231620789,False,False,0.0,118.0,0.0,[],0.0,0.0,0,0.0,0,3.666999987217423e-06
mlp_aco,2,7645,80,15,2,0.0,0.0,0.0,0.0,0.09907747060060501,False,False,0.0,0.0,0.0,[],0.0,0.0,0,0.0,0,3.666999987217423e-06
mlp_aco,2,7645,80,15,3,0.0,0.0,0.0,0.0,0.43936213850975037,False,False,0.0,0.0,0.0,[],0.0,0.0,0,0.0,0,3.666999987217423e-06
mlp_aco,2,7645,80,15,4,0.0,0.0,0.0,0.0,0.20313307642936707,False,False,0.0,0.0,0.0,[],0.0,0.0,0,0.0,0,3.666999987217423e-06
mlp_aco,2,7646,80,15,1,0.0,118.0,118.0,0.59,0.1812865436077118,False,False,0.0,118.0,0.0,[],0.0,0.0,0,0.0,0,2.4160000009487703e-06
mlp_aco,2,7646,80,15,2,0.0,0.0,0.0,0.0,0.09907747060060501,False,False,0.0,0.0,0.0,[],0.0,0.0,0,0.0,0,2.4160000009487703e-06
mlp_aco,2,7646,80,15,3,0.0,0.0,0.0,0.0,0.43936213850975037,False,False,0.0,0.0,0.0,[],0.0,0.0,0,0.0,0,2.4160000009487703e-06
mlp_aco,2,7646,80,15,4,0.0,0.0,0.0,0.0,0.20313307642936707,False,False,0.0,0.0,0.0,[],0.0,0.0,0,0.0,0,2.4160000009487703e-06
mlp_aco,2,7647,80,15,1,0.0,118.0,118.0,0.59,0.24906276166439056,False,False,0.0,118.0,0.0,[],0.0,0.0,0,0.0,0,1.9999999949504854e-06
mlp_aco,2,7647,80,15,2,0.0,0.0,0.0,0.0,0.09907747060060501,False,False,0.0,0.0,0.0,[],0.0,0.0,0,0.0,0,1.9999999949504854e-06
mlp_aco,2,7647,80,15,3,0.0,0.0,0.0,0.0,0.43936213850975037,False,False,0.0,0.0,0.0,[],0.0,0.0,0,0.0,0,1.9999999949504854e-06
mlp_aco,2,7647,80,15,4,0.0,0.0,0.0,0.0,0.20313307642936707,False,False,0.0,0.0,0.0,[],0.0,0.0,0,0.0,0,1.9999999949504854e-06
mlp_aco,2,7648,80,16,1,0.0,118.0,118.0,0.59,0.3524385988712311,False,False,0.0,118.0,0.0,[],0.0,0.0,0,0.0,0,2.625000007583367e-06
mlp_aco,2,7648,80,16,2,0.0,0.0,0.0,0.0,0.09907747060060501,False,False,0.0,0.0,0.0,[],0.0,0.0,0,0.0,0,2.625000007583367e-06
mlp_aco,2,7648,80,16,3,0.0,0.0,0.0,0.0,0.43936213850975037,False,False,0.0,0.0,0.0,[],0.0,0.0,0,0.0,0,2.625000007583367e-06
mlp_aco,2,7648,80,16,4,0.0,0.0,0.0,0.0,0.20313307642936707,False,False,0.0,0.0,0.0,[],0.0,0.0,0,0.0,0,2.625000007583367e-06
mlp_aco,2,7649,80,16,1,0.0,118.0,118.0,0.59,0.36091679334640503,False,False,0.0,118.0,0.0,[],0.0,0.0,0,0.0,0,1.9579999843699625e-06
mlp_aco,2,7649,80,16,2,0.0,0.0,0.0,0.0,0.09907747060060501,False,False,0.0,0.0,0.0,[],0.0,0.0,0,0.0,0,1.9579999843699625e-06
mlp_aco,2,7649,80,16,3,0.0,0.0,0.0,0.0,0.43936213850975037,False,False,0.0,0.0,0.0,[],0.0,0.0,0,0.0,0,1.9579999843699625e-06
mlp_aco,2,7649,80,16,4,0.0,0.0,0.0,0.0,0.20313307642936707,False,False,0.0,0.0,0.0,[],0.0,0.0,0,0.0,0,1.9579999843699625e-06
mlp_aco,2,7650,80,16,1,0.0,118.0,118.0,0.59,0.36091679334640503,False,False,0.0,118.0,0.0,[],0.0,0.0,0,0.0,0,2.582999997002844e-06
mlp_aco,2,7650,80,16,2,0.0,0.0,0.0,0.0,0.09907747060060501,False,False,0.0,0.0,0.0,[],0.0,0.0,0,0.0,0,2.582999997002844e-06
mlp_aco,2,7650,80,16,3,0.0,0.0,0.0,0.0,0.43936213850975037,False,False,0.0,0.0,0.0,[],0.0,0.0,0,0.0,0,2.582999997002844e-06
mlp_aco,2,7650,80,16,4,0.0,0.0,0.0,0.0,0.20313307642936707,False,False,0.0,0.0,0.0,[],0.0,0.0,0,0.0,0,2.582999997002844e-06
mlp_aco,2,7651,80,16,1,0.0,118.0,118.0,0.59,0.36091679334640503,False,False,0.0,118.0,0.0,[],0.0,0.0,0,0.0,0,1.9579999843699625e-06
mlp_aco,2,7651,80,16,2,0.0,0.0,0.0,0.0,0.09907747060060501,False,False,0.0,0.0,0.0,[],0.0,0.0,0,0.0,0,1.9579999843699625e-06
mlp_aco,2,7651,80,16,3,0.0,0.0,0.0,0.0,0.43936213850975037,False,False,0.0,0.0,0.0,[],0.0,0.0,0,0.0,0,1.9579999843699625e-06
mlp_aco,2,7651,80,16,4,0.0,0.0,0.0,0.0,0.20313307642936707,False,False,0.0,0.0,0.0,[],0.0,0.0,0,0.0,0,1.9579999843699625e-06
mlp_aco,2,7652,80,17,1,0.0,118.0,118.0,0.59,0.36091679334640503,False,False,0.0,118.0,0.0,[],0.0,0.0,0,0.0,0,2.2500000227410055e-06
mlp_aco,2,7652,80,17,2,0.0,0.0,0.0,0.0,0.09907747060060501,False,False,0.0,0.0,0.0,[],0.0,0.0,0,0.0,0,2.2500000227410055e-06
mlp_aco,2,7652,80,17,3,0.0,0.0,0.0,0.0,0.43936213850975037,False,False,0.0,0.0,0.0,[],0.0,0.0,0,0.0,0,2.2500000227410055e-06
mlp_aco,2,7652,80,17,4,0.0,0.0,0.0,0.0,0.20313307642936707,False,False,0.0,0.0,0.0,[],0.0,0.0,0,0.0,0,2.2500000227410055e-06
mlp_aco,2,7653,80,17,1,0.0,118.0,118.0,0.59,0.36091679334640503,False,False,0.0,118.0,0.0,[],0.0,0.0,0,0.0,0,2.582999997002844e-06
mlp_aco,2,7653,80,17,2,0.0,0.0,0.0,0.0,0.09907747060060501,False,False,0.0,0.0,0.0,[],0.0,0.0,0,0.0,0,2.582999997002844e-06
mlp_aco,2,7653,80,17,3,0.0,0.0,0.0,0.0,0.43936213850975037,False,False,0.0,0.0,0.0,[],0.0,0.0,0,0.0,0,2.582999997002844e-06
mlp_aco,2,7653,80,17,4,0.0,0.0,0.0,0.0,0.20313307642936707,False,False,0.0,0.0,0.0,[],0.0,0.0,0,0.0,0,2.582999997002844e-06
mlp_aco,2,7654,80,17,1,0.0,118.0,118.0,0.59,0.36091679334640503,False,False,0.0,118.0,0.0,[],0.0,0.0,0,0.0,0,2.0420000055310084e-06
mlp_aco,2,7654,80,17,2,0.0,0.0,0.0,0.0,0.09907747060060501,False,False,0.0,0.0,0.0,[],0.0,0.0,0,0.0,0,2.0420000055310084e-06
mlp_aco,2,7654,80,17,3,0.0,0.0,0.0,0.0,0.43936213850975037,False,False,0.0,0.0,0.0,[],0.0,0.0,0,0.0,0,2.0420000055310084e-06
mlp_aco,2,7654,80,17,4,0.0,0.0,0.0,0.0,0.20313307642936707,False,False,0.0,0.0,0.0,[],0.0,0.0,0,0.0,0,2.0420000055310084e-06
mlp_aco,2,7655,80,17,1,0.0,118.0,118.0,0.59,0.36091679334640503,False,False,0.0,118.0,0.0,[],0.0,0.0,0,0.0,0,1.916000002211149e-06
mlp_aco,2,7655,80,17,2,0.0,0.0,0.0,0.0,0.09907747060060501,False,False,0.0,0.0,0.0,[],0.0,0.0,0,0.0,0,1.916000002211149e-06
mlp_aco,2,7655,80,17,3,0.0,0.0,0.0,0.0,0.43936213850975037,False,False,0.0,0.0,0.0,[],0.0,0.0,0,0.0,0,1.916000002211149e-06
mlp_aco,2,7655,80,17,4,0.0,0.0,0.0,0.0,0.20313307642936707,False,False,0.0,0.0,0.0,[],0.0,0.0,0,0.0,0,1.916000002211149e-06
mlp_aco,2,7656,80,18,1,0.0,118.0,118.0,0.59,0.36091679334640503,False,False,0.0,118.0,0.0,[],0.0,0.0,0,0.0,0,2.292000004899819e-06
mlp_aco,2,7656,80,18,2,0.0,0.0,0.0,0.0,0.09907747060060501,False,False,0.0,0.0,0.0,[],0.0,0.0,0,0.0,0,2.292000004899819e-06
mlp_aco,2,7656,80,18,3,0.0,0.0,0.0,0.0,0.43936213850975037,False,False,0.0,0.0,0.0,[],0.0,0.0,0,0.0,0,2.292000004899819e-06
mlp_aco,2,7656,80,18,4,0.0,0.0,0.0,0.0,0.20313307642936707,False,False,0.0,0.0,0.0,[],0.0,0.0,0,0.0,0,2.292000004899819e-06
mlp_aco,2,7657,80,18,1,0.0,118.0,118.0,0.59,0.36091679334640503,False,False,0.0,118.0,0.0,[],0.0,0.0,0,0.0,0,1.9169999916357483e-06
mlp_aco,2,7657,80,18,2,0.0,0.0,0.0,0.0,0.09907747060060501,False,False,0.0,0.0,0.0,[],0.0,0.0,0,0.0,0,1.9169999916357483e-06
mlp_aco,2,7657,80,18,3,0.0,0.0,0.0,0.0,0.43936213850975037,False,False,0.0,0.0,0.0,[],0.0,0.0,0,0.0,0,1.9169999916357483e-06
mlp_aco,2,7657,80,18,4,0.0,0.0,0.0,0.0,0.20313307642936707,False,False,0.0,0.0,0.0,[],0.0,0.0,0,0.0,0,1.9169999916357483e-06
mlp_aco,2,7658,80,18,1,0.0,118.0,118.0,0.59,0.36091679334640503,False,False,0.0,118.0,0.0,[],0.0,0.0,0,0.0,0,2.708000010898104e-06
mlp_aco,2,7658,80,18,2,0.0,0.0,0.0,0.0,0.09907747060060501,False,False,0.0,0.0,0.0,[],0.0,0.0,0,0.0,0,2.708000010898104e-06
mlp_aco,2,7658,80,18,3,0.0,0.0,0.0,0.0,0.43936213850975037,False,False,0.0,0.0,0.0,[],0.0,0.0,0,0.0,0,2.708000010898104e-06
mlp_aco,2,7658,80,18,4,0.0,0.0,0.0,0.0,0.20313307642936707,False,False,0.0,0.0,0.0,[],0.0,0.0,0,0.0,0,2.708000010898104e-06
mlp_aco,2,7659,80,18,1,0.0,118.0,118.0,0.59,0.36091679334640503,False,False,0.0,118.0,0.0,[],0.0,0.0,0,0.0,0,1.8750000094769348e-06
mlp_aco,2,7659,80,18,2,0.0,0.0,0.0,0.0,0.09907747060060501,False,False,0.0,0.0,0.0,[],0.0,0.0,0,0.0,0,1.8750000094769348e-06
mlp_aco,2,7659,80,18,3,0.0,0.0,0.0,0.0,0.43936213850975037,False,False,0.0,0.0,0.0,[],0.0,0.0,0,0.0,0,1.8750000094769348e-06
mlp_aco,2,7659,80,18,4,0.0,0.0,0.0,0.0,0.20313307642936707,False,False,0.0,0.0,0.0,[],0.0,0.0,0,0.0,0,1.8750000094769348e-06
mlp_aco,2,7660,80,19,1,0.0,118.0,118.0,0.59,0.36091679334640503,False,False,0.0,118.0,0.0,[],0.0,0.0,0,0.0,0,1.7919999777404882e-06
mlp_aco,2,7660,80,19,2,0.0,0.0,0.0,0.0,0.09907747060060501,False,False,0.0,0.0,0.0,[],0.0,0.0,0,0.0,0,1.7919999777404882e-06
mlp_aco,2,7660,80,19,3,0.0,0.0,0.0,0.0,0.43936213850975037,False,False,0.0,0.0,0.0,[],0.0,0.0,0,0.0,0,1.7919999777404882e-06
mlp_aco,2,7660,80,19,4,0.0,0.0,0.0,0.0,0.20313307642936707,False,False,0.0,0.0,0.0,[],0.0,0.0,0,0.0,0,1.7919999777404882e-06
mlp_aco,2,7661,80,19,1,0.0,118.0,118.0,0.59,0.36091679334640503,False,False,0.0,118.0,0.0,[],0.0,0.0,0,0.0,0,2.0829999982652225e-06
mlp_aco,2,7661,80,19,2,0.0,0.0,0.0,0.0,0.09907747060060501,False,False,0.0,0.0,0.0,[],0.0,0.0,0,0.0,0,2.0829999982652225e-06
mlp_aco,2,7661,80,19,3,0.0,0.0,0.0,0.0,0.43936213850975037,False,False,0.0,0.0,0.0,[],0.0,0.0,0,0.0,0,2.0829999982652225e-06
mlp_aco,2,7661,80,19,4,0.0,0.0,0.0,0.0,0.20313307642936707,False,False,0.0,0.0,0.0,[],0.0,0.0,0,0.0,0,2.0829999982652225e-06
mlp_aco,2,7662,80,19,1,0.0,118.0,118.0,0.59,0.36091679334640503,False,False,0.0,118.0,0.0,[],0.0,0.0,0,0.0,0,2.000000023372195e-06
mlp_aco,2,7662,80,19,2,0.0,0.0,0.0,0.0,0.09907747060060501,False,False,0.0,0.0,0.0,[],0.0,0.0,0,0.0,0,2.000000023372195e-06
mlp_aco,2,7662,80,19,3,0.0,0.0,0.0,0.0,0.43936213850975037,False,False,0.0,0.0,0.0,[],0.0,0.0,0,0.0,0,2.000000023372195e-06
mlp_aco,2,7662,80,19,4,0.0,0.0,0.0,0.0,0.20313307642936707,False,False,0.0,0.0,0.0,[],0.0,0.0,0,0.0,0,2.000000023372195e-06
mlp_aco,2,7663,80,19,1,0.0,118.0,118.0,0.59,0.36091679334640503,False,False,0.0,118.0,0.0,[],0.0,0.0,0,0.0,0,2.5420000042686297e-06
mlp_aco,2,7663,80,19,2,0.0,0.0,0.0,0.0,0.09907747060060501,False,False,0.0,0.0,0.0,[],0.0,0.0,0,0.0,0,2.5420000042686297e-06
mlp_aco,2,7663,80,19,3,0.0,0.0,0.0,0.0,0.43936213850975037,False,False,0.0,0.0,0.0,[],0.0,0.0,0,0.0,0,2.5420000042686297e-06
mlp_aco,2,7663,80,19,4,0.0,0.0,0.0,0.0,0.20313307642936707,False,False,0.0,0.0,0.0,[],0.0,0.0,0,0.0,0,2.5420000042686297e-06
mlp_aco,2,7664,80,20,1,0.0,118.0,118.0,0.59,0.36091679334640503,False,False,0.0,118.0,0.0,[],0.0,0.0,0,0.0,0,2.0420000055310084e-06
mlp_aco,2,7664,80,20,2,0.0,0.0,0.0,0.0,0.09907747060060501,False,False,0.0,0.0,0.0,[],0.0,0.0,0,0.0,0,2.0420000055310084e-06
mlp_aco,2,7664,80,20,3,0.0,0.0,0.0,0.0,0.43936213850975037,False,False,0.0,0.0,0.0,[],0.0,0.0,0,0.0,0,2.0420000055310084e-06
mlp_aco,2,7664,80,20,4,0.0,0.0,0.0,0.0,0.20313307642936707,False,False,0.0,0.0,0.0,[],0.0,0.0,0,0.0,0,2.0420000055310084e-06
mlp_aco,2,7665,80,20,1,0.0,118.0,118.0,0.59,0.36091679334640503,False,False,0.0,118.0,0.0,[],0.0,0.0,0,0.0,0,2.0420000055310084e-06
mlp_aco,2,7665,80,20,2,0.0,0.0,0.0,0.0,0.09907747060060501,False,False,0.0,0.0,0.0,[],0.0,0.0,0,0.0,0,2.0420000055310084e-06
mlp_aco,2,7665,80,20,3,0.0,0.0,0.0,0.0,0.43936213850975037,False,False,0.0,0.0,0.0,[],0.0,0.0,0,0.0,0,2.0420000055310084e-06
mlp_aco,2,7665,80,20,4,0.0,0.0,0.0,0.0,0.20313307642936707,False,False,0.0,0.0,0.0,[],0.0,0.0,0,0.0,0,2.0420000055310084e-06
mlp_aco,2,7666,80,20,1,0.0,118.0,118.0,0.59,0.36091679334640503,False,False,0.0,118.0,0.0,[],0.0,0.0,0,0.0,0,2.582999997002844e-06
mlp_aco,2,7666,80,20,2,0.0,0.0,0.0,0.0,0.09907747060060501,False,False,0.0,0.0,0.0,[],0.0,0.0,0,0.0,0,2.582999997002844e-06
mlp_aco,2,7666,80,20,3,0.0,0.0,0.0,0.0,0.43936213850975037,False,False,0.0,0.0,0.0,[],0.0,0.0,0,0.0,0,2.582999997002844e-06
mlp_aco,2,7666,80,20,4,0.0,0.0,0.0,0.0,0.20313307642936707,False,False,0.0,0.0,0.0,[],0.0,0.0,0,0.0,0,2.582999997002844e-06
mlp_aco,2,7667,80,20,1,0.0,118.0,118.0,0.59,0.36091679334640503,False,False,0.0,118.0,0.0,[],0.0,0.0,0,0.0,0,1.8750000094769348e-06
mlp_aco,2,7667,80,20,2,0.0,0.0,0.0,0.0,0.09907747060060501,False,False,0.0,0.0,0.0,[],0.0,0.0,0,0.0,0,1.8750000094769348e-06
mlp_aco,2,7667,80,20,3,0.0,0.0,0.0,0.0,0.43936213850975037,False,False,0.0,0.0,0.0,[],0.0,0.0,0,0.0,0,1.8750000094769348e-06
mlp_aco,2,7667,80,20,4,0.0,0.0,0.0,0.0,0.20313307642936707,False,False,0.0,0.0,0.0,[],0.0,0.0,0,0.0,0,1.8750000094769348e-06
mlp_aco,2,7668,80,21,1,0.0,118.0,118.0,0.59,0.36091679334640503,False,False,0.0,118.0,0.0,[],0.0,0.0,0,0.0,0,1.8329999988964119e-06
mlp_aco,2,7668,80,21,2,0.0,0.0,0.0,0.0,0.09907747060060501,False,False,0.0,0.0,0.0,[],0.0,0.0,0,0.0,0,1.8329999988964119e-06
mlp_aco,2,7668,80,21,3,0.0,0.0,0.0,0.0,0.43936213850975037,False,False,0.0,0.0,0.0,[],0.0,0.0,0,0.0,0,1.8329999988964119e-06
mlp_aco,2,7668,80,21,4,0.0,0.0,0.0,0.0,0.20313307642936707,False,False,0.0,0.0,0.0,[],0.0,0.0,0,0.0,0,1.8329999988964119e-06
mlp_aco,2,7669,80,21,1,0.0,118.0,118.0,0.59,0.36091679334640503,False,False,0.0,118.0,0.0,[],0.0,0.0,0,0.0,0,2.625000007583367e-06
mlp_aco,2,7669,80,21,2,0.0,0.0,0.0,0.0,0.09907747060060501,False,False,0.0,0.0,0.0,[],0.0,0.0,0,0.0,0,2.625000007583367e-06
mlp_aco,2,7669,80,21,3,0.0,0.0,0.0,0.0,0.43936213850975037,False,False,0.0,0.0,0.0,[],0.0,0.0,0,0.0,0,2.625000007583367e-06
mlp_aco,2,7669,80,21,4,0.0,0.0,0.0,0.0,0.20313307642936707,False,False,0.0,0.0,0.0,[],0.0,0.0,0,0.0,0,2.625000007583367e-06
mlp_aco,2,7670,80,21,1,0.0,118.0,118.0,0.59,0.36091679334640503,False,False,0.0,118.0,0.0,[],0.0,0.0,0,0.0,0,1.9590000022162712e-06
mlp_aco,2,7670,80,21,2,0.0,0.0,0.0,0.0,0.09907747060060501,False,False,0.0,0.0,0.0,[],0.0,0.0,0,0.0,0,1.9590000022162712e-06
mlp_aco,2,7670,80,21,3,0.0,0.0,0.0,0.0,0.43936213850975037,False,False,0.0,0.0,0.0,[],0.0,0.0,0,0.0,0,1.9590000022162712e-06
mlp_aco,2,7670,80,21,4,0.0,0.0,0.0,0.0,0.20313307642936707,False,False,0.0,0.0,0.0,[],0.0,0.0,0,0.0,0,1.9590000022162712e-06
mlp_aco,2,7671,80,21,1,0.0,118.0,118.0,0.59,0.36091679334640503,False,False,0.0,118.0,0.0,[],0.0,0.0,0,0.0,0,2.5420000042686297e-06
mlp_aco,2,7671,80,21,2,0.0,0.0,0.0,0.0,0.09907747060060501,False,False,0.0,0.0,0.0,[],0.0,0.0,0,0.0,0,2.5420000042686297e-06
mlp_aco,2,7671,80,21,3,0.0,0.0,0.0,0.0,0.43936213850975037,False,False,0.0,0.0,0.0,[],0.0,0.0,0,0.0,0,2.5420000042686297e-06
mlp_aco,2,7671,80,21,4,0.0,0.0,0.0,0.0,0.20313307642936707,False,False,0.0,0.0,0.0,[],0.0,0.0,0,0.0,0,2.5420000042686297e-06
mlp_aco,2,7672,80,22,1,0.0,118.0,118.0,0.59,0.36091679334640503,False,False,0.0,118.0,0.0,[],0.0,0.0,0,0.0,0,1.7920000061621977e-06
mlp_aco,2,7672,80,22,2,0.0,0.0,0.0,0.0,0.09907747060060501,False,False,0.0,0.0,0.0,[],0.0,0.0,0,0.0,0,1.7920000061621977e-06
mlp_aco,2,7672,80,22,3,0.0,0.0,0.0,0.0,0.43936213850975037,False,False,0.0,0.0,0.0,[],0.0,0.0,0,0.0,0,1.7920000061621977e-06
mlp_aco,2,7672,80,22,4,0.0,0.0,0.0,0.0,0.20313307642936707,False,False,0.0,0.0,0.0,[],0.0,0.0,0,0.0,0,1.7920000061621977e-06
mlp_aco,2,7673,80,22,1,0.0,118.0,118.0,0.59,0.36091679334640503,False,False,0.0,118.0,0.0,[],0.0,0.0,0,0.0,0,1.7920000061621977e-06
mlp_aco,2,7673,80,22,2,0.0,0.0,0.0,0.0,0.09907747060060501,False,False,0.0,0.0,0.0,[],0.0,0.0,0,0.0,0,1.7920000061621977e-06
mlp_aco,2,7673,80,22,3,0.0,0.0,0.0,0.0,0.43936213850975037,False,False,0.0,0.0,0.0,[],0.0,0.0,0,0.0,0,1.7920000061621977e-06
mlp_aco,2,7673,80,22,4,0.0,0.0,0.0,0.0,0.20313307642936707,False,False,0.0,0.0,0.0,[],0.0,0.0,0,0.0,0,1.7920000061621977e-06
mlp_aco,2,7674,80,22,1,0.0,118.0,118.0,0.59,0.36091679334640503,False,False,0.0,118.0,0.0,[],0.0,0.0,0,0.0,0,2.4999999936881068e-06
mlp_aco,2,7674,80,22,2,0.0,0.0,0.0,0.0,0.09907747060060501,False,False,0.0,0.0,0.0,[],0.0,0.0,0,0.0,0,2.4999999936881068e-06
mlp_aco,2,7674,80,22,3,0.0,0.0,0.0,0.0,0.43936213850975037,False,False,0.0,0.0,0.0,[],0.0,0.0,0,0.0,0,2.4999999936881068e-06
mlp_aco,2,7674,80,22,4,0.0,0.0,0.0,0.0,0.20313307642936707,False,False,0.0,0.0,0.0,[],0.0,0.0,0,0.0,0,2.4999999936881068e-06
mlp_aco,2,7675,80,22,1,0.0,118.0,118.0,0.59,0.36091679334640503,False,False,0.0,118.0,0.0,[],0.0,0.0,0,0.0,0,1.8749999810552254e-06
mlp_aco,2,7675,80,22,2,0.0,0.0,0.0,0.0,0.09907747060060501,False,False,0.0,0.0,0.0,[],0.0,0.0,0,0.0,0,1.8749999810552254e-06
mlp_aco,2,7675,80,22,3,0.0,0.0,0.0,0.0,0.43936213850975037,False,False,0.0,0.0,0.0,[],0.0,0.0,0,0.0,0,1.8749999810552254e-06
mlp_aco,2,7675,80,22,4,0.0,0.0,0.0,0.0,0.20313307642936707,False,False,0.0,0.0,0.0,[],0.0,0.0,0,0.0,0,1.8749999810552254e-06
mlp_aco,2,7676,80,23,1,0.0,118.0,118.0,0.59,0.36091679334640503,False,False,0.0,118.0,0.0,[],0.0,0.0,0,0.0,0,2.5420000042686297e-06
mlp_aco,2,7676,80,23,2,0.0,0.0,0.0,0.0,0.09907747060060501,False,False,0.0,0.0,0.0,[],0.0,0.0,0,0.0,0,2.5420000042686297e-06
mlp_aco,2,7676,80,23,3,0.0,0.0,0.0,0.0,0.43936213850975037,False,False,0.0,0.0,0.0,[],0.0,0.0,0,0.0,0,2.5420000042686297e-06
mlp_aco,2,7676,80,23,4,0.0,0.0,0.0,0.0,0.20313307642936707,False,False,0.0,0.0,0.0,[],0.0,0.0,0,0.0,0,2.5420000042686297e-06
mlp_aco,2,7677,80,23,1,0.0,118.0,118.0,0.59,0.36091679334640503,False,False,0.0,118.0,0.0,[],0.0,0.0,0,0.0,0,1.9999999949504854e-06
mlp_aco,2,7677,80,23,2,0.0,0.0,0.0,0.0,0.09907747060060501,False,False,0.0,0.0,0.0,[],0.0,0.0,0,0.0,0,1.9999999949504854e-06
mlp_aco,2,7677,80,23,3,0.0,0.0,0.0,0.0,0.43936213850975037,False,False,0.0,0.0,0.0,[],0.0,0.0,0,0.0,0,1.9999999949504854e-06
mlp_aco,2,7677,80,23,4,0.0,0.0,0.0,0.0,0.20313307642936707,False,False,0.0,0.0,0.0,[],0.0,0.0,0,0.0,0,1.9999999949504854e-06
mlp_aco,2,7678,80,23,1,0.0,118.0,118.0,0.59,0.36091679334640503,False,False,0.0,118.0,0.0,[],0.0,0.0,0,0.0,0,1.9170000200574577e-06
mlp_aco,2,7678,80,23,2,0.0,0.0,0.0,0.0,0.09907747060060501,False,False,0.0,0.0,0.0,[],0.0,0.0,0,0.0,0,1.9170000200574577e-06
mlp_aco,2,7678,80,23,3,0.0,0.0,0.0,0.0,0.43936213850975037,False,False,0.0,0.0,0.0,[],0.0,0.0,0,0.0,0,1.9170000200574577e-06
mlp_aco,2,7678,80,23,4,0.0,0.0,0.0,0.0,0.20313307642936707,False,False,0.0,0.0,0.0,[],0.0,0.0,0,0.0,0,1.9170000200574577e-06
mlp_aco,2,7679,80,23,1,0.0,118.0,118.0,0.59,0.36091679334640503,False,False,0.0,118.0,0.0,[],0.0,0.0,0,0.0,0,2.582999997002844e-06
mlp_aco,2,7679,80,23,2,0.0,0.0,0.0,0.0,0.09907747060060501,False,False,0.0,0.0,0.0,[],0.0,0.0,0,0.0,0,2.582999997002844e-06
mlp_aco,2,7679,80,23,3,0.0,0.0,0.0,0.0,0.43936213850975037,False,False,0.0,0.0,0.0,[],0.0,0.0,0,0.0,0,2.582999997002844e-06
mlp_aco,2,7679,80,23,4,0.0,0.0,0.0,0.0,0.20313307642936707,False,False,0.0,0.0,0.0,[],0.0,0.0,0,0.0,0,2.582999997002844e-06
mlp_aco,2,7680,81,0,1,35.0,118.0,153.0,0.765,0.9999980926513672,True,True,30.0,123.0,0.0,[1],10.0,10.0,1,10.0,0,0.010055417000017997
mlp_aco,2,7680,81,0,2,0.0,0.0,0.0,0.0,0.09907747060060501,False,False,0.0,0.0,0.0,[],10.0,10.0,1,10.0,0,0.010055417000017997
mlp_aco,2,7680,81,0,3,0.0,0.0,0.0,0.0,0.43936213850975037,False,False,0.0,0.0,0.0,[],10.0,10.0,1,10.0,0,0.010055417000017997
mlp_aco,2,7680,81,0,4,0.0,0.0,0.0,0.0,0.20313307642936707,False,False,0.0,0.0,0.0,[],10.0,10.0,1,10.0,0,0.010055417000017997
mlp_aco,2,7681,81,0,1,36.0,123.0,159.0,0.795,0.9999997019767761,True,True,30.0,129.0,0.0,[1],10.0,10.0,1,10.0,0,0.009830749999991895
mlp_aco,2,7681,81,0,2,0.0,0.0,0.0,0.0,0.09907747060060501,False,False,0.0,0.0,0.0,[],10.0,10.0,1,10.0,0,0.009830749999991895
mlp_aco,2,7681,81,0,3,0.0,0.0,0.0,0.0,0.43936213850975037,False,False,0.0,0.0,0.0,[],10.0,10.0,1,10.0,0,0.009830749999991895
mlp_aco,2,7681,81,0,4,0.0,0.0,0.0,0.0,0.20313307642936707,False,False,0.0,0.0,0.0,[],10.0,10.0,1,10.0,0,0.009830749999991895
mlp_aco,2,7682,81,0,1,36.0,129.0,165.0,0.825,1.0,True,True,30.0,135.0,0.0,[1],10.0,10.0,1,10.0,0,0.009728083999988257
mlp_aco,2,7682,81,0,2,0.0,0.0,0.0,0.0,0.09907747060060501,False,False,0.0,0.0,0.0,[],10.0,10.0,1,10.0,0,0.009728083999988257
mlp_aco,2,7682,81,0,3,0.0,0.0,0.0,0.0,0.43936213850975037,False,False,0.0,0.0,0.0,[],10.0,10.0,1,10.0,0,0.009728083999988257
mlp_aco,2,7682,81,0,4,0.0,0.0,0.0,0.0,0.20313307642936707,False,False,0.0,0.0,0.0,[],10.0,10.0,1,10.0,0,0.009728083999988257
mlp_aco,2,7683,81,0,1,36.0,135.0,171.0,0.855,1.0,True,True,30.0,141.0,0.0,[1],10.0,10.0,1,10.0,0,0.010018000000002303
mlp_aco,2,7683,81,0,2,0.0,0.0,0.0,0.0,0.09907747060060501,False,False,0.0,0.0,0.0,[],10.0,10.0,1,10.0,0,0.010018000000002303
mlp_aco,2,7683,81,0,3,0.0,0.0,0.0,0.0,0.43936213850975037,False,False,0.0,0.0,0.0,[],10.0,10.0,1,10.0,0,0.010018000000002303
mlp_aco,2,7683,81,0,4,0.0,0.0,0.0,0.0,0.20313307642936707,False,False,0.0,0.0,0.0,[],10.0,10.0,1,10.0,0,0.010018000000002303
mlp_aco,2,7684,81,1,1,37.0,141.0,178.0,0.89,1.0,True,True,30.0,148.0,0.0,[1],10.0,10.0,1,10.0,0,0.009914417000004505
mlp_aco,2,7684,81,1,2,0.0,0.0,0.0,0.0,0.09907747060060501,False,False,0.0,0.0,0.0,[],10.0,10.0,1,10.0,0,0.009914417000004505
mlp_aco,2,7684,81,1,3,0.0,0.0,0.0,0.0,0.43936213850975037,False,False,0.0,0.0,0.0,[],10.0,10.0,1,10.0,0,0.009914417000004505
mlp_aco,2,7684,81,1,4,0.0,0.0,0.0,0.0,0.20313307642936707,False,False,0.0,0.0,0.0,[],10.0,10.0,1,10.0,0,0.009914417000004505
mlp_aco,2,7685,81,1,1,36.0,148.0,184.0,0.92,1.0,True,True,30.0,154.0,0.0,[1],10.0,10.0,1,10.0,0,0.009856165999991617
mlp_aco,2,7685,81,1,2,0.0,0.0,0.0,0.0,0.09907747060060501,False,False,0.0,0.0,0.0,[],10.0,10.0,1,10.0,0,0.009856165999991617
mlp_aco,2,7685,81,1,3,0.0,0.0,0.0,0.0,0.43936213850975037,False,False,0.0,0.0,0.0,[],10.0,10.0,1,10.0,0,0.009856165999991617
mlp_aco,2,7685,81,1,4,0.0,0.0,0.0,0.0,0.20313307642936707,False,False,0.0,0.0,0.0,[],10.0,10.0,1,10.0,0,0.009856165999991617
mlp_aco,2,7686,81,1,1,35.0,154.0,189.0,0.945,1.0,True,True,30.0,159.0,0.0,[1],10.0,10.0,1,10.0,0,0.009587957999997343
mlp_aco,2,7686,81,1,2,0.0,0.0,0.0,0.0,0.09907747060060501,False,False,0.0,0.0,0.0,[],10.0,10.0,1,10.0,0,0.009587957999997343
mlp_aco,2,7686,81,1,3,0.0,0.0,0.0,0.0,0.43936213850975037,False,False,0.0,0.0,0.0,[],10.0,10.0,1,10.0,0,0.009587957999997343
mlp_aco,2,7686,81,1,4,0.0,0.0,0.0,0.0,0.20313307642936707,False,False,0.0,0.0,0.0,[],10.0,10.0,1,10.0,0,0.009587957999997343
mlp_aco,2,7687,81,1,1,29.0,159.0,188.0,0.94,1.0,True,True,30.0,158.0,0.0,[1],10.0,10.0,1,10.0,0,0.009885541999977931
mlp_aco,2,7687,81,1,2,0.0,0.0,0.0,0.0,0.09907747060060501,False,False,0.0,0.0,0.0,[],10.0,10.0,1,10.0,0,0.009885541999977931
mlp_aco,2,7687,81,1,3,0.0,0.0,0.0,0.0,0.43936213850975037,False,False,0.0,0.0,0.0,[],10.0,10.0,1,10.0,0,0.009885541999977931
mlp_aco,2,7687,81,1,4,0.0,0.0,0.0,0.0,0.20313307642936707,False,False,0.0,0.0,0.0,[],10.0,10.0,1,10.0,0,0.009885541999977931
mlp_aco,2,7688,81,2,1,19.0,158.0,177.0,0.885,0.9999992251396179,True,True,30.0,147.0,0.0,[1],10.0,10.0,1,10.0,0,0.0100848750000182
mlp_aco,2,7688,81,2,2,0.0,0.0,0.0,0.0,0.09907747060060501,False,False,0.0,0.0,0.0,[],10.0,10.0,1,10.0,0,0.0100848750000182
mlp_aco,2,7688,81,2,3,0.0,0.0,0.0,0.0,0.43936213850975037,False,False,0.0,0.0,0.0,[],10.0,10.0,1,10.0,0,0.0100848750000182
mlp_aco,2,7688,81,2,4,0.0,0.0,0.0,0.0,0.20313307642936707,False,False,0.0,0.0,0.0,[],10.0,10.0,1,10.0,0,0.0100848750000182
mlp_aco,2,7689,81,2,1,19.0,147.0,166.0,0.83,0.9999849796295166,True,True,30.0,136.0,0.0,[1],10.0,10.0,1,10.0,0,0.009626667000020461
mlp_aco,2,7689,81,2,2,0.0,0.0,0.0,0.0,0.09907747060060501,False,False,0.0,0.0,0.0,[],10.0,10.0,1,10.0,0,0.009626667000020461
mlp_aco,2,7689,81,2,3,0.0,0.0,0.0,0.0,0.43936213850975037,False,False,0.0,0.0,0.0,[],10.0,10.0,1,10.0,0,0.009626667000020461
mlp_aco,2,7689,81,2,4,0.0,0.0,0.0,0.0,0.20313307642936707,False,False,0.0,0.0,0.0,[],10.0,10.0,1,10.0,0,0.009626667000020461
mlp_aco,2,7690,81,2,1,15.0,136.0,151.0,0.755,0.9979323148727417,True,True,30.0,121.0,0.0,[1],10.0,10.0,1,10.0,0,0.009766666000018631
mlp_aco,2,7690,81,2,2,0.0,0.0,0.0,0.0,0.09907747060060501,False,False,0.0,0.0,0.0,[],10.0,10.0,1,10.0,0,0.009766666000018631
mlp_aco,2,7690,81,2,3,0.0,0.0,0.0,0.0,0.43936213850975037,False,False,0.0,0.0,0.0,[],10.0,10.0,1,10.0,0,0.009766666000018631
mlp_aco,2,7690,81,2,4,0.0,0.0,0.0,0.0,0.20313307642936707,False,False,0.0,0.0,0.0,[],10.0,10.0,1,10.0,0,0.009766666000018631
mlp_aco,2,7691,81,2,1,17.0,121.0,138.0,0.69,0.9948408007621765,True,True,30.0,108.0,0.0,[1],10.0,10.0,1,10.0,0,0.009833624999998847
mlp_aco,2,7691,81,2,2,0.0,0.0,0.0,0.0,0.09907747060060501,False,False,0.0,0.0,0.0,[],10.0,10.0,1,10.0,0,0.009833624999998847
mlp_aco,2,7691,81,2,3,0.0,0.0,0.0,0.0,0.43936213850975037,False,False,0.0,0.0,0.0,[],10.0,10.0,1,10.0,0,0.009833624999998847
mlp_aco,2,7691,81,2,4,0.0,0.0,0.0,0.0,0.20313307642936707,False,False,0.0,0.0,0.0,[],10.0,10.0,1,10.0,0,0.009833624999998847
mlp_aco,2,7692,81,3,1,19.0,108.0,127.0,0.635,0.9926163554191589,True,True,30.0,97.0,0.0,[1],10.0,10.0,1,10.0,0,0.010182874999998148
mlp_aco,2,7692,81,3,2,0.0,0.0,0.0,0.0,0.09907747060060501,False,False,0.0,0.0,0.0,[],10.0,10.0,1,10.0,0,0.010182874999998148
mlp_aco,2,7692,81,3,3,0.0,0.0,0.0,0.0,0.43936213850975037,False,False,0.0,0.0,0.0,[],10.0,10.0,1,10.0,0,0.010182874999998148
mlp_aco,2,7692,81,3,4,0.0,0.0,0.0,0.0,0.20313307642936707,False,False,0.0,0.0,0.0,[],10.0,10.0,1,10.0,0,0.010182874999998148
mlp_aco,2,7693,81,3,1,19.0,97.0,116.0,0.58,0.9805437326431274,True,True,30.0,86.0,0.0,[1],10.0,10.0,1,10.0,0,0.010239000000012766
mlp_aco,2,7693,81,3,2,0.0,0.0,0.0,0.0,0.09907747060060501,False,False,0.0,0.0,0.0,[],10.0,10.0,1,10.0,0,0.010239000000012766
mlp_aco,2,7693,81,3,3,0.0,0.0,0.0,0.0,0.43936213850975037,False,False,0.0,0.0,0.0,[],10.0,10.0,1,10.0,0,0.010239000000012766
mlp_aco,2,7693,81,3,4,0.0,0.0,0.0,0.0,0.20313307642936707,False,False,0.0,0.0,0.0,[],10.0,10.0,1,10.0,0,0.010239000000012766
mlp_aco,2,7694,81,3,1,39.0,86.0,125.0,0.625,0.9999871253967285,True,True,30.0,95.0,0.0,[1],10.0,10.0,1,10.0,0,0.00978383399998961
mlp_aco,2,7694,81,3,2,0.0,0.0,0.0,0.0,0.09907747060060501,False,False,0.0,0.0,0.0,[],10.0,10.0,1,10.0,0,0.00978383399998961
mlp_aco,2,7694,81,3,3,0.0,0.0,0.0,0.0,0.43936213850975037,False,False,0.0,0.0,0.0,[],10.0,10.0,1,10.0,0,0.00978383399998961
mlp_aco,2,7694,81,3,4,0.0,0.0,0.0,0.0,0.20313307642936707,False,False,0.0,0.0,0.0,[],10.0,10.0,1,10.0,0,0.00978383399998961
mlp_aco,2,7695,81,3,1,50.0,95.0,145.0,0.725,1.0,True,True,30.0,115.0,0.0,[1],10.0,10.0,1,10.0,0,0.010149458000000777
mlp_aco,2,7695,81,3,2,0.0,0.0,0.0,0.0,0.09907747060060501,False,False,0.0,0.0,0.0,[],10.0,10.0,1,10.0,0,0.010149458000000777
mlp_aco,2,7695,81,3,3,0.0,0.0,0.0,0.0,0.43936213850975037,False,False,0.0,0.0,0.0,[],10.0,10.0,1,10.0,0,0.010149458000000777
mlp_aco,2,7695,81,3,4,0.0,0.0,0.0,0.0,0.20313307642936707,False,False,0.0,0.0,0.0,[],10.0,10.0,1,10.0,0,0.010149458000000777
mlp_aco,2,7696,81,4,1,50.0,115.0,165.0,0.825,1.0,True,True,30.0,135.0,0.0,[1],10.0,10.0,1,10.0,0,0.009568250000000944
mlp_aco,2,7696,81,4,2,0.0,0.0,0.0,0.0,0.09907747060060501,False,False,0.0,0.0,0.0,[],10.0,10.0,1,10.0,0,0.009568250000000944
mlp_aco,2,7696,81,4,3,0.0,0.0,0.0,0.0,0.43936213850975037,False,False,0.0,0.0,0.0,[],10.0,10.0,1,10.0,0,0.009568250000000944
mlp_aco,2,7696,81,4,4,0.0,0.0,0.0,0.0,0.20313307642936707,False,False,0.0,0.0,0.0,[],10.0,10.0,1,10.0,0,0.009568250000000944
mlp_aco,2,7697,81,4,1,49.0,135.0,184.0,0.92,1.0,True,True,30.0,154.0,0.0,[1],10.0,10.0,1,10.0,0,0.009869958999985329
mlp_aco,2,7697,81,4,2,0.0,0.0,0.0,0.0,0.09907747060060501,False,False,0.0,0.0,0.0,[],10.0,10.0,1,10.0,0,0.009869958999985329
mlp_aco,2,7697,81,4,3,0.0,0.0,0.0,0.0,0.43936213850975037,False,False,0.0,0.0,0.0,[],10.0,10.0,1,10.0,0,0.009869958999985329
mlp_aco,2,7697,81,4,4,0.0,0.0,0.0,0.0,0.20313307642936707,False,False,0.0,0.0,0.0,[],10.0,10.0,1,10.0,0,0.009869958999985329
mlp_aco,2,7698,81,4,1,52.0,154.0,206.0,1.03,1.0,True,True,30.0,176.0,0.0,[1],10.0,10.0,1,10.0,0,0.009753332999991926
mlp_aco,2,7698,81,4,2,0.0,0.0,0.0,0.0,0.09907747060060501,False,False,0.0,0.0,0.0,[],10.0,10.0,1,10.0,0,0.009753332999991926
mlp_aco,2,7698,81,4,3,0.0,0.0,0.0,0.0,0.43936213850975037,False,False,0.0,0.0,0.0,[],10.0,10.0,1,10.0,0,0.009753332999991926
mlp_aco,2,7698,81,4,4,0.0,0.0,0.0,0.0,0.20313307642936707,False,False,0.0,0.0,0.0,[],10.0,10.0,1,10.0,0,0.009753332999991926
mlp_aco,2,7699,81,4,1,50.0,176.0,226.0,1.13,1.0,True,True,30.0,196.0,0.0,[1],10.0,10.0,1,10.0,0,0.009825541999987308
mlp_aco,2,7699,81,4,2,0.0,0.0,0.0,0.0,0.09907747060060501,False,False,0.0,0.0,0.0,[],10.0,10.0,1,10.0,0,0.009825541999987308
mlp_aco,2,7699,81,4,3,0.0,0.0,0.0,0.0,0.43936213850975037,False,False,0.0,0.0,0.0,[],10.0,10.0,1,10.0,0,0.009825541999987308
mlp_aco,2,7699,81,4,4,0.0,0.0,0.0,0.0,0.20313307642936707,False,False,0.0,0.0,0.0,[],10.0,10.0,1,10.0,0,0.009825541999987308
mlp_aco,2,7700,81,5,1,52.0,196.0,248.0,1.24,1.0,True,True,30.0,200.0,18.0,[1],10.0,10.0,1,10.0,0,0.0096077079999759
mlp_aco,2,7700,81,5,2,0.0,0.0,0.0,0.0,0.09907747060060501,False,False,0.0,0.0,0.0,[],10.0,10.0,1,10.0,0,0.0096077079999759
mlp_aco,2,7700,81,5,3,0.0,0.0,0.0,0.0,0.43936213850975037,False,False,0.0,0.0,0.0,[],10.0,10.0,1,10.0,0,0.0096077079999759
mlp_aco,2,7700,81,5,4,0.0,0.0,0.0,0.0,0.20313307642936707,False,False,0.0,0.0,0.0,[],10.0,10.0,1,10.0,0,0.0096077079999759
mlp_aco,2,7701,81,5,1,49.0,200.0,249.0,1.245,1.0,True,True,30.0,200.0,19.0,[1],10.0,10.0,1,10.0,0,0.009531084000002465
mlp_aco,2,7701,81,5,2,0.0,0.0,0.0,0.0,0.09907747060060501,False,False,0.0,0.0,0.0,[],10.0,10.0,1,10.0,0,0.009531084000002465
mlp_aco,2,7701,81,5,3,0.0,0.0,0.0,0.0,0.43936213850975037,False,False,0.0,0.0,0.0,[],10.0,10.0,1,10.0,0,0.009531084000002465
mlp_aco,2,7701,81,5,4,0.0,0.0,0.0,0.0,0.20313307642936707,False,False,0.0,0.0,0.0,[],10.0,10.0,1,10.0,0,0.009531084000002465
mlp_aco,2,7702,81,5,1,52.0,200.0,252.0,1.26,1.0,True,True,30.0,200.0,22.0,[1],10.0,10.0,1,10.0,0,0.009694458000012673
mlp_aco,2,7702,81,5,2,0.0,0.0,0.0,0.0,0.09907747060060501,False,False,0.0,0.0,0.0,[],10.0,10.0,1,10.0,0,0.009694458000012673
mlp_aco,2,7702,81,5,3,0.0,0.0,0.0,0.0,0.43936213850975037,False,False,0.0,0.0,0.0,[],10.0,10.0,1,10.0,0,0.009694458000012673
mlp_aco,2,7702,81,5,4,0.0,0.0,0.0,0.0,0.20313307642936707,False,False,0.0,0.0,0.0,[],10.0,10.0,1,10.0,0,0.009694458000012673
mlp_aco,2,7703,81,5,1,50.0,200.0,250.0,1.25,1.0,True,True,30.0,200.0,20.0,[1],10.0,10.0,1,10.0,0,0.009655709000014667
mlp_aco,2,7703,81,5,2,0.0,0.0,0.0,0.0,0.09907747060060501,False,False,0.0,0.0,0.0,[],10.0,10.0,1,10.0,0,0.009655709000014667
mlp_aco,2,7703,81,5,3,0.0,0.0,0.0,0.0,0.43936213850975037,False,False,0.0,0.0,0.0,[],10.0,10.0,1,10.0,0,0.009655709000014667
mlp_aco,2,7703,81,5,4,0.0,0.0,0.0,0.0,0.20313307642936707,False,False,0.0,0.0,0.0,[],10.0,10.0,1,10.0,0,0.009655709000014667
mlp_aco,2,7704,81,6,1,52.0,200.0,252.0,1.26,1.0,True,True,30.0,200.0,22.0,[1],10.0,10.0,1,10.0,0,0.009719334000010349
mlp_aco,2,7704,81,6,2,0.0,0.0,0.0,0.0,0.09907747060060501,False,False,0.0,0.0,0.0,[],10.0,10.0,1,10.0,0,0.009719334000010349
mlp_aco,2,7704,81,6,3,0.0,0.0,0.0,0.0,0.43936213850975037,False,False,0.0,0.0,0.0,[],10.0,10.0,1,10.0,0,0.009719334000010349
mlp_aco,2,7704,81,6,4,0.0,0.0,0.0,0.0,0.20313307642936707,False,False,0.0,0.0,0.0,[],10.0,10.0,1,10.0,0,0.009719334000010349
mlp_aco,2,7705,81,6,1,53.0,200.0,253.0,1.265,1.0,True,True,30.0,200.0,23.0,[1],10.0,10.0,1,10.0,0,0.009597874999997202
mlp_aco,2,7705,81,6,2,0.0,0.0,0.0,0.0,0.09907747060060501,False,False,0.0,0.0,0.0,[],10.0,10.0,1,10.0,0,0.009597874999997202
mlp_aco,2,7705,81,6,3,0.0,0.0,0.0,0.0,0.43936213850975037,False,False,0.0,0.0,0.0,[],10.0,10.0,1,10.0,0,0.009597874999997202
mlp_aco,2,7705,81,6,4,0.0,0.0,0.0,0.0,0.20313307642936707,False,False,0.0,0.0,0.0,[],10.0,10.0,1,10.0,0,0.009597874999997202
mlp_aco,2,7706,81,6,1,52.0,200.0,252.0,1.26,1.0,True,True,30.0,200.0,22.0,[1],10.0,10.0,1,10.0,0,0.009690291999987721
mlp_aco,2,7706,81,6,2,0.0,0.0,0.0,0.0,0.09907747060060501,False,False,0.0,0.0,0.0,[],10.0,10.0,1,10.0,0,0.009690291999987721
mlp_aco,2,7706,81,6,3,0.0,0.0,0.0,0.0,0.43936213850975037,False,False,0.0,0.0,0.0,[],10.0,10.0,1,10.0,0,0.009690291999987721
mlp_aco,2,7706,81,6,4,0.0,0.0,0.0,0.0,0.20313307642936707,False,False,0.0,0.0,0.0,[],10.0,10.0,1,10.0,0,0.009690291999987721
mlp_aco,2,7707,81,6,1,51.0,200.0,251.0,1.255,1.0,True,True,30.0,200.0,21.0,[1],10.0,10.0,1,10.0,0,0.00974583299998244
mlp_aco,2,7707,81,6,2,0.0,0.0,0.0,0.0,0.09907747060060501,False,False,0.0,0.0,0.0,[],10.0,10.0,1,10.0,0,0.00974583299998244
mlp_aco,2,7707,81,6,3,0.0,0.0,0.0,0.0,0.43936213850975037,False,False,0.0,0.0,0.0,[],10.0,10.0,1,10.0,0,0.00974583299998244
mlp_aco,2,7707,81,6,4,0.0,0.0,0.0,0.0,0.20313307642936707,False,False,0.0,0.0,0.0,[],10.0,10.0,1,10.0,0,0.00974583299998244
mlp_aco,2,7708,81,7,1,48.0,200.0,248.0,1.24,1.0,True,True,30.0,200.0,18.0,[1],10.0,10.0,1,10.0,0,0.009908082999999124
mlp_aco,2,7708,81,7,2,0.0,0.0,0.0,0.0,0.09907747060060501,False,False,0.0,0.0,0.0,[],10.0,10.0,1,10.0,0,0.009908082999999124
mlp_aco,2,7708,81,7,3,0.0,0.0,0.0,0.0,0.43936213850975037,False,False,0.0,0.0,0.0,[],10.0,10.0,1,10.0,0,0.009908082999999124
mlp_aco,2,7708,81,7,4,0.0,0.0,0.0,0.0,0.20313307642936707,False,False,0.0,0.0,0.0,[],10.0,10.0,1,10.0,0,0.009908082999999124
mlp_aco,2,7709,81,7,1,48.0,200.0,248.0,1.24,1.0,True,True,30.0,200.0,18.0,[1],10.0,10.0,1,10.0,0,0.009765041999997948
mlp_aco,2,7709,81,7,2,0.0,0.0,0.0,0.0,0.09907747060060501,False,False,0.0,0.0,0.0,[],10.0,10.0,1,10.0,0,0.009765041999997948
mlp_aco,2,7709,81,7,3,0.0,0.0,0.0,0.0,0.43936213850975037,False,False,0.0,0.0,0.0,[],10.0,10.0,1,10.0,0,0.009765041999997948
mlp_aco,2,7709,81,7,4,0.0,0.0,0.0,0.0,0.20313307642936707,False,False,0.0,0.0,0.0,[],10.0,10.0,1,10.0,0,0.009765041999997948
mlp_aco,2,7710,81,7,1,50.0,200.0,250.0,1.25,1.0,True,True,30.0,200.0,20.0,[1],10.0,10.0,1,10.0,0,0.009833500000013373
mlp_aco,2,7710,81,7,2,0.0,0.0,0.0,0.0,0.09907747060060501,False,False,0.0,0.0,0.0,[],10.0,10.0,1,10.0,0,0.009833500000013373
mlp_aco,2,7710,81,7,3,0.0,0.0,0.0,0.0,0.43936213850975037,False,False,0.0,0.0,0.0,[],10.0,10.0,1,10.0,0,0.009833500000013373
mlp_aco,2,7710,81,7,4,0.0,0.0,0.0,0.0,0.20313307642936707,False,False,0.0,0.0,0.0,[],10.0,10.0,1,10.0,0,0.009833500000013373
mlp_aco,2,7711,81,7,1,48.0,200.0,248.0,1.24,1.0,True,True,30.0,200.0,18.0,[1],10.0,10.0,1,10.0,0,0.009700624999993579
mlp_aco,2,7711,81,7,2,0.0,0.0,0.0,0.0,0.09907747060060501,False,False,0.0,0.0,0.0,[],10.0,10.0,1,10.0,0,0.009700624999993579
mlp_aco,2,7711,81,7,3,0.0,0.0,0.0,0.0,0.43936213850975037,False,False,0.0,0.0,0.0,[],10.0,10.0,1,10.0,0,0.009700624999993579
mlp_aco,2,7711,81,7,4,0.0,0.0,0.0,0.0,0.20313307642936707,False,False,0.0,0.0,0.0,[],10.0,10.0,1,10.0,0,0.009700624999993579
mlp_aco,2,7712,81,8,1,47.0,200.0,247.0,1.235,1.0,True,True,30.0,200.0,17.0,[1],10.0,10.0,1,10.0,0,0.00971458399999392
mlp_aco,2,7712,81,8,2,0.0,0.0,0.0,0.0,0.09907747060060501,False,False,0.0,0.0,0.0,[],10.0,10.0,1,10.0,0,0.00971458399999392
mlp_aco,2,7712,81,8,3,0.0,0.0,0.0,0.0,0.43936213850975037,False,False,0.0,0.0,0.0,[],10.0,10.0,1,10.0,0,0.00971458399999392
mlp_aco,2,7712,81,8,4,0.0,0.0,0.0,0.0,0.20313307642936707,False,False,0.0,0.0,0.0,[],10.0,10.0,1,10.0,0,0.00971458399999392
mlp_aco,2,7713,81,8,1,48.0,200.0,248.0,1.24,1.0,True,True,30.0,200.0,18.0,[1],10.0,10.0,1,10.0,0,0.009795750000023418
mlp_aco,2,7713,81,8,2,0.0,0.0,0.0,0.0,0.09907747060060501,False,False,0.0,0.0,0.0,[],10.0,10.0,1,10.0,0,0.009795750000023418
mlp_aco,2,7713,81,8,3,0.0,0.0,0.0,0.0,0.43936213850975037,False,False,0.0,0.0,0.0,[],10.0,10.0,1,10.0,0,0.009795750000023418
mlp_aco,2,7713,81,8,4,0.0,0.0,0.0,0.0,0.20313307642936707,False,False,0.0,0.0,0.0,[],10.0,10.0,1,10.0,0,0.009795750000023418
mlp_aco,2,7714,81,8,1,49.0,200.0,249.0,1.245,1.0,True,True,30.0,200.0,19.0,[1],10.0,10.0,1,10.0,0,0.009521375000019816
mlp_aco,2,7714,81,8,2,0.0,0.0,0.0,0.0,0.09907747060060501,False,False,0.0,0.0,0.0,[],10.0,10.0,1,10.0,0,0.009521375000019816
mlp_aco,2,7714,81,8,3,0.0,0.0,0.0,0.0,0.43936213850975037,False,False,0.0,0.0,0.0,[],10.0,10.0,1,10.0,0,0.009521375000019816
mlp_aco,2,7714,81,8,4,0.0,0.0,0.0,0.0,0.20313307642936707,False,False,0.0,0.0,0.0,[],10.0,10.0,1,10.0,0,0.009521375000019816
mlp_aco,2,7715,81,8,1,48.0,200.0,248.0,1.24,1.0,True,True,30.0,200.0,18.0,[1],10.0,10.0,1,10.0,0,0.009733333000014
mlp_aco,2,7715,81,8,2,0.0,0.0,0.0,0.0,0.09907747060060501,False,False,0.0,0.0,0.0,[],10.0,10.0,1,10.0,0,0.009733333000014
mlp_aco,2,7715,81,8,3,0.0,0.0,0.0,0.0,0.43936213850975037,False,False,0.0,0.0,0.0,[],10.0,10.0,1,10.0,0,0.009733333000014
mlp_aco,2,7715,81,8,4,0.0,0.0,0.0,0.0,0.20313307642936707,False,False,0.0,0.0,0.0,[],10.0,10.0,1,10.0,0,0.009733333000014
mlp_aco,2,7716,81,9,1,49.0,200.0,249.0,1.245,1.0,True,True,30.0,200.0,19.0,[1],10.0,10.0,1,10.0,0,0.00980041700000811
mlp_aco,2,7716,81,9,2,0.0,0.0,0.0,0.0,0.09907747060060501,False,False,0.0,0.0,0.0,[],10.0,10.0,1,10.0,0,0.00980041700000811
mlp_aco,2,7716,81,9,3,0.0,0.0,0.0,0.0,0.43936213850975037,False,False,0.0,0.0,0.0,[],10.0,10.0,1,10.0,0,0.00980041700000811
mlp_aco,2,7716,81,9,4,0.0,0.0,0.0,0.0,0.20313307642936707,False,False,0.0,0.0,0.0,[],10.0,10.0,1,10.0,0,0.00980041700000811
mlp_aco,2,7717,81,9,1,52.0,200.0,252.0,1.26,1.0,True,True,30.0,200.0,22.0,[1],10.0,10.0,1,10.0,0,0.009794624999983625
mlp_aco,2,7717,81,9,2,0.0,0.0,0.0,0.0,0.09907747060060501,False,False,0.0,0.0,0.0,[],10.0,10.0,1,10.0,0,0.009794624999983625
mlp_aco,2,7717,81,9,3,0.0,0.0,0.0,0.0,0.43936213850975037,False,False,0.0,0.0,0.0,[],10.0,10.0,1,10.0,0,0.009794624999983625
mlp_aco,2,7717,81,9,4,0.0,0.0,0.0,0.0,0.20313307642936707,False,False,0.0,0.0,0.0,[],10.0,10.0,1,10.0,0,0.009794624999983625
mlp_aco,2,7718,81,9,1,55.0,200.0,255.0,1.275,1.0,True,True,30.0,200.0,25.0,[1],10.0,10.0,1,10.0,0,0.009669750000000477
mlp_aco,2,7718,81,9,2,0.0,0.0,0.0,0.0,0.09907747060060501,False,False,0.0,0.0,0.0,[],10.0,10.0,1,10.0,0,0.009669750000000477
mlp_aco,2,7718,81,9,3,0.0,0.0,0.0,0.0,0.43936213850975037,False,False,0.0,0.0,0.0,[],10.0,10.0,1,10.0,0,0.009669750000000477
mlp_aco,2,7718,81,9,4,0.0,0.0,0.0,0.0,0.20313307642936707,False,False,0.0,0.0,0.0,[],10.0,10.0,1,10.0,0,0.009669750000000477
mlp_aco,2,7719,81,9,1,54.0,200.0,254.0,1.27,1.0,True,True,30.0,200.0,24.0,[1],10.0,10.0,1,10.0,0,0.009423166000004812
mlp_aco,2,7719,81,9,2,0.0,0.0,0.0,0.0,0.09907747060060501,False,False,0.0,0.0,0.0,[],10.0,10.0,1,10.0,0,0.009423166000004812
mlp_aco,2,7719,81,9,3,0.0,0.0,0.0,0.0,0.43936213850975037,False,False,0.0,0.0,0.0,[],10.0,10.0,1,10.0,0,0.009423166000004812
mlp_aco,2,7719,81,9,4,0.0,0.0,0.0,0.0,0.20313307642936707,False,False,0.0,0.0,0.0,[],10.0,10.0,1,10.0,0,0.009423166000004812
mlp_aco,2,7720,81,10,1,53.0,200.0,253.0,1.265,1.0,True,True,30.0,200.0,23.0,[1],10.0,10.0,1,10.0,0,0.009601833000004945
mlp_aco,2,7720,81,10,2,0.0,0.0,0.0,0.0,0.09907747060060501,False,False,0.0,0.0,0.0,[],10.0,10.0,1,10.0,0,0.009601833000004945
mlp_aco,2,7720,81,10,3,0.0,0.0,0.0,0.0,0.43936213850975037,False,False,0.0,0.0,0.0,[],10.0,10.0,1,10.0,0,0.009601833000004945
mlp_aco,2,7720,81,10,4,0.0,0.0,0.0,0.0,0.20313307642936707,False,False,0.0,0.0,0.0,[],10.0,10.0,1,10.0,0,0.009601833000004945
mlp_aco,2,7721,81,10,1,39.0,200.0,239.0,1.195,1.0,True,True,30.0,200.0,9.0,[1],10.0,10.0,1,10.0,0,0.009793125000015834
mlp_aco,2,7721,81,10,2,0.0,0.0,0.0,0.0,0.09907747060060501,False,False,0.0,0.0,0.0,[],10.0,10.0,1,10.0,0,0.009793125000015834
mlp_aco,2,7721,81,10,3,0.0,0.0,0.0,0.0,0.43936213850975037,False,False,0.0,0.0,0.0,[],10.0,10.0,1,10.0,0,0.009793125000015834
mlp_aco,2,7721,81,10,4,0.0,0.0,0.0,0.0,0.20313307642936707,False,False,0.0,0.0,0.0,[],10.0,10.0,1,10.0,0,0.009793125000015834
mlp_aco,2,7722,81,10,1,41.0,200.0,241.0,1.205,1.0,True,True,30.0,200.0,11.0,[1],10.0,10.0,1,10.0,0,0.009826500000002625
mlp_aco,2,7722,81,10,2,0.0,0.0,0.0,0.0,0.09907747060060501,False,False,0.0,0.0,0.0,[],10.0,10.0,1,10.0,0,0.009826500000002625
mlp_aco,2,7722,81,10,3,0.0,0.0,0.0,0.0,0.43936213850975037,False,False,0.0,0.0,0.0,[],10.0,10.0,1,10.0,0,0.009826500000002625
mlp_aco,2,7722,81,10,4,0.0,0.0,0.0,0.0,0.20313307642936707,False,False,0.0,0.0,0.0,[],10.0,10.0,1,10.0,0,0.009826500000002625
mlp_aco,2,7723,81,10,1,39.0,200.0,239.0,1.195,1.0,True,True,30.0,200.0,9.0,[1],10.0,10.0,1,10.0,0,0.009676708000000644
mlp_aco,2,7723,81,10,2,0.0,0.0,0.0,0.0,0.09907747060060501,False,False,0.0,0.0,0.0,[],10.0,10.0,1,10.0,0,0.009676708000000644
mlp_aco,2,7723,81,10,3,0.0,0.0,0.0,0.0,0.43936213850975037,False,False,0.0,0.0,0.0,[],10.0,10.0,1,10.0,0,0.009676708000000644
mlp_aco,2,7723,81,10,4,0.0,0.0,0.0,0.0,0.20313307642936707,False,False,0.0,0.0,0.0,[],10.0,10.0,1,10.0,0,0.009676708000000644
mlp_aco,2,7724,81,11,1,40.0,200.0,240.0,1.2,1.0,True,True,30.0,200.0,10.0,[1],10.0,10.0,1,10.0,0,0.009549165999999332
mlp_aco,2,7724,81,11,2,0.0,0.0,0.0,0.0,0.09907747060060501,False,False,0.0,0.0,0.0,[],10.0,10.0,1,10.0,0,0.009549165999999332
mlp_aco,2,7724,81,11,3,0.0,0.0,0.0,0.0,0.43936213850975037,False,False,0.0,0.0,0.0,[],10.0,10.0,1,10.0,0,0.009549165999999332
mlp_aco,2,7724,81,11,4,0.0,0.0,0.0,0.0,0.20313307642936707,False,False,0.0,0.0,0.0,[],10.0,10.0,1,10.0,0,0.009549165999999332
mlp_aco,2,7725,81,11,1,27.0,200.0,227.0,1.135,1.0,True,True,30.0,197.0,0.0,[1],10.0,10.0,1,10.0,0,0.009723916000012878
mlp_aco,2,7725,81,11,2,0.0,0.0,0.0,0.0,0.09907747060060501,False,False,0.0,0.0,0.0,[],10.0,10.0,1,10.0,0,0.009723916000012878
mlp_aco,2,7725,81,11,3,0.0,0.0,0.0,0.0,0.43936213850975037,False,False,0.0,0.0,0.0,[],10.0,10.0,1,10.0,0,0.009723916000012878
mlp_aco,2,7725,81,11,4,0.0,0.0,0.0,0.0,0.20313307642936707,False,False,0.0,0.0,0.0,[],10.0,10.0,1,10.0,0,0.009723916000012878
mlp_aco,2,7726,81,11,1,28.0,197.0,225.0,1.125,1.0,True,True,30.0,195.0,0.0,[1],10.0,10.0,1,10.0,0,0.009636583000002474
mlp_aco,2,7726,81,11,2,0.0,0.0,0.0,0.0,0.09907747060060501,False,False,0.0,0.0,0.0,[],10.0,10.0,1,10.0,0,0.009636583000002474
mlp_aco,2,7726,81,11,3,0.0,0.0,0.0,0.0,0.43936213850975037,False,False,0.0,0.0,0.0,[],10.0,10.0,1,10.0,0,0.009636583000002474
mlp_aco,2,7726,81,11,4,0.0,0.0,0.0,0.0,0.20313307642936707,False,False,0.0,0.0,0.0,[],10.0,10.0,1,10.0,0,0.009636583000002474
mlp_aco,2,7727,81,11,1,18.0,195.0,213.0,1.065,1.0,True,True,30.0,183.0,0.0,[1],10.0,10.0,1,10.0,0,0.009792666999999255
mlp_aco,2,7727,81,11,2,0.0,0.0,0.0,0.0,0.09907747060060501,False,False,0.0,0.0,0.0,[],10.0,10.0,1,10.0,0,0.009792666999999255
mlp_aco,2,7727,81,11,3,0.0,0.0,0.0,0.0,0.43936213850975037,False,False,0.0,0.0,0.0,[],10.0,10.0,1,10.0,0,0.009792666999999255
mlp_aco,2,7727,81,11,4,0.0,0.0,0.0,0.0,0.20313307642936707,False,False,0.0,0.0,0.0,[],10.0,10.0,1,10.0,0,0.009792666999999255
mlp_aco,2,7728,81,12,1,20.0,183.0,203.0,1.015,1.0,True,True,30.0,173.0,0.0,[1],10.0,10.0,1,10.0,0,0.009621499999980188
mlp_aco,2,7728,81,12,2,0.0,0.0,0.0,0.0,0.09907747060060501,False,False,0.0,0.0,0.0,[],10.0,10.0,1,10.0,0,0.009621499999980188
mlp_aco,2,7728,81,12,3,0.0,0.0,0.0,0.0,0.43936213850975037,False,False,0.0,0.0,0.0,[],10.0,10.0,1,10.0,0,0.009621499999980188
mlp_aco,2,7728,81,12,4,0.0,0.0,0.0,0.0,0.20313307642936707,False,False,0.0,0.0,0.0,[],10.0,10.0,1,10.0,0,0.009621499999980188
mlp_aco,2,7729,81,12,1,18.0,173.0,191.0,0.955,1.0,True,True,30.0,161.0,0.0,[1],10.0,10.0,1,10.0,0,0.009577207999996062
mlp_aco,2,7729,81,12,2,0.0,0.0,0.0,0.0,0.09907747060060501,False,False,0.0,0.0,0.0,[],10.0,10.0,1,10.0,0,0.009577207999996062
mlp_aco,2,7729,81,12,3,0.0,0.0,0.0,0.0,0.43936213850975037,False,False,0.0,0.0,0.0,[],10.0,10.0,1,10.0,0,0.009577207999996062
mlp_aco,2,7729,81,12,4,0.0,0.0,0.0,0.0,0.20313307642936707,False,False,0.0,0.0,0.0,[],10.0,10.0,1,10.0,0,0.009577207999996062
mlp_aco,2,7730,81,12,1,20.0,161.0,181.0,0.905,0.9999997615814209,True,True,30.0,151.0,0.0,[1],10.0,10.0,1,10.0,0,0.00972120800000198
mlp_aco,2,7730,81,12,2,0.0,0.0,0.0,0.0,0.09907747060060501,False,False,0.0,0.0,0.0,[],10.0,10.0,1,10.0,0,0.00972120800000198
mlp_aco,2,7730,81,12,3,0.0,0.0,0.0,0.0,0.43936213850975037,False,False,0.0,0.0,0.0,[],10.0,10.0,1,10.0,0,0.00972120800000198
mlp_aco,2,7730,81,12,4,0.0,0.0,0.0,0.0,0.20313307642936707,False,False,0.0,0.0,0.0,[],10.0,10.0,1,10.0,0,0.00972120800000198
mlp_aco,2,7731,81,12,1,18.0,151.0,169.0,0.845,0.9999887347221375,True,True,30.0,139.0,0.0,[1],10.0,10.0,1,10.0,0,0.009686083000019607
mlp_aco,2,7731,81,12,2,0.0,0.0,0.0,0.0,0.09907747060060501,False,False,0.0,0.0,0.0,[],10.0,10.0,1,10.0,0,0.009686083000019607
mlp_aco,2,7731,81,12,3,0.0,0.0,0.0,0.0,0.43936213850975037,False,False,0.0,0.0,0.0,[],10.0,10.0,1,10.0,0,0.009686083000019607
mlp_aco,2,7731,81,12,4,0.0,0.0,0.0,0.0,0.20313307642936707,False,False,0.0,0.0,0.0,[],10.0,10.0,1,10.0,0,0.009686083000019607
mlp_aco,2,7732,81,13,1,20.0,139.0,159.0,0.795,0.9999262690544128,True,True,30.0,129.0,0.0,[1],10.0,10.0,1,10.0,0,0.009790665999986459
mlp_aco,2,7732,81,13,2,0.0,0.0,0.0,0.0,0.09907747060060501,False,False,0.0,0.0,0.0,[],10.0,10.0,1,10.0,0,0.009790665999986459
mlp_aco,2,7732,81,13,3,0.0,0.0,0.0,0.0,0.43936213850975037,False,False,0.0,0.0,0.0,[],10.0,10.0,1,10.0,0,0.009790665999986459
mlp_aco,2,7732,81,13,4,0.0,0.0,0.0,0.0,0.20313307642936707,False,False,0.0,0.0,0.0,[],10.0,10.0,1,10.0,0,0.009790665999986459
mlp_aco,2,7733,81,13,1,19.0,129.0,148.0,0.74,0.9992127418518066,True,True,30.0,118.0,0.0,[1],10.0,10.0,1,10.0,0,0.009323082999998178
mlp_aco,2,7733,81,13,2,0.0,0.0,0.0,0.0,0.09907747060060501,False,False,0.0,0.0,0.0,[],10.0,10.0,1,10.0,0,0.009323082999998178
mlp_aco,2,7733,81,13,3,0.0,0.0,0.0,0.0,0.43936213850975037,False,False,0.0,0.0,0.0,[],10.0,10.0,1,10.0,0,0.009323082999998178
mlp_aco,2,7733,81,13,4,0.0,0.0,0.0,0.0,0.20313307642936707,False,False,0.0,0.0,0.0,[],10.0,10.0,1,10.0,0,0.009323082999998178
mlp_aco,2,7734,81,13,1,19.0,118.0,137.0,0.685,0.9970738887786865,True,True,30.0,107.0,0.0,[1],10.0,10.0,1,10.0,0,0.00947037500000647
mlp_aco,2,7734,81,13,2,0.0,0.0,0.0,0.0,0.09907747060060501,False,False,0.0,0.0,0.0,[],10.0,10.0,1,10.0,0,0.00947037500000647
mlp_aco,2,7734,81,13,3,0.0,0.0,0.0,0.0,0.43936213850975037,False,False,0.0,0.0,0.0,[],10.0,10.0,1,10.0,0,0.00947037500000647
mlp_aco,2,7734,81,13,4,0.0,0.0,0.0,0.0,0.20313307642936707,False,False,0.0,0.0,0.0,[],10.0,10.0,1,10.0,0,0.00947037500000647
mlp_aco,2,7735,81,13,1,12.0,107.0,119.0,0.595,0.8401250839233398,True,True,30.0,89.0,0.0,[1],10.0,10.0,1,10.0,0,0.009613124999987122
mlp_aco,2,7735,81,13,2,0.0,0.0,0.0,0.0,0.09907747060060501,False,False,0.0,0.0,0.0,[],10.0,10.0,1,10.0,0,0.009613124999987122
mlp_aco,2,7735,81,13,3,0.0,0.0,0.0,0.0,0.43936213850975037,False,False,0.0,0.0,0.0,[],10.0,10.0,1,10.0,0,0.009613124999987122
mlp_aco,2,7735,81,13,4,0.0,0.0,0.0,0.0,0.20313307642936707,False,False,0.0,0.0,0.0,[],10.0,10.0,1,10.0,0,0.009613124999987122
mlp_aco,2,7736,81,14,1,8.0,89.0,97.0,0.485,0.3175639510154724,False,False,0.0,97.0,0.0,[],0.0,0.0,0,0.0,0,2.833999985796254e-06
mlp_aco,2,7736,81,14,2,0.0,0.0,0.0,0.0,0.09907747060060501,False,False,0.0,0.0,0.0,[],0.0,0.0,0,0.0,0,2.833999985796254e-06
mlp_aco,2,7736,81,14,3,0.0,0.0,0.0,0.0,0.43936213850975037,False,False,0.0,0.0,0.0,[],0.0,0.0,0,0.0,0,2.833999985796254e-06
mlp_aco,2,7736,81,14,4,0.0,0.0,0.0,0.0,0.20313307642936707,False,False,0.0,0.0,0.0,[],0.0,0.0,0,0.0,0,2.833999985796254e-06
mlp_aco,2,7737,81,14,1,7.0,97.0,104.0,0.52,0.31781846284866333,False,False,0.0,104.0,0.0,[],0.0,0.0,0,0.0,0,2.0409999876846996e-06
mlp_aco,2,7737,81,14,2,0.0,0.0,0.0,0.0,0.09907747060060501,False,False,0.0,0.0,0.0,[],0.0,0.0,0,0.0,0,2.0409999876846996e-06
mlp_aco,2,7737,81,14,3,0.0,0.0,0.0,0.0,0.43936213850975037,False,False,0.0,0.0,0.0,[],0.0,0.0,0,0.0,0,2.0409999876846996e-06
mlp_aco,2,7737,81,14,4,0.0,0.0,0.0,0.0,0.20313307642936707,False,False,0.0,0.0,0.0,[],0.0,0.0,0,0.0,0,2.0409999876846996e-06
mlp_aco,2,7738,81,14,1,8.0,104.0,112.0,0.56,0.4946936070919037,False,False,0.0,112.0,0.0,[],0.0,0.0,0,0.0,0,2.4160000009487703e-06
mlp_aco,2,7738,81,14,2,0.0,0.0,0.0,0.0,0.09907747060060501,False,False,0.0,0.0,0.0,[],0.0,0.0,0,0.0,0,2.4160000009487703e-06
mlp_aco,2,7738,81,14,3,0.0,0.0,0.0,0.0,0.43936213850975037,False,False,0.0,0.0,0.0,[],0.0,0.0,0,0.0,0,2.4160000009487703e-06
mlp_aco,2,7738,81,14,4,0.0,0.0,0.0,0.0,0.20313307642936707,False,False,0.0,0.0,0.0,[],0.0,0.0,0,0.0,0,2.4160000009487703e-06
mlp_aco,2,7739,81,14,1,7.0,112.0,119.0,0.595,0.5627067685127258,False,False,0.0,119.0,0.0,[],0.0,0.0,0,0.0,0,1.8339999883210112e-06
mlp_aco,2,7739,81,14,2,0.0,0.0,0.0,0.0,0.09907747060060501,False,False,0.0,0.0,0.0,[],0.0,0.0,0,0.0,0,1.8339999883210112e-06
mlp_aco,2,7739,81,14,3,0.0,0.0,0.0,0.0,0.43936213850975037,False,False,0.0,0.0,0.0,[],0.0,0.0,0,0.0,0,1.8339999883210112e-06
mlp_aco,2,7739,81,14,4,0.0,0.0,0.0,0.0,0.20313307642936707,False,False,0.0,0.0,0.0,[],0.0,0.0,0,0.0,0,1.8339999883210112e-06
mlp_aco,2,7740,81,15,1,8.0,119.0,127.0,0.635,0.7916743755340576,True,True,30.0,97.0,0.0,[1],10.0,10.0,1,10.0,0,0.009670207999988634
mlp_aco,2,7740,81,15,2,0.0,0.0,0.0,0.0,0.09907747060060501,False,False,0.0,0.0,0.0,[],10.0,10.0,1,10.0,0,0.009670207999988634
mlp_aco,2,7740,81,15,3,0.0,0.0,0.0,0.0,0.43936213850975037,False,False,0.0,0.0,0.0,[],10.0,10.0,1,10.0,0,0.009670207999988634
mlp_aco,2,7740,81,15,4,0.0,0.0,0.0,0.0,0.20313307642936707,False,False,0.0,0.0,0.0,[],10.0,10.0,1,10.0,0,0.009670207999988634
mlp_aco,2,7741,81,15,1,7.0,97.0,104.0,0.52,0.3927144408226013,False,False,0.0,104.0,0.0,[],0.0,0.0,0,0.0,0,2.708000010898104e-06
mlp_aco,2,7741,81,15,2,0.0,0.0,0.0,0.0,0.09907747060060501,False,False,0.0,0.0,0.0,[],0.0,0.0,0,0.0,0,2.708000010898104e-06
mlp_aco,2,7741,81,15,3,0.0,0.0,0.0,0.0,0.43936213850975037,False,False,0.0,0.0,0.0,[],0.0,0.0,0,0.0,0,2.708000010898104e-06
mlp_aco,2,7741,81,15,4,0.0,0.0,0.0,0.0,0.20313307642936707,False,False,0.0,0.0,0.0,[],0.0,0.0,0,0.0,0,2.708000010898104e-06
mlp_aco,2,7742,81,15,1,8.0,104.0,112.0,0.56,0.5434216260910034,False,False,0.0,112.0,0.0,[],0.0,0.0,0,0.0,0,2.124999980424036e-06
mlp_aco,2,7742,81,15,2,0.0,0.0,0.0,0.0,0.09907747060060501,False,False,0.0,0.0,0.0,[],0.0,0.0,0,0.0,0,2.124999980424036e-06
mlp_aco,2,7742,81,15,3,0.0,0.0,0.0,0.0,0.43936213850975037,False,False,0.0,0.0,0.0,[],0.0,0.0,0,0.0,0,2.124999980424036e-06
mlp_aco,2,7742,81,15,4,0.0,0.0,0.0,0.0,0.20313307642936707,False,False,0.0,0.0,0.0,[],0.0,0.0,0,0.0,0,2.124999980424036e-06
mlp_aco,2,7743,81,15,1,7.0,112.0,119.0,0.595,0.5627067685127258,False,False,0.0,119.0,0.0,[],0.0,0.0,0,0.0,0,1.8749999810552254e-06
mlp_aco,2,7743,81,15,2,0.0,0.0,0.0,0.0,0.09907747060060501,False,False,0.0,0.0,0.0,[],0.0,0.0,0,0.0,0,1.8749999810552254e-06
mlp_aco,2,7743,81,15,3,0.0,0.0,0.0,0.0,0.43936213850975037,False,False,0.0,0.0,0.0,[],0.0,0.0,0,0.0,0,1.8749999810552254e-06
mlp_aco,2,7743,81,15,4,0.0,0.0,0.0,0.0,0.20313307642936707,False,False,0.0,0.0,0.0,[],0.0,0.0,0,0.0,0,1.8749999810552254e-06
mlp_aco,2,7744,81,16,1,8.0,119.0,127.0,0.635,0.7916743755340576,True,True,30.0,97.0,0.0,[1],10.0,10.0,1,10.0,0,0.009821708999993461
mlp_aco,2,7744,81,16,2,0.0,0.0,0.0,0.0,0.09907747060060501,False,False,0.0,0.0,0.0,[],10.0,10.0,1,10.0,0,0.009821708999993461
mlp_aco,2,7744,81,16,3,0.0,0.0,0.0,0.0,0.43936213850975037,False,False,0.0,0.0,0.0,[],10.0,10.0,1,10.0,0,0.009821708999993461
mlp_aco,2,7744,81,16,4,0.0,0.0,0.0,0.0,0.20313307642936707,False,False,0.0,0.0,0.0,[],10.0,10.0,1,10.0,0,0.009821708999993461
mlp_aco,2,7745,81,16,1,7.0,97.0,104.0,0.52,0.3927144408226013,False,False,0.0,104.0,0.0,[],0.0,0.0,0,0.0,0,2.7090000003227033e-06
mlp_aco,2,7745,81,16,2,0.0,0.0,0.0,0.0,0.09907747060060501,False,False,0.0,0.0,0.0,[],0.0,0.0,0,0.0,0,2.7090000003227033e-06
mlp_aco,2,7745,81,16,3,0.0,0.0,0.0,0.0,0.43936213850975037,False,False,0.0,0.0,0.0,[],0.0,0.0,0,0.0,0,2.7090000003227033e-06
mlp_aco,2,7745,81,16,4,0.0,0.0,0.0,0.0,0.20313307642936707,False,False,0.0,0.0,0.0,[],0.0,0.0,0,0.0,0,2.7090000003227033e-06
mlp_aco,2,7746,81,16,1,8.0,104.0,112.0,0.56,0.5434216260910034,False,False,0.0,112.0,0.0,[],0.0,0.0,0,0.0,0,2.332999997634033e-06
mlp_aco,2,7746,81,16,2,0.0,0.0,0.0,0.0,0.09907747060060501,False,False,0.0,0.0,0.0,[],0.0,0.0,0,0.0,0,2.332999997634033e-06
mlp_aco,2,7746,81,16,3,0.0,0.0,0.0,0.0,0.43936213850975037,False,False,0.0,0.0,0.0,[],0.0,0.0,0,0.0,0,2.332999997634033e-06
mlp_aco,2,7746,81,16,4,0.0,0.0,0.0,0.0,0.20313307642936707,False,False,0.0,0.0,0.0,[],0.0,0.0,0,0.0,0,2.332999997634033e-06
mlp_aco,2,7747,81,16,1,7.0,112.0,119.0,0.595,0.5627067685127258,False,False,0.0,119.0,0.0,[],0.0,0.0,0,0.0,0,3.042000003006251e-06
mlp_aco,2,7747,81,16,2,0.0,0.0,0.0,0.0,0.09907747060060501,False,False,0.0,0.0,0.0,[],0.0,0.0,0,0.0,0,3.042000003006251e-06
mlp_aco,2,7747,81,16,3,0.0,0.0,0.0,0.0,0.43936213850975037,False,False,0.0,0.0,0.0,[],0.0,0.0,0,0.0,0,3.042000003006251e-06
mlp_aco,2,7747,81,16,4,0.0,0.0,0.0,0.0,0.20313307642936707,False,False,0.0,0.0,0.0,[],0.0,0.0,0,0.0,0,3.042000003006251e-06
mlp_aco,2,7748,81,17,1,8.0,119.0,127.0,0.635,0.7916743755340576,True,True,30.0,97.0,0.0,[1],10.0,10.0,1,10.0,0,0.009838166999998066
mlp_aco,2,7748,81,17,2,0.0,0.0,0.0,0.0,0.09907747060060501,False,False,0.0,0.0,0.0,[],10.0,10.0,1,10.0,0,0.009838166999998066
mlp_aco,2,7748,81,17,3,0.0,0.0,0.0,0.0,0.43936213850975037,False,False,0.0,0.0,0.0,[],10.0,10.0,1,10.0,0,0.009838166999998066
mlp_aco,2,7748,81,17,4,0.0,0.0,0.0,0.0,0.20313307642936707,False,False,0.0,0.0,0.0,[],10.0,10.0,1,10.0,0,0.009838166999998066
mlp_aco,2,7749,81,17,1,7.0,97.0,104.0,0.52,0.3927144408226013,False,False,0.0,104.0,0.0,[],0.0,0.0,0,0.0,0,4.70799997742688e-06
mlp_aco,2,7749,81,17,2,0.0,0.0,0.0,0.0,0.09907747060060501,False,False,0.0,0.0,0.0,[],0.0,0.0,0,0.0,0,4.70799997742688e-06
mlp_aco,2,7749,81,17,3,0.0,0.0,0.0,0.0,0.43936213850975037,False,False,0.0,0.0,0.0,[],0.0,0.0,0,0.0,0,4.70799997742688e-06
mlp_aco,2,7749,81,17,4,0.0,0.0,0.0,0.0,0.20313307642936707,False,False,0.0,0.0,0.0,[],0.0,0.0,0,0.0,0,4.70799997742688e-06
mlp_aco,2,7750,81,17,1,8.0,104.0,112.0,0.56,0.5434216260910034,False,False,0.0,112.0,0.0,[],0.0,0.0,0,0.0,0,2.2080000121604826e-06
mlp_aco,2,7750,81,17,2,0.0,0.0,0.0,0.0,0.09907747060060501,False,False,0.0,0.0,0.0,[],0.0,0.0,0,0.0,0,2.2080000121604826e-06
mlp_aco,2,7750,81,17,3,0.0,0.0,0.0,0.0,0.43936213850975037,False,False,0.0,0.0,0.0,[],0.0,0.0,0,0.0,0,2.2080000121604826e-06
mlp_aco,2,7750,81,17,4,0.0,0.0,0.0,0.0,0.20313307642936707,False,False,0.0,0.0,0.0,[],0.0,0.0,0,0.0,0,2.2080000121604826e-06
mlp_aco,2,7751,81,17,1,7.0,112.0,119.0,0.595,0.5627067685127258,False,False,0.0,119.0,0.0,[],0.0,0.0,0,0.0,0,3.050000000826003e-05
mlp_aco,2,7751,81,17,2,0.0,0.0,0.0,0.0,0.09907747060060501,False,False,0.0,0.0,0.0,[],0.0,0.0,0,0.0,0,3.050000000826003e-05
mlp_aco,2,7751,81,17,3,0.0,0.0,0.0,0.0,0.43936213850975037,False,False,0.0,0.0,0.0,[],0.0,0.0,0,0.0,0,3.050000000826003e-05
mlp_aco,2,7751,81,17,4,0.0,0.0,0.0,0.0,0.20313307642936707,False,False,0.0,0.0,0.0,[],0.0,0.0,0,0.0,0,3.050000000826003e-05
mlp_aco,2,7752,81,18,1,8.0,119.0,127.0,0.635,0.7916743755340576,True,True,30.0,97.0,0.0,[1],10.0,10.0,1,10.0,0,0.01011008400001856
mlp_aco,2,7752,81,18,2,0.0,0.0,0.0,0.0,0.09907747060060501,False,False,0.0,0.0,0.0,[],10.0,10.0,1,10.0,0,0.01011008400001856
mlp_aco,2,7752,81,18,3,0.0,0.0,0.0,0.0,0.43936213850975037,False,False,0.0,0.0,0.0,[],10.0,10.0,1,10.0,0,0.01011008400001856
mlp_aco,2,7752,81,18,4,0.0,0.0,0.0,0.0,0.20313307642936707,False,False,0.0,0.0,0.0,[],10.0,10.0,1,10.0,0,0.01011008400001856
mlp_aco,2,7753,81,18,1,7.0,97.0,104.0,0.52,0.3927144408226013,False,False,0.0,104.0,0.0,[],0.0,0.0,0,0.0,0,2.8340000142179633e-06
mlp_aco,2,7753,81,18,2,0.0,0.0,0.0,0.0,0.09907747060060501,False,False,0.0,0.0,0.0,[],0.0,0.0,0,0.0,0,2.8340000142179633e-06
mlp_aco,2,7753,81,18,3,0.0,0.0,0.0,0.0,0.43936213850975037,False,False,0.0,0.0,0.0,[],0.0,0.0,0,0.0,0,2.8340000142179633e-06
mlp_aco,2,7753,81,18,4,0.0,0.0,0.0,0.0,0.20313307642936707,False,False,0.0,0.0,0.0,[],0.0,0.0,0,0.0,0,2.8340000142179633e-06
mlp_aco,2,7754,81,18,1,3.0,104.0,107.0,0.535,0.3159288763999939,False,False,0.0,107.0,0.0,[],0.0,0.0,0,0.0,0,3.125000006320988e-06
mlp_aco,2,7754,81,18,2,0.0,0.0,0.0,0.0,0.09907747060060501,False,False,0.0,0.0,0.0,[],0.0,0.0,0,0.0,0,3.125000006320988e-06
mlp_aco,2,7754,81,18,3,0.0,0.0,0.0,0.0,0.43936213850975037,False,False,0.0,0.0,0.0,[],0.0,0.0,0,0.0,0,3.125000006320988e-06
mlp_aco,2,7754,81,18,4,0.0,0.0,0.0,0.0,0.20313307642936707,False,False,0.0,0.0,0.0,[],0.0,0.0,0,0.0,0,3.125000006320988e-06
mlp_aco,2,7755,81,18,1,0.0,107.0,107.0,0.535,0.2363606095314026,False,False,0.0,107.0,0.0,[],0.0,0.0,0,0.0,0,2.1660000015799596e-06
mlp_aco,2,7755,81,18,2,0.0,0.0,0.0,0.0,0.09907747060060501,False,False,0.0,0.0,0.0,[],0.0,0.0,0,0.0,0,2.1660000015799596e-06
mlp_aco,2,7755,81,18,3,0.0,0.0,0.0,0.0,0.43936213850975037,False,False,0.0,0.0,0.0,[],0.0,0.0,0,0.0,0,2.1660000015799596e-06
mlp_aco,2,7755,81,18,4,0.0,0.0,0.0,0.0,0.20313307642936707,False,False,0.0,0.0,0.0,[],0.0,0.0,0,0.0,0,2.1660000015799596e-06
mlp_aco,2,7756,81,19,1,0.0,107.0,107.0,0.535,0.26991283893585205,False,False,0.0,107.0,0.0,[],0.0,0.0,0,0.0,0,1.9999999949504854e-06
mlp_aco,2,7756,81,19,2,0.0,0.0,0.0,0.0,0.09907747060060501,False,False,0.0,0.0,0.0,[],0.0,0.0,0,0.0,0,1.9999999949504854e-06
mlp_aco,2,7756,81,19,3,0.0,0.0,0.0,0.0,0.43936213850975037,False,False,0.0,0.0,0.0,[],0.0,0.0,0,0.0,0,1.9999999949504854e-06
mlp_aco,2,7756,81,19,4,0.0,0.0,0.0,0.0,0.20313307642936707,False,False,0.0,0.0,0.0,[],0.0,0.0,0,0.0,0,1.9999999949504854e-06
mlp_aco,2,7757,81,19,1,0.0,107.0,107.0,0.535,0.3127414584159851,False,False,0.0,107.0,0.0,[],0.0,0.0,0,0.0,0,3.125000006320988e-06
mlp_aco,2,7757,81,19,2,0.0,0.0,0.0,0.0,0.09907747060060501,False,False,0.0,0.0,0.0,[],0.0,0.0,0,0.0,0,3.125000006320988e-06
mlp_aco,2,7757,81,19,3,0.0,0.0,0.0,0.0,0.43936213850975037,False,False,0.0,0.0,0.0,[],0.0,0.0,0,0.0,0,3.125000006320988e-06
mlp_aco,2,7757,81,19,4,0.0,0.0,0.0,0.0,0.20313307642936707,False,False,0.0,0.0,0.0,[],0.0,0.0,0,0.0,0,3.125000006320988e-06
mlp_aco,2,7758,81,19,1,0.0,107.0,107.0,0.535,0.3355417549610138,False,False,0.0,107.0,0.0,[],0.0,0.0,0,0.0,0,2.0420000055310084e-06
mlp_aco,2,7758,81,19,2,0.0,0.0,0.0,0.0,0.09907747060060501,False,False,0.0,0.0,0.0,[],0.0,0.0,0,0.0,0,2.0420000055310084e-06
mlp_aco,2,7758,81,19,3,0.0,0.0,0.0,0.0,0.43936213850975037,False,False,0.0,0.0,0.0,[],0.0,0.0,0,0.0,0,2.0420000055310084e-06
mlp_aco,2,7758,81,19,4,0.0,0.0,0.0,0.0,0.20313307642936707,False,False,0.0,0.0,0.0,[],0.0,0.0,0,0.0,0,2.0420000055310084e-06
mlp_aco,2,7759,81,19,1,0.0,107.0,107.0,0.535,0.3355417549610138,False,False,0.0,107.0,0.0,[],0.0,0.0,0,0.0,0,2.582999997002844e-06
mlp_aco,2,7759,81,19,2,0.0,0.0,0.0,0.0,0.09907747060060501,False,False,0.0,0.0,0.0,[],0.0,0.0,0,0.0,0,2.582999997002844e-06
mlp_aco,2,7759,81,19,3,0.0,0.0,0.0,0.0,0.43936213850975037,False,False,0.0,0.0,0.0,[],0.0,0.0,0,0.0,0,2.582999997002844e-06
mlp_aco,2,7759,81,19,4,0.0,0.0,0.0,0.0,0.20313307642936707,False,False,0.0,0.0,0.0,[],0.0,0.0,0,0.0,0,2.582999997002844e-06
mlp_aco,2,7760,81,20,1,0.0,107.0,107.0,0.535,0.3355417549610138,False,False,0.0,107.0,0.0,[],0.0,0.0,0,0.0,0,2.0420000055310084e-06
mlp_aco,2,7760,81,20,2,0.0,0.0,0.0,0.0,0.09907747060060501,False,False,0.0,0.0,0.0,[],0.0,0.0,0,0.0,0,2.0420000055310084e-06
mlp_aco,2,7760,81,20,3,0.0,0.0,0.0,0.0,0.43936213850975037,False,False,0.0,0.0,0.0,[],0.0,0.0,0,0.0,0,2.0420000055310084e-06
mlp_aco,2,7760,81,20,4,0.0,0.0,0.0,0.0,0.20313307642936707,False,False,0.0,0.0,0.0,[],0.0,0.0,0,0.0,0,2.0420000055310084e-06
mlp_aco,2,7761,81,20,1,0.0,107.0,107.0,0.535,0.3355417549610138,False,False,0.0,107.0,0.0,[],0.0,0.0,0,0.0,0,2.2080000121604826e-06
mlp_aco,2,7761,81,20,2,0.0,0.0,0.0,0.0,0.09907747060060501,False,False,0.0,0.0,0.0,[],0.0,0.0,0,0.0,0,2.2080000121604826e-06
mlp_aco,2,7761,81,20,3,0.0,0.0,0.0,0.0,0.43936213850975037,False,False,0.0,0.0,0.0,[],0.0,0.0,0,0.0,0,2.2080000121604826e-06
mlp_aco,2,7761,81,20,4,0.0,0.0,0.0,0.0,0.20313307642936707,False,False,0.0,0.0,0.0,[],0.0,0.0,0,0.0,0,2.2080000121604826e-06
mlp_aco,2,7762,81,20,1,0.0,107.0,107.0,0.535,0.3355417549610138,False,False,0.0,107.0,0.0,[],0.0,0.0,0,0.0,0,3.0419999745845416e-06
mlp_aco,2,7762,81,20,2,0.0,0.0,0.0,0.0,0.09907747060060501,False,False,0.0,0.0,0.0,[],0.0,0.0,0,0.0,0,3.0419999745845416e-06
mlp_aco,2,7762,81,20,3,0.0,0.0,0.0,0.0,0.43936213850975037,False,False,0.0,0.0,0.0,[],0.0,0.0,0,0.0,0,3.0419999745845416e-06
mlp_aco,2,7762,81,20,4,0.0,0.0,0.0,0.0,0.20313307642936707,False,False,0.0,0.0,0.0,[],0.0,0.0,0,0.0,0,3.0419999745845416e-06
mlp_aco,2,7763,81,20,1,0.0,107.0,107.0,0.535,0.3355417549610138,False,False,0.0,107.0,0.0,[],0.0,0.0,0,0.0,0,2.083999987689822e-06
mlp_aco,2,7763,81,20,2,0.0,0.0,0.0,0.0,0.09907747060060501,False,False,0.0,0.0,0.0,[],0.0,0.0,0,0.0,0,2.083999987689822e-06
mlp_aco,2,7763,81,20,3,0.0,0.0,0.0,0.0,0.43936213850975037,False,False,0.0,0.0,0.0,[],0.0,0.0,0,0.0,0,2.083999987689822e-06
mlp_aco,2,7763,81,20,4,0.0,0.0,0.0,0.0,0.20313307642936707,False,False,0.0,0.0,0.0,[],0.0,0.0,0,0.0,0,2.083999987689822e-06
mlp_aco,2,7764,81,21,1,0.0,107.0,107.0,0.535,0.3355417549610138,False,False,0.0,107.0,0.0,[],0.0,0.0,0,0.0,0,2.957999981845205e-06
mlp_aco,2,7764,81,21,2,0.0,0.0,0.0,0.0,0.09907747060060501,False,False,0.0,0.0,0.0,[],0.0,0.0,0,0.0,0,2.957999981845205e-06
mlp_aco,2,7764,81,21,3,0.0,0.0,0.0,0.0,0.43936213850975037,False,False,0.0,0.0,0.0,[],0.0,0.0,0,0.0,0,2.957999981845205e-06
mlp_aco,2,7764,81,21,4,0.0,0.0,0.0,0.0,0.20313307642936707,False,False,0.0,0.0,0.0,[],0.0,0.0,0,0.0,0,2.957999981845205e-06
mlp_aco,2,7765,81,21,1,0.0,107.0,107.0,0.535,0.3355417549610138,False,False,0.0,107.0,0.0,[],0.0,0.0,0,0.0,0,2.0829999982652225e-06
mlp_aco,2,7765,81,21,2,0.0,0.0,0.0,0.0,0.09907747060060501,False,False,0.0,0.0,0.0,[],0.0,0.0,0,0.0,0,2.0829999982652225e-06
mlp_aco,2,7765,81,21,3,0.0,0.0,0.0,0.0,0.43936213850975037,False,False,0.0,0.0,0.0,[],0.0,0.0,0,0.0,0,2.0829999982652225e-06
mlp_aco,2,7765,81,21,4,0.0,0.0,0.0,0.0,0.20313307642936707,False,False,0.0,0.0,0.0,[],0.0,0.0,0,0.0,0,2.0829999982652225e-06
mlp_aco,2,7766,81,21,1,0.0,107.0,107.0,0.535,0.3355417549610138,False,False,0.0,107.0,0.0,[],0.0,0.0,0,0.0,0,3.3340000129555847e-06
mlp_aco,2,7766,81,21,2,0.0,0.0,0.0,0.0,0.09907747060060501,False,False,0.0,0.0,0.0,[],0.0,0.0,0,0.0,0,3.3340000129555847e-06
mlp_aco,2,7766,81,21,3,0.0,0.0,0.0,0.0,0.43936213850975037,False,False,0.0,0.0,0.0,[],0.0,0.0,0,0.0,0,3.3340000129555847e-06
mlp_aco,2,7766,81,21,4,0.0,0.0,0.0,0.0,0.20313307642936707,False,False,0.0,0.0,0.0,[],0.0,0.0,0,0.0,0,3.3340000129555847e-06
mlp_aco,2,7767,81,21,1,0.0,107.0,107.0,0.535,0.3355417549610138,False,False,0.0,107.0,0.0,[],0.0,0.0,0,0.0,0,2.4169999903733697e-06
mlp_aco,2,7767,81,21,2,0.0,0.0,0.0,0.0,0.09907747060060501,False,False,0.0,0.0,0.0,[],0.0,0.0,0,0.0,0,2.4169999903733697e-06
mlp_aco,2,7767,81,21,3,0.0,0.0,0.0,0.0,0.43936213850975037,False,False,0.0,0.0,0.0,[],0.0,0.0,0,0.0,0,2.4169999903733697e-06
mlp_aco,2,7767,81,21,4,0.0,0.0,0.0,0.0,0.20313307642936707,False,False,0.0,0.0,0.0,[],0.0,0.0,0,0.0,0,2.4169999903733697e-06
mlp_aco,2,7768,81,22,1,0.0,107.0,107.0,0.535,0.3355417549610138,False,False,0.0,107.0,0.0,[],0.0,0.0,0,0.0,0,1.7499999955816747e-06
mlp_aco,2,7768,81,22,2,0.0,0.0,0.0,0.0,0.09907747060060501,False,False,0.0,0.0,0.0,[],0.0,0.0,0,0.0,0,1.7499999955816747e-06
mlp_aco,2,7768,81,22,3,0.0,0.0,0.0,0.0,0.43936213850975037,False,False,0.0,0.0,0.0,[],0.0,0.0,0,0.0,0,1.7499999955816747e-06
mlp_aco,2,7768,81,22,4,0.0,0.0,0.0,0.0,0.20313307642936707,False,False,0.0,0.0,0.0,[],0.0,0.0,0,0.0,0,1.7499999955816747e-06
mlp_aco,2,7769,81,22,1,0.0,107.0,107.0,0.535,0.3355417549610138,False,False,0.0,107.0,0.0,[],0.0,0.0,0,0.0,0,2.4999999936881068e-06
mlp_aco,2,7769,81,22,2,0.0,0.0,0.0,0.0,0.09907747060060501,False,False,0.0,0.0,0.0,[],0.0,0.0,0,0.0,0,2.4999999936881068e-06
mlp_aco,2,7769,81,22,3,0.0,0.0,0.0,0.0,0.43936213850975037,False,False,0.0,0.0,0.0,[],0.0,0.0,0,0.0,0,2.4999999936881068e-06
mlp_aco,2,7769,81,22,4,0.0,0.0,0.0,0.0,0.20313307642936707,False,False,0.0,0.0,0.0,[],0.0,0.0,0,0.0,0,2.4999999936881068e-06
mlp_aco,2,7770,81,22,1,0.0,107.0,107.0,0.535,0.3355417549610138,False,False,0.0,107.0,0.0,[],0.0,0.0,0,0.0,0,2.041999977109299e-06
mlp_aco,2,7770,81,22,2,0.0,0.0,0.0,0.0,0.09907747060060501,False,False,0.0,0.0,0.0,[],0.0,0.0,0,0.0,0,2.041999977109299e-06
mlp_aco,2,7770,81,22,3,0.0,0.0,0.0,0.0,0.43936213850975037,False,False,0.0,0.0,0.0,[],0.0,0.0,0,0.0,0,2.041999977109299e-06
mlp_aco,2,7770,81,22,4,0.0,0.0,0.0,0.0,0.20313307642936707,False,False,0.0,0.0,0.0,[],0.0,0.0,0,0.0,0,2.041999977109299e-06
mlp_aco,2,7771,81,22,1,0.0,107.0,107.0,0.535,0.3355417549610138,False,False,0.0,107.0,0.0,[],0.0,0.0,0,0.0,0,2.209000001585082e-06
mlp_aco,2,7771,81,22,2,0.0,0.0,0.0,0.0,0.09907747060060501,False,False,0.0,0.0,0.0,[],0.0,0.0,0,0.0,0,2.209000001585082e-06
mlp_aco,2,7771,81,22,3,0.0,0.0,0.0,0.0,0.43936213850975037,False,False,0.0,0.0,0.0,[],0.0,0.0,0,0.0,0,2.209000001585082e-06
mlp_aco,2,7771,81,22,4,0.0,0.0,0.0,0.0,0.20313307642936707,False,False,0.0,0.0,0.0,[],0.0,0.0,0,0.0,0,2.209000001585082e-06
mlp_aco,2,7772,81,23,1,0.0,107.0,107.0,0.535,0.3355417549610138,False,False,0.0,107.0,0.0,[],0.0,0.0,0,0.0,0,2.8750000069521775e-06
mlp_aco,2,7772,81,23,2,0.0,0.0,0.0,0.0,0.09907747060060501,False,False,0.0,0.0,0.0,[],0.0,0.0,0,0.0,0,2.8750000069521775e-06
mlp_aco,2,7772,81,23,3,0.0,0.0,0.0,0.0,0.43936213850975037,False,False,0.0,0.0,0.0,[],0.0,0.0,0,0.0,0,2.8750000069521775e-06
mlp_aco,2,7772,81,23,4,0.0,0.0,0.0,0.0,0.20313307642936707,False,False,0.0,0.0,0.0,[],0.0,0.0,0,0.0,0,2.8750000069521775e-06
mlp_aco,2,7773,81,23,1,0.0,107.0,107.0,0.535,0.3355417549610138,False,False,0.0,107.0,0.0,[],0.0,0.0,0,0.0,0,1.9999999949504854e-06
mlp_aco,2,7773,81,23,2,0.0,0.0,0.0,0.0,0.09907747060060501,False,False,0.0,0.0,0.0,[],0.0,0.0,0,0.0,0,1.9999999949504854e-06
mlp_aco,2,7773,81,23,3,0.0,0.0,0.0,0.0,0.43936213850975037,False,False,0.0,0.0,0.0,[],0.0,0.0,0,0.0,0,1.9999999949504854e-06
mlp_aco,2,7773,81,23,4,0.0,0.0,0.0,0.0,0.20313307642936707,False,False,0.0,0.0,0.0,[],0.0,0.0,0,0.0,0,1.9999999949504854e-06
mlp_aco,2,7774,81,23,1,0.0,107.0,107.0,0.535,0.3355417549610138,False,False,0.0,107.0,0.0,[],0.0,0.0,0,0.0,0,3.4169999878486124e-06
mlp_aco,2,7774,81,23,2,0.0,0.0,0.0,0.0,0.09907747060060501,False,False,0.0,0.0,0.0,[],0.0,0.0,0,0.0,0,3.4169999878486124e-06
mlp_aco,2,7774,81,23,3,0.0,0.0,0.0,0.0,0.43936213850975037,False,False,0.0,0.0,0.0,[],0.0,0.0,0,0.0,0,3.4169999878486124e-06
mlp_aco,2,7774,81,23,4,0.0,0.0,0.0,0.0,0.20313307642936707,False,False,0.0,0.0,0.0,[],0.0,0.0,0,0.0,0,3.4169999878486124e-06
mlp_aco,2,7775,81,23,1,0.0,107.0,107.0,0.535,0.3355417549610138,False,False,0.0,107.0,0.0,[],0.0,0.0,0,0.0,0,1.958000012791672e-06
mlp_aco,2,7775,81,23,2,0.0,0.0,0.0,0.0,0.09907747060060501,False,False,0.0,0.0,0.0,[],0.0,0.0,0,0.0,0,1.958000012791672e-06
mlp_aco,2,7775,81,23,3,0.0,0.0,0.0,0.0,0.43936213850975037,False,False,0.0,0.0,0.0,[],0.0,0.0,0,0.0,0,1.958000012791672e-06
mlp_aco,2,7775,81,23,4,0.0,0.0,0.0,0.0,0.20313307642936707,False,False,0.0,0.0,0.0,[],0.0,0.0,0,0.0,0,1.958000012791672e-06
mlp_aco,2,7776,82,0,1,42.0,107.0,149.0,0.745,0.9999997019767761,True,True,30.0,119.0,0.0,[1],10.0,10.0,1,10.0,0,0.009946708000001081
mlp_aco,2,7776,82,0,2,0.0,0.0,0.0,0.0,0.09907747060060501,False,False,0.0,0.0,0.0,[],10.0,10.0,1,10.0,0,0.009946708000001081
mlp_aco,2,7776,82,0,3,0.0,0.0,0.0,0.0,0.43936213850975037,False,False,0.0,0.0,0.0,[],10.0,10.0,1,10.0,0,0.009946708000001081
mlp_aco,2,7776,82,0,4,0.0,0.0,0.0,0.0,0.20313307642936707,False,False,0.0,0.0,0.0,[],10.0,10.0,1,10.0,0,0.009946708000001081
mlp_aco,2,7777,82,0,1,37.0,119.0,156.0,0.78,0.9999996423721313,True,True,30.0,126.0,0.0,[1],10.0,10.0,1,10.0,0,0.010105582999983653
mlp_aco,2,7777,82,0,2,0.0,0.0,0.0,0.0,0.09907747060060501,False,False,0.0,0.0,0.0,[],10.0,10.0,1,10.0,0,0.010105582999983653
mlp_aco,2,7777,82,0,3,0.0,0.0,0.0,0.0,0.43936213850975037,False,False,0.0,0.0,0.0,[],10.0,10.0,1,10.0,0,0.010105582999983653
mlp_aco,2,7777,82,0,4,0.0,0.0,0.0,0.0,0.20313307642936707,False,False,0.0,0.0,0.0,[],10.0,10.0,1,10.0,0,0.010105582999983653
mlp_aco,2,7778,82,0,1,37.0,126.0,163.0,0.815,0.9999999403953552,True,True,30.0,133.0,0.0,[1],10.0,10.0,1,10.0,0,0.0099701250000237
mlp_aco,2,7778,82,0,2,0.0,0.0,0.0,0.0,0.09907747060060501,False,False,0.0,0.0,0.0,[],10.0,10.0,1,10.0,0,0.0099701250000237
mlp_aco,2,7778,82,0,3,0.0,0.0,0.0,0.0,0.43936213850975037,False,False,0.0,0.0,0.0,[],10.0,10.0,1,10.0,0,0.0099701250000237
mlp_aco,2,7778,82,0,4,0.0,0.0,0.0,0.0,0.20313307642936707,False,False,0.0,0.0,0.0,[],10.0,10.0,1,10.0,0,0.0099701250000237
mlp_aco,2,7779,82,0,1,39.0,133.0,172.0,0.86,1.0,True,True,30.0,142.0,0.0,[1],10.0,10.0,1,10.0,0,0.009692666000006511
mlp_aco,2,7779,82,0,2,0.0,0.0,0.0,0.0,0.09907747060060501,False,False,0.0,0.0,0.0,[],10.0,10.0,1,10.0,0,0.009692666000006511
mlp_aco,2,7779,82,0,3,0.0,0.0,0.0,0.0,0.43936213850975037,False,False,0.0,0.0,0.0,[],10.0,10.0,1,10.0,0,0.009692666000006511
mlp_aco,2,7779,82,0,4,0.0,0.0,0.0,0.0,0.20313307642936707,False,False,0.0,0.0,0.0,[],10.0,10.0,1,10.0,0,0.009692666000006511
mlp_aco,2,7780,82,1,1,48.0,142.0,190.0,0.95,1.0,True,True,30.0,160.0,0.0,[1],10.0,10.0,1,10.0,0,0.009959834
mlp_aco,2,7780,82,1,2,0.0,0.0,0.0,0.0,0.09907747060060501,False,False,0.0,0.0,0.0,[],10.0,10.0,1,10.0,0,0.009959834
mlp_aco,2,7780,82,1,3,0.0,0.0,0.0,0.0,0.43936213850975037,False,False,0.0,0.0,0.0,[],10.0,10.0,1,10.0,0,0.009959834
mlp_aco,2,7780,82,1,4,0.0,0.0,0.0,0.0,0.20313307642936707,False,False,0.0,0.0,0.0,[],10.0,10.0,1,10.0,0,0.009959834
mlp_aco,2,7781,82,1,1,44.0,160.0,204.0,1.02,1.0,True,True,30.0,174.0,0.0,[1],10.0,10.0,1,10.0,0,0.009784999999993715
mlp_aco,2,7781,82,1,2,0.0,0.0,0.0,0.0,0.09907747060060501,False,False,0.0,0.0,0.0,[],10.0,10.0,1,10.0,0,0.009784999999993715
mlp_aco,2,7781,82,1,3,0.0,0.0,0.0,0.0,0.43936213850975037,False,False,0.0,0.0,0.0,[],10.0,10.0,1,10.0,0,0.009784999999993715
mlp_aco,2,7781,82,1,4,0.0,0.0,0.0,0.0,0.20313307642936707,False,False,0.0,0.0,0.0,[],10.0,10.0,1,10.0,0,0.009784999999993715
mlp_aco,2,7782,82,1,1,43.0,174.0,217.0,1.085,1.0,True,True,30.0,187.0,0.0,[1],10.0,10.0,1,10.0,0,0.00986454200000253
mlp_aco,2,7782,82,1,2,0.0,0.0,0.0,0.0,0.09907747060060501,False,False,0.0,0.0,0.0,[],10.0,10.0,1,10.0,0,0.00986454200000253
mlp_aco,2,7782,82,1,3,0.0,0.0,0.0,0.0,0.43936213850975037,False,False,0.0,0.0,0.0,[],10.0,10.0,1,10.0,0,0.00986454200000253
mlp_aco,2,7782,82,1,4,0.0,0.0,0.0,0.0,0.20313307642936707,False,False,0.0,0.0,0.0,[],10.0,10.0,1,10.0,0,0.00986454200000253
mlp_aco,2,7783,82,1,1,41.0,187.0,228.0,1.14,1.0,True,True,30.0,198.0,0.0,[1],10.0,10.0,1,10.0,0,0.009685666000024185
mlp_aco,2,7783,82,1,2,0.0,0.0,0.0,0.0,0.09907747060060501,False,False,0.0,0.0,0.0,[],10.0,10.0,1,10.0,0,0.009685666000024185
mlp_aco,2,7783,82,1,3,0.0,0.0,0.0,0.0,0.43936213850975037,False,False,0.0,0.0,0.0,[],10.0,10.0,1,10.0,0,0.009685666000024185
mlp_aco,2,7783,82,1,4,0.0,0.0,0.0,0.0,0.20313307642936707,False,False,0.0,0.0,0.0,[],10.0,10.0,1,10.0,0,0.009685666000024185
mlp_aco,2,7784,82,2,1,39.0,198.0,237.0,1.185,1.0,True,True,30.0,200.0,7.0,[1],10.0,10.0,1,10.0,0,0.009823000000011461
mlp_aco,2,7784,82,2,2,0.0,0.0,0.0,0.0,0.09907747060060501,False,False,0.0,0.0,0.0,[],10.0,10.0,1,10.0,0,0.009823000000011461
mlp_aco,2,7784,82,2,3,0.0,0.0,0.0,0.0,0.43936213850975037,False,False,0.0,0.0,0.0,[],10.0,10.0,1,10.0,0,0.009823000000011461
mlp_aco,2,7784,82,2,4,0.0,0.0,0.0,0.0,0.20313307642936707,False,False,0.0,0.0,0.0,[],10.0,10.0,1,10.0,0,0.009823000000011461
mlp_aco,2,7785,82,2,1,41.0,200.0,241.0,1.205,1.0,True,True,30.0,200.0,11.0,[1],10.0,10.0,1,10.0,0,0.009790875000021515
mlp_aco,2,7785,82,2,2,0.0,0.0,0.0,0.0,0.09907747060060501,False,False,0.0,0.0,0.0,[],10.0,10.0,1,10.0,0,0.009790875000021515
mlp_aco,2,7785,82,2,3,0.0,0.0,0.0,0.0,0.43936213850975037,False,False,0.0,0.0,0.0,[],10.0,10.0,1,10.0,0,0.009790875000021515
mlp_aco,2,7785,82,2,4,0.0,0.0,0.0,0.0,0.20313307642936707,False,False,0.0,0.0,0.0,[],10.0,10.0,1,10.0,0,0.009790875000021515
mlp_aco,2,7786,82,2,1,41.0,200.0,241.0,1.205,1.0,True,True,30.0,200.0,11.0,[1],10.0,10.0,1,10.0,0,0.009955749999988939
mlp_aco,2,7786,82,2,2,0.0,0.0,0.0,0.0,0.09907747060060501,False,False,0.0,0.0,0.0,[],10.0,10.0,1,10.0,0,0.009955749999988939
mlp_aco,2,7786,82,2,3,0.0,0.0,0.0,0.0,0.43936213850975037,False,False,0.0,0.0,0.0,[],10.0,10.0,1,10.0,0,0.009955749999988939
mlp_aco,2,7786,82,2,4,0.0,0.0,0.0,0.0,0.20313307642936707,False,False,0.0,0.0,0.0,[],10.0,10.0,1,10.0,0,0.009955749999988939
mlp_aco,2,7787,82,2,1,40.0,200.0,240.0,1.2,1.0,True,True,30.0,200.0,10.0,[1],10.0,10.0,1,10.0,0,0.009836707999994587
mlp_aco,2,7787,82,2,2,0.0,0.0,0.0,0.0,0.09907747060060501,False,False,0.0,0.0,0.0,[],10.0,10.0,1,10.0,0,0.009836707999994587
mlp_aco,2,7787,82,2,3,0.0,0.0,0.0,0.0,0.43936213850975037,False,False,0.0,0.0,0.0,[],10.0,10.0,1,10.0,0,0.009836707999994587
mlp_aco,2,7787,82,2,4,0.0,0.0,0.0,0.0,0.20313307642936707,False,False,0.0,0.0,0.0,[],10.0,10.0,1,10.0,0,0.009836707999994587
mlp_aco,2,7788,82,3,1,41.0,200.0,241.0,1.205,1.0,True,True,30.0,200.0,11.0,[1],10.0,10.0,1,10.0,0,0.009778958999987708
mlp_aco,2,7788,82,3,2,0.0,0.0,0.0,0.0,0.09907747060060501,False,False,0.0,0.0,0.0,[],10.0,10.0,1,10.0,0,0.009778958999987708
mlp_aco,2,7788,82,3,3,0.0,0.0,0.0,0.0,0.43936213850975037,False,False,0.0,0.0,0.0,[],10.0,10.0,1,10.0,0,0.009778958999987708
mlp_aco,2,7788,82,3,4,0.0,0.0,0.0,0.0,0.20313307642936707,False,False,0.0,0.0,0.0,[],10.0,10.0,1,10.0,0,0.009778958999987708
mlp_aco,2,7789,82,3,1,40.0,200.0,240.0,1.2,1.0,True,True,30.0,200.0,10.0,[1],10.0,10.0,1,10.0,0,0.009893040999997993
mlp_aco,2,7789,82,3,2,0.0,0.0,0.0,0.0,0.09907747060060501,False,False,0.0,0.0,0.0,[],10.0,10.0,1,10.0,0,0.009893040999997993
mlp_aco,2,7789,82,3,3,0.0,0.0,0.0,0.0,0.43936213850975037,False,False,0.0,0.0,0.0,[],10.0,10.0,1,10.0,0,0.009893040999997993
mlp_aco,2,7789,82,3,4,0.0,0.0,0.0,0.0,0.20313307642936707,False,False,0.0,0.0,0.0,[],10.0,10.0,1,10.0,0,0.009893040999997993
mlp_aco,2,7790,82,3,1,42.0,200.0,242.0,1.21,1.0,True,True,30.0,200.0,12.0,[1],10.0,10.0,1,10.0,0,0.009781459000009818
mlp_aco,2,7790,82,3,2,0.0,0.0,0.0,0.0,0.09907747060060501,False,False,0.0,0.0,0.0,[],10.0,10.0,1,10.0,0,0.009781459000009818
mlp_aco,2,7790,82,3,3,0.0,0.0,0.0,0.0,0.43936213850975037,False,False,0.0,0.0,0.0,[],10.0,10.0,1,10.0,0,0.009781459000009818
mlp_aco,2,7790,82,3,4,0.0,0.0,0.0,0.0,0.20313307642936707,False,False,0.0,0.0,0.0,[],10.0,10.0,1,10.0,0,0.009781459000009818
mlp_aco,2,7791,82,3,1,43.0,200.0,243.0,1.215,1.0,True,True,30.0,200.0,13.0,[1],10.0,10.0,1,10.0,0,0.009508833000012373
mlp_aco,2,7791,82,3,2,0.0,0.0,0.0,0.0,0.09907747060060501,False,False,0.0,0.0,0.0,[],10.0,10.0,1,10.0,0,0.009508833000012373
mlp_aco,2,7791,82,3,3,0.0,0.0,0.0,0.0,0.43936213850975037,False,False,0.0,0.0,0.0,[],10.0,10.0,1,10.0,0,0.009508833000012373
mlp_aco,2,7791,82,3,4,0.0,0.0,0.0,0.0,0.20313307642936707,False,False,0.0,0.0,0.0,[],10.0,10.0,1,10.0,0,0.009508833000012373
mlp_aco,2,7792,82,4,1,44.0,200.0,244.0,1.22,1.0,True,True,30.0,200.0,14.0,[1],10.0,10.0,1,10.0,0,0.009819249999992508
mlp_aco,2,7792,82,4,2,0.0,0.0,0.0,0.0,0.09907747060060501,False,False,0.0,0.0,0.0,[],10.0,10.0,1,10.0,0,0.009819249999992508
mlp_aco,2,7792,82,4,3,0.0,0.0,0.0,0.0,0.43936213850975037,False,False,0.0,0.0,0.0,[],10.0,10.0,1,10.0,0,0.009819249999992508
mlp_aco,2,7792,82,4,4,0.0,0.0,0.0,0.0,0.20313307642936707,False,False,0.0,0.0,0.0,[],10.0,10.0,1,10.0,0,0.009819249999992508
mlp_aco,2,7793,82,4,1,44.0,200.0,244.0,1.22,1.0,True,True,30.0,200.0,14.0,[1],10.0,10.0,1,10.0,0,0.010007874999985233
mlp_aco,2,7793,82,4,2,0.0,0.0,0.0,0.0,0.09907747060060501,False,False,0.0,0.0,0.0,[],10.0,10.0,1,10.0,0,0.010007874999985233
mlp_aco,2,7793,82,4,3,0.0,0.0,0.0,0.0,0.43936213850975037,False,False,0.0,0.0,0.0,[],10.0,10.0,1,10.0,0,0.010007874999985233
mlp_aco,2,7793,82,4,4,0.0,0.0,0.0,0.0,0.20313307642936707,False,False,0.0,0.0,0.0,[],10.0,10.0,1,10.0,0,0.010007874999985233
mlp_aco,2,7794,82,4,1,43.0,200.0,243.0,1.215,1.0,True,True,30.0,200.0,13.0,[1],10.0,10.0,1,10.0,0,0.010017750000002934
mlp_aco,2,7794,82,4,2,0.0,0.0,0.0,0.0,0.09907747060060501,False,False,0.0,0.0,0.0,[],10.0,10.0,1,10.0,0,0.010017750000002934
mlp_aco,2,7794,82,4,3,0.0,0.0,0.0,0.0,0.43936213850975037,False,False,0.0,0.0,0.0,[],10.0,10.0,1,10.0,0,0.010017750000002934
mlp_aco,2,7794,82,4,4,0.0,0.0,0.0,0.0,0.20313307642936707,False,False,0.0,0.0,0.0,[],10.0,10.0,1,10.0,0,0.010017750000002934
mlp_aco,2,7795,82,4,1,41.0,200.0,241.0,1.205,1.0,True,True,30.0,200.0,11.0,[1],10.0,10.0,1,10.0,0,0.009972291999986282
mlp_aco,2,7795,82,4,2,0.0,0.0,0.0,0.0,0.09907747060060501,False,False,0.0,0.0,0.0,[],10.0,10.0,1,10.0,0,0.009972291999986282
mlp_aco,2,7795,82,4,3,0.0,0.0,0.0,0.0,0.43936213850975037,False,False,0.0,0.0,0.0,[],10.0,10.0,1,10.0,0,0.009972291999986282
mlp_aco,2,7795,82,4,4,0.0,0.0,0.0,0.0,0.20313307642936707,False,False,0.0,0.0,0.0,[],10.0,10.0,1,10.0,0,0.009972291999986282
mlp_aco,2,7796,82,5,1,42.0,200.0,242.0,1.21,1.0,True,True,30.0,200.0,12.0,[1],10.0,10.0,1,10.0,0,0.010148458999992727
mlp_aco,2,7796,82,5,2,0.0,0.0,0.0,0.0,0.09907747060060501,False,False,0.0,0.0,0.0,[],10.0,10.0,1,10.0,0,0.010148458999992727
mlp_aco,2,7796,82,5,3,0.0,0.0,0.0,0.0,0.43936213850975037,False,False,0.0,0.0,0.0,[],10.0,10.0,1,10.0,0,0.010148458999992727
mlp_aco,2,7796,82,5,4,0.0,0.0,0.0,0.0,0.20313307642936707,False,False,0.0,0.0,0.0,[],10.0,10.0,1,10.0,0,0.010148458999992727
mlp_aco,2,7797,82,5,1,44.0,200.0,244.0,1.22,1.0,True,True,30.0,200.0,14.0,[1],10.0,10.0,1,10.0,0,0.010306874999997717
mlp_aco,2,7797,82,5,2,0.0,0.0,0.0,0.0,0.09907747060060501,False,False,0.0,0.0,0.0,[],10.0,10.0,1,10.0,0,0.010306874999997717
mlp_aco,2,7797,82,5,3,0.0,0.0,0.0,0.0,0.43936213850975037,False,False,0.0,0.0,0.0,[],10.0,10.0,1,10.0,0,0.010306874999997717
mlp_aco,2,7797,82,5,4,0.0,0.0,0.0,0.0,0.20313307642936707,False,False,0.0,0.0,0.0,[],10.0,10.0,1,10.0,0,0.010306874999997717
mlp_aco,2,7798,82,5,1,43.0,200.0,243.0,1.215,1.0,True,True,30.0,200.0,13.0,[1],10.0,10.0,1,10.0,0,0.009759541999983412
mlp_aco,2,7798,82,5,2,0.0,0.0,0.0,0.0,0.09907747060060501,False,False,0.0,0.0,0.0,[],10.0,10.0,1,10.0,0,0.009759541999983412
mlp_aco,2,7798,82,5,3,0.0,0.0,0.0,0.0,0.43936213850975037,False,False,0.0,0.0,0.0,[],10.0,10.0,1,10.0,0,0.009759541999983412
mlp_aco,2,7798,82,5,4,0.0,0.0,0.0,0.0,0.20313307642936707,False,False,0.0,0.0,0.0,[],10.0,10.0,1,10.0,0,0.009759541999983412
mlp_aco,2,7799,82,5,1,42.0,200.0,242.0,1.21,1.0,True,True,30.0,200.0,12.0,[1],10.0,10.0,1,10.0,0,0.010090167000015526
mlp_aco,2,7799,82,5,2,0.0,0.0,0.0,0.0,0.09907747060060501,False,False,0.0,0.0,0.0,[],10.0,10.0,1,10.0,0,0.010090167000015526
mlp_aco,2,7799,82,5,3,0.0,0.0,0.0,0.0,0.43936213850975037,False,False,0.0,0.0,0.0,[],10.0,10.0,1,10.0,0,0.010090167000015526
mlp_aco,2,7799,82,5,4,0.0,0.0,0.0,0.0,0.20313307642936707,False,False,0.0,0.0,0.0,[],10.0,10.0,1,10.0,0,0.010090167000015526
mlp_aco,2,7800,82,6,1,43.0,200.0,243.0,1.215,1.0,True,True,30.0,200.0,13.0,[1],10.0,10.0,1,10.0,0,0.009902832999983957
mlp_aco,2,7800,82,6,2,0.0,0.0,0.0,0.0,0.09907747060060501,False,False,0.0,0.0,0.0,[],10.0,10.0,1,10.0,0,0.009902832999983957
mlp_aco,2,7800,82,6,3,0.0,0.0,0.0,0.0,0.43936213850975037,False,False,0.0,0.0,0.0,[],10.0,10.0,1,10.0,0,0.009902832999983957
mlp_aco,2,7800,82,6,4,0.0,0.0,0.0,0.0,0.20313307642936707,False,False,0.0,0.0,0.0,[],10.0,10.0,1,10.0,0,0.009902832999983957
mlp_aco,2,7801,82,6,1,42.0,200.0,242.0,1.21,1.0,True,True,30.0,200.0,12.0,[1],10.0,10.0,1,10.0,0,0.009672083999987535
mlp_aco,2,7801,82,6,2,0.0,0.0,0.0,0.0,0.09907747060060501,False,False,0.0,0.0,0.0,[],10.0,10.0,1,10.0,0,0.009672083999987535
mlp_aco,2,7801,82,6,3,0.0,0.0,0.0,0.0,0.43936213850975037,False,False,0.0,0.0,0.0,[],10.0,10.0,1,10.0,0,0.009672083999987535
mlp_aco,2,7801,82,6,4,0.0,0.0,0.0,0.0,0.20313307642936707,False,False,0.0,0.0,0.0,[],10.0,10.0,1,10.0,0,0.009672083999987535
mlp_aco,2,7802,82,6,1,44.0,200.0,244.0,1.22,1.0,True,True,30.0,200.0,14.0,[1],10.0,10.0,1,10.0,0,0.009986666999992622
mlp_aco,2,7802,82,6,2,0.0,0.0,0.0,0.0,0.09907747060060501,False,False,0.0,0.0,0.0,[],10.0,10.0,1,10.0,0,0.009986666999992622
mlp_aco,2,7802,82,6,3,0.0,0.0,0.0,0.0,0.43936213850975037,False,False,0.0,0.0,0.0,[],10.0,10.0,1,10.0,0,0.009986666999992622
mlp_aco,2,7802,82,6,4,0.0,0.0,0.0,0.0,0.20313307642936707,False,False,0.0,0.0,0.0,[],10.0,10.0,1,10.0,0,0.009986666999992622
mlp_aco,2,7803,82,6,1,43.0,200.0,243.0,1.215,1.0,True,True,30.0,200.0,13.0,[1],10.0,10.0,1,10.0,0,0.009878874999998288
mlp_aco,2,7803,82,6,2,0.0,0.0,0.0,0.0,0.09907747060060501,False,False,0.0,0.0,0.0,[],10.0,10.0,1,10.0,0,0.009878874999998288
mlp_aco,2,7803,82,6,3,0.0,0.0,0.0,0.0,0.43936213850975037,False,False,0.0,0.0,0.0,[],10.0,10.0,1,10.0,0,0.009878874999998288
mlp_aco,2,7803,82,6,4,0.0,0.0,0.0,0.0,0.20313307642936707,False,False,0.0,0.0,0.0,[],10.0,10.0,1,10.0,0,0.009878874999998288
mlp_aco,2,7804,82,7,1,41.0,200.0,241.0,1.205,1.0,True,True,30.0,200.0,11.0,[1],10.0,10.0,1,10.0,0,0.010190125000008265
mlp_aco,2,7804,82,7,2,0.0,0.0,0.0,0.0,0.09907747060060501,False,False,0.0,0.0,0.0,[],10.0,10.0,1,10.0,0,0.010190125000008265
mlp_aco,2,7804,82,7,3,0.0,0.0,0.0,0.0,0.43936213850975037,False,False,0.0,0.0,0.0,[],10.0,10.0,1,10.0,0,0.010190125000008265
mlp_aco,2,7804,82,7,4,0.0,0.0,0.0,0.0,0.20313307642936707,False,False,0.0,0.0,0.0,[],10.0,10.0,1,10.0,0,0.010190125000008265
mlp_aco,2,7805,82,7,1,42.0,200.0,242.0,1.21,1.0,True,True,30.0,200.0,12.0,[1],10.0,10.0,1,10.0,0,0.014426958999990802
mlp_aco,2,7805,82,7,2,0.0,0.0,0.0,0.0,0.09907747060060501,False,False,0.0,0.0,0.0,[],10.0,10.0,1,10.0,0,0.014426958999990802
mlp_aco,2,7805,82,7,3,0.0,0.0,0.0,0.0,0.43936213850975037,False,False,0.0,0.0,0.0,[],10.0,10.0,1,10.0,0,0.014426958999990802
mlp_aco,2,7805,82,7,4,0.0,0.0,0.0,0.0,0.20313307642936707,False,False,0.0,0.0,0.0,[],10.0,10.0,1,10.0,0,0.014426958999990802
mlp_aco,2,7806,82,7,1,41.0,200.0,241.0,1.205,1.0,True,True,30.0,200.0,11.0,[1],10.0,10.0,1,10.0,0,0.010277999999999565
mlp_aco,2,7806,82,7,2,0.0,0.0,0.0,0.0,0.09907747060060501,False,False,0.0,0.0,0.0,[],10.0,10.0,1,10.0,0,0.010277999999999565
mlp_aco,2,7806,82,7,3,0.0,0.0,0.0,0.0,0.43936213850975037,False,False,0.0,0.0,0.0,[],10.0,10.0,1,10.0,0,0.010277999999999565
mlp_aco,2,7806,82,7,4,0.0,0.0,0.0,0.0,0.20313307642936707,False,False,0.0,0.0,0.0,[],10.0,10.0,1,10.0,0,0.010277999999999565
mlp_aco,2,7807,82,7,1,45.0,200.0,245.0,1.225,1.0,True,True,30.0,200.0,15.0,[1],10.0,10.0,1,10.0,0,0.009797875000003842
mlp_aco,2,7807,82,7,2,0.0,0.0,0.0,0.0,0.09907747060060501,False,False,0.0,0.0,0.0,[],10.0,10.0,1,10.0,0,0.009797875000003842
mlp_aco,2,7807,82,7,3,0.0,0.0,0.0,0.0,0.43936213850975037,False,False,0.0,0.0,0.0,[],10.0,10.0,1,10.0,0,0.009797875000003842
mlp_aco,2,7807,82,7,4,0.0,0.0,0.0,0.0,0.20313307642936707,False,False,0.0,0.0,0.0,[],10.0,10.0,1,10.0,0,0.009797875000003842
mlp_aco,2,7808,82,8,1,46.0,200.0,246.0,1.23,1.0,True,True,30.0,200.0,16.0,[1],10.0,10.0,1,10.0,0,0.009482875000003332
mlp_aco,2,7808,82,8,2,0.0,0.0,0.0,0.0,0.09907747060060501,False,False,0.0,0.0,0.0,[],10.0,10.0,1,10.0,0,0.009482875000003332
mlp_aco,2,7808,82,8,3,0.0,0.0,0.0,0.0,0.43936213850975037,False,False,0.0,0.0,0.0,[],10.0,10.0,1,10.0,0,0.009482875000003332
mlp_aco,2,7808,82,8,4,0.0,0.0,0.0,0.0,0.20313307642936707,False,False,0.0,0.0,0.0,[],10.0,10.0,1,10.0,0,0.009482875000003332
mlp_aco,2,7809,82,8,1,43.0,200.0,243.0,1.215,1.0,True,True,30.0,200.0,13.0,[1],10.0,10.0,1,10.0,0,0.009653374999999187
mlp_aco,2,7809,82,8,2,0.0,0.0,0.0,0.0,0.09907747060060501,False,False,0.0,0.0,0.0,[],10.0,10.0,1,10.0,0,0.009653374999999187
mlp_aco,2,7809,82,8,3,0.0,0.0,0.0,0.0,0.43936213850975037,False,False,0.0,0.0,0.0,[],10.0,10.0,1,10.0,0,0.009653374999999187
mlp_aco,2,7809,82,8,4,0.0,0.0,0.0,0.0,0.20313307642936707,False,False,0.0,0.0,0.0,[],10.0,10.0,1,10.0,0,0.009653374999999187
mlp_aco,2,7810,82,8,1,40.0,200.0,240.0,1.2,1.0,True,True,30.0,200.0,10.0,[1],10.0,10.0,1,10.0,0,0.009566000000006625
mlp_aco,2,7810,82,8,2,0.0,0.0,0.0,0.0,0.09907747060060501,False,False,0.0,0.0,0.0,[],10.0,10.0,1,10.0,0,0.009566000000006625
mlp_aco,2,7810,82,8,3,0.0,0.0,0.0,0.0,0.43936213850975037,False,False,0.0,0.0,0.0,[],10.0,10.0,1,10.0,0,0.009566000000006625
mlp_aco,2,7810,82,8,4,0.0,0.0,0.0,0.0,0.20313307642936707,False,False,0.0,0.0,0.0,[],10.0,10.0,1,10.0,0,0.009566000000006625
mlp_aco,2,7811,82,8,1,41.0,200.0,241.0,1.205,1.0,True,True,30.0,200.0,11.0,[1],10.0,10.0,1,10.0,0,0.009587041999992607
mlp_aco,2,7811,82,8,2,0.0,0.0,0.0,0.0,0.09907747060060501,False,False,0.0,0.0,0.0,[],10.0,10.0,1,10.0,0,0.009587041999992607
mlp_aco,2,7811,82,8,3,0.0,0.0,0.0,0.0,0.43936213850975037,False,False,0.0,0.0,0.0,[],10.0,10.0,1,10.0,0,0.009587041999992607
mlp_aco,2,7811,82,8,4,0.0,0.0,0.0,0.0,0.20313307642936707,False,False,0.0,0.0,0.0,[],10.0,10.0,1,10.0,0,0.009587041999992607
mlp_aco,2,7812,82,9,1,40.0,200.0,240.0,1.2,1.0,True,True,30.0,200.0,10.0,[1],10.0,10.0,1,10.0,0,0.009480459000002384
mlp_aco,2,7812,82,9,2,0.0,0.0,0.0,0.0,0.09907747060060501,False,False,0.0,0.0,0.0,[],10.0,10.0,1,10.0,0,0.009480459000002384
mlp_aco,2,7812,82,9,3,0.0,0.0,0.0,0.0,0.43936213850975037,False,False,0.0,0.0,0.0,[],10.0,10.0,1,10.0,0,0.009480459000002384
mlp_aco,2,7812,82,9,4,0.0,0.0,0.0,0.0,0.20313307642936707,False,False,0.0,0.0,0.0,[],10.0,10.0,1,10.0,0,0.009480459000002384
mlp_aco,2,7813,82,9,1,41.0,200.0,241.0,1.205,1.0,True,True,30.0,200.0,11.0,[1],10.0,10.0,1,10.0,0,0.00942591599999787
mlp_aco,2,7813,82,9,2,0.0,0.0,0.0,0.0,0.09907747060060501,False,False,0.0,0.0,0.0,[],10.0,10.0,1,10.0,0,0.00942591599999787
mlp_aco,2,7813,82,9,3,0.0,0.0,0.0,0.0,0.43936213850975037,False,False,0.0,0.0,0.0,[],10.0,10.0,1,10.0,0,0.00942591599999787
mlp_aco,2,7813,82,9,4,0.0,0.0,0.0,0.0,0.20313307642936707,False,False,0.0,0.0,0.0,[],10.0,10.0,1,10.0,0,0.00942591599999787
mlp_aco,2,7814,82,9,1,41.0,200.0,241.0,1.205,1.0,True,True,30.0,200.0,11.0,[1],10.0,10.0,1,10.0,0,0.009783541999979661
mlp_aco,2,7814,82,9,2,0.0,0.0,0.0,0.0,0.09907747060060501,False,False,0.0,0.0,0.0,[],10.0,10.0,1,10.0,0,0.009783541999979661
mlp_aco,2,7814,82,9,3,0.0,0.0,0.0,0.0,0.43936213850975037,False,False,0.0,0.0,0.0,[],10.0,10.0,1,10.0,0,0.009783541999979661
mlp_aco,2,7814,82,9,4,0.0,0.0,0.0,0.0,0.20313307642936707,False,False,0.0,0.0,0.0,[],10.0,10.0,1,10.0,0,0.009783541999979661
mlp_aco,2,7815,82,9,1,41.0,200.0,241.0,1.205,1.0,True,True,30.0,200.0,11.0,[1],10.0,10.0,1,10.0,0,0.009641541999997116
mlp_aco,2,7815,82,9,2,0.0,0.0,0.0,0.0,0.09907747060060501,False,False,0.0,0.0,0.0,[],10.0,10.0,1,10.0,0,0.009641541999997116
mlp_aco,2,7815,82,9,3,0.0,0.0,0.0,0.0,0.43936213850975037,False,False,0.0,0.0,0.0,[],10.0,10.0,1,10.0,0,0.009641541999997116
mlp_aco,2,7815,82,9,4,0.0,0.0,0.0,0.0,0.20313307642936707,False,False,0.0,0.0,0.0,[],10.0,10.0,1,10.0,0,0.009641541999997116
mlp_aco,2,7816,82,10,1,41.0,200.0,241.0,1.205,1.0,True,True,30.0,200.0,11.0,[1],10.0,10.0,1,10.0,0,0.009772249999997484
mlp_aco,2,7816,82,10,2,0.0,0.0,0.0,0.0,0.09907747060060501,False,False,0.0,0.0,0.0,[],10.0,10.0,1,10.0,0,0.009772249999997484
mlp_aco,2,7816,82,10,3,0.0,0.0,0.0,0.0,0.43936213850975037,False,False,0.0,0.0,0.0,[],10.0,10.0,1,10.0,0,0.009772249999997484
mlp_aco,2,7816,82,10,4,0.0,0.0,0.0,0.0,0.20313307642936707,False,False,0.0,0.0,0.0,[],10.0,10.0,1,10.0,0,0.009772249999997484
mlp_aco,2,7817,82,10,1,41.0,200.0,241.0,1.205,1.0,True,True,30.0,200.0,11.0,[1],10.0,10.0,1,10.0,0,0.009695125000007465
mlp_aco,2,7817,82,10,2,0.0,0.0,0.0,0.0,0.09907747060060501,False,False,0.0,0.0,0.0,[],10.0,10.0,1,10.0,0,0.009695125000007465
mlp_aco,2,7817,82,10,3,0.0,0.0,0.0,0.0,0.43936213850975037,False,False,0.0,0.0,0.0,[],10.0,10.0,1,10.0,0,0.009695125000007465
mlp_aco,2,7817,82,10,4,0.0,0.0,0.0,0.0,0.20313307642936707,False,False,0.0,0.0,0.0,[],10.0,10.0,1,10.0,0,0.009695125000007465
mlp_aco,2,7818,82,10,1,41.0,200.0,241.0,1.205,1.0,True,True,30.0,200.0,11.0,[1],10.0,10.0,1,10.0,0,0.009510000000005903
mlp_aco,2,7818,82,10,2,0.0,0.0,0.0,0.0,0.09907747060060501,False,False,0.0,0.0,0.0,[],10.0,10.0,1,10.0,0,0.009510000000005903
mlp_aco,2,7818,82,10,3,0.0,0.0,0.0,0.0,0.43936213850975037,False,False,0.0,0.0,0.0,[],10.0,10.0,1,10.0,0,0.009510000000005903
mlp_aco,2,7818,82,10,4,0.0,0.0,0.0,0.0,0.20313307642936707,False,False,0.0,0.0,0.0,[],10.0,10.0,1,10.0,0,0.009510000000005903
mlp_aco,2,7819,82,10,1,43.0,200.0,243.0,1.215,1.0,True,True,30.0,200.0,13.0,[1],10.0,10.0,1,10.0,0,0.010147916999983408
mlp_aco,2,7819,82,10,2,0.0,0.0,0.0,0.0,0.09907747060060501,False,False,0.0,0.0,0.0,[],10.0,10.0,1,10.0,0,0.010147916999983408
mlp_aco,2,7819,82,10,3,0.0,0.0,0.0,0.0,0.43936213850975037,False,False,0.0,0.0,0.0,[],10.0,10.0,1,10.0,0,0.010147916999983408
mlp_aco,2,7819,82,10,4,0.0,0.0,0.0,0.0,0.20313307642936707,False,False,0.0,0.0,0.0,[],10.0,10.0,1,10.0,0,0.010147916999983408
mlp_aco,2,7820,82,11,1,40.0,200.0,240.0,1.2,1.0,True,True,30.0,200.0,10.0,[1],10.0,10.0,1,10.0,0,0.00980574999999817
mlp_aco,2,7820,82,11,2,0.0,0.0,0.0,0.0,0.09907747060060501,False,False,0.0,0.0,0.0,[],10.0,10.0,1,10.0,0,0.00980574999999817
mlp_aco,2,7820,82,11,3,0.0,0.0,0.0,0.0,0.43936213850975037,False,False,0.0,0.0,0.0,[],10.0,10.0,1,10.0,0,0.00980574999999817
mlp_aco,2,7820,82,11,4,0.0,0.0,0.0,0.0,0.20313307642936707,False,False,0.0,0.0,0.0,[],10.0,10.0,1,10.0,0,0.00980574999999817
mlp_aco,2,7821,82,11,1,41.0,200.0,241.0,1.205,1.0,True,True,30.0,200.0,11.0,[1],10.0,10.0,1,10.0,0,0.009826958000019204
mlp_aco,2,7821,82,11,2,0.0,0.0,0.0,0.0,0.09907747060060501,False,False,0.0,0.0,0.0,[],10.0,10.0,1,10.0,0,0.009826958000019204
mlp_aco,2,7821,82,11,3,0.0,0.0,0.0,0.0,0.43936213850975037,False,False,0.0,0.0,0.0,[],10.0,10.0,1,10.0,0,0.009826958000019204
mlp_aco,2,7821,82,11,4,0.0,0.0,0.0,0.0,0.20313307642936707,False,False,0.0,0.0,0.0,[],10.0,10.0,1,10.0,0,0.009826958000019204
mlp_aco,2,7822,82,11,1,40.0,200.0,240.0,1.2,1.0,True,True,30.0,200.0,10.0,[1],10.0,10.0,1,10.0,0,0.009767834000001585
mlp_aco,2,7822,82,11,2,0.0,0.0,0.0,0.0,0.09907747060060501,False,False,0.0,0.0,0.0,[],10.0,10.0,1,10.0,0,0.009767834000001585
mlp_aco,2,7822,82,11,3,0.0,0.0,0.0,0.0,0.43936213850975037,False,False,0.0,0.0,0.0,[],10.0,10.0,1,10.0,0,0.009767834000001585
mlp_aco,2,7822,82,11,4,0.0,0.0,0.0,0.0,0.20313307642936707,False,False,0.0,0.0,0.0,[],10.0,10.0,1,10.0,0,0.009767834000001585
mlp_aco,2,7823,82,11,1,41.0,200.0,241.0,1.205,1.0,True,True,30.0,200.0,11.0,[1],10.0,10.0,1,10.0,0,0.00979704200000242
mlp_aco,2,7823,82,11,2,0.0,0.0,0.0,0.0,0.09907747060060501,False,False,0.0,0.0,0.0,[],10.0,10.0,1,10.0,0,0.00979704200000242
mlp_aco,2,7823,82,11,3,0.0,0.0,0.0,0.0,0.43936213850975037,False,False,0.0,0.0,0.0,[],10.0,10.0,1,10.0,0,0.00979704200000242
mlp_aco,2,7823,82,11,4,0.0,0.0,0.0,0.0,0.20313307642936707,False,False,0.0,0.0,0.0,[],10.0,10.0,1,10.0,0,0.00979704200000242
mlp_aco,2,7824,82,12,1,37.0,200.0,237.0,1.185,1.0,True,True,30.0,200.0,7.0,[1],10.0,10.0,1,10.0,0,0.009973583999993707
mlp_aco,2,7824,82,12,2,0.0,0.0,0.0,0.0,0.09907747060060501,False,False,0.0,0.0,0.0,[],10.0,10.0,1,10.0,0,0.009973583999993707
mlp_aco,2,7824,82,12,3,0.0,0.0,0.0,0.0,0.43936213850975037,False,False,0.0,0.0,0.0,[],10.0,10.0,1,10.0,0,0.009973583999993707
mlp_aco,2,7824,82,12,4,0.0,0.0,0.0,0.0,0.20313307642936707,False,False,0.0,0.0,0.0,[],10.0,10.0,1,10.0,0,0.009973583999993707
mlp_aco,2,7825,82,12,1,32.0,200.0,232.0,1.16,1.0,True,True,30.0,200.0,2.0,[1],10.0,10.0,1,10.0,0,0.009936582999984012
mlp_aco,2,7825,82,12,2,0.0,0.0,0.0,0.0,0.09907747060060501,False,False,0.0,0.0,0.0,[],10.0,10.0,1,10.0,0,0.009936582999984012
mlp_aco,2,7825,82,12,3,0.0,0.0,0.0,0.0,0.43936213850975037,False,False,0.0,0.0,0.0,[],10.0,10.0,1,10.0,0,0.009936582999984012
mlp_aco,2,7825,82,12,4,0.0,0.0,0.0,0.0,0.20313307642936707,False,False,0.0,0.0,0.0,[],10.0,10.0,1,10.0,0,0.009936582999984012
mlp_aco,2,7826,82,12,1,32.0,200.0,232.0,1.16,1.0,True,True,30.0,200.0,2.0,[1],10.0,10.0,1,10.0,0,0.009749374999984184
mlp_aco,2,7826,82,12,2,0.0,0.0,0.0,0.0,0.09907747060060501,False,False,0.0,0.0,0.0,[],10.0,10.0,1,10.0,0,0.009749374999984184
mlp_aco,2,7826,82,12,3,0.0,0.0,0.0,0.0,0.43936213850975037,False,False,0.0,0.0,0.0,[],10.0,10.0,1,10.0,0,0.009749374999984184
mlp_aco,2,7826,82,12,4,0.0,0.0,0.0,0.0,0.20313307642936707,False,False,0.0,0.0,0.0,[],10.0,10.0,1,10.0,0,0.009749374999984184
mlp_aco,2,7827,82,12,1,32.0,200.0,232.0,1.16,1.0,True,True,30.0,200.0,2.0,[1],10.0,10.0,1,10.0,0,0.009816040999993447
mlp_aco,2,7827,82,12,2,0.0,0.0,0.0,0.0,0.09907747060060501,False,False,0.0,0.0,0.0,[],10.0,10.0,1,10.0,0,0.009816040999993447
mlp_aco,2,7827,82,12,3,0.0,0.0,0.0,0.0,0.43936213850975037,False,False,0.0,0.0,0.0,[],10.0,10.0,1,10.0,0,0.009816040999993447
mlp_aco,2,7827,82,12,4,0.0,0.0,0.0,0.0,0.20313307642936707,False,False,0.0,0.0,0.0,[],10.0,10.0,1,10.0,0,0.009816040999993447
mlp_aco,2,7828,82,13,1,29.0,200.0,229.0,1.145,1.0,True,True,30.0,199.0,0.0,[1],10.0,10.0,1,10.0,0,0.00982645900000989
mlp_aco,2,7828,82,13,2,0.0,0.0,0.0,0.0,0.09907747060060501,False,False,0.0,0.0,0.0,[],10.0,10.0,1,10.0,0,0.00982645900000989
mlp_aco,2,7828,82,13,3,0.0,0.0,0.0,0.0,0.43936213850975037,False,False,0.0,0.0,0.0,[],10.0,10.0,1,10.0,0,0.00982645900000989
mlp_aco,2,7828,82,13,4,0.0,0.0,0.0,0.0,0.20313307642936707,False,False,0.0,0.0,0.0,[],10.0,10.0,1,10.0,0,0.00982645900000989
mlp_aco,2,7829,82,13,1,16.0,199.0,215.0,1.075,1.0,True,True,30.0,185.0,0.0,[1],10.0,10.0,1,10.0,0,0.009576707999997325
mlp_aco,2,7829,82,13,2,0.0,0.0,0.0,0.0,0.09907747060060501,False,False,0.0,0.0,0.0,[],10.0,10.0,1,10.0,0,0.009576707999997325
mlp_aco,2,7829,82,13,3,0.0,0.0,0.0,0.0,0.43936213850975037,False,False,0.0,0.0,0.0,[],10.0,10.0,1,10.0,0,0.009576707999997325
mlp_aco,2,7829,82,13,4,0.0,0.0,0.0,0.0,0.20313307642936707,False,False,0.0,0.0,0.0,[],10.0,10.0,1,10.0,0,0.009576707999997325
mlp_aco,2,7830,82,13,1,18.0,185.0,203.0,1.015,1.0,True,True,30.0,173.0,0.0,[1],10.0,10.0,1,10.0,0,0.009472291999998106
mlp_aco,2,7830,82,13,2,0.0,0.0,0.0,0.0,0.09907747060060501,False,False,0.0,0.0,0.0,[],10.0,10.0,1,10.0,0,0.009472291999998106
mlp_aco,2,7830,82,13,3,0.0,0.0,0.0,0.0,0.43936213850975037,False,False,0.0,0.0,0.0,[],10.0,10.0,1,10.0,0,0.009472291999998106
mlp_aco,2,7830,82,13,4,0.0,0.0,0.0,0.0,0.20313307642936707,False,False,0.0,0.0,0.0,[],10.0,10.0,1,10.0,0,0.009472291999998106
mlp_aco,2,7831,82,13,1,17.0,173.0,190.0,0.95,0.9999999403953552,True,True,30.0,160.0,0.0,[1],10.0,10.0,1,10.0,0,0.009899832999991531
mlp_aco,2,7831,82,13,2,0.0,0.0,0.0,0.0,0.09907747060060501,False,False,0.0,0.0,0.0,[],10.0,10.0,1,10.0,0,0.009899832999991531
mlp_aco,2,7831,82,13,3,0.0,0.0,0.0,0.0,0.43936213850975037,False,False,0.0,0.0,0.0,[],10.0,10.0,1,10.0,0,0.009899832999991531
mlp_aco,2,7831,82,13,4,0.0,0.0,0.0,0.0,0.20313307642936707,False,False,0.0,0.0,0.0,[],10.0,10.0,1,10.0,0,0.009899832999991531
mlp_aco,2,7832,82,14,1,18.0,160.0,178.0,0.89,0.999998927116394,True,True,30.0,148.0,0.0,[1],10.0,10.0,1,10.0,0,0.009614249999998492
mlp_aco,2,7832,82,14,2,0.0,0.0,0.0,0.0,0.09907747060060501,False,False,0.0,0.0,0.0,[],10.0,10.0,1,10.0,0,0.009614249999998492
mlp_aco,2,7832,82,14,3,0.0,0.0,0.0,0.0,0.43936213850975037,False,False,0.0,0.0,0.0,[],10.0,10.0,1,10.0,0,0.009614249999998492
mlp_aco,2,7832,82,14,4,0.0,0.0,0.0,0.0,0.20313307642936707,False,False,0.0,0.0,0.0,[],10.0,10.0,1,10.0,0,0.009614249999998492
mlp_aco,2,7833,82,14,1,17.0,148.0,165.0,0.825,0.9999538660049438,True,True,30.0,135.0,0.0,[1],10.0,10.0,1,10.0,0,0.009795416000002888
mlp_aco,2,7833,82,14,2,0.0,0.0,0.0,0.0,0.09907747060060501,False,False,0.0,0.0,0.0,[],10.0,10.0,1,10.0,0,0.009795416000002888
mlp_aco,2,7833,82,14,3,0.0,0.0,0.0,0.0,0.43936213850975037,False,False,0.0,0.0,0.0,[],10.0,10.0,1,10.0,0,0.009795416000002888
mlp_aco,2,7833,82,14,4,0.0,0.0,0.0,0.0,0.20313307642936707,False,False,0.0,0.0,0.0,[],10.0,10.0,1,10.0,0,0.009795416000002888
mlp_aco,2,7834,82,14,1,18.0,135.0,153.0,0.765,0.9994409680366516,True,True,30.0,123.0,0.0,[1],10.0,10.0,1,10.0,0,0.009506292000025951
mlp_aco,2,7834,82,14,2,0.0,0.0,0.0,0.0,0.09907747060060501,False,False,0.0,0.0,0.0,[],10.0,10.0,1,10.0,0,0.009506292000025951
mlp_aco,2,7834,82,14,3,0.0,0.0,0.0,0.0,0.43936213850975037,False,False,0.0,0.0,0.0,[],10.0,10.0,1,10.0,0,0.009506292000025951
mlp_aco,2,7834,82,14,4,0.0,0.0,0.0,0.0,0.20313307642936707,False,False,0.0,0.0,0.0,[],10.0,10.0,1,10.0,0,0.009506292000025951
mlp_aco,2,7835,82,14,1,16.0,123.0,139.0,0.695,0.9935652017593384,True,True,30.0,109.0,0.0,[1],10.0,10.0,1,10.0,0,0.009542042000020956
mlp_aco,2,7835,82,14,2,0.0,0.0,0.0,0.0,0.09907747060060501,False,False,0.0,0.0,0.0,[],10.0,10.0,1,10.0,0,0.009542042000020956
mlp_aco,2,7835,82,14,3,0.0,0.0,0.0,0.0,0.43936213850975037,False,False,0.0,0.0,0.0,[],10.0,10.0,1,10.0,0,0.009542042000020956
mlp_aco,2,7835,82,14,4,0.0,0.0,0.0,0.0,0.20313307642936707,False,False,0.0,0.0,0.0,[],10.0,10.0,1,10.0,0,0.009542042000020956
mlp_aco,2,7836,82,15,1,18.0,109.0,127.0,0.635,0.989894449710846,True,True,30.0,97.0,0.0,[1],10.0,10.0,1,10.0,0,0.010058082999989892
mlp_aco,2,7836,82,15,2,0.0,0.0,0.0,0.0,0.09907747060060501,False,False,0.0,0.0,0.0,[],10.0,10.0,1,10.0,0,0.010058082999989892
mlp_aco,2,7836,82,15,3,0.0,0.0,0.0,0.0,0.43936213850975037,False,False,0.0,0.0,0.0,[],10.0,10.0,1,10.0,0,0.010058082999989892
mlp_aco,2,7836,82,15,4,0.0,0.0,0.0,0.0,0.20313307642936707,False,False,0.0,0.0,0.0,[],10.0,10.0,1,10.0,0,0.010058082999989892
mlp_aco,2,7837,82,15,1,17.0,97.0,114.0,0.57,0.9560654163360596,True,True,30.0,84.0,0.0,[1],10.0,10.0,1,10.0,0,0.010039209000012761
mlp_aco,2,7837,82,15,2,0.0,0.0,0.0,0.0,0.09907747060060501,False,False,0.0,0.0,0.0,[],10.0,10.0,1,10.0,0,0.010039209000012761
mlp_aco,2,7837,82,15,3,0.0,0.0,0.0,0.0,0.43936213850975037,False,False,0.0,0.0,0.0,[],10.0,10.0,1,10.0,0,0.010039209000012761
mlp_aco,2,7837,82,15,4,0.0,0.0,0.0,0.0,0.20313307642936707,False,False,0.0,0.0,0.0,[],10.0,10.0,1,10.0,0,0.010039209000012761
mlp_aco,2,7838,82,15,1,18.0,84.0,102.0,0.51,0.9256998896598816,True,True,30.0,72.0,0.0,[1],10.0,10.0,1,10.0,0,0.009808749999990596
mlp_aco,2,7838,82,15,2,0.0,0.0,0.0,0.0,0.09907747060060501,False,False,0.0,0.0,0.0,[],10.0,10.0,1,10.0,0,0.009808749999990596
mlp_aco,2,7838,82,15,3,0.0,0.0,0.0,0.0,0.43936213850975037,False,False,0.0,0.0,0.0,[],10.0,10.0,1,10.0,0,0.009808749999990596
mlp_aco,2,7838,82,15,4,0.0,0.0,0.0,0.0,0.20313307642936707,False,False,0.0,0.0,0.0,[],10.0,10.0,1,10.0,0,0.009808749999990596
mlp_aco,2,7839,82,15,1,17.0,72.0,89.0,0.445,0.8394560813903809,True,True,30.0,59.0,0.0,[1],10.0,10.0,1,10.0,0,0.00961787500000355
mlp_aco,2,7839,82,15,2,0.0,0.0,0.0,0.0,0.09907747060060501,False,False,0.0,0.0,0.0,[],10.0,10.0,1,10.0,0,0.00961787500000355
mlp_aco,2,7839,82,15,3,0.0,0.0,0.0,0.0,0.43936213850975037,False,False,0.0,0.0,0.0,[],10.0,10.0,1,10.0,0,0.00961787500000355
mlp_aco,2,7839,82,15,4,0.0,0.0,0.0,0.0,0.20313307642936707,False,False,0.0,0.0,0.0,[],10.0,10.0,1,10.0,0,0.00961787500000355
mlp_aco,2,7840,82,16,1,18.0,59.0,77.0,0.385,0.8163408637046814,True,True,30.0,47.0,0.0,[1],10.0,10.0,1,10.0,0,0.009875999999991336
mlp_aco,2,7840,82,16,2,0.0,0.0,0.0,0.0,0.09907747060060501,False,False,0.0,0.0,0.0,[],10.0,10.0,1,10.0,0,0.009875999999991336
mlp_aco,2,7840,82,16,3,0.0,0.0,0.0,0.0,0.43936213850975037,False,False,0.0,0.0,0.0,[],10.0,10.0,1,10.0,0,0.009875999999991336
mlp_aco,2,7840,82,16,4,0.0,0.0,0.0,0.0,0.20313307642936707,False,False,0.0,0.0,0.0,[],10.0,10.0,1,10.0,0,0.009875999999991336
mlp_aco,2,7841,82,16,1,16.0,47.0,63.0,0.315,0.5351880192756653,False,False,0.0,63.0,0.0,[],0.0,0.0,0,0.0,0,2.833000024793364e-06
mlp_aco,2,7841,82,16,2,0.0,0.0,0.0,0.0,0.09907747060060501,False,False,0.0,0.0,0.0,[],0.0,0.0,0,0.0,0,2.833000024793364e-06
mlp_aco,2,7841,82,16,3,0.0,0.0,0.0,0.0,0.43936213850975037,False,False,0.0,0.0,0.0,[],0.0,0.0,0,0.0,0,2.833000024793364e-06
mlp_aco,2,7841,82,16,4,0.0,0.0,0.0,0.0,0.20313307642936707,False,False,0.0,0.0,0.0,[],0.0,0.0,0,0.0,0,2.833000024793364e-06
mlp_aco,2,7842,82,16,1,18.0,63.0,81.0,0.405,0.8481945991516113,True,True,30.0,51.0,0.0,[1],10.0,10.0,1,10.0,0,0.00976245800001152
mlp_aco,2,7842,82,16,2,0.0,0.0,0.0,0.0,0.09907747060060501,False,False,0.0,0.0,0.0,[],10.0,10.0,1,10.0,0,0.00976245800001152
mlp_aco,2,7842,82,16,3,0.0,0.0,0.0,0.0,0.43936213850975037,False,False,0.0,0.0,0.0,[],10.0,10.0,1,10.0,0,0.00976245800001152
mlp_aco,2,7842,82,16,4,0.0,0.0,0.0,0.0,0.20313307642936707,False,False,0.0,0.0,0.0,[],10.0,10.0,1,10.0,0,0.00976245800001152
mlp_aco,2,7843,82,16,1,17.0,51.0,68.0,0.34,0.6504679322242737,False,False,0.0,68.0,0.0,[],0.0,0.0,0,0.0,0,4.083999982640307e-06
mlp_aco,2,7843,82,16,2,0.0,0.0,0.0,0.0,0.09907747060060501,False,False,0.0,0.0,0.0,[],0.0,0.0,0,0.0,0,4.083999982640307e-06
mlp_aco,2,7843,82,16,3,0.0,0.0,0.0,0.0,0.43936213850975037,False,False,0.0,0.0,0.0,[],0.0,0.0,0,0.0,0,4.083999982640307e-06
mlp_aco,2,7843,82,16,4,0.0,0.0,0.0,0.0,0.20313307642936707,False,False,0.0,0.0,0.0,[],0.0,0.0,0,0.0,0,4.083999982640307e-06
mlp_aco,2,7844,82,17,1,18.0,68.0,86.0,0.43,0.8789252638816833,True,True,30.0,56.0,0.0,[1],10.0,10.0,1,10.0,0,0.009967665999994324
mlp_aco,2,7844,82,17,2,0.0,0.0,0.0,0.0,0.09907747060060501,False,False,0.0,0.0,0.0,[],10.0,10.0,1,10.0,0,0.009967665999994324
mlp_aco,2,7844,82,17,3,0.0,0.0,0.0,0.0,0.43936213850975037,False,False,0.0,0.0,0.0,[],10.0,10.0,1,10.0,0,0.009967665999994324
mlp_aco,2,7844,82,17,4,0.0,0.0,0.0,0.0,0.20313307642936707,False,False,0.0,0.0,0.0,[],10.0,10.0,1,10.0,0,0.009967665999994324
mlp_aco,2,7845,82,17,1,16.0,56.0,72.0,0.36,0.5932208299636841,False,False,0.0,72.0,0.0,[],0.0,0.0,0,0.0,0,2.6669999897421803e-06
mlp_aco,2,7845,82,17,2,0.0,0.0,0.0,0.0,0.09907747060060501,False,False,0.0,0.0,0.0,[],0.0,0.0,0,0.0,0,2.6669999897421803e-06
mlp_aco,2,7845,82,17,3,0.0,0.0,0.0,0.0,0.43936213850975037,False,False,0.0,0.0,0.0,[],0.0,0.0,0,0.0,0,2.6669999897421803e-06
mlp_aco,2,7845,82,17,4,0.0,0.0,0.0,0.0,0.20313307642936707,False,False,0.0,0.0,0.0,[],0.0,0.0,0,0.0,0,2.6669999897421803e-06
mlp_aco,2,7846,82,17,1,7.0,72.0,79.0,0.395,0.2530103027820587,False,False,0.0,79.0,0.0,[],0.0,0.0,0,0.0,0,3.084000013586774e-06
mlp_aco,2,7846,82,17,2,0.0,0.0,0.0,0.0,0.09907747060060501,False,False,0.0,0.0,0.0,[],0.0,0.0,0,0.0,0,3.084000013586774e-06
mlp_aco,2,7846,82,17,3,0.0,0.0,0.0,0.0,0.43936213850975037,False,False,0.0,0.0,0.0,[],0.0,0.0,0,0.0,0,3.084000013586774e-06
mlp_aco,2,7846,82,17,4,0.0,0.0,0.0,0.0,0.20313307642936707,False,False,0.0,0.0,0.0,[],0.0,0.0,0,0.0,0,3.084000013586774e-06
mlp_aco,2,7847,82,17,1,8.0,79.0,87.0,0.435,0.31184059381484985,False,False,0.0,87.0,0.0,[],0.0,0.0,0,0.0,0,2.0409999876846996e-06
mlp_aco,2,7847,82,17,2,0.0,0.0,0.0,0.0,0.09907747060060501,False,False,0.0,0.0,0.0,[],0.0,0.0,0,0.0,0,2.0409999876846996e-06
mlp_aco,2,7847,82,17,3,0.0,0.0,0.0,0.0,0.43936213850975037,False,False,0.0,0.0,0.0,[],0.0,0.0,0,0.0,0,2.0409999876846996e-06
mlp_aco,2,7847,82,17,4,0.0,0.0,0.0,0.0,0.20313307642936707,False,False,0.0,0.0,0.0,[],0.0,0.0,0,0.0,0,2.0409999876846996e-06
mlp_aco,2,7848,82,18,1,8.0,87.0,95.0,0.475,0.35162800550460815,False,False,0.0,95.0,0.0,[],0.0,0.0,0,0.0,0,2.999999992425728e-06
mlp_aco,2,7848,82,18,2,0.0,0.0,0.0,0.0,0.09907747060060501,False,False,0.0,0.0,0.0,[],0.0,0.0,0,0.0,0,2.999999992425728e-06
mlp_aco,2,7848,82,18,3,0.0,0.0,0.0,0.0,0.43936213850975037,False,False,0.0,0.0,0.0,[],0.0,0.0,0,0.0,0,2.999999992425728e-06
mlp_aco,2,7848,82,18,4,0.0,0.0,0.0,0.0,0.20313307642936707,False,False,0.0,0.0,0.0,[],0.0,0.0,0,0.0,0,2.999999992425728e-06
mlp_aco,2,7849,82,18,1,8.0,95.0,103.0,0.515,0.43304771184921265,False,False,0.0,103.0,0.0,[],0.0,0.0,0,0.0,0,2.000000023372195e-06
mlp_aco,2,7849,82,18,2,0.0,0.0,0.0,0.0,0.09907747060060501,False,False,0.0,0.0,0.0,[],0.0,0.0,0,0.0,0,2.000000023372195e-06
mlp_aco,2,7849,82,18,3,0.0,0.0,0.0,0.0,0.43936213850975037,False,False,0.0,0.0,0.0,[],0.0,0.0,0,0.0,0,2.000000023372195e-06
mlp_aco,2,7849,82,18,4,0.0,0.0,0.0,0.0,0.20313307642936707,False,False,0.0,0.0,0.0,[],0.0,0.0,0,0.0,0,2.000000023372195e-06
mlp_aco,2,7850,82,18,1,8.0,103.0,111.0,0.555,0.5093967318534851,False,False,0.0,111.0,0.0,[],0.0,0.0,0,0.0,0,3.2920000023750617e-06
mlp_aco,2,7850,82,18,2,0.0,0.0,0.0,0.0,0.09907747060060501,False,False,0.0,0.0,0.0,[],0.0,0.0,0,0.0,0,3.2920000023750617e-06
mlp_aco,2,7850,82,18,3,0.0,0.0,0.0,0.0,0.43936213850975037,False,False,0.0,0.0,0.0,[],0.0,0.0,0,0.0,0,3.2920000023750617e-06
mlp_aco,2,7850,82,18,4,0.0,0.0,0.0,0.0,0.20313307642936707,False,False,0.0,0.0,0.0,[],0.0,0.0,0,0.0,0,3.2920000023750617e-06
mlp_aco,2,7851,82,18,1,8.0,111.0,119.0,0.595,0.6473807692527771,False,False,0.0,119.0,0.0,[],0.0,0.0,0,0.0,0,1.958000012791672e-06
mlp_aco,2,7851,82,18,2,0.0,0.0,0.0,0.0,0.09907747060060501,False,False,0.0,0.0,0.0,[],0.0,0.0,0,0.0,0,1.958000012791672e-06
mlp_aco,2,7851,82,18,3,0.0,0.0,0.0,0.0,0.43936213850975037,False,False,0.0,0.0,0.0,[],0.0,0.0,0,0.0,0,1.958000012791672e-06
mlp_aco,2,7851,82,18,4,0.0,0.0,0.0,0.0,0.20313307642936707,False,False,0.0,0.0,0.0,[],0.0,0.0,0,0.0,0,1.958000012791672e-06
mlp_aco,2,7852,82,19,1,7.0,119.0,126.0,0.63,0.681682825088501,False,False,0.0,126.0,0.0,[],0.0,0.0,0,0.0,0,1.9169999916357483e-06
mlp_aco,2,7852,82,19,2,0.0,0.0,0.0,0.0,0.09907747060060501,False,False,0.0,0.0,0.0,[],0.0,0.0,0,0.0,0,1.9169999916357483e-06
mlp_aco,2,7852,82,19,3,0.0,0.0,0.0,0.0,0.43936213850975037,False,False,0.0,0.0,0.0,[],0.0,0.0,0,0.0,0,1.9169999916357483e-06
mlp_aco,2,7852,82,19,4,0.0,0.0,0.0,0.0,0.20313307642936707,False,False,0.0,0.0,0.0,[],0.0,0.0,0,0.0,0,1.9169999916357483e-06
mlp_aco,2,7853,82,19,1,8.0,126.0,134.0,0.67,0.8733792304992676,True,True,30.0,104.0,0.0,[1],10.0,10.0,1,10.0,0,0.009690040999998928
mlp_aco,2,7853,82,19,2,0.0,0.0,0.0,0.0,0.09907747060060501,False,False,0.0,0.0,0.0,[],10.0,10.0,1,10.0,0,0.009690040999998928
mlp_aco,2,7853,82,19,3,0.0,0.0,0.0,0.0,0.43936213850975037,False,False,0.0,0.0,0.0,[],10.0,10.0,1,10.0,0,0.009690040999998928
mlp_aco,2,7853,82,19,4,0.0,0.0,0.0,0.0,0.20313307642936707,False,False,0.0,0.0,0.0,[],10.0,10.0,1,10.0,0,0.009690040999998928
mlp_aco,2,7854,82,19,1,8.0,104.0,112.0,0.56,0.5336322784423828,False,False,0.0,112.0,0.0,[],0.0,0.0,0,0.0,0,3.500000019585059e-06
mlp_aco,2,7854,82,19,2,0.0,0.0,0.0,0.0,0.09907747060060501,False,False,0.0,0.0,0.0,[],0.0,0.0,0,0.0,0,3.500000019585059e-06
mlp_aco,2,7854,82,19,3,0.0,0.0,0.0,0.0,0.43936213850975037,False,False,0.0,0.0,0.0,[],0.0,0.0,0,0.0,0,3.500000019585059e-06
mlp_aco,2,7854,82,19,4,0.0,0.0,0.0,0.0,0.20313307642936707,False,False,0.0,0.0,0.0,[],0.0,0.0,0,0.0,0,3.500000019585059e-06
mlp_aco,2,7855,82,19,1,8.0,112.0,120.0,0.6,0.6723677515983582,False,False,0.0,120.0,0.0,[],0.0,0.0,0,0.0,0,2.4999999936881068e-06
mlp_aco,2,7855,82,19,2,0.0,0.0,0.0,0.0,0.09907747060060501,False,False,0.0,0.0,0.0,[],0.0,0.0,0,0.0,0,2.4999999936881068e-06
mlp_aco,2,7855,82,19,3,0.0,0.0,0.0,0.0,0.43936213850975037,False,False,0.0,0.0,0.0,[],0.0,0.0,0,0.0,0,2.4999999936881068e-06
mlp_aco,2,7855,82,19,4,0.0,0.0,0.0,0.0,0.20313307642936707,False,False,0.0,0.0,0.0,[],0.0,0.0,0,0.0,0,2.4999999936881068e-06
mlp_aco,2,7856,82,20,1,6.0,120.0,126.0,0.63,0.5715965628623962,False,False,0.0,126.0,0.0,[],0.0,0.0,0,0.0,0,3.042000003006251e-06
mlp_aco,2,7856,82,20,2,0.0,0.0,0.0,0.0,0.09907747060060501,False,False,0.0,0.0,0.0,[],0.0,0.0,0,0.0,0,3.042000003006251e-06
mlp_aco,2,7856,82,20,3,0.0,0.0,0.0,0.0,0.43936213850975037,False,False,0.0,0.0,0.0,[],0.0,0.0,0,0.0,0,3.042000003006251e-06
mlp_aco,2,7856,82,20,4,0.0,0.0,0.0,0.0,0.20313307642936707,False,False,0.0,0.0,0.0,[],0.0,0.0,0,0.0,0,3.042000003006251e-06
mlp_aco,2,7857,82,20,1,0.0,126.0,126.0,0.63,0.19892016053199768,False,False,0.0,126.0,0.0,[],0.0,0.0,0,0.0,0,2.2080000121604826e-06
mlp_aco,2,7857,82,20,2,0.0,0.0,0.0,0.0,0.09907747060060501,False,False,0.0,0.0,0.0,[],0.0,0.0,0,0.0,0,2.2080000121604826e-06
mlp_aco,2,7857,82,20,3,0.0,0.0,0.0,0.0,0.43936213850975037,False,False,0.0,0.0,0.0,[],0.0,0.0,0,0.0,0,2.2080000121604826e-06
mlp_aco,2,7857,82,20,4,0.0,0.0,0.0,0.0,0.20313307642936707,False,False,0.0,0.0,0.0,[],0.0,0.0,0,0.0,0,2.2080000121604826e-06
mlp_aco,2,7858,82,20,1,0.0,126.0,126.0,0.63,0.2590654492378235,False,False,0.0,126.0,0.0,[],0.0,0.0,0,0.0,0,4.042000000481494e-06
mlp_aco,2,7858,82,20,2,0.0,0.0,0.0,0.0,0.09907747060060501,False,False,0.0,0.0,0.0,[],0.0,0.0,0,0.0,0,4.042000000481494e-06
mlp_aco,2,7858,82,20,3,0.0,0.0,0.0,0.0,0.43936213850975037,False,False,0.0,0.0,0.0,[],0.0,0.0,0,0.0,0,4.042000000481494e-06
mlp_aco,2,7858,82,20,4,0.0,0.0,0.0,0.0,0.20313307642936707,False,False,0.0,0.0,0.0,[],0.0,0.0,0,0.0,0,4.042000000481494e-06
mlp_aco,2,7859,82,20,1,0.0,126.0,126.0,0.63,0.3299068808555603,False,False,0.0,126.0,0.0,[],0.0,0.0,0,0.0,0,1.9579999843699625e-06
mlp_aco,2,7859,82,20,2,0.0,0.0,0.0,0.0,0.09907747060060501,False,False,0.0,0.0,0.0,[],0.0,0.0,0,0.0,0,1.9579999843699625e-06
mlp_aco,2,7859,82,20,3,0.0,0.0,0.0,0.0,0.43936213850975037,False,False,0.0,0.0,0.0,[],0.0,0.0,0,0.0,0,1.9579999843699625e-06
mlp_aco,2,7859,82,20,4,0.0,0.0,0.0,0.0,0.20313307642936707,False,False,0.0,0.0,0.0,[],0.0,0.0,0,0.0,0,1.9579999843699625e-06
mlp_aco,2,7860,82,21,1,0.0,126.0,126.0,0.63,0.38992276787757874,False,False,0.0,126.0,0.0,[],0.0,0.0,0,0.0,0,2.166999991004559e-06
mlp_aco,2,7860,82,21,2,0.0,0.0,0.0,0.0,0.09907747060060501,False,False,0.0,0.0,0.0,[],0.0,0.0,0,0.0,0,2.166999991004559e-06
mlp_aco,2,7860,82,21,3,0.0,0.0,0.0,0.0,0.43936213850975037,False,False,0.0,0.0,0.0,[],0.0,0.0,0,0.0,0,2.166999991004559e-06
mlp_aco,2,7860,82,21,4,0.0,0.0,0.0,0.0,0.20313307642936707,False,False,0.0,0.0,0.0,[],0.0,0.0,0,0.0,0,2.166999991004559e-06
mlp_aco,2,7861,82,21,1,0.0,126.0,126.0,0.63,0.38992276787757874,False,False,0.0,126.0,0.0,[],0.0,0.0,0,0.0,0,3.7080000083733466e-06
mlp_aco,2,7861,82,21,2,0.0,0.0,0.0,0.0,0.09907747060060501,False,False,0.0,0.0,0.0,[],0.0,0.0,0,0.0,0,3.7080000083733466e-06
mlp_aco,2,7861,82,21,3,0.0,0.0,0.0,0.0,0.43936213850975037,False,False,0.0,0.0,0.0,[],0.0,0.0,0,0.0,0,3.7080000083733466e-06
mlp_aco,2,7861,82,21,4,0.0,0.0,0.0,0.0,0.20313307642936707,False,False,0.0,0.0,0.0,[],0.0,0.0,0,0.0,0,3.7080000083733466e-06
mlp_aco,2,7862,82,21,1,0.0,126.0,126.0,0.63,0.38992276787757874,False,False,0.0,126.0,0.0,[],0.0,0.0,0,0.0,0,1.9999999949504854e-06
mlp_aco,2,7862,82,21,2,0.0,0.0,0.0,0.0,0.09907747060060501,False,False,0.0,0.0,0.0,[],0.0,0.0,0,0.0,0,1.9999999949504854e-06
mlp_aco,2,7862,82,21,3,0.0,0.0,0.0,0.0,0.43936213850975037,False,False,0.0,0.0,0.0,[],0.0,0.0,0,0.0,0,1.9999999949504854e-06
mlp_aco,2,7862,82,21,4,0.0,0.0,0.0,0.0,0.20313307642936707,False,False,0.0,0.0,0.0,[],0.0,0.0,0,0.0,0,1.9999999949504854e-06
mlp_aco,2,7863,82,21,1,0.0,126.0,126.0,0.63,0.38992276787757874,False,False,0.0,126.0,0.0,[],0.0,0.0,0,0.0,0,2.708000010898104e-06
mlp_aco,2,7863,82,21,2,0.0,0.0,0.0,0.0,0.09907747060060501,False,False,0.0,0.0,0.0,[],0.0,0.0,0,0.0,0,2.708000010898104e-06
mlp_aco,2,7863,82,21,3,0.0,0.0,0.0,0.0,0.43936213850975037,False,False,0.0,0.0,0.0,[],0.0,0.0,0,0.0,0,2.708000010898104e-06
mlp_aco,2,7863,82,21,4,0.0,0.0,0.0,0.0,0.20313307642936707,False,False,0.0,0.0,0.0,[],0.0,0.0,0,0.0,0,2.708000010898104e-06
mlp_aco,2,7864,82,22,1,0.0,126.0,126.0,0.63,0.38992276787757874,False,False,0.0,126.0,0.0,[],0.0,0.0,0,0.0,0,2.209000001585082e-06
mlp_aco,2,7864,82,22,2,0.0,0.0,0.0,0.0,0.09907747060060501,False,False,0.0,0.0,0.0,[],0.0,0.0,0,0.0,0,2.209000001585082e-06
mlp_aco,2,7864,82,22,3,0.0,0.0,0.0,0.0,0.43936213850975037,False,False,0.0,0.0,0.0,[],0.0,0.0,0,0.0,0,2.209000001585082e-06
mlp_aco,2,7864,82,22,4,0.0,0.0,0.0,0.0,0.20313307642936707,False,False,0.0,0.0,0.0,[],0.0,0.0,0,0.0,0,2.209000001585082e-06
mlp_aco,2,7865,82,22,1,0.0,126.0,126.0,0.63,0.38992276787757874,False,False,0.0,126.0,0.0,[],0.0,0.0,0,0.0,0,1.958000012791672e-06
mlp_aco,2,7865,82,22,2,0.0,0.0,0.0,0.0,0.09907747060060501,False,False,0.0,0.0,0.0,[],0.0,0.0,0,0.0,0,1.958000012791672e-06
mlp_aco,2,7865,82,22,3,0.0,0.0,0.0,0.0,0.43936213850975037,False,False,0.0,0.0,0.0,[],0.0,0.0,0,0.0,0,1.958000012791672e-06
mlp_aco,2,7865,82,22,4,0.0,0.0,0.0,0.0,0.20313307642936707,False,False,0.0,0.0,0.0,[],0.0,0.0,0,0.0,0,1.958000012791672e-06
mlp_aco,2,7866,82,22,1,0.0,126.0,126.0,0.63,0.38992276787757874,False,False,0.0,126.0,0.0,[],0.0,0.0,0,0.0,0,2.833999985796254e-06
mlp_aco,2,7866,82,22,2,0.0,0.0,0.0,0.0,0.09907747060060501,False,False,0.0,0.0,0.0,[],0.0,0.0,0,0.0,0,2.833999985796254e-06
mlp_aco,2,7866,82,22,3,0.0,0.0,0.0,0.0,0.43936213850975037,False,False,0.0,0.0,0.0,[],0.0,0.0,0,0.0,0,2.833999985796254e-06
mlp_aco,2,7866,82,22,4,0.0,0.0,0.0,0.0,0.20313307642936707,False,False,0.0,0.0,0.0,[],0.0,0.0,0,0.0,0,2.833999985796254e-06
mlp_aco,2,7867,82,22,1,0.0,126.0,126.0,0.63,0.38992276787757874,False,False,0.0,126.0,0.0,[],0.0,0.0,0,0.0,0,1.958000012791672e-06
mlp_aco,2,7867,82,22,2,0.0,0.0,0.0,0.0,0.09907747060060501,False,False,0.0,0.0,0.0,[],0.0,0.0,0,0.0,0,1.958000012791672e-06
mlp_aco,2,7867,82,22,3,0.0,0.0,0.0,0.0,0.43936213850975037,False,False,0.0,0.0,0.0,[],0.0,0.0,0,0.0,0,1.958000012791672e-06
mlp_aco,2,7867,82,22,4,0.0,0.0,0.0,0.0,0.20313307642936707,False,False,0.0,0.0,0.0,[],0.0,0.0,0,0.0,0,1.958000012791672e-06
mlp_aco,2,7868,82,23,1,0.0,126.0,126.0,0.63,0.38992276787757874,False,False,0.0,126.0,0.0,[],0.0,0.0,0,0.0,0,2.5420000042686297e-06
mlp_aco,2,7868,82,23,2,0.0,0.0,0.0,0.0,0.09907747060060501,False,False,0.0,0.0,0.0,[],0.0,0.0,0,0.0,0,2.5420000042686297e-06
mlp_aco,2,7868,82,23,3,0.0,0.0,0.0,0.0,0.43936213850975037,False,False,0.0,0.0,0.0,[],0.0,0.0,0,0.0,0,2.5420000042686297e-06
mlp_aco,2,7868,82,23,4,0.0,0.0,0.0,0.0,0.20313307642936707,False,False,0.0,0.0,0.0,[],0.0,0.0,0,0.0,0,2.5420000042686297e-06
mlp_aco,2,7869,82,23,1,0.0,126.0,126.0,0.63,0.38992276787757874,False,False,0.0,126.0,0.0,[],0.0,0.0,0,0.0,0,2.0409999876846996e-06
mlp_aco,2,7869,82,23,2,0.0,0.0,0.0,0.0,0.09907747060060501,False,False,0.0,0.0,0.0,[],0.0,0.0,0,0.0,0,2.0409999876846996e-06
mlp_aco,2,7869,82,23,3,0.0,0.0,0.0,0.0,0.43936213850975037,False,False,0.0,0.0,0.0,[],0.0,0.0,0,0.0,0,2.0409999876846996e-06
mlp_aco,2,7869,82,23,4,0.0,0.0,0.0,0.0,0.20313307642936707,False,False,0.0,0.0,0.0,[],0.0,0.0,0,0.0,0,2.0409999876846996e-06
mlp_aco,2,7870,82,23,1,0.0,126.0,126.0,0.63,0.38992276787757874,False,False,0.0,126.0,0.0,[],0.0,0.0,0,0.0,0,1.9159999737894395e-06
mlp_aco,2,7870,82,23,2,0.0,0.0,0.0,0.0,0.09907747060060501,False,False,0.0,0.0,0.0,[],0.0,0.0,0,0.0,0,1.9159999737894395e-06
mlp_aco,2,7870,82,23,3,0.0,0.0,0.0,0.0,0.43936213850975037,False,False,0.0,0.0,0.0,[],0.0,0.0,0,0.0,0,1.9159999737894395e-06
mlp_aco,2,7870,82,23,4,0.0,0.0,0.0,0.0,0.20313307642936707,False,False,0.0,0.0,0.0,[],0.0,0.0,0,0.0,0,1.9159999737894395e-06
mlp_aco,2,7871,82,23,1,0.0,126.0,126.0,0.63,0.38992276787757874,False,False,0.0,126.0,0.0,[],0.0,0.0,0,0.0,0,1.7090000028474606e-06
mlp_aco,2,7871,82,23,2,0.0,0.0,0.0,0.0,0.09907747060060501,False,False,0.0,0.0,0.0,[],0.0,0.0,0,0.0,0,1.7090000028474606e-06
mlp_aco,2,7871,82,23,3,0.0,0.0,0.0,0.0,0.43936213850975037,False,False,0.0,0.0,0.0,[],0.0,0.0,0,0.0,0,1.7090000028474606e-06
mlp_aco,2,7871,82,23,4,0.0,0.0,0.0,0.0,0.20313307642936707,False,False,0.0,0.0,0.0,[],0.0,0.0,0,0.0,0,1.7090000028474606e-06
mlp_aco,2,7872,83,0,1,37.0,126.0,163.0,0.815,0.9999998807907104,True,True,30.0,133.0,0.0,[1],10.0,10.0,1,10.0,0,0.009836750000005168
mlp_aco,2,7872,83,0,2,0.0,0.0,0.0,0.0,0.09907747060060501,False,False,0.0,0.0,0.0,[],10.0,10.0,1,10.0,0,0.009836750000005168
mlp_aco,2,7872,83,0,3,0.0,0.0,0.0,0.0,0.43936213850975037,False,False,0.0,0.0,0.0,[],10.0,10.0,1,10.0,0,0.009836750000005168
mlp_aco,2,7872,83,0,4,0.0,0.0,0.0,0.0,0.20313307642936707,False,False,0.0,0.0,0.0,[],10.0,10.0,1,10.0,0,0.009836750000005168
mlp_aco,2,7873,83,0,1,39.0,133.0,172.0,0.86,1.0,True,True,30.0,142.0,0.0,[1],10.0,10.0,1,10.0,0,0.009661666999988938
mlp_aco,2,7873,83,0,2,0.0,0.0,0.0,0.0,0.09907747060060501,False,False,0.0,0.0,0.0,[],10.0,10.0,1,10.0,0,0.009661666999988938
mlp_aco,2,7873,83,0,3,0.0,0.0,0.0,0.0,0.43936213850975037,False,False,0.0,0.0,0.0,[],10.0,10.0,1,10.0,0,0.009661666999988938
mlp_aco,2,7873,83,0,4,0.0,0.0,0.0,0.0,0.20313307642936707,False,False,0.0,0.0,0.0,[],10.0,10.0,1,10.0,0,0.009661666999988938
mlp_aco,2,7874,83,0,1,37.0,142.0,179.0,0.895,1.0,True,True,30.0,149.0,0.0,[1],10.0,10.0,1,10.0,0,0.009517083000019966
mlp_aco,2,7874,83,0,2,0.0,0.0,0.0,0.0,0.09907747060060501,False,False,0.0,0.0,0.0,[],10.0,10.0,1,10.0,0,0.009517083000019966
mlp_aco,2,7874,83,0,3,0.0,0.0,0.0,0.0,0.43936213850975037,False,False,0.0,0.0,0.0,[],10.0,10.0,1,10.0,0,0.009517083000019966
mlp_aco,2,7874,83,0,4,0.0,0.0,0.0,0.0,0.20313307642936707,False,False,0.0,0.0,0.0,[],10.0,10.0,1,10.0,0,0.009517083000019966
mlp_aco,2,7875,83,0,1,33.0,149.0,182.0,0.91,1.0,True,True,30.0,152.0,0.0,[1],10.0,10.0,1,10.0,0,0.009634374999990314
mlp_aco,2,7875,83,0,2,0.0,0.0,0.0,0.0,0.09907747060060501,False,False,0.0,0.0,0.0,[],10.0,10.0,1,10.0,0,0.009634374999990314
mlp_aco,2,7875,83,0,3,0.0,0.0,0.0,0.0,0.43936213850975037,False,False,0.0,0.0,0.0,[],10.0,10.0,1,10.0,0,0.009634374999990314
mlp_aco,2,7875,83,0,4,0.0,0.0,0.0,0.0,0.20313307642936707,False,False,0.0,0.0,0.0,[],10.0,10.0,1,10.0,0,0.009634374999990314
mlp_aco,2,7876,83,1,1,27.0,152.0,179.0,0.895,1.0,True,True,30.0,149.0,0.0,[1],10.0,10.0,1,10.0,0,0.009792167000000518
mlp_aco,2,7876,83,1,2,0.0,0.0,0.0,0.0,0.09907747060060501,False,False,0.0,0.0,0.0,[],10.0,10.0,1,10.0,0,0.009792167000000518
mlp_aco,2,7876,83,1,3,0.0,0.0,0.0,0.0,0.43936213850975037,False,False,0.0,0.0,0.0,[],10.0,10.0,1,10.0,0,0.009792167000000518
mlp_aco,2,7876,83,1,4,0.0,0.0,0.0,0.0,0.20313307642936707,False,False,0.0,0.0,0.0,[],10.0,10.0,1,10.0,0,0.009792167000000518
mlp_aco,2,7877,83,1,1,26.0,149.0,175.0,0.875,0.9999998807907104,True,True,30.0,145.0,0.0,[1],10.0,10.0,1,10.0,0,0.009790791000000354
mlp_aco,2,7877,83,1,2,0.0,0.0,0.0,0.0,0.09907747060060501,False,False,0.0,0.0,0.0,[],10.0,10.0,1,10.0,0,0.009790791000000354
mlp_aco,2,7877,83,1,3,0.0,0.0,0.0,0.0,0.43936213850975037,False,False,0.0,0.0,0.0,[],10.0,10.0,1,10.0,0,0.009790791000000354
mlp_aco,2,7877,83,1,4,0.0,0.0,0.0,0.0,0.20313307642936707,False,False,0.0,0.0,0.0,[],10.0,10.0,1,10.0,0,0.009790791000000354
mlp_aco,2,7878,83,1,1,35.0,145.0,180.0,0.9,1.0,True,True,30.0,150.0,0.0,[1],10.0,10.0,1,10.0,0,0.009792874999988044
mlp_aco,2,7878,83,1,2,0.0,0.0,0.0,0.0,0.09907747060060501,False,False,0.0,0.0,0.0,[],10.0,10.0,1,10.0,0,0.009792874999988044
mlp_aco,2,7878,83,1,3,0.0,0.0,0.0,0.0,0.43936213850975037,False,False,0.0,0.0,0.0,[],10.0,10.0,1,10.0,0,0.009792874999988044
mlp_aco,2,7878,83,1,4,0.0,0.0,0.0,0.0,0.20313307642936707,False,False,0.0,0.0,0.0,[],10.0,10.0,1,10.0,0,0.009792874999988044
mlp_aco,2,7879,83,1,1,36.0,150.0,186.0,0.93,1.0,True,True,30.0,156.0,0.0,[1],10.0,10.0,1,10.0,0,0.009569625000011683
mlp_aco,2,7879,83,1,2,0.0,0.0,0.0,0.0,0.09907747060060501,False,False,0.0,0.0,0.0,[],10.0,10.0,1,10.0,0,0.009569625000011683
mlp_aco,2,7879,83,1,3,0.0,0.0,0.0,0.0,0.43936213850975037,False,False,0.0,0.0,0.0,[],10.0,10.0,1,10.0,0,0.009569625000011683
mlp_aco,2,7879,83,1,4,0.0,0.0,0.0,0.0,0.20313307642936707,False,False,0.0,0.0,0.0,[],10.0,10.0,1,10.0,0,0.009569625000011683
mlp_aco,2,7880,83,2,1,40.0,156.0,196.0,0.98,1.0,True,True,30.0,166.0,0.0,[1],10.0,10.0,1,10.0,0,0.009628249999991567
mlp_aco,2,7880,83,2,2,0.0,0.0,0.0,0.0,0.09907747060060501,False,False,0.0,0.0,0.0,[],10.0,10.0,1,10.0,0,0.009628249999991567
mlp_aco,2,7880,83,2,3,0.0,0.0,0.0,0.0,0.43936213850975037,False,False,0.0,0.0,0.0,[],10.0,10.0,1,10.0,0,0.009628249999991567
mlp_aco,2,7880,83,2,4,0.0,0.0,0.0,0.0,0.20313307642936707,False,False,0.0,0.0,0.0,[],10.0,10.0,1,10.0,0,0.009628249999991567
mlp_aco,2,7881,83,2,1,41.0,166.0,207.0,1.035,1.0,True,True,30.0,177.0,0.0,[1],10.0,10.0,1,10.0,0,0.009808499999991227
mlp_aco,2,7881,83,2,2,0.0,0.0,0.0,0.0,0.09907747060060501,False,False,0.0,0.0,0.0,[],10.0,10.0,1,10.0,0,0.009808499999991227
mlp_aco,2,7881,83,2,3,0.0,0.0,0.0,0.0,0.43936213850975037,False,False,0.0,0.0,0.0,[],10.0,10.0,1,10.0,0,0.009808499999991227
mlp_aco,2,7881,83,2,4,0.0,0.0,0.0,0.0,0.20313307642936707,False,False,0.0,0.0,0.0,[],10.0,10.0,1,10.0,0,0.009808499999991227
mlp_aco,2,7882,83,2,1,37.0,177.0,214.0,1.07,1.0,True,True,30.0,184.0,0.0,[1],10.0,10.0,1,10.0,0,0.00970983399997749
mlp_aco,2,7882,83,2,2,0.0,0.0,0.0,0.0,0.09907747060060501,False,False,0.0,0.0,0.0,[],10.0,10.0,1,10.0,0,0.00970983399997749
mlp_aco,2,7882,83,2,3,0.0,0.0,0.0,0.0,0.43936213850975037,False,False,0.0,0.0,0.0,[],10.0,10.0,1,10.0,0,0.00970983399997749
mlp_aco,2,7882,83,2,4,0.0,0.0,0.0,0.0,0.20313307642936707,False,False,0.0,0.0,0.0,[],10.0,10.0,1,10.0,0,0.00970983399997749
mlp_aco,2,7883,83,2,1,35.0,184.0,219.0,1.095,1.0,True,True,30.0,189.0,0.0,[1],10.0,10.0,1,10.0,0,0.009617708000007497
mlp_aco,2,7883,83,2,2,0.0,0.0,0.0,0.0,0.09907747060060501,False,False,0.0,0.0,0.0,[],10.0,10.0,1,10.0,0,0.009617708000007497
mlp_aco,2,7883,83,2,3,0.0,0.0,0.0,0.0,0.43936213850975037,False,False,0.0,0.0,0.0,[],10.0,10.0,1,10.0,0,0.009617708000007497
mlp_aco,2,7883,83,2,4,0.0,0.0,0.0,0.0,0.20313307642936707,False,False,0.0,0.0,0.0,[],10.0,10.0,1,10.0,0,0.009617708000007497
mlp_aco,2,7884,83,3,1,34.0,189.0,223.0,1.115,1.0,True,True,30.0,193.0,0.0,[1],10.0,10.0,1,10.0,0,0.009674665999995113
mlp_aco,2,7884,83,3,2,0.0,0.0,0.0,0.0,0.09907747060060501,False,False,0.0,0.0,0.0,[],10.0,10.0,1,10.0,0,0.009674665999995113
mlp_aco,2,7884,83,3,3,0.0,0.0,0.0,0.0,0.43936213850975037,False,False,0.0,0.0,0.0,[],10.0,10.0,1,10.0,0,0.009674665999995113
mlp_aco,2,7884,83,3,4,0.0,0.0,0.0,0.0,0.20313307642936707,False,False,0.0,0.0,0.0,[],10.0,10.0,1,10.0,0,0.009674665999995113
mlp_aco,2,7885,83,3,1,35.0,193.0,228.0,1.14,1.0,True,True,30.0,198.0,0.0,[1],10.0,10.0,1,10.0,0,0.009531541999990623
mlp_aco,2,7885,83,3,2,0.0,0.0,0.0,0.0,0.09907747060060501,False,False,0.0,0.0,0.0,[],10.0,10.0,1,10.0,0,0.009531541999990623
mlp_aco,2,7885,83,3,3,0.0,0.0,0.0,0.0,0.43936213850975037,False,False,0.0,0.0,0.0,[],10.0,10.0,1,10.0,0,0.009531541999990623
mlp_aco,2,7885,83,3,4,0.0,0.0,0.0,0.0,0.20313307642936707,False,False,0.0,0.0,0.0,[],10.0,10.0,1,10.0,0,0.009531541999990623
mlp_aco,2,7886,83,3,1,38.0,198.0,236.0,1.18,1.0,True,True,30.0,200.0,6.0,[1],10.0,10.0,1,10.0,0,0.009795083000000204
mlp_aco,2,7886,83,3,2,0.0,0.0,0.0,0.0,0.09907747060060501,False,False,0.0,0.0,0.0,[],10.0,10.0,1,10.0,0,0.009795083000000204
mlp_aco,2,7886,83,3,3,0.0,0.0,0.0,0.0,0.43936213850975037,False,False,0.0,0.0,0.0,[],10.0,10.0,1,10.0,0,0.009795083000000204
mlp_aco,2,7886,83,3,4,0.0,0.0,0.0,0.0,0.20313307642936707,False,False,0.0,0.0,0.0,[],10.0,10.0,1,10.0,0,0.009795083000000204
mlp_aco,2,7887,83,3,1,37.0,200.0,237.0,1.185,1.0,True,True,30.0,200.0,7.0,[1],10.0,10.0,1,10.0,0,0.009693040999991354
mlp_aco,2,7887,83,3,2,0.0,0.0,0.0,0.0,0.09907747060060501,False,False,0.0,0.0,0.0,[],10.0,10.0,1,10.0,0,0.009693040999991354
mlp_aco,2,7887,83,3,3,0.0,0.0,0.0,0.0,0.43936213850975037,False,False,0.0,0.0,0.0,[],10.0,10.0,1,10.0,0,0.009693040999991354
mlp_aco,2,7887,83,3,4,0.0,0.0,0.0,0.0,0.20313307642936707,False,False,0.0,0.0,0.0,[],10.0,10.0,1,10.0,0,0.009693040999991354
mlp_aco,2,7888,83,4,1,39.0,200.0,239.0,1.195,1.0,True,True,30.0,200.0,9.0,[1],10.0,10.0,1,10.0,0,0.009702790999995159
mlp_aco,2,7888,83,4,2,0.0,0.0,0.0,0.0,0.09907747060060501,False,False,0.0,0.0,0.0,[],10.0,10.0,1,10.0,0,0.009702790999995159
mlp_aco,2,7888,83,4,3,0.0,0.0,0.0,0.0,0.43936213850975037,False,False,0.0,0.0,0.0,[],10.0,10.0,1,10.0,0,0.009702790999995159
mlp_aco,2,7888,83,4,4,0.0,0.0,0.0,0.0,0.20313307642936707,False,False,0.0,0.0,0.0,[],10.0,10.0,1,10.0,0,0.009702790999995159
mlp_aco,2,7889,83,4,1,37.0,200.0,237.0,1.185,1.0,True,True,30.0,200.0,7.0,[1],10.0,10.0,1,10.0,0,0.009465082999980723
mlp_aco,2,7889,83,4,2,0.0,0.0,0.0,0.0,0.09907747060060501,False,False,0.0,0.0,0.0,[],10.0,10.0,1,10.0,0,0.009465082999980723
mlp_aco,2,7889,83,4,3,0.0,0.0,0.0,0.0,0.43936213850975037,False,False,0.0,0.0,0.0,[],10.0,10.0,1,10.0,0,0.009465082999980723
mlp_aco,2,7889,83,4,4,0.0,0.0,0.0,0.0,0.20313307642936707,False,False,0.0,0.0,0.0,[],10.0,10.0,1,10.0,0,0.009465082999980723
mlp_aco,2,7890,83,4,1,39.0,200.0,239.0,1.195,1.0,True,True,30.0,200.0,9.0,[1],10.0,10.0,1,10.0,0,0.009508250000010321
mlp_aco,2,7890,83,4,2,0.0,0.0,0.0,0.0,0.09907747060060501,False,False,0.0,0.0,0.0,[],10.0,10.0,1,10.0,0,0.009508250000010321
mlp_aco,2,7890,83,4,3,0.0,0.0,0.0,0.0,0.43936213850975037,False,False,0.0,0.0,0.0,[],10.0,10.0,1,10.0,0,0.009508250000010321
mlp_aco,2,7890,83,4,4,0.0,0.0,0.0,0.0,0.20313307642936707,False,False,0.0,0.0,0.0,[],10.0,10.0,1,10.0,0,0.009508250000010321
mlp_aco,2,7891,83,4,1,36.0,200.0,236.0,1.18,1.0,True,True,30.0,200.0,6.0,[1],10.0,10.0,1,10.0,0,0.009615082999999913
mlp_aco,2,7891,83,4,2,0.0,0.0,0.0,0.0,0.09907747060060501,False,False,0.0,0.0,0.0,[],10.0,10.0,1,10.0,0,0.009615082999999913
mlp_aco,2,7891,83,4,3,0.0,0.0,0.0,0.0,0.43936213850975037,False,False,0.0,0.0,0.0,[],10.0,10.0,1,10.0,0,0.009615082999999913
mlp_aco,2,7891,83,4,4,0.0,0.0,0.0,0.0,0.20313307642936707,False,False,0.0,0.0,0.0,[],10.0,10.0,1,10.0,0,0.009615082999999913
mlp_aco,2,7892,83,5,1,36.0,200.0,236.0,1.18,1.0,True,True,30.0,200.0,6.0,[1],10.0,10.0,1,10.0,0,0.009604917000018531
mlp_aco,2,7892,83,5,2,0.0,0.0,0.0,0.0,0.09907747060060501,False,False,0.0,0.0,0.0,[],10.0,10.0,1,10.0,0,0.009604917000018531
mlp_aco,2,7892,83,5,3,0.0,0.0,0.0,0.0,0.43936213850975037,False,False,0.0,0.0,0.0,[],10.0,10.0,1,10.0,0,0.009604917000018531
mlp_aco,2,7892,83,5,4,0.0,0.0,0.0,0.0,0.20313307642936707,False,False,0.0,0.0,0.0,[],10.0,10.0,1,10.0,0,0.009604917000018531
mlp_aco,2,7893,83,5,1,35.0,200.0,235.0,1.175,1.0,True,True,30.0,200.0,5.0,[1],10.0,10.0,1,10.0,0,0.00965629200001672
mlp_aco,2,7893,83,5,2,0.0,0.0,0.0,0.0,0.09907747060060501,False,False,0.0,0.0,0.0,[],10.0,10.0,1,10.0,0,0.00965629200001672
mlp_aco,2,7893,83,5,3,0.0,0.0,0.0,0.0,0.43936213850975037,False,False,0.0,0.0,0.0,[],10.0,10.0,1,10.0,0,0.00965629200001672
mlp_aco,2,7893,83,5,4,0.0,0.0,0.0,0.0,0.20313307642936707,False,False,0.0,0.0,0.0,[],10.0,10.0,1,10.0,0,0.00965629200001672
mlp_aco,2,7894,83,5,1,35.0,200.0,235.0,1.175,1.0,True,True,30.0,200.0,5.0,[1],10.0,10.0,1,10.0,0,0.009632917000004682
mlp_aco,2,7894,83,5,2,0.0,0.0,0.0,0.0,0.09907747060060501,False,False,0.0,0.0,0.0,[],10.0,10.0,1,10.0,0,0.009632917000004682
mlp_aco,2,7894,83,5,3,0.0,0.0,0.0,0.0,0.43936213850975037,False,False,0.0,0.0,0.0,[],10.0,10.0,1,10.0,0,0.009632917000004682
mlp_aco,2,7894,83,5,4,0.0,0.0,0.0,0.0,0.20313307642936707,False,False,0.0,0.0,0.0,[],10.0,10.0,1,10.0,0,0.009632917000004682
mlp_aco,2,7895,83,5,1,34.0,200.0,234.0,1.17,1.0,True,True,30.0,200.0,4.0,[1],10.0,10.0,1,10.0,0,0.009650249999992866
mlp_aco,2,7895,83,5,2,0.0,0.0,0.0,0.0,0.09907747060060501,False,False,0.0,0.0,0.0,[],10.0,10.0,1,10.0,0,0.009650249999992866
mlp_aco,2,7895,83,5,3,0.0,0.0,0.0,0.0,0.43936213850975037,False,False,0.0,0.0,0.0,[],10.0,10.0,1,10.0,0,0.009650249999992866
mlp_aco,2,7895,83,5,4,0.0,0.0,0.0,0.0,0.20313307642936707,False,False,0.0,0.0,0.0,[],10.0,10.0,1,10.0,0,0.009650249999992866
mlp_aco,2,7896,83,6,1,39.0,200.0,239.0,1.195,1.0,True,True,30.0,200.0,9.0,[1],10.0,10.0,1,10.0,0,0.009434707999986358
mlp_aco,2,7896,83,6,2,0.0,0.0,0.0,0.0,0.09907747060060501,False,False,0.0,0.0,0.0,[],10.0,10.0,1,10.0,0,0.009434707999986358
mlp_aco,2,7896,83,6,3,0.0,0.0,0.0,0.0,0.43936213850975037,False,False,0.0,0.0,0.0,[],10.0,10.0,1,10.0,0,0.009434707999986358
mlp_aco,2,7896,83,6,4,0.0,0.0,0.0,0.0,0.20313307642936707,False,False,0.0,0.0,0.0,[],10.0,10.0,1,10.0,0,0.009434707999986358
mlp_aco,2,7897,83,6,1,39.0,200.0,239.0,1.195,1.0,True,True,30.0,200.0,9.0,[1],10.0,10.0,1,10.0,0,0.009753291999999192
mlp_aco,2,7897,83,6,2,0.0,0.0,0.0,0.0,0.09907747060060501,False,False,0.0,0.0,0.0,[],10.0,10.0,1,10.0,0,0.009753291999999192
mlp_aco,2,7897,83,6,3,0.0,0.0,0.0,0.0,0.43936213850975037,False,False,0.0,0.0,0.0,[],10.0,10.0,1,10.0,0,0.009753291999999192
mlp_aco,2,7897,83,6,4,0.0,0.0,0.0,0.0,0.20313307642936707,False,False,0.0,0.0,0.0,[],10.0,10.0,1,10.0,0,0.009753291999999192
mlp_aco,2,7898,83,6,1,40.0,200.0,240.0,1.2,1.0,True,True,30.0,200.0,10.0,[1],10.0,10.0,1,10.0,0,0.00963433399999758
mlp_aco,2,7898,83,6,2,0.0,0.0,0.0,0.0,0.09907747060060501,False,False,0.0,0.0,0.0,[],10.0,10.0,1,10.0,0,0.00963433399999758
mlp_aco,2,7898,83,6,3,0.0,0.0,0.0,0.0,0.43936213850975037,False,False,0.0,0.0,0.0,[],10.0,10.0,1,10.0,0,0.00963433399999758
mlp_aco,2,7898,83,6,4,0.0,0.0,0.0,0.0,0.20313307642936707,False,False,0.0,0.0,0.0,[],10.0,10.0,1,10.0,0,0.00963433399999758
mlp_aco,2,7899,83,6,1,39.0,200.0,239.0,1.195,1.0,True,True,30.0,200.0,9.0,[1],10.0,10.0,1,10.0,0,0.009836000000007061
mlp_aco,2,7899,83,6,2,0.0,0.0,0.0,0.0,0.09907747060060501,False,False,0.0,0.0,0.0,[],10.0,10.0,1,10.0,0,0.009836000000007061
mlp_aco,2,7899,83,6,3,0.0,0.0,0.0,0.0,0.43936213850975037,False,False,0.0,0.0,0.0,[],10.0,10.0,1,10.0,0,0.009836000000007061
mlp_aco,2,7899,83,6,4,0.0,0.0,0.0,0.0,0.20313307642936707,False,False,0.0,0.0,0.0,[],10.0,10.0,1,10.0,0,0.009836000000007061
mlp_aco,2,7900,83,7,1,39.0,200.0,239.0,1.195,1.0,True,True,30.0,200.0,9.0,[1],10.0,10.0,1,10.0,0,0.009831999999988739
mlp_aco,2,7900,83,7,2,0.0,0.0,0.0,0.0,0.09907747060060501,False,False,0.0,0.0,0.0,[],10.0,10.0,1,10.0,0,0.009831999999988739
mlp_aco,2,7900,83,7,3,0.0,0.0,0.0,0.0,0.43936213850975037,False,False,0.0,0.0,0.0,[],10.0,10.0,1,10.0,0,0.009831999999988739
mlp_aco,2,7900,83,7,4,0.0,0.0,0.0,0.0,0.20313307642936707,False,False,0.0,0.0,0.0,[],10.0,10.0,1,10.0,0,0.009831999999988739
mlp_aco,2,7901,83,7,1,39.0,200.0,239.0,1.195,1.0,True,True,30.0,200.0,9.0,[1],10.0,10.0,1,10.0,0,0.00948137500000712
mlp_aco,2,7901,83,7,2,0.0,0.0,0.0,0.0,0.09907747060060501,False,False,0.0,0.0,0.0,[],10.0,10.0,1,10.0,0,0.00948137500000712
mlp_aco,2,7901,83,7,3,0.0,0.0,0.0,0.0,0.43936213850975037,False,False,0.0,0.0,0.0,[],10.0,10.0,1,10.0,0,0.00948137500000712
mlp_aco,2,7901,83,7,4,0.0,0.0,0.0,0.0,0.20313307642936707,False,False,0.0,0.0,0.0,[],10.0,10.0,1,10.0,0,0.00948137500000712
mlp_aco,2,7902,83,7,1,36.0,200.0,236.0,1.18,1.0,True,True,30.0,200.0,6.0,[1],10.0,10.0,1,10.0,0,0.009717749999992975
mlp_aco,2,7902,83,7,2,0.0,0.0,0.0,0.0,0.09907747060060501,False,False,0.0,0.0,0.0,[],10.0,10.0,1,10.0,0,0.009717749999992975
mlp_aco,2,7902,83,7,3,0.0,0.0,0.0,0.0,0.43936213850975037,False,False,0.0,0.0,0.0,[],10.0,10.0,1,10.0,0,0.009717749999992975
mlp_aco,2,7902,83,7,4,0.0,0.0,0.0,0.0,0.20313307642936707,False,False,0.0,0.0,0.0,[],10.0,10.0,1,10.0,0,0.009717749999992975
mlp_aco,2,7903,83,7,1,31.0,200.0,231.0,1.155,1.0,True,True,30.0,200.0,1.0,[1],10.0,10.0,1,10.0,0,0.010097958000017115
mlp_aco,2,7903,83,7,2,0.0,0.0,0.0,0.0,0.09907747060060501,False,False,0.0,0.0,0.0,[],10.0,10.0,1,10.0,0,0.010097958000017115
mlp_aco,2,7903,83,7,3,0.0,0.0,0.0,0.0,0.43936213850975037,False,False,0.0,0.0,0.0,[],10.0,10.0,1,10.0,0,0.010097958000017115
mlp_aco,2,7903,83,7,4,0.0,0.0,0.0,0.0,0.20313307642936707,False,False,0.0,0.0,0.0,[],10.0,10.0,1,10.0,0,0.010097958000017115
mlp_aco,2,7904,83,8,1,33.0,200.0,233.0,1.165,1.0,True,True,30.0,200.0,3.0,[1],10.0,10.0,1,10.0,0,0.00990487500001791
mlp_aco,2,7904,83,8,2,0.0,0.0,0.0,0.0,0.09907747060060501,False,False,0.0,0.0,0.0,[],10.0,10.0,1,10.0,0,0.00990487500001791
mlp_aco,2,7904,83,8,3,0.0,0.0,0.0,0.0,0.43936213850975037,False,False,0.0,0.0,0.0,[],10.0,10.0,1,10.0,0,0.00990487500001791
mlp_aco,2,7904,83,8,4,0.0,0.0,0.0,0.0,0.20313307642936707,False,False,0.0,0.0,0.0,[],10.0,10.0,1,10.0,0,0.00990487500001791
mlp_aco,2,7905,83,8,1,31.0,200.0,231.0,1.155,1.0,True,True,30.0,200.0,1.0,[1],10.0,10.0,1,10.0,0,0.009386417000001757
mlp_aco,2,7905,83,8,2,0.0,0.0,0.0,0.0,0.09907747060060501,False,False,0.0,0.0,0.0,[],10.0,10.0,1,10.0,0,0.009386417000001757
mlp_aco,2,7905,83,8,3,0.0,0.0,0.0,0.0,0.43936213850975037,False,False,0.0,0.0,0.0,[],10.0,10.0,1,10.0,0,0.009386417000001757
mlp_aco,2,7905,83,8,4,0.0,0.0,0.0,0.0,0.20313307642936707,False,False,0.0,0.0,0.0,[],10.0,10.0,1,10.0,0,0.009386417000001757
mlp_aco,2,7906,83,8,1,32.0,200.0,232.0,1.16,1.0,True,True,30.0,200.0,2.0,[1],10.0,10.0,1,10.0,0,0.00964924999999539
mlp_aco,2,7906,83,8,2,0.0,0.0,0.0,0.0,0.09907747060060501,False,False,0.0,0.0,0.0,[],10.0,10.0,1,10.0,0,0.00964924999999539
mlp_aco,2,7906,83,8,3,0.0,0.0,0.0,0.0,0.43936213850975037,False,False,0.0,0.0,0.0,[],10.0,10.0,1,10.0,0,0.00964924999999539
mlp_aco,2,7906,83,8,4,0.0,0.0,0.0,0.0,0.20313307642936707,False,False,0.0,0.0,0.0,[],10.0,10.0,1,10.0,0,0.00964924999999539
mlp_aco,2,7907,83,8,1,31.0,200.0,231.0,1.155,1.0,True,True,30.0,200.0,1.0,[1],10.0,10.0,1,10.0,0,0.010771542000014733
mlp_aco,2,7907,83,8,2,0.0,0.0,0.0,0.0,0.09907747060060501,False,False,0.0,0.0,0.0,[],10.0,10.0,1,10.0,0,0.010771542000014733
mlp_aco,2,7907,83,8,3,0.0,0.0,0.0,0.0,0.43936213850975037,False,False,0.0,0.0,0.0,[],10.0,10.0,1,10.0,0,0.010771542000014733
mlp_aco,2,7907,83,8,4,0.0,0.0,0.0,0.0,0.20313307642936707,False,False,0.0,0.0,0.0,[],10.0,10.0,1,10.0,0,0.010771542000014733
mlp_aco,2,7908,83,9,1,31.0,200.0,231.0,1.155,1.0,True,True,30.0,200.0,1.0,[1],10.0,10.0,1,10.0,0,0.009734584000000268
mlp_aco,2,7908,83,9,2,0.0,0.0,0.0,0.0,0.09907747060060501,False,False,0.0,0.0,0.0,[],10.0,10.0,1,10.0,0,0.009734584000000268
mlp_aco,2,7908,83,9,3,0.0,0.0,0.0,0.0,0.43936213850975037,False,False,0.0,0.0,0.0,[],10.0,10.0,1,10.0,0,0.009734584000000268
mlp_aco,2,7908,83,9,4,0.0,0.0,0.0,0.0,0.20313307642936707,False,False,0.0,0.0,0.0,[],10.0,10.0,1,10.0,0,0.009734584000000268
mlp_aco,2,7909,83,9,1,31.0,200.0,231.0,1.155,1.0,True,True,30.0,200.0,1.0,[1],10.0,10.0,1,10.0,0,0.009919749999994565
mlp_aco,2,7909,83,9,2,0.0,0.0,0.0,0.0,0.09907747060060501,False,False,0.0,0.0,0.0,[],10.0,10.0,1,10.0,0,0.009919749999994565
mlp_aco,2,7909,83,9,3,0.0,0.0,0.0,0.0,0.43936213850975037,False,False,0.0,0.0,0.0,[],10.0,10.0,1,10.0,0,0.009919749999994565
mlp_aco,2,7909,83,9,4,0.0,0.0,0.0,0.0,0.20313307642936707,False,False,0.0,0.0,0.0,[],10.0,10.0,1,10.0,0,0.009919749999994565
mlp_aco,2,7910,83,9,1,21.0,200.0,221.0,1.105,1.0,True,True,30.0,191.0,0.0,[1],10.0,10.0,1,10.0,0,0.009694874999979675
mlp_aco,2,7910,83,9,2,0.0,0.0,0.0,0.0,0.09907747060060501,False,False,0.0,0.0,0.0,[],10.0,10.0,1,10.0,0,0.009694874999979675
mlp_aco,2,7910,83,9,3,0.0,0.0,0.0,0.0,0.43936213850975037,False,False,0.0,0.0,0.0,[],10.0,10.0,1,10.0,0,0.009694874999979675
mlp_aco,2,7910,83,9,4,0.0,0.0,0.0,0.0,0.20313307642936707,False,False,0.0,0.0,0.0,[],10.0,10.0,1,10.0,0,0.009694874999979675
mlp_aco,2,7911,83,9,1,19.0,191.0,210.0,1.05,1.0,True,True,30.0,180.0,0.0,[1],10.0,10.0,1,10.0,0,0.009875834000013128
mlp_aco,2,7911,83,9,2,0.0,0.0,0.0,0.0,0.09907747060060501,False,False,0.0,0.0,0.0,[],10.0,10.0,1,10.0,0,0.009875834000013128
mlp_aco,2,7911,83,9,3,0.0,0.0,0.0,0.0,0.43936213850975037,False,False,0.0,0.0,0.0,[],10.0,10.0,1,10.0,0,0.009875834000013128
mlp_aco,2,7911,83,9,4,0.0,0.0,0.0,0.0,0.20313307642936707,False,False,0.0,0.0,0.0,[],10.0,10.0,1,10.0,0,0.009875834000013128
mlp_aco,2,7912,83,10,1,19.0,180.0,199.0,0.995,1.0,True,True,30.0,169.0,0.0,[1],10.0,10.0,1,10.0,0,0.009697541999997839
mlp_aco,2,7912,83,10,2,0.0,0.0,0.0,0.0,0.09907747060060501,False,False,0.0,0.0,0.0,[],10.0,10.0,1,10.0,0,0.009697541999997839
mlp_aco,2,7912,83,10,3,0.0,0.0,0.0,0.0,0.43936213850975037,False,False,0.0,0.0,0.0,[],10.0,10.0,1,10.0,0,0.009697541999997839
mlp_aco,2,7912,83,10,4,0.0,0.0,0.0,0.0,0.20313307642936707,False,False,0.0,0.0,0.0,[],10.0,10.0,1,10.0,0,0.009697541999997839
mlp_aco,2,7913,83,10,1,19.0,169.0,188.0,0.94,1.0,True,True,30.0,158.0,0.0,[1],10.0,10.0,1,10.0,0,0.00981649999999945
mlp_aco,2,7913,83,10,2,0.0,0.0,0.0,0.0,0.09907747060060501,False,False,0.0,0.0,0.0,[],10.0,10.0,1,10.0,0,0.00981649999999945
mlp_aco,2,7913,83,10,3,0.0,0.0,0.0,0.0,0.43936213850975037,False,False,0.0,0.0,0.0,[],10.0,10.0,1,10.0,0,0.00981649999999945
mlp_aco,2,7913,83,10,4,0.0,0.0,0.0,0.0,0.20313307642936707,False,False,0.0,0.0,0.0,[],10.0,10.0,1,10.0,0,0.00981649999999945
mlp_aco,2,7914,83,10,1,19.0,158.0,177.0,0.885,0.9999990463256836,True,True,30.0,147.0,0.0,[1],10.0,10.0,1,10.0,0,0.00994166700002097
mlp_aco,2,7914,83,10,2,0.0,0.0,0.0,0.0,0.09907747060060501,False,False,0.0,0.0,0.0,[],10.0,10.0,1,10.0,0,0.00994166700002097
mlp_aco,2,7914,83,10,3,0.0,0.0,0.0,0.0,0.43936213850975037,False,False,0.0,0.0,0.0,[],10.0,10.0,1,10.0,0,0.00994166700002097
mlp_aco,2,7914,83,10,4,0.0,0.0,0.0,0.0,0.20313307642936707,False,False,0.0,0.0,0.0,[],10.0,10.0,1,10.0,0,0.00994166700002097
mlp_aco,2,7915,83,10,1,19.0,147.0,166.0,0.83,0.9999828338623047,True,True,30.0,136.0,0.0,[1],10.0,10.0,1,10.0,0,0.009793540999993411
mlp_aco,2,7915,83,10,2,0.0,0.0,0.0,0.0,0.09907747060060501,False,False,0.0,0.0,0.0,[],10.0,10.0,1,10.0,0,0.009793540999993411
mlp_aco,2,7915,83,10,3,0.0,0.0,0.0,0.0,0.43936213850975037,False,False,0.0,0.0,0.0,[],10.0,10.0,1,10.0,0,0.009793540999993411
mlp_aco,2,7915,83,10,4,0.0,0.0,0.0,0.0,0.20313307642936707,False,False,0.0,0.0,0.0,[],10.0,10.0,1,10.0,0,0.009793540999993411
mlp_aco,2,7916,83,11,1,19.0,136.0,155.0,0.775,0.9997391700744629,True,True,30.0,125.0,0.0,[1],10.0,10.0,1,10.0,0,0.009803916000009849
mlp_aco,2,7916,83,11,2,0.0,0.0,0.0,0.0,0.09907747060060501,False,False,0.0,0.0,0.0,[],10.0,10.0,1,10.0,0,0.009803916000009849
mlp_aco,2,7916,83,11,3,0.0,0.0,0.0,0.0,0.43936213850975037,False,False,0.0,0.0,0.0,[],10.0,10.0,1,10.0,0,0.009803916000009849
mlp_aco,2,7916,83,11,4,0.0,0.0,0.0,0.0,0.20313307642936707,False,False,0.0,0.0,0.0,[],10.0,10.0,1,10.0,0,0.009803916000009849
mlp_aco,2,7917,83,11,1,19.0,125.0,144.0,0.72,0.9986882209777832,True,True,30.0,114.0,0.0,[1],10.0,10.0,1,10.0,0,0.009703291999983321
mlp_aco,2,7917,83,11,2,0.0,0.0,0.0,0.0,0.09907747060060501,False,False,0.0,0.0,0.0,[],10.0,10.0,1,10.0,0,0.009703291999983321
mlp_aco,2,7917,83,11,3,0.0,0.0,0.0,0.0,0.43936213850975037,False,False,0.0,0.0,0.0,[],10.0,10.0,1,10.0,0,0.009703291999983321
mlp_aco,2,7917,83,11,4,0.0,0.0,0.0,0.0,0.20313307642936707,False,False,0.0,0.0,0.0,[],10.0,10.0,1,10.0,0,0.009703291999983321
mlp_aco,2,7918,83,11,1,19.0,114.0,133.0,0.665,0.9958246946334839,True,True,30.0,103.0,0.0,[1],10.0,10.0,1,10.0,0,0.009610417000004645
mlp_aco,2,7918,83,11,2,0.0,0.0,0.0,0.0,0.09907747060060501,False,False,0.0,0.0,0.0,[],10.0,10.0,1,10.0,0,0.009610417000004645
mlp_aco,2,7918,83,11,3,0.0,0.0,0.0,0.0,0.43936213850975037,False,False,0.0,0.0,0.0,[],10.0,10.0,1,10.0,0,0.009610417000004645
mlp_aco,2,7918,83,11,4,0.0,0.0,0.0,0.0,0.20313307642936707,False,False,0.0,0.0,0.0,[],10.0,10.0,1,10.0,0,0.009610417000004645
mlp_aco,2,7919,83,11,1,18.0,103.0,121.0,0.605,0.9834955930709839,True,True,30.0,91.0,0.0,[1],10.0,10.0,1,10.0,0,0.009582332999997334
mlp_aco,2,7919,83,11,2,0.0,0.0,0.0,0.0,0.09907747060060501,False,False,0.0,0.0,0.0,[],10.0,10.0,1,10.0,0,0.009582332999997334
mlp_aco,2,7919,83,11,3,0.0,0.0,0.0,0.0,0.43936213850975037,False,False,0.0,0.0,0.0,[],10.0,10.0,1,10.0,0,0.009582332999997334
mlp_aco,2,7919,83,11,4,0.0,0.0,0.0,0.0,0.20313307642936707,False,False,0.0,0.0,0.0,[],10.0,10.0,1,10.0,0,0.009582332999997334
mlp_aco,2,7920,83,12,1,19.0,91.0,110.0,0.55,0.9687897562980652,True,True,30.0,80.0,0.0,[1],10.0,10.0,1,10.0,0,0.009669833000003791
mlp_aco,2,7920,83,12,2,0.0,0.0,0.0,0.0,0.09907747060060501,False,False,0.0,0.0,0.0,[],10.0,10.0,1,10.0,0,0.009669833000003791
mlp_aco,2,7920,83,12,3,0.0,0.0,0.0,0.0,0.43936213850975037,False,False,0.0,0.0,0.0,[],10.0,10.0,1,10.0,0,0.009669833000003791
mlp_aco,2,7920,83,12,4,0.0,0.0,0.0,0.0,0.20313307642936707,False,False,0.0,0.0,0.0,[],10.0,10.0,1,10.0,0,0.009669833000003791
mlp_aco,2,7921,83,12,1,20.0,80.0,100.0,0.5,0.9549998044967651,True,True,30.0,70.0,0.0,[1],10.0,10.0,1,10.0,0,0.009671333000000004
mlp_aco,2,7921,83,12,2,0.0,0.0,0.0,0.0,0.09907747060060501,False,False,0.0,0.0,0.0,[],10.0,10.0,1,10.0,0,0.009671333000000004
mlp_aco,2,7921,83,12,3,0.0,0.0,0.0,0.0,0.43936213850975037,False,False,0.0,0.0,0.0,[],10.0,10.0,1,10.0,0,0.009671333000000004
mlp_aco,2,7921,83,12,4,0.0,0.0,0.0,0.0,0.20313307642936707,False,False,0.0,0.0,0.0,[],10.0,10.0,1,10.0,0,0.009671333000000004
mlp_aco,2,7922,83,12,1,19.0,70.0,89.0,0.445,0.9101558327674866,True,True,30.0,59.0,0.0,[1],10.0,10.0,1,10.0,0,0.009682709000003342
mlp_aco,2,7922,83,12,2,0.0,0.0,0.0,0.0,0.09907747060060501,False,False,0.0,0.0,0.0,[],10.0,10.0,1,10.0,0,0.009682709000003342
mlp_aco,2,7922,83,12,3,0.0,0.0,0.0,0.0,0.43936213850975037,False,False,0.0,0.0,0.0,[],10.0,10.0,1,10.0,0,0.009682709000003342
mlp_aco,2,7922,83,12,4,0.0,0.0,0.0,0.0,0.20313307642936707,False,False,0.0,0.0,0.0,[],10.0,10.0,1,10.0,0,0.009682709000003342
mlp_aco,2,7923,83,12,1,19.0,59.0,78.0,0.39,0.8689752817153931,True,True,30.0,48.0,0.0,[1],10.0,10.0,1,10.0,0,0.009792500000003201
mlp_aco,2,7923,83,12,2,0.0,0.0,0.0,0.0,0.09907747060060501,False,False,0.0,0.0,0.0,[],10.0,10.0,1,10.0,0,0.009792500000003201
mlp_aco,2,7923,83,12,3,0.0,0.0,0.0,0.0,0.43936213850975037,False,False,0.0,0.0,0.0,[],10.0,10.0,1,10.0,0,0.009792500000003201
mlp_aco,2,7923,83,12,4,0.0,0.0,0.0,0.0,0.20313307642936707,False,False,0.0,0.0,0.0,[],10.0,10.0,1,10.0,0,0.009792500000003201
mlp_aco,2,7924,83,13,1,19.0,48.0,67.0,0.335,0.791333794593811,True,True,30.0,37.0,0.0,[1],10.0,10.0,1,10.0,0,0.009596458000004304
mlp_aco,2,7924,83,13,2,0.0,0.0,0.0,0.0,0.09907747060060501,False,False,0.0,0.0,0.0,[],10.0,10.0,1,10.0,0,0.009596458000004304
mlp_aco,2,7924,83,13,3,0.0,0.0,0.0,0.0,0.43936213850975037,False,False,0.0,0.0,0.0,[],10.0,10.0,1,10.0,0,0.009596458000004304
mlp_aco,2,7924,83,13,4,0.0,0.0,0.0,0.0,0.20313307642936707,False,False,0.0,0.0,0.0,[],10.0,10.0,1,10.0,0,0.009596458000004304
mlp_aco,2,7925,83,13,1,18.0,37.0,55.0,0.275,0.6230875849723816,False,False,0.0,55.0,0.0,[],0.0,0.0,0,0.0,0,2.7920000036374404e-06
mlp_aco,2,7925,83,13,2,0.0,0.0,0.0,0.0,0.09907747060060501,False,False,0.0,0.0,0.0,[],0.0,0.0,0,0.0,0,2.7920000036374404e-06
mlp_aco,2,7925,83,13,3,0.0,0.0,0.0,0.0,0.43936213850975037,False,False,0.0,0.0,0.0,[],0.0,0.0,0,0.0,0,2.7920000036374404e-06
mlp_aco,2,7925,83,13,4,0.0,0.0,0.0,0.0,0.20313307642936707,False,False,0.0,0.0,0.0,[],0.0,0.0,0,0.0,0,2.7920000036374404e-06
mlp_aco,2,7926,83,13,1,19.0,55.0,74.0,0.37,0.8477625250816345,True,True,30.0,44.0,0.0,[1],10.0,10.0,1,10.0,0,0.009544583000007378
mlp_aco,2,7926,83,13,2,0.0,0.0,0.0,0.0,0.09907747060060501,False,False,0.0,0.0,0.0,[],10.0,10.0,1,10.0,0,0.009544583000007378
mlp_aco,2,7926,83,13,3,0.0,0.0,0.0,0.0,0.43936213850975037,False,False,0.0,0.0,0.0,[],10.0,10.0,1,10.0,0,0.009544583000007378
mlp_aco,2,7926,83,13,4,0.0,0.0,0.0,0.0,0.20313307642936707,False,False,0.0,0.0,0.0,[],10.0,10.0,1,10.0,0,0.009544583000007378
mlp_aco,2,7927,83,13,1,19.0,44.0,63.0,0.315,0.766602635383606,True,True,30.0,33.0,0.0,[1],10.0,10.0,1,10.0,0,0.009723499999978458
mlp_aco,2,7927,83,13,2,0.0,0.0,0.0,0.0,0.09907747060060501,False,False,0.0,0.0,0.0,[],10.0,10.0,1,10.0,0,0.009723499999978458
mlp_aco,2,7927,83,13,3,0.0,0.0,0.0,0.0,0.43936213850975037,False,False,0.0,0.0,0.0,[],10.0,10.0,1,10.0,0,0.009723499999978458
mlp_aco,2,7927,83,13,4,0.0,0.0,0.0,0.0,0.20313307642936707,False,False,0.0,0.0,0.0,[],10.0,10.0,1,10.0,0,0.009723499999978458
mlp_aco,2,7928,83,14,1,19.0,33.0,52.0,0.26,0.682861328125,False,False,0.0,52.0,0.0,[],0.0,0.0,0,0.0,0,4.042000000481494e-06
mlp_aco,2,7928,83,14,2,0.0,0.0,0.0,0.0,0.09907747060060501,False,False,0.0,0.0,0.0,[],0.0,0.0,0,0.0,0,4.042000000481494e-06
mlp_aco,2,7928,83,14,3,0.0,0.0,0.0,0.0,0.43936213850975037,False,False,0.0,0.0,0.0,[],0.0,0.0,0,0.0,0,4.042000000481494e-06
mlp_aco,2,7928,83,14,4,0.0,0.0,0.0,0.0,0.20313307642936707,False,False,0.0,0.0,0.0,[],0.0,0.0,0,0.0,0,4.042000000481494e-06
mlp_aco,2,7929,83,14,1,19.0,52.0,71.0,0.355,0.8238248229026794,True,True,30.0,41.0,0.0,[1],10.0,10.0,1,10.0,0,0.009597874999997202
mlp_aco,2,7929,83,14,2,0.0,0.0,0.0,0.0,0.09907747060060501,False,False,0.0,0.0,0.0,[],10.0,10.0,1,10.0,0,0.009597874999997202
mlp_aco,2,7929,83,14,3,0.0,0.0,0.0,0.0,0.43936213850975037,False,False,0.0,0.0,0.0,[],10.0,10.0,1,10.0,0,0.009597874999997202
mlp_aco,2,7929,83,14,4,0.0,0.0,0.0,0.0,0.20313307642936707,False,False,0.0,0.0,0.0,[],10.0,10.0,1,10.0,0,0.009597874999997202
mlp_aco,2,7930,83,14,1,19.0,41.0,60.0,0.3,0.7355765104293823,True,True,30.0,30.0,0.0,[1],10.0,10.0,1,10.0,0,0.009585500000014235
mlp_aco,2,7930,83,14,2,0.0,0.0,0.0,0.0,0.09907747060060501,False,False,0.0,0.0,0.0,[],10.0,10.0,1,10.0,0,0.009585500000014235
mlp_aco,2,7930,83,14,3,0.0,0.0,0.0,0.0,0.43936213850975037,False,False,0.0,0.0,0.0,[],10.0,10.0,1,10.0,0,0.009585500000014235
mlp_aco,2,7930,83,14,4,0.0,0.0,0.0,0.0,0.20313307642936707,False,False,0.0,0.0,0.0,[],10.0,10.0,1,10.0,0,0.009585500000014235
mlp_aco,2,7931,83,14,1,19.0,30.0,49.0,0.245,0.6597458124160767,False,False,0.0,49.0,0.0,[],0.0,0.0,0,0.0,0,2.666000000317581e-06
mlp_aco,2,7931,83,14,2,0.0,0.0,0.0,0.0,0.09907747060060501,False,False,0.0,0.0,0.0,[],0.0,0.0,0,0.0,0,2.666000000317581e-06
mlp_aco,2,7931,83,14,3,0.0,0.0,0.0,0.0,0.43936213850975037,False,False,0.0,0.0,0.0,[],0.0,0.0,0,0.0,0,2.666000000317581e-06
mlp_aco,2,7931,83,14,4,0.0,0.0,0.0,0.0,0.20313307642936707,False,False,0.0,0.0,0.0,[],0.0,0.0,0,0.0,0,2.666000000317581e-06
mlp_aco,2,7932,83,15,1,19.0,49.0,68.0,0.34,0.8019565343856812,True,True,30.0,38.0,0.0,[1],10.0,10.0,1,10.0,0,0.009596791999996412
mlp_aco,2,7932,83,15,2,0.0,0.0,0.0,0.0,0.09907747060060501,False,False,0.0,0.0,0.0,[],10.0,10.0,1,10.0,0,0.009596791999996412
mlp_aco,2,7932,83,15,3,0.0,0.0,0.0,0.0,0.43936213850975037,False,False,0.0,0.0,0.0,[],10.0,10.0,1,10.0,0,0.009596791999996412
mlp_aco,2,7932,83,15,4,0.0,0.0,0.0,0.0,0.20313307642936707,False,False,0.0,0.0,0.0,[],10.0,10.0,1,10.0,0,0.009596791999996412
mlp_aco,2,7933,83,15,1,19.0,38.0,57.0,0.285,0.7150324583053589,True,True,30.0,27.0,0.0,[1],10.0,10.0,1,10.0,0,0.009812625000023445
mlp_aco,2,7933,83,15,2,0.0,0.0,0.0,0.0,0.09907747060060501,False,False,0.0,0.0,0.0,[],10.0,10.0,1,10.0,0,0.009812625000023445
mlp_aco,2,7933,83,15,3,0.0,0.0,0.0,0.0,0.43936213850975037,False,False,0.0,0.0,0.0,[],10.0,10.0,1,10.0,0,0.009812625000023445
mlp_aco,2,7933,83,15,4,0.0,0.0,0.0,0.0,0.20313307642936707,False,False,0.0,0.0,0.0,[],10.0,10.0,1,10.0,0,0.009812625000023445
mlp_aco,2,7934,83,15,1,19.0,27.0,46.0,0.23,0.6389899253845215,False,False,0.0,46.0,0.0,[],0.0,0.0,0,0.0,0,3.1249999778992787e-06
mlp_aco,2,7934,83,15,2,0.0,0.0,0.0,0.0,0.09907747060060501,False,False,0.0,0.0,0.0,[],0.0,0.0,0,0.0,0,3.1249999778992787e-06
mlp_aco,2,7934,83,15,3,0.0,0.0,0.0,0.0,0.43936213850975037,False,False,0.0,0.0,0.0,[],0.0,0.0,0,0.0,0,3.1249999778992787e-06
mlp_aco,2,7934,83,15,4,0.0,0.0,0.0,0.0,0.20313307642936707,False,False,0.0,0.0,0.0,[],0.0,0.0,0,0.0,0,3.1249999778992787e-06
mlp_aco,2,7935,83,15,1,19.0,46.0,65.0,0.325,0.7792454957962036,True,True,30.0,35.0,0.0,[1],10.0,10.0,1,10.0,0,0.009603709000003846
mlp_aco,2,7935,83,15,2,0.0,0.0,0.0,0.0,0.09907747060060501,False,False,0.0,0.0,0.0,[],10.0,10.0,1,10.0,0,0.009603709000003846
mlp_aco,2,7935,83,15,3,0.0,0.0,0.0,0.0,0.43936213850975037,False,False,0.0,0.0,0.0,[],10.0,10.0,1,10.0,0,0.009603709000003846
mlp_aco,2,7935,83,15,4,0.0,0.0,0.0,0.0,0.20313307642936707,False,False,0.0,0.0,0.0,[],10.0,10.0,1,10.0,0,0.009603709000003846
mlp_aco,2,7936,83,16,1,18.0,35.0,53.0,0.265,0.6113840937614441,False,False,0.0,53.0,0.0,[],0.0,0.0,0,0.0,0,3.2920000023750617e-06
mlp_aco,2,7936,83,16,2,0.0,0.0,0.0,0.0,0.09907747060060501,False,False,0.0,0.0,0.0,[],0.0,0.0,0,0.0,0,3.2920000023750617e-06
mlp_aco,2,7936,83,16,3,0.0,0.0,0.0,0.0,0.43936213850975037,False,False,0.0,0.0,0.0,[],0.0,0.0,0,0.0,0,3.2920000023750617e-06
mlp_aco,2,7936,83,16,4,0.0,0.0,0.0,0.0,0.20313307642936707,False,False,0.0,0.0,0.0,[],0.0,0.0,0,0.0,0,3.2920000023750617e-06
mlp_aco,2,7937,83,16,1,19.0,53.0,72.0,0.36,0.8337351083755493,True,True,30.0,42.0,0.0,[1],10.0,10.0,1,10.0,0,0.009705207999985532
mlp_aco,2,7937,83,16,2,0.0,0.0,0.0,0.0,0.09907747060060501,False,False,0.0,0.0,0.0,[],10.0,10.0,1,10.0,0,0.009705207999985532
mlp_aco,2,7937,83,16,3,0.0,0.0,0.0,0.0,0.43936213850975037,False,False,0.0,0.0,0.0,[],10.0,10.0,1,10.0,0,0.009705207999985532
mlp_aco,2,7937,83,16,4,0.0,0.0,0.0,0.0,0.20313307642936707,False,False,0.0,0.0,0.0,[],10.0,10.0,1,10.0,0,0.009705207999985532
mlp_aco,2,7938,83,16,1,19.0,42.0,61.0,0.305,0.7481163740158081,True,True,30.0,31.0,0.0,[1],10.0,10.0,1,10.0,0,0.00970404200000985
mlp_aco,2,7938,83,16,2,0.0,0.0,0.0,0.0,0.09907747060060501,False,False,0.0,0.0,0.0,[],10.0,10.0,1,10.0,0,0.00970404200000985
mlp_aco,2,7938,83,16,3,0.0,0.0,0.0,0.0,0.43936213850975037,False,False,0.0,0.0,0.0,[],10.0,10.0,1,10.0,0,0.00970404200000985
mlp_aco,2,7938,83,16,4,0.0,0.0,0.0,0.0,0.20313307642936707,False,False,0.0,0.0,0.0,[],10.0,10.0,1,10.0,0,0.00970404200000985
mlp_aco,2,7939,83,16,1,20.0,31.0,51.0,0.255,0.7479217052459717,True,True,30.0,21.0,0.0,[1],10.0,10.0,1,10.0,0,0.01070783299999789
mlp_aco,2,7939,83,16,2,0.0,0.0,0.0,0.0,0.09907747060060501,False,False,0.0,0.0,0.0,[],10.0,10.0,1,10.0,0,0.01070783299999789
mlp_aco,2,7939,83,16,3,0.0,0.0,0.0,0.0,0.43936213850975037,False,False,0.0,0.0,0.0,[],10.0,10.0,1,10.0,0,0.01070783299999789
mlp_aco,2,7939,83,16,4,0.0,0.0,0.0,0.0,0.20313307642936707,False,False,0.0,0.0,0.0,[],10.0,10.0,1,10.0,0,0.01070783299999789
mlp_aco,2,7940,83,17,1,19.0,21.0,40.0,0.2,0.602604866027832,False,False,0.0,40.0,0.0,[],0.0,0.0,0,0.0,0,3.2910000129504624e-06
mlp_aco,2,7940,83,17,2,0.0,0.0,0.0,0.0,0.09907747060060501,False,False,0.0,0.0,0.0,[],0.0,0.0,0,0.0,0,3.2910000129504624e-06
mlp_aco,2,7940,83,17,3,0.0,0.0,0.0,0.0,0.43936213850975037,False,False,0.0,0.0,0.0,[],0.0,0.0,0,0.0,0,3.2910000129504624e-06
mlp_aco,2,7940,83,17,4,0.0,0.0,0.0,0.0,0.20313307642936707,False,False,0.0,0.0,0.0,[],0.0,0.0,0,0.0,0,3.2910000129504624e-06
mlp_aco,2,7941,83,17,1,19.0,40.0,59.0,0.295,0.7263696193695068,True,True,30.0,29.0,0.0,[1],10.0,10.0,1,10.0,0,0.011112459000003128
mlp_aco,2,7941,83,17,2,0.0,0.0,0.0,0.0,0.09907747060060501,False,False,0.0,0.0,0.0,[],10.0,10.0,1,10.0,0,0.011112459000003128
mlp_aco,2,7941,83,17,3,0.0,0.0,0.0,0.0,0.43936213850975037,False,False,0.0,0.0,0.0,[],10.0,10.0,1,10.0,0,0.011112459000003128
mlp_aco,2,7941,83,17,4,0.0,0.0,0.0,0.0,0.20313307642936707,False,False,0.0,0.0,0.0,[],10.0,10.0,1,10.0,0,0.011112459000003128
mlp_aco,2,7942,83,17,1,18.0,29.0,47.0,0.235,0.5748852491378784,False,False,0.0,47.0,0.0,[],0.0,0.0,0,0.0,0,3.1669999884798017e-06
mlp_aco,2,7942,83,17,2,0.0,0.0,0.0,0.0,0.09907747060060501,False,False,0.0,0.0,0.0,[],0.0,0.0,0,0.0,0,3.1669999884798017e-06
mlp_aco,2,7942,83,17,3,0.0,0.0,0.0,0.0,0.43936213850975037,False,False,0.0,0.0,0.0,[],0.0,0.0,0,0.0,0,3.1669999884798017e-06
mlp_aco,2,7942,83,17,4,0.0,0.0,0.0,0.0,0.20313307642936707,False,False,0.0,0.0,0.0,[],0.0,0.0,0,0.0,0,3.1669999884798017e-06
mlp_aco,2,7943,83,17,1,19.0,47.0,66.0,0.33,0.7903205156326294,True,True,30.0,36.0,0.0,[1],10.0,10.0,1,10.0,0,0.009750624999981028
mlp_aco,2,7943,83,17,2,0.0,0.0,0.0,0.0,0.09907747060060501,False,False,0.0,0.0,0.0,[],10.0,10.0,1,10.0,0,0.009750624999981028
mlp_aco,2,7943,83,17,3,0.0,0.0,0.0,0.0,0.43936213850975037,False,False,0.0,0.0,0.0,[],10.0,10.0,1,10.0,0,0.009750624999981028
mlp_aco,2,7943,83,17,4,0.0,0.0,0.0,0.0,0.20313307642936707,False,False,0.0,0.0,0.0,[],10.0,10.0,1,10.0,0,0.009750624999981028
mlp_aco,2,7944,83,18,1,19.0,36.0,55.0,0.275,0.7034173011779785,True,True,30.0,25.0,0.0,[1],10.0,10.0,1,10.0,0,0.010028707999993003
mlp_aco,2,7944,83,18,2,0.0,0.0,0.0,0.0,0.09907747060060501,False,False,0.0,0.0,0.0,[],10.0,10.0,1,10.0,0,0.010028707999993003
mlp_aco,2,7944,83,18,3,0.0,0.0,0.0,0.0,0.43936213850975037,False,False,0.0,0.0,0.0,[],10.0,10.0,1,10.0,0,0.010028707999993003
mlp_aco,2,7944,83,18,4,0.0,0.0,0.0,0.0,0.20313307642936707,False,False,0.0,0.0,0.0,[],10.0,10.0,1,10.0,0,0.010028707999993003
mlp_aco,2,7945,83,18,1,19.0,25.0,44.0,0.22,0.6290252804756165,False,False,0.0,44.0,0.0,[],0.0,0.0,0,0.0,0,3.249999991794539e-06
mlp_aco,2,7945,83,18,2,0.0,0.0,0.0,0.0,0.09907747060060501,False,False,0.0,0.0,0.0,[],0.0,0.0,0,0.0,0,3.249999991794539e-06
mlp_aco,2,7945,83,18,3,0.0,0.0,0.0,0.0,0.43936213850975037,False,False,0.0,0.0,0.0,[],0.0,0.0,0,0.0,0,3.249999991794539e-06
mlp_aco,2,7945,83,18,4,0.0,0.0,0.0,0.0,0.20313307642936707,False,False,0.0,0.0,0.0,[],0.0,0.0,0,0.0,0,3.249999991794539e-06
mlp_aco,2,7946,83,18,1,19.0,44.0,63.0,0.315,0.7630990147590637,True,True,30.0,33.0,0.0,[1],10.0,10.0,1,10.0,0,0.009711041000002751
mlp_aco,2,7946,83,18,2,0.0,0.0,0.0,0.0,0.09907747060060501,False,False,0.0,0.0,0.0,[],10.0,10.0,1,10.0,0,0.009711041000002751
mlp_aco,2,7946,83,18,3,0.0,0.0,0.0,0.0,0.43936213850975037,False,False,0.0,0.0,0.0,[],10.0,10.0,1,10.0,0,0.009711041000002751
mlp_aco,2,7946,83,18,4,0.0,0.0,0.0,0.0,0.20313307642936707,False,False,0.0,0.0,0.0,[],10.0,10.0,1,10.0,0,0.009711041000002751
mlp_aco,2,7947,83,18,1,3.0,33.0,36.0,0.18,0.16436314582824707,False,False,0.0,36.0,0.0,[],0.0,0.0,0,0.0,0,3.458000009004536e-06
mlp_aco,2,7947,83,18,2,0.0,0.0,0.0,0.0,0.09907747060060501,False,False,0.0,0.0,0.0,[],0.0,0.0,0,0.0,0,3.458000009004536e-06
mlp_aco,2,7947,83,18,3,0.0,0.0,0.0,0.0,0.43936213850975037,False,False,0.0,0.0,0.0,[],0.0,0.0,0,0.0,0,3.458000009004536e-06
mlp_aco,2,7947,83,18,4,0.0,0.0,0.0,0.0,0.20313307642936707,False,False,0.0,0.0,0.0,[],0.0,0.0,0,0.0,0,3.458000009004536e-06
mlp_aco,2,7948,83,19,1,0.0,36.0,36.0,0.18,0.16248466074466705,False,False,0.0,36.0,0.0,[],0.0,0.0,0,0.0,0,2.0840000161115313e-06
mlp_aco,2,7948,83,19,2,0.0,0.0,0.0,0.0,0.09907747060060501,False,False,0.0,0.0,0.0,[],0.0,0.0,0,0.0,0,2.0840000161115313e-06
mlp_aco,2,7948,83,19,3,0.0,0.0,0.0,0.0,0.43936213850975037,False,False,0.0,0.0,0.0,[],0.0,0.0,0,0.0,0,2.0840000161115313e-06
mlp_aco,2,7948,83,19,4,0.0,0.0,0.0,0.0,0.20313307642936707,False,False,0.0,0.0,0.0,[],0.0,0.0,0,0.0,0,2.0840000161115313e-06
mlp_aco,2,7949,83,19,1,0.0,36.0,36.0,0.18,0.23195399343967438,False,False,0.0,36.0,0.0,[],0.0,0.0,0,0.0,0,3.792000001112683e-06
mlp_aco,2,7949,83,19,2,0.0,0.0,0.0,0.0,0.09907747060060501,False,False,0.0,0.0,0.0,[],0.0,0.0,0,0.0,0,3.792000001112683e-06
mlp_aco,2,7949,83,19,3,0.0,0.0,0.0,0.0,0.43936213850975037,False,False,0.0,0.0,0.0,[],0.0,0.0,0,0.0,0,3.792000001112683e-06
mlp_aco,2,7949,83,19,4,0.0,0.0,0.0,0.0,0.20313307642936707,False,False,0.0,0.0,0.0,[],0.0,0.0,0,0.0,0,3.792000001112683e-06
mlp_aco,2,7950,83,19,1,0.0,36.0,36.0,0.18,0.3384231925010681,False,False,0.0,36.0,0.0,[],0.0,0.0,0,0.0,0,2.0829999982652225e-06
mlp_aco,2,7950,83,19,2,0.0,0.0,0.0,0.0,0.09907747060060501,False,False,0.0,0.0,0.0,[],0.0,0.0,0,0.0,0,2.0829999982652225e-06
mlp_aco,2,7950,83,19,3,0.0,0.0,0.0,0.0,0.43936213850975037,False,False,0.0,0.0,0.0,[],0.0,0.0,0,0.0,0,2.0829999982652225e-06
mlp_aco,2,7950,83,19,4,0.0,0.0,0.0,0.0,0.20313307642936707,False,False,0.0,0.0,0.0,[],0.0,0.0,0,0.0,0,2.0829999982652225e-06
mlp_aco,2,7951,83,19,1,0.0,36.0,36.0,0.18,0.3550688326358795,False,False,0.0,36.0,0.0,[],0.0,0.0,0,0.0,0,1.9999999949504854e-06
mlp_aco,2,7951,83,19,2,0.0,0.0,0.0,0.0,0.09907747060060501,False,False,0.0,0.0,0.0,[],0.0,0.0,0,0.0,0,1.9999999949504854e-06
mlp_aco,2,7951,83,19,3,0.0,0.0,0.0,0.0,0.43936213850975037,False,False,0.0,0.0,0.0,[],0.0,0.0,0,0.0,0,1.9999999949504854e-06
mlp_aco,2,7951,83,19,4,0.0,0.0,0.0,0.0,0.20313307642936707,False,False,0.0,0.0,0.0,[],0.0,0.0,0,0.0,0,1.9999999949504854e-06
mlp_aco,2,7952,83,20,1,0.0,36.0,36.0,0.18,0.3550688326358795,False,False,0.0,36.0,0.0,[],0.0,0.0,0,0.0,0,2.625000007583367e-06
mlp_aco,2,7952,83,20,2,0.0,0.0,0.0,0.0,0.09907747060060501,False,False,0.0,0.0,0.0,[],0.0,0.0,0,0.0,0,2.625000007583367e-06
mlp_aco,2,7952,83,20,3,0.0,0.0,0.0,0.0,0.43936213850975037,False,False,0.0,0.0,0.0,[],0.0,0.0,0,0.0,0,2.625000007583367e-06
mlp_aco,2,7952,83,20,4,0.0,0.0,0.0,0.0,0.20313307642936707,False,False,0.0,0.0,0.0,[],0.0,0.0,0,0.0,0,2.625000007583367e-06
mlp_aco,2,7953,83,20,1,0.0,36.0,36.0,0.18,0.3550688326358795,False,False,0.0,36.0,0.0,[],0.0,0.0,0,0.0,0,2.5420000042686297e-06
mlp_aco,2,7953,83,20,2,0.0,0.0,0.0,0.0,0.09907747060060501,False,False,0.0,0.0,0.0,[],0.0,0.0,0,0.0,0,2.5420000042686297e-06
mlp_aco,2,7953,83,20,3,0.0,0.0,0.0,0.0,0.43936213850975037,False,False,0.0,0.0,0.0,[],0.0,0.0,0,0.0,0,2.5420000042686297e-06
mlp_aco,2,7953,83,20,4,0.0,0.0,0.0,0.0,0.20313307642936707,False,False,0.0,0.0,0.0,[],0.0,0.0,0,0.0,0,2.5420000042686297e-06
mlp_aco,2,7954,83,20,1,0.0,36.0,36.0,0.18,0.3550688326358795,False,False,0.0,36.0,0.0,[],0.0,0.0,0,0.0,0,3.0839999851650646e-06
mlp_aco,2,7954,83,20,2,0.0,0.0,0.0,0.0,0.09907747060060501,False,False,0.0,0.0,0.0,[],0.0,0.0,0,0.0,0,3.0839999851650646e-06
mlp_aco,2,7954,83,20,3,0.0,0.0,0.0,0.0,0.43936213850975037,False,False,0.0,0.0,0.0,[],0.0,0.0,0,0.0,0,3.0839999851650646e-06
mlp_aco,2,7954,83,20,4,0.0,0.0,0.0,0.0,0.20313307642936707,False,False,0.0,0.0,0.0,[],0.0,0.0,0,0.0,0,3.0839999851650646e-06
mlp_aco,2,7955,83,20,1,0.0,36.0,36.0,0.18,0.3550688326358795,False,False,0.0,36.0,0.0,[],0.0,0.0,0,0.0,0,2.209000001585082e-06
mlp_aco,2,7955,83,20,2,0.0,0.0,0.0,0.0,0.09907747060060501,False,False,0.0,0.0,0.0,[],0.0,0.0,0,0.0,0,2.209000001585082e-06
mlp_aco,2,7955,83,20,3,0.0,0.0,0.0,0.0,0.43936213850975037,False,False,0.0,0.0,0.0,[],0.0,0.0,0,0.0,0,2.209000001585082e-06
mlp_aco,2,7955,83,20,4,0.0,0.0,0.0,0.0,0.20313307642936707,False,False,0.0,0.0,0.0,[],0.0,0.0,0,0.0,0,2.209000001585082e-06
mlp_aco,2,7956,83,21,1,0.0,36.0,36.0,0.18,0.3550688326358795,False,False,0.0,36.0,0.0,[],0.0,0.0,0,0.0,0,1.8749999810552254e-06
mlp_aco,2,7956,83,21,2,0.0,0.0,0.0,0.0,0.09907747060060501,False,False,0.0,0.0,0.0,[],0.0,0.0,0,0.0,0,1.8749999810552254e-06
mlp_aco,2,7956,83,21,3,0.0,0.0,0.0,0.0,0.43936213850975037,False,False,0.0,0.0,0.0,[],0.0,0.0,0,0.0,0,1.8749999810552254e-06
mlp_aco,2,7956,83,21,4,0.0,0.0,0.0,0.0,0.20313307642936707,False,False,0.0,0.0,0.0,[],0.0,0.0,0,0.0,0,1.8749999810552254e-06
mlp_aco,2,7957,83,21,1,0.0,36.0,36.0,0.18,0.3550688326358795,False,False,0.0,36.0,0.0,[],0.0,0.0,0,0.0,0,2.8329999963716546e-06
mlp_aco,2,7957,83,21,2,0.0,0.0,0.0,0.0,0.09907747060060501,False,False,0.0,0.0,0.0,[],0.0,0.0,0,0.0,0,2.8329999963716546e-06
mlp_aco,2,7957,83,21,3,0.0,0.0,0.0,0.0,0.43936213850975037,False,False,0.0,0.0,0.0,[],0.0,0.0,0,0.0,0,2.8329999963716546e-06
mlp_aco,2,7957,83,21,4,0.0,0.0,0.0,0.0,0.20313307642936707,False,False,0.0,0.0,0.0,[],0.0,0.0,0,0.0,0,2.8329999963716546e-06
mlp_aco,2,7958,83,21,1,0.0,36.0,36.0,0.18,0.3550688326358795,False,False,0.0,36.0,0.0,[],0.0,0.0,0,0.0,0,2.166999991004559e-06
mlp_aco,2,7958,83,21,2,0.0,0.0,0.0,0.0,0.09907747060060501,False,False,0.0,0.0,0.0,[],0.0,0.0,0,0.0,0,2.166999991004559e-06
mlp_aco,2,7958,83,21,3,0.0,0.0,0.0,0.0,0.43936213850975037,False,False,0.0,0.0,0.0,[],0.0,0.0,0,0.0,0,2.166999991004559e-06
mlp_aco,2,7958,83,21,4,0.0,0.0,0.0,0.0,0.20313307642936707,False,False,0.0,0.0,0.0,[],0.0,0.0,0,0.0,0,2.166999991004559e-06
mlp_aco,2,7959,83,21,1,0.0,36.0,36.0,0.18,0.3550688326358795,False,False,0.0,36.0,0.0,[],0.0,0.0,0,0.0,0,2.2080000121604826e-06
mlp_aco,2,7959,83,21,2,0.0,0.0,0.0,0.0,0.09907747060060501,False,False,0.0,0.0,0.0,[],0.0,0.0,0,0.0,0,2.2080000121604826e-06
mlp_aco,2,7959,83,21,3,0.0,0.0,0.0,0.0,0.43936213850975037,False,False,0.0,0.0,0.0,[],0.0,0.0,0,0.0,0,2.2080000121604826e-06
mlp_aco,2,7959,83,21,4,0.0,0.0,0.0,0.0,0.20313307642936707,False,False,0.0,0.0,0.0,[],0.0,0.0,0,0.0,0,2.2080000121604826e-06
mlp_aco,2,7960,83,22,1,0.0,36.0,36.0,0.18,0.3550688326358795,False,False,0.0,36.0,0.0,[],0.0,0.0,0,0.0,0,1.9590000022162712e-06
mlp_aco,2,7960,83,22,2,0.0,0.0,0.0,0.0,0.09907747060060501,False,False,0.0,0.0,0.0,[],0.0,0.0,0,0.0,0,1.9590000022162712e-06
mlp_aco,2,7960,83,22,3,0.0,0.0,0.0,0.0,0.43936213850975037,False,False,0.0,0.0,0.0,[],0.0,0.0,0,0.0,0,1.9590000022162712e-06
mlp_aco,2,7960,83,22,4,0.0,0.0,0.0,0.0,0.20313307642936707,False,False,0.0,0.0,0.0,[],0.0,0.0,0,0.0,0,1.9590000022162712e-06
mlp_aco,2,7961,83,22,1,0.0,36.0,36.0,0.18,0.3550688326358795,False,False,0.0,36.0,0.0,[],0.0,0.0,0,0.0,0,1.916000002211149e-06
mlp_aco,2,7961,83,22,2,0.0,0.0,0.0,0.0,0.09907747060060501,False,False,0.0,0.0,0.0,[],0.0,0.0,0,0.0,0,1.916000002211149e-06
mlp_aco,2,7961,83,22,3,0.0,0.0,0.0,0.0,0.43936213850975037,False,False,0.0,0.0,0.0,[],0.0,0.0,0,0.0,0,1.916000002211149e-06
mlp_aco,2,7961,83,22,4,0.0,0.0,0.0,0.0,0.20313307642936707,False,False,0.0,0.0,0.0,[],0.0,0.0,0,0.0,0,1.916000002211149e-06
mlp_aco,2,7962,83,22,1,0.0,36.0,36.0,0.18,0.3550688326358795,False,False,0.0,36.0,0.0,[],0.0,0.0,0,0.0,0,2.666000000317581e-06
mlp_aco,2,7962,83,22,2,0.0,0.0,0.0,0.0,0.09907747060060501,False,False,0.0,0.0,0.0,[],0.0,0.0,0,0.0,0,2.666000000317581e-06
mlp_aco,2,7962,83,22,3,0.0,0.0,0.0,0.0,0.43936213850975037,False,False,0.0,0.0,0.0,[],0.0,0.0,0,0.0,0,2.666000000317581e-06
mlp_aco,2,7962,83,22,4,0.0,0.0,0.0,0.0,0.20313307642936707,False,False,0.0,0.0,0.0,[],0.0,0.0,0,0.0,0,2.666000000317581e-06
mlp_aco,2,7963,83,22,1,0.0,36.0,36.0,0.18,0.3550688326358795,False,False,0.0,36.0,0.0,[],0.0,0.0,0,0.0,0,1.8750000094769348e-06
mlp_aco,2,7963,83,22,2,0.0,0.0,0.0,0.0,0.09907747060060501,False,False,0.0,0.0,0.0,[],0.0,0.0,0,0.0,0,1.8750000094769348e-06
mlp_aco,2,7963,83,22,3,0.0,0.0,0.0,0.0,0.43936213850975037,False,False,0.0,0.0,0.0,[],0.0,0.0,0,0.0,0,1.8750000094769348e-06
mlp_aco,2,7963,83,22,4,0.0,0.0,0.0,0.0,0.20313307642936707,False,False,0.0,0.0,0.0,[],0.0,0.0,0,0.0,0,1.8750000094769348e-06
mlp_aco,2,7964,83,23,1,0.0,36.0,36.0,0.18,0.3550688326358795,False,False,0.0,36.0,0.0,[],0.0,0.0,0,0.0,0,2.332999997634033e-06
mlp_aco,2,7964,83,23,2,0.0,0.0,0.0,0.0,0.09907747060060501,False,False,0.0,0.0,0.0,[],0.0,0.0,0,0.0,0,2.332999997634033e-06
mlp_aco,2,7964,83,23,3,0.0,0.0,0.0,0.0,0.43936213850975037,False,False,0.0,0.0,0.0,[],0.0,0.0,0,0.0,0,2.332999997634033e-06
mlp_aco,2,7964,83,23,4,0.0,0.0,0.0,0.0,0.20313307642936707,False,False,0.0,0.0,0.0,[],0.0,0.0,0,0.0,0,2.332999997634033e-06
mlp_aco,2,7965,83,23,1,0.0,36.0,36.0,0.18,0.3550688326358795,False,False,0.0,36.0,0.0,[],0.0,0.0,0,0.0,0,2.4999999936881068e-06
mlp_aco,2,7965,83,23,2,0.0,0.0,0.0,0.0,0.09907747060060501,False,False,0.0,0.0,0.0,[],0.0,0.0,0,0.0,0,2.4999999936881068e-06
mlp_aco,2,7965,83,23,3,0.0,0.0,0.0,0.0,0.43936213850975037,False,False,0.0,0.0,0.0,[],0.0,0.0,0,0.0,0,2.4999999936881068e-06
mlp_aco,2,7965,83,23,4,0.0,0.0,0.0,0.0,0.20313307642936707,False,False,0.0,0.0,0.0,[],0.0,0.0,0,0.0,0,2.4999999936881068e-06
mlp_aco,2,7966,83,23,1,0.0,36.0,36.0,0.18,0.3550688326358795,False,False,0.0,36.0,0.0,[],0.0,0.0,0,0.0,0,1.916000002211149e-06
mlp_aco,2,7966,83,23,2,0.0,0.0,0.0,0.0,0.09907747060060501,False,False,0.0,0.0,0.0,[],0.0,0.0,0,0.0,0,1.916000002211149e-06
mlp_aco,2,7966,83,23,3,0.0,0.0,0.0,0.0,0.43936213850975037,False,False,0.0,0.0,0.0,[],0.0,0.0,0,0.0,0,1.916000002211149e-06
mlp_aco,2,7966,83,23,4,0.0,0.0,0.0,0.0,0.20313307642936707,False,False,0.0,0.0,0.0,[],0.0,0.0,0,0.0,0,1.916000002211149e-06
mlp_aco,2,7967,83,23,1,0.0,36.0,36.0,0.18,0.3550688326358795,False,False,0.0,36.0,0.0,[],0.0,0.0,0,0.0,0,2.958999999691514e-06
mlp_aco,2,7967,83,23,2,0.0,0.0,0.0,0.0,0.09907747060060501,False,False,0.0,0.0,0.0,[],0.0,0.0,0,0.0,0,2.958999999691514e-06
mlp_aco,2,7967,83,23,3,0.0,0.0,0.0,0.0,0.43936213850975037,False,False,0.0,0.0,0.0,[],0.0,0.0,0,0.0,0,2.958999999691514e-06
mlp_aco,2,7967,83,23,4,0.0,0.0,0.0,0.0,0.20313307642936707,False,False,0.0,0.0,0.0,[],0.0,0.0,0,0.0,0,2.958999999691514e-06
mlp_aco,2,7968,84,0,1,44.0,36.0,80.0,0.4,0.9999536871910095,True,True,30.0,50.0,0.0,[1],10.0,10.0,1,10.0,0,0.009732291000005944
mlp_aco,2,7968,84,0,2,0.0,0.0,0.0,0.0,0.09907747060060501,False,False,0.0,0.0,0.0,[],10.0,10.0,1,10.0,0,0.009732291000005944
mlp_aco,2,7968,84,0,3,0.0,0.0,0.0,0.0,0.43936213850975037,False,False,0.0,0.0,0.0,[],10.0,10.0,1,10.0,0,0.009732291000005944
mlp_aco,2,7968,84,0,4,0.0,0.0,0.0,0.0,0.20313307642936707,False,False,0.0,0.0,0.0,[],10.0,10.0,1,10.0,0,0.009732291000005944
mlp_aco,2,7969,84,0,1,38.0,50.0,88.0,0.44,0.9996444582939148,True,True,30.0,58.0,0.0,[1],10.0,10.0,1,10.0,0,0.009687084000006507
mlp_aco,2,7969,84,0,2,0.0,0.0,0.0,0.0,0.09907747060060501,False,False,0.0,0.0,0.0,[],10.0,10.0,1,10.0,0,0.009687084000006507
mlp_aco,2,7969,84,0,3,0.0,0.0,0.0,0.0,0.43936213850975037,False,False,0.0,0.0,0.0,[],10.0,10.0,1,10.0,0,0.009687084000006507
mlp_aco,2,7969,84,0,4,0.0,0.0,0.0,0.0,0.20313307642936707,False,False,0.0,0.0,0.0,[],10.0,10.0,1,10.0,0,0.009687084000006507
mlp_aco,2,7970,84,0,1,33.0,58.0,91.0,0.455,0.9990141987800598,True,True,30.0,61.0,0.0,[1],10.0,10.0,1,10.0,0,0.009911708000004182
mlp_aco,2,7970,84,0,2,0.0,0.0,0.0,0.0,0.09907747060060501,False,False,0.0,0.0,0.0,[],10.0,10.0,1,10.0,0,0.009911708000004182
mlp_aco,2,7970,84,0,3,0.0,0.0,0.0,0.0,0.43936213850975037,False,False,0.0,0.0,0.0,[],10.0,10.0,1,10.0,0,0.009911708000004182
mlp_aco,2,7970,84,0,4,0.0,0.0,0.0,0.0,0.20313307642936707,False,False,0.0,0.0,0.0,[],10.0,10.0,1,10.0,0,0.009911708000004182
mlp_aco,2,7971,84,0,1,21.0,61.0,82.0,0.41,0.9428101778030396,True,True,30.0,52.0,0.0,[1],10.0,10.0,1,10.0,0,0.009678000000008069
mlp_aco,2,7971,84,0,2,0.0,0.0,0.0,0.0,0.09907747060060501,False,False,0.0,0.0,0.0,[],10.0,10.0,1,10.0,0,0.009678000000008069
mlp_aco,2,7971,84,0,3,0.0,0.0,0.0,0.0,0.43936213850975037,False,False,0.0,0.0,0.0,[],10.0,10.0,1,10.0,0,0.009678000000008069
mlp_aco,2,7971,84,0,4,0.0,0.0,0.0,0.0,0.20313307642936707,False,False,0.0,0.0,0.0,[],10.0,10.0,1,10.0,0,0.009678000000008069
mlp_aco,2,7972,84,1,1,23.0,52.0,75.0,0.375,0.9507999420166016,True,True,30.0,45.0,0.0,[1],10.0,10.0,1,10.0,0,0.009737916999995377
mlp_aco,2,7972,84,1,2,0.0,0.0,0.0,0.0,0.09907747060060501,False,False,0.0,0.0,0.0,[],10.0,10.0,1,10.0,0,0.009737916999995377
mlp_aco,2,7972,84,1,3,0.0,0.0,0.0,0.0,0.43936213850975037,False,False,0.0,0.0,0.0,[],10.0,10.0,1,10.0,0,0.009737916999995377
mlp_aco,2,7972,84,1,4,0.0,0.0,0.0,0.0,0.20313307642936707,False,False,0.0,0.0,0.0,[],10.0,10.0,1,10.0,0,0.009737916999995377
mlp_aco,2,7973,84,1,1,22.0,45.0,67.0,0.335,0.9080303907394409,True,True,30.0,37.0,0.0,[1],10.0,10.0,1,10.0,0,0.009926165999985415
mlp_aco,2,7973,84,1,2,0.0,0.0,0.0,0.0,0.09907747060060501,False,False,0.0,0.0,0.0,[],10.0,10.0,1,10.0,0,0.009926165999985415
mlp_aco,2,7973,84,1,3,0.0,0.0,0.0,0.0,0.43936213850975037,False,False,0.0,0.0,0.0,[],10.0,10.0,1,10.0,0,0.009926165999985415
mlp_aco,2,7973,84,1,4,0.0,0.0,0.0,0.0,0.20313307642936707,False,False,0.0,0.0,0.0,[],10.0,10.0,1,10.0,0,0.009926165999985415
mlp_aco,2,7974,84,1,1,24.0,37.0,61.0,0.305,0.9454946517944336,True,True,30.0,31.0,0.0,[1],10.0,10.0,1,10.0,0,0.009587499999980764
mlp_aco,2,7974,84,1,2,0.0,0.0,0.0,0.0,0.09907747060060501,False,False,0.0,0.0,0.0,[],10.0,10.0,1,10.0,0,0.009587499999980764
mlp_aco,2,7974,84,1,3,0.0,0.0,0.0,0.0,0.43936213850975037,False,False,0.0,0.0,0.0,[],10.0,10.0,1,10.0,0,0.009587499999980764
mlp_aco,2,7974,84,1,4,0.0,0.0,0.0,0.0,0.20313307642936707,False,False,0.0,0.0,0.0,[],10.0,10.0,1,10.0,0,0.009587499999980764
mlp_aco,2,7975,84,1,1,28.0,31.0,59.0,0.295,0.980843722820282,True,True,30.0,29.0,0.0,[1],10.0,10.0,1,10.0,0,0.009708125000003065
mlp_aco,2,7975,84,1,2,0.0,0.0,0.0,0.0,0.09907747060060501,False,False,0.0,0.0,0.0,[],10.0,10.0,1,10.0,0,0.009708125000003065
mlp_aco,2,7975,84,1,3,0.0,0.0,0.0,0.0,0.43936213850975037,False,False,0.0,0.0,0.0,[],10.0,10.0,1,10.0,0,0.009708125000003065
mlp_aco,2,7975,84,1,4,0.0,0.0,0.0,0.0,0.20313307642936707,False,False,0.0,0.0,0.0,[],10.0,10.0,1,10.0,0,0.009708125000003065
mlp_aco,2,7976,84,2,1,30.0,29.0,59.0,0.295,0.9892686009407043,True,True,30.0,29.0,0.0,[1],10.0,10.0,1,10.0,0,0.010391790999989325
mlp_aco,2,7976,84,2,2,0.0,0.0,0.0,0.0,0.09907747060060501,False,False,0.0,0.0,0.0,[],10.0,10.0,1,10.0,0,0.010391790999989325
mlp_aco,2,7976,84,2,3,0.0,0.0,0.0,0.0,0.43936213850975037,False,False,0.0,0.0,0.0,[],10.0,10.0,1,10.0,0,0.010391790999989325
mlp_aco,2,7976,84,2,4,0.0,0.0,0.0,0.0,0.20313307642936707,False,False,0.0,0.0,0.0,[],10.0,10.0,1,10.0,0,0.010391790999989325
mlp_aco,2,7977,84,2,1,32.0,29.0,61.0,0.305,0.994140625,True,True,30.0,31.0,0.0,[1],10.0,10.0,1,10.0,0,0.01016183400000159
mlp_aco,2,7977,84,2,2,0.0,0.0,0.0,0.0,0.09907747060060501,False,False,0.0,0.0,0.0,[],10.0,10.0,1,10.0,0,0.01016183400000159
mlp_aco,2,7977,84,2,3,0.0,0.0,0.0,0.0,0.43936213850975037,False,False,0.0,0.0,0.0,[],10.0,10.0,1,10.0,0,0.01016183400000159
mlp_aco,2,7977,84,2,4,0.0,0.0,0.0,0.0,0.20313307642936707,False,False,0.0,0.0,0.0,[],10.0,10.0,1,10.0,0,0.01016183400000159
mlp_aco,2,7978,84,2,1,27.0,31.0,58.0,0.29,0.9710587859153748,True,True,30.0,28.0,0.0,[1],10.0,10.0,1,10.0,0,0.010045250000018768
mlp_aco,2,7978,84,2,2,0.0,0.0,0.0,0.0,0.09907747060060501,False,False,0.0,0.0,0.0,[],10.0,10.0,1,10.0,0,0.010045250000018768
mlp_aco,2,7978,84,2,3,0.0,0.0,0.0,0.0,0.43936213850975037,False,False,0.0,0.0,0.0,[],10.0,10.0,1,10.0,0,0.010045250000018768
mlp_aco,2,7978,84,2,4,0.0,0.0,0.0,0.0,0.20313307642936707,False,False,0.0,0.0,0.0,[],10.0,10.0,1,10.0,0,0.010045250000018768
mlp_aco,2,7979,84,2,1,26.0,28.0,54.0,0.27,0.9545817971229553,True,True,30.0,24.0,0.0,[1],10.0,10.0,1,10.0,0,0.010045084000012139
mlp_aco,2,7979,84,2,2,0.0,0.0,0.0,0.0,0.09907747060060501,False,False,0.0,0.0,0.0,[],10.0,10.0,1,10.0,0,0.010045084000012139
mlp_aco,2,7979,84,2,3,0.0,0.0,0.0,0.0,0.43936213850975037,False,False,0.0,0.0,0.0,[],10.0,10.0,1,10.0,0,0.010045084000012139
mlp_aco,2,7979,84,2,4,0.0,0.0,0.0,0.0,0.20313307642936707,False,False,0.0,0.0,0.0,[],10.0,10.0,1,10.0,0,0.010045084000012139
mlp_aco,2,7980,84,3,1,24.0,24.0,48.0,0.24,0.8956546187400818,True,True,30.0,18.0,0.0,[1],10.0,10.0,1,10.0,0,0.009940083000003597
mlp_aco,2,7980,84,3,2,0.0,0.0,0.0,0.0,0.09907747060060501,False,False,0.0,0.0,0.0,[],10.0,10.0,1,10.0,0,0.009940083000003597
mlp_aco,2,7980,84,3,3,0.0,0.0,0.0,0.0,0.43936213850975037,False,False,0.0,0.0,0.0,[],10.0,10.0,1,10.0,0,0.009940083000003597
mlp_aco,2,7980,84,3,4,0.0,0.0,0.0,0.0,0.20313307642936707,False,False,0.0,0.0,0.0,[],10.0,10.0,1,10.0,0,0.009940083000003597
mlp_aco,2,7981,84,3,1,26.0,18.0,44.0,0.22,0.9418139457702637,True,True,30.0,14.0,0.0,[1],10.0,10.0,1,10.0,0,0.010228041999994275
mlp_aco,2,7981,84,3,2,0.0,0.0,0.0,0.0,0.09907747060060501,False,False,0.0,0.0,0.0,[],10.0,10.0,1,10.0,0,0.010228041999994275
mlp_aco,2,7981,84,3,3,0.0,0.0,0.0,0.0,0.43936213850975037,False,False,0.0,0.0,0.0,[],10.0,10.0,1,10.0,0,0.010228041999994275
mlp_aco,2,7981,84,3,4,0.0,0.0,0.0,0.0,0.20313307642936707,False,False,0.0,0.0,0.0,[],10.0,10.0,1,10.0,0,0.010228041999994275
mlp_aco,2,7982,84,3,1,27.0,14.0,41.0,0.205,0.9535090923309326,True,True,30.0,11.0,0.0,[1],10.0,10.0,1,10.0,0,0.010510542000019996
mlp_aco,2,7982,84,3,2,0.0,0.0,0.0,0.0,0.09907747060060501,False,False,0.0,0.0,0.0,[],10.0,10.0,1,10.0,0,0.010510542000019996
mlp_aco,2,7982,84,3,3,0.0,0.0,0.0,0.0,0.43936213850975037,False,False,0.0,0.0,0.0,[],10.0,10.0,1,10.0,0,0.010510542000019996
mlp_aco,2,7982,84,3,4,0.0,0.0,0.0,0.0,0.20313307642936707,False,False,0.0,0.0,0.0,[],10.0,10.0,1,10.0,0,0.010510542000019996
mlp_aco,2,7983,84,3,1,27.0,11.0,38.0,0.19,0.9486410021781921,True,True,30.0,8.0,0.0,[1],10.0,10.0,1,10.0,0,0.010918792000012445
mlp_aco,2,7983,84,3,2,0.0,0.0,0.0,0.0,0.09907747060060501,False,False,0.0,0.0,0.0,[],10.0,10.0,1,10.0,0,0.010918792000012445
mlp_aco,2,7983,84,3,3,0.0,0.0,0.0,0.0,0.43936213850975037,False,False,0.0,0.0,0.0,[],10.0,10.0,1,10.0,0,0.010918792000012445
mlp_aco,2,7983,84,3,4,0.0,0.0,0.0,0.0,0.20313307642936707,False,False,0.0,0.0,0.0,[],10.0,10.0,1,10.0,0,0.010918792000012445
mlp_aco,2,7984,84,4,1,26.0,8.0,34.0,0.17,0.9149883985519409,True,True,30.0,4.0,0.0,[1],10.0,10.0,1,10.0,0,0.010438041000014664
mlp_aco,2,7984,84,4,2,0.0,0.0,0.0,0.0,0.09907747060060501,False,False,0.0,0.0,0.0,[],10.0,10.0,1,10.0,0,0.010438041000014664
mlp_aco,2,7984,84,4,3,0.0,0.0,0.0,0.0,0.43936213850975037,False,False,0.0,0.0,0.0,[],10.0,10.0,1,10.0,0,0.010438041000014664
mlp_aco,2,7984,84,4,4,0.0,0.0,0.0,0.0,0.20313307642936707,False,False,0.0,0.0,0.0,[],10.0,10.0,1,10.0,0,0.010438041000014664
mlp_aco,2,7985,84,4,1,26.0,4.0,30.0,0.15,0.9044010639190674,True,True,30.0,0.0,0.0,[1],10.0,10.0,1,10.0,0,0.010401957999988554
mlp_aco,2,7985,84,4,2,0.0,0.0,0.0,0.0,0.09907747060060501,False,False,0.0,0.0,0.0,[],10.0,10.0,1,10.0,0,0.010401957999988554
mlp_aco,2,7985,84,4,3,0.0,0.0,0.0,0.0,0.43936213850975037,False,False,0.0,0.0,0.0,[],10.0,10.0,1,10.0,0,0.010401957999988554
mlp_aco,2,7985,84,4,4,0.0,0.0,0.0,0.0,0.20313307642936707,False,False,0.0,0.0,0.0,[],10.0,10.0,1,10.0,0,0.010401957999988554
mlp_aco,2,7986,84,4,1,27.0,0.0,27.0,0.135,0.924431324005127,True,True,27.0,0.0,0.0,[1],10.0,10.0,1,10.0,0,0.010634291999991774
mlp_aco,2,7986,84,4,2,0.0,0.0,0.0,0.0,0.09907747060060501,False,False,0.0,0.0,0.0,[],10.0,10.0,1,10.0,0,0.010634291999991774
mlp_aco,2,7986,84,4,3,0.0,0.0,0.0,0.0,0.43936213850975037,False,False,0.0,0.0,0.0,[],10.0,10.0,1,10.0,0,0.010634291999991774
mlp_aco,2,7986,84,4,4,0.0,0.0,0.0,0.0,0.20313307642936707,False,False,0.0,0.0,0.0,[],10.0,10.0,1,10.0,0,0.010634291999991774
mlp_aco,2,7987,84,4,1,31.0,0.0,31.0,0.155,0.9799177646636963,True,True,30.0,1.0,0.0,[1],10.0,10.0,1,10.0,0,0.010476959000015995
mlp_aco,2,7987,84,4,2,0.0,0.0,0.0,0.0,0.09907747060060501,False,False,0.0,0.0,0.0,[],10.0,10.0,1,10.0,0,0.010476959000015995
mlp_aco,2,7987,84,4,3,0.0,0.0,0.0,0.0,0.43936213850975037,False,False,0.0,0.0,0.0,[],10.0,10.0,1,10.0,0,0.010476959000015995
mlp_aco,2,7987,84,4,4,0.0,0.0,0.0,0.0,0.20313307642936707,False,False,0.0,0.0,0.0,[],10.0,10.0,1,10.0,0,0.010476959000015995
mlp_aco,2,7988,84,5,1,31.0,1.0,32.0,0.16,0.9794163703918457,True,True,30.0,2.0,0.0,[1],10.0,10.0,1,10.0,0,0.010448916999990843
mlp_aco,2,7988,84,5,2,0.0,0.0,0.0,0.0,0.09907747060060501,False,False,0.0,0.0,0.0,[],10.0,10.0,1,10.0,0,0.010448916999990843
mlp_aco,2,7988,84,5,3,0.0,0.0,0.0,0.0,0.43936213850975037,False,False,0.0,0.0,0.0,[],10.0,10.0,1,10.0,0,0.010448916999990843
mlp_aco,2,7988,84,5,4,0.0,0.0,0.0,0.0,0.20313307642936707,False,False,0.0,0.0,0.0,[],10.0,10.0,1,10.0,0,0.010448916999990843
mlp_aco,2,7989,84,5,1,31.0,2.0,33.0,0.165,0.979179859161377,True,True,30.0,3.0,0.0,[1],10.0,10.0,1,10.0,0,0.010078958000008242
mlp_aco,2,7989,84,5,2,0.0,0.0,0.0,0.0,0.09907747060060501,False,False,0.0,0.0,0.0,[],10.0,10.0,1,10.0,0,0.010078958000008242
mlp_aco,2,7989,84,5,3,0.0,0.0,0.0,0.0,0.43936213850975037,False,False,0.0,0.0,0.0,[],10.0,10.0,1,10.0,0,0.010078958000008242
mlp_aco,2,7989,84,5,4,0.0,0.0,0.0,0.0,0.20313307642936707,False,False,0.0,0.0,0.0,[],10.0,10.0,1,10.0,0,0.010078958000008242
mlp_aco,2,7990,84,5,1,31.0,3.0,34.0,0.17,0.9792540669441223,True,True,30.0,4.0,0.0,[1],10.0,10.0,1,10.0,0,0.010353500000007898
mlp_aco,2,7990,84,5,2,0.0,0.0,0.0,0.0,0.09907747060060501,False,False,0.0,0.0,0.0,[],10.0,10.0,1,10.0,0,0.010353500000007898
mlp_aco,2,7990,84,5,3,0.0,0.0,0.0,0.0,0.43936213850975037,False,False,0.0,0.0,0.0,[],10.0,10.0,1,10.0,0,0.010353500000007898
mlp_aco,2,7990,84,5,4,0.0,0.0,0.0,0.0,0.20313307642936707,False,False,0.0,0.0,0.0,[],10.0,10.0,1,10.0,0,0.010353500000007898
mlp_aco,2,7991,84,5,1,30.0,4.0,34.0,0.17,0.971733570098877,True,True,30.0,4.0,0.0,[1],10.0,10.0,1,10.0,0,0.010892082999987451
mlp_aco,2,7991,84,5,2,0.0,0.0,0.0,0.0,0.09907747060060501,False,False,0.0,0.0,0.0,[],10.0,10.0,1,10.0,0,0.010892082999987451
mlp_aco,2,7991,84,5,3,0.0,0.0,0.0,0.0,0.43936213850975037,False,False,0.0,0.0,0.0,[],10.0,10.0,1,10.0,0,0.010892082999987451
mlp_aco,2,7991,84,5,4,0.0,0.0,0.0,0.0,0.20313307642936707,False,False,0.0,0.0,0.0,[],10.0,10.0,1,10.0,0,0.010892082999987451
mlp_aco,2,7992,84,6,1,28.0,4.0,32.0,0.16,0.9462361335754395,True,True,30.0,2.0,0.0,[1],10.0,10.0,1,10.0,0,0.010012666000022818
mlp_aco,2,7992,84,6,2,0.0,0.0,0.0,0.0,0.09907747060060501,False,False,0.0,0.0,0.0,[],10.0,10.0,1,10.0,0,0.010012666000022818
mlp_aco,2,7992,84,6,3,0.0,0.0,0.0,0.0,0.43936213850975037,False,False,0.0,0.0,0.0,[],10.0,10.0,1,10.0,0,0.010012666000022818
mlp_aco,2,7992,84,6,4,0.0,0.0,0.0,0.0,0.20313307642936707,False,False,0.0,0.0,0.0,[],10.0,10.0,1,10.0,0,0.010012666000022818
mlp_aco,2,7993,84,6,1,28.0,2.0,30.0,0.15,0.9439326524734497,True,True,30.0,0.0,0.0,[1],10.0,10.0,1,10.0,0,0.010541416999984676
mlp_aco,2,7993,84,6,2,0.0,0.0,0.0,0.0,0.09907747060060501,False,False,0.0,0.0,0.0,[],10.0,10.0,1,10.0,0,0.010541416999984676
mlp_aco,2,7993,84,6,3,0.0,0.0,0.0,0.0,0.43936213850975037,False,False,0.0,0.0,0.0,[],10.0,10.0,1,10.0,0,0.010541416999984676
mlp_aco,2,7993,84,6,4,0.0,0.0,0.0,0.0,0.20313307642936707,False,False,0.0,0.0,0.0,[],10.0,10.0,1,10.0,0,0.010541416999984676
mlp_aco,2,7994,84,6,1,28.0,0.0,28.0,0.14,0.9425843358039856,True,True,28.0,0.0,0.0,[1],10.0,10.0,1,10.0,0,0.010566332999985661
mlp_aco,2,7994,84,6,2,0.0,0.0,0.0,0.0,0.09907747060060501,False,False,0.0,0.0,0.0,[],10.0,10.0,1,10.0,0,0.010566332999985661
mlp_aco,2,7994,84,6,3,0.0,0.0,0.0,0.0,0.43936213850975037,False,False,0.0,0.0,0.0,[],10.0,10.0,1,10.0,0,0.010566332999985661
mlp_aco,2,7994,84,6,4,0.0,0.0,0.0,0.0,0.20313307642936707,False,False,0.0,0.0,0.0,[],10.0,10.0,1,10.0,0,0.010566332999985661
mlp_aco,2,7995,84,6,1,26.0,0.0,26.0,0.13,0.8884453177452087,True,True,26.0,0.0,0.0,[1],10.0,10.0,1,10.0,0,0.010254624999987527
mlp_aco,2,7995,84,6,2,0.0,0.0,0.0,0.0,0.09907747060060501,False,False,0.0,0.0,0.0,[],10.0,10.0,1,10.0,0,0.010254624999987527
mlp_aco,2,7995,84,6,3,0.0,0.0,0.0,0.0,0.43936213850975037,False,False,0.0,0.0,0.0,[],10.0,10.0,1,10.0,0,0.010254624999987527
mlp_aco,2,7995,84,6,4,0.0,0.0,0.0,0.0,0.20313307642936707,False,False,0.0,0.0,0.0,[],10.0,10.0,1,10.0,0,0.010254624999987527
mlp_aco,2,7996,84,7,1,29.0,0.0,29.0,0.145,0.9601842761039734,True,True,29.0,0.0,0.0,[1],10.0,10.0,1,10.0,0,0.009861583000002838
mlp_aco,2,7996,84,7,2,0.0,0.0,0.0,0.0,0.09907747060060501,False,False,0.0,0.0,0.0,[],10.0,10.0,1,10.0,0,0.009861583000002838
mlp_aco,2,7996,84,7,3,0.0,0.0,0.0,0.0,0.43936213850975037,False,False,0.0,0.0,0.0,[],10.0,10.0,1,10.0,0,0.009861583000002838
mlp_aco,2,7996,84,7,4,0.0,0.0,0.0,0.0,0.20313307642936707,False,False,0.0,0.0,0.0,[],10.0,10.0,1,10.0,0,0.009861583000002838
mlp_aco,2,7997,84,7,1,27.0,0.0,27.0,0.135,0.9213619232177734,True,True,27.0,0.0,0.0,[1],10.0,10.0,1,10.0,0,0.010328666999981806
mlp_aco,2,7997,84,7,2,0.0,0.0,0.0,0.0,0.09907747060060501,False,False,0.0,0.0,0.0,[],10.0,10.0,1,10.0,0,0.010328666999981806
mlp_aco,2,7997,84,7,3,0.0,0.0,0.0,0.0,0.43936213850975037,False,False,0.0,0.0,0.0,[],10.0,10.0,1,10.0,0,0.010328666999981806
mlp_aco,2,7997,84,7,4,0.0,0.0,0.0,0.0,0.20313307642936707,False,False,0.0,0.0,0.0,[],10.0,10.0,1,10.0,0,0.010328666999981806
mlp_aco,2,7998,84,7,1,28.0,0.0,28.0,0.14,0.9451234936714172,True,True,28.0,0.0,0.0,[1],10.0,10.0,1,10.0,0,0.01022395900000106
mlp_aco,2,7998,84,7,2,0.0,0.0,0.0,0.0,0.09907747060060501,False,False,0.0,0.0,0.0,[],10.0,10.0,1,10.0,0,0.01022395900000106
mlp_aco,2,7998,84,7,3,0.0,0.0,0.0,0.0,0.43936213850975037,False,False,0.0,0.0,0.0,[],10.0,10.0,1,10.0,0,0.01022395900000106
mlp_aco,2,7998,84,7,4,0.0,0.0,0.0,0.0,0.20313307642936707,False,False,0.0,0.0,0.0,[],10.0,10.0,1,10.0,0,0.01022395900000106
mlp_aco,2,7999,84,7,1,27.0,0.0,27.0,0.135,0.9205769896507263,True,True,27.0,0.0,0.0,[1],10.0,10.0,1,10.0,0,0.01017699999999877
mlp_aco,2,7999,84,7,2,0.0,0.0,0.0,0.0,0.09907747060060501,False,False,0.0,0.0,0.0,[],10.0,10.0,1,10.0,0,0.01017699999999877
mlp_aco,2,7999,84,7,3,0.0,0.0,0.0,0.0,0.43936213850975037,False,False,0.0,0.0,0.0,[],10.0,10.0,1,10.0,0,0.01017699999999877
mlp_aco,2,7999,84,7,4,0.0,0.0,0.0,0.0,0.20313307642936707,False,False,0.0,0.0,0.0,[],10.0,10.0,1,10.0,0,0.01017699999999877
mlp_aco,2,8000,84,8,1,29.0,0.0,29.0,0.145,0.9601842761039734,True,True,29.0,0.0,0.0,[1],10.0,10.0,1,10.0,0,0.010051708000020199
mlp_aco,2,8000,84,8,2,0.0,0.0,0.0,0.0,0.09907747060060501,False,False,0.0,0.0,0.0,[],10.0,10.0,1,10.0,0,0.010051708000020199
mlp_aco,2,8000,84,8,3,0.0,0.0,0.0,0.0,0.43936213850975037,False,False,0.0,0.0,0.0,[],10.0,10.0,1,10.0,0,0.010051708000020199
mlp_aco,2,8000,84,8,4,0.0,0.0,0.0,0.0,0.20313307642936707,False,False,0.0,0.0,0.0,[],10.0,10.0,1,10.0,0,0.010051708000020199
mlp_aco,2,8001,84,8,1,27.0,0.0,27.0,0.135,0.9205769896507263,True,True,27.0,0.0,0.0,[1],10.0,10.0,1,10.0,0,0.01024095899998656
mlp_aco,2,8001,84,8,2,0.0,0.0,0.0,0.0,0.09907747060060501,False,False,0.0,0.0,0.0,[],10.0,10.0,1,10.0,0,0.01024095899998656
mlp_aco,2,8001,84,8,3,0.0,0.0,0.0,0.0,0.43936213850975037,False,False,0.0,0.0,0.0,[],10.0,10.0,1,10.0,0,0.01024095899998656
mlp_aco,2,8001,84,8,4,0.0,0.0,0.0,0.0,0.20313307642936707,False,False,0.0,0.0,0.0,[],10.0,10.0,1,10.0,0,0.01024095899998656
mlp_aco,2,8002,84,8,1,28.0,0.0,28.0,0.14,0.9442638754844666,True,True,28.0,0.0,0.0,[1],10.0,10.0,1,10.0,0,0.010266209000008075
mlp_aco,2,8002,84,8,2,0.0,0.0,0.0,0.0,0.09907747060060501,False,False,0.0,0.0,0.0,[],10.0,10.0,1,10.0,0,0.010266209000008075
mlp_aco,2,8002,84,8,3,0.0,0.0,0.0,0.0,0.43936213850975037,False,False,0.0,0.0,0.0,[],10.0,10.0,1,10.0,0,0.010266209000008075
mlp_aco,2,8002,84,8,4,0.0,0.0,0.0,0.0,0.20313307642936707,False,False,0.0,0.0,0.0,[],10.0,10.0,1,10.0,0,0.010266209000008075
mlp_aco,2,8003,84,8,1,27.0,0.0,27.0,0.135,0.9205769896507263,True,True,27.0,0.0,0.0,[1],10.0,10.0,1,10.0,0,0.01021516700001257
mlp_aco,2,8003,84,8,2,0.0,0.0,0.0,0.0,0.09907747060060501,False,False,0.0,0.0,0.0,[],10.0,10.0,1,10.0,0,0.01021516700001257
mlp_aco,2,8003,84,8,3,0.0,0.0,0.0,0.0,0.43936213850975037,False,False,0.0,0.0,0.0,[],10.0,10.0,1,10.0,0,0.01021516700001257
mlp_aco,2,8003,84,8,4,0.0,0.0,0.0,0.0,0.20313307642936707,False,False,0.0,0.0,0.0,[],10.0,10.0,1,10.0,0,0.01021516700001257
mlp_aco,2,8004,84,9,1,28.0,0.0,28.0,0.14,0.9451234936714172,True,True,28.0,0.0,0.0,[1],10.0,10.0,1,10.0,0,0.010058834000005845
mlp_aco,2,8004,84,9,2,0.0,0.0,0.0,0.0,0.09907747060060501,False,False,0.0,0.0,0.0,[],10.0,10.0,1,10.0,0,0.010058834000005845
mlp_aco,2,8004,84,9,3,0.0,0.0,0.0,0.0,0.43936213850975037,False,False,0.0,0.0,0.0,[],10.0,10.0,1,10.0,0,0.010058834000005845
mlp_aco,2,8004,84,9,4,0.0,0.0,0.0,0.0,0.20313307642936707,False,False,0.0,0.0,0.0,[],10.0,10.0,1,10.0,0,0.010058834000005845
mlp_aco,2,8005,84,9,1,29.0,0.0,29.0,0.145,0.9595287442207336,True,True,29.0,0.0,0.0,[1],10.0,10.0,1,10.0,0,0.010213042000003725
mlp_aco,2,8005,84,9,2,0.0,0.0,0.0,0.0,0.09907747060060501,False,False,0.0,0.0,0.0,[],10.0,10.0,1,10.0,0,0.010213042000003725
mlp_aco,2,8005,84,9,3,0.0,0.0,0.0,0.0,0.43936213850975037,False,False,0.0,0.0,0.0,[],10.0,10.0,1,10.0,0,0.010213042000003725
mlp_aco,2,8005,84,9,4,0.0,0.0,0.0,0.0,0.20313307642936707,False,False,0.0,0.0,0.0,[],10.0,10.0,1,10.0,0,0.010213042000003725
mlp_aco,2,8006,84,9,1,28.0,0.0,28.0,0.14,0.9437092542648315,True,True,28.0,0.0,0.0,[1],10.0,10.0,1,10.0,0,0.01004050000000234
mlp_aco,2,8006,84,9,2,0.0,0.0,0.0,0.0,0.09907747060060501,False,False,0.0,0.0,0.0,[],10.0,10.0,1,10.0,0,0.01004050000000234
mlp_aco,2,8006,84,9,3,0.0,0.0,0.0,0.0,0.43936213850975037,False,False,0.0,0.0,0.0,[],10.0,10.0,1,10.0,0,0.01004050000000234
mlp_aco,2,8006,84,9,4,0.0,0.0,0.0,0.0,0.20313307642936707,False,False,0.0,0.0,0.0,[],10.0,10.0,1,10.0,0,0.01004050000000234
mlp_aco,2,8007,84,9,1,25.0,0.0,25.0,0.125,0.8449477553367615,True,True,25.0,0.0,0.0,[1],10.0,10.0,1,10.0,0,0.010019082999974671
mlp_aco,2,8007,84,9,2,0.0,0.0,0.0,0.0,0.09907747060060501,False,False,0.0,0.0,0.0,[],10.0,10.0,1,10.0,0,0.010019082999974671
mlp_aco,2,8007,84,9,3,0.0,0.0,0.0,0.0,0.43936213850975037,False,False,0.0,0.0,0.0,[],10.0,10.0,1,10.0,0,0.010019082999974671
mlp_aco,2,8007,84,9,4,0.0,0.0,0.0,0.0,0.20313307642936707,False,False,0.0,0.0,0.0,[],10.0,10.0,1,10.0,0,0.010019082999974671
mlp_aco,2,8008,84,10,1,17.0,0.0,17.0,0.085,0.35309404134750366,False,False,0.0,17.0,0.0,[],0.0,0.0,0,0.0,0,4.416999985323855e-06
mlp_aco,2,8008,84,10,2,0.0,0.0,0.0,0.0,0.09907747060060501,False,False,0.0,0.0,0.0,[],0.0,0.0,0,0.0,0,4.416999985323855e-06
mlp_aco,2,8008,84,10,3,0.0,0.0,0.0,0.0,0.43936213850975037,False,False,0.0,0.0,0.0,[],0.0,0.0,0,0.0,0,4.416999985323855e-06
mlp_aco,2,8008,84,10,4,0.0,0.0,0.0,0.0,0.20313307642936707,False,False,0.0,0.0,0.0,[],0.0,0.0,0,0.0,0,4.416999985323855e-06
mlp_aco,2,8009,84,10,1,16.0,17.0,33.0,0.165,0.3769164979457855,False,False,0.0,33.0,0.0,[],0.0,0.0,0,0.0,0,3.0839999851650646e-06
mlp_aco,2,8009,84,10,2,0.0,0.0,0.0,0.0,0.09907747060060501,False,False,0.0,0.0,0.0,[],0.0,0.0,0,0.0,0,3.0839999851650646e-06
mlp_aco,2,8009,84,10,3,0.0,0.0,0.0,0.0,0.43936213850975037,False,False,0.0,0.0,0.0,[],0.0,0.0,0,0.0,0,3.0839999851650646e-06
mlp_aco,2,8009,84,10,4,0.0,0.0,0.0,0.0,0.20313307642936707,False,False,0.0,0.0,0.0,[],0.0,0.0,0,0.0,0,3.0839999851650646e-06
mlp_aco,2,8010,84,10,1,17.0,33.0,50.0,0.25,0.5197579264640808,False,False,0.0,50.0,0.0,[],0.0,0.0,0,0.0,0,3.5420000017438724e-06
mlp_aco,2,8010,84,10,2,0.0,0.0,0.0,0.0,0.09907747060060501,False,False,0.0,0.0,0.0,[],0.0,0.0,0,0.0,0,3.5420000017438724e-06
mlp_aco,2,8010,84,10,3,0.0,0.0,0.0,0.0,0.43936213850975037,False,False,0.0,0.0,0.0,[],0.0,0.0,0,0.0,0,3.5420000017438724e-06
mlp_aco,2,8010,84,10,4,0.0,0.0,0.0,0.0,0.20313307642936707,False,False,0.0,0.0,0.0,[],0.0,0.0,0,0.0,0,3.5420000017438724e-06
mlp_aco,2,8011,84,10,1,27.0,50.0,77.0,0.385,0.9872334003448486,True,True,30.0,47.0,0.0,[1],10.0,10.0,1,10.0,0,0.01222562499998503
mlp_aco,2,8011,84,10,2,0.0,0.0,0.0,0.0,0.09907747060060501,False,False,0.0,0.0,0.0,[],10.0,10.0,1,10.0,0,0.01222562499998503
mlp_aco,2,8011,84,10,3,0.0,0.0,0.0,0.0,0.43936213850975037,False,False,0.0,0.0,0.0,[],10.0,10.0,1,10.0,0,0.01222562499998503
mlp_aco,2,8011,84,10,4,0.0,0.0,0.0,0.0,0.20313307642936707,False,False,0.0,0.0,0.0,[],10.0,10.0,1,10.0,0,0.01222562499998503
mlp_aco,2,8012,84,11,1,40.0,47.0,87.0,0.435,0.9998282194137573,True,True,30.0,57.0,0.0,[1],10.0,10.0,1,10.0,0,0.023309917000005953
mlp_aco,2,8012,84,11,2,0.0,0.0,0.0,0.0,0.09907747060060501,False,False,0.0,0.0,0.0,[],10.0,10.0,1,10.0,0,0.023309917000005953
mlp_aco,2,8012,84,11,3,0.0,0.0,0.0,0.0,0.43936213850975037,False,False,0.0,0.0,0.0,[],10.0,10.0,1,10.0,0,0.023309917000005953
mlp_aco,2,8012,84,11,4,0.0,0.0,0.0,0.0,0.20313307642936707,False,False,0.0,0.0,0.0,[],10.0,10.0,1,10.0,0,0.023309917000005953
mlp_aco,2,8013,84,11,1,40.0,57.0,97.0,0.485,0.9999299049377441,True,True,30.0,67.0,0.0,[1],10.0,10.0,1,10.0,0,0.012044582999976683
mlp_aco,2,8013,84,11,2,0.0,0.0,0.0,0.0,0.09907747060060501,False,False,0.0,0.0,0.0,[],10.0,10.0,1,10.0,0,0.012044582999976683
mlp_aco,2,8013,84,11,3,0.0,0.0,0.0,0.0,0.43936213850975037,False,False,0.0,0.0,0.0,[],10.0,10.0,1,10.0,0,0.012044582999976683
mlp_aco,2,8013,84,11,4,0.0,0.0,0.0,0.0,0.20313307642936707,False,False,0.0,0.0,0.0,[],10.0,10.0,1,10.0,0,0.012044582999976683
mlp_aco,2,8014,84,11,1,35.0,67.0,102.0,0.51,0.999802827835083,True,True,30.0,72.0,0.0,[1],10.0,10.0,1,10.0,0,0.014693416999989495
mlp_aco,2,8014,84,11,2,0.0,0.0,0.0,0.0,0.09907747060060501,False,False,0.0,0.0,0.0,[],10.0,10.0,1,10.0,0,0.014693416999989495
mlp_aco,2,8014,84,11,3,0.0,0.0,0.0,0.0,0.43936213850975037,False,False,0.0,0.0,0.0,[],10.0,10.0,1,10.0,0,0.014693416999989495
mlp_aco,2,8014,84,11,4,0.0,0.0,0.0,0.0,0.20313307642936707,False,False,0.0,0.0,0.0,[],10.0,10.0,1,10.0,0,0.014693416999989495
mlp_aco,2,8015,84,11,1,30.0,72.0,102.0,0.51,0.9991048574447632,True,True,30.0,72.0,0.0,[1],10.0,10.0,1,10.0,0,0.010190832999995791
mlp_aco,2,8015,84,11,2,0.0,0.0,0.0,0.0,0.09907747060060501,False,False,0.0,0.0,0.0,[],10.0,10.0,1,10.0,0,0.010190832999995791
mlp_aco,2,8015,84,11,3,0.0,0.0,0.0,0.0,0.43936213850975037,False,False,0.0,0.0,0.0,[],10.0,10.0,1,10.0,0,0.010190832999995791
mlp_aco,2,8015,84,11,4,0.0,0.0,0.0,0.0,0.20313307642936707,False,False,0.0,0.0,0.0,[],10.0,10.0,1,10.0,0,0.010190832999995791
mlp_aco,2,8016,84,12,1,23.0,72.0,95.0,0.475,0.9840154051780701,True,True,30.0,65.0,0.0,[1],10.0,10.0,1,10.0,0,0.010185957999993889
mlp_aco,2,8016,84,12,2,0.0,0.0,0.0,0.0,0.09907747060060501,False,False,0.0,0.0,0.0,[],10.0,10.0,1,10.0,0,0.010185957999993889
mlp_aco,2,8016,84,12,3,0.0,0.0,0.0,0.0,0.43936213850975037,False,False,0.0,0.0,0.0,[],10.0,10.0,1,10.0,0,0.010185957999993889
mlp_aco,2,8016,84,12,4,0.0,0.0,0.0,0.0,0.20313307642936707,False,False,0.0,0.0,0.0,[],10.0,10.0,1,10.0,0,0.010185957999993889
mlp_aco,2,8017,84,12,1,22.0,65.0,87.0,0.435,0.9606603980064392,True,True,30.0,57.0,0.0,[1],10.0,10.0,1,10.0,0,0.009721750000011298
mlp_aco,2,8017,84,12,2,0.0,0.0,0.0,0.0,0.09907747060060501,False,False,0.0,0.0,0.0,[],10.0,10.0,1,10.0,0,0.009721750000011298
mlp_aco,2,8017,84,12,3,0.0,0.0,0.0,0.0,0.43936213850975037,False,False,0.0,0.0,0.0,[],10.0,10.0,1,10.0,0,0.009721750000011298
mlp_aco,2,8017,84,12,4,0.0,0.0,0.0,0.0,0.20313307642936707,False,False,0.0,0.0,0.0,[],10.0,10.0,1,10.0,0,0.009721750000011298
mlp_aco,2,8018,84,12,1,21.0,57.0,78.0,0.39,0.9176790118217468,True,True,30.0,48.0,0.0,[1],10.0,10.0,1,10.0,0,0.009840125000010858
mlp_aco,2,8018,84,12,2,0.0,0.0,0.0,0.0,0.09907747060060501,False,False,0.0,0.0,0.0,[],10.0,10.0,1,10.0,0,0.009840125000010858
mlp_aco,2,8018,84,12,3,0.0,0.0,0.0,0.0,0.43936213850975037,False,False,0.0,0.0,0.0,[],10.0,10.0,1,10.0,0,0.009840125000010858
mlp_aco,2,8018,84,12,4,0.0,0.0,0.0,0.0,0.20313307642936707,False,False,0.0,0.0,0.0,[],10.0,10.0,1,10.0,0,0.009840125000010858
mlp_aco,2,8019,84,12,1,21.0,48.0,69.0,0.345,0.8970650434494019,True,True,30.0,39.0,0.0,[1],10.0,10.0,1,10.0,0,0.009776500000015176
mlp_aco,2,8019,84,12,2,0.0,0.0,0.0,0.0,0.09907747060060501,False,False,0.0,0.0,0.0,[],10.0,10.0,1,10.0,0,0.009776500000015176
mlp_aco,2,8019,84,12,3,0.0,0.0,0.0,0.0,0.43936213850975037,False,False,0.0,0.0,0.0,[],10.0,10.0,1,10.0,0,0.009776500000015176
mlp_aco,2,8019,84,12,4,0.0,0.0,0.0,0.0,0.20313307642936707,False,False,0.0,0.0,0.0,[],10.0,10.0,1,10.0,0,0.009776500000015176
mlp_aco,2,8020,84,13,1,21.0,39.0,60.0,0.3,0.8514373898506165,True,True,30.0,30.0,0.0,[1],10.0,10.0,1,10.0,0,0.009624832999975297
mlp_aco,2,8020,84,13,2,0.0,0.0,0.0,0.0,0.09907747060060501,False,False,0.0,0.0,0.0,[],10.0,10.0,1,10.0,0,0.009624832999975297
mlp_aco,2,8020,84,13,3,0.0,0.0,0.0,0.0,0.43936213850975037,False,False,0.0,0.0,0.0,[],10.0,10.0,1,10.0,0,0.009624832999975297
mlp_aco,2,8020,84,13,4,0.0,0.0,0.0,0.0,0.20313307642936707,False,False,0.0,0.0,0.0,[],10.0,10.0,1,10.0,0,0.009624832999975297
mlp_aco,2,8021,84,13,1,21.0,30.0,51.0,0.255,0.79860919713974,True,True,30.0,21.0,0.0,[1],10.0,10.0,1,10.0,0,0.009987083999988045
mlp_aco,2,8021,84,13,2,0.0,0.0,0.0,0.0,0.09907747060060501,False,False,0.0,0.0,0.0,[],10.0,10.0,1,10.0,0,0.009987083999988045
mlp_aco,2,8021,84,13,3,0.0,0.0,0.0,0.0,0.43936213850975037,False,False,0.0,0.0,0.0,[],10.0,10.0,1,10.0,0,0.009987083999988045
mlp_aco,2,8021,84,13,4,0.0,0.0,0.0,0.0,0.20313307642936707,False,False,0.0,0.0,0.0,[],10.0,10.0,1,10.0,0,0.009987083999988045
mlp_aco,2,8022,84,13,1,21.0,21.0,42.0,0.21,0.7490476369857788,True,True,30.0,12.0,0.0,[1],10.0,10.0,1,10.0,0,0.009813249999979234
mlp_aco,2,8022,84,13,2,0.0,0.0,0.0,0.0,0.09907747060060501,False,False,0.0,0.0,0.0,[],10.0,10.0,1,10.0,0,0.009813249999979234
mlp_aco,2,8022,84,13,3,0.0,0.0,0.0,0.0,0.43936213850975037,False,False,0.0,0.0,0.0,[],10.0,10.0,1,10.0,0,0.009813249999979234
mlp_aco,2,8022,84,13,4,0.0,0.0,0.0,0.0,0.20313307642936707,False,False,0.0,0.0,0.0,[],10.0,10.0,1,10.0,0,0.009813249999979234
mlp_aco,2,8023,84,13,1,21.0,12.0,33.0,0.165,0.690727949142456,False,False,0.0,33.0,0.0,[],0.0,0.0,0,0.0,0,2.7920000036374404e-06
mlp_aco,2,8023,84,13,2,0.0,0.0,0.0,0.0,0.09907747060060501,False,False,0.0,0.0,0.0,[],0.0,0.0,0,0.0,0,2.7920000036374404e-06
mlp_aco,2,8023,84,13,3,0.0,0.0,0.0,0.0,0.43936213850975037,False,False,0.0,0.0,0.0,[],0.0,0.0,0,0.0,0,2.7920000036374404e-06
mlp_aco,2,8023,84,13,4,0.0,0.0,0.0,0.0,0.20313307642936707,False,False,0.0,0.0,0.0,[],0.0,0.0,0,0.0,0,2.7920000036374404e-06
mlp_aco,2,8024,84,14,1,21.0,33.0,54.0,0.27,0.81674724817276,True,True,30.0,24.0,0.0,[1],10.0,10.0,1,10.0,0,0.009955666999985624
mlp_aco,2,8024,84,14,2,0.0,0.0,0.0,0.0,0.09907747060060501,False,False,0.0,0.0,0.0,[],10.0,10.0,1,10.0,0,0.009955666999985624
mlp_aco,2,8024,84,14,3,0.0,0.0,0.0,0.0,0.43936213850975037,False,False,0.0,0.0,0.0,[],10.0,10.0,1,10.0,0,0.009955666999985624
mlp_aco,2,8024,84,14,4,0.0,0.0,0.0,0.0,0.20313307642936707,False,False,0.0,0.0,0.0,[],10.0,10.0,1,10.0,0,0.009955666999985624
mlp_aco,2,8025,84,14,1,21.0,24.0,45.0,0.225,0.7667787671089172,True,True,30.0,15.0,0.0,[1],10.0,10.0,1,10.0,0,0.0098092089999966
mlp_aco,2,8025,84,14,2,0.0,0.0,0.0,0.0,0.09907747060060501,False,False,0.0,0.0,0.0,[],10.0,10.0,1,10.0,0,0.0098092089999966
mlp_aco,2,8025,84,14,3,0.0,0.0,0.0,0.0,0.43936213850975037,False,False,0.0,0.0,0.0,[],10.0,10.0,1,10.0,0,0.0098092089999966
mlp_aco,2,8025,84,14,4,0.0,0.0,0.0,0.0,0.20313307642936707,False,False,0.0,0.0,0.0,[],10.0,10.0,1,10.0,0,0.0098092089999966
mlp_aco,2,8026,84,14,1,21.0,15.0,36.0,0.18,0.7109898328781128,True,True,30.0,6.0,0.0,[1],10.0,10.0,1,10.0,0,0.009710249999983489
mlp_aco,2,8026,84,14,2,0.0,0.0,0.0,0.0,0.09907747060060501,False,False,0.0,0.0,0.0,[],10.0,10.0,1,10.0,0,0.009710249999983489
mlp_aco,2,8026,84,14,3,0.0,0.0,0.0,0.0,0.43936213850975037,False,False,0.0,0.0,0.0,[],10.0,10.0,1,10.0,0,0.009710249999983489
mlp_aco,2,8026,84,14,4,0.0,0.0,0.0,0.0,0.20313307642936707,False,False,0.0,0.0,0.0,[],10.0,10.0,1,10.0,0,0.009710249999983489
mlp_aco,2,8027,84,14,1,21.0,6.0,27.0,0.135,0.6574409008026123,False,False,0.0,27.0,0.0,[],0.0,0.0,0,0.0,0,4.208000007110968e-06
mlp_aco,2,8027,84,14,2,0.0,0.0,0.0,0.0,0.09907747060060501,False,False,0.0,0.0,0.0,[],0.0,0.0,0,0.0,0,4.208000007110968e-06
mlp_aco,2,8027,84,14,3,0.0,0.0,0.0,0.0,0.43936213850975037,False,False,0.0,0.0,0.0,[],0.0,0.0,0,0.0,0,4.208000007110968e-06
mlp_aco,2,8027,84,14,4,0.0,0.0,0.0,0.0,0.20313307642936707,False,False,0.0,0.0,0.0,[],0.0,0.0,0,0.0,0,4.208000007110968e-06
mlp_aco,2,8028,84,15,1,21.0,27.0,48.0,0.24,0.7832266092300415,True,True,30.0,18.0,0.0,[1],10.0,10.0,1,10.0,0,0.009589374999990241
mlp_aco,2,8028,84,15,2,0.0,0.0,0.0,0.0,0.09907747060060501,False,False,0.0,0.0,0.0,[],10.0,10.0,1,10.0,0,0.009589374999990241
mlp_aco,2,8028,84,15,3,0.0,0.0,0.0,0.0,0.43936213850975037,False,False,0.0,0.0,0.0,[],10.0,10.0,1,10.0,0,0.009589374999990241
mlp_aco,2,8028,84,15,4,0.0,0.0,0.0,0.0,0.20313307642936707,False,False,0.0,0.0,0.0,[],10.0,10.0,1,10.0,0,0.009589374999990241
mlp_aco,2,8029,84,15,1,21.0,18.0,39.0,0.195,0.7304423451423645,True,True,30.0,9.0,0.0,[1],10.0,10.0,1,10.0,0,0.009752834000011035
mlp_aco,2,8029,84,15,2,0.0,0.0,0.0,0.0,0.09907747060060501,False,False,0.0,0.0,0.0,[],10.0,10.0,1,10.0,0,0.009752834000011035
mlp_aco,2,8029,84,15,3,0.0,0.0,0.0,0.0,0.43936213850975037,False,False,0.0,0.0,0.0,[],10.0,10.0,1,10.0,0,0.009752834000011035
mlp_aco,2,8029,84,15,4,0.0,0.0,0.0,0.0,0.20313307642936707,False,False,0.0,0.0,0.0,[],10.0,10.0,1,10.0,0,0.009752834000011035
mlp_aco,2,8030,84,15,1,13.0,9.0,22.0,0.11,0.2783326208591461,False,False,0.0,22.0,0.0,[],0.0,0.0,0,0.0,0,2.625000007583367e-06
mlp_aco,2,8030,84,15,2,0.0,0.0,0.0,0.0,0.09907747060060501,False,False,0.0,0.0,0.0,[],0.0,0.0,0,0.0,0,2.625000007583367e-06
mlp_aco,2,8030,84,15,3,0.0,0.0,0.0,0.0,0.43936213850975037,False,False,0.0,0.0,0.0,[],0.0,0.0,0,0.0,0,2.625000007583367e-06
mlp_aco,2,8030,84,15,4,0.0,0.0,0.0,0.0,0.20313307642936707,False,False,0.0,0.0,0.0,[],0.0,0.0,0,0.0,0,2.625000007583367e-06
mlp_aco,2,8031,84,15,1,13.0,22.0,35.0,0.175,0.32084009051322937,False,False,0.0,35.0,0.0,[],0.0,0.0,0,0.0,0,2.6670000181638898e-06
mlp_aco,2,8031,84,15,2,0.0,0.0,0.0,0.0,0.09907747060060501,False,False,0.0,0.0,0.0,[],0.0,0.0,0,0.0,0,2.6670000181638898e-06
mlp_aco,2,8031,84,15,3,0.0,0.0,0.0,0.0,0.43936213850975037,False,False,0.0,0.0,0.0,[],0.0,0.0,0,0.0,0,2.6670000181638898e-06
mlp_aco,2,8031,84,15,4,0.0,0.0,0.0,0.0,0.20313307642936707,False,False,0.0,0.0,0.0,[],0.0,0.0,0,0.0,0,2.6670000181638898e-06
mlp_aco,2,8032,84,16,1,13.0,35.0,48.0,0.24,0.36654216051101685,False,False,0.0,48.0,0.0,[],0.0,0.0,0,0.0,0,2.1250000088457455e-06
mlp_aco,2,8032,84,16,2,0.0,0.0,0.0,0.0,0.09907747060060501,False,False,0.0,0.0,0.0,[],0.0,0.0,0,0.0,0,2.1250000088457455e-06
mlp_aco,2,8032,84,16,3,0.0,0.0,0.0,0.0,0.43936213850975037,False,False,0.0,0.0,0.0,[],0.0,0.0,0,0.0,0,2.1250000088457455e-06
mlp_aco,2,8032,84,16,4,0.0,0.0,0.0,0.0,0.20313307642936707,False,False,0.0,0.0,0.0,[],0.0,0.0,0,0.0,0,2.1250000088457455e-06
mlp_aco,2,8033,84,16,1,13.0,48.0,61.0,0.305,0.41477832198143005,False,False,0.0,61.0,0.0,[],0.0,0.0,0,0.0,0,2.625000007583367e-06
mlp_aco,2,8033,84,16,2,0.0,0.0,0.0,0.0,0.09907747060060501,False,False,0.0,0.0,0.0,[],0.0,0.0,0,0.0,0,2.625000007583367e-06
mlp_aco,2,8033,84,16,3,0.0,0.0,0.0,0.0,0.43936213850975037,False,False,0.0,0.0,0.0,[],0.0,0.0,0,0.0,0,2.625000007583367e-06
mlp_aco,2,8033,84,16,4,0.0,0.0,0.0,0.0,0.20313307642936707,False,False,0.0,0.0,0.0,[],0.0,0.0,0,0.0,0,2.625000007583367e-06
mlp_aco,2,8034,84,16,1,13.0,61.0,74.0,0.37,0.4676137864589691,False,False,0.0,74.0,0.0,[],0.0,0.0,0,0.0,0,2.041000016106409e-06
mlp_aco,2,8034,84,16,2,0.0,0.0,0.0,0.0,0.09907747060060501,False,False,0.0,0.0,0.0,[],0.0,0.0,0,0.0,0,2.041000016106409e-06
mlp_aco,2,8034,84,16,3,0.0,0.0,0.0,0.0,0.43936213850975037,False,False,0.0,0.0,0.0,[],0.0,0.0,0,0.0,0,2.041000016106409e-06
mlp_aco,2,8034,84,16,4,0.0,0.0,0.0,0.0,0.20313307642936707,False,False,0.0,0.0,0.0,[],0.0,0.0,0,0.0,0,2.041000016106409e-06
mlp_aco,2,8035,84,16,1,13.0,74.0,87.0,0.435,0.5457016825675964,False,False,0.0,87.0,0.0,[],0.0,0.0,0,0.0,0,1.958000012791672e-06
mlp_aco,2,8035,84,16,2,0.0,0.0,0.0,0.0,0.09907747060060501,False,False,0.0,0.0,0.0,[],0.0,0.0,0,0.0,0,1.958000012791672e-06
mlp_aco,2,8035,84,16,3,0.0,0.0,0.0,0.0,0.43936213850975037,False,False,0.0,0.0,0.0,[],0.0,0.0,0,0.0,0,1.958000012791672e-06
mlp_aco,2,8035,84,16,4,0.0,0.0,0.0,0.0,0.20313307642936707,False,False,0.0,0.0,0.0,[],0.0,0.0,0,0.0,0,1.958000012791672e-06
mlp_aco,2,8036,84,17,1,13.0,87.0,100.0,0.5,0.6755951642990112,False,False,0.0,100.0,0.0,[],0.0,0.0,0,0.0,0,3.042000003006251e-06
mlp_aco,2,8036,84,17,2,0.0,0.0,0.0,0.0,0.09907747060060501,False,False,0.0,0.0,0.0,[],0.0,0.0,0,0.0,0,3.042000003006251e-06
mlp_aco,2,8036,84,17,3,0.0,0.0,0.0,0.0,0.43936213850975037,False,False,0.0,0.0,0.0,[],0.0,0.0,0,0.0,0,3.042000003006251e-06
mlp_aco,2,8036,84,17,4,0.0,0.0,0.0,0.0,0.20313307642936707,False,False,0.0,0.0,0.0,[],0.0,0.0,0,0.0,0,3.042000003006251e-06
mlp_aco,2,8037,84,17,1,13.0,100.0,113.0,0.565,0.8257310390472412,True,True,30.0,83.0,0.0,[1],10.0,10.0,1,10.0,0,0.009721749999982876
mlp_aco,2,8037,84,17,2,0.0,0.0,0.0,0.0,0.09907747060060501,False,False,0.0,0.0,0.0,[],10.0,10.0,1,10.0,0,0.009721749999982876
mlp_aco,2,8037,84,17,3,0.0,0.0,0.0,0.0,0.43936213850975037,False,False,0.0,0.0,0.0,[],10.0,10.0,1,10.0,0,0.009721749999982876
mlp_aco,2,8037,84,17,4,0.0,0.0,0.0,0.0,0.20313307642936707,False,False,0.0,0.0,0.0,[],10.0,10.0,1,10.0,0,0.009721749999982876
mlp_aco,2,8038,84,17,1,13.0,83.0,96.0,0.48,0.6342129111289978,False,False,0.0,96.0,0.0,[],0.0,0.0,0,0.0,0,2.332999997634033e-06
mlp_aco,2,8038,84,17,2,0.0,0.0,0.0,0.0,0.09907747060060501,False,False,0.0,0.0,0.0,[],0.0,0.0,0,0.0,0,2.332999997634033e-06
mlp_aco,2,8038,84,17,3,0.0,0.0,0.0,0.0,0.43936213850975037,False,False,0.0,0.0,0.0,[],0.0,0.0,0,0.0,0,2.332999997634033e-06
mlp_aco,2,8038,84,17,4,0.0,0.0,0.0,0.0,0.20313307642936707,False,False,0.0,0.0,0.0,[],0.0,0.0,0,0.0,0,2.332999997634033e-06
mlp_aco,2,8039,84,17,1,13.0,96.0,109.0,0.545,0.7729811668395996,True,True,30.0,79.0,0.0,[1],10.0,10.0,1,10.0,0,0.009440084000004845
mlp_aco,2,8039,84,17,2,0.0,0.0,0.0,0.0,0.09907747060060501,False,False,0.0,0.0,0.0,[],10.0,10.0,1,10.0,0,0.009440084000004845
mlp_aco,2,8039,84,17,3,0.0,0.0,0.0,0.0,0.43936213850975037,False,False,0.0,0.0,0.0,[],10.0,10.0,1,10.0,0,0.009440084000004845
mlp_aco,2,8039,84,17,4,0.0,0.0,0.0,0.0,0.20313307642936707,False,False,0.0,0.0,0.0,[],10.0,10.0,1,10.0,0,0.009440084000004845
mlp_aco,2,8040,84,18,1,14.0,79.0,93.0,0.465,0.6852292418479919,False,False,0.0,93.0,0.0,[],0.0,0.0,0,0.0,0,3.5829999944780866e-06
mlp_aco,2,8040,84,18,2,0.0,0.0,0.0,0.0,0.09907747060060501,False,False,0.0,0.0,0.0,[],0.0,0.0,0,0.0,0,3.5829999944780866e-06
mlp_aco,2,8040,84,18,3,0.0,0.0,0.0,0.0,0.43936213850975037,False,False,0.0,0.0,0.0,[],0.0,0.0,0,0.0,0,3.5829999944780866e-06
mlp_aco,2,8040,84,18,4,0.0,0.0,0.0,0.0,0.20313307642936707,False,False,0.0,0.0,0.0,[],0.0,0.0,0,0.0,0,3.5829999944780866e-06
mlp_aco,2,8041,84,18,1,13.0,93.0,106.0,0.53,0.7368391156196594,True,True,30.0,76.0,0.0,[1],10.0,10.0,1,10.0,0,0.00970287500001632
mlp_aco,2,8041,84,18,2,0.0,0.0,0.0,0.0,0.09907747060060501,False,False,0.0,0.0,0.0,[],10.0,10.0,1,10.0,0,0.00970287500001632
mlp_aco,2,8041,84,18,3,0.0,0.0,0.0,0.0,0.43936213850975037,False,False,0.0,0.0,0.0,[],10.0,10.0,1,10.0,0,0.00970287500001632
mlp_aco,2,8041,84,18,4,0.0,0.0,0.0,0.0,0.20313307642936707,False,False,0.0,0.0,0.0,[],10.0,10.0,1,10.0,0,0.00970287500001632
mlp_aco,2,8042,84,18,1,13.0,76.0,89.0,0.445,0.558014452457428,False,False,0.0,89.0,0.0,[],0.0,0.0,0,0.0,0,2.3749999797928467e-06
mlp_aco,2,8042,84,18,2,0.0,0.0,0.0,0.0,0.09907747060060501,False,False,0.0,0.0,0.0,[],0.0,0.0,0,0.0,0,2.3749999797928467e-06
mlp_aco,2,8042,84,18,3,0.0,0.0,0.0,0.0,0.43936213850975037,False,False,0.0,0.0,0.0,[],0.0,0.0,0,0.0,0,2.3749999797928467e-06
mlp_aco,2,8042,84,18,4,0.0,0.0,0.0,0.0,0.20313307642936707,False,False,0.0,0.0,0.0,[],0.0,0.0,0,0.0,0,2.3749999797928467e-06
mlp_aco,2,8043,84,18,1,13.0,89.0,102.0,0.51,0.6923542022705078,False,False,0.0,102.0,0.0,[],0.0,0.0,0,0.0,0,2.958999999691514e-06
mlp_aco,2,8043,84,18,2,0.0,0.0,0.0,0.0,0.09907747060060501,False,False,0.0,0.0,0.0,[],0.0,0.0,0,0.0,0,2.958999999691514e-06
mlp_aco,2,8043,84,18,3,0.0,0.0,0.0,0.0,0.43936213850975037,False,False,0.0,0.0,0.0,[],0.0,0.0,0,0.0,0,2.958999999691514e-06
mlp_aco,2,8043,84,18,4,0.0,0.0,0.0,0.0,0.20313307642936707,False,False,0.0,0.0,0.0,[],0.0,0.0,0,0.0,0,2.958999999691514e-06
mlp_aco,2,8044,84,19,1,13.0,102.0,115.0,0.575,0.8510873913764954,True,True,30.0,85.0,0.0,[1],10.0,10.0,1,10.0,0,0.00966391700001168
mlp_aco,2,8044,84,19,2,0.0,0.0,0.0,0.0,0.09907747060060501,False,False,0.0,0.0,0.0,[],10.0,10.0,1,10.0,0,0.00966391700001168
mlp_aco,2,8044,84,19,3,0.0,0.0,0.0,0.0,0.43936213850975037,False,False,0.0,0.0,0.0,[],10.0,10.0,1,10.0,0,0.00966391700001168
mlp_aco,2,8044,84,19,4,0.0,0.0,0.0,0.0,0.20313307642936707,False,False,0.0,0.0,0.0,[],10.0,10.0,1,10.0,0,0.00966391700001168
mlp_aco,2,8045,84,19,1,13.0,85.0,98.0,0.49,0.6532936096191406,False,False,0.0,98.0,0.0,[],0.0,0.0,0,0.0,0,2.3749999797928467e-06
mlp_aco,2,8045,84,19,2,0.0,0.0,0.0,0.0,0.09907747060060501,False,False,0.0,0.0,0.0,[],0.0,0.0,0,0.0,0,2.3749999797928467e-06
mlp_aco,2,8045,84,19,3,0.0,0.0,0.0,0.0,0.43936213850975037,False,False,0.0,0.0,0.0,[],0.0,0.0,0,0.0,0,2.3749999797928467e-06
mlp_aco,2,8045,84,19,4,0.0,0.0,0.0,0.0,0.20313307642936707,False,False,0.0,0.0,0.0,[],0.0,0.0,0,0.0,0,2.3749999797928467e-06
mlp_aco,2,8046,84,19,1,13.0,98.0,111.0,0.555,0.7995195984840393,True,True,30.0,81.0,0.0,[1],10.0,10.0,1,10.0,0,0.009427124999973557
mlp_aco,2,8046,84,19,2,0.0,0.0,0.0,0.0,0.09907747060060501,False,False,0.0,0.0,0.0,[],10.0,10.0,1,10.0,0,0.009427124999973557
mlp_aco,2,8046,84,19,3,0.0,0.0,0.0,0.0,0.43936213850975037,False,False,0.0,0.0,0.0,[],10.0,10.0,1,10.0,0,0.009427124999973557
mlp_aco,2,8046,84,19,4,0.0,0.0,0.0,0.0,0.20313307642936707,False,False,0.0,0.0,0.0,[],10.0,10.0,1,10.0,0,0.009427124999973557
mlp_aco,2,8047,84,19,1,13.0,81.0,94.0,0.47,0.6153450012207031,False,False,0.0,94.0,0.0,[],0.0,0.0,0,0.0,0,2.8329999963716546e-06
mlp_aco,2,8047,84,19,2,0.0,0.0,0.0,0.0,0.09907747060060501,False,False,0.0,0.0,0.0,[],0.0,0.0,0,0.0,0,2.8329999963716546e-06
mlp_aco,2,8047,84,19,3,0.0,0.0,0.0,0.0,0.43936213850975037,False,False,0.0,0.0,0.0,[],0.0,0.0,0,0.0,0,2.8329999963716546e-06
mlp_aco,2,8047,84,19,4,0.0,0.0,0.0,0.0,0.20313307642936707,False,False,0.0,0.0,0.0,[],0.0,0.0,0,0.0,0,2.8329999963716546e-06
mlp_aco,2,8048,84,20,1,13.0,94.0,107.0,0.535,0.7533126473426819,True,True,30.0,77.0,0.0,[1],10.0,10.0,1,10.0,0,0.009693917000021202
mlp_aco,2,8048,84,20,2,0.0,0.0,0.0,0.0,0.09907747060060501,False,False,0.0,0.0,0.0,[],10.0,10.0,1,10.0,0,0.009693917000021202
mlp_aco,2,8048,84,20,3,0.0,0.0,0.0,0.0,0.43936213850975037,False,False,0.0,0.0,0.0,[],10.0,10.0,1,10.0,0,0.009693917000021202
mlp_aco,2,8048,84,20,4,0.0,0.0,0.0,0.0,0.20313307642936707,False,False,0.0,0.0,0.0,[],10.0,10.0,1,10.0,0,0.009693917000021202
mlp_aco,2,8049,84,20,1,13.0,77.0,90.0,0.45,0.5755570530891418,False,False,0.0,90.0,0.0,[],0.0,0.0,0,0.0,0,3.375000005689799e-06
mlp_aco,2,8049,84,20,2,0.0,0.0,0.0,0.0,0.09907747060060501,False,False,0.0,0.0,0.0,[],0.0,0.0,0,0.0,0,3.375000005689799e-06
mlp_aco,2,8049,84,20,3,0.0,0.0,0.0,0.0,0.43936213850975037,False,False,0.0,0.0,0.0,[],0.0,0.0,0,0.0,0,3.375000005689799e-06
mlp_aco,2,8049,84,20,4,0.0,0.0,0.0,0.0,0.20313307642936707,False,False,0.0,0.0,0.0,[],0.0,0.0,0,0.0,0,3.375000005689799e-06
mlp_aco,2,8050,84,20,1,13.0,90.0,103.0,0.515,0.7091836333274841,True,True,30.0,73.0,0.0,[1],10.0,10.0,1,10.0,0,0.009633583000010049
mlp_aco,2,8050,84,20,2,0.0,0.0,0.0,0.0,0.09907747060060501,False,False,0.0,0.0,0.0,[],10.0,10.0,1,10.0,0,0.009633583000010049
mlp_aco,2,8050,84,20,3,0.0,0.0,0.0,0.0,0.43936213850975037,False,False,0.0,0.0,0.0,[],10.0,10.0,1,10.0,0,0.009633583000010049
mlp_aco,2,8050,84,20,4,0.0,0.0,0.0,0.0,0.20313307642936707,False,False,0.0,0.0,0.0,[],10.0,10.0,1,10.0,0,0.009633583000010049
mlp_aco,2,8051,84,20,1,13.0,73.0,86.0,0.43,0.5363475680351257,False,False,0.0,86.0,0.0,[],0.0,0.0,0,0.0,0,2.4590000009538926e-06
mlp_aco,2,8051,84,20,2,0.0,0.0,0.0,0.0,0.09907747060060501,False,False,0.0,0.0,0.0,[],0.0,0.0,0,0.0,0,2.4590000009538926e-06
mlp_aco,2,8051,84,20,3,0.0,0.0,0.0,0.0,0.43936213850975037,False,False,0.0,0.0,0.0,[],0.0,0.0,0,0.0,0,2.4590000009538926e-06
mlp_aco,2,8051,84,20,4,0.0,0.0,0.0,0.0,0.20313307642936707,False,False,0.0,0.0,0.0,[],0.0,0.0,0,0.0,0,2.4590000009538926e-06
mlp_aco,2,8052,84,21,1,13.0,86.0,99.0,0.495,0.6639606356620789,False,False,0.0,99.0,0.0,[],0.0,0.0,0,0.0,0,2.0420000055310084e-06
mlp_aco,2,8052,84,21,2,0.0,0.0,0.0,0.0,0.09907747060060501,False,False,0.0,0.0,0.0,[],0.0,0.0,0,0.0,0,2.0420000055310084e-06
mlp_aco,2,8052,84,21,3,0.0,0.0,0.0,0.0,0.43936213850975037,False,False,0.0,0.0,0.0,[],0.0,0.0,0,0.0,0,2.0420000055310084e-06
mlp_aco,2,8052,84,21,4,0.0,0.0,0.0,0.0,0.20313307642936707,False,False,0.0,0.0,0.0,[],0.0,0.0,0,0.0,0,2.0420000055310084e-06
mlp_aco,2,8053,84,21,1,13.0,99.0,112.0,0.56,0.8121951222419739,True,True,30.0,82.0,0.0,[1],10.0,10.0,1,10.0,0,0.009559292000005826
mlp_aco,2,8053,84,21,2,0.0,0.0,0.0,0.0,0.09907747060060501,False,False,0.0,0.0,0.0,[],10.0,10.0,1,10.0,0,0.009559292000005826
mlp_aco,2,8053,84,21,3,0.0,0.0,0.0,0.0,0.43936213850975037,False,False,0.0,0.0,0.0,[],10.0,10.0,1,10.0,0,0.009559292000005826
mlp_aco,2,8053,84,21,4,0.0,0.0,0.0,0.0,0.20313307642936707,False,False,0.0,0.0,0.0,[],10.0,10.0,1,10.0,0,0.009559292000005826
mlp_aco,2,8054,84,21,1,13.0,82.0,95.0,0.475,0.6248263716697693,False,False,0.0,95.0,0.0,[],0.0,0.0,0,0.0,0,2.708000010898104e-06
mlp_aco,2,8054,84,21,2,0.0,0.0,0.0,0.0,0.09907747060060501,False,False,0.0,0.0,0.0,[],0.0,0.0,0,0.0,0,2.708000010898104e-06
mlp_aco,2,8054,84,21,3,0.0,0.0,0.0,0.0,0.43936213850975037,False,False,0.0,0.0,0.0,[],0.0,0.0,0,0.0,0,2.708000010898104e-06
mlp_aco,2,8054,84,21,4,0.0,0.0,0.0,0.0,0.20313307642936707,False,False,0.0,0.0,0.0,[],0.0,0.0,0,0.0,0,2.708000010898104e-06
mlp_aco,2,8055,84,21,1,13.0,95.0,108.0,0.54,0.7631208896636963,True,True,30.0,78.0,0.0,[1],10.0,10.0,1,10.0,0,0.009698584000005894
mlp_aco,2,8055,84,21,2,0.0,0.0,0.0,0.0,0.09907747060060501,False,False,0.0,0.0,0.0,[],10.0,10.0,1,10.0,0,0.009698584000005894
mlp_aco,2,8055,84,21,3,0.0,0.0,0.0,0.0,0.43936213850975037,False,False,0.0,0.0,0.0,[],10.0,10.0,1,10.0,0,0.009698584000005894
mlp_aco,2,8055,84,21,4,0.0,0.0,0.0,0.0,0.20313307642936707,False,False,0.0,0.0,0.0,[],10.0,10.0,1,10.0,0,0.009698584000005894
mlp_aco,2,8056,84,22,1,13.0,78.0,91.0,0.455,0.5859581232070923,False,False,0.0,91.0,0.0,[],0.0,0.0,0,0.0,0,2.957999981845205e-06
mlp_aco,2,8056,84,22,2,0.0,0.0,0.0,0.0,0.09907747060060501,False,False,0.0,0.0,0.0,[],0.0,0.0,0,0.0,0,2.957999981845205e-06
mlp_aco,2,8056,84,22,3,0.0,0.0,0.0,0.0,0.43936213850975037,False,False,0.0,0.0,0.0,[],0.0,0.0,0,0.0,0,2.957999981845205e-06
mlp_aco,2,8056,84,22,4,0.0,0.0,0.0,0.0,0.20313307642936707,False,False,0.0,0.0,0.0,[],0.0,0.0,0,0.0,0,2.957999981845205e-06
mlp_aco,2,8057,84,22,1,13.0,91.0,104.0,0.52,0.7202107310295105,True,True,30.0,74.0,0.0,[1],10.0,10.0,1,10.0,0,0.009548749999993333
mlp_aco,2,8057,84,22,2,0.0,0.0,0.0,0.0,0.09907747060060501,False,False,0.0,0.0,0.0,[],10.0,10.0,1,10.0,0,0.009548749999993333
mlp_aco,2,8057,84,22,3,0.0,0.0,0.0,0.0,0.43936213850975037,False,False,0.0,0.0,0.0,[],10.0,10.0,1,10.0,0,0.009548749999993333
mlp_aco,2,8057,84,22,4,0.0,0.0,0.0,0.0,0.20313307642936707,False,False,0.0,0.0,0.0,[],10.0,10.0,1,10.0,0,0.009548749999993333
mlp_aco,2,8058,84,22,1,13.0,74.0,87.0,0.435,0.5457016825675964,False,False,0.0,87.0,0.0,[],0.0,0.0,0,0.0,0,2.4999999936881068e-06
mlp_aco,2,8058,84,22,2,0.0,0.0,0.0,0.0,0.09907747060060501,False,False,0.0,0.0,0.0,[],0.0,0.0,0,0.0,0,2.4999999936881068e-06
mlp_aco,2,8058,84,22,3,0.0,0.0,0.0,0.0,0.43936213850975037,False,False,0.0,0.0,0.0,[],0.0,0.0,0,0.0,0,2.4999999936881068e-06
mlp_aco,2,8058,84,22,4,0.0,0.0,0.0,0.0,0.20313307642936707,False,False,0.0,0.0,0.0,[],0.0,0.0,0,0.0,0,2.4999999936881068e-06
mlp_aco,2,8059,84,22,1,4.0,87.0,91.0,0.455,0.24797303974628448,False,False,0.0,91.0,0.0,[],0.0,0.0,0,0.0,0,1.958000012791672e-06
mlp_aco,2,8059,84,22,2,0.0,0.0,0.0,0.0,0.09907747060060501,False,False,0.0,0.0,0.0,[],0.0,0.0,0,0.0,0,1.958000012791672e-06
mlp_aco,2,8059,84,22,3,0.0,0.0,0.0,0.0,0.43936213850975037,False,False,0.0,0.0,0.0,[],0.0,0.0,0,0.0,0,1.958000012791672e-06
mlp_aco,2,8059,84,22,4,0.0,0.0,0.0,0.0,0.20313307642936707,False,False,0.0,0.0,0.0,[],0.0,0.0,0,0.0,0,1.958000012791672e-06
mlp_aco,2,8060,84,23,1,0.0,91.0,91.0,0.455,0.20207376778125763,False,False,0.0,91.0,0.0,[],0.0,0.0,0,0.0,0,2.6670000181638898e-06
mlp_aco,2,8060,84,23,2,0.0,0.0,0.0,0.0,0.09907747060060501,False,False,0.0,0.0,0.0,[],0.0,0.0,0,0.0,0,2.6670000181638898e-06
mlp_aco,2,8060,84,23,3,0.0,0.0,0.0,0.0,0.43936213850975037,False,False,0.0,0.0,0.0,[],0.0,0.0,0,0.0,0,2.6670000181638898e-06
mlp_aco,2,8060,84,23,4,0.0,0.0,0.0,0.0,0.20313307642936707,False,False,0.0,0.0,0.0,[],0.0,0.0,0,0.0,0,2.6670000181638898e-06
mlp_aco,2,8061,84,23,1,0.0,91.0,91.0,0.455,0.258858323097229,False,False,0.0,91.0,0.0,[],0.0,0.0,0,0.0,0,1.9999999949504854e-06
mlp_aco,2,8061,84,23,2,0.0,0.0,0.0,0.0,0.09907747060060501,False,False,0.0,0.0,0.0,[],0.0,0.0,0,0.0,0,1.9999999949504854e-06
mlp_aco,2,8061,84,23,3,0.0,0.0,0.0,0.0,0.43936213850975037,False,False,0.0,0.0,0.0,[],0.0,0.0,0,0.0,0,1.9999999949504854e-06
mlp_aco,2,8061,84,23,4,0.0,0.0,0.0,0.0,0.20313307642936707,False,False,0.0,0.0,0.0,[],0.0,0.0,0,0.0,0,1.9999999949504854e-06
mlp_aco,2,8062,84,23,1,0.0,91.0,91.0,0.455,0.30742326378822327,False,False,0.0,91.0,0.0,[],0.0,0.0,0,0.0,0,3.167000016901511e-06
mlp_aco,2,8062,84,23,2,0.0,0.0,0.0,0.0,0.09907747060060501,False,False,0.0,0.0,0.0,[],0.0,0.0,0,0.0,0,3.167000016901511e-06
mlp_aco,2,8062,84,23,3,0.0,0.0,0.0,0.0,0.43936213850975037,False,False,0.0,0.0,0.0,[],0.0,0.0,0,0.0,0,3.167000016901511e-06
mlp_aco,2,8062,84,23,4,0.0,0.0,0.0,0.0,0.20313307642936707,False,False,0.0,0.0,0.0,[],0.0,0.0,0,0.0,0,3.167000016901511e-06
mlp_aco,2,8063,84,23,1,0.0,91.0,91.0,0.455,0.3224138915538788,False,False,0.0,91.0,0.0,[],0.0,0.0,0,0.0,0,1.9999999949504854e-06
mlp_aco,2,8063,84,23,2,0.0,0.0,0.0,0.0,0.09907747060060501,False,False,0.0,0.0,0.0,[],0.0,0.0,0,0.0,0,1.9999999949504854e-06
mlp_aco,2,8063,84,23,3,0.0,0.0,0.0,0.0,0.43936213850975037,False,False,0.0,0.0,0.0,[],0.0,0.0,0,0.0,0,1.9999999949504854e-06
mlp_aco,2,8063,84,23,4,0.0,0.0,0.0,0.0,0.20313307642936707,False,False,0.0,0.0,0.0,[],0.0,0.0,0,0.0,0,1.9999999949504854e-06
mlp_aco,2,8064,85,0,1,26.0,91.0,117.0,0.585,0.9984234571456909,True,True,30.0,87.0,0.0,[1],10.0,10.0,1,10.0,0,0.009504374999977472
mlp_aco,2,8064,85,0,2,0.0,0.0,0.0,0.0,0.09907747060060501,False,False,0.0,0.0,0.0,[],10.0,10.0,1,10.0,0,0.009504374999977472
mlp_aco,2,8064,85,0,3,0.0,0.0,0.0,0.0,0.43936213850975037,False,False,0.0,0.0,0.0,[],10.0,10.0,1,10.0,0,0.009504374999977472
mlp_aco,2,8064,85,0,4,0.0,0.0,0.0,0.0,0.20313307642936707,False,False,0.0,0.0,0.0,[],10.0,10.0,1,10.0,0,0.009504374999977472
mlp_aco,2,8065,85,0,1,26.0,87.0,113.0,0.565,0.9970922470092773,True,True,30.0,83.0,0.0,[1],10.0,10.0,1,10.0,0,0.011335250000001906
mlp_aco,2,8065,85,0,2,0.0,0.0,0.0,0.0,0.09907747060060501,False,False,0.0,0.0,0.0,[],10.0,10.0,1,10.0,0,0.011335250000001906
mlp_aco,2,8065,85,0,3,0.0,0.0,0.0,0.0,0.43936213850975037,False,False,0.0,0.0,0.0,[],10.0,10.0,1,10.0,0,0.011335250000001906
mlp_aco,2,8065,85,0,4,0.0,0.0,0.0,0.0,0.20313307642936707,False,False,0.0,0.0,0.0,[],10.0,10.0,1,10.0,0,0.011335250000001906
mlp_aco,2,8066,85,0,1,29.0,83.0,112.0,0.56,0.9988552927970886,True,True,30.0,82.0,0.0,[1],10.0,10.0,1,10.0,0,0.012388334000007717
mlp_aco,2,8066,85,0,2,0.0,0.0,0.0,0.0,0.09907747060060501,False,False,0.0,0.0,0.0,[],10.0,10.0,1,10.0,0,0.012388334000007717
mlp_aco,2,8066,85,0,3,0.0,0.0,0.0,0.0,0.43936213850975037,False,False,0.0,0.0,0.0,[],10.0,10.0,1,10.0,0,0.012388334000007717
mlp_aco,2,8066,85,0,4,0.0,0.0,0.0,0.0,0.20313307642936707,False,False,0.0,0.0,0.0,[],10.0,10.0,1,10.0,0,0.012388334000007717
mlp_aco,2,8067,85,0,1,26.0,82.0,108.0,0.54,0.9968981742858887,True,True,30.0,78.0,0.0,[1],10.0,10.0,1,10.0,0,0.010560832999999548
mlp_aco,2,8067,85,0,2,0.0,0.0,0.0,0.0,0.09907747060060501,False,False,0.0,0.0,0.0,[],10.0,10.0,1,10.0,0,0.010560832999999548
mlp_aco,2,8067,85,0,3,0.0,0.0,0.0,0.0,0.43936213850975037,False,False,0.0,0.0,0.0,[],10.0,10.0,1,10.0,0,0.010560832999999548
mlp_aco,2,8067,85,0,4,0.0,0.0,0.0,0.0,0.20313307642936707,False,False,0.0,0.0,0.0,[],10.0,10.0,1,10.0,0,0.010560832999999548
mlp_aco,2,8068,85,1,1,29.0,78.0,107.0,0.535,0.9987286329269409,True,True,30.0,77.0,0.0,[1],10.0,10.0,1,10.0,0,0.010929542000013726
mlp_aco,2,8068,85,1,2,0.0,0.0,0.0,0.0,0.09907747060060501,False,False,0.0,0.0,0.0,[],10.0,10.0,1,10.0,0,0.010929542000013726
mlp_aco,2,8068,85,1,3,0.0,0.0,0.0,0.0,0.43936213850975037,False,False,0.0,0.0,0.0,[],10.0,10.0,1,10.0,0,0.010929542000013726
mlp_aco,2,8068,85,1,4,0.0,0.0,0.0,0.0,0.20313307642936707,False,False,0.0,0.0,0.0,[],10.0,10.0,1,10.0,0,0.010929542000013726
mlp_aco,2,8069,85,1,1,26.0,77.0,103.0,0.515,0.9958520531654358,True,True,30.0,73.0,0.0,[1],10.0,10.0,1,10.0,0,0.010701291999993146
mlp_aco,2,8069,85,1,2,0.0,0.0,0.0,0.0,0.09907747060060501,False,False,0.0,0.0,0.0,[],10.0,10.0,1,10.0,0,0.010701291999993146
mlp_aco,2,8069,85,1,3,0.0,0.0,0.0,0.0,0.43936213850975037,False,False,0.0,0.0,0.0,[],10.0,10.0,1,10.0,0,0.010701291999993146
mlp_aco,2,8069,85,1,4,0.0,0.0,0.0,0.0,0.20313307642936707,False,False,0.0,0.0,0.0,[],10.0,10.0,1,10.0,0,0.010701291999993146
mlp_aco,2,8070,85,1,1,27.0,73.0,100.0,0.5,0.9962241053581238,True,True,30.0,70.0,0.0,[1],10.0,10.0,1,10.0,0,0.012423834000003353
mlp_aco,2,8070,85,1,2,0.0,0.0,0.0,0.0,0.09907747060060501,False,False,0.0,0.0,0.0,[],10.0,10.0,1,10.0,0,0.012423834000003353
mlp_aco,2,8070,85,1,3,0.0,0.0,0.0,0.0,0.43936213850975037,False,False,0.0,0.0,0.0,[],10.0,10.0,1,10.0,0,0.012423834000003353
mlp_aco,2,8070,85,1,4,0.0,0.0,0.0,0.0,0.20313307642936707,False,False,0.0,0.0,0.0,[],10.0,10.0,1,10.0,0,0.012423834000003353
mlp_aco,2,8071,85,1,1,28.0,70.0,98.0,0.49,0.9969086050987244,True,True,30.0,68.0,0.0,[1],10.0,10.0,1,10.0,0,0.01061933300002238
mlp_aco,2,8071,85,1,2,0.0,0.0,0.0,0.0,0.09907747060060501,False,False,0.0,0.0,0.0,[],10.0,10.0,1,10.0,0,0.01061933300002238
mlp_aco,2,8071,85,1,3,0.0,0.0,0.0,0.0,0.43936213850975037,False,False,0.0,0.0,0.0,[],10.0,10.0,1,10.0,0,0.01061933300002238
mlp_aco,2,8071,85,1,4,0.0,0.0,0.0,0.0,0.20313307642936707,False,False,0.0,0.0,0.0,[],10.0,10.0,1,10.0,0,0.01061933300002238
mlp_aco,2,8072,85,2,1,27.0,68.0,95.0,0.475,0.994792103767395,True,True,30.0,65.0,0.0,[1],10.0,10.0,1,10.0,0,0.010687957999977016
mlp_aco,2,8072,85,2,2,0.0,0.0,0.0,0.0,0.09907747060060501,False,False,0.0,0.0,0.0,[],10.0,10.0,1,10.0,0,0.010687957999977016
mlp_aco,2,8072,85,2,3,0.0,0.0,0.0,0.0,0.43936213850975037,False,False,0.0,0.0,0.0,[],10.0,10.0,1,10.0,0,0.010687957999977016
mlp_aco,2,8072,85,2,4,0.0,0.0,0.0,0.0,0.20313307642936707,False,False,0.0,0.0,0.0,[],10.0,10.0,1,10.0,0,0.010687957999977016
mlp_aco,2,8073,85,2,1,28.0,65.0,93.0,0.465,0.9957350492477417,True,True,30.0,63.0,0.0,[1],10.0,10.0,1,10.0,0,0.010742125000007263
mlp_aco,2,8073,85,2,2,0.0,0.0,0.0,0.0,0.09907747060060501,False,False,0.0,0.0,0.0,[],10.0,10.0,1,10.0,0,0.010742125000007263
mlp_aco,2,8073,85,2,3,0.0,0.0,0.0,0.0,0.43936213850975037,False,False,0.0,0.0,0.0,[],10.0,10.0,1,10.0,0,0.010742125000007263
mlp_aco,2,8073,85,2,4,0.0,0.0,0.0,0.0,0.20313307642936707,False,False,0.0,0.0,0.0,[],10.0,10.0,1,10.0,0,0.010742125000007263
mlp_aco,2,8074,85,2,1,27.0,63.0,90.0,0.45,0.9933081865310669,True,True,30.0,60.0,0.0,[1],10.0,10.0,1,10.0,0,0.011148167000015974
mlp_aco,2,8074,85,2,2,0.0,0.0,0.0,0.0,0.09907747060060501,False,False,0.0,0.0,0.0,[],10.0,10.0,1,10.0,0,0.011148167000015974
mlp_aco,2,8074,85,2,3,0.0,0.0,0.0,0.0,0.43936213850975037,False,False,0.0,0.0,0.0,[],10.0,10.0,1,10.0,0,0.011148167000015974
mlp_aco,2,8074,85,2,4,0.0,0.0,0.0,0.0,0.20313307642936707,False,False,0.0,0.0,0.0,[],10.0,10.0,1,10.0,0,0.011148167000015974
mlp_aco,2,8075,85,2,1,26.0,60.0,86.0,0.43,0.9888244867324829,True,True,30.0,56.0,0.0,[1],10.0,10.0,1,10.0,0,0.010541249999988622
mlp_aco,2,8075,85,2,2,0.0,0.0,0.0,0.0,0.09907747060060501,False,False,0.0,0.0,0.0,[],10.0,10.0,1,10.0,0,0.010541249999988622
mlp_aco,2,8075,85,2,3,0.0,0.0,0.0,0.0,0.43936213850975037,False,False,0.0,0.0,0.0,[],10.0,10.0,1,10.0,0,0.010541249999988622
mlp_aco,2,8075,85,2,4,0.0,0.0,0.0,0.0,0.20313307642936707,False,False,0.0,0.0,0.0,[],10.0,10.0,1,10.0,0,0.010541249999988622
mlp_aco,2,8076,85,3,1,29.0,56.0,85.0,0.425,0.9952358603477478,True,True,30.0,55.0,0.0,[1],10.0,10.0,1,10.0,0,0.011090458000012404
mlp_aco,2,8076,85,3,2,0.0,0.0,0.0,0.0,0.09907747060060501,False,False,0.0,0.0,0.0,[],10.0,10.0,1,10.0,0,0.011090458000012404
mlp_aco,2,8076,85,3,3,0.0,0.0,0.0,0.0,0.43936213850975037,False,False,0.0,0.0,0.0,[],10.0,10.0,1,10.0,0,0.011090458000012404
mlp_aco,2,8076,85,3,4,0.0,0.0,0.0,0.0,0.20313307642936707,False,False,0.0,0.0,0.0,[],10.0,10.0,1,10.0,0,0.011090458000012404
mlp_aco,2,8077,85,3,1,26.0,55.0,81.0,0.405,0.9854188561439514,True,True,30.0,51.0,0.0,[1],10.0,10.0,1,10.0,0,0.011588291999999
mlp_aco,2,8077,85,3,2,0.0,0.0,0.0,0.0,0.09907747060060501,False,False,0.0,0.0,0.0,[],10.0,10.0,1,10.0,0,0.011588291999999
mlp_aco,2,8077,85,3,3,0.0,0.0,0.0,0.0,0.43936213850975037,False,False,0.0,0.0,0.0,[],10.0,10.0,1,10.0,0,0.011588291999999
mlp_aco,2,8077,85,3,4,0.0,0.0,0.0,0.0,0.20313307642936707,False,False,0.0,0.0,0.0,[],10.0,10.0,1,10.0,0,0.011588291999999
mlp_aco,2,8078,85,3,1,28.0,51.0,79.0,0.395,0.9912804961204529,True,True,30.0,49.0,0.0,[1],10.0,10.0,1,10.0,0,0.010750916999995752
mlp_aco,2,8078,85,3,2,0.0,0.0,0.0,0.0,0.09907747060060501,False,False,0.0,0.0,0.0,[],10.0,10.0,1,10.0,0,0.010750916999995752
mlp_aco,2,8078,85,3,3,0.0,0.0,0.0,0.0,0.43936213850975037,False,False,0.0,0.0,0.0,[],10.0,10.0,1,10.0,0,0.010750916999995752
mlp_aco,2,8078,85,3,4,0.0,0.0,0.0,0.0,0.20313307642936707,False,False,0.0,0.0,0.0,[],10.0,10.0,1,10.0,0,0.010750916999995752
mlp_aco,2,8079,85,3,1,27.0,49.0,76.0,0.38,0.9864750504493713,True,True,30.0,46.0,0.0,[1],10.0,10.0,1,10.0,0,0.011910291000020834
mlp_aco,2,8079,85,3,2,0.0,0.0,0.0,0.0,0.09907747060060501,False,False,0.0,0.0,0.0,[],10.0,10.0,1,10.0,0,0.011910291000020834
mlp_aco,2,8079,85,3,3,0.0,0.0,0.0,0.0,0.43936213850975037,False,False,0.0,0.0,0.0,[],10.0,10.0,1,10.0,0,0.011910291000020834
mlp_aco,2,8079,85,3,4,0.0,0.0,0.0,0.0,0.20313307642936707,False,False,0.0,0.0,0.0,[],10.0,10.0,1,10.0,0,0.011910291000020834
mlp_aco,2,8080,85,4,1,26.0,46.0,72.0,0.36,0.9774469137191772,True,True,30.0,42.0,0.0,[1],10.0,10.0,1,10.0,0,0.011628958000017064
mlp_aco,2,8080,85,4,2,0.0,0.0,0.0,0.0,0.09907747060060501,False,False,0.0,0.0,0.0,[],10.0,10.0,1,10.0,0,0.011628958000017064
mlp_aco,2,8080,85,4,3,0.0,0.0,0.0,0.0,0.43936213850975037,False,False,0.0,0.0,0.0,[],10.0,10.0,1,10.0,0,0.011628958000017064
mlp_aco,2,8080,85,4,4,0.0,0.0,0.0,0.0,0.20313307642936707,False,False,0.0,0.0,0.0,[],10.0,10.0,1,10.0,0,0.011628958000017064
mlp_aco,2,8081,85,4,1,29.0,42.0,71.0,0.355,0.9906360507011414,True,True,30.0,41.0,0.0,[1],10.0,10.0,1,10.0,0,0.01157858299998793
mlp_aco,2,8081,85,4,2,0.0,0.0,0.0,0.0,0.09907747060060501,False,False,0.0,0.0,0.0,[],10.0,10.0,1,10.0,0,0.01157858299998793
mlp_aco,2,8081,85,4,3,0.0,0.0,0.0,0.0,0.43936213850975037,False,False,0.0,0.0,0.0,[],10.0,10.0,1,10.0,0,0.01157858299998793
mlp_aco,2,8081,85,4,4,0.0,0.0,0.0,0.0,0.20313307642936707,False,False,0.0,0.0,0.0,[],10.0,10.0,1,10.0,0,0.01157858299998793
mlp_aco,2,8082,85,4,1,26.0,41.0,67.0,0.335,0.972369372844696,True,True,30.0,37.0,0.0,[1],10.0,10.0,1,10.0,0,0.011511833000014349
mlp_aco,2,8082,85,4,2,0.0,0.0,0.0,0.0,0.09907747060060501,False,False,0.0,0.0,0.0,[],10.0,10.0,1,10.0,0,0.011511833000014349
mlp_aco,2,8082,85,4,3,0.0,0.0,0.0,0.0,0.43936213850975037,False,False,0.0,0.0,0.0,[],10.0,10.0,1,10.0,0,0.011511833000014349
mlp_aco,2,8082,85,4,4,0.0,0.0,0.0,0.0,0.20313307642936707,False,False,0.0,0.0,0.0,[],10.0,10.0,1,10.0,0,0.011511833000014349
mlp_aco,2,8083,85,4,1,29.0,37.0,66.0,0.33,0.9887138605117798,True,True,30.0,36.0,0.0,[1],10.0,10.0,1,10.0,0,0.01125116700001172
mlp_aco,2,8083,85,4,2,0.0,0.0,0.0,0.0,0.09907747060060501,False,False,0.0,0.0,0.0,[],10.0,10.0,1,10.0,0,0.01125116700001172
mlp_aco,2,8083,85,4,3,0.0,0.0,0.0,0.0,0.43936213850975037,False,False,0.0,0.0,0.0,[],10.0,10.0,1,10.0,0,0.01125116700001172
mlp_aco,2,8083,85,4,4,0.0,0.0,0.0,0.0,0.20313307642936707,False,False,0.0,0.0,0.0,[],10.0,10.0,1,10.0,0,0.01125116700001172
mlp_aco,2,8084,85,5,1,26.0,36.0,62.0,0.31,0.9665696620941162,True,True,30.0,32.0,0.0,[1],10.0,10.0,1,10.0,0,0.011308374999998705
mlp_aco,2,8084,85,5,2,0.0,0.0,0.0,0.0,0.09907747060060501,False,False,0.0,0.0,0.0,[],10.0,10.0,1,10.0,0,0.011308374999998705
mlp_aco,2,8084,85,5,3,0.0,0.0,0.0,0.0,0.43936213850975037,False,False,0.0,0.0,0.0,[],10.0,10.0,1,10.0,0,0.011308374999998705
mlp_aco,2,8084,85,5,4,0.0,0.0,0.0,0.0,0.20313307642936707,False,False,0.0,0.0,0.0,[],10.0,10.0,1,10.0,0,0.011308374999998705
mlp_aco,2,8085,85,5,1,29.0,32.0,61.0,0.305,0.9864079356193542,True,True,30.0,31.0,0.0,[1],10.0,10.0,1,10.0,0,0.011260292000002892
mlp_aco,2,8085,85,5,2,0.0,0.0,0.0,0.0,0.09907747060060501,False,False,0.0,0.0,0.0,[],10.0,10.0,1,10.0,0,0.011260292000002892
mlp_aco,2,8085,85,5,3,0.0,0.0,0.0,0.0,0.43936213850975037,False,False,0.0,0.0,0.0,[],10.0,10.0,1,10.0,0,0.011260292000002892
mlp_aco,2,8085,85,5,4,0.0,0.0,0.0,0.0,0.20313307642936707,False,False,0.0,0.0,0.0,[],10.0,10.0,1,10.0,0,0.011260292000002892
mlp_aco,2,8086,85,5,1,26.0,31.0,57.0,0.285,0.9597963094711304,True,True,30.0,27.0,0.0,[1],10.0,10.0,1,10.0,0,0.011014624999972966
mlp_aco,2,8086,85,5,2,0.0,0.0,0.0,0.0,0.09907747060060501,False,False,0.0,0.0,0.0,[],10.0,10.0,1,10.0,0,0.011014624999972966
mlp_aco,2,8086,85,5,3,0.0,0.0,0.0,0.0,0.43936213850975037,False,False,0.0,0.0,0.0,[],10.0,10.0,1,10.0,0,0.011014624999972966
mlp_aco,2,8086,85,5,4,0.0,0.0,0.0,0.0,0.20313307642936707,False,False,0.0,0.0,0.0,[],10.0,10.0,1,10.0,0,0.011014624999972966
mlp_aco,2,8087,85,5,1,27.0,27.0,54.0,0.27,0.9671490788459778,True,True,30.0,24.0,0.0,[1],10.0,10.0,1,10.0,0,0.011150958000001765
mlp_aco,2,8087,85,5,2,0.0,0.0,0.0,0.0,0.09907747060060501,False,False,0.0,0.0,0.0,[],10.0,10.0,1,10.0,0,0.011150958000001765
mlp_aco,2,8087,85,5,3,0.0,0.0,0.0,0.0,0.43936213850975037,False,False,0.0,0.0,0.0,[],10.0,10.0,1,10.0,0,0.011150958000001765
mlp_aco,2,8087,85,5,4,0.0,0.0,0.0,0.0,0.20313307642936707,False,False,0.0,0.0,0.0,[],10.0,10.0,1,10.0,0,0.011150958000001765
mlp_aco,2,8088,85,6,1,28.0,24.0,52.0,0.26,0.9739235639572144,True,True,30.0,22.0,0.0,[1],10.0,10.0,1,10.0,0,0.011295167000014317
mlp_aco,2,8088,85,6,2,0.0,0.0,0.0,0.0,0.09907747060060501,False,False,0.0,0.0,0.0,[],10.0,10.0,1,10.0,0,0.011295167000014317
mlp_aco,2,8088,85,6,3,0.0,0.0,0.0,0.0,0.43936213850975037,False,False,0.0,0.0,0.0,[],10.0,10.0,1,10.0,0,0.011295167000014317
mlp_aco,2,8088,85,6,4,0.0,0.0,0.0,0.0,0.20313307642936707,False,False,0.0,0.0,0.0,[],10.0,10.0,1,10.0,0,0.011295167000014317
mlp_aco,2,8089,85,6,1,27.0,22.0,49.0,0.245,0.9606927633285522,True,True,30.0,19.0,0.0,[1],10.0,10.0,1,10.0,0,0.01110654199999317
mlp_aco,2,8089,85,6,2,0.0,0.0,0.0,0.0,0.09907747060060501,False,False,0.0,0.0,0.0,[],10.0,10.0,1,10.0,0,0.01110654199999317
mlp_aco,2,8089,85,6,3,0.0,0.0,0.0,0.0,0.43936213850975037,False,False,0.0,0.0,0.0,[],10.0,10.0,1,10.0,0,0.01110654199999317
mlp_aco,2,8089,85,6,4,0.0,0.0,0.0,0.0,0.20313307642936707,False,False,0.0,0.0,0.0,[],10.0,10.0,1,10.0,0,0.01110654199999317
mlp_aco,2,8090,85,6,1,28.0,19.0,47.0,0.235,0.9687308073043823,True,True,30.0,17.0,0.0,[1],10.0,10.0,1,10.0,0,0.011332750000008218
mlp_aco,2,8090,85,6,2,0.0,0.0,0.0,0.0,0.09907747060060501,False,False,0.0,0.0,0.0,[],10.0,10.0,1,10.0,0,0.011332750000008218
mlp_aco,2,8090,85,6,3,0.0,0.0,0.0,0.0,0.43936213850975037,False,False,0.0,0.0,0.0,[],10.0,10.0,1,10.0,0,0.011332750000008218
mlp_aco,2,8090,85,6,4,0.0,0.0,0.0,0.0,0.20313307642936707,False,False,0.0,0.0,0.0,[],10.0,10.0,1,10.0,0,0.011332750000008218
mlp_aco,2,8091,85,6,1,27.0,17.0,44.0,0.22,0.9531899690628052,True,True,30.0,14.0,0.0,[1],10.0,10.0,1,10.0,0,0.011168207999986635
mlp_aco,2,8091,85,6,2,0.0,0.0,0.0,0.0,0.09907747060060501,False,False,0.0,0.0,0.0,[],10.0,10.0,1,10.0,0,0.011168207999986635
mlp_aco,2,8091,85,6,3,0.0,0.0,0.0,0.0,0.43936213850975037,False,False,0.0,0.0,0.0,[],10.0,10.0,1,10.0,0,0.011168207999986635
mlp_aco,2,8091,85,6,4,0.0,0.0,0.0,0.0,0.20313307642936707,False,False,0.0,0.0,0.0,[],10.0,10.0,1,10.0,0,0.011168207999986635
mlp_aco,2,8092,85,7,1,26.0,14.0,40.0,0.2,0.9297053813934326,True,True,30.0,10.0,0.0,[1],10.0,10.0,1,10.0,0,0.011814916999981051
mlp_aco,2,8092,85,7,2,0.0,0.0,0.0,0.0,0.09907747060060501,False,False,0.0,0.0,0.0,[],10.0,10.0,1,10.0,0,0.011814916999981051
mlp_aco,2,8092,85,7,3,0.0,0.0,0.0,0.0,0.43936213850975037,False,False,0.0,0.0,0.0,[],10.0,10.0,1,10.0,0,0.011814916999981051
mlp_aco,2,8092,85,7,4,0.0,0.0,0.0,0.0,0.20313307642936707,False,False,0.0,0.0,0.0,[],10.0,10.0,1,10.0,0,0.011814916999981051
mlp_aco,2,8093,85,7,1,28.0,10.0,38.0,0.19,0.9591262936592102,True,True,30.0,8.0,0.0,[1],10.0,10.0,1,10.0,0,0.01142912500000648
mlp_aco,2,8093,85,7,2,0.0,0.0,0.0,0.0,0.09907747060060501,False,False,0.0,0.0,0.0,[],10.0,10.0,1,10.0,0,0.01142912500000648
mlp_aco,2,8093,85,7,3,0.0,0.0,0.0,0.0,0.43936213850975037,False,False,0.0,0.0,0.0,[],10.0,10.0,1,10.0,0,0.01142912500000648
mlp_aco,2,8093,85,7,4,0.0,0.0,0.0,0.0,0.20313307642936707,False,False,0.0,0.0,0.0,[],10.0,10.0,1,10.0,0,0.01142912500000648
mlp_aco,2,8094,85,7,1,27.0,8.0,35.0,0.175,0.9405006170272827,True,True,30.0,5.0,0.0,[1],10.0,10.0,1,10.0,0,0.011077165999978433
mlp_aco,2,8094,85,7,2,0.0,0.0,0.0,0.0,0.09907747060060501,False,False,0.0,0.0,0.0,[],10.0,10.0,1,10.0,0,0.011077165999978433
mlp_aco,2,8094,85,7,3,0.0,0.0,0.0,0.0,0.43936213850975037,False,False,0.0,0.0,0.0,[],10.0,10.0,1,10.0,0,0.011077165999978433
mlp_aco,2,8094,85,7,4,0.0,0.0,0.0,0.0,0.20313307642936707,False,False,0.0,0.0,0.0,[],10.0,10.0,1,10.0,0,0.011077165999978433
mlp_aco,2,8095,85,7,1,28.0,5.0,33.0,0.165,0.9529966115951538,True,True,30.0,3.0,0.0,[1],10.0,10.0,1,10.0,0,0.011133916999995108
mlp_aco,2,8095,85,7,2,0.0,0.0,0.0,0.0,0.09907747060060501,False,False,0.0,0.0,0.0,[],10.0,10.0,1,10.0,0,0.011133916999995108
mlp_aco,2,8095,85,7,3,0.0,0.0,0.0,0.0,0.43936213850975037,False,False,0.0,0.0,0.0,[],10.0,10.0,1,10.0,0,0.011133916999995108
mlp_aco,2,8095,85,7,4,0.0,0.0,0.0,0.0,0.20313307642936707,False,False,0.0,0.0,0.0,[],10.0,10.0,1,10.0,0,0.011133916999995108
mlp_aco,2,8096,85,8,1,27.0,3.0,30.0,0.15,0.928092896938324,True,True,30.0,0.0,0.0,[1],10.0,10.0,1,10.0,0,0.011144457999989754
mlp_aco,2,8096,85,8,2,0.0,0.0,0.0,0.0,0.09907747060060501,False,False,0.0,0.0,0.0,[],10.0,10.0,1,10.0,0,0.011144457999989754
mlp_aco,2,8096,85,8,3,0.0,0.0,0.0,0.0,0.43936213850975037,False,False,0.0,0.0,0.0,[],10.0,10.0,1,10.0,0,0.011144457999989754
mlp_aco,2,8096,85,8,4,0.0,0.0,0.0,0.0,0.20313307642936707,False,False,0.0,0.0,0.0,[],10.0,10.0,1,10.0,0,0.011144457999989754
mlp_aco,2,8097,85,8,1,26.0,0.0,26.0,0.13,0.8905652761459351,True,True,26.0,0.0,0.0,[1],10.0,10.0,1,10.0,0,0.013686625000019603
mlp_aco,2,8097,85,8,2,0.0,0.0,0.0,0.0,0.09907747060060501,False,False,0.0,0.0,0.0,[],10.0,10.0,1,10.0,0,0.013686625000019603
mlp_aco,2,8097,85,8,3,0.0,0.0,0.0,0.0,0.43936213850975037,False,False,0.0,0.0,0.0,[],10.0,10.0,1,10.0,0,0.013686625000019603
mlp_aco,2,8097,85,8,4,0.0,0.0,0.0,0.0,0.20313307642936707,False,False,0.0,0.0,0.0,[],10.0,10.0,1,10.0,0,0.013686625000019603
mlp_aco,2,8098,85,8,1,29.0,0.0,29.0,0.145,0.9608296751976013,True,True,29.0,0.0,0.0,[1],10.0,10.0,1,10.0,0,0.012731040999995002
mlp_aco,2,8098,85,8,2,0.0,0.0,0.0,0.0,0.09907747060060501,False,False,0.0,0.0,0.0,[],10.0,10.0,1,10.0,0,0.012731040999995002
mlp_aco,2,8098,85,8,3,0.0,0.0,0.0,0.0,0.43936213850975037,False,False,0.0,0.0,0.0,[],10.0,10.0,1,10.0,0,0.012731040999995002
mlp_aco,2,8098,85,8,4,0.0,0.0,0.0,0.0,0.20313307642936707,False,False,0.0,0.0,0.0,[],10.0,10.0,1,10.0,0,0.012731040999995002
mlp_aco,2,8099,85,8,1,26.0,0.0,26.0,0.13,0.8905652761459351,True,True,26.0,0.0,0.0,[1],10.0,10.0,1,10.0,0,0.010410250000006727
mlp_aco,2,8099,85,8,2,0.0,0.0,0.0,0.0,0.09907747060060501,False,False,0.0,0.0,0.0,[],10.0,10.0,1,10.0,0,0.010410250000006727
mlp_aco,2,8099,85,8,3,0.0,0.0,0.0,0.0,0.43936213850975037,False,False,0.0,0.0,0.0,[],10.0,10.0,1,10.0,0,0.010410250000006727
mlp_aco,2,8099,85,8,4,0.0,0.0,0.0,0.0,0.20313307642936707,False,False,0.0,0.0,0.0,[],10.0,10.0,1,10.0,0,0.010410250000006727
mlp_aco,2,8100,85,9,1,29.0,0.0,29.0,0.145,0.9608296751976013,True,True,29.0,0.0,0.0,[1],10.0,10.0,1,10.0,0,0.010003167000007807
mlp_aco,2,8100,85,9,2,0.0,0.0,0.0,0.0,0.09907747060060501,False,False,0.0,0.0,0.0,[],10.0,10.0,1,10.0,0,0.010003167000007807
mlp_aco,2,8100,85,9,3,0.0,0.0,0.0,0.0,0.43936213850975037,False,False,0.0,0.0,0.0,[],10.0,10.0,1,10.0,0,0.010003167000007807
mlp_aco,2,8100,85,9,4,0.0,0.0,0.0,0.0,0.20313307642936707,False,False,0.0,0.0,0.0,[],10.0,10.0,1,10.0,0,0.010003167000007807
mlp_aco,2,8101,85,9,1,26.0,0.0,26.0,0.13,0.8884453177452087,True,True,26.0,0.0,0.0,[1],10.0,10.0,1,10.0,0,0.010171791999994184
mlp_aco,2,8101,85,9,2,0.0,0.0,0.0,0.0,0.09907747060060501,False,False,0.0,0.0,0.0,[],10.0,10.0,1,10.0,0,0.010171791999994184
mlp_aco,2,8101,85,9,3,0.0,0.0,0.0,0.0,0.43936213850975037,False,False,0.0,0.0,0.0,[],10.0,10.0,1,10.0,0,0.010171791999994184
mlp_aco,2,8101,85,9,4,0.0,0.0,0.0,0.0,0.20313307642936707,False,False,0.0,0.0,0.0,[],10.0,10.0,1,10.0,0,0.010171791999994184
mlp_aco,2,8102,85,9,1,29.0,0.0,29.0,0.145,0.9608296751976013,True,True,29.0,0.0,0.0,[1],10.0,10.0,1,10.0,0,0.010137500000013233
mlp_aco,2,8102,85,9,2,0.0,0.0,0.0,0.0,0.09907747060060501,False,False,0.0,0.0,0.0,[],10.0,10.0,1,10.0,0,0.010137500000013233
mlp_aco,2,8102,85,9,3,0.0,0.0,0.0,0.0,0.43936213850975037,False,False,0.0,0.0,0.0,[],10.0,10.0,1,10.0,0,0.010137500000013233
mlp_aco,2,8102,85,9,4,0.0,0.0,0.0,0.0,0.20313307642936707,False,False,0.0,0.0,0.0,[],10.0,10.0,1,10.0,0,0.010137500000013233
mlp_aco,2,8103,85,9,1,26.0,0.0,26.0,0.13,0.8884453177452087,True,True,26.0,0.0,0.0,[1],10.0,10.0,1,10.0,0,0.010101124999977174
mlp_aco,2,8103,85,9,2,0.0,0.0,0.0,0.0,0.09907747060060501,False,False,0.0,0.0,0.0,[],10.0,10.0,1,10.0,0,0.010101124999977174
mlp_aco,2,8103,85,9,3,0.0,0.0,0.0,0.0,0.43936213850975037,False,False,0.0,0.0,0.0,[],10.0,10.0,1,10.0,0,0.010101124999977174
mlp_aco,2,8103,85,9,4,0.0,0.0,0.0,0.0,0.20313307642936707,False,False,0.0,0.0,0.0,[],10.0,10.0,1,10.0,0,0.010101124999977174
mlp_aco,2,8104,85,10,1,27.0,0.0,27.0,0.135,0.9229105710983276,True,True,27.0,0.0,0.0,[1],10.0,10.0,1,10.0,0,0.009948457999996663
mlp_aco,2,8104,85,10,2,0.0,0.0,0.0,0.0,0.09907747060060501,False,False,0.0,0.0,0.0,[],10.0,10.0,1,10.0,0,0.009948457999996663
mlp_aco,2,8104,85,10,3,0.0,0.0,0.0,0.0,0.43936213850975037,False,False,0.0,0.0,0.0,[],10.0,10.0,1,10.0,0,0.009948457999996663
mlp_aco,2,8104,85,10,4,0.0,0.0,0.0,0.0,0.20313307642936707,False,False,0.0,0.0,0.0,[],10.0,10.0,1,10.0,0,0.009948457999996663
mlp_aco,2,8105,85,10,1,28.0,0.0,28.0,0.14,0.9451234936714172,True,True,28.0,0.0,0.0,[1],10.0,10.0,1,10.0,0,0.010332957999992232
mlp_aco,2,8105,85,10,2,0.0,0.0,0.0,0.0,0.09907747060060501,False,False,0.0,0.0,0.0,[],10.0,10.0,1,10.0,0,0.010332957999992232
mlp_aco,2,8105,85,10,3,0.0,0.0,0.0,0.0,0.43936213850975037,False,False,0.0,0.0,0.0,[],10.0,10.0,1,10.0,0,0.010332957999992232
mlp_aco,2,8105,85,10,4,0.0,0.0,0.0,0.0,0.20313307642936707,False,False,0.0,0.0,0.0,[],10.0,10.0,1,10.0,0,0.010332957999992232
mlp_aco,2,8106,85,10,1,26.0,0.0,26.0,0.13,0.8916119933128357,True,True,26.0,0.0,0.0,[1],10.0,10.0,1,10.0,0,0.009984415999980456
mlp_aco,2,8106,85,10,2,0.0,0.0,0.0,0.0,0.09907747060060501,False,False,0.0,0.0,0.0,[],10.0,10.0,1,10.0,0,0.009984415999980456
mlp_aco,2,8106,85,10,3,0.0,0.0,0.0,0.0,0.43936213850975037,False,False,0.0,0.0,0.0,[],10.0,10.0,1,10.0,0,0.009984415999980456
mlp_aco,2,8106,85,10,4,0.0,0.0,0.0,0.0,0.20313307642936707,False,False,0.0,0.0,0.0,[],10.0,10.0,1,10.0,0,0.009984415999980456
mlp_aco,2,8107,85,10,1,23.0,0.0,23.0,0.115,0.7390038371086121,True,True,23.0,0.0,0.0,[1],10.0,10.0,1,10.0,0,0.010325625000007221
mlp_aco,2,8107,85,10,2,0.0,0.0,0.0,0.0,0.09907747060060501,False,False,0.0,0.0,0.0,[],10.0,10.0,1,10.0,0,0.010325625000007221
mlp_aco,2,8107,85,10,3,0.0,0.0,0.0,0.0,0.43936213850975037,False,False,0.0,0.0,0.0,[],10.0,10.0,1,10.0,0,0.010325625000007221
mlp_aco,2,8107,85,10,4,0.0,0.0,0.0,0.0,0.20313307642936707,False,False,0.0,0.0,0.0,[],10.0,10.0,1,10.0,0,0.010325625000007221
mlp_aco,2,8108,85,11,1,18.0,0.0,18.0,0.09,0.4075010418891907,False,False,0.0,18.0,0.0,[],0.0,0.0,0,0.0,0,3.7910000116880838e-06
mlp_aco,2,8108,85,11,2,0.0,0.0,0.0,0.0,0.09907747060060501,False,False,0.0,0.0,0.0,[],0.0,0.0,0,0.0,0,3.7910000116880838e-06
mlp_aco,2,8108,85,11,3,0.0,0.0,0.0,0.0,0.43936213850975037,False,False,0.0,0.0,0.0,[],0.0,0.0,0,0.0,0,3.7910000116880838e-06
mlp_aco,2,8108,85,11,4,0.0,0.0,0.0,0.0,0.20313307642936707,False,False,0.0,0.0,0.0,[],0.0,0.0,0,0.0,0,3.7910000116880838e-06
mlp_aco,2,8109,85,11,1,19.0,18.0,37.0,0.185,0.5736744999885559,False,False,0.0,37.0,0.0,[],0.0,0.0,0,0.0,0,3.415999998424013e-06
mlp_aco,2,8109,85,11,2,0.0,0.0,0.0,0.0,0.09907747060060501,False,False,0.0,0.0,0.0,[],0.0,0.0,0,0.0,0,3.415999998424013e-06
mlp_aco,2,8109,85,11,3,0.0,0.0,0.0,0.0,0.43936213850975037,False,False,0.0,0.0,0.0,[],0.0,0.0,0,0.0,0,3.415999998424013e-06
mlp_aco,2,8109,85,11,4,0.0,0.0,0.0,0.0,0.20313307642936707,False,False,0.0,0.0,0.0,[],0.0,0.0,0,0.0,0,3.415999998424013e-06
mlp_aco,2,8110,85,11,1,19.0,37.0,56.0,0.28,0.7033644318580627,True,True,30.0,26.0,0.0,[1],10.0,10.0,1,10.0,0,0.010389875000015536
mlp_aco,2,8110,85,11,2,0.0,0.0,0.0,0.0,0.09907747060060501,False,False,0.0,0.0,0.0,[],10.0,10.0,1,10.0,0,0.010389875000015536
mlp_aco,2,8110,85,11,3,0.0,0.0,0.0,0.0,0.43936213850975037,False,False,0.0,0.0,0.0,[],10.0,10.0,1,10.0,0,0.010389875000015536
mlp_aco,2,8110,85,11,4,0.0,0.0,0.0,0.0,0.20313307642936707,False,False,0.0,0.0,0.0,[],10.0,10.0,1,10.0,0,0.010389875000015536
mlp_aco,2,8111,85,11,1,19.0,26.0,45.0,0.225,0.6346688866615295,False,False,0.0,45.0,0.0,[],0.0,0.0,0,0.0,0,4.458999995904378e-06
mlp_aco,2,8111,85,11,2,0.0,0.0,0.0,0.0,0.09907747060060501,False,False,0.0,0.0,0.0,[],0.0,0.0,0,0.0,0,4.458999995904378e-06
mlp_aco,2,8111,85,11,3,0.0,0.0,0.0,0.0,0.43936213850975037,False,False,0.0,0.0,0.0,[],0.0,0.0,0,0.0,0,4.458999995904378e-06
mlp_aco,2,8111,85,11,4,0.0,0.0,0.0,0.0,0.20313307642936707,False,False,0.0,0.0,0.0,[],0.0,0.0,0,0.0,0,4.458999995904378e-06
mlp_aco,2,8112,85,12,1,19.0,45.0,64.0,0.32,0.7712724804878235,True,True,30.0,34.0,0.0,[1],10.0,10.0,1,10.0,0,0.010426916999989544
mlp_aco,2,8112,85,12,2,0.0,0.0,0.0,0.0,0.09907747060060501,False,False,0.0,0.0,0.0,[],10.0,10.0,1,10.0,0,0.010426916999989544
mlp_aco,2,8112,85,12,3,0.0,0.0,0.0,0.0,0.43936213850975037,False,False,0.0,0.0,0.0,[],10.0,10.0,1,10.0,0,0.010426916999989544
mlp_aco,2,8112,85,12,4,0.0,0.0,0.0,0.0,0.20313307642936707,False,False,0.0,0.0,0.0,[],10.0,10.0,1,10.0,0,0.010426916999989544
mlp_aco,2,8113,85,12,1,19.0,34.0,53.0,0.265,0.6880582571029663,False,False,0.0,53.0,0.0,[],0.0,0.0,0,0.0,0,7.082999985641436e-06
mlp_aco,2,8113,85,12,2,0.0,0.0,0.0,0.0,0.09907747060060501,False,False,0.0,0.0,0.0,[],0.0,0.0,0,0.0,0,7.082999985641436e-06
mlp_aco,2,8113,85,12,3,0.0,0.0,0.0,0.0,0.43936213850975037,False,False,0.0,0.0,0.0,[],0.0,0.0,0,0.0,0,7.082999985641436e-06
mlp_aco,2,8113,85,12,4,0.0,0.0,0.0,0.0,0.20313307642936707,False,False,0.0,0.0,0.0,[],0.0,0.0,0,0.0,0,7.082999985641436e-06
mlp_aco,2,8114,85,12,1,18.0,53.0,71.0,0.355,0.7517160773277283,True,True,30.0,41.0,0.0,[1],10.0,10.0,1,10.0,0,0.01133341700000301
mlp_aco,2,8114,85,12,2,0.0,0.0,0.0,0.0,0.09907747060060501,False,False,0.0,0.0,0.0,[],10.0,10.0,1,10.0,0,0.01133341700000301
mlp_aco,2,8114,85,12,3,0.0,0.0,0.0,0.0,0.43936213850975037,False,False,0.0,0.0,0.0,[],10.0,10.0,1,10.0,0,0.01133341700000301
mlp_aco,2,8114,85,12,4,0.0,0.0,0.0,0.0,0.20313307642936707,False,False,0.0,0.0,0.0,[],10.0,10.0,1,10.0,0,0.01133341700000301
mlp_aco,2,8115,85,12,1,11.0,41.0,52.0,0.26,0.2937029302120209,False,False,0.0,52.0,0.0,[],0.0,0.0,0,0.0,0,5.082999990690951e-06
mlp_aco,2,8115,85,12,2,0.0,0.0,0.0,0.0,0.09907747060060501,False,False,0.0,0.0,0.0,[],0.0,0.0,0,0.0,0,5.082999990690951e-06
mlp_aco,2,8115,85,12,3,0.0,0.0,0.0,0.0,0.43936213850975037,False,False,0.0,0.0,0.0,[],0.0,0.0,0,0.0,0,5.082999990690951e-06
mlp_aco,2,8115,85,12,4,0.0,0.0,0.0,0.0,0.20313307642936707,False,False,0.0,0.0,0.0,[],0.0,0.0,0,0.0,0,5.082999990690951e-06
mlp_aco,2,8116,85,13,1,10.0,52.0,62.0,0.31,0.30447784066200256,False,False,0.0,62.0,0.0,[],0.0,0.0,0,0.0,0,3.5409999838975637e-06
mlp_aco,2,8116,85,13,2,0.0,0.0,0.0,0.0,0.09907747060060501,False,False,0.0,0.0,0.0,[],0.0,0.0,0,0.0,0,3.5409999838975637e-06
mlp_aco,2,8116,85,13,3,0.0,0.0,0.0,0.0,0.43936213850975037,False,False,0.0,0.0,0.0,[],0.0,0.0,0,0.0,0,3.5409999838975637e-06
mlp_aco,2,8116,85,13,4,0.0,0.0,0.0,0.0,0.20313307642936707,False,False,0.0,0.0,0.0,[],0.0,0.0,0,0.0,0,3.5409999838975637e-06
mlp_aco,2,8117,85,13,1,11.0,62.0,73.0,0.365,0.3774394094944,False,False,0.0,73.0,0.0,[],0.0,0.0,0,0.0,0,3.74999999053216e-06
mlp_aco,2,8117,85,13,2,0.0,0.0,0.0,0.0,0.09907747060060501,False,False,0.0,0.0,0.0,[],0.0,0.0,0,0.0,0,3.74999999053216e-06
mlp_aco,2,8117,85,13,3,0.0,0.0,0.0,0.0,0.43936213850975037,False,False,0.0,0.0,0.0,[],0.0,0.0,0,0.0,0,3.74999999053216e-06
mlp_aco,2,8117,85,13,4,0.0,0.0,0.0,0.0,0.20313307642936707,False,False,0.0,0.0,0.0,[],0.0,0.0,0,0.0,0,3.74999999053216e-06
mlp_aco,2,8118,85,13,1,10.0,73.0,83.0,0.415,0.3867151141166687,False,False,0.0,83.0,0.0,[],0.0,0.0,0,0.0,0,3.7080000083733466e-06
mlp_aco,2,8118,85,13,2,0.0,0.0,0.0,0.0,0.09907747060060501,False,False,0.0,0.0,0.0,[],0.0,0.0,0,0.0,0,3.7080000083733466e-06
mlp_aco,2,8118,85,13,3,0.0,0.0,0.0,0.0,0.43936213850975037,False,False,0.0,0.0,0.0,[],0.0,0.0,0,0.0,0,3.7080000083733466e-06
mlp_aco,2,8118,85,13,4,0.0,0.0,0.0,0.0,0.20313307642936707,False,False,0.0,0.0,0.0,[],0.0,0.0,0,0.0,0,3.7080000083733466e-06
mlp_aco,2,8119,85,13,1,11.0,83.0,94.0,0.47,0.49814510345458984,False,False,0.0,94.0,0.0,[],0.0,0.0,0,0.0,0,4.750000016429112e-06
mlp_aco,2,8119,85,13,2,0.0,0.0,0.0,0.0,0.09907747060060501,False,False,0.0,0.0,0.0,[],0.0,0.0,0,0.0,0,4.750000016429112e-06
mlp_aco,2,8119,85,13,3,0.0,0.0,0.0,0.0,0.43936213850975037,False,False,0.0,0.0,0.0,[],0.0,0.0,0,0.0,0,4.750000016429112e-06
mlp_aco,2,8119,85,13,4,0.0,0.0,0.0,0.0,0.20313307642936707,False,False,0.0,0.0,0.0,[],0.0,0.0,0,0.0,0,4.750000016429112e-06
mlp_aco,2,8120,85,14,1,10.0,94.0,104.0,0.52,0.5192897915840149,False,False,0.0,104.0,0.0,[],0.0,0.0,0,0.0,0,5.791000006638569e-06
mlp_aco,2,8120,85,14,2,0.0,0.0,0.0,0.0,0.09907747060060501,False,False,0.0,0.0,0.0,[],0.0,0.0,0,0.0,0,5.791000006638569e-06
mlp_aco,2,8120,85,14,3,0.0,0.0,0.0,0.0,0.43936213850975037,False,False,0.0,0.0,0.0,[],0.0,0.0,0,0.0,0,5.791000006638569e-06
mlp_aco,2,8120,85,14,4,0.0,0.0,0.0,0.0,0.20313307642936707,False,False,0.0,0.0,0.0,[],0.0,0.0,0,0.0,0,5.791000006638569e-06
mlp_aco,2,8121,85,14,1,10.0,104.0,114.0,0.57,0.6684291958808899,False,False,0.0,114.0,0.0,[],0.0,0.0,0,0.0,0,3.917000015007943e-06
mlp_aco,2,8121,85,14,2,0.0,0.0,0.0,0.0,0.09907747060060501,False,False,0.0,0.0,0.0,[],0.0,0.0,0,0.0,0,3.917000015007943e-06
mlp_aco,2,8121,85,14,3,0.0,0.0,0.0,0.0,0.43936213850975037,False,False,0.0,0.0,0.0,[],0.0,0.0,0,0.0,0,3.917000015007943e-06
mlp_aco,2,8121,85,14,4,0.0,0.0,0.0,0.0,0.20313307642936707,False,False,0.0,0.0,0.0,[],0.0,0.0,0,0.0,0,3.917000015007943e-06
mlp_aco,2,8122,85,14,1,11.0,114.0,125.0,0.625,0.8873549103736877,True,True,30.0,95.0,0.0,[1],10.0,10.0,1,10.0,0,0.017609332999995786
mlp_aco,2,8122,85,14,2,0.0,0.0,0.0,0.0,0.09907747060060501,False,False,0.0,0.0,0.0,[],10.0,10.0,1,10.0,0,0.017609332999995786
mlp_aco,2,8122,85,14,3,0.0,0.0,0.0,0.0,0.43936213850975037,False,False,0.0,0.0,0.0,[],10.0,10.0,1,10.0,0,0.017609332999995786
mlp_aco,2,8122,85,14,4,0.0,0.0,0.0,0.0,0.20313307642936707,False,False,0.0,0.0,0.0,[],10.0,10.0,1,10.0,0,0.017609332999995786
mlp_aco,2,8123,85,14,1,10.0,95.0,105.0,0.525,0.5397153496742249,False,False,0.0,105.0,0.0,[],0.0,0.0,0,0.0,0,8.999999977277184e-06
mlp_aco,2,8123,85,14,2,0.0,0.0,0.0,0.0,0.09907747060060501,False,False,0.0,0.0,0.0,[],0.0,0.0,0,0.0,0,8.999999977277184e-06
mlp_aco,2,8123,85,14,3,0.0,0.0,0.0,0.0,0.43936213850975037,False,False,0.0,0.0,0.0,[],0.0,0.0,0,0.0,0,8.999999977277184e-06
mlp_aco,2,8123,85,14,4,0.0,0.0,0.0,0.0,0.20313307642936707,False,False,0.0,0.0,0.0,[],0.0,0.0,0,0.0,0,8.999999977277184e-06
mlp_aco,2,8124,85,15,1,11.0,105.0,116.0,0.58,0.7780410051345825,True,True,30.0,86.0,0.0,[1],10.0,10.0,1,10.0,0,0.01476750000000493
mlp_aco,2,8124,85,15,2,0.0,0.0,0.0,0.0,0.09907747060060501,False,False,0.0,0.0,0.0,[],10.0,10.0,1,10.0,0,0.01476750000000493
mlp_aco,2,8124,85,15,3,0.0,0.0,0.0,0.0,0.43936213850975037,False,False,0.0,0.0,0.0,[],10.0,10.0,1,10.0,0,0.01476750000000493
mlp_aco,2,8124,85,15,4,0.0,0.0,0.0,0.0,0.20313307642936707,False,False,0.0,0.0,0.0,[],10.0,10.0,1,10.0,0,0.01476750000000493
mlp_aco,2,8125,85,15,1,10.0,86.0,96.0,0.48,0.4433334469795227,False,False,0.0,96.0,0.0,[],0.0,0.0,0,0.0,0,6.5840000047501235e-06
mlp_aco,2,8125,85,15,2,0.0,0.0,0.0,0.0,0.09907747060060501,False,False,0.0,0.0,0.0,[],0.0,0.0,0,0.0,0,6.5840000047501235e-06
mlp_aco,2,8125,85,15,3,0.0,0.0,0.0,0.0,0.43936213850975037,False,False,0.0,0.0,0.0,[],0.0,0.0,0,0.0,0,6.5840000047501235e-06
mlp_aco,2,8125,85,15,4,0.0,0.0,0.0,0.0,0.20313307642936707,False,False,0.0,0.0,0.0,[],0.0,0.0,0,0.0,0,6.5840000047501235e-06
mlp_aco,2,8126,85,15,1,11.0,96.0,107.0,0.535,0.6499994397163391,False,False,0.0,107.0,0.0,[],0.0,0.0,0,0.0,0,3.2089999990603246e-06
mlp_aco,2,8126,85,15,2,0.0,0.0,0.0,0.0,0.09907747060060501,False,False,0.0,0.0,0.0,[],0.0,0.0,0,0.0,0,3.2089999990603246e-06
mlp_aco,2,8126,85,15,3,0.0,0.0,0.0,0.0,0.43936213850975037,False,False,0.0,0.0,0.0,[],0.0,0.0,0,0.0,0,3.2089999990603246e-06
mlp_aco,2,8126,85,15,4,0.0,0.0,0.0,0.0,0.20313307642936707,False,False,0.0,0.0,0.0,[],0.0,0.0,0,0.0,0,3.2089999990603246e-06
mlp_aco,2,8127,85,15,1,10.0,107.0,117.0,0.585,0.7177926898002625,True,True,30.0,87.0,0.0,[1],10.0,10.0,1,10.0,0,0.011348750000024665
mlp_aco,2,8127,85,15,2,0.0,0.0,0.0,0.0,0.09907747060060501,False,False,0.0,0.0,0.0,[],10.0,10.0,1,10.0,0,0.011348750000024665
mlp_aco,2,8127,85,15,3,0.0,0.0,0.0,0.0,0.43936213850975037,False,False,0.0,0.0,0.0,[],10.0,10.0,1,10.0,0,0.011348750000024665
mlp_aco,2,8127,85,15,4,0.0,0.0,0.0,0.0,0.20313307642936707,False,False,0.0,0.0,0.0,[],10.0,10.0,1,10.0,0,0.011348750000024665
mlp_aco,2,8128,85,16,1,11.0,87.0,98.0,0.49,0.5411610007286072,False,False,0.0,98.0,0.0,[],0.0,0.0,0,0.0,0,3.957999979320448e-06
mlp_aco,2,8128,85,16,2,0.0,0.0,0.0,0.0,0.09907747060060501,False,False,0.0,0.0,0.0,[],0.0,0.0,0,0.0,0,3.957999979320448e-06
mlp_aco,2,8128,85,16,3,0.0,0.0,0.0,0.0,0.43936213850975037,False,False,0.0,0.0,0.0,[],0.0,0.0,0,0.0,0,3.957999979320448e-06
mlp_aco,2,8128,85,16,4,0.0,0.0,0.0,0.0,0.20313307642936707,False,False,0.0,0.0,0.0,[],0.0,0.0,0,0.0,0,3.957999979320448e-06
mlp_aco,2,8129,85,16,1,10.0,98.0,108.0,0.54,0.5699105858802795,False,False,0.0,108.0,0.0,[],0.0,0.0,0,0.0,0,3.332999995109276e-06
mlp_aco,2,8129,85,16,2,0.0,0.0,0.0,0.0,0.09907747060060501,False,False,0.0,0.0,0.0,[],0.0,0.0,0,0.0,0,3.332999995109276e-06
mlp_aco,2,8129,85,16,3,0.0,0.0,0.0,0.0,0.43936213850975037,False,False,0.0,0.0,0.0,[],0.0,0.0,0,0.0,0,3.332999995109276e-06
mlp_aco,2,8129,85,16,4,0.0,0.0,0.0,0.0,0.20313307642936707,False,False,0.0,0.0,0.0,[],0.0,0.0,0,0.0,0,3.332999995109276e-06
mlp_aco,2,8130,85,16,1,4.0,108.0,112.0,0.56,0.2794129550457001,False,False,0.0,112.0,0.0,[],0.0,0.0,0,0.0,0,2.334000015480342e-06
mlp_aco,2,8130,85,16,2,0.0,0.0,0.0,0.0,0.09907747060060501,False,False,0.0,0.0,0.0,[],0.0,0.0,0,0.0,0,2.334000015480342e-06
mlp_aco,2,8130,85,16,3,0.0,0.0,0.0,0.0,0.43936213850975037,False,False,0.0,0.0,0.0,[],0.0,0.0,0,0.0,0,2.334000015480342e-06
mlp_aco,2,8130,85,16,4,0.0,0.0,0.0,0.0,0.20313307642936707,False,False,0.0,0.0,0.0,[],0.0,0.0,0,0.0,0,2.334000015480342e-06
mlp_aco,2,8131,85,16,1,0.0,112.0,112.0,0.56,0.20363721251487732,False,False,0.0,112.0,0.0,[],0.0,0.0,0,0.0,0,3.332999995109276e-06
mlp_aco,2,8131,85,16,2,0.0,0.0,0.0,0.0,0.09907747060060501,False,False,0.0,0.0,0.0,[],0.0,0.0,0,0.0,0,3.332999995109276e-06
mlp_aco,2,8131,85,16,3,0.0,0.0,0.0,0.0,0.43936213850975037,False,False,0.0,0.0,0.0,[],0.0,0.0,0,0.0,0,3.332999995109276e-06
mlp_aco,2,8131,85,16,4,0.0,0.0,0.0,0.0,0.20313307642936707,False,False,0.0,0.0,0.0,[],0.0,0.0,0,0.0,0,3.332999995109276e-06
mlp_aco,2,8132,85,17,1,0.0,112.0,112.0,0.56,0.2499133050441742,False,False,0.0,112.0,0.0,[],0.0,0.0,0,0.0,0,2.5420000042686297e-06
mlp_aco,2,8132,85,17,2,0.0,0.0,0.0,0.0,0.09907747060060501,False,False,0.0,0.0,0.0,[],0.0,0.0,0,0.0,0,2.5420000042686297e-06
mlp_aco,2,8132,85,17,3,0.0,0.0,0.0,0.0,0.43936213850975037,False,False,0.0,0.0,0.0,[],0.0,0.0,0,0.0,0,2.5420000042686297e-06
mlp_aco,2,8132,85,17,4,0.0,0.0,0.0,0.0,0.20313307642936707,False,False,0.0,0.0,0.0,[],0.0,0.0,0,0.0,0,2.5420000042686297e-06
mlp_aco,2,8133,85,17,1,0.0,112.0,112.0,0.56,0.3097548186779022,False,False,0.0,112.0,0.0,[],0.0,0.0,0,0.0,0,3.916999986586234e-06
mlp_aco,2,8133,85,17,2,0.0,0.0,0.0,0.0,0.09907747060060501,False,False,0.0,0.0,0.0,[],0.0,0.0,0,0.0,0,3.916999986586234e-06
mlp_aco,2,8133,85,17,3,0.0,0.0,0.0,0.0,0.43936213850975037,False,False,0.0,0.0,0.0,[],0.0,0.0,0,0.0,0,3.916999986586234e-06
mlp_aco,2,8133,85,17,4,0.0,0.0,0.0,0.0,0.20313307642936707,False,False,0.0,0.0,0.0,[],0.0,0.0,0,0.0,0,3.916999986586234e-06
mlp_aco,2,8134,85,17,1,0.0,112.0,112.0,0.56,0.34226712584495544,False,False,0.0,112.0,0.0,[],0.0,0.0,0,0.0,0,2.249999994319296e-06
mlp_aco,2,8134,85,17,2,0.0,0.0,0.0,0.0,0.09907747060060501,False,False,0.0,0.0,0.0,[],0.0,0.0,0,0.0,0,2.249999994319296e-06
mlp_aco,2,8134,85,17,3,0.0,0.0,0.0,0.0,0.43936213850975037,False,False,0.0,0.0,0.0,[],0.0,0.0,0,0.0,0,2.249999994319296e-06
mlp_aco,2,8134,85,17,4,0.0,0.0,0.0,0.0,0.20313307642936707,False,False,0.0,0.0,0.0,[],0.0,0.0,0,0.0,0,2.249999994319296e-06
mlp_aco,2,8135,85,17,1,0.0,112.0,112.0,0.56,0.34226712584495544,False,False,0.0,112.0,0.0,[],0.0,0.0,0,0.0,0,3.084000013586774e-06
mlp_aco,2,8135,85,17,2,0.0,0.0,0.0,0.0,0.09907747060060501,False,False,0.0,0.0,0.0,[],0.0,0.0,0,0.0,0,3.084000013586774e-06
mlp_aco,2,8135,85,17,3,0.0,0.0,0.0,0.0,0.43936213850975037,False,False,0.0,0.0,0.0,[],0.0,0.0,0,0.0,0,3.084000013586774e-06
mlp_aco,2,8135,85,17,4,0.0,0.0,0.0,0.0,0.20313307642936707,False,False,0.0,0.0,0.0,[],0.0,0.0,0,0.0,0,3.084000013586774e-06
mlp_aco,2,8136,85,18,1,0.0,112.0,112.0,0.56,0.34226712584495544,False,False,0.0,112.0,0.0,[],0.0,0.0,0,0.0,0,2.2910000154752197e-06
mlp_aco,2,8136,85,18,2,0.0,0.0,0.0,0.0,0.09907747060060501,False,False,0.0,0.0,0.0,[],0.0,0.0,0,0.0,0,2.2910000154752197e-06
mlp_aco,2,8136,85,18,3,0.0,0.0,0.0,0.0,0.43936213850975037,False,False,0.0,0.0,0.0,[],0.0,0.0,0,0.0,0,2.2910000154752197e-06
mlp_aco,2,8136,85,18,4,0.0,0.0,0.0,0.0,0.20313307642936707,False,False,0.0,0.0,0.0,[],0.0,0.0,0,0.0,0,2.2910000154752197e-06
mlp_aco,2,8137,85,18,1,0.0,112.0,112.0,0.56,0.34226712584495544,False,False,0.0,112.0,0.0,[],0.0,0.0,0,0.0,0,2.041999977109299e-06
mlp_aco,2,8137,85,18,2,0.0,0.0,0.0,0.0,0.09907747060060501,False,False,0.0,0.0,0.0,[],0.0,0.0,0,0.0,0,2.041999977109299e-06
mlp_aco,2,8137,85,18,3,0.0,0.0,0.0,0.0,0.43936213850975037,False,False,0.0,0.0,0.0,[],0.0,0.0,0,0.0,0,2.041999977109299e-06
mlp_aco,2,8137,85,18,4,0.0,0.0,0.0,0.0,0.20313307642936707,False,False,0.0,0.0,0.0,[],0.0,0.0,0,0.0,0,2.041999977109299e-06
mlp_aco,2,8138,85,18,1,0.0,112.0,112.0,0.56,0.34226712584495544,False,False,0.0,112.0,0.0,[],0.0,0.0,0,0.0,0,2.750000021478627e-06
mlp_aco,2,8138,85,18,2,0.0,0.0,0.0,0.0,0.09907747060060501,False,False,0.0,0.0,0.0,[],0.0,0.0,0,0.0,0,2.750000021478627e-06
mlp_aco,2,8138,85,18,3,0.0,0.0,0.0,0.0,0.43936213850975037,False,False,0.0,0.0,0.0,[],0.0,0.0,0,0.0,0,2.750000021478627e-06
mlp_aco,2,8138,85,18,4,0.0,0.0,0.0,0.0,0.20313307642936707,False,False,0.0,0.0,0.0,[],0.0,0.0,0,0.0,0,2.750000021478627e-06
mlp_aco,2,8139,85,18,1,0.0,112.0,112.0,0.56,0.34226712584495544,False,False,0.0,112.0,0.0,[],0.0,0.0,0,0.0,0,2.7920000036374404e-06
mlp_aco,2,8139,85,18,2,0.0,0.0,0.0,0.0,0.09907747060060501,False,False,0.0,0.0,0.0,[],0.0,0.0,0,0.0,0,2.7920000036374404e-06
mlp_aco,2,8139,85,18,3,0.0,0.0,0.0,0.0,0.43936213850975037,False,False,0.0,0.0,0.0,[],0.0,0.0,0,0.0,0,2.7920000036374404e-06
mlp_aco,2,8139,85,18,4,0.0,0.0,0.0,0.0,0.20313307642936707,False,False,0.0,0.0,0.0,[],0.0,0.0,0,0.0,0,2.7920000036374404e-06
mlp_aco,2,8140,85,19,1,0.0,112.0,112.0,0.56,0.34226712584495544,False,False,0.0,112.0,0.0,[],0.0,0.0,0,0.0,0,2.2910000154752197e-06
mlp_aco,2,8140,85,19,2,0.0,0.0,0.0,0.0,0.09907747060060501,False,False,0.0,0.0,0.0,[],0.0,0.0,0,0.0,0,2.2910000154752197e-06
mlp_aco,2,8140,85,19,3,0.0,0.0,0.0,0.0,0.43936213850975037,False,False,0.0,0.0,0.0,[],0.0,0.0,0,0.0,0,2.2910000154752197e-06
mlp_aco,2,8140,85,19,4,0.0,0.0,0.0,0.0,0.20313307642936707,False,False,0.0,0.0,0.0,[],0.0,0.0,0,0.0,0,2.2910000154752197e-06
mlp_aco,2,8141,85,19,1,0.0,112.0,112.0,0.56,0.34226712584495544,False,False,0.0,112.0,0.0,[],0.0,0.0,0,0.0,0,2.332999997634033e-06
mlp_aco,2,8141,85,19,2,0.0,0.0,0.0,0.0,0.09907747060060501,False,False,0.0,0.0,0.0,[],0.0,0.0,0,0.0,0,2.332999997634033e-06
mlp_aco,2,8141,85,19,3,0.0,0.0,0.0,0.0,0.43936213850975037,False,False,0.0,0.0,0.0,[],0.0,0.0,0,0.0,0,2.332999997634033e-06
mlp_aco,2,8141,85,19,4,0.0,0.0,0.0,0.0,0.20313307642936707,False,False,0.0,0.0,0.0,[],0.0,0.0,0,0.0,0,2.332999997634033e-06
mlp_aco,2,8142,85,19,1,0.0,112.0,112.0,0.56,0.34226712584495544,False,False,0.0,112.0,0.0,[],0.0,0.0,0,0.0,0,1.9590000022162712e-06
mlp_aco,2,8142,85,19,2,0.0,0.0,0.0,0.0,0.09907747060060501,False,False,0.0,0.0,0.0,[],0.0,0.0,0,0.0,0,1.9590000022162712e-06
mlp_aco,2,8142,85,19,3,0.0,0.0,0.0,0.0,0.43936213850975037,False,False,0.0,0.0,0.0,[],0.0,0.0,0,0.0,0,1.9590000022162712e-06
mlp_aco,2,8142,85,19,4,0.0,0.0,0.0,0.0,0.20313307642936707,False,False,0.0,0.0,0.0,[],0.0,0.0,0,0.0,0,1.9590000022162712e-06
mlp_aco,2,8143,85,19,1,0.0,112.0,112.0,0.56,0.34226712584495544,False,False,0.0,112.0,0.0,[],0.0,0.0,0,0.0,0,2.5840000148491526e-06
mlp_aco,2,8143,85,19,2,0.0,0.0,0.0,0.0,0.09907747060060501,False,False,0.0,0.0,0.0,[],0.0,0.0,0,0.0,0,2.5840000148491526e-06
mlp_aco,2,8143,85,19,3,0.0,0.0,0.0,0.0,0.43936213850975037,False,False,0.0,0.0,0.0,[],0.0,0.0,0,0.0,0,2.5840000148491526e-06
mlp_aco,2,8143,85,19,4,0.0,0.0,0.0,0.0,0.20313307642936707,False,False,0.0,0.0,0.0,[],0.0,0.0,0,0.0,0,2.5840000148491526e-06
mlp_aco,2,8144,85,20,1,0.0,112.0,112.0,0.56,0.34226712584495544,False,False,0.0,112.0,0.0,[],0.0,0.0,0,0.0,0,2.0420000055310084e-06
mlp_aco,2,8144,85,20,2,0.0,0.0,0.0,0.0,0.09907747060060501,False,False,0.0,0.0,0.0,[],0.0,0.0,0,0.0,0,2.0420000055310084e-06
mlp_aco,2,8144,85,20,3,0.0,0.0,0.0,0.0,0.43936213850975037,False,False,0.0,0.0,0.0,[],0.0,0.0,0,0.0,0,2.0420000055310084e-06
mlp_aco,2,8144,85,20,4,0.0,0.0,0.0,0.0,0.20313307642936707,False,False,0.0,0.0,0.0,[],0.0,0.0,0,0.0,0,2.0420000055310084e-06
mlp_aco,2,8145,85,20,1,0.0,112.0,112.0,0.56,0.34226712584495544,False,False,0.0,112.0,0.0,[],0.0,0.0,0,0.0,0,4.1249999753745215e-06
mlp_aco,2,8145,85,20,2,0.0,0.0,0.0,0.0,0.09907747060060501,False,False,0.0,0.0,0.0,[],0.0,0.0,0,0.0,0,4.1249999753745215e-06
mlp_aco,2,8145,85,20,3,0.0,0.0,0.0,0.0,0.43936213850975037,False,False,0.0,0.0,0.0,[],0.0,0.0,0,0.0,0,4.1249999753745215e-06
mlp_aco,2,8145,85,20,4,0.0,0.0,0.0,0.0,0.20313307642936707,False,False,0.0,0.0,0.0,[],0.0,0.0,0,0.0,0,4.1249999753745215e-06
mlp_aco,2,8146,85,20,1,0.0,112.0,112.0,0.56,0.34226712584495544,False,False,0.0,112.0,0.0,[],0.0,0.0,0,0.0,0,1.8750000094769348e-06
mlp_aco,2,8146,85,20,2,0.0,0.0,0.0,0.0,0.09907747060060501,False,False,0.0,0.0,0.0,[],0.0,0.0,0,0.0,0,1.8750000094769348e-06
mlp_aco,2,8146,85,20,3,0.0,0.0,0.0,0.0,0.43936213850975037,False,False,0.0,0.0,0.0,[],0.0,0.0,0,0.0,0,1.8750000094769348e-06
mlp_aco,2,8146,85,20,4,0.0,0.0,0.0,0.0,0.20313307642936707,False,False,0.0,0.0,0.0,[],0.0,0.0,0,0.0,0,1.8750000094769348e-06
mlp_aco,2,8147,85,20,1,0.0,112.0,112.0,0.56,0.34226712584495544,False,False,0.0,112.0,0.0,[],0.0,0.0,0,0.0,0,1.790999988315889e-06
mlp_aco,2,8147,85,20,2,0.0,0.0,0.0,0.0,0.09907747060060501,False,False,0.0,0.0,0.0,[],0.0,0.0,0,0.0,0,1.790999988315889e-06
mlp_aco,2,8147,85,20,3,0.0,0.0,0.0,0.0,0.43936213850975037,False,False,0.0,0.0,0.0,[],0.0,0.0,0,0.0,0,1.790999988315889e-06
mlp_aco,2,8147,85,20,4,0.0,0.0,0.0,0.0,0.20313307642936707,False,False,0.0,0.0,0.0,[],0.0,0.0,0,0.0,0,1.790999988315889e-06
mlp_aco,2,8148,85,21,1,0.0,112.0,112.0,0.56,0.34226712584495544,False,False,0.0,112.0,0.0,[],0.0,0.0,0,0.0,0,2.457999983107584e-06
mlp_aco,2,8148,85,21,2,0.0,0.0,0.0,0.0,0.09907747060060501,False,False,0.0,0.0,0.0,[],0.0,0.0,0,0.0,0,2.457999983107584e-06
mlp_aco,2,8148,85,21,3,0.0,0.0,0.0,0.0,0.43936213850975037,False,False,0.0,0.0,0.0,[],0.0,0.0,0,0.0,0,2.457999983107584e-06
mlp_aco,2,8148,85,21,4,0.0,0.0,0.0,0.0,0.20313307642936707,False,False,0.0,0.0,0.0,[],0.0,0.0,0,0.0,0,2.457999983107584e-06
mlp_aco,2,8149,85,21,1,0.0,112.0,112.0,0.56,0.34226712584495544,False,False,0.0,112.0,0.0,[],0.0,0.0,0,0.0,0,1.916000002211149e-06
mlp_aco,2,8149,85,21,2,0.0,0.0,0.0,0.0,0.09907747060060501,False,False,0.0,0.0,0.0,[],0.0,0.0,0,0.0,0,1.916000002211149e-06
mlp_aco,2,8149,85,21,3,0.0,0.0,0.0,0.0,0.43936213850975037,False,False,0.0,0.0,0.0,[],0.0,0.0,0,0.0,0,1.916000002211149e-06
mlp_aco,2,8149,85,21,4,0.0,0.0,0.0,0.0,0.20313307642936707,False,False,0.0,0.0,0.0,[],0.0,0.0,0,0.0,0,1.916000002211149e-06
mlp_aco,2,8150,85,21,1,0.0,112.0,112.0,0.56,0.34226712584495544,False,False,0.0,112.0,0.0,[],0.0,0.0,0,0.0,0,2.0829999982652225e-06
mlp_aco,2,8150,85,21,2,0.0,0.0,0.0,0.0,0.09907747060060501,False,False,0.0,0.0,0.0,[],0.0,0.0,0,0.0,0,2.0829999982652225e-06
mlp_aco,2,8150,85,21,3,0.0,0.0,0.0,0.0,0.43936213850975037,False,False,0.0,0.0,0.0,[],0.0,0.0,0,0.0,0,2.0829999982652225e-06
mlp_aco,2,8150,85,21,4,0.0,0.0,0.0,0.0,0.20313307642936707,False,False,0.0,0.0,0.0,[],0.0,0.0,0,0.0,0,2.0829999982652225e-06
mlp_aco,2,8151,85,21,1,0.0,112.0,112.0,0.56,0.34226712584495544,False,False,0.0,112.0,0.0,[],0.0,0.0,0,0.0,0,2.4580000115292933e-06
mlp_aco,2,8151,85,21,2,0.0,0.0,0.0,0.0,0.09907747060060501,False,False,0.0,0.0,0.0,[],0.0,0.0,0,0.0,0,2.4580000115292933e-06
mlp_aco,2,8151,85,21,3,0.0,0.0,0.0,0.0,0.43936213850975037,False,False,0.0,0.0,0.0,[],0.0,0.0,0,0.0,0,2.4580000115292933e-06
mlp_aco,2,8151,85,21,4,0.0,0.0,0.0,0.0,0.20313307642936707,False,False,0.0,0.0,0.0,[],0.0,0.0,0,0.0,0,2.4580000115292933e-06
mlp_aco,2,8152,85,22,1,0.0,112.0,112.0,0.56,0.34226712584495544,False,False,0.0,112.0,0.0,[],0.0,0.0,0,0.0,0,1.8749999810552254e-06
mlp_aco,2,8152,85,22,2,0.0,0.0,0.0,0.0,0.09907747060060501,False,False,0.0,0.0,0.0,[],0.0,0.0,0,0.0,0,1.8749999810552254e-06
mlp_aco,2,8152,85,22,3,0.0,0.0,0.0,0.0,0.43936213850975037,False,False,0.0,0.0,0.0,[],0.0,0.0,0,0.0,0,1.8749999810552254e-06
mlp_aco,2,8152,85,22,4,0.0,0.0,0.0,0.0,0.20313307642936707,False,False,0.0,0.0,0.0,[],0.0,0.0,0,0.0,0,1.8749999810552254e-06
mlp_aco,2,8153,85,22,1,0.0,112.0,112.0,0.56,0.34226712584495544,False,False,0.0,112.0,0.0,[],0.0,0.0,0,0.0,0,3.958000007742157e-06
mlp_aco,2,8153,85,22,2,0.0,0.0,0.0,0.0,0.09907747060060501,False,False,0.0,0.0,0.0,[],0.0,0.0,0,0.0,0,3.958000007742157e-06
mlp_aco,2,8153,85,22,3,0.0,0.0,0.0,0.0,0.43936213850975037,False,False,0.0,0.0,0.0,[],0.0,0.0,0,0.0,0,3.958000007742157e-06
mlp_aco,2,8153,85,22,4,0.0,0.0,0.0,0.0,0.20313307642936707,False,False,0.0,0.0,0.0,[],0.0,0.0,0,0.0,0,3.958000007742157e-06
mlp_aco,2,8154,85,22,1,0.0,112.0,112.0,0.56,0.34226712584495544,False,False,0.0,112.0,0.0,[],0.0,0.0,0,0.0,0,2.2500000227410055e-06
mlp_aco,2,8154,85,22,2,0.0,0.0,0.0,0.0,0.09907747060060501,False,False,0.0,0.0,0.0,[],0.0,0.0,0,0.0,0,2.2500000227410055e-06
mlp_aco,2,8154,85,22,3,0.0,0.0,0.0,0.0,0.43936213850975037,False,False,0.0,0.0,0.0,[],0.0,0.0,0,0.0,0,2.2500000227410055e-06
mlp_aco,2,8154,85,22,4,0.0,0.0,0.0,0.0,0.20313307642936707,False,False,0.0,0.0,0.0,[],0.0,0.0,0,0.0,0,2.2500000227410055e-06
mlp_aco,2,8155,85,22,1,0.0,112.0,112.0,0.56,0.34226712584495544,False,False,0.0,112.0,0.0,[],0.0,0.0,0,0.0,0,2.0420000055310084e-06
mlp_aco,2,8155,85,22,2,0.0,0.0,0.0,0.0,0.09907747060060501,False,False,0.0,0.0,0.0,[],0.0,0.0,0,0.0,0,2.0420000055310084e-06
mlp_aco,2,8155,85,22,3,0.0,0.0,0.0,0.0,0.43936213850975037,False,False,0.0,0.0,0.0,[],0.0,0.0,0,0.0,0,2.0420000055310084e-06
mlp_aco,2,8155,85,22,4,0.0,0.0,0.0,0.0,0.20313307642936707,False,False,0.0,0.0,0.0,[],0.0,0.0,0,0.0,0,2.0420000055310084e-06
mlp_aco,2,8156,85,23,1,0.0,112.0,112.0,0.56,0.34226712584495544,False,False,0.0,112.0,0.0,[],0.0,0.0,0,0.0,0,2.8340000142179633e-06
mlp_aco,2,8156,85,23,2,0.0,0.0,0.0,0.0,0.09907747060060501,False,False,0.0,0.0,0.0,[],0.0,0.0,0,0.0,0,2.8340000142179633e-06
mlp_aco,2,8156,85,23,3,0.0,0.0,0.0,0.0,0.43936213850975037,False,False,0.0,0.0,0.0,[],0.0,0.0,0,0.0,0,2.8340000142179633e-06
mlp_aco,2,8156,85,23,4,0.0,0.0,0.0,0.0,0.20313307642936707,False,False,0.0,0.0,0.0,[],0.0,0.0,0,0.0,0,2.8340000142179633e-06
mlp_aco,2,8157,85,23,1,0.0,112.0,112.0,0.56,0.34226712584495544,False,False,0.0,112.0,0.0,[],0.0,0.0,0,0.0,0,1.9170000200574577e-06
mlp_aco,2,8157,85,23,2,0.0,0.0,0.0,0.0,0.09907747060060501,False,False,0.0,0.0,0.0,[],0.0,0.0,0,0.0,0,1.9170000200574577e-06
mlp_aco,2,8157,85,23,3,0.0,0.0,0.0,0.0,0.43936213850975037,False,False,0.0,0.0,0.0,[],0.0,0.0,0,0.0,0,1.9170000200574577e-06
mlp_aco,2,8157,85,23,4,0.0,0.0,0.0,0.0,0.20313307642936707,False,False,0.0,0.0,0.0,[],0.0,0.0,0,0.0,0,1.9170000200574577e-06
mlp_aco,2,8158,85,23,1,0.0,112.0,112.0,0.56,0.34226712584495544,False,False,0.0,112.0,0.0,[],0.0,0.0,0,0.0,0,4.082999993215708e-06
mlp_aco,2,8158,85,23,2,0.0,0.0,0.0,0.0,0.09907747060060501,False,False,0.0,0.0,0.0,[],0.0,0.0,0,0.0,0,4.082999993215708e-06
mlp_aco,2,8158,85,23,3,0.0,0.0,0.0,0.0,0.43936213850975037,False,False,0.0,0.0,0.0,[],0.0,0.0,0,0.0,0,4.082999993215708e-06
mlp_aco,2,8158,85,23,4,0.0,0.0,0.0,0.0,0.20313307642936707,False,False,0.0,0.0,0.0,[],0.0,0.0,0,0.0,0,4.082999993215708e-06
mlp_aco,2,8159,85,23,1,0.0,112.0,112.0,0.56,0.34226712584495544,False,False,0.0,112.0,0.0,[],0.0,0.0,0,0.0,0,2.083999987689822e-06
mlp_aco,2,8159,85,23,2,0.0,0.0,0.0,0.0,0.09907747060060501,False,False,0.0,0.0,0.0,[],0.0,0.0,0,0.0,0,2.083999987689822e-06
mlp_aco,2,8159,85,23,3,0.0,0.0,0.0,0.0,0.43936213850975037,False,False,0.0,0.0,0.0,[],0.0,0.0,0,0.0,0,2.083999987689822e-06
mlp_aco,2,8159,85,23,4,0.0,0.0,0.0,0.0,0.20313307642936707,False,False,0.0,0.0,0.0,[],0.0,0.0,0,0.0,0,2.083999987689822e-06
mlp_aco,2,8160,86,0,1,26.0,112.0,138.0,0.69,0.9997909069061279,True,True,30.0,108.0,0.0,[1],10.0,10.0,1,10.0,0,0.017629957999986345
mlp_aco,2,8160,86,0,2,0.0,0.0,0.0,0.0,0.09907747060060501,False,False,0.0,0.0,0.0,[],10.0,10.0,1,10.0,0,0.017629957999986345
mlp_aco,2,8160,86,0,3,0.0,0.0,0.0,0.0,0.43936213850975037,False,False,0.0,0.0,0.0,[],10.0,10.0,1,10.0,0,0.017629957999986345
mlp_aco,2,8160,86,0,4,0.0,0.0,0.0,0.0,0.20313307642936707,False,False,0.0,0.0,0.0,[],10.0,10.0,1,10.0,0,0.017629957999986345
mlp_aco,2,8161,86,0,1,29.0,108.0,137.0,0.685,0.9998944401741028,True,True,30.0,107.0,0.0,[1],10.0,10.0,1,10.0,0,0.012274999999988268
mlp_aco,2,8161,86,0,2,0.0,0.0,0.0,0.0,0.09907747060060501,False,False,0.0,0.0,0.0,[],10.0,10.0,1,10.0,0,0.012274999999988268
mlp_aco,2,8161,86,0,3,0.0,0.0,0.0,0.0,0.43936213850975037,False,False,0.0,0.0,0.0,[],10.0,10.0,1,10.0,0,0.012274999999988268
mlp_aco,2,8161,86,0,4,0.0,0.0,0.0,0.0,0.20313307642936707,False,False,0.0,0.0,0.0,[],10.0,10.0,1,10.0,0,0.012274999999988268
mlp_aco,2,8162,86,0,1,26.0,107.0,133.0,0.665,0.9995523691177368,True,True,30.0,103.0,0.0,[1],10.0,10.0,1,10.0,0,0.011125208999999359
mlp_aco,2,8162,86,0,2,0.0,0.0,0.0,0.0,0.09907747060060501,False,False,0.0,0.0,0.0,[],10.0,10.0,1,10.0,0,0.011125208999999359
mlp_aco,2,8162,86,0,3,0.0,0.0,0.0,0.0,0.43936213850975037,False,False,0.0,0.0,0.0,[],10.0,10.0,1,10.0,0,0.011125208999999359
mlp_aco,2,8162,86,0,4,0.0,0.0,0.0,0.0,0.20313307642936707,False,False,0.0,0.0,0.0,[],10.0,10.0,1,10.0,0,0.011125208999999359
mlp_aco,2,8163,86,0,1,29.0,103.0,132.0,0.66,0.9998368620872498,True,True,30.0,102.0,0.0,[1],10.0,10.0,1,10.0,0,0.010767417000010937
mlp_aco,2,8163,86,0,2,0.0,0.0,0.0,0.0,0.09907747060060501,False,False,0.0,0.0,0.0,[],10.0,10.0,1,10.0,0,0.010767417000010937
mlp_aco,2,8163,86,0,3,0.0,0.0,0.0,0.0,0.43936213850975037,False,False,0.0,0.0,0.0,[],10.0,10.0,1,10.0,0,0.010767417000010937
mlp_aco,2,8163,86,0,4,0.0,0.0,0.0,0.0,0.20313307642936707,False,False,0.0,0.0,0.0,[],10.0,10.0,1,10.0,0,0.010767417000010937
mlp_aco,2,8164,86,1,1,28.0,102.0,130.0,0.65,0.9997328519821167,True,True,30.0,100.0,0.0,[1],10.0,10.0,1,10.0,0,0.011070915999994213
mlp_aco,2,8164,86,1,2,0.0,0.0,0.0,0.0,0.09907747060060501,False,False,0.0,0.0,0.0,[],10.0,10.0,1,10.0,0,0.011070915999994213
mlp_aco,2,8164,86,1,3,0.0,0.0,0.0,0.0,0.43936213850975037,False,False,0.0,0.0,0.0,[],10.0,10.0,1,10.0,0,0.011070915999994213
mlp_aco,2,8164,86,1,4,0.0,0.0,0.0,0.0,0.20313307642936707,False,False,0.0,0.0,0.0,[],10.0,10.0,1,10.0,0,0.011070915999994213
mlp_aco,2,8165,86,1,1,27.0,100.0,127.0,0.635,0.9995179772377014,True,True,30.0,97.0,0.0,[1],10.0,10.0,1,10.0,0,0.011164124999993419
mlp_aco,2,8165,86,1,2,0.0,0.0,0.0,0.0,0.09907747060060501,False,False,0.0,0.0,0.0,[],10.0,10.0,1,10.0,0,0.011164124999993419
mlp_aco,2,8165,86,1,3,0.0,0.0,0.0,0.0,0.43936213850975037,False,False,0.0,0.0,0.0,[],10.0,10.0,1,10.0,0,0.011164124999993419
mlp_aco,2,8165,86,1,4,0.0,0.0,0.0,0.0,0.20313307642936707,False,False,0.0,0.0,0.0,[],10.0,10.0,1,10.0,0,0.011164124999993419
mlp_aco,2,8166,86,1,1,29.0,97.0,126.0,0.63,0.999721884727478,True,True,30.0,96.0,0.0,[1],10.0,10.0,1,10.0,0,0.010670290999996723
mlp_aco,2,8166,86,1,2,0.0,0.0,0.0,0.0,0.09907747060060501,False,False,0.0,0.0,0.0,[],10.0,10.0,1,10.0,0,0.010670290999996723
mlp_aco,2,8166,86,1,3,0.0,0.0,0.0,0.0,0.43936213850975037,False,False,0.0,0.0,0.0,[],10.0,10.0,1,10.0,0,0.010670290999996723
mlp_aco,2,8166,86,1,4,0.0,0.0,0.0,0.0,0.20313307642936707,False,False,0.0,0.0,0.0,[],10.0,10.0,1,10.0,0,0.010670290999996723
mlp_aco,2,8167,86,1,1,28.0,96.0,124.0,0.62,0.9995443224906921,True,True,30.0,94.0,0.0,[1],10.0,10.0,1,10.0,0,0.010796457999987297
mlp_aco,2,8167,86,1,2,0.0,0.0,0.0,0.0,0.09907747060060501,False,False,0.0,0.0,0.0,[],10.0,10.0,1,10.0,0,0.010796457999987297
mlp_aco,2,8167,86,1,3,0.0,0.0,0.0,0.0,0.43936213850975037,False,False,0.0,0.0,0.0,[],10.0,10.0,1,10.0,0,0.010796457999987297
mlp_aco,2,8167,86,1,4,0.0,0.0,0.0,0.0,0.20313307642936707,False,False,0.0,0.0,0.0,[],10.0,10.0,1,10.0,0,0.010796457999987297
mlp_aco,2,8168,86,2,1,27.0,94.0,121.0,0.605,0.9992042779922485,True,True,30.0,91.0,0.0,[1],10.0,10.0,1,10.0,0,0.010349749999988944
mlp_aco,2,8168,86,2,2,0.0,0.0,0.0,0.0,0.09907747060060501,False,False,0.0,0.0,0.0,[],10.0,10.0,1,10.0,0,0.010349749999988944
mlp_aco,2,8168,86,2,3,0.0,0.0,0.0,0.0,0.43936213850975037,False,False,0.0,0.0,0.0,[],10.0,10.0,1,10.0,0,0.010349749999988944
mlp_aco,2,8168,86,2,4,0.0,0.0,0.0,0.0,0.20313307642936707,False,False,0.0,0.0,0.0,[],10.0,10.0,1,10.0,0,0.010349749999988944
mlp_aco,2,8169,86,2,1,28.0,91.0,119.0,0.595,0.9993123412132263,True,True,30.0,89.0,0.0,[1],10.0,10.0,1,10.0,0,0.010525000000001228
mlp_aco,2,8169,86,2,2,0.0,0.0,0.0,0.0,0.09907747060060501,False,False,0.0,0.0,0.0,[],10.0,10.0,1,10.0,0,0.010525000000001228
mlp_aco,2,8169,86,2,3,0.0,0.0,0.0,0.0,0.43936213850975037,False,False,0.0,0.0,0.0,[],10.0,10.0,1,10.0,0,0.010525000000001228
mlp_aco,2,8169,86,2,4,0.0,0.0,0.0,0.0,0.20313307642936707,False,False,0.0,0.0,0.0,[],10.0,10.0,1,10.0,0,0.010525000000001228
mlp_aco,2,8170,86,2,1,29.0,89.0,118.0,0.59,0.9994463920593262,True,True,30.0,88.0,0.0,[1],10.0,10.0,1,10.0,0,0.010517292000002954
mlp_aco,2,8170,86,2,2,0.0,0.0,0.0,0.0,0.09907747060060501,False,False,0.0,0.0,0.0,[],10.0,10.0,1,10.0,0,0.010517292000002954
mlp_aco,2,8170,86,2,3,0.0,0.0,0.0,0.0,0.43936213850975037,False,False,0.0,0.0,0.0,[],10.0,10.0,1,10.0,0,0.010517292000002954
mlp_aco,2,8170,86,2,4,0.0,0.0,0.0,0.0,0.20313307642936707,False,False,0.0,0.0,0.0,[],10.0,10.0,1,10.0,0,0.010517292000002954
mlp_aco,2,8171,86,2,1,27.0,88.0,115.0,0.575,0.9986965656280518,True,True,30.0,85.0,0.0,[1],10.0,10.0,1,10.0,0,0.026182083000009015
mlp_aco,2,8171,86,2,2,0.0,0.0,0.0,0.0,0.09907747060060501,False,False,0.0,0.0,0.0,[],10.0,10.0,1,10.0,0,0.026182083000009015
mlp_aco,2,8171,86,2,3,0.0,0.0,0.0,0.0,0.43936213850975037,False,False,0.0,0.0,0.0,[],10.0,10.0,1,10.0,0,0.026182083000009015
mlp_aco,2,8171,86,2,4,0.0,0.0,0.0,0.0,0.20313307642936707,False,False,0.0,0.0,0.0,[],10.0,10.0,1,10.0,0,0.026182083000009015
mlp_aco,2,8172,86,3,1,28.0,85.0,113.0,0.565,0.9988734126091003,True,True,30.0,83.0,0.0,[1],10.0,10.0,1,10.0,0,0.014526708999994753
mlp_aco,2,8172,86,3,2,0.0,0.0,0.0,0.0,0.09907747060060501,False,False,0.0,0.0,0.0,[],10.0,10.0,1,10.0,0,0.014526708999994753
mlp_aco,2,8172,86,3,3,0.0,0.0,0.0,0.0,0.43936213850975037,False,False,0.0,0.0,0.0,[],10.0,10.0,1,10.0,0,0.014526708999994753
mlp_aco,2,8172,86,3,4,0.0,0.0,0.0,0.0,0.20313307642936707,False,False,0.0,0.0,0.0,[],10.0,10.0,1,10.0,0,0.014526708999994753
mlp_aco,2,8173,86,3,1,29.0,83.0,112.0,0.56,0.9991087913513184,True,True,30.0,82.0,0.0,[1],10.0,10.0,1,10.0,0,0.009711207999998805
mlp_aco,2,8173,86,3,2,0.0,0.0,0.0,0.0,0.09907747060060501,False,False,0.0,0.0,0.0,[],10.0,10.0,1,10.0,0,0.009711207999998805
mlp_aco,2,8173,86,3,3,0.0,0.0,0.0,0.0,0.43936213850975037,False,False,0.0,0.0,0.0,[],10.0,10.0,1,10.0,0,0.009711207999998805
mlp_aco,2,8173,86,3,4,0.0,0.0,0.0,0.0,0.20313307642936707,False,False,0.0,0.0,0.0,[],10.0,10.0,1,10.0,0,0.009711207999998805
mlp_aco,2,8174,86,3,1,26.0,82.0,108.0,0.54,0.9969934821128845,True,True,30.0,78.0,0.0,[1],10.0,10.0,1,10.0,0,0.010417665999995052
mlp_aco,2,8174,86,3,2,0.0,0.0,0.0,0.0,0.09907747060060501,False,False,0.0,0.0,0.0,[],10.0,10.0,1,10.0,0,0.010417665999995052
mlp_aco,2,8174,86,3,3,0.0,0.0,0.0,0.0,0.43936213850975037,False,False,0.0,0.0,0.0,[],10.0,10.0,1,10.0,0,0.010417665999995052
mlp_aco,2,8174,86,3,4,0.0,0.0,0.0,0.0,0.20313307642936707,False,False,0.0,0.0,0.0,[],10.0,10.0,1,10.0,0,0.010417665999995052
mlp_aco,2,8175,86,3,1,29.0,78.0,107.0,0.535,0.9987548589706421,True,True,30.0,77.0,0.0,[1],10.0,10.0,1,10.0,0,0.010551708000008375
mlp_aco,2,8175,86,3,2,0.0,0.0,0.0,0.0,0.09907747060060501,False,False,0.0,0.0,0.0,[],10.0,10.0,1,10.0,0,0.010551708000008375
mlp_aco,2,8175,86,3,3,0.0,0.0,0.0,0.0,0.43936213850975037,False,False,0.0,0.0,0.0,[],10.0,10.0,1,10.0,0,0.010551708000008375
mlp_aco,2,8175,86,3,4,0.0,0.0,0.0,0.0,0.20313307642936707,False,False,0.0,0.0,0.0,[],10.0,10.0,1,10.0,0,0.010551708000008375
mlp_aco,2,8176,86,4,1,28.0,77.0,105.0,0.525,0.9980714917182922,True,True,30.0,75.0,0.0,[1],10.0,10.0,1,10.0,0,0.01038241700001663
mlp_aco,2,8176,86,4,2,0.0,0.0,0.0,0.0,0.09907747060060501,False,False,0.0,0.0,0.0,[],10.0,10.0,1,10.0,0,0.01038241700001663
mlp_aco,2,8176,86,4,3,0.0,0.0,0.0,0.0,0.43936213850975037,False,False,0.0,0.0,0.0,[],10.0,10.0,1,10.0,0,0.01038241700001663
mlp_aco,2,8176,86,4,4,0.0,0.0,0.0,0.0,0.20313307642936707,False,False,0.0,0.0,0.0,[],10.0,10.0,1,10.0,0,0.01038241700001663
mlp_aco,2,8177,86,4,1,27.0,75.0,102.0,0.51,0.9967485666275024,True,True,30.0,72.0,0.0,[1],10.0,10.0,1,10.0,0,0.01039829199999076
mlp_aco,2,8177,86,4,2,0.0,0.0,0.0,0.0,0.09907747060060501,False,False,0.0,0.0,0.0,[],10.0,10.0,1,10.0,0,0.01039829199999076
mlp_aco,2,8177,86,4,3,0.0,0.0,0.0,0.0,0.43936213850975037,False,False,0.0,0.0,0.0,[],10.0,10.0,1,10.0,0,0.01039829199999076
mlp_aco,2,8177,86,4,4,0.0,0.0,0.0,0.0,0.20313307642936707,False,False,0.0,0.0,0.0,[],10.0,10.0,1,10.0,0,0.01039829199999076
mlp_aco,2,8178,86,4,1,29.0,72.0,101.0,0.505,0.9981855154037476,True,True,30.0,71.0,0.0,[1],10.0,10.0,1,10.0,0,0.010296624999995174
mlp_aco,2,8178,86,4,2,0.0,0.0,0.0,0.0,0.09907747060060501,False,False,0.0,0.0,0.0,[],10.0,10.0,1,10.0,0,0.010296624999995174
mlp_aco,2,8178,86,4,3,0.0,0.0,0.0,0.0,0.43936213850975037,False,False,0.0,0.0,0.0,[],10.0,10.0,1,10.0,0,0.010296624999995174
mlp_aco,2,8178,86,4,4,0.0,0.0,0.0,0.0,0.20313307642936707,False,False,0.0,0.0,0.0,[],10.0,10.0,1,10.0,0,0.010296624999995174
mlp_aco,2,8179,86,4,1,28.0,71.0,99.0,0.495,0.9971610903739929,True,True,30.0,69.0,0.0,[1],10.0,10.0,1,10.0,0,0.01125195800000256
mlp_aco,2,8179,86,4,2,0.0,0.0,0.0,0.0,0.09907747060060501,False,False,0.0,0.0,0.0,[],10.0,10.0,1,10.0,0,0.01125195800000256
mlp_aco,2,8179,86,4,3,0.0,0.0,0.0,0.0,0.43936213850975037,False,False,0.0,0.0,0.0,[],10.0,10.0,1,10.0,0,0.01125195800000256
mlp_aco,2,8179,86,4,4,0.0,0.0,0.0,0.0,0.20313307642936707,False,False,0.0,0.0,0.0,[],10.0,10.0,1,10.0,0,0.01125195800000256
mlp_aco,2,8180,86,5,1,27.0,69.0,96.0,0.48,0.9952660799026489,True,True,30.0,66.0,0.0,[1],10.0,10.0,1,10.0,0,0.011101291000017
mlp_aco,2,8180,86,5,2,0.0,0.0,0.0,0.0,0.09907747060060501,False,False,0.0,0.0,0.0,[],10.0,10.0,1,10.0,0,0.011101291000017
mlp_aco,2,8180,86,5,3,0.0,0.0,0.0,0.0,0.43936213850975037,False,False,0.0,0.0,0.0,[],10.0,10.0,1,10.0,0,0.011101291000017
mlp_aco,2,8180,86,5,4,0.0,0.0,0.0,0.0,0.20313307642936707,False,False,0.0,0.0,0.0,[],10.0,10.0,1,10.0,0,0.011101291000017
mlp_aco,2,8181,86,5,1,28.0,66.0,94.0,0.47,0.9960830211639404,True,True,30.0,64.0,0.0,[1],10.0,10.0,1,10.0,0,0.010740499999997155
mlp_aco,2,8181,86,5,2,0.0,0.0,0.0,0.0,0.09907747060060501,False,False,0.0,0.0,0.0,[],10.0,10.0,1,10.0,0,0.010740499999997155
mlp_aco,2,8181,86,5,3,0.0,0.0,0.0,0.0,0.43936213850975037,False,False,0.0,0.0,0.0,[],10.0,10.0,1,10.0,0,0.010740499999997155
mlp_aco,2,8181,86,5,4,0.0,0.0,0.0,0.0,0.20313307642936707,False,False,0.0,0.0,0.0,[],10.0,10.0,1,10.0,0,0.010740499999997155
mlp_aco,2,8182,86,5,1,29.0,64.0,93.0,0.465,0.9969297647476196,True,True,30.0,63.0,0.0,[1],10.0,10.0,1,10.0,0,0.011488583000016206
mlp_aco,2,8182,86,5,2,0.0,0.0,0.0,0.0,0.09907747060060501,False,False,0.0,0.0,0.0,[],10.0,10.0,1,10.0,0,0.011488583000016206
mlp_aco,2,8182,86,5,3,0.0,0.0,0.0,0.0,0.43936213850975037,False,False,0.0,0.0,0.0,[],10.0,10.0,1,10.0,0,0.011488583000016206
mlp_aco,2,8182,86,5,4,0.0,0.0,0.0,0.0,0.20313307642936707,False,False,0.0,0.0,0.0,[],10.0,10.0,1,10.0,0,0.011488583000016206
mlp_aco,2,8183,86,5,1,27.0,63.0,90.0,0.45,0.9933719038963318,True,True,30.0,60.0,0.0,[1],10.0,10.0,1,10.0,0,0.011070166999985531
mlp_aco,2,8183,86,5,2,0.0,0.0,0.0,0.0,0.09907747060060501,False,False,0.0,0.0,0.0,[],10.0,10.0,1,10.0,0,0.011070166999985531
mlp_aco,2,8183,86,5,3,0.0,0.0,0.0,0.0,0.43936213850975037,False,False,0.0,0.0,0.0,[],10.0,10.0,1,10.0,0,0.011070166999985531
mlp_aco,2,8183,86,5,4,0.0,0.0,0.0,0.0,0.20313307642936707,False,False,0.0,0.0,0.0,[],10.0,10.0,1,10.0,0,0.011070166999985531
mlp_aco,2,8184,86,6,1,28.0,60.0,88.0,0.44,0.9945973753929138,True,True,30.0,58.0,0.0,[1],10.0,10.0,1,10.0,0,0.011274958000001334
mlp_aco,2,8184,86,6,2,0.0,0.0,0.0,0.0,0.09907747060060501,False,False,0.0,0.0,0.0,[],10.0,10.0,1,10.0,0,0.011274958000001334
mlp_aco,2,8184,86,6,3,0.0,0.0,0.0,0.0,0.43936213850975037,False,False,0.0,0.0,0.0,[],10.0,10.0,1,10.0,0,0.011274958000001334
mlp_aco,2,8184,86,6,4,0.0,0.0,0.0,0.0,0.20313307642936707,False,False,0.0,0.0,0.0,[],10.0,10.0,1,10.0,0,0.011274958000001334
mlp_aco,2,8185,86,6,1,27.0,58.0,85.0,0.425,0.9914907813072205,True,True,30.0,55.0,0.0,[1],10.0,10.0,1,10.0,0,0.011361792000002424
mlp_aco,2,8185,86,6,2,0.0,0.0,0.0,0.0,0.09907747060060501,False,False,0.0,0.0,0.0,[],10.0,10.0,1,10.0,0,0.011361792000002424
mlp_aco,2,8185,86,6,3,0.0,0.0,0.0,0.0,0.43936213850975037,False,False,0.0,0.0,0.0,[],10.0,10.0,1,10.0,0,0.011361792000002424
mlp_aco,2,8185,86,6,4,0.0,0.0,0.0,0.0,0.20313307642936707,False,False,0.0,0.0,0.0,[],10.0,10.0,1,10.0,0,0.011361792000002424
mlp_aco,2,8186,86,6,1,28.0,55.0,83.0,0.415,0.9929275512695312,True,True,30.0,53.0,0.0,[1],10.0,10.0,1,10.0,0,0.01105425000000082
mlp_aco,2,8186,86,6,2,0.0,0.0,0.0,0.0,0.09907747060060501,False,False,0.0,0.0,0.0,[],10.0,10.0,1,10.0,0,0.01105425000000082
mlp_aco,2,8186,86,6,3,0.0,0.0,0.0,0.0,0.43936213850975037,False,False,0.0,0.0,0.0,[],10.0,10.0,1,10.0,0,0.01105425000000082
mlp_aco,2,8186,86,6,4,0.0,0.0,0.0,0.0,0.20313307642936707,False,False,0.0,0.0,0.0,[],10.0,10.0,1,10.0,0,0.01105425000000082
mlp_aco,2,8187,86,6,1,29.0,53.0,82.0,0.41,0.9945684671401978,True,True,30.0,52.0,0.0,[1],10.0,10.0,1,10.0,0,0.011043749999998909
mlp_aco,2,8187,86,6,2,0.0,0.0,0.0,0.0,0.09907747060060501,False,False,0.0,0.0,0.0,[],10.0,10.0,1,10.0,0,0.011043749999998909
mlp_aco,2,8187,86,6,3,0.0,0.0,0.0,0.0,0.43936213850975037,False,False,0.0,0.0,0.0,[],10.0,10.0,1,10.0,0,0.011043749999998909
mlp_aco,2,8187,86,6,4,0.0,0.0,0.0,0.0,0.20313307642936707,False,False,0.0,0.0,0.0,[],10.0,10.0,1,10.0,0,0.011043749999998909
mlp_aco,2,8188,86,7,1,27.0,52.0,79.0,0.395,0.9885243773460388,True,True,30.0,49.0,0.0,[1],10.0,10.0,1,10.0,0,0.011220499999978983
mlp_aco,2,8188,86,7,2,0.0,0.0,0.0,0.0,0.09907747060060501,False,False,0.0,0.0,0.0,[],10.0,10.0,1,10.0,0,0.011220499999978983
mlp_aco,2,8188,86,7,3,0.0,0.0,0.0,0.0,0.43936213850975037,False,False,0.0,0.0,0.0,[],10.0,10.0,1,10.0,0,0.011220499999978983
mlp_aco,2,8188,86,7,4,0.0,0.0,0.0,0.0,0.20313307642936707,False,False,0.0,0.0,0.0,[],10.0,10.0,1,10.0,0,0.011220499999978983
mlp_aco,2,8189,86,7,1,28.0,49.0,77.0,0.385,0.9906376004219055,True,True,30.0,47.0,0.0,[1],10.0,10.0,1,10.0,0,0.010968709000025001
mlp_aco,2,8189,86,7,2,0.0,0.0,0.0,0.0,0.09907747060060501,False,False,0.0,0.0,0.0,[],10.0,10.0,1,10.0,0,0.010968709000025001
mlp_aco,2,8189,86,7,3,0.0,0.0,0.0,0.0,0.43936213850975037,False,False,0.0,0.0,0.0,[],10.0,10.0,1,10.0,0,0.010968709000025001
mlp_aco,2,8189,86,7,4,0.0,0.0,0.0,0.0,0.20313307642936707,False,False,0.0,0.0,0.0,[],10.0,10.0,1,10.0,0,0.010968709000025001
mlp_aco,2,8190,86,7,1,29.0,47.0,76.0,0.38,0.99273681640625,True,True,30.0,46.0,0.0,[1],10.0,10.0,1,10.0,0,0.011045041000016909
mlp_aco,2,8190,86,7,2,0.0,0.0,0.0,0.0,0.09907747060060501,False,False,0.0,0.0,0.0,[],10.0,10.0,1,10.0,0,0.011045041000016909
mlp_aco,2,8190,86,7,3,0.0,0.0,0.0,0.0,0.43936213850975037,False,False,0.0,0.0,0.0,[],10.0,10.0,1,10.0,0,0.011045041000016909
mlp_aco,2,8190,86,7,4,0.0,0.0,0.0,0.0,0.20313307642936707,False,False,0.0,0.0,0.0,[],10.0,10.0,1,10.0,0,0.011045041000016909
mlp_aco,2,8191,86,7,1,26.0,46.0,72.0,0.36,0.9776764512062073,True,True,30.0,42.0,0.0,[1],10.0,10.0,1,10.0,0,0.011012917000016387
mlp_aco,2,8191,86,7,2,0.0,0.0,0.0,0.0,0.09907747060060501,False,False,0.0,0.0,0.0,[],10.0,10.0,1,10.0,0,0.011012917000016387
mlp_aco,2,8191,86,7,3,0.0,0.0,0.0,0.0,0.43936213850975037,False,False,0.0,0.0,0.0,[],10.0,10.0,1,10.0,0,0.011012917000016387
mlp_aco,2,8191,86,7,4,0.0,0.0,0.0,0.0,0.20313307642936707,False,False,0.0,0.0,0.0,[],10.0,10.0,1,10.0,0,0.011012917000016387
mlp_aco,2,8192,86,8,1,29.0,42.0,71.0,0.355,0.9907476902008057,True,True,30.0,41.0,0.0,[1],10.0,10.0,1,10.0,0,0.011187124999992193
mlp_aco,2,8192,86,8,2,0.0,0.0,0.0,0.0,0.09907747060060501,False,False,0.0,0.0,0.0,[],10.0,10.0,1,10.0,0,0.011187124999992193
mlp_aco,2,8192,86,8,3,0.0,0.0,0.0,0.0,0.43936213850975037,False,False,0.0,0.0,0.0,[],10.0,10.0,1,10.0,0,0.011187124999992193
mlp_aco,2,8192,86,8,4,0.0,0.0,0.0,0.0,0.20313307642936707,False,False,0.0,0.0,0.0,[],10.0,10.0,1,10.0,0,0.011187124999992193
mlp_aco,2,8193,86,8,1,28.0,41.0,69.0,0.345,0.9865612387657166,True,True,30.0,39.0,0.0,[1],10.0,10.0,1,10.0,0,0.010935999999986734
mlp_aco,2,8193,86,8,2,0.0,0.0,0.0,0.0,0.09907747060060501,False,False,0.0,0.0,0.0,[],10.0,10.0,1,10.0,0,0.010935999999986734
mlp_aco,2,8193,86,8,3,0.0,0.0,0.0,0.0,0.43936213850975037,False,False,0.0,0.0,0.0,[],10.0,10.0,1,10.0,0,0.010935999999986734
mlp_aco,2,8193,86,8,4,0.0,0.0,0.0,0.0,0.20313307642936707,False,False,0.0,0.0,0.0,[],10.0,10.0,1,10.0,0,0.010935999999986734
mlp_aco,2,8194,86,8,1,27.0,39.0,66.0,0.33,0.9788976311683655,True,True,30.0,36.0,0.0,[1],10.0,10.0,1,10.0,0,0.012634792000000061
mlp_aco,2,8194,86,8,2,0.0,0.0,0.0,0.0,0.09907747060060501,False,False,0.0,0.0,0.0,[],10.0,10.0,1,10.0,0,0.012634792000000061
mlp_aco,2,8194,86,8,3,0.0,0.0,0.0,0.0,0.43936213850975037,False,False,0.0,0.0,0.0,[],10.0,10.0,1,10.0,0,0.012634792000000061
mlp_aco,2,8194,86,8,4,0.0,0.0,0.0,0.0,0.20313307642936707,False,False,0.0,0.0,0.0,[],10.0,10.0,1,10.0,0,0.012634792000000061
mlp_aco,2,8195,86,8,1,29.0,36.0,65.0,0.325,0.9882915616035461,True,True,30.0,35.0,0.0,[1],10.0,10.0,1,10.0,0,0.011604166000012128
mlp_aco,2,8195,86,8,2,0.0,0.0,0.0,0.0,0.09907747060060501,False,False,0.0,0.0,0.0,[],10.0,10.0,1,10.0,0,0.011604166000012128
mlp_aco,2,8195,86,8,3,0.0,0.0,0.0,0.0,0.43936213850975037,False,False,0.0,0.0,0.0,[],10.0,10.0,1,10.0,0,0.011604166000012128
mlp_aco,2,8195,86,8,4,0.0,0.0,0.0,0.0,0.20313307642936707,False,False,0.0,0.0,0.0,[],10.0,10.0,1,10.0,0,0.011604166000012128
mlp_aco,2,8196,86,9,1,28.0,35.0,63.0,0.315,0.982650101184845,True,True,30.0,33.0,0.0,[1],10.0,10.0,1,10.0,0,0.011485542000002624
mlp_aco,2,8196,86,9,2,0.0,0.0,0.0,0.0,0.09907747060060501,False,False,0.0,0.0,0.0,[],10.0,10.0,1,10.0,0,0.011485542000002624
mlp_aco,2,8196,86,9,3,0.0,0.0,0.0,0.0,0.43936213850975037,False,False,0.0,0.0,0.0,[],10.0,10.0,1,10.0,0,0.011485542000002624
mlp_aco,2,8196,86,9,4,0.0,0.0,0.0,0.0,0.20313307642936707,False,False,0.0,0.0,0.0,[],10.0,10.0,1,10.0,0,0.011485542000002624
mlp_aco,2,8197,86,9,1,27.0,33.0,60.0,0.3,0.9735247492790222,True,True,30.0,30.0,0.0,[1],10.0,10.0,1,10.0,0,0.01163066699999149
mlp_aco,2,8197,86,9,2,0.0,0.0,0.0,0.0,0.09907747060060501,False,False,0.0,0.0,0.0,[],10.0,10.0,1,10.0,0,0.01163066699999149
mlp_aco,2,8197,86,9,3,0.0,0.0,0.0,0.0,0.43936213850975037,False,False,0.0,0.0,0.0,[],10.0,10.0,1,10.0,0,0.01163066699999149
mlp_aco,2,8197,86,9,4,0.0,0.0,0.0,0.0,0.20313307642936707,False,False,0.0,0.0,0.0,[],10.0,10.0,1,10.0,0,0.01163066699999149
mlp_aco,2,8198,86,9,1,28.0,30.0,58.0,0.29,0.9790642261505127,True,True,30.0,28.0,0.0,[1],10.0,10.0,1,10.0,0,0.0130822920000071
mlp_aco,2,8198,86,9,2,0.0,0.0,0.0,0.0,0.09907747060060501,False,False,0.0,0.0,0.0,[],10.0,10.0,1,10.0,0,0.0130822920000071
mlp_aco,2,8198,86,9,3,0.0,0.0,0.0,0.0,0.43936213850975037,False,False,0.0,0.0,0.0,[],10.0,10.0,1,10.0,0,0.0130822920000071
mlp_aco,2,8198,86,9,4,0.0,0.0,0.0,0.0,0.20313307642936707,False,False,0.0,0.0,0.0,[],10.0,10.0,1,10.0,0,0.0130822920000071
mlp_aco,2,8199,86,9,1,29.0,28.0,57.0,0.285,0.9841150045394897,True,True,30.0,27.0,0.0,[1],10.0,10.0,1,10.0,0,0.011623958000001267
mlp_aco,2,8199,86,9,2,0.0,0.0,0.0,0.0,0.09907747060060501,False,False,0.0,0.0,0.0,[],10.0,10.0,1,10.0,0,0.011623958000001267
mlp_aco,2,8199,86,9,3,0.0,0.0,0.0,0.0,0.43936213850975037,False,False,0.0,0.0,0.0,[],10.0,10.0,1,10.0,0,0.011623958000001267
mlp_aco,2,8199,86,9,4,0.0,0.0,0.0,0.0,0.20313307642936707,False,False,0.0,0.0,0.0,[],10.0,10.0,1,10.0,0,0.011623958000001267
mlp_aco,2,8200,86,10,1,27.0,27.0,54.0,0.27,0.9669102430343628,True,True,30.0,24.0,0.0,[1],10.0,10.0,1,10.0,0,0.011409542000023976
mlp_aco,2,8200,86,10,2,0.0,0.0,0.0,0.0,0.09907747060060501,False,False,0.0,0.0,0.0,[],10.0,10.0,1,10.0,0,0.011409542000023976
mlp_aco,2,8200,86,10,3,0.0,0.0,0.0,0.0,0.43936213850975037,False,False,0.0,0.0,0.0,[],10.0,10.0,1,10.0,0,0.011409542000023976
mlp_aco,2,8200,86,10,4,0.0,0.0,0.0,0.0,0.20313307642936707,False,False,0.0,0.0,0.0,[],10.0,10.0,1,10.0,0,0.011409542000023976
mlp_aco,2,8201,86,10,1,28.0,24.0,52.0,0.26,0.9737964272499084,True,True,30.0,22.0,0.0,[1],10.0,10.0,1,10.0,0,0.010859041000003344
mlp_aco,2,8201,86,10,2,0.0,0.0,0.0,0.0,0.09907747060060501,False,False,0.0,0.0,0.0,[],10.0,10.0,1,10.0,0,0.010859041000003344
mlp_aco,2,8201,86,10,3,0.0,0.0,0.0,0.0,0.43936213850975037,False,False,0.0,0.0,0.0,[],10.0,10.0,1,10.0,0,0.010859041000003344
mlp_aco,2,8201,86,10,4,0.0,0.0,0.0,0.0,0.20313307642936707,False,False,0.0,0.0,0.0,[],10.0,10.0,1,10.0,0,0.010859041000003344
mlp_aco,2,8202,86,10,1,26.0,22.0,48.0,0.24,0.9437885880470276,True,True,30.0,18.0,0.0,[1],10.0,10.0,1,10.0,0,0.011416666000002351
mlp_aco,2,8202,86,10,2,0.0,0.0,0.0,0.0,0.09907747060060501,False,False,0.0,0.0,0.0,[],10.0,10.0,1,10.0,0,0.011416666000002351
mlp_aco,2,8202,86,10,3,0.0,0.0,0.0,0.0,0.43936213850975037,False,False,0.0,0.0,0.0,[],10.0,10.0,1,10.0,0,0.011416666000002351
mlp_aco,2,8202,86,10,4,0.0,0.0,0.0,0.0,0.20313307642936707,False,False,0.0,0.0,0.0,[],10.0,10.0,1,10.0,0,0.011416666000002351
mlp_aco,2,8203,86,10,1,18.0,18.0,36.0,0.18,0.4815177619457245,False,False,0.0,36.0,0.0,[],0.0,0.0,0,0.0,0,5.417000011220807e-06
mlp_aco,2,8203,86,10,2,0.0,0.0,0.0,0.0,0.09907747060060501,False,False,0.0,0.0,0.0,[],0.0,0.0,0,0.0,0,5.417000011220807e-06
mlp_aco,2,8203,86,10,3,0.0,0.0,0.0,0.0,0.43936213850975037,False,False,0.0,0.0,0.0,[],0.0,0.0,0,0.0,0,5.417000011220807e-06
mlp_aco,2,8203,86,10,4,0.0,0.0,0.0,0.0,0.20313307642936707,False,False,0.0,0.0,0.0,[],0.0,0.0,0,0.0,0,5.417000011220807e-06
mlp_aco,2,8204,86,11,1,20.0,36.0,56.0,0.28,0.7483333945274353,True,True,30.0,26.0,0.0,[1],10.0,10.0,1,10.0,0,0.011173082999988537
mlp_aco,2,8204,86,11,2,0.0,0.0,0.0,0.0,0.09907747060060501,False,False,0.0,0.0,0.0,[],10.0,10.0,1,10.0,0,0.011173082999988537
mlp_aco,2,8204,86,11,3,0.0,0.0,0.0,0.0,0.43936213850975037,False,False,0.0,0.0,0.0,[],10.0,10.0,1,10.0,0,0.011173082999988537
mlp_aco,2,8204,86,11,4,0.0,0.0,0.0,0.0,0.20313307642936707,False,False,0.0,0.0,0.0,[],10.0,10.0,1,10.0,0,0.011173082999988537
mlp_aco,2,8205,86,11,1,20.0,26.0,46.0,0.23,0.7029708027839661,True,True,30.0,16.0,0.0,[1],10.0,10.0,1,10.0,0,0.012757082999996783
mlp_aco,2,8205,86,11,2,0.0,0.0,0.0,0.0,0.09907747060060501,False,False,0.0,0.0,0.0,[],10.0,10.0,1,10.0,0,0.012757082999996783
mlp_aco,2,8205,86,11,3,0.0,0.0,0.0,0.0,0.43936213850975037,False,False,0.0,0.0,0.0,[],10.0,10.0,1,10.0,0,0.012757082999996783
mlp_aco,2,8205,86,11,4,0.0,0.0,0.0,0.0,0.20313307642936707,False,False,0.0,0.0,0.0,[],10.0,10.0,1,10.0,0,0.012757082999996783
mlp_aco,2,8206,86,11,1,18.0,16.0,34.0,0.17,0.4875272512435913,False,False,0.0,34.0,0.0,[],0.0,0.0,0,0.0,0,4.458000006479779e-06
mlp_aco,2,8206,86,11,2,0.0,0.0,0.0,0.0,0.09907747060060501,False,False,0.0,0.0,0.0,[],0.0,0.0,0,0.0,0,4.458000006479779e-06
mlp_aco,2,8206,86,11,3,0.0,0.0,0.0,0.0,0.43936213850975037,False,False,0.0,0.0,0.0,[],0.0,0.0,0,0.0,0,4.458000006479779e-06
mlp_aco,2,8206,86,11,4,0.0,0.0,0.0,0.0,0.20313307642936707,False,False,0.0,0.0,0.0,[],0.0,0.0,0,0.0,0,4.458000006479779e-06
mlp_aco,2,8207,86,11,1,20.0,34.0,54.0,0.27,0.7627817988395691,True,True,30.0,24.0,0.0,[1],10.0,10.0,1,10.0,0,0.01168962500000248
mlp_aco,2,8207,86,11,2,0.0,0.0,0.0,0.0,0.09907747060060501,False,False,0.0,0.0,0.0,[],10.0,10.0,1,10.0,0,0.01168962500000248
mlp_aco,2,8207,86,11,3,0.0,0.0,0.0,0.0,0.43936213850975037,False,False,0.0,0.0,0.0,[],10.0,10.0,1,10.0,0,0.01168962500000248
mlp_aco,2,8207,86,11,4,0.0,0.0,0.0,0.0,0.20313307642936707,False,False,0.0,0.0,0.0,[],10.0,10.0,1,10.0,0,0.01168962500000248
mlp_aco,2,8208,86,12,1,19.0,24.0,43.0,0.215,0.6207240223884583,False,False,0.0,43.0,0.0,[],0.0,0.0,0,0.0,0,4.082999993215708e-06
mlp_aco,2,8208,86,12,2,0.0,0.0,0.0,0.0,0.09907747060060501,False,False,0.0,0.0,0.0,[],0.0,0.0,0,0.0,0,4.082999993215708e-06
mlp_aco,2,8208,86,12,3,0.0,0.0,0.0,0.0,0.43936213850975037,False,False,0.0,0.0,0.0,[],0.0,0.0,0,0.0,0,4.082999993215708e-06
mlp_aco,2,8208,86,12,4,0.0,0.0,0.0,0.0,0.20313307642936707,False,False,0.0,0.0,0.0,[],0.0,0.0,0,0.0,0,4.082999993215708e-06
mlp_aco,2,8209,86,12,1,19.0,43.0,62.0,0.31,0.7541476488113403,True,True,30.0,32.0,0.0,[1],10.0,10.0,1,10.0,0,0.010911292000002959
mlp_aco,2,8209,86,12,2,0.0,0.0,0.0,0.0,0.09907747060060501,False,False,0.0,0.0,0.0,[],10.0,10.0,1,10.0,0,0.010911292000002959
mlp_aco,2,8209,86,12,3,0.0,0.0,0.0,0.0,0.43936213850975037,False,False,0.0,0.0,0.0,[],10.0,10.0,1,10.0,0,0.010911292000002959
mlp_aco,2,8209,86,12,4,0.0,0.0,0.0,0.0,0.20313307642936707,False,False,0.0,0.0,0.0,[],10.0,10.0,1,10.0,0,0.010911292000002959
mlp_aco,2,8210,86,12,1,19.0,32.0,51.0,0.255,0.6722744107246399,False,False,0.0,51.0,0.0,[],0.0,0.0,0,0.0,0,3.583999983902686e-06
mlp_aco,2,8210,86,12,2,0.0,0.0,0.0,0.0,0.09907747060060501,False,False,0.0,0.0,0.0,[],0.0,0.0,0,0.0,0,3.583999983902686e-06
mlp_aco,2,8210,86,12,3,0.0,0.0,0.0,0.0,0.43936213850975037,False,False,0.0,0.0,0.0,[],0.0,0.0,0,0.0,0,3.583999983902686e-06
mlp_aco,2,8210,86,12,4,0.0,0.0,0.0,0.0,0.20313307642936707,False,False,0.0,0.0,0.0,[],0.0,0.0,0,0.0,0,3.583999983902686e-06
mlp_aco,2,8211,86,12,1,11.0,51.0,62.0,0.31,0.31346002221107483,False,False,0.0,62.0,0.0,[],0.0,0.0,0,0.0,0,4.625000002533852e-06
mlp_aco,2,8211,86,12,2,0.0,0.0,0.0,0.0,0.09907747060060501,False,False,0.0,0.0,0.0,[],0.0,0.0,0,0.0,0,4.625000002533852e-06
mlp_aco,2,8211,86,12,3,0.0,0.0,0.0,0.0,0.43936213850975037,False,False,0.0,0.0,0.0,[],0.0,0.0,0,0.0,0,4.625000002533852e-06
mlp_aco,2,8211,86,12,4,0.0,0.0,0.0,0.0,0.20313307642936707,False,False,0.0,0.0,0.0,[],0.0,0.0,0,0.0,0,4.625000002533852e-06
mlp_aco,2,8212,86,13,1,9.0,62.0,71.0,0.355,0.2907337248325348,False,False,0.0,71.0,0.0,[],0.0,0.0,0,0.0,0,3.125000006320988e-06
mlp_aco,2,8212,86,13,2,0.0,0.0,0.0,0.0,0.09907747060060501,False,False,0.0,0.0,0.0,[],0.0,0.0,0,0.0,0,3.125000006320988e-06
mlp_aco,2,8212,86,13,3,0.0,0.0,0.0,0.0,0.43936213850975037,False,False,0.0,0.0,0.0,[],0.0,0.0,0,0.0,0,3.125000006320988e-06
mlp_aco,2,8212,86,13,4,0.0,0.0,0.0,0.0,0.20313307642936707,False,False,0.0,0.0,0.0,[],0.0,0.0,0,0.0,0,3.125000006320988e-06
mlp_aco,2,8213,86,13,1,9.0,71.0,80.0,0.4,0.33239781856536865,False,False,0.0,80.0,0.0,[],0.0,0.0,0,0.0,0,4.082999993215708e-06
mlp_aco,2,8213,86,13,2,0.0,0.0,0.0,0.0,0.09907747060060501,False,False,0.0,0.0,0.0,[],0.0,0.0,0,0.0,0,4.082999993215708e-06
mlp_aco,2,8213,86,13,3,0.0,0.0,0.0,0.0,0.43936213850975037,False,False,0.0,0.0,0.0,[],0.0,0.0,0,0.0,0,4.082999993215708e-06
mlp_aco,2,8213,86,13,4,0.0,0.0,0.0,0.0,0.20313307642936707,False,False,0.0,0.0,0.0,[],0.0,0.0,0,0.0,0,4.082999993215708e-06
mlp_aco,2,8214,86,13,1,8.0,80.0,88.0,0.44,0.3522425889968872,False,False,0.0,88.0,0.0,[],0.0,0.0,0,0.0,0,4.00000001832268e-06
mlp_aco,2,8214,86,13,2,0.0,0.0,0.0,0.0,0.09907747060060501,False,False,0.0,0.0,0.0,[],0.0,0.0,0,0.0,0,4.00000001832268e-06
mlp_aco,2,8214,86,13,3,0.0,0.0,0.0,0.0,0.43936213850975037,False,False,0.0,0.0,0.0,[],0.0,0.0,0,0.0,0,4.00000001832268e-06
mlp_aco,2,8214,86,13,4,0.0,0.0,0.0,0.0,0.20313307642936707,False,False,0.0,0.0,0.0,[],0.0,0.0,0,0.0,0,4.00000001832268e-06
mlp_aco,2,8215,86,13,1,9.0,88.0,97.0,0.485,0.42081278562545776,False,False,0.0,97.0,0.0,[],0.0,0.0,0,0.0,0,4.875000001902663e-06
mlp_aco,2,8215,86,13,2,0.0,0.0,0.0,0.0,0.09907747060060501,False,False,0.0,0.0,0.0,[],0.0,0.0,0,0.0,0,4.875000001902663e-06
mlp_aco,2,8215,86,13,3,0.0,0.0,0.0,0.0,0.43936213850975037,False,False,0.0,0.0,0.0,[],0.0,0.0,0,0.0,0,4.875000001902663e-06
mlp_aco,2,8215,86,13,4,0.0,0.0,0.0,0.0,0.20313307642936707,False,False,0.0,0.0,0.0,[],0.0,0.0,0,0.0,0,4.875000001902663e-06
mlp_aco,2,8216,86,14,1,9.0,97.0,106.0,0.53,0.5041602849960327,False,False,0.0,106.0,0.0,[],0.0,0.0,0,0.0,0,2.9159999996863917e-06
mlp_aco,2,8216,86,14,2,0.0,0.0,0.0,0.0,0.09907747060060501,False,False,0.0,0.0,0.0,[],0.0,0.0,0,0.0,0,2.9159999996863917e-06
mlp_aco,2,8216,86,14,3,0.0,0.0,0.0,0.0,0.43936213850975037,False,False,0.0,0.0,0.0,[],0.0,0.0,0,0.0,0,2.9159999996863917e-06
mlp_aco,2,8216,86,14,4,0.0,0.0,0.0,0.0,0.20313307642936707,False,False,0.0,0.0,0.0,[],0.0,0.0,0,0.0,0,2.9159999996863917e-06
mlp_aco,2,8217,86,14,1,8.0,106.0,114.0,0.57,0.5376691222190857,False,False,0.0,114.0,0.0,[],0.0,0.0,0,0.0,0,4.541999999219115e-06
mlp_aco,2,8217,86,14,2,0.0,0.0,0.0,0.0,0.09907747060060501,False,False,0.0,0.0,0.0,[],0.0,0.0,0,0.0,0,4.541999999219115e-06
mlp_aco,2,8217,86,14,3,0.0,0.0,0.0,0.0,0.43936213850975037,False,False,0.0,0.0,0.0,[],0.0,0.0,0,0.0,0,4.541999999219115e-06
mlp_aco,2,8217,86,14,4,0.0,0.0,0.0,0.0,0.20313307642936707,False,False,0.0,0.0,0.0,[],0.0,0.0,0,0.0,0,4.541999999219115e-06
mlp_aco,2,8218,86,14,1,6.0,114.0,120.0,0.6,0.45307937264442444,False,False,0.0,120.0,0.0,[],0.0,0.0,0,0.0,0,3.249999991794539e-06
mlp_aco,2,8218,86,14,2,0.0,0.0,0.0,0.0,0.09907747060060501,False,False,0.0,0.0,0.0,[],0.0,0.0,0,0.0,0,3.249999991794539e-06
mlp_aco,2,8218,86,14,3,0.0,0.0,0.0,0.0,0.43936213850975037,False,False,0.0,0.0,0.0,[],0.0,0.0,0,0.0,0,3.249999991794539e-06
mlp_aco,2,8218,86,14,4,0.0,0.0,0.0,0.0,0.20313307642936707,False,False,0.0,0.0,0.0,[],0.0,0.0,0,0.0,0,3.249999991794539e-06
mlp_aco,2,8219,86,14,1,0.0,120.0,120.0,0.6,0.2053353190422058,False,False,0.0,120.0,0.0,[],0.0,0.0,0,0.0,0,3.2910000129504624e-06
mlp_aco,2,8219,86,14,2,0.0,0.0,0.0,0.0,0.09907747060060501,False,False,0.0,0.0,0.0,[],0.0,0.0,0,0.0,0,3.2910000129504624e-06
mlp_aco,2,8219,86,14,3,0.0,0.0,0.0,0.0,0.43936213850975037,False,False,0.0,0.0,0.0,[],0.0,0.0,0,0.0,0,3.2910000129504624e-06
mlp_aco,2,8219,86,14,4,0.0,0.0,0.0,0.0,0.20313307642936707,False,False,0.0,0.0,0.0,[],0.0,0.0,0,0.0,0,3.2910000129504624e-06
mlp_aco,2,8220,86,15,1,0.0,120.0,120.0,0.6,0.25736573338508606,False,False,0.0,120.0,0.0,[],0.0,0.0,0,0.0,0,2.7920000036374404e-06
mlp_aco,2,8220,86,15,2,0.0,0.0,0.0,0.0,0.09907747060060501,False,False,0.0,0.0,0.0,[],0.0,0.0,0,0.0,0,2.7920000036374404e-06
mlp_aco,2,8220,86,15,3,0.0,0.0,0.0,0.0,0.43936213850975037,False,False,0.0,0.0,0.0,[],0.0,0.0,0,0.0,0,2.7920000036374404e-06
mlp_aco,2,8220,86,15,4,0.0,0.0,0.0,0.0,0.20313307642936707,False,False,0.0,0.0,0.0,[],0.0,0.0,0,0.0,0,2.7920000036374404e-06
mlp_aco,2,8221,86,15,1,0.0,120.0,120.0,0.6,0.31775572896003723,False,False,0.0,120.0,0.0,[],0.0,0.0,0,0.0,0,5.208000004586211e-06
mlp_aco,2,8221,86,15,2,0.0,0.0,0.0,0.0,0.09907747060060501,False,False,0.0,0.0,0.0,[],0.0,0.0,0,0.0,0,5.208000004586211e-06
mlp_aco,2,8221,86,15,3,0.0,0.0,0.0,0.0,0.43936213850975037,False,False,0.0,0.0,0.0,[],0.0,0.0,0,0.0,0,5.208000004586211e-06
mlp_aco,2,8221,86,15,4,0.0,0.0,0.0,0.0,0.20313307642936707,False,False,0.0,0.0,0.0,[],0.0,0.0,0,0.0,0,5.208000004586211e-06
mlp_aco,2,8222,86,15,1,0.0,120.0,120.0,0.6,0.3676283359527588,False,False,0.0,120.0,0.0,[],0.0,0.0,0,0.0,0,5.208000004586211e-06
mlp_aco,2,8222,86,15,2,0.0,0.0,0.0,0.0,0.09907747060060501,False,False,0.0,0.0,0.0,[],0.0,0.0,0,0.0,0,5.208000004586211e-06
mlp_aco,2,8222,86,15,3,0.0,0.0,0.0,0.0,0.43936213850975037,False,False,0.0,0.0,0.0,[],0.0,0.0,0,0.0,0,5.208000004586211e-06
mlp_aco,2,8222,86,15,4,0.0,0.0,0.0,0.0,0.20313307642936707,False,False,0.0,0.0,0.0,[],0.0,0.0,0,0.0,0,5.208000004586211e-06
mlp_aco,2,8223,86,15,1,0.0,120.0,120.0,0.6,0.3676283359527588,False,False,0.0,120.0,0.0,[],0.0,0.0,0,0.0,0,3.332999995109276e-06
mlp_aco,2,8223,86,15,2,0.0,0.0,0.0,0.0,0.09907747060060501,False,False,0.0,0.0,0.0,[],0.0,0.0,0,0.0,0,3.332999995109276e-06
mlp_aco,2,8223,86,15,3,0.0,0.0,0.0,0.0,0.43936213850975037,False,False,0.0,0.0,0.0,[],0.0,0.0,0,0.0,0,3.332999995109276e-06
mlp_aco,2,8223,86,15,4,0.0,0.0,0.0,0.0,0.20313307642936707,False,False,0.0,0.0,0.0,[],0.0,0.0,0,0.0,0,3.332999995109276e-06
mlp_aco,2,8224,86,16,1,0.0,120.0,120.0,0.6,0.3676283359527588,False,False,0.0,120.0,0.0,[],0.0,0.0,0,0.0,0,4.3750000031650416e-06
mlp_aco,2,8224,86,16,2,0.0,0.0,0.0,0.0,0.09907747060060501,False,False,0.0,0.0,0.0,[],0.0,0.0,0,0.0,0,4.3750000031650416e-06
mlp_aco,2,8224,86,16,3,0.0,0.0,0.0,0.0,0.43936213850975037,False,False,0.0,0.0,0.0,[],0.0,0.0,0,0.0,0,4.3750000031650416e-06
mlp_aco,2,8224,86,16,4,0.0,0.0,0.0,0.0,0.20313307642936707,False,False,0.0,0.0,0.0,[],0.0,0.0,0,0.0,0,4.3750000031650416e-06
mlp_aco,2,8225,86,16,1,0.0,120.0,120.0,0.6,0.3676283359527588,False,False,0.0,120.0,0.0,[],0.0,0.0,0,0.0,0,2.958999999691514e-06
mlp_aco,2,8225,86,16,2,0.0,0.0,0.0,0.0,0.09907747060060501,False,False,0.0,0.0,0.0,[],0.0,0.0,0,0.0,0,2.958999999691514e-06
mlp_aco,2,8225,86,16,3,0.0,0.0,0.0,0.0,0.43936213850975037,False,False,0.0,0.0,0.0,[],0.0,0.0,0,0.0,0,2.958999999691514e-06
mlp_aco,2,8225,86,16,4,0.0,0.0,0.0,0.0,0.20313307642936707,False,False,0.0,0.0,0.0,[],0.0,0.0,0,0.0,0,2.958999999691514e-06
mlp_aco,2,8226,86,16,1,0.0,120.0,120.0,0.6,0.3676283359527588,False,False,0.0,120.0,0.0,[],0.0,0.0,0,0.0,0,4.208000007110968e-06
mlp_aco,2,8226,86,16,2,0.0,0.0,0.0,0.0,0.09907747060060501,False,False,0.0,0.0,0.0,[],0.0,0.0,0,0.0,0,4.208000007110968e-06
mlp_aco,2,8226,86,16,3,0.0,0.0,0.0,0.0,0.43936213850975037,False,False,0.0,0.0,0.0,[],0.0,0.0,0,0.0,0,4.208000007110968e-06
mlp_aco,2,8226,86,16,4,0.0,0.0,0.0,0.0,0.20313307642936707,False,False,0.0,0.0,0.0,[],0.0,0.0,0,0.0,0,4.208000007110968e-06
mlp_aco,2,8227,86,16,1,0.0,120.0,120.0,0.6,0.3676283359527588,False,False,0.0,120.0,0.0,[],0.0,0.0,0,0.0,0,4.499999988638592e-06
mlp_aco,2,8227,86,16,2,0.0,0.0,0.0,0.0,0.09907747060060501,False,False,0.0,0.0,0.0,[],0.0,0.0,0,0.0,0,4.499999988638592e-06
mlp_aco,2,8227,86,16,3,0.0,0.0,0.0,0.0,0.43936213850975037,False,False,0.0,0.0,0.0,[],0.0,0.0,0,0.0,0,4.499999988638592e-06
mlp_aco,2,8227,86,16,4,0.0,0.0,0.0,0.0,0.20313307642936707,False,False,0.0,0.0,0.0,[],0.0,0.0,0,0.0,0,4.499999988638592e-06
mlp_aco,2,8228,86,17,1,0.0,120.0,120.0,0.6,0.3676283359527588,False,False,0.0,120.0,0.0,[],0.0,0.0,0,0.0,0,3.74999999053216e-06
mlp_aco,2,8228,86,17,2,0.0,0.0,0.0,0.0,0.09907747060060501,False,False,0.0,0.0,0.0,[],0.0,0.0,0,0.0,0,3.74999999053216e-06
mlp_aco,2,8228,86,17,3,0.0,0.0,0.0,0.0,0.43936213850975037,False,False,0.0,0.0,0.0,[],0.0,0.0,0,0.0,0,3.74999999053216e-06
mlp_aco,2,8228,86,17,4,0.0,0.0,0.0,0.0,0.20313307642936707,False,False,0.0,0.0,0.0,[],0.0,0.0,0,0.0,0,3.74999999053216e-06
mlp_aco,2,8229,86,17,1,0.0,120.0,120.0,0.6,0.3676283359527588,False,False,0.0,120.0,0.0,[],0.0,0.0,0,0.0,0,4.042000000481494e-06
mlp_aco,2,8229,86,17,2,0.0,0.0,0.0,0.0,0.09907747060060501,False,False,0.0,0.0,0.0,[],0.0,0.0,0,0.0,0,4.042000000481494e-06
mlp_aco,2,8229,86,17,3,0.0,0.0,0.0,0.0,0.43936213850975037,False,False,0.0,0.0,0.0,[],0.0,0.0,0,0.0,0,4.042000000481494e-06
mlp_aco,2,8229,86,17,4,0.0,0.0,0.0,0.0,0.20313307642936707,False,False,0.0,0.0,0.0,[],0.0,0.0,0,0.0,0,4.042000000481494e-06
mlp_aco,2,8230,86,17,1,0.0,120.0,120.0,0.6,0.3676283359527588,False,False,0.0,120.0,0.0,[],0.0,0.0,0,0.0,0,3.834000011693206e-06
mlp_aco,2,8230,86,17,2,0.0,0.0,0.0,0.0,0.09907747060060501,False,False,0.0,0.0,0.0,[],0.0,0.0,0,0.0,0,3.834000011693206e-06
mlp_aco,2,8230,86,17,3,0.0,0.0,0.0,0.0,0.43936213850975037,False,False,0.0,0.0,0.0,[],0.0,0.0,0,0.0,0,3.834000011693206e-06
mlp_aco,2,8230,86,17,4,0.0,0.0,0.0,0.0,0.20313307642936707,False,False,0.0,0.0,0.0,[],0.0,0.0,0,0.0,0,3.834000011693206e-06
mlp_aco,2,8231,86,17,1,0.0,120.0,120.0,0.6,0.3676283359527588,False,False,0.0,120.0,0.0,[],0.0,0.0,0,0.0,0,2.8750000069521775e-06
mlp_aco,2,8231,86,17,2,0.0,0.0,0.0,0.0,0.09907747060060501,False,False,0.0,0.0,0.0,[],0.0,0.0,0,0.0,0,2.8750000069521775e-06
mlp_aco,2,8231,86,17,3,0.0,0.0,0.0,0.0,0.43936213850975037,False,False,0.0,0.0,0.0,[],0.0,0.0,0,0.0,0,2.8750000069521775e-06
mlp_aco,2,8231,86,17,4,0.0,0.0,0.0,0.0,0.20313307642936707,False,False,0.0,0.0,0.0,[],0.0,0.0,0,0.0,0,2.8750000069521775e-06
mlp_aco,2,8232,86,18,1,0.0,120.0,120.0,0.6,0.3676283359527588,False,False,0.0,120.0,0.0,[],0.0,0.0,0,0.0,0,3.6659999977928237e-06
mlp_aco,2,8232,86,18,2,0.0,0.0,0.0,0.0,0.09907747060060501,False,False,0.0,0.0,0.0,[],0.0,0.0,0,0.0,0,3.6659999977928237e-06
mlp_aco,2,8232,86,18,3,0.0,0.0,0.0,0.0,0.43936213850975037,False,False,0.0,0.0,0.0,[],0.0,0.0,0,0.0,0,3.6659999977928237e-06
mlp_aco,2,8232,86,18,4,0.0,0.0,0.0,0.0,0.20313307642936707,False,False,0.0,0.0,0.0,[],0.0,0.0,0,0.0,0,3.6659999977928237e-06
mlp_aco,2,8233,86,18,1,0.0,120.0,120.0,0.6,0.3676283359527588,False,False,0.0,120.0,0.0,[],0.0,0.0,0,0.0,0,2.6249999791616574e-06
mlp_aco,2,8233,86,18,2,0.0,0.0,0.0,0.0,0.09907747060060501,False,False,0.0,0.0,0.0,[],0.0,0.0,0,0.0,0,2.6249999791616574e-06
mlp_aco,2,8233,86,18,3,0.0,0.0,0.0,0.0,0.43936213850975037,False,False,0.0,0.0,0.0,[],0.0,0.0,0,0.0,0,2.6249999791616574e-06
mlp_aco,2,8233,86,18,4,0.0,0.0,0.0,0.0,0.20313307642936707,False,False,0.0,0.0,0.0,[],0.0,0.0,0,0.0,0,2.6249999791616574e-06
mlp_aco,2,8234,86,18,1,0.0,120.0,120.0,0.6,0.3676283359527588,False,False,0.0,120.0,0.0,[],0.0,0.0,0,0.0,0,4.332999992584519e-06
mlp_aco,2,8234,86,18,2,0.0,0.0,0.0,0.0,0.09907747060060501,False,False,0.0,0.0,0.0,[],0.0,0.0,0,0.0,0,4.332999992584519e-06
mlp_aco,2,8234,86,18,3,0.0,0.0,0.0,0.0,0.43936213850975037,False,False,0.0,0.0,0.0,[],0.0,0.0,0,0.0,0,4.332999992584519e-06
mlp_aco,2,8234,86,18,4,0.0,0.0,0.0,0.0,0.20313307642936707,False,False,0.0,0.0,0.0,[],0.0,0.0,0,0.0,0,4.332999992584519e-06
mlp_aco,2,8235,86,18,1,0.0,120.0,120.0,0.6,0.3676283359527588,False,False,0.0,120.0,0.0,[],0.0,0.0,0,0.0,0,2.4999999936881068e-06
mlp_aco,2,8235,86,18,2,0.0,0.0,0.0,0.0,0.09907747060060501,False,False,0.0,0.0,0.0,[],0.0,0.0,0,0.0,0,2.4999999936881068e-06
mlp_aco,2,8235,86,18,3,0.0,0.0,0.0,0.0,0.43936213850975037,False,False,0.0,0.0,0.0,[],0.0,0.0,0,0.0,0,2.4999999936881068e-06
mlp_aco,2,8235,86,18,4,0.0,0.0,0.0,0.0,0.20313307642936707,False,False,0.0,0.0,0.0,[],0.0,0.0,0,0.0,0,2.4999999936881068e-06
mlp_aco,2,8236,86,19,1,0.0,120.0,120.0,0.6,0.3676283359527588,False,False,0.0,120.0,0.0,[],0.0,0.0,0,0.0,0,5.125000001271474e-06
mlp_aco,2,8236,86,19,2,0.0,0.0,0.0,0.0,0.09907747060060501,False,False,0.0,0.0,0.0,[],0.0,0.0,0,0.0,0,5.125000001271474e-06
mlp_aco,2,8236,86,19,3,0.0,0.0,0.0,0.0,0.43936213850975037,False,False,0.0,0.0,0.0,[],0.0,0.0,0,0.0,0,5.125000001271474e-06
mlp_aco,2,8236,86,19,4,0.0,0.0,0.0,0.0,0.20313307642936707,False,False,0.0,0.0,0.0,[],0.0,0.0,0,0.0,0,5.125000001271474e-06
mlp_aco,2,8237,86,19,1,0.0,120.0,120.0,0.6,0.3676283359527588,False,False,0.0,120.0,0.0,[],0.0,0.0,0,0.0,0,8.583999999700609e-06
mlp_aco,2,8237,86,19,2,0.0,0.0,0.0,0.0,0.09907747060060501,False,False,0.0,0.0,0.0,[],0.0,0.0,0,0.0,0,8.583999999700609e-06
mlp_aco,2,8237,86,19,3,0.0,0.0,0.0,0.0,0.43936213850975037,False,False,0.0,0.0,0.0,[],0.0,0.0,0,0.0,0,8.583999999700609e-06
mlp_aco,2,8237,86,19,4,0.0,0.0,0.0,0.0,0.20313307642936707,False,False,0.0,0.0,0.0,[],0.0,0.0,0,0.0,0,8.583999999700609e-06
mlp_aco,2,8238,86,19,1,0.0,120.0,120.0,0.6,0.3676283359527588,False,False,0.0,120.0,0.0,[],0.0,0.0,0,0.0,0,9.957999992593614e-06
mlp_aco,2,8238,86,19,2,0.0,0.0,0.0,0.0,0.09907747060060501,False,False,0.0,0.0,0.0,[],0.0,0.0,0,0.0,0,9.957999992593614e-06
mlp_aco,2,8238,86,19,3,0.0,0.0,0.0,0.0,0.43936213850975037,False,False,0.0,0.0,0.0,[],0.0,0.0,0,0.0,0,9.957999992593614e-06
mlp_aco,2,8238,86,19,4,0.0,0.0,0.0,0.0,0.20313307642936707,False,False,0.0,0.0,0.0,[],0.0,0.0,0,0.0,0,9.957999992593614e-06
mlp_aco,2,8239,86,19,1,0.0,120.0,120.0,0.6,0.3676283359527588,False,False,0.0,120.0,0.0,[],0.0,0.0,0,0.0,0,6.41700000869605e-06
mlp_aco,2,8239,86,19,2,0.0,0.0,0.0,0.0,0.09907747060060501,False,False,0.0,0.0,0.0,[],0.0,0.0,0,0.0,0,6.41700000869605e-06
mlp_aco,2,8239,86,19,3,0.0,0.0,0.0,0.0,0.43936213850975037,False,False,0.0,0.0,0.0,[],0.0,0.0,0,0.0,0,6.41700000869605e-06
mlp_aco,2,8239,86,19,4,0.0,0.0,0.0,0.0,0.20313307642936707,False,False,0.0,0.0,0.0,[],0.0,0.0,0,0.0,0,6.41700000869605e-06
mlp_aco,2,8240,86,20,1,0.0,120.0,120.0,0.6,0.3676283359527588,False,False,0.0,120.0,0.0,[],0.0,0.0,0,0.0,0,4.500000017060302e-06
mlp_aco,2,8240,86,20,2,0.0,0.0,0.0,0.0,0.09907747060060501,False,False,0.0,0.0,0.0,[],0.0,0.0,0,0.0,0,4.500000017060302e-06
mlp_aco,2,8240,86,20,3,0.0,0.0,0.0,0.0,0.43936213850975037,False,False,0.0,0.0,0.0,[],0.0,0.0,0,0.0,0,4.500000017060302e-06
mlp_aco,2,8240,86,20,4,0.0,0.0,0.0,0.0,0.20313307642936707,False,False,0.0,0.0,0.0,[],0.0,0.0,0,0.0,0,4.500000017060302e-06
mlp_aco,2,8241,86,20,1,0.0,120.0,120.0,0.6,0.3676283359527588,False,False,0.0,120.0,0.0,[],0.0,0.0,0,0.0,0,3.125000006320988e-06
mlp_aco,2,8241,86,20,2,0.0,0.0,0.0,0.0,0.09907747060060501,False,False,0.0,0.0,0.0,[],0.0,0.0,0,0.0,0,3.125000006320988e-06
mlp_aco,2,8241,86,20,3,0.0,0.0,0.0,0.0,0.43936213850975037,False,False,0.0,0.0,0.0,[],0.0,0.0,0,0.0,0,3.125000006320988e-06
mlp_aco,2,8241,86,20,4,0.0,0.0,0.0,0.0,0.20313307642936707,False,False,0.0,0.0,0.0,[],0.0,0.0,0,0.0,0,3.125000006320988e-06
mlp_aco,2,8242,86,20,1,0.0,120.0,120.0,0.6,0.3676283359527588,False,False,0.0,120.0,0.0,[],0.0,0.0,0,0.0,0,4.582999991953329e-06
mlp_aco,2,8242,86,20,2,0.0,0.0,0.0,0.0,0.09907747060060501,False,False,0.0,0.0,0.0,[],0.0,0.0,0,0.0,0,4.582999991953329e-06
mlp_aco,2,8242,86,20,3,0.0,0.0,0.0,0.0,0.43936213850975037,False,False,0.0,0.0,0.0,[],0.0,0.0,0,0.0,0,4.582999991953329e-06
mlp_aco,2,8242,86,20,4,0.0,0.0,0.0,0.0,0.20313307642936707,False,False,0.0,0.0,0.0,[],0.0,0.0,0,0.0,0,4.582999991953329e-06
mlp_aco,2,8243,86,20,1,0.0,120.0,120.0,0.6,0.3676283359527588,False,False,0.0,120.0,0.0,[],0.0,0.0,0,0.0,0,2.750000021478627e-06
mlp_aco,2,8243,86,20,2,0.0,0.0,0.0,0.0,0.09907747060060501,False,False,0.0,0.0,0.0,[],0.0,0.0,0,0.0,0,2.750000021478627e-06
mlp_aco,2,8243,86,20,3,0.0,0.0,0.0,0.0,0.43936213850975037,False,False,0.0,0.0,0.0,[],0.0,0.0,0,0.0,0,2.750000021478627e-06
mlp_aco,2,8243,86,20,4,0.0,0.0,0.0,0.0,0.20313307642936707,False,False,0.0,0.0,0.0,[],0.0,0.0,0,0.0,0,2.750000021478627e-06
mlp_aco,2,8244,86,21,1,0.0,120.0,120.0,0.6,0.3676283359527588,False,False,0.0,120.0,0.0,[],0.0,0.0,0,0.0,0,4.750000016429112e-06
mlp_aco,2,8244,86,21,2,0.0,0.0,0.0,0.0,0.09907747060060501,False,False,0.0,0.0,0.0,[],0.0,0.0,0,0.0,0,4.750000016429112e-06
mlp_aco,2,8244,86,21,3,0.0,0.0,0.0,0.0,0.43936213850975037,False,False,0.0,0.0,0.0,[],0.0,0.0,0,0.0,0,4.750000016429112e-06
mlp_aco,2,8244,86,21,4,0.0,0.0,0.0,0.0,0.20313307642936707,False,False,0.0,0.0,0.0,[],0.0,0.0,0,0.0,0,4.750000016429112e-06
mlp_aco,2,8245,86,21,1,0.0,120.0,120.0,0.6,0.3676283359527588,False,False,0.0,120.0,0.0,[],0.0,0.0,0,0.0,0,3.207999981214016e-06
mlp_aco,2,8245,86,21,2,0.0,0.0,0.0,0.0,0.09907747060060501,False,False,0.0,0.0,0.0,[],0.0,0.0,0,0.0,0,3.207999981214016e-06
mlp_aco,2,8245,86,21,3,0.0,0.0,0.0,0.0,0.43936213850975037,False,False,0.0,0.0,0.0,[],0.0,0.0,0,0.0,0,3.207999981214016e-06
mlp_aco,2,8245,86,21,4,0.0,0.0,0.0,0.0,0.20313307642936707,False,False,0.0,0.0,0.0,[],0.0,0.0,0,0.0,0,3.207999981214016e-06
mlp_aco,2,8246,86,21,1,0.0,120.0,120.0,0.6,0.3676283359527588,False,False,0.0,120.0,0.0,[],0.0,0.0,0,0.0,0,4.415999995899256e-06
mlp_aco,2,8246,86,21,2,0.0,0.0,0.0,0.0,0.09907747060060501,False,False,0.0,0.0,0.0,[],0.0,0.0,0,0.0,0,4.415999995899256e-06
mlp_aco,2,8246,86,21,3,0.0,0.0,0.0,0.0,0.43936213850975037,False,False,0.0,0.0,0.0,[],0.0,0.0,0,0.0,0,4.415999995899256e-06
mlp_aco,2,8246,86,21,4,0.0,0.0,0.0,0.0,0.20313307642936707,False,False,0.0,0.0,0.0,[],0.0,0.0,0,0.0,0,4.415999995899256e-06
mlp_aco,2,8247,86,21,1,0.0,120.0,120.0,0.6,0.3676283359527588,False,False,0.0,120.0,0.0,[],0.0,0.0,0,0.0,0,4.4170000137455645e-06
mlp_aco,2,8247,86,21,2,0.0,0.0,0.0,0.0,0.09907747060060501,False,False,0.0,0.0,0.0,[],0.0,0.0,0,0.0,0,4.4170000137455645e-06
mlp_aco,2,8247,86,21,3,0.0,0.0,0.0,0.0,0.43936213850975037,False,False,0.0,0.0,0.0,[],0.0,0.0,0,0.0,0,4.4170000137455645e-06
mlp_aco,2,8247,86,21,4,0.0,0.0,0.0,0.0,0.20313307642936707,False,False,0.0,0.0,0.0,[],0.0,0.0,0,0.0,0,4.4170000137455645e-06
mlp_aco,2,8248,86,22,1,0.0,120.0,120.0,0.6,0.3676283359527588,False,False,0.0,120.0,0.0,[],0.0,0.0,0,0.0,0,2.8329999963716546e-06
mlp_aco,2,8248,86,22,2,0.0,0.0,0.0,0.0,0.09907747060060501,False,False,0.0,0.0,0.0,[],0.0,0.0,0,0.0,0,2.8329999963716546e-06
mlp_aco,2,8248,86,22,3,0.0,0.0,0.0,0.0,0.43936213850975037,False,False,0.0,0.0,0.0,[],0.0,0.0,0,0.0,0,2.8329999963716546e-06
mlp_aco,2,8248,86,22,4,0.0,0.0,0.0,0.0,0.20313307642936707,False,False,0.0,0.0,0.0,[],0.0,0.0,0,0.0,0,2.8329999963716546e-06
mlp_aco,2,8249,86,22,1,0.0,120.0,120.0,0.6,0.3676283359527588,False,False,0.0,120.0,0.0,[],0.0,0.0,0,0.0,0,4.500000017060302e-06
mlp_aco,2,8249,86,22,2,0.0,0.0,0.0,0.0,0.09907747060060501,False,False,0.0,0.0,0.0,[],0.0,0.0,0,0.0,0,4.500000017060302e-06
mlp_aco,2,8249,86,22,3,0.0,0.0,0.0,0.0,0.43936213850975037,False,False,0.0,0.0,0.0,[],0.0,0.0,0,0.0,0,4.500000017060302e-06
mlp_aco,2,8249,86,22,4,0.0,0.0,0.0,0.0,0.20313307642936707,False,False,0.0,0.0,0.0,[],0.0,0.0,0,0.0,0,4.500000017060302e-06
mlp_aco,2,8250,86,22,1,0.0,120.0,120.0,0.6,0.3676283359527588,False,False,0.0,120.0,0.0,[],0.0,0.0,0,0.0,0,2.8329999963716546e-06
mlp_aco,2,8250,86,22,2,0.0,0.0,0.0,0.0,0.09907747060060501,False,False,0.0,0.0,0.0,[],0.0,0.0,0,0.0,0,2.8329999963716546e-06
mlp_aco,2,8250,86,22,3,0.0,0.0,0.0,0.0,0.43936213850975037,False,False,0.0,0.0,0.0,[],0.0,0.0,0,0.0,0,2.8329999963716546e-06
mlp_aco,2,8250,86,22,4,0.0,0.0,0.0,0.0,0.20313307642936707,False,False,0.0,0.0,0.0,[],0.0,0.0,0,0.0,0,2.8329999963716546e-06
mlp_aco,2,8251,86,22,1,0.0,120.0,120.0,0.6,0.3676283359527588,False,False,0.0,120.0,0.0,[],0.0,0.0,0,0.0,0,4.165999996530445e-06
mlp_aco,2,8251,86,22,2,0.0,0.0,0.0,0.0,0.09907747060060501,False,False,0.0,0.0,0.0,[],0.0,0.0,0,0.0,0,4.165999996530445e-06
mlp_aco,2,8251,86,22,3,0.0,0.0,0.0,0.0,0.43936213850975037,False,False,0.0,0.0,0.0,[],0.0,0.0,0,0.0,0,4.165999996530445e-06
mlp_aco,2,8251,86,22,4,0.0,0.0,0.0,0.0,0.20313307642936707,False,False,0.0,0.0,0.0,[],0.0,0.0,0,0.0,0,4.165999996530445e-06
mlp_aco,2,8252,86,23,1,0.0,120.0,120.0,0.6,0.3676283359527588,False,False,0.0,120.0,0.0,[],0.0,0.0,0,0.0,0,1.6125000001920853e-05
mlp_aco,2,8252,86,23,2,0.0,0.0,0.0,0.0,0.09907747060060501,False,False,0.0,0.0,0.0,[],0.0,0.0,0,0.0,0,1.6125000001920853e-05
mlp_aco,2,8252,86,23,3,0.0,0.0,0.0,0.0,0.43936213850975037,False,False,0.0,0.0,0.0,[],0.0,0.0,0,0.0,0,1.6125000001920853e-05
mlp_aco,2,8252,86,23,4,0.0,0.0,0.0,0.0,0.20313307642936707,False,False,0.0,0.0,0.0,[],0.0,0.0,0,0.0,0,1.6125000001920853e-05
mlp_aco,2,8253,86,23,1,0.0,120.0,120.0,0.6,0.3676283359527588,False,False,0.0,120.0,0.0,[],0.0,0.0,0,0.0,0,3.708999997797946e-06
mlp_aco,2,8253,86,23,2,0.0,0.0,0.0,0.0,0.09907747060060501,False,False,0.0,0.0,0.0,[],0.0,0.0,0,0.0,0,3.708999997797946e-06
mlp_aco,2,8253,86,23,3,0.0,0.0,0.0,0.0,0.43936213850975037,False,False,0.0,0.0,0.0,[],0.0,0.0,0,0.0,0,3.708999997797946e-06
mlp_aco,2,8253,86,23,4,0.0,0.0,0.0,0.0,0.20313307642936707,False,False,0.0,0.0,0.0,[],0.0,0.0,0,0.0,0,3.708999997797946e-06
mlp_aco,2,8254,86,23,1,0.0,120.0,120.0,0.6,0.3676283359527588,False,False,0.0,120.0,0.0,[],0.0,0.0,0,0.0,0,3.917000015007943e-06
mlp_aco,2,8254,86,23,2,0.0,0.0,0.0,0.0,0.09907747060060501,False,False,0.0,0.0,0.0,[],0.0,0.0,0,0.0,0,3.917000015007943e-06
mlp_aco,2,8254,86,23,3,0.0,0.0,0.0,0.0,0.43936213850975037,False,False,0.0,0.0,0.0,[],0.0,0.0,0,0.0,0,3.917000015007943e-06
mlp_aco,2,8254,86,23,4,0.0,0.0,0.0,0.0,0.20313307642936707,False,False,0.0,0.0,0.0,[],0.0,0.0,0,0.0,0,3.917000015007943e-06
mlp_aco,2,8255,86,23,1,0.0,120.0,120.0,0.6,0.3676283359527588,False,False,0.0,120.0,0.0,[],0.0,0.0,0,0.0,0,3.2080000096357253e-06
mlp_aco,2,8255,86,23,2,0.0,0.0,0.0,0.0,0.09907747060060501,False,False,0.0,0.0,0.0,[],0.0,0.0,0,0.0,0,3.2080000096357253e-06
mlp_aco,2,8255,86,23,3,0.0,0.0,0.0,0.0,0.43936213850975037,False,False,0.0,0.0,0.0,[],0.0,0.0,0,0.0,0,3.2080000096357253e-06
mlp_aco,2,8255,86,23,4,0.0,0.0,0.0,0.0,0.20313307642936707,False,False,0.0,0.0,0.0,[],0.0,0.0,0,0.0,0,3.2080000096357253e-06
mlp_aco,2,8256,87,0,1,30.0,120.0,150.0,0.75,0.9999843239784241,True,True,30.0,120.0,0.0,[1],10.0,10.0,1,10.0,0,0.012719874999987724
mlp_aco,2,8256,87,0,2,0.0,0.0,0.0,0.0,0.09907747060060501,False,False,0.0,0.0,0.0,[],10.0,10.0,1,10.0,0,0.012719874999987724
mlp_aco,2,8256,87,0,3,0.0,0.0,0.0,0.0,0.43936213850975037,False,False,0.0,0.0,0.0,[],10.0,10.0,1,10.0,0,0.012719874999987724
mlp_aco,2,8256,87,0,4,0.0,0.0,0.0,0.0,0.20313307642936707,False,False,0.0,0.0,0.0,[],10.0,10.0,1,10.0,0,0.012719874999987724
mlp_aco,2,8257,87,0,1,61.0,120.0,181.0,0.905,1.0,True,True,30.0,151.0,0.0,[1],10.0,10.0,1,10.0,0,0.01216062500000703
mlp_aco,2,8257,87,0,2,0.0,0.0,0.0,0.0,0.09907747060060501,False,False,0.0,0.0,0.0,[],10.0,10.0,1,10.0,0,0.01216062500000703
mlp_aco,2,8257,87,0,3,0.0,0.0,0.0,0.0,0.43936213850975037,False,False,0.0,0.0,0.0,[],10.0,10.0,1,10.0,0,0.01216062500000703
mlp_aco,2,8257,87,0,4,0.0,0.0,0.0,0.0,0.20313307642936707,False,False,0.0,0.0,0.0,[],10.0,10.0,1,10.0,0,0.01216062500000703
mlp_aco,2,8258,87,0,1,87.0,151.0,238.0,1.19,1.0,True,True,30.0,200.0,8.0,[1],10.0,10.0,1,10.0,0,0.011988166999998384
mlp_aco,2,8258,87,0,2,0.0,0.0,0.0,0.0,0.09907747060060501,False,False,0.0,0.0,0.0,[],10.0,10.0,1,10.0,0,0.011988166999998384
mlp_aco,2,8258,87,0,3,0.0,0.0,0.0,0.0,0.43936213850975037,False,False,0.0,0.0,0.0,[],10.0,10.0,1,10.0,0,0.011988166999998384
mlp_aco,2,8258,87,0,4,0.0,0.0,0.0,0.0,0.20313307642936707,False,False,0.0,0.0,0.0,[],10.0,10.0,1,10.0,0,0.011988166999998384
mlp_aco,2,8259,87,0,1,91.0,200.0,291.0,1.455,1.0,True,True,30.0,200.0,61.0,[1],10.0,10.0,1,10.0,0,0.012135125000014568
mlp_aco,2,8259,87,0,2,0.0,0.0,0.0,0.0,0.09907747060060501,False,False,0.0,0.0,0.0,[],10.0,10.0,1,10.0,0,0.012135125000014568
mlp_aco,2,8259,87,0,3,0.0,0.0,0.0,0.0,0.43936213850975037,False,False,0.0,0.0,0.0,[],10.0,10.0,1,10.0,0,0.012135125000014568
mlp_aco,2,8259,87,0,4,0.0,0.0,0.0,0.0,0.20313307642936707,False,False,0.0,0.0,0.0,[],10.0,10.0,1,10.0,0,0.012135125000014568
mlp_aco,2,8260,87,1,1,96.0,200.0,296.0,1.48,1.0,True,True,30.0,200.0,66.0,[1],10.0,10.0,1,10.0,0,0.011396750000017164
mlp_aco,2,8260,87,1,2,0.0,0.0,0.0,0.0,0.09907747060060501,False,False,0.0,0.0,0.0,[],10.0,10.0,1,10.0,0,0.011396750000017164
mlp_aco,2,8260,87,1,3,0.0,0.0,0.0,0.0,0.43936213850975037,False,False,0.0,0.0,0.0,[],10.0,10.0,1,10.0,0,0.011396750000017164
mlp_aco,2,8260,87,1,4,0.0,0.0,0.0,0.0,0.20313307642936707,False,False,0.0,0.0,0.0,[],10.0,10.0,1,10.0,0,0.011396750000017164
mlp_aco,2,8261,87,1,1,92.0,200.0,292.0,1.46,1.0,True,True,30.0,200.0,62.0,[1],10.0,10.0,1,10.0,0,0.01124670900000524
mlp_aco,2,8261,87,1,2,0.0,0.0,0.0,0.0,0.09907747060060501,False,False,0.0,0.0,0.0,[],10.0,10.0,1,10.0,0,0.01124670900000524
mlp_aco,2,8261,87,1,3,0.0,0.0,0.0,0.0,0.43936213850975037,False,False,0.0,0.0,0.0,[],10.0,10.0,1,10.0,0,0.01124670900000524
mlp_aco,2,8261,87,1,4,0.0,0.0,0.0,0.0,0.20313307642936707,False,False,0.0,0.0,0.0,[],10.0,10.0,1,10.0,0,0.01124670900000524
mlp_aco,2,8262,87,1,1,98.0,200.0,298.0,1.49,1.0,True,True,30.0,200.0,68.0,[1],10.0,10.0,1,10.0,0,0.011426124999985632
mlp_aco,2,8262,87,1,2,0.0,0.0,0.0,0.0,0.09907747060060501,False,False,0.0,0.0,0.0,[],10.0,10.0,1,10.0,0,0.011426124999985632
mlp_aco,2,8262,87,1,3,0.0,0.0,0.0,0.0,0.43936213850975037,False,False,0.0,0.0,0.0,[],10.0,10.0,1,10.0,0,0.011426124999985632
mlp_aco,2,8262,87,1,4,0.0,0.0,0.0,0.0,0.20313307642936707,False,False,0.0,0.0,0.0,[],10.0,10.0,1,10.0,0,0.011426124999985632
mlp_aco,2,8263,87,1,1,93.0,200.0,293.0,1.465,1.0,True,True,30.0,200.0,63.0,[1],10.0,10.0,1,10.0,0,0.011483207999987144
mlp_aco,2,8263,87,1,2,0.0,0.0,0.0,0.0,0.09907747060060501,False,False,0.0,0.0,0.0,[],10.0,10.0,1,10.0,0,0.011483207999987144
mlp_aco,2,8263,87,1,3,0.0,0.0,0.0,0.0,0.43936213850975037,False,False,0.0,0.0,0.0,[],10.0,10.0,1,10.0,0,0.011483207999987144
mlp_aco,2,8263,87,1,4,0.0,0.0,0.0,0.0,0.20313307642936707,False,False,0.0,0.0,0.0,[],10.0,10.0,1,10.0,0,0.011483207999987144
mlp_aco,2,8264,87,2,1,95.0,200.0,295.0,1.475,1.0,True,True,30.0,200.0,65.0,[1],10.0,10.0,1,10.0,0,0.011511124999998401
mlp_aco,2,8264,87,2,2,0.0,0.0,0.0,0.0,0.09907747060060501,False,False,0.0,0.0,0.0,[],10.0,10.0,1,10.0,0,0.011511124999998401
mlp_aco,2,8264,87,2,3,0.0,0.0,0.0,0.0,0.43936213850975037,False,False,0.0,0.0,0.0,[],10.0,10.0,1,10.0,0,0.011511124999998401
mlp_aco,2,8264,87,2,4,0.0,0.0,0.0,0.0,0.20313307642936707,False,False,0.0,0.0,0.0,[],10.0,10.0,1,10.0,0,0.011511124999998401
mlp_aco,2,8265,87,2,1,99.0,200.0,299.0,1.495,1.0,True,True,30.0,200.0,69.0,[1],10.0,10.0,1,10.0,0,0.011259542000004785
mlp_aco,2,8265,87,2,2,0.0,0.0,0.0,0.0,0.09907747060060501,False,False,0.0,0.0,0.0,[],10.0,10.0,1,10.0,0,0.011259542000004785
mlp_aco,2,8265,87,2,3,0.0,0.0,0.0,0.0,0.43936213850975037,False,False,0.0,0.0,0.0,[],10.0,10.0,1,10.0,0,0.011259542000004785
mlp_aco,2,8265,87,2,4,0.0,0.0,0.0,0.0,0.20313307642936707,False,False,0.0,0.0,0.0,[],10.0,10.0,1,10.0,0,0.011259542000004785
mlp_aco,2,8266,87,2,1,99.0,200.0,299.0,1.495,1.0,True,True,30.0,200.0,69.0,[1],10.0,10.0,1,10.0,0,0.011135083999988638
mlp_aco,2,8266,87,2,2,0.0,0.0,0.0,0.0,0.09907747060060501,False,False,0.0,0.0,0.0,[],10.0,10.0,1,10.0,0,0.011135083999988638
mlp_aco,2,8266,87,2,3,0.0,0.0,0.0,0.0,0.43936213850975037,False,False,0.0,0.0,0.0,[],10.0,10.0,1,10.0,0,0.011135083999988638
mlp_aco,2,8266,87,2,4,0.0,0.0,0.0,0.0,0.20313307642936707,False,False,0.0,0.0,0.0,[],10.0,10.0,1,10.0,0,0.011135083999988638
mlp_aco,2,8267,87,2,1,97.0,200.0,297.0,1.485,1.0,True,True,30.0,200.0,67.0,[1],10.0,10.0,1,10.0,0,0.01128979099999583
mlp_aco,2,8267,87,2,2,0.0,0.0,0.0,0.0,0.09907747060060501,False,False,0.0,0.0,0.0,[],10.0,10.0,1,10.0,0,0.01128979099999583
mlp_aco,2,8267,87,2,3,0.0,0.0,0.0,0.0,0.43936213850975037,False,False,0.0,0.0,0.0,[],10.0,10.0,1,10.0,0,0.01128979099999583
mlp_aco,2,8267,87,2,4,0.0,0.0,0.0,0.0,0.20313307642936707,False,False,0.0,0.0,0.0,[],10.0,10.0,1,10.0,0,0.01128979099999583
mlp_aco,2,8268,87,3,1,97.0,200.0,297.0,1.485,1.0,True,True,30.0,200.0,67.0,[1],10.0,10.0,1,10.0,0,0.011352834000007306
mlp_aco,2,8268,87,3,2,0.0,0.0,0.0,0.0,0.09907747060060501,False,False,0.0,0.0,0.0,[],10.0,10.0,1,10.0,0,0.011352834000007306
mlp_aco,2,8268,87,3,3,0.0,0.0,0.0,0.0,0.43936213850975037,False,False,0.0,0.0,0.0,[],10.0,10.0,1,10.0,0,0.011352834000007306
mlp_aco,2,8268,87,3,4,0.0,0.0,0.0,0.0,0.20313307642936707,False,False,0.0,0.0,0.0,[],10.0,10.0,1,10.0,0,0.011352834000007306
mlp_aco,2,8269,87,3,1,99.0,200.0,299.0,1.495,1.0,True,True,30.0,200.0,69.0,[1],10.0,10.0,1,10.0,0,0.010928583000008985
mlp_aco,2,8269,87,3,2,0.0,0.0,0.0,0.0,0.09907747060060501,False,False,0.0,0.0,0.0,[],10.0,10.0,1,10.0,0,0.010928583000008985
mlp_aco,2,8269,87,3,3,0.0,0.0,0.0,0.0,0.43936213850975037,False,False,0.0,0.0,0.0,[],10.0,10.0,1,10.0,0,0.010928583000008985
mlp_aco,2,8269,87,3,4,0.0,0.0,0.0,0.0,0.20313307642936707,False,False,0.0,0.0,0.0,[],10.0,10.0,1,10.0,0,0.010928583000008985
mlp_aco,2,8270,87,3,1,97.0,200.0,297.0,1.485,1.0,True,True,30.0,200.0,67.0,[1],10.0,10.0,1,10.0,0,0.010878416000025481
mlp_aco,2,8270,87,3,2,0.0,0.0,0.0,0.0,0.09907747060060501,False,False,0.0,0.0,0.0,[],10.0,10.0,1,10.0,0,0.010878416000025481
mlp_aco,2,8270,87,3,3,0.0,0.0,0.0,0.0,0.43936213850975037,False,False,0.0,0.0,0.0,[],10.0,10.0,1,10.0,0,0.010878416000025481
mlp_aco,2,8270,87,3,4,0.0,0.0,0.0,0.0,0.20313307642936707,False,False,0.0,0.0,0.0,[],10.0,10.0,1,10.0,0,0.010878416000025481
mlp_aco,2,8271,87,3,1,90.0,200.0,290.0,1.45,1.0,True,True,30.0,200.0,60.0,[1],10.0,10.0,1,10.0,0,0.01098704200001066
mlp_aco,2,8271,87,3,2,0.0,0.0,0.0,0.0,0.09907747060060501,False,False,0.0,0.0,0.0,[],10.0,10.0,1,10.0,0,0.01098704200001066
mlp_aco,2,8271,87,3,3,0.0,0.0,0.0,0.0,0.43936213850975037,False,False,0.0,0.0,0.0,[],10.0,10.0,1,10.0,0,0.01098704200001066
mlp_aco,2,8271,87,3,4,0.0,0.0,0.0,0.0,0.20313307642936707,False,False,0.0,0.0,0.0,[],10.0,10.0,1,10.0,0,0.01098704200001066
mlp_aco,2,8272,87,4,1,82.0,200.0,282.0,1.41,1.0,True,True,30.0,200.0,52.0,[1],10.0,10.0,1,10.0,0,0.011307208000005176
mlp_aco,2,8272,87,4,2,0.0,0.0,0.0,0.0,0.09907747060060501,False,False,0.0,0.0,0.0,[],10.0,10.0,1,10.0,0,0.011307208000005176
mlp_aco,2,8272,87,4,3,0.0,0.0,0.0,0.0,0.43936213850975037,False,False,0.0,0.0,0.0,[],10.0,10.0,1,10.0,0,0.011307208000005176
mlp_aco,2,8272,87,4,4,0.0,0.0,0.0,0.0,0.20313307642936707,False,False,0.0,0.0,0.0,[],10.0,10.0,1,10.0,0,0.011307208000005176
mlp_aco,2,8273,87,4,1,77.0,200.0,277.0,1.385,1.0,True,True,30.0,200.0,47.0,[1],10.0,10.0,1,10.0,0,0.011217582999989872
mlp_aco,2,8273,87,4,2,0.0,0.0,0.0,0.0,0.09907747060060501,False,False,0.0,0.0,0.0,[],10.0,10.0,1,10.0,0,0.011217582999989872
mlp_aco,2,8273,87,4,3,0.0,0.0,0.0,0.0,0.43936213850975037,False,False,0.0,0.0,0.0,[],10.0,10.0,1,10.0,0,0.011217582999989872
mlp_aco,2,8273,87,4,4,0.0,0.0,0.0,0.0,0.20313307642936707,False,False,0.0,0.0,0.0,[],10.0,10.0,1,10.0,0,0.011217582999989872
mlp_aco,2,8274,87,4,1,63.0,200.0,263.0,1.315,1.0,True,True,30.0,200.0,33.0,[1],10.0,10.0,1,10.0,0,0.011386458999993465
mlp_aco,2,8274,87,4,2,0.0,0.0,0.0,0.0,0.09907747060060501,False,False,0.0,0.0,0.0,[],10.0,10.0,1,10.0,0,0.011386458999993465
mlp_aco,2,8274,87,4,3,0.0,0.0,0.0,0.0,0.43936213850975037,False,False,0.0,0.0,0.0,[],10.0,10.0,1,10.0,0,0.011386458999993465
mlp_aco,2,8274,87,4,4,0.0,0.0,0.0,0.0,0.20313307642936707,False,False,0.0,0.0,0.0,[],10.0,10.0,1,10.0,0,0.011386458999993465
mlp_aco,2,8275,87,4,1,59.0,200.0,259.0,1.295,1.0,True,True,30.0,200.0,29.0,[1],10.0,10.0,1,10.0,0,0.01117600000000607
mlp_aco,2,8275,87,4,2,0.0,0.0,0.0,0.0,0.09907747060060501,False,False,0.0,0.0,0.0,[],10.0,10.0,1,10.0,0,0.01117600000000607
mlp_aco,2,8275,87,4,3,0.0,0.0,0.0,0.0,0.43936213850975037,False,False,0.0,0.0,0.0,[],10.0,10.0,1,10.0,0,0.01117600000000607
mlp_aco,2,8275,87,4,4,0.0,0.0,0.0,0.0,0.20313307642936707,False,False,0.0,0.0,0.0,[],10.0,10.0,1,10.0,0,0.01117600000000607
mlp_aco,2,8276,87,5,1,55.0,200.0,255.0,1.275,1.0,True,True,30.0,200.0,25.0,[1],10.0,10.0,1,10.0,0,0.01117349999998396
mlp_aco,2,8276,87,5,2,0.0,0.0,0.0,0.0,0.09907747060060501,False,False,0.0,0.0,0.0,[],10.0,10.0,1,10.0,0,0.01117349999998396
mlp_aco,2,8276,87,5,3,0.0,0.0,0.0,0.0,0.43936213850975037,False,False,0.0,0.0,0.0,[],10.0,10.0,1,10.0,0,0.01117349999998396
mlp_aco,2,8276,87,5,4,0.0,0.0,0.0,0.0,0.20313307642936707,False,False,0.0,0.0,0.0,[],10.0,10.0,1,10.0,0,0.01117349999998396
mlp_aco,2,8277,87,5,1,55.0,200.0,255.0,1.275,1.0,True,True,30.0,200.0,25.0,[1],10.0,10.0,1,10.0,0,0.01180887500001404
mlp_aco,2,8277,87,5,2,0.0,0.0,0.0,0.0,0.09907747060060501,False,False,0.0,0.0,0.0,[],10.0,10.0,1,10.0,0,0.01180887500001404
mlp_aco,2,8277,87,5,3,0.0,0.0,0.0,0.0,0.43936213850975037,False,False,0.0,0.0,0.0,[],10.0,10.0,1,10.0,0,0.01180887500001404
mlp_aco,2,8277,87,5,4,0.0,0.0,0.0,0.0,0.20313307642936707,False,False,0.0,0.0,0.0,[],10.0,10.0,1,10.0,0,0.01180887500001404
mlp_aco,2,8278,87,5,1,44.0,200.0,244.0,1.22,1.0,True,True,30.0,200.0,14.0,[1],10.0,10.0,1,10.0,0,0.011077833000001647
mlp_aco,2,8278,87,5,2,0.0,0.0,0.0,0.0,0.09907747060060501,False,False,0.0,0.0,0.0,[],10.0,10.0,1,10.0,0,0.011077833000001647
mlp_aco,2,8278,87,5,3,0.0,0.0,0.0,0.0,0.43936213850975037,False,False,0.0,0.0,0.0,[],10.0,10.0,1,10.0,0,0.011077833000001647
mlp_aco,2,8278,87,5,4,0.0,0.0,0.0,0.0,0.20313307642936707,False,False,0.0,0.0,0.0,[],10.0,10.0,1,10.0,0,0.011077833000001647
mlp_aco,2,8279,87,5,1,45.0,200.0,245.0,1.225,1.0,True,True,30.0,200.0,15.0,[1],10.0,10.0,1,10.0,0,0.011269125000012536
mlp_aco,2,8279,87,5,2,0.0,0.0,0.0,0.0,0.09907747060060501,False,False,0.0,0.0,0.0,[],10.0,10.0,1,10.0,0,0.011269125000012536
mlp_aco,2,8279,87,5,3,0.0,0.0,0.0,0.0,0.43936213850975037,False,False,0.0,0.0,0.0,[],10.0,10.0,1,10.0,0,0.011269125000012536
mlp_aco,2,8279,87,5,4,0.0,0.0,0.0,0.0,0.20313307642936707,False,False,0.0,0.0,0.0,[],10.0,10.0,1,10.0,0,0.011269125000012536
mlp_aco,2,8280,87,6,1,44.0,200.0,244.0,1.22,1.0,True,True,30.0,200.0,14.0,[1],10.0,10.0,1,10.0,0,0.011453458999994837
mlp_aco,2,8280,87,6,2,0.0,0.0,0.0,0.0,0.09907747060060501,False,False,0.0,0.0,0.0,[],10.0,10.0,1,10.0,0,0.011453458999994837
mlp_aco,2,8280,87,6,3,0.0,0.0,0.0,0.0,0.43936213850975037,False,False,0.0,0.0,0.0,[],10.0,10.0,1,10.0,0,0.011453458999994837
mlp_aco,2,8280,87,6,4,0.0,0.0,0.0,0.0,0.20313307642936707,False,False,0.0,0.0,0.0,[],10.0,10.0,1,10.0,0,0.011453458999994837
mlp_aco,2,8281,87,6,1,45.0,200.0,245.0,1.225,1.0,True,True,30.0,200.0,15.0,[1],10.0,10.0,1,10.0,0,0.011285291999996616
mlp_aco,2,8281,87,6,2,0.0,0.0,0.0,0.0,0.09907747060060501,False,False,0.0,0.0,0.0,[],10.0,10.0,1,10.0,0,0.011285291999996616
mlp_aco,2,8281,87,6,3,0.0,0.0,0.0,0.0,0.43936213850975037,False,False,0.0,0.0,0.0,[],10.0,10.0,1,10.0,0,0.011285291999996616
mlp_aco,2,8281,87,6,4,0.0,0.0,0.0,0.0,0.20313307642936707,False,False,0.0,0.0,0.0,[],10.0,10.0,1,10.0,0,0.011285291999996616
mlp_aco,2,8282,87,6,1,45.0,200.0,245.0,1.225,1.0,True,True,30.0,200.0,15.0,[1],10.0,10.0,1,10.0,0,0.011513499999978194
mlp_aco,2,8282,87,6,2,0.0,0.0,0.0,0.0,0.09907747060060501,False,False,0.0,0.0,0.0,[],10.0,10.0,1,10.0,0,0.011513499999978194
mlp_aco,2,8282,87,6,3,0.0,0.0,0.0,0.0,0.43936213850975037,False,False,0.0,0.0,0.0,[],10.0,10.0,1,10.0,0,0.011513499999978194
mlp_aco,2,8282,87,6,4,0.0,0.0,0.0,0.0,0.20313307642936707,False,False,0.0,0.0,0.0,[],10.0,10.0,1,10.0,0,0.011513499999978194
mlp_aco,2,8283,87,6,1,44.0,200.0,244.0,1.22,1.0,True,True,30.0,200.0,14.0,[1],10.0,10.0,1,10.0,0,0.011343666999977131
mlp_aco,2,8283,87,6,2,0.0,0.0,0.0,0.0,0.09907747060060501,False,False,0.0,0.0,0.0,[],10.0,10.0,1,10.0,0,0.011343666999977131
mlp_aco,2,8283,87,6,3,0.0,0.0,0.0,0.0,0.43936213850975037,False,False,0.0,0.0,0.0,[],10.0,10.0,1,10.0,0,0.011343666999977131
mlp_aco,2,8283,87,6,4,0.0,0.0,0.0,0.0,0.20313307642936707,False,False,0.0,0.0,0.0,[],10.0,10.0,1,10.0,0,0.011343666999977131
mlp_aco,2,8284,87,7,1,45.0,200.0,245.0,1.225,1.0,True,True,30.0,200.0,15.0,[1],10.0,10.0,1,10.0,0,0.010830916999992724
mlp_aco,2,8284,87,7,2,0.0,0.0,0.0,0.0,0.09907747060060501,False,False,0.0,0.0,0.0,[],10.0,10.0,1,10.0,0,0.010830916999992724
mlp_aco,2,8284,87,7,3,0.0,0.0,0.0,0.0,0.43936213850975037,False,False,0.0,0.0,0.0,[],10.0,10.0,1,10.0,0,0.010830916999992724
mlp_aco,2,8284,87,7,4,0.0,0.0,0.0,0.0,0.20313307642936707,False,False,0.0,0.0,0.0,[],10.0,10.0,1,10.0,0,0.010830916999992724
mlp_aco,2,8285,87,7,1,45.0,200.0,245.0,1.225,1.0,True,True,30.0,200.0,15.0,[1],10.0,10.0,1,10.0,0,0.011205582999991748
mlp_aco,2,8285,87,7,2,0.0,0.0,0.0,0.0,0.09907747060060501,False,False,0.0,0.0,0.0,[],10.0,10.0,1,10.0,0,0.011205582999991748
mlp_aco,2,8285,87,7,3,0.0,0.0,0.0,0.0,0.43936213850975037,False,False,0.0,0.0,0.0,[],10.0,10.0,1,10.0,0,0.011205582999991748
mlp_aco,2,8285,87,7,4,0.0,0.0,0.0,0.0,0.20313307642936707,False,False,0.0,0.0,0.0,[],10.0,10.0,1,10.0,0,0.011205582999991748
mlp_aco,2,8286,87,7,1,44.0,200.0,244.0,1.22,1.0,True,True,30.0,200.0,14.0,[1],10.0,10.0,1,10.0,0,0.011075958999981594
mlp_aco,2,8286,87,7,2,0.0,0.0,0.0,0.0,0.09907747060060501,False,False,0.0,0.0,0.0,[],10.0,10.0,1,10.0,0,0.011075958999981594
mlp_aco,2,8286,87,7,3,0.0,0.0,0.0,0.0,0.43936213850975037,False,False,0.0,0.0,0.0,[],10.0,10.0,1,10.0,0,0.011075958999981594
mlp_aco,2,8286,87,7,4,0.0,0.0,0.0,0.0,0.20313307642936707,False,False,0.0,0.0,0.0,[],10.0,10.0,1,10.0,0,0.011075958999981594
mlp_aco,2,8287,87,7,1,45.0,200.0,245.0,1.225,1.0,True,True,30.0,200.0,15.0,[1],10.0,10.0,1,10.0,0,0.011370583000001488
mlp_aco,2,8287,87,7,2,0.0,0.0,0.0,0.0,0.09907747060060501,False,False,0.0,0.0,0.0,[],10.0,10.0,1,10.0,0,0.011370583000001488
mlp_aco,2,8287,87,7,3,0.0,0.0,0.0,0.0,0.43936213850975037,False,False,0.0,0.0,0.0,[],10.0,10.0,1,10.0,0,0.011370583000001488
mlp_aco,2,8287,87,7,4,0.0,0.0,0.0,0.0,0.20313307642936707,False,False,0.0,0.0,0.0,[],10.0,10.0,1,10.0,0,0.011370583000001488
mlp_aco,2,8288,87,8,1,45.0,200.0,245.0,1.225,1.0,True,True,30.0,200.0,15.0,[1],10.0,10.0,1,10.0,0,0.011621499999989737
mlp_aco,2,8288,87,8,2,0.0,0.0,0.0,0.0,0.09907747060060501,False,False,0.0,0.0,0.0,[],10.0,10.0,1,10.0,0,0.011621499999989737
mlp_aco,2,8288,87,8,3,0.0,0.0,0.0,0.0,0.43936213850975037,False,False,0.0,0.0,0.0,[],10.0,10.0,1,10.0,0,0.011621499999989737
mlp_aco,2,8288,87,8,4,0.0,0.0,0.0,0.0,0.20313307642936707,False,False,0.0,0.0,0.0,[],10.0,10.0,1,10.0,0,0.011621499999989737
mlp_aco,2,8289,87,8,1,38.0,200.0,238.0,1.19,1.0,True,True,30.0,200.0,8.0,[1],10.0,10.0,1,10.0,0,0.011314583000000766
mlp_aco,2,8289,87,8,2,0.0,0.0,0.0,0.0,0.09907747060060501,False,False,0.0,0.0,0.0,[],10.0,10.0,1,10.0,0,0.011314583000000766
mlp_aco,2,8289,87,8,3,0.0,0.0,0.0,0.0,0.43936213850975037,False,False,0.0,0.0,0.0,[],10.0,10.0,1,10.0,0,0.011314583000000766
mlp_aco,2,8289,87,8,4,0.0,0.0,0.0,0.0,0.20313307642936707,False,False,0.0,0.0,0.0,[],10.0,10.0,1,10.0,0,0.011314583000000766
mlp_aco,2,8290,87,8,1,36.0,200.0,236.0,1.18,1.0,True,True,30.0,200.0,6.0,[1],10.0,10.0,1,10.0,0,0.011315249999995558
mlp_aco,2,8290,87,8,2,0.0,0.0,0.0,0.0,0.09907747060060501,False,False,0.0,0.0,0.0,[],10.0,10.0,1,10.0,0,0.011315249999995558
mlp_aco,2,8290,87,8,3,0.0,0.0,0.0,0.0,0.43936213850975037,False,False,0.0,0.0,0.0,[],10.0,10.0,1,10.0,0,0.011315249999995558
mlp_aco,2,8290,87,8,4,0.0,0.0,0.0,0.0,0.20313307642936707,False,False,0.0,0.0,0.0,[],10.0,10.0,1,10.0,0,0.011315249999995558
mlp_aco,2,8291,87,8,1,28.0,200.0,228.0,1.14,1.0,True,True,30.0,198.0,0.0,[1],10.0,10.0,1,10.0,0,0.011372166000001016
mlp_aco,2,8291,87,8,2,0.0,0.0,0.0,0.0,0.09907747060060501,False,False,0.0,0.0,0.0,[],10.0,10.0,1,10.0,0,0.011372166000001016
mlp_aco,2,8291,87,8,3,0.0,0.0,0.0,0.0,0.43936213850975037,False,False,0.0,0.0,0.0,[],10.0,10.0,1,10.0,0,0.011372166000001016
mlp_aco,2,8291,87,8,4,0.0,0.0,0.0,0.0,0.20313307642936707,False,False,0.0,0.0,0.0,[],10.0,10.0,1,10.0,0,0.011372166000001016
mlp_aco,2,8292,87,9,1,25.0,198.0,223.0,1.115,1.0,True,True,30.0,193.0,0.0,[1],10.0,10.0,1,10.0,0,0.01118137500000671
mlp_aco,2,8292,87,9,2,0.0,0.0,0.0,0.0,0.09907747060060501,False,False,0.0,0.0,0.0,[],10.0,10.0,1,10.0,0,0.01118137500000671
mlp_aco,2,8292,87,9,3,0.0,0.0,0.0,0.0,0.43936213850975037,False,False,0.0,0.0,0.0,[],10.0,10.0,1,10.0,0,0.01118137500000671
mlp_aco,2,8292,87,9,4,0.0,0.0,0.0,0.0,0.20313307642936707,False,False,0.0,0.0,0.0,[],10.0,10.0,1,10.0,0,0.01118137500000671
mlp_aco,2,8293,87,9,1,18.0,193.0,211.0,1.055,1.0,True,True,30.0,181.0,0.0,[1],10.0,10.0,1,10.0,0,0.011002625000003263
mlp_aco,2,8293,87,9,2,0.0,0.0,0.0,0.0,0.09907747060060501,False,False,0.0,0.0,0.0,[],10.0,10.0,1,10.0,0,0.011002625000003263
mlp_aco,2,8293,87,9,3,0.0,0.0,0.0,0.0,0.43936213850975037,False,False,0.0,0.0,0.0,[],10.0,10.0,1,10.0,0,0.011002625000003263
mlp_aco,2,8293,87,9,4,0.0,0.0,0.0,0.0,0.20313307642936707,False,False,0.0,0.0,0.0,[],10.0,10.0,1,10.0,0,0.011002625000003263
mlp_aco,2,8294,87,9,1,17.0,181.0,198.0,0.99,1.0,True,True,30.0,168.0,0.0,[1],10.0,10.0,1,10.0,0,0.011155750000000353
mlp_aco,2,8294,87,9,2,0.0,0.0,0.0,0.0,0.09907747060060501,False,False,0.0,0.0,0.0,[],10.0,10.0,1,10.0,0,0.011155750000000353
mlp_aco,2,8294,87,9,3,0.0,0.0,0.0,0.0,0.43936213850975037,False,False,0.0,0.0,0.0,[],10.0,10.0,1,10.0,0,0.011155750000000353
mlp_aco,2,8294,87,9,4,0.0,0.0,0.0,0.0,0.20313307642936707,False,False,0.0,0.0,0.0,[],10.0,10.0,1,10.0,0,0.011155750000000353
mlp_aco,2,8295,87,9,1,16.0,168.0,184.0,0.92,0.9999995827674866,True,True,30.0,154.0,0.0,[1],10.0,10.0,1,10.0,0,0.0111824580000075
mlp_aco,2,8295,87,9,2,0.0,0.0,0.0,0.0,0.09907747060060501,False,False,0.0,0.0,0.0,[],10.0,10.0,1,10.0,0,0.0111824580000075
mlp_aco,2,8295,87,9,3,0.0,0.0,0.0,0.0,0.43936213850975037,False,False,0.0,0.0,0.0,[],10.0,10.0,1,10.0,0,0.0111824580000075
mlp_aco,2,8295,87,9,4,0.0,0.0,0.0,0.0,0.20313307642936707,False,False,0.0,0.0,0.0,[],10.0,10.0,1,10.0,0,0.0111824580000075
mlp_aco,2,8296,87,10,1,17.0,154.0,171.0,0.855,0.9999901652336121,True,True,30.0,141.0,0.0,[1],10.0,10.0,1,10.0,0,0.010825166000017816
mlp_aco,2,8296,87,10,2,0.0,0.0,0.0,0.0,0.09907747060060501,False,False,0.0,0.0,0.0,[],10.0,10.0,1,10.0,0,0.010825166000017816
mlp_aco,2,8296,87,10,3,0.0,0.0,0.0,0.0,0.43936213850975037,False,False,0.0,0.0,0.0,[],10.0,10.0,1,10.0,0,0.010825166000017816
mlp_aco,2,8296,87,10,4,0.0,0.0,0.0,0.0,0.20313307642936707,False,False,0.0,0.0,0.0,[],10.0,10.0,1,10.0,0,0.010825166000017816
mlp_aco,2,8297,87,10,1,17.0,141.0,158.0,0.79,0.9997219443321228,True,True,30.0,128.0,0.0,[1],10.0,10.0,1,10.0,0,0.011027542000022095
mlp_aco,2,8297,87,10,2,0.0,0.0,0.0,0.0,0.09907747060060501,False,False,0.0,0.0,0.0,[],10.0,10.0,1,10.0,0,0.011027542000022095
mlp_aco,2,8297,87,10,3,0.0,0.0,0.0,0.0,0.43936213850975037,False,False,0.0,0.0,0.0,[],10.0,10.0,1,10.0,0,0.011027542000022095
mlp_aco,2,8297,87,10,4,0.0,0.0,0.0,0.0,0.20313307642936707,False,False,0.0,0.0,0.0,[],10.0,10.0,1,10.0,0,0.011027542000022095
mlp_aco,2,8298,87,10,1,18.0,128.0,146.0,0.73,0.9985802173614502,True,True,30.0,116.0,0.0,[1],10.0,10.0,1,10.0,0,0.011048125000002074
mlp_aco,2,8298,87,10,2,0.0,0.0,0.0,0.0,0.09907747060060501,False,False,0.0,0.0,0.0,[],10.0,10.0,1,10.0,0,0.011048125000002074
mlp_aco,2,8298,87,10,3,0.0,0.0,0.0,0.0,0.43936213850975037,False,False,0.0,0.0,0.0,[],10.0,10.0,1,10.0,0,0.011048125000002074
mlp_aco,2,8298,87,10,4,0.0,0.0,0.0,0.0,0.20313307642936707,False,False,0.0,0.0,0.0,[],10.0,10.0,1,10.0,0,0.011048125000002074
mlp_aco,2,8299,87,10,1,17.0,116.0,133.0,0.665,0.9919137358665466,True,True,30.0,103.0,0.0,[1],10.0,10.0,1,10.0,0,0.011173999999982698
mlp_aco,2,8299,87,10,2,0.0,0.0,0.0,0.0,0.09907747060060501,False,False,0.0,0.0,0.0,[],10.0,10.0,1,10.0,0,0.011173999999982698
mlp_aco,2,8299,87,10,3,0.0,0.0,0.0,0.0,0.43936213850975037,False,False,0.0,0.0,0.0,[],10.0,10.0,1,10.0,0,0.011173999999982698
mlp_aco,2,8299,87,10,4,0.0,0.0,0.0,0.0,0.20313307642936707,False,False,0.0,0.0,0.0,[],10.0,10.0,1,10.0,0,0.011173999999982698
mlp_aco,2,8300,87,11,1,17.0,103.0,120.0,0.6,0.9743884205818176,True,True,30.0,90.0,0.0,[1],10.0,10.0,1,10.0,0,0.01135174999998867
mlp_aco,2,8300,87,11,2,0.0,0.0,0.0,0.0,0.09907747060060501,False,False,0.0,0.0,0.0,[],10.0,10.0,1,10.0,0,0.01135174999998867
mlp_aco,2,8300,87,11,3,0.0,0.0,0.0,0.0,0.43936213850975037,False,False,0.0,0.0,0.0,[],10.0,10.0,1,10.0,0,0.01135174999998867
mlp_aco,2,8300,87,11,4,0.0,0.0,0.0,0.0,0.20313307642936707,False,False,0.0,0.0,0.0,[],10.0,10.0,1,10.0,0,0.01135174999998867
mlp_aco,2,8301,87,11,1,16.0,90.0,106.0,0.53,0.8885884284973145,True,True,30.0,76.0,0.0,[1],10.0,10.0,1,10.0,0,0.011087583999994877
mlp_aco,2,8301,87,11,2,0.0,0.0,0.0,0.0,0.09907747060060501,False,False,0.0,0.0,0.0,[],10.0,10.0,1,10.0,0,0.011087583999994877
mlp_aco,2,8301,87,11,3,0.0,0.0,0.0,0.0,0.43936213850975037,False,False,0.0,0.0,0.0,[],10.0,10.0,1,10.0,0,0.011087583999994877
mlp_aco,2,8301,87,11,4,0.0,0.0,0.0,0.0,0.20313307642936707,False,False,0.0,0.0,0.0,[],10.0,10.0,1,10.0,0,0.011087583999994877
mlp_aco,2,8302,87,11,1,17.0,76.0,93.0,0.465,0.8682249784469604,True,True,30.0,63.0,0.0,[1],10.0,10.0,1,10.0,0,0.011013292000001229
mlp_aco,2,8302,87,11,2,0.0,0.0,0.0,0.0,0.09907747060060501,False,False,0.0,0.0,0.0,[],10.0,10.0,1,10.0,0,0.011013292000001229
mlp_aco,2,8302,87,11,3,0.0,0.0,0.0,0.0,0.43936213850975037,False,False,0.0,0.0,0.0,[],10.0,10.0,1,10.0,0,0.011013292000001229
mlp_aco,2,8302,87,11,4,0.0,0.0,0.0,0.0,0.20313307642936707,False,False,0.0,0.0,0.0,[],10.0,10.0,1,10.0,0,0.011013292000001229
mlp_aco,2,8303,87,11,1,18.0,63.0,81.0,0.405,0.8503981232643127,True,True,30.0,51.0,0.0,[1],10.0,10.0,1,10.0,0,0.011164624999992157
mlp_aco,2,8303,87,11,2,0.0,0.0,0.0,0.0,0.09907747060060501,False,False,0.0,0.0,0.0,[],10.0,10.0,1,10.0,0,0.011164624999992157
mlp_aco,2,8303,87,11,3,0.0,0.0,0.0,0.0,0.43936213850975037,False,False,0.0,0.0,0.0,[],10.0,10.0,1,10.0,0,0.011164624999992157
mlp_aco,2,8303,87,11,4,0.0,0.0,0.0,0.0,0.20313307642936707,False,False,0.0,0.0,0.0,[],10.0,10.0,1,10.0,0,0.011164624999992157
mlp_aco,2,8304,87,12,1,17.0,51.0,68.0,0.34,0.6542978286743164,False,False,0.0,68.0,0.0,[],0.0,0.0,0,0.0,0,3.5420000017438724e-06
mlp_aco,2,8304,87,12,2,0.0,0.0,0.0,0.0,0.09907747060060501,False,False,0.0,0.0,0.0,[],0.0,0.0,0,0.0,0,3.5420000017438724e-06
mlp_aco,2,8304,87,12,3,0.0,0.0,0.0,0.0,0.43936213850975037,False,False,0.0,0.0,0.0,[],0.0,0.0,0,0.0,0,3.5420000017438724e-06
mlp_aco,2,8304,87,12,4,0.0,0.0,0.0,0.0,0.20313307642936707,False,False,0.0,0.0,0.0,[],0.0,0.0,0,0.0,0,3.5420000017438724e-06
mlp_aco,2,8305,87,12,1,17.0,68.0,85.0,0.425,0.8116487264633179,True,True,30.0,55.0,0.0,[1],10.0,10.0,1,10.0,0,0.01125762500001315
mlp_aco,2,8305,87,12,2,0.0,0.0,0.0,0.0,0.09907747060060501,False,False,0.0,0.0,0.0,[],10.0,10.0,1,10.0,0,0.01125762500001315
mlp_aco,2,8305,87,12,3,0.0,0.0,0.0,0.0,0.43936213850975037,False,False,0.0,0.0,0.0,[],10.0,10.0,1,10.0,0,0.01125762500001315
mlp_aco,2,8305,87,12,4,0.0,0.0,0.0,0.0,0.20313307642936707,False,False,0.0,0.0,0.0,[],10.0,10.0,1,10.0,0,0.01125762500001315
mlp_aco,2,8306,87,12,1,16.0,55.0,71.0,0.355,0.5873913764953613,False,False,0.0,71.0,0.0,[],0.0,0.0,0,0.0,0,5.208000004586211e-06
mlp_aco,2,8306,87,12,2,0.0,0.0,0.0,0.0,0.09907747060060501,False,False,0.0,0.0,0.0,[],0.0,0.0,0,0.0,0,5.208000004586211e-06
mlp_aco,2,8306,87,12,3,0.0,0.0,0.0,0.0,0.43936213850975037,False,False,0.0,0.0,0.0,[],0.0,0.0,0,0.0,0,5.208000004586211e-06
mlp_aco,2,8306,87,12,4,0.0,0.0,0.0,0.0,0.20313307642936707,False,False,0.0,0.0,0.0,[],0.0,0.0,0,0.0,0,5.208000004586211e-06
mlp_aco,2,8307,87,12,1,17.0,71.0,88.0,0.44,0.8394064903259277,True,True,30.0,58.0,0.0,[1],10.0,10.0,1,10.0,0,0.010786582999998018
mlp_aco,2,8307,87,12,2,0.0,0.0,0.0,0.0,0.09907747060060501,False,False,0.0,0.0,0.0,[],10.0,10.0,1,10.0,0,0.010786582999998018
mlp_aco,2,8307,87,12,3,0.0,0.0,0.0,0.0,0.43936213850975037,False,False,0.0,0.0,0.0,[],10.0,10.0,1,10.0,0,0.010786582999998018
mlp_aco,2,8307,87,12,4,0.0,0.0,0.0,0.0,0.20313307642936707,False,False,0.0,0.0,0.0,[],10.0,10.0,1,10.0,0,0.010786582999998018
mlp_aco,2,8308,87,13,1,17.0,58.0,75.0,0.375,0.7287841439247131,True,True,30.0,45.0,0.0,[1],10.0,10.0,1,10.0,0,0.010717999999997119
mlp_aco,2,8308,87,13,2,0.0,0.0,0.0,0.0,0.09907747060060501,False,False,0.0,0.0,0.0,[],10.0,10.0,1,10.0,0,0.010717999999997119
mlp_aco,2,8308,87,13,3,0.0,0.0,0.0,0.0,0.43936213850975037,False,False,0.0,0.0,0.0,[],10.0,10.0,1,10.0,0,0.010717999999997119
mlp_aco,2,8308,87,13,4,0.0,0.0,0.0,0.0,0.20313307642936707,False,False,0.0,0.0,0.0,[],10.0,10.0,1,10.0,0,0.010717999999997119
mlp_aco,2,8309,87,13,1,18.0,45.0,63.0,0.315,0.7014229893684387,True,True,30.0,33.0,0.0,[1],10.0,10.0,1,10.0,0,0.010714083999999957
mlp_aco,2,8309,87,13,2,0.0,0.0,0.0,0.0,0.09907747060060501,False,False,0.0,0.0,0.0,[],10.0,10.0,1,10.0,0,0.010714083999999957
mlp_aco,2,8309,87,13,3,0.0,0.0,0.0,0.0,0.43936213850975037,False,False,0.0,0.0,0.0,[],10.0,10.0,1,10.0,0,0.010714083999999957
mlp_aco,2,8309,87,13,4,0.0,0.0,0.0,0.0,0.20313307642936707,False,False,0.0,0.0,0.0,[],10.0,10.0,1,10.0,0,0.010714083999999957
mlp_aco,2,8310,87,13,1,17.0,33.0,50.0,0.25,0.523980438709259,False,False,0.0,50.0,0.0,[],0.0,0.0,0,0.0,0,4.2919999998503044e-06
mlp_aco,2,8310,87,13,2,0.0,0.0,0.0,0.0,0.09907747060060501,False,False,0.0,0.0,0.0,[],0.0,0.0,0,0.0,0,4.2919999998503044e-06
mlp_aco,2,8310,87,13,3,0.0,0.0,0.0,0.0,0.43936213850975037,False,False,0.0,0.0,0.0,[],0.0,0.0,0,0.0,0,4.2919999998503044e-06
mlp_aco,2,8310,87,13,4,0.0,0.0,0.0,0.0,0.20313307642936707,False,False,0.0,0.0,0.0,[],0.0,0.0,0,0.0,0,4.2919999998503044e-06
mlp_aco,2,8311,87,13,1,17.0,50.0,67.0,0.335,0.6404061317443848,False,False,0.0,67.0,0.0,[],0.0,0.0,0,0.0,0,2.7079999824763945e-06
mlp_aco,2,8311,87,13,2,0.0,0.0,0.0,0.0,0.09907747060060501,False,False,0.0,0.0,0.0,[],0.0,0.0,0,0.0,0,2.7079999824763945e-06
mlp_aco,2,8311,87,13,3,0.0,0.0,0.0,0.0,0.43936213850975037,False,False,0.0,0.0,0.0,[],0.0,0.0,0,0.0,0,2.7079999824763945e-06
mlp_aco,2,8311,87,13,4,0.0,0.0,0.0,0.0,0.20313307642936707,False,False,0.0,0.0,0.0,[],0.0,0.0,0,0.0,0,2.7079999824763945e-06
mlp_aco,2,8312,87,14,1,16.0,67.0,83.0,0.415,0.7107681035995483,True,True,30.0,53.0,0.0,[1],10.0,10.0,1,10.0,0,0.010209042000013824
mlp_aco,2,8312,87,14,2,0.0,0.0,0.0,0.0,0.09907747060060501,False,False,0.0,0.0,0.0,[],10.0,10.0,1,10.0,0,0.010209042000013824
mlp_aco,2,8312,87,14,3,0.0,0.0,0.0,0.0,0.43936213850975037,False,False,0.0,0.0,0.0,[],10.0,10.0,1,10.0,0,0.010209042000013824
mlp_aco,2,8312,87,14,4,0.0,0.0,0.0,0.0,0.20313307642936707,False,False,0.0,0.0,0.0,[],10.0,10.0,1,10.0,0,0.010209042000013824
mlp_aco,2,8313,87,14,1,17.0,53.0,70.0,0.35,0.6776295900344849,False,False,0.0,70.0,0.0,[],0.0,0.0,0,0.0,0,3.4999999911633495e-06
mlp_aco,2,8313,87,14,2,0.0,0.0,0.0,0.0,0.09907747060060501,False,False,0.0,0.0,0.0,[],0.0,0.0,0,0.0,0,3.4999999911633495e-06
mlp_aco,2,8313,87,14,3,0.0,0.0,0.0,0.0,0.43936213850975037,False,False,0.0,0.0,0.0,[],0.0,0.0,0,0.0,0,3.4999999911633495e-06
mlp_aco,2,8313,87,14,4,0.0,0.0,0.0,0.0,0.20313307642936707,False,False,0.0,0.0,0.0,[],0.0,0.0,0,0.0,0,3.4999999911633495e-06
mlp_aco,2,8314,87,14,1,18.0,70.0,88.0,0.44,0.8870202898979187,True,True,30.0,58.0,0.0,[1],10.0,10.0,1,10.0,0,0.01061999999998875
mlp_aco,2,8314,87,14,2,0.0,0.0,0.0,0.0,0.09907747060060501,False,False,0.0,0.0,0.0,[],10.0,10.0,1,10.0,0,0.01061999999998875
mlp_aco,2,8314,87,14,3,0.0,0.0,0.0,0.0,0.43936213850975037,False,False,0.0,0.0,0.0,[],10.0,10.0,1,10.0,0,0.01061999999998875
mlp_aco,2,8314,87,14,4,0.0,0.0,0.0,0.0,0.20313307642936707,False,False,0.0,0.0,0.0,[],10.0,10.0,1,10.0,0,0.01061999999998875
mlp_aco,2,8315,87,14,1,17.0,58.0,75.0,0.375,0.7252013087272644,True,True,30.0,45.0,0.0,[1],10.0,10.0,1,10.0,0,0.010200708000013492
mlp_aco,2,8315,87,14,2,0.0,0.0,0.0,0.0,0.09907747060060501,False,False,0.0,0.0,0.0,[],10.0,10.0,1,10.0,0,0.010200708000013492
mlp_aco,2,8315,87,14,3,0.0,0.0,0.0,0.0,0.43936213850975037,False,False,0.0,0.0,0.0,[],10.0,10.0,1,10.0,0,0.010200708000013492
mlp_aco,2,8315,87,14,4,0.0,0.0,0.0,0.0,0.20313307642936707,False,False,0.0,0.0,0.0,[],10.0,10.0,1,10.0,0,0.010200708000013492
mlp_aco,2,8316,87,15,1,17.0,45.0,62.0,0.31,0.6025276780128479,False,False,0.0,62.0,0.0,[],0.0,0.0,0,0.0,0,2.958999999691514e-06
mlp_aco,2,8316,87,15,2,0.0,0.0,0.0,0.0,0.09907747060060501,False,False,0.0,0.0,0.0,[],0.0,0.0,0,0.0,0,2.958999999691514e-06
mlp_aco,2,8316,87,15,3,0.0,0.0,0.0,0.0,0.43936213850975037,False,False,0.0,0.0,0.0,[],0.0,0.0,0,0.0,0,2.958999999691514e-06
mlp_aco,2,8316,87,15,4,0.0,0.0,0.0,0.0,0.20313307642936707,False,False,0.0,0.0,0.0,[],0.0,0.0,0,0.0,0,2.958999999691514e-06
mlp_aco,2,8317,87,15,1,17.0,62.0,79.0,0.395,0.7585825324058533,True,True,30.0,49.0,0.0,[1],10.0,10.0,1,10.0,0,0.010313209000003098
mlp_aco,2,8317,87,15,2,0.0,0.0,0.0,0.0,0.09907747060060501,False,False,0.0,0.0,0.0,[],10.0,10.0,1,10.0,0,0.010313209000003098
mlp_aco,2,8317,87,15,3,0.0,0.0,0.0,0.0,0.43936213850975037,False,False,0.0,0.0,0.0,[],10.0,10.0,1,10.0,0,0.010313209000003098
mlp_aco,2,8317,87,15,4,0.0,0.0,0.0,0.0,0.20313307642936707,False,False,0.0,0.0,0.0,[],10.0,10.0,1,10.0,0,0.010313209000003098
mlp_aco,2,8318,87,15,1,10.0,49.0,59.0,0.295,0.29176065325737,False,False,0.0,59.0,0.0,[],0.0,0.0,0,0.0,0,3.3749999772680894e-06
mlp_aco,2,8318,87,15,2,0.0,0.0,0.0,0.0,0.09907747060060501,False,False,0.0,0.0,0.0,[],0.0,0.0,0,0.0,0,3.3749999772680894e-06
mlp_aco,2,8318,87,15,3,0.0,0.0,0.0,0.0,0.43936213850975037,False,False,0.0,0.0,0.0,[],0.0,0.0,0,0.0,0,3.3749999772680894e-06
mlp_aco,2,8318,87,15,4,0.0,0.0,0.0,0.0,0.20313307642936707,False,False,0.0,0.0,0.0,[],0.0,0.0,0,0.0,0,3.3749999772680894e-06
mlp_aco,2,8319,87,15,1,8.0,59.0,67.0,0.335,0.28870415687561035,False,False,0.0,67.0,0.0,[],0.0,0.0,0,0.0,0,2.916999989110991e-06
mlp_aco,2,8319,87,15,2,0.0,0.0,0.0,0.0,0.09907747060060501,False,False,0.0,0.0,0.0,[],0.0,0.0,0,0.0,0,2.916999989110991e-06
mlp_aco,2,8319,87,15,3,0.0,0.0,0.0,0.0,0.43936213850975037,False,False,0.0,0.0,0.0,[],0.0,0.0,0,0.0,0,2.916999989110991e-06
mlp_aco,2,8319,87,15,4,0.0,0.0,0.0,0.0,0.20313307642936707,False,False,0.0,0.0,0.0,[],0.0,0.0,0,0.0,0,2.916999989110991e-06
mlp_aco,2,8320,87,16,1,8.0,67.0,75.0,0.375,0.3246140480041504,False,False,0.0,75.0,0.0,[],0.0,0.0,0,0.0,0,2.833000024793364e-06
mlp_aco,2,8320,87,16,2,0.0,0.0,0.0,0.0,0.09907747060060501,False,False,0.0,0.0,0.0,[],0.0,0.0,0,0.0,0,2.833000024793364e-06
mlp_aco,2,8320,87,16,3,0.0,0.0,0.0,0.0,0.43936213850975037,False,False,0.0,0.0,0.0,[],0.0,0.0,0,0.0,0,2.833000024793364e-06
mlp_aco,2,8320,87,16,4,0.0,0.0,0.0,0.0,0.20313307642936707,False,False,0.0,0.0,0.0,[],0.0,0.0,0,0.0,0,2.833000024793364e-06
mlp_aco,2,8321,87,16,1,8.0,75.0,83.0,0.415,0.3627128601074219,False,False,0.0,83.0,0.0,[],0.0,0.0,0,0.0,0,1.8749999810552254e-06
mlp_aco,2,8321,87,16,2,0.0,0.0,0.0,0.0,0.09907747060060501,False,False,0.0,0.0,0.0,[],0.0,0.0,0,0.0,0,1.8749999810552254e-06
mlp_aco,2,8321,87,16,3,0.0,0.0,0.0,0.0,0.43936213850975037,False,False,0.0,0.0,0.0,[],0.0,0.0,0,0.0,0,1.8749999810552254e-06
mlp_aco,2,8321,87,16,4,0.0,0.0,0.0,0.0,0.20313307642936707,False,False,0.0,0.0,0.0,[],0.0,0.0,0,0.0,0,1.8749999810552254e-06
mlp_aco,2,8322,87,16,1,8.0,83.0,91.0,0.455,0.37348079681396484,False,False,0.0,91.0,0.0,[],0.0,0.0,0,0.0,0,3.084000013586774e-06
mlp_aco,2,8322,87,16,2,0.0,0.0,0.0,0.0,0.09907747060060501,False,False,0.0,0.0,0.0,[],0.0,0.0,0,0.0,0,3.084000013586774e-06
mlp_aco,2,8322,87,16,3,0.0,0.0,0.0,0.0,0.43936213850975037,False,False,0.0,0.0,0.0,[],0.0,0.0,0,0.0,0,3.084000013586774e-06
mlp_aco,2,8322,87,16,4,0.0,0.0,0.0,0.0,0.20313307642936707,False,False,0.0,0.0,0.0,[],0.0,0.0,0,0.0,0,3.084000013586774e-06
mlp_aco,2,8323,87,16,1,8.0,91.0,99.0,0.495,0.3898519277572632,False,False,0.0,99.0,0.0,[],0.0,0.0,0,0.0,0,2.4999999936881068e-06
mlp_aco,2,8323,87,16,2,0.0,0.0,0.0,0.0,0.09907747060060501,False,False,0.0,0.0,0.0,[],0.0,0.0,0,0.0,0,2.4999999936881068e-06
mlp_aco,2,8323,87,16,3,0.0,0.0,0.0,0.0,0.43936213850975037,False,False,0.0,0.0,0.0,[],0.0,0.0,0,0.0,0,2.4999999936881068e-06
mlp_aco,2,8323,87,16,4,0.0,0.0,0.0,0.0,0.20313307642936707,False,False,0.0,0.0,0.0,[],0.0,0.0,0,0.0,0,2.4999999936881068e-06
mlp_aco,2,8324,87,17,1,7.0,99.0,106.0,0.53,0.39177218079566956,False,False,0.0,106.0,0.0,[],0.0,0.0,0,0.0,0,3.5420000017438724e-06
mlp_aco,2,8324,87,17,2,0.0,0.0,0.0,0.0,0.09907747060060501,False,False,0.0,0.0,0.0,[],0.0,0.0,0,0.0,0,3.5420000017438724e-06
mlp_aco,2,8324,87,17,3,0.0,0.0,0.0,0.0,0.43936213850975037,False,False,0.0,0.0,0.0,[],0.0,0.0,0,0.0,0,3.5420000017438724e-06
mlp_aco,2,8324,87,17,4,0.0,0.0,0.0,0.0,0.20313307642936707,False,False,0.0,0.0,0.0,[],0.0,0.0,0,0.0,0,3.5420000017438724e-06
mlp_aco,2,8325,87,17,1,8.0,106.0,114.0,0.57,0.5667248964309692,False,False,0.0,114.0,0.0,[],0.0,0.0,0,0.0,0,2.4580000115292933e-06
mlp_aco,2,8325,87,17,2,0.0,0.0,0.0,0.0,0.09907747060060501,False,False,0.0,0.0,0.0,[],0.0,0.0,0,0.0,0,2.4580000115292933e-06
mlp_aco,2,8325,87,17,3,0.0,0.0,0.0,0.0,0.43936213850975037,False,False,0.0,0.0,0.0,[],0.0,0.0,0,0.0,0,2.4580000115292933e-06
mlp_aco,2,8325,87,17,4,0.0,0.0,0.0,0.0,0.20313307642936707,False,False,0.0,0.0,0.0,[],0.0,0.0,0,0.0,0,2.4580000115292933e-06
mlp_aco,2,8326,87,17,1,8.0,114.0,122.0,0.61,0.7065125107765198,True,True,30.0,92.0,0.0,[1],10.0,10.0,1,10.0,0,0.01018904099998963
mlp_aco,2,8326,87,17,2,0.0,0.0,0.0,0.0,0.09907747060060501,False,False,0.0,0.0,0.0,[],10.0,10.0,1,10.0,0,0.01018904099998963
mlp_aco,2,8326,87,17,3,0.0,0.0,0.0,0.0,0.43936213850975037,False,False,0.0,0.0,0.0,[],10.0,10.0,1,10.0,0,0.01018904099998963
mlp_aco,2,8326,87,17,4,0.0,0.0,0.0,0.0,0.20313307642936707,False,False,0.0,0.0,0.0,[],10.0,10.0,1,10.0,0,0.01018904099998963
mlp_aco,2,8327,87,17,1,8.0,92.0,100.0,0.5,0.40627145767211914,False,False,0.0,100.0,0.0,[],0.0,0.0,0,0.0,0,7.457999998905507e-06
mlp_aco,2,8327,87,17,2,0.0,0.0,0.0,0.0,0.09907747060060501,False,False,0.0,0.0,0.0,[],0.0,0.0,0,0.0,0,7.457999998905507e-06
mlp_aco,2,8327,87,17,3,0.0,0.0,0.0,0.0,0.43936213850975037,False,False,0.0,0.0,0.0,[],0.0,0.0,0,0.0,0,7.457999998905507e-06
mlp_aco,2,8327,87,17,4,0.0,0.0,0.0,0.0,0.20313307642936707,False,False,0.0,0.0,0.0,[],0.0,0.0,0,0.0,0,7.457999998905507e-06
mlp_aco,2,8328,87,18,1,8.0,100.0,108.0,0.54,0.4701147973537445,False,False,0.0,108.0,0.0,[],0.0,0.0,0,0.0,0,2.7499999930569174e-06
mlp_aco,2,8328,87,18,2,0.0,0.0,0.0,0.0,0.09907747060060501,False,False,0.0,0.0,0.0,[],0.0,0.0,0,0.0,0,2.7499999930569174e-06
mlp_aco,2,8328,87,18,3,0.0,0.0,0.0,0.0,0.43936213850975037,False,False,0.0,0.0,0.0,[],0.0,0.0,0,0.0,0,2.7499999930569174e-06
mlp_aco,2,8328,87,18,4,0.0,0.0,0.0,0.0,0.20313307642936707,False,False,0.0,0.0,0.0,[],0.0,0.0,0,0.0,0,2.7499999930569174e-06
mlp_aco,2,8329,87,18,1,7.0,108.0,115.0,0.575,0.4823967516422272,False,False,0.0,115.0,0.0,[],0.0,0.0,0,0.0,0,3.375000005689799e-06
mlp_aco,2,8329,87,18,2,0.0,0.0,0.0,0.0,0.09907747060060501,False,False,0.0,0.0,0.0,[],0.0,0.0,0,0.0,0,3.375000005689799e-06
mlp_aco,2,8329,87,18,3,0.0,0.0,0.0,0.0,0.43936213850975037,False,False,0.0,0.0,0.0,[],0.0,0.0,0,0.0,0,3.375000005689799e-06
mlp_aco,2,8329,87,18,4,0.0,0.0,0.0,0.0,0.20313307642936707,False,False,0.0,0.0,0.0,[],0.0,0.0,0,0.0,0,3.375000005689799e-06
mlp_aco,2,8330,87,18,1,8.0,115.0,123.0,0.615,0.7227817177772522,True,True,30.0,93.0,0.0,[1],10.0,10.0,1,10.0,0,0.01019112500000574
mlp_aco,2,8330,87,18,2,0.0,0.0,0.0,0.0,0.09907747060060501,False,False,0.0,0.0,0.0,[],10.0,10.0,1,10.0,0,0.01019112500000574
mlp_aco,2,8330,87,18,3,0.0,0.0,0.0,0.0,0.43936213850975037,False,False,0.0,0.0,0.0,[],10.0,10.0,1,10.0,0,0.01019112500000574
mlp_aco,2,8330,87,18,4,0.0,0.0,0.0,0.0,0.20313307642936707,False,False,0.0,0.0,0.0,[],10.0,10.0,1,10.0,0,0.01019112500000574
mlp_aco,2,8331,87,18,1,4.0,93.0,97.0,0.485,0.32471963763237,False,False,0.0,97.0,0.0,[],0.0,0.0,0,0.0,0,4.083999982640307e-06
mlp_aco,2,8331,87,18,2,0.0,0.0,0.0,0.0,0.09907747060060501,False,False,0.0,0.0,0.0,[],0.0,0.0,0,0.0,0,4.083999982640307e-06
mlp_aco,2,8331,87,18,3,0.0,0.0,0.0,0.0,0.43936213850975037,False,False,0.0,0.0,0.0,[],0.0,0.0,0,0.0,0,4.083999982640307e-06
mlp_aco,2,8331,87,18,4,0.0,0.0,0.0,0.0,0.20313307642936707,False,False,0.0,0.0,0.0,[],0.0,0.0,0,0.0,0,4.083999982640307e-06
mlp_aco,2,8332,87,19,1,0.0,97.0,97.0,0.485,0.24696654081344604,False,False,0.0,97.0,0.0,[],0.0,0.0,0,0.0,0,2.4580000115292933e-06
mlp_aco,2,8332,87,19,2,0.0,0.0,0.0,0.0,0.09907747060060501,False,False,0.0,0.0,0.0,[],0.0,0.0,0,0.0,0,2.4580000115292933e-06
mlp_aco,2,8332,87,19,3,0.0,0.0,0.0,0.0,0.43936213850975037,False,False,0.0,0.0,0.0,[],0.0,0.0,0,0.0,0,2.4580000115292933e-06
mlp_aco,2,8332,87,19,4,0.0,0.0,0.0,0.0,0.20313307642936707,False,False,0.0,0.0,0.0,[],0.0,0.0,0,0.0,0,2.4580000115292933e-06
mlp_aco,2,8333,87,19,1,0.0,97.0,97.0,0.485,0.2710047960281372,False,False,0.0,97.0,0.0,[],0.0,0.0,0,0.0,0,2.1250000088457455e-06
mlp_aco,2,8333,87,19,2,0.0,0.0,0.0,0.0,0.09907747060060501,False,False,0.0,0.0,0.0,[],0.0,0.0,0,0.0,0,2.1250000088457455e-06
mlp_aco,2,8333,87,19,3,0.0,0.0,0.0,0.0,0.43936213850975037,False,False,0.0,0.0,0.0,[],0.0,0.0,0,0.0,0,2.1250000088457455e-06
mlp_aco,2,8333,87,19,4,0.0,0.0,0.0,0.0,0.20313307642936707,False,False,0.0,0.0,0.0,[],0.0,0.0,0,0.0,0,2.1250000088457455e-06
mlp_aco,2,8334,87,19,1,0.0,97.0,97.0,0.485,0.30059683322906494,False,False,0.0,97.0,0.0,[],0.0,0.0,0,0.0,0,2.582999997002844e-06
mlp_aco,2,8334,87,19,2,0.0,0.0,0.0,0.0,0.09907747060060501,False,False,0.0,0.0,0.0,[],0.0,0.0,0,0.0,0,2.582999997002844e-06
mlp_aco,2,8334,87,19,3,0.0,0.0,0.0,0.0,0.43936213850975037,False,False,0.0,0.0,0.0,[],0.0,0.0,0,0.0,0,2.582999997002844e-06
mlp_aco,2,8334,87,19,4,0.0,0.0,0.0,0.0,0.20313307642936707,False,False,0.0,0.0,0.0,[],0.0,0.0,0,0.0,0,2.582999997002844e-06
mlp_aco,2,8335,87,19,1,0.0,97.0,97.0,0.485,0.3170483708381653,False,False,0.0,97.0,0.0,[],0.0,0.0,0,0.0,0,1.9579999843699625e-06
mlp_aco,2,8335,87,19,2,0.0,0.0,0.0,0.0,0.09907747060060501,False,False,0.0,0.0,0.0,[],0.0,0.0,0,0.0,0,1.9579999843699625e-06
mlp_aco,2,8335,87,19,3,0.0,0.0,0.0,0.0,0.43936213850975037,False,False,0.0,0.0,0.0,[],0.0,0.0,0,0.0,0,1.9579999843699625e-06
mlp_aco,2,8335,87,19,4,0.0,0.0,0.0,0.0,0.20313307642936707,False,False,0.0,0.0,0.0,[],0.0,0.0,0,0.0,0,1.9579999843699625e-06
mlp_aco,2,8336,87,20,1,0.0,97.0,97.0,0.485,0.3170483708381653,False,False,0.0,97.0,0.0,[],0.0,0.0,0,0.0,0,3.7910000116880838e-06
mlp_aco,2,8336,87,20,2,0.0,0.0,0.0,0.0,0.09907747060060501,False,False,0.0,0.0,0.0,[],0.0,0.0,0,0.0,0,3.7910000116880838e-06
mlp_aco,2,8336,87,20,3,0.0,0.0,0.0,0.0,0.43936213850975037,False,False,0.0,0.0,0.0,[],0.0,0.0,0,0.0,0,3.7910000116880838e-06
mlp_aco,2,8336,87,20,4,0.0,0.0,0.0,0.0,0.20313307642936707,False,False,0.0,0.0,0.0,[],0.0,0.0,0,0.0,0,3.7910000116880838e-06
mlp_aco,2,8337,87,20,1,0.0,97.0,97.0,0.485,0.3170483708381653,False,False,0.0,97.0,0.0,[],0.0,0.0,0,0.0,0,2.5420000042686297e-06
mlp_aco,2,8337,87,20,2,0.0,0.0,0.0,0.0,0.09907747060060501,False,False,0.0,0.0,0.0,[],0.0,0.0,0,0.0,0,2.5420000042686297e-06
mlp_aco,2,8337,87,20,3,0.0,0.0,0.0,0.0,0.43936213850975037,False,False,0.0,0.0,0.0,[],0.0,0.0,0,0.0,0,2.5420000042686297e-06
mlp_aco,2,8337,87,20,4,0.0,0.0,0.0,0.0,0.20313307642936707,False,False,0.0,0.0,0.0,[],0.0,0.0,0,0.0,0,2.5420000042686297e-06
mlp_aco,2,8338,87,20,1,0.0,97.0,97.0,0.485,0.3170483708381653,False,False,0.0,97.0,0.0,[],0.0,0.0,0,0.0,0,4.708999995273189e-06
mlp_aco,2,8338,87,20,2,0.0,0.0,0.0,0.0,0.09907747060060501,False,False,0.0,0.0,0.0,[],0.0,0.0,0,0.0,0,4.708999995273189e-06
mlp_aco,2,8338,87,20,3,0.0,0.0,0.0,0.0,0.43936213850975037,False,False,0.0,0.0,0.0,[],0.0,0.0,0,0.0,0,4.708999995273189e-06
mlp_aco,2,8338,87,20,4,0.0,0.0,0.0,0.0,0.20313307642936707,False,False,0.0,0.0,0.0,[],0.0,0.0,0,0.0,0,4.708999995273189e-06
mlp_aco,2,8339,87,20,1,0.0,97.0,97.0,0.485,0.3170483708381653,False,False,0.0,97.0,0.0,[],0.0,0.0,0,0.0,0,2.8750000069521775e-06
mlp_aco,2,8339,87,20,2,0.0,0.0,0.0,0.0,0.09907747060060501,False,False,0.0,0.0,0.0,[],0.0,0.0,0,0.0,0,2.8750000069521775e-06
mlp_aco,2,8339,87,20,3,0.0,0.0,0.0,0.0,0.43936213850975037,False,False,0.0,0.0,0.0,[],0.0,0.0,0,0.0,0,2.8750000069521775e-06
mlp_aco,2,8339,87,20,4,0.0,0.0,0.0,0.0,0.20313307642936707,False,False,0.0,0.0,0.0,[],0.0,0.0,0,0.0,0,2.8750000069521775e-06
mlp_aco,2,8340,87,21,1,0.0,97.0,97.0,0.485,0.3170483708381653,False,False,0.0,97.0,0.0,[],0.0,0.0,0,0.0,0,2.292000004899819e-06
mlp_aco,2,8340,87,21,2,0.0,0.0,0.0,0.0,0.09907747060060501,False,False,0.0,0.0,0.0,[],0.0,0.0,0,0.0,0,2.292000004899819e-06
mlp_aco,2,8340,87,21,3,0.0,0.0,0.0,0.0,0.43936213850975037,False,False,0.0,0.0,0.0,[],0.0,0.0,0,0.0,0,2.292000004899819e-06
mlp_aco,2,8340,87,21,4,0.0,0.0,0.0,0.0,0.20313307642936707,False,False,0.0,0.0,0.0,[],0.0,0.0,0,0.0,0,2.292000004899819e-06
mlp_aco,2,8341,87,21,1,0.0,97.0,97.0,0.485,0.3170483708381653,False,False,0.0,97.0,0.0,[],0.0,0.0,0,0.0,0,7.917000004908914e-06
mlp_aco,2,8341,87,21,2,0.0,0.0,0.0,0.0,0.09907747060060501,False,False,0.0,0.0,0.0,[],0.0,0.0,0,0.0,0,7.917000004908914e-06
mlp_aco,2,8341,87,21,3,0.0,0.0,0.0,0.0,0.43936213850975037,False,False,0.0,0.0,0.0,[],0.0,0.0,0,0.0,0,7.917000004908914e-06
mlp_aco,2,8341,87,21,4,0.0,0.0,0.0,0.0,0.20313307642936707,False,False,0.0,0.0,0.0,[],0.0,0.0,0,0.0,0,7.917000004908914e-06
mlp_aco,2,8342,87,21,1,0.0,97.0,97.0,0.485,0.3170483708381653,False,False,0.0,97.0,0.0,[],0.0,0.0,0,0.0,0,2.0829999982652225e-06
mlp_aco,2,8342,87,21,2,0.0,0.0,0.0,0.0,0.09907747060060501,False,False,0.0,0.0,0.0,[],0.0,0.0,0,0.0,0,2.0829999982652225e-06
mlp_aco,2,8342,87,21,3,0.0,0.0,0.0,0.0,0.43936213850975037,False,False,0.0,0.0,0.0,[],0.0,0.0,0,0.0,0,2.0829999982652225e-06
mlp_aco,2,8342,87,21,4,0.0,0.0,0.0,0.0,0.20313307642936707,False,False,0.0,0.0,0.0,[],0.0,0.0,0,0.0,0,2.0829999982652225e-06
mlp_aco,2,8343,87,21,1,0.0,97.0,97.0,0.485,0.3170483708381653,False,False,0.0,97.0,0.0,[],0.0,0.0,0,0.0,0,2.0420000055310084e-06
mlp_aco,2,8343,87,21,2,0.0,0.0,0.0,0.0,0.09907747060060501,False,False,0.0,0.0,0.0,[],0.0,0.0,0,0.0,0,2.0420000055310084e-06
mlp_aco,2,8343,87,21,3,0.0,0.0,0.0,0.0,0.43936213850975037,False,False,0.0,0.0,0.0,[],0.0,0.0,0,0.0,0,2.0420000055310084e-06
mlp_aco,2,8343,87,21,4,0.0,0.0,0.0,0.0,0.20313307642936707,False,False,0.0,0.0,0.0,[],0.0,0.0,0,0.0,0,2.0420000055310084e-06
mlp_aco,2,8344,87,22,1,0.0,97.0,97.0,0.485,0.3170483708381653,False,False,0.0,97.0,0.0,[],0.0,0.0,0,0.0,0,2.582999997002844e-06
mlp_aco,2,8344,87,22,2,0.0,0.0,0.0,0.0,0.09907747060060501,False,False,0.0,0.0,0.0,[],0.0,0.0,0,0.0,0,2.582999997002844e-06
mlp_aco,2,8344,87,22,3,0.0,0.0,0.0,0.0,0.43936213850975037,False,False,0.0,0.0,0.0,[],0.0,0.0,0,0.0,0,2.582999997002844e-06
mlp_aco,2,8344,87,22,4,0.0,0.0,0.0,0.0,0.20313307642936707,False,False,0.0,0.0,0.0,[],0.0,0.0,0,0.0,0,2.582999997002844e-06
mlp_aco,2,8345,87,22,1,0.0,97.0,97.0,0.485,0.3170483708381653,False,False,0.0,97.0,0.0,[],0.0,0.0,0,0.0,0,1.916000002211149e-06
mlp_aco,2,8345,87,22,2,0.0,0.0,0.0,0.0,0.09907747060060501,False,False,0.0,0.0,0.0,[],0.0,0.0,0,0.0,0,1.916000002211149e-06
mlp_aco,2,8345,87,22,3,0.0,0.0,0.0,0.0,0.43936213850975037,False,False,0.0,0.0,0.0,[],0.0,0.0,0,0.0,0,1.916000002211149e-06
mlp_aco,2,8345,87,22,4,0.0,0.0,0.0,0.0,0.20313307642936707,False,False,0.0,0.0,0.0,[],0.0,0.0,0,0.0,0,1.916000002211149e-06
mlp_aco,2,8346,87,22,1,0.0,97.0,97.0,0.485,0.3170483708381653,False,False,0.0,97.0,0.0,[],0.0,0.0,0,0.0,0,2.582999997002844e-06
mlp_aco,2,8346,87,22,2,0.0,0.0,0.0,0.0,0.09907747060060501,False,False,0.0,0.0,0.0,[],0.0,0.0,0,0.0,0,2.582999997002844e-06
mlp_aco,2,8346,87,22,3,0.0,0.0,0.0,0.0,0.43936213850975037,False,False,0.0,0.0,0.0,[],0.0,0.0,0,0.0,0,2.582999997002844e-06
mlp_aco,2,8346,87,22,4,0.0,0.0,0.0,0.0,0.20313307642936707,False,False,0.0,0.0,0.0,[],0.0,0.0,0,0.0,0,2.582999997002844e-06
mlp_aco,2,8347,87,22,1,0.0,97.0,97.0,0.485,0.3170483708381653,False,False,0.0,97.0,0.0,[],0.0,0.0,0,0.0,0,2.292000004899819e-06
mlp_aco,2,8347,87,22,2,0.0,0.0,0.0,0.0,0.09907747060060501,False,False,0.0,0.0,0.0,[],0.0,0.0,0,0.0,0,2.292000004899819e-06
mlp_aco,2,8347,87,22,3,0.0,0.0,0.0,0.0,0.43936213850975037,False,False,0.0,0.0,0.0,[],0.0,0.0,0,0.0,0,2.292000004899819e-06
mlp_aco,2,8347,87,22,4,0.0,0.0,0.0,0.0,0.20313307642936707,False,False,0.0,0.0,0.0,[],0.0,0.0,0,0.0,0,2.292000004899819e-06
mlp_aco,2,8348,87,23,1,0.0,97.0,97.0,0.485,0.3170483708381653,False,False,0.0,97.0,0.0,[],0.0,0.0,0,0.0,0,2.417000018795079e-06
mlp_aco,2,8348,87,23,2,0.0,0.0,0.0,0.0,0.09907747060060501,False,False,0.0,0.0,0.0,[],0.0,0.0,0,0.0,0,2.417000018795079e-06
mlp_aco,2,8348,87,23,3,0.0,0.0,0.0,0.0,0.43936213850975037,False,False,0.0,0.0,0.0,[],0.0,0.0,0,0.0,0,2.417000018795079e-06
mlp_aco,2,8348,87,23,4,0.0,0.0,0.0,0.0,0.20313307642936707,False,False,0.0,0.0,0.0,[],0.0,0.0,0,0.0,0,2.417000018795079e-06
mlp_aco,2,8349,87,23,1,0.0,97.0,97.0,0.485,0.3170483708381653,False,False,0.0,97.0,0.0,[],0.0,0.0,0,0.0,0,1.7079999850011518e-06
mlp_aco,2,8349,87,23,2,0.0,0.0,0.0,0.0,0.09907747060060501,False,False,0.0,0.0,0.0,[],0.0,0.0,0,0.0,0,1.7079999850011518e-06
mlp_aco,2,8349,87,23,3,0.0,0.0,0.0,0.0,0.43936213850975037,False,False,0.0,0.0,0.0,[],0.0,0.0,0,0.0,0,1.7079999850011518e-06
mlp_aco,2,8349,87,23,4,0.0,0.0,0.0,0.0,0.20313307642936707,False,False,0.0,0.0,0.0,[],0.0,0.0,0,0.0,0,1.7079999850011518e-06
mlp_aco,2,8350,87,23,1,0.0,97.0,97.0,0.485,0.3170483708381653,False,False,0.0,97.0,0.0,[],0.0,0.0,0,0.0,0,1.8329999988964119e-06
mlp_aco,2,8350,87,23,2,0.0,0.0,0.0,0.0,0.09907747060060501,False,False,0.0,0.0,0.0,[],0.0,0.0,0,0.0,0,1.8329999988964119e-06
mlp_aco,2,8350,87,23,3,0.0,0.0,0.0,0.0,0.43936213850975037,False,False,0.0,0.0,0.0,[],0.0,0.0,0,0.0,0,1.8329999988964119e-06
mlp_aco,2,8350,87,23,4,0.0,0.0,0.0,0.0,0.20313307642936707,False,False,0.0,0.0,0.0,[],0.0,0.0,0,0.0,0,1.8329999988964119e-06
mlp_aco,2,8351,87,23,1,0.0,97.0,97.0,0.485,0.3170483708381653,False,False,0.0,97.0,0.0,[],0.0,0.0,0,0.0,0,2.2919999764781096e-06
mlp_aco,2,8351,87,23,2,0.0,0.0,0.0,0.0,0.09907747060060501,False,False,0.0,0.0,0.0,[],0.0,0.0,0,0.0,0,2.2919999764781096e-06
mlp_aco,2,8351,87,23,3,0.0,0.0,0.0,0.0,0.43936213850975037,False,False,0.0,0.0,0.0,[],0.0,0.0,0,0.0,0,2.2919999764781096e-06
mlp_aco,2,8351,87,23,4,0.0,0.0,0.0,0.0,0.20313307642936707,False,False,0.0,0.0,0.0,[],0.0,0.0,0,0.0,0,2.2919999764781096e-06
mlp_aco,2,8352,88,0,1,34.0,97.0,131.0,0.655,0.9999627470970154,True,True,30.0,101.0,0.0,[1],10.0,10.0,1,10.0,0,0.00990800000002423
mlp_aco,2,8352,88,0,2,0.0,0.0,0.0,0.0,0.09907747060060501,False,False,0.0,0.0,0.0,[],10.0,10.0,1,10.0,0,0.00990800000002423
mlp_aco,2,8352,88,0,3,0.0,0.0,0.0,0.0,0.43936213850975037,False,False,0.0,0.0,0.0,[],10.0,10.0,1,10.0,0,0.00990800000002423
mlp_aco,2,8352,88,0,4,0.0,0.0,0.0,0.0,0.20313307642936707,False,False,0.0,0.0,0.0,[],10.0,10.0,1,10.0,0,0.00990800000002423
mlp_aco,2,8353,88,0,1,36.0,101.0,137.0,0.685,0.9999904036521912,True,True,30.0,107.0,0.0,[1],10.0,10.0,1,10.0,0,0.009694708000012042
mlp_aco,2,8353,88,0,2,0.0,0.0,0.0,0.0,0.09907747060060501,False,False,0.0,0.0,0.0,[],10.0,10.0,1,10.0,0,0.009694708000012042
mlp_aco,2,8353,88,0,3,0.0,0.0,0.0,0.0,0.43936213850975037,False,False,0.0,0.0,0.0,[],10.0,10.0,1,10.0,0,0.009694708000012042
mlp_aco,2,8353,88,0,4,0.0,0.0,0.0,0.0,0.20313307642936707,False,False,0.0,0.0,0.0,[],10.0,10.0,1,10.0,0,0.009694708000012042
mlp_aco,2,8354,88,0,1,36.0,107.0,143.0,0.715,0.9999959468841553,True,True,30.0,113.0,0.0,[1],10.0,10.0,1,10.0,0,0.00957662499999401
mlp_aco,2,8354,88,0,2,0.0,0.0,0.0,0.0,0.09907747060060501,False,False,0.0,0.0,0.0,[],10.0,10.0,1,10.0,0,0.00957662499999401
mlp_aco,2,8354,88,0,3,0.0,0.0,0.0,0.0,0.43936213850975037,False,False,0.0,0.0,0.0,[],10.0,10.0,1,10.0,0,0.00957662499999401
mlp_aco,2,8354,88,0,4,0.0,0.0,0.0,0.0,0.20313307642936707,False,False,0.0,0.0,0.0,[],10.0,10.0,1,10.0,0,0.00957662499999401
mlp_aco,2,8355,88,0,1,27.0,113.0,140.0,0.7,0.9998873472213745,True,True,30.0,110.0,0.0,[1],10.0,10.0,1,10.0,0,0.009768250000007583
mlp_aco,2,8355,88,0,2,0.0,0.0,0.0,0.0,0.09907747060060501,False,False,0.0,0.0,0.0,[],10.0,10.0,1,10.0,0,0.009768250000007583
mlp_aco,2,8355,88,0,3,0.0,0.0,0.0,0.0,0.43936213850975037,False,False,0.0,0.0,0.0,[],10.0,10.0,1,10.0,0,0.009768250000007583
mlp_aco,2,8355,88,0,4,0.0,0.0,0.0,0.0,0.20313307642936707,False,False,0.0,0.0,0.0,[],10.0,10.0,1,10.0,0,0.009768250000007583
mlp_aco,2,8356,88,1,1,29.0,110.0,139.0,0.695,0.9999339580535889,True,True,30.0,109.0,0.0,[1],10.0,10.0,1,10.0,0,0.009766124999998738
mlp_aco,2,8356,88,1,2,0.0,0.0,0.0,0.0,0.09907747060060501,False,False,0.0,0.0,0.0,[],10.0,10.0,1,10.0,0,0.009766124999998738
mlp_aco,2,8356,88,1,3,0.0,0.0,0.0,0.0,0.43936213850975037,False,False,0.0,0.0,0.0,[],10.0,10.0,1,10.0,0,0.009766124999998738
mlp_aco,2,8356,88,1,4,0.0,0.0,0.0,0.0,0.20313307642936707,False,False,0.0,0.0,0.0,[],10.0,10.0,1,10.0,0,0.009766124999998738
mlp_aco,2,8357,88,1,1,28.0,109.0,137.0,0.685,0.9998785257339478,True,True,30.0,107.0,0.0,[1],10.0,10.0,1,10.0,0,0.009740375000006907
mlp_aco,2,8357,88,1,2,0.0,0.0,0.0,0.0,0.09907747060060501,False,False,0.0,0.0,0.0,[],10.0,10.0,1,10.0,0,0.009740375000006907
mlp_aco,2,8357,88,1,3,0.0,0.0,0.0,0.0,0.43936213850975037,False,False,0.0,0.0,0.0,[],10.0,10.0,1,10.0,0,0.009740375000006907
mlp_aco,2,8357,88,1,4,0.0,0.0,0.0,0.0,0.20313307642936707,False,False,0.0,0.0,0.0,[],10.0,10.0,1,10.0,0,0.009740375000006907
mlp_aco,2,8358,88,1,1,34.0,107.0,141.0,0.705,0.9999901652336121,True,True,30.0,111.0,0.0,[1],10.0,10.0,1,10.0,0,0.009821249999987458
mlp_aco,2,8358,88,1,2,0.0,0.0,0.0,0.0,0.09907747060060501,False,False,0.0,0.0,0.0,[],10.0,10.0,1,10.0,0,0.009821249999987458
mlp_aco,2,8358,88,1,3,0.0,0.0,0.0,0.0,0.43936213850975037,False,False,0.0,0.0,0.0,[],10.0,10.0,1,10.0,0,0.009821249999987458
mlp_aco,2,8358,88,1,4,0.0,0.0,0.0,0.0,0.20313307642936707,False,False,0.0,0.0,0.0,[],10.0,10.0,1,10.0,0,0.009821249999987458
mlp_aco,2,8359,88,1,1,40.0,111.0,151.0,0.755,0.9999997019767761,True,True,30.0,121.0,0.0,[1],10.0,10.0,1,10.0,0,0.009763584000012315
mlp_aco,2,8359,88,1,2,0.0,0.0,0.0,0.0,0.09907747060060501,False,False,0.0,0.0,0.0,[],10.0,10.0,1,10.0,0,0.009763584000012315
mlp_aco,2,8359,88,1,3,0.0,0.0,0.0,0.0,0.43936213850975037,False,False,0.0,0.0,0.0,[],10.0,10.0,1,10.0,0,0.009763584000012315
mlp_aco,2,8359,88,1,4,0.0,0.0,0.0,0.0,0.20313307642936707,False,False,0.0,0.0,0.0,[],10.0,10.0,1,10.0,0,0.009763584000012315
mlp_aco,2,8360,88,2,1,42.0,121.0,163.0,0.815,1.0,True,True,30.0,133.0,0.0,[1],10.0,10.0,1,10.0,0,0.009448500000019067
mlp_aco,2,8360,88,2,2,0.0,0.0,0.0,0.0,0.09907747060060501,False,False,0.0,0.0,0.0,[],10.0,10.0,1,10.0,0,0.009448500000019067
mlp_aco,2,8360,88,2,3,0.0,0.0,0.0,0.0,0.43936213850975037,False,False,0.0,0.0,0.0,[],10.0,10.0,1,10.0,0,0.009448500000019067
mlp_aco,2,8360,88,2,4,0.0,0.0,0.0,0.0,0.20313307642936707,False,False,0.0,0.0,0.0,[],10.0,10.0,1,10.0,0,0.009448500000019067
mlp_aco,2,8361,88,2,1,40.0,133.0,173.0,0.865,1.0,True,True,30.0,143.0,0.0,[1],10.0,10.0,1,10.0,0,0.009514250000023594
mlp_aco,2,8361,88,2,2,0.0,0.0,0.0,0.0,0.09907747060060501,False,False,0.0,0.0,0.0,[],10.0,10.0,1,10.0,0,0.009514250000023594
mlp_aco,2,8361,88,2,3,0.0,0.0,0.0,0.0,0.43936213850975037,False,False,0.0,0.0,0.0,[],10.0,10.0,1,10.0,0,0.009514250000023594
mlp_aco,2,8361,88,2,4,0.0,0.0,0.0,0.0,0.20313307642936707,False,False,0.0,0.0,0.0,[],10.0,10.0,1,10.0,0,0.009514250000023594
mlp_aco,2,8362,88,2,1,41.0,143.0,184.0,0.92,1.0,True,True,30.0,154.0,0.0,[1],10.0,10.0,1,10.0,0,0.009654542000021138
mlp_aco,2,8362,88,2,2,0.0,0.0,0.0,0.0,0.09907747060060501,False,False,0.0,0.0,0.0,[],10.0,10.0,1,10.0,0,0.009654542000021138
mlp_aco,2,8362,88,2,3,0.0,0.0,0.0,0.0,0.43936213850975037,False,False,0.0,0.0,0.0,[],10.0,10.0,1,10.0,0,0.009654542000021138
mlp_aco,2,8362,88,2,4,0.0,0.0,0.0,0.0,0.20313307642936707,False,False,0.0,0.0,0.0,[],10.0,10.0,1,10.0,0,0.009654542000021138
mlp_aco,2,8363,88,2,1,41.0,154.0,195.0,0.975,1.0,True,True,30.0,165.0,0.0,[1],10.0,10.0,1,10.0,0,0.009747874999987971
mlp_aco,2,8363,88,2,2,0.0,0.0,0.0,0.0,0.09907747060060501,False,False,0.0,0.0,0.0,[],10.0,10.0,1,10.0,0,0.009747874999987971
mlp_aco,2,8363,88,2,3,0.0,0.0,0.0,0.0,0.43936213850975037,False,False,0.0,0.0,0.0,[],10.0,10.0,1,10.0,0,0.009747874999987971
mlp_aco,2,8363,88,2,4,0.0,0.0,0.0,0.0,0.20313307642936707,False,False,0.0,0.0,0.0,[],10.0,10.0,1,10.0,0,0.009747874999987971
mlp_aco,2,8364,88,3,1,40.0,165.0,205.0,1.025,1.0,True,True,30.0,175.0,0.0,[1],10.0,10.0,1,10.0,0,0.009784916000000976
mlp_aco,2,8364,88,3,2,0.0,0.0,0.0,0.0,0.09907747060060501,False,False,0.0,0.0,0.0,[],10.0,10.0,1,10.0,0,0.009784916000000976
mlp_aco,2,8364,88,3,3,0.0,0.0,0.0,0.0,0.43936213850975037,False,False,0.0,0.0,0.0,[],10.0,10.0,1,10.0,0,0.009784916000000976
mlp_aco,2,8364,88,3,4,0.0,0.0,0.0,0.0,0.20313307642936707,False,False,0.0,0.0,0.0,[],10.0,10.0,1,10.0,0,0.009784916000000976
mlp_aco,2,8365,88,3,1,41.0,175.0,216.0,1.08,1.0,True,True,30.0,186.0,0.0,[1],10.0,10.0,1,10.0,0,0.009604292000005898
mlp_aco,2,8365,88,3,2,0.0,0.0,0.0,0.0,0.09907747060060501,False,False,0.0,0.0,0.0,[],10.0,10.0,1,10.0,0,0.009604292000005898
mlp_aco,2,8365,88,3,3,0.0,0.0,0.0,0.0,0.43936213850975037,False,False,0.0,0.0,0.0,[],10.0,10.0,1,10.0,0,0.009604292000005898
mlp_aco,2,8365,88,3,4,0.0,0.0,0.0,0.0,0.20313307642936707,False,False,0.0,0.0,0.0,[],10.0,10.0,1,10.0,0,0.009604292000005898
mlp_aco,2,8366,88,3,1,40.0,186.0,226.0,1.13,1.0,True,True,30.0,196.0,0.0,[1],10.0,10.0,1,10.0,0,0.009479124999984379
mlp_aco,2,8366,88,3,2,0.0,0.0,0.0,0.0,0.09907747060060501,False,False,0.0,0.0,0.0,[],10.0,10.0,1,10.0,0,0.009479124999984379
mlp_aco,2,8366,88,3,3,0.0,0.0,0.0,0.0,0.43936213850975037,False,False,0.0,0.0,0.0,[],10.0,10.0,1,10.0,0,0.009479124999984379
mlp_aco,2,8366,88,3,4,0.0,0.0,0.0,0.0,0.20313307642936707,False,False,0.0,0.0,0.0,[],10.0,10.0,1,10.0,0,0.009479124999984379
mlp_aco,2,8367,88,3,1,31.0,196.0,227.0,1.135,1.0,True,True,30.0,197.0,0.0,[1],10.0,10.0,1,10.0,0,0.00958008399999244
mlp_aco,2,8367,88,3,2,0.0,0.0,0.0,0.0,0.09907747060060501,False,False,0.0,0.0,0.0,[],10.0,10.0,1,10.0,0,0.00958008399999244
mlp_aco,2,8367,88,3,3,0.0,0.0,0.0,0.0,0.43936213850975037,False,False,0.0,0.0,0.0,[],10.0,10.0,1,10.0,0,0.00958008399999244
mlp_aco,2,8367,88,3,4,0.0,0.0,0.0,0.0,0.20313307642936707,False,False,0.0,0.0,0.0,[],10.0,10.0,1,10.0,0,0.00958008399999244
mlp_aco,2,8368,88,4,1,27.0,197.0,224.0,1.12,1.0,True,True,30.0,194.0,0.0,[1],10.0,10.0,1,10.0,0,0.00959670900002152
mlp_aco,2,8368,88,4,2,0.0,0.0,0.0,0.0,0.09907747060060501,False,False,0.0,0.0,0.0,[],10.0,10.0,1,10.0,0,0.00959670900002152
mlp_aco,2,8368,88,4,3,0.0,0.0,0.0,0.0,0.43936213850975037,False,False,0.0,0.0,0.0,[],10.0,10.0,1,10.0,0,0.00959670900002152
mlp_aco,2,8368,88,4,4,0.0,0.0,0.0,0.0,0.20313307642936707,False,False,0.0,0.0,0.0,[],10.0,10.0,1,10.0,0,0.00959670900002152
mlp_aco,2,8369,88,4,1,27.0,194.0,221.0,1.105,1.0,True,True,30.0,191.0,0.0,[1],10.0,10.0,1,10.0,0,0.009768833000009636
mlp_aco,2,8369,88,4,2,0.0,0.0,0.0,0.0,0.09907747060060501,False,False,0.0,0.0,0.0,[],10.0,10.0,1,10.0,0,0.009768833000009636
mlp_aco,2,8369,88,4,3,0.0,0.0,0.0,0.0,0.43936213850975037,False,False,0.0,0.0,0.0,[],10.0,10.0,1,10.0,0,0.009768833000009636
mlp_aco,2,8369,88,4,4,0.0,0.0,0.0,0.0,0.20313307642936707,False,False,0.0,0.0,0.0,[],10.0,10.0,1,10.0,0,0.009768833000009636
mlp_aco,2,8370,88,4,1,27.0,191.0,218.0,1.09,1.0,True,True,30.0,188.0,0.0,[1],10.0,10.0,1,10.0,0,0.009626624999981459
mlp_aco,2,8370,88,4,2,0.0,0.0,0.0,0.0,0.09907747060060501,False,False,0.0,0.0,0.0,[],10.0,10.0,1,10.0,0,0.009626624999981459
mlp_aco,2,8370,88,4,3,0.0,0.0,0.0,0.0,0.43936213850975037,False,False,0.0,0.0,0.0,[],10.0,10.0,1,10.0,0,0.009626624999981459
mlp_aco,2,8370,88,4,4,0.0,0.0,0.0,0.0,0.20313307642936707,False,False,0.0,0.0,0.0,[],10.0,10.0,1,10.0,0,0.009626624999981459
mlp_aco,2,8371,88,4,1,26.0,188.0,214.0,1.07,1.0,True,True,30.0,184.0,0.0,[1],10.0,10.0,1,10.0,0,0.009449083999982122
mlp_aco,2,8371,88,4,2,0.0,0.0,0.0,0.0,0.09907747060060501,False,False,0.0,0.0,0.0,[],10.0,10.0,1,10.0,0,0.009449083999982122
mlp_aco,2,8371,88,4,3,0.0,0.0,0.0,0.0,0.43936213850975037,False,False,0.0,0.0,0.0,[],10.0,10.0,1,10.0,0,0.009449083999982122
mlp_aco,2,8371,88,4,4,0.0,0.0,0.0,0.0,0.20313307642936707,False,False,0.0,0.0,0.0,[],10.0,10.0,1,10.0,0,0.009449083999982122
mlp_aco,2,8372,88,5,1,27.0,184.0,211.0,1.055,1.0,True,True,30.0,181.0,0.0,[1],10.0,10.0,1,10.0,0,0.00957229099998358
mlp_aco,2,8372,88,5,2,0.0,0.0,0.0,0.0,0.09907747060060501,False,False,0.0,0.0,0.0,[],10.0,10.0,1,10.0,0,0.00957229099998358
mlp_aco,2,8372,88,5,3,0.0,0.0,0.0,0.0,0.43936213850975037,False,False,0.0,0.0,0.0,[],10.0,10.0,1,10.0,0,0.00957229099998358
mlp_aco,2,8372,88,5,4,0.0,0.0,0.0,0.0,0.20313307642936707,False,False,0.0,0.0,0.0,[],10.0,10.0,1,10.0,0,0.00957229099998358
mlp_aco,2,8373,88,5,1,27.0,181.0,208.0,1.04,1.0,True,True,30.0,178.0,0.0,[1],10.0,10.0,1,10.0,0,0.009633957999994891
mlp_aco,2,8373,88,5,2,0.0,0.0,0.0,0.0,0.09907747060060501,False,False,0.0,0.0,0.0,[],10.0,10.0,1,10.0,0,0.009633957999994891
mlp_aco,2,8373,88,5,3,0.0,0.0,0.0,0.0,0.43936213850975037,False,False,0.0,0.0,0.0,[],10.0,10.0,1,10.0,0,0.009633957999994891
mlp_aco,2,8373,88,5,4,0.0,0.0,0.0,0.0,0.20313307642936707,False,False,0.0,0.0,0.0,[],10.0,10.0,1,10.0,0,0.009633957999994891
mlp_aco,2,8374,88,5,1,26.0,178.0,204.0,1.02,1.0,True,True,30.0,174.0,0.0,[1],10.0,10.0,1,10.0,0,0.0096800420000136
mlp_aco,2,8374,88,5,2,0.0,0.0,0.0,0.0,0.09907747060060501,False,False,0.0,0.0,0.0,[],10.0,10.0,1,10.0,0,0.0096800420000136
mlp_aco,2,8374,88,5,3,0.0,0.0,0.0,0.0,0.43936213850975037,False,False,0.0,0.0,0.0,[],10.0,10.0,1,10.0,0,0.0096800420000136
mlp_aco,2,8374,88,5,4,0.0,0.0,0.0,0.0,0.20313307642936707,False,False,0.0,0.0,0.0,[],10.0,10.0,1,10.0,0,0.0096800420000136
mlp_aco,2,8375,88,5,1,27.0,174.0,201.0,1.005,1.0,True,True,30.0,171.0,0.0,[1],10.0,10.0,1,10.0,0,0.016019708999976956
mlp_aco,2,8375,88,5,2,0.0,0.0,0.0,0.0,0.09907747060060501,False,False,0.0,0.0,0.0,[],10.0,10.0,1,10.0,0,0.016019708999976956
mlp_aco,2,8375,88,5,3,0.0,0.0,0.0,0.0,0.43936213850975037,False,False,0.0,0.0,0.0,[],10.0,10.0,1,10.0,0,0.016019708999976956
mlp_aco,2,8375,88,5,4,0.0,0.0,0.0,0.0,0.20313307642936707,False,False,0.0,0.0,0.0,[],10.0,10.0,1,10.0,0,0.016019708999976956
mlp_aco,2,8376,88,6,1,27.0,171.0,198.0,0.99,1.0,True,True,30.0,168.0,0.0,[1],10.0,10.0,1,10.0,0,0.01009033400001158
mlp_aco,2,8376,88,6,2,0.0,0.0,0.0,0.0,0.09907747060060501,False,False,0.0,0.0,0.0,[],10.0,10.0,1,10.0,0,0.01009033400001158
mlp_aco,2,8376,88,6,3,0.0,0.0,0.0,0.0,0.43936213850975037,False,False,0.0,0.0,0.0,[],10.0,10.0,1,10.0,0,0.01009033400001158
mlp_aco,2,8376,88,6,4,0.0,0.0,0.0,0.0,0.20313307642936707,False,False,0.0,0.0,0.0,[],10.0,10.0,1,10.0,0,0.01009033400001158
mlp_aco,2,8377,88,6,1,25.0,168.0,193.0,0.965,1.0,True,True,30.0,163.0,0.0,[1],10.0,10.0,1,10.0,0,0.010160958000000164
mlp_aco,2,8377,88,6,2,0.0,0.0,0.0,0.0,0.09907747060060501,False,False,0.0,0.0,0.0,[],10.0,10.0,1,10.0,0,0.010160958000000164
mlp_aco,2,8377,88,6,3,0.0,0.0,0.0,0.0,0.43936213850975037,False,False,0.0,0.0,0.0,[],10.0,10.0,1,10.0,0,0.010160958000000164
mlp_aco,2,8377,88,6,4,0.0,0.0,0.0,0.0,0.20313307642936707,False,False,0.0,0.0,0.0,[],10.0,10.0,1,10.0,0,0.010160958000000164
mlp_aco,2,8378,88,6,1,27.0,163.0,190.0,0.95,1.0,True,True,30.0,160.0,0.0,[1],10.0,10.0,1,10.0,0,0.009637540999989369
mlp_aco,2,8378,88,6,2,0.0,0.0,0.0,0.0,0.09907747060060501,False,False,0.0,0.0,0.0,[],10.0,10.0,1,10.0,0,0.009637540999989369
mlp_aco,2,8378,88,6,3,0.0,0.0,0.0,0.0,0.43936213850975037,False,False,0.0,0.0,0.0,[],10.0,10.0,1,10.0,0,0.009637540999989369
mlp_aco,2,8378,88,6,4,0.0,0.0,0.0,0.0,0.20313307642936707,False,False,0.0,0.0,0.0,[],10.0,10.0,1,10.0,0,0.009637540999989369
mlp_aco,2,8379,88,6,1,20.0,160.0,180.0,0.9,0.9999997019767761,True,True,30.0,150.0,0.0,[1],10.0,10.0,1,10.0,0,0.009697750000015048
mlp_aco,2,8379,88,6,2,0.0,0.0,0.0,0.0,0.09907747060060501,False,False,0.0,0.0,0.0,[],10.0,10.0,1,10.0,0,0.009697750000015048
mlp_aco,2,8379,88,6,3,0.0,0.0,0.0,0.0,0.43936213850975037,False,False,0.0,0.0,0.0,[],10.0,10.0,1,10.0,0,0.009697750000015048
mlp_aco,2,8379,88,6,4,0.0,0.0,0.0,0.0,0.20313307642936707,False,False,0.0,0.0,0.0,[],10.0,10.0,1,10.0,0,0.009697750000015048
mlp_aco,2,8380,88,7,1,19.0,150.0,169.0,0.845,0.9999926686286926,True,True,30.0,139.0,0.0,[1],10.0,10.0,1,10.0,0,0.010079833999981247
mlp_aco,2,8380,88,7,2,0.0,0.0,0.0,0.0,0.09907747060060501,False,False,0.0,0.0,0.0,[],10.0,10.0,1,10.0,0,0.010079833999981247
mlp_aco,2,8380,88,7,3,0.0,0.0,0.0,0.0,0.43936213850975037,False,False,0.0,0.0,0.0,[],10.0,10.0,1,10.0,0,0.010079833999981247
mlp_aco,2,8380,88,7,4,0.0,0.0,0.0,0.0,0.20313307642936707,False,False,0.0,0.0,0.0,[],10.0,10.0,1,10.0,0,0.010079833999981247
mlp_aco,2,8381,88,7,1,19.0,139.0,158.0,0.79,0.9998690485954285,True,True,30.0,128.0,0.0,[1],10.0,10.0,1,10.0,0,0.010137165999992703
mlp_aco,2,8381,88,7,2,0.0,0.0,0.0,0.0,0.09907747060060501,False,False,0.0,0.0,0.0,[],10.0,10.0,1,10.0,0,0.010137165999992703
mlp_aco,2,8381,88,7,3,0.0,0.0,0.0,0.0,0.43936213850975037,False,False,0.0,0.0,0.0,[],10.0,10.0,1,10.0,0,0.010137165999992703
mlp_aco,2,8381,88,7,4,0.0,0.0,0.0,0.0,0.20313307642936707,False,False,0.0,0.0,0.0,[],10.0,10.0,1,10.0,0,0.010137165999992703
mlp_aco,2,8382,88,7,1,19.0,128.0,147.0,0.735,0.9991053938865662,True,True,30.0,117.0,0.0,[1],10.0,10.0,1,10.0,0,0.011030041999987361
mlp_aco,2,8382,88,7,2,0.0,0.0,0.0,0.0,0.09907747060060501,False,False,0.0,0.0,0.0,[],10.0,10.0,1,10.0,0,0.011030041999987361
mlp_aco,2,8382,88,7,3,0.0,0.0,0.0,0.0,0.43936213850975037,False,False,0.0,0.0,0.0,[],10.0,10.0,1,10.0,0,0.011030041999987361
mlp_aco,2,8382,88,7,4,0.0,0.0,0.0,0.0,0.20313307642936707,False,False,0.0,0.0,0.0,[],10.0,10.0,1,10.0,0,0.011030041999987361
mlp_aco,2,8383,88,7,1,19.0,117.0,136.0,0.68,0.9968017935752869,True,True,30.0,106.0,0.0,[1],10.0,10.0,1,10.0,0,0.010842499999995425
mlp_aco,2,8383,88,7,2,0.0,0.0,0.0,0.0,0.09907747060060501,False,False,0.0,0.0,0.0,[],10.0,10.0,1,10.0,0,0.010842499999995425
mlp_aco,2,8383,88,7,3,0.0,0.0,0.0,0.0,0.43936213850975037,False,False,0.0,0.0,0.0,[],10.0,10.0,1,10.0,0,0.010842499999995425
mlp_aco,2,8383,88,7,4,0.0,0.0,0.0,0.0,0.20313307642936707,False,False,0.0,0.0,0.0,[],10.0,10.0,1,10.0,0,0.010842499999995425
mlp_aco,2,8384,88,8,1,19.0,106.0,125.0,0.625,0.9915140867233276,True,True,30.0,95.0,0.0,[1],10.0,10.0,1,10.0,0,0.01080899999999474
mlp_aco,2,8384,88,8,2,0.0,0.0,0.0,0.0,0.09907747060060501,False,False,0.0,0.0,0.0,[],10.0,10.0,1,10.0,0,0.01080899999999474
mlp_aco,2,8384,88,8,3,0.0,0.0,0.0,0.0,0.43936213850975037,False,False,0.0,0.0,0.0,[],10.0,10.0,1,10.0,0,0.01080899999999474
mlp_aco,2,8384,88,8,4,0.0,0.0,0.0,0.0,0.20313307642936707,False,False,0.0,0.0,0.0,[],10.0,10.0,1,10.0,0,0.01080899999999474
mlp_aco,2,8385,88,8,1,19.0,95.0,114.0,0.57,0.9776797890663147,True,True,30.0,84.0,0.0,[1],10.0,10.0,1,10.0,0,0.011515541999983725
mlp_aco,2,8385,88,8,2,0.0,0.0,0.0,0.0,0.09907747060060501,False,False,0.0,0.0,0.0,[],10.0,10.0,1,10.0,0,0.011515541999983725
mlp_aco,2,8385,88,8,3,0.0,0.0,0.0,0.0,0.43936213850975037,False,False,0.0,0.0,0.0,[],10.0,10.0,1,10.0,0,0.011515541999983725
mlp_aco,2,8385,88,8,4,0.0,0.0,0.0,0.0,0.20313307642936707,False,False,0.0,0.0,0.0,[],10.0,10.0,1,10.0,0,0.011515541999983725
mlp_aco,2,8386,88,8,1,18.0,84.0,102.0,0.51,0.9241089820861816,True,True,30.0,72.0,0.0,[1],10.0,10.0,1,10.0,0,0.010896166999998513
mlp_aco,2,8386,88,8,2,0.0,0.0,0.0,0.0,0.09907747060060501,False,False,0.0,0.0,0.0,[],10.0,10.0,1,10.0,0,0.010896166999998513
mlp_aco,2,8386,88,8,3,0.0,0.0,0.0,0.0,0.43936213850975037,False,False,0.0,0.0,0.0,[],10.0,10.0,1,10.0,0,0.010896166999998513
mlp_aco,2,8386,88,8,4,0.0,0.0,0.0,0.0,0.20313307642936707,False,False,0.0,0.0,0.0,[],10.0,10.0,1,10.0,0,0.010896166999998513
mlp_aco,2,8387,88,8,1,21.0,72.0,93.0,0.465,0.9556172490119934,True,True,30.0,63.0,0.0,[1],10.0,10.0,1,10.0,0,0.011275624999996126
mlp_aco,2,8387,88,8,2,0.0,0.0,0.0,0.0,0.09907747060060501,False,False,0.0,0.0,0.0,[],10.0,10.0,1,10.0,0,0.011275624999996126
mlp_aco,2,8387,88,8,3,0.0,0.0,0.0,0.0,0.43936213850975037,False,False,0.0,0.0,0.0,[],10.0,10.0,1,10.0,0,0.011275624999996126
mlp_aco,2,8387,88,8,4,0.0,0.0,0.0,0.0,0.20313307642936707,False,False,0.0,0.0,0.0,[],10.0,10.0,1,10.0,0,0.011275624999996126
mlp_aco,2,8388,88,9,1,23.0,63.0,86.0,0.43,0.9683176279067993,True,True,30.0,56.0,0.0,[1],10.0,10.0,1,10.0,0,0.011016959000016868
mlp_aco,2,8388,88,9,2,0.0,0.0,0.0,0.0,0.09907747060060501,False,False,0.0,0.0,0.0,[],10.0,10.0,1,10.0,0,0.011016959000016868
mlp_aco,2,8388,88,9,3,0.0,0.0,0.0,0.0,0.43936213850975037,False,False,0.0,0.0,0.0,[],10.0,10.0,1,10.0,0,0.011016959000016868
mlp_aco,2,8388,88,9,4,0.0,0.0,0.0,0.0,0.20313307642936707,False,False,0.0,0.0,0.0,[],10.0,10.0,1,10.0,0,0.011016959000016868
mlp_aco,2,8389,88,9,1,22.0,56.0,78.0,0.39,0.9432286620140076,True,True,30.0,48.0,0.0,[1],10.0,10.0,1,10.0,0,0.011213333000000603
mlp_aco,2,8389,88,9,2,0.0,0.0,0.0,0.0,0.09907747060060501,False,False,0.0,0.0,0.0,[],10.0,10.0,1,10.0,0,0.011213333000000603
mlp_aco,2,8389,88,9,3,0.0,0.0,0.0,0.0,0.43936213850975037,False,False,0.0,0.0,0.0,[],10.0,10.0,1,10.0,0,0.011213333000000603
mlp_aco,2,8389,88,9,4,0.0,0.0,0.0,0.0,0.20313307642936707,False,False,0.0,0.0,0.0,[],10.0,10.0,1,10.0,0,0.011213333000000603
mlp_aco,2,8390,88,9,1,23.0,48.0,71.0,0.355,0.944685697555542,True,True,30.0,41.0,0.0,[1],10.0,10.0,1,10.0,0,0.010953250000000025
mlp_aco,2,8390,88,9,2,0.0,0.0,0.0,0.0,0.09907747060060501,False,False,0.0,0.0,0.0,[],10.0,10.0,1,10.0,0,0.010953250000000025
mlp_aco,2,8390,88,9,3,0.0,0.0,0.0,0.0,0.43936213850975037,False,False,0.0,0.0,0.0,[],10.0,10.0,1,10.0,0,0.010953250000000025
mlp_aco,2,8390,88,9,4,0.0,0.0,0.0,0.0,0.20313307642936707,False,False,0.0,0.0,0.0,[],10.0,10.0,1,10.0,0,0.010953250000000025
mlp_aco,2,8391,88,9,1,23.0,41.0,64.0,0.32,0.9308399558067322,True,True,30.0,34.0,0.0,[1],10.0,10.0,1,10.0,0,0.010889875000003713
mlp_aco,2,8391,88,9,2,0.0,0.0,0.0,0.0,0.09907747060060501,False,False,0.0,0.0,0.0,[],10.0,10.0,1,10.0,0,0.010889875000003713
mlp_aco,2,8391,88,9,3,0.0,0.0,0.0,0.0,0.43936213850975037,False,False,0.0,0.0,0.0,[],10.0,10.0,1,10.0,0,0.010889875000003713
mlp_aco,2,8391,88,9,4,0.0,0.0,0.0,0.0,0.20313307642936707,False,False,0.0,0.0,0.0,[],10.0,10.0,1,10.0,0,0.010889875000003713
mlp_aco,2,8392,88,10,1,23.0,34.0,57.0,0.285,0.916449785232544,True,True,30.0,27.0,0.0,[1],10.0,10.0,1,10.0,0,0.011070375000002741
mlp_aco,2,8392,88,10,2,0.0,0.0,0.0,0.0,0.09907747060060501,False,False,0.0,0.0,0.0,[],10.0,10.0,1,10.0,0,0.011070375000002741
mlp_aco,2,8392,88,10,3,0.0,0.0,0.0,0.0,0.43936213850975037,False,False,0.0,0.0,0.0,[],10.0,10.0,1,10.0,0,0.011070375000002741
mlp_aco,2,8392,88,10,4,0.0,0.0,0.0,0.0,0.20313307642936707,False,False,0.0,0.0,0.0,[],10.0,10.0,1,10.0,0,0.011070375000002741
mlp_aco,2,8393,88,10,1,14.0,27.0,41.0,0.205,0.33386003971099854,False,False,0.0,41.0,0.0,[],0.0,0.0,0,0.0,0,3.2080000096357253e-06
mlp_aco,2,8393,88,10,2,0.0,0.0,0.0,0.0,0.09907747060060501,False,False,0.0,0.0,0.0,[],0.0,0.0,0,0.0,0,3.2080000096357253e-06
mlp_aco,2,8393,88,10,3,0.0,0.0,0.0,0.0,0.43936213850975037,False,False,0.0,0.0,0.0,[],0.0,0.0,0,0.0,0,3.2080000096357253e-06
mlp_aco,2,8393,88,10,4,0.0,0.0,0.0,0.0,0.20313307642936707,False,False,0.0,0.0,0.0,[],0.0,0.0,0,0.0,0,3.2080000096357253e-06
mlp_aco,2,8394,88,10,1,13.0,41.0,54.0,0.27,0.35173821449279785,False,False,0.0,54.0,0.0,[],0.0,0.0,0,0.0,0,3.832999993846897e-06
mlp_aco,2,8394,88,10,2,0.0,0.0,0.0,0.0,0.09907747060060501,False,False,0.0,0.0,0.0,[],0.0,0.0,0,0.0,0,3.832999993846897e-06
mlp_aco,2,8394,88,10,3,0.0,0.0,0.0,0.0,0.43936213850975037,False,False,0.0,0.0,0.0,[],0.0,0.0,0,0.0,0,3.832999993846897e-06
mlp_aco,2,8394,88,10,4,0.0,0.0,0.0,0.0,0.20313307642936707,False,False,0.0,0.0,0.0,[],0.0,0.0,0,0.0,0,3.832999993846897e-06
mlp_aco,2,8395,88,10,1,13.0,54.0,67.0,0.335,0.406467080116272,False,False,0.0,67.0,0.0,[],0.0,0.0,0,0.0,0,2.5420000042686297e-06
mlp_aco,2,8395,88,10,2,0.0,0.0,0.0,0.0,0.09907747060060501,False,False,0.0,0.0,0.0,[],0.0,0.0,0,0.0,0,2.5420000042686297e-06
mlp_aco,2,8395,88,10,3,0.0,0.0,0.0,0.0,0.43936213850975037,False,False,0.0,0.0,0.0,[],0.0,0.0,0,0.0,0,2.5420000042686297e-06
mlp_aco,2,8395,88,10,4,0.0,0.0,0.0,0.0,0.20313307642936707,False,False,0.0,0.0,0.0,[],0.0,0.0,0,0.0,0,2.5420000042686297e-06
mlp_aco,2,8396,88,11,1,12.0,67.0,79.0,0.395,0.43473291397094727,False,False,0.0,79.0,0.0,[],0.0,0.0,0,0.0,0,4.540999981372806e-06
mlp_aco,2,8396,88,11,2,0.0,0.0,0.0,0.0,0.09907747060060501,False,False,0.0,0.0,0.0,[],0.0,0.0,0,0.0,0,4.540999981372806e-06
mlp_aco,2,8396,88,11,3,0.0,0.0,0.0,0.0,0.43936213850975037,False,False,0.0,0.0,0.0,[],0.0,0.0,0,0.0,0,4.540999981372806e-06
mlp_aco,2,8396,88,11,4,0.0,0.0,0.0,0.0,0.20313307642936707,False,False,0.0,0.0,0.0,[],0.0,0.0,0,0.0,0,4.540999981372806e-06
mlp_aco,2,8397,88,11,1,13.0,79.0,92.0,0.46,0.6031804084777832,False,False,0.0,92.0,0.0,[],0.0,0.0,0,0.0,0,2.5420000042686297e-06
mlp_aco,2,8397,88,11,2,0.0,0.0,0.0,0.0,0.09907747060060501,False,False,0.0,0.0,0.0,[],0.0,0.0,0,0.0,0,2.5420000042686297e-06
mlp_aco,2,8397,88,11,3,0.0,0.0,0.0,0.0,0.43936213850975037,False,False,0.0,0.0,0.0,[],0.0,0.0,0,0.0,0,2.5420000042686297e-06
mlp_aco,2,8397,88,11,4,0.0,0.0,0.0,0.0,0.20313307642936707,False,False,0.0,0.0,0.0,[],0.0,0.0,0,0.0,0,2.5420000042686297e-06
mlp_aco,2,8398,88,11,1,19.0,92.0,111.0,0.555,0.9715973734855652,True,True,30.0,81.0,0.0,[1],10.0,10.0,1,10.0,0,0.011533874999997806
mlp_aco,2,8398,88,11,2,0.0,0.0,0.0,0.0,0.09907747060060501,False,False,0.0,0.0,0.0,[],10.0,10.0,1,10.0,0,0.011533874999997806
mlp_aco,2,8398,88,11,3,0.0,0.0,0.0,0.0,0.43936213850975037,False,False,0.0,0.0,0.0,[],10.0,10.0,1,10.0,0,0.011533874999997806
mlp_aco,2,8398,88,11,4,0.0,0.0,0.0,0.0,0.20313307642936707,False,False,0.0,0.0,0.0,[],10.0,10.0,1,10.0,0,0.011533874999997806
mlp_aco,2,8399,88,11,1,40.0,81.0,121.0,0.605,0.9999852776527405,True,True,30.0,91.0,0.0,[1],10.0,10.0,1,10.0,0,0.011122416000006297
mlp_aco,2,8399,88,11,2,0.0,0.0,0.0,0.0,0.09907747060060501,False,False,0.0,0.0,0.0,[],10.0,10.0,1,10.0,0,0.011122416000006297
mlp_aco,2,8399,88,11,3,0.0,0.0,0.0,0.0,0.43936213850975037,False,False,0.0,0.0,0.0,[],10.0,10.0,1,10.0,0,0.011122416000006297
mlp_aco,2,8399,88,11,4,0.0,0.0,0.0,0.0,0.20313307642936707,False,False,0.0,0.0,0.0,[],10.0,10.0,1,10.0,0,0.011122416000006297
mlp_aco,2,8400,88,12,1,47.0,91.0,138.0,0.69,0.9999998211860657,True,True,30.0,108.0,0.0,[1],10.0,10.0,1,10.0,0,0.011164417000003368
mlp_aco,2,8400,88,12,2,0.0,0.0,0.0,0.0,0.09907747060060501,False,False,0.0,0.0,0.0,[],10.0,10.0,1,10.0,0,0.011164417000003368
mlp_aco,2,8400,88,12,3,0.0,0.0,0.0,0.0,0.43936213850975037,False,False,0.0,0.0,0.0,[],10.0,10.0,1,10.0,0,0.011164417000003368
mlp_aco,2,8400,88,12,4,0.0,0.0,0.0,0.0,0.20313307642936707,False,False,0.0,0.0,0.0,[],10.0,10.0,1,10.0,0,0.011164417000003368
mlp_aco,2,8401,88,12,1,39.0,108.0,147.0,0.735,0.9999992847442627,True,True,30.0,117.0,0.0,[1],10.0,10.0,1,10.0,0,0.011670500000008133
mlp_aco,2,8401,88,12,2,0.0,0.0,0.0,0.0,0.09907747060060501,False,False,0.0,0.0,0.0,[],10.0,10.0,1,10.0,0,0.011670500000008133
mlp_aco,2,8401,88,12,3,0.0,0.0,0.0,0.0,0.43936213850975037,False,False,0.0,0.0,0.0,[],10.0,10.0,1,10.0,0,0.011670500000008133
mlp_aco,2,8401,88,12,4,0.0,0.0,0.0,0.0,0.20313307642936707,False,False,0.0,0.0,0.0,[],10.0,10.0,1,10.0,0,0.011670500000008133
mlp_aco,2,8402,88,12,1,60.0,117.0,177.0,0.885,1.0,True,True,30.0,147.0,0.0,[1],10.0,10.0,1,10.0,0,0.011164707999995471
mlp_aco,2,8402,88,12,2,0.0,0.0,0.0,0.0,0.09907747060060501,False,False,0.0,0.0,0.0,[],10.0,10.0,1,10.0,0,0.011164707999995471
mlp_aco,2,8402,88,12,3,0.0,0.0,0.0,0.0,0.43936213850975037,False,False,0.0,0.0,0.0,[],10.0,10.0,1,10.0,0,0.011164707999995471
mlp_aco,2,8402,88,12,4,0.0,0.0,0.0,0.0,0.20313307642936707,False,False,0.0,0.0,0.0,[],10.0,10.0,1,10.0,0,0.011164707999995471
mlp_aco,2,8403,88,12,1,82.0,147.0,229.0,1.145,1.0,True,True,30.0,199.0,0.0,[1],10.0,10.0,1,10.0,0,0.011473499999993919
mlp_aco,2,8403,88,12,2,0.0,0.0,0.0,0.0,0.09907747060060501,False,False,0.0,0.0,0.0,[],10.0,10.0,1,10.0,0,0.011473499999993919
mlp_aco,2,8403,88,12,3,0.0,0.0,0.0,0.0,0.43936213850975037,False,False,0.0,0.0,0.0,[],10.0,10.0,1,10.0,0,0.011473499999993919
mlp_aco,2,8403,88,12,4,0.0,0.0,0.0,0.0,0.20313307642936707,False,False,0.0,0.0,0.0,[],10.0,10.0,1,10.0,0,0.011473499999993919
mlp_aco,2,8404,88,13,1,93.0,199.0,292.0,1.46,1.0,True,True,30.0,200.0,62.0,[1],10.0,10.0,1,10.0,0,0.011374041000010493
mlp_aco,2,8404,88,13,2,0.0,0.0,0.0,0.0,0.09907747060060501,False,False,0.0,0.0,0.0,[],10.0,10.0,1,10.0,0,0.011374041000010493
mlp_aco,2,8404,88,13,3,0.0,0.0,0.0,0.0,0.43936213850975037,False,False,0.0,0.0,0.0,[],10.0,10.0,1,10.0,0,0.011374041000010493
mlp_aco,2,8404,88,13,4,0.0,0.0,0.0,0.0,0.20313307642936707,False,False,0.0,0.0,0.0,[],10.0,10.0,1,10.0,0,0.011374041000010493
mlp_aco,2,8405,88,13,1,94.0,200.0,294.0,1.47,1.0,True,True,30.0,200.0,64.0,[1],10.0,10.0,1,10.0,0,0.010856166999985817
mlp_aco,2,8405,88,13,2,0.0,0.0,0.0,0.0,0.09907747060060501,False,False,0.0,0.0,0.0,[],10.0,10.0,1,10.0,0,0.010856166999985817
mlp_aco,2,8405,88,13,3,0.0,0.0,0.0,0.0,0.43936213850975037,False,False,0.0,0.0,0.0,[],10.0,10.0,1,10.0,0,0.010856166999985817
mlp_aco,2,8405,88,13,4,0.0,0.0,0.0,0.0,0.20313307642936707,False,False,0.0,0.0,0.0,[],10.0,10.0,1,10.0,0,0.010856166999985817
mlp_aco,2,8406,88,13,1,80.0,200.0,280.0,1.4,1.0,True,True,30.0,200.0,50.0,[1],10.0,10.0,1,10.0,0,0.011245624999986603
mlp_aco,2,8406,88,13,2,0.0,0.0,0.0,0.0,0.09907747060060501,False,False,0.0,0.0,0.0,[],10.0,10.0,1,10.0,0,0.011245624999986603
mlp_aco,2,8406,88,13,3,0.0,0.0,0.0,0.0,0.43936213850975037,False,False,0.0,0.0,0.0,[],10.0,10.0,1,10.0,0,0.011245624999986603
mlp_aco,2,8406,88,13,4,0.0,0.0,0.0,0.0,0.20313307642936707,False,False,0.0,0.0,0.0,[],10.0,10.0,1,10.0,0,0.011245624999986603
mlp_aco,2,8407,88,13,1,62.0,200.0,262.0,1.31,1.0,True,True,30.0,200.0,32.0,[1],10.0,10.0,1,10.0,0,0.01119662499999663
mlp_aco,2,8407,88,13,2,0.0,0.0,0.0,0.0,0.09907747060060501,False,False,0.0,0.0,0.0,[],10.0,10.0,1,10.0,0,0.01119662499999663
mlp_aco,2,8407,88,13,3,0.0,0.0,0.0,0.0,0.43936213850975037,False,False,0.0,0.0,0.0,[],10.0,10.0,1,10.0,0,0.01119662499999663
mlp_aco,2,8407,88,13,4,0.0,0.0,0.0,0.0,0.20313307642936707,False,False,0.0,0.0,0.0,[],10.0,10.0,1,10.0,0,0.01119662499999663
mlp_aco,2,8408,88,14,1,56.0,200.0,256.0,1.28,1.0,True,True,30.0,200.0,26.0,[1],10.0,10.0,1,10.0,0,0.011250874999973348
mlp_aco,2,8408,88,14,2,0.0,0.0,0.0,0.0,0.09907747060060501,False,False,0.0,0.0,0.0,[],10.0,10.0,1,10.0,0,0.011250874999973348
mlp_aco,2,8408,88,14,3,0.0,0.0,0.0,0.0,0.43936213850975037,False,False,0.0,0.0,0.0,[],10.0,10.0,1,10.0,0,0.011250874999973348
mlp_aco,2,8408,88,14,4,0.0,0.0,0.0,0.0,0.20313307642936707,False,False,0.0,0.0,0.0,[],10.0,10.0,1,10.0,0,0.011250874999973348
mlp_aco,2,8409,88,14,1,52.0,200.0,252.0,1.26,1.0,True,True,30.0,200.0,22.0,[1],10.0,10.0,1,10.0,0,0.011391416999998683
mlp_aco,2,8409,88,14,2,0.0,0.0,0.0,0.0,0.09907747060060501,False,False,0.0,0.0,0.0,[],10.0,10.0,1,10.0,0,0.011391416999998683
mlp_aco,2,8409,88,14,3,0.0,0.0,0.0,0.0,0.43936213850975037,False,False,0.0,0.0,0.0,[],10.0,10.0,1,10.0,0,0.011391416999998683
mlp_aco,2,8409,88,14,4,0.0,0.0,0.0,0.0,0.20313307642936707,False,False,0.0,0.0,0.0,[],10.0,10.0,1,10.0,0,0.011391416999998683
mlp_aco,2,8410,88,14,1,39.0,200.0,239.0,1.195,1.0,True,True,30.0,200.0,9.0,[1],10.0,10.0,1,10.0,0,0.010957499999989295
mlp_aco,2,8410,88,14,2,0.0,0.0,0.0,0.0,0.09907747060060501,False,False,0.0,0.0,0.0,[],10.0,10.0,1,10.0,0,0.010957499999989295
mlp_aco,2,8410,88,14,3,0.0,0.0,0.0,0.0,0.43936213850975037,False,False,0.0,0.0,0.0,[],10.0,10.0,1,10.0,0,0.010957499999989295
mlp_aco,2,8410,88,14,4,0.0,0.0,0.0,0.0,0.20313307642936707,False,False,0.0,0.0,0.0,[],10.0,10.0,1,10.0,0,0.010957499999989295
mlp_aco,2,8411,88,14,1,29.0,200.0,229.0,1.145,1.0,True,True,30.0,199.0,0.0,[1],10.0,10.0,1,10.0,0,0.010932333999988941
mlp_aco,2,8411,88,14,2,0.0,0.0,0.0,0.0,0.09907747060060501,False,False,0.0,0.0,0.0,[],10.0,10.0,1,10.0,0,0.010932333999988941
mlp_aco,2,8411,88,14,3,0.0,0.0,0.0,0.0,0.43936213850975037,False,False,0.0,0.0,0.0,[],10.0,10.0,1,10.0,0,0.010932333999988941
mlp_aco,2,8411,88,14,4,0.0,0.0,0.0,0.0,0.20313307642936707,False,False,0.0,0.0,0.0,[],10.0,10.0,1,10.0,0,0.010932333999988941
mlp_aco,2,8412,88,15,1,29.0,199.0,228.0,1.14,1.0,True,True,30.0,198.0,0.0,[1],10.0,10.0,1,10.0,0,0.010730917000017826
mlp_aco,2,8412,88,15,2,0.0,0.0,0.0,0.0,0.09907747060060501,False,False,0.0,0.0,0.0,[],10.0,10.0,1,10.0,0,0.010730917000017826
mlp_aco,2,8412,88,15,3,0.0,0.0,0.0,0.0,0.43936213850975037,False,False,0.0,0.0,0.0,[],10.0,10.0,1,10.0,0,0.010730917000017826
mlp_aco,2,8412,88,15,4,0.0,0.0,0.0,0.0,0.20313307642936707,False,False,0.0,0.0,0.0,[],10.0,10.0,1,10.0,0,0.010730917000017826
mlp_aco,2,8413,88,15,1,30.0,198.0,228.0,1.14,1.0,True,True,30.0,198.0,0.0,[1],10.0,10.0,1,10.0,0,0.01088699999999676
mlp_aco,2,8413,88,15,2,0.0,0.0,0.0,0.0,0.09907747060060501,False,False,0.0,0.0,0.0,[],10.0,10.0,1,10.0,0,0.01088699999999676
mlp_aco,2,8413,88,15,3,0.0,0.0,0.0,0.0,0.43936213850975037,False,False,0.0,0.0,0.0,[],10.0,10.0,1,10.0,0,0.01088699999999676
mlp_aco,2,8413,88,15,4,0.0,0.0,0.0,0.0,0.20313307642936707,False,False,0.0,0.0,0.0,[],10.0,10.0,1,10.0,0,0.01088699999999676
mlp_aco,2,8414,88,15,1,27.0,198.0,225.0,1.125,1.0,True,True,30.0,195.0,0.0,[1],10.0,10.0,1,10.0,0,0.010659209000010605
mlp_aco,2,8414,88,15,2,0.0,0.0,0.0,0.0,0.09907747060060501,False,False,0.0,0.0,0.0,[],10.0,10.0,1,10.0,0,0.010659209000010605
mlp_aco,2,8414,88,15,3,0.0,0.0,0.0,0.0,0.43936213850975037,False,False,0.0,0.0,0.0,[],10.0,10.0,1,10.0,0,0.010659209000010605
mlp_aco,2,8414,88,15,4,0.0,0.0,0.0,0.0,0.20313307642936707,False,False,0.0,0.0,0.0,[],10.0,10.0,1,10.0,0,0.010659209000010605
mlp_aco,2,8415,88,15,1,21.0,195.0,216.0,1.08,1.0,True,True,30.0,186.0,0.0,[1],10.0,10.0,1,10.0,0,0.011347541999981559
mlp_aco,2,8415,88,15,2,0.0,0.0,0.0,0.0,0.09907747060060501,False,False,0.0,0.0,0.0,[],10.0,10.0,1,10.0,0,0.011347541999981559
mlp_aco,2,8415,88,15,3,0.0,0.0,0.0,0.0,0.43936213850975037,False,False,0.0,0.0,0.0,[],10.0,10.0,1,10.0,0,0.011347541999981559
mlp_aco,2,8415,88,15,4,0.0,0.0,0.0,0.0,0.20313307642936707,False,False,0.0,0.0,0.0,[],10.0,10.0,1,10.0,0,0.011347541999981559
mlp_aco,2,8416,88,16,1,21.0,186.0,207.0,1.035,1.0,True,True,30.0,177.0,0.0,[1],10.0,10.0,1,10.0,0,0.011618625000011207
mlp_aco,2,8416,88,16,2,0.0,0.0,0.0,0.0,0.09907747060060501,False,False,0.0,0.0,0.0,[],10.0,10.0,1,10.0,0,0.011618625000011207
mlp_aco,2,8416,88,16,3,0.0,0.0,0.0,0.0,0.43936213850975037,False,False,0.0,0.0,0.0,[],10.0,10.0,1,10.0,0,0.011618625000011207
mlp_aco,2,8416,88,16,4,0.0,0.0,0.0,0.0,0.20313307642936707,False,False,0.0,0.0,0.0,[],10.0,10.0,1,10.0,0,0.011618625000011207
mlp_aco,2,8417,88,16,1,20.0,177.0,197.0,0.985,1.0,True,True,30.0,167.0,0.0,[1],10.0,10.0,1,10.0,0,0.011185417000007192
mlp_aco,2,8417,88,16,2,0.0,0.0,0.0,0.0,0.09907747060060501,False,False,0.0,0.0,0.0,[],10.0,10.0,1,10.0,0,0.011185417000007192
mlp_aco,2,8417,88,16,3,0.0,0.0,0.0,0.0,0.43936213850975037,False,False,0.0,0.0,0.0,[],10.0,10.0,1,10.0,0,0.011185417000007192
mlp_aco,2,8417,88,16,4,0.0,0.0,0.0,0.0,0.20313307642936707,False,False,0.0,0.0,0.0,[],10.0,10.0,1,10.0,0,0.011185417000007192
mlp_aco,2,8418,88,16,1,21.0,167.0,188.0,0.94,1.0,True,True,30.0,158.0,0.0,[1],10.0,10.0,1,10.0,0,0.011280624999983502
mlp_aco,2,8418,88,16,2,0.0,0.0,0.0,0.0,0.09907747060060501,False,False,0.0,0.0,0.0,[],10.0,10.0,1,10.0,0,0.011280624999983502
mlp_aco,2,8418,88,16,3,0.0,0.0,0.0,0.0,0.43936213850975037,False,False,0.0,0.0,0.0,[],10.0,10.0,1,10.0,0,0.011280624999983502
mlp_aco,2,8418,88,16,4,0.0,0.0,0.0,0.0,0.20313307642936707,False,False,0.0,0.0,0.0,[],10.0,10.0,1,10.0,0,0.011280624999983502
mlp_aco,2,8419,88,16,1,21.0,158.0,179.0,0.895,0.9999997019767761,True,True,30.0,149.0,0.0,[1],10.0,10.0,1,10.0,0,0.011590374999997266
mlp_aco,2,8419,88,16,2,0.0,0.0,0.0,0.0,0.09907747060060501,False,False,0.0,0.0,0.0,[],10.0,10.0,1,10.0,0,0.011590374999997266
mlp_aco,2,8419,88,16,3,0.0,0.0,0.0,0.0,0.43936213850975037,False,False,0.0,0.0,0.0,[],10.0,10.0,1,10.0,0,0.011590374999997266
mlp_aco,2,8419,88,16,4,0.0,0.0,0.0,0.0,0.20313307642936707,False,False,0.0,0.0,0.0,[],10.0,10.0,1,10.0,0,0.011590374999997266
mlp_aco,2,8420,88,17,1,21.0,149.0,170.0,0.85,0.999997079372406,True,True,30.0,140.0,0.0,[1],10.0,10.0,1,10.0,0,0.011175041999990754
mlp_aco,2,8420,88,17,2,0.0,0.0,0.0,0.0,0.09907747060060501,False,False,0.0,0.0,0.0,[],10.0,10.0,1,10.0,0,0.011175041999990754
mlp_aco,2,8420,88,17,3,0.0,0.0,0.0,0.0,0.43936213850975037,False,False,0.0,0.0,0.0,[],10.0,10.0,1,10.0,0,0.011175041999990754
mlp_aco,2,8420,88,17,4,0.0,0.0,0.0,0.0,0.20313307642936707,False,False,0.0,0.0,0.0,[],10.0,10.0,1,10.0,0,0.011175041999990754
mlp_aco,2,8421,88,17,1,21.0,140.0,161.0,0.805,0.9999701976776123,True,True,30.0,131.0,0.0,[1],10.0,10.0,1,10.0,0,0.010642042000000629
mlp_aco,2,8421,88,17,2,0.0,0.0,0.0,0.0,0.09907747060060501,False,False,0.0,0.0,0.0,[],10.0,10.0,1,10.0,0,0.010642042000000629
mlp_aco,2,8421,88,17,3,0.0,0.0,0.0,0.0,0.43936213850975037,False,False,0.0,0.0,0.0,[],10.0,10.0,1,10.0,0,0.010642042000000629
mlp_aco,2,8421,88,17,4,0.0,0.0,0.0,0.0,0.20313307642936707,False,False,0.0,0.0,0.0,[],10.0,10.0,1,10.0,0,0.010642042000000629
mlp_aco,2,8422,88,17,1,21.0,131.0,152.0,0.76,0.999771237373352,True,True,30.0,122.0,0.0,[1],10.0,10.0,1,10.0,0,0.010758250000009184
mlp_aco,2,8422,88,17,2,0.0,0.0,0.0,0.0,0.09907747060060501,False,False,0.0,0.0,0.0,[],10.0,10.0,1,10.0,0,0.010758250000009184
mlp_aco,2,8422,88,17,3,0.0,0.0,0.0,0.0,0.43936213850975037,False,False,0.0,0.0,0.0,[],10.0,10.0,1,10.0,0,0.010758250000009184
mlp_aco,2,8422,88,17,4,0.0,0.0,0.0,0.0,0.20313307642936707,False,False,0.0,0.0,0.0,[],10.0,10.0,1,10.0,0,0.010758250000009184
mlp_aco,2,8423,88,17,1,21.0,122.0,143.0,0.715,0.9992659687995911,True,True,30.0,113.0,0.0,[1],10.0,10.0,1,10.0,0,0.010580833000005896
mlp_aco,2,8423,88,17,2,0.0,0.0,0.0,0.0,0.09907747060060501,False,False,0.0,0.0,0.0,[],10.0,10.0,1,10.0,0,0.010580833000005896
mlp_aco,2,8423,88,17,3,0.0,0.0,0.0,0.0,0.43936213850975037,False,False,0.0,0.0,0.0,[],10.0,10.0,1,10.0,0,0.010580833000005896
mlp_aco,2,8423,88,17,4,0.0,0.0,0.0,0.0,0.20313307642936707,False,False,0.0,0.0,0.0,[],10.0,10.0,1,10.0,0,0.010580833000005896
mlp_aco,2,8424,88,18,1,19.0,113.0,132.0,0.66,0.9956069588661194,True,True,30.0,102.0,0.0,[1],10.0,10.0,1,10.0,0,0.010440625000001091
mlp_aco,2,8424,88,18,2,0.0,0.0,0.0,0.0,0.09907747060060501,False,False,0.0,0.0,0.0,[],10.0,10.0,1,10.0,0,0.010440625000001091
mlp_aco,2,8424,88,18,3,0.0,0.0,0.0,0.0,0.43936213850975037,False,False,0.0,0.0,0.0,[],10.0,10.0,1,10.0,0,0.010440625000001091
mlp_aco,2,8424,88,18,4,0.0,0.0,0.0,0.0,0.20313307642936707,False,False,0.0,0.0,0.0,[],10.0,10.0,1,10.0,0,0.010440625000001091
mlp_aco,2,8425,88,18,1,20.0,102.0,122.0,0.61,0.9921177625656128,True,True,30.0,92.0,0.0,[1],10.0,10.0,1,10.0,0,0.01008491700000036
mlp_aco,2,8425,88,18,2,0.0,0.0,0.0,0.0,0.09907747060060501,False,False,0.0,0.0,0.0,[],10.0,10.0,1,10.0,0,0.01008491700000036
mlp_aco,2,8425,88,18,3,0.0,0.0,0.0,0.0,0.43936213850975037,False,False,0.0,0.0,0.0,[],10.0,10.0,1,10.0,0,0.01008491700000036
mlp_aco,2,8425,88,18,4,0.0,0.0,0.0,0.0,0.20313307642936707,False,False,0.0,0.0,0.0,[],10.0,10.0,1,10.0,0,0.01008491700000036
mlp_aco,2,8426,88,18,1,18.0,92.0,110.0,0.55,0.9574769735336304,True,True,30.0,80.0,0.0,[1],10.0,10.0,1,10.0,0,0.010453541999993377
mlp_aco,2,8426,88,18,2,0.0,0.0,0.0,0.0,0.09907747060060501,False,False,0.0,0.0,0.0,[],10.0,10.0,1,10.0,0,0.010453541999993377
mlp_aco,2,8426,88,18,3,0.0,0.0,0.0,0.0,0.43936213850975037,False,False,0.0,0.0,0.0,[],10.0,10.0,1,10.0,0,0.010453541999993377
mlp_aco,2,8426,88,18,4,0.0,0.0,0.0,0.0,0.20313307642936707,False,False,0.0,0.0,0.0,[],10.0,10.0,1,10.0,0,0.010453541999993377
mlp_aco,2,8427,88,18,1,18.0,80.0,98.0,0.49,0.9108101725578308,True,True,30.0,68.0,0.0,[1],10.0,10.0,1,10.0,0,0.009684875000004922
mlp_aco,2,8427,88,18,2,0.0,0.0,0.0,0.0,0.09907747060060501,False,False,0.0,0.0,0.0,[],10.0,10.0,1,10.0,0,0.009684875000004922
mlp_aco,2,8427,88,18,3,0.0,0.0,0.0,0.0,0.43936213850975037,False,False,0.0,0.0,0.0,[],10.0,10.0,1,10.0,0,0.009684875000004922
mlp_aco,2,8427,88,18,4,0.0,0.0,0.0,0.0,0.20313307642936707,False,False,0.0,0.0,0.0,[],10.0,10.0,1,10.0,0,0.009684875000004922
mlp_aco,2,8428,88,19,1,18.0,68.0,86.0,0.43,0.8684365153312683,True,True,30.0,56.0,0.0,[1],10.0,10.0,1,10.0,0,0.009624375000015561
mlp_aco,2,8428,88,19,2,0.0,0.0,0.0,0.0,0.09907747060060501,False,False,0.0,0.0,0.0,[],10.0,10.0,1,10.0,0,0.009624375000015561
mlp_aco,2,8428,88,19,3,0.0,0.0,0.0,0.0,0.43936213850975037,False,False,0.0,0.0,0.0,[],10.0,10.0,1,10.0,0,0.009624375000015561
mlp_aco,2,8428,88,19,4,0.0,0.0,0.0,0.0,0.20313307642936707,False,False,0.0,0.0,0.0,[],10.0,10.0,1,10.0,0,0.009624375000015561
mlp_aco,2,8429,88,19,1,18.0,56.0,74.0,0.37,0.7865976095199585,True,True,30.0,44.0,0.0,[1],10.0,10.0,1,10.0,0,0.0097763329999907
mlp_aco,2,8429,88,19,2,0.0,0.0,0.0,0.0,0.09907747060060501,False,False,0.0,0.0,0.0,[],10.0,10.0,1,10.0,0,0.0097763329999907
mlp_aco,2,8429,88,19,3,0.0,0.0,0.0,0.0,0.43936213850975037,False,False,0.0,0.0,0.0,[],10.0,10.0,1,10.0,0,0.0097763329999907
mlp_aco,2,8429,88,19,4,0.0,0.0,0.0,0.0,0.20313307642936707,False,False,0.0,0.0,0.0,[],10.0,10.0,1,10.0,0,0.0097763329999907
mlp_aco,2,8430,88,19,1,18.0,44.0,62.0,0.31,0.6797449588775635,False,False,0.0,62.0,0.0,[],0.0,0.0,0,0.0,0,3.4999999911633495e-06
mlp_aco,2,8430,88,19,2,0.0,0.0,0.0,0.0,0.09907747060060501,False,False,0.0,0.0,0.0,[],0.0,0.0,0,0.0,0,3.4999999911633495e-06
mlp_aco,2,8430,88,19,3,0.0,0.0,0.0,0.0,0.43936213850975037,False,False,0.0,0.0,0.0,[],0.0,0.0,0,0.0,0,3.4999999911633495e-06
mlp_aco,2,8430,88,19,4,0.0,0.0,0.0,0.0,0.20313307642936707,False,False,0.0,0.0,0.0,[],0.0,0.0,0,0.0,0,3.4999999911633495e-06
mlp_aco,2,8431,88,19,1,18.0,62.0,80.0,0.4,0.8342114686965942,True,True,30.0,50.0,0.0,[1],10.0,10.0,1,10.0,0,0.009690332999980455
mlp_aco,2,8431,88,19,2,0.0,0.0,0.0,0.0,0.09907747060060501,False,False,0.0,0.0,0.0,[],10.0,10.0,1,10.0,0,0.009690332999980455
mlp_aco,2,8431,88,19,3,0.0,0.0,0.0,0.0,0.43936213850975037,False,False,0.0,0.0,0.0,[],10.0,10.0,1,10.0,0,0.009690332999980455
mlp_aco,2,8431,88,19,4,0.0,0.0,0.0,0.0,0.20313307642936707,False,False,0.0,0.0,0.0,[],10.0,10.0,1,10.0,0,0.009690332999980455
mlp_aco,2,8432,88,20,1,18.0,50.0,68.0,0.34,0.7350651621818542,True,True,30.0,38.0,0.0,[1],10.0,10.0,1,10.0,0,0.011851667000001953
mlp_aco,2,8432,88,20,2,0.0,0.0,0.0,0.0,0.09907747060060501,False,False,0.0,0.0,0.0,[],10.0,10.0,1,10.0,0,0.011851667000001953
mlp_aco,2,8432,88,20,3,0.0,0.0,0.0,0.0,0.43936213850975037,False,False,0.0,0.0,0.0,[],10.0,10.0,1,10.0,0,0.011851667000001953
mlp_aco,2,8432,88,20,4,0.0,0.0,0.0,0.0,0.20313307642936707,False,False,0.0,0.0,0.0,[],10.0,10.0,1,10.0,0,0.011851667000001953
mlp_aco,2,8433,88,20,1,17.0,38.0,55.0,0.275,0.5561691522598267,False,False,0.0,55.0,0.0,[],0.0,0.0,0,0.0,0,5.000000015797923e-06
mlp_aco,2,8433,88,20,2,0.0,0.0,0.0,0.0,0.09907747060060501,False,False,0.0,0.0,0.0,[],0.0,0.0,0,0.0,0,5.000000015797923e-06
mlp_aco,2,8433,88,20,3,0.0,0.0,0.0,0.0,0.43936213850975037,False,False,0.0,0.0,0.0,[],0.0,0.0,0,0.0,0,5.000000015797923e-06
mlp_aco,2,8433,88,20,4,0.0,0.0,0.0,0.0,0.20313307642936707,False,False,0.0,0.0,0.0,[],0.0,0.0,0,0.0,0,5.000000015797923e-06
mlp_aco,2,8434,88,20,1,18.0,55.0,73.0,0.365,0.7822102308273315,True,True,30.0,43.0,0.0,[1],10.0,10.0,1,10.0,0,0.010559124999986125
mlp_aco,2,8434,88,20,2,0.0,0.0,0.0,0.0,0.09907747060060501,False,False,0.0,0.0,0.0,[],10.0,10.0,1,10.0,0,0.010559124999986125
mlp_aco,2,8434,88,20,3,0.0,0.0,0.0,0.0,0.43936213850975037,False,False,0.0,0.0,0.0,[],10.0,10.0,1,10.0,0,0.010559124999986125
mlp_aco,2,8434,88,20,4,0.0,0.0,0.0,0.0,0.20313307642936707,False,False,0.0,0.0,0.0,[],10.0,10.0,1,10.0,0,0.010559124999986125
mlp_aco,2,8435,88,20,1,17.0,43.0,60.0,0.3,0.5884582996368408,False,False,0.0,60.0,0.0,[],0.0,0.0,0,0.0,0,3.125000006320988e-06
mlp_aco,2,8435,88,20,2,0.0,0.0,0.0,0.0,0.09907747060060501,False,False,0.0,0.0,0.0,[],0.0,0.0,0,0.0,0,3.125000006320988e-06
mlp_aco,2,8435,88,20,3,0.0,0.0,0.0,0.0,0.43936213850975037,False,False,0.0,0.0,0.0,[],0.0,0.0,0,0.0,0,3.125000006320988e-06
mlp_aco,2,8435,88,20,4,0.0,0.0,0.0,0.0,0.20313307642936707,False,False,0.0,0.0,0.0,[],0.0,0.0,0,0.0,0,3.125000006320988e-06
mlp_aco,2,8436,88,21,1,10.0,60.0,70.0,0.35,0.31101834774017334,False,False,0.0,70.0,0.0,[],0.0,0.0,0,0.0,0,3.125000006320988e-06
mlp_aco,2,8436,88,21,2,0.0,0.0,0.0,0.0,0.09907747060060501,False,False,0.0,0.0,0.0,[],0.0,0.0,0,0.0,0,3.125000006320988e-06
mlp_aco,2,8436,88,21,3,0.0,0.0,0.0,0.0,0.43936213850975037,False,False,0.0,0.0,0.0,[],0.0,0.0,0,0.0,0,3.125000006320988e-06
mlp_aco,2,8436,88,21,4,0.0,0.0,0.0,0.0,0.20313307642936707,False,False,0.0,0.0,0.0,[],0.0,0.0,0,0.0,0,3.125000006320988e-06
mlp_aco,2,8437,88,21,1,10.0,70.0,80.0,0.4,0.349406361579895,False,False,0.0,80.0,0.0,[],0.0,0.0,0,0.0,0,2.3749999797928467e-06
mlp_aco,2,8437,88,21,2,0.0,0.0,0.0,0.0,0.09907747060060501,False,False,0.0,0.0,0.0,[],0.0,0.0,0,0.0,0,2.3749999797928467e-06
mlp_aco,2,8437,88,21,3,0.0,0.0,0.0,0.0,0.43936213850975037,False,False,0.0,0.0,0.0,[],0.0,0.0,0,0.0,0,2.3749999797928467e-06
mlp_aco,2,8437,88,21,4,0.0,0.0,0.0,0.0,0.20313307642936707,False,False,0.0,0.0,0.0,[],0.0,0.0,0,0.0,0,2.3749999797928467e-06
mlp_aco,2,8438,88,21,1,10.0,80.0,90.0,0.45,0.3917006552219391,False,False,0.0,90.0,0.0,[],0.0,0.0,0,0.0,0,3.0829999957404652e-06
mlp_aco,2,8438,88,21,2,0.0,0.0,0.0,0.0,0.09907747060060501,False,False,0.0,0.0,0.0,[],0.0,0.0,0,0.0,0,3.0829999957404652e-06
mlp_aco,2,8438,88,21,3,0.0,0.0,0.0,0.0,0.43936213850975037,False,False,0.0,0.0,0.0,[],0.0,0.0,0,0.0,0,3.0829999957404652e-06
mlp_aco,2,8438,88,21,4,0.0,0.0,0.0,0.0,0.20313307642936707,False,False,0.0,0.0,0.0,[],0.0,0.0,0,0.0,0,3.0829999957404652e-06
mlp_aco,2,8439,88,21,1,10.0,90.0,100.0,0.5,0.48575979471206665,False,False,0.0,100.0,0.0,[],0.0,0.0,0,0.0,0,2.4580000115292933e-06
mlp_aco,2,8439,88,21,2,0.0,0.0,0.0,0.0,0.09907747060060501,False,False,0.0,0.0,0.0,[],0.0,0.0,0,0.0,0,2.4580000115292933e-06
mlp_aco,2,8439,88,21,3,0.0,0.0,0.0,0.0,0.43936213850975037,False,False,0.0,0.0,0.0,[],0.0,0.0,0,0.0,0,2.4580000115292933e-06
mlp_aco,2,8439,88,21,4,0.0,0.0,0.0,0.0,0.20313307642936707,False,False,0.0,0.0,0.0,[],0.0,0.0,0,0.0,0,2.4580000115292933e-06
mlp_aco,2,8440,88,22,1,10.0,100.0,110.0,0.55,0.6120091080665588,False,False,0.0,110.0,0.0,[],0.0,0.0,0,0.0,0,4.208000007110968e-06
mlp_aco,2,8440,88,22,2,0.0,0.0,0.0,0.0,0.09907747060060501,False,False,0.0,0.0,0.0,[],0.0,0.0,0,0.0,0,4.208000007110968e-06
mlp_aco,2,8440,88,22,3,0.0,0.0,0.0,0.0,0.43936213850975037,False,False,0.0,0.0,0.0,[],0.0,0.0,0,0.0,0,4.208000007110968e-06
mlp_aco,2,8440,88,22,4,0.0,0.0,0.0,0.0,0.20313307642936707,False,False,0.0,0.0,0.0,[],0.0,0.0,0,0.0,0,4.208000007110968e-06
mlp_aco,2,8441,88,22,1,10.0,110.0,120.0,0.6,0.7777391672134399,True,True,30.0,90.0,0.0,[1],10.0,10.0,1,10.0,0,0.009740875000005644
mlp_aco,2,8441,88,22,2,0.0,0.0,0.0,0.0,0.09907747060060501,False,False,0.0,0.0,0.0,[],10.0,10.0,1,10.0,0,0.009740875000005644
mlp_aco,2,8441,88,22,3,0.0,0.0,0.0,0.0,0.43936213850975037,False,False,0.0,0.0,0.0,[],10.0,10.0,1,10.0,0,0.009740875000005644
mlp_aco,2,8441,88,22,4,0.0,0.0,0.0,0.0,0.20313307642936707,False,False,0.0,0.0,0.0,[],10.0,10.0,1,10.0,0,0.009740875000005644
mlp_aco,2,8442,88,22,1,10.0,90.0,100.0,0.5,0.48575979471206665,False,False,0.0,100.0,0.0,[],0.0,0.0,0,0.0,0,2.7499999930569174e-06
mlp_aco,2,8442,88,22,2,0.0,0.0,0.0,0.0,0.09907747060060501,False,False,0.0,0.0,0.0,[],0.0,0.0,0,0.0,0,2.7499999930569174e-06
mlp_aco,2,8442,88,22,3,0.0,0.0,0.0,0.0,0.43936213850975037,False,False,0.0,0.0,0.0,[],0.0,0.0,0,0.0,0,2.7499999930569174e-06
mlp_aco,2,8442,88,22,4,0.0,0.0,0.0,0.0,0.20313307642936707,False,False,0.0,0.0,0.0,[],0.0,0.0,0,0.0,0,2.7499999930569174e-06
mlp_aco,2,8443,88,22,1,10.0,100.0,110.0,0.55,0.6120091080665588,False,False,0.0,110.0,0.0,[],0.0,0.0,0,0.0,0,3.1659999990552024e-06
mlp_aco,2,8443,88,22,2,0.0,0.0,0.0,0.0,0.09907747060060501,False,False,0.0,0.0,0.0,[],0.0,0.0,0,0.0,0,3.1659999990552024e-06
mlp_aco,2,8443,88,22,3,0.0,0.0,0.0,0.0,0.43936213850975037,False,False,0.0,0.0,0.0,[],0.0,0.0,0,0.0,0,3.1659999990552024e-06
mlp_aco,2,8443,88,22,4,0.0,0.0,0.0,0.0,0.20313307642936707,False,False,0.0,0.0,0.0,[],0.0,0.0,0,0.0,0,3.1659999990552024e-06
mlp_aco,2,8444,88,23,1,10.0,110.0,120.0,0.6,0.7777391672134399,True,True,30.0,90.0,0.0,[1],10.0,10.0,1,10.0,0,0.009825249999977359
mlp_aco,2,8444,88,23,2,0.0,0.0,0.0,0.0,0.09907747060060501,False,False,0.0,0.0,0.0,[],10.0,10.0,1,10.0,0,0.009825249999977359
mlp_aco,2,8444,88,23,3,0.0,0.0,0.0,0.0,0.43936213850975037,False,False,0.0,0.0,0.0,[],10.0,10.0,1,10.0,0,0.009825249999977359
mlp_aco,2,8444,88,23,4,0.0,0.0,0.0,0.0,0.20313307642936707,False,False,0.0,0.0,0.0,[],10.0,10.0,1,10.0,0,0.009825249999977359
mlp_aco,2,8445,88,23,1,10.0,90.0,100.0,0.5,0.48575979471206665,False,False,0.0,100.0,0.0,[],0.0,0.0,0,0.0,0,2.5419999758469203e-06
mlp_aco,2,8445,88,23,2,0.0,0.0,0.0,0.0,0.09907747060060501,False,False,0.0,0.0,0.0,[],0.0,0.0,0,0.0,0,2.5419999758469203e-06
mlp_aco,2,8445,88,23,3,0.0,0.0,0.0,0.0,0.43936213850975037,False,False,0.0,0.0,0.0,[],0.0,0.0,0,0.0,0,2.5419999758469203e-06
mlp_aco,2,8445,88,23,4,0.0,0.0,0.0,0.0,0.20313307642936707,False,False,0.0,0.0,0.0,[],0.0,0.0,0,0.0,0,2.5419999758469203e-06
mlp_aco,2,8446,88,23,1,10.0,100.0,110.0,0.55,0.6120091080665588,False,False,0.0,110.0,0.0,[],0.0,0.0,0,0.0,0,2.999999992425728e-06
mlp_aco,2,8446,88,23,2,0.0,0.0,0.0,0.0,0.09907747060060501,False,False,0.0,0.0,0.0,[],0.0,0.0,0,0.0,0,2.999999992425728e-06
mlp_aco,2,8446,88,23,3,0.0,0.0,0.0,0.0,0.43936213850975037,False,False,0.0,0.0,0.0,[],0.0,0.0,0,0.0,0,2.999999992425728e-06
mlp_aco,2,8446,88,23,4,0.0,0.0,0.0,0.0,0.20313307642936707,False,False,0.0,0.0,0.0,[],0.0,0.0,0,0.0,0,2.999999992425728e-06
mlp_aco,2,8447,88,23,1,10.0,110.0,120.0,0.6,0.7777391672134399,True,True,30.0,90.0,0.0,[1],10.0,10.0,1,10.0,0,0.009770250000002534
mlp_aco,2,8447,88,23,2,0.0,0.0,0.0,0.0,0.09907747060060501,False,False,0.0,0.0,0.0,[],10.0,10.0,1,10.0,0,0.009770250000002534
mlp_aco,2,8447,88,23,3,0.0,0.0,0.0,0.0,0.43936213850975037,False,False,0.0,0.0,0.0,[],10.0,10.0,1,10.0,0,0.009770250000002534
mlp_aco,2,8447,88,23,4,0.0,0.0,0.0,0.0,0.20313307642936707,False,False,0.0,0.0,0.0,[],10.0,10.0,1,10.0,0,0.009770250000002534
mlp_aco,2,8448,89,0,1,37.0,90.0,127.0,0.635,0.9999775886535645,True,True,30.0,97.0,0.0,[1],10.0,10.0,1,10.0,0,0.009501333000002887
mlp_aco,2,8448,89,0,2,0.0,0.0,0.0,0.0,0.09907747060060501,False,False,0.0,0.0,0.0,[],10.0,10.0,1,10.0,0,0.009501333000002887
mlp_aco,2,8448,89,0,3,0.0,0.0,0.0,0.0,0.43936213850975037,False,False,0.0,0.0,0.0,[],10.0,10.0,1,10.0,0,0.009501333000002887
mlp_aco,2,8448,89,0,4,0.0,0.0,0.0,0.0,0.20313307642936707,False,False,0.0,0.0,0.0,[],10.0,10.0,1,10.0,0,0.009501333000002887
mlp_aco,2,8449,89,0,1,43.0,97.0,140.0,0.7,0.999999463558197,True,True,30.0,110.0,0.0,[1],10.0,10.0,1,10.0,0,0.009629541000009567
mlp_aco,2,8449,89,0,2,0.0,0.0,0.0,0.0,0.09907747060060501,False,False,0.0,0.0,0.0,[],10.0,10.0,1,10.0,0,0.009629541000009567
mlp_aco,2,8449,89,0,3,0.0,0.0,0.0,0.0,0.43936213850975037,False,False,0.0,0.0,0.0,[],10.0,10.0,1,10.0,0,0.009629541000009567
mlp_aco,2,8449,89,0,4,0.0,0.0,0.0,0.0,0.20313307642936707,False,False,0.0,0.0,0.0,[],10.0,10.0,1,10.0,0,0.009629541000009567
mlp_aco,2,8450,89,0,1,52.0,110.0,162.0,0.81,1.0,True,True,30.0,132.0,0.0,[1],10.0,10.0,1,10.0,0,0.009451541000004227
mlp_aco,2,8450,89,0,2,0.0,0.0,0.0,0.0,0.09907747060060501,False,False,0.0,0.0,0.0,[],10.0,10.0,1,10.0,0,0.009451541000004227
mlp_aco,2,8450,89,0,3,0.0,0.0,0.0,0.0,0.43936213850975037,False,False,0.0,0.0,0.0,[],10.0,10.0,1,10.0,0,0.009451541000004227
mlp_aco,2,8450,89,0,4,0.0,0.0,0.0,0.0,0.20313307642936707,False,False,0.0,0.0,0.0,[],10.0,10.0,1,10.0,0,0.009451541000004227
mlp_aco,2,8451,89,0,1,50.0,132.0,182.0,0.91,1.0,True,True,30.0,152.0,0.0,[1],10.0,10.0,1,10.0,0,0.009530584000003728
mlp_aco,2,8451,89,0,2,0.0,0.0,0.0,0.0,0.09907747060060501,False,False,0.0,0.0,0.0,[],10.0,10.0,1,10.0,0,0.009530584000003728
mlp_aco,2,8451,89,0,3,0.0,0.0,0.0,0.0,0.43936213850975037,False,False,0.0,0.0,0.0,[],10.0,10.0,1,10.0,0,0.009530584000003728
mlp_aco,2,8451,89,0,4,0.0,0.0,0.0,0.0,0.20313307642936707,False,False,0.0,0.0,0.0,[],10.0,10.0,1,10.0,0,0.009530584000003728
mlp_aco,2,8452,89,1,1,50.0,152.0,202.0,1.01,1.0,True,True,30.0,172.0,0.0,[1],10.0,10.0,1,10.0,0,0.009433999999998832
mlp_aco,2,8452,89,1,2,0.0,0.0,0.0,0.0,0.09907747060060501,False,False,0.0,0.0,0.0,[],10.0,10.0,1,10.0,0,0.009433999999998832
mlp_aco,2,8452,89,1,3,0.0,0.0,0.0,0.0,0.43936213850975037,False,False,0.0,0.0,0.0,[],10.0,10.0,1,10.0,0,0.009433999999998832
mlp_aco,2,8452,89,1,4,0.0,0.0,0.0,0.0,0.20313307642936707,False,False,0.0,0.0,0.0,[],10.0,10.0,1,10.0,0,0.009433999999998832
mlp_aco,2,8453,89,1,1,38.0,172.0,210.0,1.05,1.0,True,True,30.0,180.0,0.0,[1],10.0,10.0,1,10.0,0,0.009570542000005844
mlp_aco,2,8453,89,1,2,0.0,0.0,0.0,0.0,0.09907747060060501,False,False,0.0,0.0,0.0,[],10.0,10.0,1,10.0,0,0.009570542000005844
mlp_aco,2,8453,89,1,3,0.0,0.0,0.0,0.0,0.43936213850975037,False,False,0.0,0.0,0.0,[],10.0,10.0,1,10.0,0,0.009570542000005844
mlp_aco,2,8453,89,1,4,0.0,0.0,0.0,0.0,0.20313307642936707,False,False,0.0,0.0,0.0,[],10.0,10.0,1,10.0,0,0.009570542000005844
mlp_aco,2,8454,89,1,1,36.0,180.0,216.0,1.08,1.0,True,True,30.0,186.0,0.0,[1],10.0,10.0,1,10.0,0,0.009737999999998692
mlp_aco,2,8454,89,1,2,0.0,0.0,0.0,0.0,0.09907747060060501,False,False,0.0,0.0,0.0,[],10.0,10.0,1,10.0,0,0.009737999999998692
mlp_aco,2,8454,89,1,3,0.0,0.0,0.0,0.0,0.43936213850975037,False,False,0.0,0.0,0.0,[],10.0,10.0,1,10.0,0,0.009737999999998692
mlp_aco,2,8454,89,1,4,0.0,0.0,0.0,0.0,0.20313307642936707,False,False,0.0,0.0,0.0,[],10.0,10.0,1,10.0,0,0.009737999999998692
mlp_aco,2,8455,89,1,1,43.0,186.0,229.0,1.145,1.0,True,True,30.0,199.0,0.0,[1],10.0,10.0,1,10.0,0,0.009493167000016456
mlp_aco,2,8455,89,1,2,0.0,0.0,0.0,0.0,0.09907747060060501,False,False,0.0,0.0,0.0,[],10.0,10.0,1,10.0,0,0.009493167000016456
mlp_aco,2,8455,89,1,3,0.0,0.0,0.0,0.0,0.43936213850975037,False,False,0.0,0.0,0.0,[],10.0,10.0,1,10.0,0,0.009493167000016456
mlp_aco,2,8455,89,1,4,0.0,0.0,0.0,0.0,0.20313307642936707,False,False,0.0,0.0,0.0,[],10.0,10.0,1,10.0,0,0.009493167000016456
mlp_aco,2,8456,89,2,1,47.0,199.0,246.0,1.23,1.0,True,True,30.0,200.0,16.0,[1],10.0,10.0,1,10.0,0,0.009279207999981054
mlp_aco,2,8456,89,2,2,0.0,0.0,0.0,0.0,0.09907747060060501,False,False,0.0,0.0,0.0,[],10.0,10.0,1,10.0,0,0.009279207999981054
mlp_aco,2,8456,89,2,3,0.0,0.0,0.0,0.0,0.43936213850975037,False,False,0.0,0.0,0.0,[],10.0,10.0,1,10.0,0,0.009279207999981054
mlp_aco,2,8456,89,2,4,0.0,0.0,0.0,0.0,0.20313307642936707,False,False,0.0,0.0,0.0,[],10.0,10.0,1,10.0,0,0.009279207999981054
mlp_aco,2,8457,89,2,1,46.0,200.0,246.0,1.23,1.0,True,True,30.0,200.0,16.0,[1],10.0,10.0,1,10.0,0,0.009565833999999995
mlp_aco,2,8457,89,2,2,0.0,0.0,0.0,0.0,0.09907747060060501,False,False,0.0,0.0,0.0,[],10.0,10.0,1,10.0,0,0.009565833999999995
mlp_aco,2,8457,89,2,3,0.0,0.0,0.0,0.0,0.43936213850975037,False,False,0.0,0.0,0.0,[],10.0,10.0,1,10.0,0,0.009565833999999995
mlp_aco,2,8457,89,2,4,0.0,0.0,0.0,0.0,0.20313307642936707,False,False,0.0,0.0,0.0,[],10.0,10.0,1,10.0,0,0.009565833999999995
mlp_aco,2,8458,89,2,1,53.0,200.0,253.0,1.265,1.0,True,True,30.0,200.0,23.0,[1],10.0,10.0,1,10.0,0,0.009538458999998056
mlp_aco,2,8458,89,2,2,0.0,0.0,0.0,0.0,0.09907747060060501,False,False,0.0,0.0,0.0,[],10.0,10.0,1,10.0,0,0.009538458999998056
mlp_aco,2,8458,89,2,3,0.0,0.0,0.0,0.0,0.43936213850975037,False,False,0.0,0.0,0.0,[],10.0,10.0,1,10.0,0,0.009538458999998056
mlp_aco,2,8458,89,2,4,0.0,0.0,0.0,0.0,0.20313307642936707,False,False,0.0,0.0,0.0,[],10.0,10.0,1,10.0,0,0.009538458999998056
mlp_aco,2,8459,89,2,1,60.0,200.0,260.0,1.3,1.0,True,True,30.0,200.0,30.0,[1],10.0,10.0,1,10.0,0,0.009590083000006189
mlp_aco,2,8459,89,2,2,0.0,0.0,0.0,0.0,0.09907747060060501,False,False,0.0,0.0,0.0,[],10.0,10.0,1,10.0,0,0.009590083000006189
mlp_aco,2,8459,89,2,3,0.0,0.0,0.0,0.0,0.43936213850975037,False,False,0.0,0.0,0.0,[],10.0,10.0,1,10.0,0,0.009590083000006189
mlp_aco,2,8459,89,2,4,0.0,0.0,0.0,0.0,0.20313307642936707,False,False,0.0,0.0,0.0,[],10.0,10.0,1,10.0,0,0.009590083000006189
mlp_aco,2,8460,89,3,1,52.0,200.0,252.0,1.26,1.0,True,True,30.0,200.0,22.0,[1],10.0,10.0,1,10.0,0,0.009572125000005371
mlp_aco,2,8460,89,3,2,0.0,0.0,0.0,0.0,0.09907747060060501,False,False,0.0,0.0,0.0,[],10.0,10.0,1,10.0,0,0.009572125000005371
mlp_aco,2,8460,89,3,3,0.0,0.0,0.0,0.0,0.43936213850975037,False,False,0.0,0.0,0.0,[],10.0,10.0,1,10.0,0,0.009572125000005371
mlp_aco,2,8460,89,3,4,0.0,0.0,0.0,0.0,0.20313307642936707,False,False,0.0,0.0,0.0,[],10.0,10.0,1,10.0,0,0.009572125000005371
mlp_aco,2,8461,89,3,1,61.0,200.0,261.0,1.305,1.0,True,True,30.0,200.0,31.0,[1],10.0,10.0,1,10.0,0,0.010098374999984117
mlp_aco,2,8461,89,3,2,0.0,0.0,0.0,0.0,0.09907747060060501,False,False,0.0,0.0,0.0,[],10.0,10.0,1,10.0,0,0.010098374999984117
mlp_aco,2,8461,89,3,3,0.0,0.0,0.0,0.0,0.43936213850975037,False,False,0.0,0.0,0.0,[],10.0,10.0,1,10.0,0,0.010098374999984117
mlp_aco,2,8461,89,3,4,0.0,0.0,0.0,0.0,0.20313307642936707,False,False,0.0,0.0,0.0,[],10.0,10.0,1,10.0,0,0.010098374999984117
mlp_aco,2,8462,89,3,1,64.0,200.0,264.0,1.32,1.0,True,True,30.0,200.0,34.0,[1],10.0,10.0,1,10.0,0,0.01053749999999809
mlp_aco,2,8462,89,3,2,0.0,0.0,0.0,0.0,0.09907747060060501,False,False,0.0,0.0,0.0,[],10.0,10.0,1,10.0,0,0.01053749999999809
mlp_aco,2,8462,89,3,3,0.0,0.0,0.0,0.0,0.43936213850975037,False,False,0.0,0.0,0.0,[],10.0,10.0,1,10.0,0,0.01053749999999809
mlp_aco,2,8462,89,3,4,0.0,0.0,0.0,0.0,0.20313307642936707,False,False,0.0,0.0,0.0,[],10.0,10.0,1,10.0,0,0.01053749999999809
mlp_aco,2,8463,89,3,1,76.0,200.0,276.0,1.38,1.0,True,True,30.0,200.0,46.0,[1],10.0,10.0,1,10.0,0,0.010448041000017838
mlp_aco,2,8463,89,3,2,0.0,0.0,0.0,0.0,0.09907747060060501,False,False,0.0,0.0,0.0,[],10.0,10.0,1,10.0,0,0.010448041000017838
mlp_aco,2,8463,89,3,3,0.0,0.0,0.0,0.0,0.43936213850975037,False,False,0.0,0.0,0.0,[],10.0,10.0,1,10.0,0,0.010448041000017838
mlp_aco,2,8463,89,3,4,0.0,0.0,0.0,0.0,0.20313307642936707,False,False,0.0,0.0,0.0,[],10.0,10.0,1,10.0,0,0.010448041000017838
mlp_aco,2,8464,89,4,1,81.0,200.0,281.0,1.405,1.0,True,True,30.0,200.0,51.0,[1],10.0,10.0,1,10.0,0,0.010202875000004497
mlp_aco,2,8464,89,4,2,0.0,0.0,0.0,0.0,0.09907747060060501,False,False,0.0,0.0,0.0,[],10.0,10.0,1,10.0,0,0.010202875000004497
mlp_aco,2,8464,89,4,3,0.0,0.0,0.0,0.0,0.43936213850975037,False,False,0.0,0.0,0.0,[],10.0,10.0,1,10.0,0,0.010202875000004497
mlp_aco,2,8464,89,4,4,0.0,0.0,0.0,0.0,0.20313307642936707,False,False,0.0,0.0,0.0,[],10.0,10.0,1,10.0,0,0.010202875000004497
mlp_aco,2,8465,89,4,1,87.0,200.0,287.0,1.435,1.0,True,True,30.0,200.0,57.0,[1],10.0,10.0,1,10.0,0,0.010647625000018479
mlp_aco,2,8465,89,4,2,0.0,0.0,0.0,0.0,0.09907747060060501,False,False,0.0,0.0,0.0,[],10.0,10.0,1,10.0,0,0.010647625000018479
mlp_aco,2,8465,89,4,3,0.0,0.0,0.0,0.0,0.43936213850975037,False,False,0.0,0.0,0.0,[],10.0,10.0,1,10.0,0,0.010647625000018479
mlp_aco,2,8465,89,4,4,0.0,0.0,0.0,0.0,0.20313307642936707,False,False,0.0,0.0,0.0,[],10.0,10.0,1,10.0,0,0.010647625000018479
mlp_aco,2,8466,89,4,1,83.0,200.0,283.0,1.415,1.0,True,True,30.0,200.0,53.0,[1],10.0,10.0,1,10.0,0,0.013687540999995917
mlp_aco,2,8466,89,4,2,0.0,0.0,0.0,0.0,0.09907747060060501,False,False,0.0,0.0,0.0,[],10.0,10.0,1,10.0,0,0.013687540999995917
mlp_aco,2,8466,89,4,3,0.0,0.0,0.0,0.0,0.43936213850975037,False,False,0.0,0.0,0.0,[],10.0,10.0,1,10.0,0,0.013687540999995917
mlp_aco,2,8466,89,4,4,0.0,0.0,0.0,0.0,0.20313307642936707,False,False,0.0,0.0,0.0,[],10.0,10.0,1,10.0,0,0.013687540999995917
mlp_aco,2,8467,89,4,1,75.0,200.0,275.0,1.375,1.0,True,True,30.0,200.0,45.0,[1],10.0,10.0,1,10.0,0,0.01315287500000295
mlp_aco,2,8467,89,4,2,0.0,0.0,0.0,0.0,0.09907747060060501,False,False,0.0,0.0,0.0,[],10.0,10.0,1,10.0,0,0.01315287500000295
mlp_aco,2,8467,89,4,3,0.0,0.0,0.0,0.0,0.43936213850975037,False,False,0.0,0.0,0.0,[],10.0,10.0,1,10.0,0,0.01315287500000295
mlp_aco,2,8467,89,4,4,0.0,0.0,0.0,0.0,0.20313307642936707,False,False,0.0,0.0,0.0,[],10.0,10.0,1,10.0,0,0.01315287500000295
mlp_aco,2,8468,89,5,1,72.0,200.0,272.0,1.36,1.0,True,True,30.0,200.0,42.0,[1],10.0,10.0,1,10.0,0,0.015738542000008238
mlp_aco,2,8468,89,5,2,0.0,0.0,0.0,0.0,0.09907747060060501,False,False,0.0,0.0,0.0,[],10.0,10.0,1,10.0,0,0.015738542000008238
mlp_aco,2,8468,89,5,3,0.0,0.0,0.0,0.0,0.43936213850975037,False,False,0.0,0.0,0.0,[],10.0,10.0,1,10.0,0,0.015738542000008238
mlp_aco,2,8468,89,5,4,0.0,0.0,0.0,0.0,0.20313307642936707,False,False,0.0,0.0,0.0,[],10.0,10.0,1,10.0,0,0.015738542000008238
mlp_aco,2,8469,89,5,1,60.0,200.0,260.0,1.3,1.0,True,True,30.0,200.0,30.0,[1],10.0,10.0,1,10.0,0,0.012135375000013937
mlp_aco,2,8469,89,5,2,0.0,0.0,0.0,0.0,0.09907747060060501,False,False,0.0,0.0,0.0,[],10.0,10.0,1,10.0,0,0.012135375000013937
mlp_aco,2,8469,89,5,3,0.0,0.0,0.0,0.0,0.43936213850975037,False,False,0.0,0.0,0.0,[],10.0,10.0,1,10.0,0,0.012135375000013937
mlp_aco,2,8469,89,5,4,0.0,0.0,0.0,0.0,0.20313307642936707,False,False,0.0,0.0,0.0,[],10.0,10.0,1,10.0,0,0.012135375000013937
mlp_aco,2,8470,89,5,1,55.0,200.0,255.0,1.275,1.0,True,True,30.0,200.0,25.0,[1],10.0,10.0,1,10.0,0,0.010835041000007095
mlp_aco,2,8470,89,5,2,0.0,0.0,0.0,0.0,0.09907747060060501,False,False,0.0,0.0,0.0,[],10.0,10.0,1,10.0,0,0.010835041000007095
mlp_aco,2,8470,89,5,3,0.0,0.0,0.0,0.0,0.43936213850975037,False,False,0.0,0.0,0.0,[],10.0,10.0,1,10.0,0,0.010835041000007095
mlp_aco,2,8470,89,5,4,0.0,0.0,0.0,0.0,0.20313307642936707,False,False,0.0,0.0,0.0,[],10.0,10.0,1,10.0,0,0.010835041000007095
mlp_aco,2,8471,89,5,1,48.0,200.0,248.0,1.24,1.0,True,True,30.0,200.0,18.0,[1],10.0,10.0,1,10.0,0,0.011016416000018125
mlp_aco,2,8471,89,5,2,0.0,0.0,0.0,0.0,0.09907747060060501,False,False,0.0,0.0,0.0,[],10.0,10.0,1,10.0,0,0.011016416000018125
mlp_aco,2,8471,89,5,3,0.0,0.0,0.0,0.0,0.43936213850975037,False,False,0.0,0.0,0.0,[],10.0,10.0,1,10.0,0,0.011016416000018125
mlp_aco,2,8471,89,5,4,0.0,0.0,0.0,0.0,0.20313307642936707,False,False,0.0,0.0,0.0,[],10.0,10.0,1,10.0,0,0.011016416000018125
mlp_aco,2,8472,89,6,1,48.0,200.0,248.0,1.24,1.0,True,True,30.0,200.0,18.0,[1],10.0,10.0,1,10.0,0,0.01093162500001199
mlp_aco,2,8472,89,6,2,0.0,0.0,0.0,0.0,0.09907747060060501,False,False,0.0,0.0,0.0,[],10.0,10.0,1,10.0,0,0.01093162500001199
mlp_aco,2,8472,89,6,3,0.0,0.0,0.0,0.0,0.43936213850975037,False,False,0.0,0.0,0.0,[],10.0,10.0,1,10.0,0,0.01093162500001199
mlp_aco,2,8472,89,6,4,0.0,0.0,0.0,0.0,0.20313307642936707,False,False,0.0,0.0,0.0,[],10.0,10.0,1,10.0,0,0.01093162500001199
mlp_aco,2,8473,89,6,1,48.0,200.0,248.0,1.24,1.0,True,True,30.0,200.0,18.0,[1],10.0,10.0,1,10.0,0,0.010238791999995556
mlp_aco,2,8473,89,6,2,0.0,0.0,0.0,0.0,0.09907747060060501,False,False,0.0,0.0,0.0,[],10.0,10.0,1,10.0,0,0.010238791999995556
mlp_aco,2,8473,89,6,3,0.0,0.0,0.0,0.0,0.43936213850975037,False,False,0.0,0.0,0.0,[],10.0,10.0,1,10.0,0,0.010238791999995556
mlp_aco,2,8473,89,6,4,0.0,0.0,0.0,0.0,0.20313307642936707,False,False,0.0,0.0,0.0,[],10.0,10.0,1,10.0,0,0.010238791999995556
mlp_aco,2,8474,89,6,1,34.0,200.0,234.0,1.17,1.0,True,True,30.0,200.0,4.0,[1],10.0,10.0,1,10.0,0,0.009989041000011412
mlp_aco,2,8474,89,6,2,0.0,0.0,0.0,0.0,0.09907747060060501,False,False,0.0,0.0,0.0,[],10.0,10.0,1,10.0,0,0.009989041000011412
mlp_aco,2,8474,89,6,3,0.0,0.0,0.0,0.0,0.43936213850975037,False,False,0.0,0.0,0.0,[],10.0,10.0,1,10.0,0,0.009989041000011412
mlp_aco,2,8474,89,6,4,0.0,0.0,0.0,0.0,0.20313307642936707,False,False,0.0,0.0,0.0,[],10.0,10.0,1,10.0,0,0.009989041000011412
mlp_aco,2,8475,89,6,1,30.0,200.0,230.0,1.15,1.0,True,True,30.0,200.0,0.0,[1],10.0,10.0,1,10.0,0,0.009872749999999542
mlp_aco,2,8475,89,6,2,0.0,0.0,0.0,0.0,0.09907747060060501,False,False,0.0,0.0,0.0,[],10.0,10.0,1,10.0,0,0.009872749999999542
mlp_aco,2,8475,89,6,3,0.0,0.0,0.0,0.0,0.43936213850975037,False,False,0.0,0.0,0.0,[],10.0,10.0,1,10.0,0,0.009872749999999542
mlp_aco,2,8475,89,6,4,0.0,0.0,0.0,0.0,0.20313307642936707,False,False,0.0,0.0,0.0,[],10.0,10.0,1,10.0,0,0.009872749999999542
mlp_aco,2,8476,89,7,1,30.0,200.0,230.0,1.15,1.0,True,True,30.0,200.0,0.0,[1],10.0,10.0,1,10.0,0,0.009926000000007207
mlp_aco,2,8476,89,7,2,0.0,0.0,0.0,0.0,0.09907747060060501,False,False,0.0,0.0,0.0,[],10.0,10.0,1,10.0,0,0.009926000000007207
mlp_aco,2,8476,89,7,3,0.0,0.0,0.0,0.0,0.43936213850975037,False,False,0.0,0.0,0.0,[],10.0,10.0,1,10.0,0,0.009926000000007207
mlp_aco,2,8476,89,7,4,0.0,0.0,0.0,0.0,0.20313307642936707,False,False,0.0,0.0,0.0,[],10.0,10.0,1,10.0,0,0.009926000000007207
mlp_aco,2,8477,89,7,1,30.0,200.0,230.0,1.15,1.0,True,True,30.0,200.0,0.0,[1],10.0,10.0,1,10.0,0,0.00977554199999986
mlp_aco,2,8477,89,7,2,0.0,0.0,0.0,0.0,0.09907747060060501,False,False,0.0,0.0,0.0,[],10.0,10.0,1,10.0,0,0.00977554199999986
mlp_aco,2,8477,89,7,3,0.0,0.0,0.0,0.0,0.43936213850975037,False,False,0.0,0.0,0.0,[],10.0,10.0,1,10.0,0,0.00977554199999986
mlp_aco,2,8477,89,7,4,0.0,0.0,0.0,0.0,0.20313307642936707,False,False,0.0,0.0,0.0,[],10.0,10.0,1,10.0,0,0.00977554199999986
mlp_aco,2,8478,89,7,1,30.0,200.0,230.0,1.15,1.0,True,True,30.0,200.0,0.0,[1],10.0,10.0,1,10.0,0,0.011094250000013517
mlp_aco,2,8478,89,7,2,0.0,0.0,0.0,0.0,0.09907747060060501,False,False,0.0,0.0,0.0,[],10.0,10.0,1,10.0,0,0.011094250000013517
mlp_aco,2,8478,89,7,3,0.0,0.0,0.0,0.0,0.43936213850975037,False,False,0.0,0.0,0.0,[],10.0,10.0,1,10.0,0,0.011094250000013517
mlp_aco,2,8478,89,7,4,0.0,0.0,0.0,0.0,0.20313307642936707,False,False,0.0,0.0,0.0,[],10.0,10.0,1,10.0,0,0.011094250000013517
mlp_aco,2,8479,89,7,1,30.0,200.0,230.0,1.15,1.0,True,True,30.0,200.0,0.0,[1],10.0,10.0,1,10.0,0,0.011432874999997011
mlp_aco,2,8479,89,7,2,0.0,0.0,0.0,0.0,0.09907747060060501,False,False,0.0,0.0,0.0,[],10.0,10.0,1,10.0,0,0.011432874999997011
mlp_aco,2,8479,89,7,3,0.0,0.0,0.0,0.0,0.43936213850975037,False,False,0.0,0.0,0.0,[],10.0,10.0,1,10.0,0,0.011432874999997011
mlp_aco,2,8479,89,7,4,0.0,0.0,0.0,0.0,0.20313307642936707,False,False,0.0,0.0,0.0,[],10.0,10.0,1,10.0,0,0.011432874999997011
mlp_aco,2,8480,89,8,1,30.0,200.0,230.0,1.15,1.0,True,True,30.0,200.0,0.0,[1],10.0,10.0,1,10.0,0,0.010148208999993358
mlp_aco,2,8480,89,8,2,0.0,0.0,0.0,0.0,0.09907747060060501,False,False,0.0,0.0,0.0,[],10.0,10.0,1,10.0,0,0.010148208999993358
mlp_aco,2,8480,89,8,3,0.0,0.0,0.0,0.0,0.43936213850975037,False,False,0.0,0.0,0.0,[],10.0,10.0,1,10.0,0,0.010148208999993358
mlp_aco,2,8480,89,8,4,0.0,0.0,0.0,0.0,0.20313307642936707,False,False,0.0,0.0,0.0,[],10.0,10.0,1,10.0,0,0.010148208999993358
mlp_aco,2,8481,89,8,1,30.0,200.0,230.0,1.15,1.0,True,True,30.0,200.0,0.0,[1],10.0,10.0,1,10.0,0,0.009927083000007997
mlp_aco,2,8481,89,8,2,0.0,0.0,0.0,0.0,0.09907747060060501,False,False,0.0,0.0,0.0,[],10.0,10.0,1,10.0,0,0.009927083000007997
mlp_aco,2,8481,89,8,3,0.0,0.0,0.0,0.0,0.43936213850975037,False,False,0.0,0.0,0.0,[],10.0,10.0,1,10.0,0,0.009927083000007997
mlp_aco,2,8481,89,8,4,0.0,0.0,0.0,0.0,0.20313307642936707,False,False,0.0,0.0,0.0,[],10.0,10.0,1,10.0,0,0.009927083000007997
mlp_aco,2,8482,89,8,1,30.0,200.0,230.0,1.15,1.0,True,True,30.0,200.0,0.0,[1],10.0,10.0,1,10.0,0,0.010220000000003893
mlp_aco,2,8482,89,8,2,0.0,0.0,0.0,0.0,0.09907747060060501,False,False,0.0,0.0,0.0,[],10.0,10.0,1,10.0,0,0.010220000000003893
mlp_aco,2,8482,89,8,3,0.0,0.0,0.0,0.0,0.43936213850975037,False,False,0.0,0.0,0.0,[],10.0,10.0,1,10.0,0,0.010220000000003893
mlp_aco,2,8482,89,8,4,0.0,0.0,0.0,0.0,0.20313307642936707,False,False,0.0,0.0,0.0,[],10.0,10.0,1,10.0,0,0.010220000000003893
mlp_aco,2,8483,89,8,1,30.0,200.0,230.0,1.15,1.0,True,True,30.0,200.0,0.0,[1],10.0,10.0,1,10.0,0,0.009924458999989838
mlp_aco,2,8483,89,8,2,0.0,0.0,0.0,0.0,0.09907747060060501,False,False,0.0,0.0,0.0,[],10.0,10.0,1,10.0,0,0.009924458999989838
mlp_aco,2,8483,89,8,3,0.0,0.0,0.0,0.0,0.43936213850975037,False,False,0.0,0.0,0.0,[],10.0,10.0,1,10.0,0,0.009924458999989838
mlp_aco,2,8483,89,8,4,0.0,0.0,0.0,0.0,0.20313307642936707,False,False,0.0,0.0,0.0,[],10.0,10.0,1,10.0,0,0.009924458999989838
mlp_aco,2,8484,89,9,1,21.0,200.0,221.0,1.105,1.0,True,True,30.0,191.0,0.0,[1],10.0,10.0,1,10.0,0,0.009808165999999119
mlp_aco,2,8484,89,9,2,0.0,0.0,0.0,0.0,0.09907747060060501,False,False,0.0,0.0,0.0,[],10.0,10.0,1,10.0,0,0.009808165999999119
mlp_aco,2,8484,89,9,3,0.0,0.0,0.0,0.0,0.43936213850975037,False,False,0.0,0.0,0.0,[],10.0,10.0,1,10.0,0,0.009808165999999119
mlp_aco,2,8484,89,9,4,0.0,0.0,0.0,0.0,0.20313307642936707,False,False,0.0,0.0,0.0,[],10.0,10.0,1,10.0,0,0.009808165999999119
mlp_aco,2,8485,89,9,1,19.0,191.0,210.0,1.05,1.0,True,True,30.0,180.0,0.0,[1],10.0,10.0,1,10.0,0,0.009577042000017855
mlp_aco,2,8485,89,9,2,0.0,0.0,0.0,0.0,0.09907747060060501,False,False,0.0,0.0,0.0,[],10.0,10.0,1,10.0,0,0.009577042000017855
mlp_aco,2,8485,89,9,3,0.0,0.0,0.0,0.0,0.43936213850975037,False,False,0.0,0.0,0.0,[],10.0,10.0,1,10.0,0,0.009577042000017855
mlp_aco,2,8485,89,9,4,0.0,0.0,0.0,0.0,0.20313307642936707,False,False,0.0,0.0,0.0,[],10.0,10.0,1,10.0,0,0.009577042000017855
mlp_aco,2,8486,89,9,1,20.0,180.0,200.0,1.0,1.0,True,True,30.0,170.0,0.0,[1],10.0,10.0,1,10.0,0,0.00974949999999808
mlp_aco,2,8486,89,9,2,0.0,0.0,0.0,0.0,0.09907747060060501,False,False,0.0,0.0,0.0,[],10.0,10.0,1,10.0,0,0.00974949999999808
mlp_aco,2,8486,89,9,3,0.0,0.0,0.0,0.0,0.43936213850975037,False,False,0.0,0.0,0.0,[],10.0,10.0,1,10.0,0,0.00974949999999808
mlp_aco,2,8486,89,9,4,0.0,0.0,0.0,0.0,0.20313307642936707,False,False,0.0,0.0,0.0,[],10.0,10.0,1,10.0,0,0.00974949999999808
mlp_aco,2,8487,89,9,1,19.0,170.0,189.0,0.945,1.0,True,True,30.0,159.0,0.0,[1],10.0,10.0,1,10.0,0,0.009621667000004663
mlp_aco,2,8487,89,9,2,0.0,0.0,0.0,0.0,0.09907747060060501,False,False,0.0,0.0,0.0,[],10.0,10.0,1,10.0,0,0.009621667000004663
mlp_aco,2,8487,89,9,3,0.0,0.0,0.0,0.0,0.43936213850975037,False,False,0.0,0.0,0.0,[],10.0,10.0,1,10.0,0,0.009621667000004663
mlp_aco,2,8487,89,9,4,0.0,0.0,0.0,0.0,0.20313307642936707,False,False,0.0,0.0,0.0,[],10.0,10.0,1,10.0,0,0.009621667000004663
mlp_aco,2,8488,89,10,1,15.0,159.0,174.0,0.87,0.9999914169311523,True,True,30.0,144.0,0.0,[1],10.0,10.0,1,10.0,0,0.009818000000024085
mlp_aco,2,8488,89,10,2,0.0,0.0,0.0,0.0,0.09907747060060501,False,False,0.0,0.0,0.0,[],10.0,10.0,1,10.0,0,0.009818000000024085
mlp_aco,2,8488,89,10,3,0.0,0.0,0.0,0.0,0.43936213850975037,False,False,0.0,0.0,0.0,[],10.0,10.0,1,10.0,0,0.009818000000024085
mlp_aco,2,8488,89,10,4,0.0,0.0,0.0,0.0,0.20313307642936707,False,False,0.0,0.0,0.0,[],10.0,10.0,1,10.0,0,0.009818000000024085
mlp_aco,2,8489,89,10,1,9.0,144.0,153.0,0.765,0.9849361777305603,True,True,30.0,123.0,0.0,[1],10.0,10.0,1,10.0,0,0.009537457999982735
mlp_aco,2,8489,89,10,2,0.0,0.0,0.0,0.0,0.09907747060060501,False,False,0.0,0.0,0.0,[],10.0,10.0,1,10.0,0,0.009537457999982735
mlp_aco,2,8489,89,10,3,0.0,0.0,0.0,0.0,0.43936213850975037,False,False,0.0,0.0,0.0,[],10.0,10.0,1,10.0,0,0.009537457999982735
mlp_aco,2,8489,89,10,4,0.0,0.0,0.0,0.0,0.20313307642936707,False,False,0.0,0.0,0.0,[],10.0,10.0,1,10.0,0,0.009537457999982735
mlp_aco,2,8490,89,10,1,8.0,123.0,131.0,0.655,0.7912619113922119,True,True,30.0,101.0,0.0,[1],10.0,10.0,1,10.0,0,0.009871666999998752
mlp_aco,2,8490,89,10,2,0.0,0.0,0.0,0.0,0.09907747060060501,False,False,0.0,0.0,0.0,[],10.0,10.0,1,10.0,0,0.009871666999998752
mlp_aco,2,8490,89,10,3,0.0,0.0,0.0,0.0,0.43936213850975037,False,False,0.0,0.0,0.0,[],10.0,10.0,1,10.0,0,0.009871666999998752
mlp_aco,2,8490,89,10,4,0.0,0.0,0.0,0.0,0.20313307642936707,False,False,0.0,0.0,0.0,[],10.0,10.0,1,10.0,0,0.009871666999998752
