policy,seed,time_bin,day,hour,dock,arrivals,queue_before,available_before_pickup,fill_ratio,risk_probability,active,visited,amount_picked,queue_after,overflow,serving_drone_ids,total_energy_interval,total_distance_interval,sorties_interval,objective_value,constraint_violations,algorithm_runtime_seconds
aco_current,7,7104,75,0,1,38.0,0.0,38.0,0.19,0.9994148015975952,False,False,0.0,38.0,0.0,[],0.0,0.0,0,0.0,0,4.583999995588783e-06
aco_current,7,7104,75,0,2,0.0,0.0,0.0,0.0,0.09907747060060501,False,False,0.0,0.0,0.0,[],0.0,0.0,0,0.0,0,4.583999995588783e-06
aco_current,7,7104,75,0,3,0.0,0.0,0.0,0.0,0.43936213850975037,False,False,0.0,0.0,0.0,[],0.0,0.0,0,0.0,0,4.583999995588783e-06
aco_current,7,7104,75,0,4,0.0,0.0,0.0,0.0,0.20313307642936707,False,False,0.0,0.0,0.0,[],0.0,0.0,0,0.0,0,4.583999995588783e-06
aco_current,7,7105,75,0,1,39.0,38.0,77.0,0.385,0.9995259046554565,False,False,0.0,77.0,0.0,[],0.0,0.0,0,0.0,0,2.584000000638298e-06
aco_current,7,7105,75,0,2,0.0,0.0,0.0,0.0,0.09907747060060501,False,False,0.0,0.0,0.0,[],0.0,0.0,0,0.0,0,2.584000000638298e-06
aco_current,7,7105,75,0,3,0.0,0.0,0.0,0.0,0.43936213850975037,False,False,0.0,0.0,0.0,[],0.0,0.0,0,0.0,0,2.584000000638298e-06
aco_current,7,7105,75,0,4,0.0,0.0,0.0,0.0,0.20313307642936707,False,False,0.0,0.0,0.0,[],0.0,0.0,0,0.0,0,2.584000000638298e-06
aco_current,7,7106,75,0,1,40.0,77.0,117.0,0.585,0.9999814033508301,False,False,0.0,117.0,0.0,[],0.0,0.0,0,0.0,0,2.375000008214556e-06
aco_current,7,7106,75,0,2,0.0,0.0,0.0,0.0,0.09907747060060501,False,False,0.0,0.0,0.0,[],0.0,0.0,0,0.0,0,2.375000008214556e-06
aco_current,7,7106,75,0,3,0.0,0.0,0.0,0.0,0.43936213850975037,False,False,0.0,0.0,0.0,[],0.0,0.0,0,0.0,0,2.375000008214556e-06
aco_current,7,7106,75,0,4,0.0,0.0,0.0,0.0,0.20313307642936707,False,False,0.0,0.0,0.0,[],0.0,0.0,0,0.0,0,2.375000008214556e-06
aco_current,7,7107,75,0,1,39.0,117.0,156.0,0.78,0.9999998807907104,False,False,0.0,156.0,0.0,[],0.0,0.0,0,0.0,0,2.8340000000071086e-06
aco_current,7,7107,75,0,2,0.0,0.0,0.0,0.0,0.09907747060060501,False,False,0.0,0.0,0.0,[],0.0,0.0,0,0.0,0,2.8340000000071086e-06
aco_current,7,7107,75,0,3,0.0,0.0,0.0,0.0,0.43936213850975037,False,False,0.0,0.0,0.0,[],0.0,0.0,0,0.0,0,2.8340000000071086e-06
aco_current,7,7107,75,0,4,0.0,0.0,0.0,0.0,0.20313307642936707,False,False,0.0,0.0,0.0,[],0.0,0.0,0,0.0,0,2.8340000000071086e-06
aco_current,7,7108,75,1,1,41.0,156.0,197.0,0.985,1.0,True,True,30.0,167.0,0.0,[1],10.0,10.0,1,10.0,0,0.009802832999994848
aco_current,7,7108,75,1,2,0.0,0.0,0.0,0.0,0.09907747060060501,False,False,0.0,0.0,0.0,[],10.0,10.0,1,10.0,0,0.009802832999994848
aco_current,7,7108,75,1,3,0.0,0.0,0.0,0.0,0.43936213850975037,False,False,0.0,0.0,0.0,[],10.0,10.0,1,10.0,0,0.009802832999994848
aco_current,7,7108,75,1,4,0.0,0.0,0.0,0.0,0.20313307642936707,False,False,0.0,0.0,0.0,[],10.0,10.0,1,10.0,0,0.009802832999994848
aco_current,7,7109,75,1,1,39.0,167.0,206.0,1.03,1.0,True,True,30.0,176.0,0.0,[1],10.0,10.0,1,10.0,0,0.009760541000005674
aco_current,7,7109,75,1,2,0.0,0.0,0.0,0.0,0.09907747060060501,False,False,0.0,0.0,0.0,[],10.0,10.0,1,10.0,0,0.009760541000005674
aco_current,7,7109,75,1,3,0.0,0.0,0.0,0.0,0.43936213850975037,False,False,0.0,0.0,0.0,[],10.0,10.0,1,10.0,0,0.009760541000005674
aco_current,7,7109,75,1,4,0.0,0.0,0.0,0.0,0.20313307642936707,False,False,0.0,0.0,0.0,[],10.0,10.0,1,10.0,0,0.009760541000005674
aco_current,7,7110,75,1,1,40.0,176.0,216.0,1.08,1.0,True,True,30.0,186.0,0.0,[1],10.0,10.0,1,10.0,0,0.00957216699998753
aco_current,7,7110,75,1,2,0.0,0.0,0.0,0.0,0.09907747060060501,False,False,0.0,0.0,0.0,[],10.0,10.0,1,10.0,0,0.00957216699998753
aco_current,7,7110,75,1,3,0.0,0.0,0.0,0.0,0.43936213850975037,False,False,0.0,0.0,0.0,[],10.0,10.0,1,10.0,0,0.00957216699998753
aco_current,7,7110,75,1,4,0.0,0.0,0.0,0.0,0.20313307642936707,False,False,0.0,0.0,0.0,[],10.0,10.0,1,10.0,0,0.00957216699998753
aco_current,7,7111,75,1,1,40.0,186.0,226.0,1.13,1.0,True,True,30.0,196.0,0.0,[1],10.0,10.0,1,10.0,0,0.009615499999995336
aco_current,7,7111,75,1,2,0.0,0.0,0.0,0.0,0.09907747060060501,False,False,0.0,0.0,0.0,[],10.0,10.0,1,10.0,0,0.009615499999995336
aco_current,7,7111,75,1,3,0.0,0.0,0.0,0.0,0.43936213850975037,False,False,0.0,0.0,0.0,[],10.0,10.0,1,10.0,0,0.009615499999995336
aco_current,7,7111,75,1,4,0.0,0.0,0.0,0.0,0.20313307642936707,False,False,0.0,0.0,0.0,[],10.0,10.0,1,10.0,0,0.009615499999995336
aco_current,7,7112,75,2,1,44.0,196.0,240.0,1.2,1.0,True,True,30.0,200.0,10.0,[1],10.0,10.0,1,10.0,0,0.009962791999996057
aco_current,7,7112,75,2,2,0.0,0.0,0.0,0.0,0.09907747060060501,False,False,0.0,0.0,0.0,[],10.0,10.0,1,10.0,0,0.009962791999996057
aco_current,7,7112,75,2,3,0.0,0.0,0.0,0.0,0.43936213850975037,False,False,0.0,0.0,0.0,[],10.0,10.0,1,10.0,0,0.009962791999996057
aco_current,7,7112,75,2,4,0.0,0.0,0.0,0.0,0.20313307642936707,False,False,0.0,0.0,0.0,[],10.0,10.0,1,10.0,0,0.009962791999996057
aco_current,7,7113,75,2,1,41.0,200.0,241.0,1.205,1.0,True,True,30.0,200.0,11.0,[1],10.0,10.0,1,10.0,0,0.00969620899999768
aco_current,7,7113,75,2,2,0.0,0.0,0.0,0.0,0.09907747060060501,False,False,0.0,0.0,0.0,[],10.0,10.0,1,10.0,0,0.00969620899999768
aco_current,7,7113,75,2,3,0.0,0.0,0.0,0.0,0.43936213850975037,False,False,0.0,0.0,0.0,[],10.0,10.0,1,10.0,0,0.00969620899999768
aco_current,7,7113,75,2,4,0.0,0.0,0.0,0.0,0.20313307642936707,False,False,0.0,0.0,0.0,[],10.0,10.0,1,10.0,0,0.00969620899999768
aco_current,7,7114,75,2,1,38.0,200.0,238.0,1.19,1.0,True,True,30.0,200.0,8.0,[1],10.0,10.0,1,10.0,0,0.009873291999994649
aco_current,7,7114,75,2,2,0.0,0.0,0.0,0.0,0.09907747060060501,False,False,0.0,0.0,0.0,[],10.0,10.0,1,10.0,0,0.009873291999994649
aco_current,7,7114,75,2,3,0.0,0.0,0.0,0.0,0.43936213850975037,False,False,0.0,0.0,0.0,[],10.0,10.0,1,10.0,0,0.009873291999994649
aco_current,7,7114,75,2,4,0.0,0.0,0.0,0.0,0.20313307642936707,False,False,0.0,0.0,0.0,[],10.0,10.0,1,10.0,0,0.009873291999994649
aco_current,7,7115,75,2,1,32.0,200.0,232.0,1.16,1.0,True,True,30.0,200.0,2.0,[1],10.0,10.0,1,10.0,0,0.009653041000007079
aco_current,7,7115,75,2,2,0.0,0.0,0.0,0.0,0.09907747060060501,False,False,0.0,0.0,0.0,[],10.0,10.0,1,10.0,0,0.009653041000007079
aco_current,7,7115,75,2,3,0.0,0.0,0.0,0.0,0.43936213850975037,False,False,0.0,0.0,0.0,[],10.0,10.0,1,10.0,0,0.009653041000007079
aco_current,7,7115,75,2,4,0.0,0.0,0.0,0.0,0.20313307642936707,False,False,0.0,0.0,0.0,[],10.0,10.0,1,10.0,0,0.009653041000007079
aco_current,7,7116,75,3,1,32.0,200.0,232.0,1.16,1.0,True,True,30.0,200.0,2.0,[1],10.0,10.0,1,10.0,0,0.009630250000000729
aco_current,7,7116,75,3,2,0.0,0.0,0.0,0.0,0.09907747060060501,False,False,0.0,0.0,0.0,[],10.0,10.0,1,10.0,0,0.009630250000000729
aco_current,7,7116,75,3,3,0.0,0.0,0.0,0.0,0.43936213850975037,False,False,0.0,0.0,0.0,[],10.0,10.0,1,10.0,0,0.009630250000000729
aco_current,7,7116,75,3,4,0.0,0.0,0.0,0.0,0.20313307642936707,False,False,0.0,0.0,0.0,[],10.0,10.0,1,10.0,0,0.009630250000000729
aco_current,7,7117,75,3,1,33.0,200.0,233.0,1.165,1.0,True,True,30.0,200.0,3.0,[1],10.0,10.0,1,10.0,0,0.009758666999999832
aco_current,7,7117,75,3,2,0.0,0.0,0.0,0.0,0.09907747060060501,False,False,0.0,0.0,0.0,[],10.0,10.0,1,10.0,0,0.009758666999999832
aco_current,7,7117,75,3,3,0.0,0.0,0.0,0.0,0.43936213850975037,False,False,0.0,0.0,0.0,[],10.0,10.0,1,10.0,0,0.009758666999999832
aco_current,7,7117,75,3,4,0.0,0.0,0.0,0.0,0.20313307642936707,False,False,0.0,0.0,0.0,[],10.0,10.0,1,10.0,0,0.009758666999999832
aco_current,7,7118,75,3,1,33.0,200.0,233.0,1.165,1.0,True,True,30.0,200.0,3.0,[1],10.0,10.0,1,10.0,0,0.009810833000003072
aco_current,7,7118,75,3,2,0.0,0.0,0.0,0.0,0.09907747060060501,False,False,0.0,0.0,0.0,[],10.0,10.0,1,10.0,0,0.009810833000003072
aco_current,7,7118,75,3,3,0.0,0.0,0.0,0.0,0.43936213850975037,False,False,0.0,0.0,0.0,[],10.0,10.0,1,10.0,0,0.009810833000003072
aco_current,7,7118,75,3,4,0.0,0.0,0.0,0.0,0.20313307642936707,False,False,0.0,0.0,0.0,[],10.0,10.0,1,10.0,0,0.009810833000003072
aco_current,7,7119,75,3,1,40.0,200.0,240.0,1.2,1.0,True,True,30.0,200.0,10.0,[1],10.0,10.0,1,10.0,0,0.009643124999996644
aco_current,7,7119,75,3,2,0.0,0.0,0.0,0.0,0.09907747060060501,False,False,0.0,0.0,0.0,[],10.0,10.0,1,10.0,0,0.009643124999996644
aco_current,7,7119,75,3,3,0.0,0.0,0.0,0.0,0.43936213850975037,False,False,0.0,0.0,0.0,[],10.0,10.0,1,10.0,0,0.009643124999996644
aco_current,7,7119,75,3,4,0.0,0.0,0.0,0.0,0.20313307642936707,False,False,0.0,0.0,0.0,[],10.0,10.0,1,10.0,0,0.009643124999996644
aco_current,7,7120,75,4,1,42.0,200.0,242.0,1.21,1.0,True,True,30.0,200.0,12.0,[1],10.0,10.0,1,10.0,0,0.009500750000000835
aco_current,7,7120,75,4,2,0.0,0.0,0.0,0.0,0.09907747060060501,False,False,0.0,0.0,0.0,[],10.0,10.0,1,10.0,0,0.009500750000000835
aco_current,7,7120,75,4,3,0.0,0.0,0.0,0.0,0.43936213850975037,False,False,0.0,0.0,0.0,[],10.0,10.0,1,10.0,0,0.009500750000000835
aco_current,7,7120,75,4,4,0.0,0.0,0.0,0.0,0.20313307642936707,False,False,0.0,0.0,0.0,[],10.0,10.0,1,10.0,0,0.009500750000000835
aco_current,7,7121,75,4,1,42.0,200.0,242.0,1.21,1.0,True,True,30.0,200.0,12.0,[1],10.0,10.0,1,10.0,0,0.009568375000000628
aco_current,7,7121,75,4,2,0.0,0.0,0.0,0.0,0.09907747060060501,False,False,0.0,0.0,0.0,[],10.0,10.0,1,10.0,0,0.009568375000000628
aco_current,7,7121,75,4,3,0.0,0.0,0.0,0.0,0.43936213850975037,False,False,0.0,0.0,0.0,[],10.0,10.0,1,10.0,0,0.009568375000000628
aco_current,7,7121,75,4,4,0.0,0.0,0.0,0.0,0.20313307642936707,False,False,0.0,0.0,0.0,[],10.0,10.0,1,10.0,0,0.009568375000000628
aco_current,7,7122,75,4,1,40.0,200.0,240.0,1.2,1.0,True,True,30.0,200.0,10.0,[1],10.0,10.0,1,10.0,0,0.009680541999998127
aco_current,7,7122,75,4,2,0.0,0.0,0.0,0.0,0.09907747060060501,False,False,0.0,0.0,0.0,[],10.0,10.0,1,10.0,0,0.009680541999998127
aco_current,7,7122,75,4,3,0.0,0.0,0.0,0.0,0.43936213850975037,False,False,0.0,0.0,0.0,[],10.0,10.0,1,10.0,0,0.009680541999998127
aco_current,7,7122,75,4,4,0.0,0.0,0.0,0.0,0.20313307642936707,False,False,0.0,0.0,0.0,[],10.0,10.0,1,10.0,0,0.009680541999998127
aco_current,7,7123,75,4,1,44.0,200.0,244.0,1.22,1.0,True,True,30.0,200.0,14.0,[1],10.0,10.0,1,10.0,0,0.009683582999997498
aco_current,7,7123,75,4,2,0.0,0.0,0.0,0.0,0.09907747060060501,False,False,0.0,0.0,0.0,[],10.0,10.0,1,10.0,0,0.009683582999997498
aco_current,7,7123,75,4,3,0.0,0.0,0.0,0.0,0.43936213850975037,False,False,0.0,0.0,0.0,[],10.0,10.0,1,10.0,0,0.009683582999997498
aco_current,7,7123,75,4,4,0.0,0.0,0.0,0.0,0.20313307642936707,False,False,0.0,0.0,0.0,[],10.0,10.0,1,10.0,0,0.009683582999997498
aco_current,7,7124,75,5,1,52.0,200.0,252.0,1.26,1.0,True,True,30.0,200.0,22.0,[1],10.0,10.0,1,10.0,0,0.00968199999999797
aco_current,7,7124,75,5,2,0.0,0.0,0.0,0.0,0.09907747060060501,False,False,0.0,0.0,0.0,[],10.0,10.0,1,10.0,0,0.00968199999999797
aco_current,7,7124,75,5,3,0.0,0.0,0.0,0.0,0.43936213850975037,False,False,0.0,0.0,0.0,[],10.0,10.0,1,10.0,0,0.00968199999999797
aco_current,7,7124,75,5,4,0.0,0.0,0.0,0.0,0.20313307642936707,False,False,0.0,0.0,0.0,[],10.0,10.0,1,10.0,0,0.00968199999999797
aco_current,7,7125,75,5,1,54.0,200.0,254.0,1.27,1.0,True,True,30.0,200.0,24.0,[1],10.0,10.0,1,10.0,0,0.009529374999999618
aco_current,7,7125,75,5,2,0.0,0.0,0.0,0.0,0.09907747060060501,False,False,0.0,0.0,0.0,[],10.0,10.0,1,10.0,0,0.009529374999999618
aco_current,7,7125,75,5,3,0.0,0.0,0.0,0.0,0.43936213850975037,False,False,0.0,0.0,0.0,[],10.0,10.0,1,10.0,0,0.009529374999999618
aco_current,7,7125,75,5,4,0.0,0.0,0.0,0.0,0.20313307642936707,False,False,0.0,0.0,0.0,[],10.0,10.0,1,10.0,0,0.009529374999999618
aco_current,7,7126,75,5,1,38.0,200.0,238.0,1.19,1.0,True,True,30.0,200.0,8.0,[1],10.0,10.0,1,10.0,0,0.009553832999998235
aco_current,7,7126,75,5,2,0.0,0.0,0.0,0.0,0.09907747060060501,False,False,0.0,0.0,0.0,[],10.0,10.0,1,10.0,0,0.009553832999998235
aco_current,7,7126,75,5,3,0.0,0.0,0.0,0.0,0.43936213850975037,False,False,0.0,0.0,0.0,[],10.0,10.0,1,10.0,0,0.009553832999998235
aco_current,7,7126,75,5,4,0.0,0.0,0.0,0.0,0.20313307642936707,False,False,0.0,0.0,0.0,[],10.0,10.0,1,10.0,0,0.009553832999998235
aco_current,7,7127,75,5,1,34.0,200.0,234.0,1.17,1.0,True,True,30.0,200.0,4.0,[1],10.0,10.0,1,10.0,0,0.009769749999989585
aco_current,7,7127,75,5,2,0.0,0.0,0.0,0.0,0.09907747060060501,False,False,0.0,0.0,0.0,[],10.0,10.0,1,10.0,0,0.009769749999989585
aco_current,7,7127,75,5,3,0.0,0.0,0.0,0.0,0.43936213850975037,False,False,0.0,0.0,0.0,[],10.0,10.0,1,10.0,0,0.009769749999989585
aco_current,7,7127,75,5,4,0.0,0.0,0.0,0.0,0.20313307642936707,False,False,0.0,0.0,0.0,[],10.0,10.0,1,10.0,0,0.009769749999989585
aco_current,7,7128,75,6,1,27.0,200.0,227.0,1.135,1.0,True,True,30.0,197.0,0.0,[1],10.0,10.0,1,10.0,0,0.009586208000001761
aco_current,7,7128,75,6,2,0.0,0.0,0.0,0.0,0.09907747060060501,False,False,0.0,0.0,0.0,[],10.0,10.0,1,10.0,0,0.009586208000001761
aco_current,7,7128,75,6,3,0.0,0.0,0.0,0.0,0.43936213850975037,False,False,0.0,0.0,0.0,[],10.0,10.0,1,10.0,0,0.009586208000001761
aco_current,7,7128,75,6,4,0.0,0.0,0.0,0.0,0.20313307642936707,False,False,0.0,0.0,0.0,[],10.0,10.0,1,10.0,0,0.009586208000001761
aco_current,7,7129,75,6,1,28.0,197.0,225.0,1.125,1.0,True,True,30.0,195.0,0.0,[1],10.0,10.0,1,10.0,0,0.00976762499999495
aco_current,7,7129,75,6,2,0.0,0.0,0.0,0.0,0.09907747060060501,False,False,0.0,0.0,0.0,[],10.0,10.0,1,10.0,0,0.00976762499999495
aco_current,7,7129,75,6,3,0.0,0.0,0.0,0.0,0.43936213850975037,False,False,0.0,0.0,0.0,[],10.0,10.0,1,10.0,0,0.00976762499999495
aco_current,7,7129,75,6,4,0.0,0.0,0.0,0.0,0.20313307642936707,False,False,0.0,0.0,0.0,[],10.0,10.0,1,10.0,0,0.00976762499999495
aco_current,7,7130,75,6,1,26.0,195.0,221.0,1.105,1.0,True,True,30.0,191.0,0.0,[1],10.0,10.0,1,10.0,0,0.009725958000004198
aco_current,7,7130,75,6,2,0.0,0.0,0.0,0.0,0.09907747060060501,False,False,0.0,0.0,0.0,[],10.0,10.0,1,10.0,0,0.009725958000004198
aco_current,7,7130,75,6,3,0.0,0.0,0.0,0.0,0.43936213850975037,False,False,0.0,0.0,0.0,[],10.0,10.0,1,10.0,0,0.009725958000004198
aco_current,7,7130,75,6,4,0.0,0.0,0.0,0.0,0.20313307642936707,False,False,0.0,0.0,0.0,[],10.0,10.0,1,10.0,0,0.009725958000004198
aco_current,7,7131,75,6,1,27.0,191.0,218.0,1.09,1.0,True,True,30.0,188.0,0.0,[1],10.0,10.0,1,10.0,0,0.009620957999999291
aco_current,7,7131,75,6,2,0.0,0.0,0.0,0.0,0.09907747060060501,False,False,0.0,0.0,0.0,[],10.0,10.0,1,10.0,0,0.009620957999999291
aco_current,7,7131,75,6,3,0.0,0.0,0.0,0.0,0.43936213850975037,False,False,0.0,0.0,0.0,[],10.0,10.0,1,10.0,0,0.009620957999999291
aco_current,7,7131,75,6,4,0.0,0.0,0.0,0.0,0.20313307642936707,False,False,0.0,0.0,0.0,[],10.0,10.0,1,10.0,0,0.009620957999999291
aco_current,7,7132,75,7,1,27.0,188.0,215.0,1.075,1.0,True,True,30.0,185.0,0.0,[1],10.0,10.0,1,10.0,0,0.009591291000006663
aco_current,7,7132,75,7,2,0.0,0.0,0.0,0.0,0.09907747060060501,False,False,0.0,0.0,0.0,[],10.0,10.0,1,10.0,0,0.009591291000006663
aco_current,7,7132,75,7,3,0.0,0.0,0.0,0.0,0.43936213850975037,False,False,0.0,0.0,0.0,[],10.0,10.0,1,10.0,0,0.009591291000006663
aco_current,7,7132,75,7,4,0.0,0.0,0.0,0.0,0.20313307642936707,False,False,0.0,0.0,0.0,[],10.0,10.0,1,10.0,0,0.009591291000006663
aco_current,7,7133,75,7,1,28.0,185.0,213.0,1.065,1.0,True,True,30.0,183.0,0.0,[1],10.0,10.0,1,10.0,0,0.009699583999989159
aco_current,7,7133,75,7,2,0.0,0.0,0.0,0.0,0.09907747060060501,False,False,0.0,0.0,0.0,[],10.0,10.0,1,10.0,0,0.009699583999989159
aco_current,7,7133,75,7,3,0.0,0.0,0.0,0.0,0.43936213850975037,False,False,0.0,0.0,0.0,[],10.0,10.0,1,10.0,0,0.009699583999989159
aco_current,7,7133,75,7,4,0.0,0.0,0.0,0.0,0.20313307642936707,False,False,0.0,0.0,0.0,[],10.0,10.0,1,10.0,0,0.009699583999989159
aco_current,7,7134,75,7,1,27.0,183.0,210.0,1.05,1.0,True,True,30.0,180.0,0.0,[1],10.0,10.0,1,10.0,0,0.009565041999991308
aco_current,7,7134,75,7,2,0.0,0.0,0.0,0.0,0.09907747060060501,False,False,0.0,0.0,0.0,[],10.0,10.0,1,10.0,0,0.009565041999991308
aco_current,7,7134,75,7,3,0.0,0.0,0.0,0.0,0.43936213850975037,False,False,0.0,0.0,0.0,[],10.0,10.0,1,10.0,0,0.009565041999991308
aco_current,7,7134,75,7,4,0.0,0.0,0.0,0.0,0.20313307642936707,False,False,0.0,0.0,0.0,[],10.0,10.0,1,10.0,0,0.009565041999991308
aco_current,7,7135,75,7,1,26.0,180.0,206.0,1.03,1.0,True,True,30.0,176.0,0.0,[1],10.0,10.0,1,10.0,0,0.009647499999999809
aco_current,7,7135,75,7,2,0.0,0.0,0.0,0.0,0.09907747060060501,False,False,0.0,0.0,0.0,[],10.0,10.0,1,10.0,0,0.009647499999999809
aco_current,7,7135,75,7,3,0.0,0.0,0.0,0.0,0.43936213850975037,False,False,0.0,0.0,0.0,[],10.0,10.0,1,10.0,0,0.009647499999999809
aco_current,7,7135,75,7,4,0.0,0.0,0.0,0.0,0.20313307642936707,False,False,0.0,0.0,0.0,[],10.0,10.0,1,10.0,0,0.009647499999999809
aco_current,7,7136,75,8,1,26.0,176.0,202.0,1.01,1.0,True,True,30.0,172.0,0.0,[1],10.0,10.0,1,10.0,0,0.009554875000006291
aco_current,7,7136,75,8,2,0.0,0.0,0.0,0.0,0.09907747060060501,False,False,0.0,0.0,0.0,[],10.0,10.0,1,10.0,0,0.009554875000006291
aco_current,7,7136,75,8,3,0.0,0.0,0.0,0.0,0.43936213850975037,False,False,0.0,0.0,0.0,[],10.0,10.0,1,10.0,0,0.009554875000006291
aco_current,7,7136,75,8,4,0.0,0.0,0.0,0.0,0.20313307642936707,False,False,0.0,0.0,0.0,[],10.0,10.0,1,10.0,0,0.009554875000006291
aco_current,7,7137,75,8,1,17.0,172.0,189.0,0.945,0.9999999403953552,True,True,30.0,159.0,0.0,[1],10.0,10.0,1,10.0,0,0.009579500000000962
aco_current,7,7137,75,8,2,0.0,0.0,0.0,0.0,0.09907747060060501,False,False,0.0,0.0,0.0,[],10.0,10.0,1,10.0,0,0.009579500000000962
aco_current,7,7137,75,8,3,0.0,0.0,0.0,0.0,0.43936213850975037,False,False,0.0,0.0,0.0,[],10.0,10.0,1,10.0,0,0.009579500000000962
aco_current,7,7137,75,8,4,0.0,0.0,0.0,0.0,0.20313307642936707,False,False,0.0,0.0,0.0,[],10.0,10.0,1,10.0,0,0.009579500000000962
aco_current,7,7138,75,8,1,16.0,159.0,175.0,0.875,0.9999955892562866,True,True,30.0,145.0,0.0,[1],10.0,10.0,1,10.0,0,0.009712915999998017
aco_current,7,7138,75,8,2,0.0,0.0,0.0,0.0,0.09907747060060501,False,False,0.0,0.0,0.0,[],10.0,10.0,1,10.0,0,0.009712915999998017
aco_current,7,7138,75,8,3,0.0,0.0,0.0,0.0,0.43936213850975037,False,False,0.0,0.0,0.0,[],10.0,10.0,1,10.0,0,0.009712915999998017
aco_current,7,7138,75,8,4,0.0,0.0,0.0,0.0,0.20313307642936707,False,False,0.0,0.0,0.0,[],10.0,10.0,1,10.0,0,0.009712915999998017
aco_current,7,7139,75,8,1,15.0,145.0,160.0,0.8,0.9996705055236816,True,True,30.0,130.0,0.0,[1],10.0,10.0,1,10.0,0,0.009709665999992012
aco_current,7,7139,75,8,2,0.0,0.0,0.0,0.0,0.09907747060060501,False,False,0.0,0.0,0.0,[],10.0,10.0,1,10.0,0,0.009709665999992012
aco_current,7,7139,75,8,3,0.0,0.0,0.0,0.0,0.43936213850975037,False,False,0.0,0.0,0.0,[],10.0,10.0,1,10.0,0,0.009709665999992012
aco_current,7,7139,75,8,4,0.0,0.0,0.0,0.0,0.20313307642936707,False,False,0.0,0.0,0.0,[],10.0,10.0,1,10.0,0,0.009709665999992012
aco_current,7,7140,75,9,1,17.0,130.0,147.0,0.735,0.998248279094696,False,False,0.0,147.0,0.0,[],0.0,0.0,0,0.0,0,2.750000007267772e-06
aco_current,7,7140,75,9,2,0.0,0.0,0.0,0.0,0.09907747060060501,False,False,0.0,0.0,0.0,[],0.0,0.0,0,0.0,0,2.750000007267772e-06
aco_current,7,7140,75,9,3,0.0,0.0,0.0,0.0,0.43936213850975037,False,False,0.0,0.0,0.0,[],0.0,0.0,0,0.0,0,2.750000007267772e-06
aco_current,7,7140,75,9,4,0.0,0.0,0.0,0.0,0.20313307642936707,False,False,0.0,0.0,0.0,[],0.0,0.0,0,0.0,0,2.750000007267772e-06
aco_current,7,7141,75,9,1,16.0,147.0,163.0,0.815,0.9998870491981506,True,True,30.0,133.0,0.0,[1],10.0,10.0,1,10.0,0,0.009650375000006761
aco_current,7,7141,75,9,2,0.0,0.0,0.0,0.0,0.09907747060060501,False,False,0.0,0.0,0.0,[],10.0,10.0,1,10.0,0,0.009650375000006761
aco_current,7,7141,75,9,3,0.0,0.0,0.0,0.0,0.43936213850975037,False,False,0.0,0.0,0.0,[],10.0,10.0,1,10.0,0,0.009650375000006761
aco_current,7,7141,75,9,4,0.0,0.0,0.0,0.0,0.20313307642936707,False,False,0.0,0.0,0.0,[],10.0,10.0,1,10.0,0,0.009650375000006761
aco_current,7,7142,75,9,1,16.0,133.0,149.0,0.745,0.9980954527854919,False,False,0.0,149.0,0.0,[],0.0,0.0,0,0.0,0,2.625000007583367e-06
aco_current,7,7142,75,9,2,0.0,0.0,0.0,0.0,0.09907747060060501,False,False,0.0,0.0,0.0,[],0.0,0.0,0,0.0,0,2.625000007583367e-06
aco_current,7,7142,75,9,3,0.0,0.0,0.0,0.0,0.43936213850975037,False,False,0.0,0.0,0.0,[],0.0,0.0,0,0.0,0,2.625000007583367e-06
aco_current,7,7142,75,9,4,0.0,0.0,0.0,0.0,0.20313307642936707,False,False,0.0,0.0,0.0,[],0.0,0.0,0,0.0,0,2.625000007583367e-06
aco_current,7,7143,75,9,1,15.0,149.0,164.0,0.82,0.9998762607574463,True,True,30.0,134.0,0.0,[1],10.0,10.0,1,10.0,0,0.009811583000001178
aco_current,7,7143,75,9,2,0.0,0.0,0.0,0.0,0.09907747060060501,False,False,0.0,0.0,0.0,[],10.0,10.0,1,10.0,0,0.009811583000001178
aco_current,7,7143,75,9,3,0.0,0.0,0.0,0.0,0.43936213850975037,False,False,0.0,0.0,0.0,[],10.0,10.0,1,10.0,0,0.009811583000001178
aco_current,7,7143,75,9,4,0.0,0.0,0.0,0.0,0.20313307642936707,False,False,0.0,0.0,0.0,[],10.0,10.0,1,10.0,0,0.009811583000001178
aco_current,7,7144,75,10,1,17.0,134.0,151.0,0.755,0.9989542961120605,False,False,0.0,151.0,0.0,[],0.0,0.0,0,0.0,0,2.624999993372512e-06
aco_current,7,7144,75,10,2,0.0,0.0,0.0,0.0,0.09907747060060501,False,False,0.0,0.0,0.0,[],0.0,0.0,0,0.0,0,2.624999993372512e-06
aco_current,7,7144,75,10,3,0.0,0.0,0.0,0.0,0.43936213850975037,False,False,0.0,0.0,0.0,[],0.0,0.0,0,0.0,0,2.624999993372512e-06
aco_current,7,7144,75,10,4,0.0,0.0,0.0,0.0,0.20313307642936707,False,False,0.0,0.0,0.0,[],0.0,0.0,0,0.0,0,2.624999993372512e-06
aco_current,7,7145,75,10,1,16.0,151.0,167.0,0.835,0.9999597072601318,True,True,30.0,137.0,0.0,[1],10.0,10.0,1,10.0,0,0.009664667000009786
aco_current,7,7145,75,10,2,0.0,0.0,0.0,0.0,0.09907747060060501,False,False,0.0,0.0,0.0,[],10.0,10.0,1,10.0,0,0.009664667000009786
aco_current,7,7145,75,10,3,0.0,0.0,0.0,0.0,0.43936213850975037,False,False,0.0,0.0,0.0,[],10.0,10.0,1,10.0,0,0.009664667000009786
aco_current,7,7145,75,10,4,0.0,0.0,0.0,0.0,0.20313307642936707,False,False,0.0,0.0,0.0,[],10.0,10.0,1,10.0,0,0.009664667000009786
aco_current,7,7146,75,10,1,16.0,137.0,153.0,0.765,0.9988843202590942,False,False,0.0,153.0,0.0,[],0.0,0.0,0,0.0,0,2.7920000036374404e-06
aco_current,7,7146,75,10,2,0.0,0.0,0.0,0.0,0.09907747060060501,False,False,0.0,0.0,0.0,[],0.0,0.0,0,0.0,0,2.7920000036374404e-06
aco_current,7,7146,75,10,3,0.0,0.0,0.0,0.0,0.43936213850975037,False,False,0.0,0.0,0.0,[],0.0,0.0,0,0.0,0,2.7920000036374404e-06
aco_current,7,7146,75,10,4,0.0,0.0,0.0,0.0,0.20313307642936707,False,False,0.0,0.0,0.0,[],0.0,0.0,0,0.0,0,2.7920000036374404e-06
aco_current,7,7147,75,10,1,15.0,153.0,168.0,0.84,0.9999560713768005,True,True,30.0,138.0,0.0,[1],10.0,10.0,1,10.0,0,0.009669666999997162
aco_current,7,7147,75,10,2,0.0,0.0,0.0,0.0,0.09907747060060501,False,False,0.0,0.0,0.0,[],10.0,10.0,1,10.0,0,0.009669666999997162
aco_current,7,7147,75,10,3,0.0,0.0,0.0,0.0,0.43936213850975037,False,False,0.0,0.0,0.0,[],10.0,10.0,1,10.0,0,0.009669666999997162
aco_current,7,7147,75,10,4,0.0,0.0,0.0,0.0,0.20313307642936707,False,False,0.0,0.0,0.0,[],10.0,10.0,1,10.0,0,0.009669666999997162
aco_current,7,7148,75,11,1,17.0,138.0,155.0,0.775,0.9994621872901917,False,False,0.0,155.0,0.0,[],0.0,0.0,0,0.0,0,2.4579999973184385e-06
aco_current,7,7148,75,11,2,0.0,0.0,0.0,0.0,0.09907747060060501,False,False,0.0,0.0,0.0,[],0.0,0.0,0,0.0,0,2.4579999973184385e-06
aco_current,7,7148,75,11,3,0.0,0.0,0.0,0.0,0.43936213850975037,False,False,0.0,0.0,0.0,[],0.0,0.0,0,0.0,0,2.4579999973184385e-06
aco_current,7,7148,75,11,4,0.0,0.0,0.0,0.0,0.20313307642936707,False,False,0.0,0.0,0.0,[],0.0,0.0,0,0.0,0,2.4579999973184385e-06
aco_current,7,7149,75,11,1,16.0,155.0,171.0,0.855,0.9999858140945435,True,True,30.0,141.0,0.0,[1],10.0,10.0,1,10.0,0,0.009629875000001675
aco_current,7,7149,75,11,2,0.0,0.0,0.0,0.0,0.09907747060060501,False,False,0.0,0.0,0.0,[],10.0,10.0,1,10.0,0,0.009629875000001675
aco_current,7,7149,75,11,3,0.0,0.0,0.0,0.0,0.43936213850975037,False,False,0.0,0.0,0.0,[],10.0,10.0,1,10.0,0,0.009629875000001675
aco_current,7,7149,75,11,4,0.0,0.0,0.0,0.0,0.20313307642936707,False,False,0.0,0.0,0.0,[],10.0,10.0,1,10.0,0,0.009629875000001675
aco_current,7,7150,75,11,1,16.0,141.0,157.0,0.785,0.9995030760765076,False,False,0.0,157.0,0.0,[],0.0,0.0,0,0.0,0,2.582999997002844e-06
aco_current,7,7150,75,11,2,0.0,0.0,0.0,0.0,0.09907747060060501,False,False,0.0,0.0,0.0,[],0.0,0.0,0,0.0,0,2.582999997002844e-06
aco_current,7,7150,75,11,3,0.0,0.0,0.0,0.0,0.43936213850975037,False,False,0.0,0.0,0.0,[],0.0,0.0,0,0.0,0,2.582999997002844e-06
aco_current,7,7150,75,11,4,0.0,0.0,0.0,0.0,0.20313307642936707,False,False,0.0,0.0,0.0,[],0.0,0.0,0,0.0,0,2.582999997002844e-06
aco_current,7,7151,75,11,1,15.0,157.0,172.0,0.86,0.9999847412109375,True,True,30.0,142.0,0.0,[1],10.0,10.0,1,10.0,0,0.009774457999995434
aco_current,7,7151,75,11,2,0.0,0.0,0.0,0.0,0.09907747060060501,False,False,0.0,0.0,0.0,[],10.0,10.0,1,10.0,0,0.009774457999995434
aco_current,7,7151,75,11,3,0.0,0.0,0.0,0.0,0.43936213850975037,False,False,0.0,0.0,0.0,[],10.0,10.0,1,10.0,0,0.009774457999995434
aco_current,7,7151,75,11,4,0.0,0.0,0.0,0.0,0.20313307642936707,False,False,0.0,0.0,0.0,[],10.0,10.0,1,10.0,0,0.009774457999995434
aco_current,7,7152,75,12,1,17.0,142.0,159.0,0.795,0.9997764229774475,False,False,0.0,159.0,0.0,[],0.0,0.0,0,0.0,0,2.999999992425728e-06
aco_current,7,7152,75,12,2,0.0,0.0,0.0,0.0,0.09907747060060501,False,False,0.0,0.0,0.0,[],0.0,0.0,0,0.0,0,2.999999992425728e-06
aco_current,7,7152,75,12,3,0.0,0.0,0.0,0.0,0.43936213850975037,False,False,0.0,0.0,0.0,[],0.0,0.0,0,0.0,0,2.999999992425728e-06
aco_current,7,7152,75,12,4,0.0,0.0,0.0,0.0,0.20313307642936707,False,False,0.0,0.0,0.0,[],0.0,0.0,0,0.0,0,2.999999992425728e-06
aco_current,7,7153,75,12,1,16.0,159.0,175.0,0.875,0.9999950528144836,True,True,30.0,145.0,0.0,[1],10.0,10.0,1,10.0,0,0.009744791000002806
aco_current,7,7153,75,12,2,0.0,0.0,0.0,0.0,0.09907747060060501,False,False,0.0,0.0,0.0,[],10.0,10.0,1,10.0,0,0.009744791000002806
aco_current,7,7153,75,12,3,0.0,0.0,0.0,0.0,0.43936213850975037,False,False,0.0,0.0,0.0,[],10.0,10.0,1,10.0,0,0.009744791000002806
aco_current,7,7153,75,12,4,0.0,0.0,0.0,0.0,0.20313307642936707,False,False,0.0,0.0,0.0,[],10.0,10.0,1,10.0,0,0.009744791000002806
aco_current,7,7154,75,12,1,16.0,145.0,161.0,0.805,0.9998107552528381,True,True,30.0,131.0,0.0,[1],10.0,10.0,1,10.0,0,0.009595000000004461
aco_current,7,7154,75,12,2,0.0,0.0,0.0,0.0,0.09907747060060501,False,False,0.0,0.0,0.0,[],10.0,10.0,1,10.0,0,0.009595000000004461
aco_current,7,7154,75,12,3,0.0,0.0,0.0,0.0,0.43936213850975037,False,False,0.0,0.0,0.0,[],10.0,10.0,1,10.0,0,0.009595000000004461
aco_current,7,7154,75,12,4,0.0,0.0,0.0,0.0,0.20313307642936707,False,False,0.0,0.0,0.0,[],10.0,10.0,1,10.0,0,0.009595000000004461
aco_current,7,7155,75,12,1,15.0,131.0,146.0,0.73,0.9960789680480957,False,False,0.0,146.0,0.0,[],0.0,0.0,0,0.0,0,2.7499999930569174e-06
aco_current,7,7155,75,12,2,0.0,0.0,0.0,0.0,0.09907747060060501,False,False,0.0,0.0,0.0,[],0.0,0.0,0,0.0,0,2.7499999930569174e-06
aco_current,7,7155,75,12,3,0.0,0.0,0.0,0.0,0.43936213850975037,False,False,0.0,0.0,0.0,[],0.0,0.0,0,0.0,0,2.7499999930569174e-06
aco_current,7,7155,75,12,4,0.0,0.0,0.0,0.0,0.20313307642936707,False,False,0.0,0.0,0.0,[],0.0,0.0,0,0.0,0,2.7499999930569174e-06
aco_current,7,7156,75,13,1,17.0,146.0,163.0,0.815,0.9999203085899353,True,True,30.0,133.0,0.0,[1],10.0,10.0,1,10.0,0,0.009554457999996657
aco_current,7,7156,75,13,2,0.0,0.0,0.0,0.0,0.09907747060060501,False,False,0.0,0.0,0.0,[],10.0,10.0,1,10.0,0,0.009554457999996657
aco_current,7,7156,75,13,3,0.0,0.0,0.0,0.0,0.43936213850975037,False,False,0.0,0.0,0.0,[],10.0,10.0,1,10.0,0,0.009554457999996657
aco_current,7,7156,75,13,4,0.0,0.0,0.0,0.0,0.20313307642936707,False,False,0.0,0.0,0.0,[],10.0,10.0,1,10.0,0,0.009554457999996657
aco_current,7,7157,75,13,1,16.0,133.0,149.0,0.745,0.9980954527854919,False,False,0.0,149.0,0.0,[],0.0,0.0,0,0.0,0,3.0829999957404652e-06
aco_current,7,7157,75,13,2,0.0,0.0,0.0,0.0,0.09907747060060501,False,False,0.0,0.0,0.0,[],0.0,0.0,0,0.0,0,3.0829999957404652e-06
aco_current,7,7157,75,13,3,0.0,0.0,0.0,0.0,0.43936213850975037,False,False,0.0,0.0,0.0,[],0.0,0.0,0,0.0,0,3.0829999957404652e-06
aco_current,7,7157,75,13,4,0.0,0.0,0.0,0.0,0.20313307642936707,False,False,0.0,0.0,0.0,[],0.0,0.0,0,0.0,0,3.0829999957404652e-06
aco_current,7,7158,75,13,1,16.0,149.0,165.0,0.825,0.9999325275421143,True,True,30.0,135.0,0.0,[1],10.0,10.0,1,10.0,0,0.009827958000002468
aco_current,7,7158,75,13,2,0.0,0.0,0.0,0.0,0.09907747060060501,False,False,0.0,0.0,0.0,[],10.0,10.0,1,10.0,0,0.009827958000002468
aco_current,7,7158,75,13,3,0.0,0.0,0.0,0.0,0.43936213850975037,False,False,0.0,0.0,0.0,[],10.0,10.0,1,10.0,0,0.009827958000002468
aco_current,7,7158,75,13,4,0.0,0.0,0.0,0.0,0.20313307642936707,False,False,0.0,0.0,0.0,[],10.0,10.0,1,10.0,0,0.009827958000002468
aco_current,7,7159,75,13,1,15.0,135.0,150.0,0.75,0.997645914554596,False,False,0.0,150.0,0.0,[],0.0,0.0,0,0.0,0,3.4579999947936813e-06
aco_current,7,7159,75,13,2,0.0,0.0,0.0,0.0,0.09907747060060501,False,False,0.0,0.0,0.0,[],0.0,0.0,0,0.0,0,3.4579999947936813e-06
aco_current,7,7159,75,13,3,0.0,0.0,0.0,0.0,0.43936213850975037,False,False,0.0,0.0,0.0,[],0.0,0.0,0,0.0,0,3.4579999947936813e-06
aco_current,7,7159,75,13,4,0.0,0.0,0.0,0.0,0.20313307642936707,False,False,0.0,0.0,0.0,[],0.0,0.0,0,0.0,0,3.4579999947936813e-06
aco_current,7,7160,75,14,1,17.0,150.0,167.0,0.835,0.9999715685844421,True,True,30.0,137.0,0.0,[1],10.0,10.0,1,10.0,0,0.009704416999994692
aco_current,7,7160,75,14,2,0.0,0.0,0.0,0.0,0.09907747060060501,False,False,0.0,0.0,0.0,[],10.0,10.0,1,10.0,0,0.009704416999994692
aco_current,7,7160,75,14,3,0.0,0.0,0.0,0.0,0.43936213850975037,False,False,0.0,0.0,0.0,[],10.0,10.0,1,10.0,0,0.009704416999994692
aco_current,7,7160,75,14,4,0.0,0.0,0.0,0.0,0.20313307642936707,False,False,0.0,0.0,0.0,[],10.0,10.0,1,10.0,0,0.009704416999994692
aco_current,7,7161,75,14,1,16.0,137.0,153.0,0.765,0.9988843202590942,False,False,0.0,153.0,0.0,[],0.0,0.0,0,0.0,0,2.7499999930569174e-06
aco_current,7,7161,75,14,2,0.0,0.0,0.0,0.0,0.09907747060060501,False,False,0.0,0.0,0.0,[],0.0,0.0,0,0.0,0,2.7499999930569174e-06
aco_current,7,7161,75,14,3,0.0,0.0,0.0,0.0,0.43936213850975037,False,False,0.0,0.0,0.0,[],0.0,0.0,0,0.0,0,2.7499999930569174e-06
aco_current,7,7161,75,14,4,0.0,0.0,0.0,0.0,0.20313307642936707,False,False,0.0,0.0,0.0,[],0.0,0.0,0,0.0,0,2.7499999930569174e-06
aco_current,7,7162,75,14,1,11.0,153.0,164.0,0.82,0.9994898438453674,True,True,30.0,134.0,0.0,[1],10.0,10.0,1,10.0,0,0.00967641699999433
aco_current,7,7162,75,14,2,0.0,0.0,0.0,0.0,0.09907747060060501,False,False,0.0,0.0,0.0,[],10.0,10.0,1,10.0,0,0.00967641699999433
aco_current,7,7162,75,14,3,0.0,0.0,0.0,0.0,0.43936213850975037,False,False,0.0,0.0,0.0,[],10.0,10.0,1,10.0,0,0.00967641699999433
aco_current,7,7162,75,14,4,0.0,0.0,0.0,0.0,0.20313307642936707,False,False,0.0,0.0,0.0,[],10.0,10.0,1,10.0,0,0.00967641699999433
aco_current,7,7163,75,14,1,8.0,134.0,142.0,0.71,0.9331066608428955,False,False,0.0,142.0,0.0,[],0.0,0.0,0,0.0,0,3.0839999993759193e-06
aco_current,7,7163,75,14,2,0.0,0.0,0.0,0.0,0.09907747060060501,False,False,0.0,0.0,0.0,[],0.0,0.0,0,0.0,0,3.0839999993759193e-06
aco_current,7,7163,75,14,3,0.0,0.0,0.0,0.0,0.43936213850975037,False,False,0.0,0.0,0.0,[],0.0,0.0,0,0.0,0,3.0839999993759193e-06
aco_current,7,7163,75,14,4,0.0,0.0,0.0,0.0,0.20313307642936707,False,False,0.0,0.0,0.0,[],0.0,0.0,0,0.0,0,3.0839999993759193e-06
aco_current,7,7164,75,15,1,9.0,142.0,151.0,0.755,0.9829824566841125,False,False,0.0,151.0,0.0,[],0.0,0.0,0,0.0,0,2.00000000916134e-06
aco_current,7,7164,75,15,2,0.0,0.0,0.0,0.0,0.09907747060060501,False,False,0.0,0.0,0.0,[],0.0,0.0,0,0.0,0,2.00000000916134e-06
aco_current,7,7164,75,15,3,0.0,0.0,0.0,0.0,0.43936213850975037,False,False,0.0,0.0,0.0,[],0.0,0.0,0,0.0,0,2.00000000916134e-06
aco_current,7,7164,75,15,4,0.0,0.0,0.0,0.0,0.20313307642936707,False,False,0.0,0.0,0.0,[],0.0,0.0,0,0.0,0,2.00000000916134e-06
aco_current,7,7165,75,15,1,8.0,151.0,159.0,0.795,0.9949710965156555,False,False,0.0,159.0,0.0,[],0.0,0.0,0,0.0,0,1.957999998580817e-06
aco_current,7,7165,75,15,2,0.0,0.0,0.0,0.0,0.09907747060060501,False,False,0.0,0.0,0.0,[],0.0,0.0,0,0.0,0,1.957999998580817e-06
aco_current,7,7165,75,15,3,0.0,0.0,0.0,0.0,0.43936213850975037,False,False,0.0,0.0,0.0,[],0.0,0.0,0,0.0,0,1.957999998580817e-06
aco_current,7,7165,75,15,4,0.0,0.0,0.0,0.0,0.20313307642936707,False,False,0.0,0.0,0.0,[],0.0,0.0,0,0.0,0,1.957999998580817e-06
aco_current,7,7166,75,15,1,8.0,159.0,167.0,0.835,0.9993423819541931,True,True,30.0,137.0,0.0,[1],10.0,10.0,1,10.0,0,0.009612999999987437
aco_current,7,7166,75,15,2,0.0,0.0,0.0,0.0,0.09907747060060501,False,False,0.0,0.0,0.0,[],10.0,10.0,1,10.0,0,0.009612999999987437
aco_current,7,7166,75,15,3,0.0,0.0,0.0,0.0,0.43936213850975037,False,False,0.0,0.0,0.0,[],10.0,10.0,1,10.0,0,0.009612999999987437
aco_current,7,7166,75,15,4,0.0,0.0,0.0,0.0,0.20313307642936707,False,False,0.0,0.0,0.0,[],10.0,10.0,1,10.0,0,0.009612999999987437
aco_current,7,7167,75,15,1,8.0,137.0,145.0,0.725,0.9618600606918335,False,False,0.0,145.0,0.0,[],0.0,0.0,0,0.0,0,2.8329999963716546e-06
aco_current,7,7167,75,15,2,0.0,0.0,0.0,0.0,0.09907747060060501,False,False,0.0,0.0,0.0,[],0.0,0.0,0,0.0,0,2.8329999963716546e-06
aco_current,7,7167,75,15,3,0.0,0.0,0.0,0.0,0.43936213850975037,False,False,0.0,0.0,0.0,[],0.0,0.0,0,0.0,0,2.8329999963716546e-06
aco_current,7,7167,75,15,4,0.0,0.0,0.0,0.0,0.20313307642936707,False,False,0.0,0.0,0.0,[],0.0,0.0,0,0.0,0,2.8329999963716546e-06
aco_current,7,7168,75,16,1,9.0,145.0,154.0,0.77,0.9903671145439148,False,False,0.0,154.0,0.0,[],0.0,0.0,0,0.0,0,2.0419999913201536e-06
aco_current,7,7168,75,16,2,0.0,0.0,0.0,0.0,0.09907747060060501,False,False,0.0,0.0,0.0,[],0.0,0.0,0,0.0,0,2.0419999913201536e-06
aco_current,7,7168,75,16,3,0.0,0.0,0.0,0.0,0.43936213850975037,False,False,0.0,0.0,0.0,[],0.0,0.0,0,0.0,0,2.0419999913201536e-06
aco_current,7,7168,75,16,4,0.0,0.0,0.0,0.0,0.20313307642936707,False,False,0.0,0.0,0.0,[],0.0,0.0,0,0.0,0,2.0419999913201536e-06
aco_current,7,7169,75,16,1,8.0,154.0,162.0,0.81,0.9977720379829407,True,True,30.0,132.0,0.0,[1],10.0,10.0,1,10.0,0,0.009717750000007186
aco_current,7,7169,75,16,2,0.0,0.0,0.0,0.0,0.09907747060060501,False,False,0.0,0.0,0.0,[],10.0,10.0,1,10.0,0,0.009717750000007186
aco_current,7,7169,75,16,3,0.0,0.0,0.0,0.0,0.43936213850975037,False,False,0.0,0.0,0.0,[],10.0,10.0,1,10.0,0,0.009717750000007186
aco_current,7,7169,75,16,4,0.0,0.0,0.0,0.0,0.20313307642936707,False,False,0.0,0.0,0.0,[],10.0,10.0,1,10.0,0,0.009717750000007186
aco_current,7,7170,75,16,1,8.0,132.0,140.0,0.7,0.934654176235199,False,False,0.0,140.0,0.0,[],0.0,0.0,0,0.0,0,2.7919999894265857e-06
aco_current,7,7170,75,16,2,0.0,0.0,0.0,0.0,0.09907747060060501,False,False,0.0,0.0,0.0,[],0.0,0.0,0,0.0,0,2.7919999894265857e-06
aco_current,7,7170,75,16,3,0.0,0.0,0.0,0.0,0.43936213850975037,False,False,0.0,0.0,0.0,[],0.0,0.0,0,0.0,0,2.7919999894265857e-06
aco_current,7,7170,75,16,4,0.0,0.0,0.0,0.0,0.20313307642936707,False,False,0.0,0.0,0.0,[],0.0,0.0,0,0.0,0,2.7919999894265857e-06
aco_current,7,7171,75,16,1,8.0,140.0,148.0,0.74,0.9726372361183167,False,False,0.0,148.0,0.0,[],0.0,0.0,0,0.0,0,1.87499999526608e-06
aco_current,7,7171,75,16,2,0.0,0.0,0.0,0.0,0.09907747060060501,False,False,0.0,0.0,0.0,[],0.0,0.0,0,0.0,0,1.87499999526608e-06
aco_current,7,7171,75,16,3,0.0,0.0,0.0,0.0,0.43936213850975037,False,False,0.0,0.0,0.0,[],0.0,0.0,0,0.0,0,1.87499999526608e-06
aco_current,7,7171,75,16,4,0.0,0.0,0.0,0.0,0.20313307642936707,False,False,0.0,0.0,0.0,[],0.0,0.0,0,0.0,0,1.87499999526608e-06
aco_current,7,7172,75,17,1,9.0,148.0,157.0,0.785,0.9946613311767578,False,False,0.0,157.0,0.0,[],0.0,0.0,0,0.0,0,2.5420000042686297e-06
aco_current,7,7172,75,17,2,0.0,0.0,0.0,0.0,0.09907747060060501,False,False,0.0,0.0,0.0,[],0.0,0.0,0,0.0,0,2.5420000042686297e-06
aco_current,7,7172,75,17,3,0.0,0.0,0.0,0.0,0.43936213850975037,False,False,0.0,0.0,0.0,[],0.0,0.0,0,0.0,0,2.5420000042686297e-06
aco_current,7,7172,75,17,4,0.0,0.0,0.0,0.0,0.20313307642936707,False,False,0.0,0.0,0.0,[],0.0,0.0,0,0.0,0,2.5420000042686297e-06
aco_current,7,7173,75,17,1,8.0,157.0,165.0,0.825,0.9989327788352966,True,True,30.0,135.0,0.0,[1],10.0,10.0,1,10.0,0,0.00977745800000207
aco_current,7,7173,75,17,2,0.0,0.0,0.0,0.0,0.09907747060060501,False,False,0.0,0.0,0.0,[],10.0,10.0,1,10.0,0,0.00977745800000207
aco_current,7,7173,75,17,3,0.0,0.0,0.0,0.0,0.43936213850975037,False,False,0.0,0.0,0.0,[],10.0,10.0,1,10.0,0,0.00977745800000207
aco_current,7,7173,75,17,4,0.0,0.0,0.0,0.0,0.20313307642936707,False,False,0.0,0.0,0.0,[],10.0,10.0,1,10.0,0,0.00977745800000207
aco_current,7,7174,75,17,1,8.0,135.0,143.0,0.715,0.9537420272827148,False,False,0.0,143.0,0.0,[],0.0,0.0,0,0.0,0,2.584000000638298e-06
aco_current,7,7174,75,17,2,0.0,0.0,0.0,0.0,0.09907747060060501,False,False,0.0,0.0,0.0,[],0.0,0.0,0,0.0,0,2.584000000638298e-06
aco_current,7,7174,75,17,3,0.0,0.0,0.0,0.0,0.43936213850975037,False,False,0.0,0.0,0.0,[],0.0,0.0,0,0.0,0,2.584000000638298e-06
aco_current,7,7174,75,17,4,0.0,0.0,0.0,0.0,0.20313307642936707,False,False,0.0,0.0,0.0,[],0.0,0.0,0,0.0,0,2.584000000638298e-06
aco_current,7,7175,75,17,1,9.0,143.0,152.0,0.76,0.9875180125236511,False,False,0.0,152.0,0.0,[],0.0,0.0,0,0.0,0,2.999999992425728e-06
aco_current,7,7175,75,17,2,0.0,0.0,0.0,0.0,0.09907747060060501,False,False,0.0,0.0,0.0,[],0.0,0.0,0,0.0,0,2.999999992425728e-06
aco_current,7,7175,75,17,3,0.0,0.0,0.0,0.0,0.43936213850975037,False,False,0.0,0.0,0.0,[],0.0,0.0,0,0.0,0,2.999999992425728e-06
aco_current,7,7175,75,17,4,0.0,0.0,0.0,0.0,0.20313307642936707,False,False,0.0,0.0,0.0,[],0.0,0.0,0,0.0,0,2.999999992425728e-06
aco_current,7,7176,75,18,1,8.0,152.0,160.0,0.8,0.9962979555130005,True,True,30.0,130.0,0.0,[1],10.0,10.0,1,10.0,0,0.009661166000000776
aco_current,7,7176,75,18,2,0.0,0.0,0.0,0.0,0.09907747060060501,False,False,0.0,0.0,0.0,[],10.0,10.0,1,10.0,0,0.009661166000000776
aco_current,7,7176,75,18,3,0.0,0.0,0.0,0.0,0.43936213850975037,False,False,0.0,0.0,0.0,[],10.0,10.0,1,10.0,0,0.009661166000000776
aco_current,7,7176,75,18,4,0.0,0.0,0.0,0.0,0.20313307642936707,False,False,0.0,0.0,0.0,[],10.0,10.0,1,10.0,0,0.009661166000000776
aco_current,7,7177,75,18,1,8.0,130.0,138.0,0.69,0.9174279570579529,False,False,0.0,138.0,0.0,[],0.0,0.0,0,0.0,0,2.625000007583367e-06
aco_current,7,7177,75,18,2,0.0,0.0,0.0,0.0,0.09907747060060501,False,False,0.0,0.0,0.0,[],0.0,0.0,0,0.0,0,2.625000007583367e-06
aco_current,7,7177,75,18,3,0.0,0.0,0.0,0.0,0.43936213850975037,False,False,0.0,0.0,0.0,[],0.0,0.0,0,0.0,0,2.625000007583367e-06
aco_current,7,7177,75,18,4,0.0,0.0,0.0,0.0,0.20313307642936707,False,False,0.0,0.0,0.0,[],0.0,0.0,0,0.0,0,2.625000007583367e-06
aco_current,7,7178,75,18,1,8.0,138.0,146.0,0.73,0.9653825163841248,False,False,0.0,146.0,0.0,[],0.0,0.0,0,0.0,0,3.1670000026906564e-06
aco_current,7,7178,75,18,2,0.0,0.0,0.0,0.0,0.09907747060060501,False,False,0.0,0.0,0.0,[],0.0,0.0,0,0.0,0,3.1670000026906564e-06
aco_current,7,7178,75,18,3,0.0,0.0,0.0,0.0,0.43936213850975037,False,False,0.0,0.0,0.0,[],0.0,0.0,0,0.0,0,3.1670000026906564e-06
aco_current,7,7178,75,18,4,0.0,0.0,0.0,0.0,0.20313307642936707,False,False,0.0,0.0,0.0,[],0.0,0.0,0,0.0,0,3.1670000026906564e-06
aco_current,7,7179,75,18,1,9.0,146.0,155.0,0.775,0.9919095039367676,False,False,0.0,155.0,0.0,[],0.0,0.0,0,0.0,0,1.8750000094769348e-06
aco_current,7,7179,75,18,2,0.0,0.0,0.0,0.0,0.09907747060060501,False,False,0.0,0.0,0.0,[],0.0,0.0,0,0.0,0,1.8750000094769348e-06
aco_current,7,7179,75,18,3,0.0,0.0,0.0,0.0,0.43936213850975037,False,False,0.0,0.0,0.0,[],0.0,0.0,0,0.0,0,1.8750000094769348e-06
aco_current,7,7179,75,18,4,0.0,0.0,0.0,0.0,0.20313307642936707,False,False,0.0,0.0,0.0,[],0.0,0.0,0,0.0,0,1.8750000094769348e-06
aco_current,7,7180,75,19,1,8.0,155.0,163.0,0.815,0.9982644319534302,True,True,30.0,133.0,0.0,[1],10.0,10.0,1,10.0,0,0.00985683300000062
aco_current,7,7180,75,19,2,0.0,0.0,0.0,0.0,0.09907747060060501,False,False,0.0,0.0,0.0,[],10.0,10.0,1,10.0,0,0.00985683300000062
aco_current,7,7180,75,19,3,0.0,0.0,0.0,0.0,0.43936213850975037,False,False,0.0,0.0,0.0,[],10.0,10.0,1,10.0,0,0.00985683300000062
aco_current,7,7180,75,19,4,0.0,0.0,0.0,0.0,0.20313307642936707,False,False,0.0,0.0,0.0,[],10.0,10.0,1,10.0,0,0.00985683300000062
aco_current,7,7181,75,19,1,8.0,133.0,141.0,0.705,0.9417634606361389,False,False,0.0,141.0,0.0,[],0.0,0.0,0,0.0,0,4.750000002218258e-06
aco_current,7,7181,75,19,2,0.0,0.0,0.0,0.0,0.09907747060060501,False,False,0.0,0.0,0.0,[],0.0,0.0,0,0.0,0,4.750000002218258e-06
aco_current,7,7181,75,19,3,0.0,0.0,0.0,0.0,0.43936213850975037,False,False,0.0,0.0,0.0,[],0.0,0.0,0,0.0,0,4.750000002218258e-06
aco_current,7,7181,75,19,4,0.0,0.0,0.0,0.0,0.20313307642936707,False,False,0.0,0.0,0.0,[],0.0,0.0,0,0.0,0,4.750000002218258e-06
aco_current,7,7182,75,19,1,8.0,141.0,149.0,0.745,0.9756917953491211,False,False,0.0,149.0,0.0,[],0.0,0.0,0,0.0,0,1.9999999949504854e-06
aco_current,7,7182,75,19,2,0.0,0.0,0.0,0.0,0.09907747060060501,False,False,0.0,0.0,0.0,[],0.0,0.0,0,0.0,0,1.9999999949504854e-06
aco_current,7,7182,75,19,3,0.0,0.0,0.0,0.0,0.43936213850975037,False,False,0.0,0.0,0.0,[],0.0,0.0,0,0.0,0,1.9999999949504854e-06
aco_current,7,7182,75,19,4,0.0,0.0,0.0,0.0,0.20313307642936707,False,False,0.0,0.0,0.0,[],0.0,0.0,0,0.0,0,1.9999999949504854e-06
aco_current,7,7183,75,19,1,9.0,149.0,158.0,0.79,0.9956653118133545,False,False,0.0,158.0,0.0,[],0.0,0.0,0,0.0,0,3.750000004743015e-06
aco_current,7,7183,75,19,2,0.0,0.0,0.0,0.0,0.09907747060060501,False,False,0.0,0.0,0.0,[],0.0,0.0,0,0.0,0,3.750000004743015e-06
aco_current,7,7183,75,19,3,0.0,0.0,0.0,0.0,0.43936213850975037,False,False,0.0,0.0,0.0,[],0.0,0.0,0,0.0,0,3.750000004743015e-06
aco_current,7,7183,75,19,4,0.0,0.0,0.0,0.0,0.20313307642936707,False,False,0.0,0.0,0.0,[],0.0,0.0,0,0.0,0,3.750000004743015e-06
aco_current,7,7184,75,20,1,8.0,158.0,166.0,0.83,0.9991621375083923,True,True,30.0,136.0,0.0,[1],10.0,10.0,1,10.0,0,0.009718249999991713
aco_current,7,7184,75,20,2,0.0,0.0,0.0,0.0,0.09907747060060501,False,False,0.0,0.0,0.0,[],10.0,10.0,1,10.0,0,0.009718249999991713
aco_current,7,7184,75,20,3,0.0,0.0,0.0,0.0,0.43936213850975037,False,False,0.0,0.0,0.0,[],10.0,10.0,1,10.0,0,0.009718249999991713
aco_current,7,7184,75,20,4,0.0,0.0,0.0,0.0,0.20313307642936707,False,False,0.0,0.0,0.0,[],10.0,10.0,1,10.0,0,0.009718249999991713
aco_current,7,7185,75,20,1,8.0,136.0,144.0,0.72,0.9582875370979309,False,False,0.0,144.0,0.0,[],0.0,0.0,0,0.0,0,2.9170000033218457e-06
aco_current,7,7185,75,20,2,0.0,0.0,0.0,0.0,0.09907747060060501,False,False,0.0,0.0,0.0,[],0.0,0.0,0,0.0,0,2.9170000033218457e-06
aco_current,7,7185,75,20,3,0.0,0.0,0.0,0.0,0.43936213850975037,False,False,0.0,0.0,0.0,[],0.0,0.0,0,0.0,0,2.9170000033218457e-06
aco_current,7,7185,75,20,4,0.0,0.0,0.0,0.0,0.20313307642936707,False,False,0.0,0.0,0.0,[],0.0,0.0,0,0.0,0,2.9170000033218457e-06
aco_current,7,7186,75,20,1,8.0,144.0,152.0,0.76,0.9829912185668945,False,False,0.0,152.0,0.0,[],0.0,0.0,0,0.0,0,1.9999999949504854e-06
aco_current,7,7186,75,20,2,0.0,0.0,0.0,0.0,0.09907747060060501,False,False,0.0,0.0,0.0,[],0.0,0.0,0,0.0,0,1.9999999949504854e-06
aco_current,7,7186,75,20,3,0.0,0.0,0.0,0.0,0.43936213850975037,False,False,0.0,0.0,0.0,[],0.0,0.0,0,0.0,0,1.9999999949504854e-06
aco_current,7,7186,75,20,4,0.0,0.0,0.0,0.0,0.20313307642936707,False,False,0.0,0.0,0.0,[],0.0,0.0,0,0.0,0,1.9999999949504854e-06
aco_current,7,7187,75,20,1,9.0,152.0,161.0,0.805,0.9978586435317993,True,True,30.0,131.0,0.0,[1],10.0,10.0,1,10.0,0,0.009608833000001482
aco_current,7,7187,75,20,2,0.0,0.0,0.0,0.0,0.09907747060060501,False,False,0.0,0.0,0.0,[],10.0,10.0,1,10.0,0,0.009608833000001482
aco_current,7,7187,75,20,3,0.0,0.0,0.0,0.0,0.43936213850975037,False,False,0.0,0.0,0.0,[],10.0,10.0,1,10.0,0,0.009608833000001482
aco_current,7,7187,75,20,4,0.0,0.0,0.0,0.0,0.20313307642936707,False,False,0.0,0.0,0.0,[],10.0,10.0,1,10.0,0,0.009608833000001482
aco_current,7,7188,75,21,1,5.0,131.0,136.0,0.68,0.610614001750946,False,False,0.0,136.0,0.0,[],0.0,0.0,0,0.0,0,2.8329999963716546e-06
aco_current,7,7188,75,21,2,0.0,0.0,0.0,0.0,0.09907747060060501,False,False,0.0,0.0,0.0,[],0.0,0.0,0,0.0,0,2.8329999963716546e-06
aco_current,7,7188,75,21,3,0.0,0.0,0.0,0.0,0.43936213850975037,False,False,0.0,0.0,0.0,[],0.0,0.0,0,0.0,0,2.8329999963716546e-06
aco_current,7,7188,75,21,4,0.0,0.0,0.0,0.0,0.20313307642936707,False,False,0.0,0.0,0.0,[],0.0,0.0,0,0.0,0,2.8329999963716546e-06
aco_current,7,7189,75,21,1,0.0,136.0,136.0,0.68,0.19443385303020477,False,False,0.0,136.0,0.0,[],0.0,0.0,0,0.0,0,1.957999998580817e-06
aco_current,7,7189,75,21,2,0.0,0.0,0.0,0.0,0.09907747060060501,False,False,0.0,0.0,0.0,[],0.0,0.0,0,0.0,0,1.957999998580817e-06
aco_current,7,7189,75,21,3,0.0,0.0,0.0,0.0,0.43936213850975037,False,False,0.0,0.0,0.0,[],0.0,0.0,0,0.0,0,1.957999998580817e-06
aco_current,7,7189,75,21,4,0.0,0.0,0.0,0.0,0.20313307642936707,False,False,0.0,0.0,0.0,[],0.0,0.0,0,0.0,0,1.957999998580817e-06
aco_current,7,7190,75,21,1,0.0,136.0,136.0,0.68,0.2580380141735077,False,False,0.0,136.0,0.0,[],0.0,0.0,0,0.0,0,2.582999997002844e-06
aco_current,7,7190,75,21,2,0.0,0.0,0.0,0.0,0.09907747060060501,False,False,0.0,0.0,0.0,[],0.0,0.0,0,0.0,0,2.582999997002844e-06
aco_current,7,7190,75,21,3,0.0,0.0,0.0,0.0,0.43936213850975037,False,False,0.0,0.0,0.0,[],0.0,0.0,0,0.0,0,2.582999997002844e-06
aco_current,7,7190,75,21,4,0.0,0.0,0.0,0.0,0.20313307642936707,False,False,0.0,0.0,0.0,[],0.0,0.0,0,0.0,0,2.582999997002844e-06
aco_current,7,7191,75,21,1,0.0,136.0,136.0,0.68,0.35445088148117065,False,False,0.0,136.0,0.0,[],0.0,0.0,0,0.0,0,2.0410000018955543e-06
aco_current,7,7191,75,21,2,0.0,0.0,0.0,0.0,0.09907747060060501,False,False,0.0,0.0,0.0,[],0.0,0.0,0,0.0,0,2.0410000018955543e-06
aco_current,7,7191,75,21,3,0.0,0.0,0.0,0.0,0.43936213850975037,False,False,0.0,0.0,0.0,[],0.0,0.0,0,0.0,0,2.0410000018955543e-06
aco_current,7,7191,75,21,4,0.0,0.0,0.0,0.0,0.20313307642936707,False,False,0.0,0.0,0.0,[],0.0,0.0,0,0.0,0,2.0410000018955543e-06
aco_current,7,7192,75,22,1,0.0,136.0,136.0,0.68,0.395790696144104,False,False,0.0,136.0,0.0,[],0.0,0.0,0,0.0,0,1.8750000094769348e-06
aco_current,7,7192,75,22,2,0.0,0.0,0.0,0.0,0.09907747060060501,False,False,0.0,0.0,0.0,[],0.0,0.0,0,0.0,0,1.8750000094769348e-06
aco_current,7,7192,75,22,3,0.0,0.0,0.0,0.0,0.43936213850975037,False,False,0.0,0.0,0.0,[],0.0,0.0,0,0.0,0,1.8750000094769348e-06
aco_current,7,7192,75,22,4,0.0,0.0,0.0,0.0,0.20313307642936707,False,False,0.0,0.0,0.0,[],0.0,0.0,0,0.0,0,1.8750000094769348e-06
aco_current,7,7193,75,22,1,0.0,136.0,136.0,0.68,0.395790696144104,False,False,0.0,136.0,0.0,[],0.0,0.0,0,0.0,0,2.0829999982652225e-06
aco_current,7,7193,75,22,2,0.0,0.0,0.0,0.0,0.09907747060060501,False,False,0.0,0.0,0.0,[],0.0,0.0,0,0.0,0,2.0829999982652225e-06
aco_current,7,7193,75,22,3,0.0,0.0,0.0,0.0,0.43936213850975037,False,False,0.0,0.0,0.0,[],0.0,0.0,0,0.0,0,2.0829999982652225e-06
aco_current,7,7193,75,22,4,0.0,0.0,0.0,0.0,0.20313307642936707,False,False,0.0,0.0,0.0,[],0.0,0.0,0,0.0,0,2.0829999982652225e-06
aco_current,7,7194,75,22,1,0.0,136.0,136.0,0.68,0.395790696144104,False,False,0.0,136.0,0.0,[],0.0,0.0,0,0.0,0,1.87499999526608e-06
aco_current,7,7194,75,22,2,0.0,0.0,0.0,0.0,0.09907747060060501,False,False,0.0,0.0,0.0,[],0.0,0.0,0,0.0,0,1.87499999526608e-06
aco_current,7,7194,75,22,3,0.0,0.0,0.0,0.0,0.43936213850975037,False,False,0.0,0.0,0.0,[],0.0,0.0,0,0.0,0,1.87499999526608e-06
aco_current,7,7194,75,22,4,0.0,0.0,0.0,0.0,0.20313307642936707,False,False,0.0,0.0,0.0,[],0.0,0.0,0,0.0,0,1.87499999526608e-06
aco_current,7,7195,75,22,1,0.0,136.0,136.0,0.68,0.395790696144104,False,False,0.0,136.0,0.0,[],0.0,0.0,0,0.0,0,2.7079999966872492e-06
aco_current,7,7195,75,22,2,0.0,0.0,0.0,0.0,0.09907747060060501,False,False,0.0,0.0,0.0,[],0.0,0.0,0,0.0,0,2.7079999966872492e-06
aco_current,7,7195,75,22,3,0.0,0.0,0.0,0.0,0.43936213850975037,False,False,0.0,0.0,0.0,[],0.0,0.0,0,0.0,0,2.7079999966872492e-06
aco_current,7,7195,75,22,4,0.0,0.0,0.0,0.0,0.20313307642936707,False,False,0.0,0.0,0.0,[],0.0,0.0,0,0.0,0,2.7079999966872492e-06
aco_current,7,7196,75,23,1,0.0,136.0,136.0,0.68,0.395790696144104,False,False,0.0,136.0,0.0,[],0.0,0.0,0,0.0,0,1.916000002211149e-06
aco_current,7,7196,75,23,2,0.0,0.0,0.0,0.0,0.09907747060060501,False,False,0.0,0.0,0.0,[],0.0,0.0,0,0.0,0,1.916000002211149e-06
aco_current,7,7196,75,23,3,0.0,0.0,0.0,0.0,0.43936213850975037,False,False,0.0,0.0,0.0,[],0.0,0.0,0,0.0,0,1.916000002211149e-06
aco_current,7,7196,75,23,4,0.0,0.0,0.0,0.0,0.20313307642936707,False,False,0.0,0.0,0.0,[],0.0,0.0,0,0.0,0,1.916000002211149e-06
aco_current,7,7197,75,23,1,0.0,136.0,136.0,0.68,0.395790696144104,False,False,0.0,136.0,0.0,[],0.0,0.0,0,0.0,0,1.8750000094769348e-06
aco_current,7,7197,75,23,2,0.0,0.0,0.0,0.0,0.09907747060060501,False,False,0.0,0.0,0.0,[],0.0,0.0,0,0.0,0,1.8750000094769348e-06
aco_current,7,7197,75,23,3,0.0,0.0,0.0,0.0,0.43936213850975037,False,False,0.0,0.0,0.0,[],0.0,0.0,0,0.0,0,1.8750000094769348e-06
aco_current,7,7197,75,23,4,0.0,0.0,0.0,0.0,0.20313307642936707,False,False,0.0,0.0,0.0,[],0.0,0.0,0,0.0,0,1.8750000094769348e-06
aco_current,7,7198,75,23,1,0.0,136.0,136.0,0.68,0.395790696144104,False,False,0.0,136.0,0.0,[],0.0,0.0,0,0.0,0,2.3749999940037014e-06
aco_current,7,7198,75,23,2,0.0,0.0,0.0,0.0,0.09907747060060501,False,False,0.0,0.0,0.0,[],0.0,0.0,0,0.0,0,2.3749999940037014e-06
aco_current,7,7198,75,23,3,0.0,0.0,0.0,0.0,0.43936213850975037,False,False,0.0,0.0,0.0,[],0.0,0.0,0,0.0,0,2.3749999940037014e-06
aco_current,7,7198,75,23,4,0.0,0.0,0.0,0.0,0.20313307642936707,False,False,0.0,0.0,0.0,[],0.0,0.0,0,0.0,0,2.3749999940037014e-06
aco_current,7,7199,75,23,1,0.0,136.0,136.0,0.68,0.395790696144104,False,False,0.0,136.0,0.0,[],0.0,0.0,0,0.0,0,1.916000002211149e-06
aco_current,7,7199,75,23,2,0.0,0.0,0.0,0.0,0.09907747060060501,False,False,0.0,0.0,0.0,[],0.0,0.0,0,0.0,0,1.916000002211149e-06
aco_current,7,7199,75,23,3,0.0,0.0,0.0,0.0,0.43936213850975037,False,False,0.0,0.0,0.0,[],0.0,0.0,0,0.0,0,1.916000002211149e-06
aco_current,7,7199,75,23,4,0.0,0.0,0.0,0.0,0.20313307642936707,False,False,0.0,0.0,0.0,[],0.0,0.0,0,0.0,0,1.916000002211149e-06
aco_current,7,7200,76,0,1,20.0,136.0,156.0,0.78,0.9998238682746887,False,False,0.0,156.0,0.0,[],0.0,0.0,0,0.0,0,2.249999994319296e-06
aco_current,7,7200,76,0,2,0.0,0.0,0.0,0.0,0.09907747060060501,False,False,0.0,0.0,0.0,[],0.0,0.0,0,0.0,0,2.249999994319296e-06
aco_current,7,7200,76,0,3,0.0,0.0,0.0,0.0,0.43936213850975037,False,False,0.0,0.0,0.0,[],0.0,0.0,0,0.0,0,2.249999994319296e-06
aco_current,7,7200,76,0,4,0.0,0.0,0.0,0.0,0.20313307642936707,False,False,0.0,0.0,0.0,[],0.0,0.0,0,0.0,0,2.249999994319296e-06
aco_current,7,7201,76,0,1,18.0,156.0,174.0,0.87,0.9999956488609314,True,True,30.0,144.0,0.0,[1],10.0,10.0,1,10.0,0,0.009965792000002693
aco_current,7,7201,76,0,2,0.0,0.0,0.0,0.0,0.09907747060060501,False,False,0.0,0.0,0.0,[],10.0,10.0,1,10.0,0,0.009965792000002693
aco_current,7,7201,76,0,3,0.0,0.0,0.0,0.0,0.43936213850975037,False,False,0.0,0.0,0.0,[],10.0,10.0,1,10.0,0,0.009965792000002693
aco_current,7,7201,76,0,4,0.0,0.0,0.0,0.0,0.20313307642936707,False,False,0.0,0.0,0.0,[],10.0,10.0,1,10.0,0,0.009965792000002693
aco_current,7,7202,76,0,1,19.0,144.0,163.0,0.815,0.999958872795105,True,True,30.0,133.0,0.0,[1],10.0,10.0,1,10.0,0,0.00979508400000384
aco_current,7,7202,76,0,2,0.0,0.0,0.0,0.0,0.09907747060060501,False,False,0.0,0.0,0.0,[],10.0,10.0,1,10.0,0,0.00979508400000384
aco_current,7,7202,76,0,3,0.0,0.0,0.0,0.0,0.43936213850975037,False,False,0.0,0.0,0.0,[],10.0,10.0,1,10.0,0,0.00979508400000384
aco_current,7,7202,76,0,4,0.0,0.0,0.0,0.0,0.20313307642936707,False,False,0.0,0.0,0.0,[],10.0,10.0,1,10.0,0,0.00979508400000384
aco_current,7,7203,76,0,1,18.0,133.0,151.0,0.755,0.9992603063583374,False,False,0.0,151.0,0.0,[],0.0,0.0,0,0.0,0,2.5410000006331757e-06
aco_current,7,7203,76,0,2,0.0,0.0,0.0,0.0,0.09907747060060501,False,False,0.0,0.0,0.0,[],0.0,0.0,0,0.0,0,2.5410000006331757e-06
aco_current,7,7203,76,0,3,0.0,0.0,0.0,0.0,0.43936213850975037,False,False,0.0,0.0,0.0,[],0.0,0.0,0,0.0,0,2.5410000006331757e-06
aco_current,7,7203,76,0,4,0.0,0.0,0.0,0.0,0.20313307642936707,False,False,0.0,0.0,0.0,[],0.0,0.0,0,0.0,0,2.5410000006331757e-06
aco_current,7,7204,76,1,1,18.0,151.0,169.0,0.845,0.9999886155128479,True,True,30.0,139.0,0.0,[1],10.0,10.0,1,10.0,0,0.009841584000000125
aco_current,7,7204,76,1,2,0.0,0.0,0.0,0.0,0.09907747060060501,False,False,0.0,0.0,0.0,[],10.0,10.0,1,10.0,0,0.009841584000000125
aco_current,7,7204,76,1,3,0.0,0.0,0.0,0.0,0.43936213850975037,False,False,0.0,0.0,0.0,[],10.0,10.0,1,10.0,0,0.009841584000000125
aco_current,7,7204,76,1,4,0.0,0.0,0.0,0.0,0.20313307642936707,False,False,0.0,0.0,0.0,[],10.0,10.0,1,10.0,0,0.009841584000000125
aco_current,7,7205,76,1,1,19.0,139.0,158.0,0.79,0.9998663067817688,False,False,0.0,158.0,0.0,[],0.0,0.0,0,0.0,0,2.667000003953035e-06
aco_current,7,7205,76,1,2,0.0,0.0,0.0,0.0,0.09907747060060501,False,False,0.0,0.0,0.0,[],0.0,0.0,0,0.0,0,2.667000003953035e-06
aco_current,7,7205,76,1,3,0.0,0.0,0.0,0.0,0.43936213850975037,False,False,0.0,0.0,0.0,[],0.0,0.0,0,0.0,0,2.667000003953035e-06
aco_current,7,7205,76,1,4,0.0,0.0,0.0,0.0,0.20313307642936707,False,False,0.0,0.0,0.0,[],0.0,0.0,0,0.0,0,2.667000003953035e-06
aco_current,7,7206,76,1,1,35.0,158.0,193.0,0.965,1.0,True,True,30.0,163.0,0.0,[1],10.0,10.0,1,10.0,0,0.00972654100000625
aco_current,7,7206,76,1,2,0.0,0.0,0.0,0.0,0.09907747060060501,False,False,0.0,0.0,0.0,[],10.0,10.0,1,10.0,0,0.00972654100000625
aco_current,7,7206,76,1,3,0.0,0.0,0.0,0.0,0.43936213850975037,False,False,0.0,0.0,0.0,[],10.0,10.0,1,10.0,0,0.00972654100000625
aco_current,7,7206,76,1,4,0.0,0.0,0.0,0.0,0.20313307642936707,False,False,0.0,0.0,0.0,[],10.0,10.0,1,10.0,0,0.00972654100000625
aco_current,7,7207,76,1,1,36.0,163.0,199.0,0.995,1.0,True,True,30.0,169.0,0.0,[1],10.0,10.0,1,10.0,0,0.009470041999989576
aco_current,7,7207,76,1,2,0.0,0.0,0.0,0.0,0.09907747060060501,False,False,0.0,0.0,0.0,[],10.0,10.0,1,10.0,0,0.009470041999989576
aco_current,7,7207,76,1,3,0.0,0.0,0.0,0.0,0.43936213850975037,False,False,0.0,0.0,0.0,[],10.0,10.0,1,10.0,0,0.009470041999989576
aco_current,7,7207,76,1,4,0.0,0.0,0.0,0.0,0.20313307642936707,False,False,0.0,0.0,0.0,[],10.0,10.0,1,10.0,0,0.009470041999989576
aco_current,7,7208,76,2,1,35.0,169.0,204.0,1.02,1.0,True,True,30.0,174.0,0.0,[1],10.0,10.0,1,10.0,0,0.009614207999987912
aco_current,7,7208,76,2,2,0.0,0.0,0.0,0.0,0.09907747060060501,False,False,0.0,0.0,0.0,[],10.0,10.0,1,10.0,0,0.009614207999987912
aco_current,7,7208,76,2,3,0.0,0.0,0.0,0.0,0.43936213850975037,False,False,0.0,0.0,0.0,[],10.0,10.0,1,10.0,0,0.009614207999987912
aco_current,7,7208,76,2,4,0.0,0.0,0.0,0.0,0.20313307642936707,False,False,0.0,0.0,0.0,[],10.0,10.0,1,10.0,0,0.009614207999987912
aco_current,7,7209,76,2,1,36.0,174.0,210.0,1.05,1.0,True,True,30.0,180.0,0.0,[1],10.0,10.0,1,10.0,0,0.009705875000008746
aco_current,7,7209,76,2,2,0.0,0.0,0.0,0.0,0.09907747060060501,False,False,0.0,0.0,0.0,[],10.0,10.0,1,10.0,0,0.009705875000008746
aco_current,7,7209,76,2,3,0.0,0.0,0.0,0.0,0.43936213850975037,False,False,0.0,0.0,0.0,[],10.0,10.0,1,10.0,0,0.009705875000008746
aco_current,7,7209,76,2,4,0.0,0.0,0.0,0.0,0.20313307642936707,False,False,0.0,0.0,0.0,[],10.0,10.0,1,10.0,0,0.009705875000008746
aco_current,7,7210,76,2,1,36.0,180.0,216.0,1.08,1.0,True,True,30.0,186.0,0.0,[1],10.0,10.0,1,10.0,0,0.009703458000004161
aco_current,7,7210,76,2,2,0.0,0.0,0.0,0.0,0.09907747060060501,False,False,0.0,0.0,0.0,[],10.0,10.0,1,10.0,0,0.009703458000004161
aco_current,7,7210,76,2,3,0.0,0.0,0.0,0.0,0.43936213850975037,False,False,0.0,0.0,0.0,[],10.0,10.0,1,10.0,0,0.009703458000004161
aco_current,7,7210,76,2,4,0.0,0.0,0.0,0.0,0.20313307642936707,False,False,0.0,0.0,0.0,[],10.0,10.0,1,10.0,0,0.009703458000004161
aco_current,7,7211,76,2,1,34.0,186.0,220.0,1.1,1.0,True,True,30.0,190.0,0.0,[1],10.0,10.0,1,10.0,0,0.009801874999993743
aco_current,7,7211,76,2,2,0.0,0.0,0.0,0.0,0.09907747060060501,False,False,0.0,0.0,0.0,[],10.0,10.0,1,10.0,0,0.009801874999993743
aco_current,7,7211,76,2,3,0.0,0.0,0.0,0.0,0.43936213850975037,False,False,0.0,0.0,0.0,[],10.0,10.0,1,10.0,0,0.009801874999993743
aco_current,7,7211,76,2,4,0.0,0.0,0.0,0.0,0.20313307642936707,False,False,0.0,0.0,0.0,[],10.0,10.0,1,10.0,0,0.009801874999993743
aco_current,7,7212,76,3,1,36.0,190.0,226.0,1.13,1.0,True,True,30.0,196.0,0.0,[1],10.0,10.0,1,10.0,0,0.009660749999994778
aco_current,7,7212,76,3,2,0.0,0.0,0.0,0.0,0.09907747060060501,False,False,0.0,0.0,0.0,[],10.0,10.0,1,10.0,0,0.009660749999994778
aco_current,7,7212,76,3,3,0.0,0.0,0.0,0.0,0.43936213850975037,False,False,0.0,0.0,0.0,[],10.0,10.0,1,10.0,0,0.009660749999994778
aco_current,7,7212,76,3,4,0.0,0.0,0.0,0.0,0.20313307642936707,False,False,0.0,0.0,0.0,[],10.0,10.0,1,10.0,0,0.009660749999994778
aco_current,7,7213,76,3,1,36.0,196.0,232.0,1.16,1.0,True,True,30.0,200.0,2.0,[1],10.0,10.0,1,10.0,0,0.009623791999999298
aco_current,7,7213,76,3,2,0.0,0.0,0.0,0.0,0.09907747060060501,False,False,0.0,0.0,0.0,[],10.0,10.0,1,10.0,0,0.009623791999999298
aco_current,7,7213,76,3,3,0.0,0.0,0.0,0.0,0.43936213850975037,False,False,0.0,0.0,0.0,[],10.0,10.0,1,10.0,0,0.009623791999999298
aco_current,7,7213,76,3,4,0.0,0.0,0.0,0.0,0.20313307642936707,False,False,0.0,0.0,0.0,[],10.0,10.0,1,10.0,0,0.009623791999999298
aco_current,7,7214,76,3,1,37.0,200.0,237.0,1.185,1.0,True,True,30.0,200.0,7.0,[1],10.0,10.0,1,10.0,0,0.009586874999996553
aco_current,7,7214,76,3,2,0.0,0.0,0.0,0.0,0.09907747060060501,False,False,0.0,0.0,0.0,[],10.0,10.0,1,10.0,0,0.009586874999996553
aco_current,7,7214,76,3,3,0.0,0.0,0.0,0.0,0.43936213850975037,False,False,0.0,0.0,0.0,[],10.0,10.0,1,10.0,0,0.009586874999996553
aco_current,7,7214,76,3,4,0.0,0.0,0.0,0.0,0.20313307642936707,False,False,0.0,0.0,0.0,[],10.0,10.0,1,10.0,0,0.009586874999996553
aco_current,7,7215,76,3,1,37.0,200.0,237.0,1.185,1.0,True,True,30.0,200.0,7.0,[1],10.0,10.0,1,10.0,0,0.009550042000000758
aco_current,7,7215,76,3,2,0.0,0.0,0.0,0.0,0.09907747060060501,False,False,0.0,0.0,0.0,[],10.0,10.0,1,10.0,0,0.009550042000000758
aco_current,7,7215,76,3,3,0.0,0.0,0.0,0.0,0.43936213850975037,False,False,0.0,0.0,0.0,[],10.0,10.0,1,10.0,0,0.009550042000000758
aco_current,7,7215,76,3,4,0.0,0.0,0.0,0.0,0.20313307642936707,False,False,0.0,0.0,0.0,[],10.0,10.0,1,10.0,0,0.009550042000000758
aco_current,7,7216,76,4,1,37.0,200.0,237.0,1.185,1.0,True,True,30.0,200.0,7.0,[1],10.0,10.0,1,10.0,0,0.009615124999996283
aco_current,7,7216,76,4,2,0.0,0.0,0.0,0.0,0.09907747060060501,False,False,0.0,0.0,0.0,[],10.0,10.0,1,10.0,0,0.009615124999996283
aco_current,7,7216,76,4,3,0.0,0.0,0.0,0.0,0.43936213850975037,False,False,0.0,0.0,0.0,[],10.0,10.0,1,10.0,0,0.009615124999996283
aco_current,7,7216,76,4,4,0.0,0.0,0.0,0.0,0.20313307642936707,False,False,0.0,0.0,0.0,[],10.0,10.0,1,10.0,0,0.009615124999996283
aco_current,7,7217,76,4,1,38.0,200.0,238.0,1.19,1.0,True,True,30.0,200.0,8.0,[1],10.0,10.0,1,10.0,0,0.00974391699999444
aco_current,7,7217,76,4,2,0.0,0.0,0.0,0.0,0.09907747060060501,False,False,0.0,0.0,0.0,[],10.0,10.0,1,10.0,0,0.00974391699999444
aco_current,7,7217,76,4,3,0.0,0.0,0.0,0.0,0.43936213850975037,False,False,0.0,0.0,0.0,[],10.0,10.0,1,10.0,0,0.00974391699999444
aco_current,7,7217,76,4,4,0.0,0.0,0.0,0.0,0.20313307642936707,False,False,0.0,0.0,0.0,[],10.0,10.0,1,10.0,0,0.00974391699999444
aco_current,7,7218,76,4,1,49.0,200.0,249.0,1.245,1.0,True,True,30.0,200.0,19.0,[1],10.0,10.0,1,10.0,0,0.0097505410000025
aco_current,7,7218,76,4,2,0.0,0.0,0.0,0.0,0.09907747060060501,False,False,0.0,0.0,0.0,[],10.0,10.0,1,10.0,0,0.0097505410000025
aco_current,7,7218,76,4,3,0.0,0.0,0.0,0.0,0.43936213850975037,False,False,0.0,0.0,0.0,[],10.0,10.0,1,10.0,0,0.0097505410000025
aco_current,7,7218,76,4,4,0.0,0.0,0.0,0.0,0.20313307642936707,False,False,0.0,0.0,0.0,[],10.0,10.0,1,10.0,0,0.0097505410000025
aco_current,7,7219,76,4,1,52.0,200.0,252.0,1.26,1.0,True,True,30.0,200.0,22.0,[1],10.0,10.0,1,10.0,0,0.00966479199999526
aco_current,7,7219,76,4,2,0.0,0.0,0.0,0.0,0.09907747060060501,False,False,0.0,0.0,0.0,[],10.0,10.0,1,10.0,0,0.00966479199999526
aco_current,7,7219,76,4,3,0.0,0.0,0.0,0.0,0.43936213850975037,False,False,0.0,0.0,0.0,[],10.0,10.0,1,10.0,0,0.00966479199999526
aco_current,7,7219,76,4,4,0.0,0.0,0.0,0.0,0.20313307642936707,False,False,0.0,0.0,0.0,[],10.0,10.0,1,10.0,0,0.00966479199999526
aco_current,7,7220,76,5,1,59.0,200.0,259.0,1.295,1.0,True,True,30.0,200.0,29.0,[1],10.0,10.0,1,10.0,0,0.009664916000005519
aco_current,7,7220,76,5,2,0.0,0.0,0.0,0.0,0.09907747060060501,False,False,0.0,0.0,0.0,[],10.0,10.0,1,10.0,0,0.009664916000005519
aco_current,7,7220,76,5,3,0.0,0.0,0.0,0.0,0.43936213850975037,False,False,0.0,0.0,0.0,[],10.0,10.0,1,10.0,0,0.009664916000005519
aco_current,7,7220,76,5,4,0.0,0.0,0.0,0.0,0.20313307642936707,False,False,0.0,0.0,0.0,[],10.0,10.0,1,10.0,0,0.009664916000005519
aco_current,7,7221,76,5,1,56.0,200.0,256.0,1.28,1.0,True,True,30.0,200.0,26.0,[1],10.0,10.0,1,10.0,0,0.009760666999994783
aco_current,7,7221,76,5,2,0.0,0.0,0.0,0.0,0.09907747060060501,False,False,0.0,0.0,0.0,[],10.0,10.0,1,10.0,0,0.009760666999994783
aco_current,7,7221,76,5,3,0.0,0.0,0.0,0.0,0.43936213850975037,False,False,0.0,0.0,0.0,[],10.0,10.0,1,10.0,0,0.009760666999994783
aco_current,7,7221,76,5,4,0.0,0.0,0.0,0.0,0.20313307642936707,False,False,0.0,0.0,0.0,[],10.0,10.0,1,10.0,0,0.009760666999994783
aco_current,7,7222,76,5,1,64.0,200.0,264.0,1.32,1.0,True,True,30.0,200.0,34.0,[1],10.0,10.0,1,10.0,0,0.009771290999992743
aco_current,7,7222,76,5,2,0.0,0.0,0.0,0.0,0.09907747060060501,False,False,0.0,0.0,0.0,[],10.0,10.0,1,10.0,0,0.009771290999992743
aco_current,7,7222,76,5,3,0.0,0.0,0.0,0.0,0.43936213850975037,False,False,0.0,0.0,0.0,[],10.0,10.0,1,10.0,0,0.009771290999992743
aco_current,7,7222,76,5,4,0.0,0.0,0.0,0.0,0.20313307642936707,False,False,0.0,0.0,0.0,[],10.0,10.0,1,10.0,0,0.009771290999992743
aco_current,7,7223,76,5,1,84.0,200.0,284.0,1.42,1.0,True,True,30.0,200.0,54.0,[1],10.0,10.0,1,10.0,0,0.009966292000001431
aco_current,7,7223,76,5,2,0.0,0.0,0.0,0.0,0.09907747060060501,False,False,0.0,0.0,0.0,[],10.0,10.0,1,10.0,0,0.009966292000001431
aco_current,7,7223,76,5,3,0.0,0.0,0.0,0.0,0.43936213850975037,False,False,0.0,0.0,0.0,[],10.0,10.0,1,10.0,0,0.009966292000001431
aco_current,7,7223,76,5,4,0.0,0.0,0.0,0.0,0.20313307642936707,False,False,0.0,0.0,0.0,[],10.0,10.0,1,10.0,0,0.009966292000001431
aco_current,7,7224,76,6,1,86.0,200.0,286.0,1.43,1.0,True,True,30.0,200.0,56.0,[1],10.0,10.0,1,10.0,0,0.009548249999994596
aco_current,7,7224,76,6,2,0.0,0.0,0.0,0.0,0.09907747060060501,False,False,0.0,0.0,0.0,[],10.0,10.0,1,10.0,0,0.009548249999994596
aco_current,7,7224,76,6,3,0.0,0.0,0.0,0.0,0.43936213850975037,False,False,0.0,0.0,0.0,[],10.0,10.0,1,10.0,0,0.009548249999994596
aco_current,7,7224,76,6,4,0.0,0.0,0.0,0.0,0.20313307642936707,False,False,0.0,0.0,0.0,[],10.0,10.0,1,10.0,0,0.009548249999994596
aco_current,7,7225,76,6,1,78.0,200.0,278.0,1.39,1.0,True,True,30.0,200.0,48.0,[1],10.0,10.0,1,10.0,0,0.00957754199998817
aco_current,7,7225,76,6,2,0.0,0.0,0.0,0.0,0.09907747060060501,False,False,0.0,0.0,0.0,[],10.0,10.0,1,10.0,0,0.00957754199998817
aco_current,7,7225,76,6,3,0.0,0.0,0.0,0.0,0.43936213850975037,False,False,0.0,0.0,0.0,[],10.0,10.0,1,10.0,0,0.00957754199998817
aco_current,7,7225,76,6,4,0.0,0.0,0.0,0.0,0.20313307642936707,False,False,0.0,0.0,0.0,[],10.0,10.0,1,10.0,0,0.00957754199998817
aco_current,7,7226,76,6,1,66.0,200.0,266.0,1.33,1.0,True,True,30.0,200.0,36.0,[1],10.0,10.0,1,10.0,0,0.009886165999986929
aco_current,7,7226,76,6,2,0.0,0.0,0.0,0.0,0.09907747060060501,False,False,0.0,0.0,0.0,[],10.0,10.0,1,10.0,0,0.009886165999986929
aco_current,7,7226,76,6,3,0.0,0.0,0.0,0.0,0.43936213850975037,False,False,0.0,0.0,0.0,[],10.0,10.0,1,10.0,0,0.009886165999986929
aco_current,7,7226,76,6,4,0.0,0.0,0.0,0.0,0.20313307642936707,False,False,0.0,0.0,0.0,[],10.0,10.0,1,10.0,0,0.009886165999986929
aco_current,7,7227,76,6,1,59.0,200.0,259.0,1.295,1.0,True,True,30.0,200.0,29.0,[1],10.0,10.0,1,10.0,0,0.009847290999999814
aco_current,7,7227,76,6,2,0.0,0.0,0.0,0.0,0.09907747060060501,False,False,0.0,0.0,0.0,[],10.0,10.0,1,10.0,0,0.009847290999999814
aco_current,7,7227,76,6,3,0.0,0.0,0.0,0.0,0.43936213850975037,False,False,0.0,0.0,0.0,[],10.0,10.0,1,10.0,0,0.009847290999999814
aco_current,7,7227,76,6,4,0.0,0.0,0.0,0.0,0.20313307642936707,False,False,0.0,0.0,0.0,[],10.0,10.0,1,10.0,0,0.009847290999999814
aco_current,7,7228,76,7,1,54.0,200.0,254.0,1.27,1.0,True,True,30.0,200.0,24.0,[1],10.0,10.0,1,10.0,0,0.009580541999994807
aco_current,7,7228,76,7,2,0.0,0.0,0.0,0.0,0.09907747060060501,False,False,0.0,0.0,0.0,[],10.0,10.0,1,10.0,0,0.009580541999994807
aco_current,7,7228,76,7,3,0.0,0.0,0.0,0.0,0.43936213850975037,False,False,0.0,0.0,0.0,[],10.0,10.0,1,10.0,0,0.009580541999994807
aco_current,7,7228,76,7,4,0.0,0.0,0.0,0.0,0.20313307642936707,False,False,0.0,0.0,0.0,[],10.0,10.0,1,10.0,0,0.009580541999994807
aco_current,7,7229,76,7,1,56.0,200.0,256.0,1.28,1.0,True,True,30.0,200.0,26.0,[1],10.0,10.0,1,10.0,0,0.00994362500000534
aco_current,7,7229,76,7,2,0.0,0.0,0.0,0.0,0.09907747060060501,False,False,0.0,0.0,0.0,[],10.0,10.0,1,10.0,0,0.00994362500000534
aco_current,7,7229,76,7,3,0.0,0.0,0.0,0.0,0.43936213850975037,False,False,0.0,0.0,0.0,[],10.0,10.0,1,10.0,0,0.00994362500000534
aco_current,7,7229,76,7,4,0.0,0.0,0.0,0.0,0.20313307642936707,False,False,0.0,0.0,0.0,[],10.0,10.0,1,10.0,0,0.00994362500000534
aco_current,7,7230,76,7,1,54.0,200.0,254.0,1.27,1.0,True,True,30.0,200.0,24.0,[1],10.0,10.0,1,10.0,0,0.009706291999989958
aco_current,7,7230,76,7,2,0.0,0.0,0.0,0.0,0.09907747060060501,False,False,0.0,0.0,0.0,[],10.0,10.0,1,10.0,0,0.009706291999989958
aco_current,7,7230,76,7,3,0.0,0.0,0.0,0.0,0.43936213850975037,False,False,0.0,0.0,0.0,[],10.0,10.0,1,10.0,0,0.009706291999989958
aco_current,7,7230,76,7,4,0.0,0.0,0.0,0.0,0.20313307642936707,False,False,0.0,0.0,0.0,[],10.0,10.0,1,10.0,0,0.009706291999989958
aco_current,7,7231,76,7,1,54.0,200.0,254.0,1.27,1.0,True,True,30.0,200.0,24.0,[1],10.0,10.0,1,10.0,0,0.01056037499999718
aco_current,7,7231,76,7,2,0.0,0.0,0.0,0.0,0.09907747060060501,False,False,0.0,0.0,0.0,[],10.0,10.0,1,10.0,0,0.01056037499999718
aco_current,7,7231,76,7,3,0.0,0.0,0.0,0.0,0.43936213850975037,False,False,0.0,0.0,0.0,[],10.0,10.0,1,10.0,0,0.01056037499999718
aco_current,7,7231,76,7,4,0.0,0.0,0.0,0.0,0.20313307642936707,False,False,0.0,0.0,0.0,[],10.0,10.0,1,10.0,0,0.01056037499999718
aco_current,7,7232,76,8,1,57.0,200.0,257.0,1.285,1.0,True,True,30.0,200.0,27.0,[1],10.0,10.0,1,10.0,0,0.011137125000004744
aco_current,7,7232,76,8,2,0.0,0.0,0.0,0.0,0.09907747060060501,False,False,0.0,0.0,0.0,[],10.0,10.0,1,10.0,0,0.011137125000004744
aco_current,7,7232,76,8,3,0.0,0.0,0.0,0.0,0.43936213850975037,False,False,0.0,0.0,0.0,[],10.0,10.0,1,10.0,0,0.011137125000004744
aco_current,7,7232,76,8,4,0.0,0.0,0.0,0.0,0.20313307642936707,False,False,0.0,0.0,0.0,[],10.0,10.0,1,10.0,0,0.011137125000004744
aco_current,7,7233,76,8,1,55.0,200.0,255.0,1.275,1.0,True,True,30.0,200.0,25.0,[1],10.0,10.0,1,10.0,0,0.010207625000006715
aco_current,7,7233,76,8,2,0.0,0.0,0.0,0.0,0.09907747060060501,False,False,0.0,0.0,0.0,[],10.0,10.0,1,10.0,0,0.010207625000006715
aco_current,7,7233,76,8,3,0.0,0.0,0.0,0.0,0.43936213850975037,False,False,0.0,0.0,0.0,[],10.0,10.0,1,10.0,0,0.010207625000006715
aco_current,7,7233,76,8,4,0.0,0.0,0.0,0.0,0.20313307642936707,False,False,0.0,0.0,0.0,[],10.0,10.0,1,10.0,0,0.010207625000006715
aco_current,7,7234,76,8,1,54.0,200.0,254.0,1.27,1.0,True,True,30.0,200.0,24.0,[1],10.0,10.0,1,10.0,0,0.011267082999992795
aco_current,7,7234,76,8,2,0.0,0.0,0.0,0.0,0.09907747060060501,False,False,0.0,0.0,0.0,[],10.0,10.0,1,10.0,0,0.011267082999992795
aco_current,7,7234,76,8,3,0.0,0.0,0.0,0.0,0.43936213850975037,False,False,0.0,0.0,0.0,[],10.0,10.0,1,10.0,0,0.011267082999992795
aco_current,7,7234,76,8,4,0.0,0.0,0.0,0.0,0.20313307642936707,False,False,0.0,0.0,0.0,[],10.0,10.0,1,10.0,0,0.011267082999992795
aco_current,7,7235,76,8,1,55.0,200.0,255.0,1.275,1.0,True,True,30.0,200.0,25.0,[1],10.0,10.0,1,10.0,0,0.009826040999996621
aco_current,7,7235,76,8,2,0.0,0.0,0.0,0.0,0.09907747060060501,False,False,0.0,0.0,0.0,[],10.0,10.0,1,10.0,0,0.009826040999996621
aco_current,7,7235,76,8,3,0.0,0.0,0.0,0.0,0.43936213850975037,False,False,0.0,0.0,0.0,[],10.0,10.0,1,10.0,0,0.009826040999996621
aco_current,7,7235,76,8,4,0.0,0.0,0.0,0.0,0.20313307642936707,False,False,0.0,0.0,0.0,[],10.0,10.0,1,10.0,0,0.009826040999996621
aco_current,7,7236,76,9,1,50.0,200.0,250.0,1.25,1.0,True,True,30.0,200.0,20.0,[1],10.0,10.0,1,10.0,0,0.010296541000002435
aco_current,7,7236,76,9,2,0.0,0.0,0.0,0.0,0.09907747060060501,False,False,0.0,0.0,0.0,[],10.0,10.0,1,10.0,0,0.010296541000002435
aco_current,7,7236,76,9,3,0.0,0.0,0.0,0.0,0.43936213850975037,False,False,0.0,0.0,0.0,[],10.0,10.0,1,10.0,0,0.010296541000002435
aco_current,7,7236,76,9,4,0.0,0.0,0.0,0.0,0.20313307642936707,False,False,0.0,0.0,0.0,[],10.0,10.0,1,10.0,0,0.010296541000002435
aco_current,7,7237,76,9,1,45.0,200.0,245.0,1.225,1.0,True,True,30.0,200.0,15.0,[1],10.0,10.0,1,10.0,0,0.010042333000001236
aco_current,7,7237,76,9,2,0.0,0.0,0.0,0.0,0.09907747060060501,False,False,0.0,0.0,0.0,[],10.0,10.0,1,10.0,0,0.010042333000001236
aco_current,7,7237,76,9,3,0.0,0.0,0.0,0.0,0.43936213850975037,False,False,0.0,0.0,0.0,[],10.0,10.0,1,10.0,0,0.010042333000001236
aco_current,7,7237,76,9,4,0.0,0.0,0.0,0.0,0.20313307642936707,False,False,0.0,0.0,0.0,[],10.0,10.0,1,10.0,0,0.010042333000001236
aco_current,7,7238,76,9,1,45.0,200.0,245.0,1.225,1.0,True,True,30.0,200.0,15.0,[1],10.0,10.0,1,10.0,0,0.010122542000004842
aco_current,7,7238,76,9,2,0.0,0.0,0.0,0.0,0.09907747060060501,False,False,0.0,0.0,0.0,[],10.0,10.0,1,10.0,0,0.010122542000004842
aco_current,7,7238,76,9,3,0.0,0.0,0.0,0.0,0.43936213850975037,False,False,0.0,0.0,0.0,[],10.0,10.0,1,10.0,0,0.010122542000004842
aco_current,7,7238,76,9,4,0.0,0.0,0.0,0.0,0.20313307642936707,False,False,0.0,0.0,0.0,[],10.0,10.0,1,10.0,0,0.010122542000004842
aco_current,7,7239,76,9,1,38.0,200.0,238.0,1.19,1.0,True,True,30.0,200.0,8.0,[1],10.0,10.0,1,10.0,0,0.01010020900000086
aco_current,7,7239,76,9,2,0.0,0.0,0.0,0.0,0.09907747060060501,False,False,0.0,0.0,0.0,[],10.0,10.0,1,10.0,0,0.01010020900000086
aco_current,7,7239,76,9,3,0.0,0.0,0.0,0.0,0.43936213850975037,False,False,0.0,0.0,0.0,[],10.0,10.0,1,10.0,0,0.01010020900000086
aco_current,7,7239,76,9,4,0.0,0.0,0.0,0.0,0.20313307642936707,False,False,0.0,0.0,0.0,[],10.0,10.0,1,10.0,0,0.01010020900000086
aco_current,7,7240,76,10,1,32.0,200.0,232.0,1.16,1.0,True,True,30.0,200.0,2.0,[1],10.0,10.0,1,10.0,0,0.010410041000000092
aco_current,7,7240,76,10,2,0.0,0.0,0.0,0.0,0.09907747060060501,False,False,0.0,0.0,0.0,[],10.0,10.0,1,10.0,0,0.010410041000000092
aco_current,7,7240,76,10,3,0.0,0.0,0.0,0.0,0.43936213850975037,False,False,0.0,0.0,0.0,[],10.0,10.0,1,10.0,0,0.010410041000000092
aco_current,7,7240,76,10,4,0.0,0.0,0.0,0.0,0.20313307642936707,False,False,0.0,0.0,0.0,[],10.0,10.0,1,10.0,0,0.010410041000000092
aco_current,7,7241,76,10,1,24.0,200.0,224.0,1.12,1.0,True,True,30.0,194.0,0.0,[1],10.0,10.0,1,10.0,0,0.010214665999995987
aco_current,7,7241,76,10,2,0.0,0.0,0.0,0.0,0.09907747060060501,False,False,0.0,0.0,0.0,[],10.0,10.0,1,10.0,0,0.010214665999995987
aco_current,7,7241,76,10,3,0.0,0.0,0.0,0.0,0.43936213850975037,False,False,0.0,0.0,0.0,[],10.0,10.0,1,10.0,0,0.010214665999995987
aco_current,7,7241,76,10,4,0.0,0.0,0.0,0.0,0.20313307642936707,False,False,0.0,0.0,0.0,[],10.0,10.0,1,10.0,0,0.010214665999995987
aco_current,7,7242,76,10,1,20.0,194.0,214.0,1.07,1.0,True,True,30.0,184.0,0.0,[1],10.0,10.0,1,10.0,0,0.009831667000000266
aco_current,7,7242,76,10,2,0.0,0.0,0.0,0.0,0.09907747060060501,False,False,0.0,0.0,0.0,[],10.0,10.0,1,10.0,0,0.009831667000000266
aco_current,7,7242,76,10,3,0.0,0.0,0.0,0.0,0.43936213850975037,False,False,0.0,0.0,0.0,[],10.0,10.0,1,10.0,0,0.009831667000000266
aco_current,7,7242,76,10,4,0.0,0.0,0.0,0.0,0.20313307642936707,False,False,0.0,0.0,0.0,[],10.0,10.0,1,10.0,0,0.009831667000000266
aco_current,7,7243,76,10,1,20.0,184.0,204.0,1.02,1.0,True,True,30.0,174.0,0.0,[1],10.0,10.0,1,10.0,0,0.00943250000000262
aco_current,7,7243,76,10,2,0.0,0.0,0.0,0.0,0.09907747060060501,False,False,0.0,0.0,0.0,[],10.0,10.0,1,10.0,0,0.00943250000000262
aco_current,7,7243,76,10,3,0.0,0.0,0.0,0.0,0.43936213850975037,False,False,0.0,0.0,0.0,[],10.0,10.0,1,10.0,0,0.00943250000000262
aco_current,7,7243,76,10,4,0.0,0.0,0.0,0.0,0.20313307642936707,False,False,0.0,0.0,0.0,[],10.0,10.0,1,10.0,0,0.00943250000000262
aco_current,7,7244,76,11,1,21.0,174.0,195.0,0.975,1.0,True,True,30.0,165.0,0.0,[1],10.0,10.0,1,10.0,0,0.009638249999994741
aco_current,7,7244,76,11,2,0.0,0.0,0.0,0.0,0.09907747060060501,False,False,0.0,0.0,0.0,[],10.0,10.0,1,10.0,0,0.009638249999994741
aco_current,7,7244,76,11,3,0.0,0.0,0.0,0.0,0.43936213850975037,False,False,0.0,0.0,0.0,[],10.0,10.0,1,10.0,0,0.009638249999994741
aco_current,7,7244,76,11,4,0.0,0.0,0.0,0.0,0.20313307642936707,False,False,0.0,0.0,0.0,[],10.0,10.0,1,10.0,0,0.009638249999994741
aco_current,7,7245,76,11,1,20.0,165.0,185.0,0.925,0.9999999403953552,True,True,30.0,155.0,0.0,[1],10.0,10.0,1,10.0,0,0.010495708000007653
aco_current,7,7245,76,11,2,0.0,0.0,0.0,0.0,0.09907747060060501,False,False,0.0,0.0,0.0,[],10.0,10.0,1,10.0,0,0.010495708000007653
aco_current,7,7245,76,11,3,0.0,0.0,0.0,0.0,0.43936213850975037,False,False,0.0,0.0,0.0,[],10.0,10.0,1,10.0,0,0.010495708000007653
aco_current,7,7245,76,11,4,0.0,0.0,0.0,0.0,0.20313307642936707,False,False,0.0,0.0,0.0,[],10.0,10.0,1,10.0,0,0.010495708000007653
aco_current,7,7246,76,11,1,20.0,155.0,175.0,0.875,0.9999988675117493,True,True,30.0,145.0,0.0,[1],10.0,10.0,1,10.0,0,0.009519499999996128
aco_current,7,7246,76,11,2,0.0,0.0,0.0,0.0,0.09907747060060501,False,False,0.0,0.0,0.0,[],10.0,10.0,1,10.0,0,0.009519499999996128
aco_current,7,7246,76,11,3,0.0,0.0,0.0,0.0,0.43936213850975037,False,False,0.0,0.0,0.0,[],10.0,10.0,1,10.0,0,0.009519499999996128
aco_current,7,7246,76,11,4,0.0,0.0,0.0,0.0,0.20313307642936707,False,False,0.0,0.0,0.0,[],10.0,10.0,1,10.0,0,0.009519499999996128
aco_current,7,7247,76,11,1,21.0,145.0,166.0,0.83,0.9999917149543762,True,True,30.0,136.0,0.0,[1],10.0,10.0,1,10.0,0,0.009311125000010634
aco_current,7,7247,76,11,2,0.0,0.0,0.0,0.0,0.09907747060060501,False,False,0.0,0.0,0.0,[],10.0,10.0,1,10.0,0,0.009311125000010634
aco_current,7,7247,76,11,3,0.0,0.0,0.0,0.0,0.43936213850975037,False,False,0.0,0.0,0.0,[],10.0,10.0,1,10.0,0,0.009311125000010634
aco_current,7,7247,76,11,4,0.0,0.0,0.0,0.0,0.20313307642936707,False,False,0.0,0.0,0.0,[],10.0,10.0,1,10.0,0,0.009311125000010634
aco_current,7,7248,76,12,1,5.0,136.0,141.0,0.705,0.7073729038238525,False,False,0.0,141.0,0.0,[],0.0,0.0,0,0.0,0,3.417000002059467e-06
aco_current,7,7248,76,12,2,0.0,0.0,0.0,0.0,0.09907747060060501,False,False,0.0,0.0,0.0,[],0.0,0.0,0,0.0,0,3.417000002059467e-06
aco_current,7,7248,76,12,3,0.0,0.0,0.0,0.0,0.43936213850975037,False,False,0.0,0.0,0.0,[],0.0,0.0,0,0.0,0,3.417000002059467e-06
aco_current,7,7248,76,12,4,0.0,0.0,0.0,0.0,0.20313307642936707,False,False,0.0,0.0,0.0,[],0.0,0.0,0,0.0,0,3.417000002059467e-06
aco_current,7,7249,76,12,1,0.0,141.0,141.0,0.705,0.13837099075317383,False,False,0.0,141.0,0.0,[],0.0,0.0,0,0.0,0,2.292000004899819e-06
aco_current,7,7249,76,12,2,0.0,0.0,0.0,0.0,0.09907747060060501,False,False,0.0,0.0,0.0,[],0.0,0.0,0,0.0,0,2.292000004899819e-06
aco_current,7,7249,76,12,3,0.0,0.0,0.0,0.0,0.43936213850975037,False,False,0.0,0.0,0.0,[],0.0,0.0,0,0.0,0,2.292000004899819e-06
aco_current,7,7249,76,12,4,0.0,0.0,0.0,0.0,0.20313307642936707,False,False,0.0,0.0,0.0,[],0.0,0.0,0,0.0,0,2.292000004899819e-06
aco_current,7,7250,76,12,1,0.0,141.0,141.0,0.705,0.16554008424282074,False,False,0.0,141.0,0.0,[],0.0,0.0,0,0.0,0,2.5420000042686297e-06
aco_current,7,7250,76,12,2,0.0,0.0,0.0,0.0,0.09907747060060501,False,False,0.0,0.0,0.0,[],0.0,0.0,0,0.0,0,2.5420000042686297e-06
aco_current,7,7250,76,12,3,0.0,0.0,0.0,0.0,0.43936213850975037,False,False,0.0,0.0,0.0,[],0.0,0.0,0,0.0,0,2.5420000042686297e-06
aco_current,7,7250,76,12,4,0.0,0.0,0.0,0.0,0.20313307642936707,False,False,0.0,0.0,0.0,[],0.0,0.0,0,0.0,0,2.5420000042686297e-06
aco_current,7,7251,76,12,1,0.0,141.0,141.0,0.705,0.3291085958480835,False,False,0.0,141.0,0.0,[],0.0,0.0,0,0.0,0,1.791999991951343e-06
aco_current,7,7251,76,12,2,0.0,0.0,0.0,0.0,0.09907747060060501,False,False,0.0,0.0,0.0,[],0.0,0.0,0,0.0,0,1.791999991951343e-06
aco_current,7,7251,76,12,3,0.0,0.0,0.0,0.0,0.43936213850975037,False,False,0.0,0.0,0.0,[],0.0,0.0,0,0.0,0,1.791999991951343e-06
aco_current,7,7251,76,12,4,0.0,0.0,0.0,0.0,0.20313307642936707,False,False,0.0,0.0,0.0,[],0.0,0.0,0,0.0,0,1.791999991951343e-06
aco_current,7,7252,76,13,1,0.0,141.0,141.0,0.705,0.35197699069976807,False,False,0.0,141.0,0.0,[],0.0,0.0,0,0.0,0,1.8329999988964119e-06
aco_current,7,7252,76,13,2,0.0,0.0,0.0,0.0,0.09907747060060501,False,False,0.0,0.0,0.0,[],0.0,0.0,0,0.0,0,1.8329999988964119e-06
aco_current,7,7252,76,13,3,0.0,0.0,0.0,0.0,0.43936213850975037,False,False,0.0,0.0,0.0,[],0.0,0.0,0,0.0,0,1.8329999988964119e-06
aco_current,7,7252,76,13,4,0.0,0.0,0.0,0.0,0.20313307642936707,False,False,0.0,0.0,0.0,[],0.0,0.0,0,0.0,0,1.8329999988964119e-06
aco_current,7,7253,76,13,1,0.0,141.0,141.0,0.705,0.35197699069976807,False,False,0.0,141.0,0.0,[],0.0,0.0,0,0.0,0,2.7920000036374404e-06
aco_current,7,7253,76,13,2,0.0,0.0,0.0,0.0,0.09907747060060501,False,False,0.0,0.0,0.0,[],0.0,0.0,0,0.0,0,2.7920000036374404e-06
aco_current,7,7253,76,13,3,0.0,0.0,0.0,0.0,0.43936213850975037,False,False,0.0,0.0,0.0,[],0.0,0.0,0,0.0,0,2.7920000036374404e-06
aco_current,7,7253,76,13,4,0.0,0.0,0.0,0.0,0.20313307642936707,False,False,0.0,0.0,0.0,[],0.0,0.0,0,0.0,0,2.7920000036374404e-06
aco_current,7,7254,76,13,1,0.0,141.0,141.0,0.705,0.35197699069976807,False,False,0.0,141.0,0.0,[],0.0,0.0,0,0.0,0,1.8329999988964119e-06
aco_current,7,7254,76,13,2,0.0,0.0,0.0,0.0,0.09907747060060501,False,False,0.0,0.0,0.0,[],0.0,0.0,0,0.0,0,1.8329999988964119e-06
aco_current,7,7254,76,13,3,0.0,0.0,0.0,0.0,0.43936213850975037,False,False,0.0,0.0,0.0,[],0.0,0.0,0,0.0,0,1.8329999988964119e-06
aco_current,7,7254,76,13,4,0.0,0.0,0.0,0.0,0.20313307642936707,False,False,0.0,0.0,0.0,[],0.0,0.0,0,0.0,0,1.8329999988964119e-06
aco_current,7,7255,76,13,1,0.0,141.0,141.0,0.705,0.35197699069976807,False,False,0.0,141.0,0.0,[],0.0,0.0,0,0.0,0,2.250000008530151e-06
aco_current,7,7255,76,13,2,0.0,0.0,0.0,0.0,0.09907747060060501,False,False,0.0,0.0,0.0,[],0.0,0.0,0,0.0,0,2.250000008530151e-06
aco_current,7,7255,76,13,3,0.0,0.0,0.0,0.0,0.43936213850975037,False,False,0.0,0.0,0.0,[],0.0,0.0,0,0.0,0,2.250000008530151e-06
aco_current,7,7255,76,13,4,0.0,0.0,0.0,0.0,0.20313307642936707,False,False,0.0,0.0,0.0,[],0.0,0.0,0,0.0,0,2.250000008530151e-06
aco_current,7,7256,76,14,1,0.0,141.0,141.0,0.705,0.35197699069976807,False,False,0.0,141.0,0.0,[],0.0,0.0,0,0.0,0,2.8329999963716546e-06
aco_current,7,7256,76,14,2,0.0,0.0,0.0,0.0,0.09907747060060501,False,False,0.0,0.0,0.0,[],0.0,0.0,0,0.0,0,2.8329999963716546e-06
aco_current,7,7256,76,14,3,0.0,0.0,0.0,0.0,0.43936213850975037,False,False,0.0,0.0,0.0,[],0.0,0.0,0,0.0,0,2.8329999963716546e-06
aco_current,7,7256,76,14,4,0.0,0.0,0.0,0.0,0.20313307642936707,False,False,0.0,0.0,0.0,[],0.0,0.0,0,0.0,0,2.8329999963716546e-06
aco_current,7,7257,76,14,1,0.0,141.0,141.0,0.705,0.35197699069976807,False,False,0.0,141.0,0.0,[],0.0,0.0,0,0.0,0,2.0829999982652225e-06
aco_current,7,7257,76,14,2,0.0,0.0,0.0,0.0,0.09907747060060501,False,False,0.0,0.0,0.0,[],0.0,0.0,0,0.0,0,2.0829999982652225e-06
aco_current,7,7257,76,14,3,0.0,0.0,0.0,0.0,0.43936213850975037,False,False,0.0,0.0,0.0,[],0.0,0.0,0,0.0,0,2.0829999982652225e-06
aco_current,7,7257,76,14,4,0.0,0.0,0.0,0.0,0.20313307642936707,False,False,0.0,0.0,0.0,[],0.0,0.0,0,0.0,0,2.0829999982652225e-06
aco_current,7,7258,76,14,1,0.0,141.0,141.0,0.705,0.35197699069976807,False,False,0.0,141.0,0.0,[],0.0,0.0,0,0.0,0,3.2089999990603246e-06
aco_current,7,7258,76,14,2,0.0,0.0,0.0,0.0,0.09907747060060501,False,False,0.0,0.0,0.0,[],0.0,0.0,0,0.0,0,3.2089999990603246e-06
aco_current,7,7258,76,14,3,0.0,0.0,0.0,0.0,0.43936213850975037,False,False,0.0,0.0,0.0,[],0.0,0.0,0,0.0,0,3.2089999990603246e-06
aco_current,7,7258,76,14,4,0.0,0.0,0.0,0.0,0.20313307642936707,False,False,0.0,0.0,0.0,[],0.0,0.0,0,0.0,0,3.2089999990603246e-06
aco_current,7,7259,76,14,1,0.0,141.0,141.0,0.705,0.35197699069976807,False,False,0.0,141.0,0.0,[],0.0,0.0,0,0.0,0,1.791999991951343e-06
aco_current,7,7259,76,14,2,0.0,0.0,0.0,0.0,0.09907747060060501,False,False,0.0,0.0,0.0,[],0.0,0.0,0,0.0,0,1.791999991951343e-06
aco_current,7,7259,76,14,3,0.0,0.0,0.0,0.0,0.43936213850975037,False,False,0.0,0.0,0.0,[],0.0,0.0,0,0.0,0,1.791999991951343e-06
aco_current,7,7259,76,14,4,0.0,0.0,0.0,0.0,0.20313307642936707,False,False,0.0,0.0,0.0,[],0.0,0.0,0,0.0,0,1.791999991951343e-06
aco_current,7,7260,76,15,1,0.0,141.0,141.0,0.705,0.35197699069976807,False,False,0.0,141.0,0.0,[],0.0,0.0,0,0.0,0,2.4999999936881068e-06
aco_current,7,7260,76,15,2,0.0,0.0,0.0,0.0,0.09907747060060501,False,False,0.0,0.0,0.0,[],0.0,0.0,0,0.0,0,2.4999999936881068e-06
aco_current,7,7260,76,15,3,0.0,0.0,0.0,0.0,0.43936213850975037,False,False,0.0,0.0,0.0,[],0.0,0.0,0,0.0,0,2.4999999936881068e-06
aco_current,7,7260,76,15,4,0.0,0.0,0.0,0.0,0.20313307642936707,False,False,0.0,0.0,0.0,[],0.0,0.0,0,0.0,0,2.4999999936881068e-06
aco_current,7,7261,76,15,1,0.0,141.0,141.0,0.705,0.35197699069976807,False,False,0.0,141.0,0.0,[],0.0,0.0,0,0.0,0,2.5410000006331757e-06
aco_current,7,7261,76,15,2,0.0,0.0,0.0,0.0,0.09907747060060501,False,False,0.0,0.0,0.0,[],0.0,0.0,0,0.0,0,2.5410000006331757e-06
aco_current,7,7261,76,15,3,0.0,0.0,0.0,0.0,0.43936213850975037,False,False,0.0,0.0,0.0,[],0.0,0.0,0,0.0,0,2.5410000006331757e-06
aco_current,7,7261,76,15,4,0.0,0.0,0.0,0.0,0.20313307642936707,False,False,0.0,0.0,0.0,[],0.0,0.0,0,0.0,0,2.5410000006331757e-06
aco_current,7,7262,76,15,1,0.0,141.0,141.0,0.705,0.35197699069976807,False,False,0.0,141.0,0.0,[],0.0,0.0,0,0.0,0,1.9590000022162712e-06
aco_current,7,7262,76,15,2,0.0,0.0,0.0,0.0,0.09907747060060501,False,False,0.0,0.0,0.0,[],0.0,0.0,0,0.0,0,1.9590000022162712e-06
aco_current,7,7262,76,15,3,0.0,0.0,0.0,0.0,0.43936213850975037,False,False,0.0,0.0,0.0,[],0.0,0.0,0,0.0,0,1.9590000022162712e-06
aco_current,7,7262,76,15,4,0.0,0.0,0.0,0.0,0.20313307642936707,False,False,0.0,0.0,0.0,[],0.0,0.0,0,0.0,0,1.9590000022162712e-06
aco_current,7,7263,76,15,1,0.0,141.0,141.0,0.705,0.35197699069976807,False,False,0.0,141.0,0.0,[],0.0,0.0,0,0.0,0,2.4580000115292933e-06
aco_current,7,7263,76,15,2,0.0,0.0,0.0,0.0,0.09907747060060501,False,False,0.0,0.0,0.0,[],0.0,0.0,0,0.0,0,2.4580000115292933e-06
aco_current,7,7263,76,15,3,0.0,0.0,0.0,0.0,0.43936213850975037,False,False,0.0,0.0,0.0,[],0.0,0.0,0,0.0,0,2.4580000115292933e-06
aco_current,7,7263,76,15,4,0.0,0.0,0.0,0.0,0.20313307642936707,False,False,0.0,0.0,0.0,[],0.0,0.0,0,0.0,0,2.4580000115292933e-06
aco_current,7,7264,76,16,1,0.0,141.0,141.0,0.705,0.35197699069976807,False,False,0.0,141.0,0.0,[],0.0,0.0,0,0.0,0,2.1670000052154137e-06
aco_current,7,7264,76,16,2,0.0,0.0,0.0,0.0,0.09907747060060501,False,False,0.0,0.0,0.0,[],0.0,0.0,0,0.0,0,2.1670000052154137e-06
aco_current,7,7264,76,16,3,0.0,0.0,0.0,0.0,0.43936213850975037,False,False,0.0,0.0,0.0,[],0.0,0.0,0,0.0,0,2.1670000052154137e-06
aco_current,7,7264,76,16,4,0.0,0.0,0.0,0.0,0.20313307642936707,False,False,0.0,0.0,0.0,[],0.0,0.0,0,0.0,0,2.1670000052154137e-06
aco_current,7,7265,76,16,1,0.0,141.0,141.0,0.705,0.35197699069976807,False,False,0.0,141.0,0.0,[],0.0,0.0,0,0.0,0,1.9169999916357483e-06
aco_current,7,7265,76,16,2,0.0,0.0,0.0,0.0,0.09907747060060501,False,False,0.0,0.0,0.0,[],0.0,0.0,0,0.0,0,1.9169999916357483e-06
aco_current,7,7265,76,16,3,0.0,0.0,0.0,0.0,0.43936213850975037,False,False,0.0,0.0,0.0,[],0.0,0.0,0,0.0,0,1.9169999916357483e-06
aco_current,7,7265,76,16,4,0.0,0.0,0.0,0.0,0.20313307642936707,False,False,0.0,0.0,0.0,[],0.0,0.0,0,0.0,0,1.9169999916357483e-06
aco_current,7,7266,76,16,1,0.0,141.0,141.0,0.705,0.35197699069976807,False,False,0.0,141.0,0.0,[],0.0,0.0,0,0.0,0,2.7920000036374404e-06
aco_current,7,7266,76,16,2,0.0,0.0,0.0,0.0,0.09907747060060501,False,False,0.0,0.0,0.0,[],0.0,0.0,0,0.0,0,2.7920000036374404e-06
aco_current,7,7266,76,16,3,0.0,0.0,0.0,0.0,0.43936213850975037,False,False,0.0,0.0,0.0,[],0.0,0.0,0,0.0,0,2.7920000036374404e-06
aco_current,7,7266,76,16,4,0.0,0.0,0.0,0.0,0.20313307642936707,False,False,0.0,0.0,0.0,[],0.0,0.0,0,0.0,0,2.7920000036374404e-06
aco_current,7,7267,76,16,1,0.0,141.0,141.0,0.705,0.35197699069976807,False,False,0.0,141.0,0.0,[],0.0,0.0,0,0.0,0,1.916000002211149e-06
aco_current,7,7267,76,16,2,0.0,0.0,0.0,0.0,0.09907747060060501,False,False,0.0,0.0,0.0,[],0.0,0.0,0,0.0,0,1.916000002211149e-06
aco_current,7,7267,76,16,3,0.0,0.0,0.0,0.0,0.43936213850975037,False,False,0.0,0.0,0.0,[],0.0,0.0,0,0.0,0,1.916000002211149e-06
aco_current,7,7267,76,16,4,0.0,0.0,0.0,0.0,0.20313307642936707,False,False,0.0,0.0,0.0,[],0.0,0.0,0,0.0,0,1.916000002211149e-06
aco_current,7,7268,76,17,1,0.0,141.0,141.0,0.705,0.35197699069976807,False,False,0.0,141.0,0.0,[],0.0,0.0,0,0.0,0,1.87499999526608e-06
aco_current,7,7268,76,17,2,0.0,0.0,0.0,0.0,0.09907747060060501,False,False,0.0,0.0,0.0,[],0.0,0.0,0,0.0,0,1.87499999526608e-06
aco_current,7,7268,76,17,3,0.0,0.0,0.0,0.0,0.43936213850975037,False,False,0.0,0.0,0.0,[],0.0,0.0,0,0.0,0,1.87499999526608e-06
aco_current,7,7268,76,17,4,0.0,0.0,0.0,0.0,0.20313307642936707,False,False,0.0,0.0,0.0,[],0.0,0.0,0,0.0,0,1.87499999526608e-06
aco_current,7,7269,76,17,1,0.0,141.0,141.0,0.705,0.35197699069976807,False,False,0.0,141.0,0.0,[],0.0,0.0,0,0.0,0,2.667000003953035e-06
aco_current,7,7269,76,17,2,0.0,0.0,0.0,0.0,0.09907747060060501,False,False,0.0,0.0,0.0,[],0.0,0.0,0,0.0,0,2.667000003953035e-06
aco_current,7,7269,76,17,3,0.0,0.0,0.0,0.0,0.43936213850975037,False,False,0.0,0.0,0.0,[],0.0,0.0,0,0.0,0,2.667000003953035e-06
aco_current,7,7269,76,17,4,0.0,0.0,0.0,0.0,0.20313307642936707,False,False,0.0,0.0,0.0,[],0.0,0.0,0,0.0,0,2.667000003953035e-06
aco_current,7,7270,76,17,1,0.0,141.0,141.0,0.705,0.35197699069976807,False,False,0.0,141.0,0.0,[],0.0,0.0,0,0.0,0,2.0409999876846996e-06
aco_current,7,7270,76,17,2,0.0,0.0,0.0,0.0,0.09907747060060501,False,False,0.0,0.0,0.0,[],0.0,0.0,0,0.0,0,2.0409999876846996e-06
aco_current,7,7270,76,17,3,0.0,0.0,0.0,0.0,0.43936213850975037,False,False,0.0,0.0,0.0,[],0.0,0.0,0,0.0,0,2.0409999876846996e-06
aco_current,7,7270,76,17,4,0.0,0.0,0.0,0.0,0.20313307642936707,False,False,0.0,0.0,0.0,[],0.0,0.0,0,0.0,0,2.0409999876846996e-06
aco_current,7,7271,76,17,1,0.0,141.0,141.0,0.705,0.35197699069976807,False,False,0.0,141.0,0.0,[],0.0,0.0,0,0.0,0,2.249999994319296e-06
aco_current,7,7271,76,17,2,0.0,0.0,0.0,0.0,0.09907747060060501,False,False,0.0,0.0,0.0,[],0.0,0.0,0,0.0,0,2.249999994319296e-06
aco_current,7,7271,76,17,3,0.0,0.0,0.0,0.0,0.43936213850975037,False,False,0.0,0.0,0.0,[],0.0,0.0,0,0.0,0,2.249999994319296e-06
aco_current,7,7271,76,17,4,0.0,0.0,0.0,0.0,0.20313307642936707,False,False,0.0,0.0,0.0,[],0.0,0.0,0,0.0,0,2.249999994319296e-06
aco_current,7,7272,76,18,1,0.0,141.0,141.0,0.705,0.35197699069976807,False,False,0.0,141.0,0.0,[],0.0,0.0,0,0.0,0,1.8329999988964119e-06
aco_current,7,7272,76,18,2,0.0,0.0,0.0,0.0,0.09907747060060501,False,False,0.0,0.0,0.0,[],0.0,0.0,0,0.0,0,1.8329999988964119e-06
aco_current,7,7272,76,18,3,0.0,0.0,0.0,0.0,0.43936213850975037,False,False,0.0,0.0,0.0,[],0.0,0.0,0,0.0,0,1.8329999988964119e-06
aco_current,7,7272,76,18,4,0.0,0.0,0.0,0.0,0.20313307642936707,False,False,0.0,0.0,0.0,[],0.0,0.0,0,0.0,0,1.8329999988964119e-06
aco_current,7,7273,76,18,1,0.0,141.0,141.0,0.705,0.35197699069976807,False,False,0.0,141.0,0.0,[],0.0,0.0,0,0.0,0,1.87499999526608e-06
aco_current,7,7273,76,18,2,0.0,0.0,0.0,0.0,0.09907747060060501,False,False,0.0,0.0,0.0,[],0.0,0.0,0,0.0,0,1.87499999526608e-06
aco_current,7,7273,76,18,3,0.0,0.0,0.0,0.0,0.43936213850975037,False,False,0.0,0.0,0.0,[],0.0,0.0,0,0.0,0,1.87499999526608e-06
aco_current,7,7273,76,18,4,0.0,0.0,0.0,0.0,0.20313307642936707,False,False,0.0,0.0,0.0,[],0.0,0.0,0,0.0,0,1.87499999526608e-06
aco_current,7,7274,76,18,1,0.0,141.0,141.0,0.705,0.35197699069976807,False,False,0.0,141.0,0.0,[],0.0,0.0,0,0.0,0,2.7499999930569174e-06
aco_current,7,7274,76,18,2,0.0,0.0,0.0,0.0,0.09907747060060501,False,False,0.0,0.0,0.0,[],0.0,0.0,0,0.0,0,2.7499999930569174e-06
aco_current,7,7274,76,18,3,0.0,0.0,0.0,0.0,0.43936213850975037,False,False,0.0,0.0,0.0,[],0.0,0.0,0,0.0,0,2.7499999930569174e-06
aco_current,7,7274,76,18,4,0.0,0.0,0.0,0.0,0.20313307642936707,False,False,0.0,0.0,0.0,[],0.0,0.0,0,0.0,0,2.7499999930569174e-06
aco_current,7,7275,76,18,1,0.0,141.0,141.0,0.705,0.35197699069976807,False,False,0.0,141.0,0.0,[],0.0,0.0,0,0.0,0,2.0830000124760772e-06
aco_current,7,7275,76,18,2,0.0,0.0,0.0,0.0,0.09907747060060501,False,False,0.0,0.0,0.0,[],0.0,0.0,0,0.0,0,2.0830000124760772e-06
aco_current,7,7275,76,18,3,0.0,0.0,0.0,0.0,0.43936213850975037,False,False,0.0,0.0,0.0,[],0.0,0.0,0,0.0,0,2.0830000124760772e-06
aco_current,7,7275,76,18,4,0.0,0.0,0.0,0.0,0.20313307642936707,False,False,0.0,0.0,0.0,[],0.0,0.0,0,0.0,0,2.0830000124760772e-06
aco_current,7,7276,76,19,1,0.0,141.0,141.0,0.705,0.35197699069976807,False,False,0.0,141.0,0.0,[],0.0,0.0,0,0.0,0,1.9999999949504854e-06
aco_current,7,7276,76,19,2,0.0,0.0,0.0,0.0,0.09907747060060501,False,False,0.0,0.0,0.0,[],0.0,0.0,0,0.0,0,1.9999999949504854e-06
aco_current,7,7276,76,19,3,0.0,0.0,0.0,0.0,0.43936213850975037,False,False,0.0,0.0,0.0,[],0.0,0.0,0,0.0,0,1.9999999949504854e-06
aco_current,7,7276,76,19,4,0.0,0.0,0.0,0.0,0.20313307642936707,False,False,0.0,0.0,0.0,[],0.0,0.0,0,0.0,0,1.9999999949504854e-06
aco_current,7,7277,76,19,1,0.0,141.0,141.0,0.705,0.35197699069976807,False,False,0.0,141.0,0.0,[],0.0,0.0,0,0.0,0,2.292000004899819e-06
aco_current,7,7277,76,19,2,0.0,0.0,0.0,0.0,0.09907747060060501,False,False,0.0,0.0,0.0,[],0.0,0.0,0,0.0,0,2.292000004899819e-06
aco_current,7,7277,76,19,3,0.0,0.0,0.0,0.0,0.43936213850975037,False,False,0.0,0.0,0.0,[],0.0,0.0,0,0.0,0,2.292000004899819e-06
aco_current,7,7277,76,19,4,0.0,0.0,0.0,0.0,0.20313307642936707,False,False,0.0,0.0,0.0,[],0.0,0.0,0,0.0,0,2.292000004899819e-06
aco_current,7,7278,76,19,1,0.0,141.0,141.0,0.705,0.35197699069976807,False,False,0.0,141.0,0.0,[],0.0,0.0,0,0.0,0,1.834000002531866e-06
aco_current,7,7278,76,19,2,0.0,0.0,0.0,0.0,0.09907747060060501,False,False,0.0,0.0,0.0,[],0.0,0.0,0,0.0,0,1.834000002531866e-06
aco_current,7,7278,76,19,3,0.0,0.0,0.0,0.0,0.43936213850975037,False,False,0.0,0.0,0.0,[],0.0,0.0,0,0.0,0,1.834000002531866e-06
aco_current,7,7278,76,19,4,0.0,0.0,0.0,0.0,0.20313307642936707,False,False,0.0,0.0,0.0,[],0.0,0.0,0,0.0,0,1.834000002531866e-06
aco_current,7,7279,76,19,1,0.0,141.0,141.0,0.705,0.35197699069976807,False,False,0.0,141.0,0.0,[],0.0,0.0,0,0.0,0,2.5000000078989615e-06
aco_current,7,7279,76,19,2,0.0,0.0,0.0,0.0,0.09907747060060501,False,False,0.0,0.0,0.0,[],0.0,0.0,0,0.0,0,2.5000000078989615e-06
aco_current,7,7279,76,19,3,0.0,0.0,0.0,0.0,0.43936213850975037,False,False,0.0,0.0,0.0,[],0.0,0.0,0,0.0,0,2.5000000078989615e-06
aco_current,7,7279,76,19,4,0.0,0.0,0.0,0.0,0.20313307642936707,False,False,0.0,0.0,0.0,[],0.0,0.0,0,0.0,0,2.5000000078989615e-06
aco_current,7,7280,76,20,1,0.0,141.0,141.0,0.705,0.35197699069976807,False,False,0.0,141.0,0.0,[],0.0,0.0,0,0.0,0,2.0829999982652225e-06
aco_current,7,7280,76,20,2,0.0,0.0,0.0,0.0,0.09907747060060501,False,False,0.0,0.0,0.0,[],0.0,0.0,0,0.0,0,2.0829999982652225e-06
aco_current,7,7280,76,20,3,0.0,0.0,0.0,0.0,0.43936213850975037,False,False,0.0,0.0,0.0,[],0.0,0.0,0,0.0,0,2.0829999982652225e-06
aco_current,7,7280,76,20,4,0.0,0.0,0.0,0.0,0.20313307642936707,False,False,0.0,0.0,0.0,[],0.0,0.0,0,0.0,0,2.0829999982652225e-06
aco_current,7,7281,76,20,1,0.0,141.0,141.0,0.705,0.35197699069976807,False,False,0.0,141.0,0.0,[],0.0,0.0,0,0.0,0,1.957999998580817e-06
aco_current,7,7281,76,20,2,0.0,0.0,0.0,0.0,0.09907747060060501,False,False,0.0,0.0,0.0,[],0.0,0.0,0,0.0,0,1.957999998580817e-06
aco_current,7,7281,76,20,3,0.0,0.0,0.0,0.0,0.43936213850975037,False,False,0.0,0.0,0.0,[],0.0,0.0,0,0.0,0,1.957999998580817e-06
aco_current,7,7281,76,20,4,0.0,0.0,0.0,0.0,0.20313307642936707,False,False,0.0,0.0,0.0,[],0.0,0.0,0,0.0,0,1.957999998580817e-06
aco_current,7,7282,76,20,1,0.0,141.0,141.0,0.705,0.35197699069976807,False,False,0.0,141.0,0.0,[],0.0,0.0,0,0.0,0,2.8749999927413228e-06
aco_current,7,7282,76,20,2,0.0,0.0,0.0,0.0,0.09907747060060501,False,False,0.0,0.0,0.0,[],0.0,0.0,0,0.0,0,2.8749999927413228e-06
aco_current,7,7282,76,20,3,0.0,0.0,0.0,0.0,0.43936213850975037,False,False,0.0,0.0,0.0,[],0.0,0.0,0,0.0,0,2.8749999927413228e-06
aco_current,7,7282,76,20,4,0.0,0.0,0.0,0.0,0.20313307642936707,False,False,0.0,0.0,0.0,[],0.0,0.0,0,0.0,0,2.8749999927413228e-06
aco_current,7,7283,76,20,1,0.0,141.0,141.0,0.705,0.35197699069976807,False,False,0.0,141.0,0.0,[],0.0,0.0,0,0.0,0,1.916000002211149e-06
aco_current,7,7283,76,20,2,0.0,0.0,0.0,0.0,0.09907747060060501,False,False,0.0,0.0,0.0,[],0.0,0.0,0,0.0,0,1.916000002211149e-06
aco_current,7,7283,76,20,3,0.0,0.0,0.0,0.0,0.43936213850975037,False,False,0.0,0.0,0.0,[],0.0,0.0,0,0.0,0,1.916000002211149e-06
aco_current,7,7283,76,20,4,0.0,0.0,0.0,0.0,0.20313307642936707,False,False,0.0,0.0,0.0,[],0.0,0.0,0,0.0,0,1.916000002211149e-06
aco_current,7,7284,76,21,1,0.0,141.0,141.0,0.705,0.35197699069976807,False,False,0.0,141.0,0.0,[],0.0,0.0,0,0.0,0,1.9999999949504854e-06
aco_current,7,7284,76,21,2,0.0,0.0,0.0,0.0,0.09907747060060501,False,False,0.0,0.0,0.0,[],0.0,0.0,0,0.0,0,1.9999999949504854e-06
aco_current,7,7284,76,21,3,0.0,0.0,0.0,0.0,0.43936213850975037,False,False,0.0,0.0,0.0,[],0.0,0.0,0,0.0,0,1.9999999949504854e-06
aco_current,7,7284,76,21,4,0.0,0.0,0.0,0.0,0.20313307642936707,False,False,0.0,0.0,0.0,[],0.0,0.0,0,0.0,0,1.9999999949504854e-06
aco_current,7,7285,76,21,1,0.0,141.0,141.0,0.705,0.35197699069976807,False,False,0.0,141.0,0.0,[],0.0,0.0,0,0.0,0,3.000000006636583e-06
aco_current,7,7285,76,21,2,0.0,0.0,0.0,0.0,0.09907747060060501,False,False,0.0,0.0,0.0,[],0.0,0.0,0,0.0,0,3.000000006636583e-06
aco_current,7,7285,76,21,3,0.0,0.0,0.0,0.0,0.43936213850975037,False,False,0.0,0.0,0.0,[],0.0,0.0,0,0.0,0,3.000000006636583e-06
aco_current,7,7285,76,21,4,0.0,0.0,0.0,0.0,0.20313307642936707,False,False,0.0,0.0,0.0,[],0.0,0.0,0,0.0,0,3.000000006636583e-06
aco_current,7,7286,76,21,1,0.0,141.0,141.0,0.705,0.35197699069976807,False,False,0.0,141.0,0.0,[],0.0,0.0,0,0.0,0,2.582999997002844e-06
aco_current,7,7286,76,21,2,0.0,0.0,0.0,0.0,0.09907747060060501,False,False,0.0,0.0,0.0,[],0.0,0.0,0,0.0,0,2.582999997002844e-06
aco_current,7,7286,76,21,3,0.0,0.0,0.0,0.0,0.43936213850975037,False,False,0.0,0.0,0.0,[],0.0,0.0,0,0.0,0,2.582999997002844e-06
aco_current,7,7286,76,21,4,0.0,0.0,0.0,0.0,0.20313307642936707,False,False,0.0,0.0,0.0,[],0.0,0.0,0,0.0,0,2.582999997002844e-06
aco_current,7,7287,76,21,1,0.0,141.0,141.0,0.705,0.35197699069976807,False,False,0.0,141.0,0.0,[],0.0,0.0,0,0.0,0,2.3749999940037014e-06
aco_current,7,7287,76,21,2,0.0,0.0,0.0,0.0,0.09907747060060501,False,False,0.0,0.0,0.0,[],0.0,0.0,0,0.0,0,2.3749999940037014e-06
aco_current,7,7287,76,21,3,0.0,0.0,0.0,0.0,0.43936213850975037,False,False,0.0,0.0,0.0,[],0.0,0.0,0,0.0,0,2.3749999940037014e-06
aco_current,7,7287,76,21,4,0.0,0.0,0.0,0.0,0.20313307642936707,False,False,0.0,0.0,0.0,[],0.0,0.0,0,0.0,0,2.3749999940037014e-06
aco_current,7,7288,76,22,1,0.0,141.0,141.0,0.705,0.35197699069976807,False,False,0.0,141.0,0.0,[],0.0,0.0,0,0.0,0,1.791999991951343e-06
aco_current,7,7288,76,22,2,0.0,0.0,0.0,0.0,0.09907747060060501,False,False,0.0,0.0,0.0,[],0.0,0.0,0,0.0,0,1.791999991951343e-06
aco_current,7,7288,76,22,3,0.0,0.0,0.0,0.0,0.43936213850975037,False,False,0.0,0.0,0.0,[],0.0,0.0,0,0.0,0,1.791999991951343e-06
aco_current,7,7288,76,22,4,0.0,0.0,0.0,0.0,0.20313307642936707,False,False,0.0,0.0,0.0,[],0.0,0.0,0,0.0,0,1.791999991951343e-06
aco_current,7,7289,76,22,1,0.0,141.0,141.0,0.705,0.35197699069976807,False,False,0.0,141.0,0.0,[],0.0,0.0,0,0.0,0,1.917000005846603e-06
aco_current,7,7289,76,22,2,0.0,0.0,0.0,0.0,0.09907747060060501,False,False,0.0,0.0,0.0,[],0.0,0.0,0,0.0,0,1.917000005846603e-06
aco_current,7,7289,76,22,3,0.0,0.0,0.0,0.0,0.43936213850975037,False,False,0.0,0.0,0.0,[],0.0,0.0,0,0.0,0,1.917000005846603e-06
aco_current,7,7289,76,22,4,0.0,0.0,0.0,0.0,0.20313307642936707,False,False,0.0,0.0,0.0,[],0.0,0.0,0,0.0,0,1.917000005846603e-06
aco_current,7,7290,76,22,1,0.0,141.0,141.0,0.705,0.35197699069976807,False,False,0.0,141.0,0.0,[],0.0,0.0,0,0.0,0,2.708000010898104e-06
aco_current,7,7290,76,22,2,0.0,0.0,0.0,0.0,0.09907747060060501,False,False,0.0,0.0,0.0,[],0.0,0.0,0,0.0,0,2.708000010898104e-06
aco_current,7,7290,76,22,3,0.0,0.0,0.0,0.0,0.43936213850975037,False,False,0.0,0.0,0.0,[],0.0,0.0,0,0.0,0,2.708000010898104e-06
aco_current,7,7290,76,22,4,0.0,0.0,0.0,0.0,0.20313307642936707,False,False,0.0,0.0,0.0,[],0.0,0.0,0,0.0,0,2.708000010898104e-06
aco_current,7,7291,76,22,1,0.0,141.0,141.0,0.705,0.35197699069976807,False,False,0.0,141.0,0.0,[],0.0,0.0,0,0.0,0,1.834000002531866e-06
aco_current,7,7291,76,22,2,0.0,0.0,0.0,0.0,0.09907747060060501,False,False,0.0,0.0,0.0,[],0.0,0.0,0,0.0,0,1.834000002531866e-06
aco_current,7,7291,76,22,3,0.0,0.0,0.0,0.0,0.43936213850975037,False,False,0.0,0.0,0.0,[],0.0,0.0,0,0.0,0,1.834000002531866e-06
aco_current,7,7291,76,22,4,0.0,0.0,0.0,0.0,0.20313307642936707,False,False,0.0,0.0,0.0,[],0.0,0.0,0,0.0,0,1.834000002531866e-06
aco_current,7,7292,76,23,1,0.0,141.0,141.0,0.705,0.35197699069976807,False,False,0.0,141.0,0.0,[],0.0,0.0,0,0.0,0,2.0420000055310084e-06
aco_current,7,7292,76,23,2,0.0,0.0,0.0,0.0,0.09907747060060501,False,False,0.0,0.0,0.0,[],0.0,0.0,0,0.0,0,2.0420000055310084e-06
aco_current,7,7292,76,23,3,0.0,0.0,0.0,0.0,0.43936213850975037,False,False,0.0,0.0,0.0,[],0.0,0.0,0,0.0,0,2.0420000055310084e-06
aco_current,7,7292,76,23,4,0.0,0.0,0.0,0.0,0.20313307642936707,False,False,0.0,0.0,0.0,[],0.0,0.0,0,0.0,0,2.0420000055310084e-06
aco_current,7,7293,76,23,1,0.0,141.0,141.0,0.705,0.35197699069976807,False,False,0.0,141.0,0.0,[],0.0,0.0,0,0.0,0,2.1670000052154137e-06
aco_current,7,7293,76,23,2,0.0,0.0,0.0,0.0,0.09907747060060501,False,False,0.0,0.0,0.0,[],0.0,0.0,0,0.0,0,2.1670000052154137e-06
aco_current,7,7293,76,23,3,0.0,0.0,0.0,0.0,0.43936213850975037,False,False,0.0,0.0,0.0,[],0.0,0.0,0,0.0,0,2.1670000052154137e-06
aco_current,7,7293,76,23,4,0.0,0.0,0.0,0.0,0.20313307642936707,False,False,0.0,0.0,0.0,[],0.0,0.0,0,0.0,0,2.1670000052154137e-06
aco_current,7,7294,76,23,1,0.0,141.0,141.0,0.705,0.35197699069976807,False,False,0.0,141.0,0.0,[],0.0,0.0,0,0.0,0,1.917000005846603e-06
aco_current,7,7294,76,23,2,0.0,0.0,0.0,0.0,0.09907747060060501,False,False,0.0,0.0,0.0,[],0.0,0.0,0,0.0,0,1.917000005846603e-06
aco_current,7,7294,76,23,3,0.0,0.0,0.0,0.0,0.43936213850975037,False,False,0.0,0.0,0.0,[],0.0,0.0,0,0.0,0,1.917000005846603e-06
aco_current,7,7294,76,23,4,0.0,0.0,0.0,0.0,0.20313307642936707,False,False,0.0,0.0,0.0,[],0.0,0.0,0,0.0,0,1.917000005846603e-06
aco_current,7,7295,76,23,1,0.0,141.0,141.0,0.705,0.35197699069976807,False,False,0.0,141.0,0.0,[],0.0,0.0,0,0.0,0,2.8340000000071086e-06
aco_current,7,7295,76,23,2,0.0,0.0,0.0,0.0,0.09907747060060501,False,False,0.0,0.0,0.0,[],0.0,0.0,0,0.0,0,2.8340000000071086e-06
aco_current,7,7295,76,23,3,0.0,0.0,0.0,0.0,0.43936213850975037,False,False,0.0,0.0,0.0,[],0.0,0.0,0,0.0,0,2.8340000000071086e-06
aco_current,7,7295,76,23,4,0.0,0.0,0.0,0.0,0.20313307642936707,False,False,0.0,0.0,0.0,[],0.0,0.0,0,0.0,0,2.8340000000071086e-06
aco_current,7,7296,77,0,1,42.0,141.0,183.0,0.915,1.0,True,True,30.0,153.0,0.0,[1],10.0,10.0,1,10.0,0,0.010029625000001374
aco_current,7,7296,77,0,2,0.0,0.0,0.0,0.0,0.09907747060060501,False,False,0.0,0.0,0.0,[],10.0,10.0,1,10.0,0,0.010029625000001374
aco_current,7,7296,77,0,3,0.0,0.0,0.0,0.0,0.43936213850975037,False,False,0.0,0.0,0.0,[],10.0,10.0,1,10.0,0,0.010029625000001374
aco_current,7,7296,77,0,4,0.0,0.0,0.0,0.0,0.20313307642936707,False,False,0.0,0.0,0.0,[],10.0,10.0,1,10.0,0,0.010029625000001374
aco_current,7,7297,77,0,1,42.0,153.0,195.0,0.975,1.0,True,True,30.0,165.0,0.0,[1],10.0,10.0,1,10.0,0,0.010195959000000698
aco_current,7,7297,77,0,2,0.0,0.0,0.0,0.0,0.09907747060060501,False,False,0.0,0.0,0.0,[],10.0,10.0,1,10.0,0,0.010195959000000698
aco_current,7,7297,77,0,3,0.0,0.0,0.0,0.0,0.43936213850975037,False,False,0.0,0.0,0.0,[],10.0,10.0,1,10.0,0,0.010195959000000698
aco_current,7,7297,77,0,4,0.0,0.0,0.0,0.0,0.20313307642936707,False,False,0.0,0.0,0.0,[],10.0,10.0,1,10.0,0,0.010195959000000698
aco_current,7,7298,77,0,1,42.0,165.0,207.0,1.035,1.0,True,True,30.0,177.0,0.0,[1],10.0,10.0,1,10.0,0,0.009696749999989152
aco_current,7,7298,77,0,2,0.0,0.0,0.0,0.0,0.09907747060060501,False,False,0.0,0.0,0.0,[],10.0,10.0,1,10.0,0,0.009696749999989152
aco_current,7,7298,77,0,3,0.0,0.0,0.0,0.0,0.43936213850975037,False,False,0.0,0.0,0.0,[],10.0,10.0,1,10.0,0,0.009696749999989152
aco_current,7,7298,77,0,4,0.0,0.0,0.0,0.0,0.20313307642936707,False,False,0.0,0.0,0.0,[],10.0,10.0,1,10.0,0,0.009696749999989152
aco_current,7,7299,77,0,1,44.0,177.0,221.0,1.105,1.0,True,True,30.0,191.0,0.0,[1],10.0,10.0,1,10.0,0,0.009601249999988681
aco_current,7,7299,77,0,2,0.0,0.0,0.0,0.0,0.09907747060060501,False,False,0.0,0.0,0.0,[],10.0,10.0,1,10.0,0,0.009601249999988681
aco_current,7,7299,77,0,3,0.0,0.0,0.0,0.0,0.43936213850975037,False,False,0.0,0.0,0.0,[],10.0,10.0,1,10.0,0,0.009601249999988681
aco_current,7,7299,77,0,4,0.0,0.0,0.0,0.0,0.20313307642936707,False,False,0.0,0.0,0.0,[],10.0,10.0,1,10.0,0,0.009601249999988681
aco_current,7,7300,77,1,1,42.0,191.0,233.0,1.165,1.0,True,True,30.0,200.0,3.0,[1],10.0,10.0,1,10.0,0,0.009577875000005065
aco_current,7,7300,77,1,2,0.0,0.0,0.0,0.0,0.09907747060060501,False,False,0.0,0.0,0.0,[],10.0,10.0,1,10.0,0,0.009577875000005065
aco_current,7,7300,77,1,3,0.0,0.0,0.0,0.0,0.43936213850975037,False,False,0.0,0.0,0.0,[],10.0,10.0,1,10.0,0,0.009577875000005065
aco_current,7,7300,77,1,4,0.0,0.0,0.0,0.0,0.20313307642936707,False,False,0.0,0.0,0.0,[],10.0,10.0,1,10.0,0,0.009577875000005065
aco_current,7,7301,77,1,1,42.0,200.0,242.0,1.21,1.0,True,True,30.0,200.0,12.0,[1],10.0,10.0,1,10.0,0,0.009514082999999118
aco_current,7,7301,77,1,2,0.0,0.0,0.0,0.0,0.09907747060060501,False,False,0.0,0.0,0.0,[],10.0,10.0,1,10.0,0,0.009514082999999118
aco_current,7,7301,77,1,3,0.0,0.0,0.0,0.0,0.43936213850975037,False,False,0.0,0.0,0.0,[],10.0,10.0,1,10.0,0,0.009514082999999118
aco_current,7,7301,77,1,4,0.0,0.0,0.0,0.0,0.20313307642936707,False,False,0.0,0.0,0.0,[],10.0,10.0,1,10.0,0,0.009514082999999118
aco_current,7,7302,77,1,1,42.0,200.0,242.0,1.21,1.0,True,True,30.0,200.0,12.0,[1],10.0,10.0,1,10.0,0,0.009293292000009501
aco_current,7,7302,77,1,2,0.0,0.0,0.0,0.0,0.09907747060060501,False,False,0.0,0.0,0.0,[],10.0,10.0,1,10.0,0,0.009293292000009501
aco_current,7,7302,77,1,3,0.0,0.0,0.0,0.0,0.43936213850975037,False,False,0.0,0.0,0.0,[],10.0,10.0,1,10.0,0,0.009293292000009501
aco_current,7,7302,77,1,4,0.0,0.0,0.0,0.0,0.20313307642936707,False,False,0.0,0.0,0.0,[],10.0,10.0,1,10.0,0,0.009293292000009501
aco_current,7,7303,77,1,1,44.0,200.0,244.0,1.22,1.0,True,True,30.0,200.0,14.0,[1],10.0,10.0,1,10.0,0,0.009387583000005861
aco_current,7,7303,77,1,2,0.0,0.0,0.0,0.0,0.09907747060060501,False,False,0.0,0.0,0.0,[],10.0,10.0,1,10.0,0,0.009387583000005861
aco_current,7,7303,77,1,3,0.0,0.0,0.0,0.0,0.43936213850975037,False,False,0.0,0.0,0.0,[],10.0,10.0,1,10.0,0,0.009387583000005861
aco_current,7,7303,77,1,4,0.0,0.0,0.0,0.0,0.20313307642936707,False,False,0.0,0.0,0.0,[],10.0,10.0,1,10.0,0,0.009387583000005861
aco_current,7,7304,77,2,1,42.0,200.0,242.0,1.21,1.0,True,True,30.0,200.0,12.0,[1],10.0,10.0,1,10.0,0,0.009368207999997935
aco_current,7,7304,77,2,2,0.0,0.0,0.0,0.0,0.09907747060060501,False,False,0.0,0.0,0.0,[],10.0,10.0,1,10.0,0,0.009368207999997935
aco_current,7,7304,77,2,3,0.0,0.0,0.0,0.0,0.43936213850975037,False,False,0.0,0.0,0.0,[],10.0,10.0,1,10.0,0,0.009368207999997935
aco_current,7,7304,77,2,4,0.0,0.0,0.0,0.0,0.20313307642936707,False,False,0.0,0.0,0.0,[],10.0,10.0,1,10.0,0,0.009368207999997935
aco_current,7,7305,77,2,1,44.0,200.0,244.0,1.22,1.0,True,True,30.0,200.0,14.0,[1],10.0,10.0,1,10.0,0,0.009616207999997073
aco_current,7,7305,77,2,2,0.0,0.0,0.0,0.0,0.09907747060060501,False,False,0.0,0.0,0.0,[],10.0,10.0,1,10.0,0,0.009616207999997073
aco_current,7,7305,77,2,3,0.0,0.0,0.0,0.0,0.43936213850975037,False,False,0.0,0.0,0.0,[],10.0,10.0,1,10.0,0,0.009616207999997073
aco_current,7,7305,77,2,4,0.0,0.0,0.0,0.0,0.20313307642936707,False,False,0.0,0.0,0.0,[],10.0,10.0,1,10.0,0,0.009616207999997073
aco_current,7,7306,77,2,1,44.0,200.0,244.0,1.22,1.0,True,True,30.0,200.0,14.0,[1],10.0,10.0,1,10.0,0,0.009454207999993969
aco_current,7,7306,77,2,2,0.0,0.0,0.0,0.0,0.09907747060060501,False,False,0.0,0.0,0.0,[],10.0,10.0,1,10.0,0,0.009454207999993969
aco_current,7,7306,77,2,3,0.0,0.0,0.0,0.0,0.43936213850975037,False,False,0.0,0.0,0.0,[],10.0,10.0,1,10.0,0,0.009454207999993969
aco_current,7,7306,77,2,4,0.0,0.0,0.0,0.0,0.20313307642936707,False,False,0.0,0.0,0.0,[],10.0,10.0,1,10.0,0,0.009454207999993969
aco_current,7,7307,77,2,1,42.0,200.0,242.0,1.21,1.0,True,True,30.0,200.0,12.0,[1],10.0,10.0,1,10.0,0,0.009457874999995397
aco_current,7,7307,77,2,2,0.0,0.0,0.0,0.0,0.09907747060060501,False,False,0.0,0.0,0.0,[],10.0,10.0,1,10.0,0,0.009457874999995397
aco_current,7,7307,77,2,3,0.0,0.0,0.0,0.0,0.43936213850975037,False,False,0.0,0.0,0.0,[],10.0,10.0,1,10.0,0,0.009457874999995397
aco_current,7,7307,77,2,4,0.0,0.0,0.0,0.0,0.20313307642936707,False,False,0.0,0.0,0.0,[],10.0,10.0,1,10.0,0,0.009457874999995397
aco_current,7,7308,77,3,1,42.0,200.0,242.0,1.21,1.0,True,True,30.0,200.0,12.0,[1],10.0,10.0,1,10.0,0,0.00944079199999237
aco_current,7,7308,77,3,2,0.0,0.0,0.0,0.0,0.09907747060060501,False,False,0.0,0.0,0.0,[],10.0,10.0,1,10.0,0,0.00944079199999237
aco_current,7,7308,77,3,3,0.0,0.0,0.0,0.0,0.43936213850975037,False,False,0.0,0.0,0.0,[],10.0,10.0,1,10.0,0,0.00944079199999237
aco_current,7,7308,77,3,4,0.0,0.0,0.0,0.0,0.20313307642936707,False,False,0.0,0.0,0.0,[],10.0,10.0,1,10.0,0,0.00944079199999237
aco_current,7,7309,77,3,1,39.0,200.0,239.0,1.195,1.0,True,True,30.0,200.0,9.0,[1],10.0,10.0,1,10.0,0,0.009486999999992918
aco_current,7,7309,77,3,2,0.0,0.0,0.0,0.0,0.09907747060060501,False,False,0.0,0.0,0.0,[],10.0,10.0,1,10.0,0,0.009486999999992918
aco_current,7,7309,77,3,3,0.0,0.0,0.0,0.0,0.43936213850975037,False,False,0.0,0.0,0.0,[],10.0,10.0,1,10.0,0,0.009486999999992918
aco_current,7,7309,77,3,4,0.0,0.0,0.0,0.0,0.20313307642936707,False,False,0.0,0.0,0.0,[],10.0,10.0,1,10.0,0,0.009486999999992918
aco_current,7,7310,77,3,1,40.0,200.0,240.0,1.2,1.0,True,True,30.0,200.0,10.0,[1],10.0,10.0,1,10.0,0,0.009336040999997408
aco_current,7,7310,77,3,2,0.0,0.0,0.0,0.0,0.09907747060060501,False,False,0.0,0.0,0.0,[],10.0,10.0,1,10.0,0,0.009336040999997408
aco_current,7,7310,77,3,3,0.0,0.0,0.0,0.0,0.43936213850975037,False,False,0.0,0.0,0.0,[],10.0,10.0,1,10.0,0,0.009336040999997408
aco_current,7,7310,77,3,4,0.0,0.0,0.0,0.0,0.20313307642936707,False,False,0.0,0.0,0.0,[],10.0,10.0,1,10.0,0,0.009336040999997408
aco_current,7,7311,77,3,1,39.0,200.0,239.0,1.195,1.0,True,True,30.0,200.0,9.0,[1],10.0,10.0,1,10.0,0,0.00933791700001052
aco_current,7,7311,77,3,2,0.0,0.0,0.0,0.0,0.09907747060060501,False,False,0.0,0.0,0.0,[],10.0,10.0,1,10.0,0,0.00933791700001052
aco_current,7,7311,77,3,3,0.0,0.0,0.0,0.0,0.43936213850975037,False,False,0.0,0.0,0.0,[],10.0,10.0,1,10.0,0,0.00933791700001052
aco_current,7,7311,77,3,4,0.0,0.0,0.0,0.0,0.20313307642936707,False,False,0.0,0.0,0.0,[],10.0,10.0,1,10.0,0,0.00933791700001052
aco_current,7,7312,77,4,1,38.0,200.0,238.0,1.19,1.0,True,True,30.0,200.0,8.0,[1],10.0,10.0,1,10.0,0,0.009520374999993919
aco_current,7,7312,77,4,2,0.0,0.0,0.0,0.0,0.09907747060060501,False,False,0.0,0.0,0.0,[],10.0,10.0,1,10.0,0,0.009520374999993919
aco_current,7,7312,77,4,3,0.0,0.0,0.0,0.0,0.43936213850975037,False,False,0.0,0.0,0.0,[],10.0,10.0,1,10.0,0,0.009520374999993919
aco_current,7,7312,77,4,4,0.0,0.0,0.0,0.0,0.20313307642936707,False,False,0.0,0.0,0.0,[],10.0,10.0,1,10.0,0,0.009520374999993919
aco_current,7,7313,77,4,1,41.0,200.0,241.0,1.205,1.0,True,True,30.0,200.0,11.0,[1],10.0,10.0,1,10.0,0,0.009529624999998987
aco_current,7,7313,77,4,2,0.0,0.0,0.0,0.0,0.09907747060060501,False,False,0.0,0.0,0.0,[],10.0,10.0,1,10.0,0,0.009529624999998987
aco_current,7,7313,77,4,3,0.0,0.0,0.0,0.0,0.43936213850975037,False,False,0.0,0.0,0.0,[],10.0,10.0,1,10.0,0,0.009529624999998987
aco_current,7,7313,77,4,4,0.0,0.0,0.0,0.0,0.20313307642936707,False,False,0.0,0.0,0.0,[],10.0,10.0,1,10.0,0,0.009529624999998987
aco_current,7,7314,77,4,1,39.0,200.0,239.0,1.195,1.0,True,True,30.0,200.0,9.0,[1],10.0,10.0,1,10.0,0,0.009483875000000808
aco_current,7,7314,77,4,2,0.0,0.0,0.0,0.0,0.09907747060060501,False,False,0.0,0.0,0.0,[],10.0,10.0,1,10.0,0,0.009483875000000808
aco_current,7,7314,77,4,3,0.0,0.0,0.0,0.0,0.43936213850975037,False,False,0.0,0.0,0.0,[],10.0,10.0,1,10.0,0,0.009483875000000808
aco_current,7,7314,77,4,4,0.0,0.0,0.0,0.0,0.20313307642936707,False,False,0.0,0.0,0.0,[],10.0,10.0,1,10.0,0,0.009483875000000808
aco_current,7,7315,77,4,1,39.0,200.0,239.0,1.195,1.0,True,True,30.0,200.0,9.0,[1],10.0,10.0,1,10.0,0,0.009464499999992881
aco_current,7,7315,77,4,2,0.0,0.0,0.0,0.0,0.09907747060060501,False,False,0.0,0.0,0.0,[],10.0,10.0,1,10.0,0,0.009464499999992881
aco_current,7,7315,77,4,3,0.0,0.0,0.0,0.0,0.43936213850975037,False,False,0.0,0.0,0.0,[],10.0,10.0,1,10.0,0,0.009464499999992881
aco_current,7,7315,77,4,4,0.0,0.0,0.0,0.0,0.20313307642936707,False,False,0.0,0.0,0.0,[],10.0,10.0,1,10.0,0,0.009464499999992881
aco_current,7,7316,77,5,1,38.0,200.0,238.0,1.19,1.0,True,True,30.0,200.0,8.0,[1],10.0,10.0,1,10.0,0,0.009394000000000347
aco_current,7,7316,77,5,2,0.0,0.0,0.0,0.0,0.09907747060060501,False,False,0.0,0.0,0.0,[],10.0,10.0,1,10.0,0,0.009394000000000347
aco_current,7,7316,77,5,3,0.0,0.0,0.0,0.0,0.43936213850975037,False,False,0.0,0.0,0.0,[],10.0,10.0,1,10.0,0,0.009394000000000347
aco_current,7,7316,77,5,4,0.0,0.0,0.0,0.0,0.20313307642936707,False,False,0.0,0.0,0.0,[],10.0,10.0,1,10.0,0,0.009394000000000347
aco_current,7,7317,77,5,1,41.0,200.0,241.0,1.205,1.0,True,True,30.0,200.0,11.0,[1],10.0,10.0,1,10.0,0,0.009381000000004747
aco_current,7,7317,77,5,2,0.0,0.0,0.0,0.0,0.09907747060060501,False,False,0.0,0.0,0.0,[],10.0,10.0,1,10.0,0,0.009381000000004747
aco_current,7,7317,77,5,3,0.0,0.0,0.0,0.0,0.43936213850975037,False,False,0.0,0.0,0.0,[],10.0,10.0,1,10.0,0,0.009381000000004747
aco_current,7,7317,77,5,4,0.0,0.0,0.0,0.0,0.20313307642936707,False,False,0.0,0.0,0.0,[],10.0,10.0,1,10.0,0,0.009381000000004747
aco_current,7,7318,77,5,1,38.0,200.0,238.0,1.19,1.0,True,True,30.0,200.0,8.0,[1],10.0,10.0,1,10.0,0,0.009305208000000675
aco_current,7,7318,77,5,2,0.0,0.0,0.0,0.0,0.09907747060060501,False,False,0.0,0.0,0.0,[],10.0,10.0,1,10.0,0,0.009305208000000675
aco_current,7,7318,77,5,3,0.0,0.0,0.0,0.0,0.43936213850975037,False,False,0.0,0.0,0.0,[],10.0,10.0,1,10.0,0,0.009305208000000675
aco_current,7,7318,77,5,4,0.0,0.0,0.0,0.0,0.20313307642936707,False,False,0.0,0.0,0.0,[],10.0,10.0,1,10.0,0,0.009305208000000675
aco_current,7,7319,77,5,1,39.0,200.0,239.0,1.195,1.0,True,True,30.0,200.0,9.0,[1],10.0,10.0,1,10.0,0,0.009908833999986655
aco_current,7,7319,77,5,2,0.0,0.0,0.0,0.0,0.09907747060060501,False,False,0.0,0.0,0.0,[],10.0,10.0,1,10.0,0,0.009908833999986655
aco_current,7,7319,77,5,3,0.0,0.0,0.0,0.0,0.43936213850975037,False,False,0.0,0.0,0.0,[],10.0,10.0,1,10.0,0,0.009908833999986655
aco_current,7,7319,77,5,4,0.0,0.0,0.0,0.0,0.20313307642936707,False,False,0.0,0.0,0.0,[],10.0,10.0,1,10.0,0,0.009908833999986655
aco_current,7,7320,77,6,1,34.0,200.0,234.0,1.17,1.0,True,True,30.0,200.0,4.0,[1],10.0,10.0,1,10.0,0,0.00959412500000667
aco_current,7,7320,77,6,2,0.0,0.0,0.0,0.0,0.09907747060060501,False,False,0.0,0.0,0.0,[],10.0,10.0,1,10.0,0,0.00959412500000667
aco_current,7,7320,77,6,3,0.0,0.0,0.0,0.0,0.43936213850975037,False,False,0.0,0.0,0.0,[],10.0,10.0,1,10.0,0,0.00959412500000667
aco_current,7,7320,77,6,4,0.0,0.0,0.0,0.0,0.20313307642936707,False,False,0.0,0.0,0.0,[],10.0,10.0,1,10.0,0,0.00959412500000667
aco_current,7,7321,77,6,1,27.0,200.0,227.0,1.135,1.0,True,True,30.0,197.0,0.0,[1],10.0,10.0,1,10.0,0,0.00958891600001266
aco_current,7,7321,77,6,2,0.0,0.0,0.0,0.0,0.09907747060060501,False,False,0.0,0.0,0.0,[],10.0,10.0,1,10.0,0,0.00958891600001266
aco_current,7,7321,77,6,3,0.0,0.0,0.0,0.0,0.43936213850975037,False,False,0.0,0.0,0.0,[],10.0,10.0,1,10.0,0,0.00958891600001266
aco_current,7,7321,77,6,4,0.0,0.0,0.0,0.0,0.20313307642936707,False,False,0.0,0.0,0.0,[],10.0,10.0,1,10.0,0,0.00958891600001266
aco_current,7,7322,77,6,1,27.0,197.0,224.0,1.12,1.0,True,True,30.0,194.0,0.0,[1],10.0,10.0,1,10.0,0,0.009505583000006368
aco_current,7,7322,77,6,2,0.0,0.0,0.0,0.0,0.09907747060060501,False,False,0.0,0.0,0.0,[],10.0,10.0,1,10.0,0,0.009505583000006368
aco_current,7,7322,77,6,3,0.0,0.0,0.0,0.0,0.43936213850975037,False,False,0.0,0.0,0.0,[],10.0,10.0,1,10.0,0,0.009505583000006368
aco_current,7,7322,77,6,4,0.0,0.0,0.0,0.0,0.20313307642936707,False,False,0.0,0.0,0.0,[],10.0,10.0,1,10.0,0,0.009505583000006368
aco_current,7,7323,77,6,1,36.0,194.0,230.0,1.15,1.0,True,True,30.0,200.0,0.0,[1],10.0,10.0,1,10.0,0,0.009587332999998921
aco_current,7,7323,77,6,2,0.0,0.0,0.0,0.0,0.09907747060060501,False,False,0.0,0.0,0.0,[],10.0,10.0,1,10.0,0,0.009587332999998921
aco_current,7,7323,77,6,3,0.0,0.0,0.0,0.0,0.43936213850975037,False,False,0.0,0.0,0.0,[],10.0,10.0,1,10.0,0,0.009587332999998921
aco_current,7,7323,77,6,4,0.0,0.0,0.0,0.0,0.20313307642936707,False,False,0.0,0.0,0.0,[],10.0,10.0,1,10.0,0,0.009587332999998921
aco_current,7,7324,77,7,1,41.0,200.0,241.0,1.205,1.0,True,True,30.0,200.0,11.0,[1],10.0,10.0,1,10.0,0,0.009652000000002658
aco_current,7,7324,77,7,2,0.0,0.0,0.0,0.0,0.09907747060060501,False,False,0.0,0.0,0.0,[],10.0,10.0,1,10.0,0,0.009652000000002658
aco_current,7,7324,77,7,3,0.0,0.0,0.0,0.0,0.43936213850975037,False,False,0.0,0.0,0.0,[],10.0,10.0,1,10.0,0,0.009652000000002658
aco_current,7,7324,77,7,4,0.0,0.0,0.0,0.0,0.20313307642936707,False,False,0.0,0.0,0.0,[],10.0,10.0,1,10.0,0,0.009652000000002658
aco_current,7,7325,77,7,1,51.0,200.0,251.0,1.255,1.0,True,True,30.0,200.0,21.0,[1],10.0,10.0,1,10.0,0,0.00966133299999683
aco_current,7,7325,77,7,2,0.0,0.0,0.0,0.0,0.09907747060060501,False,False,0.0,0.0,0.0,[],10.0,10.0,1,10.0,0,0.00966133299999683
aco_current,7,7325,77,7,3,0.0,0.0,0.0,0.0,0.43936213850975037,False,False,0.0,0.0,0.0,[],10.0,10.0,1,10.0,0,0.00966133299999683
aco_current,7,7325,77,7,4,0.0,0.0,0.0,0.0,0.20313307642936707,False,False,0.0,0.0,0.0,[],10.0,10.0,1,10.0,0,0.00966133299999683
aco_current,7,7326,77,7,1,52.0,200.0,252.0,1.26,1.0,True,True,30.0,200.0,22.0,[1],10.0,10.0,1,10.0,0,0.009480708000012328
aco_current,7,7326,77,7,2,0.0,0.0,0.0,0.0,0.09907747060060501,False,False,0.0,0.0,0.0,[],10.0,10.0,1,10.0,0,0.009480708000012328
aco_current,7,7326,77,7,3,0.0,0.0,0.0,0.0,0.43936213850975037,False,False,0.0,0.0,0.0,[],10.0,10.0,1,10.0,0,0.009480708000012328
aco_current,7,7326,77,7,4,0.0,0.0,0.0,0.0,0.20313307642936707,False,False,0.0,0.0,0.0,[],10.0,10.0,1,10.0,0,0.009480708000012328
aco_current,7,7327,77,7,1,53.0,200.0,253.0,1.265,1.0,True,True,30.0,200.0,23.0,[1],10.0,10.0,1,10.0,0,0.009653458999991926
aco_current,7,7327,77,7,2,0.0,0.0,0.0,0.0,0.09907747060060501,False,False,0.0,0.0,0.0,[],10.0,10.0,1,10.0,0,0.009653458999991926
aco_current,7,7327,77,7,3,0.0,0.0,0.0,0.0,0.43936213850975037,False,False,0.0,0.0,0.0,[],10.0,10.0,1,10.0,0,0.009653458999991926
aco_current,7,7327,77,7,4,0.0,0.0,0.0,0.0,0.20313307642936707,False,False,0.0,0.0,0.0,[],10.0,10.0,1,10.0,0,0.009653458999991926
aco_current,7,7328,77,8,1,45.0,200.0,245.0,1.225,1.0,True,True,30.0,200.0,15.0,[1],10.0,10.0,1,10.0,0,0.009338083000002939
aco_current,7,7328,77,8,2,0.0,0.0,0.0,0.0,0.09907747060060501,False,False,0.0,0.0,0.0,[],10.0,10.0,1,10.0,0,0.009338083000002939
aco_current,7,7328,77,8,3,0.0,0.0,0.0,0.0,0.43936213850975037,False,False,0.0,0.0,0.0,[],10.0,10.0,1,10.0,0,0.009338083000002939
aco_current,7,7328,77,8,4,0.0,0.0,0.0,0.0,0.20313307642936707,False,False,0.0,0.0,0.0,[],10.0,10.0,1,10.0,0,0.009338083000002939
aco_current,7,7329,77,8,1,55.0,200.0,255.0,1.275,1.0,True,True,30.0,200.0,25.0,[1],10.0,10.0,1,10.0,0,0.009351832999996645
aco_current,7,7329,77,8,2,0.0,0.0,0.0,0.0,0.09907747060060501,False,False,0.0,0.0,0.0,[],10.0,10.0,1,10.0,0,0.009351832999996645
aco_current,7,7329,77,8,3,0.0,0.0,0.0,0.0,0.43936213850975037,False,False,0.0,0.0,0.0,[],10.0,10.0,1,10.0,0,0.009351832999996645
aco_current,7,7329,77,8,4,0.0,0.0,0.0,0.0,0.20313307642936707,False,False,0.0,0.0,0.0,[],10.0,10.0,1,10.0,0,0.009351832999996645
aco_current,7,7330,77,8,1,57.0,200.0,257.0,1.285,1.0,True,True,30.0,200.0,27.0,[1],10.0,10.0,1,10.0,0,0.009452291999991758
aco_current,7,7330,77,8,2,0.0,0.0,0.0,0.0,0.09907747060060501,False,False,0.0,0.0,0.0,[],10.0,10.0,1,10.0,0,0.009452291999991758
aco_current,7,7330,77,8,3,0.0,0.0,0.0,0.0,0.43936213850975037,False,False,0.0,0.0,0.0,[],10.0,10.0,1,10.0,0,0.009452291999991758
aco_current,7,7330,77,8,4,0.0,0.0,0.0,0.0,0.20313307642936707,False,False,0.0,0.0,0.0,[],10.0,10.0,1,10.0,0,0.009452291999991758
aco_current,7,7331,77,8,1,56.0,200.0,256.0,1.28,1.0,True,True,30.0,200.0,26.0,[1],10.0,10.0,1,10.0,0,0.00955937499999493
aco_current,7,7331,77,8,2,0.0,0.0,0.0,0.0,0.09907747060060501,False,False,0.0,0.0,0.0,[],10.0,10.0,1,10.0,0,0.00955937499999493
aco_current,7,7331,77,8,3,0.0,0.0,0.0,0.0,0.43936213850975037,False,False,0.0,0.0,0.0,[],10.0,10.0,1,10.0,0,0.00955937499999493
aco_current,7,7331,77,8,4,0.0,0.0,0.0,0.0,0.20313307642936707,False,False,0.0,0.0,0.0,[],10.0,10.0,1,10.0,0,0.00955937499999493
aco_current,7,7332,77,9,1,60.0,200.0,260.0,1.3,1.0,True,True,30.0,200.0,30.0,[1],10.0,10.0,1,10.0,0,0.009659624999997618
aco_current,7,7332,77,9,2,0.0,0.0,0.0,0.0,0.09907747060060501,False,False,0.0,0.0,0.0,[],10.0,10.0,1,10.0,0,0.009659624999997618
aco_current,7,7332,77,9,3,0.0,0.0,0.0,0.0,0.43936213850975037,False,False,0.0,0.0,0.0,[],10.0,10.0,1,10.0,0,0.009659624999997618
aco_current,7,7332,77,9,4,0.0,0.0,0.0,0.0,0.20313307642936707,False,False,0.0,0.0,0.0,[],10.0,10.0,1,10.0,0,0.009659624999997618
aco_current,7,7333,77,9,1,69.0,200.0,269.0,1.345,1.0,True,True,30.0,200.0,39.0,[1],10.0,10.0,1,10.0,0,0.009442458000009424
aco_current,7,7333,77,9,2,0.0,0.0,0.0,0.0,0.09907747060060501,False,False,0.0,0.0,0.0,[],10.0,10.0,1,10.0,0,0.009442458000009424
aco_current,7,7333,77,9,3,0.0,0.0,0.0,0.0,0.43936213850975037,False,False,0.0,0.0,0.0,[],10.0,10.0,1,10.0,0,0.009442458000009424
aco_current,7,7333,77,9,4,0.0,0.0,0.0,0.0,0.20313307642936707,False,False,0.0,0.0,0.0,[],10.0,10.0,1,10.0,0,0.009442458000009424
aco_current,7,7334,77,9,1,70.0,200.0,270.0,1.35,1.0,True,True,30.0,200.0,40.0,[1],10.0,10.0,1,10.0,0,0.009511750000001484
aco_current,7,7334,77,9,2,0.0,0.0,0.0,0.0,0.09907747060060501,False,False,0.0,0.0,0.0,[],10.0,10.0,1,10.0,0,0.009511750000001484
aco_current,7,7334,77,9,3,0.0,0.0,0.0,0.0,0.43936213850975037,False,False,0.0,0.0,0.0,[],10.0,10.0,1,10.0,0,0.009511750000001484
aco_current,7,7334,77,9,4,0.0,0.0,0.0,0.0,0.20313307642936707,False,False,0.0,0.0,0.0,[],10.0,10.0,1,10.0,0,0.009511750000001484
aco_current,7,7335,77,9,1,57.0,200.0,257.0,1.285,1.0,True,True,30.0,200.0,27.0,[1],10.0,10.0,1,10.0,0,0.009374916000012945
aco_current,7,7335,77,9,2,0.0,0.0,0.0,0.0,0.09907747060060501,False,False,0.0,0.0,0.0,[],10.0,10.0,1,10.0,0,0.009374916000012945
aco_current,7,7335,77,9,3,0.0,0.0,0.0,0.0,0.43936213850975037,False,False,0.0,0.0,0.0,[],10.0,10.0,1,10.0,0,0.009374916000012945
aco_current,7,7335,77,9,4,0.0,0.0,0.0,0.0,0.20313307642936707,False,False,0.0,0.0,0.0,[],10.0,10.0,1,10.0,0,0.009374916000012945
aco_current,7,7336,77,10,1,51.0,200.0,251.0,1.255,1.0,True,True,30.0,200.0,21.0,[1],10.0,10.0,1,10.0,0,0.00926725000000772
aco_current,7,7336,77,10,2,0.0,0.0,0.0,0.0,0.09907747060060501,False,False,0.0,0.0,0.0,[],10.0,10.0,1,10.0,0,0.00926725000000772
aco_current,7,7336,77,10,3,0.0,0.0,0.0,0.0,0.43936213850975037,False,False,0.0,0.0,0.0,[],10.0,10.0,1,10.0,0,0.00926725000000772
aco_current,7,7336,77,10,4,0.0,0.0,0.0,0.0,0.20313307642936707,False,False,0.0,0.0,0.0,[],10.0,10.0,1,10.0,0,0.00926725000000772
aco_current,7,7337,77,10,1,50.0,200.0,250.0,1.25,1.0,True,True,30.0,200.0,20.0,[1],10.0,10.0,1,10.0,0,0.009614208000002122
aco_current,7,7337,77,10,2,0.0,0.0,0.0,0.0,0.09907747060060501,False,False,0.0,0.0,0.0,[],10.0,10.0,1,10.0,0,0.009614208000002122
aco_current,7,7337,77,10,3,0.0,0.0,0.0,0.0,0.43936213850975037,False,False,0.0,0.0,0.0,[],10.0,10.0,1,10.0,0,0.009614208000002122
aco_current,7,7337,77,10,4,0.0,0.0,0.0,0.0,0.20313307642936707,False,False,0.0,0.0,0.0,[],10.0,10.0,1,10.0,0,0.009614208000002122
aco_current,7,7338,77,10,1,49.0,200.0,249.0,1.245,1.0,True,True,30.0,200.0,19.0,[1],10.0,10.0,1,10.0,0,0.009509207999997216
aco_current,7,7338,77,10,2,0.0,0.0,0.0,0.0,0.09907747060060501,False,False,0.0,0.0,0.0,[],10.0,10.0,1,10.0,0,0.009509207999997216
aco_current,7,7338,77,10,3,0.0,0.0,0.0,0.0,0.43936213850975037,False,False,0.0,0.0,0.0,[],10.0,10.0,1,10.0,0,0.009509207999997216
aco_current,7,7338,77,10,4,0.0,0.0,0.0,0.0,0.20313307642936707,False,False,0.0,0.0,0.0,[],10.0,10.0,1,10.0,0,0.009509207999997216
aco_current,7,7339,77,10,1,49.0,200.0,249.0,1.245,1.0,True,True,30.0,200.0,19.0,[1],10.0,10.0,1,10.0,0,0.0095244169999944
aco_current,7,7339,77,10,2,0.0,0.0,0.0,0.0,0.09907747060060501,False,False,0.0,0.0,0.0,[],10.0,10.0,1,10.0,0,0.0095244169999944
aco_current,7,7339,77,10,3,0.0,0.0,0.0,0.0,0.43936213850975037,False,False,0.0,0.0,0.0,[],10.0,10.0,1,10.0,0,0.0095244169999944
aco_current,7,7339,77,10,4,0.0,0.0,0.0,0.0,0.20313307642936707,False,False,0.0,0.0,0.0,[],10.0,10.0,1,10.0,0,0.0095244169999944
aco_current,7,7340,77,11,1,49.0,200.0,249.0,1.245,1.0,True,True,30.0,200.0,19.0,[1],10.0,10.0,1,10.0,0,0.00962354199999993
aco_current,7,7340,77,11,2,0.0,0.0,0.0,0.0,0.09907747060060501,False,False,0.0,0.0,0.0,[],10.0,10.0,1,10.0,0,0.00962354199999993
aco_current,7,7340,77,11,3,0.0,0.0,0.0,0.0,0.43936213850975037,False,False,0.0,0.0,0.0,[],10.0,10.0,1,10.0,0,0.00962354199999993
aco_current,7,7340,77,11,4,0.0,0.0,0.0,0.0,0.20313307642936707,False,False,0.0,0.0,0.0,[],10.0,10.0,1,10.0,0,0.00962354199999993
aco_current,7,7341,77,11,1,42.0,200.0,242.0,1.21,1.0,True,True,30.0,200.0,12.0,[1],10.0,10.0,1,10.0,0,0.009352208999999334
aco_current,7,7341,77,11,2,0.0,0.0,0.0,0.0,0.09907747060060501,False,False,0.0,0.0,0.0,[],10.0,10.0,1,10.0,0,0.009352208999999334
aco_current,7,7341,77,11,3,0.0,0.0,0.0,0.0,0.43936213850975037,False,False,0.0,0.0,0.0,[],10.0,10.0,1,10.0,0,0.009352208999999334
aco_current,7,7341,77,11,4,0.0,0.0,0.0,0.0,0.20313307642936707,False,False,0.0,0.0,0.0,[],10.0,10.0,1,10.0,0,0.009352208999999334
aco_current,7,7342,77,11,1,42.0,200.0,242.0,1.21,1.0,True,True,30.0,200.0,12.0,[1],10.0,10.0,1,10.0,0,0.00941608300000496
aco_current,7,7342,77,11,2,0.0,0.0,0.0,0.0,0.09907747060060501,False,False,0.0,0.0,0.0,[],10.0,10.0,1,10.0,0,0.00941608300000496
aco_current,7,7342,77,11,3,0.0,0.0,0.0,0.0,0.43936213850975037,False,False,0.0,0.0,0.0,[],10.0,10.0,1,10.0,0,0.00941608300000496
aco_current,7,7342,77,11,4,0.0,0.0,0.0,0.0,0.20313307642936707,False,False,0.0,0.0,0.0,[],10.0,10.0,1,10.0,0,0.00941608300000496
aco_current,7,7343,77,11,1,41.0,200.0,241.0,1.205,1.0,True,True,30.0,200.0,11.0,[1],10.0,10.0,1,10.0,0,0.009520874999992657
aco_current,7,7343,77,11,2,0.0,0.0,0.0,0.0,0.09907747060060501,False,False,0.0,0.0,0.0,[],10.0,10.0,1,10.0,0,0.009520874999992657
aco_current,7,7343,77,11,3,0.0,0.0,0.0,0.0,0.43936213850975037,False,False,0.0,0.0,0.0,[],10.0,10.0,1,10.0,0,0.009520874999992657
aco_current,7,7343,77,11,4,0.0,0.0,0.0,0.0,0.20313307642936707,False,False,0.0,0.0,0.0,[],10.0,10.0,1,10.0,0,0.009520874999992657
aco_current,7,7344,77,12,1,41.0,200.0,241.0,1.205,1.0,True,True,30.0,200.0,11.0,[1],10.0,10.0,1,10.0,0,0.009706624999992641
aco_current,7,7344,77,12,2,0.0,0.0,0.0,0.0,0.09907747060060501,False,False,0.0,0.0,0.0,[],10.0,10.0,1,10.0,0,0.009706624999992641
aco_current,7,7344,77,12,3,0.0,0.0,0.0,0.0,0.43936213850975037,False,False,0.0,0.0,0.0,[],10.0,10.0,1,10.0,0,0.009706624999992641
aco_current,7,7344,77,12,4,0.0,0.0,0.0,0.0,0.20313307642936707,False,False,0.0,0.0,0.0,[],10.0,10.0,1,10.0,0,0.009706624999992641
aco_current,7,7345,77,12,1,40.0,200.0,240.0,1.2,1.0,True,True,30.0,200.0,10.0,[1],10.0,10.0,1,10.0,0,0.00952774999998951
aco_current,7,7345,77,12,2,0.0,0.0,0.0,0.0,0.09907747060060501,False,False,0.0,0.0,0.0,[],10.0,10.0,1,10.0,0,0.00952774999998951
aco_current,7,7345,77,12,3,0.0,0.0,0.0,0.0,0.43936213850975037,False,False,0.0,0.0,0.0,[],10.0,10.0,1,10.0,0,0.00952774999998951
aco_current,7,7345,77,12,4,0.0,0.0,0.0,0.0,0.20313307642936707,False,False,0.0,0.0,0.0,[],10.0,10.0,1,10.0,0,0.00952774999998951
aco_current,7,7346,77,12,1,37.0,200.0,237.0,1.185,1.0,True,True,30.0,200.0,7.0,[1],10.0,10.0,1,10.0,0,0.009449500000002331
aco_current,7,7346,77,12,2,0.0,0.0,0.0,0.0,0.09907747060060501,False,False,0.0,0.0,0.0,[],10.0,10.0,1,10.0,0,0.009449500000002331
aco_current,7,7346,77,12,3,0.0,0.0,0.0,0.0,0.43936213850975037,False,False,0.0,0.0,0.0,[],10.0,10.0,1,10.0,0,0.009449500000002331
aco_current,7,7346,77,12,4,0.0,0.0,0.0,0.0,0.20313307642936707,False,False,0.0,0.0,0.0,[],10.0,10.0,1,10.0,0,0.009449500000002331
aco_current,7,7347,77,12,1,33.0,200.0,233.0,1.165,1.0,True,True,30.0,200.0,3.0,[1],10.0,10.0,1,10.0,0,0.009466458999995098
aco_current,7,7347,77,12,2,0.0,0.0,0.0,0.0,0.09907747060060501,False,False,0.0,0.0,0.0,[],10.0,10.0,1,10.0,0,0.009466458999995098
aco_current,7,7347,77,12,3,0.0,0.0,0.0,0.0,0.43936213850975037,False,False,0.0,0.0,0.0,[],10.0,10.0,1,10.0,0,0.009466458999995098
aco_current,7,7347,77,12,4,0.0,0.0,0.0,0.0,0.20313307642936707,False,False,0.0,0.0,0.0,[],10.0,10.0,1,10.0,0,0.009466458999995098
aco_current,7,7348,77,13,1,29.0,200.0,229.0,1.145,1.0,True,True,30.0,199.0,0.0,[1],10.0,10.0,1,10.0,0,0.009539625000002161
aco_current,7,7348,77,13,2,0.0,0.0,0.0,0.0,0.09907747060060501,False,False,0.0,0.0,0.0,[],10.0,10.0,1,10.0,0,0.009539625000002161
aco_current,7,7348,77,13,3,0.0,0.0,0.0,0.0,0.43936213850975037,False,False,0.0,0.0,0.0,[],10.0,10.0,1,10.0,0,0.009539625000002161
aco_current,7,7348,77,13,4,0.0,0.0,0.0,0.0,0.20313307642936707,False,False,0.0,0.0,0.0,[],10.0,10.0,1,10.0,0,0.009539625000002161
aco_current,7,7349,77,13,1,15.0,199.0,214.0,1.07,1.0,True,True,30.0,184.0,0.0,[1],10.0,10.0,1,10.0,0,0.00992204099999583
aco_current,7,7349,77,13,2,0.0,0.0,0.0,0.0,0.09907747060060501,False,False,0.0,0.0,0.0,[],10.0,10.0,1,10.0,0,0.00992204099999583
aco_current,7,7349,77,13,3,0.0,0.0,0.0,0.0,0.43936213850975037,False,False,0.0,0.0,0.0,[],10.0,10.0,1,10.0,0,0.00992204099999583
aco_current,7,7349,77,13,4,0.0,0.0,0.0,0.0,0.20313307642936707,False,False,0.0,0.0,0.0,[],10.0,10.0,1,10.0,0,0.00992204099999583
aco_current,7,7350,77,13,1,14.0,184.0,198.0,0.99,1.0,True,True,30.0,168.0,0.0,[1],10.0,10.0,1,10.0,0,0.009831500000004212
aco_current,7,7350,77,13,2,0.0,0.0,0.0,0.0,0.09907747060060501,False,False,0.0,0.0,0.0,[],10.0,10.0,1,10.0,0,0.009831500000004212
aco_current,7,7350,77,13,3,0.0,0.0,0.0,0.0,0.43936213850975037,False,False,0.0,0.0,0.0,[],10.0,10.0,1,10.0,0,0.009831500000004212
aco_current,7,7350,77,13,4,0.0,0.0,0.0,0.0,0.20313307642936707,False,False,0.0,0.0,0.0,[],10.0,10.0,1,10.0,0,0.009831500000004212
aco_current,7,7351,77,13,1,14.0,168.0,182.0,0.91,0.9999985098838806,True,True,30.0,152.0,0.0,[1],10.0,10.0,1,10.0,0,0.010410792000001834
aco_current,7,7351,77,13,2,0.0,0.0,0.0,0.0,0.09907747060060501,False,False,0.0,0.0,0.0,[],10.0,10.0,1,10.0,0,0.010410792000001834
aco_current,7,7351,77,13,3,0.0,0.0,0.0,0.0,0.43936213850975037,False,False,0.0,0.0,0.0,[],10.0,10.0,1,10.0,0,0.010410792000001834
aco_current,7,7351,77,13,4,0.0,0.0,0.0,0.0,0.20313307642936707,False,False,0.0,0.0,0.0,[],10.0,10.0,1,10.0,0,0.010410792000001834
aco_current,7,7352,77,14,1,13.0,152.0,165.0,0.825,0.9998015761375427,True,True,30.0,135.0,0.0,[1],10.0,10.0,1,10.0,0,0.009931416999990006
aco_current,7,7352,77,14,2,0.0,0.0,0.0,0.0,0.09907747060060501,False,False,0.0,0.0,0.0,[],10.0,10.0,1,10.0,0,0.009931416999990006
aco_current,7,7352,77,14,3,0.0,0.0,0.0,0.0,0.43936213850975037,False,False,0.0,0.0,0.0,[],10.0,10.0,1,10.0,0,0.009931416999990006
aco_current,7,7352,77,14,4,0.0,0.0,0.0,0.0,0.20313307642936707,False,False,0.0,0.0,0.0,[],10.0,10.0,1,10.0,0,0.009931416999990006
aco_current,7,7353,77,14,1,14.0,135.0,149.0,0.745,0.9961974024772644,False,False,0.0,149.0,0.0,[],0.0,0.0,0,0.0,0,4.750000002218258e-06
aco_current,7,7353,77,14,2,0.0,0.0,0.0,0.0,0.09907747060060501,False,False,0.0,0.0,0.0,[],0.0,0.0,0,0.0,0,4.750000002218258e-06
aco_current,7,7353,77,14,3,0.0,0.0,0.0,0.0,0.43936213850975037,False,False,0.0,0.0,0.0,[],0.0,0.0,0,0.0,0,4.750000002218258e-06
aco_current,7,7353,77,14,4,0.0,0.0,0.0,0.0,0.20313307642936707,False,False,0.0,0.0,0.0,[],0.0,0.0,0,0.0,0,4.750000002218258e-06
aco_current,7,7354,77,14,1,14.0,149.0,163.0,0.815,0.9997623562812805,True,True,30.0,133.0,0.0,[1],10.0,10.0,1,10.0,0,0.009880332999998132
aco_current,7,7354,77,14,2,0.0,0.0,0.0,0.0,0.09907747060060501,False,False,0.0,0.0,0.0,[],10.0,10.0,1,10.0,0,0.009880332999998132
aco_current,7,7354,77,14,3,0.0,0.0,0.0,0.0,0.43936213850975037,False,False,0.0,0.0,0.0,[],10.0,10.0,1,10.0,0,0.009880332999998132
aco_current,7,7354,77,14,4,0.0,0.0,0.0,0.0,0.20313307642936707,False,False,0.0,0.0,0.0,[],10.0,10.0,1,10.0,0,0.009880332999998132
aco_current,7,7355,77,14,1,14.0,133.0,147.0,0.735,0.9951350092887878,False,False,0.0,147.0,0.0,[],0.0,0.0,0,0.0,0,3.792000001112683e-06
aco_current,7,7355,77,14,2,0.0,0.0,0.0,0.0,0.09907747060060501,False,False,0.0,0.0,0.0,[],0.0,0.0,0,0.0,0,3.792000001112683e-06
aco_current,7,7355,77,14,3,0.0,0.0,0.0,0.0,0.43936213850975037,False,False,0.0,0.0,0.0,[],0.0,0.0,0,0.0,0,3.792000001112683e-06
aco_current,7,7355,77,14,4,0.0,0.0,0.0,0.0,0.20313307642936707,False,False,0.0,0.0,0.0,[],0.0,0.0,0,0.0,0,3.792000001112683e-06
aco_current,7,7356,77,15,1,14.0,147.0,161.0,0.805,0.9996035695075989,True,True,30.0,131.0,0.0,[1],10.0,10.0,1,10.0,0,0.010017833999995673
aco_current,7,7356,77,15,2,0.0,0.0,0.0,0.0,0.09907747060060501,False,False,0.0,0.0,0.0,[],10.0,10.0,1,10.0,0,0.010017833999995673
aco_current,7,7356,77,15,3,0.0,0.0,0.0,0.0,0.43936213850975037,False,False,0.0,0.0,0.0,[],10.0,10.0,1,10.0,0,0.010017833999995673
aco_current,7,7356,77,15,4,0.0,0.0,0.0,0.0,0.20313307642936707,False,False,0.0,0.0,0.0,[],10.0,10.0,1,10.0,0,0.010017833999995673
aco_current,7,7357,77,15,1,14.0,131.0,145.0,0.725,0.9937705993652344,False,False,0.0,145.0,0.0,[],0.0,0.0,0,0.0,0,4.250000003480636e-06
aco_current,7,7357,77,15,2,0.0,0.0,0.0,0.0,0.09907747060060501,False,False,0.0,0.0,0.0,[],0.0,0.0,0,0.0,0,4.250000003480636e-06
aco_current,7,7357,77,15,3,0.0,0.0,0.0,0.0,0.43936213850975037,False,False,0.0,0.0,0.0,[],0.0,0.0,0,0.0,0,4.250000003480636e-06
aco_current,7,7357,77,15,4,0.0,0.0,0.0,0.0,0.20313307642936707,False,False,0.0,0.0,0.0,[],0.0,0.0,0,0.0,0,4.250000003480636e-06
aco_current,7,7358,77,15,1,13.0,145.0,158.0,0.79,0.9988059401512146,False,False,0.0,158.0,0.0,[],0.0,0.0,0,0.0,0,2.7910000000019863e-06
aco_current,7,7358,77,15,2,0.0,0.0,0.0,0.0,0.09907747060060501,False,False,0.0,0.0,0.0,[],0.0,0.0,0,0.0,0,2.7910000000019863e-06
aco_current,7,7358,77,15,3,0.0,0.0,0.0,0.0,0.43936213850975037,False,False,0.0,0.0,0.0,[],0.0,0.0,0,0.0,0,2.7910000000019863e-06
aco_current,7,7358,77,15,4,0.0,0.0,0.0,0.0,0.20313307642936707,False,False,0.0,0.0,0.0,[],0.0,0.0,0,0.0,0,2.7910000000019863e-06
aco_current,7,7359,77,15,1,14.0,158.0,172.0,0.86,0.9999774694442749,True,True,30.0,142.0,0.0,[1],10.0,10.0,1,10.0,0,0.009680083000006334
aco_current,7,7359,77,15,2,0.0,0.0,0.0,0.0,0.09907747060060501,False,False,0.0,0.0,0.0,[],10.0,10.0,1,10.0,0,0.009680083000006334
aco_current,7,7359,77,15,3,0.0,0.0,0.0,0.0,0.43936213850975037,False,False,0.0,0.0,0.0,[],10.0,10.0,1,10.0,0,0.009680083000006334
aco_current,7,7359,77,15,4,0.0,0.0,0.0,0.0,0.20313307642936707,False,False,0.0,0.0,0.0,[],10.0,10.0,1,10.0,0,0.009680083000006334
aco_current,7,7360,77,16,1,14.0,142.0,156.0,0.78,0.9987085461616516,False,False,0.0,156.0,0.0,[],0.0,0.0,0,0.0,0,3.1659999990552024e-06
aco_current,7,7360,77,16,2,0.0,0.0,0.0,0.0,0.09907747060060501,False,False,0.0,0.0,0.0,[],0.0,0.0,0,0.0,0,3.1659999990552024e-06
aco_current,7,7360,77,16,3,0.0,0.0,0.0,0.0,0.43936213850975037,False,False,0.0,0.0,0.0,[],0.0,0.0,0,0.0,0,3.1659999990552024e-06
aco_current,7,7360,77,16,4,0.0,0.0,0.0,0.0,0.20313307642936707,False,False,0.0,0.0,0.0,[],0.0,0.0,0,0.0,0,3.1659999990552024e-06
aco_current,7,7361,77,16,1,14.0,156.0,170.0,0.85,0.999961793422699,True,True,30.0,140.0,0.0,[1],10.0,10.0,1,10.0,0,0.009716083000000708
aco_current,7,7361,77,16,2,0.0,0.0,0.0,0.0,0.09907747060060501,False,False,0.0,0.0,0.0,[],10.0,10.0,1,10.0,0,0.009716083000000708
aco_current,7,7361,77,16,3,0.0,0.0,0.0,0.0,0.43936213850975037,False,False,0.0,0.0,0.0,[],10.0,10.0,1,10.0,0,0.009716083000000708
aco_current,7,7361,77,16,4,0.0,0.0,0.0,0.0,0.20313307642936707,False,False,0.0,0.0,0.0,[],10.0,10.0,1,10.0,0,0.009716083000000708
aco_current,7,7362,77,16,1,14.0,140.0,154.0,0.77,0.9980173110961914,False,False,0.0,154.0,0.0,[],0.0,0.0,0,0.0,0,2.4999999936881068e-06
aco_current,7,7362,77,16,2,0.0,0.0,0.0,0.0,0.09907747060060501,False,False,0.0,0.0,0.0,[],0.0,0.0,0,0.0,0,2.4999999936881068e-06
aco_current,7,7362,77,16,3,0.0,0.0,0.0,0.0,0.43936213850975037,False,False,0.0,0.0,0.0,[],0.0,0.0,0,0.0,0,2.4999999936881068e-06
aco_current,7,7362,77,16,4,0.0,0.0,0.0,0.0,0.20313307642936707,False,False,0.0,0.0,0.0,[],0.0,0.0,0,0.0,0,2.4999999936881068e-06
aco_current,7,7363,77,16,1,14.0,154.0,168.0,0.84,0.9999355673789978,True,True,30.0,138.0,0.0,[1],10.0,10.0,1,10.0,0,0.0103767919999882
aco_current,7,7363,77,16,2,0.0,0.0,0.0,0.0,0.09907747060060501,False,False,0.0,0.0,0.0,[],10.0,10.0,1,10.0,0,0.0103767919999882
aco_current,7,7363,77,16,3,0.0,0.0,0.0,0.0,0.43936213850975037,False,False,0.0,0.0,0.0,[],10.0,10.0,1,10.0,0,0.0103767919999882
aco_current,7,7363,77,16,4,0.0,0.0,0.0,0.0,0.20313307642936707,False,False,0.0,0.0,0.0,[],10.0,10.0,1,10.0,0,0.0103767919999882
aco_current,7,7364,77,17,1,14.0,138.0,152.0,0.76,0.9973729252815247,False,False,0.0,152.0,0.0,[],0.0,0.0,0,0.0,0,2.7910000000019863e-06
aco_current,7,7364,77,17,2,0.0,0.0,0.0,0.0,0.09907747060060501,False,False,0.0,0.0,0.0,[],0.0,0.0,0,0.0,0,2.7910000000019863e-06
aco_current,7,7364,77,17,3,0.0,0.0,0.0,0.0,0.43936213850975037,False,False,0.0,0.0,0.0,[],0.0,0.0,0,0.0,0,2.7910000000019863e-06
aco_current,7,7364,77,17,4,0.0,0.0,0.0,0.0,0.20313307642936707,False,False,0.0,0.0,0.0,[],0.0,0.0,0,0.0,0,2.7910000000019863e-06
aco_current,7,7365,77,17,1,13.0,152.0,165.0,0.825,0.9998005628585815,True,True,30.0,135.0,0.0,[1],10.0,10.0,1,10.0,0,0.009514667000004806
aco_current,7,7365,77,17,2,0.0,0.0,0.0,0.0,0.09907747060060501,False,False,0.0,0.0,0.0,[],10.0,10.0,1,10.0,0,0.009514667000004806
aco_current,7,7365,77,17,3,0.0,0.0,0.0,0.0,0.43936213850975037,False,False,0.0,0.0,0.0,[],10.0,10.0,1,10.0,0,0.009514667000004806
aco_current,7,7365,77,17,4,0.0,0.0,0.0,0.0,0.20313307642936707,False,False,0.0,0.0,0.0,[],10.0,10.0,1,10.0,0,0.009514667000004806
aco_current,7,7366,77,17,1,14.0,135.0,149.0,0.745,0.9961974024772644,False,False,0.0,149.0,0.0,[],0.0,0.0,0,0.0,0,3.1659999990552024e-06
aco_current,7,7366,77,17,2,0.0,0.0,0.0,0.0,0.09907747060060501,False,False,0.0,0.0,0.0,[],0.0,0.0,0,0.0,0,3.1659999990552024e-06
aco_current,7,7366,77,17,3,0.0,0.0,0.0,0.0,0.43936213850975037,False,False,0.0,0.0,0.0,[],0.0,0.0,0,0.0,0,3.1659999990552024e-06
aco_current,7,7366,77,17,4,0.0,0.0,0.0,0.0,0.20313307642936707,False,False,0.0,0.0,0.0,[],0.0,0.0,0,0.0,0,3.1659999990552024e-06
aco_current,7,7367,77,17,1,14.0,149.0,163.0,0.815,0.9997623562812805,True,True,30.0,133.0,0.0,[1],10.0,10.0,1,10.0,0,0.009699332999986154
aco_current,7,7367,77,17,2,0.0,0.0,0.0,0.0,0.09907747060060501,False,False,0.0,0.0,0.0,[],10.0,10.0,1,10.0,0,0.009699332999986154
aco_current,7,7367,77,17,3,0.0,0.0,0.0,0.0,0.43936213850975037,False,False,0.0,0.0,0.0,[],10.0,10.0,1,10.0,0,0.009699332999986154
aco_current,7,7367,77,17,4,0.0,0.0,0.0,0.0,0.20313307642936707,False,False,0.0,0.0,0.0,[],10.0,10.0,1,10.0,0,0.009699332999986154
aco_current,7,7368,77,18,1,14.0,133.0,147.0,0.735,0.9951350092887878,False,False,0.0,147.0,0.0,[],0.0,0.0,0,0.0,0,3.1669999884798017e-06
aco_current,7,7368,77,18,2,0.0,0.0,0.0,0.0,0.09907747060060501,False,False,0.0,0.0,0.0,[],0.0,0.0,0,0.0,0,3.1669999884798017e-06
aco_current,7,7368,77,18,3,0.0,0.0,0.0,0.0,0.43936213850975037,False,False,0.0,0.0,0.0,[],0.0,0.0,0,0.0,0,3.1669999884798017e-06
aco_current,7,7368,77,18,4,0.0,0.0,0.0,0.0,0.20313307642936707,False,False,0.0,0.0,0.0,[],0.0,0.0,0,0.0,0,3.1669999884798017e-06
aco_current,7,7369,77,18,1,14.0,147.0,161.0,0.805,0.9996035695075989,True,True,30.0,131.0,0.0,[1],10.0,10.0,1,10.0,0,0.009885707999998772
aco_current,7,7369,77,18,2,0.0,0.0,0.0,0.0,0.09907747060060501,False,False,0.0,0.0,0.0,[],10.0,10.0,1,10.0,0,0.009885707999998772
aco_current,7,7369,77,18,3,0.0,0.0,0.0,0.0,0.43936213850975037,False,False,0.0,0.0,0.0,[],10.0,10.0,1,10.0,0,0.009885707999998772
aco_current,7,7369,77,18,4,0.0,0.0,0.0,0.0,0.20313307642936707,False,False,0.0,0.0,0.0,[],10.0,10.0,1,10.0,0,0.009885707999998772
aco_current,7,7370,77,18,1,14.0,131.0,145.0,0.725,0.9937705993652344,False,False,0.0,145.0,0.0,[],0.0,0.0,0,0.0,0,3.750000004743015e-06
aco_current,7,7370,77,18,2,0.0,0.0,0.0,0.0,0.09907747060060501,False,False,0.0,0.0,0.0,[],0.0,0.0,0,0.0,0,3.750000004743015e-06
aco_current,7,7370,77,18,3,0.0,0.0,0.0,0.0,0.43936213850975037,False,False,0.0,0.0,0.0,[],0.0,0.0,0,0.0,0,3.750000004743015e-06
aco_current,7,7370,77,18,4,0.0,0.0,0.0,0.0,0.20313307642936707,False,False,0.0,0.0,0.0,[],0.0,0.0,0,0.0,0,3.750000004743015e-06
aco_current,7,7371,77,18,1,13.0,145.0,158.0,0.79,0.9988059401512146,False,False,0.0,158.0,0.0,[],0.0,0.0,0,0.0,0,3.374999991478944e-06
aco_current,7,7371,77,18,2,0.0,0.0,0.0,0.0,0.09907747060060501,False,False,0.0,0.0,0.0,[],0.0,0.0,0,0.0,0,3.374999991478944e-06
aco_current,7,7371,77,18,3,0.0,0.0,0.0,0.0,0.43936213850975037,False,False,0.0,0.0,0.0,[],0.0,0.0,0,0.0,0,3.374999991478944e-06
aco_current,7,7371,77,18,4,0.0,0.0,0.0,0.0,0.20313307642936707,False,False,0.0,0.0,0.0,[],0.0,0.0,0,0.0,0,3.374999991478944e-06
aco_current,7,7372,77,19,1,14.0,158.0,172.0,0.86,0.9999774694442749,True,True,30.0,142.0,0.0,[1],10.0,10.0,1,10.0,0,0.009827375000000416
aco_current,7,7372,77,19,2,0.0,0.0,0.0,0.0,0.09907747060060501,False,False,0.0,0.0,0.0,[],10.0,10.0,1,10.0,0,0.009827375000000416
aco_current,7,7372,77,19,3,0.0,0.0,0.0,0.0,0.43936213850975037,False,False,0.0,0.0,0.0,[],10.0,10.0,1,10.0,0,0.009827375000000416
aco_current,7,7372,77,19,4,0.0,0.0,0.0,0.0,0.20313307642936707,False,False,0.0,0.0,0.0,[],10.0,10.0,1,10.0,0,0.009827375000000416
aco_current,7,7373,77,19,1,14.0,142.0,156.0,0.78,0.9987085461616516,False,False,0.0,156.0,0.0,[],0.0,0.0,0,0.0,0,4.082999993215708e-06
aco_current,7,7373,77,19,2,0.0,0.0,0.0,0.0,0.09907747060060501,False,False,0.0,0.0,0.0,[],0.0,0.0,0,0.0,0,4.082999993215708e-06
aco_current,7,7373,77,19,3,0.0,0.0,0.0,0.0,0.43936213850975037,False,False,0.0,0.0,0.0,[],0.0,0.0,0,0.0,0,4.082999993215708e-06
aco_current,7,7373,77,19,4,0.0,0.0,0.0,0.0,0.20313307642936707,False,False,0.0,0.0,0.0,[],0.0,0.0,0,0.0,0,4.082999993215708e-06
aco_current,7,7374,77,19,1,14.0,156.0,170.0,0.85,0.999961793422699,True,True,30.0,140.0,0.0,[1],10.0,10.0,1,10.0,0,0.009814374999990605
aco_current,7,7374,77,19,2,0.0,0.0,0.0,0.0,0.09907747060060501,False,False,0.0,0.0,0.0,[],10.0,10.0,1,10.0,0,0.009814374999990605
aco_current,7,7374,77,19,3,0.0,0.0,0.0,0.0,0.43936213850975037,False,False,0.0,0.0,0.0,[],10.0,10.0,1,10.0,0,0.009814374999990605
aco_current,7,7374,77,19,4,0.0,0.0,0.0,0.0,0.20313307642936707,False,False,0.0,0.0,0.0,[],10.0,10.0,1,10.0,0,0.009814374999990605
aco_current,7,7375,77,19,1,14.0,140.0,154.0,0.77,0.9980173110961914,False,False,0.0,154.0,0.0,[],0.0,0.0,0,0.0,0,2.5420000042686297e-06
aco_current,7,7375,77,19,2,0.0,0.0,0.0,0.0,0.09907747060060501,False,False,0.0,0.0,0.0,[],0.0,0.0,0,0.0,0,2.5420000042686297e-06
aco_current,7,7375,77,19,3,0.0,0.0,0.0,0.0,0.43936213850975037,False,False,0.0,0.0,0.0,[],0.0,0.0,0,0.0,0,2.5420000042686297e-06
aco_current,7,7375,77,19,4,0.0,0.0,0.0,0.0,0.20313307642936707,False,False,0.0,0.0,0.0,[],0.0,0.0,0,0.0,0,2.5420000042686297e-06
aco_current,7,7376,77,20,1,14.0,154.0,168.0,0.84,0.9999355673789978,True,True,30.0,138.0,0.0,[1],10.0,10.0,1,10.0,0,0.009644542000003753
aco_current,7,7376,77,20,2,0.0,0.0,0.0,0.0,0.09907747060060501,False,False,0.0,0.0,0.0,[],10.0,10.0,1,10.0,0,0.009644542000003753
aco_current,7,7376,77,20,3,0.0,0.0,0.0,0.0,0.43936213850975037,False,False,0.0,0.0,0.0,[],10.0,10.0,1,10.0,0,0.009644542000003753
aco_current,7,7376,77,20,4,0.0,0.0,0.0,0.0,0.20313307642936707,False,False,0.0,0.0,0.0,[],10.0,10.0,1,10.0,0,0.009644542000003753
aco_current,7,7377,77,20,1,14.0,138.0,152.0,0.76,0.9973729252815247,False,False,0.0,152.0,0.0,[],0.0,0.0,0,0.0,0,3.4589999984291353e-06
aco_current,7,7377,77,20,2,0.0,0.0,0.0,0.0,0.09907747060060501,False,False,0.0,0.0,0.0,[],0.0,0.0,0,0.0,0,3.4589999984291353e-06
aco_current,7,7377,77,20,3,0.0,0.0,0.0,0.0,0.43936213850975037,False,False,0.0,0.0,0.0,[],0.0,0.0,0,0.0,0,3.4589999984291353e-06
aco_current,7,7377,77,20,4,0.0,0.0,0.0,0.0,0.20313307642936707,False,False,0.0,0.0,0.0,[],0.0,0.0,0,0.0,0,3.4589999984291353e-06
aco_current,7,7378,77,20,1,13.0,152.0,165.0,0.825,0.9998005628585815,True,True,30.0,135.0,0.0,[1],10.0,10.0,1,10.0,0,0.009827041000008307
aco_current,7,7378,77,20,2,0.0,0.0,0.0,0.0,0.09907747060060501,False,False,0.0,0.0,0.0,[],10.0,10.0,1,10.0,0,0.009827041000008307
aco_current,7,7378,77,20,3,0.0,0.0,0.0,0.0,0.43936213850975037,False,False,0.0,0.0,0.0,[],10.0,10.0,1,10.0,0,0.009827041000008307
aco_current,7,7378,77,20,4,0.0,0.0,0.0,0.0,0.20313307642936707,False,False,0.0,0.0,0.0,[],10.0,10.0,1,10.0,0,0.009827041000008307
aco_current,7,7379,77,20,1,14.0,135.0,149.0,0.745,0.9961974024772644,False,False,0.0,149.0,0.0,[],0.0,0.0,0,0.0,0,2.7499999930569174e-06
aco_current,7,7379,77,20,2,0.0,0.0,0.0,0.0,0.09907747060060501,False,False,0.0,0.0,0.0,[],0.0,0.0,0,0.0,0,2.7499999930569174e-06
aco_current,7,7379,77,20,3,0.0,0.0,0.0,0.0,0.43936213850975037,False,False,0.0,0.0,0.0,[],0.0,0.0,0,0.0,0,2.7499999930569174e-06
aco_current,7,7379,77,20,4,0.0,0.0,0.0,0.0,0.20313307642936707,False,False,0.0,0.0,0.0,[],0.0,0.0,0,0.0,0,2.7499999930569174e-06
aco_current,7,7380,77,21,1,14.0,149.0,163.0,0.815,0.9997623562812805,True,True,30.0,133.0,0.0,[1],10.0,10.0,1,10.0,0,0.009568541999996683
aco_current,7,7380,77,21,2,0.0,0.0,0.0,0.0,0.09907747060060501,False,False,0.0,0.0,0.0,[],10.0,10.0,1,10.0,0,0.009568541999996683
aco_current,7,7380,77,21,3,0.0,0.0,0.0,0.0,0.43936213850975037,False,False,0.0,0.0,0.0,[],10.0,10.0,1,10.0,0,0.009568541999996683
aco_current,7,7380,77,21,4,0.0,0.0,0.0,0.0,0.20313307642936707,False,False,0.0,0.0,0.0,[],10.0,10.0,1,10.0,0,0.009568541999996683
aco_current,7,7381,77,21,1,14.0,133.0,147.0,0.735,0.9951350092887878,False,False,0.0,147.0,0.0,[],0.0,0.0,0,0.0,0,2.999999992425728e-06
aco_current,7,7381,77,21,2,0.0,0.0,0.0,0.0,0.09907747060060501,False,False,0.0,0.0,0.0,[],0.0,0.0,0,0.0,0,2.999999992425728e-06
aco_current,7,7381,77,21,3,0.0,0.0,0.0,0.0,0.43936213850975037,False,False,0.0,0.0,0.0,[],0.0,0.0,0,0.0,0,2.999999992425728e-06
aco_current,7,7381,77,21,4,0.0,0.0,0.0,0.0,0.20313307642936707,False,False,0.0,0.0,0.0,[],0.0,0.0,0,0.0,0,2.999999992425728e-06
aco_current,7,7382,77,21,1,14.0,147.0,161.0,0.805,0.9996035695075989,True,True,30.0,131.0,0.0,[1],10.0,10.0,1,10.0,0,0.00970175000000495
aco_current,7,7382,77,21,2,0.0,0.0,0.0,0.0,0.09907747060060501,False,False,0.0,0.0,0.0,[],10.0,10.0,1,10.0,0,0.00970175000000495
aco_current,7,7382,77,21,3,0.0,0.0,0.0,0.0,0.43936213850975037,False,False,0.0,0.0,0.0,[],10.0,10.0,1,10.0,0,0.00970175000000495
aco_current,7,7382,77,21,4,0.0,0.0,0.0,0.0,0.20313307642936707,False,False,0.0,0.0,0.0,[],10.0,10.0,1,10.0,0,0.00970175000000495
aco_current,7,7383,77,21,1,14.0,131.0,145.0,0.725,0.9937705993652344,False,False,0.0,145.0,0.0,[],0.0,0.0,0,0.0,0,3.2079999954248706e-06
aco_current,7,7383,77,21,2,0.0,0.0,0.0,0.0,0.09907747060060501,False,False,0.0,0.0,0.0,[],0.0,0.0,0,0.0,0,3.2079999954248706e-06
aco_current,7,7383,77,21,3,0.0,0.0,0.0,0.0,0.43936213850975037,False,False,0.0,0.0,0.0,[],0.0,0.0,0,0.0,0,3.2079999954248706e-06
aco_current,7,7383,77,21,4,0.0,0.0,0.0,0.0,0.20313307642936707,False,False,0.0,0.0,0.0,[],0.0,0.0,0,0.0,0,3.2079999954248706e-06
aco_current,7,7384,77,22,1,0.0,145.0,145.0,0.725,0.15652655065059662,False,False,0.0,145.0,0.0,[],0.0,0.0,0,0.0,0,2.0410000018955543e-06
aco_current,7,7384,77,22,2,0.0,0.0,0.0,0.0,0.09907747060060501,False,False,0.0,0.0,0.0,[],0.0,0.0,0,0.0,0,2.0410000018955543e-06
aco_current,7,7384,77,22,3,0.0,0.0,0.0,0.0,0.43936213850975037,False,False,0.0,0.0,0.0,[],0.0,0.0,0,0.0,0,2.0410000018955543e-06
aco_current,7,7384,77,22,4,0.0,0.0,0.0,0.0,0.20313307642936707,False,False,0.0,0.0,0.0,[],0.0,0.0,0,0.0,0,2.0410000018955543e-06
aco_current,7,7385,77,22,1,0.0,145.0,145.0,0.725,0.15996329486370087,False,False,0.0,145.0,0.0,[],0.0,0.0,0,0.0,0,1.8339999883210112e-06
aco_current,7,7385,77,22,2,0.0,0.0,0.0,0.0,0.09907747060060501,False,False,0.0,0.0,0.0,[],0.0,0.0,0,0.0,0,1.8339999883210112e-06
aco_current,7,7385,77,22,3,0.0,0.0,0.0,0.0,0.43936213850975037,False,False,0.0,0.0,0.0,[],0.0,0.0,0,0.0,0,1.8339999883210112e-06
aco_current,7,7385,77,22,4,0.0,0.0,0.0,0.0,0.20313307642936707,False,False,0.0,0.0,0.0,[],0.0,0.0,0,0.0,0,1.8339999883210112e-06
aco_current,7,7386,77,22,1,0.0,145.0,145.0,0.725,0.244400292634964,False,False,0.0,145.0,0.0,[],0.0,0.0,0,0.0,0,2.666000000317581e-06
aco_current,7,7386,77,22,2,0.0,0.0,0.0,0.0,0.09907747060060501,False,False,0.0,0.0,0.0,[],0.0,0.0,0,0.0,0,2.666000000317581e-06
aco_current,7,7386,77,22,3,0.0,0.0,0.0,0.0,0.43936213850975037,False,False,0.0,0.0,0.0,[],0.0,0.0,0,0.0,0,2.666000000317581e-06
aco_current,7,7386,77,22,4,0.0,0.0,0.0,0.0,0.20313307642936707,False,False,0.0,0.0,0.0,[],0.0,0.0,0,0.0,0,2.666000000317581e-06
aco_current,7,7387,77,22,1,0.0,145.0,145.0,0.725,0.31859835982322693,False,False,0.0,145.0,0.0,[],0.0,0.0,0,0.0,0,2.0420000055310084e-06
aco_current,7,7387,77,22,2,0.0,0.0,0.0,0.0,0.09907747060060501,False,False,0.0,0.0,0.0,[],0.0,0.0,0,0.0,0,2.0420000055310084e-06
aco_current,7,7387,77,22,3,0.0,0.0,0.0,0.0,0.43936213850975037,False,False,0.0,0.0,0.0,[],0.0,0.0,0,0.0,0,2.0420000055310084e-06
aco_current,7,7387,77,22,4,0.0,0.0,0.0,0.0,0.20313307642936707,False,False,0.0,0.0,0.0,[],0.0,0.0,0,0.0,0,2.0420000055310084e-06
aco_current,7,7388,77,23,1,0.0,145.0,145.0,0.725,0.31859835982322693,False,False,0.0,145.0,0.0,[],0.0,0.0,0,0.0,0,2.0830000124760772e-06
aco_current,7,7388,77,23,2,0.0,0.0,0.0,0.0,0.09907747060060501,False,False,0.0,0.0,0.0,[],0.0,0.0,0,0.0,0,2.0830000124760772e-06
aco_current,7,7388,77,23,3,0.0,0.0,0.0,0.0,0.43936213850975037,False,False,0.0,0.0,0.0,[],0.0,0.0,0,0.0,0,2.0830000124760772e-06
aco_current,7,7388,77,23,4,0.0,0.0,0.0,0.0,0.20313307642936707,False,False,0.0,0.0,0.0,[],0.0,0.0,0,0.0,0,2.0830000124760772e-06
aco_current,7,7389,77,23,1,0.0,145.0,145.0,0.725,0.31859835982322693,False,False,0.0,145.0,0.0,[],0.0,0.0,0,0.0,0,2.3749999940037014e-06
aco_current,7,7389,77,23,2,0.0,0.0,0.0,0.0,0.09907747060060501,False,False,0.0,0.0,0.0,[],0.0,0.0,0,0.0,0,2.3749999940037014e-06
aco_current,7,7389,77,23,3,0.0,0.0,0.0,0.0,0.43936213850975037,False,False,0.0,0.0,0.0,[],0.0,0.0,0,0.0,0,2.3749999940037014e-06
aco_current,7,7389,77,23,4,0.0,0.0,0.0,0.0,0.20313307642936707,False,False,0.0,0.0,0.0,[],0.0,0.0,0,0.0,0,2.3749999940037014e-06
aco_current,7,7390,77,23,1,0.0,145.0,145.0,0.725,0.31859835982322693,False,False,0.0,145.0,0.0,[],0.0,0.0,0,0.0,0,1.9999999949504854e-06
aco_current,7,7390,77,23,2,0.0,0.0,0.0,0.0,0.09907747060060501,False,False,0.0,0.0,0.0,[],0.0,0.0,0,0.0,0,1.9999999949504854e-06
aco_current,7,7390,77,23,3,0.0,0.0,0.0,0.0,0.43936213850975037,False,False,0.0,0.0,0.0,[],0.0,0.0,0,0.0,0,1.9999999949504854e-06
aco_current,7,7390,77,23,4,0.0,0.0,0.0,0.0,0.20313307642936707,False,False,0.0,0.0,0.0,[],0.0,0.0,0,0.0,0,1.9999999949504854e-06
aco_current,7,7391,77,23,1,0.0,145.0,145.0,0.725,0.31859835982322693,False,False,0.0,145.0,0.0,[],0.0,0.0,0,0.0,0,2.4999999936881068e-06
aco_current,7,7391,77,23,2,0.0,0.0,0.0,0.0,0.09907747060060501,False,False,0.0,0.0,0.0,[],0.0,0.0,0,0.0,0,2.4999999936881068e-06
aco_current,7,7391,77,23,3,0.0,0.0,0.0,0.0,0.43936213850975037,False,False,0.0,0.0,0.0,[],0.0,0.0,0,0.0,0,2.4999999936881068e-06
aco_current,7,7391,77,23,4,0.0,0.0,0.0,0.0,0.20313307642936707,False,False,0.0,0.0,0.0,[],0.0,0.0,0,0.0,0,2.4999999936881068e-06
aco_current,7,7392,78,0,1,39.0,145.0,184.0,0.92,1.0,True,True,30.0,154.0,0.0,[1],10.0,10.0,1,10.0,0,0.009588125000007608
aco_current,7,7392,78,0,2,0.0,0.0,0.0,0.0,0.09907747060060501,False,False,0.0,0.0,0.0,[],10.0,10.0,1,10.0,0,0.009588125000007608
aco_current,7,7392,78,0,3,0.0,0.0,0.0,0.0,0.43936213850975037,False,False,0.0,0.0,0.0,[],10.0,10.0,1,10.0,0,0.009588125000007608
aco_current,7,7392,78,0,4,0.0,0.0,0.0,0.0,0.20313307642936707,False,False,0.0,0.0,0.0,[],10.0,10.0,1,10.0,0,0.009588125000007608
aco_current,7,7393,78,0,1,42.0,154.0,196.0,0.98,1.0,True,True,30.0,166.0,0.0,[1],10.0,10.0,1,10.0,0,0.00958958299999324
aco_current,7,7393,78,0,2,0.0,0.0,0.0,0.0,0.09907747060060501,False,False,0.0,0.0,0.0,[],10.0,10.0,1,10.0,0,0.00958958299999324
aco_current,7,7393,78,0,3,0.0,0.0,0.0,0.0,0.43936213850975037,False,False,0.0,0.0,0.0,[],10.0,10.0,1,10.0,0,0.00958958299999324
aco_current,7,7393,78,0,4,0.0,0.0,0.0,0.0,0.20313307642936707,False,False,0.0,0.0,0.0,[],10.0,10.0,1,10.0,0,0.00958958299999324
aco_current,7,7394,78,0,1,42.0,166.0,208.0,1.04,1.0,True,True,30.0,178.0,0.0,[1],10.0,10.0,1,10.0,0,0.009563166999996042
aco_current,7,7394,78,0,2,0.0,0.0,0.0,0.0,0.09907747060060501,False,False,0.0,0.0,0.0,[],10.0,10.0,1,10.0,0,0.009563166999996042
aco_current,7,7394,78,0,3,0.0,0.0,0.0,0.0,0.43936213850975037,False,False,0.0,0.0,0.0,[],10.0,10.0,1,10.0,0,0.009563166999996042
aco_current,7,7394,78,0,4,0.0,0.0,0.0,0.0,0.20313307642936707,False,False,0.0,0.0,0.0,[],10.0,10.0,1,10.0,0,0.009563166999996042
aco_current,7,7395,78,0,1,41.0,178.0,219.0,1.095,1.0,True,True,30.0,189.0,0.0,[1],10.0,10.0,1,10.0,0,0.009632082999999625
aco_current,7,7395,78,0,2,0.0,0.0,0.0,0.0,0.09907747060060501,False,False,0.0,0.0,0.0,[],10.0,10.0,1,10.0,0,0.009632082999999625
aco_current,7,7395,78,0,3,0.0,0.0,0.0,0.0,0.43936213850975037,False,False,0.0,0.0,0.0,[],10.0,10.0,1,10.0,0,0.009632082999999625
aco_current,7,7395,78,0,4,0.0,0.0,0.0,0.0,0.20313307642936707,False,False,0.0,0.0,0.0,[],10.0,10.0,1,10.0,0,0.009632082999999625
aco_current,7,7396,78,1,1,42.0,189.0,231.0,1.155,1.0,True,True,30.0,200.0,1.0,[1],10.0,10.0,1,10.0,0,0.009387249999988967
aco_current,7,7396,78,1,2,0.0,0.0,0.0,0.0,0.09907747060060501,False,False,0.0,0.0,0.0,[],10.0,10.0,1,10.0,0,0.009387249999988967
aco_current,7,7396,78,1,3,0.0,0.0,0.0,0.0,0.43936213850975037,False,False,0.0,0.0,0.0,[],10.0,10.0,1,10.0,0,0.009387249999988967
aco_current,7,7396,78,1,4,0.0,0.0,0.0,0.0,0.20313307642936707,False,False,0.0,0.0,0.0,[],10.0,10.0,1,10.0,0,0.009387249999988967
aco_current,7,7397,78,1,1,45.0,200.0,245.0,1.225,1.0,True,True,30.0,200.0,15.0,[1],10.0,10.0,1,10.0,0,0.009522042000000397
aco_current,7,7397,78,1,2,0.0,0.0,0.0,0.0,0.09907747060060501,False,False,0.0,0.0,0.0,[],10.0,10.0,1,10.0,0,0.009522042000000397
aco_current,7,7397,78,1,3,0.0,0.0,0.0,0.0,0.43936213850975037,False,False,0.0,0.0,0.0,[],10.0,10.0,1,10.0,0,0.009522042000000397
aco_current,7,7397,78,1,4,0.0,0.0,0.0,0.0,0.20313307642936707,False,False,0.0,0.0,0.0,[],10.0,10.0,1,10.0,0,0.009522042000000397
aco_current,7,7398,78,1,1,44.0,200.0,244.0,1.22,1.0,True,True,30.0,200.0,14.0,[1],10.0,10.0,1,10.0,0,0.009614915999989648
aco_current,7,7398,78,1,2,0.0,0.0,0.0,0.0,0.09907747060060501,False,False,0.0,0.0,0.0,[],10.0,10.0,1,10.0,0,0.009614915999989648
aco_current,7,7398,78,1,3,0.0,0.0,0.0,0.0,0.43936213850975037,False,False,0.0,0.0,0.0,[],10.0,10.0,1,10.0,0,0.009614915999989648
aco_current,7,7398,78,1,4,0.0,0.0,0.0,0.0,0.20313307642936707,False,False,0.0,0.0,0.0,[],10.0,10.0,1,10.0,0,0.009614915999989648
aco_current,7,7399,78,1,1,45.0,200.0,245.0,1.225,1.0,True,True,30.0,200.0,15.0,[1],10.0,10.0,1,10.0,0,0.009785917000002087
aco_current,7,7399,78,1,2,0.0,0.0,0.0,0.0,0.09907747060060501,False,False,0.0,0.0,0.0,[],10.0,10.0,1,10.0,0,0.009785917000002087
aco_current,7,7399,78,1,3,0.0,0.0,0.0,0.0,0.43936213850975037,False,False,0.0,0.0,0.0,[],10.0,10.0,1,10.0,0,0.009785917000002087
aco_current,7,7399,78,1,4,0.0,0.0,0.0,0.0,0.20313307642936707,False,False,0.0,0.0,0.0,[],10.0,10.0,1,10.0,0,0.009785917000002087
aco_current,7,7400,78,2,1,44.0,200.0,244.0,1.22,1.0,True,True,30.0,200.0,14.0,[1],10.0,10.0,1,10.0,0,0.01000995799999771
aco_current,7,7400,78,2,2,0.0,0.0,0.0,0.0,0.09907747060060501,False,False,0.0,0.0,0.0,[],10.0,10.0,1,10.0,0,0.01000995799999771
aco_current,7,7400,78,2,3,0.0,0.0,0.0,0.0,0.43936213850975037,False,False,0.0,0.0,0.0,[],10.0,10.0,1,10.0,0,0.01000995799999771
aco_current,7,7400,78,2,4,0.0,0.0,0.0,0.0,0.20313307642936707,False,False,0.0,0.0,0.0,[],10.0,10.0,1,10.0,0,0.01000995799999771
aco_current,7,7401,78,2,1,43.0,200.0,243.0,1.215,1.0,True,True,30.0,200.0,13.0,[1],10.0,10.0,1,10.0,0,0.010884832999991545
aco_current,7,7401,78,2,2,0.0,0.0,0.0,0.0,0.09907747060060501,False,False,0.0,0.0,0.0,[],10.0,10.0,1,10.0,0,0.010884832999991545
aco_current,7,7401,78,2,3,0.0,0.0,0.0,0.0,0.43936213850975037,False,False,0.0,0.0,0.0,[],10.0,10.0,1,10.0,0,0.010884832999991545
aco_current,7,7401,78,2,4,0.0,0.0,0.0,0.0,0.20313307642936707,False,False,0.0,0.0,0.0,[],10.0,10.0,1,10.0,0,0.010884832999991545
aco_current,7,7402,78,2,1,46.0,200.0,246.0,1.23,1.0,True,True,30.0,200.0,16.0,[1],10.0,10.0,1,10.0,0,0.010515874999995845
aco_current,7,7402,78,2,2,0.0,0.0,0.0,0.0,0.09907747060060501,False,False,0.0,0.0,0.0,[],10.0,10.0,1,10.0,0,0.010515874999995845
aco_current,7,7402,78,2,3,0.0,0.0,0.0,0.0,0.43936213850975037,False,False,0.0,0.0,0.0,[],10.0,10.0,1,10.0,0,0.010515874999995845
aco_current,7,7402,78,2,4,0.0,0.0,0.0,0.0,0.20313307642936707,False,False,0.0,0.0,0.0,[],10.0,10.0,1,10.0,0,0.010515874999995845
aco_current,7,7403,78,2,1,43.0,200.0,243.0,1.215,1.0,True,True,30.0,200.0,13.0,[1],10.0,10.0,1,10.0,0,0.009700958000010473
aco_current,7,7403,78,2,2,0.0,0.0,0.0,0.0,0.09907747060060501,False,False,0.0,0.0,0.0,[],10.0,10.0,1,10.0,0,0.009700958000010473
aco_current,7,7403,78,2,3,0.0,0.0,0.0,0.0,0.43936213850975037,False,False,0.0,0.0,0.0,[],10.0,10.0,1,10.0,0,0.009700958000010473
aco_current,7,7403,78,2,4,0.0,0.0,0.0,0.0,0.20313307642936707,False,False,0.0,0.0,0.0,[],10.0,10.0,1,10.0,0,0.009700958000010473
aco_current,7,7404,78,3,1,44.0,200.0,244.0,1.22,1.0,True,True,30.0,200.0,14.0,[1],10.0,10.0,1,10.0,0,0.011141582999997013
aco_current,7,7404,78,3,2,0.0,0.0,0.0,0.0,0.09907747060060501,False,False,0.0,0.0,0.0,[],10.0,10.0,1,10.0,0,0.011141582999997013
aco_current,7,7404,78,3,3,0.0,0.0,0.0,0.0,0.43936213850975037,False,False,0.0,0.0,0.0,[],10.0,10.0,1,10.0,0,0.011141582999997013
aco_current,7,7404,78,3,4,0.0,0.0,0.0,0.0,0.20313307642936707,False,False,0.0,0.0,0.0,[],10.0,10.0,1,10.0,0,0.011141582999997013
aco_current,7,7405,78,3,1,44.0,200.0,244.0,1.22,1.0,True,True,30.0,200.0,14.0,[1],10.0,10.0,1,10.0,0,0.011336041999996382
aco_current,7,7405,78,3,2,0.0,0.0,0.0,0.0,0.09907747060060501,False,False,0.0,0.0,0.0,[],10.0,10.0,1,10.0,0,0.011336041999996382
aco_current,7,7405,78,3,3,0.0,0.0,0.0,0.0,0.43936213850975037,False,False,0.0,0.0,0.0,[],10.0,10.0,1,10.0,0,0.011336041999996382
aco_current,7,7405,78,3,4,0.0,0.0,0.0,0.0,0.20313307642936707,False,False,0.0,0.0,0.0,[],10.0,10.0,1,10.0,0,0.011336041999996382
aco_current,7,7406,78,3,1,44.0,200.0,244.0,1.22,1.0,True,True,30.0,200.0,14.0,[1],10.0,10.0,1,10.0,0,0.009589291999986926
aco_current,7,7406,78,3,2,0.0,0.0,0.0,0.0,0.09907747060060501,False,False,0.0,0.0,0.0,[],10.0,10.0,1,10.0,0,0.009589291999986926
aco_current,7,7406,78,3,3,0.0,0.0,0.0,0.0,0.43936213850975037,False,False,0.0,0.0,0.0,[],10.0,10.0,1,10.0,0,0.009589291999986926
aco_current,7,7406,78,3,4,0.0,0.0,0.0,0.0,0.20313307642936707,False,False,0.0,0.0,0.0,[],10.0,10.0,1,10.0,0,0.009589291999986926
aco_current,7,7407,78,3,1,45.0,200.0,245.0,1.225,1.0,True,True,30.0,200.0,15.0,[1],10.0,10.0,1,10.0,0,0.010747500000007904
aco_current,7,7407,78,3,2,0.0,0.0,0.0,0.0,0.09907747060060501,False,False,0.0,0.0,0.0,[],10.0,10.0,1,10.0,0,0.010747500000007904
aco_current,7,7407,78,3,3,0.0,0.0,0.0,0.0,0.43936213850975037,False,False,0.0,0.0,0.0,[],10.0,10.0,1,10.0,0,0.010747500000007904
aco_current,7,7407,78,3,4,0.0,0.0,0.0,0.0,0.20313307642936707,False,False,0.0,0.0,0.0,[],10.0,10.0,1,10.0,0,0.010747500000007904
aco_current,7,7408,78,4,1,43.0,200.0,243.0,1.215,1.0,True,True,30.0,200.0,13.0,[1],10.0,10.0,1,10.0,0,0.00971908399999677
aco_current,7,7408,78,4,2,0.0,0.0,0.0,0.0,0.09907747060060501,False,False,0.0,0.0,0.0,[],10.0,10.0,1,10.0,0,0.00971908399999677
aco_current,7,7408,78,4,3,0.0,0.0,0.0,0.0,0.43936213850975037,False,False,0.0,0.0,0.0,[],10.0,10.0,1,10.0,0,0.00971908399999677
aco_current,7,7408,78,4,4,0.0,0.0,0.0,0.0,0.20313307642936707,False,False,0.0,0.0,0.0,[],10.0,10.0,1,10.0,0,0.00971908399999677
aco_current,7,7409,78,4,1,45.0,200.0,245.0,1.225,1.0,True,True,30.0,200.0,15.0,[1],10.0,10.0,1,10.0,0,0.010197333000007802
aco_current,7,7409,78,4,2,0.0,0.0,0.0,0.0,0.09907747060060501,False,False,0.0,0.0,0.0,[],10.0,10.0,1,10.0,0,0.010197333000007802
aco_current,7,7409,78,4,3,0.0,0.0,0.0,0.0,0.43936213850975037,False,False,0.0,0.0,0.0,[],10.0,10.0,1,10.0,0,0.010197333000007802
aco_current,7,7409,78,4,4,0.0,0.0,0.0,0.0,0.20313307642936707,False,False,0.0,0.0,0.0,[],10.0,10.0,1,10.0,0,0.010197333000007802
aco_current,7,7410,78,4,1,43.0,200.0,243.0,1.215,1.0,True,True,30.0,200.0,13.0,[1],10.0,10.0,1,10.0,0,0.009777874999997493
aco_current,7,7410,78,4,2,0.0,0.0,0.0,0.0,0.09907747060060501,False,False,0.0,0.0,0.0,[],10.0,10.0,1,10.0,0,0.009777874999997493
aco_current,7,7410,78,4,3,0.0,0.0,0.0,0.0,0.43936213850975037,False,False,0.0,0.0,0.0,[],10.0,10.0,1,10.0,0,0.009777874999997493
aco_current,7,7410,78,4,4,0.0,0.0,0.0,0.0,0.20313307642936707,False,False,0.0,0.0,0.0,[],10.0,10.0,1,10.0,0,0.009777874999997493
aco_current,7,7411,78,4,1,46.0,200.0,246.0,1.23,1.0,True,True,30.0,200.0,16.0,[1],10.0,10.0,1,10.0,0,0.009851541999992719
aco_current,7,7411,78,4,2,0.0,0.0,0.0,0.0,0.09907747060060501,False,False,0.0,0.0,0.0,[],10.0,10.0,1,10.0,0,0.009851541999992719
aco_current,7,7411,78,4,3,0.0,0.0,0.0,0.0,0.43936213850975037,False,False,0.0,0.0,0.0,[],10.0,10.0,1,10.0,0,0.009851541999992719
aco_current,7,7411,78,4,4,0.0,0.0,0.0,0.0,0.20313307642936707,False,False,0.0,0.0,0.0,[],10.0,10.0,1,10.0,0,0.009851541999992719
aco_current,7,7412,78,5,1,42.0,200.0,242.0,1.21,1.0,True,True,30.0,200.0,12.0,[1],10.0,10.0,1,10.0,0,0.010177833000000192
aco_current,7,7412,78,5,2,0.0,0.0,0.0,0.0,0.09907747060060501,False,False,0.0,0.0,0.0,[],10.0,10.0,1,10.0,0,0.010177833000000192
aco_current,7,7412,78,5,3,0.0,0.0,0.0,0.0,0.43936213850975037,False,False,0.0,0.0,0.0,[],10.0,10.0,1,10.0,0,0.010177833000000192
aco_current,7,7412,78,5,4,0.0,0.0,0.0,0.0,0.20313307642936707,False,False,0.0,0.0,0.0,[],10.0,10.0,1,10.0,0,0.010177833000000192
aco_current,7,7413,78,5,1,45.0,200.0,245.0,1.225,1.0,True,True,30.0,200.0,15.0,[1],10.0,10.0,1,10.0,0,0.009705167000007009
aco_current,7,7413,78,5,2,0.0,0.0,0.0,0.0,0.09907747060060501,False,False,0.0,0.0,0.0,[],10.0,10.0,1,10.0,0,0.009705167000007009
aco_current,7,7413,78,5,3,0.0,0.0,0.0,0.0,0.43936213850975037,False,False,0.0,0.0,0.0,[],10.0,10.0,1,10.0,0,0.009705167000007009
aco_current,7,7413,78,5,4,0.0,0.0,0.0,0.0,0.20313307642936707,False,False,0.0,0.0,0.0,[],10.0,10.0,1,10.0,0,0.009705167000007009
aco_current,7,7414,78,5,1,45.0,200.0,245.0,1.225,1.0,True,True,30.0,200.0,15.0,[1],10.0,10.0,1,10.0,0,0.009557624999999348
aco_current,7,7414,78,5,2,0.0,0.0,0.0,0.0,0.09907747060060501,False,False,0.0,0.0,0.0,[],10.0,10.0,1,10.0,0,0.009557624999999348
aco_current,7,7414,78,5,3,0.0,0.0,0.0,0.0,0.43936213850975037,False,False,0.0,0.0,0.0,[],10.0,10.0,1,10.0,0,0.009557624999999348
aco_current,7,7414,78,5,4,0.0,0.0,0.0,0.0,0.20313307642936707,False,False,0.0,0.0,0.0,[],10.0,10.0,1,10.0,0,0.009557624999999348
aco_current,7,7415,78,5,1,44.0,200.0,244.0,1.22,1.0,True,True,30.0,200.0,14.0,[1],10.0,10.0,1,10.0,0,0.009654958000012925
aco_current,7,7415,78,5,2,0.0,0.0,0.0,0.0,0.09907747060060501,False,False,0.0,0.0,0.0,[],10.0,10.0,1,10.0,0,0.009654958000012925
aco_current,7,7415,78,5,3,0.0,0.0,0.0,0.0,0.43936213850975037,False,False,0.0,0.0,0.0,[],10.0,10.0,1,10.0,0,0.009654958000012925
aco_current,7,7415,78,5,4,0.0,0.0,0.0,0.0,0.20313307642936707,False,False,0.0,0.0,0.0,[],10.0,10.0,1,10.0,0,0.009654958000012925
aco_current,7,7416,78,6,1,43.0,200.0,243.0,1.215,1.0,True,True,30.0,200.0,13.0,[1],10.0,10.0,1,10.0,0,0.009582957999995756
aco_current,7,7416,78,6,2,0.0,0.0,0.0,0.0,0.09907747060060501,False,False,0.0,0.0,0.0,[],10.0,10.0,1,10.0,0,0.009582957999995756
aco_current,7,7416,78,6,3,0.0,0.0,0.0,0.0,0.43936213850975037,False,False,0.0,0.0,0.0,[],10.0,10.0,1,10.0,0,0.009582957999995756
aco_current,7,7416,78,6,4,0.0,0.0,0.0,0.0,0.20313307642936707,False,False,0.0,0.0,0.0,[],10.0,10.0,1,10.0,0,0.009582957999995756
aco_current,7,7417,78,6,1,45.0,200.0,245.0,1.225,1.0,True,True,30.0,200.0,15.0,[1],10.0,10.0,1,10.0,0,0.009756209000002514
aco_current,7,7417,78,6,2,0.0,0.0,0.0,0.0,0.09907747060060501,False,False,0.0,0.0,0.0,[],10.0,10.0,1,10.0,0,0.009756209000002514
aco_current,7,7417,78,6,3,0.0,0.0,0.0,0.0,0.43936213850975037,False,False,0.0,0.0,0.0,[],10.0,10.0,1,10.0,0,0.009756209000002514
aco_current,7,7417,78,6,4,0.0,0.0,0.0,0.0,0.20313307642936707,False,False,0.0,0.0,0.0,[],10.0,10.0,1,10.0,0,0.009756209000002514
aco_current,7,7418,78,6,1,44.0,200.0,244.0,1.22,1.0,True,True,30.0,200.0,14.0,[1],10.0,10.0,1,10.0,0,0.009695500000006518
aco_current,7,7418,78,6,2,0.0,0.0,0.0,0.0,0.09907747060060501,False,False,0.0,0.0,0.0,[],10.0,10.0,1,10.0,0,0.009695500000006518
aco_current,7,7418,78,6,3,0.0,0.0,0.0,0.0,0.43936213850975037,False,False,0.0,0.0,0.0,[],10.0,10.0,1,10.0,0,0.009695500000006518
aco_current,7,7418,78,6,4,0.0,0.0,0.0,0.0,0.20313307642936707,False,False,0.0,0.0,0.0,[],10.0,10.0,1,10.0,0,0.009695500000006518
aco_current,7,7419,78,6,1,44.0,200.0,244.0,1.22,1.0,True,True,30.0,200.0,14.0,[1],10.0,10.0,1,10.0,0,0.009641750000000116
aco_current,7,7419,78,6,2,0.0,0.0,0.0,0.0,0.09907747060060501,False,False,0.0,0.0,0.0,[],10.0,10.0,1,10.0,0,0.009641750000000116
aco_current,7,7419,78,6,3,0.0,0.0,0.0,0.0,0.43936213850975037,False,False,0.0,0.0,0.0,[],10.0,10.0,1,10.0,0,0.009641750000000116
aco_current,7,7419,78,6,4,0.0,0.0,0.0,0.0,0.20313307642936707,False,False,0.0,0.0,0.0,[],10.0,10.0,1,10.0,0,0.009641750000000116
aco_current,7,7420,78,7,1,44.0,200.0,244.0,1.22,1.0,True,True,30.0,200.0,14.0,[1],10.0,10.0,1,10.0,0,0.009574000000000638
aco_current,7,7420,78,7,2,0.0,0.0,0.0,0.0,0.09907747060060501,False,False,0.0,0.0,0.0,[],10.0,10.0,1,10.0,0,0.009574000000000638
aco_current,7,7420,78,7,3,0.0,0.0,0.0,0.0,0.43936213850975037,False,False,0.0,0.0,0.0,[],10.0,10.0,1,10.0,0,0.009574000000000638
aco_current,7,7420,78,7,4,0.0,0.0,0.0,0.0,0.20313307642936707,False,False,0.0,0.0,0.0,[],10.0,10.0,1,10.0,0,0.009574000000000638
aco_current,7,7421,78,7,1,44.0,200.0,244.0,1.22,1.0,True,True,30.0,200.0,14.0,[1],10.0,10.0,1,10.0,0,0.009634958000006577
aco_current,7,7421,78,7,2,0.0,0.0,0.0,0.0,0.09907747060060501,False,False,0.0,0.0,0.0,[],10.0,10.0,1,10.0,0,0.009634958000006577
aco_current,7,7421,78,7,3,0.0,0.0,0.0,0.0,0.43936213850975037,False,False,0.0,0.0,0.0,[],10.0,10.0,1,10.0,0,0.009634958000006577
aco_current,7,7421,78,7,4,0.0,0.0,0.0,0.0,0.20313307642936707,False,False,0.0,0.0,0.0,[],10.0,10.0,1,10.0,0,0.009634958000006577
aco_current,7,7422,78,7,1,41.0,200.0,241.0,1.205,1.0,True,True,30.0,200.0,11.0,[1],10.0,10.0,1,10.0,0,0.009508041999993111
aco_current,7,7422,78,7,2,0.0,0.0,0.0,0.0,0.09907747060060501,False,False,0.0,0.0,0.0,[],10.0,10.0,1,10.0,0,0.009508041999993111
aco_current,7,7422,78,7,3,0.0,0.0,0.0,0.0,0.43936213850975037,False,False,0.0,0.0,0.0,[],10.0,10.0,1,10.0,0,0.009508041999993111
aco_current,7,7422,78,7,4,0.0,0.0,0.0,0.0,0.20313307642936707,False,False,0.0,0.0,0.0,[],10.0,10.0,1,10.0,0,0.009508041999993111
aco_current,7,7423,78,7,1,36.0,200.0,236.0,1.18,1.0,True,True,30.0,200.0,6.0,[1],10.0,10.0,1,10.0,0,0.009735749999990162
aco_current,7,7423,78,7,2,0.0,0.0,0.0,0.0,0.09907747060060501,False,False,0.0,0.0,0.0,[],10.0,10.0,1,10.0,0,0.009735749999990162
aco_current,7,7423,78,7,3,0.0,0.0,0.0,0.0,0.43936213850975037,False,False,0.0,0.0,0.0,[],10.0,10.0,1,10.0,0,0.009735749999990162
aco_current,7,7423,78,7,4,0.0,0.0,0.0,0.0,0.20313307642936707,False,False,0.0,0.0,0.0,[],10.0,10.0,1,10.0,0,0.009735749999990162
aco_current,7,7424,78,8,1,27.0,200.0,227.0,1.135,1.0,True,True,30.0,197.0,0.0,[1],10.0,10.0,1,10.0,0,0.009681374999999548
aco_current,7,7424,78,8,2,0.0,0.0,0.0,0.0,0.09907747060060501,False,False,0.0,0.0,0.0,[],10.0,10.0,1,10.0,0,0.009681374999999548
aco_current,7,7424,78,8,3,0.0,0.0,0.0,0.0,0.43936213850975037,False,False,0.0,0.0,0.0,[],10.0,10.0,1,10.0,0,0.009681374999999548
aco_current,7,7424,78,8,4,0.0,0.0,0.0,0.0,0.20313307642936707,False,False,0.0,0.0,0.0,[],10.0,10.0,1,10.0,0,0.009681374999999548
aco_current,7,7425,78,8,1,28.0,197.0,225.0,1.125,1.0,True,True,30.0,195.0,0.0,[1],10.0,10.0,1,10.0,0,0.009695417000003204
aco_current,7,7425,78,8,2,0.0,0.0,0.0,0.0,0.09907747060060501,False,False,0.0,0.0,0.0,[],10.0,10.0,1,10.0,0,0.009695417000003204
aco_current,7,7425,78,8,3,0.0,0.0,0.0,0.0,0.43936213850975037,False,False,0.0,0.0,0.0,[],10.0,10.0,1,10.0,0,0.009695417000003204
aco_current,7,7425,78,8,4,0.0,0.0,0.0,0.0,0.20313307642936707,False,False,0.0,0.0,0.0,[],10.0,10.0,1,10.0,0,0.009695417000003204
aco_current,7,7426,78,8,1,28.0,195.0,223.0,1.115,1.0,True,True,30.0,193.0,0.0,[1],10.0,10.0,1,10.0,0,0.009719332999992503
aco_current,7,7426,78,8,2,0.0,0.0,0.0,0.0,0.09907747060060501,False,False,0.0,0.0,0.0,[],10.0,10.0,1,10.0,0,0.009719332999992503
aco_current,7,7426,78,8,3,0.0,0.0,0.0,0.0,0.43936213850975037,False,False,0.0,0.0,0.0,[],10.0,10.0,1,10.0,0,0.009719332999992503
aco_current,7,7426,78,8,4,0.0,0.0,0.0,0.0,0.20313307642936707,False,False,0.0,0.0,0.0,[],10.0,10.0,1,10.0,0,0.009719332999992503
aco_current,7,7427,78,8,1,28.0,193.0,221.0,1.105,1.0,True,True,30.0,191.0,0.0,[1],10.0,10.0,1,10.0,0,0.009464125000008039
aco_current,7,7427,78,8,2,0.0,0.0,0.0,0.0,0.09907747060060501,False,False,0.0,0.0,0.0,[],10.0,10.0,1,10.0,0,0.009464125000008039
aco_current,7,7427,78,8,3,0.0,0.0,0.0,0.0,0.43936213850975037,False,False,0.0,0.0,0.0,[],10.0,10.0,1,10.0,0,0.009464125000008039
aco_current,7,7427,78,8,4,0.0,0.0,0.0,0.0,0.20313307642936707,False,False,0.0,0.0,0.0,[],10.0,10.0,1,10.0,0,0.009464125000008039
aco_current,7,7428,78,9,1,29.0,191.0,220.0,1.1,1.0,True,True,30.0,190.0,0.0,[1],10.0,10.0,1,10.0,0,0.00949637499999767
aco_current,7,7428,78,9,2,0.0,0.0,0.0,0.0,0.09907747060060501,False,False,0.0,0.0,0.0,[],10.0,10.0,1,10.0,0,0.00949637499999767
aco_current,7,7428,78,9,3,0.0,0.0,0.0,0.0,0.43936213850975037,False,False,0.0,0.0,0.0,[],10.0,10.0,1,10.0,0,0.00949637499999767
aco_current,7,7428,78,9,4,0.0,0.0,0.0,0.0,0.20313307642936707,False,False,0.0,0.0,0.0,[],10.0,10.0,1,10.0,0,0.00949637499999767
aco_current,7,7429,78,9,1,27.0,190.0,217.0,1.085,1.0,True,True,30.0,187.0,0.0,[1],10.0,10.0,1,10.0,0,0.00952995800000167
aco_current,7,7429,78,9,2,0.0,0.0,0.0,0.0,0.09907747060060501,False,False,0.0,0.0,0.0,[],10.0,10.0,1,10.0,0,0.00952995800000167
aco_current,7,7429,78,9,3,0.0,0.0,0.0,0.0,0.43936213850975037,False,False,0.0,0.0,0.0,[],10.0,10.0,1,10.0,0,0.00952995800000167
aco_current,7,7429,78,9,4,0.0,0.0,0.0,0.0,0.20313307642936707,False,False,0.0,0.0,0.0,[],10.0,10.0,1,10.0,0,0.00952995800000167
aco_current,7,7430,78,9,1,28.0,187.0,215.0,1.075,1.0,True,True,30.0,185.0,0.0,[1],10.0,10.0,1,10.0,0,0.009668542000000002
aco_current,7,7430,78,9,2,0.0,0.0,0.0,0.0,0.09907747060060501,False,False,0.0,0.0,0.0,[],10.0,10.0,1,10.0,0,0.009668542000000002
aco_current,7,7430,78,9,3,0.0,0.0,0.0,0.0,0.43936213850975037,False,False,0.0,0.0,0.0,[],10.0,10.0,1,10.0,0,0.009668542000000002
aco_current,7,7430,78,9,4,0.0,0.0,0.0,0.0,0.20313307642936707,False,False,0.0,0.0,0.0,[],10.0,10.0,1,10.0,0,0.009668542000000002
aco_current,7,7431,78,9,1,28.0,185.0,213.0,1.065,1.0,True,True,30.0,183.0,0.0,[1],10.0,10.0,1,10.0,0,0.009656208999999194
aco_current,7,7431,78,9,2,0.0,0.0,0.0,0.0,0.09907747060060501,False,False,0.0,0.0,0.0,[],10.0,10.0,1,10.0,0,0.009656208999999194
aco_current,7,7431,78,9,3,0.0,0.0,0.0,0.0,0.43936213850975037,False,False,0.0,0.0,0.0,[],10.0,10.0,1,10.0,0,0.009656208999999194
aco_current,7,7431,78,9,4,0.0,0.0,0.0,0.0,0.20313307642936707,False,False,0.0,0.0,0.0,[],10.0,10.0,1,10.0,0,0.009656208999999194
aco_current,7,7432,78,10,1,28.0,183.0,211.0,1.055,1.0,True,True,30.0,181.0,0.0,[1],10.0,10.0,1,10.0,0,0.009585166999997341
aco_current,7,7432,78,10,2,0.0,0.0,0.0,0.0,0.09907747060060501,False,False,0.0,0.0,0.0,[],10.0,10.0,1,10.0,0,0.009585166999997341
aco_current,7,7432,78,10,3,0.0,0.0,0.0,0.0,0.43936213850975037,False,False,0.0,0.0,0.0,[],10.0,10.0,1,10.0,0,0.009585166999997341
aco_current,7,7432,78,10,4,0.0,0.0,0.0,0.0,0.20313307642936707,False,False,0.0,0.0,0.0,[],10.0,10.0,1,10.0,0,0.009585166999997341
aco_current,7,7433,78,10,1,27.0,181.0,208.0,1.04,1.0,True,True,30.0,178.0,0.0,[1],10.0,10.0,1,10.0,0,0.009388541000006967
aco_current,7,7433,78,10,2,0.0,0.0,0.0,0.0,0.09907747060060501,False,False,0.0,0.0,0.0,[],10.0,10.0,1,10.0,0,0.009388541000006967
aco_current,7,7433,78,10,3,0.0,0.0,0.0,0.0,0.43936213850975037,False,False,0.0,0.0,0.0,[],10.0,10.0,1,10.0,0,0.009388541000006967
aco_current,7,7433,78,10,4,0.0,0.0,0.0,0.0,0.20313307642936707,False,False,0.0,0.0,0.0,[],10.0,10.0,1,10.0,0,0.009388541000006967
aco_current,7,7434,78,10,1,29.0,178.0,207.0,1.035,1.0,True,True,30.0,177.0,0.0,[1],10.0,10.0,1,10.0,0,0.009402082999997674
aco_current,7,7434,78,10,2,0.0,0.0,0.0,0.0,0.09907747060060501,False,False,0.0,0.0,0.0,[],10.0,10.0,1,10.0,0,0.009402082999997674
aco_current,7,7434,78,10,3,0.0,0.0,0.0,0.0,0.43936213850975037,False,False,0.0,0.0,0.0,[],10.0,10.0,1,10.0,0,0.009402082999997674
aco_current,7,7434,78,10,4,0.0,0.0,0.0,0.0,0.20313307642936707,False,False,0.0,0.0,0.0,[],10.0,10.0,1,10.0,0,0.009402082999997674
aco_current,7,7435,78,10,1,28.0,177.0,205.0,1.025,1.0,True,True,30.0,175.0,0.0,[1],10.0,10.0,1,10.0,0,0.009612000000004173
aco_current,7,7435,78,10,2,0.0,0.0,0.0,0.0,0.09907747060060501,False,False,0.0,0.0,0.0,[],10.0,10.0,1,10.0,0,0.009612000000004173
aco_current,7,7435,78,10,3,0.0,0.0,0.0,0.0,0.43936213850975037,False,False,0.0,0.0,0.0,[],10.0,10.0,1,10.0,0,0.009612000000004173
aco_current,7,7435,78,10,4,0.0,0.0,0.0,0.0,0.20313307642936707,False,False,0.0,0.0,0.0,[],10.0,10.0,1,10.0,0,0.009612000000004173
aco_current,7,7436,78,11,1,27.0,175.0,202.0,1.01,1.0,True,True,30.0,172.0,0.0,[1],10.0,10.0,1,10.0,0,0.009592124999997509
aco_current,7,7436,78,11,2,0.0,0.0,0.0,0.0,0.09907747060060501,False,False,0.0,0.0,0.0,[],10.0,10.0,1,10.0,0,0.009592124999997509
aco_current,7,7436,78,11,3,0.0,0.0,0.0,0.0,0.43936213850975037,False,False,0.0,0.0,0.0,[],10.0,10.0,1,10.0,0,0.009592124999997509
aco_current,7,7436,78,11,4,0.0,0.0,0.0,0.0,0.20313307642936707,False,False,0.0,0.0,0.0,[],10.0,10.0,1,10.0,0,0.009592124999997509
aco_current,7,7437,78,11,1,29.0,172.0,201.0,1.005,1.0,True,True,30.0,171.0,0.0,[1],10.0,10.0,1,10.0,0,0.009639249999992217
aco_current,7,7437,78,11,2,0.0,0.0,0.0,0.0,0.09907747060060501,False,False,0.0,0.0,0.0,[],10.0,10.0,1,10.0,0,0.009639249999992217
aco_current,7,7437,78,11,3,0.0,0.0,0.0,0.0,0.43936213850975037,False,False,0.0,0.0,0.0,[],10.0,10.0,1,10.0,0,0.009639249999992217
aco_current,7,7437,78,11,4,0.0,0.0,0.0,0.0,0.20313307642936707,False,False,0.0,0.0,0.0,[],10.0,10.0,1,10.0,0,0.009639249999992217
aco_current,7,7438,78,11,1,27.0,171.0,198.0,0.99,1.0,True,True,30.0,168.0,0.0,[1],10.0,10.0,1,10.0,0,0.0096819580000016
aco_current,7,7438,78,11,2,0.0,0.0,0.0,0.0,0.09907747060060501,False,False,0.0,0.0,0.0,[],10.0,10.0,1,10.0,0,0.0096819580000016
aco_current,7,7438,78,11,3,0.0,0.0,0.0,0.0,0.43936213850975037,False,False,0.0,0.0,0.0,[],10.0,10.0,1,10.0,0,0.0096819580000016
aco_current,7,7438,78,11,4,0.0,0.0,0.0,0.0,0.20313307642936707,False,False,0.0,0.0,0.0,[],10.0,10.0,1,10.0,0,0.0096819580000016
aco_current,7,7439,78,11,1,28.0,168.0,196.0,0.98,1.0,True,True,30.0,166.0,0.0,[1],10.0,10.0,1,10.0,0,0.009536999999994578
aco_current,7,7439,78,11,2,0.0,0.0,0.0,0.0,0.09907747060060501,False,False,0.0,0.0,0.0,[],10.0,10.0,1,10.0,0,0.009536999999994578
aco_current,7,7439,78,11,3,0.0,0.0,0.0,0.0,0.43936213850975037,False,False,0.0,0.0,0.0,[],10.0,10.0,1,10.0,0,0.009536999999994578
aco_current,7,7439,78,11,4,0.0,0.0,0.0,0.0,0.20313307642936707,False,False,0.0,0.0,0.0,[],10.0,10.0,1,10.0,0,0.009536999999994578
aco_current,7,7440,78,12,1,19.0,166.0,185.0,0.925,0.9999998807907104,True,True,30.0,155.0,0.0,[1],10.0,10.0,1,10.0,0,0.00952124999999171
aco_current,7,7440,78,12,2,0.0,0.0,0.0,0.0,0.09907747060060501,False,False,0.0,0.0,0.0,[],10.0,10.0,1,10.0,0,0.00952124999999171
aco_current,7,7440,78,12,3,0.0,0.0,0.0,0.0,0.43936213850975037,False,False,0.0,0.0,0.0,[],10.0,10.0,1,10.0,0,0.00952124999999171
aco_current,7,7440,78,12,4,0.0,0.0,0.0,0.0,0.20313307642936707,False,False,0.0,0.0,0.0,[],10.0,10.0,1,10.0,0,0.00952124999999171
aco_current,7,7441,78,12,1,19.0,155.0,174.0,0.87,0.9999980330467224,True,True,30.0,144.0,0.0,[1],10.0,10.0,1,10.0,0,0.00967470900000933
aco_current,7,7441,78,12,2,0.0,0.0,0.0,0.0,0.09907747060060501,False,False,0.0,0.0,0.0,[],10.0,10.0,1,10.0,0,0.00967470900000933
aco_current,7,7441,78,12,3,0.0,0.0,0.0,0.0,0.43936213850975037,False,False,0.0,0.0,0.0,[],10.0,10.0,1,10.0,0,0.00967470900000933
aco_current,7,7441,78,12,4,0.0,0.0,0.0,0.0,0.20313307642936707,False,False,0.0,0.0,0.0,[],10.0,10.0,1,10.0,0,0.00967470900000933
aco_current,7,7442,78,12,1,15.0,144.0,159.0,0.795,0.9995889067649841,False,False,0.0,159.0,0.0,[],0.0,0.0,0,0.0,0,2.7499999930569174e-06
aco_current,7,7442,78,12,2,0.0,0.0,0.0,0.0,0.09907747060060501,False,False,0.0,0.0,0.0,[],0.0,0.0,0,0.0,0,2.7499999930569174e-06
aco_current,7,7442,78,12,3,0.0,0.0,0.0,0.0,0.43936213850975037,False,False,0.0,0.0,0.0,[],0.0,0.0,0,0.0,0,2.7499999930569174e-06
aco_current,7,7442,78,12,4,0.0,0.0,0.0,0.0,0.20313307642936707,False,False,0.0,0.0,0.0,[],0.0,0.0,0,0.0,0,2.7499999930569174e-06
aco_current,7,7443,78,12,1,11.0,159.0,170.0,0.85,0.9998987317085266,True,True,30.0,140.0,0.0,[1],10.0,10.0,1,10.0,0,0.009471791999999368
aco_current,7,7443,78,12,2,0.0,0.0,0.0,0.0,0.09907747060060501,False,False,0.0,0.0,0.0,[],10.0,10.0,1,10.0,0,0.009471791999999368
aco_current,7,7443,78,12,3,0.0,0.0,0.0,0.0,0.43936213850975037,False,False,0.0,0.0,0.0,[],10.0,10.0,1,10.0,0,0.009471791999999368
aco_current,7,7443,78,12,4,0.0,0.0,0.0,0.0,0.20313307642936707,False,False,0.0,0.0,0.0,[],10.0,10.0,1,10.0,0,0.009471791999999368
aco_current,7,7444,78,13,1,10.0,140.0,150.0,0.75,0.9850512742996216,False,False,0.0,150.0,0.0,[],0.0,0.0,0,0.0,0,4.083999996851162e-06
aco_current,7,7444,78,13,2,0.0,0.0,0.0,0.0,0.09907747060060501,False,False,0.0,0.0,0.0,[],0.0,0.0,0,0.0,0,4.083999996851162e-06
aco_current,7,7444,78,13,3,0.0,0.0,0.0,0.0,0.43936213850975037,False,False,0.0,0.0,0.0,[],0.0,0.0,0,0.0,0,4.083999996851162e-06
aco_current,7,7444,78,13,4,0.0,0.0,0.0,0.0,0.20313307642936707,False,False,0.0,0.0,0.0,[],0.0,0.0,0,0.0,0,4.083999996851162e-06
aco_current,7,7445,78,13,1,10.0,150.0,160.0,0.8,0.9978334307670593,True,True,30.0,130.0,0.0,[1],10.0,10.0,1,10.0,0,0.009685042000000976
aco_current,7,7445,78,13,2,0.0,0.0,0.0,0.0,0.09907747060060501,False,False,0.0,0.0,0.0,[],10.0,10.0,1,10.0,0,0.009685042000000976
aco_current,7,7445,78,13,3,0.0,0.0,0.0,0.0,0.43936213850975037,False,False,0.0,0.0,0.0,[],10.0,10.0,1,10.0,0,0.009685042000000976
aco_current,7,7445,78,13,4,0.0,0.0,0.0,0.0,0.20313307642936707,False,False,0.0,0.0,0.0,[],10.0,10.0,1,10.0,0,0.009685042000000976
aco_current,7,7446,78,13,1,11.0,130.0,141.0,0.705,0.9745675325393677,False,False,0.0,141.0,0.0,[],0.0,0.0,0,0.0,0,2.584000000638298e-06
aco_current,7,7446,78,13,2,0.0,0.0,0.0,0.0,0.09907747060060501,False,False,0.0,0.0,0.0,[],0.0,0.0,0,0.0,0,2.584000000638298e-06
aco_current,7,7446,78,13,3,0.0,0.0,0.0,0.0,0.43936213850975037,False,False,0.0,0.0,0.0,[],0.0,0.0,0,0.0,0,2.584000000638298e-06
aco_current,7,7446,78,13,4,0.0,0.0,0.0,0.0,0.20313307642936707,False,False,0.0,0.0,0.0,[],0.0,0.0,0,0.0,0,2.584000000638298e-06
aco_current,7,7447,78,13,1,10.0,141.0,151.0,0.755,0.988452672958374,False,False,0.0,151.0,0.0,[],0.0,0.0,0,0.0,0,2.1249999946348908e-06
aco_current,7,7447,78,13,2,0.0,0.0,0.0,0.0,0.09907747060060501,False,False,0.0,0.0,0.0,[],0.0,0.0,0,0.0,0,2.1249999946348908e-06
aco_current,7,7447,78,13,3,0.0,0.0,0.0,0.0,0.43936213850975037,False,False,0.0,0.0,0.0,[],0.0,0.0,0,0.0,0,2.1249999946348908e-06
aco_current,7,7447,78,13,4,0.0,0.0,0.0,0.0,0.20313307642936707,False,False,0.0,0.0,0.0,[],0.0,0.0,0,0.0,0,2.1249999946348908e-06
aco_current,7,7448,78,14,1,10.0,151.0,161.0,0.805,0.9983381032943726,True,True,30.0,131.0,0.0,[1],10.0,10.0,1,10.0,0,0.01104887500000018
aco_current,7,7448,78,14,2,0.0,0.0,0.0,0.0,0.09907747060060501,False,False,0.0,0.0,0.0,[],10.0,10.0,1,10.0,0,0.01104887500000018
aco_current,7,7448,78,14,3,0.0,0.0,0.0,0.0,0.43936213850975037,False,False,0.0,0.0,0.0,[],10.0,10.0,1,10.0,0,0.01104887500000018
aco_current,7,7448,78,14,4,0.0,0.0,0.0,0.0,0.20313307642936707,False,False,0.0,0.0,0.0,[],10.0,10.0,1,10.0,0,0.01104887500000018
aco_current,7,7449,78,14,1,11.0,131.0,142.0,0.71,0.9768160581588745,False,False,0.0,142.0,0.0,[],0.0,0.0,0,0.0,0,3.33399999874473e-06
aco_current,7,7449,78,14,2,0.0,0.0,0.0,0.0,0.09907747060060501,False,False,0.0,0.0,0.0,[],0.0,0.0,0,0.0,0,3.33399999874473e-06
aco_current,7,7449,78,14,3,0.0,0.0,0.0,0.0,0.43936213850975037,False,False,0.0,0.0,0.0,[],0.0,0.0,0,0.0,0,3.33399999874473e-06
aco_current,7,7449,78,14,4,0.0,0.0,0.0,0.0,0.20313307642936707,False,False,0.0,0.0,0.0,[],0.0,0.0,0,0.0,0,3.33399999874473e-06
aco_current,7,7450,78,14,1,10.0,142.0,152.0,0.76,0.9897937774658203,False,False,0.0,152.0,0.0,[],0.0,0.0,0,0.0,0,3.2909999987396077e-06
aco_current,7,7450,78,14,2,0.0,0.0,0.0,0.0,0.09907747060060501,False,False,0.0,0.0,0.0,[],0.0,0.0,0,0.0,0,3.2909999987396077e-06
aco_current,7,7450,78,14,3,0.0,0.0,0.0,0.0,0.43936213850975037,False,False,0.0,0.0,0.0,[],0.0,0.0,0,0.0,0,3.2909999987396077e-06
aco_current,7,7450,78,14,4,0.0,0.0,0.0,0.0,0.20313307642936707,False,False,0.0,0.0,0.0,[],0.0,0.0,0,0.0,0,3.2909999987396077e-06
aco_current,7,7451,78,14,1,10.0,152.0,162.0,0.81,0.9987128376960754,True,True,30.0,132.0,0.0,[1],10.0,10.0,1,10.0,0,0.009572916999999848
aco_current,7,7451,78,14,2,0.0,0.0,0.0,0.0,0.09907747060060501,False,False,0.0,0.0,0.0,[],10.0,10.0,1,10.0,0,0.009572916999999848
aco_current,7,7451,78,14,3,0.0,0.0,0.0,0.0,0.43936213850975037,False,False,0.0,0.0,0.0,[],10.0,10.0,1,10.0,0,0.009572916999999848
aco_current,7,7451,78,14,4,0.0,0.0,0.0,0.0,0.20313307642936707,False,False,0.0,0.0,0.0,[],10.0,10.0,1,10.0,0,0.009572916999999848
aco_current,7,7452,78,15,1,11.0,132.0,143.0,0.715,0.9788840413093567,False,False,0.0,143.0,0.0,[],0.0,0.0,0,0.0,0,2.8750000069521775e-06
aco_current,7,7452,78,15,2,0.0,0.0,0.0,0.0,0.09907747060060501,False,False,0.0,0.0,0.0,[],0.0,0.0,0,0.0,0,2.8750000069521775e-06
aco_current,7,7452,78,15,3,0.0,0.0,0.0,0.0,0.43936213850975037,False,False,0.0,0.0,0.0,[],0.0,0.0,0,0.0,0,2.8750000069521775e-06
aco_current,7,7452,78,15,4,0.0,0.0,0.0,0.0,0.20313307642936707,False,False,0.0,0.0,0.0,[],0.0,0.0,0,0.0,0,2.8750000069521775e-06
aco_current,7,7453,78,15,1,10.0,143.0,153.0,0.765,0.9909735918045044,False,False,0.0,153.0,0.0,[],0.0,0.0,0,0.0,0,2.5000000078989615e-06
aco_current,7,7453,78,15,2,0.0,0.0,0.0,0.0,0.09907747060060501,False,False,0.0,0.0,0.0,[],0.0,0.0,0,0.0,0,2.5000000078989615e-06
aco_current,7,7453,78,15,3,0.0,0.0,0.0,0.0,0.43936213850975037,False,False,0.0,0.0,0.0,[],0.0,0.0,0,0.0,0,2.5000000078989615e-06
aco_current,7,7453,78,15,4,0.0,0.0,0.0,0.0,0.20313307642936707,False,False,0.0,0.0,0.0,[],0.0,0.0,0,0.0,0,2.5000000078989615e-06
aco_current,7,7454,78,15,1,8.0,153.0,161.0,0.805,0.9968346953392029,True,True,30.0,131.0,0.0,[1],10.0,10.0,1,10.0,0,0.01002070799999899
aco_current,7,7454,78,15,2,0.0,0.0,0.0,0.0,0.09907747060060501,False,False,0.0,0.0,0.0,[],10.0,10.0,1,10.0,0,0.01002070799999899
aco_current,7,7454,78,15,3,0.0,0.0,0.0,0.0,0.43936213850975037,False,False,0.0,0.0,0.0,[],10.0,10.0,1,10.0,0,0.01002070799999899
aco_current,7,7454,78,15,4,0.0,0.0,0.0,0.0,0.20313307642936707,False,False,0.0,0.0,0.0,[],10.0,10.0,1,10.0,0,0.01002070799999899
aco_current,7,7455,78,15,1,0.0,131.0,131.0,0.655,0.1535918116569519,False,False,0.0,131.0,0.0,[],0.0,0.0,0,0.0,0,5.333000004270616e-06
aco_current,7,7455,78,15,2,0.0,0.0,0.0,0.0,0.09907747060060501,False,False,0.0,0.0,0.0,[],0.0,0.0,0,0.0,0,5.333000004270616e-06
aco_current,7,7455,78,15,3,0.0,0.0,0.0,0.0,0.43936213850975037,False,False,0.0,0.0,0.0,[],0.0,0.0,0,0.0,0,5.333000004270616e-06
aco_current,7,7455,78,15,4,0.0,0.0,0.0,0.0,0.20313307642936707,False,False,0.0,0.0,0.0,[],0.0,0.0,0,0.0,0,5.333000004270616e-06
aco_current,7,7456,78,16,1,0.0,131.0,131.0,0.655,0.22510811686515808,False,False,0.0,131.0,0.0,[],0.0,0.0,0,0.0,0,2.332999997634033e-06
aco_current,7,7456,78,16,2,0.0,0.0,0.0,0.0,0.09907747060060501,False,False,0.0,0.0,0.0,[],0.0,0.0,0,0.0,0,2.332999997634033e-06
aco_current,7,7456,78,16,3,0.0,0.0,0.0,0.0,0.43936213850975037,False,False,0.0,0.0,0.0,[],0.0,0.0,0,0.0,0,2.332999997634033e-06
aco_current,7,7456,78,16,4,0.0,0.0,0.0,0.0,0.20313307642936707,False,False,0.0,0.0,0.0,[],0.0,0.0,0,0.0,0,2.332999997634033e-06
aco_current,7,7457,78,16,1,0.0,131.0,131.0,0.655,0.31133589148521423,False,False,0.0,131.0,0.0,[],0.0,0.0,0,0.0,0,2.249999994319296e-06
aco_current,7,7457,78,16,2,0.0,0.0,0.0,0.0,0.09907747060060501,False,False,0.0,0.0,0.0,[],0.0,0.0,0,0.0,0,2.249999994319296e-06
aco_current,7,7457,78,16,3,0.0,0.0,0.0,0.0,0.43936213850975037,False,False,0.0,0.0,0.0,[],0.0,0.0,0,0.0,0,2.249999994319296e-06
aco_current,7,7457,78,16,4,0.0,0.0,0.0,0.0,0.20313307642936707,False,False,0.0,0.0,0.0,[],0.0,0.0,0,0.0,0,2.249999994319296e-06
aco_current,7,7458,78,16,1,0.0,131.0,131.0,0.655,0.41171473264694214,False,False,0.0,131.0,0.0,[],0.0,0.0,0,0.0,0,2.4999999936881068e-06
aco_current,7,7458,78,16,2,0.0,0.0,0.0,0.0,0.09907747060060501,False,False,0.0,0.0,0.0,[],0.0,0.0,0,0.0,0,2.4999999936881068e-06
aco_current,7,7458,78,16,3,0.0,0.0,0.0,0.0,0.43936213850975037,False,False,0.0,0.0,0.0,[],0.0,0.0,0,0.0,0,2.4999999936881068e-06
aco_current,7,7458,78,16,4,0.0,0.0,0.0,0.0,0.20313307642936707,False,False,0.0,0.0,0.0,[],0.0,0.0,0,0.0,0,2.4999999936881068e-06
aco_current,7,7459,78,16,1,0.0,131.0,131.0,0.655,0.41171473264694214,False,False,0.0,131.0,0.0,[],0.0,0.0,0,0.0,0,2.0420000055310084e-06
aco_current,7,7459,78,16,2,0.0,0.0,0.0,0.0,0.09907747060060501,False,False,0.0,0.0,0.0,[],0.0,0.0,0,0.0,0,2.0420000055310084e-06
aco_current,7,7459,78,16,3,0.0,0.0,0.0,0.0,0.43936213850975037,False,False,0.0,0.0,0.0,[],0.0,0.0,0,0.0,0,2.0420000055310084e-06
aco_current,7,7459,78,16,4,0.0,0.0,0.0,0.0,0.20313307642936707,False,False,0.0,0.0,0.0,[],0.0,0.0,0,0.0,0,2.0420000055310084e-06
aco_current,7,7460,78,17,1,0.0,131.0,131.0,0.655,0.41171473264694214,False,False,0.0,131.0,0.0,[],0.0,0.0,0,0.0,0,3.08300000995132e-06
aco_current,7,7460,78,17,2,0.0,0.0,0.0,0.0,0.09907747060060501,False,False,0.0,0.0,0.0,[],0.0,0.0,0,0.0,0,3.08300000995132e-06
aco_current,7,7460,78,17,3,0.0,0.0,0.0,0.0,0.43936213850975037,False,False,0.0,0.0,0.0,[],0.0,0.0,0,0.0,0,3.08300000995132e-06
aco_current,7,7460,78,17,4,0.0,0.0,0.0,0.0,0.20313307642936707,False,False,0.0,0.0,0.0,[],0.0,0.0,0,0.0,0,3.08300000995132e-06
aco_current,7,7461,78,17,1,0.0,131.0,131.0,0.655,0.41171473264694214,False,False,0.0,131.0,0.0,[],0.0,0.0,0,0.0,0,2.207999997949628e-06
aco_current,7,7461,78,17,2,0.0,0.0,0.0,0.0,0.09907747060060501,False,False,0.0,0.0,0.0,[],0.0,0.0,0,0.0,0,2.207999997949628e-06
aco_current,7,7461,78,17,3,0.0,0.0,0.0,0.0,0.43936213850975037,False,False,0.0,0.0,0.0,[],0.0,0.0,0,0.0,0,2.207999997949628e-06
aco_current,7,7461,78,17,4,0.0,0.0,0.0,0.0,0.20313307642936707,False,False,0.0,0.0,0.0,[],0.0,0.0,0,0.0,0,2.207999997949628e-06
aco_current,7,7462,78,17,1,0.0,131.0,131.0,0.655,0.41171473264694214,False,False,0.0,131.0,0.0,[],0.0,0.0,0,0.0,0,1.957999998580817e-06
aco_current,7,7462,78,17,2,0.0,0.0,0.0,0.0,0.09907747060060501,False,False,0.0,0.0,0.0,[],0.0,0.0,0,0.0,0,1.957999998580817e-06
aco_current,7,7462,78,17,3,0.0,0.0,0.0,0.0,0.43936213850975037,False,False,0.0,0.0,0.0,[],0.0,0.0,0,0.0,0,1.957999998580817e-06
aco_current,7,7462,78,17,4,0.0,0.0,0.0,0.0,0.20313307642936707,False,False,0.0,0.0,0.0,[],0.0,0.0,0,0.0,0,1.957999998580817e-06
aco_current,7,7463,78,17,1,0.0,131.0,131.0,0.655,0.41171473264694214,False,False,0.0,131.0,0.0,[],0.0,0.0,0,0.0,0,2.5420000042686297e-06
aco_current,7,7463,78,17,2,0.0,0.0,0.0,0.0,0.09907747060060501,False,False,0.0,0.0,0.0,[],0.0,0.0,0,0.0,0,2.5420000042686297e-06
aco_current,7,7463,78,17,3,0.0,0.0,0.0,0.0,0.43936213850975037,False,False,0.0,0.0,0.0,[],0.0,0.0,0,0.0,0,2.5420000042686297e-06
aco_current,7,7463,78,17,4,0.0,0.0,0.0,0.0,0.20313307642936707,False,False,0.0,0.0,0.0,[],0.0,0.0,0,0.0,0,2.5420000042686297e-06
aco_current,7,7464,78,18,1,0.0,131.0,131.0,0.655,0.41171473264694214,False,False,0.0,131.0,0.0,[],0.0,0.0,0,0.0,0,1.9999999949504854e-06
aco_current,7,7464,78,18,2,0.0,0.0,0.0,0.0,0.09907747060060501,False,False,0.0,0.0,0.0,[],0.0,0.0,0,0.0,0,1.9999999949504854e-06
aco_current,7,7464,78,18,3,0.0,0.0,0.0,0.0,0.43936213850975037,False,False,0.0,0.0,0.0,[],0.0,0.0,0,0.0,0,1.9999999949504854e-06
aco_current,7,7464,78,18,4,0.0,0.0,0.0,0.0,0.20313307642936707,False,False,0.0,0.0,0.0,[],0.0,0.0,0,0.0,0,1.9999999949504854e-06
aco_current,7,7465,78,18,1,0.0,131.0,131.0,0.655,0.41171473264694214,False,False,0.0,131.0,0.0,[],0.0,0.0,0,0.0,0,2.7079999966872492e-06
aco_current,7,7465,78,18,2,0.0,0.0,0.0,0.0,0.09907747060060501,False,False,0.0,0.0,0.0,[],0.0,0.0,0,0.0,0,2.7079999966872492e-06
aco_current,7,7465,78,18,3,0.0,0.0,0.0,0.0,0.43936213850975037,False,False,0.0,0.0,0.0,[],0.0,0.0,0,0.0,0,2.7079999966872492e-06
aco_current,7,7465,78,18,4,0.0,0.0,0.0,0.0,0.20313307642936707,False,False,0.0,0.0,0.0,[],0.0,0.0,0,0.0,0,2.7079999966872492e-06
aco_current,7,7466,78,18,1,0.0,131.0,131.0,0.655,0.41171473264694214,False,False,0.0,131.0,0.0,[],0.0,0.0,0,0.0,0,1.8750000094769348e-06
aco_current,7,7466,78,18,2,0.0,0.0,0.0,0.0,0.09907747060060501,False,False,0.0,0.0,0.0,[],0.0,0.0,0,0.0,0,1.8750000094769348e-06
aco_current,7,7466,78,18,3,0.0,0.0,0.0,0.0,0.43936213850975037,False,False,0.0,0.0,0.0,[],0.0,0.0,0,0.0,0,1.8750000094769348e-06
aco_current,7,7466,78,18,4,0.0,0.0,0.0,0.0,0.20313307642936707,False,False,0.0,0.0,0.0,[],0.0,0.0,0,0.0,0,1.8750000094769348e-06
aco_current,7,7467,78,18,1,0.0,131.0,131.0,0.655,0.41171473264694214,False,False,0.0,131.0,0.0,[],0.0,0.0,0,0.0,0,1.7499999955816747e-06
aco_current,7,7467,78,18,2,0.0,0.0,0.0,0.0,0.09907747060060501,False,False,0.0,0.0,0.0,[],0.0,0.0,0,0.0,0,1.7499999955816747e-06
aco_current,7,7467,78,18,3,0.0,0.0,0.0,0.0,0.43936213850975037,False,False,0.0,0.0,0.0,[],0.0,0.0,0,0.0,0,1.7499999955816747e-06
aco_current,7,7467,78,18,4,0.0,0.0,0.0,0.0,0.20313307642936707,False,False,0.0,0.0,0.0,[],0.0,0.0,0,0.0,0,1.7499999955816747e-06
aco_current,7,7468,78,19,1,0.0,131.0,131.0,0.655,0.41171473264694214,False,False,0.0,131.0,0.0,[],0.0,0.0,0,0.0,0,2.332999997634033e-06
aco_current,7,7468,78,19,2,0.0,0.0,0.0,0.0,0.09907747060060501,False,False,0.0,0.0,0.0,[],0.0,0.0,0,0.0,0,2.332999997634033e-06
aco_current,7,7468,78,19,3,0.0,0.0,0.0,0.0,0.43936213850975037,False,False,0.0,0.0,0.0,[],0.0,0.0,0,0.0,0,2.332999997634033e-06
aco_current,7,7468,78,19,4,0.0,0.0,0.0,0.0,0.20313307642936707,False,False,0.0,0.0,0.0,[],0.0,0.0,0,0.0,0,2.332999997634033e-06
aco_current,7,7469,78,19,1,0.0,131.0,131.0,0.655,0.41171473264694214,False,False,0.0,131.0,0.0,[],0.0,0.0,0,0.0,0,1.8339999883210112e-06
aco_current,7,7469,78,19,2,0.0,0.0,0.0,0.0,0.09907747060060501,False,False,0.0,0.0,0.0,[],0.0,0.0,0,0.0,0,1.8339999883210112e-06
aco_current,7,7469,78,19,3,0.0,0.0,0.0,0.0,0.43936213850975037,False,False,0.0,0.0,0.0,[],0.0,0.0,0,0.0,0,1.8339999883210112e-06
aco_current,7,7469,78,19,4,0.0,0.0,0.0,0.0,0.20313307642936707,False,False,0.0,0.0,0.0,[],0.0,0.0,0,0.0,0,1.8339999883210112e-06
aco_current,7,7470,78,19,1,0.0,131.0,131.0,0.655,0.41171473264694214,False,False,0.0,131.0,0.0,[],0.0,0.0,0,0.0,0,1.8329999988964119e-06
aco_current,7,7470,78,19,2,0.0,0.0,0.0,0.0,0.09907747060060501,False,False,0.0,0.0,0.0,[],0.0,0.0,0,0.0,0,1.8329999988964119e-06
aco_current,7,7470,78,19,3,0.0,0.0,0.0,0.0,0.43936213850975037,False,False,0.0,0.0,0.0,[],0.0,0.0,0,0.0,0,1.8329999988964119e-06
aco_current,7,7470,78,19,4,0.0,0.0,0.0,0.0,0.20313307642936707,False,False,0.0,0.0,0.0,[],0.0,0.0,0,0.0,0,1.8329999988964119e-06
aco_current,7,7471,78,19,1,0.0,131.0,131.0,0.655,0.41171473264694214,False,False,0.0,131.0,0.0,[],0.0,0.0,0,0.0,0,2.249999994319296e-06
aco_current,7,7471,78,19,2,0.0,0.0,0.0,0.0,0.09907747060060501,False,False,0.0,0.0,0.0,[],0.0,0.0,0,0.0,0,2.249999994319296e-06
aco_current,7,7471,78,19,3,0.0,0.0,0.0,0.0,0.43936213850975037,False,False,0.0,0.0,0.0,[],0.0,0.0,0,0.0,0,2.249999994319296e-06
aco_current,7,7471,78,19,4,0.0,0.0,0.0,0.0,0.20313307642936707,False,False,0.0,0.0,0.0,[],0.0,0.0,0,0.0,0,2.249999994319296e-06
aco_current,7,7472,78,20,1,0.0,131.0,131.0,0.655,0.41171473264694214,False,False,0.0,131.0,0.0,[],0.0,0.0,0,0.0,0,1.916000002211149e-06
aco_current,7,7472,78,20,2,0.0,0.0,0.0,0.0,0.09907747060060501,False,False,0.0,0.0,0.0,[],0.0,0.0,0,0.0,0,1.916000002211149e-06
aco_current,7,7472,78,20,3,0.0,0.0,0.0,0.0,0.43936213850975037,False,False,0.0,0.0,0.0,[],0.0,0.0,0,0.0,0,1.916000002211149e-06
aco_current,7,7472,78,20,4,0.0,0.0,0.0,0.0,0.20313307642936707,False,False,0.0,0.0,0.0,[],0.0,0.0,0,0.0,0,1.916000002211149e-06
aco_current,7,7473,78,20,1,0.0,131.0,131.0,0.655,0.41171473264694214,False,False,0.0,131.0,0.0,[],0.0,0.0,0,0.0,0,2.8749999927413228e-06
aco_current,7,7473,78,20,2,0.0,0.0,0.0,0.0,0.09907747060060501,False,False,0.0,0.0,0.0,[],0.0,0.0,0,0.0,0,2.8749999927413228e-06
aco_current,7,7473,78,20,3,0.0,0.0,0.0,0.0,0.43936213850975037,False,False,0.0,0.0,0.0,[],0.0,0.0,0,0.0,0,2.8749999927413228e-06
aco_current,7,7473,78,20,4,0.0,0.0,0.0,0.0,0.20313307642936707,False,False,0.0,0.0,0.0,[],0.0,0.0,0,0.0,0,2.8749999927413228e-06
aco_current,7,7474,78,20,1,0.0,131.0,131.0,0.655,0.41171473264694214,False,False,0.0,131.0,0.0,[],0.0,0.0,0,0.0,0,2.0419999913201536e-06
aco_current,7,7474,78,20,2,0.0,0.0,0.0,0.0,0.09907747060060501,False,False,0.0,0.0,0.0,[],0.0,0.0,0,0.0,0,2.0419999913201536e-06
aco_current,7,7474,78,20,3,0.0,0.0,0.0,0.0,0.43936213850975037,False,False,0.0,0.0,0.0,[],0.0,0.0,0,0.0,0,2.0419999913201536e-06
aco_current,7,7474,78,20,4,0.0,0.0,0.0,0.0,0.20313307642936707,False,False,0.0,0.0,0.0,[],0.0,0.0,0,0.0,0,2.0419999913201536e-06
aco_current,7,7475,78,20,1,0.0,131.0,131.0,0.655,0.41171473264694214,False,False,0.0,131.0,0.0,[],0.0,0.0,0,0.0,0,1.87499999526608e-06
aco_current,7,7475,78,20,2,0.0,0.0,0.0,0.0,0.09907747060060501,False,False,0.0,0.0,0.0,[],0.0,0.0,0,0.0,0,1.87499999526608e-06
aco_current,7,7475,78,20,3,0.0,0.0,0.0,0.0,0.43936213850975037,False,False,0.0,0.0,0.0,[],0.0,0.0,0,0.0,0,1.87499999526608e-06
aco_current,7,7475,78,20,4,0.0,0.0,0.0,0.0,0.20313307642936707,False,False,0.0,0.0,0.0,[],0.0,0.0,0,0.0,0,1.87499999526608e-06
aco_current,7,7476,78,21,1,0.0,131.0,131.0,0.655,0.41171473264694214,False,False,0.0,131.0,0.0,[],0.0,0.0,0,0.0,0,7.207999999536696e-06
aco_current,7,7476,78,21,2,0.0,0.0,0.0,0.0,0.09907747060060501,False,False,0.0,0.0,0.0,[],0.0,0.0,0,0.0,0,7.207999999536696e-06
aco_current,7,7476,78,21,3,0.0,0.0,0.0,0.0,0.43936213850975037,False,False,0.0,0.0,0.0,[],0.0,0.0,0,0.0,0,7.207999999536696e-06
aco_current,7,7476,78,21,4,0.0,0.0,0.0,0.0,0.20313307642936707,False,False,0.0,0.0,0.0,[],0.0,0.0,0,0.0,0,7.207999999536696e-06
aco_current,7,7477,78,21,1,0.0,131.0,131.0,0.655,0.41171473264694214,False,False,0.0,131.0,0.0,[],0.0,0.0,0,0.0,0,1.9590000022162712e-06
aco_current,7,7477,78,21,2,0.0,0.0,0.0,0.0,0.09907747060060501,False,False,0.0,0.0,0.0,[],0.0,0.0,0,0.0,0,1.9590000022162712e-06
aco_current,7,7477,78,21,3,0.0,0.0,0.0,0.0,0.43936213850975037,False,False,0.0,0.0,0.0,[],0.0,0.0,0,0.0,0,1.9590000022162712e-06
aco_current,7,7477,78,21,4,0.0,0.0,0.0,0.0,0.20313307642936707,False,False,0.0,0.0,0.0,[],0.0,0.0,0,0.0,0,1.9590000022162712e-06
aco_current,7,7478,78,21,1,0.0,131.0,131.0,0.655,0.41171473264694214,False,False,0.0,131.0,0.0,[],0.0,0.0,0,0.0,0,2.0829999982652225e-06
aco_current,7,7478,78,21,2,0.0,0.0,0.0,0.0,0.09907747060060501,False,False,0.0,0.0,0.0,[],0.0,0.0,0,0.0,0,2.0829999982652225e-06
aco_current,7,7478,78,21,3,0.0,0.0,0.0,0.0,0.43936213850975037,False,False,0.0,0.0,0.0,[],0.0,0.0,0,0.0,0,2.0829999982652225e-06
aco_current,7,7478,78,21,4,0.0,0.0,0.0,0.0,0.20313307642936707,False,False,0.0,0.0,0.0,[],0.0,0.0,0,0.0,0,2.0829999982652225e-06
aco_current,7,7479,78,21,1,0.0,131.0,131.0,0.655,0.41171473264694214,False,False,0.0,131.0,0.0,[],0.0,0.0,0,0.0,0,1.9590000022162712e-06
aco_current,7,7479,78,21,2,0.0,0.0,0.0,0.0,0.09907747060060501,False,False,0.0,0.0,0.0,[],0.0,0.0,0,0.0,0,1.9590000022162712e-06
aco_current,7,7479,78,21,3,0.0,0.0,0.0,0.0,0.43936213850975037,False,False,0.0,0.0,0.0,[],0.0,0.0,0,0.0,0,1.9590000022162712e-06
aco_current,7,7479,78,21,4,0.0,0.0,0.0,0.0,0.20313307642936707,False,False,0.0,0.0,0.0,[],0.0,0.0,0,0.0,0,1.9590000022162712e-06
aco_current,7,7480,78,22,1,0.0,131.0,131.0,0.655,0.41171473264694214,False,False,0.0,131.0,0.0,[],0.0,0.0,0,0.0,0,1.834000002531866e-06
aco_current,7,7480,78,22,2,0.0,0.0,0.0,0.0,0.09907747060060501,False,False,0.0,0.0,0.0,[],0.0,0.0,0,0.0,0,1.834000002531866e-06
aco_current,7,7480,78,22,3,0.0,0.0,0.0,0.0,0.43936213850975037,False,False,0.0,0.0,0.0,[],0.0,0.0,0,0.0,0,1.834000002531866e-06
aco_current,7,7480,78,22,4,0.0,0.0,0.0,0.0,0.20313307642936707,False,False,0.0,0.0,0.0,[],0.0,0.0,0,0.0,0,1.834000002531866e-06
aco_current,7,7481,78,22,1,0.0,131.0,131.0,0.655,0.41171473264694214,False,False,0.0,131.0,0.0,[],0.0,0.0,0,0.0,0,2.582999997002844e-06
aco_current,7,7481,78,22,2,0.0,0.0,0.0,0.0,0.09907747060060501,False,False,0.0,0.0,0.0,[],0.0,0.0,0,0.0,0,2.582999997002844e-06
aco_current,7,7481,78,22,3,0.0,0.0,0.0,0.0,0.43936213850975037,False,False,0.0,0.0,0.0,[],0.0,0.0,0,0.0,0,2.582999997002844e-06
aco_current,7,7481,78,22,4,0.0,0.0,0.0,0.0,0.20313307642936707,False,False,0.0,0.0,0.0,[],0.0,0.0,0,0.0,0,2.582999997002844e-06
aco_current,7,7482,78,22,1,0.0,131.0,131.0,0.655,0.41171473264694214,False,False,0.0,131.0,0.0,[],0.0,0.0,0,0.0,0,1.9169999916357483e-06
aco_current,7,7482,78,22,2,0.0,0.0,0.0,0.0,0.09907747060060501,False,False,0.0,0.0,0.0,[],0.0,0.0,0,0.0,0,1.9169999916357483e-06
aco_current,7,7482,78,22,3,0.0,0.0,0.0,0.0,0.43936213850975037,False,False,0.0,0.0,0.0,[],0.0,0.0,0,0.0,0,1.9169999916357483e-06
aco_current,7,7482,78,22,4,0.0,0.0,0.0,0.0,0.20313307642936707,False,False,0.0,0.0,0.0,[],0.0,0.0,0,0.0,0,1.9169999916357483e-06
aco_current,7,7483,78,22,1,0.0,131.0,131.0,0.655,0.41171473264694214,False,False,0.0,131.0,0.0,[],0.0,0.0,0,0.0,0,1.917000005846603e-06
aco_current,7,7483,78,22,2,0.0,0.0,0.0,0.0,0.09907747060060501,False,False,0.0,0.0,0.0,[],0.0,0.0,0,0.0,0,1.917000005846603e-06
aco_current,7,7483,78,22,3,0.0,0.0,0.0,0.0,0.43936213850975037,False,False,0.0,0.0,0.0,[],0.0,0.0,0,0.0,0,1.917000005846603e-06
aco_current,7,7483,78,22,4,0.0,0.0,0.0,0.0,0.20313307642936707,False,False,0.0,0.0,0.0,[],0.0,0.0,0,0.0,0,1.917000005846603e-06
aco_current,7,7484,78,23,1,0.0,131.0,131.0,0.655,0.41171473264694214,False,False,0.0,131.0,0.0,[],0.0,0.0,0,0.0,0,2.249999994319296e-06
aco_current,7,7484,78,23,2,0.0,0.0,0.0,0.0,0.09907747060060501,False,False,0.0,0.0,0.0,[],0.0,0.0,0,0.0,0,2.249999994319296e-06
aco_current,7,7484,78,23,3,0.0,0.0,0.0,0.0,0.43936213850975037,False,False,0.0,0.0,0.0,[],0.0,0.0,0,0.0,0,2.249999994319296e-06
aco_current,7,7484,78,23,4,0.0,0.0,0.0,0.0,0.20313307642936707,False,False,0.0,0.0,0.0,[],0.0,0.0,0,0.0,0,2.249999994319296e-06
aco_current,7,7485,78,23,1,0.0,131.0,131.0,0.655,0.41171473264694214,False,False,0.0,131.0,0.0,[],0.0,0.0,0,0.0,0,1.7910000025267436e-06
aco_current,7,7485,78,23,2,0.0,0.0,0.0,0.0,0.09907747060060501,False,False,0.0,0.0,0.0,[],0.0,0.0,0,0.0,0,1.7910000025267436e-06
aco_current,7,7485,78,23,3,0.0,0.0,0.0,0.0,0.43936213850975037,False,False,0.0,0.0,0.0,[],0.0,0.0,0,0.0,0,1.7910000025267436e-06
aco_current,7,7485,78,23,4,0.0,0.0,0.0,0.0,0.20313307642936707,False,False,0.0,0.0,0.0,[],0.0,0.0,0,0.0,0,1.7910000025267436e-06
aco_current,7,7486,78,23,1,0.0,131.0,131.0,0.655,0.41171473264694214,False,False,0.0,131.0,0.0,[],0.0,0.0,0,0.0,0,6.834000004118934e-06
aco_current,7,7486,78,23,2,0.0,0.0,0.0,0.0,0.09907747060060501,False,False,0.0,0.0,0.0,[],0.0,0.0,0,0.0,0,6.834000004118934e-06
aco_current,7,7486,78,23,3,0.0,0.0,0.0,0.0,0.43936213850975037,False,False,0.0,0.0,0.0,[],0.0,0.0,0,0.0,0,6.834000004118934e-06
aco_current,7,7486,78,23,4,0.0,0.0,0.0,0.0,0.20313307642936707,False,False,0.0,0.0,0.0,[],0.0,0.0,0,0.0,0,6.834000004118934e-06
aco_current,7,7487,78,23,1,0.0,131.0,131.0,0.655,0.41171473264694214,False,False,0.0,131.0,0.0,[],0.0,0.0,0,0.0,0,1.834000002531866e-06
aco_current,7,7487,78,23,2,0.0,0.0,0.0,0.0,0.09907747060060501,False,False,0.0,0.0,0.0,[],0.0,0.0,0,0.0,0,1.834000002531866e-06
aco_current,7,7487,78,23,3,0.0,0.0,0.0,0.0,0.43936213850975037,False,False,0.0,0.0,0.0,[],0.0,0.0,0,0.0,0,1.834000002531866e-06
aco_current,7,7487,78,23,4,0.0,0.0,0.0,0.0,0.20313307642936707,False,False,0.0,0.0,0.0,[],0.0,0.0,0,0.0,0,1.834000002531866e-06
aco_current,7,7488,79,0,1,42.0,131.0,173.0,0.865,1.0,True,True,30.0,143.0,0.0,[1],10.0,10.0,1,10.0,0,0.010148208000003933
aco_current,7,7488,79,0,2,0.0,0.0,0.0,0.0,0.09907747060060501,False,False,0.0,0.0,0.0,[],10.0,10.0,1,10.0,0,0.010148208000003933
aco_current,7,7488,79,0,3,0.0,0.0,0.0,0.0,0.43936213850975037,False,False,0.0,0.0,0.0,[],10.0,10.0,1,10.0,0,0.010148208000003933
aco_current,7,7488,79,0,4,0.0,0.0,0.0,0.0,0.20313307642936707,False,False,0.0,0.0,0.0,[],10.0,10.0,1,10.0,0,0.010148208000003933
aco_current,7,7489,79,0,1,42.0,143.0,185.0,0.925,1.0,True,True,30.0,155.0,0.0,[1],10.0,10.0,1,10.0,0,0.009620541999993293
aco_current,7,7489,79,0,2,0.0,0.0,0.0,0.0,0.09907747060060501,False,False,0.0,0.0,0.0,[],10.0,10.0,1,10.0,0,0.009620541999993293
aco_current,7,7489,79,0,3,0.0,0.0,0.0,0.0,0.43936213850975037,False,False,0.0,0.0,0.0,[],10.0,10.0,1,10.0,0,0.009620541999993293
aco_current,7,7489,79,0,4,0.0,0.0,0.0,0.0,0.20313307642936707,False,False,0.0,0.0,0.0,[],10.0,10.0,1,10.0,0,0.009620541999993293
aco_current,7,7490,79,0,1,43.0,155.0,198.0,0.99,1.0,True,True,30.0,168.0,0.0,[1],10.0,10.0,1,10.0,0,0.009492708999999877
aco_current,7,7490,79,0,2,0.0,0.0,0.0,0.0,0.09907747060060501,False,False,0.0,0.0,0.0,[],10.0,10.0,1,10.0,0,0.009492708999999877
aco_current,7,7490,79,0,3,0.0,0.0,0.0,0.0,0.43936213850975037,False,False,0.0,0.0,0.0,[],10.0,10.0,1,10.0,0,0.009492708999999877
aco_current,7,7490,79,0,4,0.0,0.0,0.0,0.0,0.20313307642936707,False,False,0.0,0.0,0.0,[],10.0,10.0,1,10.0,0,0.009492708999999877
aco_current,7,7491,79,0,1,42.0,168.0,210.0,1.05,1.0,True,True,30.0,180.0,0.0,[1],10.0,10.0,1,10.0,0,0.010063542000011694
aco_current,7,7491,79,0,2,0.0,0.0,0.0,0.0,0.09907747060060501,False,False,0.0,0.0,0.0,[],10.0,10.0,1,10.0,0,0.010063542000011694
aco_current,7,7491,79,0,3,0.0,0.0,0.0,0.0,0.43936213850975037,False,False,0.0,0.0,0.0,[],10.0,10.0,1,10.0,0,0.010063542000011694
aco_current,7,7491,79,0,4,0.0,0.0,0.0,0.0,0.20313307642936707,False,False,0.0,0.0,0.0,[],10.0,10.0,1,10.0,0,0.010063542000011694
aco_current,7,7492,79,1,1,44.0,180.0,224.0,1.12,1.0,True,True,30.0,194.0,0.0,[1],10.0,10.0,1,10.0,0,0.009660707999998408
aco_current,7,7492,79,1,2,0.0,0.0,0.0,0.0,0.09907747060060501,False,False,0.0,0.0,0.0,[],10.0,10.0,1,10.0,0,0.009660707999998408
aco_current,7,7492,79,1,3,0.0,0.0,0.0,0.0,0.43936213850975037,False,False,0.0,0.0,0.0,[],10.0,10.0,1,10.0,0,0.009660707999998408
aco_current,7,7492,79,1,4,0.0,0.0,0.0,0.0,0.20313307642936707,False,False,0.0,0.0,0.0,[],10.0,10.0,1,10.0,0,0.009660707999998408
aco_current,7,7493,79,1,1,42.0,194.0,236.0,1.18,1.0,True,True,30.0,200.0,6.0,[1],10.0,10.0,1,10.0,0,0.009469707999997468
aco_current,7,7493,79,1,2,0.0,0.0,0.0,0.0,0.09907747060060501,False,False,0.0,0.0,0.0,[],10.0,10.0,1,10.0,0,0.009469707999997468
aco_current,7,7493,79,1,3,0.0,0.0,0.0,0.0,0.43936213850975037,False,False,0.0,0.0,0.0,[],10.0,10.0,1,10.0,0,0.009469707999997468
aco_current,7,7493,79,1,4,0.0,0.0,0.0,0.0,0.20313307642936707,False,False,0.0,0.0,0.0,[],10.0,10.0,1,10.0,0,0.009469707999997468
aco_current,7,7494,79,1,1,43.0,200.0,243.0,1.215,1.0,True,True,30.0,200.0,13.0,[1],10.0,10.0,1,10.0,0,0.009391332999996393
aco_current,7,7494,79,1,2,0.0,0.0,0.0,0.0,0.09907747060060501,False,False,0.0,0.0,0.0,[],10.0,10.0,1,10.0,0,0.009391332999996393
aco_current,7,7494,79,1,3,0.0,0.0,0.0,0.0,0.43936213850975037,False,False,0.0,0.0,0.0,[],10.0,10.0,1,10.0,0,0.009391332999996393
aco_current,7,7494,79,1,4,0.0,0.0,0.0,0.0,0.20313307642936707,False,False,0.0,0.0,0.0,[],10.0,10.0,1,10.0,0,0.009391332999996393
aco_current,7,7495,79,1,1,42.0,200.0,242.0,1.21,1.0,True,True,30.0,200.0,12.0,[1],10.0,10.0,1,10.0,0,0.009572624999989898
aco_current,7,7495,79,1,2,0.0,0.0,0.0,0.0,0.09907747060060501,False,False,0.0,0.0,0.0,[],10.0,10.0,1,10.0,0,0.009572624999989898
aco_current,7,7495,79,1,3,0.0,0.0,0.0,0.0,0.43936213850975037,False,False,0.0,0.0,0.0,[],10.0,10.0,1,10.0,0,0.009572624999989898
aco_current,7,7495,79,1,4,0.0,0.0,0.0,0.0,0.20313307642936707,False,False,0.0,0.0,0.0,[],10.0,10.0,1,10.0,0,0.009572624999989898
aco_current,7,7496,79,2,1,44.0,200.0,244.0,1.22,1.0,True,True,30.0,200.0,14.0,[1],10.0,10.0,1,10.0,0,0.010181916999997043
aco_current,7,7496,79,2,2,0.0,0.0,0.0,0.0,0.09907747060060501,False,False,0.0,0.0,0.0,[],10.0,10.0,1,10.0,0,0.010181916999997043
aco_current,7,7496,79,2,3,0.0,0.0,0.0,0.0,0.43936213850975037,False,False,0.0,0.0,0.0,[],10.0,10.0,1,10.0,0,0.010181916999997043
aco_current,7,7496,79,2,4,0.0,0.0,0.0,0.0,0.20313307642936707,False,False,0.0,0.0,0.0,[],10.0,10.0,1,10.0,0,0.010181916999997043
aco_current,7,7497,79,2,1,43.0,200.0,243.0,1.215,1.0,True,True,30.0,200.0,13.0,[1],10.0,10.0,1,10.0,0,0.015551375000001144
aco_current,7,7497,79,2,2,0.0,0.0,0.0,0.0,0.09907747060060501,False,False,0.0,0.0,0.0,[],10.0,10.0,1,10.0,0,0.015551375000001144
aco_current,7,7497,79,2,3,0.0,0.0,0.0,0.0,0.43936213850975037,False,False,0.0,0.0,0.0,[],10.0,10.0,1,10.0,0,0.015551375000001144
aco_current,7,7497,79,2,4,0.0,0.0,0.0,0.0,0.20313307642936707,False,False,0.0,0.0,0.0,[],10.0,10.0,1,10.0,0,0.015551375000001144
aco_current,7,7498,79,2,1,43.0,200.0,243.0,1.215,1.0,True,True,30.0,200.0,13.0,[1],10.0,10.0,1,10.0,0,0.00964941599998781
aco_current,7,7498,79,2,2,0.0,0.0,0.0,0.0,0.09907747060060501,False,False,0.0,0.0,0.0,[],10.0,10.0,1,10.0,0,0.00964941599998781
aco_current,7,7498,79,2,3,0.0,0.0,0.0,0.0,0.43936213850975037,False,False,0.0,0.0,0.0,[],10.0,10.0,1,10.0,0,0.00964941599998781
aco_current,7,7498,79,2,4,0.0,0.0,0.0,0.0,0.20313307642936707,False,False,0.0,0.0,0.0,[],10.0,10.0,1,10.0,0,0.00964941599998781
aco_current,7,7499,79,2,1,42.0,200.0,242.0,1.21,1.0,True,True,30.0,200.0,12.0,[1],10.0,10.0,1,10.0,0,0.009584040999996546
aco_current,7,7499,79,2,2,0.0,0.0,0.0,0.0,0.09907747060060501,False,False,0.0,0.0,0.0,[],10.0,10.0,1,10.0,0,0.009584040999996546
aco_current,7,7499,79,2,3,0.0,0.0,0.0,0.0,0.43936213850975037,False,False,0.0,0.0,0.0,[],10.0,10.0,1,10.0,0,0.009584040999996546
aco_current,7,7499,79,2,4,0.0,0.0,0.0,0.0,0.20313307642936707,False,False,0.0,0.0,0.0,[],10.0,10.0,1,10.0,0,0.009584040999996546
aco_current,7,7500,79,3,1,44.0,200.0,244.0,1.22,1.0,True,True,30.0,200.0,14.0,[1],10.0,10.0,1,10.0,0,0.009532042000003571
aco_current,7,7500,79,3,2,0.0,0.0,0.0,0.0,0.09907747060060501,False,False,0.0,0.0,0.0,[],10.0,10.0,1,10.0,0,0.009532042000003571
aco_current,7,7500,79,3,3,0.0,0.0,0.0,0.0,0.43936213850975037,False,False,0.0,0.0,0.0,[],10.0,10.0,1,10.0,0,0.009532042000003571
aco_current,7,7500,79,3,4,0.0,0.0,0.0,0.0,0.20313307642936707,False,False,0.0,0.0,0.0,[],10.0,10.0,1,10.0,0,0.009532042000003571
aco_current,7,7501,79,3,1,42.0,200.0,242.0,1.21,1.0,True,True,30.0,200.0,12.0,[1],10.0,10.0,1,10.0,0,0.009284000000008064
aco_current,7,7501,79,3,2,0.0,0.0,0.0,0.0,0.09907747060060501,False,False,0.0,0.0,0.0,[],10.0,10.0,1,10.0,0,0.009284000000008064
aco_current,7,7501,79,3,3,0.0,0.0,0.0,0.0,0.43936213850975037,False,False,0.0,0.0,0.0,[],10.0,10.0,1,10.0,0,0.009284000000008064
aco_current,7,7501,79,3,4,0.0,0.0,0.0,0.0,0.20313307642936707,False,False,0.0,0.0,0.0,[],10.0,10.0,1,10.0,0,0.009284000000008064
aco_current,7,7502,79,3,1,42.0,200.0,242.0,1.21,1.0,True,True,30.0,200.0,12.0,[1],10.0,10.0,1,10.0,0,0.009409708000006844
aco_current,7,7502,79,3,2,0.0,0.0,0.0,0.0,0.09907747060060501,False,False,0.0,0.0,0.0,[],10.0,10.0,1,10.0,0,0.009409708000006844
aco_current,7,7502,79,3,3,0.0,0.0,0.0,0.0,0.43936213850975037,False,False,0.0,0.0,0.0,[],10.0,10.0,1,10.0,0,0.009409708000006844
aco_current,7,7502,79,3,4,0.0,0.0,0.0,0.0,0.20313307642936707,False,False,0.0,0.0,0.0,[],10.0,10.0,1,10.0,0,0.009409708000006844
aco_current,7,7503,79,3,1,43.0,200.0,243.0,1.215,1.0,True,True,30.0,200.0,13.0,[1],10.0,10.0,1,10.0,0,0.009597374999998465
aco_current,7,7503,79,3,2,0.0,0.0,0.0,0.0,0.09907747060060501,False,False,0.0,0.0,0.0,[],10.0,10.0,1,10.0,0,0.009597374999998465
aco_current,7,7503,79,3,3,0.0,0.0,0.0,0.0,0.43936213850975037,False,False,0.0,0.0,0.0,[],10.0,10.0,1,10.0,0,0.009597374999998465
aco_current,7,7503,79,3,4,0.0,0.0,0.0,0.0,0.20313307642936707,False,False,0.0,0.0,0.0,[],10.0,10.0,1,10.0,0,0.009597374999998465
aco_current,7,7504,79,4,1,42.0,200.0,242.0,1.21,1.0,True,True,30.0,200.0,12.0,[1],10.0,10.0,1,10.0,0,0.009613082999990752
aco_current,7,7504,79,4,2,0.0,0.0,0.0,0.0,0.09907747060060501,False,False,0.0,0.0,0.0,[],10.0,10.0,1,10.0,0,0.009613082999990752
aco_current,7,7504,79,4,3,0.0,0.0,0.0,0.0,0.43936213850975037,False,False,0.0,0.0,0.0,[],10.0,10.0,1,10.0,0,0.009613082999990752
aco_current,7,7504,79,4,4,0.0,0.0,0.0,0.0,0.20313307642936707,False,False,0.0,0.0,0.0,[],10.0,10.0,1,10.0,0,0.009613082999990752
aco_current,7,7505,79,4,1,43.0,200.0,243.0,1.215,1.0,True,True,30.0,200.0,13.0,[1],10.0,10.0,1,10.0,0,0.00950937499999327
aco_current,7,7505,79,4,2,0.0,0.0,0.0,0.0,0.09907747060060501,False,False,0.0,0.0,0.0,[],10.0,10.0,1,10.0,0,0.00950937499999327
aco_current,7,7505,79,4,3,0.0,0.0,0.0,0.0,0.43936213850975037,False,False,0.0,0.0,0.0,[],10.0,10.0,1,10.0,0,0.00950937499999327
aco_current,7,7505,79,4,4,0.0,0.0,0.0,0.0,0.20313307642936707,False,False,0.0,0.0,0.0,[],10.0,10.0,1,10.0,0,0.00950937499999327
aco_current,7,7506,79,4,1,43.0,200.0,243.0,1.215,1.0,True,True,30.0,200.0,13.0,[1],10.0,10.0,1,10.0,0,0.009521208000009551
aco_current,7,7506,79,4,2,0.0,0.0,0.0,0.0,0.09907747060060501,False,False,0.0,0.0,0.0,[],10.0,10.0,1,10.0,0,0.009521208000009551
aco_current,7,7506,79,4,3,0.0,0.0,0.0,0.0,0.43936213850975037,False,False,0.0,0.0,0.0,[],10.0,10.0,1,10.0,0,0.009521208000009551
aco_current,7,7506,79,4,4,0.0,0.0,0.0,0.0,0.20313307642936707,False,False,0.0,0.0,0.0,[],10.0,10.0,1,10.0,0,0.009521208000009551
aco_current,7,7507,79,4,1,43.0,200.0,243.0,1.215,1.0,True,True,30.0,200.0,13.0,[1],10.0,10.0,1,10.0,0,0.0094520420000066
aco_current,7,7507,79,4,2,0.0,0.0,0.0,0.0,0.09907747060060501,False,False,0.0,0.0,0.0,[],10.0,10.0,1,10.0,0,0.0094520420000066
aco_current,7,7507,79,4,3,0.0,0.0,0.0,0.0,0.43936213850975037,False,False,0.0,0.0,0.0,[],10.0,10.0,1,10.0,0,0.0094520420000066
aco_current,7,7507,79,4,4,0.0,0.0,0.0,0.0,0.20313307642936707,False,False,0.0,0.0,0.0,[],10.0,10.0,1,10.0,0,0.0094520420000066
aco_current,7,7508,79,5,1,42.0,200.0,242.0,1.21,1.0,True,True,30.0,200.0,12.0,[1],10.0,10.0,1,10.0,0,0.009374415999999997
aco_current,7,7508,79,5,2,0.0,0.0,0.0,0.0,0.09907747060060501,False,False,0.0,0.0,0.0,[],10.0,10.0,1,10.0,0,0.009374415999999997
aco_current,7,7508,79,5,3,0.0,0.0,0.0,0.0,0.43936213850975037,False,False,0.0,0.0,0.0,[],10.0,10.0,1,10.0,0,0.009374415999999997
aco_current,7,7508,79,5,4,0.0,0.0,0.0,0.0,0.20313307642936707,False,False,0.0,0.0,0.0,[],10.0,10.0,1,10.0,0,0.009374415999999997
aco_current,7,7509,79,5,1,43.0,200.0,243.0,1.215,1.0,True,True,30.0,200.0,13.0,[1],10.0,10.0,1,10.0,0,0.00952324999998666
aco_current,7,7509,79,5,2,0.0,0.0,0.0,0.0,0.09907747060060501,False,False,0.0,0.0,0.0,[],10.0,10.0,1,10.0,0,0.00952324999998666
aco_current,7,7509,79,5,3,0.0,0.0,0.0,0.0,0.43936213850975037,False,False,0.0,0.0,0.0,[],10.0,10.0,1,10.0,0,0.00952324999998666
aco_current,7,7509,79,5,4,0.0,0.0,0.0,0.0,0.20313307642936707,False,False,0.0,0.0,0.0,[],10.0,10.0,1,10.0,0,0.00952324999998666
aco_current,7,7510,79,5,1,42.0,200.0,242.0,1.21,1.0,True,True,30.0,200.0,12.0,[1],10.0,10.0,1,10.0,0,0.009566874999990205
aco_current,7,7510,79,5,2,0.0,0.0,0.0,0.0,0.09907747060060501,False,False,0.0,0.0,0.0,[],10.0,10.0,1,10.0,0,0.009566874999990205
aco_current,7,7510,79,5,3,0.0,0.0,0.0,0.0,0.43936213850975037,False,False,0.0,0.0,0.0,[],10.0,10.0,1,10.0,0,0.009566874999990205
aco_current,7,7510,79,5,4,0.0,0.0,0.0,0.0,0.20313307642936707,False,False,0.0,0.0,0.0,[],10.0,10.0,1,10.0,0,0.009566874999990205
aco_current,7,7511,79,5,1,43.0,200.0,243.0,1.215,1.0,True,True,30.0,200.0,13.0,[1],10.0,10.0,1,10.0,0,0.00951566699998807
aco_current,7,7511,79,5,2,0.0,0.0,0.0,0.0,0.09907747060060501,False,False,0.0,0.0,0.0,[],10.0,10.0,1,10.0,0,0.00951566699998807
aco_current,7,7511,79,5,3,0.0,0.0,0.0,0.0,0.43936213850975037,False,False,0.0,0.0,0.0,[],10.0,10.0,1,10.0,0,0.00951566699998807
aco_current,7,7511,79,5,4,0.0,0.0,0.0,0.0,0.20313307642936707,False,False,0.0,0.0,0.0,[],10.0,10.0,1,10.0,0,0.00951566699998807
aco_current,7,7512,79,6,1,41.0,200.0,241.0,1.205,1.0,True,True,30.0,200.0,11.0,[1],10.0,10.0,1,10.0,0,0.00957895900000949
aco_current,7,7512,79,6,2,0.0,0.0,0.0,0.0,0.09907747060060501,False,False,0.0,0.0,0.0,[],10.0,10.0,1,10.0,0,0.00957895900000949
aco_current,7,7512,79,6,3,0.0,0.0,0.0,0.0,0.43936213850975037,False,False,0.0,0.0,0.0,[],10.0,10.0,1,10.0,0,0.00957895900000949
aco_current,7,7512,79,6,4,0.0,0.0,0.0,0.0,0.20313307642936707,False,False,0.0,0.0,0.0,[],10.0,10.0,1,10.0,0,0.00957895900000949
aco_current,7,7513,79,6,1,43.0,200.0,243.0,1.215,1.0,True,True,30.0,200.0,13.0,[1],10.0,10.0,1,10.0,0,0.009467374999999834
aco_current,7,7513,79,6,2,0.0,0.0,0.0,0.0,0.09907747060060501,False,False,0.0,0.0,0.0,[],10.0,10.0,1,10.0,0,0.009467374999999834
aco_current,7,7513,79,6,3,0.0,0.0,0.0,0.0,0.43936213850975037,False,False,0.0,0.0,0.0,[],10.0,10.0,1,10.0,0,0.009467374999999834
aco_current,7,7513,79,6,4,0.0,0.0,0.0,0.0,0.20313307642936707,False,False,0.0,0.0,0.0,[],10.0,10.0,1,10.0,0,0.009467374999999834
aco_current,7,7514,79,6,1,42.0,200.0,242.0,1.21,1.0,True,True,30.0,200.0,12.0,[1],10.0,10.0,1,10.0,0,0.009536999999994578
aco_current,7,7514,79,6,2,0.0,0.0,0.0,0.0,0.09907747060060501,False,False,0.0,0.0,0.0,[],10.0,10.0,1,10.0,0,0.009536999999994578
aco_current,7,7514,79,6,3,0.0,0.0,0.0,0.0,0.43936213850975037,False,False,0.0,0.0,0.0,[],10.0,10.0,1,10.0,0,0.009536999999994578
aco_current,7,7514,79,6,4,0.0,0.0,0.0,0.0,0.20313307642936707,False,False,0.0,0.0,0.0,[],10.0,10.0,1,10.0,0,0.009536999999994578
aco_current,7,7515,79,6,1,44.0,200.0,244.0,1.22,1.0,True,True,30.0,200.0,14.0,[1],10.0,10.0,1,10.0,0,0.009679916999999705
aco_current,7,7515,79,6,2,0.0,0.0,0.0,0.0,0.09907747060060501,False,False,0.0,0.0,0.0,[],10.0,10.0,1,10.0,0,0.009679916999999705
aco_current,7,7515,79,6,3,0.0,0.0,0.0,0.0,0.43936213850975037,False,False,0.0,0.0,0.0,[],10.0,10.0,1,10.0,0,0.009679916999999705
aco_current,7,7515,79,6,4,0.0,0.0,0.0,0.0,0.20313307642936707,False,False,0.0,0.0,0.0,[],10.0,10.0,1,10.0,0,0.009679916999999705
aco_current,7,7516,79,7,1,43.0,200.0,243.0,1.215,1.0,True,True,30.0,200.0,13.0,[1],10.0,10.0,1,10.0,0,0.009582915999999386
aco_current,7,7516,79,7,2,0.0,0.0,0.0,0.0,0.09907747060060501,False,False,0.0,0.0,0.0,[],10.0,10.0,1,10.0,0,0.009582915999999386
aco_current,7,7516,79,7,3,0.0,0.0,0.0,0.0,0.43936213850975037,False,False,0.0,0.0,0.0,[],10.0,10.0,1,10.0,0,0.009582915999999386
aco_current,7,7516,79,7,4,0.0,0.0,0.0,0.0,0.20313307642936707,False,False,0.0,0.0,0.0,[],10.0,10.0,1,10.0,0,0.009582915999999386
aco_current,7,7517,79,7,1,42.0,200.0,242.0,1.21,1.0,True,True,30.0,200.0,12.0,[1],10.0,10.0,1,10.0,0,0.009507457999987423
aco_current,7,7517,79,7,2,0.0,0.0,0.0,0.0,0.09907747060060501,False,False,0.0,0.0,0.0,[],10.0,10.0,1,10.0,0,0.009507457999987423
aco_current,7,7517,79,7,3,0.0,0.0,0.0,0.0,0.43936213850975037,False,False,0.0,0.0,0.0,[],10.0,10.0,1,10.0,0,0.009507457999987423
aco_current,7,7517,79,7,4,0.0,0.0,0.0,0.0,0.20313307642936707,False,False,0.0,0.0,0.0,[],10.0,10.0,1,10.0,0,0.009507457999987423
aco_current,7,7518,79,7,1,43.0,200.0,243.0,1.215,1.0,True,True,30.0,200.0,13.0,[1],10.0,10.0,1,10.0,0,0.009672791999989272
aco_current,7,7518,79,7,2,0.0,0.0,0.0,0.0,0.09907747060060501,False,False,0.0,0.0,0.0,[],10.0,10.0,1,10.0,0,0.009672791999989272
aco_current,7,7518,79,7,3,0.0,0.0,0.0,0.0,0.43936213850975037,False,False,0.0,0.0,0.0,[],10.0,10.0,1,10.0,0,0.009672791999989272
aco_current,7,7518,79,7,4,0.0,0.0,0.0,0.0,0.20313307642936707,False,False,0.0,0.0,0.0,[],10.0,10.0,1,10.0,0,0.009672791999989272
aco_current,7,7519,79,7,1,41.0,200.0,241.0,1.205,1.0,True,True,30.0,200.0,11.0,[1],10.0,10.0,1,10.0,0,0.009601166999999577
aco_current,7,7519,79,7,2,0.0,0.0,0.0,0.0,0.09907747060060501,False,False,0.0,0.0,0.0,[],10.0,10.0,1,10.0,0,0.009601166999999577
aco_current,7,7519,79,7,3,0.0,0.0,0.0,0.0,0.43936213850975037,False,False,0.0,0.0,0.0,[],10.0,10.0,1,10.0,0,0.009601166999999577
aco_current,7,7519,79,7,4,0.0,0.0,0.0,0.0,0.20313307642936707,False,False,0.0,0.0,0.0,[],10.0,10.0,1,10.0,0,0.009601166999999577
aco_current,7,7520,79,8,1,43.0,200.0,243.0,1.215,1.0,True,True,30.0,200.0,13.0,[1],10.0,10.0,1,10.0,0,0.009411374999999111
aco_current,7,7520,79,8,2,0.0,0.0,0.0,0.0,0.09907747060060501,False,False,0.0,0.0,0.0,[],10.0,10.0,1,10.0,0,0.009411374999999111
aco_current,7,7520,79,8,3,0.0,0.0,0.0,0.0,0.43936213850975037,False,False,0.0,0.0,0.0,[],10.0,10.0,1,10.0,0,0.009411374999999111
aco_current,7,7520,79,8,4,0.0,0.0,0.0,0.0,0.20313307642936707,False,False,0.0,0.0,0.0,[],10.0,10.0,1,10.0,0,0.009411374999999111
aco_current,7,7521,79,8,1,42.0,200.0,242.0,1.21,1.0,True,True,30.0,200.0,12.0,[1],10.0,10.0,1,10.0,0,0.009506458000004159
aco_current,7,7521,79,8,2,0.0,0.0,0.0,0.0,0.09907747060060501,False,False,0.0,0.0,0.0,[],10.0,10.0,1,10.0,0,0.009506458000004159
aco_current,7,7521,79,8,3,0.0,0.0,0.0,0.0,0.43936213850975037,False,False,0.0,0.0,0.0,[],10.0,10.0,1,10.0,0,0.009506458000004159
aco_current,7,7521,79,8,4,0.0,0.0,0.0,0.0,0.20313307642936707,False,False,0.0,0.0,0.0,[],10.0,10.0,1,10.0,0,0.009506458000004159
aco_current,7,7522,79,8,1,43.0,200.0,243.0,1.215,1.0,True,True,30.0,200.0,13.0,[1],10.0,10.0,1,10.0,0,0.009575667000007115
aco_current,7,7522,79,8,2,0.0,0.0,0.0,0.0,0.09907747060060501,False,False,0.0,0.0,0.0,[],10.0,10.0,1,10.0,0,0.009575667000007115
aco_current,7,7522,79,8,3,0.0,0.0,0.0,0.0,0.43936213850975037,False,False,0.0,0.0,0.0,[],10.0,10.0,1,10.0,0,0.009575667000007115
aco_current,7,7522,79,8,4,0.0,0.0,0.0,0.0,0.20313307642936707,False,False,0.0,0.0,0.0,[],10.0,10.0,1,10.0,0,0.009575667000007115
aco_current,7,7523,79,8,1,32.0,200.0,232.0,1.16,1.0,True,True,30.0,200.0,2.0,[1],10.0,10.0,1,10.0,0,0.009656667000001562
aco_current,7,7523,79,8,2,0.0,0.0,0.0,0.0,0.09907747060060501,False,False,0.0,0.0,0.0,[],10.0,10.0,1,10.0,0,0.009656667000001562
aco_current,7,7523,79,8,3,0.0,0.0,0.0,0.0,0.43936213850975037,False,False,0.0,0.0,0.0,[],10.0,10.0,1,10.0,0,0.009656667000001562
aco_current,7,7523,79,8,4,0.0,0.0,0.0,0.0,0.20313307642936707,False,False,0.0,0.0,0.0,[],10.0,10.0,1,10.0,0,0.009656667000001562
aco_current,7,7524,79,9,1,32.0,200.0,232.0,1.16,1.0,True,True,30.0,200.0,2.0,[1],10.0,10.0,1,10.0,0,0.009461166999997772
aco_current,7,7524,79,9,2,0.0,0.0,0.0,0.0,0.09907747060060501,False,False,0.0,0.0,0.0,[],10.0,10.0,1,10.0,0,0.009461166999997772
aco_current,7,7524,79,9,3,0.0,0.0,0.0,0.0,0.43936213850975037,False,False,0.0,0.0,0.0,[],10.0,10.0,1,10.0,0,0.009461166999997772
aco_current,7,7524,79,9,4,0.0,0.0,0.0,0.0,0.20313307642936707,False,False,0.0,0.0,0.0,[],10.0,10.0,1,10.0,0,0.009461166999997772
aco_current,7,7525,79,9,1,31.0,200.0,231.0,1.155,1.0,True,True,30.0,200.0,1.0,[1],10.0,10.0,1,10.0,0,0.009458125000008977
aco_current,7,7525,79,9,2,0.0,0.0,0.0,0.0,0.09907747060060501,False,False,0.0,0.0,0.0,[],10.0,10.0,1,10.0,0,0.009458125000008977
aco_current,7,7525,79,9,3,0.0,0.0,0.0,0.0,0.43936213850975037,False,False,0.0,0.0,0.0,[],10.0,10.0,1,10.0,0,0.009458125000008977
aco_current,7,7525,79,9,4,0.0,0.0,0.0,0.0,0.20313307642936707,False,False,0.0,0.0,0.0,[],10.0,10.0,1,10.0,0,0.009458125000008977
aco_current,7,7526,79,9,1,31.0,200.0,231.0,1.155,1.0,True,True,30.0,200.0,1.0,[1],10.0,10.0,1,10.0,0,0.009580583000001752
aco_current,7,7526,79,9,2,0.0,0.0,0.0,0.0,0.09907747060060501,False,False,0.0,0.0,0.0,[],10.0,10.0,1,10.0,0,0.009580583000001752
aco_current,7,7526,79,9,3,0.0,0.0,0.0,0.0,0.43936213850975037,False,False,0.0,0.0,0.0,[],10.0,10.0,1,10.0,0,0.009580583000001752
aco_current,7,7526,79,9,4,0.0,0.0,0.0,0.0,0.20313307642936707,False,False,0.0,0.0,0.0,[],10.0,10.0,1,10.0,0,0.009580583000001752
aco_current,7,7527,79,9,1,31.0,200.0,231.0,1.155,1.0,True,True,30.0,200.0,1.0,[1],10.0,10.0,1,10.0,0,0.00954745800000012
aco_current,7,7527,79,9,2,0.0,0.0,0.0,0.0,0.09907747060060501,False,False,0.0,0.0,0.0,[],10.0,10.0,1,10.0,0,0.00954745800000012
aco_current,7,7527,79,9,3,0.0,0.0,0.0,0.0,0.43936213850975037,False,False,0.0,0.0,0.0,[],10.0,10.0,1,10.0,0,0.00954745800000012
aco_current,7,7527,79,9,4,0.0,0.0,0.0,0.0,0.20313307642936707,False,False,0.0,0.0,0.0,[],10.0,10.0,1,10.0,0,0.00954745800000012
aco_current,7,7528,79,10,1,30.0,200.0,230.0,1.15,1.0,True,True,30.0,200.0,0.0,[1],10.0,10.0,1,10.0,0,0.009641708000003746
aco_current,7,7528,79,10,2,0.0,0.0,0.0,0.0,0.09907747060060501,False,False,0.0,0.0,0.0,[],10.0,10.0,1,10.0,0,0.009641708000003746
aco_current,7,7528,79,10,3,0.0,0.0,0.0,0.0,0.43936213850975037,False,False,0.0,0.0,0.0,[],10.0,10.0,1,10.0,0,0.009641708000003746
aco_current,7,7528,79,10,4,0.0,0.0,0.0,0.0,0.20313307642936707,False,False,0.0,0.0,0.0,[],10.0,10.0,1,10.0,0,0.009641708000003746
aco_current,7,7529,79,10,1,30.0,200.0,230.0,1.15,1.0,True,True,30.0,200.0,0.0,[1],10.0,10.0,1,10.0,0,0.009377833000002056
aco_current,7,7529,79,10,2,0.0,0.0,0.0,0.0,0.09907747060060501,False,False,0.0,0.0,0.0,[],10.0,10.0,1,10.0,0,0.009377833000002056
aco_current,7,7529,79,10,3,0.0,0.0,0.0,0.0,0.43936213850975037,False,False,0.0,0.0,0.0,[],10.0,10.0,1,10.0,0,0.009377833000002056
aco_current,7,7529,79,10,4,0.0,0.0,0.0,0.0,0.20313307642936707,False,False,0.0,0.0,0.0,[],10.0,10.0,1,10.0,0,0.009377833000002056
aco_current,7,7530,79,10,1,20.0,200.0,220.0,1.1,1.0,True,True,30.0,190.0,0.0,[1],10.0,10.0,1,10.0,0,0.009652208000005658
aco_current,7,7530,79,10,2,0.0,0.0,0.0,0.0,0.09907747060060501,False,False,0.0,0.0,0.0,[],10.0,10.0,1,10.0,0,0.009652208000005658
aco_current,7,7530,79,10,3,0.0,0.0,0.0,0.0,0.43936213850975037,False,False,0.0,0.0,0.0,[],10.0,10.0,1,10.0,0,0.009652208000005658
aco_current,7,7530,79,10,4,0.0,0.0,0.0,0.0,0.20313307642936707,False,False,0.0,0.0,0.0,[],10.0,10.0,1,10.0,0,0.009652208000005658
aco_current,7,7531,79,10,1,12.0,190.0,202.0,1.01,1.0,True,True,30.0,172.0,0.0,[1],10.0,10.0,1,10.0,0,0.009567666999998892
aco_current,7,7531,79,10,2,0.0,0.0,0.0,0.0,0.09907747060060501,False,False,0.0,0.0,0.0,[],10.0,10.0,1,10.0,0,0.009567666999998892
aco_current,7,7531,79,10,3,0.0,0.0,0.0,0.0,0.43936213850975037,False,False,0.0,0.0,0.0,[],10.0,10.0,1,10.0,0,0.009567666999998892
aco_current,7,7531,79,10,4,0.0,0.0,0.0,0.0,0.20313307642936707,False,False,0.0,0.0,0.0,[],10.0,10.0,1,10.0,0,0.009567666999998892
aco_current,7,7532,79,11,1,8.0,172.0,180.0,0.9,0.9999802112579346,True,True,30.0,150.0,0.0,[1],10.0,10.0,1,10.0,0,0.009654582999999661
aco_current,7,7532,79,11,2,0.0,0.0,0.0,0.0,0.09907747060060501,False,False,0.0,0.0,0.0,[],10.0,10.0,1,10.0,0,0.009654582999999661
aco_current,7,7532,79,11,3,0.0,0.0,0.0,0.0,0.43936213850975037,False,False,0.0,0.0,0.0,[],10.0,10.0,1,10.0,0,0.009654582999999661
aco_current,7,7532,79,11,4,0.0,0.0,0.0,0.0,0.20313307642936707,False,False,0.0,0.0,0.0,[],10.0,10.0,1,10.0,0,0.009654582999999661
aco_current,7,7533,79,11,1,8.0,150.0,158.0,0.79,0.992289662361145,False,False,0.0,158.0,0.0,[],0.0,0.0,0,0.0,0,3.5420000017438724e-06
aco_current,7,7533,79,11,2,0.0,0.0,0.0,0.0,0.09907747060060501,False,False,0.0,0.0,0.0,[],0.0,0.0,0,0.0,0,3.5420000017438724e-06
aco_current,7,7533,79,11,3,0.0,0.0,0.0,0.0,0.43936213850975037,False,False,0.0,0.0,0.0,[],0.0,0.0,0,0.0,0,3.5420000017438724e-06
aco_current,7,7533,79,11,4,0.0,0.0,0.0,0.0,0.20313307642936707,False,False,0.0,0.0,0.0,[],0.0,0.0,0,0.0,0,3.5420000017438724e-06
aco_current,7,7534,79,11,1,8.0,158.0,166.0,0.83,0.9991548657417297,True,True,30.0,136.0,0.0,[1],10.0,10.0,1,10.0,0,0.009625790999990613
aco_current,7,7534,79,11,2,0.0,0.0,0.0,0.0,0.09907747060060501,False,False,0.0,0.0,0.0,[],10.0,10.0,1,10.0,0,0.009625790999990613
aco_current,7,7534,79,11,3,0.0,0.0,0.0,0.0,0.43936213850975037,False,False,0.0,0.0,0.0,[],10.0,10.0,1,10.0,0,0.009625790999990613
aco_current,7,7534,79,11,4,0.0,0.0,0.0,0.0,0.20313307642936707,False,False,0.0,0.0,0.0,[],10.0,10.0,1,10.0,0,0.009625790999990613
aco_current,7,7535,79,11,1,8.0,136.0,144.0,0.72,0.9589164853096008,False,False,0.0,144.0,0.0,[],0.0,0.0,0,0.0,0,2.582999997002844e-06
aco_current,7,7535,79,11,2,0.0,0.0,0.0,0.0,0.09907747060060501,False,False,0.0,0.0,0.0,[],0.0,0.0,0,0.0,0,2.582999997002844e-06
aco_current,7,7535,79,11,3,0.0,0.0,0.0,0.0,0.43936213850975037,False,False,0.0,0.0,0.0,[],0.0,0.0,0,0.0,0,2.582999997002844e-06
aco_current,7,7535,79,11,4,0.0,0.0,0.0,0.0,0.20313307642936707,False,False,0.0,0.0,0.0,[],0.0,0.0,0,0.0,0,2.582999997002844e-06
aco_current,7,7536,79,12,1,8.0,144.0,152.0,0.76,0.9833152294158936,False,False,0.0,152.0,0.0,[],0.0,0.0,0,0.0,0,3.6250000050586095e-06
aco_current,7,7536,79,12,2,0.0,0.0,0.0,0.0,0.09907747060060501,False,False,0.0,0.0,0.0,[],0.0,0.0,0,0.0,0,3.6250000050586095e-06
aco_current,7,7536,79,12,3,0.0,0.0,0.0,0.0,0.43936213850975037,False,False,0.0,0.0,0.0,[],0.0,0.0,0,0.0,0,3.6250000050586095e-06
aco_current,7,7536,79,12,4,0.0,0.0,0.0,0.0,0.20313307642936707,False,False,0.0,0.0,0.0,[],0.0,0.0,0,0.0,0,3.6250000050586095e-06
aco_current,7,7537,79,12,1,8.0,152.0,160.0,0.8,0.99635910987854,True,True,30.0,130.0,0.0,[1],10.0,10.0,1,10.0,0,0.009605665999998791
aco_current,7,7537,79,12,2,0.0,0.0,0.0,0.0,0.09907747060060501,False,False,0.0,0.0,0.0,[],10.0,10.0,1,10.0,0,0.009605665999998791
aco_current,7,7537,79,12,3,0.0,0.0,0.0,0.0,0.43936213850975037,False,False,0.0,0.0,0.0,[],10.0,10.0,1,10.0,0,0.009605665999998791
aco_current,7,7537,79,12,4,0.0,0.0,0.0,0.0,0.20313307642936707,False,False,0.0,0.0,0.0,[],10.0,10.0,1,10.0,0,0.009605665999998791
aco_current,7,7538,79,12,1,8.0,130.0,138.0,0.69,0.9181945323944092,False,False,0.0,138.0,0.0,[],0.0,0.0,0,0.0,0,2.582999997002844e-06
aco_current,7,7538,79,12,2,0.0,0.0,0.0,0.0,0.09907747060060501,False,False,0.0,0.0,0.0,[],0.0,0.0,0,0.0,0,2.582999997002844e-06
aco_current,7,7538,79,12,3,0.0,0.0,0.0,0.0,0.43936213850975037,False,False,0.0,0.0,0.0,[],0.0,0.0,0,0.0,0,2.582999997002844e-06
aco_current,7,7538,79,12,4,0.0,0.0,0.0,0.0,0.20313307642936707,False,False,0.0,0.0,0.0,[],0.0,0.0,0,0.0,0,2.582999997002844e-06
aco_current,7,7539,79,12,1,8.0,138.0,146.0,0.73,0.9660224914550781,False,False,0.0,146.0,0.0,[],0.0,0.0,0,0.0,0,2.166999991004559e-06
aco_current,7,7539,79,12,2,0.0,0.0,0.0,0.0,0.09907747060060501,False,False,0.0,0.0,0.0,[],0.0,0.0,0,0.0,0,2.166999991004559e-06
aco_current,7,7539,79,12,3,0.0,0.0,0.0,0.0,0.43936213850975037,False,False,0.0,0.0,0.0,[],0.0,0.0,0,0.0,0,2.166999991004559e-06
aco_current,7,7539,79,12,4,0.0,0.0,0.0,0.0,0.20313307642936707,False,False,0.0,0.0,0.0,[],0.0,0.0,0,0.0,0,2.166999991004559e-06
aco_current,7,7540,79,13,1,8.0,146.0,154.0,0.77,0.9868676662445068,False,False,0.0,154.0,0.0,[],0.0,0.0,0,0.0,0,2.5420000042686297e-06
aco_current,7,7540,79,13,2,0.0,0.0,0.0,0.0,0.09907747060060501,False,False,0.0,0.0,0.0,[],0.0,0.0,0,0.0,0,2.5420000042686297e-06
aco_current,7,7540,79,13,3,0.0,0.0,0.0,0.0,0.43936213850975037,False,False,0.0,0.0,0.0,[],0.0,0.0,0,0.0,0,2.5420000042686297e-06
aco_current,7,7540,79,13,4,0.0,0.0,0.0,0.0,0.20313307642936707,False,False,0.0,0.0,0.0,[],0.0,0.0,0,0.0,0,2.5420000042686297e-06
aco_current,7,7541,79,13,1,8.0,154.0,162.0,0.81,0.997800886631012,True,True,30.0,132.0,0.0,[1],10.0,10.0,1,10.0,0,0.009596874999999727
aco_current,7,7541,79,13,2,0.0,0.0,0.0,0.0,0.09907747060060501,False,False,0.0,0.0,0.0,[],10.0,10.0,1,10.0,0,0.009596874999999727
aco_current,7,7541,79,13,3,0.0,0.0,0.0,0.0,0.43936213850975037,False,False,0.0,0.0,0.0,[],10.0,10.0,1,10.0,0,0.009596874999999727
aco_current,7,7541,79,13,4,0.0,0.0,0.0,0.0,0.20313307642936707,False,False,0.0,0.0,0.0,[],10.0,10.0,1,10.0,0,0.009596874999999727
aco_current,7,7542,79,13,1,8.0,132.0,140.0,0.7,0.935300350189209,False,False,0.0,140.0,0.0,[],0.0,0.0,0,0.0,0,2.5410000006331757e-06
aco_current,7,7542,79,13,2,0.0,0.0,0.0,0.0,0.09907747060060501,False,False,0.0,0.0,0.0,[],0.0,0.0,0,0.0,0,2.5410000006331757e-06
aco_current,7,7542,79,13,3,0.0,0.0,0.0,0.0,0.43936213850975037,False,False,0.0,0.0,0.0,[],0.0,0.0,0,0.0,0,2.5410000006331757e-06
aco_current,7,7542,79,13,4,0.0,0.0,0.0,0.0,0.20313307642936707,False,False,0.0,0.0,0.0,[],0.0,0.0,0,0.0,0,2.5410000006331757e-06
aco_current,7,7543,79,13,1,8.0,140.0,148.0,0.74,0.9731529355049133,False,False,0.0,148.0,0.0,[],0.0,0.0,0,0.0,0,2.7499999930569174e-06
aco_current,7,7543,79,13,2,0.0,0.0,0.0,0.0,0.09907747060060501,False,False,0.0,0.0,0.0,[],0.0,0.0,0,0.0,0,2.7499999930569174e-06
aco_current,7,7543,79,13,3,0.0,0.0,0.0,0.0,0.43936213850975037,False,False,0.0,0.0,0.0,[],0.0,0.0,0,0.0,0,2.7499999930569174e-06
aco_current,7,7543,79,13,4,0.0,0.0,0.0,0.0,0.20313307642936707,False,False,0.0,0.0,0.0,[],0.0,0.0,0,0.0,0,2.7499999930569174e-06
aco_current,7,7544,79,14,1,9.0,148.0,157.0,0.785,0.9946613311767578,False,False,0.0,157.0,0.0,[],0.0,0.0,0,0.0,0,2.0829999982652225e-06
aco_current,7,7544,79,14,2,0.0,0.0,0.0,0.0,0.09907747060060501,False,False,0.0,0.0,0.0,[],0.0,0.0,0,0.0,0,2.0829999982652225e-06
aco_current,7,7544,79,14,3,0.0,0.0,0.0,0.0,0.43936213850975037,False,False,0.0,0.0,0.0,[],0.0,0.0,0,0.0,0,2.0829999982652225e-06
aco_current,7,7544,79,14,4,0.0,0.0,0.0,0.0,0.20313307642936707,False,False,0.0,0.0,0.0,[],0.0,0.0,0,0.0,0,2.0829999982652225e-06
aco_current,7,7545,79,14,1,8.0,157.0,165.0,0.825,0.9989327788352966,True,True,30.0,135.0,0.0,[1],10.0,10.0,1,10.0,0,0.009397042000003353
aco_current,7,7545,79,14,2,0.0,0.0,0.0,0.0,0.09907747060060501,False,False,0.0,0.0,0.0,[],10.0,10.0,1,10.0,0,0.009397042000003353
aco_current,7,7545,79,14,3,0.0,0.0,0.0,0.0,0.43936213850975037,False,False,0.0,0.0,0.0,[],10.0,10.0,1,10.0,0,0.009397042000003353
aco_current,7,7545,79,14,4,0.0,0.0,0.0,0.0,0.20313307642936707,False,False,0.0,0.0,0.0,[],10.0,10.0,1,10.0,0,0.009397042000003353
aco_current,7,7546,79,14,1,8.0,135.0,143.0,0.715,0.9537420272827148,False,False,0.0,143.0,0.0,[],0.0,0.0,0,0.0,0,3.3330000093201306e-06
aco_current,7,7546,79,14,2,0.0,0.0,0.0,0.0,0.09907747060060501,False,False,0.0,0.0,0.0,[],0.0,0.0,0,0.0,0,3.3330000093201306e-06
aco_current,7,7546,79,14,3,0.0,0.0,0.0,0.0,0.43936213850975037,False,False,0.0,0.0,0.0,[],0.0,0.0,0,0.0,0,3.3330000093201306e-06
aco_current,7,7546,79,14,4,0.0,0.0,0.0,0.0,0.20313307642936707,False,False,0.0,0.0,0.0,[],0.0,0.0,0,0.0,0,3.3330000093201306e-06
aco_current,7,7547,79,14,1,8.0,143.0,151.0,0.755,0.9808357357978821,False,False,0.0,151.0,0.0,[],0.0,0.0,0,0.0,0,1.9999999949504854e-06
aco_current,7,7547,79,14,2,0.0,0.0,0.0,0.0,0.09907747060060501,False,False,0.0,0.0,0.0,[],0.0,0.0,0,0.0,0,1.9999999949504854e-06
aco_current,7,7547,79,14,3,0.0,0.0,0.0,0.0,0.43936213850975037,False,False,0.0,0.0,0.0,[],0.0,0.0,0,0.0,0,1.9999999949504854e-06
aco_current,7,7547,79,14,4,0.0,0.0,0.0,0.0,0.20313307642936707,False,False,0.0,0.0,0.0,[],0.0,0.0,0,0.0,0,1.9999999949504854e-06
aco_current,7,7548,79,15,1,0.0,151.0,151.0,0.755,0.19165685772895813,False,False,0.0,151.0,0.0,[],0.0,0.0,0,0.0,0,1.957999998580817e-06
aco_current,7,7548,79,15,2,0.0,0.0,0.0,0.0,0.09907747060060501,False,False,0.0,0.0,0.0,[],0.0,0.0,0,0.0,0,1.957999998580817e-06
aco_current,7,7548,79,15,3,0.0,0.0,0.0,0.0,0.43936213850975037,False,False,0.0,0.0,0.0,[],0.0,0.0,0,0.0,0,1.957999998580817e-06
aco_current,7,7548,79,15,4,0.0,0.0,0.0,0.0,0.20313307642936707,False,False,0.0,0.0,0.0,[],0.0,0.0,0,0.0,0,1.957999998580817e-06
aco_current,7,7549,79,15,1,0.0,151.0,151.0,0.755,0.21817216277122498,False,False,0.0,151.0,0.0,[],0.0,0.0,0,0.0,0,2.5410000006331757e-06
aco_current,7,7549,79,15,2,0.0,0.0,0.0,0.0,0.09907747060060501,False,False,0.0,0.0,0.0,[],0.0,0.0,0,0.0,0,2.5410000006331757e-06
aco_current,7,7549,79,15,3,0.0,0.0,0.0,0.0,0.43936213850975037,False,False,0.0,0.0,0.0,[],0.0,0.0,0,0.0,0,2.5410000006331757e-06
aco_current,7,7549,79,15,4,0.0,0.0,0.0,0.0,0.20313307642936707,False,False,0.0,0.0,0.0,[],0.0,0.0,0,0.0,0,2.5410000006331757e-06
aco_current,7,7550,79,15,1,0.0,151.0,151.0,0.755,0.2408572882413864,False,False,0.0,151.0,0.0,[],0.0,0.0,0,0.0,0,1.8329999988964119e-06
aco_current,7,7550,79,15,2,0.0,0.0,0.0,0.0,0.09907747060060501,False,False,0.0,0.0,0.0,[],0.0,0.0,0,0.0,0,1.8329999988964119e-06
aco_current,7,7550,79,15,3,0.0,0.0,0.0,0.0,0.43936213850975037,False,False,0.0,0.0,0.0,[],0.0,0.0,0,0.0,0,1.8329999988964119e-06
aco_current,7,7550,79,15,4,0.0,0.0,0.0,0.0,0.20313307642936707,False,False,0.0,0.0,0.0,[],0.0,0.0,0,0.0,0,1.8329999988964119e-06
aco_current,7,7551,79,15,1,0.0,151.0,151.0,0.755,0.2732677459716797,False,False,0.0,151.0,0.0,[],0.0,0.0,0,0.0,0,2.4999999936881068e-06
aco_current,7,7551,79,15,2,0.0,0.0,0.0,0.0,0.09907747060060501,False,False,0.0,0.0,0.0,[],0.0,0.0,0,0.0,0,2.4999999936881068e-06
aco_current,7,7551,79,15,3,0.0,0.0,0.0,0.0,0.43936213850975037,False,False,0.0,0.0,0.0,[],0.0,0.0,0,0.0,0,2.4999999936881068e-06
aco_current,7,7551,79,15,4,0.0,0.0,0.0,0.0,0.20313307642936707,False,False,0.0,0.0,0.0,[],0.0,0.0,0,0.0,0,2.4999999936881068e-06
aco_current,7,7552,79,16,1,0.0,151.0,151.0,0.755,0.2732677459716797,False,False,0.0,151.0,0.0,[],0.0,0.0,0,0.0,0,1.9999999949504854e-06
aco_current,7,7552,79,16,2,0.0,0.0,0.0,0.0,0.09907747060060501,False,False,0.0,0.0,0.0,[],0.0,0.0,0,0.0,0,1.9999999949504854e-06
aco_current,7,7552,79,16,3,0.0,0.0,0.0,0.0,0.43936213850975037,False,False,0.0,0.0,0.0,[],0.0,0.0,0,0.0,0,1.9999999949504854e-06
aco_current,7,7552,79,16,4,0.0,0.0,0.0,0.0,0.20313307642936707,False,False,0.0,0.0,0.0,[],0.0,0.0,0,0.0,0,1.9999999949504854e-06
aco_current,7,7553,79,16,1,0.0,151.0,151.0,0.755,0.2732677459716797,False,False,0.0,151.0,0.0,[],0.0,0.0,0,0.0,0,2.0829999982652225e-06
aco_current,7,7553,79,16,2,0.0,0.0,0.0,0.0,0.09907747060060501,False,False,0.0,0.0,0.0,[],0.0,0.0,0,0.0,0,2.0829999982652225e-06
aco_current,7,7553,79,16,3,0.0,0.0,0.0,0.0,0.43936213850975037,False,False,0.0,0.0,0.0,[],0.0,0.0,0,0.0,0,2.0829999982652225e-06
aco_current,7,7553,79,16,4,0.0,0.0,0.0,0.0,0.20313307642936707,False,False,0.0,0.0,0.0,[],0.0,0.0,0,0.0,0,2.0829999982652225e-06
aco_current,7,7554,79,16,1,0.0,151.0,151.0,0.755,0.2732677459716797,False,False,0.0,151.0,0.0,[],0.0,0.0,0,0.0,0,2.999999992425728e-06
aco_current,7,7554,79,16,2,0.0,0.0,0.0,0.0,0.09907747060060501,False,False,0.0,0.0,0.0,[],0.0,0.0,0,0.0,0,2.999999992425728e-06
aco_current,7,7554,79,16,3,0.0,0.0,0.0,0.0,0.43936213850975037,False,False,0.0,0.0,0.0,[],0.0,0.0,0,0.0,0,2.999999992425728e-06
aco_current,7,7554,79,16,4,0.0,0.0,0.0,0.0,0.20313307642936707,False,False,0.0,0.0,0.0,[],0.0,0.0,0,0.0,0,2.999999992425728e-06
aco_current,7,7555,79,16,1,0.0,151.0,151.0,0.755,0.2732677459716797,False,False,0.0,151.0,0.0,[],0.0,0.0,0,0.0,0,2.0410000018955543e-06
aco_current,7,7555,79,16,2,0.0,0.0,0.0,0.0,0.09907747060060501,False,False,0.0,0.0,0.0,[],0.0,0.0,0,0.0,0,2.0410000018955543e-06
aco_current,7,7555,79,16,3,0.0,0.0,0.0,0.0,0.43936213850975037,False,False,0.0,0.0,0.0,[],0.0,0.0,0,0.0,0,2.0410000018955543e-06
aco_current,7,7555,79,16,4,0.0,0.0,0.0,0.0,0.20313307642936707,False,False,0.0,0.0,0.0,[],0.0,0.0,0,0.0,0,2.0410000018955543e-06
aco_current,7,7556,79,17,1,0.0,151.0,151.0,0.755,0.2732677459716797,False,False,0.0,151.0,0.0,[],0.0,0.0,0,0.0,0,2.5410000006331757e-06
aco_current,7,7556,79,17,2,0.0,0.0,0.0,0.0,0.09907747060060501,False,False,0.0,0.0,0.0,[],0.0,0.0,0,0.0,0,2.5410000006331757e-06
aco_current,7,7556,79,17,3,0.0,0.0,0.0,0.0,0.43936213850975037,False,False,0.0,0.0,0.0,[],0.0,0.0,0,0.0,0,2.5410000006331757e-06
aco_current,7,7556,79,17,4,0.0,0.0,0.0,0.0,0.20313307642936707,False,False,0.0,0.0,0.0,[],0.0,0.0,0,0.0,0,2.5410000006331757e-06
aco_current,7,7557,79,17,1,0.0,151.0,151.0,0.755,0.2732677459716797,False,False,0.0,151.0,0.0,[],0.0,0.0,0,0.0,0,1.9590000022162712e-06
aco_current,7,7557,79,17,2,0.0,0.0,0.0,0.0,0.09907747060060501,False,False,0.0,0.0,0.0,[],0.0,0.0,0,0.0,0,1.9590000022162712e-06
aco_current,7,7557,79,17,3,0.0,0.0,0.0,0.0,0.43936213850975037,False,False,0.0,0.0,0.0,[],0.0,0.0,0,0.0,0,1.9590000022162712e-06
aco_current,7,7557,79,17,4,0.0,0.0,0.0,0.0,0.20313307642936707,False,False,0.0,0.0,0.0,[],0.0,0.0,0,0.0,0,1.9590000022162712e-06
aco_current,7,7558,79,17,1,0.0,151.0,151.0,0.755,0.2732677459716797,False,False,0.0,151.0,0.0,[],0.0,0.0,0,0.0,0,1.957999998580817e-06
aco_current,7,7558,79,17,2,0.0,0.0,0.0,0.0,0.09907747060060501,False,False,0.0,0.0,0.0,[],0.0,0.0,0,0.0,0,1.957999998580817e-06
aco_current,7,7558,79,17,3,0.0,0.0,0.0,0.0,0.43936213850975037,False,False,0.0,0.0,0.0,[],0.0,0.0,0,0.0,0,1.957999998580817e-06
aco_current,7,7558,79,17,4,0.0,0.0,0.0,0.0,0.20313307642936707,False,False,0.0,0.0,0.0,[],0.0,0.0,0,0.0,0,1.957999998580817e-06
aco_current,7,7559,79,17,1,0.0,151.0,151.0,0.755,0.2732677459716797,False,False,0.0,151.0,0.0,[],0.0,0.0,0,0.0,0,2.249999994319296e-06
aco_current,7,7559,79,17,2,0.0,0.0,0.0,0.0,0.09907747060060501,False,False,0.0,0.0,0.0,[],0.0,0.0,0,0.0,0,2.249999994319296e-06
aco_current,7,7559,79,17,3,0.0,0.0,0.0,0.0,0.43936213850975037,False,False,0.0,0.0,0.0,[],0.0,0.0,0,0.0,0,2.249999994319296e-06
aco_current,7,7559,79,17,4,0.0,0.0,0.0,0.0,0.20313307642936707,False,False,0.0,0.0,0.0,[],0.0,0.0,0,0.0,0,2.249999994319296e-06
aco_current,7,7560,79,18,1,0.0,151.0,151.0,0.755,0.2732677459716797,False,False,0.0,151.0,0.0,[],0.0,0.0,0,0.0,0,1.957999998580817e-06
aco_current,7,7560,79,18,2,0.0,0.0,0.0,0.0,0.09907747060060501,False,False,0.0,0.0,0.0,[],0.0,0.0,0,0.0,0,1.957999998580817e-06
aco_current,7,7560,79,18,3,0.0,0.0,0.0,0.0,0.43936213850975037,False,False,0.0,0.0,0.0,[],0.0,0.0,0,0.0,0,1.957999998580817e-06
aco_current,7,7560,79,18,4,0.0,0.0,0.0,0.0,0.20313307642936707,False,False,0.0,0.0,0.0,[],0.0,0.0,0,0.0,0,1.957999998580817e-06
aco_current,7,7561,79,18,1,0.0,151.0,151.0,0.755,0.2732677459716797,False,False,0.0,151.0,0.0,[],0.0,0.0,0,0.0,0,8.084000000962988e-06
aco_current,7,7561,79,18,2,0.0,0.0,0.0,0.0,0.09907747060060501,False,False,0.0,0.0,0.0,[],0.0,0.0,0,0.0,0,8.084000000962988e-06
aco_current,7,7561,79,18,3,0.0,0.0,0.0,0.0,0.43936213850975037,False,False,0.0,0.0,0.0,[],0.0,0.0,0,0.0,0,8.084000000962988e-06
aco_current,7,7561,79,18,4,0.0,0.0,0.0,0.0,0.20313307642936707,False,False,0.0,0.0,0.0,[],0.0,0.0,0,0.0,0,8.084000000962988e-06
aco_current,7,7562,79,18,1,0.0,151.0,151.0,0.755,0.2732677459716797,False,False,0.0,151.0,0.0,[],0.0,0.0,0,0.0,0,2.207999997949628e-06
aco_current,7,7562,79,18,2,0.0,0.0,0.0,0.0,0.09907747060060501,False,False,0.0,0.0,0.0,[],0.0,0.0,0,0.0,0,2.207999997949628e-06
aco_current,7,7562,79,18,3,0.0,0.0,0.0,0.0,0.43936213850975037,False,False,0.0,0.0,0.0,[],0.0,0.0,0,0.0,0,2.207999997949628e-06
aco_current,7,7562,79,18,4,0.0,0.0,0.0,0.0,0.20313307642936707,False,False,0.0,0.0,0.0,[],0.0,0.0,0,0.0,0,2.207999997949628e-06
aco_current,7,7563,79,18,1,0.0,151.0,151.0,0.755,0.2732677459716797,False,False,0.0,151.0,0.0,[],0.0,0.0,0,0.0,0,2.0840000019006766e-06
aco_current,7,7563,79,18,2,0.0,0.0,0.0,0.0,0.09907747060060501,False,False,0.0,0.0,0.0,[],0.0,0.0,0,0.0,0,2.0840000019006766e-06
aco_current,7,7563,79,18,3,0.0,0.0,0.0,0.0,0.43936213850975037,False,False,0.0,0.0,0.0,[],0.0,0.0,0,0.0,0,2.0840000019006766e-06
aco_current,7,7563,79,18,4,0.0,0.0,0.0,0.0,0.20313307642936707,False,False,0.0,0.0,0.0,[],0.0,0.0,0,0.0,0,2.0840000019006766e-06
aco_current,7,7564,79,19,1,0.0,151.0,151.0,0.755,0.2732677459716797,False,False,0.0,151.0,0.0,[],0.0,0.0,0,0.0,0,2.7920000036374404e-06
aco_current,7,7564,79,19,2,0.0,0.0,0.0,0.0,0.09907747060060501,False,False,0.0,0.0,0.0,[],0.0,0.0,0,0.0,0,2.7920000036374404e-06
aco_current,7,7564,79,19,3,0.0,0.0,0.0,0.0,0.43936213850975037,False,False,0.0,0.0,0.0,[],0.0,0.0,0,0.0,0,2.7920000036374404e-06
aco_current,7,7564,79,19,4,0.0,0.0,0.0,0.0,0.20313307642936707,False,False,0.0,0.0,0.0,[],0.0,0.0,0,0.0,0,2.7920000036374404e-06
aco_current,7,7565,79,19,1,0.0,151.0,151.0,0.755,0.2732677459716797,False,False,0.0,151.0,0.0,[],0.0,0.0,0,0.0,0,1.87499999526608e-06
aco_current,7,7565,79,19,2,0.0,0.0,0.0,0.0,0.09907747060060501,False,False,0.0,0.0,0.0,[],0.0,0.0,0,0.0,0,1.87499999526608e-06
aco_current,7,7565,79,19,3,0.0,0.0,0.0,0.0,0.43936213850975037,False,False,0.0,0.0,0.0,[],0.0,0.0,0,0.0,0,1.87499999526608e-06
aco_current,7,7565,79,19,4,0.0,0.0,0.0,0.0,0.20313307642936707,False,False,0.0,0.0,0.0,[],0.0,0.0,0,0.0,0,1.87499999526608e-06
aco_current,7,7566,79,19,1,0.0,151.0,151.0,0.755,0.2732677459716797,False,False,0.0,151.0,0.0,[],0.0,0.0,0,0.0,0,1.7499999955816747e-06
aco_current,7,7566,79,19,2,0.0,0.0,0.0,0.0,0.09907747060060501,False,False,0.0,0.0,0.0,[],0.0,0.0,0,0.0,0,1.7499999955816747e-06
aco_current,7,7566,79,19,3,0.0,0.0,0.0,0.0,0.43936213850975037,False,False,0.0,0.0,0.0,[],0.0,0.0,0,0.0,0,1.7499999955816747e-06
aco_current,7,7566,79,19,4,0.0,0.0,0.0,0.0,0.20313307642936707,False,False,0.0,0.0,0.0,[],0.0,0.0,0,0.0,0,1.7499999955816747e-06
aco_current,7,7567,79,19,1,0.0,151.0,151.0,0.755,0.2732677459716797,False,False,0.0,151.0,0.0,[],0.0,0.0,0,0.0,0,2.3340000012694873e-06
aco_current,7,7567,79,19,2,0.0,0.0,0.0,0.0,0.09907747060060501,False,False,0.0,0.0,0.0,[],0.0,0.0,0,0.0,0,2.3340000012694873e-06
aco_current,7,7567,79,19,3,0.0,0.0,0.0,0.0,0.43936213850975037,False,False,0.0,0.0,0.0,[],0.0,0.0,0,0.0,0,2.3340000012694873e-06
aco_current,7,7567,79,19,4,0.0,0.0,0.0,0.0,0.20313307642936707,False,False,0.0,0.0,0.0,[],0.0,0.0,0,0.0,0,2.3340000012694873e-06
aco_current,7,7568,79,20,1,0.0,151.0,151.0,0.755,0.2732677459716797,False,False,0.0,151.0,0.0,[],0.0,0.0,0,0.0,0,1.87499999526608e-06
aco_current,7,7568,79,20,2,0.0,0.0,0.0,0.0,0.09907747060060501,False,False,0.0,0.0,0.0,[],0.0,0.0,0,0.0,0,1.87499999526608e-06
aco_current,7,7568,79,20,3,0.0,0.0,0.0,0.0,0.43936213850975037,False,False,0.0,0.0,0.0,[],0.0,0.0,0,0.0,0,1.87499999526608e-06
aco_current,7,7568,79,20,4,0.0,0.0,0.0,0.0,0.20313307642936707,False,False,0.0,0.0,0.0,[],0.0,0.0,0,0.0,0,1.87499999526608e-06
aco_current,7,7569,79,20,1,0.0,151.0,151.0,0.755,0.2732677459716797,False,False,0.0,151.0,0.0,[],0.0,0.0,0,0.0,0,2.249999994319296e-06
aco_current,7,7569,79,20,2,0.0,0.0,0.0,0.0,0.09907747060060501,False,False,0.0,0.0,0.0,[],0.0,0.0,0,0.0,0,2.249999994319296e-06
aco_current,7,7569,79,20,3,0.0,0.0,0.0,0.0,0.43936213850975037,False,False,0.0,0.0,0.0,[],0.0,0.0,0,0.0,0,2.249999994319296e-06
aco_current,7,7569,79,20,4,0.0,0.0,0.0,0.0,0.20313307642936707,False,False,0.0,0.0,0.0,[],0.0,0.0,0,0.0,0,2.249999994319296e-06
aco_current,7,7570,79,20,1,0.0,151.0,151.0,0.755,0.2732677459716797,False,False,0.0,151.0,0.0,[],0.0,0.0,0,0.0,0,1.7499999955816747e-06
aco_current,7,7570,79,20,2,0.0,0.0,0.0,0.0,0.09907747060060501,False,False,0.0,0.0,0.0,[],0.0,0.0,0,0.0,0,1.7499999955816747e-06
aco_current,7,7570,79,20,3,0.0,0.0,0.0,0.0,0.43936213850975037,False,False,0.0,0.0,0.0,[],0.0,0.0,0,0.0,0,1.7499999955816747e-06
aco_current,7,7570,79,20,4,0.0,0.0,0.0,0.0,0.20313307642936707,False,False,0.0,0.0,0.0,[],0.0,0.0,0,0.0,0,1.7499999955816747e-06
aco_current,7,7571,79,20,1,0.0,151.0,151.0,0.755,0.2732677459716797,False,False,0.0,151.0,0.0,[],0.0,0.0,0,0.0,0,1.8329999988964119e-06
aco_current,7,7571,79,20,2,0.0,0.0,0.0,0.0,0.09907747060060501,False,False,0.0,0.0,0.0,[],0.0,0.0,0,0.0,0,1.8329999988964119e-06
aco_current,7,7571,79,20,3,0.0,0.0,0.0,0.0,0.43936213850975037,False,False,0.0,0.0,0.0,[],0.0,0.0,0,0.0,0,1.8329999988964119e-06
aco_current,7,7571,79,20,4,0.0,0.0,0.0,0.0,0.20313307642936707,False,False,0.0,0.0,0.0,[],0.0,0.0,0,0.0,0,1.8329999988964119e-06
aco_current,7,7572,79,21,1,0.0,151.0,151.0,0.755,0.2732677459716797,False,False,0.0,151.0,0.0,[],0.0,0.0,0,0.0,0,2.8330000105825093e-06
aco_current,7,7572,79,21,2,0.0,0.0,0.0,0.0,0.09907747060060501,False,False,0.0,0.0,0.0,[],0.0,0.0,0,0.0,0,2.8330000105825093e-06
aco_current,7,7572,79,21,3,0.0,0.0,0.0,0.0,0.43936213850975037,False,False,0.0,0.0,0.0,[],0.0,0.0,0,0.0,0,2.8330000105825093e-06
aco_current,7,7572,79,21,4,0.0,0.0,0.0,0.0,0.20313307642936707,False,False,0.0,0.0,0.0,[],0.0,0.0,0,0.0,0,2.8330000105825093e-06
aco_current,7,7573,79,21,1,0.0,151.0,151.0,0.755,0.2732677459716797,False,False,0.0,151.0,0.0,[],0.0,0.0,0,0.0,0,1.8329999988964119e-06
aco_current,7,7573,79,21,2,0.0,0.0,0.0,0.0,0.09907747060060501,False,False,0.0,0.0,0.0,[],0.0,0.0,0,0.0,0,1.8329999988964119e-06
aco_current,7,7573,79,21,3,0.0,0.0,0.0,0.0,0.43936213850975037,False,False,0.0,0.0,0.0,[],0.0,0.0,0,0.0,0,1.8329999988964119e-06
aco_current,7,7573,79,21,4,0.0,0.0,0.0,0.0,0.20313307642936707,False,False,0.0,0.0,0.0,[],0.0,0.0,0,0.0,0,1.8329999988964119e-06
aco_current,7,7574,79,21,1,0.0,151.0,151.0,0.755,0.2732677459716797,False,False,0.0,151.0,0.0,[],0.0,0.0,0,0.0,0,1.8329999988964119e-06
aco_current,7,7574,79,21,2,0.0,0.0,0.0,0.0,0.09907747060060501,False,False,0.0,0.0,0.0,[],0.0,0.0,0,0.0,0,1.8329999988964119e-06
aco_current,7,7574,79,21,3,0.0,0.0,0.0,0.0,0.43936213850975037,False,False,0.0,0.0,0.0,[],0.0,0.0,0,0.0,0,1.8329999988964119e-06
aco_current,7,7574,79,21,4,0.0,0.0,0.0,0.0,0.20313307642936707,False,False,0.0,0.0,0.0,[],0.0,0.0,0,0.0,0,1.8329999988964119e-06
aco_current,7,7575,79,21,1,0.0,151.0,151.0,0.755,0.2732677459716797,False,False,0.0,151.0,0.0,[],0.0,0.0,0,0.0,0,2.250000008530151e-06
aco_current,7,7575,79,21,2,0.0,0.0,0.0,0.0,0.09907747060060501,False,False,0.0,0.0,0.0,[],0.0,0.0,0,0.0,0,2.250000008530151e-06
aco_current,7,7575,79,21,3,0.0,0.0,0.0,0.0,0.43936213850975037,False,False,0.0,0.0,0.0,[],0.0,0.0,0,0.0,0,2.250000008530151e-06
aco_current,7,7575,79,21,4,0.0,0.0,0.0,0.0,0.20313307642936707,False,False,0.0,0.0,0.0,[],0.0,0.0,0,0.0,0,2.250000008530151e-06
aco_current,7,7576,79,22,1,0.0,151.0,151.0,0.755,0.2732677459716797,False,False,0.0,151.0,0.0,[],0.0,0.0,0,0.0,0,1.87499999526608e-06
aco_current,7,7576,79,22,2,0.0,0.0,0.0,0.0,0.09907747060060501,False,False,0.0,0.0,0.0,[],0.0,0.0,0,0.0,0,1.87499999526608e-06
aco_current,7,7576,79,22,3,0.0,0.0,0.0,0.0,0.43936213850975037,False,False,0.0,0.0,0.0,[],0.0,0.0,0,0.0,0,1.87499999526608e-06
aco_current,7,7576,79,22,4,0.0,0.0,0.0,0.0,0.20313307642936707,False,False,0.0,0.0,0.0,[],0.0,0.0,0,0.0,0,1.87499999526608e-06
aco_current,7,7577,79,22,1,0.0,151.0,151.0,0.755,0.2732677459716797,False,False,0.0,151.0,0.0,[],0.0,0.0,0,0.0,0,1.8339999883210112e-06
aco_current,7,7577,79,22,2,0.0,0.0,0.0,0.0,0.09907747060060501,False,False,0.0,0.0,0.0,[],0.0,0.0,0,0.0,0,1.8339999883210112e-06
aco_current,7,7577,79,22,3,0.0,0.0,0.0,0.0,0.43936213850975037,False,False,0.0,0.0,0.0,[],0.0,0.0,0,0.0,0,1.8339999883210112e-06
aco_current,7,7577,79,22,4,0.0,0.0,0.0,0.0,0.20313307642936707,False,False,0.0,0.0,0.0,[],0.0,0.0,0,0.0,0,1.8339999883210112e-06
aco_current,7,7578,79,22,1,0.0,151.0,151.0,0.755,0.2732677459716797,False,False,0.0,151.0,0.0,[],0.0,0.0,0,0.0,0,2.1249999946348908e-06
aco_current,7,7578,79,22,2,0.0,0.0,0.0,0.0,0.09907747060060501,False,False,0.0,0.0,0.0,[],0.0,0.0,0,0.0,0,2.1249999946348908e-06
aco_current,7,7578,79,22,3,0.0,0.0,0.0,0.0,0.43936213850975037,False,False,0.0,0.0,0.0,[],0.0,0.0,0,0.0,0,2.1249999946348908e-06
aco_current,7,7578,79,22,4,0.0,0.0,0.0,0.0,0.20313307642936707,False,False,0.0,0.0,0.0,[],0.0,0.0,0,0.0,0,2.1249999946348908e-06
aco_current,7,7579,79,22,1,0.0,151.0,151.0,0.755,0.2732677459716797,False,False,0.0,151.0,0.0,[],0.0,0.0,0,0.0,0,1.8329999988964119e-06
aco_current,7,7579,79,22,2,0.0,0.0,0.0,0.0,0.09907747060060501,False,False,0.0,0.0,0.0,[],0.0,0.0,0,0.0,0,1.8329999988964119e-06
aco_current,7,7579,79,22,3,0.0,0.0,0.0,0.0,0.43936213850975037,False,False,0.0,0.0,0.0,[],0.0,0.0,0,0.0,0,1.8329999988964119e-06
aco_current,7,7579,79,22,4,0.0,0.0,0.0,0.0,0.20313307642936707,False,False,0.0,0.0,0.0,[],0.0,0.0,0,0.0,0,1.8329999988964119e-06
aco_current,7,7580,79,23,1,0.0,151.0,151.0,0.755,0.2732677459716797,False,False,0.0,151.0,0.0,[],0.0,0.0,0,0.0,0,2.4579999973184385e-06
aco_current,7,7580,79,23,2,0.0,0.0,0.0,0.0,0.09907747060060501,False,False,0.0,0.0,0.0,[],0.0,0.0,0,0.0,0,2.4579999973184385e-06
aco_current,7,7580,79,23,3,0.0,0.0,0.0,0.0,0.43936213850975037,False,False,0.0,0.0,0.0,[],0.0,0.0,0,0.0,0,2.4579999973184385e-06
aco_current,7,7580,79,23,4,0.0,0.0,0.0,0.0,0.20313307642936707,False,False,0.0,0.0,0.0,[],0.0,0.0,0,0.0,0,2.4579999973184385e-06
aco_current,7,7581,79,23,1,0.0,151.0,151.0,0.755,0.2732677459716797,False,False,0.0,151.0,0.0,[],0.0,0.0,0,0.0,0,1.7090000028474606e-06
aco_current,7,7581,79,23,2,0.0,0.0,0.0,0.0,0.09907747060060501,False,False,0.0,0.0,0.0,[],0.0,0.0,0,0.0,0,1.7090000028474606e-06
aco_current,7,7581,79,23,3,0.0,0.0,0.0,0.0,0.43936213850975037,False,False,0.0,0.0,0.0,[],0.0,0.0,0,0.0,0,1.7090000028474606e-06
aco_current,7,7581,79,23,4,0.0,0.0,0.0,0.0,0.20313307642936707,False,False,0.0,0.0,0.0,[],0.0,0.0,0,0.0,0,1.7090000028474606e-06
aco_current,7,7582,79,23,1,0.0,151.0,151.0,0.755,0.2732677459716797,False,False,0.0,151.0,0.0,[],0.0,0.0,0,0.0,0,1.7910000025267436e-06
aco_current,7,7582,79,23,2,0.0,0.0,0.0,0.0,0.09907747060060501,False,False,0.0,0.0,0.0,[],0.0,0.0,0,0.0,0,1.7910000025267436e-06
aco_current,7,7582,79,23,3,0.0,0.0,0.0,0.0,0.43936213850975037,False,False,0.0,0.0,0.0,[],0.0,0.0,0,0.0,0,1.7910000025267436e-06
aco_current,7,7582,79,23,4,0.0,0.0,0.0,0.0,0.20313307642936707,False,False,0.0,0.0,0.0,[],0.0,0.0,0,0.0,0,1.7910000025267436e-06
aco_current,7,7583,79,23,1,0.0,151.0,151.0,0.755,0.2732677459716797,False,False,0.0,151.0,0.0,[],0.0,0.0,0,0.0,0,2.4160000009487703e-06
aco_current,7,7583,79,23,2,0.0,0.0,0.0,0.0,0.09907747060060501,False,False,0.0,0.0,0.0,[],0.0,0.0,0,0.0,0,2.4160000009487703e-06
aco_current,7,7583,79,23,3,0.0,0.0,0.0,0.0,0.43936213850975037,False,False,0.0,0.0,0.0,[],0.0,0.0,0,0.0,0,2.4160000009487703e-06
aco_current,7,7583,79,23,4,0.0,0.0,0.0,0.0,0.20313307642936707,False,False,0.0,0.0,0.0,[],0.0,0.0,0,0.0,0,2.4160000009487703e-06
aco_current,7,7584,80,0,1,33.0,151.0,184.0,0.92,1.0,True,True,30.0,154.0,0.0,[1],10.0,10.0,1,10.0,0,0.009584707999991338
aco_current,7,7584,80,0,2,0.0,0.0,0.0,0.0,0.09907747060060501,False,False,0.0,0.0,0.0,[],10.0,10.0,1,10.0,0,0.009584707999991338
aco_current,7,7584,80,0,3,0.0,0.0,0.0,0.0,0.43936213850975037,False,False,0.0,0.0,0.0,[],10.0,10.0,1,10.0,0,0.009584707999991338
aco_current,7,7584,80,0,4,0.0,0.0,0.0,0.0,0.20313307642936707,False,False,0.0,0.0,0.0,[],10.0,10.0,1,10.0,0,0.009584707999991338
aco_current,7,7585,80,0,1,38.0,154.0,192.0,0.96,1.0,True,True,30.0,162.0,0.0,[1],10.0,10.0,1,10.0,0,0.009580624999998122
aco_current,7,7585,80,0,2,0.0,0.0,0.0,0.0,0.09907747060060501,False,False,0.0,0.0,0.0,[],10.0,10.0,1,10.0,0,0.009580624999998122
aco_current,7,7585,80,0,3,0.0,0.0,0.0,0.0,0.43936213850975037,False,False,0.0,0.0,0.0,[],10.0,10.0,1,10.0,0,0.009580624999998122
aco_current,7,7585,80,0,4,0.0,0.0,0.0,0.0,0.20313307642936707,False,False,0.0,0.0,0.0,[],10.0,10.0,1,10.0,0,0.009580624999998122
aco_current,7,7586,80,0,1,36.0,162.0,198.0,0.99,1.0,True,True,30.0,168.0,0.0,[1],10.0,10.0,1,10.0,0,0.009633583000010049
aco_current,7,7586,80,0,2,0.0,0.0,0.0,0.0,0.09907747060060501,False,False,0.0,0.0,0.0,[],10.0,10.0,1,10.0,0,0.009633583000010049
aco_current,7,7586,80,0,3,0.0,0.0,0.0,0.0,0.43936213850975037,False,False,0.0,0.0,0.0,[],10.0,10.0,1,10.0,0,0.009633583000010049
aco_current,7,7586,80,0,4,0.0,0.0,0.0,0.0,0.20313307642936707,False,False,0.0,0.0,0.0,[],10.0,10.0,1,10.0,0,0.009633583000010049
aco_current,7,7587,80,0,1,38.0,168.0,206.0,1.03,1.0,True,True,30.0,176.0,0.0,[1],10.0,10.0,1,10.0,0,0.009430374999993774
aco_current,7,7587,80,0,2,0.0,0.0,0.0,0.0,0.09907747060060501,False,False,0.0,0.0,0.0,[],10.0,10.0,1,10.0,0,0.009430374999993774
aco_current,7,7587,80,0,3,0.0,0.0,0.0,0.0,0.43936213850975037,False,False,0.0,0.0,0.0,[],10.0,10.0,1,10.0,0,0.009430374999993774
aco_current,7,7587,80,0,4,0.0,0.0,0.0,0.0,0.20313307642936707,False,False,0.0,0.0,0.0,[],10.0,10.0,1,10.0,0,0.009430374999993774
aco_current,7,7588,80,1,1,36.0,176.0,212.0,1.06,1.0,True,True,30.0,182.0,0.0,[1],10.0,10.0,1,10.0,0,0.009562208000005512
aco_current,7,7588,80,1,2,0.0,0.0,0.0,0.0,0.09907747060060501,False,False,0.0,0.0,0.0,[],10.0,10.0,1,10.0,0,0.009562208000005512
aco_current,7,7588,80,1,3,0.0,0.0,0.0,0.0,0.43936213850975037,False,False,0.0,0.0,0.0,[],10.0,10.0,1,10.0,0,0.009562208000005512
aco_current,7,7588,80,1,4,0.0,0.0,0.0,0.0,0.20313307642936707,False,False,0.0,0.0,0.0,[],10.0,10.0,1,10.0,0,0.009562208000005512
aco_current,7,7589,80,1,1,37.0,182.0,219.0,1.095,1.0,True,True,30.0,189.0,0.0,[1],10.0,10.0,1,10.0,0,0.009770290999995268
aco_current,7,7589,80,1,2,0.0,0.0,0.0,0.0,0.09907747060060501,False,False,0.0,0.0,0.0,[],10.0,10.0,1,10.0,0,0.009770290999995268
aco_current,7,7589,80,1,3,0.0,0.0,0.0,0.0,0.43936213850975037,False,False,0.0,0.0,0.0,[],10.0,10.0,1,10.0,0,0.009770290999995268
aco_current,7,7589,80,1,4,0.0,0.0,0.0,0.0,0.20313307642936707,False,False,0.0,0.0,0.0,[],10.0,10.0,1,10.0,0,0.009770290999995268
aco_current,7,7590,80,1,1,42.0,189.0,231.0,1.155,1.0,True,True,30.0,200.0,1.0,[1],10.0,10.0,1,10.0,0,0.009701333999998951
aco_current,7,7590,80,1,2,0.0,0.0,0.0,0.0,0.09907747060060501,False,False,0.0,0.0,0.0,[],10.0,10.0,1,10.0,0,0.009701333999998951
aco_current,7,7590,80,1,3,0.0,0.0,0.0,0.0,0.43936213850975037,False,False,0.0,0.0,0.0,[],10.0,10.0,1,10.0,0,0.009701333999998951
aco_current,7,7590,80,1,4,0.0,0.0,0.0,0.0,0.20313307642936707,False,False,0.0,0.0,0.0,[],10.0,10.0,1,10.0,0,0.009701333999998951
aco_current,7,7591,80,1,1,46.0,200.0,246.0,1.23,1.0,True,True,30.0,200.0,16.0,[1],10.0,10.0,1,10.0,0,0.009906916999995019
aco_current,7,7591,80,1,2,0.0,0.0,0.0,0.0,0.09907747060060501,False,False,0.0,0.0,0.0,[],10.0,10.0,1,10.0,0,0.009906916999995019
aco_current,7,7591,80,1,3,0.0,0.0,0.0,0.0,0.43936213850975037,False,False,0.0,0.0,0.0,[],10.0,10.0,1,10.0,0,0.009906916999995019
aco_current,7,7591,80,1,4,0.0,0.0,0.0,0.0,0.20313307642936707,False,False,0.0,0.0,0.0,[],10.0,10.0,1,10.0,0,0.009906916999995019
aco_current,7,7592,80,2,1,44.0,200.0,244.0,1.22,1.0,True,True,30.0,200.0,14.0,[1],10.0,10.0,1,10.0,0,0.009684792000001607
aco_current,7,7592,80,2,2,0.0,0.0,0.0,0.0,0.09907747060060501,False,False,0.0,0.0,0.0,[],10.0,10.0,1,10.0,0,0.009684792000001607
aco_current,7,7592,80,2,3,0.0,0.0,0.0,0.0,0.43936213850975037,False,False,0.0,0.0,0.0,[],10.0,10.0,1,10.0,0,0.009684792000001607
aco_current,7,7592,80,2,4,0.0,0.0,0.0,0.0,0.20313307642936707,False,False,0.0,0.0,0.0,[],10.0,10.0,1,10.0,0,0.009684792000001607
aco_current,7,7593,80,2,1,45.0,200.0,245.0,1.225,1.0,True,True,30.0,200.0,15.0,[1],10.0,10.0,1,10.0,0,0.009636208000003421
aco_current,7,7593,80,2,2,0.0,0.0,0.0,0.0,0.09907747060060501,False,False,0.0,0.0,0.0,[],10.0,10.0,1,10.0,0,0.009636208000003421
aco_current,7,7593,80,2,3,0.0,0.0,0.0,0.0,0.43936213850975037,False,False,0.0,0.0,0.0,[],10.0,10.0,1,10.0,0,0.009636208000003421
aco_current,7,7593,80,2,4,0.0,0.0,0.0,0.0,0.20313307642936707,False,False,0.0,0.0,0.0,[],10.0,10.0,1,10.0,0,0.009636208000003421
aco_current,7,7594,80,2,1,44.0,200.0,244.0,1.22,1.0,True,True,30.0,200.0,14.0,[1],10.0,10.0,1,10.0,0,0.01035187499999779
aco_current,7,7594,80,2,2,0.0,0.0,0.0,0.0,0.09907747060060501,False,False,0.0,0.0,0.0,[],10.0,10.0,1,10.0,0,0.01035187499999779
aco_current,7,7594,80,2,3,0.0,0.0,0.0,0.0,0.43936213850975037,False,False,0.0,0.0,0.0,[],10.0,10.0,1,10.0,0,0.01035187499999779
aco_current,7,7594,80,2,4,0.0,0.0,0.0,0.0,0.20313307642936707,False,False,0.0,0.0,0.0,[],10.0,10.0,1,10.0,0,0.01035187499999779
aco_current,7,7595,80,2,1,43.0,200.0,243.0,1.215,1.0,True,True,30.0,200.0,13.0,[1],10.0,10.0,1,10.0,0,0.009551333000004547
aco_current,7,7595,80,2,2,0.0,0.0,0.0,0.0,0.09907747060060501,False,False,0.0,0.0,0.0,[],10.0,10.0,1,10.0,0,0.009551333000004547
aco_current,7,7595,80,2,3,0.0,0.0,0.0,0.0,0.43936213850975037,False,False,0.0,0.0,0.0,[],10.0,10.0,1,10.0,0,0.009551333000004547
aco_current,7,7595,80,2,4,0.0,0.0,0.0,0.0,0.20313307642936707,False,False,0.0,0.0,0.0,[],10.0,10.0,1,10.0,0,0.009551333000004547
aco_current,7,7596,80,3,1,45.0,200.0,245.0,1.225,1.0,True,True,30.0,200.0,15.0,[1],10.0,10.0,1,10.0,0,0.009456458000002499
aco_current,7,7596,80,3,2,0.0,0.0,0.0,0.0,0.09907747060060501,False,False,0.0,0.0,0.0,[],10.0,10.0,1,10.0,0,0.009456458000002499
aco_current,7,7596,80,3,3,0.0,0.0,0.0,0.0,0.43936213850975037,False,False,0.0,0.0,0.0,[],10.0,10.0,1,10.0,0,0.009456458000002499
aco_current,7,7596,80,3,4,0.0,0.0,0.0,0.0,0.20313307642936707,False,False,0.0,0.0,0.0,[],10.0,10.0,1,10.0,0,0.009456458000002499
aco_current,7,7597,80,3,1,42.0,200.0,242.0,1.21,1.0,True,True,30.0,200.0,12.0,[1],10.0,10.0,1,10.0,0,0.009858292000004099
aco_current,7,7597,80,3,2,0.0,0.0,0.0,0.0,0.09907747060060501,False,False,0.0,0.0,0.0,[],10.0,10.0,1,10.0,0,0.009858292000004099
aco_current,7,7597,80,3,3,0.0,0.0,0.0,0.0,0.43936213850975037,False,False,0.0,0.0,0.0,[],10.0,10.0,1,10.0,0,0.009858292000004099
aco_current,7,7597,80,3,4,0.0,0.0,0.0,0.0,0.20313307642936707,False,False,0.0,0.0,0.0,[],10.0,10.0,1,10.0,0,0.009858292000004099
aco_current,7,7598,80,3,1,44.0,200.0,244.0,1.22,1.0,True,True,30.0,200.0,14.0,[1],10.0,10.0,1,10.0,0,0.010411916999998994
aco_current,7,7598,80,3,2,0.0,0.0,0.0,0.0,0.09907747060060501,False,False,0.0,0.0,0.0,[],10.0,10.0,1,10.0,0,0.010411916999998994
aco_current,7,7598,80,3,3,0.0,0.0,0.0,0.0,0.43936213850975037,False,False,0.0,0.0,0.0,[],10.0,10.0,1,10.0,0,0.010411916999998994
aco_current,7,7598,80,3,4,0.0,0.0,0.0,0.0,0.20313307642936707,False,False,0.0,0.0,0.0,[],10.0,10.0,1,10.0,0,0.010411916999998994
aco_current,7,7599,80,3,1,43.0,200.0,243.0,1.215,1.0,True,True,30.0,200.0,13.0,[1],10.0,10.0,1,10.0,0,0.009653624999998556
aco_current,7,7599,80,3,2,0.0,0.0,0.0,0.0,0.09907747060060501,False,False,0.0,0.0,0.0,[],10.0,10.0,1,10.0,0,0.009653624999998556
aco_current,7,7599,80,3,3,0.0,0.0,0.0,0.0,0.43936213850975037,False,False,0.0,0.0,0.0,[],10.0,10.0,1,10.0,0,0.009653624999998556
aco_current,7,7599,80,3,4,0.0,0.0,0.0,0.0,0.20313307642936707,False,False,0.0,0.0,0.0,[],10.0,10.0,1,10.0,0,0.009653624999998556
aco_current,7,7600,80,4,1,42.0,200.0,242.0,1.21,1.0,True,True,30.0,200.0,12.0,[1],10.0,10.0,1,10.0,0,0.00994816700000456
aco_current,7,7600,80,4,2,0.0,0.0,0.0,0.0,0.09907747060060501,False,False,0.0,0.0,0.0,[],10.0,10.0,1,10.0,0,0.00994816700000456
aco_current,7,7600,80,4,3,0.0,0.0,0.0,0.0,0.43936213850975037,False,False,0.0,0.0,0.0,[],10.0,10.0,1,10.0,0,0.00994816700000456
aco_current,7,7600,80,4,4,0.0,0.0,0.0,0.0,0.20313307642936707,False,False,0.0,0.0,0.0,[],10.0,10.0,1,10.0,0,0.00994816700000456
aco_current,7,7601,80,4,1,41.0,200.0,241.0,1.205,1.0,True,True,30.0,200.0,11.0,[1],10.0,10.0,1,10.0,0,0.01025758400000143
aco_current,7,7601,80,4,2,0.0,0.0,0.0,0.0,0.09907747060060501,False,False,0.0,0.0,0.0,[],10.0,10.0,1,10.0,0,0.01025758400000143
aco_current,7,7601,80,4,3,0.0,0.0,0.0,0.0,0.43936213850975037,False,False,0.0,0.0,0.0,[],10.0,10.0,1,10.0,0,0.01025758400000143
aco_current,7,7601,80,4,4,0.0,0.0,0.0,0.0,0.20313307642936707,False,False,0.0,0.0,0.0,[],10.0,10.0,1,10.0,0,0.01025758400000143
aco_current,7,7602,80,4,1,39.0,200.0,239.0,1.195,1.0,True,True,30.0,200.0,9.0,[1],10.0,10.0,1,10.0,0,0.009724916999999778
aco_current,7,7602,80,4,2,0.0,0.0,0.0,0.0,0.09907747060060501,False,False,0.0,0.0,0.0,[],10.0,10.0,1,10.0,0,0.009724916999999778
aco_current,7,7602,80,4,3,0.0,0.0,0.0,0.0,0.43936213850975037,False,False,0.0,0.0,0.0,[],10.0,10.0,1,10.0,0,0.009724916999999778
aco_current,7,7602,80,4,4,0.0,0.0,0.0,0.0,0.20313307642936707,False,False,0.0,0.0,0.0,[],10.0,10.0,1,10.0,0,0.009724916999999778
aco_current,7,7603,80,4,1,41.0,200.0,241.0,1.205,1.0,True,True,30.0,200.0,11.0,[1],10.0,10.0,1,10.0,0,0.009404875000001311
aco_current,7,7603,80,4,2,0.0,0.0,0.0,0.0,0.09907747060060501,False,False,0.0,0.0,0.0,[],10.0,10.0,1,10.0,0,0.009404875000001311
aco_current,7,7603,80,4,3,0.0,0.0,0.0,0.0,0.43936213850975037,False,False,0.0,0.0,0.0,[],10.0,10.0,1,10.0,0,0.009404875000001311
aco_current,7,7603,80,4,4,0.0,0.0,0.0,0.0,0.20313307642936707,False,False,0.0,0.0,0.0,[],10.0,10.0,1,10.0,0,0.009404875000001311
aco_current,7,7604,80,5,1,39.0,200.0,239.0,1.195,1.0,True,True,30.0,200.0,9.0,[1],10.0,10.0,1,10.0,0,0.009870249999991643
aco_current,7,7604,80,5,2,0.0,0.0,0.0,0.0,0.09907747060060501,False,False,0.0,0.0,0.0,[],10.0,10.0,1,10.0,0,0.009870249999991643
aco_current,7,7604,80,5,3,0.0,0.0,0.0,0.0,0.43936213850975037,False,False,0.0,0.0,0.0,[],10.0,10.0,1,10.0,0,0.009870249999991643
aco_current,7,7604,80,5,4,0.0,0.0,0.0,0.0,0.20313307642936707,False,False,0.0,0.0,0.0,[],10.0,10.0,1,10.0,0,0.009870249999991643
aco_current,7,7605,80,5,1,40.0,200.0,240.0,1.2,1.0,True,True,30.0,200.0,10.0,[1],10.0,10.0,1,10.0,0,0.009623042000001192
aco_current,7,7605,80,5,2,0.0,0.0,0.0,0.0,0.09907747060060501,False,False,0.0,0.0,0.0,[],10.0,10.0,1,10.0,0,0.009623042000001192
aco_current,7,7605,80,5,3,0.0,0.0,0.0,0.0,0.43936213850975037,False,False,0.0,0.0,0.0,[],10.0,10.0,1,10.0,0,0.009623042000001192
aco_current,7,7605,80,5,4,0.0,0.0,0.0,0.0,0.20313307642936707,False,False,0.0,0.0,0.0,[],10.0,10.0,1,10.0,0,0.009623042000001192
aco_current,7,7606,80,5,1,41.0,200.0,241.0,1.205,1.0,True,True,30.0,200.0,11.0,[1],10.0,10.0,1,10.0,0,0.009683959000000186
aco_current,7,7606,80,5,2,0.0,0.0,0.0,0.0,0.09907747060060501,False,False,0.0,0.0,0.0,[],10.0,10.0,1,10.0,0,0.009683959000000186
aco_current,7,7606,80,5,3,0.0,0.0,0.0,0.0,0.43936213850975037,False,False,0.0,0.0,0.0,[],10.0,10.0,1,10.0,0,0.009683959000000186
aco_current,7,7606,80,5,4,0.0,0.0,0.0,0.0,0.20313307642936707,False,False,0.0,0.0,0.0,[],10.0,10.0,1,10.0,0,0.009683959000000186
aco_current,7,7607,80,5,1,42.0,200.0,242.0,1.21,1.0,True,True,30.0,200.0,12.0,[1],10.0,10.0,1,10.0,0,0.009580667000008702
aco_current,7,7607,80,5,2,0.0,0.0,0.0,0.0,0.09907747060060501,False,False,0.0,0.0,0.0,[],10.0,10.0,1,10.0,0,0.009580667000008702
aco_current,7,7607,80,5,3,0.0,0.0,0.0,0.0,0.43936213850975037,False,False,0.0,0.0,0.0,[],10.0,10.0,1,10.0,0,0.009580667000008702
aco_current,7,7607,80,5,4,0.0,0.0,0.0,0.0,0.20313307642936707,False,False,0.0,0.0,0.0,[],10.0,10.0,1,10.0,0,0.009580667000008702
aco_current,7,7608,80,6,1,41.0,200.0,241.0,1.205,1.0,True,True,30.0,200.0,11.0,[1],10.0,10.0,1,10.0,0,0.009461999999999193
aco_current,7,7608,80,6,2,0.0,0.0,0.0,0.0,0.09907747060060501,False,False,0.0,0.0,0.0,[],10.0,10.0,1,10.0,0,0.009461999999999193
aco_current,7,7608,80,6,3,0.0,0.0,0.0,0.0,0.43936213850975037,False,False,0.0,0.0,0.0,[],10.0,10.0,1,10.0,0,0.009461999999999193
aco_current,7,7608,80,6,4,0.0,0.0,0.0,0.0,0.20313307642936707,False,False,0.0,0.0,0.0,[],10.0,10.0,1,10.0,0,0.009461999999999193
aco_current,7,7609,80,6,1,40.0,200.0,240.0,1.2,1.0,True,True,30.0,200.0,10.0,[1],10.0,10.0,1,10.0,0,0.009543209000000275
aco_current,7,7609,80,6,2,0.0,0.0,0.0,0.0,0.09907747060060501,False,False,0.0,0.0,0.0,[],10.0,10.0,1,10.0,0,0.009543209000000275
aco_current,7,7609,80,6,3,0.0,0.0,0.0,0.0,0.43936213850975037,False,False,0.0,0.0,0.0,[],10.0,10.0,1,10.0,0,0.009543209000000275
aco_current,7,7609,80,6,4,0.0,0.0,0.0,0.0,0.20313307642936707,False,False,0.0,0.0,0.0,[],10.0,10.0,1,10.0,0,0.009543209000000275
aco_current,7,7610,80,6,1,38.0,200.0,238.0,1.19,1.0,True,True,30.0,200.0,8.0,[1],10.0,10.0,1,10.0,0,0.009678499999992596
aco_current,7,7610,80,6,2,0.0,0.0,0.0,0.0,0.09907747060060501,False,False,0.0,0.0,0.0,[],10.0,10.0,1,10.0,0,0.009678499999992596
aco_current,7,7610,80,6,3,0.0,0.0,0.0,0.0,0.43936213850975037,False,False,0.0,0.0,0.0,[],10.0,10.0,1,10.0,0,0.009678499999992596
aco_current,7,7610,80,6,4,0.0,0.0,0.0,0.0,0.20313307642936707,False,False,0.0,0.0,0.0,[],10.0,10.0,1,10.0,0,0.009678499999992596
aco_current,7,7611,80,6,1,37.0,200.0,237.0,1.185,1.0,True,True,30.0,200.0,7.0,[1],10.0,10.0,1,10.0,0,0.00972774999999615
aco_current,7,7611,80,6,2,0.0,0.0,0.0,0.0,0.09907747060060501,False,False,0.0,0.0,0.0,[],10.0,10.0,1,10.0,0,0.00972774999999615
aco_current,7,7611,80,6,3,0.0,0.0,0.0,0.0,0.43936213850975037,False,False,0.0,0.0,0.0,[],10.0,10.0,1,10.0,0,0.00972774999999615
aco_current,7,7611,80,6,4,0.0,0.0,0.0,0.0,0.20313307642936707,False,False,0.0,0.0,0.0,[],10.0,10.0,1,10.0,0,0.00972774999999615
aco_current,7,7612,80,7,1,41.0,200.0,241.0,1.205,1.0,True,True,30.0,200.0,11.0,[1],10.0,10.0,1,10.0,0,0.009457999999995081
aco_current,7,7612,80,7,2,0.0,0.0,0.0,0.0,0.09907747060060501,False,False,0.0,0.0,0.0,[],10.0,10.0,1,10.0,0,0.009457999999995081
aco_current,7,7612,80,7,3,0.0,0.0,0.0,0.0,0.43936213850975037,False,False,0.0,0.0,0.0,[],10.0,10.0,1,10.0,0,0.009457999999995081
aco_current,7,7612,80,7,4,0.0,0.0,0.0,0.0,0.20313307642936707,False,False,0.0,0.0,0.0,[],10.0,10.0,1,10.0,0,0.009457999999995081
aco_current,7,7613,80,7,1,40.0,200.0,240.0,1.2,1.0,True,True,30.0,200.0,10.0,[1],10.0,10.0,1,10.0,0,0.009553457999999182
aco_current,7,7613,80,7,2,0.0,0.0,0.0,0.0,0.09907747060060501,False,False,0.0,0.0,0.0,[],10.0,10.0,1,10.0,0,0.009553457999999182
aco_current,7,7613,80,7,3,0.0,0.0,0.0,0.0,0.43936213850975037,False,False,0.0,0.0,0.0,[],10.0,10.0,1,10.0,0,0.009553457999999182
aco_current,7,7613,80,7,4,0.0,0.0,0.0,0.0,0.20313307642936707,False,False,0.0,0.0,0.0,[],10.0,10.0,1,10.0,0,0.009553457999999182
aco_current,7,7614,80,7,1,42.0,200.0,242.0,1.21,1.0,True,True,30.0,200.0,12.0,[1],10.0,10.0,1,10.0,0,0.009445666000004849
aco_current,7,7614,80,7,2,0.0,0.0,0.0,0.0,0.09907747060060501,False,False,0.0,0.0,0.0,[],10.0,10.0,1,10.0,0,0.009445666000004849
aco_current,7,7614,80,7,3,0.0,0.0,0.0,0.0,0.43936213850975037,False,False,0.0,0.0,0.0,[],10.0,10.0,1,10.0,0,0.009445666000004849
aco_current,7,7614,80,7,4,0.0,0.0,0.0,0.0,0.20313307642936707,False,False,0.0,0.0,0.0,[],10.0,10.0,1,10.0,0,0.009445666000004849
aco_current,7,7615,80,7,1,39.0,200.0,239.0,1.195,1.0,True,True,30.0,200.0,9.0,[1],10.0,10.0,1,10.0,0,0.009541749999996796
aco_current,7,7615,80,7,2,0.0,0.0,0.0,0.0,0.09907747060060501,False,False,0.0,0.0,0.0,[],10.0,10.0,1,10.0,0,0.009541749999996796
aco_current,7,7615,80,7,3,0.0,0.0,0.0,0.0,0.43936213850975037,False,False,0.0,0.0,0.0,[],10.0,10.0,1,10.0,0,0.009541749999996796
aco_current,7,7615,80,7,4,0.0,0.0,0.0,0.0,0.20313307642936707,False,False,0.0,0.0,0.0,[],10.0,10.0,1,10.0,0,0.009541749999996796
aco_current,7,7616,80,8,1,40.0,200.0,240.0,1.2,1.0,True,True,30.0,200.0,10.0,[1],10.0,10.0,1,10.0,0,0.0095494159999987
aco_current,7,7616,80,8,2,0.0,0.0,0.0,0.0,0.09907747060060501,False,False,0.0,0.0,0.0,[],10.0,10.0,1,10.0,0,0.0095494159999987
aco_current,7,7616,80,8,3,0.0,0.0,0.0,0.0,0.43936213850975037,False,False,0.0,0.0,0.0,[],10.0,10.0,1,10.0,0,0.0095494159999987
aco_current,7,7616,80,8,4,0.0,0.0,0.0,0.0,0.20313307642936707,False,False,0.0,0.0,0.0,[],10.0,10.0,1,10.0,0,0.0095494159999987
aco_current,7,7617,80,8,1,39.0,200.0,239.0,1.195,1.0,True,True,30.0,200.0,9.0,[1],10.0,10.0,1,10.0,0,0.009501374999999257
aco_current,7,7617,80,8,2,0.0,0.0,0.0,0.0,0.09907747060060501,False,False,0.0,0.0,0.0,[],10.0,10.0,1,10.0,0,0.009501374999999257
aco_current,7,7617,80,8,3,0.0,0.0,0.0,0.0,0.43936213850975037,False,False,0.0,0.0,0.0,[],10.0,10.0,1,10.0,0,0.009501374999999257
aco_current,7,7617,80,8,4,0.0,0.0,0.0,0.0,0.20313307642936707,False,False,0.0,0.0,0.0,[],10.0,10.0,1,10.0,0,0.009501374999999257
aco_current,7,7618,80,8,1,39.0,200.0,239.0,1.195,1.0,True,True,30.0,200.0,9.0,[1],10.0,10.0,1,10.0,0,0.009616583999999762
aco_current,7,7618,80,8,2,0.0,0.0,0.0,0.0,0.09907747060060501,False,False,0.0,0.0,0.0,[],10.0,10.0,1,10.0,0,0.009616583999999762
aco_current,7,7618,80,8,3,0.0,0.0,0.0,0.0,0.43936213850975037,False,False,0.0,0.0,0.0,[],10.0,10.0,1,10.0,0,0.009616583999999762
aco_current,7,7618,80,8,4,0.0,0.0,0.0,0.0,0.20313307642936707,False,False,0.0,0.0,0.0,[],10.0,10.0,1,10.0,0,0.009616583999999762
aco_current,7,7619,80,8,1,40.0,200.0,240.0,1.2,1.0,True,True,30.0,200.0,10.0,[1],10.0,10.0,1,10.0,0,0.00964612500000328
aco_current,7,7619,80,8,2,0.0,0.0,0.0,0.0,0.09907747060060501,False,False,0.0,0.0,0.0,[],10.0,10.0,1,10.0,0,0.00964612500000328
aco_current,7,7619,80,8,3,0.0,0.0,0.0,0.0,0.43936213850975037,False,False,0.0,0.0,0.0,[],10.0,10.0,1,10.0,0,0.00964612500000328
aco_current,7,7619,80,8,4,0.0,0.0,0.0,0.0,0.20313307642936707,False,False,0.0,0.0,0.0,[],10.0,10.0,1,10.0,0,0.00964612500000328
aco_current,7,7620,80,9,1,40.0,200.0,240.0,1.2,1.0,True,True,30.0,200.0,10.0,[1],10.0,10.0,1,10.0,0,0.009507208000002265
aco_current,7,7620,80,9,2,0.0,0.0,0.0,0.0,0.09907747060060501,False,False,0.0,0.0,0.0,[],10.0,10.0,1,10.0,0,0.009507208000002265
aco_current,7,7620,80,9,3,0.0,0.0,0.0,0.0,0.43936213850975037,False,False,0.0,0.0,0.0,[],10.0,10.0,1,10.0,0,0.009507208000002265
aco_current,7,7620,80,9,4,0.0,0.0,0.0,0.0,0.20313307642936707,False,False,0.0,0.0,0.0,[],10.0,10.0,1,10.0,0,0.009507208000002265
aco_current,7,7621,80,9,1,40.0,200.0,240.0,1.2,1.0,True,True,30.0,200.0,10.0,[1],10.0,10.0,1,10.0,0,0.009578708000006486
aco_current,7,7621,80,9,2,0.0,0.0,0.0,0.0,0.09907747060060501,False,False,0.0,0.0,0.0,[],10.0,10.0,1,10.0,0,0.009578708000006486
aco_current,7,7621,80,9,3,0.0,0.0,0.0,0.0,0.43936213850975037,False,False,0.0,0.0,0.0,[],10.0,10.0,1,10.0,0,0.009578708000006486
aco_current,7,7621,80,9,4,0.0,0.0,0.0,0.0,0.20313307642936707,False,False,0.0,0.0,0.0,[],10.0,10.0,1,10.0,0,0.009578708000006486
aco_current,7,7622,80,9,1,39.0,200.0,239.0,1.195,1.0,True,True,30.0,200.0,9.0,[1],10.0,10.0,1,10.0,0,0.009531833000011147
aco_current,7,7622,80,9,2,0.0,0.0,0.0,0.0,0.09907747060060501,False,False,0.0,0.0,0.0,[],10.0,10.0,1,10.0,0,0.009531833000011147
aco_current,7,7622,80,9,3,0.0,0.0,0.0,0.0,0.43936213850975037,False,False,0.0,0.0,0.0,[],10.0,10.0,1,10.0,0,0.009531833000011147
aco_current,7,7622,80,9,4,0.0,0.0,0.0,0.0,0.20313307642936707,False,False,0.0,0.0,0.0,[],10.0,10.0,1,10.0,0,0.009531833000011147
aco_current,7,7623,80,9,1,40.0,200.0,240.0,1.2,1.0,True,True,30.0,200.0,10.0,[1],10.0,10.0,1,10.0,0,0.009527624999989825
aco_current,7,7623,80,9,2,0.0,0.0,0.0,0.0,0.09907747060060501,False,False,0.0,0.0,0.0,[],10.0,10.0,1,10.0,0,0.009527624999989825
aco_current,7,7623,80,9,3,0.0,0.0,0.0,0.0,0.43936213850975037,False,False,0.0,0.0,0.0,[],10.0,10.0,1,10.0,0,0.009527624999989825
aco_current,7,7623,80,9,4,0.0,0.0,0.0,0.0,0.20313307642936707,False,False,0.0,0.0,0.0,[],10.0,10.0,1,10.0,0,0.009527624999989825
aco_current,7,7624,80,10,1,39.0,200.0,239.0,1.195,1.0,True,True,30.0,200.0,9.0,[1],10.0,10.0,1,10.0,0,0.00964195899999254
aco_current,7,7624,80,10,2,0.0,0.0,0.0,0.0,0.09907747060060501,False,False,0.0,0.0,0.0,[],10.0,10.0,1,10.0,0,0.00964195899999254
aco_current,7,7624,80,10,3,0.0,0.0,0.0,0.0,0.43936213850975037,False,False,0.0,0.0,0.0,[],10.0,10.0,1,10.0,0,0.00964195899999254
aco_current,7,7624,80,10,4,0.0,0.0,0.0,0.0,0.20313307642936707,False,False,0.0,0.0,0.0,[],10.0,10.0,1,10.0,0,0.00964195899999254
aco_current,7,7625,80,10,1,44.0,200.0,244.0,1.22,1.0,True,True,30.0,200.0,14.0,[1],10.0,10.0,1,10.0,0,0.009545416999998224
aco_current,7,7625,80,10,2,0.0,0.0,0.0,0.0,0.09907747060060501,False,False,0.0,0.0,0.0,[],10.0,10.0,1,10.0,0,0.009545416999998224
aco_current,7,7625,80,10,3,0.0,0.0,0.0,0.0,0.43936213850975037,False,False,0.0,0.0,0.0,[],10.0,10.0,1,10.0,0,0.009545416999998224
aco_current,7,7625,80,10,4,0.0,0.0,0.0,0.0,0.20313307642936707,False,False,0.0,0.0,0.0,[],10.0,10.0,1,10.0,0,0.009545416999998224
aco_current,7,7626,80,10,1,44.0,200.0,244.0,1.22,1.0,True,True,30.0,200.0,14.0,[1],10.0,10.0,1,10.0,0,0.009363499999992086
aco_current,7,7626,80,10,2,0.0,0.0,0.0,0.0,0.09907747060060501,False,False,0.0,0.0,0.0,[],10.0,10.0,1,10.0,0,0.009363499999992086
aco_current,7,7626,80,10,3,0.0,0.0,0.0,0.0,0.43936213850975037,False,False,0.0,0.0,0.0,[],10.0,10.0,1,10.0,0,0.009363499999992086
aco_current,7,7626,80,10,4,0.0,0.0,0.0,0.0,0.20313307642936707,False,False,0.0,0.0,0.0,[],10.0,10.0,1,10.0,0,0.009363499999992086
aco_current,7,7627,80,10,1,45.0,200.0,245.0,1.225,1.0,True,True,30.0,200.0,15.0,[1],10.0,10.0,1,10.0,0,0.009538249999991422
aco_current,7,7627,80,10,2,0.0,0.0,0.0,0.0,0.09907747060060501,False,False,0.0,0.0,0.0,[],10.0,10.0,1,10.0,0,0.009538249999991422
aco_current,7,7627,80,10,3,0.0,0.0,0.0,0.0,0.43936213850975037,False,False,0.0,0.0,0.0,[],10.0,10.0,1,10.0,0,0.009538249999991422
aco_current,7,7627,80,10,4,0.0,0.0,0.0,0.0,0.20313307642936707,False,False,0.0,0.0,0.0,[],10.0,10.0,1,10.0,0,0.009538249999991422
aco_current,7,7628,80,11,1,44.0,200.0,244.0,1.22,1.0,True,True,30.0,200.0,14.0,[1],10.0,10.0,1,10.0,0,0.009583832999993547
aco_current,7,7628,80,11,2,0.0,0.0,0.0,0.0,0.09907747060060501,False,False,0.0,0.0,0.0,[],10.0,10.0,1,10.0,0,0.009583832999993547
aco_current,7,7628,80,11,3,0.0,0.0,0.0,0.0,0.43936213850975037,False,False,0.0,0.0,0.0,[],10.0,10.0,1,10.0,0,0.009583832999993547
aco_current,7,7628,80,11,4,0.0,0.0,0.0,0.0,0.20313307642936707,False,False,0.0,0.0,0.0,[],10.0,10.0,1,10.0,0,0.009583832999993547
aco_current,7,7629,80,11,1,45.0,200.0,245.0,1.225,1.0,True,True,30.0,200.0,15.0,[1],10.0,10.0,1,10.0,0,0.009480625000009013
aco_current,7,7629,80,11,2,0.0,0.0,0.0,0.0,0.09907747060060501,False,False,0.0,0.0,0.0,[],10.0,10.0,1,10.0,0,0.009480625000009013
aco_current,7,7629,80,11,3,0.0,0.0,0.0,0.0,0.43936213850975037,False,False,0.0,0.0,0.0,[],10.0,10.0,1,10.0,0,0.009480625000009013
aco_current,7,7629,80,11,4,0.0,0.0,0.0,0.0,0.20313307642936707,False,False,0.0,0.0,0.0,[],10.0,10.0,1,10.0,0,0.009480625000009013
aco_current,7,7630,80,11,1,36.0,200.0,236.0,1.18,1.0,True,True,30.0,200.0,6.0,[1],10.0,10.0,1,10.0,0,0.009585749999999393
aco_current,7,7630,80,11,2,0.0,0.0,0.0,0.0,0.09907747060060501,False,False,0.0,0.0,0.0,[],10.0,10.0,1,10.0,0,0.009585749999999393
aco_current,7,7630,80,11,3,0.0,0.0,0.0,0.0,0.43936213850975037,False,False,0.0,0.0,0.0,[],10.0,10.0,1,10.0,0,0.009585749999999393
aco_current,7,7630,80,11,4,0.0,0.0,0.0,0.0,0.20313307642936707,False,False,0.0,0.0,0.0,[],10.0,10.0,1,10.0,0,0.009585749999999393
aco_current,7,7631,80,11,1,37.0,200.0,237.0,1.185,1.0,True,True,30.0,200.0,7.0,[1],10.0,10.0,1,10.0,0,0.00948666600000081
aco_current,7,7631,80,11,2,0.0,0.0,0.0,0.0,0.09907747060060501,False,False,0.0,0.0,0.0,[],10.0,10.0,1,10.0,0,0.00948666600000081
aco_current,7,7631,80,11,3,0.0,0.0,0.0,0.0,0.43936213850975037,False,False,0.0,0.0,0.0,[],10.0,10.0,1,10.0,0,0.00948666600000081
aco_current,7,7631,80,11,4,0.0,0.0,0.0,0.0,0.20313307642936707,False,False,0.0,0.0,0.0,[],10.0,10.0,1,10.0,0,0.00948666600000081
aco_current,7,7632,80,12,1,36.0,200.0,236.0,1.18,1.0,True,True,30.0,200.0,6.0,[1],10.0,10.0,1,10.0,0,0.009628375000005462
aco_current,7,7632,80,12,2,0.0,0.0,0.0,0.0,0.09907747060060501,False,False,0.0,0.0,0.0,[],10.0,10.0,1,10.0,0,0.009628375000005462
aco_current,7,7632,80,12,3,0.0,0.0,0.0,0.0,0.43936213850975037,False,False,0.0,0.0,0.0,[],10.0,10.0,1,10.0,0,0.009628375000005462
aco_current,7,7632,80,12,4,0.0,0.0,0.0,0.0,0.20313307642936707,False,False,0.0,0.0,0.0,[],10.0,10.0,1,10.0,0,0.009628375000005462
aco_current,7,7633,80,12,1,36.0,200.0,236.0,1.18,1.0,True,True,30.0,200.0,6.0,[1],10.0,10.0,1,10.0,0,0.009509958999998958
aco_current,7,7633,80,12,2,0.0,0.0,0.0,0.0,0.09907747060060501,False,False,0.0,0.0,0.0,[],10.0,10.0,1,10.0,0,0.009509958999998958
aco_current,7,7633,80,12,3,0.0,0.0,0.0,0.0,0.43936213850975037,False,False,0.0,0.0,0.0,[],10.0,10.0,1,10.0,0,0.009509958999998958
aco_current,7,7633,80,12,4,0.0,0.0,0.0,0.0,0.20313307642936707,False,False,0.0,0.0,0.0,[],10.0,10.0,1,10.0,0,0.009509958999998958
aco_current,7,7634,80,12,1,36.0,200.0,236.0,1.18,1.0,True,True,30.0,200.0,6.0,[1],10.0,10.0,1,10.0,0,0.009582167000004915
aco_current,7,7634,80,12,2,0.0,0.0,0.0,0.0,0.09907747060060501,False,False,0.0,0.0,0.0,[],10.0,10.0,1,10.0,0,0.009582167000004915
aco_current,7,7634,80,12,3,0.0,0.0,0.0,0.0,0.43936213850975037,False,False,0.0,0.0,0.0,[],10.0,10.0,1,10.0,0,0.009582167000004915
aco_current,7,7634,80,12,4,0.0,0.0,0.0,0.0,0.20313307642936707,False,False,0.0,0.0,0.0,[],10.0,10.0,1,10.0,0,0.009582167000004915
aco_current,7,7635,80,12,1,36.0,200.0,236.0,1.18,1.0,True,True,30.0,200.0,6.0,[1],10.0,10.0,1,10.0,0,0.010279499999995778
aco_current,7,7635,80,12,2,0.0,0.0,0.0,0.0,0.09907747060060501,False,False,0.0,0.0,0.0,[],10.0,10.0,1,10.0,0,0.010279499999995778
aco_current,7,7635,80,12,3,0.0,0.0,0.0,0.0,0.43936213850975037,False,False,0.0,0.0,0.0,[],10.0,10.0,1,10.0,0,0.010279499999995778
aco_current,7,7635,80,12,4,0.0,0.0,0.0,0.0,0.20313307642936707,False,False,0.0,0.0,0.0,[],10.0,10.0,1,10.0,0,0.010279499999995778
aco_current,7,7636,80,13,1,37.0,200.0,237.0,1.185,1.0,True,True,30.0,200.0,7.0,[1],10.0,10.0,1,10.0,0,0.009722083000013981
aco_current,7,7636,80,13,2,0.0,0.0,0.0,0.0,0.09907747060060501,False,False,0.0,0.0,0.0,[],10.0,10.0,1,10.0,0,0.009722083000013981
aco_current,7,7636,80,13,3,0.0,0.0,0.0,0.0,0.43936213850975037,False,False,0.0,0.0,0.0,[],10.0,10.0,1,10.0,0,0.009722083000013981
aco_current,7,7636,80,13,4,0.0,0.0,0.0,0.0,0.20313307642936707,False,False,0.0,0.0,0.0,[],10.0,10.0,1,10.0,0,0.009722083000013981
aco_current,7,7637,80,13,1,36.0,200.0,236.0,1.18,1.0,True,True,30.0,200.0,6.0,[1],10.0,10.0,1,10.0,0,0.009895541999995316
aco_current,7,7637,80,13,2,0.0,0.0,0.0,0.0,0.09907747060060501,False,False,0.0,0.0,0.0,[],10.0,10.0,1,10.0,0,0.009895541999995316
aco_current,7,7637,80,13,3,0.0,0.0,0.0,0.0,0.43936213850975037,False,False,0.0,0.0,0.0,[],10.0,10.0,1,10.0,0,0.009895541999995316
aco_current,7,7637,80,13,4,0.0,0.0,0.0,0.0,0.20313307642936707,False,False,0.0,0.0,0.0,[],10.0,10.0,1,10.0,0,0.009895541999995316
aco_current,7,7638,80,13,1,30.0,200.0,230.0,1.15,1.0,True,True,30.0,200.0,0.0,[1],10.0,10.0,1,10.0,0,0.009646458000005964
aco_current,7,7638,80,13,2,0.0,0.0,0.0,0.0,0.09907747060060501,False,False,0.0,0.0,0.0,[],10.0,10.0,1,10.0,0,0.009646458000005964
aco_current,7,7638,80,13,3,0.0,0.0,0.0,0.0,0.43936213850975037,False,False,0.0,0.0,0.0,[],10.0,10.0,1,10.0,0,0.009646458000005964
aco_current,7,7638,80,13,4,0.0,0.0,0.0,0.0,0.20313307642936707,False,False,0.0,0.0,0.0,[],10.0,10.0,1,10.0,0,0.009646458000005964
aco_current,7,7639,80,13,1,21.0,200.0,221.0,1.105,1.0,True,True,30.0,191.0,0.0,[1],10.0,10.0,1,10.0,0,0.010256040999991
aco_current,7,7639,80,13,2,0.0,0.0,0.0,0.0,0.09907747060060501,False,False,0.0,0.0,0.0,[],10.0,10.0,1,10.0,0,0.010256040999991
aco_current,7,7639,80,13,3,0.0,0.0,0.0,0.0,0.43936213850975037,False,False,0.0,0.0,0.0,[],10.0,10.0,1,10.0,0,0.010256040999991
aco_current,7,7639,80,13,4,0.0,0.0,0.0,0.0,0.20313307642936707,False,False,0.0,0.0,0.0,[],10.0,10.0,1,10.0,0,0.010256040999991
aco_current,7,7640,80,14,1,22.0,191.0,213.0,1.065,1.0,True,True,30.0,183.0,0.0,[1],10.0,10.0,1,10.0,0,0.009729333000009888
aco_current,7,7640,80,14,2,0.0,0.0,0.0,0.0,0.09907747060060501,False,False,0.0,0.0,0.0,[],10.0,10.0,1,10.0,0,0.009729333000009888
aco_current,7,7640,80,14,3,0.0,0.0,0.0,0.0,0.43936213850975037,False,False,0.0,0.0,0.0,[],10.0,10.0,1,10.0,0,0.009729333000009888
aco_current,7,7640,80,14,4,0.0,0.0,0.0,0.0,0.20313307642936707,False,False,0.0,0.0,0.0,[],10.0,10.0,1,10.0,0,0.009729333000009888
aco_current,7,7641,80,14,1,14.0,183.0,197.0,0.985,1.0,True,True,30.0,167.0,0.0,[1],10.0,10.0,1,10.0,0,0.009424625000008291
aco_current,7,7641,80,14,2,0.0,0.0,0.0,0.0,0.09907747060060501,False,False,0.0,0.0,0.0,[],10.0,10.0,1,10.0,0,0.009424625000008291
aco_current,7,7641,80,14,3,0.0,0.0,0.0,0.0,0.43936213850975037,False,False,0.0,0.0,0.0,[],10.0,10.0,1,10.0,0,0.009424625000008291
aco_current,7,7641,80,14,4,0.0,0.0,0.0,0.0,0.20313307642936707,False,False,0.0,0.0,0.0,[],10.0,10.0,1,10.0,0,0.009424625000008291
aco_current,7,7642,80,14,1,13.0,167.0,180.0,0.9,0.9999964833259583,True,True,30.0,150.0,0.0,[1],10.0,10.0,1,10.0,0,0.010287500000004002
aco_current,7,7642,80,14,2,0.0,0.0,0.0,0.0,0.09907747060060501,False,False,0.0,0.0,0.0,[],10.0,10.0,1,10.0,0,0.010287500000004002
aco_current,7,7642,80,14,3,0.0,0.0,0.0,0.0,0.43936213850975037,False,False,0.0,0.0,0.0,[],10.0,10.0,1,10.0,0,0.010287500000004002
aco_current,7,7642,80,14,4,0.0,0.0,0.0,0.0,0.20313307642936707,False,False,0.0,0.0,0.0,[],10.0,10.0,1,10.0,0,0.010287500000004002
aco_current,7,7643,80,14,1,13.0,150.0,163.0,0.815,0.9996762275695801,True,True,30.0,133.0,0.0,[1],10.0,10.0,1,10.0,0,0.00968316700000571
aco_current,7,7643,80,14,2,0.0,0.0,0.0,0.0,0.09907747060060501,False,False,0.0,0.0,0.0,[],10.0,10.0,1,10.0,0,0.00968316700000571
aco_current,7,7643,80,14,3,0.0,0.0,0.0,0.0,0.43936213850975037,False,False,0.0,0.0,0.0,[],10.0,10.0,1,10.0,0,0.00968316700000571
aco_current,7,7643,80,14,4,0.0,0.0,0.0,0.0,0.20313307642936707,False,False,0.0,0.0,0.0,[],10.0,10.0,1,10.0,0,0.00968316700000571
aco_current,7,7644,80,15,1,14.0,133.0,147.0,0.735,0.9951216578483582,False,False,0.0,147.0,0.0,[],0.0,0.0,0,0.0,0,2.8750000069521775e-06
aco_current,7,7644,80,15,2,0.0,0.0,0.0,0.0,0.09907747060060501,False,False,0.0,0.0,0.0,[],0.0,0.0,0,0.0,0,2.8750000069521775e-06
aco_current,7,7644,80,15,3,0.0,0.0,0.0,0.0,0.43936213850975037,False,False,0.0,0.0,0.0,[],0.0,0.0,0,0.0,0,2.8750000069521775e-06
aco_current,7,7644,80,15,4,0.0,0.0,0.0,0.0,0.20313307642936707,False,False,0.0,0.0,0.0,[],0.0,0.0,0,0.0,0,2.8750000069521775e-06
aco_current,7,7645,80,15,1,1.0,147.0,148.0,0.74,0.2620912790298462,False,False,0.0,148.0,0.0,[],0.0,0.0,0,0.0,0,2.7499999930569174e-06
aco_current,7,7645,80,15,2,0.0,0.0,0.0,0.0,0.09907747060060501,False,False,0.0,0.0,0.0,[],0.0,0.0,0,0.0,0,2.7499999930569174e-06
aco_current,7,7645,80,15,3,0.0,0.0,0.0,0.0,0.43936213850975037,False,False,0.0,0.0,0.0,[],0.0,0.0,0,0.0,0,2.7499999930569174e-06
aco_current,7,7645,80,15,4,0.0,0.0,0.0,0.0,0.20313307642936707,False,False,0.0,0.0,0.0,[],0.0,0.0,0,0.0,0,2.7499999930569174e-06
aco_current,7,7646,80,15,1,0.0,148.0,148.0,0.74,0.1709492802619934,False,False,0.0,148.0,0.0,[],0.0,0.0,0,0.0,0,2.291000001264365e-06
aco_current,7,7646,80,15,2,0.0,0.0,0.0,0.0,0.09907747060060501,False,False,0.0,0.0,0.0,[],0.0,0.0,0,0.0,0,2.291000001264365e-06
aco_current,7,7646,80,15,3,0.0,0.0,0.0,0.0,0.43936213850975037,False,False,0.0,0.0,0.0,[],0.0,0.0,0,0.0,0,2.291000001264365e-06
aco_current,7,7646,80,15,4,0.0,0.0,0.0,0.0,0.20313307642936707,False,False,0.0,0.0,0.0,[],0.0,0.0,0,0.0,0,2.291000001264365e-06
aco_current,7,7647,80,15,1,0.0,148.0,148.0,0.74,0.2276626080274582,False,False,0.0,148.0,0.0,[],0.0,0.0,0,0.0,0,3.08300000995132e-06
aco_current,7,7647,80,15,2,0.0,0.0,0.0,0.0,0.09907747060060501,False,False,0.0,0.0,0.0,[],0.0,0.0,0,0.0,0,3.08300000995132e-06
aco_current,7,7647,80,15,3,0.0,0.0,0.0,0.0,0.43936213850975037,False,False,0.0,0.0,0.0,[],0.0,0.0,0,0.0,0,3.08300000995132e-06
aco_current,7,7647,80,15,4,0.0,0.0,0.0,0.0,0.20313307642936707,False,False,0.0,0.0,0.0,[],0.0,0.0,0,0.0,0,3.08300000995132e-06
aco_current,7,7648,80,16,1,0.0,148.0,148.0,0.74,0.2904936373233795,False,False,0.0,148.0,0.0,[],0.0,0.0,0,0.0,0,2.1250000088457455e-06
aco_current,7,7648,80,16,2,0.0,0.0,0.0,0.0,0.09907747060060501,False,False,0.0,0.0,0.0,[],0.0,0.0,0,0.0,0,2.1250000088457455e-06
aco_current,7,7648,80,16,3,0.0,0.0,0.0,0.0,0.43936213850975037,False,False,0.0,0.0,0.0,[],0.0,0.0,0,0.0,0,2.1250000088457455e-06
aco_current,7,7648,80,16,4,0.0,0.0,0.0,0.0,0.20313307642936707,False,False,0.0,0.0,0.0,[],0.0,0.0,0,0.0,0,2.1250000088457455e-06
aco_current,7,7649,80,16,1,0.0,148.0,148.0,0.74,0.29471030831336975,False,False,0.0,148.0,0.0,[],0.0,0.0,0,0.0,0,1.8750000094769348e-06
aco_current,7,7649,80,16,2,0.0,0.0,0.0,0.0,0.09907747060060501,False,False,0.0,0.0,0.0,[],0.0,0.0,0,0.0,0,1.8750000094769348e-06
aco_current,7,7649,80,16,3,0.0,0.0,0.0,0.0,0.43936213850975037,False,False,0.0,0.0,0.0,[],0.0,0.0,0,0.0,0,1.8750000094769348e-06
aco_current,7,7649,80,16,4,0.0,0.0,0.0,0.0,0.20313307642936707,False,False,0.0,0.0,0.0,[],0.0,0.0,0,0.0,0,1.8750000094769348e-06
aco_current,7,7650,80,16,1,0.0,148.0,148.0,0.74,0.29471030831336975,False,False,0.0,148.0,0.0,[],0.0,0.0,0,0.0,0,2.5420000042686297e-06
aco_current,7,7650,80,16,2,0.0,0.0,0.0,0.0,0.09907747060060501,False,False,0.0,0.0,0.0,[],0.0,0.0,0,0.0,0,2.5420000042686297e-06
aco_current,7,7650,80,16,3,0.0,0.0,0.0,0.0,0.43936213850975037,False,False,0.0,0.0,0.0,[],0.0,0.0,0,0.0,0,2.5420000042686297e-06
aco_current,7,7650,80,16,4,0.0,0.0,0.0,0.0,0.20313307642936707,False,False,0.0,0.0,0.0,[],0.0,0.0,0,0.0,0,2.5420000042686297e-06
aco_current,7,7651,80,16,1,0.0,148.0,148.0,0.74,0.29471030831336975,False,False,0.0,148.0,0.0,[],0.0,0.0,0,0.0,0,1.917000005846603e-06
aco_current,7,7651,80,16,2,0.0,0.0,0.0,0.0,0.09907747060060501,False,False,0.0,0.0,0.0,[],0.0,0.0,0,0.0,0,1.917000005846603e-06
aco_current,7,7651,80,16,3,0.0,0.0,0.0,0.0,0.43936213850975037,False,False,0.0,0.0,0.0,[],0.0,0.0,0,0.0,0,1.917000005846603e-06
aco_current,7,7651,80,16,4,0.0,0.0,0.0,0.0,0.20313307642936707,False,False,0.0,0.0,0.0,[],0.0,0.0,0,0.0,0,1.917000005846603e-06
aco_current,7,7652,80,17,1,0.0,148.0,148.0,0.74,0.29471030831336975,False,False,0.0,148.0,0.0,[],0.0,0.0,0,0.0,0,2.666000000317581e-06
aco_current,7,7652,80,17,2,0.0,0.0,0.0,0.0,0.09907747060060501,False,False,0.0,0.0,0.0,[],0.0,0.0,0,0.0,0,2.666000000317581e-06
aco_current,7,7652,80,17,3,0.0,0.0,0.0,0.0,0.43936213850975037,False,False,0.0,0.0,0.0,[],0.0,0.0,0,0.0,0,2.666000000317581e-06
aco_current,7,7652,80,17,4,0.0,0.0,0.0,0.0,0.20313307642936707,False,False,0.0,0.0,0.0,[],0.0,0.0,0,0.0,0,2.666000000317581e-06
aco_current,7,7653,80,17,1,0.0,148.0,148.0,0.74,0.29471030831336975,False,False,0.0,148.0,0.0,[],0.0,0.0,0,0.0,0,2.4170000045842244e-06
aco_current,7,7653,80,17,2,0.0,0.0,0.0,0.0,0.09907747060060501,False,False,0.0,0.0,0.0,[],0.0,0.0,0,0.0,0,2.4170000045842244e-06
aco_current,7,7653,80,17,3,0.0,0.0,0.0,0.0,0.43936213850975037,False,False,0.0,0.0,0.0,[],0.0,0.0,0,0.0,0,2.4170000045842244e-06
aco_current,7,7653,80,17,4,0.0,0.0,0.0,0.0,0.20313307642936707,False,False,0.0,0.0,0.0,[],0.0,0.0,0,0.0,0,2.4170000045842244e-06
aco_current,7,7654,80,17,1,0.0,148.0,148.0,0.74,0.29471030831336975,False,False,0.0,148.0,0.0,[],0.0,0.0,0,0.0,0,1.87499999526608e-06
aco_current,7,7654,80,17,2,0.0,0.0,0.0,0.0,0.09907747060060501,False,False,0.0,0.0,0.0,[],0.0,0.0,0,0.0,0,1.87499999526608e-06
aco_current,7,7654,80,17,3,0.0,0.0,0.0,0.0,0.43936213850975037,False,False,0.0,0.0,0.0,[],0.0,0.0,0,0.0,0,1.87499999526608e-06
aco_current,7,7654,80,17,4,0.0,0.0,0.0,0.0,0.20313307642936707,False,False,0.0,0.0,0.0,[],0.0,0.0,0,0.0,0,1.87499999526608e-06
aco_current,7,7655,80,17,1,0.0,148.0,148.0,0.74,0.29471030831336975,False,False,0.0,148.0,0.0,[],0.0,0.0,0,0.0,0,2.7090000003227033e-06
aco_current,7,7655,80,17,2,0.0,0.0,0.0,0.0,0.09907747060060501,False,False,0.0,0.0,0.0,[],0.0,0.0,0,0.0,0,2.7090000003227033e-06
aco_current,7,7655,80,17,3,0.0,0.0,0.0,0.0,0.43936213850975037,False,False,0.0,0.0,0.0,[],0.0,0.0,0,0.0,0,2.7090000003227033e-06
aco_current,7,7655,80,17,4,0.0,0.0,0.0,0.0,0.20313307642936707,False,False,0.0,0.0,0.0,[],0.0,0.0,0,0.0,0,2.7090000003227033e-06
aco_current,7,7656,80,18,1,0.0,148.0,148.0,0.74,0.29471030831336975,False,False,0.0,148.0,0.0,[],0.0,0.0,0,0.0,0,1.8329999988964119e-06
aco_current,7,7656,80,18,2,0.0,0.0,0.0,0.0,0.09907747060060501,False,False,0.0,0.0,0.0,[],0.0,0.0,0,0.0,0,1.8329999988964119e-06
aco_current,7,7656,80,18,3,0.0,0.0,0.0,0.0,0.43936213850975037,False,False,0.0,0.0,0.0,[],0.0,0.0,0,0.0,0,1.8329999988964119e-06
aco_current,7,7656,80,18,4,0.0,0.0,0.0,0.0,0.20313307642936707,False,False,0.0,0.0,0.0,[],0.0,0.0,0,0.0,0,1.8329999988964119e-06
aco_current,7,7657,80,18,1,0.0,148.0,148.0,0.74,0.29471030831336975,False,False,0.0,148.0,0.0,[],0.0,0.0,0,0.0,0,1.87499999526608e-06
aco_current,7,7657,80,18,2,0.0,0.0,0.0,0.0,0.09907747060060501,False,False,0.0,0.0,0.0,[],0.0,0.0,0,0.0,0,1.87499999526608e-06
aco_current,7,7657,80,18,3,0.0,0.0,0.0,0.0,0.43936213850975037,False,False,0.0,0.0,0.0,[],0.0,0.0,0,0.0,0,1.87499999526608e-06
aco_current,7,7657,80,18,4,0.0,0.0,0.0,0.0,0.20313307642936707,False,False,0.0,0.0,0.0,[],0.0,0.0,0,0.0,0,1.87499999526608e-06
aco_current,7,7658,80,18,1,0.0,148.0,148.0,0.74,0.29471030831336975,False,False,0.0,148.0,0.0,[],0.0,0.0,0,0.0,0,2.209000001585082e-06
aco_current,7,7658,80,18,2,0.0,0.0,0.0,0.0,0.09907747060060501,False,False,0.0,0.0,0.0,[],0.0,0.0,0,0.0,0,2.209000001585082e-06
aco_current,7,7658,80,18,3,0.0,0.0,0.0,0.0,0.43936213850975037,False,False,0.0,0.0,0.0,[],0.0,0.0,0,0.0,0,2.209000001585082e-06
aco_current,7,7658,80,18,4,0.0,0.0,0.0,0.0,0.20313307642936707,False,False,0.0,0.0,0.0,[],0.0,0.0,0,0.0,0,2.209000001585082e-06
aco_current,7,7659,80,18,1,0.0,148.0,148.0,0.74,0.29471030831336975,False,False,0.0,148.0,0.0,[],0.0,0.0,0,0.0,0,2.166999991004559e-06
aco_current,7,7659,80,18,2,0.0,0.0,0.0,0.0,0.09907747060060501,False,False,0.0,0.0,0.0,[],0.0,0.0,0,0.0,0,2.166999991004559e-06
aco_current,7,7659,80,18,3,0.0,0.0,0.0,0.0,0.43936213850975037,False,False,0.0,0.0,0.0,[],0.0,0.0,0,0.0,0,2.166999991004559e-06
aco_current,7,7659,80,18,4,0.0,0.0,0.0,0.0,0.20313307642936707,False,False,0.0,0.0,0.0,[],0.0,0.0,0,0.0,0,2.166999991004559e-06
aco_current,7,7660,80,19,1,0.0,148.0,148.0,0.74,0.29471030831336975,False,False,0.0,148.0,0.0,[],0.0,0.0,0,0.0,0,2.332999997634033e-06
aco_current,7,7660,80,19,2,0.0,0.0,0.0,0.0,0.09907747060060501,False,False,0.0,0.0,0.0,[],0.0,0.0,0,0.0,0,2.332999997634033e-06
aco_current,7,7660,80,19,3,0.0,0.0,0.0,0.0,0.43936213850975037,False,False,0.0,0.0,0.0,[],0.0,0.0,0,0.0,0,2.332999997634033e-06
aco_current,7,7660,80,19,4,0.0,0.0,0.0,0.0,0.20313307642936707,False,False,0.0,0.0,0.0,[],0.0,0.0,0,0.0,0,2.332999997634033e-06
aco_current,7,7661,80,19,1,0.0,148.0,148.0,0.74,0.29471030831336975,False,False,0.0,148.0,0.0,[],0.0,0.0,0,0.0,0,1.7499999955816747e-06
aco_current,7,7661,80,19,2,0.0,0.0,0.0,0.0,0.09907747060060501,False,False,0.0,0.0,0.0,[],0.0,0.0,0,0.0,0,1.7499999955816747e-06
aco_current,7,7661,80,19,3,0.0,0.0,0.0,0.0,0.43936213850975037,False,False,0.0,0.0,0.0,[],0.0,0.0,0,0.0,0,1.7499999955816747e-06
aco_current,7,7661,80,19,4,0.0,0.0,0.0,0.0,0.20313307642936707,False,False,0.0,0.0,0.0,[],0.0,0.0,0,0.0,0,1.7499999955816747e-06
aco_current,7,7662,80,19,1,0.0,148.0,148.0,0.74,0.29471030831336975,False,False,0.0,148.0,0.0,[],0.0,0.0,0,0.0,0,1.7500000097925295e-06
aco_current,7,7662,80,19,2,0.0,0.0,0.0,0.0,0.09907747060060501,False,False,0.0,0.0,0.0,[],0.0,0.0,0,0.0,0,1.7500000097925295e-06
aco_current,7,7662,80,19,3,0.0,0.0,0.0,0.0,0.43936213850975037,False,False,0.0,0.0,0.0,[],0.0,0.0,0,0.0,0,1.7500000097925295e-06
aco_current,7,7662,80,19,4,0.0,0.0,0.0,0.0,0.20313307642936707,False,False,0.0,0.0,0.0,[],0.0,0.0,0,0.0,0,1.7500000097925295e-06
aco_current,7,7663,80,19,1,0.0,148.0,148.0,0.74,0.29471030831336975,False,False,0.0,148.0,0.0,[],0.0,0.0,0,0.0,0,2.7079999966872492e-06
aco_current,7,7663,80,19,2,0.0,0.0,0.0,0.0,0.09907747060060501,False,False,0.0,0.0,0.0,[],0.0,0.0,0,0.0,0,2.7079999966872492e-06
aco_current,7,7663,80,19,3,0.0,0.0,0.0,0.0,0.43936213850975037,False,False,0.0,0.0,0.0,[],0.0,0.0,0,0.0,0,2.7079999966872492e-06
aco_current,7,7663,80,19,4,0.0,0.0,0.0,0.0,0.20313307642936707,False,False,0.0,0.0,0.0,[],0.0,0.0,0,0.0,0,2.7079999966872492e-06
aco_current,7,7664,80,20,1,0.0,148.0,148.0,0.74,0.29471030831336975,False,False,0.0,148.0,0.0,[],0.0,0.0,0,0.0,0,1.9590000022162712e-06
aco_current,7,7664,80,20,2,0.0,0.0,0.0,0.0,0.09907747060060501,False,False,0.0,0.0,0.0,[],0.0,0.0,0,0.0,0,1.9590000022162712e-06
aco_current,7,7664,80,20,3,0.0,0.0,0.0,0.0,0.43936213850975037,False,False,0.0,0.0,0.0,[],0.0,0.0,0,0.0,0,1.9590000022162712e-06
aco_current,7,7664,80,20,4,0.0,0.0,0.0,0.0,0.20313307642936707,False,False,0.0,0.0,0.0,[],0.0,0.0,0,0.0,0,1.9590000022162712e-06
aco_current,7,7665,80,20,1,0.0,148.0,148.0,0.74,0.29471030831336975,False,False,0.0,148.0,0.0,[],0.0,0.0,0,0.0,0,1.87499999526608e-06
aco_current,7,7665,80,20,2,0.0,0.0,0.0,0.0,0.09907747060060501,False,False,0.0,0.0,0.0,[],0.0,0.0,0,0.0,0,1.87499999526608e-06
aco_current,7,7665,80,20,3,0.0,0.0,0.0,0.0,0.43936213850975037,False,False,0.0,0.0,0.0,[],0.0,0.0,0,0.0,0,1.87499999526608e-06
aco_current,7,7665,80,20,4,0.0,0.0,0.0,0.0,0.20313307642936707,False,False,0.0,0.0,0.0,[],0.0,0.0,0,0.0,0,1.87499999526608e-06
aco_current,7,7666,80,20,1,0.0,148.0,148.0,0.74,0.29471030831336975,False,False,0.0,148.0,0.0,[],0.0,0.0,0,0.0,0,2.8340000000071086e-06
aco_current,7,7666,80,20,2,0.0,0.0,0.0,0.0,0.09907747060060501,False,False,0.0,0.0,0.0,[],0.0,0.0,0,0.0,0,2.8340000000071086e-06
aco_current,7,7666,80,20,3,0.0,0.0,0.0,0.0,0.43936213850975037,False,False,0.0,0.0,0.0,[],0.0,0.0,0,0.0,0,2.8340000000071086e-06
aco_current,7,7666,80,20,4,0.0,0.0,0.0,0.0,0.20313307642936707,False,False,0.0,0.0,0.0,[],0.0,0.0,0,0.0,0,2.8340000000071086e-06
aco_current,7,7667,80,20,1,0.0,148.0,148.0,0.74,0.29471030831336975,False,False,0.0,148.0,0.0,[],0.0,0.0,0,0.0,0,2.4160000009487703e-06
aco_current,7,7667,80,20,2,0.0,0.0,0.0,0.0,0.09907747060060501,False,False,0.0,0.0,0.0,[],0.0,0.0,0,0.0,0,2.4160000009487703e-06
aco_current,7,7667,80,20,3,0.0,0.0,0.0,0.0,0.43936213850975037,False,False,0.0,0.0,0.0,[],0.0,0.0,0,0.0,0,2.4160000009487703e-06
aco_current,7,7667,80,20,4,0.0,0.0,0.0,0.0,0.20313307642936707,False,False,0.0,0.0,0.0,[],0.0,0.0,0,0.0,0,2.4160000009487703e-06
aco_current,7,7668,80,21,1,0.0,148.0,148.0,0.74,0.29471030831336975,False,False,0.0,148.0,0.0,[],0.0,0.0,0,0.0,0,3.957999993531303e-06
aco_current,7,7668,80,21,2,0.0,0.0,0.0,0.0,0.09907747060060501,False,False,0.0,0.0,0.0,[],0.0,0.0,0,0.0,0,3.957999993531303e-06
aco_current,7,7668,80,21,3,0.0,0.0,0.0,0.0,0.43936213850975037,False,False,0.0,0.0,0.0,[],0.0,0.0,0,0.0,0,3.957999993531303e-06
aco_current,7,7668,80,21,4,0.0,0.0,0.0,0.0,0.20313307642936707,False,False,0.0,0.0,0.0,[],0.0,0.0,0,0.0,0,3.957999993531303e-06
aco_current,7,7669,80,21,1,0.0,148.0,148.0,0.74,0.29471030831336975,False,False,0.0,148.0,0.0,[],0.0,0.0,0,0.0,0,1.8329999988964119e-06
aco_current,7,7669,80,21,2,0.0,0.0,0.0,0.0,0.09907747060060501,False,False,0.0,0.0,0.0,[],0.0,0.0,0,0.0,0,1.8329999988964119e-06
aco_current,7,7669,80,21,3,0.0,0.0,0.0,0.0,0.43936213850975037,False,False,0.0,0.0,0.0,[],0.0,0.0,0,0.0,0,1.8329999988964119e-06
aco_current,7,7669,80,21,4,0.0,0.0,0.0,0.0,0.20313307642936707,False,False,0.0,0.0,0.0,[],0.0,0.0,0,0.0,0,1.8329999988964119e-06
aco_current,7,7670,80,21,1,0.0,148.0,148.0,0.74,0.29471030831336975,False,False,0.0,148.0,0.0,[],0.0,0.0,0,0.0,0,1.7499999955816747e-06
aco_current,7,7670,80,21,2,0.0,0.0,0.0,0.0,0.09907747060060501,False,False,0.0,0.0,0.0,[],0.0,0.0,0,0.0,0,1.7499999955816747e-06
aco_current,7,7670,80,21,3,0.0,0.0,0.0,0.0,0.43936213850975037,False,False,0.0,0.0,0.0,[],0.0,0.0,0,0.0,0,1.7499999955816747e-06
aco_current,7,7670,80,21,4,0.0,0.0,0.0,0.0,0.20313307642936707,False,False,0.0,0.0,0.0,[],0.0,0.0,0,0.0,0,1.7499999955816747e-06
aco_current,7,7671,80,21,1,0.0,148.0,148.0,0.74,0.29471030831336975,False,False,0.0,148.0,0.0,[],0.0,0.0,0,0.0,0,3.500000005374204e-06
aco_current,7,7671,80,21,2,0.0,0.0,0.0,0.0,0.09907747060060501,False,False,0.0,0.0,0.0,[],0.0,0.0,0,0.0,0,3.500000005374204e-06
aco_current,7,7671,80,21,3,0.0,0.0,0.0,0.0,0.43936213850975037,False,False,0.0,0.0,0.0,[],0.0,0.0,0,0.0,0,3.500000005374204e-06
aco_current,7,7671,80,21,4,0.0,0.0,0.0,0.0,0.20313307642936707,False,False,0.0,0.0,0.0,[],0.0,0.0,0,0.0,0,3.500000005374204e-06
aco_current,7,7672,80,22,1,0.0,148.0,148.0,0.74,0.29471030831336975,False,False,0.0,148.0,0.0,[],0.0,0.0,0,0.0,0,2.249999994319296e-06
aco_current,7,7672,80,22,2,0.0,0.0,0.0,0.0,0.09907747060060501,False,False,0.0,0.0,0.0,[],0.0,0.0,0,0.0,0,2.249999994319296e-06
aco_current,7,7672,80,22,3,0.0,0.0,0.0,0.0,0.43936213850975037,False,False,0.0,0.0,0.0,[],0.0,0.0,0,0.0,0,2.249999994319296e-06
aco_current,7,7672,80,22,4,0.0,0.0,0.0,0.0,0.20313307642936707,False,False,0.0,0.0,0.0,[],0.0,0.0,0,0.0,0,2.249999994319296e-06
aco_current,7,7673,80,22,1,0.0,148.0,148.0,0.74,0.29471030831336975,False,False,0.0,148.0,0.0,[],0.0,0.0,0,0.0,0,2.9170000033218457e-06
aco_current,7,7673,80,22,2,0.0,0.0,0.0,0.0,0.09907747060060501,False,False,0.0,0.0,0.0,[],0.0,0.0,0,0.0,0,2.9170000033218457e-06
aco_current,7,7673,80,22,3,0.0,0.0,0.0,0.0,0.43936213850975037,False,False,0.0,0.0,0.0,[],0.0,0.0,0,0.0,0,2.9170000033218457e-06
aco_current,7,7673,80,22,4,0.0,0.0,0.0,0.0,0.20313307642936707,False,False,0.0,0.0,0.0,[],0.0,0.0,0,0.0,0,2.9170000033218457e-06
aco_current,7,7674,80,22,1,0.0,148.0,148.0,0.74,0.29471030831336975,False,False,0.0,148.0,0.0,[],0.0,0.0,0,0.0,0,1.7499999955816747e-06
aco_current,7,7674,80,22,2,0.0,0.0,0.0,0.0,0.09907747060060501,False,False,0.0,0.0,0.0,[],0.0,0.0,0,0.0,0,1.7499999955816747e-06
aco_current,7,7674,80,22,3,0.0,0.0,0.0,0.0,0.43936213850975037,False,False,0.0,0.0,0.0,[],0.0,0.0,0,0.0,0,1.7499999955816747e-06
aco_current,7,7674,80,22,4,0.0,0.0,0.0,0.0,0.20313307642936707,False,False,0.0,0.0,0.0,[],0.0,0.0,0,0.0,0,1.7499999955816747e-06
aco_current,7,7675,80,22,1,0.0,148.0,148.0,0.74,0.29471030831336975,False,False,0.0,148.0,0.0,[],0.0,0.0,0,0.0,0,2.250000008530151e-06
aco_current,7,7675,80,22,2,0.0,0.0,0.0,0.0,0.09907747060060501,False,False,0.0,0.0,0.0,[],0.0,0.0,0,0.0,0,2.250000008530151e-06
aco_current,7,7675,80,22,3,0.0,0.0,0.0,0.0,0.43936213850975037,False,False,0.0,0.0,0.0,[],0.0,0.0,0,0.0,0,2.250000008530151e-06
aco_current,7,7675,80,22,4,0.0,0.0,0.0,0.0,0.20313307642936707,False,False,0.0,0.0,0.0,[],0.0,0.0,0,0.0,0,2.250000008530151e-06
aco_current,7,7676,80,23,1,0.0,148.0,148.0,0.74,0.29471030831336975,False,False,0.0,148.0,0.0,[],0.0,0.0,0,0.0,0,2.291000001264365e-06
aco_current,7,7676,80,23,2,0.0,0.0,0.0,0.0,0.09907747060060501,False,False,0.0,0.0,0.0,[],0.0,0.0,0,0.0,0,2.291000001264365e-06
aco_current,7,7676,80,23,3,0.0,0.0,0.0,0.0,0.43936213850975037,False,False,0.0,0.0,0.0,[],0.0,0.0,0,0.0,0,2.291000001264365e-06
aco_current,7,7676,80,23,4,0.0,0.0,0.0,0.0,0.20313307642936707,False,False,0.0,0.0,0.0,[],0.0,0.0,0,0.0,0,2.291000001264365e-06
aco_current,7,7677,80,23,1,0.0,148.0,148.0,0.74,0.29471030831336975,False,False,0.0,148.0,0.0,[],0.0,0.0,0,0.0,0,1.916000002211149e-06
aco_current,7,7677,80,23,2,0.0,0.0,0.0,0.0,0.09907747060060501,False,False,0.0,0.0,0.0,[],0.0,0.0,0,0.0,0,1.916000002211149e-06
aco_current,7,7677,80,23,3,0.0,0.0,0.0,0.0,0.43936213850975037,False,False,0.0,0.0,0.0,[],0.0,0.0,0,0.0,0,1.916000002211149e-06
aco_current,7,7677,80,23,4,0.0,0.0,0.0,0.0,0.20313307642936707,False,False,0.0,0.0,0.0,[],0.0,0.0,0,0.0,0,1.916000002211149e-06
aco_current,7,7678,80,23,1,0.0,148.0,148.0,0.74,0.29471030831336975,False,False,0.0,148.0,0.0,[],0.0,0.0,0,0.0,0,2.332999997634033e-06
aco_current,7,7678,80,23,2,0.0,0.0,0.0,0.0,0.09907747060060501,False,False,0.0,0.0,0.0,[],0.0,0.0,0,0.0,0,2.332999997634033e-06
aco_current,7,7678,80,23,3,0.0,0.0,0.0,0.0,0.43936213850975037,False,False,0.0,0.0,0.0,[],0.0,0.0,0,0.0,0,2.332999997634033e-06
aco_current,7,7678,80,23,4,0.0,0.0,0.0,0.0,0.20313307642936707,False,False,0.0,0.0,0.0,[],0.0,0.0,0,0.0,0,2.332999997634033e-06
aco_current,7,7679,80,23,1,0.0,148.0,148.0,0.74,0.29471030831336975,False,False,0.0,148.0,0.0,[],0.0,0.0,0,0.0,0,2.0829999982652225e-06
aco_current,7,7679,80,23,2,0.0,0.0,0.0,0.0,0.09907747060060501,False,False,0.0,0.0,0.0,[],0.0,0.0,0,0.0,0,2.0829999982652225e-06
aco_current,7,7679,80,23,3,0.0,0.0,0.0,0.0,0.43936213850975037,False,False,0.0,0.0,0.0,[],0.0,0.0,0,0.0,0,2.0829999982652225e-06
aco_current,7,7679,80,23,4,0.0,0.0,0.0,0.0,0.20313307642936707,False,False,0.0,0.0,0.0,[],0.0,0.0,0,0.0,0,2.0829999982652225e-06
aco_current,7,7680,81,0,1,35.0,148.0,183.0,0.915,1.0,True,True,30.0,153.0,0.0,[1],10.0,10.0,1,10.0,0,0.009583415999998124
aco_current,7,7680,81,0,2,0.0,0.0,0.0,0.0,0.09907747060060501,False,False,0.0,0.0,0.0,[],10.0,10.0,1,10.0,0,0.009583415999998124
aco_current,7,7680,81,0,3,0.0,0.0,0.0,0.0,0.43936213850975037,False,False,0.0,0.0,0.0,[],10.0,10.0,1,10.0,0,0.009583415999998124
aco_current,7,7680,81,0,4,0.0,0.0,0.0,0.0,0.20313307642936707,False,False,0.0,0.0,0.0,[],10.0,10.0,1,10.0,0,0.009583415999998124
aco_current,7,7681,81,0,1,36.0,153.0,189.0,0.945,1.0,True,True,30.0,159.0,0.0,[1],10.0,10.0,1,10.0,0,0.009558917000006772
aco_current,7,7681,81,0,2,0.0,0.0,0.0,0.0,0.09907747060060501,False,False,0.0,0.0,0.0,[],10.0,10.0,1,10.0,0,0.009558917000006772
aco_current,7,7681,81,0,3,0.0,0.0,0.0,0.0,0.43936213850975037,False,False,0.0,0.0,0.0,[],10.0,10.0,1,10.0,0,0.009558917000006772
aco_current,7,7681,81,0,4,0.0,0.0,0.0,0.0,0.20313307642936707,False,False,0.0,0.0,0.0,[],10.0,10.0,1,10.0,0,0.009558917000006772
aco_current,7,7682,81,0,1,36.0,159.0,195.0,0.975,1.0,True,True,30.0,165.0,0.0,[1],10.0,10.0,1,10.0,0,0.009424541999990765
aco_current,7,7682,81,0,2,0.0,0.0,0.0,0.0,0.09907747060060501,False,False,0.0,0.0,0.0,[],10.0,10.0,1,10.0,0,0.009424541999990765
aco_current,7,7682,81,0,3,0.0,0.0,0.0,0.0,0.43936213850975037,False,False,0.0,0.0,0.0,[],10.0,10.0,1,10.0,0,0.009424541999990765
aco_current,7,7682,81,0,4,0.0,0.0,0.0,0.0,0.20313307642936707,False,False,0.0,0.0,0.0,[],10.0,10.0,1,10.0,0,0.009424541999990765
aco_current,7,7683,81,0,1,36.0,165.0,201.0,1.005,1.0,True,True,30.0,171.0,0.0,[1],10.0,10.0,1,10.0,0,0.009522958000005133
aco_current,7,7683,81,0,2,0.0,0.0,0.0,0.0,0.09907747060060501,False,False,0.0,0.0,0.0,[],10.0,10.0,1,10.0,0,0.009522958000005133
aco_current,7,7683,81,0,3,0.0,0.0,0.0,0.0,0.43936213850975037,False,False,0.0,0.0,0.0,[],10.0,10.0,1,10.0,0,0.009522958000005133
aco_current,7,7683,81,0,4,0.0,0.0,0.0,0.0,0.20313307642936707,False,False,0.0,0.0,0.0,[],10.0,10.0,1,10.0,0,0.009522958000005133
aco_current,7,7684,81,1,1,37.0,171.0,208.0,1.04,1.0,True,True,30.0,178.0,0.0,[1],10.0,10.0,1,10.0,0,0.009651749999989079
aco_current,7,7684,81,1,2,0.0,0.0,0.0,0.0,0.09907747060060501,False,False,0.0,0.0,0.0,[],10.0,10.0,1,10.0,0,0.009651749999989079
aco_current,7,7684,81,1,3,0.0,0.0,0.0,0.0,0.43936213850975037,False,False,0.0,0.0,0.0,[],10.0,10.0,1,10.0,0,0.009651749999989079
aco_current,7,7684,81,1,4,0.0,0.0,0.0,0.0,0.20313307642936707,False,False,0.0,0.0,0.0,[],10.0,10.0,1,10.0,0,0.009651749999989079
aco_current,7,7685,81,1,1,36.0,178.0,214.0,1.07,1.0,True,True,30.0,184.0,0.0,[1],10.0,10.0,1,10.0,0,0.009465833000007251
aco_current,7,7685,81,1,2,0.0,0.0,0.0,0.0,0.09907747060060501,False,False,0.0,0.0,0.0,[],10.0,10.0,1,10.0,0,0.009465833000007251
aco_current,7,7685,81,1,3,0.0,0.0,0.0,0.0,0.43936213850975037,False,False,0.0,0.0,0.0,[],10.0,10.0,1,10.0,0,0.009465833000007251
aco_current,7,7685,81,1,4,0.0,0.0,0.0,0.0,0.20313307642936707,False,False,0.0,0.0,0.0,[],10.0,10.0,1,10.0,0,0.009465833000007251
aco_current,7,7686,81,1,1,35.0,184.0,219.0,1.095,1.0,True,True,30.0,189.0,0.0,[1],10.0,10.0,1,10.0,0,0.00956495800001278
aco_current,7,7686,81,1,2,0.0,0.0,0.0,0.0,0.09907747060060501,False,False,0.0,0.0,0.0,[],10.0,10.0,1,10.0,0,0.00956495800001278
aco_current,7,7686,81,1,3,0.0,0.0,0.0,0.0,0.43936213850975037,False,False,0.0,0.0,0.0,[],10.0,10.0,1,10.0,0,0.00956495800001278
aco_current,7,7686,81,1,4,0.0,0.0,0.0,0.0,0.20313307642936707,False,False,0.0,0.0,0.0,[],10.0,10.0,1,10.0,0,0.00956495800001278
aco_current,7,7687,81,1,1,29.0,189.0,218.0,1.09,1.0,True,True,30.0,188.0,0.0,[1],10.0,10.0,1,10.0,0,0.009581084000004125
aco_current,7,7687,81,1,2,0.0,0.0,0.0,0.0,0.09907747060060501,False,False,0.0,0.0,0.0,[],10.0,10.0,1,10.0,0,0.009581084000004125
aco_current,7,7687,81,1,3,0.0,0.0,0.0,0.0,0.43936213850975037,False,False,0.0,0.0,0.0,[],10.0,10.0,1,10.0,0,0.009581084000004125
aco_current,7,7687,81,1,4,0.0,0.0,0.0,0.0,0.20313307642936707,False,False,0.0,0.0,0.0,[],10.0,10.0,1,10.0,0,0.009581084000004125
aco_current,7,7688,81,2,1,19.0,188.0,207.0,1.035,1.0,True,True,30.0,177.0,0.0,[1],10.0,10.0,1,10.0,0,0.009496915999989142
aco_current,7,7688,81,2,2,0.0,0.0,0.0,0.0,0.09907747060060501,False,False,0.0,0.0,0.0,[],10.0,10.0,1,10.0,0,0.009496915999989142
aco_current,7,7688,81,2,3,0.0,0.0,0.0,0.0,0.43936213850975037,False,False,0.0,0.0,0.0,[],10.0,10.0,1,10.0,0,0.009496915999989142
aco_current,7,7688,81,2,4,0.0,0.0,0.0,0.0,0.20313307642936707,False,False,0.0,0.0,0.0,[],10.0,10.0,1,10.0,0,0.009496915999989142
aco_current,7,7689,81,2,1,19.0,177.0,196.0,0.98,1.0,True,True,30.0,166.0,0.0,[1],10.0,10.0,1,10.0,0,0.009525042000007033
aco_current,7,7689,81,2,2,0.0,0.0,0.0,0.0,0.09907747060060501,False,False,0.0,0.0,0.0,[],10.0,10.0,1,10.0,0,0.009525042000007033
aco_current,7,7689,81,2,3,0.0,0.0,0.0,0.0,0.43936213850975037,False,False,0.0,0.0,0.0,[],10.0,10.0,1,10.0,0,0.009525042000007033
aco_current,7,7689,81,2,4,0.0,0.0,0.0,0.0,0.20313307642936707,False,False,0.0,0.0,0.0,[],10.0,10.0,1,10.0,0,0.009525042000007033
aco_current,7,7690,81,2,1,15.0,166.0,181.0,0.905,0.9999986886978149,True,True,30.0,151.0,0.0,[1],10.0,10.0,1,10.0,0,0.009686999999999557
aco_current,7,7690,81,2,2,0.0,0.0,0.0,0.0,0.09907747060060501,False,False,0.0,0.0,0.0,[],10.0,10.0,1,10.0,0,0.009686999999999557
aco_current,7,7690,81,2,3,0.0,0.0,0.0,0.0,0.43936213850975037,False,False,0.0,0.0,0.0,[],10.0,10.0,1,10.0,0,0.009686999999999557
aco_current,7,7690,81,2,4,0.0,0.0,0.0,0.0,0.20313307642936707,False,False,0.0,0.0,0.0,[],10.0,10.0,1,10.0,0,0.009686999999999557
aco_current,7,7691,81,2,1,17.0,151.0,168.0,0.84,0.9999787211418152,True,True,30.0,138.0,0.0,[1],10.0,10.0,1,10.0,0,0.009708625000001803
aco_current,7,7691,81,2,2,0.0,0.0,0.0,0.0,0.09907747060060501,False,False,0.0,0.0,0.0,[],10.0,10.0,1,10.0,0,0.009708625000001803
aco_current,7,7691,81,2,3,0.0,0.0,0.0,0.0,0.43936213850975037,False,False,0.0,0.0,0.0,[],10.0,10.0,1,10.0,0,0.009708625000001803
aco_current,7,7691,81,2,4,0.0,0.0,0.0,0.0,0.20313307642936707,False,False,0.0,0.0,0.0,[],10.0,10.0,1,10.0,0,0.009708625000001803
aco_current,7,7692,81,3,1,19.0,138.0,157.0,0.785,0.9998316168785095,False,False,0.0,157.0,0.0,[],0.0,0.0,0,0.0,0,2.7499999930569174e-06
aco_current,7,7692,81,3,2,0.0,0.0,0.0,0.0,0.09907747060060501,False,False,0.0,0.0,0.0,[],0.0,0.0,0,0.0,0,2.7499999930569174e-06
aco_current,7,7692,81,3,3,0.0,0.0,0.0,0.0,0.43936213850975037,False,False,0.0,0.0,0.0,[],0.0,0.0,0,0.0,0,2.7499999930569174e-06
aco_current,7,7692,81,3,4,0.0,0.0,0.0,0.0,0.20313307642936707,False,False,0.0,0.0,0.0,[],0.0,0.0,0,0.0,0,2.7499999930569174e-06
aco_current,7,7693,81,3,1,19.0,157.0,176.0,0.88,0.9999986886978149,True,True,30.0,146.0,0.0,[1],10.0,10.0,1,10.0,0,0.009347040999998057
aco_current,7,7693,81,3,2,0.0,0.0,0.0,0.0,0.09907747060060501,False,False,0.0,0.0,0.0,[],10.0,10.0,1,10.0,0,0.009347040999998057
aco_current,7,7693,81,3,3,0.0,0.0,0.0,0.0,0.43936213850975037,False,False,0.0,0.0,0.0,[],10.0,10.0,1,10.0,0,0.009347040999998057
aco_current,7,7693,81,3,4,0.0,0.0,0.0,0.0,0.20313307642936707,False,False,0.0,0.0,0.0,[],10.0,10.0,1,10.0,0,0.009347040999998057
aco_current,7,7694,81,3,1,39.0,146.0,185.0,0.925,1.0,True,True,30.0,155.0,0.0,[1],10.0,10.0,1,10.0,0,0.009599541000000045
aco_current,7,7694,81,3,2,0.0,0.0,0.0,0.0,0.09907747060060501,False,False,0.0,0.0,0.0,[],10.0,10.0,1,10.0,0,0.009599541000000045
aco_current,7,7694,81,3,3,0.0,0.0,0.0,0.0,0.43936213850975037,False,False,0.0,0.0,0.0,[],10.0,10.0,1,10.0,0,0.009599541000000045
aco_current,7,7694,81,3,4,0.0,0.0,0.0,0.0,0.20313307642936707,False,False,0.0,0.0,0.0,[],10.0,10.0,1,10.0,0,0.009599541000000045
aco_current,7,7695,81,3,1,50.0,155.0,205.0,1.025,1.0,True,True,30.0,175.0,0.0,[1],10.0,10.0,1,10.0,0,0.009463542000005987
aco_current,7,7695,81,3,2,0.0,0.0,0.0,0.0,0.09907747060060501,False,False,0.0,0.0,0.0,[],10.0,10.0,1,10.0,0,0.009463542000005987
aco_current,7,7695,81,3,3,0.0,0.0,0.0,0.0,0.43936213850975037,False,False,0.0,0.0,0.0,[],10.0,10.0,1,10.0,0,0.009463542000005987
aco_current,7,7695,81,3,4,0.0,0.0,0.0,0.0,0.20313307642936707,False,False,0.0,0.0,0.0,[],10.0,10.0,1,10.0,0,0.009463542000005987
aco_current,7,7696,81,4,1,50.0,175.0,225.0,1.125,1.0,True,True,30.0,195.0,0.0,[1],10.0,10.0,1,10.0,0,0.00955258299998718
aco_current,7,7696,81,4,2,0.0,0.0,0.0,0.0,0.09907747060060501,False,False,0.0,0.0,0.0,[],10.0,10.0,1,10.0,0,0.00955258299998718
aco_current,7,7696,81,4,3,0.0,0.0,0.0,0.0,0.43936213850975037,False,False,0.0,0.0,0.0,[],10.0,10.0,1,10.0,0,0.00955258299998718
aco_current,7,7696,81,4,4,0.0,0.0,0.0,0.0,0.20313307642936707,False,False,0.0,0.0,0.0,[],10.0,10.0,1,10.0,0,0.00955258299998718
aco_current,7,7697,81,4,1,49.0,195.0,244.0,1.22,1.0,True,True,30.0,200.0,14.0,[1],10.0,10.0,1,10.0,0,0.009531458999987308
aco_current,7,7697,81,4,2,0.0,0.0,0.0,0.0,0.09907747060060501,False,False,0.0,0.0,0.0,[],10.0,10.0,1,10.0,0,0.009531458999987308
aco_current,7,7697,81,4,3,0.0,0.0,0.0,0.0,0.43936213850975037,False,False,0.0,0.0,0.0,[],10.0,10.0,1,10.0,0,0.009531458999987308
aco_current,7,7697,81,4,4,0.0,0.0,0.0,0.0,0.20313307642936707,False,False,0.0,0.0,0.0,[],10.0,10.0,1,10.0,0,0.009531458999987308
aco_current,7,7698,81,4,1,52.0,200.0,252.0,1.26,1.0,True,True,30.0,200.0,22.0,[1],10.0,10.0,1,10.0,0,0.009461208000004717
aco_current,7,7698,81,4,2,0.0,0.0,0.0,0.0,0.09907747060060501,False,False,0.0,0.0,0.0,[],10.0,10.0,1,10.0,0,0.009461208000004717
aco_current,7,7698,81,4,3,0.0,0.0,0.0,0.0,0.43936213850975037,False,False,0.0,0.0,0.0,[],10.0,10.0,1,10.0,0,0.009461208000004717
aco_current,7,7698,81,4,4,0.0,0.0,0.0,0.0,0.20313307642936707,False,False,0.0,0.0,0.0,[],10.0,10.0,1,10.0,0,0.009461208000004717
aco_current,7,7699,81,4,1,50.0,200.0,250.0,1.25,1.0,True,True,30.0,200.0,20.0,[1],10.0,10.0,1,10.0,0,0.009435166000002937
aco_current,7,7699,81,4,2,0.0,0.0,0.0,0.0,0.09907747060060501,False,False,0.0,0.0,0.0,[],10.0,10.0,1,10.0,0,0.009435166000002937
aco_current,7,7699,81,4,3,0.0,0.0,0.0,0.0,0.43936213850975037,False,False,0.0,0.0,0.0,[],10.0,10.0,1,10.0,0,0.009435166000002937
aco_current,7,7699,81,4,4,0.0,0.0,0.0,0.0,0.20313307642936707,False,False,0.0,0.0,0.0,[],10.0,10.0,1,10.0,0,0.009435166000002937
aco_current,7,7700,81,5,1,52.0,200.0,252.0,1.26,1.0,True,True,30.0,200.0,22.0,[1],10.0,10.0,1,10.0,0,0.009496874999996407
aco_current,7,7700,81,5,2,0.0,0.0,0.0,0.0,0.09907747060060501,False,False,0.0,0.0,0.0,[],10.0,10.0,1,10.0,0,0.009496874999996407
aco_current,7,7700,81,5,3,0.0,0.0,0.0,0.0,0.43936213850975037,False,False,0.0,0.0,0.0,[],10.0,10.0,1,10.0,0,0.009496874999996407
aco_current,7,7700,81,5,4,0.0,0.0,0.0,0.0,0.20313307642936707,False,False,0.0,0.0,0.0,[],10.0,10.0,1,10.0,0,0.009496874999996407
aco_current,7,7701,81,5,1,49.0,200.0,249.0,1.245,1.0,True,True,30.0,200.0,19.0,[1],10.0,10.0,1,10.0,0,0.009538125000005948
aco_current,7,7701,81,5,2,0.0,0.0,0.0,0.0,0.09907747060060501,False,False,0.0,0.0,0.0,[],10.0,10.0,1,10.0,0,0.009538125000005948
aco_current,7,7701,81,5,3,0.0,0.0,0.0,0.0,0.43936213850975037,False,False,0.0,0.0,0.0,[],10.0,10.0,1,10.0,0,0.009538125000005948
aco_current,7,7701,81,5,4,0.0,0.0,0.0,0.0,0.20313307642936707,False,False,0.0,0.0,0.0,[],10.0,10.0,1,10.0,0,0.009538125000005948
aco_current,7,7702,81,5,1,52.0,200.0,252.0,1.26,1.0,True,True,30.0,200.0,22.0,[1],10.0,10.0,1,10.0,0,0.009573583000005215
aco_current,7,7702,81,5,2,0.0,0.0,0.0,0.0,0.09907747060060501,False,False,0.0,0.0,0.0,[],10.0,10.0,1,10.0,0,0.009573583000005215
aco_current,7,7702,81,5,3,0.0,0.0,0.0,0.0,0.43936213850975037,False,False,0.0,0.0,0.0,[],10.0,10.0,1,10.0,0,0.009573583000005215
aco_current,7,7702,81,5,4,0.0,0.0,0.0,0.0,0.20313307642936707,False,False,0.0,0.0,0.0,[],10.0,10.0,1,10.0,0,0.009573583000005215
aco_current,7,7703,81,5,1,50.0,200.0,250.0,1.25,1.0,True,True,30.0,200.0,20.0,[1],10.0,10.0,1,10.0,0,0.00930091700000446
aco_current,7,7703,81,5,2,0.0,0.0,0.0,0.0,0.09907747060060501,False,False,0.0,0.0,0.0,[],10.0,10.0,1,10.0,0,0.00930091700000446
aco_current,7,7703,81,5,3,0.0,0.0,0.0,0.0,0.43936213850975037,False,False,0.0,0.0,0.0,[],10.0,10.0,1,10.0,0,0.00930091700000446
aco_current,7,7703,81,5,4,0.0,0.0,0.0,0.0,0.20313307642936707,False,False,0.0,0.0,0.0,[],10.0,10.0,1,10.0,0,0.00930091700000446
aco_current,7,7704,81,6,1,52.0,200.0,252.0,1.26,1.0,True,True,30.0,200.0,22.0,[1],10.0,10.0,1,10.0,0,0.009491500000009978
aco_current,7,7704,81,6,2,0.0,0.0,0.0,0.0,0.09907747060060501,False,False,0.0,0.0,0.0,[],10.0,10.0,1,10.0,0,0.009491500000009978
aco_current,7,7704,81,6,3,0.0,0.0,0.0,0.0,0.43936213850975037,False,False,0.0,0.0,0.0,[],10.0,10.0,1,10.0,0,0.009491500000009978
aco_current,7,7704,81,6,4,0.0,0.0,0.0,0.0,0.20313307642936707,False,False,0.0,0.0,0.0,[],10.0,10.0,1,10.0,0,0.009491500000009978
aco_current,7,7705,81,6,1,53.0,200.0,253.0,1.265,1.0,True,True,30.0,200.0,23.0,[1],10.0,10.0,1,10.0,0,0.009306749999993258
aco_current,7,7705,81,6,2,0.0,0.0,0.0,0.0,0.09907747060060501,False,False,0.0,0.0,0.0,[],10.0,10.0,1,10.0,0,0.009306749999993258
aco_current,7,7705,81,6,3,0.0,0.0,0.0,0.0,0.43936213850975037,False,False,0.0,0.0,0.0,[],10.0,10.0,1,10.0,0,0.009306749999993258
aco_current,7,7705,81,6,4,0.0,0.0,0.0,0.0,0.20313307642936707,False,False,0.0,0.0,0.0,[],10.0,10.0,1,10.0,0,0.009306749999993258
aco_current,7,7706,81,6,1,52.0,200.0,252.0,1.26,1.0,True,True,30.0,200.0,22.0,[1],10.0,10.0,1,10.0,0,0.009417291000005434
aco_current,7,7706,81,6,2,0.0,0.0,0.0,0.0,0.09907747060060501,False,False,0.0,0.0,0.0,[],10.0,10.0,1,10.0,0,0.009417291000005434
aco_current,7,7706,81,6,3,0.0,0.0,0.0,0.0,0.43936213850975037,False,False,0.0,0.0,0.0,[],10.0,10.0,1,10.0,0,0.009417291000005434
aco_current,7,7706,81,6,4,0.0,0.0,0.0,0.0,0.20313307642936707,False,False,0.0,0.0,0.0,[],10.0,10.0,1,10.0,0,0.009417291000005434
aco_current,7,7707,81,6,1,51.0,200.0,251.0,1.255,1.0,True,True,30.0,200.0,21.0,[1],10.0,10.0,1,10.0,0,0.00940495899999405
aco_current,7,7707,81,6,2,0.0,0.0,0.0,0.0,0.09907747060060501,False,False,0.0,0.0,0.0,[],10.0,10.0,1,10.0,0,0.00940495899999405
aco_current,7,7707,81,6,3,0.0,0.0,0.0,0.0,0.43936213850975037,False,False,0.0,0.0,0.0,[],10.0,10.0,1,10.0,0,0.00940495899999405
aco_current,7,7707,81,6,4,0.0,0.0,0.0,0.0,0.20313307642936707,False,False,0.0,0.0,0.0,[],10.0,10.0,1,10.0,0,0.00940495899999405
aco_current,7,7708,81,7,1,48.0,200.0,248.0,1.24,1.0,True,True,30.0,200.0,18.0,[1],10.0,10.0,1,10.0,0,0.009547000000011963
aco_current,7,7708,81,7,2,0.0,0.0,0.0,0.0,0.09907747060060501,False,False,0.0,0.0,0.0,[],10.0,10.0,1,10.0,0,0.009547000000011963
aco_current,7,7708,81,7,3,0.0,0.0,0.0,0.0,0.43936213850975037,False,False,0.0,0.0,0.0,[],10.0,10.0,1,10.0,0,0.009547000000011963
aco_current,7,7708,81,7,4,0.0,0.0,0.0,0.0,0.20313307642936707,False,False,0.0,0.0,0.0,[],10.0,10.0,1,10.0,0,0.009547000000011963
aco_current,7,7709,81,7,1,48.0,200.0,248.0,1.24,1.0,True,True,30.0,200.0,18.0,[1],10.0,10.0,1,10.0,0,0.00943754099999694
aco_current,7,7709,81,7,2,0.0,0.0,0.0,0.0,0.09907747060060501,False,False,0.0,0.0,0.0,[],10.0,10.0,1,10.0,0,0.00943754099999694
aco_current,7,7709,81,7,3,0.0,0.0,0.0,0.0,0.43936213850975037,False,False,0.0,0.0,0.0,[],10.0,10.0,1,10.0,0,0.00943754099999694
aco_current,7,7709,81,7,4,0.0,0.0,0.0,0.0,0.20313307642936707,False,False,0.0,0.0,0.0,[],10.0,10.0,1,10.0,0,0.00943754099999694
aco_current,7,7710,81,7,1,50.0,200.0,250.0,1.25,1.0,True,True,30.0,200.0,20.0,[1],10.0,10.0,1,10.0,0,0.009537749999992684
aco_current,7,7710,81,7,2,0.0,0.0,0.0,0.0,0.09907747060060501,False,False,0.0,0.0,0.0,[],10.0,10.0,1,10.0,0,0.009537749999992684
aco_current,7,7710,81,7,3,0.0,0.0,0.0,0.0,0.43936213850975037,False,False,0.0,0.0,0.0,[],10.0,10.0,1,10.0,0,0.009537749999992684
aco_current,7,7710,81,7,4,0.0,0.0,0.0,0.0,0.20313307642936707,False,False,0.0,0.0,0.0,[],10.0,10.0,1,10.0,0,0.009537749999992684
aco_current,7,7711,81,7,1,48.0,200.0,248.0,1.24,1.0,True,True,30.0,200.0,18.0,[1],10.0,10.0,1,10.0,0,0.009679292000001283
aco_current,7,7711,81,7,2,0.0,0.0,0.0,0.0,0.09907747060060501,False,False,0.0,0.0,0.0,[],10.0,10.0,1,10.0,0,0.009679292000001283
aco_current,7,7711,81,7,3,0.0,0.0,0.0,0.0,0.43936213850975037,False,False,0.0,0.0,0.0,[],10.0,10.0,1,10.0,0,0.009679292000001283
aco_current,7,7711,81,7,4,0.0,0.0,0.0,0.0,0.20313307642936707,False,False,0.0,0.0,0.0,[],10.0,10.0,1,10.0,0,0.009679292000001283
aco_current,7,7712,81,8,1,47.0,200.0,247.0,1.235,1.0,True,True,30.0,200.0,17.0,[1],10.0,10.0,1,10.0,0,0.009630125000001044
aco_current,7,7712,81,8,2,0.0,0.0,0.0,0.0,0.09907747060060501,False,False,0.0,0.0,0.0,[],10.0,10.0,1,10.0,0,0.009630125000001044
aco_current,7,7712,81,8,3,0.0,0.0,0.0,0.0,0.43936213850975037,False,False,0.0,0.0,0.0,[],10.0,10.0,1,10.0,0,0.009630125000001044
aco_current,7,7712,81,8,4,0.0,0.0,0.0,0.0,0.20313307642936707,False,False,0.0,0.0,0.0,[],10.0,10.0,1,10.0,0,0.009630125000001044
aco_current,7,7713,81,8,1,48.0,200.0,248.0,1.24,1.0,True,True,30.0,200.0,18.0,[1],10.0,10.0,1,10.0,0,0.0093280840000034
aco_current,7,7713,81,8,2,0.0,0.0,0.0,0.0,0.09907747060060501,False,False,0.0,0.0,0.0,[],10.0,10.0,1,10.0,0,0.0093280840000034
aco_current,7,7713,81,8,3,0.0,0.0,0.0,0.0,0.43936213850975037,False,False,0.0,0.0,0.0,[],10.0,10.0,1,10.0,0,0.0093280840000034
aco_current,7,7713,81,8,4,0.0,0.0,0.0,0.0,0.20313307642936707,False,False,0.0,0.0,0.0,[],10.0,10.0,1,10.0,0,0.0093280840000034
aco_current,7,7714,81,8,1,49.0,200.0,249.0,1.245,1.0,True,True,30.0,200.0,19.0,[1],10.0,10.0,1,10.0,0,0.009542582999998217
aco_current,7,7714,81,8,2,0.0,0.0,0.0,0.0,0.09907747060060501,False,False,0.0,0.0,0.0,[],10.0,10.0,1,10.0,0,0.009542582999998217
aco_current,7,7714,81,8,3,0.0,0.0,0.0,0.0,0.43936213850975037,False,False,0.0,0.0,0.0,[],10.0,10.0,1,10.0,0,0.009542582999998217
aco_current,7,7714,81,8,4,0.0,0.0,0.0,0.0,0.20313307642936707,False,False,0.0,0.0,0.0,[],10.0,10.0,1,10.0,0,0.009542582999998217
aco_current,7,7715,81,8,1,48.0,200.0,248.0,1.24,1.0,True,True,30.0,200.0,18.0,[1],10.0,10.0,1,10.0,0,0.009478958000002535
aco_current,7,7715,81,8,2,0.0,0.0,0.0,0.0,0.09907747060060501,False,False,0.0,0.0,0.0,[],10.0,10.0,1,10.0,0,0.009478958000002535
aco_current,7,7715,81,8,3,0.0,0.0,0.0,0.0,0.43936213850975037,False,False,0.0,0.0,0.0,[],10.0,10.0,1,10.0,0,0.009478958000002535
aco_current,7,7715,81,8,4,0.0,0.0,0.0,0.0,0.20313307642936707,False,False,0.0,0.0,0.0,[],10.0,10.0,1,10.0,0,0.009478958000002535
aco_current,7,7716,81,9,1,49.0,200.0,249.0,1.245,1.0,True,True,30.0,200.0,19.0,[1],10.0,10.0,1,10.0,0,0.009430124999994405
aco_current,7,7716,81,9,2,0.0,0.0,0.0,0.0,0.09907747060060501,False,False,0.0,0.0,0.0,[],10.0,10.0,1,10.0,0,0.009430124999994405
aco_current,7,7716,81,9,3,0.0,0.0,0.0,0.0,0.43936213850975037,False,False,0.0,0.0,0.0,[],10.0,10.0,1,10.0,0,0.009430124999994405
aco_current,7,7716,81,9,4,0.0,0.0,0.0,0.0,0.20313307642936707,False,False,0.0,0.0,0.0,[],10.0,10.0,1,10.0,0,0.009430124999994405
aco_current,7,7717,81,9,1,52.0,200.0,252.0,1.26,1.0,True,True,30.0,200.0,22.0,[1],10.0,10.0,1,10.0,0,0.009647708999992233
aco_current,7,7717,81,9,2,0.0,0.0,0.0,0.0,0.09907747060060501,False,False,0.0,0.0,0.0,[],10.0,10.0,1,10.0,0,0.009647708999992233
aco_current,7,7717,81,9,3,0.0,0.0,0.0,0.0,0.43936213850975037,False,False,0.0,0.0,0.0,[],10.0,10.0,1,10.0,0,0.009647708999992233
aco_current,7,7717,81,9,4,0.0,0.0,0.0,0.0,0.20313307642936707,False,False,0.0,0.0,0.0,[],10.0,10.0,1,10.0,0,0.009647708999992233
aco_current,7,7718,81,9,1,55.0,200.0,255.0,1.275,1.0,True,True,30.0,200.0,25.0,[1],10.0,10.0,1,10.0,0,0.009438875000000735
aco_current,7,7718,81,9,2,0.0,0.0,0.0,0.0,0.09907747060060501,False,False,0.0,0.0,0.0,[],10.0,10.0,1,10.0,0,0.009438875000000735
aco_current,7,7718,81,9,3,0.0,0.0,0.0,0.0,0.43936213850975037,False,False,0.0,0.0,0.0,[],10.0,10.0,1,10.0,0,0.009438875000000735
aco_current,7,7718,81,9,4,0.0,0.0,0.0,0.0,0.20313307642936707,False,False,0.0,0.0,0.0,[],10.0,10.0,1,10.0,0,0.009438875000000735
aco_current,7,7719,81,9,1,54.0,200.0,254.0,1.27,1.0,True,True,30.0,200.0,24.0,[1],10.0,10.0,1,10.0,0,0.009369790999997463
aco_current,7,7719,81,9,2,0.0,0.0,0.0,0.0,0.09907747060060501,False,False,0.0,0.0,0.0,[],10.0,10.0,1,10.0,0,0.009369790999997463
aco_current,7,7719,81,9,3,0.0,0.0,0.0,0.0,0.43936213850975037,False,False,0.0,0.0,0.0,[],10.0,10.0,1,10.0,0,0.009369790999997463
aco_current,7,7719,81,9,4,0.0,0.0,0.0,0.0,0.20313307642936707,False,False,0.0,0.0,0.0,[],10.0,10.0,1,10.0,0,0.009369790999997463
aco_current,7,7720,81,10,1,53.0,200.0,253.0,1.265,1.0,True,True,30.0,200.0,23.0,[1],10.0,10.0,1,10.0,0,0.009524041999995347
aco_current,7,7720,81,10,2,0.0,0.0,0.0,0.0,0.09907747060060501,False,False,0.0,0.0,0.0,[],10.0,10.0,1,10.0,0,0.009524041999995347
aco_current,7,7720,81,10,3,0.0,0.0,0.0,0.0,0.43936213850975037,False,False,0.0,0.0,0.0,[],10.0,10.0,1,10.0,0,0.009524041999995347
aco_current,7,7720,81,10,4,0.0,0.0,0.0,0.0,0.20313307642936707,False,False,0.0,0.0,0.0,[],10.0,10.0,1,10.0,0,0.009524041999995347
aco_current,7,7721,81,10,1,39.0,200.0,239.0,1.195,1.0,True,True,30.0,200.0,9.0,[1],10.0,10.0,1,10.0,0,0.009676249999998277
aco_current,7,7721,81,10,2,0.0,0.0,0.0,0.0,0.09907747060060501,False,False,0.0,0.0,0.0,[],10.0,10.0,1,10.0,0,0.009676249999998277
aco_current,7,7721,81,10,3,0.0,0.0,0.0,0.0,0.43936213850975037,False,False,0.0,0.0,0.0,[],10.0,10.0,1,10.0,0,0.009676249999998277
aco_current,7,7721,81,10,4,0.0,0.0,0.0,0.0,0.20313307642936707,False,False,0.0,0.0,0.0,[],10.0,10.0,1,10.0,0,0.009676249999998277
aco_current,7,7722,81,10,1,41.0,200.0,241.0,1.205,1.0,True,True,30.0,200.0,11.0,[1],10.0,10.0,1,10.0,0,0.009650292000003446
aco_current,7,7722,81,10,2,0.0,0.0,0.0,0.0,0.09907747060060501,False,False,0.0,0.0,0.0,[],10.0,10.0,1,10.0,0,0.009650292000003446
aco_current,7,7722,81,10,3,0.0,0.0,0.0,0.0,0.43936213850975037,False,False,0.0,0.0,0.0,[],10.0,10.0,1,10.0,0,0.009650292000003446
aco_current,7,7722,81,10,4,0.0,0.0,0.0,0.0,0.20313307642936707,False,False,0.0,0.0,0.0,[],10.0,10.0,1,10.0,0,0.009650292000003446
aco_current,7,7723,81,10,1,39.0,200.0,239.0,1.195,1.0,True,True,30.0,200.0,9.0,[1],10.0,10.0,1,10.0,0,0.009468958999988786
aco_current,7,7723,81,10,2,0.0,0.0,0.0,0.0,0.09907747060060501,False,False,0.0,0.0,0.0,[],10.0,10.0,1,10.0,0,0.009468958999988786
aco_current,7,7723,81,10,3,0.0,0.0,0.0,0.0,0.43936213850975037,False,False,0.0,0.0,0.0,[],10.0,10.0,1,10.0,0,0.009468958999988786
aco_current,7,7723,81,10,4,0.0,0.0,0.0,0.0,0.20313307642936707,False,False,0.0,0.0,0.0,[],10.0,10.0,1,10.0,0,0.009468958999988786
aco_current,7,7724,81,11,1,40.0,200.0,240.0,1.2,1.0,True,True,30.0,200.0,10.0,[1],10.0,10.0,1,10.0,0,0.00933991699999126
aco_current,7,7724,81,11,2,0.0,0.0,0.0,0.0,0.09907747060060501,False,False,0.0,0.0,0.0,[],10.0,10.0,1,10.0,0,0.00933991699999126
aco_current,7,7724,81,11,3,0.0,0.0,0.0,0.0,0.43936213850975037,False,False,0.0,0.0,0.0,[],10.0,10.0,1,10.0,0,0.00933991699999126
aco_current,7,7724,81,11,4,0.0,0.0,0.0,0.0,0.20313307642936707,False,False,0.0,0.0,0.0,[],10.0,10.0,1,10.0,0,0.00933991699999126
aco_current,7,7725,81,11,1,27.0,200.0,227.0,1.135,1.0,True,True,30.0,197.0,0.0,[1],10.0,10.0,1,10.0,0,0.009530833999988886
aco_current,7,7725,81,11,2,0.0,0.0,0.0,0.0,0.09907747060060501,False,False,0.0,0.0,0.0,[],10.0,10.0,1,10.0,0,0.009530833999988886
aco_current,7,7725,81,11,3,0.0,0.0,0.0,0.0,0.43936213850975037,False,False,0.0,0.0,0.0,[],10.0,10.0,1,10.0,0,0.009530833999988886
aco_current,7,7725,81,11,4,0.0,0.0,0.0,0.0,0.20313307642936707,False,False,0.0,0.0,0.0,[],10.0,10.0,1,10.0,0,0.009530833999988886
aco_current,7,7726,81,11,1,28.0,197.0,225.0,1.125,1.0,True,True,30.0,195.0,0.0,[1],10.0,10.0,1,10.0,0,0.009566375000005678
aco_current,7,7726,81,11,2,0.0,0.0,0.0,0.0,0.09907747060060501,False,False,0.0,0.0,0.0,[],10.0,10.0,1,10.0,0,0.009566375000005678
aco_current,7,7726,81,11,3,0.0,0.0,0.0,0.0,0.43936213850975037,False,False,0.0,0.0,0.0,[],10.0,10.0,1,10.0,0,0.009566375000005678
aco_current,7,7726,81,11,4,0.0,0.0,0.0,0.0,0.20313307642936707,False,False,0.0,0.0,0.0,[],10.0,10.0,1,10.0,0,0.009566375000005678
aco_current,7,7727,81,11,1,18.0,195.0,213.0,1.065,1.0,True,True,30.0,183.0,0.0,[1],10.0,10.0,1,10.0,0,0.009523790999992343
aco_current,7,7727,81,11,2,0.0,0.0,0.0,0.0,0.09907747060060501,False,False,0.0,0.0,0.0,[],10.0,10.0,1,10.0,0,0.009523790999992343
aco_current,7,7727,81,11,3,0.0,0.0,0.0,0.0,0.43936213850975037,False,False,0.0,0.0,0.0,[],10.0,10.0,1,10.0,0,0.009523790999992343
aco_current,7,7727,81,11,4,0.0,0.0,0.0,0.0,0.20313307642936707,False,False,0.0,0.0,0.0,[],10.0,10.0,1,10.0,0,0.009523790999992343
aco_current,7,7728,81,12,1,20.0,183.0,203.0,1.015,1.0,True,True,30.0,173.0,0.0,[1],10.0,10.0,1,10.0,0,0.00952804199999946
aco_current,7,7728,81,12,2,0.0,0.0,0.0,0.0,0.09907747060060501,False,False,0.0,0.0,0.0,[],10.0,10.0,1,10.0,0,0.00952804199999946
aco_current,7,7728,81,12,3,0.0,0.0,0.0,0.0,0.43936213850975037,False,False,0.0,0.0,0.0,[],10.0,10.0,1,10.0,0,0.00952804199999946
aco_current,7,7728,81,12,4,0.0,0.0,0.0,0.0,0.20313307642936707,False,False,0.0,0.0,0.0,[],10.0,10.0,1,10.0,0,0.00952804199999946
aco_current,7,7729,81,12,1,18.0,173.0,191.0,0.955,1.0,True,True,30.0,161.0,0.0,[1],10.0,10.0,1,10.0,0,0.009569916999993211
aco_current,7,7729,81,12,2,0.0,0.0,0.0,0.0,0.09907747060060501,False,False,0.0,0.0,0.0,[],10.0,10.0,1,10.0,0,0.009569916999993211
aco_current,7,7729,81,12,3,0.0,0.0,0.0,0.0,0.43936213850975037,False,False,0.0,0.0,0.0,[],10.0,10.0,1,10.0,0,0.009569916999993211
aco_current,7,7729,81,12,4,0.0,0.0,0.0,0.0,0.20313307642936707,False,False,0.0,0.0,0.0,[],10.0,10.0,1,10.0,0,0.009569916999993211
aco_current,7,7730,81,12,1,20.0,161.0,181.0,0.905,0.9999997615814209,True,True,30.0,151.0,0.0,[1],10.0,10.0,1,10.0,0,0.009586749999996869
aco_current,7,7730,81,12,2,0.0,0.0,0.0,0.0,0.09907747060060501,False,False,0.0,0.0,0.0,[],10.0,10.0,1,10.0,0,0.009586749999996869
aco_current,7,7730,81,12,3,0.0,0.0,0.0,0.0,0.43936213850975037,False,False,0.0,0.0,0.0,[],10.0,10.0,1,10.0,0,0.009586749999996869
aco_current,7,7730,81,12,4,0.0,0.0,0.0,0.0,0.20313307642936707,False,False,0.0,0.0,0.0,[],10.0,10.0,1,10.0,0,0.009586749999996869
aco_current,7,7731,81,12,1,18.0,151.0,169.0,0.845,0.9999887347221375,True,True,30.0,139.0,0.0,[1],10.0,10.0,1,10.0,0,0.00932608400000845
aco_current,7,7731,81,12,2,0.0,0.0,0.0,0.0,0.09907747060060501,False,False,0.0,0.0,0.0,[],10.0,10.0,1,10.0,0,0.00932608400000845
aco_current,7,7731,81,12,3,0.0,0.0,0.0,0.0,0.43936213850975037,False,False,0.0,0.0,0.0,[],10.0,10.0,1,10.0,0,0.00932608400000845
aco_current,7,7731,81,12,4,0.0,0.0,0.0,0.0,0.20313307642936707,False,False,0.0,0.0,0.0,[],10.0,10.0,1,10.0,0,0.00932608400000845
aco_current,7,7732,81,13,1,20.0,139.0,159.0,0.795,0.9999262690544128,False,False,0.0,159.0,0.0,[],0.0,0.0,0,0.0,0,4.29099999621485e-06
aco_current,7,7732,81,13,2,0.0,0.0,0.0,0.0,0.09907747060060501,False,False,0.0,0.0,0.0,[],0.0,0.0,0,0.0,0,4.29099999621485e-06
aco_current,7,7732,81,13,3,0.0,0.0,0.0,0.0,0.43936213850975037,False,False,0.0,0.0,0.0,[],0.0,0.0,0,0.0,0,4.29099999621485e-06
aco_current,7,7732,81,13,4,0.0,0.0,0.0,0.0,0.20313307642936707,False,False,0.0,0.0,0.0,[],0.0,0.0,0,0.0,0,4.29099999621485e-06
aco_current,7,7733,81,13,1,19.0,159.0,178.0,0.89,0.9999992251396179,True,True,30.0,148.0,0.0,[1],10.0,10.0,1,10.0,0,0.009537332999997261
aco_current,7,7733,81,13,2,0.0,0.0,0.0,0.0,0.09907747060060501,False,False,0.0,0.0,0.0,[],10.0,10.0,1,10.0,0,0.009537332999997261
aco_current,7,7733,81,13,3,0.0,0.0,0.0,0.0,0.43936213850975037,False,False,0.0,0.0,0.0,[],10.0,10.0,1,10.0,0,0.009537332999997261
aco_current,7,7733,81,13,4,0.0,0.0,0.0,0.0,0.20313307642936707,False,False,0.0,0.0,0.0,[],10.0,10.0,1,10.0,0,0.009537332999997261
aco_current,7,7734,81,13,1,19.0,148.0,167.0,0.835,0.9999867081642151,True,True,30.0,137.0,0.0,[1],10.0,10.0,1,10.0,0,0.00941158300000211
aco_current,7,7734,81,13,2,0.0,0.0,0.0,0.0,0.09907747060060501,False,False,0.0,0.0,0.0,[],10.0,10.0,1,10.0,0,0.00941158300000211
aco_current,7,7734,81,13,3,0.0,0.0,0.0,0.0,0.43936213850975037,False,False,0.0,0.0,0.0,[],10.0,10.0,1,10.0,0,0.00941158300000211
aco_current,7,7734,81,13,4,0.0,0.0,0.0,0.0,0.20313307642936707,False,False,0.0,0.0,0.0,[],10.0,10.0,1,10.0,0,0.00941158300000211
aco_current,7,7735,81,13,1,12.0,137.0,149.0,0.745,0.9922683835029602,False,False,0.0,149.0,0.0,[],0.0,0.0,0,0.0,0,3.000000006636583e-06
aco_current,7,7735,81,13,2,0.0,0.0,0.0,0.0,0.09907747060060501,False,False,0.0,0.0,0.0,[],0.0,0.0,0,0.0,0,3.000000006636583e-06
aco_current,7,7735,81,13,3,0.0,0.0,0.0,0.0,0.43936213850975037,False,False,0.0,0.0,0.0,[],0.0,0.0,0,0.0,0,3.000000006636583e-06
aco_current,7,7735,81,13,4,0.0,0.0,0.0,0.0,0.20313307642936707,False,False,0.0,0.0,0.0,[],0.0,0.0,0,0.0,0,3.000000006636583e-06
aco_current,7,7736,81,14,1,8.0,149.0,157.0,0.785,0.9898694753646851,False,False,0.0,157.0,0.0,[],0.0,0.0,0,0.0,0,3.2909999987396077e-06
aco_current,7,7736,81,14,2,0.0,0.0,0.0,0.0,0.09907747060060501,False,False,0.0,0.0,0.0,[],0.0,0.0,0,0.0,0,3.2909999987396077e-06
aco_current,7,7736,81,14,3,0.0,0.0,0.0,0.0,0.43936213850975037,False,False,0.0,0.0,0.0,[],0.0,0.0,0,0.0,0,3.2909999987396077e-06
aco_current,7,7736,81,14,4,0.0,0.0,0.0,0.0,0.20313307642936707,False,False,0.0,0.0,0.0,[],0.0,0.0,0,0.0,0,3.2909999987396077e-06
aco_current,7,7737,81,14,1,7.0,157.0,164.0,0.82,0.997749924659729,True,True,30.0,134.0,0.0,[1],10.0,10.0,1,10.0,0,0.010152500000003783
aco_current,7,7737,81,14,2,0.0,0.0,0.0,0.0,0.09907747060060501,False,False,0.0,0.0,0.0,[],10.0,10.0,1,10.0,0,0.010152500000003783
aco_current,7,7737,81,14,3,0.0,0.0,0.0,0.0,0.43936213850975037,False,False,0.0,0.0,0.0,[],10.0,10.0,1,10.0,0,0.010152500000003783
aco_current,7,7737,81,14,4,0.0,0.0,0.0,0.0,0.20313307642936707,False,False,0.0,0.0,0.0,[],10.0,10.0,1,10.0,0,0.010152500000003783
aco_current,7,7738,81,14,1,8.0,134.0,142.0,0.71,0.9471043944358826,False,False,0.0,142.0,0.0,[],0.0,0.0,0,0.0,0,3.042000003006251e-06
aco_current,7,7738,81,14,2,0.0,0.0,0.0,0.0,0.09907747060060501,False,False,0.0,0.0,0.0,[],0.0,0.0,0,0.0,0,3.042000003006251e-06
aco_current,7,7738,81,14,3,0.0,0.0,0.0,0.0,0.43936213850975037,False,False,0.0,0.0,0.0,[],0.0,0.0,0,0.0,0,3.042000003006251e-06
aco_current,7,7738,81,14,4,0.0,0.0,0.0,0.0,0.20313307642936707,False,False,0.0,0.0,0.0,[],0.0,0.0,0,0.0,0,3.042000003006251e-06
aco_current,7,7739,81,14,1,7.0,142.0,149.0,0.745,0.9642361402511597,False,False,0.0,149.0,0.0,[],0.0,0.0,0,0.0,0,3.0839999993759193e-06
aco_current,7,7739,81,14,2,0.0,0.0,0.0,0.0,0.09907747060060501,False,False,0.0,0.0,0.0,[],0.0,0.0,0,0.0,0,3.0839999993759193e-06
aco_current,7,7739,81,14,3,0.0,0.0,0.0,0.0,0.43936213850975037,False,False,0.0,0.0,0.0,[],0.0,0.0,0,0.0,0,3.0839999993759193e-06
aco_current,7,7739,81,14,4,0.0,0.0,0.0,0.0,0.20313307642936707,False,False,0.0,0.0,0.0,[],0.0,0.0,0,0.0,0,3.0839999993759193e-06
aco_current,7,7740,81,15,1,8.0,149.0,157.0,0.785,0.9930093884468079,False,False,0.0,157.0,0.0,[],0.0,0.0,0,0.0,0,2.207999997949628e-06
aco_current,7,7740,81,15,2,0.0,0.0,0.0,0.0,0.09907747060060501,False,False,0.0,0.0,0.0,[],0.0,0.0,0,0.0,0,2.207999997949628e-06
aco_current,7,7740,81,15,3,0.0,0.0,0.0,0.0,0.43936213850975037,False,False,0.0,0.0,0.0,[],0.0,0.0,0,0.0,0,2.207999997949628e-06
aco_current,7,7740,81,15,4,0.0,0.0,0.0,0.0,0.20313307642936707,False,False,0.0,0.0,0.0,[],0.0,0.0,0,0.0,0,2.207999997949628e-06
aco_current,7,7741,81,15,1,7.0,157.0,164.0,0.82,0.998183012008667,True,True,30.0,134.0,0.0,[1],10.0,10.0,1,10.0,0,0.009583249999991494
aco_current,7,7741,81,15,2,0.0,0.0,0.0,0.0,0.09907747060060501,False,False,0.0,0.0,0.0,[],10.0,10.0,1,10.0,0,0.009583249999991494
aco_current,7,7741,81,15,3,0.0,0.0,0.0,0.0,0.43936213850975037,False,False,0.0,0.0,0.0,[],10.0,10.0,1,10.0,0,0.009583249999991494
aco_current,7,7741,81,15,4,0.0,0.0,0.0,0.0,0.20313307642936707,False,False,0.0,0.0,0.0,[],10.0,10.0,1,10.0,0,0.009583249999991494
aco_current,7,7742,81,15,1,8.0,134.0,142.0,0.71,0.9495074152946472,False,False,0.0,142.0,0.0,[],0.0,0.0,0,0.0,0,2.95799999605606e-06
aco_current,7,7742,81,15,2,0.0,0.0,0.0,0.0,0.09907747060060501,False,False,0.0,0.0,0.0,[],0.0,0.0,0,0.0,0,2.95799999605606e-06
aco_current,7,7742,81,15,3,0.0,0.0,0.0,0.0,0.43936213850975037,False,False,0.0,0.0,0.0,[],0.0,0.0,0,0.0,0,2.95799999605606e-06
aco_current,7,7742,81,15,4,0.0,0.0,0.0,0.0,0.20313307642936707,False,False,0.0,0.0,0.0,[],0.0,0.0,0,0.0,0,2.95799999605606e-06
aco_current,7,7743,81,15,1,7.0,142.0,149.0,0.745,0.9642361402511597,False,False,0.0,149.0,0.0,[],0.0,0.0,0,0.0,0,1.9999999949504854e-06
aco_current,7,7743,81,15,2,0.0,0.0,0.0,0.0,0.09907747060060501,False,False,0.0,0.0,0.0,[],0.0,0.0,0,0.0,0,1.9999999949504854e-06
aco_current,7,7743,81,15,3,0.0,0.0,0.0,0.0,0.43936213850975037,False,False,0.0,0.0,0.0,[],0.0,0.0,0,0.0,0,1.9999999949504854e-06
aco_current,7,7743,81,15,4,0.0,0.0,0.0,0.0,0.20313307642936707,False,False,0.0,0.0,0.0,[],0.0,0.0,0,0.0,0,1.9999999949504854e-06
aco_current,7,7744,81,16,1,8.0,149.0,157.0,0.785,0.9930093884468079,False,False,0.0,157.0,0.0,[],0.0,0.0,0,0.0,0,2.750000007267772e-06
aco_current,7,7744,81,16,2,0.0,0.0,0.0,0.0,0.09907747060060501,False,False,0.0,0.0,0.0,[],0.0,0.0,0,0.0,0,2.750000007267772e-06
aco_current,7,7744,81,16,3,0.0,0.0,0.0,0.0,0.43936213850975037,False,False,0.0,0.0,0.0,[],0.0,0.0,0,0.0,0,2.750000007267772e-06
aco_current,7,7744,81,16,4,0.0,0.0,0.0,0.0,0.20313307642936707,False,False,0.0,0.0,0.0,[],0.0,0.0,0,0.0,0,2.750000007267772e-06
aco_current,7,7745,81,16,1,7.0,157.0,164.0,0.82,0.998183012008667,True,True,30.0,134.0,0.0,[1],10.0,10.0,1,10.0,0,0.00956366699999478
aco_current,7,7745,81,16,2,0.0,0.0,0.0,0.0,0.09907747060060501,False,False,0.0,0.0,0.0,[],10.0,10.0,1,10.0,0,0.00956366699999478
aco_current,7,7745,81,16,3,0.0,0.0,0.0,0.0,0.43936213850975037,False,False,0.0,0.0,0.0,[],10.0,10.0,1,10.0,0,0.00956366699999478
aco_current,7,7745,81,16,4,0.0,0.0,0.0,0.0,0.20313307642936707,False,False,0.0,0.0,0.0,[],10.0,10.0,1,10.0,0,0.00956366699999478
aco_current,7,7746,81,16,1,8.0,134.0,142.0,0.71,0.9495074152946472,False,False,0.0,142.0,0.0,[],0.0,0.0,0,0.0,0,2.3749999940037014e-06
aco_current,7,7746,81,16,2,0.0,0.0,0.0,0.0,0.09907747060060501,False,False,0.0,0.0,0.0,[],0.0,0.0,0,0.0,0,2.3749999940037014e-06
aco_current,7,7746,81,16,3,0.0,0.0,0.0,0.0,0.43936213850975037,False,False,0.0,0.0,0.0,[],0.0,0.0,0,0.0,0,2.3749999940037014e-06
aco_current,7,7746,81,16,4,0.0,0.0,0.0,0.0,0.20313307642936707,False,False,0.0,0.0,0.0,[],0.0,0.0,0,0.0,0,2.3749999940037014e-06
aco_current,7,7747,81,16,1,7.0,142.0,149.0,0.745,0.9642361402511597,False,False,0.0,149.0,0.0,[],0.0,0.0,0,0.0,0,3.5409999981084184e-06
aco_current,7,7747,81,16,2,0.0,0.0,0.0,0.0,0.09907747060060501,False,False,0.0,0.0,0.0,[],0.0,0.0,0,0.0,0,3.5409999981084184e-06
aco_current,7,7747,81,16,3,0.0,0.0,0.0,0.0,0.43936213850975037,False,False,0.0,0.0,0.0,[],0.0,0.0,0,0.0,0,3.5409999981084184e-06
aco_current,7,7747,81,16,4,0.0,0.0,0.0,0.0,0.20313307642936707,False,False,0.0,0.0,0.0,[],0.0,0.0,0,0.0,0,3.5409999981084184e-06
aco_current,7,7748,81,17,1,8.0,149.0,157.0,0.785,0.9930093884468079,False,False,0.0,157.0,0.0,[],0.0,0.0,0,0.0,0,2.0419999913201536e-06
aco_current,7,7748,81,17,2,0.0,0.0,0.0,0.0,0.09907747060060501,False,False,0.0,0.0,0.0,[],0.0,0.0,0,0.0,0,2.0419999913201536e-06
aco_current,7,7748,81,17,3,0.0,0.0,0.0,0.0,0.43936213850975037,False,False,0.0,0.0,0.0,[],0.0,0.0,0,0.0,0,2.0419999913201536e-06
aco_current,7,7748,81,17,4,0.0,0.0,0.0,0.0,0.20313307642936707,False,False,0.0,0.0,0.0,[],0.0,0.0,0,0.0,0,2.0419999913201536e-06
aco_current,7,7749,81,17,1,7.0,157.0,164.0,0.82,0.998183012008667,True,True,30.0,134.0,0.0,[1],10.0,10.0,1,10.0,0,0.00946929200000568
aco_current,7,7749,81,17,2,0.0,0.0,0.0,0.0,0.09907747060060501,False,False,0.0,0.0,0.0,[],10.0,10.0,1,10.0,0,0.00946929200000568
aco_current,7,7749,81,17,3,0.0,0.0,0.0,0.0,0.43936213850975037,False,False,0.0,0.0,0.0,[],10.0,10.0,1,10.0,0,0.00946929200000568
aco_current,7,7749,81,17,4,0.0,0.0,0.0,0.0,0.20313307642936707,False,False,0.0,0.0,0.0,[],10.0,10.0,1,10.0,0,0.00946929200000568
aco_current,7,7750,81,17,1,8.0,134.0,142.0,0.71,0.9495074152946472,False,False,0.0,142.0,0.0,[],0.0,0.0,0,0.0,0,3.1249999921101335e-06
aco_current,7,7750,81,17,2,0.0,0.0,0.0,0.0,0.09907747060060501,False,False,0.0,0.0,0.0,[],0.0,0.0,0,0.0,0,3.1249999921101335e-06
aco_current,7,7750,81,17,3,0.0,0.0,0.0,0.0,0.43936213850975037,False,False,0.0,0.0,0.0,[],0.0,0.0,0,0.0,0,3.1249999921101335e-06
aco_current,7,7750,81,17,4,0.0,0.0,0.0,0.0,0.20313307642936707,False,False,0.0,0.0,0.0,[],0.0,0.0,0,0.0,0,3.1249999921101335e-06
aco_current,7,7751,81,17,1,7.0,142.0,149.0,0.745,0.9642361402511597,False,False,0.0,149.0,0.0,[],0.0,0.0,0,0.0,0,2.292000004899819e-06
aco_current,7,7751,81,17,2,0.0,0.0,0.0,0.0,0.09907747060060501,False,False,0.0,0.0,0.0,[],0.0,0.0,0,0.0,0,2.292000004899819e-06
aco_current,7,7751,81,17,3,0.0,0.0,0.0,0.0,0.43936213850975037,False,False,0.0,0.0,0.0,[],0.0,0.0,0,0.0,0,2.292000004899819e-06
aco_current,7,7751,81,17,4,0.0,0.0,0.0,0.0,0.20313307642936707,False,False,0.0,0.0,0.0,[],0.0,0.0,0,0.0,0,2.292000004899819e-06
aco_current,7,7752,81,18,1,8.0,149.0,157.0,0.785,0.9930093884468079,False,False,0.0,157.0,0.0,[],0.0,0.0,0,0.0,0,1.8750000094769348e-06
aco_current,7,7752,81,18,2,0.0,0.0,0.0,0.0,0.09907747060060501,False,False,0.0,0.0,0.0,[],0.0,0.0,0,0.0,0,1.8750000094769348e-06
aco_current,7,7752,81,18,3,0.0,0.0,0.0,0.0,0.43936213850975037,False,False,0.0,0.0,0.0,[],0.0,0.0,0,0.0,0,1.8750000094769348e-06
aco_current,7,7752,81,18,4,0.0,0.0,0.0,0.0,0.20313307642936707,False,False,0.0,0.0,0.0,[],0.0,0.0,0,0.0,0,1.8750000094769348e-06
aco_current,7,7753,81,18,1,7.0,157.0,164.0,0.82,0.998183012008667,True,True,30.0,134.0,0.0,[1],10.0,10.0,1,10.0,0,0.009692958999991674
aco_current,7,7753,81,18,2,0.0,0.0,0.0,0.0,0.09907747060060501,False,False,0.0,0.0,0.0,[],10.0,10.0,1,10.0,0,0.009692958999991674
aco_current,7,7753,81,18,3,0.0,0.0,0.0,0.0,0.43936213850975037,False,False,0.0,0.0,0.0,[],10.0,10.0,1,10.0,0,0.009692958999991674
aco_current,7,7753,81,18,4,0.0,0.0,0.0,0.0,0.20313307642936707,False,False,0.0,0.0,0.0,[],10.0,10.0,1,10.0,0,0.009692958999991674
aco_current,7,7754,81,18,1,3.0,134.0,137.0,0.685,0.4246194660663605,False,False,0.0,137.0,0.0,[],0.0,0.0,0,0.0,0,2.5410000006331757e-06
aco_current,7,7754,81,18,2,0.0,0.0,0.0,0.0,0.09907747060060501,False,False,0.0,0.0,0.0,[],0.0,0.0,0,0.0,0,2.5410000006331757e-06
aco_current,7,7754,81,18,3,0.0,0.0,0.0,0.0,0.43936213850975037,False,False,0.0,0.0,0.0,[],0.0,0.0,0,0.0,0,2.5410000006331757e-06
aco_current,7,7754,81,18,4,0.0,0.0,0.0,0.0,0.20313307642936707,False,False,0.0,0.0,0.0,[],0.0,0.0,0,0.0,0,2.5410000006331757e-06
aco_current,7,7755,81,18,1,0.0,137.0,137.0,0.685,0.22215011715888977,False,False,0.0,137.0,0.0,[],0.0,0.0,0,0.0,0,1.8330000131072666e-06
aco_current,7,7755,81,18,2,0.0,0.0,0.0,0.0,0.09907747060060501,False,False,0.0,0.0,0.0,[],0.0,0.0,0,0.0,0,1.8330000131072666e-06
aco_current,7,7755,81,18,3,0.0,0.0,0.0,0.0,0.43936213850975037,False,False,0.0,0.0,0.0,[],0.0,0.0,0,0.0,0,1.8330000131072666e-06
aco_current,7,7755,81,18,4,0.0,0.0,0.0,0.0,0.20313307642936707,False,False,0.0,0.0,0.0,[],0.0,0.0,0,0.0,0,1.8330000131072666e-06
aco_current,7,7756,81,19,1,0.0,137.0,137.0,0.685,0.2990666329860687,False,False,0.0,137.0,0.0,[],0.0,0.0,0,0.0,0,7.37499999559077e-06
aco_current,7,7756,81,19,2,0.0,0.0,0.0,0.0,0.09907747060060501,False,False,0.0,0.0,0.0,[],0.0,0.0,0,0.0,0,7.37499999559077e-06
aco_current,7,7756,81,19,3,0.0,0.0,0.0,0.0,0.43936213850975037,False,False,0.0,0.0,0.0,[],0.0,0.0,0,0.0,0,7.37499999559077e-06
aco_current,7,7756,81,19,4,0.0,0.0,0.0,0.0,0.20313307642936707,False,False,0.0,0.0,0.0,[],0.0,0.0,0,0.0,0,7.37499999559077e-06
aco_current,7,7757,81,19,1,0.0,137.0,137.0,0.685,0.3724746108055115,False,False,0.0,137.0,0.0,[],0.0,0.0,0,0.0,0,1.9590000022162712e-06
aco_current,7,7757,81,19,2,0.0,0.0,0.0,0.0,0.09907747060060501,False,False,0.0,0.0,0.0,[],0.0,0.0,0,0.0,0,1.9590000022162712e-06
aco_current,7,7757,81,19,3,0.0,0.0,0.0,0.0,0.43936213850975037,False,False,0.0,0.0,0.0,[],0.0,0.0,0,0.0,0,1.9590000022162712e-06
aco_current,7,7757,81,19,4,0.0,0.0,0.0,0.0,0.20313307642936707,False,False,0.0,0.0,0.0,[],0.0,0.0,0,0.0,0,1.9590000022162712e-06
aco_current,7,7758,81,19,1,0.0,137.0,137.0,0.685,0.3868671953678131,False,False,0.0,137.0,0.0,[],0.0,0.0,0,0.0,0,2.207999997949628e-06
aco_current,7,7758,81,19,2,0.0,0.0,0.0,0.0,0.09907747060060501,False,False,0.0,0.0,0.0,[],0.0,0.0,0,0.0,0,2.207999997949628e-06
aco_current,7,7758,81,19,3,0.0,0.0,0.0,0.0,0.43936213850975037,False,False,0.0,0.0,0.0,[],0.0,0.0,0,0.0,0,2.207999997949628e-06
aco_current,7,7758,81,19,4,0.0,0.0,0.0,0.0,0.20313307642936707,False,False,0.0,0.0,0.0,[],0.0,0.0,0,0.0,0,2.207999997949628e-06
aco_current,7,7759,81,19,1,0.0,137.0,137.0,0.685,0.3868671953678131,False,False,0.0,137.0,0.0,[],0.0,0.0,0,0.0,0,1.834000002531866e-06
aco_current,7,7759,81,19,2,0.0,0.0,0.0,0.0,0.09907747060060501,False,False,0.0,0.0,0.0,[],0.0,0.0,0,0.0,0,1.834000002531866e-06
aco_current,7,7759,81,19,3,0.0,0.0,0.0,0.0,0.43936213850975037,False,False,0.0,0.0,0.0,[],0.0,0.0,0,0.0,0,1.834000002531866e-06
aco_current,7,7759,81,19,4,0.0,0.0,0.0,0.0,0.20313307642936707,False,False,0.0,0.0,0.0,[],0.0,0.0,0,0.0,0,1.834000002531866e-06
aco_current,7,7760,81,20,1,0.0,137.0,137.0,0.685,0.3868671953678131,False,False,0.0,137.0,0.0,[],0.0,0.0,0,0.0,0,1.8329999988964119e-06
aco_current,7,7760,81,20,2,0.0,0.0,0.0,0.0,0.09907747060060501,False,False,0.0,0.0,0.0,[],0.0,0.0,0,0.0,0,1.8329999988964119e-06
aco_current,7,7760,81,20,3,0.0,0.0,0.0,0.0,0.43936213850975037,False,False,0.0,0.0,0.0,[],0.0,0.0,0,0.0,0,1.8329999988964119e-06
aco_current,7,7760,81,20,4,0.0,0.0,0.0,0.0,0.20313307642936707,False,False,0.0,0.0,0.0,[],0.0,0.0,0,0.0,0,1.8329999988964119e-06
aco_current,7,7761,81,20,1,0.0,137.0,137.0,0.685,0.3868671953678131,False,False,0.0,137.0,0.0,[],0.0,0.0,0,0.0,0,2.3340000012694873e-06
aco_current,7,7761,81,20,2,0.0,0.0,0.0,0.0,0.09907747060060501,False,False,0.0,0.0,0.0,[],0.0,0.0,0,0.0,0,2.3340000012694873e-06
aco_current,7,7761,81,20,3,0.0,0.0,0.0,0.0,0.43936213850975037,False,False,0.0,0.0,0.0,[],0.0,0.0,0,0.0,0,2.3340000012694873e-06
aco_current,7,7761,81,20,4,0.0,0.0,0.0,0.0,0.20313307642936707,False,False,0.0,0.0,0.0,[],0.0,0.0,0,0.0,0,2.3340000012694873e-06
aco_current,7,7762,81,20,1,0.0,137.0,137.0,0.685,0.3868671953678131,False,False,0.0,137.0,0.0,[],0.0,0.0,0,0.0,0,1.9999999949504854e-06
aco_current,7,7762,81,20,2,0.0,0.0,0.0,0.0,0.09907747060060501,False,False,0.0,0.0,0.0,[],0.0,0.0,0,0.0,0,1.9999999949504854e-06
aco_current,7,7762,81,20,3,0.0,0.0,0.0,0.0,0.43936213850975037,False,False,0.0,0.0,0.0,[],0.0,0.0,0,0.0,0,1.9999999949504854e-06
aco_current,7,7762,81,20,4,0.0,0.0,0.0,0.0,0.20313307642936707,False,False,0.0,0.0,0.0,[],0.0,0.0,0,0.0,0,1.9999999949504854e-06
aco_current,7,7763,81,20,1,0.0,137.0,137.0,0.685,0.3868671953678131,False,False,0.0,137.0,0.0,[],0.0,0.0,0,0.0,0,1.957999998580817e-06
aco_current,7,7763,81,20,2,0.0,0.0,0.0,0.0,0.09907747060060501,False,False,0.0,0.0,0.0,[],0.0,0.0,0,0.0,0,1.957999998580817e-06
aco_current,7,7763,81,20,3,0.0,0.0,0.0,0.0,0.43936213850975037,False,False,0.0,0.0,0.0,[],0.0,0.0,0,0.0,0,1.957999998580817e-06
aco_current,7,7763,81,20,4,0.0,0.0,0.0,0.0,0.20313307642936707,False,False,0.0,0.0,0.0,[],0.0,0.0,0,0.0,0,1.957999998580817e-06
aco_current,7,7764,81,21,1,0.0,137.0,137.0,0.685,0.3868671953678131,False,False,0.0,137.0,0.0,[],0.0,0.0,0,0.0,0,2.4590000009538926e-06
aco_current,7,7764,81,21,2,0.0,0.0,0.0,0.0,0.09907747060060501,False,False,0.0,0.0,0.0,[],0.0,0.0,0,0.0,0,2.4590000009538926e-06
aco_current,7,7764,81,21,3,0.0,0.0,0.0,0.0,0.43936213850975037,False,False,0.0,0.0,0.0,[],0.0,0.0,0,0.0,0,2.4590000009538926e-06
aco_current,7,7764,81,21,4,0.0,0.0,0.0,0.0,0.20313307642936707,False,False,0.0,0.0,0.0,[],0.0,0.0,0,0.0,0,2.4590000009538926e-06
aco_current,7,7765,81,21,1,0.0,137.0,137.0,0.685,0.3868671953678131,False,False,0.0,137.0,0.0,[],0.0,0.0,0,0.0,0,1.8750000094769348e-06
aco_current,7,7765,81,21,2,0.0,0.0,0.0,0.0,0.09907747060060501,False,False,0.0,0.0,0.0,[],0.0,0.0,0,0.0,0,1.8750000094769348e-06
aco_current,7,7765,81,21,3,0.0,0.0,0.0,0.0,0.43936213850975037,False,False,0.0,0.0,0.0,[],0.0,0.0,0,0.0,0,1.8750000094769348e-06
aco_current,7,7765,81,21,4,0.0,0.0,0.0,0.0,0.20313307642936707,False,False,0.0,0.0,0.0,[],0.0,0.0,0,0.0,0,1.8750000094769348e-06
aco_current,7,7766,81,21,1,0.0,137.0,137.0,0.685,0.3868671953678131,False,False,0.0,137.0,0.0,[],0.0,0.0,0,0.0,0,1.87499999526608e-06
aco_current,7,7766,81,21,2,0.0,0.0,0.0,0.0,0.09907747060060501,False,False,0.0,0.0,0.0,[],0.0,0.0,0,0.0,0,1.87499999526608e-06
aco_current,7,7766,81,21,3,0.0,0.0,0.0,0.0,0.43936213850975037,False,False,0.0,0.0,0.0,[],0.0,0.0,0,0.0,0,1.87499999526608e-06
aco_current,7,7766,81,21,4,0.0,0.0,0.0,0.0,0.20313307642936707,False,False,0.0,0.0,0.0,[],0.0,0.0,0,0.0,0,1.87499999526608e-06
aco_current,7,7767,81,21,1,0.0,137.0,137.0,0.685,0.3868671953678131,False,False,0.0,137.0,0.0,[],0.0,0.0,0,0.0,0,2.375000008214556e-06
aco_current,7,7767,81,21,2,0.0,0.0,0.0,0.0,0.09907747060060501,False,False,0.0,0.0,0.0,[],0.0,0.0,0,0.0,0,2.375000008214556e-06
aco_current,7,7767,81,21,3,0.0,0.0,0.0,0.0,0.43936213850975037,False,False,0.0,0.0,0.0,[],0.0,0.0,0,0.0,0,2.375000008214556e-06
aco_current,7,7767,81,21,4,0.0,0.0,0.0,0.0,0.20313307642936707,False,False,0.0,0.0,0.0,[],0.0,0.0,0,0.0,0,2.375000008214556e-06
aco_current,7,7768,81,22,1,0.0,137.0,137.0,0.685,0.3868671953678131,False,False,0.0,137.0,0.0,[],0.0,0.0,0,0.0,0,1.917000005846603e-06
aco_current,7,7768,81,22,2,0.0,0.0,0.0,0.0,0.09907747060060501,False,False,0.0,0.0,0.0,[],0.0,0.0,0,0.0,0,1.917000005846603e-06
aco_current,7,7768,81,22,3,0.0,0.0,0.0,0.0,0.43936213850975037,False,False,0.0,0.0,0.0,[],0.0,0.0,0,0.0,0,1.917000005846603e-06
aco_current,7,7768,81,22,4,0.0,0.0,0.0,0.0,0.20313307642936707,False,False,0.0,0.0,0.0,[],0.0,0.0,0,0.0,0,1.917000005846603e-06
aco_current,7,7769,81,22,1,0.0,137.0,137.0,0.685,0.3868671953678131,False,False,0.0,137.0,0.0,[],0.0,0.0,0,0.0,0,2.95799999605606e-06
aco_current,7,7769,81,22,2,0.0,0.0,0.0,0.0,0.09907747060060501,False,False,0.0,0.0,0.0,[],0.0,0.0,0,0.0,0,2.95799999605606e-06
aco_current,7,7769,81,22,3,0.0,0.0,0.0,0.0,0.43936213850975037,False,False,0.0,0.0,0.0,[],0.0,0.0,0,0.0,0,2.95799999605606e-06
aco_current,7,7769,81,22,4,0.0,0.0,0.0,0.0,0.20313307642936707,False,False,0.0,0.0,0.0,[],0.0,0.0,0,0.0,0,2.95799999605606e-06
aco_current,7,7770,81,22,1,0.0,137.0,137.0,0.685,0.3868671953678131,False,False,0.0,137.0,0.0,[],0.0,0.0,0,0.0,0,1.7910000025267436e-06
aco_current,7,7770,81,22,2,0.0,0.0,0.0,0.0,0.09907747060060501,False,False,0.0,0.0,0.0,[],0.0,0.0,0,0.0,0,1.7910000025267436e-06
aco_current,7,7770,81,22,3,0.0,0.0,0.0,0.0,0.43936213850975037,False,False,0.0,0.0,0.0,[],0.0,0.0,0,0.0,0,1.7910000025267436e-06
aco_current,7,7770,81,22,4,0.0,0.0,0.0,0.0,0.20313307642936707,False,False,0.0,0.0,0.0,[],0.0,0.0,0,0.0,0,1.7910000025267436e-06
aco_current,7,7771,81,22,1,0.0,137.0,137.0,0.685,0.3868671953678131,False,False,0.0,137.0,0.0,[],0.0,0.0,0,0.0,0,1.7499999955816747e-06
aco_current,7,7771,81,22,2,0.0,0.0,0.0,0.0,0.09907747060060501,False,False,0.0,0.0,0.0,[],0.0,0.0,0,0.0,0,1.7499999955816747e-06
aco_current,7,7771,81,22,3,0.0,0.0,0.0,0.0,0.43936213850975037,False,False,0.0,0.0,0.0,[],0.0,0.0,0,0.0,0,1.7499999955816747e-06
aco_current,7,7771,81,22,4,0.0,0.0,0.0,0.0,0.20313307642936707,False,False,0.0,0.0,0.0,[],0.0,0.0,0,0.0,0,1.7499999955816747e-06
aco_current,7,7772,81,23,1,0.0,137.0,137.0,0.685,0.3868671953678131,False,False,0.0,137.0,0.0,[],0.0,0.0,0,0.0,0,2.4579999973184385e-06
aco_current,7,7772,81,23,2,0.0,0.0,0.0,0.0,0.09907747060060501,False,False,0.0,0.0,0.0,[],0.0,0.0,0,0.0,0,2.4579999973184385e-06
aco_current,7,7772,81,23,3,0.0,0.0,0.0,0.0,0.43936213850975037,False,False,0.0,0.0,0.0,[],0.0,0.0,0,0.0,0,2.4579999973184385e-06
aco_current,7,7772,81,23,4,0.0,0.0,0.0,0.0,0.20313307642936707,False,False,0.0,0.0,0.0,[],0.0,0.0,0,0.0,0,2.4579999973184385e-06
aco_current,7,7773,81,23,1,0.0,137.0,137.0,0.685,0.3868671953678131,False,False,0.0,137.0,0.0,[],0.0,0.0,0,0.0,0,1.87499999526608e-06
aco_current,7,7773,81,23,2,0.0,0.0,0.0,0.0,0.09907747060060501,False,False,0.0,0.0,0.0,[],0.0,0.0,0,0.0,0,1.87499999526608e-06
aco_current,7,7773,81,23,3,0.0,0.0,0.0,0.0,0.43936213850975037,False,False,0.0,0.0,0.0,[],0.0,0.0,0,0.0,0,1.87499999526608e-06
aco_current,7,7773,81,23,4,0.0,0.0,0.0,0.0,0.20313307642936707,False,False,0.0,0.0,0.0,[],0.0,0.0,0,0.0,0,1.87499999526608e-06
aco_current,7,7774,81,23,1,0.0,137.0,137.0,0.685,0.3868671953678131,False,False,0.0,137.0,0.0,[],0.0,0.0,0,0.0,0,2.0840000019006766e-06
aco_current,7,7774,81,23,2,0.0,0.0,0.0,0.0,0.09907747060060501,False,False,0.0,0.0,0.0,[],0.0,0.0,0,0.0,0,2.0840000019006766e-06
aco_current,7,7774,81,23,3,0.0,0.0,0.0,0.0,0.43936213850975037,False,False,0.0,0.0,0.0,[],0.0,0.0,0,0.0,0,2.0840000019006766e-06
aco_current,7,7774,81,23,4,0.0,0.0,0.0,0.0,0.20313307642936707,False,False,0.0,0.0,0.0,[],0.0,0.0,0,0.0,0,2.0840000019006766e-06
aco_current,7,7775,81,23,1,0.0,137.0,137.0,0.685,0.3868671953678131,False,False,0.0,137.0,0.0,[],0.0,0.0,0,0.0,0,1.9999999949504854e-06
aco_current,7,7775,81,23,2,0.0,0.0,0.0,0.0,0.09907747060060501,False,False,0.0,0.0,0.0,[],0.0,0.0,0,0.0,0,1.9999999949504854e-06
aco_current,7,7775,81,23,3,0.0,0.0,0.0,0.0,0.43936213850975037,False,False,0.0,0.0,0.0,[],0.0,0.0,0,0.0,0,1.9999999949504854e-06
aco_current,7,7775,81,23,4,0.0,0.0,0.0,0.0,0.20313307642936707,False,False,0.0,0.0,0.0,[],0.0,0.0,0,0.0,0,1.9999999949504854e-06
aco_current,7,7776,82,0,1,42.0,137.0,179.0,0.895,1.0,True,True,30.0,149.0,0.0,[1],10.0,10.0,1,10.0,0,0.009775082999993856
aco_current,7,7776,82,0,2,0.0,0.0,0.0,0.0,0.09907747060060501,False,False,0.0,0.0,0.0,[],10.0,10.0,1,10.0,0,0.009775082999993856
aco_current,7,7776,82,0,3,0.0,0.0,0.0,0.0,0.43936213850975037,False,False,0.0,0.0,0.0,[],10.0,10.0,1,10.0,0,0.009775082999993856
aco_current,7,7776,82,0,4,0.0,0.0,0.0,0.0,0.20313307642936707,False,False,0.0,0.0,0.0,[],10.0,10.0,1,10.0,0,0.009775082999993856
aco_current,7,7777,82,0,1,37.0,149.0,186.0,0.93,1.0,True,True,30.0,156.0,0.0,[1],10.0,10.0,1,10.0,0,0.009591667000009352
aco_current,7,7777,82,0,2,0.0,0.0,0.0,0.0,0.09907747060060501,False,False,0.0,0.0,0.0,[],10.0,10.0,1,10.0,0,0.009591667000009352
aco_current,7,7777,82,0,3,0.0,0.0,0.0,0.0,0.43936213850975037,False,False,0.0,0.0,0.0,[],10.0,10.0,1,10.0,0,0.009591667000009352
aco_current,7,7777,82,0,4,0.0,0.0,0.0,0.0,0.20313307642936707,False,False,0.0,0.0,0.0,[],10.0,10.0,1,10.0,0,0.009591667000009352
aco_current,7,7778,82,0,1,37.0,156.0,193.0,0.965,1.0,True,True,30.0,163.0,0.0,[1],10.0,10.0,1,10.0,0,0.009505500000003053
aco_current,7,7778,82,0,2,0.0,0.0,0.0,0.0,0.09907747060060501,False,False,0.0,0.0,0.0,[],10.0,10.0,1,10.0,0,0.009505500000003053
aco_current,7,7778,82,0,3,0.0,0.0,0.0,0.0,0.43936213850975037,False,False,0.0,0.0,0.0,[],10.0,10.0,1,10.0,0,0.009505500000003053
aco_current,7,7778,82,0,4,0.0,0.0,0.0,0.0,0.20313307642936707,False,False,0.0,0.0,0.0,[],10.0,10.0,1,10.0,0,0.009505500000003053
aco_current,7,7779,82,0,1,39.0,163.0,202.0,1.01,1.0,True,True,30.0,172.0,0.0,[1],10.0,10.0,1,10.0,0,0.00960154199999863
aco_current,7,7779,82,0,2,0.0,0.0,0.0,0.0,0.09907747060060501,False,False,0.0,0.0,0.0,[],10.0,10.0,1,10.0,0,0.00960154199999863
aco_current,7,7779,82,0,3,0.0,0.0,0.0,0.0,0.43936213850975037,False,False,0.0,0.0,0.0,[],10.0,10.0,1,10.0,0,0.00960154199999863
aco_current,7,7779,82,0,4,0.0,0.0,0.0,0.0,0.20313307642936707,False,False,0.0,0.0,0.0,[],10.0,10.0,1,10.0,0,0.00960154199999863
aco_current,7,7780,82,1,1,48.0,172.0,220.0,1.1,1.0,True,True,30.0,190.0,0.0,[1],10.0,10.0,1,10.0,0,0.009558957999999507
aco_current,7,7780,82,1,2,0.0,0.0,0.0,0.0,0.09907747060060501,False,False,0.0,0.0,0.0,[],10.0,10.0,1,10.0,0,0.009558957999999507
aco_current,7,7780,82,1,3,0.0,0.0,0.0,0.0,0.43936213850975037,False,False,0.0,0.0,0.0,[],10.0,10.0,1,10.0,0,0.009558957999999507
aco_current,7,7780,82,1,4,0.0,0.0,0.0,0.0,0.20313307642936707,False,False,0.0,0.0,0.0,[],10.0,10.0,1,10.0,0,0.009558957999999507
aco_current,7,7781,82,1,1,44.0,190.0,234.0,1.17,1.0,True,True,30.0,200.0,4.0,[1],10.0,10.0,1,10.0,0,0.009642499999998222
aco_current,7,7781,82,1,2,0.0,0.0,0.0,0.0,0.09907747060060501,False,False,0.0,0.0,0.0,[],10.0,10.0,1,10.0,0,0.009642499999998222
aco_current,7,7781,82,1,3,0.0,0.0,0.0,0.0,0.43936213850975037,False,False,0.0,0.0,0.0,[],10.0,10.0,1,10.0,0,0.009642499999998222
aco_current,7,7781,82,1,4,0.0,0.0,0.0,0.0,0.20313307642936707,False,False,0.0,0.0,0.0,[],10.0,10.0,1,10.0,0,0.009642499999998222
aco_current,7,7782,82,1,1,43.0,200.0,243.0,1.215,1.0,True,True,30.0,200.0,13.0,[1],10.0,10.0,1,10.0,0,0.009617750000003866
aco_current,7,7782,82,1,2,0.0,0.0,0.0,0.0,0.09907747060060501,False,False,0.0,0.0,0.0,[],10.0,10.0,1,10.0,0,0.009617750000003866
aco_current,7,7782,82,1,3,0.0,0.0,0.0,0.0,0.43936213850975037,False,False,0.0,0.0,0.0,[],10.0,10.0,1,10.0,0,0.009617750000003866
aco_current,7,7782,82,1,4,0.0,0.0,0.0,0.0,0.20313307642936707,False,False,0.0,0.0,0.0,[],10.0,10.0,1,10.0,0,0.009617750000003866
aco_current,7,7783,82,1,1,41.0,200.0,241.0,1.205,1.0,True,True,30.0,200.0,11.0,[1],10.0,10.0,1,10.0,0,0.009654124999997293
aco_current,7,7783,82,1,2,0.0,0.0,0.0,0.0,0.09907747060060501,False,False,0.0,0.0,0.0,[],10.0,10.0,1,10.0,0,0.009654124999997293
aco_current,7,7783,82,1,3,0.0,0.0,0.0,0.0,0.43936213850975037,False,False,0.0,0.0,0.0,[],10.0,10.0,1,10.0,0,0.009654124999997293
aco_current,7,7783,82,1,4,0.0,0.0,0.0,0.0,0.20313307642936707,False,False,0.0,0.0,0.0,[],10.0,10.0,1,10.0,0,0.009654124999997293
aco_current,7,7784,82,2,1,39.0,200.0,239.0,1.195,1.0,True,True,30.0,200.0,9.0,[1],10.0,10.0,1,10.0,0,0.009419874999991862
aco_current,7,7784,82,2,2,0.0,0.0,0.0,0.0,0.09907747060060501,False,False,0.0,0.0,0.0,[],10.0,10.0,1,10.0,0,0.009419874999991862
aco_current,7,7784,82,2,3,0.0,0.0,0.0,0.0,0.43936213850975037,False,False,0.0,0.0,0.0,[],10.0,10.0,1,10.0,0,0.009419874999991862
aco_current,7,7784,82,2,4,0.0,0.0,0.0,0.0,0.20313307642936707,False,False,0.0,0.0,0.0,[],10.0,10.0,1,10.0,0,0.009419874999991862
aco_current,7,7785,82,2,1,41.0,200.0,241.0,1.205,1.0,True,True,30.0,200.0,11.0,[1],10.0,10.0,1,10.0,0,0.009538000000006264
aco_current,7,7785,82,2,2,0.0,0.0,0.0,0.0,0.09907747060060501,False,False,0.0,0.0,0.0,[],10.0,10.0,1,10.0,0,0.009538000000006264
aco_current,7,7785,82,2,3,0.0,0.0,0.0,0.0,0.43936213850975037,False,False,0.0,0.0,0.0,[],10.0,10.0,1,10.0,0,0.009538000000006264
aco_current,7,7785,82,2,4,0.0,0.0,0.0,0.0,0.20313307642936707,False,False,0.0,0.0,0.0,[],10.0,10.0,1,10.0,0,0.009538000000006264
aco_current,7,7786,82,2,1,41.0,200.0,241.0,1.205,1.0,True,True,30.0,200.0,11.0,[1],10.0,10.0,1,10.0,0,0.00953541699999505
aco_current,7,7786,82,2,2,0.0,0.0,0.0,0.0,0.09907747060060501,False,False,0.0,0.0,0.0,[],10.0,10.0,1,10.0,0,0.00953541699999505
aco_current,7,7786,82,2,3,0.0,0.0,0.0,0.0,0.43936213850975037,False,False,0.0,0.0,0.0,[],10.0,10.0,1,10.0,0,0.00953541699999505
aco_current,7,7786,82,2,4,0.0,0.0,0.0,0.0,0.20313307642936707,False,False,0.0,0.0,0.0,[],10.0,10.0,1,10.0,0,0.00953541699999505
aco_current,7,7787,82,2,1,40.0,200.0,240.0,1.2,1.0,True,True,30.0,200.0,10.0,[1],10.0,10.0,1,10.0,0,0.00959495799999388
aco_current,7,7787,82,2,2,0.0,0.0,0.0,0.0,0.09907747060060501,False,False,0.0,0.0,0.0,[],10.0,10.0,1,10.0,0,0.00959495799999388
aco_current,7,7787,82,2,3,0.0,0.0,0.0,0.0,0.43936213850975037,False,False,0.0,0.0,0.0,[],10.0,10.0,1,10.0,0,0.00959495799999388
aco_current,7,7787,82,2,4,0.0,0.0,0.0,0.0,0.20313307642936707,False,False,0.0,0.0,0.0,[],10.0,10.0,1,10.0,0,0.00959495799999388
aco_current,7,7788,82,3,1,41.0,200.0,241.0,1.205,1.0,True,True,30.0,200.0,11.0,[1],10.0,10.0,1,10.0,0,0.010397832999998968
aco_current,7,7788,82,3,2,0.0,0.0,0.0,0.0,0.09907747060060501,False,False,0.0,0.0,0.0,[],10.0,10.0,1,10.0,0,0.010397832999998968
aco_current,7,7788,82,3,3,0.0,0.0,0.0,0.0,0.43936213850975037,False,False,0.0,0.0,0.0,[],10.0,10.0,1,10.0,0,0.010397832999998968
aco_current,7,7788,82,3,4,0.0,0.0,0.0,0.0,0.20313307642936707,False,False,0.0,0.0,0.0,[],10.0,10.0,1,10.0,0,0.010397832999998968
aco_current,7,7789,82,3,1,40.0,200.0,240.0,1.2,1.0,True,True,30.0,200.0,10.0,[1],10.0,10.0,1,10.0,0,0.009546624999998699
aco_current,7,7789,82,3,2,0.0,0.0,0.0,0.0,0.09907747060060501,False,False,0.0,0.0,0.0,[],10.0,10.0,1,10.0,0,0.009546624999998699
aco_current,7,7789,82,3,3,0.0,0.0,0.0,0.0,0.43936213850975037,False,False,0.0,0.0,0.0,[],10.0,10.0,1,10.0,0,0.009546624999998699
aco_current,7,7789,82,3,4,0.0,0.0,0.0,0.0,0.20313307642936707,False,False,0.0,0.0,0.0,[],10.0,10.0,1,10.0,0,0.009546624999998699
aco_current,7,7790,82,3,1,42.0,200.0,242.0,1.21,1.0,True,True,30.0,200.0,12.0,[1],10.0,10.0,1,10.0,0,0.0096082919999958
aco_current,7,7790,82,3,2,0.0,0.0,0.0,0.0,0.09907747060060501,False,False,0.0,0.0,0.0,[],10.0,10.0,1,10.0,0,0.0096082919999958
aco_current,7,7790,82,3,3,0.0,0.0,0.0,0.0,0.43936213850975037,False,False,0.0,0.0,0.0,[],10.0,10.0,1,10.0,0,0.0096082919999958
aco_current,7,7790,82,3,4,0.0,0.0,0.0,0.0,0.20313307642936707,False,False,0.0,0.0,0.0,[],10.0,10.0,1,10.0,0,0.0096082919999958
aco_current,7,7791,82,3,1,43.0,200.0,243.0,1.215,1.0,True,True,30.0,200.0,13.0,[1],10.0,10.0,1,10.0,0,0.00954979200000139
aco_current,7,7791,82,3,2,0.0,0.0,0.0,0.0,0.09907747060060501,False,False,0.0,0.0,0.0,[],10.0,10.0,1,10.0,0,0.00954979200000139
aco_current,7,7791,82,3,3,0.0,0.0,0.0,0.0,0.43936213850975037,False,False,0.0,0.0,0.0,[],10.0,10.0,1,10.0,0,0.00954979200000139
aco_current,7,7791,82,3,4,0.0,0.0,0.0,0.0,0.20313307642936707,False,False,0.0,0.0,0.0,[],10.0,10.0,1,10.0,0,0.00954979200000139
aco_current,7,7792,82,4,1,44.0,200.0,244.0,1.22,1.0,True,True,30.0,200.0,14.0,[1],10.0,10.0,1,10.0,0,0.00967883300000949
aco_current,7,7792,82,4,2,0.0,0.0,0.0,0.0,0.09907747060060501,False,False,0.0,0.0,0.0,[],10.0,10.0,1,10.0,0,0.00967883300000949
aco_current,7,7792,82,4,3,0.0,0.0,0.0,0.0,0.43936213850975037,False,False,0.0,0.0,0.0,[],10.0,10.0,1,10.0,0,0.00967883300000949
aco_current,7,7792,82,4,4,0.0,0.0,0.0,0.0,0.20313307642936707,False,False,0.0,0.0,0.0,[],10.0,10.0,1,10.0,0,0.00967883300000949
aco_current,7,7793,82,4,1,44.0,200.0,244.0,1.22,1.0,True,True,30.0,200.0,14.0,[1],10.0,10.0,1,10.0,0,0.009477959000008696
aco_current,7,7793,82,4,2,0.0,0.0,0.0,0.0,0.09907747060060501,False,False,0.0,0.0,0.0,[],10.0,10.0,1,10.0,0,0.009477959000008696
aco_current,7,7793,82,4,3,0.0,0.0,0.0,0.0,0.43936213850975037,False,False,0.0,0.0,0.0,[],10.0,10.0,1,10.0,0,0.009477959000008696
aco_current,7,7793,82,4,4,0.0,0.0,0.0,0.0,0.20313307642936707,False,False,0.0,0.0,0.0,[],10.0,10.0,1,10.0,0,0.009477959000008696
aco_current,7,7794,82,4,1,43.0,200.0,243.0,1.215,1.0,True,True,30.0,200.0,13.0,[1],10.0,10.0,1,10.0,0,0.009417540999990592
aco_current,7,7794,82,4,2,0.0,0.0,0.0,0.0,0.09907747060060501,False,False,0.0,0.0,0.0,[],10.0,10.0,1,10.0,0,0.009417540999990592
aco_current,7,7794,82,4,3,0.0,0.0,0.0,0.0,0.43936213850975037,False,False,0.0,0.0,0.0,[],10.0,10.0,1,10.0,0,0.009417540999990592
aco_current,7,7794,82,4,4,0.0,0.0,0.0,0.0,0.20313307642936707,False,False,0.0,0.0,0.0,[],10.0,10.0,1,10.0,0,0.009417540999990592
aco_current,7,7795,82,4,1,41.0,200.0,241.0,1.205,1.0,True,True,30.0,200.0,11.0,[1],10.0,10.0,1,10.0,0,0.00952566600000182
aco_current,7,7795,82,4,2,0.0,0.0,0.0,0.0,0.09907747060060501,False,False,0.0,0.0,0.0,[],10.0,10.0,1,10.0,0,0.00952566600000182
aco_current,7,7795,82,4,3,0.0,0.0,0.0,0.0,0.43936213850975037,False,False,0.0,0.0,0.0,[],10.0,10.0,1,10.0,0,0.00952566600000182
aco_current,7,7795,82,4,4,0.0,0.0,0.0,0.0,0.20313307642936707,False,False,0.0,0.0,0.0,[],10.0,10.0,1,10.0,0,0.00952566600000182
aco_current,7,7796,82,5,1,42.0,200.0,242.0,1.21,1.0,True,True,30.0,200.0,12.0,[1],10.0,10.0,1,10.0,0,0.009626374999996301
aco_current,7,7796,82,5,2,0.0,0.0,0.0,0.0,0.09907747060060501,False,False,0.0,0.0,0.0,[],10.0,10.0,1,10.0,0,0.009626374999996301
aco_current,7,7796,82,5,3,0.0,0.0,0.0,0.0,0.43936213850975037,False,False,0.0,0.0,0.0,[],10.0,10.0,1,10.0,0,0.009626374999996301
aco_current,7,7796,82,5,4,0.0,0.0,0.0,0.0,0.20313307642936707,False,False,0.0,0.0,0.0,[],10.0,10.0,1,10.0,0,0.009626374999996301
aco_current,7,7797,82,5,1,44.0,200.0,244.0,1.22,1.0,True,True,30.0,200.0,14.0,[1],10.0,10.0,1,10.0,0,0.0096376670000069
aco_current,7,7797,82,5,2,0.0,0.0,0.0,0.0,0.09907747060060501,False,False,0.0,0.0,0.0,[],10.0,10.0,1,10.0,0,0.0096376670000069
aco_current,7,7797,82,5,3,0.0,0.0,0.0,0.0,0.43936213850975037,False,False,0.0,0.0,0.0,[],10.0,10.0,1,10.0,0,0.0096376670000069
aco_current,7,7797,82,5,4,0.0,0.0,0.0,0.0,0.20313307642936707,False,False,0.0,0.0,0.0,[],10.0,10.0,1,10.0,0,0.0096376670000069
aco_current,7,7798,82,5,1,43.0,200.0,243.0,1.215,1.0,True,True,30.0,200.0,13.0,[1],10.0,10.0,1,10.0,0,0.009807374999994067
aco_current,7,7798,82,5,2,0.0,0.0,0.0,0.0,0.09907747060060501,False,False,0.0,0.0,0.0,[],10.0,10.0,1,10.0,0,0.009807374999994067
aco_current,7,7798,82,5,3,0.0,0.0,0.0,0.0,0.43936213850975037,False,False,0.0,0.0,0.0,[],10.0,10.0,1,10.0,0,0.009807374999994067
aco_current,7,7798,82,5,4,0.0,0.0,0.0,0.0,0.20313307642936707,False,False,0.0,0.0,0.0,[],10.0,10.0,1,10.0,0,0.009807374999994067
aco_current,7,7799,82,5,1,42.0,200.0,242.0,1.21,1.0,True,True,30.0,200.0,12.0,[1],10.0,10.0,1,10.0,0,0.009458375000008346
aco_current,7,7799,82,5,2,0.0,0.0,0.0,0.0,0.09907747060060501,False,False,0.0,0.0,0.0,[],10.0,10.0,1,10.0,0,0.009458375000008346
aco_current,7,7799,82,5,3,0.0,0.0,0.0,0.0,0.43936213850975037,False,False,0.0,0.0,0.0,[],10.0,10.0,1,10.0,0,0.009458375000008346
aco_current,7,7799,82,5,4,0.0,0.0,0.0,0.0,0.20313307642936707,False,False,0.0,0.0,0.0,[],10.0,10.0,1,10.0,0,0.009458375000008346
aco_current,7,7800,82,6,1,43.0,200.0,243.0,1.215,1.0,True,True,30.0,200.0,13.0,[1],10.0,10.0,1,10.0,0,0.009527250000004983
aco_current,7,7800,82,6,2,0.0,0.0,0.0,0.0,0.09907747060060501,False,False,0.0,0.0,0.0,[],10.0,10.0,1,10.0,0,0.009527250000004983
aco_current,7,7800,82,6,3,0.0,0.0,0.0,0.0,0.43936213850975037,False,False,0.0,0.0,0.0,[],10.0,10.0,1,10.0,0,0.009527250000004983
aco_current,7,7800,82,6,4,0.0,0.0,0.0,0.0,0.20313307642936707,False,False,0.0,0.0,0.0,[],10.0,10.0,1,10.0,0,0.009527250000004983
aco_current,7,7801,82,6,1,42.0,200.0,242.0,1.21,1.0,True,True,30.0,200.0,12.0,[1],10.0,10.0,1,10.0,0,0.009537790999999629
aco_current,7,7801,82,6,2,0.0,0.0,0.0,0.0,0.09907747060060501,False,False,0.0,0.0,0.0,[],10.0,10.0,1,10.0,0,0.009537790999999629
aco_current,7,7801,82,6,3,0.0,0.0,0.0,0.0,0.43936213850975037,False,False,0.0,0.0,0.0,[],10.0,10.0,1,10.0,0,0.009537790999999629
aco_current,7,7801,82,6,4,0.0,0.0,0.0,0.0,0.20313307642936707,False,False,0.0,0.0,0.0,[],10.0,10.0,1,10.0,0,0.009537790999999629
aco_current,7,7802,82,6,1,44.0,200.0,244.0,1.22,1.0,True,True,30.0,200.0,14.0,[1],10.0,10.0,1,10.0,0,0.009663541999998415
aco_current,7,7802,82,6,2,0.0,0.0,0.0,0.0,0.09907747060060501,False,False,0.0,0.0,0.0,[],10.0,10.0,1,10.0,0,0.009663541999998415
aco_current,7,7802,82,6,3,0.0,0.0,0.0,0.0,0.43936213850975037,False,False,0.0,0.0,0.0,[],10.0,10.0,1,10.0,0,0.009663541999998415
aco_current,7,7802,82,6,4,0.0,0.0,0.0,0.0,0.20313307642936707,False,False,0.0,0.0,0.0,[],10.0,10.0,1,10.0,0,0.009663541999998415
aco_current,7,7803,82,6,1,43.0,200.0,243.0,1.215,1.0,True,True,30.0,200.0,13.0,[1],10.0,10.0,1,10.0,0,0.009679708000007281
aco_current,7,7803,82,6,2,0.0,0.0,0.0,0.0,0.09907747060060501,False,False,0.0,0.0,0.0,[],10.0,10.0,1,10.0,0,0.009679708000007281
aco_current,7,7803,82,6,3,0.0,0.0,0.0,0.0,0.43936213850975037,False,False,0.0,0.0,0.0,[],10.0,10.0,1,10.0,0,0.009679708000007281
aco_current,7,7803,82,6,4,0.0,0.0,0.0,0.0,0.20313307642936707,False,False,0.0,0.0,0.0,[],10.0,10.0,1,10.0,0,0.009679708000007281
aco_current,7,7804,82,7,1,41.0,200.0,241.0,1.205,1.0,True,True,30.0,200.0,11.0,[1],10.0,10.0,1,10.0,0,0.009796207999997364
aco_current,7,7804,82,7,2,0.0,0.0,0.0,0.0,0.09907747060060501,False,False,0.0,0.0,0.0,[],10.0,10.0,1,10.0,0,0.009796207999997364
aco_current,7,7804,82,7,3,0.0,0.0,0.0,0.0,0.43936213850975037,False,False,0.0,0.0,0.0,[],10.0,10.0,1,10.0,0,0.009796207999997364
aco_current,7,7804,82,7,4,0.0,0.0,0.0,0.0,0.20313307642936707,False,False,0.0,0.0,0.0,[],10.0,10.0,1,10.0,0,0.009796207999997364
aco_current,7,7805,82,7,1,42.0,200.0,242.0,1.21,1.0,True,True,30.0,200.0,12.0,[1],10.0,10.0,1,10.0,0,0.009490209000006189
aco_current,7,7805,82,7,2,0.0,0.0,0.0,0.0,0.09907747060060501,False,False,0.0,0.0,0.0,[],10.0,10.0,1,10.0,0,0.009490209000006189
aco_current,7,7805,82,7,3,0.0,0.0,0.0,0.0,0.43936213850975037,False,False,0.0,0.0,0.0,[],10.0,10.0,1,10.0,0,0.009490209000006189
aco_current,7,7805,82,7,4,0.0,0.0,0.0,0.0,0.20313307642936707,False,False,0.0,0.0,0.0,[],10.0,10.0,1,10.0,0,0.009490209000006189
aco_current,7,7806,82,7,1,41.0,200.0,241.0,1.205,1.0,True,True,30.0,200.0,11.0,[1],10.0,10.0,1,10.0,0,0.009487458999998921
aco_current,7,7806,82,7,2,0.0,0.0,0.0,0.0,0.09907747060060501,False,False,0.0,0.0,0.0,[],10.0,10.0,1,10.0,0,0.009487458999998921
aco_current,7,7806,82,7,3,0.0,0.0,0.0,0.0,0.43936213850975037,False,False,0.0,0.0,0.0,[],10.0,10.0,1,10.0,0,0.009487458999998921
aco_current,7,7806,82,7,4,0.0,0.0,0.0,0.0,0.20313307642936707,False,False,0.0,0.0,0.0,[],10.0,10.0,1,10.0,0,0.009487458999998921
aco_current,7,7807,82,7,1,45.0,200.0,245.0,1.225,1.0,True,True,30.0,200.0,15.0,[1],10.0,10.0,1,10.0,0,0.009569708000000787
aco_current,7,7807,82,7,2,0.0,0.0,0.0,0.0,0.09907747060060501,False,False,0.0,0.0,0.0,[],10.0,10.0,1,10.0,0,0.009569708000000787
aco_current,7,7807,82,7,3,0.0,0.0,0.0,0.0,0.43936213850975037,False,False,0.0,0.0,0.0,[],10.0,10.0,1,10.0,0,0.009569708000000787
aco_current,7,7807,82,7,4,0.0,0.0,0.0,0.0,0.20313307642936707,False,False,0.0,0.0,0.0,[],10.0,10.0,1,10.0,0,0.009569708000000787
aco_current,7,7808,82,8,1,46.0,200.0,246.0,1.23,1.0,True,True,30.0,200.0,16.0,[1],10.0,10.0,1,10.0,0,0.009536416999992525
aco_current,7,7808,82,8,2,0.0,0.0,0.0,0.0,0.09907747060060501,False,False,0.0,0.0,0.0,[],10.0,10.0,1,10.0,0,0.009536416999992525
aco_current,7,7808,82,8,3,0.0,0.0,0.0,0.0,0.43936213850975037,False,False,0.0,0.0,0.0,[],10.0,10.0,1,10.0,0,0.009536416999992525
aco_current,7,7808,82,8,4,0.0,0.0,0.0,0.0,0.20313307642936707,False,False,0.0,0.0,0.0,[],10.0,10.0,1,10.0,0,0.009536416999992525
aco_current,7,7809,82,8,1,43.0,200.0,243.0,1.215,1.0,True,True,30.0,200.0,13.0,[1],10.0,10.0,1,10.0,0,0.009562832999989723
aco_current,7,7809,82,8,2,0.0,0.0,0.0,0.0,0.09907747060060501,False,False,0.0,0.0,0.0,[],10.0,10.0,1,10.0,0,0.009562832999989723
aco_current,7,7809,82,8,3,0.0,0.0,0.0,0.0,0.43936213850975037,False,False,0.0,0.0,0.0,[],10.0,10.0,1,10.0,0,0.009562832999989723
aco_current,7,7809,82,8,4,0.0,0.0,0.0,0.0,0.20313307642936707,False,False,0.0,0.0,0.0,[],10.0,10.0,1,10.0,0,0.009562832999989723
aco_current,7,7810,82,8,1,40.0,200.0,240.0,1.2,1.0,True,True,30.0,200.0,10.0,[1],10.0,10.0,1,10.0,0,0.009498790999998619
aco_current,7,7810,82,8,2,0.0,0.0,0.0,0.0,0.09907747060060501,False,False,0.0,0.0,0.0,[],10.0,10.0,1,10.0,0,0.009498790999998619
aco_current,7,7810,82,8,3,0.0,0.0,0.0,0.0,0.43936213850975037,False,False,0.0,0.0,0.0,[],10.0,10.0,1,10.0,0,0.009498790999998619
aco_current,7,7810,82,8,4,0.0,0.0,0.0,0.0,0.20313307642936707,False,False,0.0,0.0,0.0,[],10.0,10.0,1,10.0,0,0.009498790999998619
aco_current,7,7811,82,8,1,41.0,200.0,241.0,1.205,1.0,True,True,30.0,200.0,11.0,[1],10.0,10.0,1,10.0,0,0.00948766700000192
aco_current,7,7811,82,8,2,0.0,0.0,0.0,0.0,0.09907747060060501,False,False,0.0,0.0,0.0,[],10.0,10.0,1,10.0,0,0.00948766700000192
aco_current,7,7811,82,8,3,0.0,0.0,0.0,0.0,0.43936213850975037,False,False,0.0,0.0,0.0,[],10.0,10.0,1,10.0,0,0.00948766700000192
aco_current,7,7811,82,8,4,0.0,0.0,0.0,0.0,0.20313307642936707,False,False,0.0,0.0,0.0,[],10.0,10.0,1,10.0,0,0.00948766700000192
aco_current,7,7812,82,9,1,40.0,200.0,240.0,1.2,1.0,True,True,30.0,200.0,10.0,[1],10.0,10.0,1,10.0,0,0.009590541999997981
aco_current,7,7812,82,9,2,0.0,0.0,0.0,0.0,0.09907747060060501,False,False,0.0,0.0,0.0,[],10.0,10.0,1,10.0,0,0.009590541999997981
aco_current,7,7812,82,9,3,0.0,0.0,0.0,0.0,0.43936213850975037,False,False,0.0,0.0,0.0,[],10.0,10.0,1,10.0,0,0.009590541999997981
aco_current,7,7812,82,9,4,0.0,0.0,0.0,0.0,0.20313307642936707,False,False,0.0,0.0,0.0,[],10.0,10.0,1,10.0,0,0.009590541999997981
aco_current,7,7813,82,9,1,41.0,200.0,241.0,1.205,1.0,True,True,30.0,200.0,11.0,[1],10.0,10.0,1,10.0,0,0.009621332999998344
aco_current,7,7813,82,9,2,0.0,0.0,0.0,0.0,0.09907747060060501,False,False,0.0,0.0,0.0,[],10.0,10.0,1,10.0,0,0.009621332999998344
aco_current,7,7813,82,9,3,0.0,0.0,0.0,0.0,0.43936213850975037,False,False,0.0,0.0,0.0,[],10.0,10.0,1,10.0,0,0.009621332999998344
aco_current,7,7813,82,9,4,0.0,0.0,0.0,0.0,0.20313307642936707,False,False,0.0,0.0,0.0,[],10.0,10.0,1,10.0,0,0.009621332999998344
aco_current,7,7814,82,9,1,41.0,200.0,241.0,1.205,1.0,True,True,30.0,200.0,11.0,[1],10.0,10.0,1,10.0,0,0.009662582999993674
aco_current,7,7814,82,9,2,0.0,0.0,0.0,0.0,0.09907747060060501,False,False,0.0,0.0,0.0,[],10.0,10.0,1,10.0,0,0.009662582999993674
aco_current,7,7814,82,9,3,0.0,0.0,0.0,0.0,0.43936213850975037,False,False,0.0,0.0,0.0,[],10.0,10.0,1,10.0,0,0.009662582999993674
aco_current,7,7814,82,9,4,0.0,0.0,0.0,0.0,0.20313307642936707,False,False,0.0,0.0,0.0,[],10.0,10.0,1,10.0,0,0.009662582999993674
aco_current,7,7815,82,9,1,41.0,200.0,241.0,1.205,1.0,True,True,30.0,200.0,11.0,[1],10.0,10.0,1,10.0,0,0.009660834000001728
aco_current,7,7815,82,9,2,0.0,0.0,0.0,0.0,0.09907747060060501,False,False,0.0,0.0,0.0,[],10.0,10.0,1,10.0,0,0.009660834000001728
aco_current,7,7815,82,9,3,0.0,0.0,0.0,0.0,0.43936213850975037,False,False,0.0,0.0,0.0,[],10.0,10.0,1,10.0,0,0.009660834000001728
aco_current,7,7815,82,9,4,0.0,0.0,0.0,0.0,0.20313307642936707,False,False,0.0,0.0,0.0,[],10.0,10.0,1,10.0,0,0.009660834000001728
aco_current,7,7816,82,10,1,41.0,200.0,241.0,1.205,1.0,True,True,30.0,200.0,11.0,[1],10.0,10.0,1,10.0,0,0.009608666999994853
aco_current,7,7816,82,10,2,0.0,0.0,0.0,0.0,0.09907747060060501,False,False,0.0,0.0,0.0,[],10.0,10.0,1,10.0,0,0.009608666999994853
aco_current,7,7816,82,10,3,0.0,0.0,0.0,0.0,0.43936213850975037,False,False,0.0,0.0,0.0,[],10.0,10.0,1,10.0,0,0.009608666999994853
aco_current,7,7816,82,10,4,0.0,0.0,0.0,0.0,0.20313307642936707,False,False,0.0,0.0,0.0,[],10.0,10.0,1,10.0,0,0.009608666999994853
aco_current,7,7817,82,10,1,41.0,200.0,241.0,1.205,1.0,True,True,30.0,200.0,11.0,[1],10.0,10.0,1,10.0,0,0.009446250000010536
aco_current,7,7817,82,10,2,0.0,0.0,0.0,0.0,0.09907747060060501,False,False,0.0,0.0,0.0,[],10.0,10.0,1,10.0,0,0.009446250000010536
aco_current,7,7817,82,10,3,0.0,0.0,0.0,0.0,0.43936213850975037,False,False,0.0,0.0,0.0,[],10.0,10.0,1,10.0,0,0.009446250000010536
aco_current,7,7817,82,10,4,0.0,0.0,0.0,0.0,0.20313307642936707,False,False,0.0,0.0,0.0,[],10.0,10.0,1,10.0,0,0.009446250000010536
aco_current,7,7818,82,10,1,41.0,200.0,241.0,1.205,1.0,True,True,30.0,200.0,11.0,[1],10.0,10.0,1,10.0,0,0.009581208000000174
aco_current,7,7818,82,10,2,0.0,0.0,0.0,0.0,0.09907747060060501,False,False,0.0,0.0,0.0,[],10.0,10.0,1,10.0,0,0.009581208000000174
aco_current,7,7818,82,10,3,0.0,0.0,0.0,0.0,0.43936213850975037,False,False,0.0,0.0,0.0,[],10.0,10.0,1,10.0,0,0.009581208000000174
aco_current,7,7818,82,10,4,0.0,0.0,0.0,0.0,0.20313307642936707,False,False,0.0,0.0,0.0,[],10.0,10.0,1,10.0,0,0.009581208000000174
aco_current,7,7819,82,10,1,43.0,200.0,243.0,1.215,1.0,True,True,30.0,200.0,13.0,[1],10.0,10.0,1,10.0,0,0.010029666999997744
aco_current,7,7819,82,10,2,0.0,0.0,0.0,0.0,0.09907747060060501,False,False,0.0,0.0,0.0,[],10.0,10.0,1,10.0,0,0.010029666999997744
aco_current,7,7819,82,10,3,0.0,0.0,0.0,0.0,0.43936213850975037,False,False,0.0,0.0,0.0,[],10.0,10.0,1,10.0,0,0.010029666999997744
aco_current,7,7819,82,10,4,0.0,0.0,0.0,0.0,0.20313307642936707,False,False,0.0,0.0,0.0,[],10.0,10.0,1,10.0,0,0.010029666999997744
aco_current,7,7820,82,11,1,40.0,200.0,240.0,1.2,1.0,True,True,30.0,200.0,10.0,[1],10.0,10.0,1,10.0,0,0.009706875000006221
aco_current,7,7820,82,11,2,0.0,0.0,0.0,0.0,0.09907747060060501,False,False,0.0,0.0,0.0,[],10.0,10.0,1,10.0,0,0.009706875000006221
aco_current,7,7820,82,11,3,0.0,0.0,0.0,0.0,0.43936213850975037,False,False,0.0,0.0,0.0,[],10.0,10.0,1,10.0,0,0.009706875000006221
aco_current,7,7820,82,11,4,0.0,0.0,0.0,0.0,0.20313307642936707,False,False,0.0,0.0,0.0,[],10.0,10.0,1,10.0,0,0.009706875000006221
aco_current,7,7821,82,11,1,41.0,200.0,241.0,1.205,1.0,True,True,30.0,200.0,11.0,[1],10.0,10.0,1,10.0,0,0.009495708000002878
aco_current,7,7821,82,11,2,0.0,0.0,0.0,0.0,0.09907747060060501,False,False,0.0,0.0,0.0,[],10.0,10.0,1,10.0,0,0.009495708000002878
aco_current,7,7821,82,11,3,0.0,0.0,0.0,0.0,0.43936213850975037,False,False,0.0,0.0,0.0,[],10.0,10.0,1,10.0,0,0.009495708000002878
aco_current,7,7821,82,11,4,0.0,0.0,0.0,0.0,0.20313307642936707,False,False,0.0,0.0,0.0,[],10.0,10.0,1,10.0,0,0.009495708000002878
aco_current,7,7822,82,11,1,40.0,200.0,240.0,1.2,1.0,True,True,30.0,200.0,10.0,[1],10.0,10.0,1,10.0,0,0.009448415999997906
aco_current,7,7822,82,11,2,0.0,0.0,0.0,0.0,0.09907747060060501,False,False,0.0,0.0,0.0,[],10.0,10.0,1,10.0,0,0.009448415999997906
aco_current,7,7822,82,11,3,0.0,0.0,0.0,0.0,0.43936213850975037,False,False,0.0,0.0,0.0,[],10.0,10.0,1,10.0,0,0.009448415999997906
aco_current,7,7822,82,11,4,0.0,0.0,0.0,0.0,0.20313307642936707,False,False,0.0,0.0,0.0,[],10.0,10.0,1,10.0,0,0.009448415999997906
aco_current,7,7823,82,11,1,41.0,200.0,241.0,1.205,1.0,True,True,30.0,200.0,11.0,[1],10.0,10.0,1,10.0,0,0.009698916000004942
aco_current,7,7823,82,11,2,0.0,0.0,0.0,0.0,0.09907747060060501,False,False,0.0,0.0,0.0,[],10.0,10.0,1,10.0,0,0.009698916000004942
aco_current,7,7823,82,11,3,0.0,0.0,0.0,0.0,0.43936213850975037,False,False,0.0,0.0,0.0,[],10.0,10.0,1,10.0,0,0.009698916000004942
aco_current,7,7823,82,11,4,0.0,0.0,0.0,0.0,0.20313307642936707,False,False,0.0,0.0,0.0,[],10.0,10.0,1,10.0,0,0.009698916000004942
aco_current,7,7824,82,12,1,37.0,200.0,237.0,1.185,1.0,True,True,30.0,200.0,7.0,[1],10.0,10.0,1,10.0,0,0.009920374999992987
aco_current,7,7824,82,12,2,0.0,0.0,0.0,0.0,0.09907747060060501,False,False,0.0,0.0,0.0,[],10.0,10.0,1,10.0,0,0.009920374999992987
aco_current,7,7824,82,12,3,0.0,0.0,0.0,0.0,0.43936213850975037,False,False,0.0,0.0,0.0,[],10.0,10.0,1,10.0,0,0.009920374999992987
aco_current,7,7824,82,12,4,0.0,0.0,0.0,0.0,0.20313307642936707,False,False,0.0,0.0,0.0,[],10.0,10.0,1,10.0,0,0.009920374999992987
aco_current,7,7825,82,12,1,32.0,200.0,232.0,1.16,1.0,True,True,30.0,200.0,2.0,[1],10.0,10.0,1,10.0,0,0.009356541999991919
aco_current,7,7825,82,12,2,0.0,0.0,0.0,0.0,0.09907747060060501,False,False,0.0,0.0,0.0,[],10.0,10.0,1,10.0,0,0.009356541999991919
aco_current,7,7825,82,12,3,0.0,0.0,0.0,0.0,0.43936213850975037,False,False,0.0,0.0,0.0,[],10.0,10.0,1,10.0,0,0.009356541999991919
aco_current,7,7825,82,12,4,0.0,0.0,0.0,0.0,0.20313307642936707,False,False,0.0,0.0,0.0,[],10.0,10.0,1,10.0,0,0.009356541999991919
aco_current,7,7826,82,12,1,32.0,200.0,232.0,1.16,1.0,True,True,30.0,200.0,2.0,[1],10.0,10.0,1,10.0,0,0.009657583999995722
aco_current,7,7826,82,12,2,0.0,0.0,0.0,0.0,0.09907747060060501,False,False,0.0,0.0,0.0,[],10.0,10.0,1,10.0,0,0.009657583999995722
aco_current,7,7826,82,12,3,0.0,0.0,0.0,0.0,0.43936213850975037,False,False,0.0,0.0,0.0,[],10.0,10.0,1,10.0,0,0.009657583999995722
aco_current,7,7826,82,12,4,0.0,0.0,0.0,0.0,0.20313307642936707,False,False,0.0,0.0,0.0,[],10.0,10.0,1,10.0,0,0.009657583999995722
aco_current,7,7827,82,12,1,32.0,200.0,232.0,1.16,1.0,True,True,30.0,200.0,2.0,[1],10.0,10.0,1,10.0,0,0.00947541599998658
aco_current,7,7827,82,12,2,0.0,0.0,0.0,0.0,0.09907747060060501,False,False,0.0,0.0,0.0,[],10.0,10.0,1,10.0,0,0.00947541599998658
aco_current,7,7827,82,12,3,0.0,0.0,0.0,0.0,0.43936213850975037,False,False,0.0,0.0,0.0,[],10.0,10.0,1,10.0,0,0.00947541599998658
aco_current,7,7827,82,12,4,0.0,0.0,0.0,0.0,0.20313307642936707,False,False,0.0,0.0,0.0,[],10.0,10.0,1,10.0,0,0.00947541599998658
aco_current,7,7828,82,13,1,29.0,200.0,229.0,1.145,1.0,True,True,30.0,199.0,0.0,[1],10.0,10.0,1,10.0,0,0.009547374999996805
aco_current,7,7828,82,13,2,0.0,0.0,0.0,0.0,0.09907747060060501,False,False,0.0,0.0,0.0,[],10.0,10.0,1,10.0,0,0.009547374999996805
aco_current,7,7828,82,13,3,0.0,0.0,0.0,0.0,0.43936213850975037,False,False,0.0,0.0,0.0,[],10.0,10.0,1,10.0,0,0.009547374999996805
aco_current,7,7828,82,13,4,0.0,0.0,0.0,0.0,0.20313307642936707,False,False,0.0,0.0,0.0,[],10.0,10.0,1,10.0,0,0.009547374999996805
aco_current,7,7829,82,13,1,16.0,199.0,215.0,1.075,1.0,True,True,30.0,185.0,0.0,[1],10.0,10.0,1,10.0,0,0.009647291000007385
aco_current,7,7829,82,13,2,0.0,0.0,0.0,0.0,0.09907747060060501,False,False,0.0,0.0,0.0,[],10.0,10.0,1,10.0,0,0.009647291000007385
aco_current,7,7829,82,13,3,0.0,0.0,0.0,0.0,0.43936213850975037,False,False,0.0,0.0,0.0,[],10.0,10.0,1,10.0,0,0.009647291000007385
aco_current,7,7829,82,13,4,0.0,0.0,0.0,0.0,0.20313307642936707,False,False,0.0,0.0,0.0,[],10.0,10.0,1,10.0,0,0.009647291000007385
aco_current,7,7830,82,13,1,18.0,185.0,203.0,1.015,1.0,True,True,30.0,173.0,0.0,[1],10.0,10.0,1,10.0,0,0.009668167000000949
aco_current,7,7830,82,13,2,0.0,0.0,0.0,0.0,0.09907747060060501,False,False,0.0,0.0,0.0,[],10.0,10.0,1,10.0,0,0.009668167000000949
aco_current,7,7830,82,13,3,0.0,0.0,0.0,0.0,0.43936213850975037,False,False,0.0,0.0,0.0,[],10.0,10.0,1,10.0,0,0.009668167000000949
aco_current,7,7830,82,13,4,0.0,0.0,0.0,0.0,0.20313307642936707,False,False,0.0,0.0,0.0,[],10.0,10.0,1,10.0,0,0.009668167000000949
aco_current,7,7831,82,13,1,17.0,173.0,190.0,0.95,0.9999999403953552,True,True,30.0,160.0,0.0,[1],10.0,10.0,1,10.0,0,0.00960374999999658
aco_current,7,7831,82,13,2,0.0,0.0,0.0,0.0,0.09907747060060501,False,False,0.0,0.0,0.0,[],10.0,10.0,1,10.0,0,0.00960374999999658
aco_current,7,7831,82,13,3,0.0,0.0,0.0,0.0,0.43936213850975037,False,False,0.0,0.0,0.0,[],10.0,10.0,1,10.0,0,0.00960374999999658
aco_current,7,7831,82,13,4,0.0,0.0,0.0,0.0,0.20313307642936707,False,False,0.0,0.0,0.0,[],10.0,10.0,1,10.0,0,0.00960374999999658
aco_current,7,7832,82,14,1,18.0,160.0,178.0,0.89,0.999998927116394,True,True,30.0,148.0,0.0,[1],10.0,10.0,1,10.0,0,0.009444708000003743
aco_current,7,7832,82,14,2,0.0,0.0,0.0,0.0,0.09907747060060501,False,False,0.0,0.0,0.0,[],10.0,10.0,1,10.0,0,0.009444708000003743
aco_current,7,7832,82,14,3,0.0,0.0,0.0,0.0,0.43936213850975037,False,False,0.0,0.0,0.0,[],10.0,10.0,1,10.0,0,0.009444708000003743
aco_current,7,7832,82,14,4,0.0,0.0,0.0,0.0,0.20313307642936707,False,False,0.0,0.0,0.0,[],10.0,10.0,1,10.0,0,0.009444708000003743
aco_current,7,7833,82,14,1,17.0,148.0,165.0,0.825,0.9999538660049438,True,True,30.0,135.0,0.0,[1],10.0,10.0,1,10.0,0,0.009356124999996496
aco_current,7,7833,82,14,2,0.0,0.0,0.0,0.0,0.09907747060060501,False,False,0.0,0.0,0.0,[],10.0,10.0,1,10.0,0,0.009356124999996496
aco_current,7,7833,82,14,3,0.0,0.0,0.0,0.0,0.43936213850975037,False,False,0.0,0.0,0.0,[],10.0,10.0,1,10.0,0,0.009356124999996496
aco_current,7,7833,82,14,4,0.0,0.0,0.0,0.0,0.20313307642936707,False,False,0.0,0.0,0.0,[],10.0,10.0,1,10.0,0,0.009356124999996496
aco_current,7,7834,82,14,1,18.0,135.0,153.0,0.765,0.9994409680366516,False,False,0.0,153.0,0.0,[],0.0,0.0,0,0.0,0,3.833000008057752e-06
aco_current,7,7834,82,14,2,0.0,0.0,0.0,0.0,0.09907747060060501,False,False,0.0,0.0,0.0,[],0.0,0.0,0,0.0,0,3.833000008057752e-06
aco_current,7,7834,82,14,3,0.0,0.0,0.0,0.0,0.43936213850975037,False,False,0.0,0.0,0.0,[],0.0,0.0,0,0.0,0,3.833000008057752e-06
aco_current,7,7834,82,14,4,0.0,0.0,0.0,0.0,0.20313307642936707,False,False,0.0,0.0,0.0,[],0.0,0.0,0,0.0,0,3.833000008057752e-06
aco_current,7,7835,82,14,1,16.0,153.0,169.0,0.845,0.9999766945838928,True,True,30.0,139.0,0.0,[1],10.0,10.0,1,10.0,0,0.009455582999990497
aco_current,7,7835,82,14,2,0.0,0.0,0.0,0.0,0.09907747060060501,False,False,0.0,0.0,0.0,[],10.0,10.0,1,10.0,0,0.009455582999990497
aco_current,7,7835,82,14,3,0.0,0.0,0.0,0.0,0.43936213850975037,False,False,0.0,0.0,0.0,[],10.0,10.0,1,10.0,0,0.009455582999990497
aco_current,7,7835,82,14,4,0.0,0.0,0.0,0.0,0.20313307642936707,False,False,0.0,0.0,0.0,[],10.0,10.0,1,10.0,0,0.009455582999990497
aco_current,7,7836,82,15,1,18.0,139.0,157.0,0.785,0.999759316444397,False,False,0.0,157.0,0.0,[],0.0,0.0,0,0.0,0,2.666000000317581e-06
aco_current,7,7836,82,15,2,0.0,0.0,0.0,0.0,0.09907747060060501,False,False,0.0,0.0,0.0,[],0.0,0.0,0,0.0,0,2.666000000317581e-06
aco_current,7,7836,82,15,3,0.0,0.0,0.0,0.0,0.43936213850975037,False,False,0.0,0.0,0.0,[],0.0,0.0,0,0.0,0,2.666000000317581e-06
aco_current,7,7836,82,15,4,0.0,0.0,0.0,0.0,0.20313307642936707,False,False,0.0,0.0,0.0,[],0.0,0.0,0,0.0,0,2.666000000317581e-06
aco_current,7,7837,82,15,1,17.0,157.0,174.0,0.87,0.9999955296516418,True,True,30.0,144.0,0.0,[1],10.0,10.0,1,10.0,0,0.009417541999994228
aco_current,7,7837,82,15,2,0.0,0.0,0.0,0.0,0.09907747060060501,False,False,0.0,0.0,0.0,[],10.0,10.0,1,10.0,0,0.009417541999994228
aco_current,7,7837,82,15,3,0.0,0.0,0.0,0.0,0.43936213850975037,False,False,0.0,0.0,0.0,[],10.0,10.0,1,10.0,0,0.009417541999994228
aco_current,7,7837,82,15,4,0.0,0.0,0.0,0.0,0.20313307642936707,False,False,0.0,0.0,0.0,[],10.0,10.0,1,10.0,0,0.009417541999994228
aco_current,7,7838,82,15,1,18.0,144.0,162.0,0.81,0.9999291300773621,True,True,30.0,132.0,0.0,[1],10.0,10.0,1,10.0,0,0.009684417000002554
aco_current,7,7838,82,15,2,0.0,0.0,0.0,0.0,0.09907747060060501,False,False,0.0,0.0,0.0,[],10.0,10.0,1,10.0,0,0.009684417000002554
aco_current,7,7838,82,15,3,0.0,0.0,0.0,0.0,0.43936213850975037,False,False,0.0,0.0,0.0,[],10.0,10.0,1,10.0,0,0.009684417000002554
aco_current,7,7838,82,15,4,0.0,0.0,0.0,0.0,0.20313307642936707,False,False,0.0,0.0,0.0,[],10.0,10.0,1,10.0,0,0.009684417000002554
aco_current,7,7839,82,15,1,17.0,132.0,149.0,0.745,0.9986388087272644,False,False,0.0,149.0,0.0,[],0.0,0.0,0,0.0,0,2.667000003953035e-06
aco_current,7,7839,82,15,2,0.0,0.0,0.0,0.0,0.09907747060060501,False,False,0.0,0.0,0.0,[],0.0,0.0,0,0.0,0,2.667000003953035e-06
aco_current,7,7839,82,15,3,0.0,0.0,0.0,0.0,0.43936213850975037,False,False,0.0,0.0,0.0,[],0.0,0.0,0,0.0,0,2.667000003953035e-06
aco_current,7,7839,82,15,4,0.0,0.0,0.0,0.0,0.20313307642936707,False,False,0.0,0.0,0.0,[],0.0,0.0,0,0.0,0,2.667000003953035e-06
aco_current,7,7840,82,16,1,18.0,149.0,167.0,0.835,0.9999805688858032,True,True,30.0,137.0,0.0,[1],10.0,10.0,1,10.0,0,0.009614040999991857
aco_current,7,7840,82,16,2,0.0,0.0,0.0,0.0,0.09907747060060501,False,False,0.0,0.0,0.0,[],10.0,10.0,1,10.0,0,0.009614040999991857
aco_current,7,7840,82,16,3,0.0,0.0,0.0,0.0,0.43936213850975037,False,False,0.0,0.0,0.0,[],10.0,10.0,1,10.0,0,0.009614040999991857
aco_current,7,7840,82,16,4,0.0,0.0,0.0,0.0,0.20313307642936707,False,False,0.0,0.0,0.0,[],10.0,10.0,1,10.0,0,0.009614040999991857
aco_current,7,7841,82,16,1,16.0,137.0,153.0,0.765,0.9988886713981628,False,False,0.0,153.0,0.0,[],0.0,0.0,0,0.0,0,3.87500000442742e-06
aco_current,7,7841,82,16,2,0.0,0.0,0.0,0.0,0.09907747060060501,False,False,0.0,0.0,0.0,[],0.0,0.0,0,0.0,0,3.87500000442742e-06
aco_current,7,7841,82,16,3,0.0,0.0,0.0,0.0,0.43936213850975037,False,False,0.0,0.0,0.0,[],0.0,0.0,0,0.0,0,3.87500000442742e-06
aco_current,7,7841,82,16,4,0.0,0.0,0.0,0.0,0.20313307642936707,False,False,0.0,0.0,0.0,[],0.0,0.0,0,0.0,0,3.87500000442742e-06
aco_current,7,7842,82,16,1,18.0,153.0,171.0,0.855,0.999993085861206,True,True,30.0,141.0,0.0,[1],10.0,10.0,1,10.0,0,0.009525957999997559
aco_current,7,7842,82,16,2,0.0,0.0,0.0,0.0,0.09907747060060501,False,False,0.0,0.0,0.0,[],10.0,10.0,1,10.0,0,0.009525957999997559
aco_current,7,7842,82,16,3,0.0,0.0,0.0,0.0,0.43936213850975037,False,False,0.0,0.0,0.0,[],10.0,10.0,1,10.0,0,0.009525957999997559
aco_current,7,7842,82,16,4,0.0,0.0,0.0,0.0,0.20313307642936707,False,False,0.0,0.0,0.0,[],10.0,10.0,1,10.0,0,0.009525957999997559
aco_current,7,7843,82,16,1,17.0,141.0,158.0,0.79,0.9997239112854004,False,False,0.0,158.0,0.0,[],0.0,0.0,0,0.0,0,2.4590000009538926e-06
aco_current,7,7843,82,16,2,0.0,0.0,0.0,0.0,0.09907747060060501,False,False,0.0,0.0,0.0,[],0.0,0.0,0,0.0,0,2.4590000009538926e-06
aco_current,7,7843,82,16,3,0.0,0.0,0.0,0.0,0.43936213850975037,False,False,0.0,0.0,0.0,[],0.0,0.0,0,0.0,0,2.4590000009538926e-06
aco_current,7,7843,82,16,4,0.0,0.0,0.0,0.0,0.20313307642936707,False,False,0.0,0.0,0.0,[],0.0,0.0,0,0.0,0,2.4590000009538926e-06
aco_current,7,7844,82,17,1,18.0,158.0,176.0,0.88,0.999998152256012,True,True,30.0,146.0,0.0,[1],10.0,10.0,1,10.0,0,0.009620749999996292
aco_current,7,7844,82,17,2,0.0,0.0,0.0,0.0,0.09907747060060501,False,False,0.0,0.0,0.0,[],10.0,10.0,1,10.0,0,0.009620749999996292
aco_current,7,7844,82,17,3,0.0,0.0,0.0,0.0,0.43936213850975037,False,False,0.0,0.0,0.0,[],10.0,10.0,1,10.0,0,0.009620749999996292
aco_current,7,7844,82,17,4,0.0,0.0,0.0,0.0,0.20313307642936707,False,False,0.0,0.0,0.0,[],10.0,10.0,1,10.0,0,0.009620749999996292
aco_current,7,7845,82,17,1,16.0,146.0,162.0,0.81,0.9998575448989868,True,True,30.0,132.0,0.0,[1],10.0,10.0,1,10.0,0,0.009383958000000803
aco_current,7,7845,82,17,2,0.0,0.0,0.0,0.0,0.09907747060060501,False,False,0.0,0.0,0.0,[],10.0,10.0,1,10.0,0,0.009383958000000803
aco_current,7,7845,82,17,3,0.0,0.0,0.0,0.0,0.43936213850975037,False,False,0.0,0.0,0.0,[],10.0,10.0,1,10.0,0,0.009383958000000803
aco_current,7,7845,82,17,4,0.0,0.0,0.0,0.0,0.20313307642936707,False,False,0.0,0.0,0.0,[],10.0,10.0,1,10.0,0,0.009383958000000803
aco_current,7,7846,82,17,1,7.0,132.0,139.0,0.695,0.8548738360404968,False,False,0.0,139.0,0.0,[],0.0,0.0,0,0.0,0,3.042000003006251e-06
aco_current,7,7846,82,17,2,0.0,0.0,0.0,0.0,0.09907747060060501,False,False,0.0,0.0,0.0,[],0.0,0.0,0,0.0,0,3.042000003006251e-06
aco_current,7,7846,82,17,3,0.0,0.0,0.0,0.0,0.43936213850975037,False,False,0.0,0.0,0.0,[],0.0,0.0,0,0.0,0,3.042000003006251e-06
aco_current,7,7846,82,17,4,0.0,0.0,0.0,0.0,0.20313307642936707,False,False,0.0,0.0,0.0,[],0.0,0.0,0,0.0,0,3.042000003006251e-06
aco_current,7,7847,82,17,1,8.0,139.0,147.0,0.735,0.9586326479911804,False,False,0.0,147.0,0.0,[],0.0,0.0,0,0.0,0,2.1250000088457455e-06
aco_current,7,7847,82,17,2,0.0,0.0,0.0,0.0,0.09907747060060501,False,False,0.0,0.0,0.0,[],0.0,0.0,0,0.0,0,2.1250000088457455e-06
aco_current,7,7847,82,17,3,0.0,0.0,0.0,0.0,0.43936213850975037,False,False,0.0,0.0,0.0,[],0.0,0.0,0,0.0,0,2.1250000088457455e-06
aco_current,7,7847,82,17,4,0.0,0.0,0.0,0.0,0.20313307642936707,False,False,0.0,0.0,0.0,[],0.0,0.0,0,0.0,0,2.1250000088457455e-06
aco_current,7,7848,82,18,1,8.0,147.0,155.0,0.775,0.9873545169830322,False,False,0.0,155.0,0.0,[],0.0,0.0,0,0.0,0,3.5409999981084184e-06
aco_current,7,7848,82,18,2,0.0,0.0,0.0,0.0,0.09907747060060501,False,False,0.0,0.0,0.0,[],0.0,0.0,0,0.0,0,3.5409999981084184e-06
aco_current,7,7848,82,18,3,0.0,0.0,0.0,0.0,0.43936213850975037,False,False,0.0,0.0,0.0,[],0.0,0.0,0,0.0,0,3.5409999981084184e-06
aco_current,7,7848,82,18,4,0.0,0.0,0.0,0.0,0.20313307642936707,False,False,0.0,0.0,0.0,[],0.0,0.0,0,0.0,0,3.5409999981084184e-06
aco_current,7,7849,82,18,1,8.0,155.0,163.0,0.815,0.9982759952545166,True,True,30.0,133.0,0.0,[1],10.0,10.0,1,10.0,0,0.00965287500000045
aco_current,7,7849,82,18,2,0.0,0.0,0.0,0.0,0.09907747060060501,False,False,0.0,0.0,0.0,[],10.0,10.0,1,10.0,0,0.00965287500000045
aco_current,7,7849,82,18,3,0.0,0.0,0.0,0.0,0.43936213850975037,False,False,0.0,0.0,0.0,[],10.0,10.0,1,10.0,0,0.00965287500000045
aco_current,7,7849,82,18,4,0.0,0.0,0.0,0.0,0.20313307642936707,False,False,0.0,0.0,0.0,[],10.0,10.0,1,10.0,0,0.00965287500000045
aco_current,7,7850,82,18,1,8.0,133.0,141.0,0.705,0.942298948764801,False,False,0.0,141.0,0.0,[],0.0,0.0,0,0.0,0,2.4579999973184385e-06
aco_current,7,7850,82,18,2,0.0,0.0,0.0,0.0,0.09907747060060501,False,False,0.0,0.0,0.0,[],0.0,0.0,0,0.0,0,2.4579999973184385e-06
aco_current,7,7850,82,18,3,0.0,0.0,0.0,0.0,0.43936213850975037,False,False,0.0,0.0,0.0,[],0.0,0.0,0,0.0,0,2.4579999973184385e-06
aco_current,7,7850,82,18,4,0.0,0.0,0.0,0.0,0.20313307642936707,False,False,0.0,0.0,0.0,[],0.0,0.0,0,0.0,0,2.4579999973184385e-06
aco_current,7,7851,82,18,1,8.0,141.0,149.0,0.745,0.9761515259742737,False,False,0.0,149.0,0.0,[],0.0,0.0,0,0.0,0,2.332999997634033e-06
aco_current,7,7851,82,18,2,0.0,0.0,0.0,0.0,0.09907747060060501,False,False,0.0,0.0,0.0,[],0.0,0.0,0,0.0,0,2.332999997634033e-06
aco_current,7,7851,82,18,3,0.0,0.0,0.0,0.0,0.43936213850975037,False,False,0.0,0.0,0.0,[],0.0,0.0,0,0.0,0,2.332999997634033e-06
aco_current,7,7851,82,18,4,0.0,0.0,0.0,0.0,0.20313307642936707,False,False,0.0,0.0,0.0,[],0.0,0.0,0,0.0,0,2.332999997634033e-06
aco_current,7,7852,82,19,1,7.0,149.0,156.0,0.78,0.987200915813446,False,False,0.0,156.0,0.0,[],0.0,0.0,0,0.0,0,2.00000000916134e-06
aco_current,7,7852,82,19,2,0.0,0.0,0.0,0.0,0.09907747060060501,False,False,0.0,0.0,0.0,[],0.0,0.0,0,0.0,0,2.00000000916134e-06
aco_current,7,7852,82,19,3,0.0,0.0,0.0,0.0,0.43936213850975037,False,False,0.0,0.0,0.0,[],0.0,0.0,0,0.0,0,2.00000000916134e-06
aco_current,7,7852,82,19,4,0.0,0.0,0.0,0.0,0.20313307642936707,False,False,0.0,0.0,0.0,[],0.0,0.0,0,0.0,0,2.00000000916134e-06
aco_current,7,7853,82,19,1,8.0,156.0,164.0,0.82,0.998640239238739,True,True,30.0,134.0,0.0,[1],10.0,10.0,1,10.0,0,0.009674291999999696
aco_current,7,7853,82,19,2,0.0,0.0,0.0,0.0,0.09907747060060501,False,False,0.0,0.0,0.0,[],10.0,10.0,1,10.0,0,0.009674291999999696
aco_current,7,7853,82,19,3,0.0,0.0,0.0,0.0,0.43936213850975037,False,False,0.0,0.0,0.0,[],10.0,10.0,1,10.0,0,0.009674291999999696
aco_current,7,7853,82,19,4,0.0,0.0,0.0,0.0,0.20313307642936707,False,False,0.0,0.0,0.0,[],10.0,10.0,1,10.0,0,0.009674291999999696
aco_current,7,7854,82,19,1,8.0,134.0,142.0,0.71,0.9490352272987366,False,False,0.0,142.0,0.0,[],0.0,0.0,0,0.0,0,2.5420000042686297e-06
aco_current,7,7854,82,19,2,0.0,0.0,0.0,0.0,0.09907747060060501,False,False,0.0,0.0,0.0,[],0.0,0.0,0,0.0,0,2.5420000042686297e-06
aco_current,7,7854,82,19,3,0.0,0.0,0.0,0.0,0.43936213850975037,False,False,0.0,0.0,0.0,[],0.0,0.0,0,0.0,0,2.5420000042686297e-06
aco_current,7,7854,82,19,4,0.0,0.0,0.0,0.0,0.20313307642936707,False,False,0.0,0.0,0.0,[],0.0,0.0,0,0.0,0,2.5420000042686297e-06
aco_current,7,7855,82,19,1,8.0,142.0,150.0,0.75,0.9792242646217346,False,False,0.0,150.0,0.0,[],0.0,0.0,0,0.0,0,2.3340000012694873e-06
aco_current,7,7855,82,19,2,0.0,0.0,0.0,0.0,0.09907747060060501,False,False,0.0,0.0,0.0,[],0.0,0.0,0,0.0,0,2.3340000012694873e-06
aco_current,7,7855,82,19,3,0.0,0.0,0.0,0.0,0.43936213850975037,False,False,0.0,0.0,0.0,[],0.0,0.0,0,0.0,0,2.3340000012694873e-06
aco_current,7,7855,82,19,4,0.0,0.0,0.0,0.0,0.20313307642936707,False,False,0.0,0.0,0.0,[],0.0,0.0,0,0.0,0,2.3340000012694873e-06
aco_current,7,7856,82,20,1,6.0,150.0,156.0,0.78,0.9795575141906738,False,False,0.0,156.0,0.0,[],0.0,0.0,0,0.0,0,1.87499999526608e-06
aco_current,7,7856,82,20,2,0.0,0.0,0.0,0.0,0.09907747060060501,False,False,0.0,0.0,0.0,[],0.0,0.0,0,0.0,0,1.87499999526608e-06
aco_current,7,7856,82,20,3,0.0,0.0,0.0,0.0,0.43936213850975037,False,False,0.0,0.0,0.0,[],0.0,0.0,0,0.0,0,1.87499999526608e-06
aco_current,7,7856,82,20,4,0.0,0.0,0.0,0.0,0.20313307642936707,False,False,0.0,0.0,0.0,[],0.0,0.0,0,0.0,0,1.87499999526608e-06
aco_current,7,7857,82,20,1,0.0,156.0,156.0,0.78,0.29466474056243896,False,False,0.0,156.0,0.0,[],0.0,0.0,0,0.0,0,2.5000000078989615e-06
aco_current,7,7857,82,20,2,0.0,0.0,0.0,0.0,0.09907747060060501,False,False,0.0,0.0,0.0,[],0.0,0.0,0,0.0,0,2.5000000078989615e-06
aco_current,7,7857,82,20,3,0.0,0.0,0.0,0.0,0.43936213850975037,False,False,0.0,0.0,0.0,[],0.0,0.0,0,0.0,0,2.5000000078989615e-06
aco_current,7,7857,82,20,4,0.0,0.0,0.0,0.0,0.20313307642936707,False,False,0.0,0.0,0.0,[],0.0,0.0,0,0.0,0,2.5000000078989615e-06
aco_current,7,7858,82,20,1,0.0,156.0,156.0,0.78,0.2803569436073303,False,False,0.0,156.0,0.0,[],0.0,0.0,0,0.0,0,2.0419999913201536e-06
aco_current,7,7858,82,20,2,0.0,0.0,0.0,0.0,0.09907747060060501,False,False,0.0,0.0,0.0,[],0.0,0.0,0,0.0,0,2.0419999913201536e-06
aco_current,7,7858,82,20,3,0.0,0.0,0.0,0.0,0.43936213850975037,False,False,0.0,0.0,0.0,[],0.0,0.0,0,0.0,0,2.0419999913201536e-06
aco_current,7,7858,82,20,4,0.0,0.0,0.0,0.0,0.20313307642936707,False,False,0.0,0.0,0.0,[],0.0,0.0,0,0.0,0,2.0419999913201536e-06
aco_current,7,7859,82,20,1,0.0,156.0,156.0,0.78,0.28856775164604187,False,False,0.0,156.0,0.0,[],0.0,0.0,0,0.0,0,1.791999991951343e-06
aco_current,7,7859,82,20,2,0.0,0.0,0.0,0.0,0.09907747060060501,False,False,0.0,0.0,0.0,[],0.0,0.0,0,0.0,0,1.791999991951343e-06
aco_current,7,7859,82,20,3,0.0,0.0,0.0,0.0,0.43936213850975037,False,False,0.0,0.0,0.0,[],0.0,0.0,0,0.0,0,1.791999991951343e-06
aco_current,7,7859,82,20,4,0.0,0.0,0.0,0.0,0.20313307642936707,False,False,0.0,0.0,0.0,[],0.0,0.0,0,0.0,0,1.791999991951343e-06
aco_current,7,7860,82,21,1,0.0,156.0,156.0,0.78,0.312997430562973,False,False,0.0,156.0,0.0,[],0.0,0.0,0,0.0,0,2.2080000121604826e-06
aco_current,7,7860,82,21,2,0.0,0.0,0.0,0.0,0.09907747060060501,False,False,0.0,0.0,0.0,[],0.0,0.0,0,0.0,0,2.2080000121604826e-06
aco_current,7,7860,82,21,3,0.0,0.0,0.0,0.0,0.43936213850975037,False,False,0.0,0.0,0.0,[],0.0,0.0,0,0.0,0,2.2080000121604826e-06
aco_current,7,7860,82,21,4,0.0,0.0,0.0,0.0,0.20313307642936707,False,False,0.0,0.0,0.0,[],0.0,0.0,0,0.0,0,2.2080000121604826e-06
aco_current,7,7861,82,21,1,0.0,156.0,156.0,0.78,0.312997430562973,False,False,0.0,156.0,0.0,[],0.0,0.0,0,0.0,0,1.9590000022162712e-06
aco_current,7,7861,82,21,2,0.0,0.0,0.0,0.0,0.09907747060060501,False,False,0.0,0.0,0.0,[],0.0,0.0,0,0.0,0,1.9590000022162712e-06
aco_current,7,7861,82,21,3,0.0,0.0,0.0,0.0,0.43936213850975037,False,False,0.0,0.0,0.0,[],0.0,0.0,0,0.0,0,1.9590000022162712e-06
aco_current,7,7861,82,21,4,0.0,0.0,0.0,0.0,0.20313307642936707,False,False,0.0,0.0,0.0,[],0.0,0.0,0,0.0,0,1.9590000022162712e-06
aco_current,7,7862,82,21,1,0.0,156.0,156.0,0.78,0.312997430562973,False,False,0.0,156.0,0.0,[],0.0,0.0,0,0.0,0,2.332999997634033e-06
aco_current,7,7862,82,21,2,0.0,0.0,0.0,0.0,0.09907747060060501,False,False,0.0,0.0,0.0,[],0.0,0.0,0,0.0,0,2.332999997634033e-06
aco_current,7,7862,82,21,3,0.0,0.0,0.0,0.0,0.43936213850975037,False,False,0.0,0.0,0.0,[],0.0,0.0,0,0.0,0,2.332999997634033e-06
aco_current,7,7862,82,21,4,0.0,0.0,0.0,0.0,0.20313307642936707,False,False,0.0,0.0,0.0,[],0.0,0.0,0,0.0,0,2.332999997634033e-06
aco_current,7,7863,82,21,1,0.0,156.0,156.0,0.78,0.312997430562973,False,False,0.0,156.0,0.0,[],0.0,0.0,0,0.0,0,2.7920000036374404e-06
aco_current,7,7863,82,21,2,0.0,0.0,0.0,0.0,0.09907747060060501,False,False,0.0,0.0,0.0,[],0.0,0.0,0,0.0,0,2.7920000036374404e-06
aco_current,7,7863,82,21,3,0.0,0.0,0.0,0.0,0.43936213850975037,False,False,0.0,0.0,0.0,[],0.0,0.0,0,0.0,0,2.7920000036374404e-06
aco_current,7,7863,82,21,4,0.0,0.0,0.0,0.0,0.20313307642936707,False,False,0.0,0.0,0.0,[],0.0,0.0,0,0.0,0,2.7920000036374404e-06
aco_current,7,7864,82,22,1,0.0,156.0,156.0,0.78,0.312997430562973,False,False,0.0,156.0,0.0,[],0.0,0.0,0,0.0,0,2.1250000088457455e-06
aco_current,7,7864,82,22,2,0.0,0.0,0.0,0.0,0.09907747060060501,False,False,0.0,0.0,0.0,[],0.0,0.0,0,0.0,0,2.1250000088457455e-06
aco_current,7,7864,82,22,3,0.0,0.0,0.0,0.0,0.43936213850975037,False,False,0.0,0.0,0.0,[],0.0,0.0,0,0.0,0,2.1250000088457455e-06
aco_current,7,7864,82,22,4,0.0,0.0,0.0,0.0,0.20313307642936707,False,False,0.0,0.0,0.0,[],0.0,0.0,0,0.0,0,2.1250000088457455e-06
aco_current,7,7865,82,22,1,0.0,156.0,156.0,0.78,0.312997430562973,False,False,0.0,156.0,0.0,[],0.0,0.0,0,0.0,0,2.7079999966872492e-06
aco_current,7,7865,82,22,2,0.0,0.0,0.0,0.0,0.09907747060060501,False,False,0.0,0.0,0.0,[],0.0,0.0,0,0.0,0,2.7079999966872492e-06
aco_current,7,7865,82,22,3,0.0,0.0,0.0,0.0,0.43936213850975037,False,False,0.0,0.0,0.0,[],0.0,0.0,0,0.0,0,2.7079999966872492e-06
aco_current,7,7865,82,22,4,0.0,0.0,0.0,0.0,0.20313307642936707,False,False,0.0,0.0,0.0,[],0.0,0.0,0,0.0,0,2.7079999966872492e-06
aco_current,7,7866,82,22,1,0.0,156.0,156.0,0.78,0.312997430562973,False,False,0.0,156.0,0.0,[],0.0,0.0,0,0.0,0,1.7920000061621977e-06
aco_current,7,7866,82,22,2,0.0,0.0,0.0,0.0,0.09907747060060501,False,False,0.0,0.0,0.0,[],0.0,0.0,0,0.0,0,1.7920000061621977e-06
aco_current,7,7866,82,22,3,0.0,0.0,0.0,0.0,0.43936213850975037,False,False,0.0,0.0,0.0,[],0.0,0.0,0,0.0,0,1.7920000061621977e-06
aco_current,7,7866,82,22,4,0.0,0.0,0.0,0.0,0.20313307642936707,False,False,0.0,0.0,0.0,[],0.0,0.0,0,0.0,0,1.7920000061621977e-06
aco_current,7,7867,82,22,1,0.0,156.0,156.0,0.78,0.312997430562973,False,False,0.0,156.0,0.0,[],0.0,0.0,0,0.0,0,1.7500000097925295e-06
aco_current,7,7867,82,22,2,0.0,0.0,0.0,0.0,0.09907747060060501,False,False,0.0,0.0,0.0,[],0.0,0.0,0,0.0,0,1.7500000097925295e-06
aco_current,7,7867,82,22,3,0.0,0.0,0.0,0.0,0.43936213850975037,False,False,0.0,0.0,0.0,[],0.0,0.0,0,0.0,0,1.7500000097925295e-06
aco_current,7,7867,82,22,4,0.0,0.0,0.0,0.0,0.20313307642936707,False,False,0.0,0.0,0.0,[],0.0,0.0,0,0.0,0,1.7500000097925295e-06
aco_current,7,7868,82,23,1,0.0,156.0,156.0,0.78,0.312997430562973,False,False,0.0,156.0,0.0,[],0.0,0.0,0,0.0,0,2.4999999936881068e-06
aco_current,7,7868,82,23,2,0.0,0.0,0.0,0.0,0.09907747060060501,False,False,0.0,0.0,0.0,[],0.0,0.0,0,0.0,0,2.4999999936881068e-06
aco_current,7,7868,82,23,3,0.0,0.0,0.0,0.0,0.43936213850975037,False,False,0.0,0.0,0.0,[],0.0,0.0,0,0.0,0,2.4999999936881068e-06
aco_current,7,7868,82,23,4,0.0,0.0,0.0,0.0,0.20313307642936707,False,False,0.0,0.0,0.0,[],0.0,0.0,0,0.0,0,2.4999999936881068e-06
aco_current,7,7869,82,23,1,0.0,156.0,156.0,0.78,0.312997430562973,False,False,0.0,156.0,0.0,[],0.0,0.0,0,0.0,0,1.87499999526608e-06
aco_current,7,7869,82,23,2,0.0,0.0,0.0,0.0,0.09907747060060501,False,False,0.0,0.0,0.0,[],0.0,0.0,0,0.0,0,1.87499999526608e-06
aco_current,7,7869,82,23,3,0.0,0.0,0.0,0.0,0.43936213850975037,False,False,0.0,0.0,0.0,[],0.0,0.0,0,0.0,0,1.87499999526608e-06
aco_current,7,7869,82,23,4,0.0,0.0,0.0,0.0,0.20313307642936707,False,False,0.0,0.0,0.0,[],0.0,0.0,0,0.0,0,1.87499999526608e-06
aco_current,7,7870,82,23,1,0.0,156.0,156.0,0.78,0.312997430562973,False,False,0.0,156.0,0.0,[],0.0,0.0,0,0.0,0,2.332999997634033e-06
aco_current,7,7870,82,23,2,0.0,0.0,0.0,0.0,0.09907747060060501,False,False,0.0,0.0,0.0,[],0.0,0.0,0,0.0,0,2.332999997634033e-06
aco_current,7,7870,82,23,3,0.0,0.0,0.0,0.0,0.43936213850975037,False,False,0.0,0.0,0.0,[],0.0,0.0,0,0.0,0,2.332999997634033e-06
aco_current,7,7870,82,23,4,0.0,0.0,0.0,0.0,0.20313307642936707,False,False,0.0,0.0,0.0,[],0.0,0.0,0,0.0,0,2.332999997634033e-06
aco_current,7,7871,82,23,1,0.0,156.0,156.0,0.78,0.312997430562973,False,False,0.0,156.0,0.0,[],0.0,0.0,0,0.0,0,1.7499999955816747e-06
aco_current,7,7871,82,23,2,0.0,0.0,0.0,0.0,0.09907747060060501,False,False,0.0,0.0,0.0,[],0.0,0.0,0,0.0,0,1.7499999955816747e-06
aco_current,7,7871,82,23,3,0.0,0.0,0.0,0.0,0.43936213850975037,False,False,0.0,0.0,0.0,[],0.0,0.0,0,0.0,0,1.7499999955816747e-06
aco_current,7,7871,82,23,4,0.0,0.0,0.0,0.0,0.20313307642936707,False,False,0.0,0.0,0.0,[],0.0,0.0,0,0.0,0,1.7499999955816747e-06
aco_current,7,7872,83,0,1,37.0,156.0,193.0,0.965,1.0,True,True,30.0,163.0,0.0,[1],10.0,10.0,1,10.0,0,0.009894166999998788
aco_current,7,7872,83,0,2,0.0,0.0,0.0,0.0,0.09907747060060501,False,False,0.0,0.0,0.0,[],10.0,10.0,1,10.0,0,0.009894166999998788
aco_current,7,7872,83,0,3,0.0,0.0,0.0,0.0,0.43936213850975037,False,False,0.0,0.0,0.0,[],10.0,10.0,1,10.0,0,0.009894166999998788
aco_current,7,7872,83,0,4,0.0,0.0,0.0,0.0,0.20313307642936707,False,False,0.0,0.0,0.0,[],10.0,10.0,1,10.0,0,0.009894166999998788
aco_current,7,7873,83,0,1,39.0,163.0,202.0,1.01,1.0,True,True,30.0,172.0,0.0,[1],10.0,10.0,1,10.0,0,0.009347625000003745
aco_current,7,7873,83,0,2,0.0,0.0,0.0,0.0,0.09907747060060501,False,False,0.0,0.0,0.0,[],10.0,10.0,1,10.0,0,0.009347625000003745
aco_current,7,7873,83,0,3,0.0,0.0,0.0,0.0,0.43936213850975037,False,False,0.0,0.0,0.0,[],10.0,10.0,1,10.0,0,0.009347625000003745
aco_current,7,7873,83,0,4,0.0,0.0,0.0,0.0,0.20313307642936707,False,False,0.0,0.0,0.0,[],10.0,10.0,1,10.0,0,0.009347625000003745
aco_current,7,7874,83,0,1,37.0,172.0,209.0,1.045,1.0,True,True,30.0,179.0,0.0,[1],10.0,10.0,1,10.0,0,0.009494333999995774
aco_current,7,7874,83,0,2,0.0,0.0,0.0,0.0,0.09907747060060501,False,False,0.0,0.0,0.0,[],10.0,10.0,1,10.0,0,0.009494333999995774
aco_current,7,7874,83,0,3,0.0,0.0,0.0,0.0,0.43936213850975037,False,False,0.0,0.0,0.0,[],10.0,10.0,1,10.0,0,0.009494333999995774
aco_current,7,7874,83,0,4,0.0,0.0,0.0,0.0,0.20313307642936707,False,False,0.0,0.0,0.0,[],10.0,10.0,1,10.0,0,0.009494333999995774
aco_current,7,7875,83,0,1,33.0,179.0,212.0,1.06,1.0,True,True,30.0,182.0,0.0,[1],10.0,10.0,1,10.0,0,0.00954637499999933
aco_current,7,7875,83,0,2,0.0,0.0,0.0,0.0,0.09907747060060501,False,False,0.0,0.0,0.0,[],10.0,10.0,1,10.0,0,0.00954637499999933
aco_current,7,7875,83,0,3,0.0,0.0,0.0,0.0,0.43936213850975037,False,False,0.0,0.0,0.0,[],10.0,10.0,1,10.0,0,0.00954637499999933
aco_current,7,7875,83,0,4,0.0,0.0,0.0,0.0,0.20313307642936707,False,False,0.0,0.0,0.0,[],10.0,10.0,1,10.0,0,0.00954637499999933
aco_current,7,7876,83,1,1,27.0,182.0,209.0,1.045,1.0,True,True,30.0,179.0,0.0,[1],10.0,10.0,1,10.0,0,0.009503042000005735
aco_current,7,7876,83,1,2,0.0,0.0,0.0,0.0,0.09907747060060501,False,False,0.0,0.0,0.0,[],10.0,10.0,1,10.0,0,0.009503042000005735
aco_current,7,7876,83,1,3,0.0,0.0,0.0,0.0,0.43936213850975037,False,False,0.0,0.0,0.0,[],10.0,10.0,1,10.0,0,0.009503042000005735
aco_current,7,7876,83,1,4,0.0,0.0,0.0,0.0,0.20313307642936707,False,False,0.0,0.0,0.0,[],10.0,10.0,1,10.0,0,0.009503042000005735
aco_current,7,7877,83,1,1,26.0,179.0,205.0,1.025,1.0,True,True,30.0,175.0,0.0,[1],10.0,10.0,1,10.0,0,0.009515125000007174
aco_current,7,7877,83,1,2,0.0,0.0,0.0,0.0,0.09907747060060501,False,False,0.0,0.0,0.0,[],10.0,10.0,1,10.0,0,0.009515125000007174
aco_current,7,7877,83,1,3,0.0,0.0,0.0,0.0,0.43936213850975037,False,False,0.0,0.0,0.0,[],10.0,10.0,1,10.0,0,0.009515125000007174
aco_current,7,7877,83,1,4,0.0,0.0,0.0,0.0,0.20313307642936707,False,False,0.0,0.0,0.0,[],10.0,10.0,1,10.0,0,0.009515125000007174
aco_current,7,7878,83,1,1,35.0,175.0,210.0,1.05,1.0,True,True,30.0,180.0,0.0,[1],10.0,10.0,1,10.0,0,0.009518208000002915
aco_current,7,7878,83,1,2,0.0,0.0,0.0,0.0,0.09907747060060501,False,False,0.0,0.0,0.0,[],10.0,10.0,1,10.0,0,0.009518208000002915
aco_current,7,7878,83,1,3,0.0,0.0,0.0,0.0,0.43936213850975037,False,False,0.0,0.0,0.0,[],10.0,10.0,1,10.0,0,0.009518208000002915
aco_current,7,7878,83,1,4,0.0,0.0,0.0,0.0,0.20313307642936707,False,False,0.0,0.0,0.0,[],10.0,10.0,1,10.0,0,0.009518208000002915
aco_current,7,7879,83,1,1,36.0,180.0,216.0,1.08,1.0,True,True,30.0,186.0,0.0,[1],10.0,10.0,1,10.0,0,0.009369582999994464
aco_current,7,7879,83,1,2,0.0,0.0,0.0,0.0,0.09907747060060501,False,False,0.0,0.0,0.0,[],10.0,10.0,1,10.0,0,0.009369582999994464
aco_current,7,7879,83,1,3,0.0,0.0,0.0,0.0,0.43936213850975037,False,False,0.0,0.0,0.0,[],10.0,10.0,1,10.0,0,0.009369582999994464
aco_current,7,7879,83,1,4,0.0,0.0,0.0,0.0,0.20313307642936707,False,False,0.0,0.0,0.0,[],10.0,10.0,1,10.0,0,0.009369582999994464
aco_current,7,7880,83,2,1,40.0,186.0,226.0,1.13,1.0,True,True,30.0,196.0,0.0,[1],10.0,10.0,1,10.0,0,0.009524208000001977
aco_current,7,7880,83,2,2,0.0,0.0,0.0,0.0,0.09907747060060501,False,False,0.0,0.0,0.0,[],10.0,10.0,1,10.0,0,0.009524208000001977
aco_current,7,7880,83,2,3,0.0,0.0,0.0,0.0,0.43936213850975037,False,False,0.0,0.0,0.0,[],10.0,10.0,1,10.0,0,0.009524208000001977
aco_current,7,7880,83,2,4,0.0,0.0,0.0,0.0,0.20313307642936707,False,False,0.0,0.0,0.0,[],10.0,10.0,1,10.0,0,0.009524208000001977
aco_current,7,7881,83,2,1,41.0,196.0,237.0,1.185,1.0,True,True,30.0,200.0,7.0,[1],10.0,10.0,1,10.0,0,0.009539083000007054
aco_current,7,7881,83,2,2,0.0,0.0,0.0,0.0,0.09907747060060501,False,False,0.0,0.0,0.0,[],10.0,10.0,1,10.0,0,0.009539083000007054
aco_current,7,7881,83,2,3,0.0,0.0,0.0,0.0,0.43936213850975037,False,False,0.0,0.0,0.0,[],10.0,10.0,1,10.0,0,0.009539083000007054
aco_current,7,7881,83,2,4,0.0,0.0,0.0,0.0,0.20313307642936707,False,False,0.0,0.0,0.0,[],10.0,10.0,1,10.0,0,0.009539083000007054
aco_current,7,7882,83,2,1,37.0,200.0,237.0,1.185,1.0,True,True,30.0,200.0,7.0,[1],10.0,10.0,1,10.0,0,0.009615541999991706
aco_current,7,7882,83,2,2,0.0,0.0,0.0,0.0,0.09907747060060501,False,False,0.0,0.0,0.0,[],10.0,10.0,1,10.0,0,0.009615541999991706
aco_current,7,7882,83,2,3,0.0,0.0,0.0,0.0,0.43936213850975037,False,False,0.0,0.0,0.0,[],10.0,10.0,1,10.0,0,0.009615541999991706
aco_current,7,7882,83,2,4,0.0,0.0,0.0,0.0,0.20313307642936707,False,False,0.0,0.0,0.0,[],10.0,10.0,1,10.0,0,0.009615541999991706
aco_current,7,7883,83,2,1,35.0,200.0,235.0,1.175,1.0,True,True,30.0,200.0,5.0,[1],10.0,10.0,1,10.0,0,0.009437125000005153
aco_current,7,7883,83,2,2,0.0,0.0,0.0,0.0,0.09907747060060501,False,False,0.0,0.0,0.0,[],10.0,10.0,1,10.0,0,0.009437125000005153
aco_current,7,7883,83,2,3,0.0,0.0,0.0,0.0,0.43936213850975037,False,False,0.0,0.0,0.0,[],10.0,10.0,1,10.0,0,0.009437125000005153
aco_current,7,7883,83,2,4,0.0,0.0,0.0,0.0,0.20313307642936707,False,False,0.0,0.0,0.0,[],10.0,10.0,1,10.0,0,0.009437125000005153
aco_current,7,7884,83,3,1,34.0,200.0,234.0,1.17,1.0,True,True,30.0,200.0,4.0,[1],10.0,10.0,1,10.0,0,0.009582957999995756
aco_current,7,7884,83,3,2,0.0,0.0,0.0,0.0,0.09907747060060501,False,False,0.0,0.0,0.0,[],10.0,10.0,1,10.0,0,0.009582957999995756
aco_current,7,7884,83,3,3,0.0,0.0,0.0,0.0,0.43936213850975037,False,False,0.0,0.0,0.0,[],10.0,10.0,1,10.0,0,0.009582957999995756
aco_current,7,7884,83,3,4,0.0,0.0,0.0,0.0,0.20313307642936707,False,False,0.0,0.0,0.0,[],10.0,10.0,1,10.0,0,0.009582957999995756
aco_current,7,7885,83,3,1,35.0,200.0,235.0,1.175,1.0,True,True,30.0,200.0,5.0,[1],10.0,10.0,1,10.0,0,0.009580708000001437
aco_current,7,7885,83,3,2,0.0,0.0,0.0,0.0,0.09907747060060501,False,False,0.0,0.0,0.0,[],10.0,10.0,1,10.0,0,0.009580708000001437
aco_current,7,7885,83,3,3,0.0,0.0,0.0,0.0,0.43936213850975037,False,False,0.0,0.0,0.0,[],10.0,10.0,1,10.0,0,0.009580708000001437
aco_current,7,7885,83,3,4,0.0,0.0,0.0,0.0,0.20313307642936707,False,False,0.0,0.0,0.0,[],10.0,10.0,1,10.0,0,0.009580708000001437
aco_current,7,7886,83,3,1,38.0,200.0,238.0,1.19,1.0,True,True,30.0,200.0,8.0,[1],10.0,10.0,1,10.0,0,0.009398790999995299
aco_current,7,7886,83,3,2,0.0,0.0,0.0,0.0,0.09907747060060501,False,False,0.0,0.0,0.0,[],10.0,10.0,1,10.0,0,0.009398790999995299
aco_current,7,7886,83,3,3,0.0,0.0,0.0,0.0,0.43936213850975037,False,False,0.0,0.0,0.0,[],10.0,10.0,1,10.0,0,0.009398790999995299
aco_current,7,7886,83,3,4,0.0,0.0,0.0,0.0,0.20313307642936707,False,False,0.0,0.0,0.0,[],10.0,10.0,1,10.0,0,0.009398790999995299
aco_current,7,7887,83,3,1,37.0,200.0,237.0,1.185,1.0,True,True,30.0,200.0,7.0,[1],10.0,10.0,1,10.0,0,0.00935845799999413
aco_current,7,7887,83,3,2,0.0,0.0,0.0,0.0,0.09907747060060501,False,False,0.0,0.0,0.0,[],10.0,10.0,1,10.0,0,0.00935845799999413
aco_current,7,7887,83,3,3,0.0,0.0,0.0,0.0,0.43936213850975037,False,False,0.0,0.0,0.0,[],10.0,10.0,1,10.0,0,0.00935845799999413
aco_current,7,7887,83,3,4,0.0,0.0,0.0,0.0,0.20313307642936707,False,False,0.0,0.0,0.0,[],10.0,10.0,1,10.0,0,0.00935845799999413
aco_current,7,7888,83,4,1,39.0,200.0,239.0,1.195,1.0,True,True,30.0,200.0,9.0,[1],10.0,10.0,1,10.0,0,0.009547624999996174
aco_current,7,7888,83,4,2,0.0,0.0,0.0,0.0,0.09907747060060501,False,False,0.0,0.0,0.0,[],10.0,10.0,1,10.0,0,0.009547624999996174
aco_current,7,7888,83,4,3,0.0,0.0,0.0,0.0,0.43936213850975037,False,False,0.0,0.0,0.0,[],10.0,10.0,1,10.0,0,0.009547624999996174
aco_current,7,7888,83,4,4,0.0,0.0,0.0,0.0,0.20313307642936707,False,False,0.0,0.0,0.0,[],10.0,10.0,1,10.0,0,0.009547624999996174
aco_current,7,7889,83,4,1,37.0,200.0,237.0,1.185,1.0,True,True,30.0,200.0,7.0,[1],10.0,10.0,1,10.0,0,0.009463207999999668
aco_current,7,7889,83,4,2,0.0,0.0,0.0,0.0,0.09907747060060501,False,False,0.0,0.0,0.0,[],10.0,10.0,1,10.0,0,0.009463207999999668
aco_current,7,7889,83,4,3,0.0,0.0,0.0,0.0,0.43936213850975037,False,False,0.0,0.0,0.0,[],10.0,10.0,1,10.0,0,0.009463207999999668
aco_current,7,7889,83,4,4,0.0,0.0,0.0,0.0,0.20313307642936707,False,False,0.0,0.0,0.0,[],10.0,10.0,1,10.0,0,0.009463207999999668
aco_current,7,7890,83,4,1,39.0,200.0,239.0,1.195,1.0,True,True,30.0,200.0,9.0,[1],10.0,10.0,1,10.0,0,0.00945620799998892
aco_current,7,7890,83,4,2,0.0,0.0,0.0,0.0,0.09907747060060501,False,False,0.0,0.0,0.0,[],10.0,10.0,1,10.0,0,0.00945620799998892
aco_current,7,7890,83,4,3,0.0,0.0,0.0,0.0,0.43936213850975037,False,False,0.0,0.0,0.0,[],10.0,10.0,1,10.0,0,0.00945620799998892
aco_current,7,7890,83,4,4,0.0,0.0,0.0,0.0,0.20313307642936707,False,False,0.0,0.0,0.0,[],10.0,10.0,1,10.0,0,0.00945620799998892
aco_current,7,7891,83,4,1,36.0,200.0,236.0,1.18,1.0,True,True,30.0,200.0,6.0,[1],10.0,10.0,1,10.0,0,0.009491957999998135
aco_current,7,7891,83,4,2,0.0,0.0,0.0,0.0,0.09907747060060501,False,False,0.0,0.0,0.0,[],10.0,10.0,1,10.0,0,0.009491957999998135
aco_current,7,7891,83,4,3,0.0,0.0,0.0,0.0,0.43936213850975037,False,False,0.0,0.0,0.0,[],10.0,10.0,1,10.0,0,0.009491957999998135
aco_current,7,7891,83,4,4,0.0,0.0,0.0,0.0,0.20313307642936707,False,False,0.0,0.0,0.0,[],10.0,10.0,1,10.0,0,0.009491957999998135
aco_current,7,7892,83,5,1,36.0,200.0,236.0,1.18,1.0,True,True,30.0,200.0,6.0,[1],10.0,10.0,1,10.0,0,0.009583583999997813
aco_current,7,7892,83,5,2,0.0,0.0,0.0,0.0,0.09907747060060501,False,False,0.0,0.0,0.0,[],10.0,10.0,1,10.0,0,0.009583583999997813
aco_current,7,7892,83,5,3,0.0,0.0,0.0,0.0,0.43936213850975037,False,False,0.0,0.0,0.0,[],10.0,10.0,1,10.0,0,0.009583583999997813
aco_current,7,7892,83,5,4,0.0,0.0,0.0,0.0,0.20313307642936707,False,False,0.0,0.0,0.0,[],10.0,10.0,1,10.0,0,0.009583583999997813
aco_current,7,7893,83,5,1,35.0,200.0,235.0,1.175,1.0,True,True,30.0,200.0,5.0,[1],10.0,10.0,1,10.0,0,0.00948875000000271
aco_current,7,7893,83,5,2,0.0,0.0,0.0,0.0,0.09907747060060501,False,False,0.0,0.0,0.0,[],10.0,10.0,1,10.0,0,0.00948875000000271
aco_current,7,7893,83,5,3,0.0,0.0,0.0,0.0,0.43936213850975037,False,False,0.0,0.0,0.0,[],10.0,10.0,1,10.0,0,0.00948875000000271
aco_current,7,7893,83,5,4,0.0,0.0,0.0,0.0,0.20313307642936707,False,False,0.0,0.0,0.0,[],10.0,10.0,1,10.0,0,0.00948875000000271
aco_current,7,7894,83,5,1,35.0,200.0,235.0,1.175,1.0,True,True,30.0,200.0,5.0,[1],10.0,10.0,1,10.0,0,0.009550207999993177
aco_current,7,7894,83,5,2,0.0,0.0,0.0,0.0,0.09907747060060501,False,False,0.0,0.0,0.0,[],10.0,10.0,1,10.0,0,0.009550207999993177
aco_current,7,7894,83,5,3,0.0,0.0,0.0,0.0,0.43936213850975037,False,False,0.0,0.0,0.0,[],10.0,10.0,1,10.0,0,0.009550207999993177
aco_current,7,7894,83,5,4,0.0,0.0,0.0,0.0,0.20313307642936707,False,False,0.0,0.0,0.0,[],10.0,10.0,1,10.0,0,0.009550207999993177
aco_current,7,7895,83,5,1,34.0,200.0,234.0,1.17,1.0,True,True,30.0,200.0,4.0,[1],10.0,10.0,1,10.0,0,0.009489000000002079
aco_current,7,7895,83,5,2,0.0,0.0,0.0,0.0,0.09907747060060501,False,False,0.0,0.0,0.0,[],10.0,10.0,1,10.0,0,0.009489000000002079
aco_current,7,7895,83,5,3,0.0,0.0,0.0,0.0,0.43936213850975037,False,False,0.0,0.0,0.0,[],10.0,10.0,1,10.0,0,0.009489000000002079
aco_current,7,7895,83,5,4,0.0,0.0,0.0,0.0,0.20313307642936707,False,False,0.0,0.0,0.0,[],10.0,10.0,1,10.0,0,0.009489000000002079
aco_current,7,7896,83,6,1,39.0,200.0,239.0,1.195,1.0,True,True,30.0,200.0,9.0,[1],10.0,10.0,1,10.0,0,0.009543750000005957
aco_current,7,7896,83,6,2,0.0,0.0,0.0,0.0,0.09907747060060501,False,False,0.0,0.0,0.0,[],10.0,10.0,1,10.0,0,0.009543750000005957
aco_current,7,7896,83,6,3,0.0,0.0,0.0,0.0,0.43936213850975037,False,False,0.0,0.0,0.0,[],10.0,10.0,1,10.0,0,0.009543750000005957
aco_current,7,7896,83,6,4,0.0,0.0,0.0,0.0,0.20313307642936707,False,False,0.0,0.0,0.0,[],10.0,10.0,1,10.0,0,0.009543750000005957
aco_current,7,7897,83,6,1,39.0,200.0,239.0,1.195,1.0,True,True,30.0,200.0,9.0,[1],10.0,10.0,1,10.0,0,0.009435499999995045
aco_current,7,7897,83,6,2,0.0,0.0,0.0,0.0,0.09907747060060501,False,False,0.0,0.0,0.0,[],10.0,10.0,1,10.0,0,0.009435499999995045
aco_current,7,7897,83,6,3,0.0,0.0,0.0,0.0,0.43936213850975037,False,False,0.0,0.0,0.0,[],10.0,10.0,1,10.0,0,0.009435499999995045
aco_current,7,7897,83,6,4,0.0,0.0,0.0,0.0,0.20313307642936707,False,False,0.0,0.0,0.0,[],10.0,10.0,1,10.0,0,0.009435499999995045
aco_current,7,7898,83,6,1,40.0,200.0,240.0,1.2,1.0,True,True,30.0,200.0,10.0,[1],10.0,10.0,1,10.0,0,0.00951595899999802
aco_current,7,7898,83,6,2,0.0,0.0,0.0,0.0,0.09907747060060501,False,False,0.0,0.0,0.0,[],10.0,10.0,1,10.0,0,0.00951595899999802
aco_current,7,7898,83,6,3,0.0,0.0,0.0,0.0,0.43936213850975037,False,False,0.0,0.0,0.0,[],10.0,10.0,1,10.0,0,0.00951595899999802
aco_current,7,7898,83,6,4,0.0,0.0,0.0,0.0,0.20313307642936707,False,False,0.0,0.0,0.0,[],10.0,10.0,1,10.0,0,0.00951595899999802
aco_current,7,7899,83,6,1,39.0,200.0,239.0,1.195,1.0,True,True,30.0,200.0,9.0,[1],10.0,10.0,1,10.0,0,0.009559750000008194
aco_current,7,7899,83,6,2,0.0,0.0,0.0,0.0,0.09907747060060501,False,False,0.0,0.0,0.0,[],10.0,10.0,1,10.0,0,0.009559750000008194
aco_current,7,7899,83,6,3,0.0,0.0,0.0,0.0,0.43936213850975037,False,False,0.0,0.0,0.0,[],10.0,10.0,1,10.0,0,0.009559750000008194
aco_current,7,7899,83,6,4,0.0,0.0,0.0,0.0,0.20313307642936707,False,False,0.0,0.0,0.0,[],10.0,10.0,1,10.0,0,0.009559750000008194
aco_current,7,7900,83,7,1,39.0,200.0,239.0,1.195,1.0,True,True,30.0,200.0,9.0,[1],10.0,10.0,1,10.0,0,0.009368041999991306
aco_current,7,7900,83,7,2,0.0,0.0,0.0,0.0,0.09907747060060501,False,False,0.0,0.0,0.0,[],10.0,10.0,1,10.0,0,0.009368041999991306
aco_current,7,7900,83,7,3,0.0,0.0,0.0,0.0,0.43936213850975037,False,False,0.0,0.0,0.0,[],10.0,10.0,1,10.0,0,0.009368041999991306
aco_current,7,7900,83,7,4,0.0,0.0,0.0,0.0,0.20313307642936707,False,False,0.0,0.0,0.0,[],10.0,10.0,1,10.0,0,0.009368041999991306
aco_current,7,7901,83,7,1,39.0,200.0,239.0,1.195,1.0,True,True,30.0,200.0,9.0,[1],10.0,10.0,1,10.0,0,0.009513749999996435
aco_current,7,7901,83,7,2,0.0,0.0,0.0,0.0,0.09907747060060501,False,False,0.0,0.0,0.0,[],10.0,10.0,1,10.0,0,0.009513749999996435
aco_current,7,7901,83,7,3,0.0,0.0,0.0,0.0,0.43936213850975037,False,False,0.0,0.0,0.0,[],10.0,10.0,1,10.0,0,0.009513749999996435
aco_current,7,7901,83,7,4,0.0,0.0,0.0,0.0,0.20313307642936707,False,False,0.0,0.0,0.0,[],10.0,10.0,1,10.0,0,0.009513749999996435
aco_current,7,7902,83,7,1,36.0,200.0,236.0,1.18,1.0,True,True,30.0,200.0,6.0,[1],10.0,10.0,1,10.0,0,0.009468874999996046
aco_current,7,7902,83,7,2,0.0,0.0,0.0,0.0,0.09907747060060501,False,False,0.0,0.0,0.0,[],10.0,10.0,1,10.0,0,0.009468874999996046
aco_current,7,7902,83,7,3,0.0,0.0,0.0,0.0,0.43936213850975037,False,False,0.0,0.0,0.0,[],10.0,10.0,1,10.0,0,0.009468874999996046
aco_current,7,7902,83,7,4,0.0,0.0,0.0,0.0,0.20313307642936707,False,False,0.0,0.0,0.0,[],10.0,10.0,1,10.0,0,0.009468874999996046
aco_current,7,7903,83,7,1,31.0,200.0,231.0,1.155,1.0,True,True,30.0,200.0,1.0,[1],10.0,10.0,1,10.0,0,0.009600875000003839
aco_current,7,7903,83,7,2,0.0,0.0,0.0,0.0,0.09907747060060501,False,False,0.0,0.0,0.0,[],10.0,10.0,1,10.0,0,0.009600875000003839
aco_current,7,7903,83,7,3,0.0,0.0,0.0,0.0,0.43936213850975037,False,False,0.0,0.0,0.0,[],10.0,10.0,1,10.0,0,0.009600875000003839
aco_current,7,7903,83,7,4,0.0,0.0,0.0,0.0,0.20313307642936707,False,False,0.0,0.0,0.0,[],10.0,10.0,1,10.0,0,0.009600875000003839
aco_current,7,7904,83,8,1,33.0,200.0,233.0,1.165,1.0,True,True,30.0,200.0,3.0,[1],10.0,10.0,1,10.0,0,0.009615249999995967
aco_current,7,7904,83,8,2,0.0,0.0,0.0,0.0,0.09907747060060501,False,False,0.0,0.0,0.0,[],10.0,10.0,1,10.0,0,0.009615249999995967
aco_current,7,7904,83,8,3,0.0,0.0,0.0,0.0,0.43936213850975037,False,False,0.0,0.0,0.0,[],10.0,10.0,1,10.0,0,0.009615249999995967
aco_current,7,7904,83,8,4,0.0,0.0,0.0,0.0,0.20313307642936707,False,False,0.0,0.0,0.0,[],10.0,10.0,1,10.0,0,0.009615249999995967
aco_current,7,7905,83,8,1,31.0,200.0,231.0,1.155,1.0,True,True,30.0,200.0,1.0,[1],10.0,10.0,1,10.0,0,0.009511833000004799
aco_current,7,7905,83,8,2,0.0,0.0,0.0,0.0,0.09907747060060501,False,False,0.0,0.0,0.0,[],10.0,10.0,1,10.0,0,0.009511833000004799
aco_current,7,7905,83,8,3,0.0,0.0,0.0,0.0,0.43936213850975037,False,False,0.0,0.0,0.0,[],10.0,10.0,1,10.0,0,0.009511833000004799
aco_current,7,7905,83,8,4,0.0,0.0,0.0,0.0,0.20313307642936707,False,False,0.0,0.0,0.0,[],10.0,10.0,1,10.0,0,0.009511833000004799
aco_current,7,7906,83,8,1,32.0,200.0,232.0,1.16,1.0,True,True,30.0,200.0,2.0,[1],10.0,10.0,1,10.0,0,0.009388416999996707
aco_current,7,7906,83,8,2,0.0,0.0,0.0,0.0,0.09907747060060501,False,False,0.0,0.0,0.0,[],10.0,10.0,1,10.0,0,0.009388416999996707
aco_current,7,7906,83,8,3,0.0,0.0,0.0,0.0,0.43936213850975037,False,False,0.0,0.0,0.0,[],10.0,10.0,1,10.0,0,0.009388416999996707
aco_current,7,7906,83,8,4,0.0,0.0,0.0,0.0,0.20313307642936707,False,False,0.0,0.0,0.0,[],10.0,10.0,1,10.0,0,0.009388416999996707
aco_current,7,7907,83,8,1,31.0,200.0,231.0,1.155,1.0,True,True,30.0,200.0,1.0,[1],10.0,10.0,1,10.0,0,0.009433708999992518
aco_current,7,7907,83,8,2,0.0,0.0,0.0,0.0,0.09907747060060501,False,False,0.0,0.0,0.0,[],10.0,10.0,1,10.0,0,0.009433708999992518
aco_current,7,7907,83,8,3,0.0,0.0,0.0,0.0,0.43936213850975037,False,False,0.0,0.0,0.0,[],10.0,10.0,1,10.0,0,0.009433708999992518
aco_current,7,7907,83,8,4,0.0,0.0,0.0,0.0,0.20313307642936707,False,False,0.0,0.0,0.0,[],10.0,10.0,1,10.0,0,0.009433708999992518
aco_current,7,7908,83,9,1,31.0,200.0,231.0,1.155,1.0,True,True,30.0,200.0,1.0,[1],10.0,10.0,1,10.0,0,0.009632416000002308
aco_current,7,7908,83,9,2,0.0,0.0,0.0,0.0,0.09907747060060501,False,False,0.0,0.0,0.0,[],10.0,10.0,1,10.0,0,0.009632416000002308
aco_current,7,7908,83,9,3,0.0,0.0,0.0,0.0,0.43936213850975037,False,False,0.0,0.0,0.0,[],10.0,10.0,1,10.0,0,0.009632416000002308
aco_current,7,7908,83,9,4,0.0,0.0,0.0,0.0,0.20313307642936707,False,False,0.0,0.0,0.0,[],10.0,10.0,1,10.0,0,0.009632416000002308
aco_current,7,7909,83,9,1,31.0,200.0,231.0,1.155,1.0,True,True,30.0,200.0,1.0,[1],10.0,10.0,1,10.0,0,0.009619665999991867
aco_current,7,7909,83,9,2,0.0,0.0,0.0,0.0,0.09907747060060501,False,False,0.0,0.0,0.0,[],10.0,10.0,1,10.0,0,0.009619665999991867
aco_current,7,7909,83,9,3,0.0,0.0,0.0,0.0,0.43936213850975037,False,False,0.0,0.0,0.0,[],10.0,10.0,1,10.0,0,0.009619665999991867
aco_current,7,7909,83,9,4,0.0,0.0,0.0,0.0,0.20313307642936707,False,False,0.0,0.0,0.0,[],10.0,10.0,1,10.0,0,0.009619665999991867
aco_current,7,7910,83,9,1,21.0,200.0,221.0,1.105,1.0,True,True,30.0,191.0,0.0,[1],10.0,10.0,1,10.0,0,0.009626832999998669
aco_current,7,7910,83,9,2,0.0,0.0,0.0,0.0,0.09907747060060501,False,False,0.0,0.0,0.0,[],10.0,10.0,1,10.0,0,0.009626832999998669
aco_current,7,7910,83,9,3,0.0,0.0,0.0,0.0,0.43936213850975037,False,False,0.0,0.0,0.0,[],10.0,10.0,1,10.0,0,0.009626832999998669
aco_current,7,7910,83,9,4,0.0,0.0,0.0,0.0,0.20313307642936707,False,False,0.0,0.0,0.0,[],10.0,10.0,1,10.0,0,0.009626832999998669
aco_current,7,7911,83,9,1,19.0,191.0,210.0,1.05,1.0,True,True,30.0,180.0,0.0,[1],10.0,10.0,1,10.0,0,0.009683750000007763
aco_current,7,7911,83,9,2,0.0,0.0,0.0,0.0,0.09907747060060501,False,False,0.0,0.0,0.0,[],10.0,10.0,1,10.0,0,0.009683750000007763
aco_current,7,7911,83,9,3,0.0,0.0,0.0,0.0,0.43936213850975037,False,False,0.0,0.0,0.0,[],10.0,10.0,1,10.0,0,0.009683750000007763
aco_current,7,7911,83,9,4,0.0,0.0,0.0,0.0,0.20313307642936707,False,False,0.0,0.0,0.0,[],10.0,10.0,1,10.0,0,0.009683750000007763
aco_current,7,7912,83,10,1,19.0,180.0,199.0,0.995,1.0,True,True,30.0,169.0,0.0,[1],10.0,10.0,1,10.0,0,0.009450709000006441
aco_current,7,7912,83,10,2,0.0,0.0,0.0,0.0,0.09907747060060501,False,False,0.0,0.0,0.0,[],10.0,10.0,1,10.0,0,0.009450709000006441
aco_current,7,7912,83,10,3,0.0,0.0,0.0,0.0,0.43936213850975037,False,False,0.0,0.0,0.0,[],10.0,10.0,1,10.0,0,0.009450709000006441
aco_current,7,7912,83,10,4,0.0,0.0,0.0,0.0,0.20313307642936707,False,False,0.0,0.0,0.0,[],10.0,10.0,1,10.0,0,0.009450709000006441
aco_current,7,7913,83,10,1,19.0,169.0,188.0,0.94,1.0,True,True,30.0,158.0,0.0,[1],10.0,10.0,1,10.0,0,0.00949866700000257
aco_current,7,7913,83,10,2,0.0,0.0,0.0,0.0,0.09907747060060501,False,False,0.0,0.0,0.0,[],10.0,10.0,1,10.0,0,0.00949866700000257
aco_current,7,7913,83,10,3,0.0,0.0,0.0,0.0,0.43936213850975037,False,False,0.0,0.0,0.0,[],10.0,10.0,1,10.0,0,0.00949866700000257
aco_current,7,7913,83,10,4,0.0,0.0,0.0,0.0,0.20313307642936707,False,False,0.0,0.0,0.0,[],10.0,10.0,1,10.0,0,0.00949866700000257
aco_current,7,7914,83,10,1,19.0,158.0,177.0,0.885,0.9999990463256836,True,True,30.0,147.0,0.0,[1],10.0,10.0,1,10.0,0,0.009589458999997191
aco_current,7,7914,83,10,2,0.0,0.0,0.0,0.0,0.09907747060060501,False,False,0.0,0.0,0.0,[],10.0,10.0,1,10.0,0,0.009589458999997191
aco_current,7,7914,83,10,3,0.0,0.0,0.0,0.0,0.43936213850975037,False,False,0.0,0.0,0.0,[],10.0,10.0,1,10.0,0,0.009589458999997191
aco_current,7,7914,83,10,4,0.0,0.0,0.0,0.0,0.20313307642936707,False,False,0.0,0.0,0.0,[],10.0,10.0,1,10.0,0,0.009589458999997191
aco_current,7,7915,83,10,1,19.0,147.0,166.0,0.83,0.9999828338623047,True,True,30.0,136.0,0.0,[1],10.0,10.0,1,10.0,0,0.009659292000009145
aco_current,7,7915,83,10,2,0.0,0.0,0.0,0.0,0.09907747060060501,False,False,0.0,0.0,0.0,[],10.0,10.0,1,10.0,0,0.009659292000009145
aco_current,7,7915,83,10,3,0.0,0.0,0.0,0.0,0.43936213850975037,False,False,0.0,0.0,0.0,[],10.0,10.0,1,10.0,0,0.009659292000009145
aco_current,7,7915,83,10,4,0.0,0.0,0.0,0.0,0.20313307642936707,False,False,0.0,0.0,0.0,[],10.0,10.0,1,10.0,0,0.009659292000009145
aco_current,7,7916,83,11,1,19.0,136.0,155.0,0.775,0.9997391700744629,False,False,0.0,155.0,0.0,[],0.0,0.0,0,0.0,0,3.000000006636583e-06
aco_current,7,7916,83,11,2,0.0,0.0,0.0,0.0,0.09907747060060501,False,False,0.0,0.0,0.0,[],0.0,0.0,0,0.0,0,3.000000006636583e-06
aco_current,7,7916,83,11,3,0.0,0.0,0.0,0.0,0.43936213850975037,False,False,0.0,0.0,0.0,[],0.0,0.0,0,0.0,0,3.000000006636583e-06
aco_current,7,7916,83,11,4,0.0,0.0,0.0,0.0,0.20313307642936707,False,False,0.0,0.0,0.0,[],0.0,0.0,0,0.0,0,3.000000006636583e-06
aco_current,7,7917,83,11,1,19.0,155.0,174.0,0.87,0.9999978542327881,True,True,30.0,144.0,0.0,[1],10.0,10.0,1,10.0,0,0.009506290999993894
aco_current,7,7917,83,11,2,0.0,0.0,0.0,0.0,0.09907747060060501,False,False,0.0,0.0,0.0,[],10.0,10.0,1,10.0,0,0.009506290999993894
aco_current,7,7917,83,11,3,0.0,0.0,0.0,0.0,0.43936213850975037,False,False,0.0,0.0,0.0,[],10.0,10.0,1,10.0,0,0.009506290999993894
aco_current,7,7917,83,11,4,0.0,0.0,0.0,0.0,0.20313307642936707,False,False,0.0,0.0,0.0,[],10.0,10.0,1,10.0,0,0.009506290999993894
aco_current,7,7918,83,11,1,19.0,144.0,163.0,0.815,0.9999627470970154,True,True,30.0,133.0,0.0,[1],10.0,10.0,1,10.0,0,0.00943454199999394
aco_current,7,7918,83,11,2,0.0,0.0,0.0,0.0,0.09907747060060501,False,False,0.0,0.0,0.0,[],10.0,10.0,1,10.0,0,0.00943454199999394
aco_current,7,7918,83,11,3,0.0,0.0,0.0,0.0,0.43936213850975037,False,False,0.0,0.0,0.0,[],10.0,10.0,1,10.0,0,0.00943454199999394
aco_current,7,7918,83,11,4,0.0,0.0,0.0,0.0,0.20313307642936707,False,False,0.0,0.0,0.0,[],10.0,10.0,1,10.0,0,0.00943454199999394
aco_current,7,7919,83,11,1,18.0,133.0,151.0,0.755,0.9992603063583374,False,False,0.0,151.0,0.0,[],0.0,0.0,0,0.0,0,3.500000005374204e-06
aco_current,7,7919,83,11,2,0.0,0.0,0.0,0.0,0.09907747060060501,False,False,0.0,0.0,0.0,[],0.0,0.0,0,0.0,0,3.500000005374204e-06
aco_current,7,7919,83,11,3,0.0,0.0,0.0,0.0,0.43936213850975037,False,False,0.0,0.0,0.0,[],0.0,0.0,0,0.0,0,3.500000005374204e-06
aco_current,7,7919,83,11,4,0.0,0.0,0.0,0.0,0.20313307642936707,False,False,0.0,0.0,0.0,[],0.0,0.0,0,0.0,0,3.500000005374204e-06
aco_current,7,7920,83,12,1,19.0,151.0,170.0,0.85,0.9999938607215881,True,True,30.0,140.0,0.0,[1],10.0,10.0,1,10.0,0,0.009633957999994891
aco_current,7,7920,83,12,2,0.0,0.0,0.0,0.0,0.09907747060060501,False,False,0.0,0.0,0.0,[],10.0,10.0,1,10.0,0,0.009633957999994891
aco_current,7,7920,83,12,3,0.0,0.0,0.0,0.0,0.43936213850975037,False,False,0.0,0.0,0.0,[],10.0,10.0,1,10.0,0,0.009633957999994891
aco_current,7,7920,83,12,4,0.0,0.0,0.0,0.0,0.20313307642936707,False,False,0.0,0.0,0.0,[],10.0,10.0,1,10.0,0,0.009633957999994891
aco_current,7,7921,83,12,1,20.0,140.0,160.0,0.8,0.9999430179595947,True,True,30.0,130.0,0.0,[1],10.0,10.0,1,10.0,0,0.009573166000009792
aco_current,7,7921,83,12,2,0.0,0.0,0.0,0.0,0.09907747060060501,False,False,0.0,0.0,0.0,[],10.0,10.0,1,10.0,0,0.009573166000009792
aco_current,7,7921,83,12,3,0.0,0.0,0.0,0.0,0.43936213850975037,False,False,0.0,0.0,0.0,[],10.0,10.0,1,10.0,0,0.009573166000009792
aco_current,7,7921,83,12,4,0.0,0.0,0.0,0.0,0.20313307642936707,False,False,0.0,0.0,0.0,[],10.0,10.0,1,10.0,0,0.009573166000009792
aco_current,7,7922,83,12,1,19.0,130.0,149.0,0.745,0.9993076920509338,False,False,0.0,149.0,0.0,[],0.0,0.0,0,0.0,0,3.3330000093201306e-06
aco_current,7,7922,83,12,2,0.0,0.0,0.0,0.0,0.09907747060060501,False,False,0.0,0.0,0.0,[],0.0,0.0,0,0.0,0,3.3330000093201306e-06
aco_current,7,7922,83,12,3,0.0,0.0,0.0,0.0,0.43936213850975037,False,False,0.0,0.0,0.0,[],0.0,0.0,0,0.0,0,3.3330000093201306e-06
aco_current,7,7922,83,12,4,0.0,0.0,0.0,0.0,0.20313307642936707,False,False,0.0,0.0,0.0,[],0.0,0.0,0,0.0,0,3.3330000093201306e-06
aco_current,7,7923,83,12,1,19.0,149.0,168.0,0.84,0.9999898076057434,True,True,30.0,138.0,0.0,[1],10.0,10.0,1,10.0,0,0.009630500000000097
aco_current,7,7923,83,12,2,0.0,0.0,0.0,0.0,0.09907747060060501,False,False,0.0,0.0,0.0,[],10.0,10.0,1,10.0,0,0.009630500000000097
aco_current,7,7923,83,12,3,0.0,0.0,0.0,0.0,0.43936213850975037,False,False,0.0,0.0,0.0,[],10.0,10.0,1,10.0,0,0.009630500000000097
aco_current,7,7923,83,12,4,0.0,0.0,0.0,0.0,0.20313307642936707,False,False,0.0,0.0,0.0,[],10.0,10.0,1,10.0,0,0.009630500000000097
aco_current,7,7924,83,13,1,19.0,138.0,157.0,0.785,0.9998347759246826,False,False,0.0,157.0,0.0,[],0.0,0.0,0,0.0,0,2.7499999930569174e-06
aco_current,7,7924,83,13,2,0.0,0.0,0.0,0.0,0.09907747060060501,False,False,0.0,0.0,0.0,[],0.0,0.0,0,0.0,0,2.7499999930569174e-06
aco_current,7,7924,83,13,3,0.0,0.0,0.0,0.0,0.43936213850975037,False,False,0.0,0.0,0.0,[],0.0,0.0,0,0.0,0,2.7499999930569174e-06
aco_current,7,7924,83,13,4,0.0,0.0,0.0,0.0,0.20313307642936707,False,False,0.0,0.0,0.0,[],0.0,0.0,0,0.0,0,2.7499999930569174e-06
aco_current,7,7925,83,13,1,18.0,157.0,175.0,0.875,0.9999976754188538,True,True,30.0,145.0,0.0,[1],10.0,10.0,1,10.0,0,0.00945620800000313
aco_current,7,7925,83,13,2,0.0,0.0,0.0,0.0,0.09907747060060501,False,False,0.0,0.0,0.0,[],10.0,10.0,1,10.0,0,0.00945620800000313
aco_current,7,7925,83,13,3,0.0,0.0,0.0,0.0,0.43936213850975037,False,False,0.0,0.0,0.0,[],10.0,10.0,1,10.0,0,0.00945620800000313
aco_current,7,7925,83,13,4,0.0,0.0,0.0,0.0,0.20313307642936707,False,False,0.0,0.0,0.0,[],10.0,10.0,1,10.0,0,0.00945620800000313
aco_current,7,7926,83,13,1,19.0,145.0,164.0,0.82,0.9999710917472839,True,True,30.0,134.0,0.0,[1],10.0,10.0,1,10.0,0,0.009544625000003748
aco_current,7,7926,83,13,2,0.0,0.0,0.0,0.0,0.09907747060060501,False,False,0.0,0.0,0.0,[],10.0,10.0,1,10.0,0,0.009544625000003748
aco_current,7,7926,83,13,3,0.0,0.0,0.0,0.0,0.43936213850975037,False,False,0.0,0.0,0.0,[],10.0,10.0,1,10.0,0,0.009544625000003748
aco_current,7,7926,83,13,4,0.0,0.0,0.0,0.0,0.20313307642936707,False,False,0.0,0.0,0.0,[],10.0,10.0,1,10.0,0,0.009544625000003748
aco_current,7,7927,83,13,1,19.0,134.0,153.0,0.765,0.9996039867401123,False,False,0.0,153.0,0.0,[],0.0,0.0,0,0.0,0,3.2080000096357253e-06
aco_current,7,7927,83,13,2,0.0,0.0,0.0,0.0,0.09907747060060501,False,False,0.0,0.0,0.0,[],0.0,0.0,0,0.0,0,3.2080000096357253e-06
aco_current,7,7927,83,13,3,0.0,0.0,0.0,0.0,0.43936213850975037,False,False,0.0,0.0,0.0,[],0.0,0.0,0,0.0,0,3.2080000096357253e-06
aco_current,7,7927,83,13,4,0.0,0.0,0.0,0.0,0.20313307642936707,False,False,0.0,0.0,0.0,[],0.0,0.0,0,0.0,0,3.2080000096357253e-06
aco_current,7,7928,83,14,1,19.0,153.0,172.0,0.86,0.9999963641166687,True,True,30.0,142.0,0.0,[1],10.0,10.0,1,10.0,0,0.009732165999992048
aco_current,7,7928,83,14,2,0.0,0.0,0.0,0.0,0.09907747060060501,False,False,0.0,0.0,0.0,[],10.0,10.0,1,10.0,0,0.009732165999992048
aco_current,7,7928,83,14,3,0.0,0.0,0.0,0.0,0.43936213850975037,False,False,0.0,0.0,0.0,[],10.0,10.0,1,10.0,0,0.009732165999992048
aco_current,7,7928,83,14,4,0.0,0.0,0.0,0.0,0.20313307642936707,False,False,0.0,0.0,0.0,[],10.0,10.0,1,10.0,0,0.009732165999992048
aco_current,7,7929,83,14,1,19.0,142.0,161.0,0.805,0.9999375939369202,True,True,30.0,131.0,0.0,[1],10.0,10.0,1,10.0,0,0.009585749999999393
aco_current,7,7929,83,14,2,0.0,0.0,0.0,0.0,0.09907747060060501,False,False,0.0,0.0,0.0,[],10.0,10.0,1,10.0,0,0.009585749999999393
aco_current,7,7929,83,14,3,0.0,0.0,0.0,0.0,0.43936213850975037,False,False,0.0,0.0,0.0,[],10.0,10.0,1,10.0,0,0.009585749999999393
aco_current,7,7929,83,14,4,0.0,0.0,0.0,0.0,0.20313307642936707,False,False,0.0,0.0,0.0,[],10.0,10.0,1,10.0,0,0.009585749999999393
aco_current,7,7930,83,14,1,19.0,131.0,150.0,0.75,0.9993962645530701,False,False,0.0,150.0,0.0,[],0.0,0.0,0,0.0,0,4.583000006164184e-06
aco_current,7,7930,83,14,2,0.0,0.0,0.0,0.0,0.09907747060060501,False,False,0.0,0.0,0.0,[],0.0,0.0,0,0.0,0,4.583000006164184e-06
aco_current,7,7930,83,14,3,0.0,0.0,0.0,0.0,0.43936213850975037,False,False,0.0,0.0,0.0,[],0.0,0.0,0,0.0,0,4.583000006164184e-06
aco_current,7,7930,83,14,4,0.0,0.0,0.0,0.0,0.20313307642936707,False,False,0.0,0.0,0.0,[],0.0,0.0,0,0.0,0,4.583000006164184e-06
aco_current,7,7931,83,14,1,19.0,150.0,169.0,0.845,0.9999920725822449,True,True,30.0,139.0,0.0,[1],10.0,10.0,1,10.0,0,0.009550458000006756
aco_current,7,7931,83,14,2,0.0,0.0,0.0,0.0,0.09907747060060501,False,False,0.0,0.0,0.0,[],10.0,10.0,1,10.0,0,0.009550458000006756
aco_current,7,7931,83,14,3,0.0,0.0,0.0,0.0,0.43936213850975037,False,False,0.0,0.0,0.0,[],10.0,10.0,1,10.0,0,0.009550458000006756
aco_current,7,7931,83,14,4,0.0,0.0,0.0,0.0,0.20313307642936707,False,False,0.0,0.0,0.0,[],10.0,10.0,1,10.0,0,0.009550458000006756
aco_current,7,7932,83,15,1,19.0,139.0,158.0,0.79,0.9998672604560852,False,False,0.0,158.0,0.0,[],0.0,0.0,0,0.0,0,2.750000007267772e-06
aco_current,7,7932,83,15,2,0.0,0.0,0.0,0.0,0.09907747060060501,False,False,0.0,0.0,0.0,[],0.0,0.0,0,0.0,0,2.750000007267772e-06
aco_current,7,7932,83,15,3,0.0,0.0,0.0,0.0,0.43936213850975037,False,False,0.0,0.0,0.0,[],0.0,0.0,0,0.0,0,2.750000007267772e-06
aco_current,7,7932,83,15,4,0.0,0.0,0.0,0.0,0.20313307642936707,False,False,0.0,0.0,0.0,[],0.0,0.0,0,0.0,0,2.750000007267772e-06
aco_current,7,7933,83,15,1,19.0,158.0,177.0,0.885,0.9999990463256836,True,True,30.0,147.0,0.0,[1],10.0,10.0,1,10.0,0,0.009367666000002828
aco_current,7,7933,83,15,2,0.0,0.0,0.0,0.0,0.09907747060060501,False,False,0.0,0.0,0.0,[],10.0,10.0,1,10.0,0,0.009367666000002828
aco_current,7,7933,83,15,3,0.0,0.0,0.0,0.0,0.43936213850975037,False,False,0.0,0.0,0.0,[],10.0,10.0,1,10.0,0,0.009367666000002828
aco_current,7,7933,83,15,4,0.0,0.0,0.0,0.0,0.20313307642936707,False,False,0.0,0.0,0.0,[],10.0,10.0,1,10.0,0,0.009367666000002828
aco_current,7,7934,83,15,1,19.0,147.0,166.0,0.83,0.9999828338623047,True,True,30.0,136.0,0.0,[1],10.0,10.0,1,10.0,0,0.009472500000001105
aco_current,7,7934,83,15,2,0.0,0.0,0.0,0.0,0.09907747060060501,False,False,0.0,0.0,0.0,[],10.0,10.0,1,10.0,0,0.009472500000001105
aco_current,7,7934,83,15,3,0.0,0.0,0.0,0.0,0.43936213850975037,False,False,0.0,0.0,0.0,[],10.0,10.0,1,10.0,0,0.009472500000001105
aco_current,7,7934,83,15,4,0.0,0.0,0.0,0.0,0.20313307642936707,False,False,0.0,0.0,0.0,[],10.0,10.0,1,10.0,0,0.009472500000001105
aco_current,7,7935,83,15,1,19.0,136.0,155.0,0.775,0.9997391700744629,False,False,0.0,155.0,0.0,[],0.0,0.0,0,0.0,0,2.7920000036374404e-06
aco_current,7,7935,83,15,2,0.0,0.0,0.0,0.0,0.09907747060060501,False,False,0.0,0.0,0.0,[],0.0,0.0,0,0.0,0,2.7920000036374404e-06
aco_current,7,7935,83,15,3,0.0,0.0,0.0,0.0,0.43936213850975037,False,False,0.0,0.0,0.0,[],0.0,0.0,0,0.0,0,2.7920000036374404e-06
aco_current,7,7935,83,15,4,0.0,0.0,0.0,0.0,0.20313307642936707,False,False,0.0,0.0,0.0,[],0.0,0.0,0,0.0,0,2.7920000036374404e-06
aco_current,7,7936,83,16,1,18.0,155.0,173.0,0.865,0.9999960660934448,True,True,30.0,143.0,0.0,[1],10.0,10.0,1,10.0,0,0.009550040999997123
aco_current,7,7936,83,16,2,0.0,0.0,0.0,0.0,0.09907747060060501,False,False,0.0,0.0,0.0,[],10.0,10.0,1,10.0,0,0.009550040999997123
aco_current,7,7936,83,16,3,0.0,0.0,0.0,0.0,0.43936213850975037,False,False,0.0,0.0,0.0,[],10.0,10.0,1,10.0,0,0.009550040999997123
aco_current,7,7936,83,16,4,0.0,0.0,0.0,0.0,0.20313307642936707,False,False,0.0,0.0,0.0,[],10.0,10.0,1,10.0,0,0.009550040999997123
aco_current,7,7937,83,16,1,19.0,143.0,162.0,0.81,0.9999515414237976,True,True,30.0,132.0,0.0,[1],10.0,10.0,1,10.0,0,0.009605292000003374
aco_current,7,7937,83,16,2,0.0,0.0,0.0,0.0,0.09907747060060501,False,False,0.0,0.0,0.0,[],10.0,10.0,1,10.0,0,0.009605292000003374
aco_current,7,7937,83,16,3,0.0,0.0,0.0,0.0,0.43936213850975037,False,False,0.0,0.0,0.0,[],10.0,10.0,1,10.0,0,0.009605292000003374
aco_current,7,7937,83,16,4,0.0,0.0,0.0,0.0,0.20313307642936707,False,False,0.0,0.0,0.0,[],10.0,10.0,1,10.0,0,0.009605292000003374
aco_current,7,7938,83,16,1,19.0,132.0,151.0,0.755,0.999475359916687,False,False,0.0,151.0,0.0,[],0.0,0.0,0,0.0,0,8.375000007276867e-06
aco_current,7,7938,83,16,2,0.0,0.0,0.0,0.0,0.09907747060060501,False,False,0.0,0.0,0.0,[],0.0,0.0,0,0.0,0,8.375000007276867e-06
aco_current,7,7938,83,16,3,0.0,0.0,0.0,0.0,0.43936213850975037,False,False,0.0,0.0,0.0,[],0.0,0.0,0,0.0,0,8.375000007276867e-06
aco_current,7,7938,83,16,4,0.0,0.0,0.0,0.0,0.20313307642936707,False,False,0.0,0.0,0.0,[],0.0,0.0,0,0.0,0,8.375000007276867e-06
aco_current,7,7939,83,16,1,20.0,151.0,171.0,0.855,0.9999966621398926,True,True,30.0,141.0,0.0,[1],10.0,10.0,1,10.0,0,0.00987550000000681
aco_current,7,7939,83,16,2,0.0,0.0,0.0,0.0,0.09907747060060501,False,False,0.0,0.0,0.0,[],10.0,10.0,1,10.0,0,0.00987550000000681
aco_current,7,7939,83,16,3,0.0,0.0,0.0,0.0,0.43936213850975037,False,False,0.0,0.0,0.0,[],10.0,10.0,1,10.0,0,0.00987550000000681
aco_current,7,7939,83,16,4,0.0,0.0,0.0,0.0,0.20313307642936707,False,False,0.0,0.0,0.0,[],10.0,10.0,1,10.0,0,0.00987550000000681
aco_current,7,7940,83,17,1,19.0,141.0,160.0,0.8,0.9999196529388428,True,True,30.0,130.0,0.0,[1],10.0,10.0,1,10.0,0,0.009643625000009592
aco_current,7,7940,83,17,2,0.0,0.0,0.0,0.0,0.09907747060060501,False,False,0.0,0.0,0.0,[],10.0,10.0,1,10.0,0,0.009643625000009592
aco_current,7,7940,83,17,3,0.0,0.0,0.0,0.0,0.43936213850975037,False,False,0.0,0.0,0.0,[],10.0,10.0,1,10.0,0,0.009643625000009592
aco_current,7,7940,83,17,4,0.0,0.0,0.0,0.0,0.20313307642936707,False,False,0.0,0.0,0.0,[],10.0,10.0,1,10.0,0,0.009643625000009592
aco_current,7,7941,83,17,1,19.0,130.0,149.0,0.745,0.9993072152137756,False,False,0.0,149.0,0.0,[],0.0,0.0,0,0.0,0,2.8340000000071086e-06
aco_current,7,7941,83,17,2,0.0,0.0,0.0,0.0,0.09907747060060501,False,False,0.0,0.0,0.0,[],0.0,0.0,0,0.0,0,2.8340000000071086e-06
aco_current,7,7941,83,17,3,0.0,0.0,0.0,0.0,0.43936213850975037,False,False,0.0,0.0,0.0,[],0.0,0.0,0,0.0,0,2.8340000000071086e-06
aco_current,7,7941,83,17,4,0.0,0.0,0.0,0.0,0.20313307642936707,False,False,0.0,0.0,0.0,[],0.0,0.0,0,0.0,0,2.8340000000071086e-06
aco_current,7,7942,83,17,1,18.0,149.0,167.0,0.835,0.999981164932251,True,True,30.0,137.0,0.0,[1],10.0,10.0,1,10.0,0,0.009635457999991104
aco_current,7,7942,83,17,2,0.0,0.0,0.0,0.0,0.09907747060060501,False,False,0.0,0.0,0.0,[],10.0,10.0,1,10.0,0,0.009635457999991104
aco_current,7,7942,83,17,3,0.0,0.0,0.0,0.0,0.43936213850975037,False,False,0.0,0.0,0.0,[],10.0,10.0,1,10.0,0,0.009635457999991104
aco_current,7,7942,83,17,4,0.0,0.0,0.0,0.0,0.20313307642936707,False,False,0.0,0.0,0.0,[],10.0,10.0,1,10.0,0,0.009635457999991104
aco_current,7,7943,83,17,1,19.0,137.0,156.0,0.78,0.9997922778129578,False,False,0.0,156.0,0.0,[],0.0,0.0,0,0.0,0,2.8750000069521775e-06
aco_current,7,7943,83,17,2,0.0,0.0,0.0,0.0,0.09907747060060501,False,False,0.0,0.0,0.0,[],0.0,0.0,0,0.0,0,2.8750000069521775e-06
aco_current,7,7943,83,17,3,0.0,0.0,0.0,0.0,0.43936213850975037,False,False,0.0,0.0,0.0,[],0.0,0.0,0,0.0,0,2.8750000069521775e-06
aco_current,7,7943,83,17,4,0.0,0.0,0.0,0.0,0.20313307642936707,False,False,0.0,0.0,0.0,[],0.0,0.0,0,0.0,0,2.8750000069521775e-06
aco_current,7,7944,83,18,1,19.0,156.0,175.0,0.875,0.9999983310699463,True,True,30.0,145.0,0.0,[1],10.0,10.0,1,10.0,0,0.009593582999997352
aco_current,7,7944,83,18,2,0.0,0.0,0.0,0.0,0.09907747060060501,False,False,0.0,0.0,0.0,[],10.0,10.0,1,10.0,0,0.009593582999997352
aco_current,7,7944,83,18,3,0.0,0.0,0.0,0.0,0.43936213850975037,False,False,0.0,0.0,0.0,[],10.0,10.0,1,10.0,0,0.009593582999997352
aco_current,7,7944,83,18,4,0.0,0.0,0.0,0.0,0.20313307642936707,False,False,0.0,0.0,0.0,[],10.0,10.0,1,10.0,0,0.009593582999997352
aco_current,7,7945,83,18,1,19.0,145.0,164.0,0.82,0.9999710917472839,True,True,30.0,134.0,0.0,[1],10.0,10.0,1,10.0,0,0.00961683399999913
aco_current,7,7945,83,18,2,0.0,0.0,0.0,0.0,0.09907747060060501,False,False,0.0,0.0,0.0,[],10.0,10.0,1,10.0,0,0.00961683399999913
aco_current,7,7945,83,18,3,0.0,0.0,0.0,0.0,0.43936213850975037,False,False,0.0,0.0,0.0,[],10.0,10.0,1,10.0,0,0.00961683399999913
aco_current,7,7945,83,18,4,0.0,0.0,0.0,0.0,0.20313307642936707,False,False,0.0,0.0,0.0,[],10.0,10.0,1,10.0,0,0.00961683399999913
aco_current,7,7946,83,18,1,19.0,134.0,153.0,0.765,0.9996041059494019,False,False,0.0,153.0,0.0,[],0.0,0.0,0,0.0,0,3.000000006636583e-06
aco_current,7,7946,83,18,2,0.0,0.0,0.0,0.0,0.09907747060060501,False,False,0.0,0.0,0.0,[],0.0,0.0,0,0.0,0,3.000000006636583e-06
aco_current,7,7946,83,18,3,0.0,0.0,0.0,0.0,0.43936213850975037,False,False,0.0,0.0,0.0,[],0.0,0.0,0,0.0,0,3.000000006636583e-06
aco_current,7,7946,83,18,4,0.0,0.0,0.0,0.0,0.20313307642936707,False,False,0.0,0.0,0.0,[],0.0,0.0,0,0.0,0,3.000000006636583e-06
aco_current,7,7947,83,18,1,3.0,153.0,156.0,0.78,0.8358743190765381,False,False,0.0,156.0,0.0,[],0.0,0.0,0,0.0,0,2.00000000916134e-06
aco_current,7,7947,83,18,2,0.0,0.0,0.0,0.0,0.09907747060060501,False,False,0.0,0.0,0.0,[],0.0,0.0,0,0.0,0,2.00000000916134e-06
aco_current,7,7947,83,18,3,0.0,0.0,0.0,0.0,0.43936213850975037,False,False,0.0,0.0,0.0,[],0.0,0.0,0,0.0,0,2.00000000916134e-06
aco_current,7,7947,83,18,4,0.0,0.0,0.0,0.0,0.20313307642936707,False,False,0.0,0.0,0.0,[],0.0,0.0,0,0.0,0,2.00000000916134e-06
aco_current,7,7948,83,19,1,0.0,156.0,156.0,0.78,0.28578832745552063,False,False,0.0,156.0,0.0,[],0.0,0.0,0,0.0,0,1.957999998580817e-06
aco_current,7,7948,83,19,2,0.0,0.0,0.0,0.0,0.09907747060060501,False,False,0.0,0.0,0.0,[],0.0,0.0,0,0.0,0,1.957999998580817e-06
aco_current,7,7948,83,19,3,0.0,0.0,0.0,0.0,0.43936213850975037,False,False,0.0,0.0,0.0,[],0.0,0.0,0,0.0,0,1.957999998580817e-06
aco_current,7,7948,83,19,4,0.0,0.0,0.0,0.0,0.20313307642936707,False,False,0.0,0.0,0.0,[],0.0,0.0,0,0.0,0,1.957999998580817e-06
aco_current,7,7949,83,19,1,0.0,156.0,156.0,0.78,0.29466474056243896,False,False,0.0,156.0,0.0,[],0.0,0.0,0,0.0,0,2.4169999903733697e-06
aco_current,7,7949,83,19,2,0.0,0.0,0.0,0.0,0.09907747060060501,False,False,0.0,0.0,0.0,[],0.0,0.0,0,0.0,0,2.4169999903733697e-06
aco_current,7,7949,83,19,3,0.0,0.0,0.0,0.0,0.43936213850975037,False,False,0.0,0.0,0.0,[],0.0,0.0,0,0.0,0,2.4169999903733697e-06
aco_current,7,7949,83,19,4,0.0,0.0,0.0,0.0,0.20313307642936707,False,False,0.0,0.0,0.0,[],0.0,0.0,0,0.0,0,2.4169999903733697e-06
aco_current,7,7950,83,19,1,0.0,156.0,156.0,0.78,0.2992250621318817,False,False,0.0,156.0,0.0,[],0.0,0.0,0,0.0,0,1.9589999880054165e-06
aco_current,7,7950,83,19,2,0.0,0.0,0.0,0.0,0.09907747060060501,False,False,0.0,0.0,0.0,[],0.0,0.0,0,0.0,0,1.9589999880054165e-06
aco_current,7,7950,83,19,3,0.0,0.0,0.0,0.0,0.43936213850975037,False,False,0.0,0.0,0.0,[],0.0,0.0,0,0.0,0,1.9589999880054165e-06
aco_current,7,7950,83,19,4,0.0,0.0,0.0,0.0,0.20313307642936707,False,False,0.0,0.0,0.0,[],0.0,0.0,0,0.0,0,1.9589999880054165e-06
aco_current,7,7951,83,19,1,0.0,156.0,156.0,0.78,0.312997430562973,False,False,0.0,156.0,0.0,[],0.0,0.0,0,0.0,0,1.9169999916357483e-06
aco_current,7,7951,83,19,2,0.0,0.0,0.0,0.0,0.09907747060060501,False,False,0.0,0.0,0.0,[],0.0,0.0,0,0.0,0,1.9169999916357483e-06
aco_current,7,7951,83,19,3,0.0,0.0,0.0,0.0,0.43936213850975037,False,False,0.0,0.0,0.0,[],0.0,0.0,0,0.0,0,1.9169999916357483e-06
aco_current,7,7951,83,19,4,0.0,0.0,0.0,0.0,0.20313307642936707,False,False,0.0,0.0,0.0,[],0.0,0.0,0,0.0,0,1.9169999916357483e-06
aco_current,7,7952,83,20,1,0.0,156.0,156.0,0.78,0.312997430562973,False,False,0.0,156.0,0.0,[],0.0,0.0,0,0.0,0,2.375000008214556e-06
aco_current,7,7952,83,20,2,0.0,0.0,0.0,0.0,0.09907747060060501,False,False,0.0,0.0,0.0,[],0.0,0.0,0,0.0,0,2.375000008214556e-06
aco_current,7,7952,83,20,3,0.0,0.0,0.0,0.0,0.43936213850975037,False,False,0.0,0.0,0.0,[],0.0,0.0,0,0.0,0,2.375000008214556e-06
aco_current,7,7952,83,20,4,0.0,0.0,0.0,0.0,0.20313307642936707,False,False,0.0,0.0,0.0,[],0.0,0.0,0,0.0,0,2.375000008214556e-06
aco_current,7,7953,83,20,1,0.0,156.0,156.0,0.78,0.312997430562973,False,False,0.0,156.0,0.0,[],0.0,0.0,0,0.0,0,1.87499999526608e-06
aco_current,7,7953,83,20,2,0.0,0.0,0.0,0.0,0.09907747060060501,False,False,0.0,0.0,0.0,[],0.0,0.0,0,0.0,0,1.87499999526608e-06
aco_current,7,7953,83,20,3,0.0,0.0,0.0,0.0,0.43936213850975037,False,False,0.0,0.0,0.0,[],0.0,0.0,0,0.0,0,1.87499999526608e-06
aco_current,7,7953,83,20,4,0.0,0.0,0.0,0.0,0.20313307642936707,False,False,0.0,0.0,0.0,[],0.0,0.0,0,0.0,0,1.87499999526608e-06
aco_current,7,7954,83,20,1,0.0,156.0,156.0,0.78,0.312997430562973,False,False,0.0,156.0,0.0,[],0.0,0.0,0,0.0,0,2.3749999940037014e-06
aco_current,7,7954,83,20,2,0.0,0.0,0.0,0.0,0.09907747060060501,False,False,0.0,0.0,0.0,[],0.0,0.0,0,0.0,0,2.3749999940037014e-06
aco_current,7,7954,83,20,3,0.0,0.0,0.0,0.0,0.43936213850975037,False,False,0.0,0.0,0.0,[],0.0,0.0,0,0.0,0,2.3749999940037014e-06
aco_current,7,7954,83,20,4,0.0,0.0,0.0,0.0,0.20313307642936707,False,False,0.0,0.0,0.0,[],0.0,0.0,0,0.0,0,2.3749999940037014e-06
aco_current,7,7955,83,20,1,0.0,156.0,156.0,0.78,0.312997430562973,False,False,0.0,156.0,0.0,[],0.0,0.0,0,0.0,0,1.957999998580817e-06
aco_current,7,7955,83,20,2,0.0,0.0,0.0,0.0,0.09907747060060501,False,False,0.0,0.0,0.0,[],0.0,0.0,0,0.0,0,1.957999998580817e-06
aco_current,7,7955,83,20,3,0.0,0.0,0.0,0.0,0.43936213850975037,False,False,0.0,0.0,0.0,[],0.0,0.0,0,0.0,0,1.957999998580817e-06
aco_current,7,7955,83,20,4,0.0,0.0,0.0,0.0,0.20313307642936707,False,False,0.0,0.0,0.0,[],0.0,0.0,0,0.0,0,1.957999998580817e-06
aco_current,7,7956,83,21,1,0.0,156.0,156.0,0.78,0.312997430562973,False,False,0.0,156.0,0.0,[],0.0,0.0,0,0.0,0,2.2919999906889643e-06
aco_current,7,7956,83,21,2,0.0,0.0,0.0,0.0,0.09907747060060501,False,False,0.0,0.0,0.0,[],0.0,0.0,0,0.0,0,2.2919999906889643e-06
aco_current,7,7956,83,21,3,0.0,0.0,0.0,0.0,0.43936213850975037,False,False,0.0,0.0,0.0,[],0.0,0.0,0,0.0,0,2.2919999906889643e-06
aco_current,7,7956,83,21,4,0.0,0.0,0.0,0.0,0.20313307642936707,False,False,0.0,0.0,0.0,[],0.0,0.0,0,0.0,0,2.2919999906889643e-06
aco_current,7,7957,83,21,1,0.0,156.0,156.0,0.78,0.312997430562973,False,False,0.0,156.0,0.0,[],0.0,0.0,0,0.0,0,2.207999997949628e-06
aco_current,7,7957,83,21,2,0.0,0.0,0.0,0.0,0.09907747060060501,False,False,0.0,0.0,0.0,[],0.0,0.0,0,0.0,0,2.207999997949628e-06
aco_current,7,7957,83,21,3,0.0,0.0,0.0,0.0,0.43936213850975037,False,False,0.0,0.0,0.0,[],0.0,0.0,0,0.0,0,2.207999997949628e-06
aco_current,7,7957,83,21,4,0.0,0.0,0.0,0.0,0.20313307642936707,False,False,0.0,0.0,0.0,[],0.0,0.0,0,0.0,0,2.207999997949628e-06
aco_current,7,7958,83,21,1,0.0,156.0,156.0,0.78,0.312997430562973,False,False,0.0,156.0,0.0,[],0.0,0.0,0,0.0,0,1.8329999988964119e-06
aco_current,7,7958,83,21,2,0.0,0.0,0.0,0.0,0.09907747060060501,False,False,0.0,0.0,0.0,[],0.0,0.0,0,0.0,0,1.8329999988964119e-06
aco_current,7,7958,83,21,3,0.0,0.0,0.0,0.0,0.43936213850975037,False,False,0.0,0.0,0.0,[],0.0,0.0,0,0.0,0,1.8329999988964119e-06
aco_current,7,7958,83,21,4,0.0,0.0,0.0,0.0,0.20313307642936707,False,False,0.0,0.0,0.0,[],0.0,0.0,0,0.0,0,1.8329999988964119e-06
aco_current,7,7959,83,21,1,0.0,156.0,156.0,0.78,0.312997430562973,False,False,0.0,156.0,0.0,[],0.0,0.0,0,0.0,0,2.375000008214556e-06
aco_current,7,7959,83,21,2,0.0,0.0,0.0,0.0,0.09907747060060501,False,False,0.0,0.0,0.0,[],0.0,0.0,0,0.0,0,2.375000008214556e-06
aco_current,7,7959,83,21,3,0.0,0.0,0.0,0.0,0.43936213850975037,False,False,0.0,0.0,0.0,[],0.0,0.0,0,0.0,0,2.375000008214556e-06
aco_current,7,7959,83,21,4,0.0,0.0,0.0,0.0,0.20313307642936707,False,False,0.0,0.0,0.0,[],0.0,0.0,0,0.0,0,2.375000008214556e-06
aco_current,7,7960,83,22,1,0.0,156.0,156.0,0.78,0.312997430562973,False,False,0.0,156.0,0.0,[],0.0,0.0,0,0.0,0,2.00000000916134e-06
aco_current,7,7960,83,22,2,0.0,0.0,0.0,0.0,0.09907747060060501,False,False,0.0,0.0,0.0,[],0.0,0.0,0,0.0,0,2.00000000916134e-06
aco_current,7,7960,83,22,3,0.0,0.0,0.0,0.0,0.43936213850975037,False,False,0.0,0.0,0.0,[],0.0,0.0,0,0.0,0,2.00000000916134e-06
aco_current,7,7960,83,22,4,0.0,0.0,0.0,0.0,0.20313307642936707,False,False,0.0,0.0,0.0,[],0.0,0.0,0,0.0,0,2.00000000916134e-06
aco_current,7,7961,83,22,1,0.0,156.0,156.0,0.78,0.312997430562973,False,False,0.0,156.0,0.0,[],0.0,0.0,0,0.0,0,1.9999999949504854e-06
aco_current,7,7961,83,22,2,0.0,0.0,0.0,0.0,0.09907747060060501,False,False,0.0,0.0,0.0,[],0.0,0.0,0,0.0,0,1.9999999949504854e-06
aco_current,7,7961,83,22,3,0.0,0.0,0.0,0.0,0.43936213850975037,False,False,0.0,0.0,0.0,[],0.0,0.0,0,0.0,0,1.9999999949504854e-06
aco_current,7,7961,83,22,4,0.0,0.0,0.0,0.0,0.20313307642936707,False,False,0.0,0.0,0.0,[],0.0,0.0,0,0.0,0,1.9999999949504854e-06
aco_current,7,7962,83,22,1,0.0,156.0,156.0,0.78,0.312997430562973,False,False,0.0,156.0,0.0,[],0.0,0.0,0,0.0,0,2.250000008530151e-06
aco_current,7,7962,83,22,2,0.0,0.0,0.0,0.0,0.09907747060060501,False,False,0.0,0.0,0.0,[],0.0,0.0,0,0.0,0,2.250000008530151e-06
aco_current,7,7962,83,22,3,0.0,0.0,0.0,0.0,0.43936213850975037,False,False,0.0,0.0,0.0,[],0.0,0.0,0,0.0,0,2.250000008530151e-06
aco_current,7,7962,83,22,4,0.0,0.0,0.0,0.0,0.20313307642936707,False,False,0.0,0.0,0.0,[],0.0,0.0,0,0.0,0,2.250000008530151e-06
aco_current,7,7963,83,22,1,0.0,156.0,156.0,0.78,0.312997430562973,False,False,0.0,156.0,0.0,[],0.0,0.0,0,0.0,0,1.834000002531866e-06
aco_current,7,7963,83,22,2,0.0,0.0,0.0,0.0,0.09907747060060501,False,False,0.0,0.0,0.0,[],0.0,0.0,0,0.0,0,1.834000002531866e-06
aco_current,7,7963,83,22,3,0.0,0.0,0.0,0.0,0.43936213850975037,False,False,0.0,0.0,0.0,[],0.0,0.0,0,0.0,0,1.834000002531866e-06
aco_current,7,7963,83,22,4,0.0,0.0,0.0,0.0,0.20313307642936707,False,False,0.0,0.0,0.0,[],0.0,0.0,0,0.0,0,1.834000002531866e-06
aco_current,7,7964,83,23,1,0.0,156.0,156.0,0.78,0.312997430562973,False,False,0.0,156.0,0.0,[],0.0,0.0,0,0.0,0,1.7910000025267436e-06
aco_current,7,7964,83,23,2,0.0,0.0,0.0,0.0,0.09907747060060501,False,False,0.0,0.0,0.0,[],0.0,0.0,0,0.0,0,1.7910000025267436e-06
aco_current,7,7964,83,23,3,0.0,0.0,0.0,0.0,0.43936213850975037,False,False,0.0,0.0,0.0,[],0.0,0.0,0,0.0,0,1.7910000025267436e-06
aco_current,7,7964,83,23,4,0.0,0.0,0.0,0.0,0.20313307642936707,False,False,0.0,0.0,0.0,[],0.0,0.0,0,0.0,0,1.7910000025267436e-06
aco_current,7,7965,83,23,1,0.0,156.0,156.0,0.78,0.312997430562973,False,False,0.0,156.0,0.0,[],0.0,0.0,0,0.0,0,2.1249999946348908e-06
aco_current,7,7965,83,23,2,0.0,0.0,0.0,0.0,0.09907747060060501,False,False,0.0,0.0,0.0,[],0.0,0.0,0,0.0,0,2.1249999946348908e-06
aco_current,7,7965,83,23,3,0.0,0.0,0.0,0.0,0.43936213850975037,False,False,0.0,0.0,0.0,[],0.0,0.0,0,0.0,0,2.1249999946348908e-06
aco_current,7,7965,83,23,4,0.0,0.0,0.0,0.0,0.20313307642936707,False,False,0.0,0.0,0.0,[],0.0,0.0,0,0.0,0,2.1249999946348908e-06
aco_current,7,7966,83,23,1,0.0,156.0,156.0,0.78,0.312997430562973,False,False,0.0,156.0,0.0,[],0.0,0.0,0,0.0,0,2.0840000019006766e-06
aco_current,7,7966,83,23,2,0.0,0.0,0.0,0.0,0.09907747060060501,False,False,0.0,0.0,0.0,[],0.0,0.0,0,0.0,0,2.0840000019006766e-06
aco_current,7,7966,83,23,3,0.0,0.0,0.0,0.0,0.43936213850975037,False,False,0.0,0.0,0.0,[],0.0,0.0,0,0.0,0,2.0840000019006766e-06
aco_current,7,7966,83,23,4,0.0,0.0,0.0,0.0,0.20313307642936707,False,False,0.0,0.0,0.0,[],0.0,0.0,0,0.0,0,2.0840000019006766e-06
aco_current,7,7967,83,23,1,0.0,156.0,156.0,0.78,0.312997430562973,False,False,0.0,156.0,0.0,[],0.0,0.0,0,0.0,0,2.207999997949628e-06
aco_current,7,7967,83,23,2,0.0,0.0,0.0,0.0,0.09907747060060501,False,False,0.0,0.0,0.0,[],0.0,0.0,0,0.0,0,2.207999997949628e-06
aco_current,7,7967,83,23,3,0.0,0.0,0.0,0.0,0.43936213850975037,False,False,0.0,0.0,0.0,[],0.0,0.0,0,0.0,0,2.207999997949628e-06
aco_current,7,7967,83,23,4,0.0,0.0,0.0,0.0,0.20313307642936707,False,False,0.0,0.0,0.0,[],0.0,0.0,0,0.0,0,2.207999997949628e-06
aco_current,7,7968,84,0,1,44.0,156.0,200.0,1.0,1.0,True,True,30.0,170.0,0.0,[1],10.0,10.0,1,10.0,0,0.009797333000008734
aco_current,7,7968,84,0,2,0.0,0.0,0.0,0.0,0.09907747060060501,False,False,0.0,0.0,0.0,[],10.0,10.0,1,10.0,0,0.009797333000008734
aco_current,7,7968,84,0,3,0.0,0.0,0.0,0.0,0.43936213850975037,False,False,0.0,0.0,0.0,[],10.0,10.0,1,10.0,0,0.009797333000008734
aco_current,7,7968,84,0,4,0.0,0.0,0.0,0.0,0.20313307642936707,False,False,0.0,0.0,0.0,[],10.0,10.0,1,10.0,0,0.009797333000008734
aco_current,7,7969,84,0,1,38.0,170.0,208.0,1.04,1.0,True,True,30.0,178.0,0.0,[1],10.0,10.0,1,10.0,0,0.009652250000002027
aco_current,7,7969,84,0,2,0.0,0.0,0.0,0.0,0.09907747060060501,False,False,0.0,0.0,0.0,[],10.0,10.0,1,10.0,0,0.009652250000002027
aco_current,7,7969,84,0,3,0.0,0.0,0.0,0.0,0.43936213850975037,False,False,0.0,0.0,0.0,[],10.0,10.0,1,10.0,0,0.009652250000002027
aco_current,7,7969,84,0,4,0.0,0.0,0.0,0.0,0.20313307642936707,False,False,0.0,0.0,0.0,[],10.0,10.0,1,10.0,0,0.009652250000002027
aco_current,7,7970,84,0,1,33.0,178.0,211.0,1.055,1.0,True,True,30.0,181.0,0.0,[1],10.0,10.0,1,10.0,0,0.009697541999997839
aco_current,7,7970,84,0,2,0.0,0.0,0.0,0.0,0.09907747060060501,False,False,0.0,0.0,0.0,[],10.0,10.0,1,10.0,0,0.009697541999997839
aco_current,7,7970,84,0,3,0.0,0.0,0.0,0.0,0.43936213850975037,False,False,0.0,0.0,0.0,[],10.0,10.0,1,10.0,0,0.009697541999997839
aco_current,7,7970,84,0,4,0.0,0.0,0.0,0.0,0.20313307642936707,False,False,0.0,0.0,0.0,[],10.0,10.0,1,10.0,0,0.009697541999997839
aco_current,7,7971,84,0,1,21.0,181.0,202.0,1.01,1.0,True,True,30.0,172.0,0.0,[1],10.0,10.0,1,10.0,0,0.009547792000006439
aco_current,7,7971,84,0,2,0.0,0.0,0.0,0.0,0.09907747060060501,False,False,0.0,0.0,0.0,[],10.0,10.0,1,10.0,0,0.009547792000006439
aco_current,7,7971,84,0,3,0.0,0.0,0.0,0.0,0.43936213850975037,False,False,0.0,0.0,0.0,[],10.0,10.0,1,10.0,0,0.009547792000006439
aco_current,7,7971,84,0,4,0.0,0.0,0.0,0.0,0.20313307642936707,False,False,0.0,0.0,0.0,[],10.0,10.0,1,10.0,0,0.009547792000006439
aco_current,7,7972,84,1,1,23.0,172.0,195.0,0.975,1.0,True,True,30.0,165.0,0.0,[1],10.0,10.0,1,10.0,0,0.009470540999998889
aco_current,7,7972,84,1,2,0.0,0.0,0.0,0.0,0.09907747060060501,False,False,0.0,0.0,0.0,[],10.0,10.0,1,10.0,0,0.009470540999998889
aco_current,7,7972,84,1,3,0.0,0.0,0.0,0.0,0.43936213850975037,False,False,0.0,0.0,0.0,[],10.0,10.0,1,10.0,0,0.009470540999998889
aco_current,7,7972,84,1,4,0.0,0.0,0.0,0.0,0.20313307642936707,False,False,0.0,0.0,0.0,[],10.0,10.0,1,10.0,0,0.009470540999998889
aco_current,7,7973,84,1,1,22.0,165.0,187.0,0.935,1.0,True,True,30.0,157.0,0.0,[1],10.0,10.0,1,10.0,0,0.009532541999988098
aco_current,7,7973,84,1,2,0.0,0.0,0.0,0.0,0.09907747060060501,False,False,0.0,0.0,0.0,[],10.0,10.0,1,10.0,0,0.009532541999988098
aco_current,7,7973,84,1,3,0.0,0.0,0.0,0.0,0.43936213850975037,False,False,0.0,0.0,0.0,[],10.0,10.0,1,10.0,0,0.009532541999988098
aco_current,7,7973,84,1,4,0.0,0.0,0.0,0.0,0.20313307642936707,False,False,0.0,0.0,0.0,[],10.0,10.0,1,10.0,0,0.009532541999988098
aco_current,7,7974,84,1,1,24.0,157.0,181.0,0.905,1.0,True,True,30.0,151.0,0.0,[1],10.0,10.0,1,10.0,0,0.009599334000000681
aco_current,7,7974,84,1,2,0.0,0.0,0.0,0.0,0.09907747060060501,False,False,0.0,0.0,0.0,[],10.0,10.0,1,10.0,0,0.009599334000000681
aco_current,7,7974,84,1,3,0.0,0.0,0.0,0.0,0.43936213850975037,False,False,0.0,0.0,0.0,[],10.0,10.0,1,10.0,0,0.009599334000000681
aco_current,7,7974,84,1,4,0.0,0.0,0.0,0.0,0.20313307642936707,False,False,0.0,0.0,0.0,[],10.0,10.0,1,10.0,0,0.009599334000000681
aco_current,7,7975,84,1,1,28.0,151.0,179.0,0.895,1.0,True,True,30.0,149.0,0.0,[1],10.0,10.0,1,10.0,0,0.00967133400000364
aco_current,7,7975,84,1,2,0.0,0.0,0.0,0.0,0.09907747060060501,False,False,0.0,0.0,0.0,[],10.0,10.0,1,10.0,0,0.00967133400000364
aco_current,7,7975,84,1,3,0.0,0.0,0.0,0.0,0.43936213850975037,False,False,0.0,0.0,0.0,[],10.0,10.0,1,10.0,0,0.00967133400000364
aco_current,7,7975,84,1,4,0.0,0.0,0.0,0.0,0.20313307642936707,False,False,0.0,0.0,0.0,[],10.0,10.0,1,10.0,0,0.00967133400000364
aco_current,7,7976,84,2,1,30.0,149.0,179.0,0.895,1.0,True,True,30.0,149.0,0.0,[1],10.0,10.0,1,10.0,0,0.009691000000003669
aco_current,7,7976,84,2,2,0.0,0.0,0.0,0.0,0.09907747060060501,False,False,0.0,0.0,0.0,[],10.0,10.0,1,10.0,0,0.009691000000003669
aco_current,7,7976,84,2,3,0.0,0.0,0.0,0.0,0.43936213850975037,False,False,0.0,0.0,0.0,[],10.0,10.0,1,10.0,0,0.009691000000003669
aco_current,7,7976,84,2,4,0.0,0.0,0.0,0.0,0.20313307642936707,False,False,0.0,0.0,0.0,[],10.0,10.0,1,10.0,0,0.009691000000003669
aco_current,7,7977,84,2,1,32.0,149.0,181.0,0.905,1.0,True,True,30.0,151.0,0.0,[1],10.0,10.0,1,10.0,0,0.00939750000000572
aco_current,7,7977,84,2,2,0.0,0.0,0.0,0.0,0.09907747060060501,False,False,0.0,0.0,0.0,[],10.0,10.0,1,10.0,0,0.00939750000000572
aco_current,7,7977,84,2,3,0.0,0.0,0.0,0.0,0.43936213850975037,False,False,0.0,0.0,0.0,[],10.0,10.0,1,10.0,0,0.00939750000000572
aco_current,7,7977,84,2,4,0.0,0.0,0.0,0.0,0.20313307642936707,False,False,0.0,0.0,0.0,[],10.0,10.0,1,10.0,0,0.00939750000000572
aco_current,7,7978,84,2,1,27.0,151.0,178.0,0.89,1.0,True,True,30.0,148.0,0.0,[1],10.0,10.0,1,10.0,0,0.009509167000004481
aco_current,7,7978,84,2,2,0.0,0.0,0.0,0.0,0.09907747060060501,False,False,0.0,0.0,0.0,[],10.0,10.0,1,10.0,0,0.009509167000004481
aco_current,7,7978,84,2,3,0.0,0.0,0.0,0.0,0.43936213850975037,False,False,0.0,0.0,0.0,[],10.0,10.0,1,10.0,0,0.009509167000004481
aco_current,7,7978,84,2,4,0.0,0.0,0.0,0.0,0.20313307642936707,False,False,0.0,0.0,0.0,[],10.0,10.0,1,10.0,0,0.009509167000004481
aco_current,7,7979,84,2,1,26.0,148.0,174.0,0.87,0.9999998211860657,True,True,30.0,144.0,0.0,[1],10.0,10.0,1,10.0,0,0.009628417000001832
aco_current,7,7979,84,2,2,0.0,0.0,0.0,0.0,0.09907747060060501,False,False,0.0,0.0,0.0,[],10.0,10.0,1,10.0,0,0.009628417000001832
aco_current,7,7979,84,2,3,0.0,0.0,0.0,0.0,0.43936213850975037,False,False,0.0,0.0,0.0,[],10.0,10.0,1,10.0,0,0.009628417000001832
aco_current,7,7979,84,2,4,0.0,0.0,0.0,0.0,0.20313307642936707,False,False,0.0,0.0,0.0,[],10.0,10.0,1,10.0,0,0.009628417000001832
aco_current,7,7980,84,3,1,24.0,144.0,168.0,0.84,0.9999985098838806,True,True,30.0,138.0,0.0,[1],10.0,10.0,1,10.0,0,0.009651249999990341
aco_current,7,7980,84,3,2,0.0,0.0,0.0,0.0,0.09907747060060501,False,False,0.0,0.0,0.0,[],10.0,10.0,1,10.0,0,0.009651249999990341
aco_current,7,7980,84,3,3,0.0,0.0,0.0,0.0,0.43936213850975037,False,False,0.0,0.0,0.0,[],10.0,10.0,1,10.0,0,0.009651249999990341
aco_current,7,7980,84,3,4,0.0,0.0,0.0,0.0,0.20313307642936707,False,False,0.0,0.0,0.0,[],10.0,10.0,1,10.0,0,0.009651249999990341
aco_current,7,7981,84,3,1,26.0,138.0,164.0,0.82,0.9999977350234985,True,True,30.0,134.0,0.0,[1],10.0,10.0,1,10.0,0,0.009735749999990162
aco_current,7,7981,84,3,2,0.0,0.0,0.0,0.0,0.09907747060060501,False,False,0.0,0.0,0.0,[],10.0,10.0,1,10.0,0,0.009735749999990162
aco_current,7,7981,84,3,3,0.0,0.0,0.0,0.0,0.43936213850975037,False,False,0.0,0.0,0.0,[],10.0,10.0,1,10.0,0,0.009735749999990162
aco_current,7,7981,84,3,4,0.0,0.0,0.0,0.0,0.20313307642936707,False,False,0.0,0.0,0.0,[],10.0,10.0,1,10.0,0,0.009735749999990162
aco_current,7,7982,84,3,1,27.0,134.0,161.0,0.805,0.9999964237213135,True,True,30.0,131.0,0.0,[1],10.0,10.0,1,10.0,0,0.009563958000001094
aco_current,7,7982,84,3,2,0.0,0.0,0.0,0.0,0.09907747060060501,False,False,0.0,0.0,0.0,[],10.0,10.0,1,10.0,0,0.009563958000001094
aco_current,7,7982,84,3,3,0.0,0.0,0.0,0.0,0.43936213850975037,False,False,0.0,0.0,0.0,[],10.0,10.0,1,10.0,0,0.009563958000001094
aco_current,7,7982,84,3,4,0.0,0.0,0.0,0.0,0.20313307642936707,False,False,0.0,0.0,0.0,[],10.0,10.0,1,10.0,0,0.009563958000001094
aco_current,7,7983,84,3,1,27.0,131.0,158.0,0.79,0.9999921321868896,False,False,0.0,158.0,0.0,[],0.0,0.0,0,0.0,0,2.9170000033218457e-06
aco_current,7,7983,84,3,2,0.0,0.0,0.0,0.0,0.09907747060060501,False,False,0.0,0.0,0.0,[],0.0,0.0,0,0.0,0,2.9170000033218457e-06
aco_current,7,7983,84,3,3,0.0,0.0,0.0,0.0,0.43936213850975037,False,False,0.0,0.0,0.0,[],0.0,0.0,0,0.0,0,2.9170000033218457e-06
aco_current,7,7983,84,3,4,0.0,0.0,0.0,0.0,0.20313307642936707,False,False,0.0,0.0,0.0,[],0.0,0.0,0,0.0,0,2.9170000033218457e-06
aco_current,7,7984,84,4,1,26.0,158.0,184.0,0.92,1.0,True,True,30.0,154.0,0.0,[1],10.0,10.0,1,10.0,0,0.009583917000000497
aco_current,7,7984,84,4,2,0.0,0.0,0.0,0.0,0.09907747060060501,False,False,0.0,0.0,0.0,[],10.0,10.0,1,10.0,0,0.009583917000000497
aco_current,7,7984,84,4,3,0.0,0.0,0.0,0.0,0.43936213850975037,False,False,0.0,0.0,0.0,[],10.0,10.0,1,10.0,0,0.009583917000000497
aco_current,7,7984,84,4,4,0.0,0.0,0.0,0.0,0.20313307642936707,False,False,0.0,0.0,0.0,[],10.0,10.0,1,10.0,0,0.009583917000000497
aco_current,7,7985,84,4,1,26.0,154.0,180.0,0.9,1.0,True,True,30.0,150.0,0.0,[1],10.0,10.0,1,10.0,0,0.009549042000003283
aco_current,7,7985,84,4,2,0.0,0.0,0.0,0.0,0.09907747060060501,False,False,0.0,0.0,0.0,[],10.0,10.0,1,10.0,0,0.009549042000003283
aco_current,7,7985,84,4,3,0.0,0.0,0.0,0.0,0.43936213850975037,False,False,0.0,0.0,0.0,[],10.0,10.0,1,10.0,0,0.009549042000003283
aco_current,7,7985,84,4,4,0.0,0.0,0.0,0.0,0.20313307642936707,False,False,0.0,0.0,0.0,[],10.0,10.0,1,10.0,0,0.009549042000003283
aco_current,7,7986,84,4,1,27.0,150.0,177.0,0.885,1.0,True,True,30.0,147.0,0.0,[1],10.0,10.0,1,10.0,0,0.009708750000001487
aco_current,7,7986,84,4,2,0.0,0.0,0.0,0.0,0.09907747060060501,False,False,0.0,0.0,0.0,[],10.0,10.0,1,10.0,0,0.009708750000001487
aco_current,7,7986,84,4,3,0.0,0.0,0.0,0.0,0.43936213850975037,False,False,0.0,0.0,0.0,[],10.0,10.0,1,10.0,0,0.009708750000001487
aco_current,7,7986,84,4,4,0.0,0.0,0.0,0.0,0.20313307642936707,False,False,0.0,0.0,0.0,[],10.0,10.0,1,10.0,0,0.009708750000001487
aco_current,7,7987,84,4,1,31.0,147.0,178.0,0.89,1.0,True,True,30.0,148.0,0.0,[1],10.0,10.0,1,10.0,0,0.009886041000001455
aco_current,7,7987,84,4,2,0.0,0.0,0.0,0.0,0.09907747060060501,False,False,0.0,0.0,0.0,[],10.0,10.0,1,10.0,0,0.009886041000001455
aco_current,7,7987,84,4,3,0.0,0.0,0.0,0.0,0.43936213850975037,False,False,0.0,0.0,0.0,[],10.0,10.0,1,10.0,0,0.009886041000001455
aco_current,7,7987,84,4,4,0.0,0.0,0.0,0.0,0.20313307642936707,False,False,0.0,0.0,0.0,[],10.0,10.0,1,10.0,0,0.009886041000001455
aco_current,7,7988,84,5,1,31.0,148.0,179.0,0.895,1.0,True,True,30.0,149.0,0.0,[1],10.0,10.0,1,10.0,0,0.009637707999999634
aco_current,7,7988,84,5,2,0.0,0.0,0.0,0.0,0.09907747060060501,False,False,0.0,0.0,0.0,[],10.0,10.0,1,10.0,0,0.009637707999999634
aco_current,7,7988,84,5,3,0.0,0.0,0.0,0.0,0.43936213850975037,False,False,0.0,0.0,0.0,[],10.0,10.0,1,10.0,0,0.009637707999999634
aco_current,7,7988,84,5,4,0.0,0.0,0.0,0.0,0.20313307642936707,False,False,0.0,0.0,0.0,[],10.0,10.0,1,10.0,0,0.009637707999999634
aco_current,7,7989,84,5,1,31.0,149.0,180.0,0.9,1.0,True,True,30.0,150.0,0.0,[1],10.0,10.0,1,10.0,0,0.01007945800000698
aco_current,7,7989,84,5,2,0.0,0.0,0.0,0.0,0.09907747060060501,False,False,0.0,0.0,0.0,[],10.0,10.0,1,10.0,0,0.01007945800000698
aco_current,7,7989,84,5,3,0.0,0.0,0.0,0.0,0.43936213850975037,False,False,0.0,0.0,0.0,[],10.0,10.0,1,10.0,0,0.01007945800000698
aco_current,7,7989,84,5,4,0.0,0.0,0.0,0.0,0.20313307642936707,False,False,0.0,0.0,0.0,[],10.0,10.0,1,10.0,0,0.01007945800000698
aco_current,7,7990,84,5,1,31.0,150.0,181.0,0.905,1.0,True,True,30.0,151.0,0.0,[1],10.0,10.0,1,10.0,0,0.010055582999996204
aco_current,7,7990,84,5,2,0.0,0.0,0.0,0.0,0.09907747060060501,False,False,0.0,0.0,0.0,[],10.0,10.0,1,10.0,0,0.010055582999996204
aco_current,7,7990,84,5,3,0.0,0.0,0.0,0.0,0.43936213850975037,False,False,0.0,0.0,0.0,[],10.0,10.0,1,10.0,0,0.010055582999996204
aco_current,7,7990,84,5,4,0.0,0.0,0.0,0.0,0.20313307642936707,False,False,0.0,0.0,0.0,[],10.0,10.0,1,10.0,0,0.010055582999996204
aco_current,7,7991,84,5,1,30.0,151.0,181.0,0.905,1.0,True,True,30.0,151.0,0.0,[1],10.0,10.0,1,10.0,0,0.009561875000002829
aco_current,7,7991,84,5,2,0.0,0.0,0.0,0.0,0.09907747060060501,False,False,0.0,0.0,0.0,[],10.0,10.0,1,10.0,0,0.009561875000002829
aco_current,7,7991,84,5,3,0.0,0.0,0.0,0.0,0.43936213850975037,False,False,0.0,0.0,0.0,[],10.0,10.0,1,10.0,0,0.009561875000002829
aco_current,7,7991,84,5,4,0.0,0.0,0.0,0.0,0.20313307642936707,False,False,0.0,0.0,0.0,[],10.0,10.0,1,10.0,0,0.009561875000002829
aco_current,7,7992,84,6,1,28.0,151.0,179.0,0.895,1.0,True,True,30.0,149.0,0.0,[1],10.0,10.0,1,10.0,0,0.009618041999999605
aco_current,7,7992,84,6,2,0.0,0.0,0.0,0.0,0.09907747060060501,False,False,0.0,0.0,0.0,[],10.0,10.0,1,10.0,0,0.009618041999999605
aco_current,7,7992,84,6,3,0.0,0.0,0.0,0.0,0.43936213850975037,False,False,0.0,0.0,0.0,[],10.0,10.0,1,10.0,0,0.009618041999999605
aco_current,7,7992,84,6,4,0.0,0.0,0.0,0.0,0.20313307642936707,False,False,0.0,0.0,0.0,[],10.0,10.0,1,10.0,0,0.009618041999999605
aco_current,7,7993,84,6,1,28.0,149.0,177.0,0.885,1.0,True,True,30.0,147.0,0.0,[1],10.0,10.0,1,10.0,0,0.00995579199999952
aco_current,7,7993,84,6,2,0.0,0.0,0.0,0.0,0.09907747060060501,False,False,0.0,0.0,0.0,[],10.0,10.0,1,10.0,0,0.00995579199999952
aco_current,7,7993,84,6,3,0.0,0.0,0.0,0.0,0.43936213850975037,False,False,0.0,0.0,0.0,[],10.0,10.0,1,10.0,0,0.00995579199999952
aco_current,7,7993,84,6,4,0.0,0.0,0.0,0.0,0.20313307642936707,False,False,0.0,0.0,0.0,[],10.0,10.0,1,10.0,0,0.00995579199999952
aco_current,7,7994,84,6,1,28.0,147.0,175.0,0.875,0.9999999403953552,True,True,30.0,145.0,0.0,[1],10.0,10.0,1,10.0,0,0.010096458000006692
aco_current,7,7994,84,6,2,0.0,0.0,0.0,0.0,0.09907747060060501,False,False,0.0,0.0,0.0,[],10.0,10.0,1,10.0,0,0.010096458000006692
aco_current,7,7994,84,6,3,0.0,0.0,0.0,0.0,0.43936213850975037,False,False,0.0,0.0,0.0,[],10.0,10.0,1,10.0,0,0.010096458000006692
aco_current,7,7994,84,6,4,0.0,0.0,0.0,0.0,0.20313307642936707,False,False,0.0,0.0,0.0,[],10.0,10.0,1,10.0,0,0.010096458000006692
aco_current,7,7995,84,6,1,26.0,145.0,171.0,0.855,0.9999996423721313,True,True,30.0,141.0,0.0,[1],10.0,10.0,1,10.0,0,0.009694542000005413
aco_current,7,7995,84,6,2,0.0,0.0,0.0,0.0,0.09907747060060501,False,False,0.0,0.0,0.0,[],10.0,10.0,1,10.0,0,0.009694542000005413
aco_current,7,7995,84,6,3,0.0,0.0,0.0,0.0,0.43936213850975037,False,False,0.0,0.0,0.0,[],10.0,10.0,1,10.0,0,0.009694542000005413
aco_current,7,7995,84,6,4,0.0,0.0,0.0,0.0,0.20313307642936707,False,False,0.0,0.0,0.0,[],10.0,10.0,1,10.0,0,0.009694542000005413
aco_current,7,7996,84,7,1,29.0,141.0,170.0,0.85,0.9999998211860657,True,True,30.0,140.0,0.0,[1],10.0,10.0,1,10.0,0,0.010112707999994086
aco_current,7,7996,84,7,2,0.0,0.0,0.0,0.0,0.09907747060060501,False,False,0.0,0.0,0.0,[],10.0,10.0,1,10.0,0,0.010112707999994086
aco_current,7,7996,84,7,3,0.0,0.0,0.0,0.0,0.43936213850975037,False,False,0.0,0.0,0.0,[],10.0,10.0,1,10.0,0,0.010112707999994086
aco_current,7,7996,84,7,4,0.0,0.0,0.0,0.0,0.20313307642936707,False,False,0.0,0.0,0.0,[],10.0,10.0,1,10.0,0,0.010112707999994086
aco_current,7,7997,84,7,1,27.0,140.0,167.0,0.835,0.9999992847442627,True,True,30.0,137.0,0.0,[1],10.0,10.0,1,10.0,0,0.009704957999986163
aco_current,7,7997,84,7,2,0.0,0.0,0.0,0.0,0.09907747060060501,False,False,0.0,0.0,0.0,[],10.0,10.0,1,10.0,0,0.009704957999986163
aco_current,7,7997,84,7,3,0.0,0.0,0.0,0.0,0.43936213850975037,False,False,0.0,0.0,0.0,[],10.0,10.0,1,10.0,0,0.009704957999986163
aco_current,7,7997,84,7,4,0.0,0.0,0.0,0.0,0.20313307642936707,False,False,0.0,0.0,0.0,[],10.0,10.0,1,10.0,0,0.009704957999986163
aco_current,7,7998,84,7,1,28.0,137.0,165.0,0.825,0.9999991655349731,True,True,30.0,135.0,0.0,[1],10.0,10.0,1,10.0,0,0.009577832999994484
aco_current,7,7998,84,7,2,0.0,0.0,0.0,0.0,0.09907747060060501,False,False,0.0,0.0,0.0,[],10.0,10.0,1,10.0,0,0.009577832999994484
aco_current,7,7998,84,7,3,0.0,0.0,0.0,0.0,0.43936213850975037,False,False,0.0,0.0,0.0,[],10.0,10.0,1,10.0,0,0.009577832999994484
aco_current,7,7998,84,7,4,0.0,0.0,0.0,0.0,0.20313307642936707,False,False,0.0,0.0,0.0,[],10.0,10.0,1,10.0,0,0.009577832999994484
aco_current,7,7999,84,7,1,27.0,135.0,162.0,0.81,0.9999973177909851,True,True,30.0,132.0,0.0,[1],10.0,10.0,1,10.0,0,0.009540250000000583
aco_current,7,7999,84,7,2,0.0,0.0,0.0,0.0,0.09907747060060501,False,False,0.0,0.0,0.0,[],10.0,10.0,1,10.0,0,0.009540250000000583
aco_current,7,7999,84,7,3,0.0,0.0,0.0,0.0,0.43936213850975037,False,False,0.0,0.0,0.0,[],10.0,10.0,1,10.0,0,0.009540250000000583
aco_current,7,7999,84,7,4,0.0,0.0,0.0,0.0,0.20313307642936707,False,False,0.0,0.0,0.0,[],10.0,10.0,1,10.0,0,0.009540250000000583
aco_current,7,8000,84,8,1,29.0,132.0,161.0,0.805,0.9999982714653015,True,True,30.0,131.0,0.0,[1],10.0,10.0,1,10.0,0,0.009492749999992611
aco_current,7,8000,84,8,2,0.0,0.0,0.0,0.0,0.09907747060060501,False,False,0.0,0.0,0.0,[],10.0,10.0,1,10.0,0,0.009492749999992611
aco_current,7,8000,84,8,3,0.0,0.0,0.0,0.0,0.43936213850975037,False,False,0.0,0.0,0.0,[],10.0,10.0,1,10.0,0,0.009492749999992611
aco_current,7,8000,84,8,4,0.0,0.0,0.0,0.0,0.20313307642936707,False,False,0.0,0.0,0.0,[],10.0,10.0,1,10.0,0,0.009492749999992611
aco_current,7,8001,84,8,1,27.0,131.0,158.0,0.79,0.9999921917915344,False,False,0.0,158.0,0.0,[],0.0,0.0,0,0.0,0,3.500000005374204e-06
aco_current,7,8001,84,8,2,0.0,0.0,0.0,0.0,0.09907747060060501,False,False,0.0,0.0,0.0,[],0.0,0.0,0,0.0,0,3.500000005374204e-06
aco_current,7,8001,84,8,3,0.0,0.0,0.0,0.0,0.43936213850975037,False,False,0.0,0.0,0.0,[],0.0,0.0,0,0.0,0,3.500000005374204e-06
aco_current,7,8001,84,8,4,0.0,0.0,0.0,0.0,0.20313307642936707,False,False,0.0,0.0,0.0,[],0.0,0.0,0,0.0,0,3.500000005374204e-06
aco_current,7,8002,84,8,1,28.0,158.0,186.0,0.93,1.0,True,True,30.0,156.0,0.0,[1],10.0,10.0,1,10.0,0,0.009651333000007867
aco_current,7,8002,84,8,2,0.0,0.0,0.0,0.0,0.09907747060060501,False,False,0.0,0.0,0.0,[],10.0,10.0,1,10.0,0,0.009651333000007867
aco_current,7,8002,84,8,3,0.0,0.0,0.0,0.0,0.43936213850975037,False,False,0.0,0.0,0.0,[],10.0,10.0,1,10.0,0,0.009651333000007867
aco_current,7,8002,84,8,4,0.0,0.0,0.0,0.0,0.20313307642936707,False,False,0.0,0.0,0.0,[],10.0,10.0,1,10.0,0,0.009651333000007867
aco_current,7,8003,84,8,1,27.0,156.0,183.0,0.915,1.0,True,True,30.0,153.0,0.0,[1],10.0,10.0,1,10.0,0,0.009658917000010092
aco_current,7,8003,84,8,2,0.0,0.0,0.0,0.0,0.09907747060060501,False,False,0.0,0.0,0.0,[],10.0,10.0,1,10.0,0,0.009658917000010092
aco_current,7,8003,84,8,3,0.0,0.0,0.0,0.0,0.43936213850975037,False,False,0.0,0.0,0.0,[],10.0,10.0,1,10.0,0,0.009658917000010092
aco_current,7,8003,84,8,4,0.0,0.0,0.0,0.0,0.20313307642936707,False,False,0.0,0.0,0.0,[],10.0,10.0,1,10.0,0,0.009658917000010092
aco_current,7,8004,84,9,1,28.0,153.0,181.0,0.905,1.0,True,True,30.0,151.0,0.0,[1],10.0,10.0,1,10.0,0,0.009535959000004368
aco_current,7,8004,84,9,2,0.0,0.0,0.0,0.0,0.09907747060060501,False,False,0.0,0.0,0.0,[],10.0,10.0,1,10.0,0,0.009535959000004368
aco_current,7,8004,84,9,3,0.0,0.0,0.0,0.0,0.43936213850975037,False,False,0.0,0.0,0.0,[],10.0,10.0,1,10.0,0,0.009535959000004368
aco_current,7,8004,84,9,4,0.0,0.0,0.0,0.0,0.20313307642936707,False,False,0.0,0.0,0.0,[],10.0,10.0,1,10.0,0,0.009535959000004368
aco_current,7,8005,84,9,1,29.0,151.0,180.0,0.9,1.0,True,True,30.0,150.0,0.0,[1],10.0,10.0,1,10.0,0,0.009529749999998671
aco_current,7,8005,84,9,2,0.0,0.0,0.0,0.0,0.09907747060060501,False,False,0.0,0.0,0.0,[],10.0,10.0,1,10.0,0,0.009529749999998671
aco_current,7,8005,84,9,3,0.0,0.0,0.0,0.0,0.43936213850975037,False,False,0.0,0.0,0.0,[],10.0,10.0,1,10.0,0,0.009529749999998671
aco_current,7,8005,84,9,4,0.0,0.0,0.0,0.0,0.20313307642936707,False,False,0.0,0.0,0.0,[],10.0,10.0,1,10.0,0,0.009529749999998671
aco_current,7,8006,84,9,1,28.0,150.0,178.0,0.89,1.0,True,True,30.0,148.0,0.0,[1],10.0,10.0,1,10.0,0,0.00976137499999652
aco_current,7,8006,84,9,2,0.0,0.0,0.0,0.0,0.09907747060060501,False,False,0.0,0.0,0.0,[],10.0,10.0,1,10.0,0,0.00976137499999652
aco_current,7,8006,84,9,3,0.0,0.0,0.0,0.0,0.43936213850975037,False,False,0.0,0.0,0.0,[],10.0,10.0,1,10.0,0,0.00976137499999652
aco_current,7,8006,84,9,4,0.0,0.0,0.0,0.0,0.20313307642936707,False,False,0.0,0.0,0.0,[],10.0,10.0,1,10.0,0,0.00976137499999652
aco_current,7,8007,84,9,1,25.0,148.0,173.0,0.865,0.9999997019767761,True,True,30.0,143.0,0.0,[1],10.0,10.0,1,10.0,0,0.009472833000003789
aco_current,7,8007,84,9,2,0.0,0.0,0.0,0.0,0.09907747060060501,False,False,0.0,0.0,0.0,[],10.0,10.0,1,10.0,0,0.009472833000003789
aco_current,7,8007,84,9,3,0.0,0.0,0.0,0.0,0.43936213850975037,False,False,0.0,0.0,0.0,[],10.0,10.0,1,10.0,0,0.009472833000003789
aco_current,7,8007,84,9,4,0.0,0.0,0.0,0.0,0.20313307642936707,False,False,0.0,0.0,0.0,[],10.0,10.0,1,10.0,0,0.009472833000003789
aco_current,7,8008,84,10,1,17.0,143.0,160.0,0.8,0.999851644039154,True,True,30.0,130.0,0.0,[1],10.0,10.0,1,10.0,0,0.009625040999992507
aco_current,7,8008,84,10,2,0.0,0.0,0.0,0.0,0.09907747060060501,False,False,0.0,0.0,0.0,[],10.0,10.0,1,10.0,0,0.009625040999992507
aco_current,7,8008,84,10,3,0.0,0.0,0.0,0.0,0.43936213850975037,False,False,0.0,0.0,0.0,[],10.0,10.0,1,10.0,0,0.009625040999992507
aco_current,7,8008,84,10,4,0.0,0.0,0.0,0.0,0.20313307642936707,False,False,0.0,0.0,0.0,[],10.0,10.0,1,10.0,0,0.009625040999992507
aco_current,7,8009,84,10,1,16.0,130.0,146.0,0.73,0.9972118735313416,False,False,0.0,146.0,0.0,[],0.0,0.0,0,0.0,0,3.125000006320988e-06
aco_current,7,8009,84,10,2,0.0,0.0,0.0,0.0,0.09907747060060501,False,False,0.0,0.0,0.0,[],0.0,0.0,0,0.0,0,3.125000006320988e-06
aco_current,7,8009,84,10,3,0.0,0.0,0.0,0.0,0.43936213850975037,False,False,0.0,0.0,0.0,[],0.0,0.0,0,0.0,0,3.125000006320988e-06
aco_current,7,8009,84,10,4,0.0,0.0,0.0,0.0,0.20313307642936707,False,False,0.0,0.0,0.0,[],0.0,0.0,0,0.0,0,3.125000006320988e-06
aco_current,7,8010,84,10,1,17.0,146.0,163.0,0.815,0.9999247193336487,True,True,30.0,133.0,0.0,[1],10.0,10.0,1,10.0,0,0.009709416999996279
aco_current,7,8010,84,10,2,0.0,0.0,0.0,0.0,0.09907747060060501,False,False,0.0,0.0,0.0,[],10.0,10.0,1,10.0,0,0.009709416999996279
aco_current,7,8010,84,10,3,0.0,0.0,0.0,0.0,0.43936213850975037,False,False,0.0,0.0,0.0,[],10.0,10.0,1,10.0,0,0.009709416999996279
aco_current,7,8010,84,10,4,0.0,0.0,0.0,0.0,0.20313307642936707,False,False,0.0,0.0,0.0,[],10.0,10.0,1,10.0,0,0.009709416999996279
aco_current,7,8011,84,10,1,27.0,133.0,160.0,0.8,0.9999950528144836,True,True,30.0,130.0,0.0,[1],10.0,10.0,1,10.0,0,0.009859249999990993
aco_current,7,8011,84,10,2,0.0,0.0,0.0,0.0,0.09907747060060501,False,False,0.0,0.0,0.0,[],10.0,10.0,1,10.0,0,0.009859249999990993
aco_current,7,8011,84,10,3,0.0,0.0,0.0,0.0,0.43936213850975037,False,False,0.0,0.0,0.0,[],10.0,10.0,1,10.0,0,0.009859249999990993
aco_current,7,8011,84,10,4,0.0,0.0,0.0,0.0,0.20313307642936707,False,False,0.0,0.0,0.0,[],10.0,10.0,1,10.0,0,0.009859249999990993
aco_current,7,8012,84,11,1,40.0,130.0,170.0,0.85,1.0,True,True,30.0,140.0,0.0,[1],10.0,10.0,1,10.0,0,0.009983249999990562
aco_current,7,8012,84,11,2,0.0,0.0,0.0,0.0,0.09907747060060501,False,False,0.0,0.0,0.0,[],10.0,10.0,1,10.0,0,0.009983249999990562
aco_current,7,8012,84,11,3,0.0,0.0,0.0,0.0,0.43936213850975037,False,False,0.0,0.0,0.0,[],10.0,10.0,1,10.0,0,0.009983249999990562
aco_current,7,8012,84,11,4,0.0,0.0,0.0,0.0,0.20313307642936707,False,False,0.0,0.0,0.0,[],10.0,10.0,1,10.0,0,0.009983249999990562
aco_current,7,8013,84,11,1,40.0,140.0,180.0,0.9,1.0,True,True,30.0,150.0,0.0,[1],10.0,10.0,1,10.0,0,0.009693957999999725
aco_current,7,8013,84,11,2,0.0,0.0,0.0,0.0,0.09907747060060501,False,False,0.0,0.0,0.0,[],10.0,10.0,1,10.0,0,0.009693957999999725
aco_current,7,8013,84,11,3,0.0,0.0,0.0,0.0,0.43936213850975037,False,False,0.0,0.0,0.0,[],10.0,10.0,1,10.0,0,0.009693957999999725
aco_current,7,8013,84,11,4,0.0,0.0,0.0,0.0,0.20313307642936707,False,False,0.0,0.0,0.0,[],10.0,10.0,1,10.0,0,0.009693957999999725
aco_current,7,8014,84,11,1,35.0,150.0,185.0,0.925,1.0,True,True,30.0,155.0,0.0,[1],10.0,10.0,1,10.0,0,0.009664916000005519
aco_current,7,8014,84,11,2,0.0,0.0,0.0,0.0,0.09907747060060501,False,False,0.0,0.0,0.0,[],10.0,10.0,1,10.0,0,0.009664916000005519
aco_current,7,8014,84,11,3,0.0,0.0,0.0,0.0,0.43936213850975037,False,False,0.0,0.0,0.0,[],10.0,10.0,1,10.0,0,0.009664916000005519
aco_current,7,8014,84,11,4,0.0,0.0,0.0,0.0,0.20313307642936707,False,False,0.0,0.0,0.0,[],10.0,10.0,1,10.0,0,0.009664916000005519
aco_current,7,8015,84,11,1,30.0,155.0,185.0,0.925,1.0,True,True,30.0,155.0,0.0,[1],10.0,10.0,1,10.0,0,0.010122166999991578
aco_current,7,8015,84,11,2,0.0,0.0,0.0,0.0,0.09907747060060501,False,False,0.0,0.0,0.0,[],10.0,10.0,1,10.0,0,0.010122166999991578
aco_current,7,8015,84,11,3,0.0,0.0,0.0,0.0,0.43936213850975037,False,False,0.0,0.0,0.0,[],10.0,10.0,1,10.0,0,0.010122166999991578
aco_current,7,8015,84,11,4,0.0,0.0,0.0,0.0,0.20313307642936707,False,False,0.0,0.0,0.0,[],10.0,10.0,1,10.0,0,0.010122166999991578
aco_current,7,8016,84,12,1,23.0,155.0,178.0,0.89,0.9999998807907104,True,True,30.0,148.0,0.0,[1],10.0,10.0,1,10.0,0,0.011190541000004828
aco_current,7,8016,84,12,2,0.0,0.0,0.0,0.0,0.09907747060060501,False,False,0.0,0.0,0.0,[],10.0,10.0,1,10.0,0,0.011190541000004828
aco_current,7,8016,84,12,3,0.0,0.0,0.0,0.0,0.43936213850975037,False,False,0.0,0.0,0.0,[],10.0,10.0,1,10.0,0,0.011190541000004828
aco_current,7,8016,84,12,4,0.0,0.0,0.0,0.0,0.20313307642936707,False,False,0.0,0.0,0.0,[],10.0,10.0,1,10.0,0,0.011190541000004828
aco_current,7,8017,84,12,1,22.0,148.0,170.0,0.85,0.9999982118606567,True,True,30.0,140.0,0.0,[1],10.0,10.0,1,10.0,0,0.010549249999996846
aco_current,7,8017,84,12,2,0.0,0.0,0.0,0.0,0.09907747060060501,False,False,0.0,0.0,0.0,[],10.0,10.0,1,10.0,0,0.010549249999996846
aco_current,7,8017,84,12,3,0.0,0.0,0.0,0.0,0.43936213850975037,False,False,0.0,0.0,0.0,[],10.0,10.0,1,10.0,0,0.010549249999996846
aco_current,7,8017,84,12,4,0.0,0.0,0.0,0.0,0.20313307642936707,False,False,0.0,0.0,0.0,[],10.0,10.0,1,10.0,0,0.010549249999996846
aco_current,7,8018,84,12,1,21.0,140.0,161.0,0.805,0.999971330165863,True,True,30.0,131.0,0.0,[1],10.0,10.0,1,10.0,0,0.01233633299999326
aco_current,7,8018,84,12,2,0.0,0.0,0.0,0.0,0.09907747060060501,False,False,0.0,0.0,0.0,[],10.0,10.0,1,10.0,0,0.01233633299999326
aco_current,7,8018,84,12,3,0.0,0.0,0.0,0.0,0.43936213850975037,False,False,0.0,0.0,0.0,[],10.0,10.0,1,10.0,0,0.01233633299999326
aco_current,7,8018,84,12,4,0.0,0.0,0.0,0.0,0.20313307642936707,False,False,0.0,0.0,0.0,[],10.0,10.0,1,10.0,0,0.01233633299999326
aco_current,7,8019,84,12,1,21.0,131.0,152.0,0.76,0.9997714161872864,False,False,0.0,152.0,0.0,[],0.0,0.0,0,0.0,0,3.915999997161634e-06
aco_current,7,8019,84,12,2,0.0,0.0,0.0,0.0,0.09907747060060501,False,False,0.0,0.0,0.0,[],0.0,0.0,0,0.0,0,3.915999997161634e-06
aco_current,7,8019,84,12,3,0.0,0.0,0.0,0.0,0.43936213850975037,False,False,0.0,0.0,0.0,[],0.0,0.0,0,0.0,0,3.915999997161634e-06
aco_current,7,8019,84,12,4,0.0,0.0,0.0,0.0,0.20313307642936707,False,False,0.0,0.0,0.0,[],0.0,0.0,0,0.0,0,3.915999997161634e-06
aco_current,7,8020,84,13,1,21.0,152.0,173.0,0.865,0.9999986886978149,True,True,30.0,143.0,0.0,[1],10.0,10.0,1,10.0,0,0.010369249999996555
aco_current,7,8020,84,13,2,0.0,0.0,0.0,0.0,0.09907747060060501,False,False,0.0,0.0,0.0,[],10.0,10.0,1,10.0,0,0.010369249999996555
aco_current,7,8020,84,13,3,0.0,0.0,0.0,0.0,0.43936213850975037,False,False,0.0,0.0,0.0,[],10.0,10.0,1,10.0,0,0.010369249999996555
aco_current,7,8020,84,13,4,0.0,0.0,0.0,0.0,0.20313307642936707,False,False,0.0,0.0,0.0,[],10.0,10.0,1,10.0,0,0.010369249999996555
aco_current,7,8021,84,13,1,21.0,143.0,164.0,0.82,0.9999862909317017,True,True,30.0,134.0,0.0,[1],10.0,10.0,1,10.0,0,0.01064179200000126
aco_current,7,8021,84,13,2,0.0,0.0,0.0,0.0,0.09907747060060501,False,False,0.0,0.0,0.0,[],10.0,10.0,1,10.0,0,0.01064179200000126
aco_current,7,8021,84,13,3,0.0,0.0,0.0,0.0,0.43936213850975037,False,False,0.0,0.0,0.0,[],10.0,10.0,1,10.0,0,0.01064179200000126
aco_current,7,8021,84,13,4,0.0,0.0,0.0,0.0,0.20313307642936707,False,False,0.0,0.0,0.0,[],10.0,10.0,1,10.0,0,0.01064179200000126
aco_current,7,8022,84,13,1,21.0,134.0,155.0,0.775,0.9998710751533508,False,False,0.0,155.0,0.0,[],0.0,0.0,0,0.0,0,3.707999994162492e-06
aco_current,7,8022,84,13,2,0.0,0.0,0.0,0.0,0.09907747060060501,False,False,0.0,0.0,0.0,[],0.0,0.0,0,0.0,0,3.707999994162492e-06
aco_current,7,8022,84,13,3,0.0,0.0,0.0,0.0,0.43936213850975037,False,False,0.0,0.0,0.0,[],0.0,0.0,0,0.0,0,3.707999994162492e-06
aco_current,7,8022,84,13,4,0.0,0.0,0.0,0.0,0.20313307642936707,False,False,0.0,0.0,0.0,[],0.0,0.0,0,0.0,0,3.707999994162492e-06
aco_current,7,8023,84,13,1,21.0,155.0,176.0,0.88,0.9999994039535522,True,True,30.0,146.0,0.0,[1],10.0,10.0,1,10.0,0,0.010720792000000756
aco_current,7,8023,84,13,2,0.0,0.0,0.0,0.0,0.09907747060060501,False,False,0.0,0.0,0.0,[],10.0,10.0,1,10.0,0,0.010720792000000756
aco_current,7,8023,84,13,3,0.0,0.0,0.0,0.0,0.43936213850975037,False,False,0.0,0.0,0.0,[],10.0,10.0,1,10.0,0,0.010720792000000756
aco_current,7,8023,84,13,4,0.0,0.0,0.0,0.0,0.20313307642936707,False,False,0.0,0.0,0.0,[],10.0,10.0,1,10.0,0,0.010720792000000756
aco_current,7,8024,84,14,1,21.0,146.0,167.0,0.835,0.9999936819076538,True,True,30.0,137.0,0.0,[1],10.0,10.0,1,10.0,0,0.010198250000001963
aco_current,7,8024,84,14,2,0.0,0.0,0.0,0.0,0.09907747060060501,False,False,0.0,0.0,0.0,[],10.0,10.0,1,10.0,0,0.010198250000001963
aco_current,7,8024,84,14,3,0.0,0.0,0.0,0.0,0.43936213850975037,False,False,0.0,0.0,0.0,[],10.0,10.0,1,10.0,0,0.010198250000001963
aco_current,7,8024,84,14,4,0.0,0.0,0.0,0.0,0.20313307642936707,False,False,0.0,0.0,0.0,[],10.0,10.0,1,10.0,0,0.010198250000001963
aco_current,7,8025,84,14,1,21.0,137.0,158.0,0.79,0.99993497133255,False,False,0.0,158.0,0.0,[],0.0,0.0,0,0.0,0,4.541999999219115e-06
aco_current,7,8025,84,14,2,0.0,0.0,0.0,0.0,0.09907747060060501,False,False,0.0,0.0,0.0,[],0.0,0.0,0,0.0,0,4.541999999219115e-06
aco_current,7,8025,84,14,3,0.0,0.0,0.0,0.0,0.43936213850975037,False,False,0.0,0.0,0.0,[],0.0,0.0,0,0.0,0,4.541999999219115e-06
aco_current,7,8025,84,14,4,0.0,0.0,0.0,0.0,0.20313307642936707,False,False,0.0,0.0,0.0,[],0.0,0.0,0,0.0,0,4.541999999219115e-06
aco_current,7,8026,84,14,1,21.0,158.0,179.0,0.895,0.9999997019767761,True,True,30.0,149.0,0.0,[1],10.0,10.0,1,10.0,0,0.01060941600000831
aco_current,7,8026,84,14,2,0.0,0.0,0.0,0.0,0.09907747060060501,False,False,0.0,0.0,0.0,[],10.0,10.0,1,10.0,0,0.01060941600000831
aco_current,7,8026,84,14,3,0.0,0.0,0.0,0.0,0.43936213850975037,False,False,0.0,0.0,0.0,[],10.0,10.0,1,10.0,0,0.01060941600000831
aco_current,7,8026,84,14,4,0.0,0.0,0.0,0.0,0.20313307642936707,False,False,0.0,0.0,0.0,[],10.0,10.0,1,10.0,0,0.01060941600000831
aco_current,7,8027,84,14,1,21.0,149.0,170.0,0.85,0.999997079372406,True,True,30.0,140.0,0.0,[1],10.0,10.0,1,10.0,0,0.01112149999998735
aco_current,7,8027,84,14,2,0.0,0.0,0.0,0.0,0.09907747060060501,False,False,0.0,0.0,0.0,[],10.0,10.0,1,10.0,0,0.01112149999998735
aco_current,7,8027,84,14,3,0.0,0.0,0.0,0.0,0.43936213850975037,False,False,0.0,0.0,0.0,[],10.0,10.0,1,10.0,0,0.01112149999998735
aco_current,7,8027,84,14,4,0.0,0.0,0.0,0.0,0.20313307642936707,False,False,0.0,0.0,0.0,[],10.0,10.0,1,10.0,0,0.01112149999998735
aco_current,7,8028,84,15,1,21.0,140.0,161.0,0.805,0.9999701976776123,True,True,30.0,131.0,0.0,[1],10.0,10.0,1,10.0,0,0.011426874999997949
aco_current,7,8028,84,15,2,0.0,0.0,0.0,0.0,0.09907747060060501,False,False,0.0,0.0,0.0,[],10.0,10.0,1,10.0,0,0.011426874999997949
aco_current,7,8028,84,15,3,0.0,0.0,0.0,0.0,0.43936213850975037,False,False,0.0,0.0,0.0,[],10.0,10.0,1,10.0,0,0.011426874999997949
aco_current,7,8028,84,15,4,0.0,0.0,0.0,0.0,0.20313307642936707,False,False,0.0,0.0,0.0,[],10.0,10.0,1,10.0,0,0.011426874999997949
aco_current,7,8029,84,15,1,21.0,131.0,152.0,0.76,0.999771237373352,False,False,0.0,152.0,0.0,[],0.0,0.0,0,0.0,0,3.2920000023750617e-06
aco_current,7,8029,84,15,2,0.0,0.0,0.0,0.0,0.09907747060060501,False,False,0.0,0.0,0.0,[],0.0,0.0,0,0.0,0,3.2920000023750617e-06
aco_current,7,8029,84,15,3,0.0,0.0,0.0,0.0,0.43936213850975037,False,False,0.0,0.0,0.0,[],0.0,0.0,0,0.0,0,3.2920000023750617e-06
aco_current,7,8029,84,15,4,0.0,0.0,0.0,0.0,0.20313307642936707,False,False,0.0,0.0,0.0,[],0.0,0.0,0,0.0,0,3.2920000023750617e-06
aco_current,7,8030,84,15,1,13.0,152.0,165.0,0.825,0.9998204708099365,True,True,30.0,135.0,0.0,[1],10.0,10.0,1,10.0,0,0.010960750000009511
aco_current,7,8030,84,15,2,0.0,0.0,0.0,0.0,0.09907747060060501,False,False,0.0,0.0,0.0,[],10.0,10.0,1,10.0,0,0.010960750000009511
aco_current,7,8030,84,15,3,0.0,0.0,0.0,0.0,0.43936213850975037,False,False,0.0,0.0,0.0,[],10.0,10.0,1,10.0,0,0.010960750000009511
aco_current,7,8030,84,15,4,0.0,0.0,0.0,0.0,0.20313307642936707,False,False,0.0,0.0,0.0,[],10.0,10.0,1,10.0,0,0.010960750000009511
aco_current,7,8031,84,15,1,13.0,135.0,148.0,0.74,0.993981122970581,False,False,0.0,148.0,0.0,[],0.0,0.0,0,0.0,0,3.6670000014282778e-06
aco_current,7,8031,84,15,2,0.0,0.0,0.0,0.0,0.09907747060060501,False,False,0.0,0.0,0.0,[],0.0,0.0,0,0.0,0,3.6670000014282778e-06
aco_current,7,8031,84,15,3,0.0,0.0,0.0,0.0,0.43936213850975037,False,False,0.0,0.0,0.0,[],0.0,0.0,0,0.0,0,3.6670000014282778e-06
aco_current,7,8031,84,15,4,0.0,0.0,0.0,0.0,0.20313307642936707,False,False,0.0,0.0,0.0,[],0.0,0.0,0,0.0,0,3.6670000014282778e-06
aco_current,7,8032,84,16,1,13.0,148.0,161.0,0.805,0.9994506239891052,True,True,30.0,131.0,0.0,[1],10.0,10.0,1,10.0,0,0.01023241699999744
aco_current,7,8032,84,16,2,0.0,0.0,0.0,0.0,0.09907747060060501,False,False,0.0,0.0,0.0,[],10.0,10.0,1,10.0,0,0.01023241699999744
aco_current,7,8032,84,16,3,0.0,0.0,0.0,0.0,0.43936213850975037,False,False,0.0,0.0,0.0,[],10.0,10.0,1,10.0,0,0.01023241699999744
aco_current,7,8032,84,16,4,0.0,0.0,0.0,0.0,0.20313307642936707,False,False,0.0,0.0,0.0,[],10.0,10.0,1,10.0,0,0.01023241699999744
aco_current,7,8033,84,16,1,13.0,131.0,144.0,0.72,0.9901973009109497,False,False,0.0,144.0,0.0,[],0.0,0.0,0,0.0,0,3.74999999053216e-06
aco_current,7,8033,84,16,2,0.0,0.0,0.0,0.0,0.09907747060060501,False,False,0.0,0.0,0.0,[],0.0,0.0,0,0.0,0,3.74999999053216e-06
aco_current,7,8033,84,16,3,0.0,0.0,0.0,0.0,0.43936213850975037,False,False,0.0,0.0,0.0,[],0.0,0.0,0,0.0,0,3.74999999053216e-06
aco_current,7,8033,84,16,4,0.0,0.0,0.0,0.0,0.20313307642936707,False,False,0.0,0.0,0.0,[],0.0,0.0,0,0.0,0,3.74999999053216e-06
aco_current,7,8034,84,16,1,13.0,144.0,157.0,0.785,0.998498797416687,False,False,0.0,157.0,0.0,[],0.0,0.0,0,0.0,0,4.125000003796231e-06
aco_current,7,8034,84,16,2,0.0,0.0,0.0,0.0,0.09907747060060501,False,False,0.0,0.0,0.0,[],0.0,0.0,0,0.0,0,4.125000003796231e-06
aco_current,7,8034,84,16,3,0.0,0.0,0.0,0.0,0.43936213850975037,False,False,0.0,0.0,0.0,[],0.0,0.0,0,0.0,0,4.125000003796231e-06
aco_current,7,8034,84,16,4,0.0,0.0,0.0,0.0,0.20313307642936707,False,False,0.0,0.0,0.0,[],0.0,0.0,0,0.0,0,4.125000003796231e-06
aco_current,7,8035,84,16,1,13.0,157.0,170.0,0.85,0.9999454617500305,True,True,30.0,140.0,0.0,[1],10.0,10.0,1,10.0,0,0.009977917000000502
aco_current,7,8035,84,16,2,0.0,0.0,0.0,0.0,0.09907747060060501,False,False,0.0,0.0,0.0,[],10.0,10.0,1,10.0,0,0.009977917000000502
aco_current,7,8035,84,16,3,0.0,0.0,0.0,0.0,0.43936213850975037,False,False,0.0,0.0,0.0,[],10.0,10.0,1,10.0,0,0.009977917000000502
aco_current,7,8035,84,16,4,0.0,0.0,0.0,0.0,0.20313307642936707,False,False,0.0,0.0,0.0,[],10.0,10.0,1,10.0,0,0.009977917000000502
aco_current,7,8036,84,17,1,13.0,140.0,153.0,0.765,0.9966902136802673,False,False,0.0,153.0,0.0,[],0.0,0.0,0,0.0,0,3.6659999977928237e-06
aco_current,7,8036,84,17,2,0.0,0.0,0.0,0.0,0.09907747060060501,False,False,0.0,0.0,0.0,[],0.0,0.0,0,0.0,0,3.6659999977928237e-06
aco_current,7,8036,84,17,3,0.0,0.0,0.0,0.0,0.43936213850975037,False,False,0.0,0.0,0.0,[],0.0,0.0,0,0.0,0,3.6659999977928237e-06
aco_current,7,8036,84,17,4,0.0,0.0,0.0,0.0,0.20313307642936707,False,False,0.0,0.0,0.0,[],0.0,0.0,0,0.0,0,3.6659999977928237e-06
aco_current,7,8037,84,17,1,13.0,153.0,166.0,0.83,0.9998438954353333,True,True,30.0,136.0,0.0,[1],10.0,10.0,1,10.0,0,0.010028125000005161
aco_current,7,8037,84,17,2,0.0,0.0,0.0,0.0,0.09907747060060501,False,False,0.0,0.0,0.0,[],10.0,10.0,1,10.0,0,0.010028125000005161
aco_current,7,8037,84,17,3,0.0,0.0,0.0,0.0,0.43936213850975037,False,False,0.0,0.0,0.0,[],10.0,10.0,1,10.0,0,0.010028125000005161
aco_current,7,8037,84,17,4,0.0,0.0,0.0,0.0,0.20313307642936707,False,False,0.0,0.0,0.0,[],10.0,10.0,1,10.0,0,0.010028125000005161
aco_current,7,8038,84,17,1,13.0,136.0,149.0,0.745,0.9945744872093201,False,False,0.0,149.0,0.0,[],0.0,0.0,0,0.0,0,3.707999994162492e-06
aco_current,7,8038,84,17,2,0.0,0.0,0.0,0.0,0.09907747060060501,False,False,0.0,0.0,0.0,[],0.0,0.0,0,0.0,0,3.707999994162492e-06
aco_current,7,8038,84,17,3,0.0,0.0,0.0,0.0,0.43936213850975037,False,False,0.0,0.0,0.0,[],0.0,0.0,0,0.0,0,3.707999994162492e-06
aco_current,7,8038,84,17,4,0.0,0.0,0.0,0.0,0.20313307642936707,False,False,0.0,0.0,0.0,[],0.0,0.0,0,0.0,0,3.707999994162492e-06
aco_current,7,8039,84,17,1,13.0,149.0,162.0,0.81,0.9995591640472412,True,True,30.0,132.0,0.0,[1],10.0,10.0,1,10.0,0,0.009580499999998437
aco_current,7,8039,84,17,2,0.0,0.0,0.0,0.0,0.09907747060060501,False,False,0.0,0.0,0.0,[],10.0,10.0,1,10.0,0,0.009580499999998437
aco_current,7,8039,84,17,3,0.0,0.0,0.0,0.0,0.43936213850975037,False,False,0.0,0.0,0.0,[],10.0,10.0,1,10.0,0,0.009580499999998437
aco_current,7,8039,84,17,4,0.0,0.0,0.0,0.0,0.20313307642936707,False,False,0.0,0.0,0.0,[],10.0,10.0,1,10.0,0,0.009580499999998437
aco_current,7,8040,84,18,1,14.0,132.0,146.0,0.73,0.9944930672645569,False,False,0.0,146.0,0.0,[],0.0,0.0,0,0.0,0,3.9170000007970884e-06
aco_current,7,8040,84,18,2,0.0,0.0,0.0,0.0,0.09907747060060501,False,False,0.0,0.0,0.0,[],0.0,0.0,0,0.0,0,3.9170000007970884e-06
aco_current,7,8040,84,18,3,0.0,0.0,0.0,0.0,0.43936213850975037,False,False,0.0,0.0,0.0,[],0.0,0.0,0,0.0,0,3.9170000007970884e-06
aco_current,7,8040,84,18,4,0.0,0.0,0.0,0.0,0.20313307642936707,False,False,0.0,0.0,0.0,[],0.0,0.0,0,0.0,0,3.9170000007970884e-06
aco_current,7,8041,84,18,1,13.0,146.0,159.0,0.795,0.9990442395210266,False,False,0.0,159.0,0.0,[],0.0,0.0,0,0.0,0,2.8749999927413228e-06
aco_current,7,8041,84,18,2,0.0,0.0,0.0,0.0,0.09907747060060501,False,False,0.0,0.0,0.0,[],0.0,0.0,0,0.0,0,2.8749999927413228e-06
aco_current,7,8041,84,18,3,0.0,0.0,0.0,0.0,0.43936213850975037,False,False,0.0,0.0,0.0,[],0.0,0.0,0,0.0,0,2.8749999927413228e-06
aco_current,7,8041,84,18,4,0.0,0.0,0.0,0.0,0.20313307642936707,False,False,0.0,0.0,0.0,[],0.0,0.0,0,0.0,0,2.8749999927413228e-06
aco_current,7,8042,84,18,1,13.0,159.0,172.0,0.86,0.9999680519104004,True,True,30.0,142.0,0.0,[1],10.0,10.0,1,10.0,0,0.01020641700000624
aco_current,7,8042,84,18,2,0.0,0.0,0.0,0.0,0.09907747060060501,False,False,0.0,0.0,0.0,[],10.0,10.0,1,10.0,0,0.01020641700000624
aco_current,7,8042,84,18,3,0.0,0.0,0.0,0.0,0.43936213850975037,False,False,0.0,0.0,0.0,[],10.0,10.0,1,10.0,0,0.01020641700000624
aco_current,7,8042,84,18,4,0.0,0.0,0.0,0.0,0.20313307642936707,False,False,0.0,0.0,0.0,[],10.0,10.0,1,10.0,0,0.01020641700000624
aco_current,7,8043,84,18,1,13.0,142.0,155.0,0.775,0.9976921081542969,False,False,0.0,155.0,0.0,[],0.0,0.0,0,0.0,0,3.5409999981084184e-06
aco_current,7,8043,84,18,2,0.0,0.0,0.0,0.0,0.09907747060060501,False,False,0.0,0.0,0.0,[],0.0,0.0,0,0.0,0,3.5409999981084184e-06
aco_current,7,8043,84,18,3,0.0,0.0,0.0,0.0,0.43936213850975037,False,False,0.0,0.0,0.0,[],0.0,0.0,0,0.0,0,3.5409999981084184e-06
aco_current,7,8043,84,18,4,0.0,0.0,0.0,0.0,0.20313307642936707,False,False,0.0,0.0,0.0,[],0.0,0.0,0,0.0,0,3.5409999981084184e-06
aco_current,7,8044,84,19,1,13.0,155.0,168.0,0.84,0.9999075531959534,True,True,30.0,138.0,0.0,[1],10.0,10.0,1,10.0,0,0.010110457999999767
aco_current,7,8044,84,19,2,0.0,0.0,0.0,0.0,0.09907747060060501,False,False,0.0,0.0,0.0,[],10.0,10.0,1,10.0,0,0.010110457999999767
aco_current,7,8044,84,19,3,0.0,0.0,0.0,0.0,0.43936213850975037,False,False,0.0,0.0,0.0,[],10.0,10.0,1,10.0,0,0.010110457999999767
aco_current,7,8044,84,19,4,0.0,0.0,0.0,0.0,0.20313307642936707,False,False,0.0,0.0,0.0,[],10.0,10.0,1,10.0,0,0.010110457999999767
aco_current,7,8045,84,19,1,13.0,138.0,151.0,0.755,0.9957398772239685,False,False,0.0,151.0,0.0,[],0.0,0.0,0,0.0,0,3.958000007742157e-06
aco_current,7,8045,84,19,2,0.0,0.0,0.0,0.0,0.09907747060060501,False,False,0.0,0.0,0.0,[],0.0,0.0,0,0.0,0,3.958000007742157e-06
aco_current,7,8045,84,19,3,0.0,0.0,0.0,0.0,0.43936213850975037,False,False,0.0,0.0,0.0,[],0.0,0.0,0,0.0,0,3.958000007742157e-06
aco_current,7,8045,84,19,4,0.0,0.0,0.0,0.0,0.20313307642936707,False,False,0.0,0.0,0.0,[],0.0,0.0,0,0.0,0,3.958000007742157e-06
aco_current,7,8046,84,19,1,13.0,151.0,164.0,0.82,0.9997376203536987,True,True,30.0,134.0,0.0,[1],10.0,10.0,1,10.0,0,0.01043579200000977
aco_current,7,8046,84,19,2,0.0,0.0,0.0,0.0,0.09907747060060501,False,False,0.0,0.0,0.0,[],10.0,10.0,1,10.0,0,0.01043579200000977
aco_current,7,8046,84,19,3,0.0,0.0,0.0,0.0,0.43936213850975037,False,False,0.0,0.0,0.0,[],10.0,10.0,1,10.0,0,0.01043579200000977
aco_current,7,8046,84,19,4,0.0,0.0,0.0,0.0,0.20313307642936707,False,False,0.0,0.0,0.0,[],10.0,10.0,1,10.0,0,0.01043579200000977
aco_current,7,8047,84,19,1,13.0,134.0,147.0,0.735,0.9931240081787109,False,False,0.0,147.0,0.0,[],0.0,0.0,0,0.0,0,4.6669999989035205e-06
aco_current,7,8047,84,19,2,0.0,0.0,0.0,0.0,0.09907747060060501,False,False,0.0,0.0,0.0,[],0.0,0.0,0,0.0,0,4.6669999989035205e-06
aco_current,7,8047,84,19,3,0.0,0.0,0.0,0.0,0.43936213850975037,False,False,0.0,0.0,0.0,[],0.0,0.0,0,0.0,0,4.6669999989035205e-06
aco_current,7,8047,84,19,4,0.0,0.0,0.0,0.0,0.20313307642936707,False,False,0.0,0.0,0.0,[],0.0,0.0,0,0.0,0,4.6669999989035205e-06
aco_current,7,8048,84,20,1,13.0,147.0,160.0,0.8,0.9992592334747314,True,True,30.0,130.0,0.0,[1],10.0,10.0,1,10.0,0,0.0114093749999995
aco_current,7,8048,84,20,2,0.0,0.0,0.0,0.0,0.09907747060060501,False,False,0.0,0.0,0.0,[],10.0,10.0,1,10.0,0,0.0114093749999995
aco_current,7,8048,84,20,3,0.0,0.0,0.0,0.0,0.43936213850975037,False,False,0.0,0.0,0.0,[],10.0,10.0,1,10.0,0,0.0114093749999995
aco_current,7,8048,84,20,4,0.0,0.0,0.0,0.0,0.20313307642936707,False,False,0.0,0.0,0.0,[],10.0,10.0,1,10.0,0,0.0114093749999995
aco_current,7,8049,84,20,1,13.0,130.0,143.0,0.715,0.9889701008796692,False,False,0.0,143.0,0.0,[],0.0,0.0,0,0.0,0,4.9580000052174e-06
aco_current,7,8049,84,20,2,0.0,0.0,0.0,0.0,0.09907747060060501,False,False,0.0,0.0,0.0,[],0.0,0.0,0,0.0,0,4.9580000052174e-06
aco_current,7,8049,84,20,3,0.0,0.0,0.0,0.0,0.43936213850975037,False,False,0.0,0.0,0.0,[],0.0,0.0,0,0.0,0,4.9580000052174e-06
aco_current,7,8049,84,20,4,0.0,0.0,0.0,0.0,0.20313307642936707,False,False,0.0,0.0,0.0,[],0.0,0.0,0,0.0,0,4.9580000052174e-06
aco_current,7,8050,84,20,1,13.0,143.0,156.0,0.78,0.9981349110603333,False,False,0.0,156.0,0.0,[],0.0,0.0,0,0.0,0,7.582999998589912e-06
aco_current,7,8050,84,20,2,0.0,0.0,0.0,0.0,0.09907747060060501,False,False,0.0,0.0,0.0,[],0.0,0.0,0,0.0,0,7.582999998589912e-06
aco_current,7,8050,84,20,3,0.0,0.0,0.0,0.0,0.43936213850975037,False,False,0.0,0.0,0.0,[],0.0,0.0,0,0.0,0,7.582999998589912e-06
aco_current,7,8050,84,20,4,0.0,0.0,0.0,0.0,0.20313307642936707,False,False,0.0,0.0,0.0,[],0.0,0.0,0,0.0,0,7.582999998589912e-06
aco_current,7,8051,84,20,1,13.0,156.0,169.0,0.845,0.9999290108680725,True,True,30.0,139.0,0.0,[1],10.0,10.0,1,10.0,0,0.01094229099999211
aco_current,7,8051,84,20,2,0.0,0.0,0.0,0.0,0.09907747060060501,False,False,0.0,0.0,0.0,[],10.0,10.0,1,10.0,0,0.01094229099999211
aco_current,7,8051,84,20,3,0.0,0.0,0.0,0.0,0.43936213850975037,False,False,0.0,0.0,0.0,[],10.0,10.0,1,10.0,0,0.01094229099999211
aco_current,7,8051,84,20,4,0.0,0.0,0.0,0.0,0.20313307642936707,False,False,0.0,0.0,0.0,[],10.0,10.0,1,10.0,0,0.01094229099999211
aco_current,7,8052,84,21,1,13.0,139.0,152.0,0.76,0.9962342381477356,False,False,0.0,152.0,0.0,[],0.0,0.0,0,0.0,0,5.290999993690093e-06
aco_current,7,8052,84,21,2,0.0,0.0,0.0,0.0,0.09907747060060501,False,False,0.0,0.0,0.0,[],0.0,0.0,0,0.0,0,5.290999993690093e-06
aco_current,7,8052,84,21,3,0.0,0.0,0.0,0.0,0.43936213850975037,False,False,0.0,0.0,0.0,[],0.0,0.0,0,0.0,0,5.290999993690093e-06
aco_current,7,8052,84,21,4,0.0,0.0,0.0,0.0,0.20313307642936707,False,False,0.0,0.0,0.0,[],0.0,0.0,0,0.0,0,5.290999993690093e-06
aco_current,7,8053,84,21,1,13.0,152.0,165.0,0.825,0.9997976422309875,True,True,30.0,135.0,0.0,[1],10.0,10.0,1,10.0,0,0.010571458999990568
aco_current,7,8053,84,21,2,0.0,0.0,0.0,0.0,0.09907747060060501,False,False,0.0,0.0,0.0,[],10.0,10.0,1,10.0,0,0.010571458999990568
aco_current,7,8053,84,21,3,0.0,0.0,0.0,0.0,0.43936213850975037,False,False,0.0,0.0,0.0,[],10.0,10.0,1,10.0,0,0.010571458999990568
aco_current,7,8053,84,21,4,0.0,0.0,0.0,0.0,0.20313307642936707,False,False,0.0,0.0,0.0,[],10.0,10.0,1,10.0,0,0.010571458999990568
aco_current,7,8054,84,21,1,13.0,135.0,148.0,0.74,0.9938918352127075,False,False,0.0,148.0,0.0,[],0.0,0.0,0,0.0,0,5.667000010589618e-06
aco_current,7,8054,84,21,2,0.0,0.0,0.0,0.0,0.09907747060060501,False,False,0.0,0.0,0.0,[],0.0,0.0,0,0.0,0,5.667000010589618e-06
aco_current,7,8054,84,21,3,0.0,0.0,0.0,0.0,0.43936213850975037,False,False,0.0,0.0,0.0,[],0.0,0.0,0,0.0,0,5.667000010589618e-06
aco_current,7,8054,84,21,4,0.0,0.0,0.0,0.0,0.20313307642936707,False,False,0.0,0.0,0.0,[],0.0,0.0,0,0.0,0,5.667000010589618e-06
aco_current,7,8055,84,21,1,13.0,148.0,161.0,0.805,0.9994285106658936,True,True,30.0,131.0,0.0,[1],10.0,10.0,1,10.0,0,0.010868208999994522
aco_current,7,8055,84,21,2,0.0,0.0,0.0,0.0,0.09907747060060501,False,False,0.0,0.0,0.0,[],10.0,10.0,1,10.0,0,0.010868208999994522
aco_current,7,8055,84,21,3,0.0,0.0,0.0,0.0,0.43936213850975037,False,False,0.0,0.0,0.0,[],10.0,10.0,1,10.0,0,0.010868208999994522
aco_current,7,8055,84,21,4,0.0,0.0,0.0,0.0,0.20313307642936707,False,False,0.0,0.0,0.0,[],10.0,10.0,1,10.0,0,0.010868208999994522
aco_current,7,8056,84,22,1,13.0,131.0,144.0,0.72,0.9901973009109497,False,False,0.0,144.0,0.0,[],0.0,0.0,0,0.0,0,4.833000005532995e-06
aco_current,7,8056,84,22,2,0.0,0.0,0.0,0.0,0.09907747060060501,False,False,0.0,0.0,0.0,[],0.0,0.0,0,0.0,0,4.833000005532995e-06
aco_current,7,8056,84,22,3,0.0,0.0,0.0,0.0,0.43936213850975037,False,False,0.0,0.0,0.0,[],0.0,0.0,0,0.0,0,4.833000005532995e-06
aco_current,7,8056,84,22,4,0.0,0.0,0.0,0.0,0.20313307642936707,False,False,0.0,0.0,0.0,[],0.0,0.0,0,0.0,0,4.833000005532995e-06
aco_current,7,8057,84,22,1,13.0,144.0,157.0,0.785,0.998498797416687,False,False,0.0,157.0,0.0,[],0.0,0.0,0,0.0,0,3.624999990847755e-06
aco_current,7,8057,84,22,2,0.0,0.0,0.0,0.0,0.09907747060060501,False,False,0.0,0.0,0.0,[],0.0,0.0,0,0.0,0,3.624999990847755e-06
aco_current,7,8057,84,22,3,0.0,0.0,0.0,0.0,0.43936213850975037,False,False,0.0,0.0,0.0,[],0.0,0.0,0,0.0,0,3.624999990847755e-06
aco_current,7,8057,84,22,4,0.0,0.0,0.0,0.0,0.20313307642936707,False,False,0.0,0.0,0.0,[],0.0,0.0,0,0.0,0,3.624999990847755e-06
aco_current,7,8058,84,22,1,13.0,157.0,170.0,0.85,0.9999454617500305,True,True,30.0,140.0,0.0,[1],10.0,10.0,1,10.0,0,0.010946209000010754
aco_current,7,8058,84,22,2,0.0,0.0,0.0,0.0,0.09907747060060501,False,False,0.0,0.0,0.0,[],10.0,10.0,1,10.0,0,0.010946209000010754
aco_current,7,8058,84,22,3,0.0,0.0,0.0,0.0,0.43936213850975037,False,False,0.0,0.0,0.0,[],10.0,10.0,1,10.0,0,0.010946209000010754
aco_current,7,8058,84,22,4,0.0,0.0,0.0,0.0,0.20313307642936707,False,False,0.0,0.0,0.0,[],10.0,10.0,1,10.0,0,0.010946209000010754
aco_current,7,8059,84,22,1,4.0,140.0,144.0,0.72,0.6445145606994629,False,False,0.0,144.0,0.0,[],0.0,0.0,0,0.0,0,3.042000003006251e-06
aco_current,7,8059,84,22,2,0.0,0.0,0.0,0.0,0.09907747060060501,False,False,0.0,0.0,0.0,[],0.0,0.0,0,0.0,0,3.042000003006251e-06
aco_current,7,8059,84,22,3,0.0,0.0,0.0,0.0,0.43936213850975037,False,False,0.0,0.0,0.0,[],0.0,0.0,0,0.0,0,3.042000003006251e-06
aco_current,7,8059,84,22,4,0.0,0.0,0.0,0.0,0.20313307642936707,False,False,0.0,0.0,0.0,[],0.0,0.0,0,0.0,0,3.042000003006251e-06
aco_current,7,8060,84,23,1,0.0,144.0,144.0,0.72,0.15822947025299072,False,False,0.0,144.0,0.0,[],0.0,0.0,0,0.0,0,2.999999992425728e-06
aco_current,7,8060,84,23,2,0.0,0.0,0.0,0.0,0.09907747060060501,False,False,0.0,0.0,0.0,[],0.0,0.0,0,0.0,0,2.999999992425728e-06
aco_current,7,8060,84,23,3,0.0,0.0,0.0,0.0,0.43936213850975037,False,False,0.0,0.0,0.0,[],0.0,0.0,0,0.0,0,2.999999992425728e-06
aco_current,7,8060,84,23,4,0.0,0.0,0.0,0.0,0.20313307642936707,False,False,0.0,0.0,0.0,[],0.0,0.0,0,0.0,0,2.999999992425728e-06
aco_current,7,8061,84,23,1,0.0,144.0,144.0,0.72,0.22040192782878876,False,False,0.0,144.0,0.0,[],0.0,0.0,0,0.0,0,2.250000008530151e-06
aco_current,7,8061,84,23,2,0.0,0.0,0.0,0.0,0.09907747060060501,False,False,0.0,0.0,0.0,[],0.0,0.0,0,0.0,0,2.250000008530151e-06
aco_current,7,8061,84,23,3,0.0,0.0,0.0,0.0,0.43936213850975037,False,False,0.0,0.0,0.0,[],0.0,0.0,0,0.0,0,2.250000008530151e-06
aco_current,7,8061,84,23,4,0.0,0.0,0.0,0.0,0.20313307642936707,False,False,0.0,0.0,0.0,[],0.0,0.0,0,0.0,0,2.250000008530151e-06
aco_current,7,8062,84,23,1,0.0,144.0,144.0,0.72,0.30911871790885925,False,False,0.0,144.0,0.0,[],0.0,0.0,0,0.0,0,3.707999994162492e-06
aco_current,7,8062,84,23,2,0.0,0.0,0.0,0.0,0.09907747060060501,False,False,0.0,0.0,0.0,[],0.0,0.0,0,0.0,0,3.707999994162492e-06
aco_current,7,8062,84,23,3,0.0,0.0,0.0,0.0,0.43936213850975037,False,False,0.0,0.0,0.0,[],0.0,0.0,0,0.0,0,3.707999994162492e-06
aco_current,7,8062,84,23,4,0.0,0.0,0.0,0.0,0.20313307642936707,False,False,0.0,0.0,0.0,[],0.0,0.0,0,0.0,0,3.707999994162492e-06
aco_current,7,8063,84,23,1,0.0,144.0,144.0,0.72,0.3267865478992462,False,False,0.0,144.0,0.0,[],0.0,0.0,0,0.0,0,2.332999997634033e-06
aco_current,7,8063,84,23,2,0.0,0.0,0.0,0.0,0.09907747060060501,False,False,0.0,0.0,0.0,[],0.0,0.0,0,0.0,0,2.332999997634033e-06
aco_current,7,8063,84,23,3,0.0,0.0,0.0,0.0,0.43936213850975037,False,False,0.0,0.0,0.0,[],0.0,0.0,0,0.0,0,2.332999997634033e-06
aco_current,7,8063,84,23,4,0.0,0.0,0.0,0.0,0.20313307642936707,False,False,0.0,0.0,0.0,[],0.0,0.0,0,0.0,0,2.332999997634033e-06
aco_current,7,8064,85,0,1,26.0,144.0,170.0,0.85,0.9999989867210388,True,True,30.0,140.0,0.0,[1],10.0,10.0,1,10.0,0,0.009890709000003994
aco_current,7,8064,85,0,2,0.0,0.0,0.0,0.0,0.09907747060060501,False,False,0.0,0.0,0.0,[],10.0,10.0,1,10.0,0,0.009890709000003994
aco_current,7,8064,85,0,3,0.0,0.0,0.0,0.0,0.43936213850975037,False,False,0.0,0.0,0.0,[],10.0,10.0,1,10.0,0,0.009890709000003994
aco_current,7,8064,85,0,4,0.0,0.0,0.0,0.0,0.20313307642936707,False,False,0.0,0.0,0.0,[],10.0,10.0,1,10.0,0,0.009890709000003994
aco_current,7,8065,85,0,1,26.0,140.0,166.0,0.83,0.9999983310699463,True,True,30.0,136.0,0.0,[1],10.0,10.0,1,10.0,0,0.00966608300001326
aco_current,7,8065,85,0,2,0.0,0.0,0.0,0.0,0.09907747060060501,False,False,0.0,0.0,0.0,[],10.0,10.0,1,10.0,0,0.00966608300001326
aco_current,7,8065,85,0,3,0.0,0.0,0.0,0.0,0.43936213850975037,False,False,0.0,0.0,0.0,[],10.0,10.0,1,10.0,0,0.00966608300001326
aco_current,7,8065,85,0,4,0.0,0.0,0.0,0.0,0.20313307642936707,False,False,0.0,0.0,0.0,[],10.0,10.0,1,10.0,0,0.00966608300001326
aco_current,7,8066,85,0,1,29.0,136.0,165.0,0.825,0.9999993443489075,True,True,30.0,135.0,0.0,[1],10.0,10.0,1,10.0,0,0.009786333000008085
aco_current,7,8066,85,0,2,0.0,0.0,0.0,0.0,0.09907747060060501,False,False,0.0,0.0,0.0,[],10.0,10.0,1,10.0,0,0.009786333000008085
aco_current,7,8066,85,0,3,0.0,0.0,0.0,0.0,0.43936213850975037,False,False,0.0,0.0,0.0,[],10.0,10.0,1,10.0,0,0.009786333000008085
aco_current,7,8066,85,0,4,0.0,0.0,0.0,0.0,0.20313307642936707,False,False,0.0,0.0,0.0,[],10.0,10.0,1,10.0,0,0.009786333000008085
aco_current,7,8067,85,0,1,26.0,135.0,161.0,0.805,0.9999950528144836,True,True,30.0,131.0,0.0,[1],10.0,10.0,1,10.0,0,0.00983429200000785
aco_current,7,8067,85,0,2,0.0,0.0,0.0,0.0,0.09907747060060501,False,False,0.0,0.0,0.0,[],10.0,10.0,1,10.0,0,0.00983429200000785
aco_current,7,8067,85,0,3,0.0,0.0,0.0,0.0,0.43936213850975037,False,False,0.0,0.0,0.0,[],10.0,10.0,1,10.0,0,0.00983429200000785
aco_current,7,8067,85,0,4,0.0,0.0,0.0,0.0,0.20313307642936707,False,False,0.0,0.0,0.0,[],10.0,10.0,1,10.0,0,0.00983429200000785
aco_current,7,8068,85,1,1,29.0,131.0,160.0,0.8,0.9999977350234985,True,True,30.0,130.0,0.0,[1],10.0,10.0,1,10.0,0,0.009681458999992287
aco_current,7,8068,85,1,2,0.0,0.0,0.0,0.0,0.09907747060060501,False,False,0.0,0.0,0.0,[],10.0,10.0,1,10.0,0,0.009681458999992287
aco_current,7,8068,85,1,3,0.0,0.0,0.0,0.0,0.43936213850975037,False,False,0.0,0.0,0.0,[],10.0,10.0,1,10.0,0,0.009681458999992287
aco_current,7,8068,85,1,4,0.0,0.0,0.0,0.0,0.20313307642936707,False,False,0.0,0.0,0.0,[],10.0,10.0,1,10.0,0,0.009681458999992287
aco_current,7,8069,85,1,1,26.0,130.0,156.0,0.78,0.9999828338623047,False,False,0.0,156.0,0.0,[],0.0,0.0,0,0.0,0,4.625000002533852e-06
aco_current,7,8069,85,1,2,0.0,0.0,0.0,0.0,0.09907747060060501,False,False,0.0,0.0,0.0,[],0.0,0.0,0,0.0,0,4.625000002533852e-06
aco_current,7,8069,85,1,3,0.0,0.0,0.0,0.0,0.43936213850975037,False,False,0.0,0.0,0.0,[],0.0,0.0,0,0.0,0,4.625000002533852e-06
aco_current,7,8069,85,1,4,0.0,0.0,0.0,0.0,0.20313307642936707,False,False,0.0,0.0,0.0,[],0.0,0.0,0,0.0,0,4.625000002533852e-06
aco_current,7,8070,85,1,1,27.0,156.0,183.0,0.915,1.0,True,True,30.0,153.0,0.0,[1],10.0,10.0,1,10.0,0,0.009729249999992362
aco_current,7,8070,85,1,2,0.0,0.0,0.0,0.0,0.09907747060060501,False,False,0.0,0.0,0.0,[],10.0,10.0,1,10.0,0,0.009729249999992362
aco_current,7,8070,85,1,3,0.0,0.0,0.0,0.0,0.43936213850975037,False,False,0.0,0.0,0.0,[],10.0,10.0,1,10.0,0,0.009729249999992362
aco_current,7,8070,85,1,4,0.0,0.0,0.0,0.0,0.20313307642936707,False,False,0.0,0.0,0.0,[],10.0,10.0,1,10.0,0,0.009729249999992362
aco_current,7,8071,85,1,1,28.0,153.0,181.0,0.905,1.0,True,True,30.0,151.0,0.0,[1],10.0,10.0,1,10.0,0,0.009679207999994333
aco_current,7,8071,85,1,2,0.0,0.0,0.0,0.0,0.09907747060060501,False,False,0.0,0.0,0.0,[],10.0,10.0,1,10.0,0,0.009679207999994333
aco_current,7,8071,85,1,3,0.0,0.0,0.0,0.0,0.43936213850975037,False,False,0.0,0.0,0.0,[],10.0,10.0,1,10.0,0,0.009679207999994333
aco_current,7,8071,85,1,4,0.0,0.0,0.0,0.0,0.20313307642936707,False,False,0.0,0.0,0.0,[],10.0,10.0,1,10.0,0,0.009679207999994333
aco_current,7,8072,85,2,1,27.0,151.0,178.0,0.89,1.0,True,True,30.0,148.0,0.0,[1],10.0,10.0,1,10.0,0,0.009599917000002733
aco_current,7,8072,85,2,2,0.0,0.0,0.0,0.0,0.09907747060060501,False,False,0.0,0.0,0.0,[],10.0,10.0,1,10.0,0,0.009599917000002733
aco_current,7,8072,85,2,3,0.0,0.0,0.0,0.0,0.43936213850975037,False,False,0.0,0.0,0.0,[],10.0,10.0,1,10.0,0,0.009599917000002733
aco_current,7,8072,85,2,4,0.0,0.0,0.0,0.0,0.20313307642936707,False,False,0.0,0.0,0.0,[],10.0,10.0,1,10.0,0,0.009599917000002733
aco_current,7,8073,85,2,1,28.0,148.0,176.0,0.88,1.0,True,True,30.0,146.0,0.0,[1],10.0,10.0,1,10.0,0,0.009566958999997155
aco_current,7,8073,85,2,2,0.0,0.0,0.0,0.0,0.09907747060060501,False,False,0.0,0.0,0.0,[],10.0,10.0,1,10.0,0,0.009566958999997155
aco_current,7,8073,85,2,3,0.0,0.0,0.0,0.0,0.43936213850975037,False,False,0.0,0.0,0.0,[],10.0,10.0,1,10.0,0,0.009566958999997155
aco_current,7,8073,85,2,4,0.0,0.0,0.0,0.0,0.20313307642936707,False,False,0.0,0.0,0.0,[],10.0,10.0,1,10.0,0,0.009566958999997155
aco_current,7,8074,85,2,1,27.0,146.0,173.0,0.865,0.9999998807907104,True,True,30.0,143.0,0.0,[1],10.0,10.0,1,10.0,0,0.009751334000000611
aco_current,7,8074,85,2,2,0.0,0.0,0.0,0.0,0.09907747060060501,False,False,0.0,0.0,0.0,[],10.0,10.0,1,10.0,0,0.009751334000000611
aco_current,7,8074,85,2,3,0.0,0.0,0.0,0.0,0.43936213850975037,False,False,0.0,0.0,0.0,[],10.0,10.0,1,10.0,0,0.009751334000000611
aco_current,7,8074,85,2,4,0.0,0.0,0.0,0.0,0.20313307642936707,False,False,0.0,0.0,0.0,[],10.0,10.0,1,10.0,0,0.009751334000000611
aco_current,7,8075,85,2,1,26.0,143.0,169.0,0.845,0.9999994039535522,True,True,30.0,139.0,0.0,[1],10.0,10.0,1,10.0,0,0.009635083000006261
aco_current,7,8075,85,2,2,0.0,0.0,0.0,0.0,0.09907747060060501,False,False,0.0,0.0,0.0,[],10.0,10.0,1,10.0,0,0.009635083000006261
aco_current,7,8075,85,2,3,0.0,0.0,0.0,0.0,0.43936213850975037,False,False,0.0,0.0,0.0,[],10.0,10.0,1,10.0,0,0.009635083000006261
aco_current,7,8075,85,2,4,0.0,0.0,0.0,0.0,0.20313307642936707,False,False,0.0,0.0,0.0,[],10.0,10.0,1,10.0,0,0.009635083000006261
aco_current,7,8076,85,3,1,29.0,139.0,168.0,0.84,0.9999997615814209,True,True,30.0,138.0,0.0,[1],10.0,10.0,1,10.0,0,0.00975666699999067
aco_current,7,8076,85,3,2,0.0,0.0,0.0,0.0,0.09907747060060501,False,False,0.0,0.0,0.0,[],10.0,10.0,1,10.0,0,0.00975666699999067
aco_current,7,8076,85,3,3,0.0,0.0,0.0,0.0,0.43936213850975037,False,False,0.0,0.0,0.0,[],10.0,10.0,1,10.0,0,0.00975666699999067
aco_current,7,8076,85,3,4,0.0,0.0,0.0,0.0,0.20313307642936707,False,False,0.0,0.0,0.0,[],10.0,10.0,1,10.0,0,0.00975666699999067
aco_current,7,8077,85,3,1,26.0,138.0,164.0,0.82,0.9999977946281433,True,True,30.0,134.0,0.0,[1],10.0,10.0,1,10.0,0,0.009584625000002234
aco_current,7,8077,85,3,2,0.0,0.0,0.0,0.0,0.09907747060060501,False,False,0.0,0.0,0.0,[],10.0,10.0,1,10.0,0,0.009584625000002234
aco_current,7,8077,85,3,3,0.0,0.0,0.0,0.0,0.43936213850975037,False,False,0.0,0.0,0.0,[],10.0,10.0,1,10.0,0,0.009584625000002234
aco_current,7,8077,85,3,4,0.0,0.0,0.0,0.0,0.20313307642936707,False,False,0.0,0.0,0.0,[],10.0,10.0,1,10.0,0,0.009584625000002234
aco_current,7,8078,85,3,1,28.0,134.0,162.0,0.81,0.9999980926513672,True,True,30.0,132.0,0.0,[1],10.0,10.0,1,10.0,0,0.009471707999992418
aco_current,7,8078,85,3,2,0.0,0.0,0.0,0.0,0.09907747060060501,False,False,0.0,0.0,0.0,[],10.0,10.0,1,10.0,0,0.009471707999992418
aco_current,7,8078,85,3,3,0.0,0.0,0.0,0.0,0.43936213850975037,False,False,0.0,0.0,0.0,[],10.0,10.0,1,10.0,0,0.009471707999992418
aco_current,7,8078,85,3,4,0.0,0.0,0.0,0.0,0.20313307642936707,False,False,0.0,0.0,0.0,[],10.0,10.0,1,10.0,0,0.009471707999992418
aco_current,7,8079,85,3,1,27.0,132.0,159.0,0.795,0.9999939799308777,False,False,0.0,159.0,0.0,[],0.0,0.0,0,0.0,0,3.2910000129504624e-06
aco_current,7,8079,85,3,2,0.0,0.0,0.0,0.0,0.09907747060060501,False,False,0.0,0.0,0.0,[],0.0,0.0,0,0.0,0,3.2910000129504624e-06
aco_current,7,8079,85,3,3,0.0,0.0,0.0,0.0,0.43936213850975037,False,False,0.0,0.0,0.0,[],0.0,0.0,0,0.0,0,3.2910000129504624e-06
aco_current,7,8079,85,3,4,0.0,0.0,0.0,0.0,0.20313307642936707,False,False,0.0,0.0,0.0,[],0.0,0.0,0,0.0,0,3.2910000129504624e-06
aco_current,7,8080,85,4,1,26.0,159.0,185.0,0.925,1.0,True,True,30.0,155.0,0.0,[1],10.0,10.0,1,10.0,0,0.009605166999989478
aco_current,7,8080,85,4,2,0.0,0.0,0.0,0.0,0.09907747060060501,False,False,0.0,0.0,0.0,[],10.0,10.0,1,10.0,0,0.009605166999989478
aco_current,7,8080,85,4,3,0.0,0.0,0.0,0.0,0.43936213850975037,False,False,0.0,0.0,0.0,[],10.0,10.0,1,10.0,0,0.009605166999989478
aco_current,7,8080,85,4,4,0.0,0.0,0.0,0.0,0.20313307642936707,False,False,0.0,0.0,0.0,[],10.0,10.0,1,10.0,0,0.009605166999989478
aco_current,7,8081,85,4,1,29.0,155.0,184.0,0.92,1.0,True,True,30.0,154.0,0.0,[1],10.0,10.0,1,10.0,0,0.00958341700000176
aco_current,7,8081,85,4,2,0.0,0.0,0.0,0.0,0.09907747060060501,False,False,0.0,0.0,0.0,[],10.0,10.0,1,10.0,0,0.00958341700000176
aco_current,7,8081,85,4,3,0.0,0.0,0.0,0.0,0.43936213850975037,False,False,0.0,0.0,0.0,[],10.0,10.0,1,10.0,0,0.00958341700000176
aco_current,7,8081,85,4,4,0.0,0.0,0.0,0.0,0.20313307642936707,False,False,0.0,0.0,0.0,[],10.0,10.0,1,10.0,0,0.00958341700000176
aco_current,7,8082,85,4,1,26.0,154.0,180.0,0.9,1.0,True,True,30.0,150.0,0.0,[1],10.0,10.0,1,10.0,0,0.010884916999998495
aco_current,7,8082,85,4,2,0.0,0.0,0.0,0.0,0.09907747060060501,False,False,0.0,0.0,0.0,[],10.0,10.0,1,10.0,0,0.010884916999998495
aco_current,7,8082,85,4,3,0.0,0.0,0.0,0.0,0.43936213850975037,False,False,0.0,0.0,0.0,[],10.0,10.0,1,10.0,0,0.010884916999998495
aco_current,7,8082,85,4,4,0.0,0.0,0.0,0.0,0.20313307642936707,False,False,0.0,0.0,0.0,[],10.0,10.0,1,10.0,0,0.010884916999998495
aco_current,7,8083,85,4,1,29.0,150.0,179.0,0.895,1.0,True,True,30.0,149.0,0.0,[1],10.0,10.0,1,10.0,0,0.010605459000004203
aco_current,7,8083,85,4,2,0.0,0.0,0.0,0.0,0.09907747060060501,False,False,0.0,0.0,0.0,[],10.0,10.0,1,10.0,0,0.010605459000004203
aco_current,7,8083,85,4,3,0.0,0.0,0.0,0.0,0.43936213850975037,False,False,0.0,0.0,0.0,[],10.0,10.0,1,10.0,0,0.010605459000004203
aco_current,7,8083,85,4,4,0.0,0.0,0.0,0.0,0.20313307642936707,False,False,0.0,0.0,0.0,[],10.0,10.0,1,10.0,0,0.010605459000004203
aco_current,7,8084,85,5,1,26.0,149.0,175.0,0.875,0.9999998807907104,True,True,30.0,145.0,0.0,[1],10.0,10.0,1,10.0,0,0.01029762499999265
aco_current,7,8084,85,5,2,0.0,0.0,0.0,0.0,0.09907747060060501,False,False,0.0,0.0,0.0,[],10.0,10.0,1,10.0,0,0.01029762499999265
aco_current,7,8084,85,5,3,0.0,0.0,0.0,0.0,0.43936213850975037,False,False,0.0,0.0,0.0,[],10.0,10.0,1,10.0,0,0.01029762499999265
aco_current,7,8084,85,5,4,0.0,0.0,0.0,0.0,0.20313307642936707,False,False,0.0,0.0,0.0,[],10.0,10.0,1,10.0,0,0.01029762499999265
aco_current,7,8085,85,5,1,29.0,145.0,174.0,0.87,1.0,True,True,30.0,144.0,0.0,[1],10.0,10.0,1,10.0,0,0.009769999999988954
aco_current,7,8085,85,5,2,0.0,0.0,0.0,0.0,0.09907747060060501,False,False,0.0,0.0,0.0,[],10.0,10.0,1,10.0,0,0.009769999999988954
aco_current,7,8085,85,5,3,0.0,0.0,0.0,0.0,0.43936213850975037,False,False,0.0,0.0,0.0,[],10.0,10.0,1,10.0,0,0.009769999999988954
aco_current,7,8085,85,5,4,0.0,0.0,0.0,0.0,0.20313307642936707,False,False,0.0,0.0,0.0,[],10.0,10.0,1,10.0,0,0.009769999999988954
aco_current,7,8086,85,5,1,26.0,144.0,170.0,0.85,0.9999995827674866,True,True,30.0,140.0,0.0,[1],10.0,10.0,1,10.0,0,0.009846457999998393
aco_current,7,8086,85,5,2,0.0,0.0,0.0,0.0,0.09907747060060501,False,False,0.0,0.0,0.0,[],10.0,10.0,1,10.0,0,0.009846457999998393
aco_current,7,8086,85,5,3,0.0,0.0,0.0,0.0,0.43936213850975037,False,False,0.0,0.0,0.0,[],10.0,10.0,1,10.0,0,0.009846457999998393
aco_current,7,8086,85,5,4,0.0,0.0,0.0,0.0,0.20313307642936707,False,False,0.0,0.0,0.0,[],10.0,10.0,1,10.0,0,0.009846457999998393
aco_current,7,8087,85,5,1,27.0,140.0,167.0,0.835,0.9999992847442627,True,True,30.0,137.0,0.0,[1],10.0,10.0,1,10.0,0,0.009391666999988502
aco_current,7,8087,85,5,2,0.0,0.0,0.0,0.0,0.09907747060060501,False,False,0.0,0.0,0.0,[],10.0,10.0,1,10.0,0,0.009391666999988502
aco_current,7,8087,85,5,3,0.0,0.0,0.0,0.0,0.43936213850975037,False,False,0.0,0.0,0.0,[],10.0,10.0,1,10.0,0,0.009391666999988502
aco_current,7,8087,85,5,4,0.0,0.0,0.0,0.0,0.20313307642936707,False,False,0.0,0.0,0.0,[],10.0,10.0,1,10.0,0,0.009391666999988502
aco_current,7,8088,85,6,1,28.0,137.0,165.0,0.825,0.9999991655349731,True,True,30.0,135.0,0.0,[1],10.0,10.0,1,10.0,0,0.009857332999999358
aco_current,7,8088,85,6,2,0.0,0.0,0.0,0.0,0.09907747060060501,False,False,0.0,0.0,0.0,[],10.0,10.0,1,10.0,0,0.009857332999999358
aco_current,7,8088,85,6,3,0.0,0.0,0.0,0.0,0.43936213850975037,False,False,0.0,0.0,0.0,[],10.0,10.0,1,10.0,0,0.009857332999999358
aco_current,7,8088,85,6,4,0.0,0.0,0.0,0.0,0.20313307642936707,False,False,0.0,0.0,0.0,[],10.0,10.0,1,10.0,0,0.009857332999999358
aco_current,7,8089,85,6,1,27.0,135.0,162.0,0.81,0.9999973177909851,True,True,30.0,132.0,0.0,[1],10.0,10.0,1,10.0,0,0.009852499999993825
aco_current,7,8089,85,6,2,0.0,0.0,0.0,0.0,0.09907747060060501,False,False,0.0,0.0,0.0,[],10.0,10.0,1,10.0,0,0.009852499999993825
aco_current,7,8089,85,6,3,0.0,0.0,0.0,0.0,0.43936213850975037,False,False,0.0,0.0,0.0,[],10.0,10.0,1,10.0,0,0.009852499999993825
aco_current,7,8089,85,6,4,0.0,0.0,0.0,0.0,0.20313307642936707,False,False,0.0,0.0,0.0,[],10.0,10.0,1,10.0,0,0.009852499999993825
aco_current,7,8090,85,6,1,28.0,132.0,160.0,0.8,0.9999967813491821,True,True,30.0,130.0,0.0,[1],10.0,10.0,1,10.0,0,0.009706667000003222
aco_current,7,8090,85,6,2,0.0,0.0,0.0,0.0,0.09907747060060501,False,False,0.0,0.0,0.0,[],10.0,10.0,1,10.0,0,0.009706667000003222
aco_current,7,8090,85,6,3,0.0,0.0,0.0,0.0,0.43936213850975037,False,False,0.0,0.0,0.0,[],10.0,10.0,1,10.0,0,0.009706667000003222
aco_current,7,8090,85,6,4,0.0,0.0,0.0,0.0,0.20313307642936707,False,False,0.0,0.0,0.0,[],10.0,10.0,1,10.0,0,0.009706667000003222
aco_current,7,8091,85,6,1,27.0,130.0,157.0,0.785,0.9999902844429016,False,False,0.0,157.0,0.0,[],0.0,0.0,0,0.0,0,5.083000004901805e-06
aco_current,7,8091,85,6,2,0.0,0.0,0.0,0.0,0.09907747060060501,False,False,0.0,0.0,0.0,[],0.0,0.0,0,0.0,0,5.083000004901805e-06
aco_current,7,8091,85,6,3,0.0,0.0,0.0,0.0,0.43936213850975037,False,False,0.0,0.0,0.0,[],0.0,0.0,0,0.0,0,5.083000004901805e-06
aco_current,7,8091,85,6,4,0.0,0.0,0.0,0.0,0.20313307642936707,False,False,0.0,0.0,0.0,[],0.0,0.0,0,0.0,0,5.083000004901805e-06
aco_current,7,8092,85,7,1,26.0,157.0,183.0,0.915,1.0,True,True,30.0,153.0,0.0,[1],10.0,10.0,1,10.0,0,0.009654167000007874
aco_current,7,8092,85,7,2,0.0,0.0,0.0,0.0,0.09907747060060501,False,False,0.0,0.0,0.0,[],10.0,10.0,1,10.0,0,0.009654167000007874
aco_current,7,8092,85,7,3,0.0,0.0,0.0,0.0,0.43936213850975037,False,False,0.0,0.0,0.0,[],10.0,10.0,1,10.0,0,0.009654167000007874
aco_current,7,8092,85,7,4,0.0,0.0,0.0,0.0,0.20313307642936707,False,False,0.0,0.0,0.0,[],10.0,10.0,1,10.0,0,0.009654167000007874
aco_current,7,8093,85,7,1,28.0,153.0,181.0,0.905,1.0,True,True,30.0,151.0,0.0,[1],10.0,10.0,1,10.0,0,0.009802874999991218
aco_current,7,8093,85,7,2,0.0,0.0,0.0,0.0,0.09907747060060501,False,False,0.0,0.0,0.0,[],10.0,10.0,1,10.0,0,0.009802874999991218
aco_current,7,8093,85,7,3,0.0,0.0,0.0,0.0,0.43936213850975037,False,False,0.0,0.0,0.0,[],10.0,10.0,1,10.0,0,0.009802874999991218
aco_current,7,8093,85,7,4,0.0,0.0,0.0,0.0,0.20313307642936707,False,False,0.0,0.0,0.0,[],10.0,10.0,1,10.0,0,0.009802874999991218
aco_current,7,8094,85,7,1,27.0,151.0,178.0,0.89,1.0,True,True,30.0,148.0,0.0,[1],10.0,10.0,1,10.0,0,0.009751291000000606
aco_current,7,8094,85,7,2,0.0,0.0,0.0,0.0,0.09907747060060501,False,False,0.0,0.0,0.0,[],10.0,10.0,1,10.0,0,0.009751291000000606
aco_current,7,8094,85,7,3,0.0,0.0,0.0,0.0,0.43936213850975037,False,False,0.0,0.0,0.0,[],10.0,10.0,1,10.0,0,0.009751291000000606
aco_current,7,8094,85,7,4,0.0,0.0,0.0,0.0,0.20313307642936707,False,False,0.0,0.0,0.0,[],10.0,10.0,1,10.0,0,0.009751291000000606
aco_current,7,8095,85,7,1,28.0,148.0,176.0,0.88,1.0,True,True,30.0,146.0,0.0,[1],10.0,10.0,1,10.0,0,0.009835958000010692
aco_current,7,8095,85,7,2,0.0,0.0,0.0,0.0,0.09907747060060501,False,False,0.0,0.0,0.0,[],10.0,10.0,1,10.0,0,0.009835958000010692
aco_current,7,8095,85,7,3,0.0,0.0,0.0,0.0,0.43936213850975037,False,False,0.0,0.0,0.0,[],10.0,10.0,1,10.0,0,0.009835958000010692
aco_current,7,8095,85,7,4,0.0,0.0,0.0,0.0,0.20313307642936707,False,False,0.0,0.0,0.0,[],10.0,10.0,1,10.0,0,0.009835958000010692
aco_current,7,8096,85,8,1,27.0,146.0,173.0,0.865,0.9999998807907104,True,True,30.0,143.0,0.0,[1],10.0,10.0,1,10.0,0,0.009658459000007724
aco_current,7,8096,85,8,2,0.0,0.0,0.0,0.0,0.09907747060060501,False,False,0.0,0.0,0.0,[],10.0,10.0,1,10.0,0,0.009658459000007724
aco_current,7,8096,85,8,3,0.0,0.0,0.0,0.0,0.43936213850975037,False,False,0.0,0.0,0.0,[],10.0,10.0,1,10.0,0,0.009658459000007724
aco_current,7,8096,85,8,4,0.0,0.0,0.0,0.0,0.20313307642936707,False,False,0.0,0.0,0.0,[],10.0,10.0,1,10.0,0,0.009658459000007724
aco_current,7,8097,85,8,1,26.0,143.0,169.0,0.845,0.9999994039535522,True,True,30.0,139.0,0.0,[1],10.0,10.0,1,10.0,0,0.009995459000009532
aco_current,7,8097,85,8,2,0.0,0.0,0.0,0.0,0.09907747060060501,False,False,0.0,0.0,0.0,[],10.0,10.0,1,10.0,0,0.009995459000009532
aco_current,7,8097,85,8,3,0.0,0.0,0.0,0.0,0.43936213850975037,False,False,0.0,0.0,0.0,[],10.0,10.0,1,10.0,0,0.009995459000009532
aco_current,7,8097,85,8,4,0.0,0.0,0.0,0.0,0.20313307642936707,False,False,0.0,0.0,0.0,[],10.0,10.0,1,10.0,0,0.009995459000009532
aco_current,7,8098,85,8,1,29.0,139.0,168.0,0.84,0.9999997615814209,True,True,30.0,138.0,0.0,[1],10.0,10.0,1,10.0,0,0.009749042000009922
aco_current,7,8098,85,8,2,0.0,0.0,0.0,0.0,0.09907747060060501,False,False,0.0,0.0,0.0,[],10.0,10.0,1,10.0,0,0.009749042000009922
aco_current,7,8098,85,8,3,0.0,0.0,0.0,0.0,0.43936213850975037,False,False,0.0,0.0,0.0,[],10.0,10.0,1,10.0,0,0.009749042000009922
aco_current,7,8098,85,8,4,0.0,0.0,0.0,0.0,0.20313307642936707,False,False,0.0,0.0,0.0,[],10.0,10.0,1,10.0,0,0.009749042000009922
aco_current,7,8099,85,8,1,26.0,138.0,164.0,0.82,0.9999977946281433,True,True,30.0,134.0,0.0,[1],10.0,10.0,1,10.0,0,0.009587334000002556
aco_current,7,8099,85,8,2,0.0,0.0,0.0,0.0,0.09907747060060501,False,False,0.0,0.0,0.0,[],10.0,10.0,1,10.0,0,0.009587334000002556
aco_current,7,8099,85,8,3,0.0,0.0,0.0,0.0,0.43936213850975037,False,False,0.0,0.0,0.0,[],10.0,10.0,1,10.0,0,0.009587334000002556
aco_current,7,8099,85,8,4,0.0,0.0,0.0,0.0,0.20313307642936707,False,False,0.0,0.0,0.0,[],10.0,10.0,1,10.0,0,0.009587334000002556
aco_current,7,8100,85,9,1,29.0,134.0,163.0,0.815,0.9999989867210388,True,True,30.0,133.0,0.0,[1],10.0,10.0,1,10.0,0,0.009622708000009084
aco_current,7,8100,85,9,2,0.0,0.0,0.0,0.0,0.09907747060060501,False,False,0.0,0.0,0.0,[],10.0,10.0,1,10.0,0,0.009622708000009084
aco_current,7,8100,85,9,3,0.0,0.0,0.0,0.0,0.43936213850975037,False,False,0.0,0.0,0.0,[],10.0,10.0,1,10.0,0,0.009622708000009084
aco_current,7,8100,85,9,4,0.0,0.0,0.0,0.0,0.20313307642936707,False,False,0.0,0.0,0.0,[],10.0,10.0,1,10.0,0,0.009622708000009084
aco_current,7,8101,85,9,1,26.0,133.0,159.0,0.795,0.9999915361404419,False,False,0.0,159.0,0.0,[],0.0,0.0,0,0.0,0,2.8330000105825093e-06
aco_current,7,8101,85,9,2,0.0,0.0,0.0,0.0,0.09907747060060501,False,False,0.0,0.0,0.0,[],0.0,0.0,0,0.0,0,2.8330000105825093e-06
aco_current,7,8101,85,9,3,0.0,0.0,0.0,0.0,0.43936213850975037,False,False,0.0,0.0,0.0,[],0.0,0.0,0,0.0,0,2.8330000105825093e-06
aco_current,7,8101,85,9,4,0.0,0.0,0.0,0.0,0.20313307642936707,False,False,0.0,0.0,0.0,[],0.0,0.0,0,0.0,0,2.8330000105825093e-06
aco_current,7,8102,85,9,1,29.0,159.0,188.0,0.94,1.0,True,True,30.0,158.0,0.0,[1],10.0,10.0,1,10.0,0,0.009687124999999241
aco_current,7,8102,85,9,2,0.0,0.0,0.0,0.0,0.09907747060060501,False,False,0.0,0.0,0.0,[],10.0,10.0,1,10.0,0,0.009687124999999241
aco_current,7,8102,85,9,3,0.0,0.0,0.0,0.0,0.43936213850975037,False,False,0.0,0.0,0.0,[],10.0,10.0,1,10.0,0,0.009687124999999241
aco_current,7,8102,85,9,4,0.0,0.0,0.0,0.0,0.20313307642936707,False,False,0.0,0.0,0.0,[],10.0,10.0,1,10.0,0,0.009687124999999241
aco_current,7,8103,85,9,1,26.0,158.0,184.0,0.92,1.0,True,True,30.0,154.0,0.0,[1],10.0,10.0,1,10.0,0,0.00970929100000717
aco_current,7,8103,85,9,2,0.0,0.0,0.0,0.0,0.09907747060060501,False,False,0.0,0.0,0.0,[],10.0,10.0,1,10.0,0,0.00970929100000717
aco_current,7,8103,85,9,3,0.0,0.0,0.0,0.0,0.43936213850975037,False,False,0.0,0.0,0.0,[],10.0,10.0,1,10.0,0,0.00970929100000717
aco_current,7,8103,85,9,4,0.0,0.0,0.0,0.0,0.20313307642936707,False,False,0.0,0.0,0.0,[],10.0,10.0,1,10.0,0,0.00970929100000717
aco_current,7,8104,85,10,1,27.0,154.0,181.0,0.905,1.0,True,True,30.0,151.0,0.0,[1],10.0,10.0,1,10.0,0,0.00977979200000334
aco_current,7,8104,85,10,2,0.0,0.0,0.0,0.0,0.09907747060060501,False,False,0.0,0.0,0.0,[],10.0,10.0,1,10.0,0,0.00977979200000334
aco_current,7,8104,85,10,3,0.0,0.0,0.0,0.0,0.43936213850975037,False,False,0.0,0.0,0.0,[],10.0,10.0,1,10.0,0,0.00977979200000334
aco_current,7,8104,85,10,4,0.0,0.0,0.0,0.0,0.20313307642936707,False,False,0.0,0.0,0.0,[],10.0,10.0,1,10.0,0,0.00977979200000334
aco_current,7,8105,85,10,1,28.0,151.0,179.0,0.895,1.0,True,True,30.0,149.0,0.0,[1],10.0,10.0,1,10.0,0,0.0097125420000026
aco_current,7,8105,85,10,2,0.0,0.0,0.0,0.0,0.09907747060060501,False,False,0.0,0.0,0.0,[],10.0,10.0,1,10.0,0,0.0097125420000026
aco_current,7,8105,85,10,3,0.0,0.0,0.0,0.0,0.43936213850975037,False,False,0.0,0.0,0.0,[],10.0,10.0,1,10.0,0,0.0097125420000026
aco_current,7,8105,85,10,4,0.0,0.0,0.0,0.0,0.20313307642936707,False,False,0.0,0.0,0.0,[],10.0,10.0,1,10.0,0,0.0097125420000026
aco_current,7,8106,85,10,1,26.0,149.0,175.0,0.875,0.9999998807907104,True,True,30.0,145.0,0.0,[1],10.0,10.0,1,10.0,0,0.00969395900000336
aco_current,7,8106,85,10,2,0.0,0.0,0.0,0.0,0.09907747060060501,False,False,0.0,0.0,0.0,[],10.0,10.0,1,10.0,0,0.00969395900000336
aco_current,7,8106,85,10,3,0.0,0.0,0.0,0.0,0.43936213850975037,False,False,0.0,0.0,0.0,[],10.0,10.0,1,10.0,0,0.00969395900000336
aco_current,7,8106,85,10,4,0.0,0.0,0.0,0.0,0.20313307642936707,False,False,0.0,0.0,0.0,[],10.0,10.0,1,10.0,0,0.00969395900000336
aco_current,7,8107,85,10,1,23.0,145.0,168.0,0.84,0.9999977946281433,True,True,30.0,138.0,0.0,[1],10.0,10.0,1,10.0,0,0.009573165999995581
aco_current,7,8107,85,10,2,0.0,0.0,0.0,0.0,0.09907747060060501,False,False,0.0,0.0,0.0,[],10.0,10.0,1,10.0,0,0.009573165999995581
aco_current,7,8107,85,10,3,0.0,0.0,0.0,0.0,0.43936213850975037,False,False,0.0,0.0,0.0,[],10.0,10.0,1,10.0,0,0.009573165999995581
aco_current,7,8107,85,10,4,0.0,0.0,0.0,0.0,0.20313307642936707,False,False,0.0,0.0,0.0,[],10.0,10.0,1,10.0,0,0.009573165999995581
aco_current,7,8108,85,11,1,18.0,138.0,156.0,0.78,0.9997081756591797,False,False,0.0,156.0,0.0,[],0.0,0.0,0,0.0,0,4.084000011062017e-06
aco_current,7,8108,85,11,2,0.0,0.0,0.0,0.0,0.09907747060060501,False,False,0.0,0.0,0.0,[],0.0,0.0,0,0.0,0,4.084000011062017e-06
aco_current,7,8108,85,11,3,0.0,0.0,0.0,0.0,0.43936213850975037,False,False,0.0,0.0,0.0,[],0.0,0.0,0,0.0,0,4.084000011062017e-06
aco_current,7,8108,85,11,4,0.0,0.0,0.0,0.0,0.20313307642936707,False,False,0.0,0.0,0.0,[],0.0,0.0,0,0.0,0,4.084000011062017e-06
aco_current,7,8109,85,11,1,19.0,156.0,175.0,0.875,0.9999984502792358,True,True,30.0,145.0,0.0,[1],10.0,10.0,1,10.0,0,0.009771290999992743
aco_current,7,8109,85,11,2,0.0,0.0,0.0,0.0,0.09907747060060501,False,False,0.0,0.0,0.0,[],10.0,10.0,1,10.0,0,0.009771290999992743
aco_current,7,8109,85,11,3,0.0,0.0,0.0,0.0,0.43936213850975037,False,False,0.0,0.0,0.0,[],10.0,10.0,1,10.0,0,0.009771290999992743
aco_current,7,8109,85,11,4,0.0,0.0,0.0,0.0,0.20313307642936707,False,False,0.0,0.0,0.0,[],10.0,10.0,1,10.0,0,0.009771290999992743
aco_current,7,8110,85,11,1,19.0,145.0,164.0,0.82,0.9999716877937317,True,True,30.0,134.0,0.0,[1],10.0,10.0,1,10.0,0,0.009700250000008737
aco_current,7,8110,85,11,2,0.0,0.0,0.0,0.0,0.09907747060060501,False,False,0.0,0.0,0.0,[],10.0,10.0,1,10.0,0,0.009700250000008737
aco_current,7,8110,85,11,3,0.0,0.0,0.0,0.0,0.43936213850975037,False,False,0.0,0.0,0.0,[],10.0,10.0,1,10.0,0,0.009700250000008737
aco_current,7,8110,85,11,4,0.0,0.0,0.0,0.0,0.20313307642936707,False,False,0.0,0.0,0.0,[],10.0,10.0,1,10.0,0,0.009700250000008737
aco_current,7,8111,85,11,1,19.0,134.0,153.0,0.765,0.9996039867401123,False,False,0.0,153.0,0.0,[],0.0,0.0,0,0.0,0,1.125000000001819e-05
aco_current,7,8111,85,11,2,0.0,0.0,0.0,0.0,0.09907747060060501,False,False,0.0,0.0,0.0,[],0.0,0.0,0,0.0,0,1.125000000001819e-05
aco_current,7,8111,85,11,3,0.0,0.0,0.0,0.0,0.43936213850975037,False,False,0.0,0.0,0.0,[],0.0,0.0,0,0.0,0,1.125000000001819e-05
aco_current,7,8111,85,11,4,0.0,0.0,0.0,0.0,0.20313307642936707,False,False,0.0,0.0,0.0,[],0.0,0.0,0,0.0,0,1.125000000001819e-05
aco_current,7,8112,85,12,1,19.0,153.0,172.0,0.86,0.9999963641166687,True,True,30.0,142.0,0.0,[1],10.0,10.0,1,10.0,0,0.009844624999999496
aco_current,7,8112,85,12,2,0.0,0.0,0.0,0.0,0.09907747060060501,False,False,0.0,0.0,0.0,[],10.0,10.0,1,10.0,0,0.009844624999999496
aco_current,7,8112,85,12,3,0.0,0.0,0.0,0.0,0.43936213850975037,False,False,0.0,0.0,0.0,[],10.0,10.0,1,10.0,0,0.009844624999999496
aco_current,7,8112,85,12,4,0.0,0.0,0.0,0.0,0.20313307642936707,False,False,0.0,0.0,0.0,[],10.0,10.0,1,10.0,0,0.009844624999999496
aco_current,7,8113,85,12,1,19.0,142.0,161.0,0.805,0.9999375939369202,True,True,30.0,131.0,0.0,[1],10.0,10.0,1,10.0,0,0.009712292000003231
aco_current,7,8113,85,12,2,0.0,0.0,0.0,0.0,0.09907747060060501,False,False,0.0,0.0,0.0,[],10.0,10.0,1,10.0,0,0.009712292000003231
aco_current,7,8113,85,12,3,0.0,0.0,0.0,0.0,0.43936213850975037,False,False,0.0,0.0,0.0,[],10.0,10.0,1,10.0,0,0.009712292000003231
aco_current,7,8113,85,12,4,0.0,0.0,0.0,0.0,0.20313307642936707,False,False,0.0,0.0,0.0,[],10.0,10.0,1,10.0,0,0.009712292000003231
aco_current,7,8114,85,12,1,18.0,131.0,149.0,0.745,0.9990279078483582,False,False,0.0,149.0,0.0,[],0.0,0.0,0,0.0,0,3.125000006320988e-06
aco_current,7,8114,85,12,2,0.0,0.0,0.0,0.0,0.09907747060060501,False,False,0.0,0.0,0.0,[],0.0,0.0,0,0.0,0,3.125000006320988e-06
aco_current,7,8114,85,12,3,0.0,0.0,0.0,0.0,0.43936213850975037,False,False,0.0,0.0,0.0,[],0.0,0.0,0,0.0,0,3.125000006320988e-06
aco_current,7,8114,85,12,4,0.0,0.0,0.0,0.0,0.20313307642936707,False,False,0.0,0.0,0.0,[],0.0,0.0,0,0.0,0,3.125000006320988e-06
aco_current,7,8115,85,12,1,11.0,149.0,160.0,0.8,0.9986149668693542,True,True,30.0,130.0,0.0,[1],10.0,10.0,1,10.0,0,0.009432375000002935
aco_current,7,8115,85,12,2,0.0,0.0,0.0,0.0,0.09907747060060501,False,False,0.0,0.0,0.0,[],10.0,10.0,1,10.0,0,0.009432375000002935
aco_current,7,8115,85,12,3,0.0,0.0,0.0,0.0,0.43936213850975037,False,False,0.0,0.0,0.0,[],10.0,10.0,1,10.0,0,0.009432375000002935
aco_current,7,8115,85,12,4,0.0,0.0,0.0,0.0,0.20313307642936707,False,False,0.0,0.0,0.0,[],10.0,10.0,1,10.0,0,0.009432375000002935
aco_current,7,8116,85,13,1,10.0,130.0,140.0,0.7,0.9554082155227661,False,False,0.0,140.0,0.0,[],0.0,0.0,0,0.0,0,3.417000002059467e-06
aco_current,7,8116,85,13,2,0.0,0.0,0.0,0.0,0.09907747060060501,False,False,0.0,0.0,0.0,[],0.0,0.0,0,0.0,0,3.417000002059467e-06
aco_current,7,8116,85,13,3,0.0,0.0,0.0,0.0,0.43936213850975037,False,False,0.0,0.0,0.0,[],0.0,0.0,0,0.0,0,3.417000002059467e-06
aco_current,7,8116,85,13,4,0.0,0.0,0.0,0.0,0.20313307642936707,False,False,0.0,0.0,0.0,[],0.0,0.0,0,0.0,0,3.417000002059467e-06
aco_current,7,8117,85,13,1,11.0,140.0,151.0,0.755,0.991468071937561,False,False,0.0,151.0,0.0,[],0.0,0.0,0,0.0,0,2.250000008530151e-06
aco_current,7,8117,85,13,2,0.0,0.0,0.0,0.0,0.09907747060060501,False,False,0.0,0.0,0.0,[],0.0,0.0,0,0.0,0,2.250000008530151e-06
aco_current,7,8117,85,13,3,0.0,0.0,0.0,0.0,0.43936213850975037,False,False,0.0,0.0,0.0,[],0.0,0.0,0,0.0,0,2.250000008530151e-06
aco_current,7,8117,85,13,4,0.0,0.0,0.0,0.0,0.20313307642936707,False,False,0.0,0.0,0.0,[],0.0,0.0,0,0.0,0,2.250000008530151e-06
aco_current,7,8118,85,13,1,10.0,151.0,161.0,0.805,0.9983348250389099,True,True,30.0,131.0,0.0,[1],10.0,10.0,1,10.0,0,0.019415958999999816
aco_current,7,8118,85,13,2,0.0,0.0,0.0,0.0,0.09907747060060501,False,False,0.0,0.0,0.0,[],10.0,10.0,1,10.0,0,0.019415958999999816
aco_current,7,8118,85,13,3,0.0,0.0,0.0,0.0,0.43936213850975037,False,False,0.0,0.0,0.0,[],10.0,10.0,1,10.0,0,0.019415958999999816
aco_current,7,8118,85,13,4,0.0,0.0,0.0,0.0,0.20313307642936707,False,False,0.0,0.0,0.0,[],10.0,10.0,1,10.0,0,0.019415958999999816
aco_current,7,8119,85,13,1,11.0,131.0,142.0,0.71,0.9768160581588745,False,False,0.0,142.0,0.0,[],0.0,0.0,0,0.0,0,4.583000006164184e-06
aco_current,7,8119,85,13,2,0.0,0.0,0.0,0.0,0.09907747060060501,False,False,0.0,0.0,0.0,[],0.0,0.0,0,0.0,0,4.583000006164184e-06
aco_current,7,8119,85,13,3,0.0,0.0,0.0,0.0,0.43936213850975037,False,False,0.0,0.0,0.0,[],0.0,0.0,0,0.0,0,4.583000006164184e-06
aco_current,7,8119,85,13,4,0.0,0.0,0.0,0.0,0.20313307642936707,False,False,0.0,0.0,0.0,[],0.0,0.0,0,0.0,0,4.583000006164184e-06
aco_current,7,8120,85,14,1,10.0,142.0,152.0,0.76,0.989680826663971,False,False,0.0,152.0,0.0,[],0.0,0.0,0,0.0,0,4.250000003480636e-06
aco_current,7,8120,85,14,2,0.0,0.0,0.0,0.0,0.09907747060060501,False,False,0.0,0.0,0.0,[],0.0,0.0,0,0.0,0,4.250000003480636e-06
aco_current,7,8120,85,14,3,0.0,0.0,0.0,0.0,0.43936213850975037,False,False,0.0,0.0,0.0,[],0.0,0.0,0,0.0,0,4.250000003480636e-06
aco_current,7,8120,85,14,4,0.0,0.0,0.0,0.0,0.20313307642936707,False,False,0.0,0.0,0.0,[],0.0,0.0,0,0.0,0,4.250000003480636e-06
aco_current,7,8121,85,14,1,10.0,152.0,162.0,0.81,0.9987128376960754,True,True,30.0,132.0,0.0,[1],10.0,10.0,1,10.0,0,0.009912166999995975
aco_current,7,8121,85,14,2,0.0,0.0,0.0,0.0,0.09907747060060501,False,False,0.0,0.0,0.0,[],10.0,10.0,1,10.0,0,0.009912166999995975
aco_current,7,8121,85,14,3,0.0,0.0,0.0,0.0,0.43936213850975037,False,False,0.0,0.0,0.0,[],10.0,10.0,1,10.0,0,0.009912166999995975
aco_current,7,8121,85,14,4,0.0,0.0,0.0,0.0,0.20313307642936707,False,False,0.0,0.0,0.0,[],10.0,10.0,1,10.0,0,0.009912166999995975
aco_current,7,8122,85,14,1,11.0,132.0,143.0,0.715,0.9788840413093567,False,False,0.0,143.0,0.0,[],0.0,0.0,0,0.0,0,2.7090000003227033e-06
aco_current,7,8122,85,14,2,0.0,0.0,0.0,0.0,0.09907747060060501,False,False,0.0,0.0,0.0,[],0.0,0.0,0,0.0,0,2.7090000003227033e-06
aco_current,7,8122,85,14,3,0.0,0.0,0.0,0.0,0.43936213850975037,False,False,0.0,0.0,0.0,[],0.0,0.0,0,0.0,0,2.7090000003227033e-06
aco_current,7,8122,85,14,4,0.0,0.0,0.0,0.0,0.20313307642936707,False,False,0.0,0.0,0.0,[],0.0,0.0,0,0.0,0,2.7090000003227033e-06
aco_current,7,8123,85,14,1,10.0,143.0,153.0,0.765,0.9909735918045044,False,False,0.0,153.0,0.0,[],0.0,0.0,0,0.0,0,3.500000005374204e-06
aco_current,7,8123,85,14,2,0.0,0.0,0.0,0.0,0.09907747060060501,False,False,0.0,0.0,0.0,[],0.0,0.0,0,0.0,0,3.500000005374204e-06
aco_current,7,8123,85,14,3,0.0,0.0,0.0,0.0,0.43936213850975037,False,False,0.0,0.0,0.0,[],0.0,0.0,0,0.0,0,3.500000005374204e-06
aco_current,7,8123,85,14,4,0.0,0.0,0.0,0.0,0.20313307642936707,False,False,0.0,0.0,0.0,[],0.0,0.0,0,0.0,0,3.500000005374204e-06
aco_current,7,8124,85,15,1,11.0,153.0,164.0,0.82,0.999453067779541,True,True,30.0,134.0,0.0,[1],10.0,10.0,1,10.0,0,0.009630666999996151
aco_current,7,8124,85,15,2,0.0,0.0,0.0,0.0,0.09907747060060501,False,False,0.0,0.0,0.0,[],10.0,10.0,1,10.0,0,0.009630666999996151
aco_current,7,8124,85,15,3,0.0,0.0,0.0,0.0,0.43936213850975037,False,False,0.0,0.0,0.0,[],10.0,10.0,1,10.0,0,0.009630666999996151
aco_current,7,8124,85,15,4,0.0,0.0,0.0,0.0,0.20313307642936707,False,False,0.0,0.0,0.0,[],10.0,10.0,1,10.0,0,0.009630666999996151
aco_current,7,8125,85,15,1,10.0,134.0,144.0,0.72,0.9734430313110352,False,False,0.0,144.0,0.0,[],0.0,0.0,0,0.0,0,3.74999999053216e-06
aco_current,7,8125,85,15,2,0.0,0.0,0.0,0.0,0.09907747060060501,False,False,0.0,0.0,0.0,[],0.0,0.0,0,0.0,0,3.74999999053216e-06
aco_current,7,8125,85,15,3,0.0,0.0,0.0,0.0,0.43936213850975037,False,False,0.0,0.0,0.0,[],0.0,0.0,0,0.0,0,3.74999999053216e-06
aco_current,7,8125,85,15,4,0.0,0.0,0.0,0.0,0.20313307642936707,False,False,0.0,0.0,0.0,[],0.0,0.0,0,0.0,0,3.74999999053216e-06
aco_current,7,8126,85,15,1,11.0,144.0,155.0,0.775,0.9953635931015015,False,False,0.0,155.0,0.0,[],0.0,0.0,0,0.0,0,2.7499999930569174e-06
aco_current,7,8126,85,15,2,0.0,0.0,0.0,0.0,0.09907747060060501,False,False,0.0,0.0,0.0,[],0.0,0.0,0,0.0,0,2.7499999930569174e-06
aco_current,7,8126,85,15,3,0.0,0.0,0.0,0.0,0.43936213850975037,False,False,0.0,0.0,0.0,[],0.0,0.0,0,0.0,0,2.7499999930569174e-06
aco_current,7,8126,85,15,4,0.0,0.0,0.0,0.0,0.20313307642936707,False,False,0.0,0.0,0.0,[],0.0,0.0,0,0.0,0,2.7499999930569174e-06
aco_current,7,8127,85,15,1,10.0,155.0,165.0,0.825,0.9994010925292969,True,True,30.0,135.0,0.0,[1],10.0,10.0,1,10.0,0,0.009696458000007624
aco_current,7,8127,85,15,2,0.0,0.0,0.0,0.0,0.09907747060060501,False,False,0.0,0.0,0.0,[],10.0,10.0,1,10.0,0,0.009696458000007624
aco_current,7,8127,85,15,3,0.0,0.0,0.0,0.0,0.43936213850975037,False,False,0.0,0.0,0.0,[],10.0,10.0,1,10.0,0,0.009696458000007624
aco_current,7,8127,85,15,4,0.0,0.0,0.0,0.0,0.20313307642936707,False,False,0.0,0.0,0.0,[],10.0,10.0,1,10.0,0,0.009696458000007624
aco_current,7,8128,85,16,1,11.0,135.0,146.0,0.73,0.9852355718612671,False,False,0.0,146.0,0.0,[],0.0,0.0,0,0.0,0,3.0829999957404652e-06
aco_current,7,8128,85,16,2,0.0,0.0,0.0,0.0,0.09907747060060501,False,False,0.0,0.0,0.0,[],0.0,0.0,0,0.0,0,3.0829999957404652e-06
aco_current,7,8128,85,16,3,0.0,0.0,0.0,0.0,0.43936213850975037,False,False,0.0,0.0,0.0,[],0.0,0.0,0,0.0,0,3.0829999957404652e-06
aco_current,7,8128,85,16,4,0.0,0.0,0.0,0.0,0.20313307642936707,False,False,0.0,0.0,0.0,[],0.0,0.0,0,0.0,0,3.0829999957404652e-06
aco_current,7,8129,85,16,1,10.0,146.0,156.0,0.78,0.9946495890617371,False,False,0.0,156.0,0.0,[],0.0,0.0,0,0.0,0,2.0840000019006766e-06
aco_current,7,8129,85,16,2,0.0,0.0,0.0,0.0,0.09907747060060501,False,False,0.0,0.0,0.0,[],0.0,0.0,0,0.0,0,2.0840000019006766e-06
aco_current,7,8129,85,16,3,0.0,0.0,0.0,0.0,0.43936213850975037,False,False,0.0,0.0,0.0,[],0.0,0.0,0,0.0,0,2.0840000019006766e-06
aco_current,7,8129,85,16,4,0.0,0.0,0.0,0.0,0.20313307642936707,False,False,0.0,0.0,0.0,[],0.0,0.0,0,0.0,0,2.0840000019006766e-06
aco_current,7,8130,85,16,1,4.0,156.0,160.0,0.8,0.9771947860717773,True,True,30.0,130.0,0.0,[1],10.0,10.0,1,10.0,0,0.009873959000003651
aco_current,7,8130,85,16,2,0.0,0.0,0.0,0.0,0.09907747060060501,False,False,0.0,0.0,0.0,[],10.0,10.0,1,10.0,0,0.009873959000003651
aco_current,7,8130,85,16,3,0.0,0.0,0.0,0.0,0.43936213850975037,False,False,0.0,0.0,0.0,[],10.0,10.0,1,10.0,0,0.009873959000003651
aco_current,7,8130,85,16,4,0.0,0.0,0.0,0.0,0.20313307642936707,False,False,0.0,0.0,0.0,[],10.0,10.0,1,10.0,0,0.009873959000003651
aco_current,7,8131,85,16,1,0.0,130.0,130.0,0.65,0.17759163677692413,False,False,0.0,130.0,0.0,[],0.0,0.0,0,0.0,0,6.374999998115527e-06
aco_current,7,8131,85,16,2,0.0,0.0,0.0,0.0,0.09907747060060501,False,False,0.0,0.0,0.0,[],0.0,0.0,0,0.0,0,6.374999998115527e-06
aco_current,7,8131,85,16,3,0.0,0.0,0.0,0.0,0.43936213850975037,False,False,0.0,0.0,0.0,[],0.0,0.0,0,0.0,0,6.374999998115527e-06
aco_current,7,8131,85,16,4,0.0,0.0,0.0,0.0,0.20313307642936707,False,False,0.0,0.0,0.0,[],0.0,0.0,0,0.0,0,6.374999998115527e-06
aco_current,7,8132,85,17,1,0.0,130.0,130.0,0.65,0.2568911015987396,False,False,0.0,130.0,0.0,[],0.0,0.0,0,0.0,0,3.2920000023750617e-06
aco_current,7,8132,85,17,2,0.0,0.0,0.0,0.0,0.09907747060060501,False,False,0.0,0.0,0.0,[],0.0,0.0,0,0.0,0,3.2920000023750617e-06
aco_current,7,8132,85,17,3,0.0,0.0,0.0,0.0,0.43936213850975037,False,False,0.0,0.0,0.0,[],0.0,0.0,0,0.0,0,3.2920000023750617e-06
aco_current,7,8132,85,17,4,0.0,0.0,0.0,0.0,0.20313307642936707,False,False,0.0,0.0,0.0,[],0.0,0.0,0,0.0,0,3.2920000023750617e-06
aco_current,7,8133,85,17,1,0.0,130.0,130.0,0.65,0.3569861352443695,False,False,0.0,130.0,0.0,[],0.0,0.0,0,0.0,0,2.8340000000071086e-06
aco_current,7,8133,85,17,2,0.0,0.0,0.0,0.0,0.09907747060060501,False,False,0.0,0.0,0.0,[],0.0,0.0,0,0.0,0,2.8340000000071086e-06
aco_current,7,8133,85,17,3,0.0,0.0,0.0,0.0,0.43936213850975037,False,False,0.0,0.0,0.0,[],0.0,0.0,0,0.0,0,2.8340000000071086e-06
aco_current,7,8133,85,17,4,0.0,0.0,0.0,0.0,0.20313307642936707,False,False,0.0,0.0,0.0,[],0.0,0.0,0,0.0,0,2.8340000000071086e-06
aco_current,7,8134,85,17,1,0.0,130.0,130.0,0.65,0.40854841470718384,False,False,0.0,130.0,0.0,[],0.0,0.0,0,0.0,0,3.4579999947936813e-06
aco_current,7,8134,85,17,2,0.0,0.0,0.0,0.0,0.09907747060060501,False,False,0.0,0.0,0.0,[],0.0,0.0,0,0.0,0,3.4579999947936813e-06
aco_current,7,8134,85,17,3,0.0,0.0,0.0,0.0,0.43936213850975037,False,False,0.0,0.0,0.0,[],0.0,0.0,0,0.0,0,3.4579999947936813e-06
aco_current,7,8134,85,17,4,0.0,0.0,0.0,0.0,0.20313307642936707,False,False,0.0,0.0,0.0,[],0.0,0.0,0,0.0,0,3.4579999947936813e-06
aco_current,7,8135,85,17,1,0.0,130.0,130.0,0.65,0.40854841470718384,False,False,0.0,130.0,0.0,[],0.0,0.0,0,0.0,0,4.041999986270639e-06
aco_current,7,8135,85,17,2,0.0,0.0,0.0,0.0,0.09907747060060501,False,False,0.0,0.0,0.0,[],0.0,0.0,0,0.0,0,4.041999986270639e-06
aco_current,7,8135,85,17,3,0.0,0.0,0.0,0.0,0.43936213850975037,False,False,0.0,0.0,0.0,[],0.0,0.0,0,0.0,0,4.041999986270639e-06
aco_current,7,8135,85,17,4,0.0,0.0,0.0,0.0,0.20313307642936707,False,False,0.0,0.0,0.0,[],0.0,0.0,0,0.0,0,4.041999986270639e-06
aco_current,7,8136,85,18,1,0.0,130.0,130.0,0.65,0.40854841470718384,False,False,0.0,130.0,0.0,[],0.0,0.0,0,0.0,0,3.74999999053216e-06
aco_current,7,8136,85,18,2,0.0,0.0,0.0,0.0,0.09907747060060501,False,False,0.0,0.0,0.0,[],0.0,0.0,0,0.0,0,3.74999999053216e-06
aco_current,7,8136,85,18,3,0.0,0.0,0.0,0.0,0.43936213850975037,False,False,0.0,0.0,0.0,[],0.0,0.0,0,0.0,0,3.74999999053216e-06
aco_current,7,8136,85,18,4,0.0,0.0,0.0,0.0,0.20313307642936707,False,False,0.0,0.0,0.0,[],0.0,0.0,0,0.0,0,3.74999999053216e-06
aco_current,7,8137,85,18,1,0.0,130.0,130.0,0.65,0.40854841470718384,False,False,0.0,130.0,0.0,[],0.0,0.0,0,0.0,0,2.0829999982652225e-06
aco_current,7,8137,85,18,2,0.0,0.0,0.0,0.0,0.09907747060060501,False,False,0.0,0.0,0.0,[],0.0,0.0,0,0.0,0,2.0829999982652225e-06
aco_current,7,8137,85,18,3,0.0,0.0,0.0,0.0,0.43936213850975037,False,False,0.0,0.0,0.0,[],0.0,0.0,0,0.0,0,2.0829999982652225e-06
aco_current,7,8137,85,18,4,0.0,0.0,0.0,0.0,0.20313307642936707,False,False,0.0,0.0,0.0,[],0.0,0.0,0,0.0,0,2.0829999982652225e-06
aco_current,7,8138,85,18,1,0.0,130.0,130.0,0.65,0.40854841470718384,False,False,0.0,130.0,0.0,[],0.0,0.0,0,0.0,0,2.999999992425728e-06
aco_current,7,8138,85,18,2,0.0,0.0,0.0,0.0,0.09907747060060501,False,False,0.0,0.0,0.0,[],0.0,0.0,0,0.0,0,2.999999992425728e-06
aco_current,7,8138,85,18,3,0.0,0.0,0.0,0.0,0.43936213850975037,False,False,0.0,0.0,0.0,[],0.0,0.0,0,0.0,0,2.999999992425728e-06
aco_current,7,8138,85,18,4,0.0,0.0,0.0,0.0,0.20313307642936707,False,False,0.0,0.0,0.0,[],0.0,0.0,0,0.0,0,2.999999992425728e-06
aco_current,7,8139,85,18,1,0.0,130.0,130.0,0.65,0.40854841470718384,False,False,0.0,130.0,0.0,[],0.0,0.0,0,0.0,0,2.1670000052154137e-06
aco_current,7,8139,85,18,2,0.0,0.0,0.0,0.0,0.09907747060060501,False,False,0.0,0.0,0.0,[],0.0,0.0,0,0.0,0,2.1670000052154137e-06
aco_current,7,8139,85,18,3,0.0,0.0,0.0,0.0,0.43936213850975037,False,False,0.0,0.0,0.0,[],0.0,0.0,0,0.0,0,2.1670000052154137e-06
aco_current,7,8139,85,18,4,0.0,0.0,0.0,0.0,0.20313307642936707,False,False,0.0,0.0,0.0,[],0.0,0.0,0,0.0,0,2.1670000052154137e-06
aco_current,7,8140,85,19,1,0.0,130.0,130.0,0.65,0.40854841470718384,False,False,0.0,130.0,0.0,[],0.0,0.0,0,0.0,0,2.5000000078989615e-06
aco_current,7,8140,85,19,2,0.0,0.0,0.0,0.0,0.09907747060060501,False,False,0.0,0.0,0.0,[],0.0,0.0,0,0.0,0,2.5000000078989615e-06
aco_current,7,8140,85,19,3,0.0,0.0,0.0,0.0,0.43936213850975037,False,False,0.0,0.0,0.0,[],0.0,0.0,0,0.0,0,2.5000000078989615e-06
aco_current,7,8140,85,19,4,0.0,0.0,0.0,0.0,0.20313307642936707,False,False,0.0,0.0,0.0,[],0.0,0.0,0,0.0,0,2.5000000078989615e-06
aco_current,7,8141,85,19,1,0.0,130.0,130.0,0.65,0.40854841470718384,False,False,0.0,130.0,0.0,[],0.0,0.0,0,0.0,0,2.7079999966872492e-06
aco_current,7,8141,85,19,2,0.0,0.0,0.0,0.0,0.09907747060060501,False,False,0.0,0.0,0.0,[],0.0,0.0,0,0.0,0,2.7079999966872492e-06
aco_current,7,8141,85,19,3,0.0,0.0,0.0,0.0,0.43936213850975037,False,False,0.0,0.0,0.0,[],0.0,0.0,0,0.0,0,2.7079999966872492e-06
aco_current,7,8141,85,19,4,0.0,0.0,0.0,0.0,0.20313307642936707,False,False,0.0,0.0,0.0,[],0.0,0.0,0,0.0,0,2.7079999966872492e-06
aco_current,7,8142,85,19,1,0.0,130.0,130.0,0.65,0.40854841470718384,False,False,0.0,130.0,0.0,[],0.0,0.0,0,0.0,0,1.9590000022162712e-06
aco_current,7,8142,85,19,2,0.0,0.0,0.0,0.0,0.09907747060060501,False,False,0.0,0.0,0.0,[],0.0,0.0,0,0.0,0,1.9590000022162712e-06
aco_current,7,8142,85,19,3,0.0,0.0,0.0,0.0,0.43936213850975037,False,False,0.0,0.0,0.0,[],0.0,0.0,0,0.0,0,1.9590000022162712e-06
aco_current,7,8142,85,19,4,0.0,0.0,0.0,0.0,0.20313307642936707,False,False,0.0,0.0,0.0,[],0.0,0.0,0,0.0,0,1.9590000022162712e-06
aco_current,7,8143,85,19,1,0.0,130.0,130.0,0.65,0.40854841470718384,False,False,0.0,130.0,0.0,[],0.0,0.0,0,0.0,0,2.1249999946348908e-06
aco_current,7,8143,85,19,2,0.0,0.0,0.0,0.0,0.09907747060060501,False,False,0.0,0.0,0.0,[],0.0,0.0,0,0.0,0,2.1249999946348908e-06
aco_current,7,8143,85,19,3,0.0,0.0,0.0,0.0,0.43936213850975037,False,False,0.0,0.0,0.0,[],0.0,0.0,0,0.0,0,2.1249999946348908e-06
aco_current,7,8143,85,19,4,0.0,0.0,0.0,0.0,0.20313307642936707,False,False,0.0,0.0,0.0,[],0.0,0.0,0,0.0,0,2.1249999946348908e-06
aco_current,7,8144,85,20,1,0.0,130.0,130.0,0.65,0.40854841470718384,False,False,0.0,130.0,0.0,[],0.0,0.0,0,0.0,0,2.5420000042686297e-06
aco_current,7,8144,85,20,2,0.0,0.0,0.0,0.0,0.09907747060060501,False,False,0.0,0.0,0.0,[],0.0,0.0,0,0.0,0,2.5420000042686297e-06
aco_current,7,8144,85,20,3,0.0,0.0,0.0,0.0,0.43936213850975037,False,False,0.0,0.0,0.0,[],0.0,0.0,0,0.0,0,2.5420000042686297e-06
aco_current,7,8144,85,20,4,0.0,0.0,0.0,0.0,0.20313307642936707,False,False,0.0,0.0,0.0,[],0.0,0.0,0,0.0,0,2.5420000042686297e-06
aco_current,7,8145,85,20,1,0.0,130.0,130.0,0.65,0.40854841470718384,False,False,0.0,130.0,0.0,[],0.0,0.0,0,0.0,0,2.1660000015799596e-06
aco_current,7,8145,85,20,2,0.0,0.0,0.0,0.0,0.09907747060060501,False,False,0.0,0.0,0.0,[],0.0,0.0,0,0.0,0,2.1660000015799596e-06
aco_current,7,8145,85,20,3,0.0,0.0,0.0,0.0,0.43936213850975037,False,False,0.0,0.0,0.0,[],0.0,0.0,0,0.0,0,2.1660000015799596e-06
aco_current,7,8145,85,20,4,0.0,0.0,0.0,0.0,0.20313307642936707,False,False,0.0,0.0,0.0,[],0.0,0.0,0,0.0,0,2.1660000015799596e-06
aco_current,7,8146,85,20,1,0.0,130.0,130.0,0.65,0.40854841470718384,False,False,0.0,130.0,0.0,[],0.0,0.0,0,0.0,0,2.5410000006331757e-06
aco_current,7,8146,85,20,2,0.0,0.0,0.0,0.0,0.09907747060060501,False,False,0.0,0.0,0.0,[],0.0,0.0,0,0.0,0,2.5410000006331757e-06
aco_current,7,8146,85,20,3,0.0,0.0,0.0,0.0,0.43936213850975037,False,False,0.0,0.0,0.0,[],0.0,0.0,0,0.0,0,2.5410000006331757e-06
aco_current,7,8146,85,20,4,0.0,0.0,0.0,0.0,0.20313307642936707,False,False,0.0,0.0,0.0,[],0.0,0.0,0,0.0,0,2.5410000006331757e-06
aco_current,7,8147,85,20,1,0.0,130.0,130.0,0.65,0.40854841470718384,False,False,0.0,130.0,0.0,[],0.0,0.0,0,0.0,0,1.7920000061621977e-06
aco_current,7,8147,85,20,2,0.0,0.0,0.0,0.0,0.09907747060060501,False,False,0.0,0.0,0.0,[],0.0,0.0,0,0.0,0,1.7920000061621977e-06
aco_current,7,8147,85,20,3,0.0,0.0,0.0,0.0,0.43936213850975037,False,False,0.0,0.0,0.0,[],0.0,0.0,0,0.0,0,1.7920000061621977e-06
aco_current,7,8147,85,20,4,0.0,0.0,0.0,0.0,0.20313307642936707,False,False,0.0,0.0,0.0,[],0.0,0.0,0,0.0,0,1.7920000061621977e-06
aco_current,7,8148,85,21,1,0.0,130.0,130.0,0.65,0.40854841470718384,False,False,0.0,130.0,0.0,[],0.0,0.0,0,0.0,0,2.7090000003227033e-06
aco_current,7,8148,85,21,2,0.0,0.0,0.0,0.0,0.09907747060060501,False,False,0.0,0.0,0.0,[],0.0,0.0,0,0.0,0,2.7090000003227033e-06
aco_current,7,8148,85,21,3,0.0,0.0,0.0,0.0,0.43936213850975037,False,False,0.0,0.0,0.0,[],0.0,0.0,0,0.0,0,2.7090000003227033e-06
aco_current,7,8148,85,21,4,0.0,0.0,0.0,0.0,0.20313307642936707,False,False,0.0,0.0,0.0,[],0.0,0.0,0,0.0,0,2.7090000003227033e-06
aco_current,7,8149,85,21,1,0.0,130.0,130.0,0.65,0.40854841470718384,False,False,0.0,130.0,0.0,[],0.0,0.0,0,0.0,0,2.0829999982652225e-06
aco_current,7,8149,85,21,2,0.0,0.0,0.0,0.0,0.09907747060060501,False,False,0.0,0.0,0.0,[],0.0,0.0,0,0.0,0,2.0829999982652225e-06
aco_current,7,8149,85,21,3,0.0,0.0,0.0,0.0,0.43936213850975037,False,False,0.0,0.0,0.0,[],0.0,0.0,0,0.0,0,2.0829999982652225e-06
aco_current,7,8149,85,21,4,0.0,0.0,0.0,0.0,0.20313307642936707,False,False,0.0,0.0,0.0,[],0.0,0.0,0,0.0,0,2.0829999982652225e-06
aco_current,7,8150,85,21,1,0.0,130.0,130.0,0.65,0.40854841470718384,False,False,0.0,130.0,0.0,[],0.0,0.0,0,0.0,0,2.0420000055310084e-06
aco_current,7,8150,85,21,2,0.0,0.0,0.0,0.0,0.09907747060060501,False,False,0.0,0.0,0.0,[],0.0,0.0,0,0.0,0,2.0420000055310084e-06
aco_current,7,8150,85,21,3,0.0,0.0,0.0,0.0,0.43936213850975037,False,False,0.0,0.0,0.0,[],0.0,0.0,0,0.0,0,2.0420000055310084e-06
aco_current,7,8150,85,21,4,0.0,0.0,0.0,0.0,0.20313307642936707,False,False,0.0,0.0,0.0,[],0.0,0.0,0,0.0,0,2.0420000055310084e-06
aco_current,7,8151,85,21,1,0.0,130.0,130.0,0.65,0.40854841470718384,False,False,0.0,130.0,0.0,[],0.0,0.0,0,0.0,0,1.4041000000020176e-05
aco_current,7,8151,85,21,2,0.0,0.0,0.0,0.0,0.09907747060060501,False,False,0.0,0.0,0.0,[],0.0,0.0,0,0.0,0,1.4041000000020176e-05
aco_current,7,8151,85,21,3,0.0,0.0,0.0,0.0,0.43936213850975037,False,False,0.0,0.0,0.0,[],0.0,0.0,0,0.0,0,1.4041000000020176e-05
aco_current,7,8151,85,21,4,0.0,0.0,0.0,0.0,0.20313307642936707,False,False,0.0,0.0,0.0,[],0.0,0.0,0,0.0,0,1.4041000000020176e-05
aco_current,7,8152,85,22,1,0.0,130.0,130.0,0.65,0.40854841470718384,False,False,0.0,130.0,0.0,[],0.0,0.0,0,0.0,0,2.8749999927413228e-06
aco_current,7,8152,85,22,2,0.0,0.0,0.0,0.0,0.09907747060060501,False,False,0.0,0.0,0.0,[],0.0,0.0,0,0.0,0,2.8749999927413228e-06
aco_current,7,8152,85,22,3,0.0,0.0,0.0,0.0,0.43936213850975037,False,False,0.0,0.0,0.0,[],0.0,0.0,0,0.0,0,2.8749999927413228e-06
aco_current,7,8152,85,22,4,0.0,0.0,0.0,0.0,0.20313307642936707,False,False,0.0,0.0,0.0,[],0.0,0.0,0,0.0,0,2.8749999927413228e-06
aco_current,7,8153,85,22,1,0.0,130.0,130.0,0.65,0.40854841470718384,False,False,0.0,130.0,0.0,[],0.0,0.0,0,0.0,0,3.375000005689799e-06
aco_current,7,8153,85,22,2,0.0,0.0,0.0,0.0,0.09907747060060501,False,False,0.0,0.0,0.0,[],0.0,0.0,0,0.0,0,3.375000005689799e-06
aco_current,7,8153,85,22,3,0.0,0.0,0.0,0.0,0.43936213850975037,False,False,0.0,0.0,0.0,[],0.0,0.0,0,0.0,0,3.375000005689799e-06
aco_current,7,8153,85,22,4,0.0,0.0,0.0,0.0,0.20313307642936707,False,False,0.0,0.0,0.0,[],0.0,0.0,0,0.0,0,3.375000005689799e-06
aco_current,7,8154,85,22,1,0.0,130.0,130.0,0.65,0.40854841470718384,False,False,0.0,130.0,0.0,[],0.0,0.0,0,0.0,0,3.1659999990552024e-06
aco_current,7,8154,85,22,2,0.0,0.0,0.0,0.0,0.09907747060060501,False,False,0.0,0.0,0.0,[],0.0,0.0,0,0.0,0,3.1659999990552024e-06
aco_current,7,8154,85,22,3,0.0,0.0,0.0,0.0,0.43936213850975037,False,False,0.0,0.0,0.0,[],0.0,0.0,0,0.0,0,3.1659999990552024e-06
aco_current,7,8154,85,22,4,0.0,0.0,0.0,0.0,0.20313307642936707,False,False,0.0,0.0,0.0,[],0.0,0.0,0,0.0,0,3.1659999990552024e-06
aco_current,7,8155,85,22,1,0.0,130.0,130.0,0.65,0.40854841470718384,False,False,0.0,130.0,0.0,[],0.0,0.0,0,0.0,0,2.3749999940037014e-06
aco_current,7,8155,85,22,2,0.0,0.0,0.0,0.0,0.09907747060060501,False,False,0.0,0.0,0.0,[],0.0,0.0,0,0.0,0,2.3749999940037014e-06
aco_current,7,8155,85,22,3,0.0,0.0,0.0,0.0,0.43936213850975037,False,False,0.0,0.0,0.0,[],0.0,0.0,0,0.0,0,2.3749999940037014e-06
aco_current,7,8155,85,22,4,0.0,0.0,0.0,0.0,0.20313307642936707,False,False,0.0,0.0,0.0,[],0.0,0.0,0,0.0,0,2.3749999940037014e-06
aco_current,7,8156,85,23,1,0.0,130.0,130.0,0.65,0.40854841470718384,False,False,0.0,130.0,0.0,[],0.0,0.0,0,0.0,0,3.374999991478944e-06
aco_current,7,8156,85,23,2,0.0,0.0,0.0,0.0,0.09907747060060501,False,False,0.0,0.0,0.0,[],0.0,0.0,0,0.0,0,3.374999991478944e-06
aco_current,7,8156,85,23,3,0.0,0.0,0.0,0.0,0.43936213850975037,False,False,0.0,0.0,0.0,[],0.0,0.0,0,0.0,0,3.374999991478944e-06
aco_current,7,8156,85,23,4,0.0,0.0,0.0,0.0,0.20313307642936707,False,False,0.0,0.0,0.0,[],0.0,0.0,0,0.0,0,3.374999991478944e-06
aco_current,7,8157,85,23,1,0.0,130.0,130.0,0.65,0.40854841470718384,False,False,0.0,130.0,0.0,[],0.0,0.0,0,0.0,0,2.209000001585082e-06
aco_current,7,8157,85,23,2,0.0,0.0,0.0,0.0,0.09907747060060501,False,False,0.0,0.0,0.0,[],0.0,0.0,0,0.0,0,2.209000001585082e-06
aco_current,7,8157,85,23,3,0.0,0.0,0.0,0.0,0.43936213850975037,False,False,0.0,0.0,0.0,[],0.0,0.0,0,0.0,0,2.209000001585082e-06
aco_current,7,8157,85,23,4,0.0,0.0,0.0,0.0,0.20313307642936707,False,False,0.0,0.0,0.0,[],0.0,0.0,0,0.0,0,2.209000001585082e-06
aco_current,7,8158,85,23,1,0.0,130.0,130.0,0.65,0.40854841470718384,False,False,0.0,130.0,0.0,[],0.0,0.0,0,0.0,0,2.750000007267772e-06
aco_current,7,8158,85,23,2,0.0,0.0,0.0,0.0,0.09907747060060501,False,False,0.0,0.0,0.0,[],0.0,0.0,0,0.0,0,2.750000007267772e-06
aco_current,7,8158,85,23,3,0.0,0.0,0.0,0.0,0.43936213850975037,False,False,0.0,0.0,0.0,[],0.0,0.0,0,0.0,0,2.750000007267772e-06
aco_current,7,8158,85,23,4,0.0,0.0,0.0,0.0,0.20313307642936707,False,False,0.0,0.0,0.0,[],0.0,0.0,0,0.0,0,2.750000007267772e-06
aco_current,7,8159,85,23,1,0.0,130.0,130.0,0.65,0.40854841470718384,False,False,0.0,130.0,0.0,[],0.0,0.0,0,0.0,0,1.9999999949504854e-06
aco_current,7,8159,85,23,2,0.0,0.0,0.0,0.0,0.09907747060060501,False,False,0.0,0.0,0.0,[],0.0,0.0,0,0.0,0,1.9999999949504854e-06
aco_current,7,8159,85,23,3,0.0,0.0,0.0,0.0,0.43936213850975037,False,False,0.0,0.0,0.0,[],0.0,0.0,0,0.0,0,1.9999999949504854e-06
aco_current,7,8159,85,23,4,0.0,0.0,0.0,0.0,0.20313307642936707,False,False,0.0,0.0,0.0,[],0.0,0.0,0,0.0,0,1.9999999949504854e-06
aco_current,7,8160,86,0,1,26.0,130.0,156.0,0.78,0.9999768137931824,False,False,0.0,156.0,0.0,[],0.0,0.0,0,0.0,0,1.7920000061621977e-06
aco_current,7,8160,86,0,2,0.0,0.0,0.0,0.0,0.09907747060060501,False,False,0.0,0.0,0.0,[],0.0,0.0,0,0.0,0,1.7920000061621977e-06
aco_current,7,8160,86,0,3,0.0,0.0,0.0,0.0,0.43936213850975037,False,False,0.0,0.0,0.0,[],0.0,0.0,0,0.0,0,1.7920000061621977e-06
aco_current,7,8160,86,0,4,0.0,0.0,0.0,0.0,0.20313307642936707,False,False,0.0,0.0,0.0,[],0.0,0.0,0,0.0,0,1.7920000061621977e-06
aco_current,7,8161,86,0,1,29.0,156.0,185.0,0.925,1.0,True,True,30.0,155.0,0.0,[1],10.0,10.0,1,10.0,0,0.009900291999997535
aco_current,7,8161,86,0,2,0.0,0.0,0.0,0.0,0.09907747060060501,False,False,0.0,0.0,0.0,[],10.0,10.0,1,10.0,0,0.009900291999997535
aco_current,7,8161,86,0,3,0.0,0.0,0.0,0.0,0.43936213850975037,False,False,0.0,0.0,0.0,[],10.0,10.0,1,10.0,0,0.009900291999997535
aco_current,7,8161,86,0,4,0.0,0.0,0.0,0.0,0.20313307642936707,False,False,0.0,0.0,0.0,[],10.0,10.0,1,10.0,0,0.009900291999997535
aco_current,7,8162,86,0,1,26.0,155.0,181.0,0.905,1.0,True,True,30.0,151.0,0.0,[1],10.0,10.0,1,10.0,0,0.009940791999994758
aco_current,7,8162,86,0,2,0.0,0.0,0.0,0.0,0.09907747060060501,False,False,0.0,0.0,0.0,[],10.0,10.0,1,10.0,0,0.009940791999994758
aco_current,7,8162,86,0,3,0.0,0.0,0.0,0.0,0.43936213850975037,False,False,0.0,0.0,0.0,[],10.0,10.0,1,10.0,0,0.009940791999994758
aco_current,7,8162,86,0,4,0.0,0.0,0.0,0.0,0.20313307642936707,False,False,0.0,0.0,0.0,[],10.0,10.0,1,10.0,0,0.009940791999994758
aco_current,7,8163,86,0,1,29.0,151.0,180.0,0.9,1.0,True,True,30.0,150.0,0.0,[1],10.0,10.0,1,10.0,0,0.009882375000003663
aco_current,7,8163,86,0,2,0.0,0.0,0.0,0.0,0.09907747060060501,False,False,0.0,0.0,0.0,[],10.0,10.0,1,10.0,0,0.009882375000003663
aco_current,7,8163,86,0,3,0.0,0.0,0.0,0.0,0.43936213850975037,False,False,0.0,0.0,0.0,[],10.0,10.0,1,10.0,0,0.009882375000003663
aco_current,7,8163,86,0,4,0.0,0.0,0.0,0.0,0.20313307642936707,False,False,0.0,0.0,0.0,[],10.0,10.0,1,10.0,0,0.009882375000003663
aco_current,7,8164,86,1,1,28.0,150.0,178.0,0.89,1.0,True,True,30.0,148.0,0.0,[1],10.0,10.0,1,10.0,0,0.00973191600000689
aco_current,7,8164,86,1,2,0.0,0.0,0.0,0.0,0.09907747060060501,False,False,0.0,0.0,0.0,[],10.0,10.0,1,10.0,0,0.00973191600000689
aco_current,7,8164,86,1,3,0.0,0.0,0.0,0.0,0.43936213850975037,False,False,0.0,0.0,0.0,[],10.0,10.0,1,10.0,0,0.00973191600000689
aco_current,7,8164,86,1,4,0.0,0.0,0.0,0.0,0.20313307642936707,False,False,0.0,0.0,0.0,[],10.0,10.0,1,10.0,0,0.00973191600000689
aco_current,7,8165,86,1,1,27.0,148.0,175.0,0.875,0.9999999403953552,True,True,30.0,145.0,0.0,[1],10.0,10.0,1,10.0,0,0.009857791000001725
aco_current,7,8165,86,1,2,0.0,0.0,0.0,0.0,0.09907747060060501,False,False,0.0,0.0,0.0,[],10.0,10.0,1,10.0,0,0.009857791000001725
aco_current,7,8165,86,1,3,0.0,0.0,0.0,0.0,0.43936213850975037,False,False,0.0,0.0,0.0,[],10.0,10.0,1,10.0,0,0.009857791000001725
aco_current,7,8165,86,1,4,0.0,0.0,0.0,0.0,0.20313307642936707,False,False,0.0,0.0,0.0,[],10.0,10.0,1,10.0,0,0.009857791000001725
aco_current,7,8166,86,1,1,29.0,145.0,174.0,0.87,1.0,True,True,30.0,144.0,0.0,[1],10.0,10.0,1,10.0,0,0.00977970799999639
aco_current,7,8166,86,1,2,0.0,0.0,0.0,0.0,0.09907747060060501,False,False,0.0,0.0,0.0,[],10.0,10.0,1,10.0,0,0.00977970799999639
aco_current,7,8166,86,1,3,0.0,0.0,0.0,0.0,0.43936213850975037,False,False,0.0,0.0,0.0,[],10.0,10.0,1,10.0,0,0.00977970799999639
aco_current,7,8166,86,1,4,0.0,0.0,0.0,0.0,0.20313307642936707,False,False,0.0,0.0,0.0,[],10.0,10.0,1,10.0,0,0.00977970799999639
aco_current,7,8167,86,1,1,28.0,144.0,172.0,0.86,0.9999998807907104,True,True,30.0,142.0,0.0,[1],10.0,10.0,1,10.0,0,0.009813084000001027
aco_current,7,8167,86,1,2,0.0,0.0,0.0,0.0,0.09907747060060501,False,False,0.0,0.0,0.0,[],10.0,10.0,1,10.0,0,0.009813084000001027
aco_current,7,8167,86,1,3,0.0,0.0,0.0,0.0,0.43936213850975037,False,False,0.0,0.0,0.0,[],10.0,10.0,1,10.0,0,0.009813084000001027
aco_current,7,8167,86,1,4,0.0,0.0,0.0,0.0,0.20313307642936707,False,False,0.0,0.0,0.0,[],10.0,10.0,1,10.0,0,0.009813084000001027
aco_current,7,8168,86,2,1,27.0,142.0,169.0,0.845,0.9999995827674866,True,True,30.0,139.0,0.0,[1],10.0,10.0,1,10.0,0,0.009770791999997641
aco_current,7,8168,86,2,2,0.0,0.0,0.0,0.0,0.09907747060060501,False,False,0.0,0.0,0.0,[],10.0,10.0,1,10.0,0,0.009770791999997641
aco_current,7,8168,86,2,3,0.0,0.0,0.0,0.0,0.43936213850975037,False,False,0.0,0.0,0.0,[],10.0,10.0,1,10.0,0,0.009770791999997641
aco_current,7,8168,86,2,4,0.0,0.0,0.0,0.0,0.20313307642936707,False,False,0.0,0.0,0.0,[],10.0,10.0,1,10.0,0,0.009770791999997641
aco_current,7,8169,86,2,1,28.0,139.0,167.0,0.835,0.9999995231628418,True,True,30.0,137.0,0.0,[1],10.0,10.0,1,10.0,0,0.009813999999991552
aco_current,7,8169,86,2,2,0.0,0.0,0.0,0.0,0.09907747060060501,False,False,0.0,0.0,0.0,[],10.0,10.0,1,10.0,0,0.009813999999991552
aco_current,7,8169,86,2,3,0.0,0.0,0.0,0.0,0.43936213850975037,False,False,0.0,0.0,0.0,[],10.0,10.0,1,10.0,0,0.009813999999991552
aco_current,7,8169,86,2,4,0.0,0.0,0.0,0.0,0.20313307642936707,False,False,0.0,0.0,0.0,[],10.0,10.0,1,10.0,0,0.009813999999991552
aco_current,7,8170,86,2,1,29.0,137.0,166.0,0.83,0.9999995231628418,True,True,30.0,136.0,0.0,[1],10.0,10.0,1,10.0,0,0.009811458000001494
aco_current,7,8170,86,2,2,0.0,0.0,0.0,0.0,0.09907747060060501,False,False,0.0,0.0,0.0,[],10.0,10.0,1,10.0,0,0.009811458000001494
aco_current,7,8170,86,2,3,0.0,0.0,0.0,0.0,0.43936213850975037,False,False,0.0,0.0,0.0,[],10.0,10.0,1,10.0,0,0.009811458000001494
aco_current,7,8170,86,2,4,0.0,0.0,0.0,0.0,0.20313307642936707,False,False,0.0,0.0,0.0,[],10.0,10.0,1,10.0,0,0.009811458000001494
aco_current,7,8171,86,2,1,27.0,136.0,163.0,0.815,0.9999979734420776,True,True,30.0,133.0,0.0,[1],10.0,10.0,1,10.0,0,0.00987837499999955
aco_current,7,8171,86,2,2,0.0,0.0,0.0,0.0,0.09907747060060501,False,False,0.0,0.0,0.0,[],10.0,10.0,1,10.0,0,0.00987837499999955
aco_current,7,8171,86,2,3,0.0,0.0,0.0,0.0,0.43936213850975037,False,False,0.0,0.0,0.0,[],10.0,10.0,1,10.0,0,0.00987837499999955
aco_current,7,8171,86,2,4,0.0,0.0,0.0,0.0,0.20313307642936707,False,False,0.0,0.0,0.0,[],10.0,10.0,1,10.0,0,0.00987837499999955
aco_current,7,8172,86,3,1,28.0,133.0,161.0,0.805,0.9999975562095642,True,True,30.0,131.0,0.0,[1],10.0,10.0,1,10.0,0,0.009583750000004443
aco_current,7,8172,86,3,2,0.0,0.0,0.0,0.0,0.09907747060060501,False,False,0.0,0.0,0.0,[],10.0,10.0,1,10.0,0,0.009583750000004443
aco_current,7,8172,86,3,3,0.0,0.0,0.0,0.0,0.43936213850975037,False,False,0.0,0.0,0.0,[],10.0,10.0,1,10.0,0,0.009583750000004443
aco_current,7,8172,86,3,4,0.0,0.0,0.0,0.0,0.20313307642936707,False,False,0.0,0.0,0.0,[],10.0,10.0,1,10.0,0,0.009583750000004443
aco_current,7,8173,86,3,1,29.0,131.0,160.0,0.8,0.9999977350234985,True,True,30.0,130.0,0.0,[1],10.0,10.0,1,10.0,0,0.009785374999992769
aco_current,7,8173,86,3,2,0.0,0.0,0.0,0.0,0.09907747060060501,False,False,0.0,0.0,0.0,[],10.0,10.0,1,10.0,0,0.009785374999992769
aco_current,7,8173,86,3,3,0.0,0.0,0.0,0.0,0.43936213850975037,False,False,0.0,0.0,0.0,[],10.0,10.0,1,10.0,0,0.009785374999992769
aco_current,7,8173,86,3,4,0.0,0.0,0.0,0.0,0.20313307642936707,False,False,0.0,0.0,0.0,[],10.0,10.0,1,10.0,0,0.009785374999992769
aco_current,7,8174,86,3,1,26.0,130.0,156.0,0.78,0.9999828338623047,False,False,0.0,156.0,0.0,[],0.0,0.0,0,0.0,0,3.2089999990603246e-06
aco_current,7,8174,86,3,2,0.0,0.0,0.0,0.0,0.09907747060060501,False,False,0.0,0.0,0.0,[],0.0,0.0,0,0.0,0,3.2089999990603246e-06
aco_current,7,8174,86,3,3,0.0,0.0,0.0,0.0,0.43936213850975037,False,False,0.0,0.0,0.0,[],0.0,0.0,0,0.0,0,3.2089999990603246e-06
aco_current,7,8174,86,3,4,0.0,0.0,0.0,0.0,0.20313307642936707,False,False,0.0,0.0,0.0,[],0.0,0.0,0,0.0,0,3.2089999990603246e-06
aco_current,7,8175,86,3,1,29.0,156.0,185.0,0.925,1.0,True,True,30.0,155.0,0.0,[1],10.0,10.0,1,10.0,0,0.009806041999993909
aco_current,7,8175,86,3,2,0.0,0.0,0.0,0.0,0.09907747060060501,False,False,0.0,0.0,0.0,[],10.0,10.0,1,10.0,0,0.009806041999993909
aco_current,7,8175,86,3,3,0.0,0.0,0.0,0.0,0.43936213850975037,False,False,0.0,0.0,0.0,[],10.0,10.0,1,10.0,0,0.009806041999993909
aco_current,7,8175,86,3,4,0.0,0.0,0.0,0.0,0.20313307642936707,False,False,0.0,0.0,0.0,[],10.0,10.0,1,10.0,0,0.009806041999993909
aco_current,7,8176,86,4,1,28.0,155.0,183.0,0.915,1.0,True,True,30.0,153.0,0.0,[1],10.0,10.0,1,10.0,0,0.009666875000007735
aco_current,7,8176,86,4,2,0.0,0.0,0.0,0.0,0.09907747060060501,False,False,0.0,0.0,0.0,[],10.0,10.0,1,10.0,0,0.009666875000007735
aco_current,7,8176,86,4,3,0.0,0.0,0.0,0.0,0.43936213850975037,False,False,0.0,0.0,0.0,[],10.0,10.0,1,10.0,0,0.009666875000007735
aco_current,7,8176,86,4,4,0.0,0.0,0.0,0.0,0.20313307642936707,False,False,0.0,0.0,0.0,[],10.0,10.0,1,10.0,0,0.009666875000007735
aco_current,7,8177,86,4,1,27.0,153.0,180.0,0.9,1.0,True,True,30.0,150.0,0.0,[1],10.0,10.0,1,10.0,0,0.00988175000000524
aco_current,7,8177,86,4,2,0.0,0.0,0.0,0.0,0.09907747060060501,False,False,0.0,0.0,0.0,[],10.0,10.0,1,10.0,0,0.00988175000000524
aco_current,7,8177,86,4,3,0.0,0.0,0.0,0.0,0.43936213850975037,False,False,0.0,0.0,0.0,[],10.0,10.0,1,10.0,0,0.00988175000000524
aco_current,7,8177,86,4,4,0.0,0.0,0.0,0.0,0.20313307642936707,False,False,0.0,0.0,0.0,[],10.0,10.0,1,10.0,0,0.00988175000000524
aco_current,7,8178,86,4,1,29.0,150.0,179.0,0.895,1.0,True,True,30.0,149.0,0.0,[1],10.0,10.0,1,10.0,0,0.010169875000002548
aco_current,7,8178,86,4,2,0.0,0.0,0.0,0.0,0.09907747060060501,False,False,0.0,0.0,0.0,[],10.0,10.0,1,10.0,0,0.010169875000002548
aco_current,7,8178,86,4,3,0.0,0.0,0.0,0.0,0.43936213850975037,False,False,0.0,0.0,0.0,[],10.0,10.0,1,10.0,0,0.010169875000002548
aco_current,7,8178,86,4,4,0.0,0.0,0.0,0.0,0.20313307642936707,False,False,0.0,0.0,0.0,[],10.0,10.0,1,10.0,0,0.010169875000002548
aco_current,7,8179,86,4,1,28.0,149.0,177.0,0.885,1.0,True,True,30.0,147.0,0.0,[1],10.0,10.0,1,10.0,0,0.009865208000007897
aco_current,7,8179,86,4,2,0.0,0.0,0.0,0.0,0.09907747060060501,False,False,0.0,0.0,0.0,[],10.0,10.0,1,10.0,0,0.009865208000007897
aco_current,7,8179,86,4,3,0.0,0.0,0.0,0.0,0.43936213850975037,False,False,0.0,0.0,0.0,[],10.0,10.0,1,10.0,0,0.009865208000007897
aco_current,7,8179,86,4,4,0.0,0.0,0.0,0.0,0.20313307642936707,False,False,0.0,0.0,0.0,[],10.0,10.0,1,10.0,0,0.009865208000007897
aco_current,7,8180,86,5,1,27.0,147.0,174.0,0.87,0.9999998807907104,True,True,30.0,144.0,0.0,[1],10.0,10.0,1,10.0,0,0.009774749999991172
aco_current,7,8180,86,5,2,0.0,0.0,0.0,0.0,0.09907747060060501,False,False,0.0,0.0,0.0,[],10.0,10.0,1,10.0,0,0.009774749999991172
aco_current,7,8180,86,5,3,0.0,0.0,0.0,0.0,0.43936213850975037,False,False,0.0,0.0,0.0,[],10.0,10.0,1,10.0,0,0.009774749999991172
aco_current,7,8180,86,5,4,0.0,0.0,0.0,0.0,0.20313307642936707,False,False,0.0,0.0,0.0,[],10.0,10.0,1,10.0,0,0.009774749999991172
aco_current,7,8181,86,5,1,28.0,144.0,172.0,0.86,0.9999998807907104,True,True,30.0,142.0,0.0,[1],10.0,10.0,1,10.0,0,0.0096907500000043
aco_current,7,8181,86,5,2,0.0,0.0,0.0,0.0,0.09907747060060501,False,False,0.0,0.0,0.0,[],10.0,10.0,1,10.0,0,0.0096907500000043
aco_current,7,8181,86,5,3,0.0,0.0,0.0,0.0,0.43936213850975037,False,False,0.0,0.0,0.0,[],10.0,10.0,1,10.0,0,0.0096907500000043
aco_current,7,8181,86,5,4,0.0,0.0,0.0,0.0,0.20313307642936707,False,False,0.0,0.0,0.0,[],10.0,10.0,1,10.0,0,0.0096907500000043
aco_current,7,8182,86,5,1,29.0,142.0,171.0,0.855,0.9999998807907104,True,True,30.0,141.0,0.0,[1],10.0,10.0,1,10.0,0,0.009702457999992475
aco_current,7,8182,86,5,2,0.0,0.0,0.0,0.0,0.09907747060060501,False,False,0.0,0.0,0.0,[],10.0,10.0,1,10.0,0,0.009702457999992475
aco_current,7,8182,86,5,3,0.0,0.0,0.0,0.0,0.43936213850975037,False,False,0.0,0.0,0.0,[],10.0,10.0,1,10.0,0,0.009702457999992475
aco_current,7,8182,86,5,4,0.0,0.0,0.0,0.0,0.20313307642936707,False,False,0.0,0.0,0.0,[],10.0,10.0,1,10.0,0,0.009702457999992475
aco_current,7,8183,86,5,1,27.0,141.0,168.0,0.84,0.999999463558197,True,True,30.0,138.0,0.0,[1],10.0,10.0,1,10.0,0,0.009627709000000095
aco_current,7,8183,86,5,2,0.0,0.0,0.0,0.0,0.09907747060060501,False,False,0.0,0.0,0.0,[],10.0,10.0,1,10.0,0,0.009627709000000095
aco_current,7,8183,86,5,3,0.0,0.0,0.0,0.0,0.43936213850975037,False,False,0.0,0.0,0.0,[],10.0,10.0,1,10.0,0,0.009627709000000095
aco_current,7,8183,86,5,4,0.0,0.0,0.0,0.0,0.20313307642936707,False,False,0.0,0.0,0.0,[],10.0,10.0,1,10.0,0,0.009627709000000095
aco_current,7,8184,86,6,1,28.0,138.0,166.0,0.83,0.9999993443489075,True,True,30.0,136.0,0.0,[1],10.0,10.0,1,10.0,0,0.009608916999994221
aco_current,7,8184,86,6,2,0.0,0.0,0.0,0.0,0.09907747060060501,False,False,0.0,0.0,0.0,[],10.0,10.0,1,10.0,0,0.009608916999994221
aco_current,7,8184,86,6,3,0.0,0.0,0.0,0.0,0.43936213850975037,False,False,0.0,0.0,0.0,[],10.0,10.0,1,10.0,0,0.009608916999994221
aco_current,7,8184,86,6,4,0.0,0.0,0.0,0.0,0.20313307642936707,False,False,0.0,0.0,0.0,[],10.0,10.0,1,10.0,0,0.009608916999994221
aco_current,7,8185,86,6,1,27.0,136.0,163.0,0.815,0.9999979734420776,True,True,30.0,133.0,0.0,[1],10.0,10.0,1,10.0,0,0.009697791000007783
aco_current,7,8185,86,6,2,0.0,0.0,0.0,0.0,0.09907747060060501,False,False,0.0,0.0,0.0,[],10.0,10.0,1,10.0,0,0.009697791000007783
aco_current,7,8185,86,6,3,0.0,0.0,0.0,0.0,0.43936213850975037,False,False,0.0,0.0,0.0,[],10.0,10.0,1,10.0,0,0.009697791000007783
aco_current,7,8185,86,6,4,0.0,0.0,0.0,0.0,0.20313307642936707,False,False,0.0,0.0,0.0,[],10.0,10.0,1,10.0,0,0.009697791000007783
aco_current,7,8186,86,6,1,28.0,133.0,161.0,0.805,0.9999974966049194,True,True,30.0,131.0,0.0,[1],10.0,10.0,1,10.0,0,0.009634999999988736
aco_current,7,8186,86,6,2,0.0,0.0,0.0,0.0,0.09907747060060501,False,False,0.0,0.0,0.0,[],10.0,10.0,1,10.0,0,0.009634999999988736
aco_current,7,8186,86,6,3,0.0,0.0,0.0,0.0,0.43936213850975037,False,False,0.0,0.0,0.0,[],10.0,10.0,1,10.0,0,0.009634999999988736
aco_current,7,8186,86,6,4,0.0,0.0,0.0,0.0,0.20313307642936707,False,False,0.0,0.0,0.0,[],10.0,10.0,1,10.0,0,0.009634999999988736
aco_current,7,8187,86,6,1,29.0,131.0,160.0,0.8,0.9999977350234985,True,True,30.0,130.0,0.0,[1],10.0,10.0,1,10.0,0,0.009535458000001995
aco_current,7,8187,86,6,2,0.0,0.0,0.0,0.0,0.09907747060060501,False,False,0.0,0.0,0.0,[],10.0,10.0,1,10.0,0,0.009535458000001995
aco_current,7,8187,86,6,3,0.0,0.0,0.0,0.0,0.43936213850975037,False,False,0.0,0.0,0.0,[],10.0,10.0,1,10.0,0,0.009535458000001995
aco_current,7,8187,86,6,4,0.0,0.0,0.0,0.0,0.20313307642936707,False,False,0.0,0.0,0.0,[],10.0,10.0,1,10.0,0,0.009535458000001995
aco_current,7,8188,86,7,1,27.0,130.0,157.0,0.785,0.9999902844429016,False,False,0.0,157.0,0.0,[],0.0,0.0,0,0.0,0,2.7910000000019863e-06
aco_current,7,8188,86,7,2,0.0,0.0,0.0,0.0,0.09907747060060501,False,False,0.0,0.0,0.0,[],0.0,0.0,0,0.0,0,2.7910000000019863e-06
aco_current,7,8188,86,7,3,0.0,0.0,0.0,0.0,0.43936213850975037,False,False,0.0,0.0,0.0,[],0.0,0.0,0,0.0,0,2.7910000000019863e-06
aco_current,7,8188,86,7,4,0.0,0.0,0.0,0.0,0.20313307642936707,False,False,0.0,0.0,0.0,[],0.0,0.0,0,0.0,0,2.7910000000019863e-06
aco_current,7,8189,86,7,1,28.0,157.0,185.0,0.925,1.0,True,True,30.0,155.0,0.0,[1],10.0,10.0,1,10.0,0,0.009718374999991397
aco_current,7,8189,86,7,2,0.0,0.0,0.0,0.0,0.09907747060060501,False,False,0.0,0.0,0.0,[],10.0,10.0,1,10.0,0,0.009718374999991397
aco_current,7,8189,86,7,3,0.0,0.0,0.0,0.0,0.43936213850975037,False,False,0.0,0.0,0.0,[],10.0,10.0,1,10.0,0,0.009718374999991397
aco_current,7,8189,86,7,4,0.0,0.0,0.0,0.0,0.20313307642936707,False,False,0.0,0.0,0.0,[],10.0,10.0,1,10.0,0,0.009718374999991397
aco_current,7,8190,86,7,1,29.0,155.0,184.0,0.92,1.0,True,True,30.0,154.0,0.0,[1],10.0,10.0,1,10.0,0,0.009683625000008078
aco_current,7,8190,86,7,2,0.0,0.0,0.0,0.0,0.09907747060060501,False,False,0.0,0.0,0.0,[],10.0,10.0,1,10.0,0,0.009683625000008078
aco_current,7,8190,86,7,3,0.0,0.0,0.0,0.0,0.43936213850975037,False,False,0.0,0.0,0.0,[],10.0,10.0,1,10.0,0,0.009683625000008078
aco_current,7,8190,86,7,4,0.0,0.0,0.0,0.0,0.20313307642936707,False,False,0.0,0.0,0.0,[],10.0,10.0,1,10.0,0,0.009683625000008078
aco_current,7,8191,86,7,1,26.0,154.0,180.0,0.9,1.0,True,True,30.0,150.0,0.0,[1],10.0,10.0,1,10.0,0,0.00959633300000462
aco_current,7,8191,86,7,2,0.0,0.0,0.0,0.0,0.09907747060060501,False,False,0.0,0.0,0.0,[],10.0,10.0,1,10.0,0,0.00959633300000462
aco_current,7,8191,86,7,3,0.0,0.0,0.0,0.0,0.43936213850975037,False,False,0.0,0.0,0.0,[],10.0,10.0,1,10.0,0,0.00959633300000462
aco_current,7,8191,86,7,4,0.0,0.0,0.0,0.0,0.20313307642936707,False,False,0.0,0.0,0.0,[],10.0,10.0,1,10.0,0,0.00959633300000462
aco_current,7,8192,86,8,1,29.0,150.0,179.0,0.895,1.0,True,True,30.0,149.0,0.0,[1],10.0,10.0,1,10.0,0,0.00981337500000734
aco_current,7,8192,86,8,2,0.0,0.0,0.0,0.0,0.09907747060060501,False,False,0.0,0.0,0.0,[],10.0,10.0,1,10.0,0,0.00981337500000734
aco_current,7,8192,86,8,3,0.0,0.0,0.0,0.0,0.43936213850975037,False,False,0.0,0.0,0.0,[],10.0,10.0,1,10.0,0,0.00981337500000734
aco_current,7,8192,86,8,4,0.0,0.0,0.0,0.0,0.20313307642936707,False,False,0.0,0.0,0.0,[],10.0,10.0,1,10.0,0,0.00981337500000734
aco_current,7,8193,86,8,1,28.0,149.0,177.0,0.885,1.0,True,True,30.0,147.0,0.0,[1],10.0,10.0,1,10.0,0,0.009619542000010028
aco_current,7,8193,86,8,2,0.0,0.0,0.0,0.0,0.09907747060060501,False,False,0.0,0.0,0.0,[],10.0,10.0,1,10.0,0,0.009619542000010028
aco_current,7,8193,86,8,3,0.0,0.0,0.0,0.0,0.43936213850975037,False,False,0.0,0.0,0.0,[],10.0,10.0,1,10.0,0,0.009619542000010028
aco_current,7,8193,86,8,4,0.0,0.0,0.0,0.0,0.20313307642936707,False,False,0.0,0.0,0.0,[],10.0,10.0,1,10.0,0,0.009619542000010028
aco_current,7,8194,86,8,1,27.0,147.0,174.0,0.87,0.9999998807907104,True,True,30.0,144.0,0.0,[1],10.0,10.0,1,10.0,0,0.009580666000005067
aco_current,7,8194,86,8,2,0.0,0.0,0.0,0.0,0.09907747060060501,False,False,0.0,0.0,0.0,[],10.0,10.0,1,10.0,0,0.009580666000005067
aco_current,7,8194,86,8,3,0.0,0.0,0.0,0.0,0.43936213850975037,False,False,0.0,0.0,0.0,[],10.0,10.0,1,10.0,0,0.009580666000005067
aco_current,7,8194,86,8,4,0.0,0.0,0.0,0.0,0.20313307642936707,False,False,0.0,0.0,0.0,[],10.0,10.0,1,10.0,0,0.009580666000005067
aco_current,7,8195,86,8,1,29.0,144.0,173.0,0.865,0.9999999403953552,True,True,30.0,143.0,0.0,[1],10.0,10.0,1,10.0,0,0.009772333000000799
aco_current,7,8195,86,8,2,0.0,0.0,0.0,0.0,0.09907747060060501,False,False,0.0,0.0,0.0,[],10.0,10.0,1,10.0,0,0.009772333000000799
aco_current,7,8195,86,8,3,0.0,0.0,0.0,0.0,0.43936213850975037,False,False,0.0,0.0,0.0,[],10.0,10.0,1,10.0,0,0.009772333000000799
aco_current,7,8195,86,8,4,0.0,0.0,0.0,0.0,0.20313307642936707,False,False,0.0,0.0,0.0,[],10.0,10.0,1,10.0,0,0.009772333000000799
aco_current,7,8196,86,9,1,28.0,143.0,171.0,0.855,0.9999998211860657,True,True,30.0,141.0,0.0,[1],10.0,10.0,1,10.0,0,0.009723458999999934
aco_current,7,8196,86,9,2,0.0,0.0,0.0,0.0,0.09907747060060501,False,False,0.0,0.0,0.0,[],10.0,10.0,1,10.0,0,0.009723458999999934
aco_current,7,8196,86,9,3,0.0,0.0,0.0,0.0,0.43936213850975037,False,False,0.0,0.0,0.0,[],10.0,10.0,1,10.0,0,0.009723458999999934
aco_current,7,8196,86,9,4,0.0,0.0,0.0,0.0,0.20313307642936707,False,False,0.0,0.0,0.0,[],10.0,10.0,1,10.0,0,0.009723458999999934
aco_current,7,8197,86,9,1,27.0,141.0,168.0,0.84,0.999999463558197,True,True,30.0,138.0,0.0,[1],10.0,10.0,1,10.0,0,0.009644375000007699
aco_current,7,8197,86,9,2,0.0,0.0,0.0,0.0,0.09907747060060501,False,False,0.0,0.0,0.0,[],10.0,10.0,1,10.0,0,0.009644375000007699
aco_current,7,8197,86,9,3,0.0,0.0,0.0,0.0,0.43936213850975037,False,False,0.0,0.0,0.0,[],10.0,10.0,1,10.0,0,0.009644375000007699
aco_current,7,8197,86,9,4,0.0,0.0,0.0,0.0,0.20313307642936707,False,False,0.0,0.0,0.0,[],10.0,10.0,1,10.0,0,0.009644375000007699
aco_current,7,8198,86,9,1,28.0,138.0,166.0,0.83,0.9999993443489075,True,True,30.0,136.0,0.0,[1],10.0,10.0,1,10.0,0,0.009559542000005194
aco_current,7,8198,86,9,2,0.0,0.0,0.0,0.0,0.09907747060060501,False,False,0.0,0.0,0.0,[],10.0,10.0,1,10.0,0,0.009559542000005194
aco_current,7,8198,86,9,3,0.0,0.0,0.0,0.0,0.43936213850975037,False,False,0.0,0.0,0.0,[],10.0,10.0,1,10.0,0,0.009559542000005194
aco_current,7,8198,86,9,4,0.0,0.0,0.0,0.0,0.20313307642936707,False,False,0.0,0.0,0.0,[],10.0,10.0,1,10.0,0,0.009559542000005194
aco_current,7,8199,86,9,1,29.0,136.0,165.0,0.825,0.9999994039535522,True,True,30.0,135.0,0.0,[1],10.0,10.0,1,10.0,0,0.009940000000000282
aco_current,7,8199,86,9,2,0.0,0.0,0.0,0.0,0.09907747060060501,False,False,0.0,0.0,0.0,[],10.0,10.0,1,10.0,0,0.009940000000000282
aco_current,7,8199,86,9,3,0.0,0.0,0.0,0.0,0.43936213850975037,False,False,0.0,0.0,0.0,[],10.0,10.0,1,10.0,0,0.009940000000000282
aco_current,7,8199,86,9,4,0.0,0.0,0.0,0.0,0.20313307642936707,False,False,0.0,0.0,0.0,[],10.0,10.0,1,10.0,0,0.009940000000000282
aco_current,7,8200,86,10,1,27.0,135.0,162.0,0.81,0.9999973177909851,True,True,30.0,132.0,0.0,[1],10.0,10.0,1,10.0,0,0.009904875000003699
aco_current,7,8200,86,10,2,0.0,0.0,0.0,0.0,0.09907747060060501,False,False,0.0,0.0,0.0,[],10.0,10.0,1,10.0,0,0.009904875000003699
aco_current,7,8200,86,10,3,0.0,0.0,0.0,0.0,0.43936213850975037,False,False,0.0,0.0,0.0,[],10.0,10.0,1,10.0,0,0.009904875000003699
aco_current,7,8200,86,10,4,0.0,0.0,0.0,0.0,0.20313307642936707,False,False,0.0,0.0,0.0,[],10.0,10.0,1,10.0,0,0.009904875000003699
aco_current,7,8201,86,10,1,28.0,132.0,160.0,0.8,0.9999967813491821,True,True,30.0,130.0,0.0,[1],10.0,10.0,1,10.0,0,0.0208463330000086
aco_current,7,8201,86,10,2,0.0,0.0,0.0,0.0,0.09907747060060501,False,False,0.0,0.0,0.0,[],10.0,10.0,1,10.0,0,0.0208463330000086
aco_current,7,8201,86,10,3,0.0,0.0,0.0,0.0,0.43936213850975037,False,False,0.0,0.0,0.0,[],10.0,10.0,1,10.0,0,0.0208463330000086
aco_current,7,8201,86,10,4,0.0,0.0,0.0,0.0,0.20313307642936707,False,False,0.0,0.0,0.0,[],10.0,10.0,1,10.0,0,0.0208463330000086
aco_current,7,8202,86,10,1,26.0,130.0,156.0,0.78,0.9999828338623047,False,False,0.0,156.0,0.0,[],0.0,0.0,0,0.0,0,5.083999994326405e-06
aco_current,7,8202,86,10,2,0.0,0.0,0.0,0.0,0.09907747060060501,False,False,0.0,0.0,0.0,[],0.0,0.0,0,0.0,0,5.083999994326405e-06
aco_current,7,8202,86,10,3,0.0,0.0,0.0,0.0,0.43936213850975037,False,False,0.0,0.0,0.0,[],0.0,0.0,0,0.0,0,5.083999994326405e-06
aco_current,7,8202,86,10,4,0.0,0.0,0.0,0.0,0.20313307642936707,False,False,0.0,0.0,0.0,[],0.0,0.0,0,0.0,0,5.083999994326405e-06
aco_current,7,8203,86,10,1,18.0,156.0,174.0,0.87,0.9999973177909851,True,True,30.0,144.0,0.0,[1],10.0,10.0,1,10.0,0,0.01003062499999885
aco_current,7,8203,86,10,2,0.0,0.0,0.0,0.0,0.09907747060060501,False,False,0.0,0.0,0.0,[],10.0,10.0,1,10.0,0,0.01003062499999885
aco_current,7,8203,86,10,3,0.0,0.0,0.0,0.0,0.43936213850975037,False,False,0.0,0.0,0.0,[],10.0,10.0,1,10.0,0,0.01003062499999885
aco_current,7,8203,86,10,4,0.0,0.0,0.0,0.0,0.20313307642936707,False,False,0.0,0.0,0.0,[],10.0,10.0,1,10.0,0,0.01003062499999885
aco_current,7,8204,86,11,1,20.0,144.0,164.0,0.82,0.9999813437461853,True,True,30.0,134.0,0.0,[1],10.0,10.0,1,10.0,0,0.00958995900001014
aco_current,7,8204,86,11,2,0.0,0.0,0.0,0.0,0.09907747060060501,False,False,0.0,0.0,0.0,[],10.0,10.0,1,10.0,0,0.00958995900001014
aco_current,7,8204,86,11,3,0.0,0.0,0.0,0.0,0.43936213850975037,False,False,0.0,0.0,0.0,[],10.0,10.0,1,10.0,0,0.00958995900001014
aco_current,7,8204,86,11,4,0.0,0.0,0.0,0.0,0.20313307642936707,False,False,0.0,0.0,0.0,[],10.0,10.0,1,10.0,0,0.00958995900001014
aco_current,7,8205,86,11,1,20.0,134.0,154.0,0.77,0.9997701048851013,False,False,0.0,154.0,0.0,[],0.0,0.0,0,0.0,0,3.417000002059467e-06
aco_current,7,8205,86,11,2,0.0,0.0,0.0,0.0,0.09907747060060501,False,False,0.0,0.0,0.0,[],0.0,0.0,0,0.0,0,3.417000002059467e-06
aco_current,7,8205,86,11,3,0.0,0.0,0.0,0.0,0.43936213850975037,False,False,0.0,0.0,0.0,[],0.0,0.0,0,0.0,0,3.417000002059467e-06
aco_current,7,8205,86,11,4,0.0,0.0,0.0,0.0,0.20313307642936707,False,False,0.0,0.0,0.0,[],0.0,0.0,0,0.0,0,3.417000002059467e-06
aco_current,7,8206,86,11,1,18.0,154.0,172.0,0.86,0.9999948740005493,True,True,30.0,142.0,0.0,[1],10.0,10.0,1,10.0,0,0.009647708000002808
aco_current,7,8206,86,11,2,0.0,0.0,0.0,0.0,0.09907747060060501,False,False,0.0,0.0,0.0,[],10.0,10.0,1,10.0,0,0.009647708000002808
aco_current,7,8206,86,11,3,0.0,0.0,0.0,0.0,0.43936213850975037,False,False,0.0,0.0,0.0,[],10.0,10.0,1,10.0,0,0.009647708000002808
aco_current,7,8206,86,11,4,0.0,0.0,0.0,0.0,0.20313307642936707,False,False,0.0,0.0,0.0,[],10.0,10.0,1,10.0,0,0.009647708000002808
aco_current,7,8207,86,11,1,20.0,142.0,162.0,0.81,0.9999663233757019,True,True,30.0,132.0,0.0,[1],10.0,10.0,1,10.0,0,0.00954608299998938
aco_current,7,8207,86,11,2,0.0,0.0,0.0,0.0,0.09907747060060501,False,False,0.0,0.0,0.0,[],10.0,10.0,1,10.0,0,0.00954608299998938
aco_current,7,8207,86,11,3,0.0,0.0,0.0,0.0,0.43936213850975037,False,False,0.0,0.0,0.0,[],10.0,10.0,1,10.0,0,0.00954608299998938
aco_current,7,8207,86,11,4,0.0,0.0,0.0,0.0,0.20313307642936707,False,False,0.0,0.0,0.0,[],10.0,10.0,1,10.0,0,0.00954608299998938
aco_current,7,8208,86,12,1,19.0,132.0,151.0,0.755,0.9994755983352661,False,False,0.0,151.0,0.0,[],0.0,0.0,0,0.0,0,2.8329999963716546e-06
aco_current,7,8208,86,12,2,0.0,0.0,0.0,0.0,0.09907747060060501,False,False,0.0,0.0,0.0,[],0.0,0.0,0,0.0,0,2.8329999963716546e-06
aco_current,7,8208,86,12,3,0.0,0.0,0.0,0.0,0.43936213850975037,False,False,0.0,0.0,0.0,[],0.0,0.0,0,0.0,0,2.8329999963716546e-06
aco_current,7,8208,86,12,4,0.0,0.0,0.0,0.0,0.20313307642936707,False,False,0.0,0.0,0.0,[],0.0,0.0,0,0.0,0,2.8329999963716546e-06
aco_current,7,8209,86,12,1,19.0,151.0,170.0,0.85,0.9999938607215881,True,True,30.0,140.0,0.0,[1],10.0,10.0,1,10.0,0,0.00967220900000143
aco_current,7,8209,86,12,2,0.0,0.0,0.0,0.0,0.09907747060060501,False,False,0.0,0.0,0.0,[],10.0,10.0,1,10.0,0,0.00967220900000143
aco_current,7,8209,86,12,3,0.0,0.0,0.0,0.0,0.43936213850975037,False,False,0.0,0.0,0.0,[],10.0,10.0,1,10.0,0,0.00967220900000143
aco_current,7,8209,86,12,4,0.0,0.0,0.0,0.0,0.20313307642936707,False,False,0.0,0.0,0.0,[],10.0,10.0,1,10.0,0,0.00967220900000143
aco_current,7,8210,86,12,1,19.0,140.0,159.0,0.795,0.9998960494995117,False,False,0.0,159.0,0.0,[],0.0,0.0,0,0.0,0,2.3749999940037014e-06
aco_current,7,8210,86,12,2,0.0,0.0,0.0,0.0,0.09907747060060501,False,False,0.0,0.0,0.0,[],0.0,0.0,0,0.0,0,2.3749999940037014e-06
aco_current,7,8210,86,12,3,0.0,0.0,0.0,0.0,0.43936213850975037,False,False,0.0,0.0,0.0,[],0.0,0.0,0,0.0,0,2.3749999940037014e-06
aco_current,7,8210,86,12,4,0.0,0.0,0.0,0.0,0.20313307642936707,False,False,0.0,0.0,0.0,[],0.0,0.0,0,0.0,0,2.3749999940037014e-06
aco_current,7,8211,86,12,1,11.0,159.0,170.0,0.85,0.9999010562896729,True,True,30.0,140.0,0.0,[1],10.0,10.0,1,10.0,0,0.009739334000002486
aco_current,7,8211,86,12,2,0.0,0.0,0.0,0.0,0.09907747060060501,False,False,0.0,0.0,0.0,[],10.0,10.0,1,10.0,0,0.009739334000002486
aco_current,7,8211,86,12,3,0.0,0.0,0.0,0.0,0.43936213850975037,False,False,0.0,0.0,0.0,[],10.0,10.0,1,10.0,0,0.009739334000002486
aco_current,7,8211,86,12,4,0.0,0.0,0.0,0.0,0.20313307642936707,False,False,0.0,0.0,0.0,[],10.0,10.0,1,10.0,0,0.009739334000002486
aco_current,7,8212,86,13,1,9.0,140.0,149.0,0.745,0.9745590686798096,False,False,0.0,149.0,0.0,[],0.0,0.0,0,0.0,0,3.291999988164207e-06
aco_current,7,8212,86,13,2,0.0,0.0,0.0,0.0,0.09907747060060501,False,False,0.0,0.0,0.0,[],0.0,0.0,0,0.0,0,3.291999988164207e-06
aco_current,7,8212,86,13,3,0.0,0.0,0.0,0.0,0.43936213850975037,False,False,0.0,0.0,0.0,[],0.0,0.0,0,0.0,0,3.291999988164207e-06
aco_current,7,8212,86,13,4,0.0,0.0,0.0,0.0,0.20313307642936707,False,False,0.0,0.0,0.0,[],0.0,0.0,0,0.0,0,3.291999988164207e-06
aco_current,7,8213,86,13,1,9.0,149.0,158.0,0.79,0.9947441220283508,False,False,0.0,158.0,0.0,[],0.0,0.0,0,0.0,0,2.8330000105825093e-06
aco_current,7,8213,86,13,2,0.0,0.0,0.0,0.0,0.09907747060060501,False,False,0.0,0.0,0.0,[],0.0,0.0,0,0.0,0,2.8330000105825093e-06
aco_current,7,8213,86,13,3,0.0,0.0,0.0,0.0,0.43936213850975037,False,False,0.0,0.0,0.0,[],0.0,0.0,0,0.0,0,2.8330000105825093e-06
aco_current,7,8213,86,13,4,0.0,0.0,0.0,0.0,0.20313307642936707,False,False,0.0,0.0,0.0,[],0.0,0.0,0,0.0,0,2.8330000105825093e-06
aco_current,7,8214,86,13,1,8.0,158.0,166.0,0.83,0.9991448521614075,True,True,30.0,136.0,0.0,[1],10.0,10.0,1,10.0,0,0.009661875000006148
aco_current,7,8214,86,13,2,0.0,0.0,0.0,0.0,0.09907747060060501,False,False,0.0,0.0,0.0,[],10.0,10.0,1,10.0,0,0.009661875000006148
aco_current,7,8214,86,13,3,0.0,0.0,0.0,0.0,0.43936213850975037,False,False,0.0,0.0,0.0,[],10.0,10.0,1,10.0,0,0.009661875000006148
aco_current,7,8214,86,13,4,0.0,0.0,0.0,0.0,0.20313307642936707,False,False,0.0,0.0,0.0,[],10.0,10.0,1,10.0,0,0.009661875000006148
aco_current,7,8215,86,13,1,9.0,136.0,145.0,0.725,0.9707521200180054,False,False,0.0,145.0,0.0,[],0.0,0.0,0,0.0,0,4.124999989585376e-06
aco_current,7,8215,86,13,2,0.0,0.0,0.0,0.0,0.09907747060060501,False,False,0.0,0.0,0.0,[],0.0,0.0,0,0.0,0,4.124999989585376e-06
aco_current,7,8215,86,13,3,0.0,0.0,0.0,0.0,0.43936213850975037,False,False,0.0,0.0,0.0,[],0.0,0.0,0,0.0,0,4.124999989585376e-06
aco_current,7,8215,86,13,4,0.0,0.0,0.0,0.0,0.20313307642936707,False,False,0.0,0.0,0.0,[],0.0,0.0,0,0.0,0,4.124999989585376e-06
aco_current,7,8216,86,14,1,9.0,145.0,154.0,0.77,0.9899913668632507,False,False,0.0,154.0,0.0,[],0.0,0.0,0,0.0,0,1.87499999526608e-06
aco_current,7,8216,86,14,2,0.0,0.0,0.0,0.0,0.09907747060060501,False,False,0.0,0.0,0.0,[],0.0,0.0,0,0.0,0,1.87499999526608e-06
aco_current,7,8216,86,14,3,0.0,0.0,0.0,0.0,0.43936213850975037,False,False,0.0,0.0,0.0,[],0.0,0.0,0,0.0,0,1.87499999526608e-06
aco_current,7,8216,86,14,4,0.0,0.0,0.0,0.0,0.20313307642936707,False,False,0.0,0.0,0.0,[],0.0,0.0,0,0.0,0,1.87499999526608e-06
aco_current,7,8217,86,14,1,8.0,154.0,162.0,0.81,0.997742772102356,True,True,30.0,132.0,0.0,[1],10.0,10.0,1,10.0,0,0.009575040999990847
aco_current,7,8217,86,14,2,0.0,0.0,0.0,0.0,0.09907747060060501,False,False,0.0,0.0,0.0,[],10.0,10.0,1,10.0,0,0.009575040999990847
aco_current,7,8217,86,14,3,0.0,0.0,0.0,0.0,0.43936213850975037,False,False,0.0,0.0,0.0,[],10.0,10.0,1,10.0,0,0.009575040999990847
aco_current,7,8217,86,14,4,0.0,0.0,0.0,0.0,0.20313307642936707,False,False,0.0,0.0,0.0,[],10.0,10.0,1,10.0,0,0.009575040999990847
aco_current,7,8218,86,14,1,6.0,132.0,138.0,0.69,0.7641549706459045,False,False,0.0,138.0,0.0,[],0.0,0.0,0,0.0,0,2.7079999966872492e-06
aco_current,7,8218,86,14,2,0.0,0.0,0.0,0.0,0.09907747060060501,False,False,0.0,0.0,0.0,[],0.0,0.0,0,0.0,0,2.7079999966872492e-06
aco_current,7,8218,86,14,3,0.0,0.0,0.0,0.0,0.43936213850975037,False,False,0.0,0.0,0.0,[],0.0,0.0,0,0.0,0,2.7079999966872492e-06
aco_current,7,8218,86,14,4,0.0,0.0,0.0,0.0,0.20313307642936707,False,False,0.0,0.0,0.0,[],0.0,0.0,0,0.0,0,2.7079999966872492e-06
aco_current,7,8219,86,14,1,0.0,138.0,138.0,0.69,0.18695619702339172,False,False,0.0,138.0,0.0,[],0.0,0.0,0,0.0,0,2.8329999963716546e-06
aco_current,7,8219,86,14,2,0.0,0.0,0.0,0.0,0.09907747060060501,False,False,0.0,0.0,0.0,[],0.0,0.0,0,0.0,0,2.8329999963716546e-06
aco_current,7,8219,86,14,3,0.0,0.0,0.0,0.0,0.43936213850975037,False,False,0.0,0.0,0.0,[],0.0,0.0,0,0.0,0,2.8329999963716546e-06
aco_current,7,8219,86,14,4,0.0,0.0,0.0,0.0,0.20313307642936707,False,False,0.0,0.0,0.0,[],0.0,0.0,0,0.0,0,2.8329999963716546e-06
aco_current,7,8220,86,15,1,0.0,138.0,138.0,0.69,0.25814980268478394,False,False,0.0,138.0,0.0,[],0.0,0.0,0,0.0,0,2.1249999946348908e-06
aco_current,7,8220,86,15,2,0.0,0.0,0.0,0.0,0.09907747060060501,False,False,0.0,0.0,0.0,[],0.0,0.0,0,0.0,0,2.1249999946348908e-06
aco_current,7,8220,86,15,3,0.0,0.0,0.0,0.0,0.43936213850975037,False,False,0.0,0.0,0.0,[],0.0,0.0,0,0.0,0,2.1249999946348908e-06
aco_current,7,8220,86,15,4,0.0,0.0,0.0,0.0,0.20313307642936707,False,False,0.0,0.0,0.0,[],0.0,0.0,0,0.0,0,2.1249999946348908e-06
aco_current,7,8221,86,15,1,0.0,138.0,138.0,0.69,0.33877214789390564,False,False,0.0,138.0,0.0,[],0.0,0.0,0,0.0,0,2.584000000638298e-06
aco_current,7,8221,86,15,2,0.0,0.0,0.0,0.0,0.09907747060060501,False,False,0.0,0.0,0.0,[],0.0,0.0,0,0.0,0,2.584000000638298e-06
aco_current,7,8221,86,15,3,0.0,0.0,0.0,0.0,0.43936213850975037,False,False,0.0,0.0,0.0,[],0.0,0.0,0,0.0,0,2.584000000638298e-06
aco_current,7,8221,86,15,4,0.0,0.0,0.0,0.0,0.20313307642936707,False,False,0.0,0.0,0.0,[],0.0,0.0,0,0.0,0,2.584000000638298e-06
aco_current,7,8222,86,15,1,0.0,138.0,138.0,0.69,0.3780190050601959,False,False,0.0,138.0,0.0,[],0.0,0.0,0,0.0,0,1.87499999526608e-06
aco_current,7,8222,86,15,2,0.0,0.0,0.0,0.0,0.09907747060060501,False,False,0.0,0.0,0.0,[],0.0,0.0,0,0.0,0,1.87499999526608e-06
aco_current,7,8222,86,15,3,0.0,0.0,0.0,0.0,0.43936213850975037,False,False,0.0,0.0,0.0,[],0.0,0.0,0,0.0,0,1.87499999526608e-06
aco_current,7,8222,86,15,4,0.0,0.0,0.0,0.0,0.20313307642936707,False,False,0.0,0.0,0.0,[],0.0,0.0,0,0.0,0,1.87499999526608e-06
aco_current,7,8223,86,15,1,0.0,138.0,138.0,0.69,0.3780190050601959,False,False,0.0,138.0,0.0,[],0.0,0.0,0,0.0,0,1.791999991951343e-06
aco_current,7,8223,86,15,2,0.0,0.0,0.0,0.0,0.09907747060060501,False,False,0.0,0.0,0.0,[],0.0,0.0,0,0.0,0,1.791999991951343e-06
aco_current,7,8223,86,15,3,0.0,0.0,0.0,0.0,0.43936213850975037,False,False,0.0,0.0,0.0,[],0.0,0.0,0,0.0,0,1.791999991951343e-06
aco_current,7,8223,86,15,4,0.0,0.0,0.0,0.0,0.20313307642936707,False,False,0.0,0.0,0.0,[],0.0,0.0,0,0.0,0,1.791999991951343e-06
aco_current,7,8224,86,16,1,0.0,138.0,138.0,0.69,0.3780190050601959,False,False,0.0,138.0,0.0,[],0.0,0.0,0,0.0,0,2.5830000112136986e-06
aco_current,7,8224,86,16,2,0.0,0.0,0.0,0.0,0.09907747060060501,False,False,0.0,0.0,0.0,[],0.0,0.0,0,0.0,0,2.5830000112136986e-06
aco_current,7,8224,86,16,3,0.0,0.0,0.0,0.0,0.43936213850975037,False,False,0.0,0.0,0.0,[],0.0,0.0,0,0.0,0,2.5830000112136986e-06
aco_current,7,8224,86,16,4,0.0,0.0,0.0,0.0,0.20313307642936707,False,False,0.0,0.0,0.0,[],0.0,0.0,0,0.0,0,2.5830000112136986e-06
aco_current,7,8225,86,16,1,0.0,138.0,138.0,0.69,0.3780190050601959,False,False,0.0,138.0,0.0,[],0.0,0.0,0,0.0,0,1.7920000061621977e-06
aco_current,7,8225,86,16,2,0.0,0.0,0.0,0.0,0.09907747060060501,False,False,0.0,0.0,0.0,[],0.0,0.0,0,0.0,0,1.7920000061621977e-06
aco_current,7,8225,86,16,3,0.0,0.0,0.0,0.0,0.43936213850975037,False,False,0.0,0.0,0.0,[],0.0,0.0,0,0.0,0,1.7920000061621977e-06
aco_current,7,8225,86,16,4,0.0,0.0,0.0,0.0,0.20313307642936707,False,False,0.0,0.0,0.0,[],0.0,0.0,0,0.0,0,1.7920000061621977e-06
aco_current,7,8226,86,16,1,0.0,138.0,138.0,0.69,0.3780190050601959,False,False,0.0,138.0,0.0,[],0.0,0.0,0,0.0,0,2.7079999966872492e-06
aco_current,7,8226,86,16,2,0.0,0.0,0.0,0.0,0.09907747060060501,False,False,0.0,0.0,0.0,[],0.0,0.0,0,0.0,0,2.7079999966872492e-06
aco_current,7,8226,86,16,3,0.0,0.0,0.0,0.0,0.43936213850975037,False,False,0.0,0.0,0.0,[],0.0,0.0,0,0.0,0,2.7079999966872492e-06
aco_current,7,8226,86,16,4,0.0,0.0,0.0,0.0,0.20313307642936707,False,False,0.0,0.0,0.0,[],0.0,0.0,0,0.0,0,2.7079999966872492e-06
aco_current,7,8227,86,16,1,0.0,138.0,138.0,0.69,0.3780190050601959,False,False,0.0,138.0,0.0,[],0.0,0.0,0,0.0,0,1.8750000094769348e-06
aco_current,7,8227,86,16,2,0.0,0.0,0.0,0.0,0.09907747060060501,False,False,0.0,0.0,0.0,[],0.0,0.0,0,0.0,0,1.8750000094769348e-06
aco_current,7,8227,86,16,3,0.0,0.0,0.0,0.0,0.43936213850975037,False,False,0.0,0.0,0.0,[],0.0,0.0,0,0.0,0,1.8750000094769348e-06
aco_current,7,8227,86,16,4,0.0,0.0,0.0,0.0,0.20313307642936707,False,False,0.0,0.0,0.0,[],0.0,0.0,0,0.0,0,1.8750000094769348e-06
aco_current,7,8228,86,17,1,0.0,138.0,138.0,0.69,0.3780190050601959,False,False,0.0,138.0,0.0,[],0.0,0.0,0,0.0,0,1.7920000061621977e-06
aco_current,7,8228,86,17,2,0.0,0.0,0.0,0.0,0.09907747060060501,False,False,0.0,0.0,0.0,[],0.0,0.0,0,0.0,0,1.7920000061621977e-06
aco_current,7,8228,86,17,3,0.0,0.0,0.0,0.0,0.43936213850975037,False,False,0.0,0.0,0.0,[],0.0,0.0,0,0.0,0,1.7920000061621977e-06
aco_current,7,8228,86,17,4,0.0,0.0,0.0,0.0,0.20313307642936707,False,False,0.0,0.0,0.0,[],0.0,0.0,0,0.0,0,1.7920000061621977e-06
aco_current,7,8229,86,17,1,0.0,138.0,138.0,0.69,0.3780190050601959,False,False,0.0,138.0,0.0,[],0.0,0.0,0,0.0,0,2.5000000078989615e-06
aco_current,7,8229,86,17,2,0.0,0.0,0.0,0.0,0.09907747060060501,False,False,0.0,0.0,0.0,[],0.0,0.0,0,0.0,0,2.5000000078989615e-06
aco_current,7,8229,86,17,3,0.0,0.0,0.0,0.0,0.43936213850975037,False,False,0.0,0.0,0.0,[],0.0,0.0,0,0.0,0,2.5000000078989615e-06
aco_current,7,8229,86,17,4,0.0,0.0,0.0,0.0,0.20313307642936707,False,False,0.0,0.0,0.0,[],0.0,0.0,0,0.0,0,2.5000000078989615e-06
aco_current,7,8230,86,17,1,0.0,138.0,138.0,0.69,0.3780190050601959,False,False,0.0,138.0,0.0,[],0.0,0.0,0,0.0,0,2.1249999946348908e-06
aco_current,7,8230,86,17,2,0.0,0.0,0.0,0.0,0.09907747060060501,False,False,0.0,0.0,0.0,[],0.0,0.0,0,0.0,0,2.1249999946348908e-06
aco_current,7,8230,86,17,3,0.0,0.0,0.0,0.0,0.43936213850975037,False,False,0.0,0.0,0.0,[],0.0,0.0,0,0.0,0,2.1249999946348908e-06
aco_current,7,8230,86,17,4,0.0,0.0,0.0,0.0,0.20313307642936707,False,False,0.0,0.0,0.0,[],0.0,0.0,0,0.0,0,2.1249999946348908e-06
aco_current,7,8231,86,17,1,0.0,138.0,138.0,0.69,0.3780190050601959,False,False,0.0,138.0,0.0,[],0.0,0.0,0,0.0,0,5.250000000955879e-06
aco_current,7,8231,86,17,2,0.0,0.0,0.0,0.0,0.09907747060060501,False,False,0.0,0.0,0.0,[],0.0,0.0,0,0.0,0,5.250000000955879e-06
aco_current,7,8231,86,17,3,0.0,0.0,0.0,0.0,0.43936213850975037,False,False,0.0,0.0,0.0,[],0.0,0.0,0,0.0,0,5.250000000955879e-06
aco_current,7,8231,86,17,4,0.0,0.0,0.0,0.0,0.20313307642936707,False,False,0.0,0.0,0.0,[],0.0,0.0,0,0.0,0,5.250000000955879e-06
aco_current,7,8232,86,18,1,0.0,138.0,138.0,0.69,0.3780190050601959,False,False,0.0,138.0,0.0,[],0.0,0.0,0,0.0,0,2.207999997949628e-06
aco_current,7,8232,86,18,2,0.0,0.0,0.0,0.0,0.09907747060060501,False,False,0.0,0.0,0.0,[],0.0,0.0,0,0.0,0,2.207999997949628e-06
aco_current,7,8232,86,18,3,0.0,0.0,0.0,0.0,0.43936213850975037,False,False,0.0,0.0,0.0,[],0.0,0.0,0,0.0,0,2.207999997949628e-06
aco_current,7,8232,86,18,4,0.0,0.0,0.0,0.0,0.20313307642936707,False,False,0.0,0.0,0.0,[],0.0,0.0,0,0.0,0,2.207999997949628e-06
aco_current,7,8233,86,18,1,0.0,138.0,138.0,0.69,0.3780190050601959,False,False,0.0,138.0,0.0,[],0.0,0.0,0,0.0,0,2.00000000916134e-06
aco_current,7,8233,86,18,2,0.0,0.0,0.0,0.0,0.09907747060060501,False,False,0.0,0.0,0.0,[],0.0,0.0,0,0.0,0,2.00000000916134e-06
aco_current,7,8233,86,18,3,0.0,0.0,0.0,0.0,0.43936213850975037,False,False,0.0,0.0,0.0,[],0.0,0.0,0,0.0,0,2.00000000916134e-06
aco_current,7,8233,86,18,4,0.0,0.0,0.0,0.0,0.20313307642936707,False,False,0.0,0.0,0.0,[],0.0,0.0,0,0.0,0,2.00000000916134e-06
aco_current,7,8234,86,18,1,0.0,138.0,138.0,0.69,0.3780190050601959,False,False,0.0,138.0,0.0,[],0.0,0.0,0,0.0,0,1.917000005846603e-06
aco_current,7,8234,86,18,2,0.0,0.0,0.0,0.0,0.09907747060060501,False,False,0.0,0.0,0.0,[],0.0,0.0,0,0.0,0,1.917000005846603e-06
aco_current,7,8234,86,18,3,0.0,0.0,0.0,0.0,0.43936213850975037,False,False,0.0,0.0,0.0,[],0.0,0.0,0,0.0,0,1.917000005846603e-06
aco_current,7,8234,86,18,4,0.0,0.0,0.0,0.0,0.20313307642936707,False,False,0.0,0.0,0.0,[],0.0,0.0,0,0.0,0,1.917000005846603e-06
aco_current,7,8235,86,18,1,0.0,138.0,138.0,0.69,0.3780190050601959,False,False,0.0,138.0,0.0,[],0.0,0.0,0,0.0,0,2.9580000102669146e-06
aco_current,7,8235,86,18,2,0.0,0.0,0.0,0.0,0.09907747060060501,False,False,0.0,0.0,0.0,[],0.0,0.0,0,0.0,0,2.9580000102669146e-06
aco_current,7,8235,86,18,3,0.0,0.0,0.0,0.0,0.43936213850975037,False,False,0.0,0.0,0.0,[],0.0,0.0,0,0.0,0,2.9580000102669146e-06
aco_current,7,8235,86,18,4,0.0,0.0,0.0,0.0,0.20313307642936707,False,False,0.0,0.0,0.0,[],0.0,0.0,0,0.0,0,2.9580000102669146e-06
aco_current,7,8236,86,19,1,0.0,138.0,138.0,0.69,0.3780190050601959,False,False,0.0,138.0,0.0,[],0.0,0.0,0,0.0,0,1.916000002211149e-06
aco_current,7,8236,86,19,2,0.0,0.0,0.0,0.0,0.09907747060060501,False,False,0.0,0.0,0.0,[],0.0,0.0,0,0.0,0,1.916000002211149e-06
aco_current,7,8236,86,19,3,0.0,0.0,0.0,0.0,0.43936213850975037,False,False,0.0,0.0,0.0,[],0.0,0.0,0,0.0,0,1.916000002211149e-06
aco_current,7,8236,86,19,4,0.0,0.0,0.0,0.0,0.20313307642936707,False,False,0.0,0.0,0.0,[],0.0,0.0,0,0.0,0,1.916000002211149e-06
aco_current,7,8237,86,19,1,0.0,138.0,138.0,0.69,0.3780190050601959,False,False,0.0,138.0,0.0,[],0.0,0.0,0,0.0,0,2.5410000006331757e-06
aco_current,7,8237,86,19,2,0.0,0.0,0.0,0.0,0.09907747060060501,False,False,0.0,0.0,0.0,[],0.0,0.0,0,0.0,0,2.5410000006331757e-06
aco_current,7,8237,86,19,3,0.0,0.0,0.0,0.0,0.43936213850975037,False,False,0.0,0.0,0.0,[],0.0,0.0,0,0.0,0,2.5410000006331757e-06
aco_current,7,8237,86,19,4,0.0,0.0,0.0,0.0,0.20313307642936707,False,False,0.0,0.0,0.0,[],0.0,0.0,0,0.0,0,2.5410000006331757e-06
aco_current,7,8238,86,19,1,0.0,138.0,138.0,0.69,0.3780190050601959,False,False,0.0,138.0,0.0,[],0.0,0.0,0,0.0,0,1.834000002531866e-06
aco_current,7,8238,86,19,2,0.0,0.0,0.0,0.0,0.09907747060060501,False,False,0.0,0.0,0.0,[],0.0,0.0,0,0.0,0,1.834000002531866e-06
aco_current,7,8238,86,19,3,0.0,0.0,0.0,0.0,0.43936213850975037,False,False,0.0,0.0,0.0,[],0.0,0.0,0,0.0,0,1.834000002531866e-06
aco_current,7,8238,86,19,4,0.0,0.0,0.0,0.0,0.20313307642936707,False,False,0.0,0.0,0.0,[],0.0,0.0,0,0.0,0,1.834000002531866e-06
aco_current,7,8239,86,19,1,0.0,138.0,138.0,0.69,0.3780190050601959,False,False,0.0,138.0,0.0,[],0.0,0.0,0,0.0,0,2.624999993372512e-06
aco_current,7,8239,86,19,2,0.0,0.0,0.0,0.0,0.09907747060060501,False,False,0.0,0.0,0.0,[],0.0,0.0,0,0.0,0,2.624999993372512e-06
aco_current,7,8239,86,19,3,0.0,0.0,0.0,0.0,0.43936213850975037,False,False,0.0,0.0,0.0,[],0.0,0.0,0,0.0,0,2.624999993372512e-06
aco_current,7,8239,86,19,4,0.0,0.0,0.0,0.0,0.20313307642936707,False,False,0.0,0.0,0.0,[],0.0,0.0,0,0.0,0,2.624999993372512e-06
aco_current,7,8240,86,20,1,0.0,138.0,138.0,0.69,0.3780190050601959,False,False,0.0,138.0,0.0,[],0.0,0.0,0,0.0,0,3.000000006636583e-06
aco_current,7,8240,86,20,2,0.0,0.0,0.0,0.0,0.09907747060060501,False,False,0.0,0.0,0.0,[],0.0,0.0,0,0.0,0,3.000000006636583e-06
aco_current,7,8240,86,20,3,0.0,0.0,0.0,0.0,0.43936213850975037,False,False,0.0,0.0,0.0,[],0.0,0.0,0,0.0,0,3.000000006636583e-06
aco_current,7,8240,86,20,4,0.0,0.0,0.0,0.0,0.20313307642936707,False,False,0.0,0.0,0.0,[],0.0,0.0,0,0.0,0,3.000000006636583e-06
aco_current,7,8241,86,20,1,0.0,138.0,138.0,0.69,0.3780190050601959,False,False,0.0,138.0,0.0,[],0.0,0.0,0,0.0,0,1.9169999916357483e-06
aco_current,7,8241,86,20,2,0.0,0.0,0.0,0.0,0.09907747060060501,False,False,0.0,0.0,0.0,[],0.0,0.0,0,0.0,0,1.9169999916357483e-06
aco_current,7,8241,86,20,3,0.0,0.0,0.0,0.0,0.43936213850975037,False,False,0.0,0.0,0.0,[],0.0,0.0,0,0.0,0,1.9169999916357483e-06
aco_current,7,8241,86,20,4,0.0,0.0,0.0,0.0,0.20313307642936707,False,False,0.0,0.0,0.0,[],0.0,0.0,0,0.0,0,1.9169999916357483e-06
aco_current,7,8242,86,20,1,0.0,138.0,138.0,0.69,0.3780190050601959,False,False,0.0,138.0,0.0,[],0.0,0.0,0,0.0,0,2.4999999936881068e-06
aco_current,7,8242,86,20,2,0.0,0.0,0.0,0.0,0.09907747060060501,False,False,0.0,0.0,0.0,[],0.0,0.0,0,0.0,0,2.4999999936881068e-06
aco_current,7,8242,86,20,3,0.0,0.0,0.0,0.0,0.43936213850975037,False,False,0.0,0.0,0.0,[],0.0,0.0,0,0.0,0,2.4999999936881068e-06
aco_current,7,8242,86,20,4,0.0,0.0,0.0,0.0,0.20313307642936707,False,False,0.0,0.0,0.0,[],0.0,0.0,0,0.0,0,2.4999999936881068e-06
aco_current,7,8243,86,20,1,0.0,138.0,138.0,0.69,0.3780190050601959,False,False,0.0,138.0,0.0,[],0.0,0.0,0,0.0,0,1.87499999526608e-06
aco_current,7,8243,86,20,2,0.0,0.0,0.0,0.0,0.09907747060060501,False,False,0.0,0.0,0.0,[],0.0,0.0,0,0.0,0,1.87499999526608e-06
aco_current,7,8243,86,20,3,0.0,0.0,0.0,0.0,0.43936213850975037,False,False,0.0,0.0,0.0,[],0.0,0.0,0,0.0,0,1.87499999526608e-06
aco_current,7,8243,86,20,4,0.0,0.0,0.0,0.0,0.20313307642936707,False,False,0.0,0.0,0.0,[],0.0,0.0,0,0.0,0,1.87499999526608e-06
aco_current,7,8244,86,21,1,0.0,138.0,138.0,0.69,0.3780190050601959,False,False,0.0,138.0,0.0,[],0.0,0.0,0,0.0,0,1.87499999526608e-06
aco_current,7,8244,86,21,2,0.0,0.0,0.0,0.0,0.09907747060060501,False,False,0.0,0.0,0.0,[],0.0,0.0,0,0.0,0,1.87499999526608e-06
aco_current,7,8244,86,21,3,0.0,0.0,0.0,0.0,0.43936213850975037,False,False,0.0,0.0,0.0,[],0.0,0.0,0,0.0,0,1.87499999526608e-06
aco_current,7,8244,86,21,4,0.0,0.0,0.0,0.0,0.20313307642936707,False,False,0.0,0.0,0.0,[],0.0,0.0,0,0.0,0,1.87499999526608e-06
aco_current,7,8245,86,21,1,0.0,138.0,138.0,0.69,0.3780190050601959,False,False,0.0,138.0,0.0,[],0.0,0.0,0,0.0,0,1.9999999949504854e-06
aco_current,7,8245,86,21,2,0.0,0.0,0.0,0.0,0.09907747060060501,False,False,0.0,0.0,0.0,[],0.0,0.0,0,0.0,0,1.9999999949504854e-06
aco_current,7,8245,86,21,3,0.0,0.0,0.0,0.0,0.43936213850975037,False,False,0.0,0.0,0.0,[],0.0,0.0,0,0.0,0,1.9999999949504854e-06
aco_current,7,8245,86,21,4,0.0,0.0,0.0,0.0,0.20313307642936707,False,False,0.0,0.0,0.0,[],0.0,0.0,0,0.0,0,1.9999999949504854e-06
aco_current,7,8246,86,21,1,0.0,138.0,138.0,0.69,0.3780190050601959,False,False,0.0,138.0,0.0,[],0.0,0.0,0,0.0,0,2.333000011844888e-06
aco_current,7,8246,86,21,2,0.0,0.0,0.0,0.0,0.09907747060060501,False,False,0.0,0.0,0.0,[],0.0,0.0,0,0.0,0,2.333000011844888e-06
aco_current,7,8246,86,21,3,0.0,0.0,0.0,0.0,0.43936213850975037,False,False,0.0,0.0,0.0,[],0.0,0.0,0,0.0,0,2.333000011844888e-06
aco_current,7,8246,86,21,4,0.0,0.0,0.0,0.0,0.20313307642936707,False,False,0.0,0.0,0.0,[],0.0,0.0,0,0.0,0,2.333000011844888e-06
aco_current,7,8247,86,21,1,0.0,138.0,138.0,0.69,0.3780190050601959,False,False,0.0,138.0,0.0,[],0.0,0.0,0,0.0,0,2.207999997949628e-06
aco_current,7,8247,86,21,2,0.0,0.0,0.0,0.0,0.09907747060060501,False,False,0.0,0.0,0.0,[],0.0,0.0,0,0.0,0,2.207999997949628e-06
aco_current,7,8247,86,21,3,0.0,0.0,0.0,0.0,0.43936213850975037,False,False,0.0,0.0,0.0,[],0.0,0.0,0,0.0,0,2.207999997949628e-06
aco_current,7,8247,86,21,4,0.0,0.0,0.0,0.0,0.20313307642936707,False,False,0.0,0.0,0.0,[],0.0,0.0,0,0.0,0,2.207999997949628e-06
aco_current,7,8248,86,22,1,0.0,138.0,138.0,0.69,0.3780190050601959,False,False,0.0,138.0,0.0,[],0.0,0.0,0,0.0,0,2.5410000006331757e-06
aco_current,7,8248,86,22,2,0.0,0.0,0.0,0.0,0.09907747060060501,False,False,0.0,0.0,0.0,[],0.0,0.0,0,0.0,0,2.5410000006331757e-06
aco_current,7,8248,86,22,3,0.0,0.0,0.0,0.0,0.43936213850975037,False,False,0.0,0.0,0.0,[],0.0,0.0,0,0.0,0,2.5410000006331757e-06
aco_current,7,8248,86,22,4,0.0,0.0,0.0,0.0,0.20313307642936707,False,False,0.0,0.0,0.0,[],0.0,0.0,0,0.0,0,2.5410000006331757e-06
aco_current,7,8249,86,22,1,0.0,138.0,138.0,0.69,0.3780190050601959,False,False,0.0,138.0,0.0,[],0.0,0.0,0,0.0,0,1.7499999955816747e-06
aco_current,7,8249,86,22,2,0.0,0.0,0.0,0.0,0.09907747060060501,False,False,0.0,0.0,0.0,[],0.0,0.0,0,0.0,0,1.7499999955816747e-06
aco_current,7,8249,86,22,3,0.0,0.0,0.0,0.0,0.43936213850975037,False,False,0.0,0.0,0.0,[],0.0,0.0,0,0.0,0,1.7499999955816747e-06
aco_current,7,8249,86,22,4,0.0,0.0,0.0,0.0,0.20313307642936707,False,False,0.0,0.0,0.0,[],0.0,0.0,0,0.0,0,1.7499999955816747e-06
aco_current,7,8250,86,22,1,0.0,138.0,138.0,0.69,0.3780190050601959,False,False,0.0,138.0,0.0,[],0.0,0.0,0,0.0,0,2.8749999927413228e-06
aco_current,7,8250,86,22,2,0.0,0.0,0.0,0.0,0.09907747060060501,False,False,0.0,0.0,0.0,[],0.0,0.0,0,0.0,0,2.8749999927413228e-06
aco_current,7,8250,86,22,3,0.0,0.0,0.0,0.0,0.43936213850975037,False,False,0.0,0.0,0.0,[],0.0,0.0,0,0.0,0,2.8749999927413228e-06
aco_current,7,8250,86,22,4,0.0,0.0,0.0,0.0,0.20313307642936707,False,False,0.0,0.0,0.0,[],0.0,0.0,0,0.0,0,2.8749999927413228e-06
aco_current,7,8251,86,22,1,0.0,138.0,138.0,0.69,0.3780190050601959,False,False,0.0,138.0,0.0,[],0.0,0.0,0,0.0,0,1.9589999880054165e-06
aco_current,7,8251,86,22,2,0.0,0.0,0.0,0.0,0.09907747060060501,False,False,0.0,0.0,0.0,[],0.0,0.0,0,0.0,0,1.9589999880054165e-06
aco_current,7,8251,86,22,3,0.0,0.0,0.0,0.0,0.43936213850975037,False,False,0.0,0.0,0.0,[],0.0,0.0,0,0.0,0,1.9589999880054165e-06
aco_current,7,8251,86,22,4,0.0,0.0,0.0,0.0,0.20313307642936707,False,False,0.0,0.0,0.0,[],0.0,0.0,0,0.0,0,1.9589999880054165e-06
aco_current,7,8252,86,23,1,0.0,138.0,138.0,0.69,0.3780190050601959,False,False,0.0,138.0,0.0,[],0.0,0.0,0,0.0,0,1.9999999949504854e-06
aco_current,7,8252,86,23,2,0.0,0.0,0.0,0.0,0.09907747060060501,False,False,0.0,0.0,0.0,[],0.0,0.0,0,0.0,0,1.9999999949504854e-06
aco_current,7,8252,86,23,3,0.0,0.0,0.0,0.0,0.43936213850975037,False,False,0.0,0.0,0.0,[],0.0,0.0,0,0.0,0,1.9999999949504854e-06
aco_current,7,8252,86,23,4,0.0,0.0,0.0,0.0,0.20313307642936707,False,False,0.0,0.0,0.0,[],0.0,0.0,0,0.0,0,1.9999999949504854e-06
aco_current,7,8253,86,23,1,0.0,138.0,138.0,0.69,0.3780190050601959,False,False,0.0,138.0,0.0,[],0.0,0.0,0,0.0,0,2.332999997634033e-06
aco_current,7,8253,86,23,2,0.0,0.0,0.0,0.0,0.09907747060060501,False,False,0.0,0.0,0.0,[],0.0,0.0,0,0.0,0,2.332999997634033e-06
aco_current,7,8253,86,23,3,0.0,0.0,0.0,0.0,0.43936213850975037,False,False,0.0,0.0,0.0,[],0.0,0.0,0,0.0,0,2.332999997634033e-06
aco_current,7,8253,86,23,4,0.0,0.0,0.0,0.0,0.20313307642936707,False,False,0.0,0.0,0.0,[],0.0,0.0,0,0.0,0,2.332999997634033e-06
aco_current,7,8254,86,23,1,0.0,138.0,138.0,0.69,0.3780190050601959,False,False,0.0,138.0,0.0,[],0.0,0.0,0,0.0,0,1.8329999988964119e-06
aco_current,7,8254,86,23,2,0.0,0.0,0.0,0.0,0.09907747060060501,False,False,0.0,0.0,0.0,[],0.0,0.0,0,0.0,0,1.8329999988964119e-06
aco_current,7,8254,86,23,3,0.0,0.0,0.0,0.0,0.43936213850975037,False,False,0.0,0.0,0.0,[],0.0,0.0,0,0.0,0,1.8329999988964119e-06
aco_current,7,8254,86,23,4,0.0,0.0,0.0,0.0,0.20313307642936707,False,False,0.0,0.0,0.0,[],0.0,0.0,0,0.0,0,1.8329999988964119e-06
aco_current,7,8255,86,23,1,0.0,138.0,138.0,0.69,0.3780190050601959,False,False,0.0,138.0,0.0,[],0.0,0.0,0,0.0,0,2.4590000009538926e-06
aco_current,7,8255,86,23,2,0.0,0.0,0.0,0.0,0.09907747060060501,False,False,0.0,0.0,0.0,[],0.0,0.0,0,0.0,0,2.4590000009538926e-06
aco_current,7,8255,86,23,3,0.0,0.0,0.0,0.0,0.43936213850975037,False,False,0.0,0.0,0.0,[],0.0,0.0,0,0.0,0,2.4590000009538926e-06
aco_current,7,8255,86,23,4,0.0,0.0,0.0,0.0,0.20313307642936707,False,False,0.0,0.0,0.0,[],0.0,0.0,0,0.0,0,2.4590000009538926e-06
aco_current,7,8256,87,0,1,30.0,138.0,168.0,0.84,0.9999995827674866,True,True,30.0,138.0,0.0,[1],10.0,10.0,1,10.0,0,0.009922959000007836
aco_current,7,8256,87,0,2,0.0,0.0,0.0,0.0,0.09907747060060501,False,False,0.0,0.0,0.0,[],10.0,10.0,1,10.0,0,0.009922959000007836
aco_current,7,8256,87,0,3,0.0,0.0,0.0,0.0,0.43936213850975037,False,False,0.0,0.0,0.0,[],10.0,10.0,1,10.0,0,0.009922959000007836
aco_current,7,8256,87,0,4,0.0,0.0,0.0,0.0,0.20313307642936707,False,False,0.0,0.0,0.0,[],10.0,10.0,1,10.0,0,0.009922959000007836
aco_current,7,8257,87,0,1,61.0,138.0,199.0,0.995,1.0,True,True,30.0,169.0,0.0,[1],10.0,10.0,1,10.0,0,0.009782333000003973
aco_current,7,8257,87,0,2,0.0,0.0,0.0,0.0,0.09907747060060501,False,False,0.0,0.0,0.0,[],10.0,10.0,1,10.0,0,0.009782333000003973
aco_current,7,8257,87,0,3,0.0,0.0,0.0,0.0,0.43936213850975037,False,False,0.0,0.0,0.0,[],10.0,10.0,1,10.0,0,0.009782333000003973
aco_current,7,8257,87,0,4,0.0,0.0,0.0,0.0,0.20313307642936707,False,False,0.0,0.0,0.0,[],10.0,10.0,1,10.0,0,0.009782333000003973
aco_current,7,8258,87,0,1,87.0,169.0,256.0,1.28,1.0,True,True,30.0,200.0,26.0,[1],10.0,10.0,1,10.0,0,0.009782458000003658
aco_current,7,8258,87,0,2,0.0,0.0,0.0,0.0,0.09907747060060501,False,False,0.0,0.0,0.0,[],10.0,10.0,1,10.0,0,0.009782458000003658
aco_current,7,8258,87,0,3,0.0,0.0,0.0,0.0,0.43936213850975037,False,False,0.0,0.0,0.0,[],10.0,10.0,1,10.0,0,0.009782458000003658
aco_current,7,8258,87,0,4,0.0,0.0,0.0,0.0,0.20313307642936707,False,False,0.0,0.0,0.0,[],10.0,10.0,1,10.0,0,0.009782458000003658
aco_current,7,8259,87,0,1,91.0,200.0,291.0,1.455,1.0,True,True,30.0,200.0,61.0,[1],10.0,10.0,1,10.0,0,0.00955479099999934
aco_current,7,8259,87,0,2,0.0,0.0,0.0,0.0,0.09907747060060501,False,False,0.0,0.0,0.0,[],10.0,10.0,1,10.0,0,0.00955479099999934
aco_current,7,8259,87,0,3,0.0,0.0,0.0,0.0,0.43936213850975037,False,False,0.0,0.0,0.0,[],10.0,10.0,1,10.0,0,0.00955479099999934
aco_current,7,8259,87,0,4,0.0,0.0,0.0,0.0,0.20313307642936707,False,False,0.0,0.0,0.0,[],10.0,10.0,1,10.0,0,0.00955479099999934
aco_current,7,8260,87,1,1,96.0,200.0,296.0,1.48,1.0,True,True,30.0,200.0,66.0,[1],10.0,10.0,1,10.0,0,0.009659874999996987
aco_current,7,8260,87,1,2,0.0,0.0,0.0,0.0,0.09907747060060501,False,False,0.0,0.0,0.0,[],10.0,10.0,1,10.0,0,0.009659874999996987
aco_current,7,8260,87,1,3,0.0,0.0,0.0,0.0,0.43936213850975037,False,False,0.0,0.0,0.0,[],10.0,10.0,1,10.0,0,0.009659874999996987
aco_current,7,8260,87,1,4,0.0,0.0,0.0,0.0,0.20313307642936707,False,False,0.0,0.0,0.0,[],10.0,10.0,1,10.0,0,0.009659874999996987
aco_current,7,8261,87,1,1,92.0,200.0,292.0,1.46,1.0,True,True,30.0,200.0,62.0,[1],10.0,10.0,1,10.0,0,0.009505707999991841
aco_current,7,8261,87,1,2,0.0,0.0,0.0,0.0,0.09907747060060501,False,False,0.0,0.0,0.0,[],10.0,10.0,1,10.0,0,0.009505707999991841
aco_current,7,8261,87,1,3,0.0,0.0,0.0,0.0,0.43936213850975037,False,False,0.0,0.0,0.0,[],10.0,10.0,1,10.0,0,0.009505707999991841
aco_current,7,8261,87,1,4,0.0,0.0,0.0,0.0,0.20313307642936707,False,False,0.0,0.0,0.0,[],10.0,10.0,1,10.0,0,0.009505707999991841
aco_current,7,8262,87,1,1,98.0,200.0,298.0,1.49,1.0,True,True,30.0,200.0,68.0,[1],10.0,10.0,1,10.0,0,0.009710458000000699
aco_current,7,8262,87,1,2,0.0,0.0,0.0,0.0,0.09907747060060501,False,False,0.0,0.0,0.0,[],10.0,10.0,1,10.0,0,0.009710458000000699
aco_current,7,8262,87,1,3,0.0,0.0,0.0,0.0,0.43936213850975037,False,False,0.0,0.0,0.0,[],10.0,10.0,1,10.0,0,0.009710458000000699
aco_current,7,8262,87,1,4,0.0,0.0,0.0,0.0,0.20313307642936707,False,False,0.0,0.0,0.0,[],10.0,10.0,1,10.0,0,0.009710458000000699
aco_current,7,8263,87,1,1,93.0,200.0,293.0,1.465,1.0,True,True,30.0,200.0,63.0,[1],10.0,10.0,1,10.0,0,0.009726749999998674
aco_current,7,8263,87,1,2,0.0,0.0,0.0,0.0,0.09907747060060501,False,False,0.0,0.0,0.0,[],10.0,10.0,1,10.0,0,0.009726749999998674
aco_current,7,8263,87,1,3,0.0,0.0,0.0,0.0,0.43936213850975037,False,False,0.0,0.0,0.0,[],10.0,10.0,1,10.0,0,0.009726749999998674
aco_current,7,8263,87,1,4,0.0,0.0,0.0,0.0,0.20313307642936707,False,False,0.0,0.0,0.0,[],10.0,10.0,1,10.0,0,0.009726749999998674
aco_current,7,8264,87,2,1,95.0,200.0,295.0,1.475,1.0,True,True,30.0,200.0,65.0,[1],10.0,10.0,1,10.0,0,0.009549125000006597
aco_current,7,8264,87,2,2,0.0,0.0,0.0,0.0,0.09907747060060501,False,False,0.0,0.0,0.0,[],10.0,10.0,1,10.0,0,0.009549125000006597
aco_current,7,8264,87,2,3,0.0,0.0,0.0,0.0,0.43936213850975037,False,False,0.0,0.0,0.0,[],10.0,10.0,1,10.0,0,0.009549125000006597
aco_current,7,8264,87,2,4,0.0,0.0,0.0,0.0,0.20313307642936707,False,False,0.0,0.0,0.0,[],10.0,10.0,1,10.0,0,0.009549125000006597
aco_current,7,8265,87,2,1,99.0,200.0,299.0,1.495,1.0,True,True,30.0,200.0,69.0,[1],10.0,10.0,1,10.0,0,0.009643584000002647
aco_current,7,8265,87,2,2,0.0,0.0,0.0,0.0,0.09907747060060501,False,False,0.0,0.0,0.0,[],10.0,10.0,1,10.0,0,0.009643584000002647
aco_current,7,8265,87,2,3,0.0,0.0,0.0,0.0,0.43936213850975037,False,False,0.0,0.0,0.0,[],10.0,10.0,1,10.0,0,0.009643584000002647
aco_current,7,8265,87,2,4,0.0,0.0,0.0,0.0,0.20313307642936707,False,False,0.0,0.0,0.0,[],10.0,10.0,1,10.0,0,0.009643584000002647
aco_current,7,8266,87,2,1,99.0,200.0,299.0,1.495,1.0,True,True,30.0,200.0,69.0,[1],10.0,10.0,1,10.0,0,0.009670499999998583
aco_current,7,8266,87,2,2,0.0,0.0,0.0,0.0,0.09907747060060501,False,False,0.0,0.0,0.0,[],10.0,10.0,1,10.0,0,0.009670499999998583
aco_current,7,8266,87,2,3,0.0,0.0,0.0,0.0,0.43936213850975037,False,False,0.0,0.0,0.0,[],10.0,10.0,1,10.0,0,0.009670499999998583
aco_current,7,8266,87,2,4,0.0,0.0,0.0,0.0,0.20313307642936707,False,False,0.0,0.0,0.0,[],10.0,10.0,1,10.0,0,0.009670499999998583
aco_current,7,8267,87,2,1,97.0,200.0,297.0,1.485,1.0,True,True,30.0,200.0,67.0,[1],10.0,10.0,1,10.0,0,0.009544417000000749
aco_current,7,8267,87,2,2,0.0,0.0,0.0,0.0,0.09907747060060501,False,False,0.0,0.0,0.0,[],10.0,10.0,1,10.0,0,0.009544417000000749
aco_current,7,8267,87,2,3,0.0,0.0,0.0,0.0,0.43936213850975037,False,False,0.0,0.0,0.0,[],10.0,10.0,1,10.0,0,0.009544417000000749
aco_current,7,8267,87,2,4,0.0,0.0,0.0,0.0,0.20313307642936707,False,False,0.0,0.0,0.0,[],10.0,10.0,1,10.0,0,0.009544417000000749
aco_current,7,8268,87,3,1,97.0,200.0,297.0,1.485,1.0,True,True,30.0,200.0,67.0,[1],10.0,10.0,1,10.0,0,0.009678500000006807
aco_current,7,8268,87,3,2,0.0,0.0,0.0,0.0,0.09907747060060501,False,False,0.0,0.0,0.0,[],10.0,10.0,1,10.0,0,0.009678500000006807
aco_current,7,8268,87,3,3,0.0,0.0,0.0,0.0,0.43936213850975037,False,False,0.0,0.0,0.0,[],10.0,10.0,1,10.0,0,0.009678500000006807
aco_current,7,8268,87,3,4,0.0,0.0,0.0,0.0,0.20313307642936707,False,False,0.0,0.0,0.0,[],10.0,10.0,1,10.0,0,0.009678500000006807
aco_current,7,8269,87,3,1,99.0,200.0,299.0,1.495,1.0,True,True,30.0,200.0,69.0,[1],10.0,10.0,1,10.0,0,0.009579708000003961
aco_current,7,8269,87,3,2,0.0,0.0,0.0,0.0,0.09907747060060501,False,False,0.0,0.0,0.0,[],10.0,10.0,1,10.0,0,0.009579708000003961
aco_current,7,8269,87,3,3,0.0,0.0,0.0,0.0,0.43936213850975037,False,False,0.0,0.0,0.0,[],10.0,10.0,1,10.0,0,0.009579708000003961
aco_current,7,8269,87,3,4,0.0,0.0,0.0,0.0,0.20313307642936707,False,False,0.0,0.0,0.0,[],10.0,10.0,1,10.0,0,0.009579708000003961
aco_current,7,8270,87,3,1,97.0,200.0,297.0,1.485,1.0,True,True,30.0,200.0,67.0,[1],10.0,10.0,1,10.0,0,0.009512709000006225
aco_current,7,8270,87,3,2,0.0,0.0,0.0,0.0,0.09907747060060501,False,False,0.0,0.0,0.0,[],10.0,10.0,1,10.0,0,0.009512709000006225
aco_current,7,8270,87,3,3,0.0,0.0,0.0,0.0,0.43936213850975037,False,False,0.0,0.0,0.0,[],10.0,10.0,1,10.0,0,0.009512709000006225
aco_current,7,8270,87,3,4,0.0,0.0,0.0,0.0,0.20313307642936707,False,False,0.0,0.0,0.0,[],10.0,10.0,1,10.0,0,0.009512709000006225
aco_current,7,8271,87,3,1,90.0,200.0,290.0,1.45,1.0,True,True,30.0,200.0,60.0,[1],10.0,10.0,1,10.0,0,0.00932400000000655
aco_current,7,8271,87,3,2,0.0,0.0,0.0,0.0,0.09907747060060501,False,False,0.0,0.0,0.0,[],10.0,10.0,1,10.0,0,0.00932400000000655
aco_current,7,8271,87,3,3,0.0,0.0,0.0,0.0,0.43936213850975037,False,False,0.0,0.0,0.0,[],10.0,10.0,1,10.0,0,0.00932400000000655
aco_current,7,8271,87,3,4,0.0,0.0,0.0,0.0,0.20313307642936707,False,False,0.0,0.0,0.0,[],10.0,10.0,1,10.0,0,0.00932400000000655
aco_current,7,8272,87,4,1,82.0,200.0,282.0,1.41,1.0,True,True,30.0,200.0,52.0,[1],10.0,10.0,1,10.0,0,0.009548832999996648
aco_current,7,8272,87,4,2,0.0,0.0,0.0,0.0,0.09907747060060501,False,False,0.0,0.0,0.0,[],10.0,10.0,1,10.0,0,0.009548832999996648
aco_current,7,8272,87,4,3,0.0,0.0,0.0,0.0,0.43936213850975037,False,False,0.0,0.0,0.0,[],10.0,10.0,1,10.0,0,0.009548832999996648
aco_current,7,8272,87,4,4,0.0,0.0,0.0,0.0,0.20313307642936707,False,False,0.0,0.0,0.0,[],10.0,10.0,1,10.0,0,0.009548832999996648
aco_current,7,8273,87,4,1,77.0,200.0,277.0,1.385,1.0,True,True,30.0,200.0,47.0,[1],10.0,10.0,1,10.0,0,0.00959208300000114
aco_current,7,8273,87,4,2,0.0,0.0,0.0,0.0,0.09907747060060501,False,False,0.0,0.0,0.0,[],10.0,10.0,1,10.0,0,0.00959208300000114
aco_current,7,8273,87,4,3,0.0,0.0,0.0,0.0,0.43936213850975037,False,False,0.0,0.0,0.0,[],10.0,10.0,1,10.0,0,0.00959208300000114
aco_current,7,8273,87,4,4,0.0,0.0,0.0,0.0,0.20313307642936707,False,False,0.0,0.0,0.0,[],10.0,10.0,1,10.0,0,0.00959208300000114
aco_current,7,8274,87,4,1,63.0,200.0,263.0,1.315,1.0,True,True,30.0,200.0,33.0,[1],10.0,10.0,1,10.0,0,0.009528250000002458
aco_current,7,8274,87,4,2,0.0,0.0,0.0,0.0,0.09907747060060501,False,False,0.0,0.0,0.0,[],10.0,10.0,1,10.0,0,0.009528250000002458
aco_current,7,8274,87,4,3,0.0,0.0,0.0,0.0,0.43936213850975037,False,False,0.0,0.0,0.0,[],10.0,10.0,1,10.0,0,0.009528250000002458
aco_current,7,8274,87,4,4,0.0,0.0,0.0,0.0,0.20313307642936707,False,False,0.0,0.0,0.0,[],10.0,10.0,1,10.0,0,0.009528250000002458
aco_current,7,8275,87,4,1,59.0,200.0,259.0,1.295,1.0,True,True,30.0,200.0,29.0,[1],10.0,10.0,1,10.0,0,0.009567167000000154
aco_current,7,8275,87,4,2,0.0,0.0,0.0,0.0,0.09907747060060501,False,False,0.0,0.0,0.0,[],10.0,10.0,1,10.0,0,0.009567167000000154
aco_current,7,8275,87,4,3,0.0,0.0,0.0,0.0,0.43936213850975037,False,False,0.0,0.0,0.0,[],10.0,10.0,1,10.0,0,0.009567167000000154
aco_current,7,8275,87,4,4,0.0,0.0,0.0,0.0,0.20313307642936707,False,False,0.0,0.0,0.0,[],10.0,10.0,1,10.0,0,0.009567167000000154
aco_current,7,8276,87,5,1,55.0,200.0,255.0,1.275,1.0,True,True,30.0,200.0,25.0,[1],10.0,10.0,1,10.0,0,0.009560582999995404
aco_current,7,8276,87,5,2,0.0,0.0,0.0,0.0,0.09907747060060501,False,False,0.0,0.0,0.0,[],10.0,10.0,1,10.0,0,0.009560582999995404
aco_current,7,8276,87,5,3,0.0,0.0,0.0,0.0,0.43936213850975037,False,False,0.0,0.0,0.0,[],10.0,10.0,1,10.0,0,0.009560582999995404
aco_current,7,8276,87,5,4,0.0,0.0,0.0,0.0,0.20313307642936707,False,False,0.0,0.0,0.0,[],10.0,10.0,1,10.0,0,0.009560582999995404
aco_current,7,8277,87,5,1,55.0,200.0,255.0,1.275,1.0,True,True,30.0,200.0,25.0,[1],10.0,10.0,1,10.0,0,0.009635541999998054
aco_current,7,8277,87,5,2,0.0,0.0,0.0,0.0,0.09907747060060501,False,False,0.0,0.0,0.0,[],10.0,10.0,1,10.0,0,0.009635541999998054
aco_current,7,8277,87,5,3,0.0,0.0,0.0,0.0,0.43936213850975037,False,False,0.0,0.0,0.0,[],10.0,10.0,1,10.0,0,0.009635541999998054
aco_current,7,8277,87,5,4,0.0,0.0,0.0,0.0,0.20313307642936707,False,False,0.0,0.0,0.0,[],10.0,10.0,1,10.0,0,0.009635541999998054
aco_current,7,8278,87,5,1,44.0,200.0,244.0,1.22,1.0,True,True,30.0,200.0,14.0,[1],10.0,10.0,1,10.0,0,0.009618875000001026
aco_current,7,8278,87,5,2,0.0,0.0,0.0,0.0,0.09907747060060501,False,False,0.0,0.0,0.0,[],10.0,10.0,1,10.0,0,0.009618875000001026
aco_current,7,8278,87,5,3,0.0,0.0,0.0,0.0,0.43936213850975037,False,False,0.0,0.0,0.0,[],10.0,10.0,1,10.0,0,0.009618875000001026
aco_current,7,8278,87,5,4,0.0,0.0,0.0,0.0,0.20313307642936707,False,False,0.0,0.0,0.0,[],10.0,10.0,1,10.0,0,0.009618875000001026
aco_current,7,8279,87,5,1,45.0,200.0,245.0,1.225,1.0,True,True,30.0,200.0,15.0,[1],10.0,10.0,1,10.0,0,0.009923707999988096
aco_current,7,8279,87,5,2,0.0,0.0,0.0,0.0,0.09907747060060501,False,False,0.0,0.0,0.0,[],10.0,10.0,1,10.0,0,0.009923707999988096
aco_current,7,8279,87,5,3,0.0,0.0,0.0,0.0,0.43936213850975037,False,False,0.0,0.0,0.0,[],10.0,10.0,1,10.0,0,0.009923707999988096
aco_current,7,8279,87,5,4,0.0,0.0,0.0,0.0,0.20313307642936707,False,False,0.0,0.0,0.0,[],10.0,10.0,1,10.0,0,0.009923707999988096
aco_current,7,8280,87,6,1,44.0,200.0,244.0,1.22,1.0,True,True,30.0,200.0,14.0,[1],10.0,10.0,1,10.0,0,0.009777416999995125
aco_current,7,8280,87,6,2,0.0,0.0,0.0,0.0,0.09907747060060501,False,False,0.0,0.0,0.0,[],10.0,10.0,1,10.0,0,0.009777416999995125
aco_current,7,8280,87,6,3,0.0,0.0,0.0,0.0,0.43936213850975037,False,False,0.0,0.0,0.0,[],10.0,10.0,1,10.0,0,0.009777416999995125
aco_current,7,8280,87,6,4,0.0,0.0,0.0,0.0,0.20313307642936707,False,False,0.0,0.0,0.0,[],10.0,10.0,1,10.0,0,0.009777416999995125
aco_current,7,8281,87,6,1,45.0,200.0,245.0,1.225,1.0,True,True,30.0,200.0,15.0,[1],10.0,10.0,1,10.0,0,0.009484000000000492
aco_current,7,8281,87,6,2,0.0,0.0,0.0,0.0,0.09907747060060501,False,False,0.0,0.0,0.0,[],10.0,10.0,1,10.0,0,0.009484000000000492
aco_current,7,8281,87,6,3,0.0,0.0,0.0,0.0,0.43936213850975037,False,False,0.0,0.0,0.0,[],10.0,10.0,1,10.0,0,0.009484000000000492
aco_current,7,8281,87,6,4,0.0,0.0,0.0,0.0,0.20313307642936707,False,False,0.0,0.0,0.0,[],10.0,10.0,1,10.0,0,0.009484000000000492
aco_current,7,8282,87,6,1,45.0,200.0,245.0,1.225,1.0,True,True,30.0,200.0,15.0,[1],10.0,10.0,1,10.0,0,0.009699040999990416
aco_current,7,8282,87,6,2,0.0,0.0,0.0,0.0,0.09907747060060501,False,False,0.0,0.0,0.0,[],10.0,10.0,1,10.0,0,0.009699040999990416
aco_current,7,8282,87,6,3,0.0,0.0,0.0,0.0,0.43936213850975037,False,False,0.0,0.0,0.0,[],10.0,10.0,1,10.0,0,0.009699040999990416
aco_current,7,8282,87,6,4,0.0,0.0,0.0,0.0,0.20313307642936707,False,False,0.0,0.0,0.0,[],10.0,10.0,1,10.0,0,0.009699040999990416
aco_current,7,8283,87,6,1,44.0,200.0,244.0,1.22,1.0,True,True,30.0,200.0,14.0,[1],10.0,10.0,1,10.0,0,0.009663375000002361
aco_current,7,8283,87,6,2,0.0,0.0,0.0,0.0,0.09907747060060501,False,False,0.0,0.0,0.0,[],10.0,10.0,1,10.0,0,0.009663375000002361
aco_current,7,8283,87,6,3,0.0,0.0,0.0,0.0,0.43936213850975037,False,False,0.0,0.0,0.0,[],10.0,10.0,1,10.0,0,0.009663375000002361
aco_current,7,8283,87,6,4,0.0,0.0,0.0,0.0,0.20313307642936707,False,False,0.0,0.0,0.0,[],10.0,10.0,1,10.0,0,0.009663375000002361
aco_current,7,8284,87,7,1,45.0,200.0,245.0,1.225,1.0,True,True,30.0,200.0,15.0,[1],10.0,10.0,1,10.0,0,0.009599416999989785
aco_current,7,8284,87,7,2,0.0,0.0,0.0,0.0,0.09907747060060501,False,False,0.0,0.0,0.0,[],10.0,10.0,1,10.0,0,0.009599416999989785
aco_current,7,8284,87,7,3,0.0,0.0,0.0,0.0,0.43936213850975037,False,False,0.0,0.0,0.0,[],10.0,10.0,1,10.0,0,0.009599416999989785
aco_current,7,8284,87,7,4,0.0,0.0,0.0,0.0,0.20313307642936707,False,False,0.0,0.0,0.0,[],10.0,10.0,1,10.0,0,0.009599416999989785
aco_current,7,8285,87,7,1,45.0,200.0,245.0,1.225,1.0,True,True,30.0,200.0,15.0,[1],10.0,10.0,1,10.0,0,0.009707791000010957
aco_current,7,8285,87,7,2,0.0,0.0,0.0,0.0,0.09907747060060501,False,False,0.0,0.0,0.0,[],10.0,10.0,1,10.0,0,0.009707791000010957
aco_current,7,8285,87,7,3,0.0,0.0,0.0,0.0,0.43936213850975037,False,False,0.0,0.0,0.0,[],10.0,10.0,1,10.0,0,0.009707791000010957
aco_current,7,8285,87,7,4,0.0,0.0,0.0,0.0,0.20313307642936707,False,False,0.0,0.0,0.0,[],10.0,10.0,1,10.0,0,0.009707791000010957
aco_current,7,8286,87,7,1,44.0,200.0,244.0,1.22,1.0,True,True,30.0,200.0,14.0,[1],10.0,10.0,1,10.0,0,0.009511082999992482
aco_current,7,8286,87,7,2,0.0,0.0,0.0,0.0,0.09907747060060501,False,False,0.0,0.0,0.0,[],10.0,10.0,1,10.0,0,0.009511082999992482
aco_current,7,8286,87,7,3,0.0,0.0,0.0,0.0,0.43936213850975037,False,False,0.0,0.0,0.0,[],10.0,10.0,1,10.0,0,0.009511082999992482
aco_current,7,8286,87,7,4,0.0,0.0,0.0,0.0,0.20313307642936707,False,False,0.0,0.0,0.0,[],10.0,10.0,1,10.0,0,0.009511082999992482
aco_current,7,8287,87,7,1,45.0,200.0,245.0,1.225,1.0,True,True,30.0,200.0,15.0,[1],10.0,10.0,1,10.0,0,0.009585125000000971
aco_current,7,8287,87,7,2,0.0,0.0,0.0,0.0,0.09907747060060501,False,False,0.0,0.0,0.0,[],10.0,10.0,1,10.0,0,0.009585125000000971
aco_current,7,8287,87,7,3,0.0,0.0,0.0,0.0,0.43936213850975037,False,False,0.0,0.0,0.0,[],10.0,10.0,1,10.0,0,0.009585125000000971
aco_current,7,8287,87,7,4,0.0,0.0,0.0,0.0,0.20313307642936707,False,False,0.0,0.0,0.0,[],10.0,10.0,1,10.0,0,0.009585125000000971
aco_current,7,8288,87,8,1,45.0,200.0,245.0,1.225,1.0,True,True,30.0,200.0,15.0,[1],10.0,10.0,1,10.0,0,0.009694583000012358
aco_current,7,8288,87,8,2,0.0,0.0,0.0,0.0,0.09907747060060501,False,False,0.0,0.0,0.0,[],10.0,10.0,1,10.0,0,0.009694583000012358
aco_current,7,8288,87,8,3,0.0,0.0,0.0,0.0,0.43936213850975037,False,False,0.0,0.0,0.0,[],10.0,10.0,1,10.0,0,0.009694583000012358
aco_current,7,8288,87,8,4,0.0,0.0,0.0,0.0,0.20313307642936707,False,False,0.0,0.0,0.0,[],10.0,10.0,1,10.0,0,0.009694583000012358
aco_current,7,8289,87,8,1,38.0,200.0,238.0,1.19,1.0,True,True,30.0,200.0,8.0,[1],10.0,10.0,1,10.0,0,0.009614583000001176
aco_current,7,8289,87,8,2,0.0,0.0,0.0,0.0,0.09907747060060501,False,False,0.0,0.0,0.0,[],10.0,10.0,1,10.0,0,0.009614583000001176
aco_current,7,8289,87,8,3,0.0,0.0,0.0,0.0,0.43936213850975037,False,False,0.0,0.0,0.0,[],10.0,10.0,1,10.0,0,0.009614583000001176
aco_current,7,8289,87,8,4,0.0,0.0,0.0,0.0,0.20313307642936707,False,False,0.0,0.0,0.0,[],10.0,10.0,1,10.0,0,0.009614583000001176
aco_current,7,8290,87,8,1,36.0,200.0,236.0,1.18,1.0,True,True,30.0,200.0,6.0,[1],10.0,10.0,1,10.0,0,0.009797082999995155
aco_current,7,8290,87,8,2,0.0,0.0,0.0,0.0,0.09907747060060501,False,False,0.0,0.0,0.0,[],10.0,10.0,1,10.0,0,0.009797082999995155
aco_current,7,8290,87,8,3,0.0,0.0,0.0,0.0,0.43936213850975037,False,False,0.0,0.0,0.0,[],10.0,10.0,1,10.0,0,0.009797082999995155
aco_current,7,8290,87,8,4,0.0,0.0,0.0,0.0,0.20313307642936707,False,False,0.0,0.0,0.0,[],10.0,10.0,1,10.0,0,0.009797082999995155
aco_current,7,8291,87,8,1,28.0,200.0,228.0,1.14,1.0,True,True,30.0,198.0,0.0,[1],10.0,10.0,1,10.0,0,0.009543500000006588
aco_current,7,8291,87,8,2,0.0,0.0,0.0,0.0,0.09907747060060501,False,False,0.0,0.0,0.0,[],10.0,10.0,1,10.0,0,0.009543500000006588
aco_current,7,8291,87,8,3,0.0,0.0,0.0,0.0,0.43936213850975037,False,False,0.0,0.0,0.0,[],10.0,10.0,1,10.0,0,0.009543500000006588
aco_current,7,8291,87,8,4,0.0,0.0,0.0,0.0,0.20313307642936707,False,False,0.0,0.0,0.0,[],10.0,10.0,1,10.0,0,0.009543500000006588
aco_current,7,8292,87,9,1,25.0,198.0,223.0,1.115,1.0,True,True,30.0,193.0,0.0,[1],10.0,10.0,1,10.0,0,0.009611542000001805
aco_current,7,8292,87,9,2,0.0,0.0,0.0,0.0,0.09907747060060501,False,False,0.0,0.0,0.0,[],10.0,10.0,1,10.0,0,0.009611542000001805
aco_current,7,8292,87,9,3,0.0,0.0,0.0,0.0,0.43936213850975037,False,False,0.0,0.0,0.0,[],10.0,10.0,1,10.0,0,0.009611542000001805
aco_current,7,8292,87,9,4,0.0,0.0,0.0,0.0,0.20313307642936707,False,False,0.0,0.0,0.0,[],10.0,10.0,1,10.0,0,0.009611542000001805
aco_current,7,8293,87,9,1,18.0,193.0,211.0,1.055,1.0,True,True,30.0,181.0,0.0,[1],10.0,10.0,1,10.0,0,0.009769250000005059
aco_current,7,8293,87,9,2,0.0,0.0,0.0,0.0,0.09907747060060501,False,False,0.0,0.0,0.0,[],10.0,10.0,1,10.0,0,0.009769250000005059
aco_current,7,8293,87,9,3,0.0,0.0,0.0,0.0,0.43936213850975037,False,False,0.0,0.0,0.0,[],10.0,10.0,1,10.0,0,0.009769250000005059
aco_current,7,8293,87,9,4,0.0,0.0,0.0,0.0,0.20313307642936707,False,False,0.0,0.0,0.0,[],10.0,10.0,1,10.0,0,0.009769250000005059
aco_current,7,8294,87,9,1,17.0,181.0,198.0,0.99,1.0,True,True,30.0,168.0,0.0,[1],10.0,10.0,1,10.0,0,0.009751917000002663
aco_current,7,8294,87,9,2,0.0,0.0,0.0,0.0,0.09907747060060501,False,False,0.0,0.0,0.0,[],10.0,10.0,1,10.0,0,0.009751917000002663
aco_current,7,8294,87,9,3,0.0,0.0,0.0,0.0,0.43936213850975037,False,False,0.0,0.0,0.0,[],10.0,10.0,1,10.0,0,0.009751917000002663
aco_current,7,8294,87,9,4,0.0,0.0,0.0,0.0,0.20313307642936707,False,False,0.0,0.0,0.0,[],10.0,10.0,1,10.0,0,0.009751917000002663
aco_current,7,8295,87,9,1,16.0,168.0,184.0,0.92,0.9999995827674866,True,True,30.0,154.0,0.0,[1],10.0,10.0,1,10.0,0,0.009656915999997295
aco_current,7,8295,87,9,2,0.0,0.0,0.0,0.0,0.09907747060060501,False,False,0.0,0.0,0.0,[],10.0,10.0,1,10.0,0,0.009656915999997295
aco_current,7,8295,87,9,3,0.0,0.0,0.0,0.0,0.43936213850975037,False,False,0.0,0.0,0.0,[],10.0,10.0,1,10.0,0,0.009656915999997295
aco_current,7,8295,87,9,4,0.0,0.0,0.0,0.0,0.20313307642936707,False,False,0.0,0.0,0.0,[],10.0,10.0,1,10.0,0,0.009656915999997295
aco_current,7,8296,87,10,1,17.0,154.0,171.0,0.855,0.9999901652336121,True,True,30.0,141.0,0.0,[1],10.0,10.0,1,10.0,0,0.009527667000000406
aco_current,7,8296,87,10,2,0.0,0.0,0.0,0.0,0.09907747060060501,False,False,0.0,0.0,0.0,[],10.0,10.0,1,10.0,0,0.009527667000000406
aco_current,7,8296,87,10,3,0.0,0.0,0.0,0.0,0.43936213850975037,False,False,0.0,0.0,0.0,[],10.0,10.0,1,10.0,0,0.009527667000000406
aco_current,7,8296,87,10,4,0.0,0.0,0.0,0.0,0.20313307642936707,False,False,0.0,0.0,0.0,[],10.0,10.0,1,10.0,0,0.009527667000000406
aco_current,7,8297,87,10,1,17.0,141.0,158.0,0.79,0.9997219443321228,False,False,0.0,158.0,0.0,[],0.0,0.0,0,0.0,0,3.500000005374204e-06
aco_current,7,8297,87,10,2,0.0,0.0,0.0,0.0,0.09907747060060501,False,False,0.0,0.0,0.0,[],0.0,0.0,0,0.0,0,3.500000005374204e-06
aco_current,7,8297,87,10,3,0.0,0.0,0.0,0.0,0.43936213850975037,False,False,0.0,0.0,0.0,[],0.0,0.0,0,0.0,0,3.500000005374204e-06
aco_current,7,8297,87,10,4,0.0,0.0,0.0,0.0,0.20313307642936707,False,False,0.0,0.0,0.0,[],0.0,0.0,0,0.0,0,3.500000005374204e-06
aco_current,7,8298,87,10,1,18.0,158.0,176.0,0.88,0.999998152256012,True,True,30.0,146.0,0.0,[1],10.0,10.0,1,10.0,0,0.009876624999989758
aco_current,7,8298,87,10,2,0.0,0.0,0.0,0.0,0.09907747060060501,False,False,0.0,0.0,0.0,[],10.0,10.0,1,10.0,0,0.009876624999989758
aco_current,7,8298,87,10,3,0.0,0.0,0.0,0.0,0.43936213850975037,False,False,0.0,0.0,0.0,[],10.0,10.0,1,10.0,0,0.009876624999989758
aco_current,7,8298,87,10,4,0.0,0.0,0.0,0.0,0.20313307642936707,False,False,0.0,0.0,0.0,[],10.0,10.0,1,10.0,0,0.009876624999989758
aco_current,7,8299,87,10,1,17.0,146.0,163.0,0.815,0.9999223351478577,True,True,30.0,133.0,0.0,[1],10.0,10.0,1,10.0,0,0.009670833000001267
aco_current,7,8299,87,10,2,0.0,0.0,0.0,0.0,0.09907747060060501,False,False,0.0,0.0,0.0,[],10.0,10.0,1,10.0,0,0.009670833000001267
aco_current,7,8299,87,10,3,0.0,0.0,0.0,0.0,0.43936213850975037,False,False,0.0,0.0,0.0,[],10.0,10.0,1,10.0,0,0.009670833000001267
aco_current,7,8299,87,10,4,0.0,0.0,0.0,0.0,0.20313307642936707,False,False,0.0,0.0,0.0,[],10.0,10.0,1,10.0,0,0.009670833000001267
aco_current,7,8300,87,11,1,17.0,133.0,150.0,0.75,0.9988028407096863,False,False,0.0,150.0,0.0,[],0.0,0.0,0,0.0,0,3.4579999947936813e-06
aco_current,7,8300,87,11,2,0.0,0.0,0.0,0.0,0.09907747060060501,False,False,0.0,0.0,0.0,[],0.0,0.0,0,0.0,0,3.4579999947936813e-06
aco_current,7,8300,87,11,3,0.0,0.0,0.0,0.0,0.43936213850975037,False,False,0.0,0.0,0.0,[],0.0,0.0,0,0.0,0,3.4579999947936813e-06
aco_current,7,8300,87,11,4,0.0,0.0,0.0,0.0,0.20313307642936707,False,False,0.0,0.0,0.0,[],0.0,0.0,0,0.0,0,3.4579999947936813e-06
aco_current,7,8301,87,11,1,16.0,150.0,166.0,0.83,0.9999489784240723,True,True,30.0,136.0,0.0,[1],10.0,10.0,1,10.0,0,0.009621000000009872
aco_current,7,8301,87,11,2,0.0,0.0,0.0,0.0,0.09907747060060501,False,False,0.0,0.0,0.0,[],10.0,10.0,1,10.0,0,0.009621000000009872
aco_current,7,8301,87,11,3,0.0,0.0,0.0,0.0,0.43936213850975037,False,False,0.0,0.0,0.0,[],10.0,10.0,1,10.0,0,0.009621000000009872
aco_current,7,8301,87,11,4,0.0,0.0,0.0,0.0,0.20313307642936707,False,False,0.0,0.0,0.0,[],10.0,10.0,1,10.0,0,0.009621000000009872
aco_current,7,8302,87,11,1,17.0,136.0,153.0,0.765,0.9992112517356873,False,False,0.0,153.0,0.0,[],0.0,0.0,0,0.0,0,2.7920000036374404e-06
aco_current,7,8302,87,11,2,0.0,0.0,0.0,0.0,0.09907747060060501,False,False,0.0,0.0,0.0,[],0.0,0.0,0,0.0,0,2.7920000036374404e-06
aco_current,7,8302,87,11,3,0.0,0.0,0.0,0.0,0.43936213850975037,False,False,0.0,0.0,0.0,[],0.0,0.0,0,0.0,0,2.7920000036374404e-06
aco_current,7,8302,87,11,4,0.0,0.0,0.0,0.0,0.20313307642936707,False,False,0.0,0.0,0.0,[],0.0,0.0,0,0.0,0,2.7920000036374404e-06
aco_current,7,8303,87,11,1,18.0,153.0,171.0,0.855,0.9999930262565613,True,True,30.0,141.0,0.0,[1],10.0,10.0,1,10.0,0,0.009709624999999278
aco_current,7,8303,87,11,2,0.0,0.0,0.0,0.0,0.09907747060060501,False,False,0.0,0.0,0.0,[],10.0,10.0,1,10.0,0,0.009709624999999278
aco_current,7,8303,87,11,3,0.0,0.0,0.0,0.0,0.43936213850975037,False,False,0.0,0.0,0.0,[],10.0,10.0,1,10.0,0,0.009709624999999278
aco_current,7,8303,87,11,4,0.0,0.0,0.0,0.0,0.20313307642936707,False,False,0.0,0.0,0.0,[],10.0,10.0,1,10.0,0,0.009709624999999278
aco_current,7,8304,87,12,1,17.0,141.0,158.0,0.79,0.9997228980064392,False,False,0.0,158.0,0.0,[],0.0,0.0,0,0.0,0,3.042000003006251e-06
aco_current,7,8304,87,12,2,0.0,0.0,0.0,0.0,0.09907747060060501,False,False,0.0,0.0,0.0,[],0.0,0.0,0,0.0,0,3.042000003006251e-06
aco_current,7,8304,87,12,3,0.0,0.0,0.0,0.0,0.43936213850975037,False,False,0.0,0.0,0.0,[],0.0,0.0,0,0.0,0,3.042000003006251e-06
aco_current,7,8304,87,12,4,0.0,0.0,0.0,0.0,0.20313307642936707,False,False,0.0,0.0,0.0,[],0.0,0.0,0,0.0,0,3.042000003006251e-06
aco_current,7,8305,87,12,1,17.0,158.0,175.0,0.875,0.9999966025352478,True,True,30.0,145.0,0.0,[1],10.0,10.0,1,10.0,0,0.009707707999993431
aco_current,7,8305,87,12,2,0.0,0.0,0.0,0.0,0.09907747060060501,False,False,0.0,0.0,0.0,[],10.0,10.0,1,10.0,0,0.009707707999993431
aco_current,7,8305,87,12,3,0.0,0.0,0.0,0.0,0.43936213850975037,False,False,0.0,0.0,0.0,[],10.0,10.0,1,10.0,0,0.009707707999993431
aco_current,7,8305,87,12,4,0.0,0.0,0.0,0.0,0.20313307642936707,False,False,0.0,0.0,0.0,[],10.0,10.0,1,10.0,0,0.009707707999993431
aco_current,7,8306,87,12,1,16.0,145.0,161.0,0.805,0.9998146891593933,True,True,30.0,131.0,0.0,[1],10.0,10.0,1,10.0,0,0.009601708999994685
aco_current,7,8306,87,12,2,0.0,0.0,0.0,0.0,0.09907747060060501,False,False,0.0,0.0,0.0,[],10.0,10.0,1,10.0,0,0.009601708999994685
aco_current,7,8306,87,12,3,0.0,0.0,0.0,0.0,0.43936213850975037,False,False,0.0,0.0,0.0,[],10.0,10.0,1,10.0,0,0.009601708999994685
aco_current,7,8306,87,12,4,0.0,0.0,0.0,0.0,0.20313307642936707,False,False,0.0,0.0,0.0,[],10.0,10.0,1,10.0,0,0.009601708999994685
aco_current,7,8307,87,12,1,17.0,131.0,148.0,0.74,0.9984562993049622,False,False,0.0,148.0,0.0,[],0.0,0.0,0,0.0,0,2.916999989110991e-06
aco_current,7,8307,87,12,2,0.0,0.0,0.0,0.0,0.09907747060060501,False,False,0.0,0.0,0.0,[],0.0,0.0,0,0.0,0,2.916999989110991e-06
aco_current,7,8307,87,12,3,0.0,0.0,0.0,0.0,0.43936213850975037,False,False,0.0,0.0,0.0,[],0.0,0.0,0,0.0,0,2.916999989110991e-06
aco_current,7,8307,87,12,4,0.0,0.0,0.0,0.0,0.20313307642936707,False,False,0.0,0.0,0.0,[],0.0,0.0,0,0.0,0,2.916999989110991e-06
aco_current,7,8308,87,13,1,17.0,148.0,165.0,0.825,0.9999531507492065,True,True,30.0,135.0,0.0,[1],10.0,10.0,1,10.0,0,0.009706125000008115
aco_current,7,8308,87,13,2,0.0,0.0,0.0,0.0,0.09907747060060501,False,False,0.0,0.0,0.0,[],10.0,10.0,1,10.0,0,0.009706125000008115
aco_current,7,8308,87,13,3,0.0,0.0,0.0,0.0,0.43936213850975037,False,False,0.0,0.0,0.0,[],10.0,10.0,1,10.0,0,0.009706125000008115
aco_current,7,8308,87,13,4,0.0,0.0,0.0,0.0,0.20313307642936707,False,False,0.0,0.0,0.0,[],10.0,10.0,1,10.0,0,0.009706125000008115
aco_current,7,8309,87,13,1,18.0,135.0,153.0,0.765,0.9994406700134277,False,False,0.0,153.0,0.0,[],0.0,0.0,0,0.0,0,2.4590000009538926e-06
aco_current,7,8309,87,13,2,0.0,0.0,0.0,0.0,0.09907747060060501,False,False,0.0,0.0,0.0,[],0.0,0.0,0,0.0,0,2.4590000009538926e-06
aco_current,7,8309,87,13,3,0.0,0.0,0.0,0.0,0.43936213850975037,False,False,0.0,0.0,0.0,[],0.0,0.0,0,0.0,0,2.4590000009538926e-06
aco_current,7,8309,87,13,4,0.0,0.0,0.0,0.0,0.20313307642936707,False,False,0.0,0.0,0.0,[],0.0,0.0,0,0.0,0,2.4590000009538926e-06
aco_current,7,8310,87,13,1,17.0,153.0,170.0,0.85,0.9999873042106628,True,True,30.0,140.0,0.0,[1],10.0,10.0,1,10.0,0,0.009471083999997632
aco_current,7,8310,87,13,2,0.0,0.0,0.0,0.0,0.09907747060060501,False,False,0.0,0.0,0.0,[],10.0,10.0,1,10.0,0,0.009471083999997632
aco_current,7,8310,87,13,3,0.0,0.0,0.0,0.0,0.43936213850975037,False,False,0.0,0.0,0.0,[],10.0,10.0,1,10.0,0,0.009471083999997632
aco_current,7,8310,87,13,4,0.0,0.0,0.0,0.0,0.20313307642936707,False,False,0.0,0.0,0.0,[],10.0,10.0,1,10.0,0,0.009471083999997632
aco_current,7,8311,87,13,1,17.0,140.0,157.0,0.785,0.9996572136878967,False,False,0.0,157.0,0.0,[],0.0,0.0,0,0.0,0,3.792000001112683e-06
aco_current,7,8311,87,13,2,0.0,0.0,0.0,0.0,0.09907747060060501,False,False,0.0,0.0,0.0,[],0.0,0.0,0,0.0,0,3.792000001112683e-06
aco_current,7,8311,87,13,3,0.0,0.0,0.0,0.0,0.43936213850975037,False,False,0.0,0.0,0.0,[],0.0,0.0,0,0.0,0,3.792000001112683e-06
aco_current,7,8311,87,13,4,0.0,0.0,0.0,0.0,0.20313307642936707,False,False,0.0,0.0,0.0,[],0.0,0.0,0,0.0,0,3.792000001112683e-06
aco_current,7,8312,87,14,1,16.0,157.0,173.0,0.865,0.9999918341636658,True,True,30.0,143.0,0.0,[1],10.0,10.0,1,10.0,0,0.009668000000004895
aco_current,7,8312,87,14,2,0.0,0.0,0.0,0.0,0.09907747060060501,False,False,0.0,0.0,0.0,[],10.0,10.0,1,10.0,0,0.009668000000004895
aco_current,7,8312,87,14,3,0.0,0.0,0.0,0.0,0.43936213850975037,False,False,0.0,0.0,0.0,[],10.0,10.0,1,10.0,0,0.009668000000004895
aco_current,7,8312,87,14,4,0.0,0.0,0.0,0.0,0.20313307642936707,False,False,0.0,0.0,0.0,[],10.0,10.0,1,10.0,0,0.009668000000004895
aco_current,7,8313,87,14,1,17.0,143.0,160.0,0.8,0.9998299479484558,True,True,30.0,130.0,0.0,[1],10.0,10.0,1,10.0,0,0.009848791999999662
aco_current,7,8313,87,14,2,0.0,0.0,0.0,0.0,0.09907747060060501,False,False,0.0,0.0,0.0,[],10.0,10.0,1,10.0,0,0.009848791999999662
aco_current,7,8313,87,14,3,0.0,0.0,0.0,0.0,0.43936213850975037,False,False,0.0,0.0,0.0,[],10.0,10.0,1,10.0,0,0.009848791999999662
aco_current,7,8313,87,14,4,0.0,0.0,0.0,0.0,0.20313307642936707,False,False,0.0,0.0,0.0,[],10.0,10.0,1,10.0,0,0.009848791999999662
aco_current,7,8314,87,14,1,18.0,130.0,148.0,0.74,0.9989004135131836,False,False,0.0,148.0,0.0,[],0.0,0.0,0,0.0,0,2.666000000317581e-06
aco_current,7,8314,87,14,2,0.0,0.0,0.0,0.0,0.09907747060060501,False,False,0.0,0.0,0.0,[],0.0,0.0,0,0.0,0,2.666000000317581e-06
aco_current,7,8314,87,14,3,0.0,0.0,0.0,0.0,0.43936213850975037,False,False,0.0,0.0,0.0,[],0.0,0.0,0,0.0,0,2.666000000317581e-06
aco_current,7,8314,87,14,4,0.0,0.0,0.0,0.0,0.20313307642936707,False,False,0.0,0.0,0.0,[],0.0,0.0,0,0.0,0,2.666000000317581e-06
aco_current,7,8315,87,14,1,17.0,148.0,165.0,0.825,0.9999533891677856,True,True,30.0,135.0,0.0,[1],10.0,10.0,1,10.0,0,0.009507040999992
aco_current,7,8315,87,14,2,0.0,0.0,0.0,0.0,0.09907747060060501,False,False,0.0,0.0,0.0,[],10.0,10.0,1,10.0,0,0.009507040999992
aco_current,7,8315,87,14,3,0.0,0.0,0.0,0.0,0.43936213850975037,False,False,0.0,0.0,0.0,[],10.0,10.0,1,10.0,0,0.009507040999992
aco_current,7,8315,87,14,4,0.0,0.0,0.0,0.0,0.20313307642936707,False,False,0.0,0.0,0.0,[],10.0,10.0,1,10.0,0,0.009507040999992
aco_current,7,8316,87,15,1,17.0,135.0,152.0,0.76,0.9990926384925842,False,False,0.0,152.0,0.0,[],0.0,0.0,0,0.0,0,2.95799999605606e-06
aco_current,7,8316,87,15,2,0.0,0.0,0.0,0.0,0.09907747060060501,False,False,0.0,0.0,0.0,[],0.0,0.0,0,0.0,0,2.95799999605606e-06
aco_current,7,8316,87,15,3,0.0,0.0,0.0,0.0,0.43936213850975037,False,False,0.0,0.0,0.0,[],0.0,0.0,0,0.0,0,2.95799999605606e-06
aco_current,7,8316,87,15,4,0.0,0.0,0.0,0.0,0.20313307642936707,False,False,0.0,0.0,0.0,[],0.0,0.0,0,0.0,0,2.95799999605606e-06
aco_current,7,8317,87,15,1,17.0,152.0,169.0,0.845,0.9999834895133972,True,True,30.0,139.0,0.0,[1],10.0,10.0,1,10.0,0,0.009743624999998701
aco_current,7,8317,87,15,2,0.0,0.0,0.0,0.0,0.09907747060060501,False,False,0.0,0.0,0.0,[],10.0,10.0,1,10.0,0,0.009743624999998701
aco_current,7,8317,87,15,3,0.0,0.0,0.0,0.0,0.43936213850975037,False,False,0.0,0.0,0.0,[],10.0,10.0,1,10.0,0,0.009743624999998701
aco_current,7,8317,87,15,4,0.0,0.0,0.0,0.0,0.20313307642936707,False,False,0.0,0.0,0.0,[],10.0,10.0,1,10.0,0,0.009743624999998701
aco_current,7,8318,87,15,1,10.0,139.0,149.0,0.745,0.9829047322273254,False,False,0.0,149.0,0.0,[],0.0,0.0,0,0.0,0,2.375000008214556e-06
aco_current,7,8318,87,15,2,0.0,0.0,0.0,0.0,0.09907747060060501,False,False,0.0,0.0,0.0,[],0.0,0.0,0,0.0,0,2.375000008214556e-06
aco_current,7,8318,87,15,3,0.0,0.0,0.0,0.0,0.43936213850975037,False,False,0.0,0.0,0.0,[],0.0,0.0,0,0.0,0,2.375000008214556e-06
aco_current,7,8318,87,15,4,0.0,0.0,0.0,0.0,0.20313307642936707,False,False,0.0,0.0,0.0,[],0.0,0.0,0,0.0,0,2.375000008214556e-06
aco_current,7,8319,87,15,1,8.0,149.0,157.0,0.785,0.989863395690918,False,False,0.0,157.0,0.0,[],0.0,0.0,0,0.0,0,3.2920000023750617e-06
aco_current,7,8319,87,15,2,0.0,0.0,0.0,0.0,0.09907747060060501,False,False,0.0,0.0,0.0,[],0.0,0.0,0,0.0,0,3.2920000023750617e-06
aco_current,7,8319,87,15,3,0.0,0.0,0.0,0.0,0.43936213850975037,False,False,0.0,0.0,0.0,[],0.0,0.0,0,0.0,0,3.2920000023750617e-06
aco_current,7,8319,87,15,4,0.0,0.0,0.0,0.0,0.20313307642936707,False,False,0.0,0.0,0.0,[],0.0,0.0,0,0.0,0,3.2920000023750617e-06
aco_current,7,8320,87,16,1,8.0,157.0,165.0,0.825,0.998814582824707,True,True,30.0,135.0,0.0,[1],10.0,10.0,1,10.0,0,0.009690957999993088
aco_current,7,8320,87,16,2,0.0,0.0,0.0,0.0,0.09907747060060501,False,False,0.0,0.0,0.0,[],10.0,10.0,1,10.0,0,0.009690957999993088
aco_current,7,8320,87,16,3,0.0,0.0,0.0,0.0,0.43936213850975037,False,False,0.0,0.0,0.0,[],10.0,10.0,1,10.0,0,0.009690957999993088
aco_current,7,8320,87,16,4,0.0,0.0,0.0,0.0,0.20313307642936707,False,False,0.0,0.0,0.0,[],10.0,10.0,1,10.0,0,0.009690957999993088
aco_current,7,8321,87,16,1,8.0,135.0,143.0,0.715,0.9533075094223022,False,False,0.0,143.0,0.0,[],0.0,0.0,0,0.0,0,2.166999991004559e-06
aco_current,7,8321,87,16,2,0.0,0.0,0.0,0.0,0.09907747060060501,False,False,0.0,0.0,0.0,[],0.0,0.0,0,0.0,0,2.166999991004559e-06
aco_current,7,8321,87,16,3,0.0,0.0,0.0,0.0,0.43936213850975037,False,False,0.0,0.0,0.0,[],0.0,0.0,0,0.0,0,2.166999991004559e-06
aco_current,7,8321,87,16,4,0.0,0.0,0.0,0.0,0.20313307642936707,False,False,0.0,0.0,0.0,[],0.0,0.0,0,0.0,0,2.166999991004559e-06
aco_current,7,8322,87,16,1,8.0,143.0,151.0,0.755,0.9812000393867493,False,False,0.0,151.0,0.0,[],0.0,0.0,0,0.0,0,3.249999991794539e-06
aco_current,7,8322,87,16,2,0.0,0.0,0.0,0.0,0.09907747060060501,False,False,0.0,0.0,0.0,[],0.0,0.0,0,0.0,0,3.249999991794539e-06
aco_current,7,8322,87,16,3,0.0,0.0,0.0,0.0,0.43936213850975037,False,False,0.0,0.0,0.0,[],0.0,0.0,0,0.0,0,3.249999991794539e-06
aco_current,7,8322,87,16,4,0.0,0.0,0.0,0.0,0.20313307642936707,False,False,0.0,0.0,0.0,[],0.0,0.0,0,0.0,0,3.249999991794539e-06
aco_current,7,8323,87,16,1,8.0,151.0,159.0,0.795,0.9952948689460754,False,False,0.0,159.0,0.0,[],0.0,0.0,0,0.0,0,1.9169999916357483e-06
aco_current,7,8323,87,16,2,0.0,0.0,0.0,0.0,0.09907747060060501,False,False,0.0,0.0,0.0,[],0.0,0.0,0,0.0,0,1.9169999916357483e-06
aco_current,7,8323,87,16,3,0.0,0.0,0.0,0.0,0.43936213850975037,False,False,0.0,0.0,0.0,[],0.0,0.0,0,0.0,0,1.9169999916357483e-06
aco_current,7,8323,87,16,4,0.0,0.0,0.0,0.0,0.20313307642936707,False,False,0.0,0.0,0.0,[],0.0,0.0,0,0.0,0,1.9169999916357483e-06
aco_current,7,8324,87,17,1,7.0,159.0,166.0,0.83,0.9988877177238464,True,True,30.0,136.0,0.0,[1],10.0,10.0,1,10.0,0,0.009388333999993392
aco_current,7,8324,87,17,2,0.0,0.0,0.0,0.0,0.09907747060060501,False,False,0.0,0.0,0.0,[],10.0,10.0,1,10.0,0,0.009388333999993392
aco_current,7,8324,87,17,3,0.0,0.0,0.0,0.0,0.43936213850975037,False,False,0.0,0.0,0.0,[],10.0,10.0,1,10.0,0,0.009388333999993392
aco_current,7,8324,87,17,4,0.0,0.0,0.0,0.0,0.20313307642936707,False,False,0.0,0.0,0.0,[],10.0,10.0,1,10.0,0,0.009388333999993392
aco_current,7,8325,87,17,1,8.0,136.0,144.0,0.72,0.9595363736152649,False,False,0.0,144.0,0.0,[],0.0,0.0,0,0.0,0,2.8329999963716546e-06
aco_current,7,8325,87,17,2,0.0,0.0,0.0,0.0,0.09907747060060501,False,False,0.0,0.0,0.0,[],0.0,0.0,0,0.0,0,2.8329999963716546e-06
aco_current,7,8325,87,17,3,0.0,0.0,0.0,0.0,0.43936213850975037,False,False,0.0,0.0,0.0,[],0.0,0.0,0,0.0,0,2.8329999963716546e-06
aco_current,7,8325,87,17,4,0.0,0.0,0.0,0.0,0.20313307642936707,False,False,0.0,0.0,0.0,[],0.0,0.0,0,0.0,0,2.8329999963716546e-06
aco_current,7,8326,87,17,1,8.0,144.0,152.0,0.76,0.9836332201957703,False,False,0.0,152.0,0.0,[],0.0,0.0,0,0.0,0,1.9169999916357483e-06
aco_current,7,8326,87,17,2,0.0,0.0,0.0,0.0,0.09907747060060501,False,False,0.0,0.0,0.0,[],0.0,0.0,0,0.0,0,1.9169999916357483e-06
aco_current,7,8326,87,17,3,0.0,0.0,0.0,0.0,0.43936213850975037,False,False,0.0,0.0,0.0,[],0.0,0.0,0,0.0,0,1.9169999916357483e-06
aco_current,7,8326,87,17,4,0.0,0.0,0.0,0.0,0.20313307642936707,False,False,0.0,0.0,0.0,[],0.0,0.0,0,0.0,0,1.9169999916357483e-06
aco_current,7,8327,87,17,1,8.0,152.0,160.0,0.8,0.9964192509651184,True,True,30.0,130.0,0.0,[1],10.0,10.0,1,10.0,0,0.009686041999998452
aco_current,7,8327,87,17,2,0.0,0.0,0.0,0.0,0.09907747060060501,False,False,0.0,0.0,0.0,[],10.0,10.0,1,10.0,0,0.009686041999998452
aco_current,7,8327,87,17,3,0.0,0.0,0.0,0.0,0.43936213850975037,False,False,0.0,0.0,0.0,[],10.0,10.0,1,10.0,0,0.009686041999998452
aco_current,7,8327,87,17,4,0.0,0.0,0.0,0.0,0.20313307642936707,False,False,0.0,0.0,0.0,[],10.0,10.0,1,10.0,0,0.009686041999998452
aco_current,7,8328,87,18,1,8.0,130.0,138.0,0.69,0.9181945323944092,False,False,0.0,138.0,0.0,[],0.0,0.0,0,0.0,0,3.125000006320988e-06
aco_current,7,8328,87,18,2,0.0,0.0,0.0,0.0,0.09907747060060501,False,False,0.0,0.0,0.0,[],0.0,0.0,0,0.0,0,3.125000006320988e-06
aco_current,7,8328,87,18,3,0.0,0.0,0.0,0.0,0.43936213850975037,False,False,0.0,0.0,0.0,[],0.0,0.0,0,0.0,0,3.125000006320988e-06
aco_current,7,8328,87,18,4,0.0,0.0,0.0,0.0,0.20313307642936707,False,False,0.0,0.0,0.0,[],0.0,0.0,0,0.0,0,3.125000006320988e-06
aco_current,7,8329,87,18,1,7.0,138.0,145.0,0.725,0.9367114901542664,False,False,0.0,145.0,0.0,[],0.0,0.0,0,0.0,0,2.0829999982652225e-06
aco_current,7,8329,87,18,2,0.0,0.0,0.0,0.0,0.09907747060060501,False,False,0.0,0.0,0.0,[],0.0,0.0,0,0.0,0,2.0829999982652225e-06
aco_current,7,8329,87,18,3,0.0,0.0,0.0,0.0,0.43936213850975037,False,False,0.0,0.0,0.0,[],0.0,0.0,0,0.0,0,2.0829999982652225e-06
aco_current,7,8329,87,18,4,0.0,0.0,0.0,0.0,0.20313307642936707,False,False,0.0,0.0,0.0,[],0.0,0.0,0,0.0,0,2.0829999982652225e-06
aco_current,7,8330,87,18,1,8.0,145.0,153.0,0.765,0.9854786992073059,False,False,0.0,153.0,0.0,[],0.0,0.0,0,0.0,0,1.9169999916357483e-06
aco_current,7,8330,87,18,2,0.0,0.0,0.0,0.0,0.09907747060060501,False,False,0.0,0.0,0.0,[],0.0,0.0,0,0.0,0,1.9169999916357483e-06
aco_current,7,8330,87,18,3,0.0,0.0,0.0,0.0,0.43936213850975037,False,False,0.0,0.0,0.0,[],0.0,0.0,0,0.0,0,1.9169999916357483e-06
aco_current,7,8330,87,18,4,0.0,0.0,0.0,0.0,0.20313307642936707,False,False,0.0,0.0,0.0,[],0.0,0.0,0,0.0,0,1.9169999916357483e-06
aco_current,7,8331,87,18,1,4.0,153.0,157.0,0.785,0.9363474249839783,False,False,0.0,157.0,0.0,[],0.0,0.0,0,0.0,0,3.4579999947936813e-06
aco_current,7,8331,87,18,2,0.0,0.0,0.0,0.0,0.09907747060060501,False,False,0.0,0.0,0.0,[],0.0,0.0,0,0.0,0,3.4579999947936813e-06
aco_current,7,8331,87,18,3,0.0,0.0,0.0,0.0,0.43936213850975037,False,False,0.0,0.0,0.0,[],0.0,0.0,0,0.0,0,3.4579999947936813e-06
aco_current,7,8331,87,18,4,0.0,0.0,0.0,0.0,0.20313307642936707,False,False,0.0,0.0,0.0,[],0.0,0.0,0,0.0,0,3.4579999947936813e-06
aco_current,7,8332,87,19,1,0.0,157.0,157.0,0.785,0.3407594561576843,False,False,0.0,157.0,0.0,[],0.0,0.0,0,0.0,0,2.0840000019006766e-06
aco_current,7,8332,87,19,2,0.0,0.0,0.0,0.0,0.09907747060060501,False,False,0.0,0.0,0.0,[],0.0,0.0,0,0.0,0,2.0840000019006766e-06
aco_current,7,8332,87,19,3,0.0,0.0,0.0,0.0,0.43936213850975037,False,False,0.0,0.0,0.0,[],0.0,0.0,0,0.0,0,2.0840000019006766e-06
aco_current,7,8332,87,19,4,0.0,0.0,0.0,0.0,0.20313307642936707,False,False,0.0,0.0,0.0,[],0.0,0.0,0,0.0,0,2.0840000019006766e-06
aco_current,7,8333,87,19,1,0.0,157.0,157.0,0.785,0.32645702362060547,False,False,0.0,157.0,0.0,[],0.0,0.0,0,0.0,0,2.1660000015799596e-06
aco_current,7,8333,87,19,2,0.0,0.0,0.0,0.0,0.09907747060060501,False,False,0.0,0.0,0.0,[],0.0,0.0,0,0.0,0,2.1660000015799596e-06
aco_current,7,8333,87,19,3,0.0,0.0,0.0,0.0,0.43936213850975037,False,False,0.0,0.0,0.0,[],0.0,0.0,0,0.0,0,2.1660000015799596e-06
aco_current,7,8333,87,19,4,0.0,0.0,0.0,0.0,0.20313307642936707,False,False,0.0,0.0,0.0,[],0.0,0.0,0,0.0,0,2.1660000015799596e-06
aco_current,7,8334,87,19,1,0.0,157.0,157.0,0.785,0.33165380358695984,False,False,0.0,157.0,0.0,[],0.0,0.0,0,0.0,0,1.7499999955816747e-06
aco_current,7,8334,87,19,2,0.0,0.0,0.0,0.0,0.09907747060060501,False,False,0.0,0.0,0.0,[],0.0,0.0,0,0.0,0,1.7499999955816747e-06
aco_current,7,8334,87,19,3,0.0,0.0,0.0,0.0,0.43936213850975037,False,False,0.0,0.0,0.0,[],0.0,0.0,0,0.0,0,1.7499999955816747e-06
aco_current,7,8334,87,19,4,0.0,0.0,0.0,0.0,0.20313307642936707,False,False,0.0,0.0,0.0,[],0.0,0.0,0,0.0,0,1.7499999955816747e-06
aco_current,7,8335,87,19,1,0.0,157.0,157.0,0.785,0.3487432599067688,False,False,0.0,157.0,0.0,[],0.0,0.0,0,0.0,0,2.00000000916134e-06
aco_current,7,8335,87,19,2,0.0,0.0,0.0,0.0,0.09907747060060501,False,False,0.0,0.0,0.0,[],0.0,0.0,0,0.0,0,2.00000000916134e-06
aco_current,7,8335,87,19,3,0.0,0.0,0.0,0.0,0.43936213850975037,False,False,0.0,0.0,0.0,[],0.0,0.0,0,0.0,0,2.00000000916134e-06
aco_current,7,8335,87,19,4,0.0,0.0,0.0,0.0,0.20313307642936707,False,False,0.0,0.0,0.0,[],0.0,0.0,0,0.0,0,2.00000000916134e-06
aco_current,7,8336,87,20,1,0.0,157.0,157.0,0.785,0.3487432599067688,False,False,0.0,157.0,0.0,[],0.0,0.0,0,0.0,0,2.7910000000019863e-06
aco_current,7,8336,87,20,2,0.0,0.0,0.0,0.0,0.09907747060060501,False,False,0.0,0.0,0.0,[],0.0,0.0,0,0.0,0,2.7910000000019863e-06
aco_current,7,8336,87,20,3,0.0,0.0,0.0,0.0,0.43936213850975037,False,False,0.0,0.0,0.0,[],0.0,0.0,0,0.0,0,2.7910000000019863e-06
aco_current,7,8336,87,20,4,0.0,0.0,0.0,0.0,0.20313307642936707,False,False,0.0,0.0,0.0,[],0.0,0.0,0,0.0,0,2.7910000000019863e-06
aco_current,7,8337,87,20,1,0.0,157.0,157.0,0.785,0.3487432599067688,False,False,0.0,157.0,0.0,[],0.0,0.0,0,0.0,0,1.958000012791672e-06
aco_current,7,8337,87,20,2,0.0,0.0,0.0,0.0,0.09907747060060501,False,False,0.0,0.0,0.0,[],0.0,0.0,0,0.0,0,1.958000012791672e-06
aco_current,7,8337,87,20,3,0.0,0.0,0.0,0.0,0.43936213850975037,False,False,0.0,0.0,0.0,[],0.0,0.0,0,0.0,0,1.958000012791672e-06
aco_current,7,8337,87,20,4,0.0,0.0,0.0,0.0,0.20313307642936707,False,False,0.0,0.0,0.0,[],0.0,0.0,0,0.0,0,1.958000012791672e-06
aco_current,7,8338,87,20,1,0.0,157.0,157.0,0.785,0.3487432599067688,False,False,0.0,157.0,0.0,[],0.0,0.0,0,0.0,0,1.87499999526608e-06
aco_current,7,8338,87,20,2,0.0,0.0,0.0,0.0,0.09907747060060501,False,False,0.0,0.0,0.0,[],0.0,0.0,0,0.0,0,1.87499999526608e-06
aco_current,7,8338,87,20,3,0.0,0.0,0.0,0.0,0.43936213850975037,False,False,0.0,0.0,0.0,[],0.0,0.0,0,0.0,0,1.87499999526608e-06
aco_current,7,8338,87,20,4,0.0,0.0,0.0,0.0,0.20313307642936707,False,False,0.0,0.0,0.0,[],0.0,0.0,0,0.0,0,1.87499999526608e-06
aco_current,7,8339,87,20,1,0.0,157.0,157.0,0.785,0.3487432599067688,False,False,0.0,157.0,0.0,[],0.0,0.0,0,0.0,0,2.3749999940037014e-06
aco_current,7,8339,87,20,2,0.0,0.0,0.0,0.0,0.09907747060060501,False,False,0.0,0.0,0.0,[],0.0,0.0,0,0.0,0,2.3749999940037014e-06
aco_current,7,8339,87,20,3,0.0,0.0,0.0,0.0,0.43936213850975037,False,False,0.0,0.0,0.0,[],0.0,0.0,0,0.0,0,2.3749999940037014e-06
aco_current,7,8339,87,20,4,0.0,0.0,0.0,0.0,0.20313307642936707,False,False,0.0,0.0,0.0,[],0.0,0.0,0,0.0,0,2.3749999940037014e-06
aco_current,7,8340,87,21,1,0.0,157.0,157.0,0.785,0.3487432599067688,False,False,0.0,157.0,0.0,[],0.0,0.0,0,0.0,0,1.8329999988964119e-06
aco_current,7,8340,87,21,2,0.0,0.0,0.0,0.0,0.09907747060060501,False,False,0.0,0.0,0.0,[],0.0,0.0,0,0.0,0,1.8329999988964119e-06
aco_current,7,8340,87,21,3,0.0,0.0,0.0,0.0,0.43936213850975037,False,False,0.0,0.0,0.0,[],0.0,0.0,0,0.0,0,1.8329999988964119e-06
aco_current,7,8340,87,21,4,0.0,0.0,0.0,0.0,0.20313307642936707,False,False,0.0,0.0,0.0,[],0.0,0.0,0,0.0,0,1.8329999988964119e-06
aco_current,7,8341,87,21,1,0.0,157.0,157.0,0.785,0.3487432599067688,False,False,0.0,157.0,0.0,[],0.0,0.0,0,0.0,0,2.1670000052154137e-06
aco_current,7,8341,87,21,2,0.0,0.0,0.0,0.0,0.09907747060060501,False,False,0.0,0.0,0.0,[],0.0,0.0,0,0.0,0,2.1670000052154137e-06
aco_current,7,8341,87,21,3,0.0,0.0,0.0,0.0,0.43936213850975037,False,False,0.0,0.0,0.0,[],0.0,0.0,0,0.0,0,2.1670000052154137e-06
aco_current,7,8341,87,21,4,0.0,0.0,0.0,0.0,0.20313307642936707,False,False,0.0,0.0,0.0,[],0.0,0.0,0,0.0,0,2.1670000052154137e-06
aco_current,7,8342,87,21,1,0.0,157.0,157.0,0.785,0.3487432599067688,False,False,0.0,157.0,0.0,[],0.0,0.0,0,0.0,0,1.9159999880002943e-06
aco_current,7,8342,87,21,2,0.0,0.0,0.0,0.0,0.09907747060060501,False,False,0.0,0.0,0.0,[],0.0,0.0,0,0.0,0,1.9159999880002943e-06
aco_current,7,8342,87,21,3,0.0,0.0,0.0,0.0,0.43936213850975037,False,False,0.0,0.0,0.0,[],0.0,0.0,0,0.0,0,1.9159999880002943e-06
aco_current,7,8342,87,21,4,0.0,0.0,0.0,0.0,0.20313307642936707,False,False,0.0,0.0,0.0,[],0.0,0.0,0,0.0,0,1.9159999880002943e-06
aco_current,7,8343,87,21,1,0.0,157.0,157.0,0.785,0.3487432599067688,False,False,0.0,157.0,0.0,[],0.0,0.0,0,0.0,0,1.7499999955816747e-06
aco_current,7,8343,87,21,2,0.0,0.0,0.0,0.0,0.09907747060060501,False,False,0.0,0.0,0.0,[],0.0,0.0,0,0.0,0,1.7499999955816747e-06
aco_current,7,8343,87,21,3,0.0,0.0,0.0,0.0,0.43936213850975037,False,False,0.0,0.0,0.0,[],0.0,0.0,0,0.0,0,1.7499999955816747e-06
aco_current,7,8343,87,21,4,0.0,0.0,0.0,0.0,0.20313307642936707,False,False,0.0,0.0,0.0,[],0.0,0.0,0,0.0,0,1.7499999955816747e-06
aco_current,7,8344,87,22,1,0.0,157.0,157.0,0.785,0.3487432599067688,False,False,0.0,157.0,0.0,[],0.0,0.0,0,0.0,0,2.3749999940037014e-06
aco_current,7,8344,87,22,2,0.0,0.0,0.0,0.0,0.09907747060060501,False,False,0.0,0.0,0.0,[],0.0,0.0,0,0.0,0,2.3749999940037014e-06
aco_current,7,8344,87,22,3,0.0,0.0,0.0,0.0,0.43936213850975037,False,False,0.0,0.0,0.0,[],0.0,0.0,0,0.0,0,2.3749999940037014e-06
aco_current,7,8344,87,22,4,0.0,0.0,0.0,0.0,0.20313307642936707,False,False,0.0,0.0,0.0,[],0.0,0.0,0,0.0,0,2.3749999940037014e-06
aco_current,7,8345,87,22,1,0.0,157.0,157.0,0.785,0.3487432599067688,False,False,0.0,157.0,0.0,[],0.0,0.0,0,0.0,0,1.834000002531866e-06
aco_current,7,8345,87,22,2,0.0,0.0,0.0,0.0,0.09907747060060501,False,False,0.0,0.0,0.0,[],0.0,0.0,0,0.0,0,1.834000002531866e-06
aco_current,7,8345,87,22,3,0.0,0.0,0.0,0.0,0.43936213850975037,False,False,0.0,0.0,0.0,[],0.0,0.0,0,0.0,0,1.834000002531866e-06
aco_current,7,8345,87,22,4,0.0,0.0,0.0,0.0,0.20313307642936707,False,False,0.0,0.0,0.0,[],0.0,0.0,0,0.0,0,1.834000002531866e-06
aco_current,7,8346,87,22,1,0.0,157.0,157.0,0.785,0.3487432599067688,False,False,0.0,157.0,0.0,[],0.0,0.0,0,0.0,0,2.332999997634033e-06
aco_current,7,8346,87,22,2,0.0,0.0,0.0,0.0,0.09907747060060501,False,False,0.0,0.0,0.0,[],0.0,0.0,0,0.0,0,2.332999997634033e-06
aco_current,7,8346,87,22,3,0.0,0.0,0.0,0.0,0.43936213850975037,False,False,0.0,0.0,0.0,[],0.0,0.0,0,0.0,0,2.332999997634033e-06
aco_current,7,8346,87,22,4,0.0,0.0,0.0,0.0,0.20313307642936707,False,False,0.0,0.0,0.0,[],0.0,0.0,0,0.0,0,2.332999997634033e-06
aco_current,7,8347,87,22,1,0.0,157.0,157.0,0.785,0.3487432599067688,False,False,0.0,157.0,0.0,[],0.0,0.0,0,0.0,0,1.916000002211149e-06
aco_current,7,8347,87,22,2,0.0,0.0,0.0,0.0,0.09907747060060501,False,False,0.0,0.0,0.0,[],0.0,0.0,0,0.0,0,1.916000002211149e-06
aco_current,7,8347,87,22,3,0.0,0.0,0.0,0.0,0.43936213850975037,False,False,0.0,0.0,0.0,[],0.0,0.0,0,0.0,0,1.916000002211149e-06
aco_current,7,8347,87,22,4,0.0,0.0,0.0,0.0,0.20313307642936707,False,False,0.0,0.0,0.0,[],0.0,0.0,0,0.0,0,1.916000002211149e-06
aco_current,7,8348,87,23,1,0.0,157.0,157.0,0.785,0.3487432599067688,False,False,0.0,157.0,0.0,[],0.0,0.0,0,0.0,0,1.7500000097925295e-06
aco_current,7,8348,87,23,2,0.0,0.0,0.0,0.0,0.09907747060060501,False,False,0.0,0.0,0.0,[],0.0,0.0,0,0.0,0,1.7500000097925295e-06
aco_current,7,8348,87,23,3,0.0,0.0,0.0,0.0,0.43936213850975037,False,False,0.0,0.0,0.0,[],0.0,0.0,0,0.0,0,1.7500000097925295e-06
aco_current,7,8348,87,23,4,0.0,0.0,0.0,0.0,0.20313307642936707,False,False,0.0,0.0,0.0,[],0.0,0.0,0,0.0,0,1.7500000097925295e-06
aco_current,7,8349,87,23,1,0.0,157.0,157.0,0.785,0.3487432599067688,False,False,0.0,157.0,0.0,[],0.0,0.0,0,0.0,0,2.1249999946348908e-06
aco_current,7,8349,87,23,2,0.0,0.0,0.0,0.0,0.09907747060060501,False,False,0.0,0.0,0.0,[],0.0,0.0,0,0.0,0,2.1249999946348908e-06
aco_current,7,8349,87,23,3,0.0,0.0,0.0,0.0,0.43936213850975037,False,False,0.0,0.0,0.0,[],0.0,0.0,0,0.0,0,2.1249999946348908e-06
aco_current,7,8349,87,23,4,0.0,0.0,0.0,0.0,0.20313307642936707,False,False,0.0,0.0,0.0,[],0.0,0.0,0,0.0,0,2.1249999946348908e-06
aco_current,7,8350,87,23,1,0.0,157.0,157.0,0.785,0.3487432599067688,False,False,0.0,157.0,0.0,[],0.0,0.0,0,0.0,0,1.8750000094769348e-06
aco_current,7,8350,87,23,2,0.0,0.0,0.0,0.0,0.09907747060060501,False,False,0.0,0.0,0.0,[],0.0,0.0,0,0.0,0,1.8750000094769348e-06
aco_current,7,8350,87,23,3,0.0,0.0,0.0,0.0,0.43936213850975037,False,False,0.0,0.0,0.0,[],0.0,0.0,0,0.0,0,1.8750000094769348e-06
aco_current,7,8350,87,23,4,0.0,0.0,0.0,0.0,0.20313307642936707,False,False,0.0,0.0,0.0,[],0.0,0.0,0,0.0,0,1.8750000094769348e-06
aco_current,7,8351,87,23,1,0.0,157.0,157.0,0.785,0.3487432599067688,False,False,0.0,157.0,0.0,[],0.0,0.0,0,0.0,0,2.1670000052154137e-06
aco_current,7,8351,87,23,2,0.0,0.0,0.0,0.0,0.09907747060060501,False,False,0.0,0.0,0.0,[],0.0,0.0,0,0.0,0,2.1670000052154137e-06
aco_current,7,8351,87,23,3,0.0,0.0,0.0,0.0,0.43936213850975037,False,False,0.0,0.0,0.0,[],0.0,0.0,0,0.0,0,2.1670000052154137e-06
aco_current,7,8351,87,23,4,0.0,0.0,0.0,0.0,0.20313307642936707,False,False,0.0,0.0,0.0,[],0.0,0.0,0,0.0,0,2.1670000052154137e-06
aco_current,7,8352,88,0,1,34.0,157.0,191.0,0.955,1.0,True,True,30.0,161.0,0.0,[1],10.0,10.0,1,10.0,0,0.009607625000001008
aco_current,7,8352,88,0,2,0.0,0.0,0.0,0.0,0.09907747060060501,False,False,0.0,0.0,0.0,[],10.0,10.0,1,10.0,0,0.009607625000001008
aco_current,7,8352,88,0,3,0.0,0.0,0.0,0.0,0.43936213850975037,False,False,0.0,0.0,0.0,[],10.0,10.0,1,10.0,0,0.009607625000001008
aco_current,7,8352,88,0,4,0.0,0.0,0.0,0.0,0.20313307642936707,False,False,0.0,0.0,0.0,[],10.0,10.0,1,10.0,0,0.009607625000001008
aco_current,7,8353,88,0,1,36.0,161.0,197.0,0.985,1.0,True,True,30.0,167.0,0.0,[1],10.0,10.0,1,10.0,0,0.009742959000007545
aco_current,7,8353,88,0,2,0.0,0.0,0.0,0.0,0.09907747060060501,False,False,0.0,0.0,0.0,[],10.0,10.0,1,10.0,0,0.009742959000007545
aco_current,7,8353,88,0,3,0.0,0.0,0.0,0.0,0.43936213850975037,False,False,0.0,0.0,0.0,[],10.0,10.0,1,10.0,0,0.009742959000007545
aco_current,7,8353,88,0,4,0.0,0.0,0.0,0.0,0.20313307642936707,False,False,0.0,0.0,0.0,[],10.0,10.0,1,10.0,0,0.009742959000007545
aco_current,7,8354,88,0,1,36.0,167.0,203.0,1.015,1.0,True,True,30.0,173.0,0.0,[1],10.0,10.0,1,10.0,0,0.00992504199999189
aco_current,7,8354,88,0,2,0.0,0.0,0.0,0.0,0.09907747060060501,False,False,0.0,0.0,0.0,[],10.0,10.0,1,10.0,0,0.00992504199999189
aco_current,7,8354,88,0,3,0.0,0.0,0.0,0.0,0.43936213850975037,False,False,0.0,0.0,0.0,[],10.0,10.0,1,10.0,0,0.00992504199999189
aco_current,7,8354,88,0,4,0.0,0.0,0.0,0.0,0.20313307642936707,False,False,0.0,0.0,0.0,[],10.0,10.0,1,10.0,0,0.00992504199999189
aco_current,7,8355,88,0,1,27.0,173.0,200.0,1.0,1.0,True,True,30.0,170.0,0.0,[1],10.0,10.0,1,10.0,0,0.009608750000012378
aco_current,7,8355,88,0,2,0.0,0.0,0.0,0.0,0.09907747060060501,False,False,0.0,0.0,0.0,[],10.0,10.0,1,10.0,0,0.009608750000012378
aco_current,7,8355,88,0,3,0.0,0.0,0.0,0.0,0.43936213850975037,False,False,0.0,0.0,0.0,[],10.0,10.0,1,10.0,0,0.009608750000012378
aco_current,7,8355,88,0,4,0.0,0.0,0.0,0.0,0.20313307642936707,False,False,0.0,0.0,0.0,[],10.0,10.0,1,10.0,0,0.009608750000012378
aco_current,7,8356,88,1,1,29.0,170.0,199.0,0.995,1.0,True,True,30.0,169.0,0.0,[1],10.0,10.0,1,10.0,0,0.00949866700000257
aco_current,7,8356,88,1,2,0.0,0.0,0.0,0.0,0.09907747060060501,False,False,0.0,0.0,0.0,[],10.0,10.0,1,10.0,0,0.00949866700000257
aco_current,7,8356,88,1,3,0.0,0.0,0.0,0.0,0.43936213850975037,False,False,0.0,0.0,0.0,[],10.0,10.0,1,10.0,0,0.00949866700000257
aco_current,7,8356,88,1,4,0.0,0.0,0.0,0.0,0.20313307642936707,False,False,0.0,0.0,0.0,[],10.0,10.0,1,10.0,0,0.00949866700000257
aco_current,7,8357,88,1,1,28.0,169.0,197.0,0.985,1.0,True,True,30.0,167.0,0.0,[1],10.0,10.0,1,10.0,0,0.009615499999995336
aco_current,7,8357,88,1,2,0.0,0.0,0.0,0.0,0.09907747060060501,False,False,0.0,0.0,0.0,[],10.0,10.0,1,10.0,0,0.009615499999995336
aco_current,7,8357,88,1,3,0.0,0.0,0.0,0.0,0.43936213850975037,False,False,0.0,0.0,0.0,[],10.0,10.0,1,10.0,0,0.009615499999995336
aco_current,7,8357,88,1,4,0.0,0.0,0.0,0.0,0.20313307642936707,False,False,0.0,0.0,0.0,[],10.0,10.0,1,10.0,0,0.009615499999995336
aco_current,7,8358,88,1,1,34.0,167.0,201.0,1.005,1.0,True,True,30.0,171.0,0.0,[1],10.0,10.0,1,10.0,0,0.009726708000002304
aco_current,7,8358,88,1,2,0.0,0.0,0.0,0.0,0.09907747060060501,False,False,0.0,0.0,0.0,[],10.0,10.0,1,10.0,0,0.009726708000002304
aco_current,7,8358,88,1,3,0.0,0.0,0.0,0.0,0.43936213850975037,False,False,0.0,0.0,0.0,[],10.0,10.0,1,10.0,0,0.009726708000002304
aco_current,7,8358,88,1,4,0.0,0.0,0.0,0.0,0.20313307642936707,False,False,0.0,0.0,0.0,[],10.0,10.0,1,10.0,0,0.009726708000002304
aco_current,7,8359,88,1,1,40.0,171.0,211.0,1.055,1.0,True,True,30.0,181.0,0.0,[1],10.0,10.0,1,10.0,0,0.009546959000005018
aco_current,7,8359,88,1,2,0.0,0.0,0.0,0.0,0.09907747060060501,False,False,0.0,0.0,0.0,[],10.0,10.0,1,10.0,0,0.009546959000005018
aco_current,7,8359,88,1,3,0.0,0.0,0.0,0.0,0.43936213850975037,False,False,0.0,0.0,0.0,[],10.0,10.0,1,10.0,0,0.009546959000005018
aco_current,7,8359,88,1,4,0.0,0.0,0.0,0.0,0.20313307642936707,False,False,0.0,0.0,0.0,[],10.0,10.0,1,10.0,0,0.009546959000005018
aco_current,7,8360,88,2,1,42.0,181.0,223.0,1.115,1.0,True,True,30.0,193.0,0.0,[1],10.0,10.0,1,10.0,0,0.009804125000002273
aco_current,7,8360,88,2,2,0.0,0.0,0.0,0.0,0.09907747060060501,False,False,0.0,0.0,0.0,[],10.0,10.0,1,10.0,0,0.009804125000002273
aco_current,7,8360,88,2,3,0.0,0.0,0.0,0.0,0.43936213850975037,False,False,0.0,0.0,0.0,[],10.0,10.0,1,10.0,0,0.009804125000002273
aco_current,7,8360,88,2,4,0.0,0.0,0.0,0.0,0.20313307642936707,False,False,0.0,0.0,0.0,[],10.0,10.0,1,10.0,0,0.009804125000002273
aco_current,7,8361,88,2,1,40.0,193.0,233.0,1.165,1.0,True,True,30.0,200.0,3.0,[1],10.0,10.0,1,10.0,0,0.009665208000001257
aco_current,7,8361,88,2,2,0.0,0.0,0.0,0.0,0.09907747060060501,False,False,0.0,0.0,0.0,[],10.0,10.0,1,10.0,0,0.009665208000001257
aco_current,7,8361,88,2,3,0.0,0.0,0.0,0.0,0.43936213850975037,False,False,0.0,0.0,0.0,[],10.0,10.0,1,10.0,0,0.009665208000001257
aco_current,7,8361,88,2,4,0.0,0.0,0.0,0.0,0.20313307642936707,False,False,0.0,0.0,0.0,[],10.0,10.0,1,10.0,0,0.009665208000001257
aco_current,7,8362,88,2,1,41.0,200.0,241.0,1.205,1.0,True,True,30.0,200.0,11.0,[1],10.0,10.0,1,10.0,0,0.00953454199999726
aco_current,7,8362,88,2,2,0.0,0.0,0.0,0.0,0.09907747060060501,False,False,0.0,0.0,0.0,[],10.0,10.0,1,10.0,0,0.00953454199999726
aco_current,7,8362,88,2,3,0.0,0.0,0.0,0.0,0.43936213850975037,False,False,0.0,0.0,0.0,[],10.0,10.0,1,10.0,0,0.00953454199999726
aco_current,7,8362,88,2,4,0.0,0.0,0.0,0.0,0.20313307642936707,False,False,0.0,0.0,0.0,[],10.0,10.0,1,10.0,0,0.00953454199999726
aco_current,7,8363,88,2,1,41.0,200.0,241.0,1.205,1.0,True,True,30.0,200.0,11.0,[1],10.0,10.0,1,10.0,0,0.009679124999991018
aco_current,7,8363,88,2,2,0.0,0.0,0.0,0.0,0.09907747060060501,False,False,0.0,0.0,0.0,[],10.0,10.0,1,10.0,0,0.009679124999991018
aco_current,7,8363,88,2,3,0.0,0.0,0.0,0.0,0.43936213850975037,False,False,0.0,0.0,0.0,[],10.0,10.0,1,10.0,0,0.009679124999991018
aco_current,7,8363,88,2,4,0.0,0.0,0.0,0.0,0.20313307642936707,False,False,0.0,0.0,0.0,[],10.0,10.0,1,10.0,0,0.009679124999991018
aco_current,7,8364,88,3,1,40.0,200.0,240.0,1.2,1.0,True,True,30.0,200.0,10.0,[1],10.0,10.0,1,10.0,0,0.00967570800000317
aco_current,7,8364,88,3,2,0.0,0.0,0.0,0.0,0.09907747060060501,False,False,0.0,0.0,0.0,[],10.0,10.0,1,10.0,0,0.00967570800000317
aco_current,7,8364,88,3,3,0.0,0.0,0.0,0.0,0.43936213850975037,False,False,0.0,0.0,0.0,[],10.0,10.0,1,10.0,0,0.00967570800000317
aco_current,7,8364,88,3,4,0.0,0.0,0.0,0.0,0.20313307642936707,False,False,0.0,0.0,0.0,[],10.0,10.0,1,10.0,0,0.00967570800000317
aco_current,7,8365,88,3,1,41.0,200.0,241.0,1.205,1.0,True,True,30.0,200.0,11.0,[1],10.0,10.0,1,10.0,0,0.009557415999992713
aco_current,7,8365,88,3,2,0.0,0.0,0.0,0.0,0.09907747060060501,False,False,0.0,0.0,0.0,[],10.0,10.0,1,10.0,0,0.009557415999992713
aco_current,7,8365,88,3,3,0.0,0.0,0.0,0.0,0.43936213850975037,False,False,0.0,0.0,0.0,[],10.0,10.0,1,10.0,0,0.009557415999992713
aco_current,7,8365,88,3,4,0.0,0.0,0.0,0.0,0.20313307642936707,False,False,0.0,0.0,0.0,[],10.0,10.0,1,10.0,0,0.009557415999992713
aco_current,7,8366,88,3,1,40.0,200.0,240.0,1.2,1.0,True,True,30.0,200.0,10.0,[1],10.0,10.0,1,10.0,0,0.009693707999986145
aco_current,7,8366,88,3,2,0.0,0.0,0.0,0.0,0.09907747060060501,False,False,0.0,0.0,0.0,[],10.0,10.0,1,10.0,0,0.009693707999986145
aco_current,7,8366,88,3,3,0.0,0.0,0.0,0.0,0.43936213850975037,False,False,0.0,0.0,0.0,[],10.0,10.0,1,10.0,0,0.009693707999986145
aco_current,7,8366,88,3,4,0.0,0.0,0.0,0.0,0.20313307642936707,False,False,0.0,0.0,0.0,[],10.0,10.0,1,10.0,0,0.009693707999986145
aco_current,7,8367,88,3,1,31.0,200.0,231.0,1.155,1.0,True,True,30.0,200.0,1.0,[1],10.0,10.0,1,10.0,0,0.009606916999999271
aco_current,7,8367,88,3,2,0.0,0.0,0.0,0.0,0.09907747060060501,False,False,0.0,0.0,0.0,[],10.0,10.0,1,10.0,0,0.009606916999999271
aco_current,7,8367,88,3,3,0.0,0.0,0.0,0.0,0.43936213850975037,False,False,0.0,0.0,0.0,[],10.0,10.0,1,10.0,0,0.009606916999999271
aco_current,7,8367,88,3,4,0.0,0.0,0.0,0.0,0.20313307642936707,False,False,0.0,0.0,0.0,[],10.0,10.0,1,10.0,0,0.009606916999999271
aco_current,7,8368,88,4,1,27.0,200.0,227.0,1.135,1.0,True,True,30.0,197.0,0.0,[1],10.0,10.0,1,10.0,0,0.009629541000009567
aco_current,7,8368,88,4,2,0.0,0.0,0.0,0.0,0.09907747060060501,False,False,0.0,0.0,0.0,[],10.0,10.0,1,10.0,0,0.009629541000009567
aco_current,7,8368,88,4,3,0.0,0.0,0.0,0.0,0.43936213850975037,False,False,0.0,0.0,0.0,[],10.0,10.0,1,10.0,0,0.009629541000009567
aco_current,7,8368,88,4,4,0.0,0.0,0.0,0.0,0.20313307642936707,False,False,0.0,0.0,0.0,[],10.0,10.0,1,10.0,0,0.009629541000009567
aco_current,7,8369,88,4,1,27.0,197.0,224.0,1.12,1.0,True,True,30.0,194.0,0.0,[1],10.0,10.0,1,10.0,0,0.009711750000008124
aco_current,7,8369,88,4,2,0.0,0.0,0.0,0.0,0.09907747060060501,False,False,0.0,0.0,0.0,[],10.0,10.0,1,10.0,0,0.009711750000008124
aco_current,7,8369,88,4,3,0.0,0.0,0.0,0.0,0.43936213850975037,False,False,0.0,0.0,0.0,[],10.0,10.0,1,10.0,0,0.009711750000008124
aco_current,7,8369,88,4,4,0.0,0.0,0.0,0.0,0.20313307642936707,False,False,0.0,0.0,0.0,[],10.0,10.0,1,10.0,0,0.009711750000008124
aco_current,7,8370,88,4,1,27.0,194.0,221.0,1.105,1.0,True,True,30.0,191.0,0.0,[1],10.0,10.0,1,10.0,0,0.009701417000002266
aco_current,7,8370,88,4,2,0.0,0.0,0.0,0.0,0.09907747060060501,False,False,0.0,0.0,0.0,[],10.0,10.0,1,10.0,0,0.009701417000002266
aco_current,7,8370,88,4,3,0.0,0.0,0.0,0.0,0.43936213850975037,False,False,0.0,0.0,0.0,[],10.0,10.0,1,10.0,0,0.009701417000002266
aco_current,7,8370,88,4,4,0.0,0.0,0.0,0.0,0.20313307642936707,False,False,0.0,0.0,0.0,[],10.0,10.0,1,10.0,0,0.009701417000002266
aco_current,7,8371,88,4,1,26.0,191.0,217.0,1.085,1.0,True,True,30.0,187.0,0.0,[1],10.0,10.0,1,10.0,0,0.009672125000008691
aco_current,7,8371,88,4,2,0.0,0.0,0.0,0.0,0.09907747060060501,False,False,0.0,0.0,0.0,[],10.0,10.0,1,10.0,0,0.009672125000008691
aco_current,7,8371,88,4,3,0.0,0.0,0.0,0.0,0.43936213850975037,False,False,0.0,0.0,0.0,[],10.0,10.0,1,10.0,0,0.009672125000008691
aco_current,7,8371,88,4,4,0.0,0.0,0.0,0.0,0.20313307642936707,False,False,0.0,0.0,0.0,[],10.0,10.0,1,10.0,0,0.009672125000008691
aco_current,7,8372,88,5,1,27.0,187.0,214.0,1.07,1.0,True,True,30.0,184.0,0.0,[1],10.0,10.0,1,10.0,0,0.009641040999994743
aco_current,7,8372,88,5,2,0.0,0.0,0.0,0.0,0.09907747060060501,False,False,0.0,0.0,0.0,[],10.0,10.0,1,10.0,0,0.009641040999994743
aco_current,7,8372,88,5,3,0.0,0.0,0.0,0.0,0.43936213850975037,False,False,0.0,0.0,0.0,[],10.0,10.0,1,10.0,0,0.009641040999994743
aco_current,7,8372,88,5,4,0.0,0.0,0.0,0.0,0.20313307642936707,False,False,0.0,0.0,0.0,[],10.0,10.0,1,10.0,0,0.009641040999994743
aco_current,7,8373,88,5,1,27.0,184.0,211.0,1.055,1.0,True,True,30.0,181.0,0.0,[1],10.0,10.0,1,10.0,0,0.009575208000001112
aco_current,7,8373,88,5,2,0.0,0.0,0.0,0.0,0.09907747060060501,False,False,0.0,0.0,0.0,[],10.0,10.0,1,10.0,0,0.009575208000001112
aco_current,7,8373,88,5,3,0.0,0.0,0.0,0.0,0.43936213850975037,False,False,0.0,0.0,0.0,[],10.0,10.0,1,10.0,0,0.009575208000001112
aco_current,7,8373,88,5,4,0.0,0.0,0.0,0.0,0.20313307642936707,False,False,0.0,0.0,0.0,[],10.0,10.0,1,10.0,0,0.009575208000001112
aco_current,7,8374,88,5,1,26.0,181.0,207.0,1.035,1.0,True,True,30.0,177.0,0.0,[1],10.0,10.0,1,10.0,0,0.009553042000007395
aco_current,7,8374,88,5,2,0.0,0.0,0.0,0.0,0.09907747060060501,False,False,0.0,0.0,0.0,[],10.0,10.0,1,10.0,0,0.009553042000007395
aco_current,7,8374,88,5,3,0.0,0.0,0.0,0.0,0.43936213850975037,False,False,0.0,0.0,0.0,[],10.0,10.0,1,10.0,0,0.009553042000007395
aco_current,7,8374,88,5,4,0.0,0.0,0.0,0.0,0.20313307642936707,False,False,0.0,0.0,0.0,[],10.0,10.0,1,10.0,0,0.009553042000007395
aco_current,7,8375,88,5,1,27.0,177.0,204.0,1.02,1.0,True,True,30.0,174.0,0.0,[1],10.0,10.0,1,10.0,0,0.009517875000000231
aco_current,7,8375,88,5,2,0.0,0.0,0.0,0.0,0.09907747060060501,False,False,0.0,0.0,0.0,[],10.0,10.0,1,10.0,0,0.009517875000000231
aco_current,7,8375,88,5,3,0.0,0.0,0.0,0.0,0.43936213850975037,False,False,0.0,0.0,0.0,[],10.0,10.0,1,10.0,0,0.009517875000000231
aco_current,7,8375,88,5,4,0.0,0.0,0.0,0.0,0.20313307642936707,False,False,0.0,0.0,0.0,[],10.0,10.0,1,10.0,0,0.009517875000000231
aco_current,7,8376,88,6,1,27.0,174.0,201.0,1.005,1.0,True,True,30.0,171.0,0.0,[1],10.0,10.0,1,10.0,0,0.009790375000008567
aco_current,7,8376,88,6,2,0.0,0.0,0.0,0.0,0.09907747060060501,False,False,0.0,0.0,0.0,[],10.0,10.0,1,10.0,0,0.009790375000008567
aco_current,7,8376,88,6,3,0.0,0.0,0.0,0.0,0.43936213850975037,False,False,0.0,0.0,0.0,[],10.0,10.0,1,10.0,0,0.009790375000008567
aco_current,7,8376,88,6,4,0.0,0.0,0.0,0.0,0.20313307642936707,False,False,0.0,0.0,0.0,[],10.0,10.0,1,10.0,0,0.009790375000008567
aco_current,7,8377,88,6,1,25.0,171.0,196.0,0.98,1.0,True,True,30.0,166.0,0.0,[1],10.0,10.0,1,10.0,0,0.009657000000004246
aco_current,7,8377,88,6,2,0.0,0.0,0.0,0.0,0.09907747060060501,False,False,0.0,0.0,0.0,[],10.0,10.0,1,10.0,0,0.009657000000004246
aco_current,7,8377,88,6,3,0.0,0.0,0.0,0.0,0.43936213850975037,False,False,0.0,0.0,0.0,[],10.0,10.0,1,10.0,0,0.009657000000004246
aco_current,7,8377,88,6,4,0.0,0.0,0.0,0.0,0.20313307642936707,False,False,0.0,0.0,0.0,[],10.0,10.0,1,10.0,0,0.009657000000004246
aco_current,7,8378,88,6,1,27.0,166.0,193.0,0.965,1.0,True,True,30.0,163.0,0.0,[1],10.0,10.0,1,10.0,0,0.009380166000013901
aco_current,7,8378,88,6,2,0.0,0.0,0.0,0.0,0.09907747060060501,False,False,0.0,0.0,0.0,[],10.0,10.0,1,10.0,0,0.009380166000013901
aco_current,7,8378,88,6,3,0.0,0.0,0.0,0.0,0.43936213850975037,False,False,0.0,0.0,0.0,[],10.0,10.0,1,10.0,0,0.009380166000013901
aco_current,7,8378,88,6,4,0.0,0.0,0.0,0.0,0.20313307642936707,False,False,0.0,0.0,0.0,[],10.0,10.0,1,10.0,0,0.009380166000013901
aco_current,7,8379,88,6,1,20.0,163.0,183.0,0.915,0.9999998807907104,True,True,30.0,153.0,0.0,[1],10.0,10.0,1,10.0,0,0.009532542000002309
aco_current,7,8379,88,6,2,0.0,0.0,0.0,0.0,0.09907747060060501,False,False,0.0,0.0,0.0,[],10.0,10.0,1,10.0,0,0.009532542000002309
aco_current,7,8379,88,6,3,0.0,0.0,0.0,0.0,0.43936213850975037,False,False,0.0,0.0,0.0,[],10.0,10.0,1,10.0,0,0.009532542000002309
aco_current,7,8379,88,6,4,0.0,0.0,0.0,0.0,0.20313307642936707,False,False,0.0,0.0,0.0,[],10.0,10.0,1,10.0,0,0.009532542000002309
aco_current,7,8380,88,7,1,19.0,153.0,172.0,0.86,0.9999966621398926,True,True,30.0,142.0,0.0,[1],10.0,10.0,1,10.0,0,0.00957129200000395
aco_current,7,8380,88,7,2,0.0,0.0,0.0,0.0,0.09907747060060501,False,False,0.0,0.0,0.0,[],10.0,10.0,1,10.0,0,0.00957129200000395
aco_current,7,8380,88,7,3,0.0,0.0,0.0,0.0,0.43936213850975037,False,False,0.0,0.0,0.0,[],10.0,10.0,1,10.0,0,0.00957129200000395
aco_current,7,8380,88,7,4,0.0,0.0,0.0,0.0,0.20313307642936707,False,False,0.0,0.0,0.0,[],10.0,10.0,1,10.0,0,0.00957129200000395
aco_current,7,8381,88,7,1,19.0,142.0,161.0,0.805,0.9999404549598694,True,True,30.0,131.0,0.0,[1],10.0,10.0,1,10.0,0,0.009651082999994287
aco_current,7,8381,88,7,2,0.0,0.0,0.0,0.0,0.09907747060060501,False,False,0.0,0.0,0.0,[],10.0,10.0,1,10.0,0,0.009651082999994287
aco_current,7,8381,88,7,3,0.0,0.0,0.0,0.0,0.43936213850975037,False,False,0.0,0.0,0.0,[],10.0,10.0,1,10.0,0,0.009651082999994287
aco_current,7,8381,88,7,4,0.0,0.0,0.0,0.0,0.20313307642936707,False,False,0.0,0.0,0.0,[],10.0,10.0,1,10.0,0,0.009651082999994287
aco_current,7,8382,88,7,1,19.0,131.0,150.0,0.75,0.9993963837623596,False,False,0.0,150.0,0.0,[],0.0,0.0,0,0.0,0,3.042000003006251e-06
aco_current,7,8382,88,7,2,0.0,0.0,0.0,0.0,0.09907747060060501,False,False,0.0,0.0,0.0,[],0.0,0.0,0,0.0,0,3.042000003006251e-06
aco_current,7,8382,88,7,3,0.0,0.0,0.0,0.0,0.43936213850975037,False,False,0.0,0.0,0.0,[],0.0,0.0,0,0.0,0,3.042000003006251e-06
aco_current,7,8382,88,7,4,0.0,0.0,0.0,0.0,0.20313307642936707,False,False,0.0,0.0,0.0,[],0.0,0.0,0,0.0,0,3.042000003006251e-06
aco_current,7,8383,88,7,1,19.0,150.0,169.0,0.845,0.9999920725822449,True,True,30.0,139.0,0.0,[1],10.0,10.0,1,10.0,0,0.009389041999995129
aco_current,7,8383,88,7,2,0.0,0.0,0.0,0.0,0.09907747060060501,False,False,0.0,0.0,0.0,[],10.0,10.0,1,10.0,0,0.009389041999995129
aco_current,7,8383,88,7,3,0.0,0.0,0.0,0.0,0.43936213850975037,False,False,0.0,0.0,0.0,[],10.0,10.0,1,10.0,0,0.009389041999995129
aco_current,7,8383,88,7,4,0.0,0.0,0.0,0.0,0.20313307642936707,False,False,0.0,0.0,0.0,[],10.0,10.0,1,10.0,0,0.009389041999995129
aco_current,7,8384,88,8,1,19.0,139.0,158.0,0.79,0.9998672604560852,False,False,0.0,158.0,0.0,[],0.0,0.0,0,0.0,0,3.000000006636583e-06
aco_current,7,8384,88,8,2,0.0,0.0,0.0,0.0,0.09907747060060501,False,False,0.0,0.0,0.0,[],0.0,0.0,0,0.0,0,3.000000006636583e-06
aco_current,7,8384,88,8,3,0.0,0.0,0.0,0.0,0.43936213850975037,False,False,0.0,0.0,0.0,[],0.0,0.0,0,0.0,0,3.000000006636583e-06
aco_current,7,8384,88,8,4,0.0,0.0,0.0,0.0,0.20313307642936707,False,False,0.0,0.0,0.0,[],0.0,0.0,0,0.0,0,3.000000006636583e-06
aco_current,7,8385,88,8,1,19.0,158.0,177.0,0.885,0.9999990463256836,True,True,30.0,147.0,0.0,[1],10.0,10.0,1,10.0,0,0.009587749999994344
aco_current,7,8385,88,8,2,0.0,0.0,0.0,0.0,0.09907747060060501,False,False,0.0,0.0,0.0,[],10.0,10.0,1,10.0,0,0.009587749999994344
aco_current,7,8385,88,8,3,0.0,0.0,0.0,0.0,0.43936213850975037,False,False,0.0,0.0,0.0,[],10.0,10.0,1,10.0,0,0.009587749999994344
aco_current,7,8385,88,8,4,0.0,0.0,0.0,0.0,0.20313307642936707,False,False,0.0,0.0,0.0,[],10.0,10.0,1,10.0,0,0.009587749999994344
aco_current,7,8386,88,8,1,18.0,147.0,165.0,0.825,0.9999682903289795,True,True,30.0,135.0,0.0,[1],10.0,10.0,1,10.0,0,0.009515208999999913
aco_current,7,8386,88,8,2,0.0,0.0,0.0,0.0,0.09907747060060501,False,False,0.0,0.0,0.0,[],10.0,10.0,1,10.0,0,0.009515208999999913
aco_current,7,8386,88,8,3,0.0,0.0,0.0,0.0,0.43936213850975037,False,False,0.0,0.0,0.0,[],10.0,10.0,1,10.0,0,0.009515208999999913
aco_current,7,8386,88,8,4,0.0,0.0,0.0,0.0,0.20313307642936707,False,False,0.0,0.0,0.0,[],10.0,10.0,1,10.0,0,0.009515208999999913
aco_current,7,8387,88,8,1,21.0,135.0,156.0,0.78,0.9998970031738281,False,False,0.0,156.0,0.0,[],0.0,0.0,0,0.0,0,2.3749999940037014e-06
aco_current,7,8387,88,8,2,0.0,0.0,0.0,0.0,0.09907747060060501,False,False,0.0,0.0,0.0,[],0.0,0.0,0,0.0,0,2.3749999940037014e-06
aco_current,7,8387,88,8,3,0.0,0.0,0.0,0.0,0.43936213850975037,False,False,0.0,0.0,0.0,[],0.0,0.0,0,0.0,0,2.3749999940037014e-06
aco_current,7,8387,88,8,4,0.0,0.0,0.0,0.0,0.20313307642936707,False,False,0.0,0.0,0.0,[],0.0,0.0,0,0.0,0,2.3749999940037014e-06
aco_current,7,8388,88,9,1,23.0,156.0,179.0,0.895,0.9999998807907104,True,True,30.0,149.0,0.0,[1],10.0,10.0,1,10.0,0,0.009696832999992466
aco_current,7,8388,88,9,2,0.0,0.0,0.0,0.0,0.09907747060060501,False,False,0.0,0.0,0.0,[],10.0,10.0,1,10.0,0,0.009696832999992466
aco_current,7,8388,88,9,3,0.0,0.0,0.0,0.0,0.43936213850975037,False,False,0.0,0.0,0.0,[],10.0,10.0,1,10.0,0,0.009696832999992466
aco_current,7,8388,88,9,4,0.0,0.0,0.0,0.0,0.20313307642936707,False,False,0.0,0.0,0.0,[],10.0,10.0,1,10.0,0,0.009696832999992466
aco_current,7,8389,88,9,1,22.0,149.0,171.0,0.855,0.9999983906745911,True,True,30.0,141.0,0.0,[1],10.0,10.0,1,10.0,0,0.009543332999996323
aco_current,7,8389,88,9,2,0.0,0.0,0.0,0.0,0.09907747060060501,False,False,0.0,0.0,0.0,[],10.0,10.0,1,10.0,0,0.009543332999996323
aco_current,7,8389,88,9,3,0.0,0.0,0.0,0.0,0.43936213850975037,False,False,0.0,0.0,0.0,[],10.0,10.0,1,10.0,0,0.009543332999996323
aco_current,7,8389,88,9,4,0.0,0.0,0.0,0.0,0.20313307642936707,False,False,0.0,0.0,0.0,[],10.0,10.0,1,10.0,0,0.009543332999996323
aco_current,7,8390,88,9,1,23.0,141.0,164.0,0.82,0.9999933242797852,True,True,30.0,134.0,0.0,[1],10.0,10.0,1,10.0,0,0.009509542000003535
aco_current,7,8390,88,9,2,0.0,0.0,0.0,0.0,0.09907747060060501,False,False,0.0,0.0,0.0,[],10.0,10.0,1,10.0,0,0.009509542000003535
aco_current,7,8390,88,9,3,0.0,0.0,0.0,0.0,0.43936213850975037,False,False,0.0,0.0,0.0,[],10.0,10.0,1,10.0,0,0.009509542000003535
aco_current,7,8390,88,9,4,0.0,0.0,0.0,0.0,0.20313307642936707,False,False,0.0,0.0,0.0,[],10.0,10.0,1,10.0,0,0.009509542000003535
aco_current,7,8391,88,9,1,23.0,134.0,157.0,0.785,0.9999595880508423,False,False,0.0,157.0,0.0,[],0.0,0.0,0,0.0,0,2.7910000000019863e-06
aco_current,7,8391,88,9,2,0.0,0.0,0.0,0.0,0.09907747060060501,False,False,0.0,0.0,0.0,[],0.0,0.0,0,0.0,0,2.7910000000019863e-06
aco_current,7,8391,88,9,3,0.0,0.0,0.0,0.0,0.43936213850975037,False,False,0.0,0.0,0.0,[],0.0,0.0,0,0.0,0,2.7910000000019863e-06
aco_current,7,8391,88,9,4,0.0,0.0,0.0,0.0,0.20313307642936707,False,False,0.0,0.0,0.0,[],0.0,0.0,0,0.0,0,2.7910000000019863e-06
aco_current,7,8392,88,10,1,23.0,157.0,180.0,0.9,0.9999998807907104,True,True,30.0,150.0,0.0,[1],10.0,10.0,1,10.0,0,0.01057541699999831
aco_current,7,8392,88,10,2,0.0,0.0,0.0,0.0,0.09907747060060501,False,False,0.0,0.0,0.0,[],10.0,10.0,1,10.0,0,0.01057541699999831
aco_current,7,8392,88,10,3,0.0,0.0,0.0,0.0,0.43936213850975037,False,False,0.0,0.0,0.0,[],10.0,10.0,1,10.0,0,0.01057541699999831
aco_current,7,8392,88,10,4,0.0,0.0,0.0,0.0,0.20313307642936707,False,False,0.0,0.0,0.0,[],10.0,10.0,1,10.0,0,0.01057541699999831
aco_current,7,8393,88,10,1,14.0,150.0,164.0,0.82,0.9998411536216736,True,True,30.0,134.0,0.0,[1],10.0,10.0,1,10.0,0,0.009679417000000967
aco_current,7,8393,88,10,2,0.0,0.0,0.0,0.0,0.09907747060060501,False,False,0.0,0.0,0.0,[],10.0,10.0,1,10.0,0,0.009679417000000967
aco_current,7,8393,88,10,3,0.0,0.0,0.0,0.0,0.43936213850975037,False,False,0.0,0.0,0.0,[],10.0,10.0,1,10.0,0,0.009679417000000967
aco_current,7,8393,88,10,4,0.0,0.0,0.0,0.0,0.20313307642936707,False,False,0.0,0.0,0.0,[],10.0,10.0,1,10.0,0,0.009679417000000967
aco_current,7,8394,88,10,1,13.0,134.0,147.0,0.735,0.9930466413497925,False,False,0.0,147.0,0.0,[],0.0,0.0,0,0.0,0,2.8750000069521775e-06
aco_current,7,8394,88,10,2,0.0,0.0,0.0,0.0,0.09907747060060501,False,False,0.0,0.0,0.0,[],0.0,0.0,0,0.0,0,2.8750000069521775e-06
aco_current,7,8394,88,10,3,0.0,0.0,0.0,0.0,0.43936213850975037,False,False,0.0,0.0,0.0,[],0.0,0.0,0,0.0,0,2.8750000069521775e-06
aco_current,7,8394,88,10,4,0.0,0.0,0.0,0.0,0.20313307642936707,False,False,0.0,0.0,0.0,[],0.0,0.0,0,0.0,0,2.8750000069521775e-06
aco_current,7,8395,88,10,1,13.0,147.0,160.0,0.8,0.9992989897727966,True,True,30.0,130.0,0.0,[1],10.0,10.0,1,10.0,0,0.009716292000007343
aco_current,7,8395,88,10,2,0.0,0.0,0.0,0.0,0.09907747060060501,False,False,0.0,0.0,0.0,[],10.0,10.0,1,10.0,0,0.009716292000007343
aco_current,7,8395,88,10,3,0.0,0.0,0.0,0.0,0.43936213850975037,False,False,0.0,0.0,0.0,[],10.0,10.0,1,10.0,0,0.009716292000007343
aco_current,7,8395,88,10,4,0.0,0.0,0.0,0.0,0.20313307642936707,False,False,0.0,0.0,0.0,[],10.0,10.0,1,10.0,0,0.009716292000007343
aco_current,7,8396,88,11,1,12.0,130.0,142.0,0.71,0.9826803207397461,False,False,0.0,142.0,0.0,[],0.0,0.0,0,0.0,0,3.2920000023750617e-06
aco_current,7,8396,88,11,2,0.0,0.0,0.0,0.0,0.09907747060060501,False,False,0.0,0.0,0.0,[],0.0,0.0,0,0.0,0,3.2920000023750617e-06
aco_current,7,8396,88,11,3,0.0,0.0,0.0,0.0,0.43936213850975037,False,False,0.0,0.0,0.0,[],0.0,0.0,0,0.0,0,3.2920000023750617e-06
aco_current,7,8396,88,11,4,0.0,0.0,0.0,0.0,0.20313307642936707,False,False,0.0,0.0,0.0,[],0.0,0.0,0,0.0,0,3.2920000023750617e-06
aco_current,7,8397,88,11,1,13.0,142.0,155.0,0.775,0.9976739287376404,False,False,0.0,155.0,0.0,[],0.0,0.0,0,0.0,0,2.3340000012694873e-06
aco_current,7,8397,88,11,2,0.0,0.0,0.0,0.0,0.09907747060060501,False,False,0.0,0.0,0.0,[],0.0,0.0,0,0.0,0,2.3340000012694873e-06
aco_current,7,8397,88,11,3,0.0,0.0,0.0,0.0,0.43936213850975037,False,False,0.0,0.0,0.0,[],0.0,0.0,0,0.0,0,2.3340000012694873e-06
aco_current,7,8397,88,11,4,0.0,0.0,0.0,0.0,0.20313307642936707,False,False,0.0,0.0,0.0,[],0.0,0.0,0,0.0,0,2.3340000012694873e-06
aco_current,7,8398,88,11,1,19.0,155.0,174.0,0.87,0.999997615814209,True,True,30.0,144.0,0.0,[1],10.0,10.0,1,10.0,0,0.00949325000000556
aco_current,7,8398,88,11,2,0.0,0.0,0.0,0.0,0.09907747060060501,False,False,0.0,0.0,0.0,[],10.0,10.0,1,10.0,0,0.00949325000000556
aco_current,7,8398,88,11,3,0.0,0.0,0.0,0.0,0.43936213850975037,False,False,0.0,0.0,0.0,[],10.0,10.0,1,10.0,0,0.00949325000000556
aco_current,7,8398,88,11,4,0.0,0.0,0.0,0.0,0.20313307642936707,False,False,0.0,0.0,0.0,[],10.0,10.0,1,10.0,0,0.00949325000000556
aco_current,7,8399,88,11,1,40.0,144.0,184.0,0.92,1.0,True,True,30.0,154.0,0.0,[1],10.0,10.0,1,10.0,0,0.009662040999998567
aco_current,7,8399,88,11,2,0.0,0.0,0.0,0.0,0.09907747060060501,False,False,0.0,0.0,0.0,[],10.0,10.0,1,10.0,0,0.009662040999998567
aco_current,7,8399,88,11,3,0.0,0.0,0.0,0.0,0.43936213850975037,False,False,0.0,0.0,0.0,[],10.0,10.0,1,10.0,0,0.009662040999998567
aco_current,7,8399,88,11,4,0.0,0.0,0.0,0.0,0.20313307642936707,False,False,0.0,0.0,0.0,[],10.0,10.0,1,10.0,0,0.009662040999998567
aco_current,7,8400,88,12,1,47.0,154.0,201.0,1.005,1.0,True,True,30.0,171.0,0.0,[1],10.0,10.0,1,10.0,0,0.009734417000004214
aco_current,7,8400,88,12,2,0.0,0.0,0.0,0.0,0.09907747060060501,False,False,0.0,0.0,0.0,[],10.0,10.0,1,10.0,0,0.009734417000004214
aco_current,7,8400,88,12,3,0.0,0.0,0.0,0.0,0.43936213850975037,False,False,0.0,0.0,0.0,[],10.0,10.0,1,10.0,0,0.009734417000004214
aco_current,7,8400,88,12,4,0.0,0.0,0.0,0.0,0.20313307642936707,False,False,0.0,0.0,0.0,[],10.0,10.0,1,10.0,0,0.009734417000004214
aco_current,7,8401,88,12,1,39.0,171.0,210.0,1.05,1.0,True,True,30.0,180.0,0.0,[1],10.0,10.0,1,10.0,0,0.009901333000001955
aco_current,7,8401,88,12,2,0.0,0.0,0.0,0.0,0.09907747060060501,False,False,0.0,0.0,0.0,[],10.0,10.0,1,10.0,0,0.009901333000001955
aco_current,7,8401,88,12,3,0.0,0.0,0.0,0.0,0.43936213850975037,False,False,0.0,0.0,0.0,[],10.0,10.0,1,10.0,0,0.009901333000001955
aco_current,7,8401,88,12,4,0.0,0.0,0.0,0.0,0.20313307642936707,False,False,0.0,0.0,0.0,[],10.0,10.0,1,10.0,0,0.009901333000001955
aco_current,7,8402,88,12,1,60.0,180.0,240.0,1.2,1.0,True,True,30.0,200.0,10.0,[1],10.0,10.0,1,10.0,0,0.009738459000004696
aco_current,7,8402,88,12,2,0.0,0.0,0.0,0.0,0.09907747060060501,False,False,0.0,0.0,0.0,[],10.0,10.0,1,10.0,0,0.009738459000004696
aco_current,7,8402,88,12,3,0.0,0.0,0.0,0.0,0.43936213850975037,False,False,0.0,0.0,0.0,[],10.0,10.0,1,10.0,0,0.009738459000004696
aco_current,7,8402,88,12,4,0.0,0.0,0.0,0.0,0.20313307642936707,False,False,0.0,0.0,0.0,[],10.0,10.0,1,10.0,0,0.009738459000004696
aco_current,7,8403,88,12,1,82.0,200.0,282.0,1.41,1.0,True,True,30.0,200.0,52.0,[1],10.0,10.0,1,10.0,0,0.009814750000003869
aco_current,7,8403,88,12,2,0.0,0.0,0.0,0.0,0.09907747060060501,False,False,0.0,0.0,0.0,[],10.0,10.0,1,10.0,0,0.009814750000003869
aco_current,7,8403,88,12,3,0.0,0.0,0.0,0.0,0.43936213850975037,False,False,0.0,0.0,0.0,[],10.0,10.0,1,10.0,0,0.009814750000003869
aco_current,7,8403,88,12,4,0.0,0.0,0.0,0.0,0.20313307642936707,False,False,0.0,0.0,0.0,[],10.0,10.0,1,10.0,0,0.009814750000003869
aco_current,7,8404,88,13,1,93.0,200.0,293.0,1.465,1.0,True,True,30.0,200.0,63.0,[1],10.0,10.0,1,10.0,0,0.010022250000005783
aco_current,7,8404,88,13,2,0.0,0.0,0.0,0.0,0.09907747060060501,False,False,0.0,0.0,0.0,[],10.0,10.0,1,10.0,0,0.010022250000005783
aco_current,7,8404,88,13,3,0.0,0.0,0.0,0.0,0.43936213850975037,False,False,0.0,0.0,0.0,[],10.0,10.0,1,10.0,0,0.010022250000005783
aco_current,7,8404,88,13,4,0.0,0.0,0.0,0.0,0.20313307642936707,False,False,0.0,0.0,0.0,[],10.0,10.0,1,10.0,0,0.010022250000005783
aco_current,7,8405,88,13,1,94.0,200.0,294.0,1.47,1.0,True,True,30.0,200.0,64.0,[1],10.0,10.0,1,10.0,0,0.010006375000003231
aco_current,7,8405,88,13,2,0.0,0.0,0.0,0.0,0.09907747060060501,False,False,0.0,0.0,0.0,[],10.0,10.0,1,10.0,0,0.010006375000003231
aco_current,7,8405,88,13,3,0.0,0.0,0.0,0.0,0.43936213850975037,False,False,0.0,0.0,0.0,[],10.0,10.0,1,10.0,0,0.010006375000003231
aco_current,7,8405,88,13,4,0.0,0.0,0.0,0.0,0.20313307642936707,False,False,0.0,0.0,0.0,[],10.0,10.0,1,10.0,0,0.010006375000003231
aco_current,7,8406,88,13,1,80.0,200.0,280.0,1.4,1.0,True,True,30.0,200.0,50.0,[1],10.0,10.0,1,10.0,0,0.00973087500000247
aco_current,7,8406,88,13,2,0.0,0.0,0.0,0.0,0.09907747060060501,False,False,0.0,0.0,0.0,[],10.0,10.0,1,10.0,0,0.00973087500000247
aco_current,7,8406,88,13,3,0.0,0.0,0.0,0.0,0.43936213850975037,False,False,0.0,0.0,0.0,[],10.0,10.0,1,10.0,0,0.00973087500000247
aco_current,7,8406,88,13,4,0.0,0.0,0.0,0.0,0.20313307642936707,False,False,0.0,0.0,0.0,[],10.0,10.0,1,10.0,0,0.00973087500000247
aco_current,7,8407,88,13,1,62.0,200.0,262.0,1.31,1.0,True,True,30.0,200.0,32.0,[1],10.0,10.0,1,10.0,0,0.009880749999993554
aco_current,7,8407,88,13,2,0.0,0.0,0.0,0.0,0.09907747060060501,False,False,0.0,0.0,0.0,[],10.0,10.0,1,10.0,0,0.009880749999993554
aco_current,7,8407,88,13,3,0.0,0.0,0.0,0.0,0.43936213850975037,False,False,0.0,0.0,0.0,[],10.0,10.0,1,10.0,0,0.009880749999993554
aco_current,7,8407,88,13,4,0.0,0.0,0.0,0.0,0.20313307642936707,False,False,0.0,0.0,0.0,[],10.0,10.0,1,10.0,0,0.009880749999993554
aco_current,7,8408,88,14,1,56.0,200.0,256.0,1.28,1.0,True,True,30.0,200.0,26.0,[1],10.0,10.0,1,10.0,0,0.009910167000001024
aco_current,7,8408,88,14,2,0.0,0.0,0.0,0.0,0.09907747060060501,False,False,0.0,0.0,0.0,[],10.0,10.0,1,10.0,0,0.009910167000001024
aco_current,7,8408,88,14,3,0.0,0.0,0.0,0.0,0.43936213850975037,False,False,0.0,0.0,0.0,[],10.0,10.0,1,10.0,0,0.009910167000001024
aco_current,7,8408,88,14,4,0.0,0.0,0.0,0.0,0.20313307642936707,False,False,0.0,0.0,0.0,[],10.0,10.0,1,10.0,0,0.009910167000001024
aco_current,7,8409,88,14,1,52.0,200.0,252.0,1.26,1.0,True,True,30.0,200.0,22.0,[1],10.0,10.0,1,10.0,0,0.009840707999998699
aco_current,7,8409,88,14,2,0.0,0.0,0.0,0.0,0.09907747060060501,False,False,0.0,0.0,0.0,[],10.0,10.0,1,10.0,0,0.009840707999998699
aco_current,7,8409,88,14,3,0.0,0.0,0.0,0.0,0.43936213850975037,False,False,0.0,0.0,0.0,[],10.0,10.0,1,10.0,0,0.009840707999998699
aco_current,7,8409,88,14,4,0.0,0.0,0.0,0.0,0.20313307642936707,False,False,0.0,0.0,0.0,[],10.0,10.0,1,10.0,0,0.009840707999998699
aco_current,7,8410,88,14,1,39.0,200.0,239.0,1.195,1.0,True,True,30.0,200.0,9.0,[1],10.0,10.0,1,10.0,0,0.009536707999998839
aco_current,7,8410,88,14,2,0.0,0.0,0.0,0.0,0.09907747060060501,False,False,0.0,0.0,0.0,[],10.0,10.0,1,10.0,0,0.009536707999998839
aco_current,7,8410,88,14,3,0.0,0.0,0.0,0.0,0.43936213850975037,False,False,0.0,0.0,0.0,[],10.0,10.0,1,10.0,0,0.009536707999998839
aco_current,7,8410,88,14,4,0.0,0.0,0.0,0.0,0.20313307642936707,False,False,0.0,0.0,0.0,[],10.0,10.0,1,10.0,0,0.009536707999998839
aco_current,7,8411,88,14,1,29.0,200.0,229.0,1.145,1.0,True,True,30.0,199.0,0.0,[1],10.0,10.0,1,10.0,0,0.009705124999996428
aco_current,7,8411,88,14,2,0.0,0.0,0.0,0.0,0.09907747060060501,False,False,0.0,0.0,0.0,[],10.0,10.0,1,10.0,0,0.009705124999996428
aco_current,7,8411,88,14,3,0.0,0.0,0.0,0.0,0.43936213850975037,False,False,0.0,0.0,0.0,[],10.0,10.0,1,10.0,0,0.009705124999996428
aco_current,7,8411,88,14,4,0.0,0.0,0.0,0.0,0.20313307642936707,False,False,0.0,0.0,0.0,[],10.0,10.0,1,10.0,0,0.009705124999996428
aco_current,7,8412,88,15,1,29.0,199.0,228.0,1.14,1.0,True,True,30.0,198.0,0.0,[1],10.0,10.0,1,10.0,0,0.009652750000000765
aco_current,7,8412,88,15,2,0.0,0.0,0.0,0.0,0.09907747060060501,False,False,0.0,0.0,0.0,[],10.0,10.0,1,10.0,0,0.009652750000000765
aco_current,7,8412,88,15,3,0.0,0.0,0.0,0.0,0.43936213850975037,False,False,0.0,0.0,0.0,[],10.0,10.0,1,10.0,0,0.009652750000000765
aco_current,7,8412,88,15,4,0.0,0.0,0.0,0.0,0.20313307642936707,False,False,0.0,0.0,0.0,[],10.0,10.0,1,10.0,0,0.009652750000000765
aco_current,7,8413,88,15,1,30.0,198.0,228.0,1.14,1.0,True,True,30.0,198.0,0.0,[1],10.0,10.0,1,10.0,0,0.009617792000000236
aco_current,7,8413,88,15,2,0.0,0.0,0.0,0.0,0.09907747060060501,False,False,0.0,0.0,0.0,[],10.0,10.0,1,10.0,0,0.009617792000000236
aco_current,7,8413,88,15,3,0.0,0.0,0.0,0.0,0.43936213850975037,False,False,0.0,0.0,0.0,[],10.0,10.0,1,10.0,0,0.009617792000000236
aco_current,7,8413,88,15,4,0.0,0.0,0.0,0.0,0.20313307642936707,False,False,0.0,0.0,0.0,[],10.0,10.0,1,10.0,0,0.009617792000000236
aco_current,7,8414,88,15,1,27.0,198.0,225.0,1.125,1.0,True,True,30.0,195.0,0.0,[1],10.0,10.0,1,10.0,0,0.009617458000008128
aco_current,7,8414,88,15,2,0.0,0.0,0.0,0.0,0.09907747060060501,False,False,0.0,0.0,0.0,[],10.0,10.0,1,10.0,0,0.009617458000008128
aco_current,7,8414,88,15,3,0.0,0.0,0.0,0.0,0.43936213850975037,False,False,0.0,0.0,0.0,[],10.0,10.0,1,10.0,0,0.009617458000008128
aco_current,7,8414,88,15,4,0.0,0.0,0.0,0.0,0.20313307642936707,False,False,0.0,0.0,0.0,[],10.0,10.0,1,10.0,0,0.009617458000008128
aco_current,7,8415,88,15,1,21.0,195.0,216.0,1.08,1.0,True,True,30.0,186.0,0.0,[1],10.0,10.0,1,10.0,0,0.009524584000004666
aco_current,7,8415,88,15,2,0.0,0.0,0.0,0.0,0.09907747060060501,False,False,0.0,0.0,0.0,[],10.0,10.0,1,10.0,0,0.009524584000004666
aco_current,7,8415,88,15,3,0.0,0.0,0.0,0.0,0.43936213850975037,False,False,0.0,0.0,0.0,[],10.0,10.0,1,10.0,0,0.009524584000004666
aco_current,7,8415,88,15,4,0.0,0.0,0.0,0.0,0.20313307642936707,False,False,0.0,0.0,0.0,[],10.0,10.0,1,10.0,0,0.009524584000004666
aco_current,7,8416,88,16,1,21.0,186.0,207.0,1.035,1.0,True,True,30.0,177.0,0.0,[1],10.0,10.0,1,10.0,0,0.009476375000005532
aco_current,7,8416,88,16,2,0.0,0.0,0.0,0.0,0.09907747060060501,False,False,0.0,0.0,0.0,[],10.0,10.0,1,10.0,0,0.009476375000005532
aco_current,7,8416,88,16,3,0.0,0.0,0.0,0.0,0.43936213850975037,False,False,0.0,0.0,0.0,[],10.0,10.0,1,10.0,0,0.009476375000005532
aco_current,7,8416,88,16,4,0.0,0.0,0.0,0.0,0.20313307642936707,False,False,0.0,0.0,0.0,[],10.0,10.0,1,10.0,0,0.009476375000005532
aco_current,7,8417,88,16,1,20.0,177.0,197.0,0.985,1.0,True,True,30.0,167.0,0.0,[1],10.0,10.0,1,10.0,0,0.00979820899999595
aco_current,7,8417,88,16,2,0.0,0.0,0.0,0.0,0.09907747060060501,False,False,0.0,0.0,0.0,[],10.0,10.0,1,10.0,0,0.00979820899999595
aco_current,7,8417,88,16,3,0.0,0.0,0.0,0.0,0.43936213850975037,False,False,0.0,0.0,0.0,[],10.0,10.0,1,10.0,0,0.00979820899999595
aco_current,7,8417,88,16,4,0.0,0.0,0.0,0.0,0.20313307642936707,False,False,0.0,0.0,0.0,[],10.0,10.0,1,10.0,0,0.00979820899999595
aco_current,7,8418,88,16,1,21.0,167.0,188.0,0.94,1.0,True,True,30.0,158.0,0.0,[1],10.0,10.0,1,10.0,0,0.009889833000002568
aco_current,7,8418,88,16,2,0.0,0.0,0.0,0.0,0.09907747060060501,False,False,0.0,0.0,0.0,[],10.0,10.0,1,10.0,0,0.009889833000002568
aco_current,7,8418,88,16,3,0.0,0.0,0.0,0.0,0.43936213850975037,False,False,0.0,0.0,0.0,[],10.0,10.0,1,10.0,0,0.009889833000002568
aco_current,7,8418,88,16,4,0.0,0.0,0.0,0.0,0.20313307642936707,False,False,0.0,0.0,0.0,[],10.0,10.0,1,10.0,0,0.009889833000002568
aco_current,7,8419,88,16,1,21.0,158.0,179.0,0.895,0.9999997019767761,True,True,30.0,149.0,0.0,[1],10.0,10.0,1,10.0,0,0.009701332999995316
aco_current,7,8419,88,16,2,0.0,0.0,0.0,0.0,0.09907747060060501,False,False,0.0,0.0,0.0,[],10.0,10.0,1,10.0,0,0.009701332999995316
aco_current,7,8419,88,16,3,0.0,0.0,0.0,0.0,0.43936213850975037,False,False,0.0,0.0,0.0,[],10.0,10.0,1,10.0,0,0.009701332999995316
aco_current,7,8419,88,16,4,0.0,0.0,0.0,0.0,0.20313307642936707,False,False,0.0,0.0,0.0,[],10.0,10.0,1,10.0,0,0.009701332999995316
aco_current,7,8420,88,17,1,21.0,149.0,170.0,0.85,0.999997079372406,True,True,30.0,140.0,0.0,[1],10.0,10.0,1,10.0,0,0.009641000000002009
aco_current,7,8420,88,17,2,0.0,0.0,0.0,0.0,0.09907747060060501,False,False,0.0,0.0,0.0,[],10.0,10.0,1,10.0,0,0.009641000000002009
aco_current,7,8420,88,17,3,0.0,0.0,0.0,0.0,0.43936213850975037,False,False,0.0,0.0,0.0,[],10.0,10.0,1,10.0,0,0.009641000000002009
aco_current,7,8420,88,17,4,0.0,0.0,0.0,0.0,0.20313307642936707,False,False,0.0,0.0,0.0,[],10.0,10.0,1,10.0,0,0.009641000000002009
aco_current,7,8421,88,17,1,21.0,140.0,161.0,0.805,0.9999701976776123,True,True,30.0,131.0,0.0,[1],10.0,10.0,1,10.0,0,0.00949529199999688
aco_current,7,8421,88,17,2,0.0,0.0,0.0,0.0,0.09907747060060501,False,False,0.0,0.0,0.0,[],10.0,10.0,1,10.0,0,0.00949529199999688
aco_current,7,8421,88,17,3,0.0,0.0,0.0,0.0,0.43936213850975037,False,False,0.0,0.0,0.0,[],10.0,10.0,1,10.0,0,0.00949529199999688
aco_current,7,8421,88,17,4,0.0,0.0,0.0,0.0,0.20313307642936707,False,False,0.0,0.0,0.0,[],10.0,10.0,1,10.0,0,0.00949529199999688
aco_current,7,8422,88,17,1,21.0,131.0,152.0,0.76,0.999771237373352,False,False,0.0,152.0,0.0,[],0.0,0.0,0,0.0,0,3.6250000050586095e-06
aco_current,7,8422,88,17,2,0.0,0.0,0.0,0.0,0.09907747060060501,False,False,0.0,0.0,0.0,[],0.0,0.0,0,0.0,0,3.6250000050586095e-06
aco_current,7,8422,88,17,3,0.0,0.0,0.0,0.0,0.43936213850975037,False,False,0.0,0.0,0.0,[],0.0,0.0,0,0.0,0,3.6250000050586095e-06
aco_current,7,8422,88,17,4,0.0,0.0,0.0,0.0,0.20313307642936707,False,False,0.0,0.0,0.0,[],0.0,0.0,0,0.0,0,3.6250000050586095e-06
aco_current,7,8423,88,17,1,21.0,152.0,173.0,0.865,0.9999986886978149,True,True,30.0,143.0,0.0,[1],10.0,10.0,1,10.0,0,0.009674083000007272
aco_current,7,8423,88,17,2,0.0,0.0,0.0,0.0,0.09907747060060501,False,False,0.0,0.0,0.0,[],10.0,10.0,1,10.0,0,0.009674083000007272
aco_current,7,8423,88,17,3,0.0,0.0,0.0,0.0,0.43936213850975037,False,False,0.0,0.0,0.0,[],10.0,10.0,1,10.0,0,0.009674083000007272
aco_current,7,8423,88,17,4,0.0,0.0,0.0,0.0,0.20313307642936707,False,False,0.0,0.0,0.0,[],10.0,10.0,1,10.0,0,0.009674083000007272
aco_current,7,8424,88,18,1,19.0,143.0,162.0,0.81,0.9999532699584961,True,True,30.0,132.0,0.0,[1],10.0,10.0,1,10.0,0,0.009674833999994803
aco_current,7,8424,88,18,2,0.0,0.0,0.0,0.0,0.09907747060060501,False,False,0.0,0.0,0.0,[],10.0,10.0,1,10.0,0,0.009674833999994803
aco_current,7,8424,88,18,3,0.0,0.0,0.0,0.0,0.43936213850975037,False,False,0.0,0.0,0.0,[],10.0,10.0,1,10.0,0,0.009674833999994803
aco_current,7,8424,88,18,4,0.0,0.0,0.0,0.0,0.20313307642936707,False,False,0.0,0.0,0.0,[],10.0,10.0,1,10.0,0,0.009674833999994803
aco_current,7,8425,88,18,1,20.0,132.0,152.0,0.76,0.9996772408485413,False,False,0.0,152.0,0.0,[],0.0,0.0,0,0.0,0,3.708999997797946e-06
aco_current,7,8425,88,18,2,0.0,0.0,0.0,0.0,0.09907747060060501,False,False,0.0,0.0,0.0,[],0.0,0.0,0,0.0,0,3.708999997797946e-06
aco_current,7,8425,88,18,3,0.0,0.0,0.0,0.0,0.43936213850975037,False,False,0.0,0.0,0.0,[],0.0,0.0,0,0.0,0,3.708999997797946e-06
aco_current,7,8425,88,18,4,0.0,0.0,0.0,0.0,0.20313307642936707,False,False,0.0,0.0,0.0,[],0.0,0.0,0,0.0,0,3.708999997797946e-06
aco_current,7,8426,88,18,1,18.0,152.0,170.0,0.85,0.9999914169311523,True,True,30.0,140.0,0.0,[1],10.0,10.0,1,10.0,0,0.009690624999990405
aco_current,7,8426,88,18,2,0.0,0.0,0.0,0.0,0.09907747060060501,False,False,0.0,0.0,0.0,[],10.0,10.0,1,10.0,0,0.009690624999990405
aco_current,7,8426,88,18,3,0.0,0.0,0.0,0.0,0.43936213850975037,False,False,0.0,0.0,0.0,[],10.0,10.0,1,10.0,0,0.009690624999990405
aco_current,7,8426,88,18,4,0.0,0.0,0.0,0.0,0.20313307642936707,False,False,0.0,0.0,0.0,[],10.0,10.0,1,10.0,0,0.009690624999990405
aco_current,7,8427,88,18,1,18.0,140.0,158.0,0.79,0.9998102188110352,False,False,0.0,158.0,0.0,[],0.0,0.0,0,0.0,0,2.7499999930569174e-06
aco_current,7,8427,88,18,2,0.0,0.0,0.0,0.0,0.09907747060060501,False,False,0.0,0.0,0.0,[],0.0,0.0,0,0.0,0,2.7499999930569174e-06
aco_current,7,8427,88,18,3,0.0,0.0,0.0,0.0,0.43936213850975037,False,False,0.0,0.0,0.0,[],0.0,0.0,0,0.0,0,2.7499999930569174e-06
aco_current,7,8427,88,18,4,0.0,0.0,0.0,0.0,0.20313307642936707,False,False,0.0,0.0,0.0,[],0.0,0.0,0,0.0,0,2.7499999930569174e-06
aco_current,7,8428,88,19,1,18.0,158.0,176.0,0.88,0.9999982118606567,True,True,30.0,146.0,0.0,[1],10.0,10.0,1,10.0,0,0.009570667000005528
aco_current,7,8428,88,19,2,0.0,0.0,0.0,0.0,0.09907747060060501,False,False,0.0,0.0,0.0,[],10.0,10.0,1,10.0,0,0.009570667000005528
aco_current,7,8428,88,19,3,0.0,0.0,0.0,0.0,0.43936213850975037,False,False,0.0,0.0,0.0,[],10.0,10.0,1,10.0,0,0.009570667000005528
aco_current,7,8428,88,19,4,0.0,0.0,0.0,0.0,0.20313307642936707,False,False,0.0,0.0,0.0,[],10.0,10.0,1,10.0,0,0.009570667000005528
aco_current,7,8429,88,19,1,18.0,146.0,164.0,0.82,0.999958336353302,True,True,30.0,134.0,0.0,[1],10.0,10.0,1,10.0,0,0.009754125000000613
aco_current,7,8429,88,19,2,0.0,0.0,0.0,0.0,0.09907747060060501,False,False,0.0,0.0,0.0,[],10.0,10.0,1,10.0,0,0.009754125000000613
aco_current,7,8429,88,19,3,0.0,0.0,0.0,0.0,0.43936213850975037,False,False,0.0,0.0,0.0,[],10.0,10.0,1,10.0,0,0.009754125000000613
aco_current,7,8429,88,19,4,0.0,0.0,0.0,0.0,0.20313307642936707,False,False,0.0,0.0,0.0,[],10.0,10.0,1,10.0,0,0.009754125000000613
aco_current,7,8430,88,19,1,18.0,134.0,152.0,0.76,0.9993568658828735,False,False,0.0,152.0,0.0,[],0.0,0.0,0,0.0,0,2.7910000000019863e-06
aco_current,7,8430,88,19,2,0.0,0.0,0.0,0.0,0.09907747060060501,False,False,0.0,0.0,0.0,[],0.0,0.0,0,0.0,0,2.7910000000019863e-06
aco_current,7,8430,88,19,3,0.0,0.0,0.0,0.0,0.43936213850975037,False,False,0.0,0.0,0.0,[],0.0,0.0,0,0.0,0,2.7910000000019863e-06
aco_current,7,8430,88,19,4,0.0,0.0,0.0,0.0,0.20313307642936707,False,False,0.0,0.0,0.0,[],0.0,0.0,0,0.0,0,2.7910000000019863e-06
aco_current,7,8431,88,19,1,18.0,152.0,170.0,0.85,0.9999911189079285,True,True,30.0,140.0,0.0,[1],10.0,10.0,1,10.0,0,0.009859374999990678
aco_current,7,8431,88,19,2,0.0,0.0,0.0,0.0,0.09907747060060501,False,False,0.0,0.0,0.0,[],10.0,10.0,1,10.0,0,0.009859374999990678
aco_current,7,8431,88,19,3,0.0,0.0,0.0,0.0,0.43936213850975037,False,False,0.0,0.0,0.0,[],10.0,10.0,1,10.0,0,0.009859374999990678
aco_current,7,8431,88,19,4,0.0,0.0,0.0,0.0,0.20313307642936707,False,False,0.0,0.0,0.0,[],10.0,10.0,1,10.0,0,0.009859374999990678
aco_current,7,8432,88,20,1,18.0,140.0,158.0,0.79,0.9998081922531128,False,False,0.0,158.0,0.0,[],0.0,0.0,0,0.0,0,3.792000001112683e-06
aco_current,7,8432,88,20,2,0.0,0.0,0.0,0.0,0.09907747060060501,False,False,0.0,0.0,0.0,[],0.0,0.0,0,0.0,0,3.792000001112683e-06
aco_current,7,8432,88,20,3,0.0,0.0,0.0,0.0,0.43936213850975037,False,False,0.0,0.0,0.0,[],0.0,0.0,0,0.0,0,3.792000001112683e-06
aco_current,7,8432,88,20,4,0.0,0.0,0.0,0.0,0.20313307642936707,False,False,0.0,0.0,0.0,[],0.0,0.0,0,0.0,0,3.792000001112683e-06
aco_current,7,8433,88,20,1,17.0,158.0,175.0,0.875,0.9999966025352478,True,True,30.0,145.0,0.0,[1],10.0,10.0,1,10.0,0,0.009826750000001994
aco_current,7,8433,88,20,2,0.0,0.0,0.0,0.0,0.09907747060060501,False,False,0.0,0.0,0.0,[],10.0,10.0,1,10.0,0,0.009826750000001994
aco_current,7,8433,88,20,3,0.0,0.0,0.0,0.0,0.43936213850975037,False,False,0.0,0.0,0.0,[],10.0,10.0,1,10.0,0,0.009826750000001994
aco_current,7,8433,88,20,4,0.0,0.0,0.0,0.0,0.20313307642936707,False,False,0.0,0.0,0.0,[],10.0,10.0,1,10.0,0,0.009826750000001994
aco_current,7,8434,88,20,1,18.0,145.0,163.0,0.815,0.9999458193778992,True,True,30.0,133.0,0.0,[1],10.0,10.0,1,10.0,0,0.009675666999996224
aco_current,7,8434,88,20,2,0.0,0.0,0.0,0.0,0.09907747060060501,False,False,0.0,0.0,0.0,[],10.0,10.0,1,10.0,0,0.009675666999996224
aco_current,7,8434,88,20,3,0.0,0.0,0.0,0.0,0.43936213850975037,False,False,0.0,0.0,0.0,[],10.0,10.0,1,10.0,0,0.009675666999996224
aco_current,7,8434,88,20,4,0.0,0.0,0.0,0.0,0.20313307642936707,False,False,0.0,0.0,0.0,[],10.0,10.0,1,10.0,0,0.009675666999996224
aco_current,7,8435,88,20,1,17.0,133.0,150.0,0.75,0.9988020658493042,False,False,0.0,150.0,0.0,[],0.0,0.0,0,0.0,0,2.9580000102669146e-06
aco_current,7,8435,88,20,2,0.0,0.0,0.0,0.0,0.09907747060060501,False,False,0.0,0.0,0.0,[],0.0,0.0,0,0.0,0,2.9580000102669146e-06
aco_current,7,8435,88,20,3,0.0,0.0,0.0,0.0,0.43936213850975037,False,False,0.0,0.0,0.0,[],0.0,0.0,0,0.0,0,2.9580000102669146e-06
aco_current,7,8435,88,20,4,0.0,0.0,0.0,0.0,0.20313307642936707,False,False,0.0,0.0,0.0,[],0.0,0.0,0,0.0,0,2.9580000102669146e-06
aco_current,7,8436,88,21,1,10.0,150.0,160.0,0.8,0.9979349970817566,True,True,30.0,130.0,0.0,[1],10.0,10.0,1,10.0,0,0.00963533299999142
aco_current,7,8436,88,21,2,0.0,0.0,0.0,0.0,0.09907747060060501,False,False,0.0,0.0,0.0,[],10.0,10.0,1,10.0,0,0.00963533299999142
aco_current,7,8436,88,21,3,0.0,0.0,0.0,0.0,0.43936213850975037,False,False,0.0,0.0,0.0,[],10.0,10.0,1,10.0,0,0.00963533299999142
aco_current,7,8436,88,21,4,0.0,0.0,0.0,0.0,0.20313307642936707,False,False,0.0,0.0,0.0,[],10.0,10.0,1,10.0,0,0.00963533299999142
aco_current,7,8437,88,21,1,10.0,130.0,140.0,0.7,0.9561408162117004,False,False,0.0,140.0,0.0,[],0.0,0.0,0,0.0,0,2.667000003953035e-06
aco_current,7,8437,88,21,2,0.0,0.0,0.0,0.0,0.09907747060060501,False,False,0.0,0.0,0.0,[],0.0,0.0,0,0.0,0,2.667000003953035e-06
aco_current,7,8437,88,21,3,0.0,0.0,0.0,0.0,0.43936213850975037,False,False,0.0,0.0,0.0,[],0.0,0.0,0,0.0,0,2.667000003953035e-06
aco_current,7,8437,88,21,4,0.0,0.0,0.0,0.0,0.20313307642936707,False,False,0.0,0.0,0.0,[],0.0,0.0,0,0.0,0,2.667000003953035e-06
aco_current,7,8438,88,21,1,10.0,140.0,150.0,0.75,0.9859916567802429,False,False,0.0,150.0,0.0,[],0.0,0.0,0,0.0,0,2.0420000055310084e-06
aco_current,7,8438,88,21,2,0.0,0.0,0.0,0.0,0.09907747060060501,False,False,0.0,0.0,0.0,[],0.0,0.0,0,0.0,0,2.0420000055310084e-06
aco_current,7,8438,88,21,3,0.0,0.0,0.0,0.0,0.43936213850975037,False,False,0.0,0.0,0.0,[],0.0,0.0,0,0.0,0,2.0420000055310084e-06
aco_current,7,8438,88,21,4,0.0,0.0,0.0,0.0,0.20313307642936707,False,False,0.0,0.0,0.0,[],0.0,0.0,0,0.0,0,2.0420000055310084e-06
aco_current,7,8439,88,21,1,10.0,150.0,160.0,0.8,0.9978612065315247,True,True,30.0,130.0,0.0,[1],10.0,10.0,1,10.0,0,0.0095799999999997
aco_current,7,8439,88,21,2,0.0,0.0,0.0,0.0,0.09907747060060501,False,False,0.0,0.0,0.0,[],10.0,10.0,1,10.0,0,0.0095799999999997
aco_current,7,8439,88,21,3,0.0,0.0,0.0,0.0,0.43936213850975037,False,False,0.0,0.0,0.0,[],10.0,10.0,1,10.0,0,0.0095799999999997
aco_current,7,8439,88,21,4,0.0,0.0,0.0,0.0,0.20313307642936707,False,False,0.0,0.0,0.0,[],10.0,10.0,1,10.0,0,0.0095799999999997
aco_current,7,8440,88,22,1,10.0,130.0,140.0,0.7,0.963712215423584,False,False,0.0,140.0,0.0,[],0.0,0.0,0,0.0,0,2.750000007267772e-06
aco_current,7,8440,88,22,2,0.0,0.0,0.0,0.0,0.09907747060060501,False,False,0.0,0.0,0.0,[],0.0,0.0,0,0.0,0,2.750000007267772e-06
aco_current,7,8440,88,22,3,0.0,0.0,0.0,0.0,0.43936213850975037,False,False,0.0,0.0,0.0,[],0.0,0.0,0,0.0,0,2.750000007267772e-06
aco_current,7,8440,88,22,4,0.0,0.0,0.0,0.0,0.20313307642936707,False,False,0.0,0.0,0.0,[],0.0,0.0,0,0.0,0,2.750000007267772e-06
aco_current,7,8441,88,22,1,10.0,140.0,150.0,0.75,0.9872149229049683,False,False,0.0,150.0,0.0,[],0.0,0.0,0,0.0,0,2.1249999946348908e-06
aco_current,7,8441,88,22,2,0.0,0.0,0.0,0.0,0.09907747060060501,False,False,0.0,0.0,0.0,[],0.0,0.0,0,0.0,0,2.1249999946348908e-06
aco_current,7,8441,88,22,3,0.0,0.0,0.0,0.0,0.43936213850975037,False,False,0.0,0.0,0.0,[],0.0,0.0,0,0.0,0,2.1249999946348908e-06
aco_current,7,8441,88,22,4,0.0,0.0,0.0,0.0,0.20313307642936707,False,False,0.0,0.0,0.0,[],0.0,0.0,0,0.0,0,2.1249999946348908e-06
aco_current,7,8442,88,22,1,10.0,150.0,160.0,0.8,0.9978612065315247,True,True,30.0,130.0,0.0,[1],10.0,10.0,1,10.0,0,0.009833916999994585
aco_current,7,8442,88,22,2,0.0,0.0,0.0,0.0,0.09907747060060501,False,False,0.0,0.0,0.0,[],10.0,10.0,1,10.0,0,0.009833916999994585
aco_current,7,8442,88,22,3,0.0,0.0,0.0,0.0,0.43936213850975037,False,False,0.0,0.0,0.0,[],10.0,10.0,1,10.0,0,0.009833916999994585
aco_current,7,8442,88,22,4,0.0,0.0,0.0,0.0,0.20313307642936707,False,False,0.0,0.0,0.0,[],10.0,10.0,1,10.0,0,0.009833916999994585
aco_current,7,8443,88,22,1,10.0,130.0,140.0,0.7,0.963712215423584,False,False,0.0,140.0,0.0,[],0.0,0.0,0,0.0,0,3.2500000060053935e-06
aco_current,7,8443,88,22,2,0.0,0.0,0.0,0.0,0.09907747060060501,False,False,0.0,0.0,0.0,[],0.0,0.0,0,0.0,0,3.2500000060053935e-06
aco_current,7,8443,88,22,3,0.0,0.0,0.0,0.0,0.43936213850975037,False,False,0.0,0.0,0.0,[],0.0,0.0,0,0.0,0,3.2500000060053935e-06
aco_current,7,8443,88,22,4,0.0,0.0,0.0,0.0,0.20313307642936707,False,False,0.0,0.0,0.0,[],0.0,0.0,0,0.0,0,3.2500000060053935e-06
aco_current,7,8444,88,23,1,10.0,140.0,150.0,0.75,0.9872149229049683,False,False,0.0,150.0,0.0,[],0.0,0.0,0,0.0,0,2.1670000052154137e-06
aco_current,7,8444,88,23,2,0.0,0.0,0.0,0.0,0.09907747060060501,False,False,0.0,0.0,0.0,[],0.0,0.0,0,0.0,0,2.1670000052154137e-06
aco_current,7,8444,88,23,3,0.0,0.0,0.0,0.0,0.43936213850975037,False,False,0.0,0.0,0.0,[],0.0,0.0,0,0.0,0,2.1670000052154137e-06
aco_current,7,8444,88,23,4,0.0,0.0,0.0,0.0,0.20313307642936707,False,False,0.0,0.0,0.0,[],0.0,0.0,0,0.0,0,2.1670000052154137e-06
aco_current,7,8445,88,23,1,10.0,150.0,160.0,0.8,0.9978612065315247,True,True,30.0,130.0,0.0,[1],10.0,10.0,1,10.0,0,0.00977770800000144
aco_current,7,8445,88,23,2,0.0,0.0,0.0,0.0,0.09907747060060501,False,False,0.0,0.0,0.0,[],10.0,10.0,1,10.0,0,0.00977770800000144
aco_current,7,8445,88,23,3,0.0,0.0,0.0,0.0,0.43936213850975037,False,False,0.0,0.0,0.0,[],10.0,10.0,1,10.0,0,0.00977770800000144
aco_current,7,8445,88,23,4,0.0,0.0,0.0,0.0,0.20313307642936707,False,False,0.0,0.0,0.0,[],10.0,10.0,1,10.0,0,0.00977770800000144
aco_current,7,8446,88,23,1,10.0,130.0,140.0,0.7,0.963712215423584,False,False,0.0,140.0,0.0,[],0.0,0.0,0,0.0,0,2.9159999996863917e-06
aco_current,7,8446,88,23,2,0.0,0.0,0.0,0.0,0.09907747060060501,False,False,0.0,0.0,0.0,[],0.0,0.0,0,0.0,0,2.9159999996863917e-06
aco_current,7,8446,88,23,3,0.0,0.0,0.0,0.0,0.43936213850975037,False,False,0.0,0.0,0.0,[],0.0,0.0,0,0.0,0,2.9159999996863917e-06
aco_current,7,8446,88,23,4,0.0,0.0,0.0,0.0,0.20313307642936707,False,False,0.0,0.0,0.0,[],0.0,0.0,0,0.0,0,2.9159999996863917e-06
aco_current,7,8447,88,23,1,10.0,140.0,150.0,0.75,0.9872149229049683,False,False,0.0,150.0,0.0,[],0.0,0.0,0,0.0,0,2.1249999946348908e-06
aco_current,7,8447,88,23,2,0.0,0.0,0.0,0.0,0.09907747060060501,False,False,0.0,0.0,0.0,[],0.0,0.0,0,0.0,0,2.1249999946348908e-06
aco_current,7,8447,88,23,3,0.0,0.0,0.0,0.0,0.43936213850975037,False,False,0.0,0.0,0.0,[],0.0,0.0,0,0.0,0,2.1249999946348908e-06
aco_current,7,8447,88,23,4,0.0,0.0,0.0,0.0,0.20313307642936707,False,False,0.0,0.0,0.0,[],0.0,0.0,0,0.0,0,2.1249999946348908e-06
aco_current,7,8448,89,0,1,37.0,150.0,187.0,0.935,1.0,True,True,30.0,157.0,0.0,[1],10.0,10.0,1,10.0,0,0.009921083000008935
aco_current,7,8448,89,0,2,0.0,0.0,0.0,0.0,0.09907747060060501,False,False,0.0,0.0,0.0,[],10.0,10.0,1,10.0,0,0.009921083000008935
aco_current,7,8448,89,0,3,0.0,0.0,0.0,0.0,0.43936213850975037,False,False,0.0,0.0,0.0,[],10.0,10.0,1,10.0,0,0.009921083000008935
aco_current,7,8448,89,0,4,0.0,0.0,0.0,0.0,0.20313307642936707,False,False,0.0,0.0,0.0,[],10.0,10.0,1,10.0,0,0.009921083000008935
aco_current,7,8449,89,0,1,43.0,157.0,200.0,1.0,1.0,True,True,30.0,170.0,0.0,[1],10.0,10.0,1,10.0,0,0.009953000000010093
aco_current,7,8449,89,0,2,0.0,0.0,0.0,0.0,0.09907747060060501,False,False,0.0,0.0,0.0,[],10.0,10.0,1,10.0,0,0.009953000000010093
aco_current,7,8449,89,0,3,0.0,0.0,0.0,0.0,0.43936213850975037,False,False,0.0,0.0,0.0,[],10.0,10.0,1,10.0,0,0.009953000000010093
aco_current,7,8449,89,0,4,0.0,0.0,0.0,0.0,0.20313307642936707,False,False,0.0,0.0,0.0,[],10.0,10.0,1,10.0,0,0.009953000000010093
aco_current,7,8450,89,0,1,52.0,170.0,222.0,1.11,1.0,True,True,30.0,192.0,0.0,[1],10.0,10.0,1,10.0,0,0.009713083000008282
aco_current,7,8450,89,0,2,0.0,0.0,0.0,0.0,0.09907747060060501,False,False,0.0,0.0,0.0,[],10.0,10.0,1,10.0,0,0.009713083000008282
aco_current,7,8450,89,0,3,0.0,0.0,0.0,0.0,0.43936213850975037,False,False,0.0,0.0,0.0,[],10.0,10.0,1,10.0,0,0.009713083000008282
aco_current,7,8450,89,0,4,0.0,0.0,0.0,0.0,0.20313307642936707,False,False,0.0,0.0,0.0,[],10.0,10.0,1,10.0,0,0.009713083000008282
aco_current,7,8451,89,0,1,50.0,192.0,242.0,1.21,1.0,True,True,30.0,200.0,12.0,[1],10.0,10.0,1,10.0,0,0.009827958999991893
aco_current,7,8451,89,0,2,0.0,0.0,0.0,0.0,0.09907747060060501,False,False,0.0,0.0,0.0,[],10.0,10.0,1,10.0,0,0.009827958999991893
aco_current,7,8451,89,0,3,0.0,0.0,0.0,0.0,0.43936213850975037,False,False,0.0,0.0,0.0,[],10.0,10.0,1,10.0,0,0.009827958999991893
aco_current,7,8451,89,0,4,0.0,0.0,0.0,0.0,0.20313307642936707,False,False,0.0,0.0,0.0,[],10.0,10.0,1,10.0,0,0.009827958999991893
aco_current,7,8452,89,1,1,50.0,200.0,250.0,1.25,1.0,True,True,30.0,200.0,20.0,[1],10.0,10.0,1,10.0,0,0.009884499999998297
aco_current,7,8452,89,1,2,0.0,0.0,0.0,0.0,0.09907747060060501,False,False,0.0,0.0,0.0,[],10.0,10.0,1,10.0,0,0.009884499999998297
aco_current,7,8452,89,1,3,0.0,0.0,0.0,0.0,0.43936213850975037,False,False,0.0,0.0,0.0,[],10.0,10.0,1,10.0,0,0.009884499999998297
aco_current,7,8452,89,1,4,0.0,0.0,0.0,0.0,0.20313307642936707,False,False,0.0,0.0,0.0,[],10.0,10.0,1,10.0,0,0.009884499999998297
aco_current,7,8453,89,1,1,38.0,200.0,238.0,1.19,1.0,True,True,30.0,200.0,8.0,[1],10.0,10.0,1,10.0,0,0.010146042000002353
aco_current,7,8453,89,1,2,0.0,0.0,0.0,0.0,0.09907747060060501,False,False,0.0,0.0,0.0,[],10.0,10.0,1,10.0,0,0.010146042000002353
aco_current,7,8453,89,1,3,0.0,0.0,0.0,0.0,0.43936213850975037,False,False,0.0,0.0,0.0,[],10.0,10.0,1,10.0,0,0.010146042000002353
aco_current,7,8453,89,1,4,0.0,0.0,0.0,0.0,0.20313307642936707,False,False,0.0,0.0,0.0,[],10.0,10.0,1,10.0,0,0.010146042000002353
aco_current,7,8454,89,1,1,36.0,200.0,236.0,1.18,1.0,True,True,30.0,200.0,6.0,[1],10.0,10.0,1,10.0,0,0.009635625000001369
aco_current,7,8454,89,1,2,0.0,0.0,0.0,0.0,0.09907747060060501,False,False,0.0,0.0,0.0,[],10.0,10.0,1,10.0,0,0.009635625000001369
aco_current,7,8454,89,1,3,0.0,0.0,0.0,0.0,0.43936213850975037,False,False,0.0,0.0,0.0,[],10.0,10.0,1,10.0,0,0.009635625000001369
aco_current,7,8454,89,1,4,0.0,0.0,0.0,0.0,0.20313307642936707,False,False,0.0,0.0,0.0,[],10.0,10.0,1,10.0,0,0.009635625000001369
aco_current,7,8455,89,1,1,43.0,200.0,243.0,1.215,1.0,True,True,30.0,200.0,13.0,[1],10.0,10.0,1,10.0,0,0.009859250000005204
aco_current,7,8455,89,1,2,0.0,0.0,0.0,0.0,0.09907747060060501,False,False,0.0,0.0,0.0,[],10.0,10.0,1,10.0,0,0.009859250000005204
aco_current,7,8455,89,1,3,0.0,0.0,0.0,0.0,0.43936213850975037,False,False,0.0,0.0,0.0,[],10.0,10.0,1,10.0,0,0.009859250000005204
aco_current,7,8455,89,1,4,0.0,0.0,0.0,0.0,0.20313307642936707,False,False,0.0,0.0,0.0,[],10.0,10.0,1,10.0,0,0.009859250000005204
aco_current,7,8456,89,2,1,47.0,200.0,247.0,1.235,1.0,True,True,30.0,200.0,17.0,[1],10.0,10.0,1,10.0,0,0.009703874999999584
aco_current,7,8456,89,2,2,0.0,0.0,0.0,0.0,0.09907747060060501,False,False,0.0,0.0,0.0,[],10.0,10.0,1,10.0,0,0.009703874999999584
aco_current,7,8456,89,2,3,0.0,0.0,0.0,0.0,0.43936213850975037,False,False,0.0,0.0,0.0,[],10.0,10.0,1,10.0,0,0.009703874999999584
aco_current,7,8456,89,2,4,0.0,0.0,0.0,0.0,0.20313307642936707,False,False,0.0,0.0,0.0,[],10.0,10.0,1,10.0,0,0.009703874999999584
aco_current,7,8457,89,2,1,46.0,200.0,246.0,1.23,1.0,True,True,30.0,200.0,16.0,[1],10.0,10.0,1,10.0,0,0.009648790999989387
aco_current,7,8457,89,2,2,0.0,0.0,0.0,0.0,0.09907747060060501,False,False,0.0,0.0,0.0,[],10.0,10.0,1,10.0,0,0.009648790999989387
aco_current,7,8457,89,2,3,0.0,0.0,0.0,0.0,0.43936213850975037,False,False,0.0,0.0,0.0,[],10.0,10.0,1,10.0,0,0.009648790999989387
aco_current,7,8457,89,2,4,0.0,0.0,0.0,0.0,0.20313307642936707,False,False,0.0,0.0,0.0,[],10.0,10.0,1,10.0,0,0.009648790999989387
aco_current,7,8458,89,2,1,53.0,200.0,253.0,1.265,1.0,True,True,30.0,200.0,23.0,[1],10.0,10.0,1,10.0,0,0.009848458000007554
aco_current,7,8458,89,2,2,0.0,0.0,0.0,0.0,0.09907747060060501,False,False,0.0,0.0,0.0,[],10.0,10.0,1,10.0,0,0.009848458000007554
aco_current,7,8458,89,2,3,0.0,0.0,0.0,0.0,0.43936213850975037,False,False,0.0,0.0,0.0,[],10.0,10.0,1,10.0,0,0.009848458000007554
aco_current,7,8458,89,2,4,0.0,0.0,0.0,0.0,0.20313307642936707,False,False,0.0,0.0,0.0,[],10.0,10.0,1,10.0,0,0.009848458000007554
aco_current,7,8459,89,2,1,60.0,200.0,260.0,1.3,1.0,True,True,30.0,200.0,30.0,[1],10.0,10.0,1,10.0,0,0.009650499999992235
aco_current,7,8459,89,2,2,0.0,0.0,0.0,0.0,0.09907747060060501,False,False,0.0,0.0,0.0,[],10.0,10.0,1,10.0,0,0.009650499999992235
aco_current,7,8459,89,2,3,0.0,0.0,0.0,0.0,0.43936213850975037,False,False,0.0,0.0,0.0,[],10.0,10.0,1,10.0,0,0.009650499999992235
aco_current,7,8459,89,2,4,0.0,0.0,0.0,0.0,0.20313307642936707,False,False,0.0,0.0,0.0,[],10.0,10.0,1,10.0,0,0.009650499999992235
aco_current,7,8460,89,3,1,52.0,200.0,252.0,1.26,1.0,True,True,30.0,200.0,22.0,[1],10.0,10.0,1,10.0,0,0.010196791000012695
aco_current,7,8460,89,3,2,0.0,0.0,0.0,0.0,0.09907747060060501,False,False,0.0,0.0,0.0,[],10.0,10.0,1,10.0,0,0.010196791000012695
aco_current,7,8460,89,3,3,0.0,0.0,0.0,0.0,0.43936213850975037,False,False,0.0,0.0,0.0,[],10.0,10.0,1,10.0,0,0.010196791000012695
aco_current,7,8460,89,3,4,0.0,0.0,0.0,0.0,0.20313307642936707,False,False,0.0,0.0,0.0,[],10.0,10.0,1,10.0,0,0.010196791000012695
aco_current,7,8461,89,3,1,61.0,200.0,261.0,1.305,1.0,True,True,30.0,200.0,31.0,[1],10.0,10.0,1,10.0,0,0.00966024999999604
aco_current,7,8461,89,3,2,0.0,0.0,0.0,0.0,0.09907747060060501,False,False,0.0,0.0,0.0,[],10.0,10.0,1,10.0,0,0.00966024999999604
aco_current,7,8461,89,3,3,0.0,0.0,0.0,0.0,0.43936213850975037,False,False,0.0,0.0,0.0,[],10.0,10.0,1,10.0,0,0.00966024999999604
aco_current,7,8461,89,3,4,0.0,0.0,0.0,0.0,0.20313307642936707,False,False,0.0,0.0,0.0,[],10.0,10.0,1,10.0,0,0.00966024999999604
aco_current,7,8462,89,3,1,64.0,200.0,264.0,1.32,1.0,True,True,30.0,200.0,34.0,[1],10.0,10.0,1,10.0,0,0.00982754199999647
aco_current,7,8462,89,3,2,0.0,0.0,0.0,0.0,0.09907747060060501,False,False,0.0,0.0,0.0,[],10.0,10.0,1,10.0,0,0.00982754199999647
aco_current,7,8462,89,3,3,0.0,0.0,0.0,0.0,0.43936213850975037,False,False,0.0,0.0,0.0,[],10.0,10.0,1,10.0,0,0.00982754199999647
aco_current,7,8462,89,3,4,0.0,0.0,0.0,0.0,0.20313307642936707,False,False,0.0,0.0,0.0,[],10.0,10.0,1,10.0,0,0.00982754199999647
aco_current,7,8463,89,3,1,76.0,200.0,276.0,1.38,1.0,True,True,30.0,200.0,46.0,[1],10.0,10.0,1,10.0,0,0.009642417000009118
aco_current,7,8463,89,3,2,0.0,0.0,0.0,0.0,0.09907747060060501,False,False,0.0,0.0,0.0,[],10.0,10.0,1,10.0,0,0.009642417000009118
aco_current,7,8463,89,3,3,0.0,0.0,0.0,0.0,0.43936213850975037,False,False,0.0,0.0,0.0,[],10.0,10.0,1,10.0,0,0.009642417000009118
aco_current,7,8463,89,3,4,0.0,0.0,0.0,0.0,0.20313307642936707,False,False,0.0,0.0,0.0,[],10.0,10.0,1,10.0,0,0.009642417000009118
aco_current,7,8464,89,4,1,81.0,200.0,281.0,1.405,1.0,True,True,30.0,200.0,51.0,[1],10.0,10.0,1,10.0,0,0.009856999999996674
aco_current,7,8464,89,4,2,0.0,0.0,0.0,0.0,0.09907747060060501,False,False,0.0,0.0,0.0,[],10.0,10.0,1,10.0,0,0.009856999999996674
aco_current,7,8464,89,4,3,0.0,0.0,0.0,0.0,0.43936213850975037,False,False,0.0,0.0,0.0,[],10.0,10.0,1,10.0,0,0.009856999999996674
aco_current,7,8464,89,4,4,0.0,0.0,0.0,0.0,0.20313307642936707,False,False,0.0,0.0,0.0,[],10.0,10.0,1,10.0,0,0.009856999999996674
aco_current,7,8465,89,4,1,87.0,200.0,287.0,1.435,1.0,True,True,30.0,200.0,57.0,[1],10.0,10.0,1,10.0,0,0.009887500000004934
aco_current,7,8465,89,4,2,0.0,0.0,0.0,0.0,0.09907747060060501,False,False,0.0,0.0,0.0,[],10.0,10.0,1,10.0,0,0.009887500000004934
aco_current,7,8465,89,4,3,0.0,0.0,0.0,0.0,0.43936213850975037,False,False,0.0,0.0,0.0,[],10.0,10.0,1,10.0,0,0.009887500000004934
aco_current,7,8465,89,4,4,0.0,0.0,0.0,0.0,0.20313307642936707,False,False,0.0,0.0,0.0,[],10.0,10.0,1,10.0,0,0.009887500000004934
aco_current,7,8466,89,4,1,83.0,200.0,283.0,1.415,1.0,True,True,30.0,200.0,53.0,[1],10.0,10.0,1,10.0,0,0.009945458000004237
aco_current,7,8466,89,4,2,0.0,0.0,0.0,0.0,0.09907747060060501,False,False,0.0,0.0,0.0,[],10.0,10.0,1,10.0,0,0.009945458000004237
aco_current,7,8466,89,4,3,0.0,0.0,0.0,0.0,0.43936213850975037,False,False,0.0,0.0,0.0,[],10.0,10.0,1,10.0,0,0.009945458000004237
aco_current,7,8466,89,4,4,0.0,0.0,0.0,0.0,0.20313307642936707,False,False,0.0,0.0,0.0,[],10.0,10.0,1,10.0,0,0.009945458000004237
aco_current,7,8467,89,4,1,75.0,200.0,275.0,1.375,1.0,True,True,30.0,200.0,45.0,[1],10.0,10.0,1,10.0,0,0.00968941699998993
aco_current,7,8467,89,4,2,0.0,0.0,0.0,0.0,0.09907747060060501,False,False,0.0,0.0,0.0,[],10.0,10.0,1,10.0,0,0.00968941699998993
aco_current,7,8467,89,4,3,0.0,0.0,0.0,0.0,0.43936213850975037,False,False,0.0,0.0,0.0,[],10.0,10.0,1,10.0,0,0.00968941699998993
aco_current,7,8467,89,4,4,0.0,0.0,0.0,0.0,0.20313307642936707,False,False,0.0,0.0,0.0,[],10.0,10.0,1,10.0,0,0.00968941699998993
aco_current,7,8468,89,5,1,72.0,200.0,272.0,1.36,1.0,True,True,30.0,200.0,42.0,[1],10.0,10.0,1,10.0,0,0.009719582999991871
aco_current,7,8468,89,5,2,0.0,0.0,0.0,0.0,0.09907747060060501,False,False,0.0,0.0,0.0,[],10.0,10.0,1,10.0,0,0.009719582999991871
aco_current,7,8468,89,5,3,0.0,0.0,0.0,0.0,0.43936213850975037,False,False,0.0,0.0,0.0,[],10.0,10.0,1,10.0,0,0.009719582999991871
aco_current,7,8468,89,5,4,0.0,0.0,0.0,0.0,0.20313307642936707,False,False,0.0,0.0,0.0,[],10.0,10.0,1,10.0,0,0.009719582999991871
aco_current,7,8469,89,5,1,60.0,200.0,260.0,1.3,1.0,True,True,30.0,200.0,30.0,[1],10.0,10.0,1,10.0,0,0.00982099999998809
aco_current,7,8469,89,5,2,0.0,0.0,0.0,0.0,0.09907747060060501,False,False,0.0,0.0,0.0,[],10.0,10.0,1,10.0,0,0.00982099999998809
aco_current,7,8469,89,5,3,0.0,0.0,0.0,0.0,0.43936213850975037,False,False,0.0,0.0,0.0,[],10.0,10.0,1,10.0,0,0.00982099999998809
aco_current,7,8469,89,5,4,0.0,0.0,0.0,0.0,0.20313307642936707,False,False,0.0,0.0,0.0,[],10.0,10.0,1,10.0,0,0.00982099999998809
aco_current,7,8470,89,5,1,55.0,200.0,255.0,1.275,1.0,True,True,30.0,200.0,25.0,[1],10.0,10.0,1,10.0,0,0.009791917000001149
aco_current,7,8470,89,5,2,0.0,0.0,0.0,0.0,0.09907747060060501,False,False,0.0,0.0,0.0,[],10.0,10.0,1,10.0,0,0.009791917000001149
aco_current,7,8470,89,5,3,0.0,0.0,0.0,0.0,0.43936213850975037,False,False,0.0,0.0,0.0,[],10.0,10.0,1,10.0,0,0.009791917000001149
aco_current,7,8470,89,5,4,0.0,0.0,0.0,0.0,0.20313307642936707,False,False,0.0,0.0,0.0,[],10.0,10.0,1,10.0,0,0.009791917000001149
aco_current,7,8471,89,5,1,48.0,200.0,248.0,1.24,1.0,True,True,30.0,200.0,18.0,[1],10.0,10.0,1,10.0,0,0.009601416999998946
aco_current,7,8471,89,5,2,0.0,0.0,0.0,0.0,0.09907747060060501,False,False,0.0,0.0,0.0,[],10.0,10.0,1,10.0,0,0.009601416999998946
aco_current,7,8471,89,5,3,0.0,0.0,0.0,0.0,0.43936213850975037,False,False,0.0,0.0,0.0,[],10.0,10.0,1,10.0,0,0.009601416999998946
aco_current,7,8471,89,5,4,0.0,0.0,0.0,0.0,0.20313307642936707,False,False,0.0,0.0,0.0,[],10.0,10.0,1,10.0,0,0.009601416999998946
aco_current,7,8472,89,6,1,48.0,200.0,248.0,1.24,1.0,True,True,30.0,200.0,18.0,[1],10.0,10.0,1,10.0,0,0.009831667000000266
aco_current,7,8472,89,6,2,0.0,0.0,0.0,0.0,0.09907747060060501,False,False,0.0,0.0,0.0,[],10.0,10.0,1,10.0,0,0.009831667000000266
aco_current,7,8472,89,6,3,0.0,0.0,0.0,0.0,0.43936213850975037,False,False,0.0,0.0,0.0,[],10.0,10.0,1,10.0,0,0.009831667000000266
aco_current,7,8472,89,6,4,0.0,0.0,0.0,0.0,0.20313307642936707,False,False,0.0,0.0,0.0,[],10.0,10.0,1,10.0,0,0.009831667000000266
aco_current,7,8473,89,6,1,48.0,200.0,248.0,1.24,1.0,True,True,30.0,200.0,18.0,[1],10.0,10.0,1,10.0,0,0.009796749999992471
aco_current,7,8473,89,6,2,0.0,0.0,0.0,0.0,0.09907747060060501,False,False,0.0,0.0,0.0,[],10.0,10.0,1,10.0,0,0.009796749999992471
aco_current,7,8473,89,6,3,0.0,0.0,0.0,0.0,0.43936213850975037,False,False,0.0,0.0,0.0,[],10.0,10.0,1,10.0,0,0.009796749999992471
aco_current,7,8473,89,6,4,0.0,0.0,0.0,0.0,0.20313307642936707,False,False,0.0,0.0,0.0,[],10.0,10.0,1,10.0,0,0.009796749999992471
aco_current,7,8474,89,6,1,34.0,200.0,234.0,1.17,1.0,True,True,30.0,200.0,4.0,[1],10.0,10.0,1,10.0,0,0.009790124999994987
aco_current,7,8474,89,6,2,0.0,0.0,0.0,0.0,0.09907747060060501,False,False,0.0,0.0,0.0,[],10.0,10.0,1,10.0,0,0.009790124999994987
aco_current,7,8474,89,6,3,0.0,0.0,0.0,0.0,0.43936213850975037,False,False,0.0,0.0,0.0,[],10.0,10.0,1,10.0,0,0.009790124999994987
aco_current,7,8474,89,6,4,0.0,0.0,0.0,0.0,0.20313307642936707,False,False,0.0,0.0,0.0,[],10.0,10.0,1,10.0,0,0.009790124999994987
aco_current,7,8475,89,6,1,30.0,200.0,230.0,1.15,1.0,True,True,30.0,200.0,0.0,[1],10.0,10.0,1,10.0,0,0.009840083000000277
aco_current,7,8475,89,6,2,0.0,0.0,0.0,0.0,0.09907747060060501,False,False,0.0,0.0,0.0,[],10.0,10.0,1,10.0,0,0.009840083000000277
aco_current,7,8475,89,6,3,0.0,0.0,0.0,0.0,0.43936213850975037,False,False,0.0,0.0,0.0,[],10.0,10.0,1,10.0,0,0.009840083000000277
aco_current,7,8475,89,6,4,0.0,0.0,0.0,0.0,0.20313307642936707,False,False,0.0,0.0,0.0,[],10.0,10.0,1,10.0,0,0.009840083000000277
aco_current,7,8476,89,7,1,30.0,200.0,230.0,1.15,1.0,True,True,30.0,200.0,0.0,[1],10.0,10.0,1,10.0,0,0.009645874999989701
aco_current,7,8476,89,7,2,0.0,0.0,0.0,0.0,0.09907747060060501,False,False,0.0,0.0,0.0,[],10.0,10.0,1,10.0,0,0.009645874999989701
aco_current,7,8476,89,7,3,0.0,0.0,0.0,0.0,0.43936213850975037,False,False,0.0,0.0,0.0,[],10.0,10.0,1,10.0,0,0.009645874999989701
aco_current,7,8476,89,7,4,0.0,0.0,0.0,0.0,0.20313307642936707,False,False,0.0,0.0,0.0,[],10.0,10.0,1,10.0,0,0.009645874999989701
aco_current,7,8477,89,7,1,30.0,200.0,230.0,1.15,1.0,True,True,30.0,200.0,0.0,[1],10.0,10.0,1,10.0,0,0.009845583000000602
aco_current,7,8477,89,7,2,0.0,0.0,0.0,0.0,0.09907747060060501,False,False,0.0,0.0,0.0,[],10.0,10.0,1,10.0,0,0.009845583000000602
aco_current,7,8477,89,7,3,0.0,0.0,0.0,0.0,0.43936213850975037,False,False,0.0,0.0,0.0,[],10.0,10.0,1,10.0,0,0.009845583000000602
aco_current,7,8477,89,7,4,0.0,0.0,0.0,0.0,0.20313307642936707,False,False,0.0,0.0,0.0,[],10.0,10.0,1,10.0,0,0.009845583000000602
aco_current,7,8478,89,7,1,30.0,200.0,230.0,1.15,1.0,True,True,30.0,200.0,0.0,[1],10.0,10.0,1,10.0,0,0.009932958000007375
aco_current,7,8478,89,7,2,0.0,0.0,0.0,0.0,0.09907747060060501,False,False,0.0,0.0,0.0,[],10.0,10.0,1,10.0,0,0.009932958000007375
aco_current,7,8478,89,7,3,0.0,0.0,0.0,0.0,0.43936213850975037,False,False,0.0,0.0,0.0,[],10.0,10.0,1,10.0,0,0.009932958000007375
aco_current,7,8478,89,7,4,0.0,0.0,0.0,0.0,0.20313307642936707,False,False,0.0,0.0,0.0,[],10.0,10.0,1,10.0,0,0.009932958000007375
aco_current,7,8479,89,7,1,30.0,200.0,230.0,1.15,1.0,True,True,30.0,200.0,0.0,[1],10.0,10.0,1,10.0,0,0.00974929199999508
aco_current,7,8479,89,7,2,0.0,0.0,0.0,0.0,0.09907747060060501,False,False,0.0,0.0,0.0,[],10.0,10.0,1,10.0,0,0.00974929199999508
aco_current,7,8479,89,7,3,0.0,0.0,0.0,0.0,0.43936213850975037,False,False,0.0,0.0,0.0,[],10.0,10.0,1,10.0,0,0.00974929199999508
aco_current,7,8479,89,7,4,0.0,0.0,0.0,0.0,0.20313307642936707,False,False,0.0,0.0,0.0,[],10.0,10.0,1,10.0,0,0.00974929199999508
aco_current,7,8480,89,8,1,30.0,200.0,230.0,1.15,1.0,True,True,30.0,200.0,0.0,[1],10.0,10.0,1,10.0,0,0.009827832999988573
aco_current,7,8480,89,8,2,0.0,0.0,0.0,0.0,0.09907747060060501,False,False,0.0,0.0,0.0,[],10.0,10.0,1,10.0,0,0.009827832999988573
aco_current,7,8480,89,8,3,0.0,0.0,0.0,0.0,0.43936213850975037,False,False,0.0,0.0,0.0,[],10.0,10.0,1,10.0,0,0.009827832999988573
aco_current,7,8480,89,8,4,0.0,0.0,0.0,0.0,0.20313307642936707,False,False,0.0,0.0,0.0,[],10.0,10.0,1,10.0,0,0.009827832999988573
aco_current,7,8481,89,8,1,30.0,200.0,230.0,1.15,1.0,True,True,30.0,200.0,0.0,[1],10.0,10.0,1,10.0,0,0.009781165999996233
aco_current,7,8481,89,8,2,0.0,0.0,0.0,0.0,0.09907747060060501,False,False,0.0,0.0,0.0,[],10.0,10.0,1,10.0,0,0.009781165999996233
aco_current,7,8481,89,8,3,0.0,0.0,0.0,0.0,0.43936213850975037,False,False,0.0,0.0,0.0,[],10.0,10.0,1,10.0,0,0.009781165999996233
aco_current,7,8481,89,8,4,0.0,0.0,0.0,0.0,0.20313307642936707,False,False,0.0,0.0,0.0,[],10.0,10.0,1,10.0,0,0.009781165999996233
aco_current,7,8482,89,8,1,30.0,200.0,230.0,1.15,1.0,True,True,30.0,200.0,0.0,[1],10.0,10.0,1,10.0,0,0.00982437500000799
aco_current,7,8482,89,8,2,0.0,0.0,0.0,0.0,0.09907747060060501,False,False,0.0,0.0,0.0,[],10.0,10.0,1,10.0,0,0.00982437500000799
aco_current,7,8482,89,8,3,0.0,0.0,0.0,0.0,0.43936213850975037,False,False,0.0,0.0,0.0,[],10.0,10.0,1,10.0,0,0.00982437500000799
aco_current,7,8482,89,8,4,0.0,0.0,0.0,0.0,0.20313307642936707,False,False,0.0,0.0,0.0,[],10.0,10.0,1,10.0,0,0.00982437500000799
aco_current,7,8483,89,8,1,30.0,200.0,230.0,1.15,1.0,True,True,30.0,200.0,0.0,[1],10.0,10.0,1,10.0,0,0.009687749999997664
aco_current,7,8483,89,8,2,0.0,0.0,0.0,0.0,0.09907747060060501,False,False,0.0,0.0,0.0,[],10.0,10.0,1,10.0,0,0.009687749999997664
aco_current,7,8483,89,8,3,0.0,0.0,0.0,0.0,0.43936213850975037,False,False,0.0,0.0,0.0,[],10.0,10.0,1,10.0,0,0.009687749999997664
aco_current,7,8483,89,8,4,0.0,0.0,0.0,0.0,0.20313307642936707,False,False,0.0,0.0,0.0,[],10.0,10.0,1,10.0,0,0.009687749999997664
aco_current,7,8484,89,9,1,21.0,200.0,221.0,1.105,1.0,True,True,30.0,191.0,0.0,[1],10.0,10.0,1,10.0,0,0.009568459000007579
aco_current,7,8484,89,9,2,0.0,0.0,0.0,0.0,0.09907747060060501,False,False,0.0,0.0,0.0,[],10.0,10.0,1,10.0,0,0.009568459000007579
aco_current,7,8484,89,9,3,0.0,0.0,0.0,0.0,0.43936213850975037,False,False,0.0,0.0,0.0,[],10.0,10.0,1,10.0,0,0.009568459000007579
aco_current,7,8484,89,9,4,0.0,0.0,0.0,0.0,0.20313307642936707,False,False,0.0,0.0,0.0,[],10.0,10.0,1,10.0,0,0.009568459000007579
aco_current,7,8485,89,9,1,19.0,191.0,210.0,1.05,1.0,True,True,30.0,180.0,0.0,[1],10.0,10.0,1,10.0,0,0.009732583000001682
aco_current,7,8485,89,9,2,0.0,0.0,0.0,0.0,0.09907747060060501,False,False,0.0,0.0,0.0,[],10.0,10.0,1,10.0,0,0.009732583000001682
aco_current,7,8485,89,9,3,0.0,0.0,0.0,0.0,0.43936213850975037,False,False,0.0,0.0,0.0,[],10.0,10.0,1,10.0,0,0.009732583000001682
aco_current,7,8485,89,9,4,0.0,0.0,0.0,0.0,0.20313307642936707,False,False,0.0,0.0,0.0,[],10.0,10.0,1,10.0,0,0.009732583000001682
aco_current,7,8486,89,9,1,20.0,180.0,200.0,1.0,1.0,True,True,30.0,170.0,0.0,[1],10.0,10.0,1,10.0,0,0.009674834000009014
aco_current,7,8486,89,9,2,0.0,0.0,0.0,0.0,0.09907747060060501,False,False,0.0,0.0,0.0,[],10.0,10.0,1,10.0,0,0.009674834000009014
aco_current,7,8486,89,9,3,0.0,0.0,0.0,0.0,0.43936213850975037,False,False,0.0,0.0,0.0,[],10.0,10.0,1,10.0,0,0.009674834000009014
aco_current,7,8486,89,9,4,0.0,0.0,0.0,0.0,0.20313307642936707,False,False,0.0,0.0,0.0,[],10.0,10.0,1,10.0,0,0.009674834000009014
aco_current,7,8487,89,9,1,19.0,170.0,189.0,0.945,1.0,True,True,30.0,159.0,0.0,[1],10.0,10.0,1,10.0,0,0.009655624999993506
aco_current,7,8487,89,9,2,0.0,0.0,0.0,0.0,0.09907747060060501,False,False,0.0,0.0,0.0,[],10.0,10.0,1,10.0,0,0.009655624999993506
aco_current,7,8487,89,9,3,0.0,0.0,0.0,0.0,0.43936213850975037,False,False,0.0,0.0,0.0,[],10.0,10.0,1,10.0,0,0.009655624999993506
aco_current,7,8487,89,9,4,0.0,0.0,0.0,0.0,0.20313307642936707,False,False,0.0,0.0,0.0,[],10.0,10.0,1,10.0,0,0.009655624999993506
aco_current,7,8488,89,10,1,15.0,159.0,174.0,0.87,0.9999914169311523,True,True,30.0,144.0,0.0,[1],10.0,10.0,1,10.0,0,0.009663500000002045
aco_current,7,8488,89,10,2,0.0,0.0,0.0,0.0,0.09907747060060501,False,False,0.0,0.0,0.0,[],10.0,10.0,1,10.0,0,0.009663500000002045
aco_current,7,8488,89,10,3,0.0,0.0,0.0,0.0,0.43936213850975037,False,False,0.0,0.0,0.0,[],10.0,10.0,1,10.0,0,0.009663500000002045
aco_current,7,8488,89,10,4,0.0,0.0,0.0,0.0,0.20313307642936707,False,False,0.0,0.0,0.0,[],10.0,10.0,1,10.0,0,0.009663500000002045
aco_current,7,8489,89,10,1,9.0,144.0,153.0,0.765,0.9849361777305603,False,False,0.0,153.0,0.0,[],0.0,0.0,0,0.0,0,3.1659999990552024e-06
aco_current,7,8489,89,10,2,0.0,0.0,0.0,0.0,0.09907747060060501,False,False,0.0,0.0,0.0,[],0.0,0.0,0,0.0,0,3.1659999990552024e-06
aco_current,7,8489,89,10,3,0.0,0.0,0.0,0.0,0.43936213850975037,False,False,0.0,0.0,0.0,[],0.0,0.0,0,0.0,0,3.1659999990552024e-06
aco_current,7,8489,89,10,4,0.0,0.0,0.0,0.0,0.20313307642936707,False,False,0.0,0.0,0.0,[],0.0,0.0,0,0.0,0,3.1659999990552024e-06
aco_current,7,8490,89,10,1,8.0,153.0,161.0,0.805,0.9963662624359131,True,True,30.0,131.0,0.0,[1],10.0,10.0,1,10.0,0,0.009653584000005822
aco_current,7,8490,89,10,2,0.0,0.0,0.0,0.0,0.09907747060060501,False,False,0.0,0.0,0.0,[],10.0,10.0,1,10.0,0,0.009653584000005822
aco_current,7,8490,89,10,3,0.0,0.0,0.0,0.0,0.43936213850975037,False,False,0.0,0.0,0.0,[],10.0,10.0,1,10.0,0,0.009653584000005822
aco_current,7,8490,89,10,4,0.0,0.0,0.0,0.0,0.20313307642936707,False,False,0.0,0.0,0.0,[],10.0,10.0,1,10.0,0,0.009653584000005822
