policy,seed,time_bin,day,hour,dock,arrivals,queue_before,available_before_pickup,fill_ratio,risk_probability,active,visited,amount_picked,queue_after,overflow,serving_drone_ids,total_energy_interval,total_distance_interval,sorties_interval,objective_value,constraint_violations,algorithm_runtime_seconds
mlp_aco,10,7104,75,0,1,38.0,0.0,38.0,0.19,0.9994148015975952,True,True,30.0,8.0,0.0,[1],10.0,10.0,1,10.0,0,0.009255166000002646
mlp_aco,10,7104,75,0,2,0.0,0.0,0.0,0.0,0.09907747060060501,False,False,0.0,0.0,0.0,[],10.0,10.0,1,10.0,0,0.009255166000002646
mlp_aco,10,7104,75,0,3,0.0,0.0,0.0,0.0,0.43936213850975037,False,False,0.0,0.0,0.0,[],10.0,10.0,1,10.0,0,0.009255166000002646
mlp_aco,10,7104,75,0,4,0.0,0.0,0.0,0.0,0.20313307642936707,False,False,0.0,0.0,0.0,[],10.0,10.0,1,10.0,0,0.009255166000002646
mlp_aco,10,7105,75,0,1,39.0,8.0,47.0,0.235,0.9990956783294678,True,True,30.0,17.0,0.0,[1],10.0,10.0,1,10.0,0,0.009152457999988428
mlp_aco,10,7105,75,0,2,0.0,0.0,0.0,0.0,0.09907747060060501,False,False,0.0,0.0,0.0,[],10.0,10.0,1,10.0,0,0.009152457999988428
mlp_aco,10,7105,75,0,3,0.0,0.0,0.0,0.0,0.43936213850975037,False,False,0.0,0.0,0.0,[],10.0,10.0,1,10.0,0,0.009152457999988428
mlp_aco,10,7105,75,0,4,0.0,0.0,0.0,0.0,0.20313307642936707,False,False,0.0,0.0,0.0,[],10.0,10.0,1,10.0,0,0.009152457999988428
mlp_aco,10,7106,75,0,1,40.0,17.0,57.0,0.285,0.9992998242378235,True,True,30.0,27.0,0.0,[1],10.0,10.0,1,10.0,0,0.008906416999991507
mlp_aco,10,7106,75,0,2,0.0,0.0,0.0,0.0,0.09907747060060501,False,False,0.0,0.0,0.0,[],10.0,10.0,1,10.0,0,0.008906416999991507
mlp_aco,10,7106,75,0,3,0.0,0.0,0.0,0.0,0.43936213850975037,False,False,0.0,0.0,0.0,[],10.0,10.0,1,10.0,0,0.008906416999991507
mlp_aco,10,7106,75,0,4,0.0,0.0,0.0,0.0,0.20313307642936707,False,False,0.0,0.0,0.0,[],10.0,10.0,1,10.0,0,0.008906416999991507
mlp_aco,10,7107,75,0,1,39.0,27.0,66.0,0.33,0.9995886087417603,True,True,30.0,36.0,0.0,[1],10.0,10.0,1,10.0,0,0.008908667000014248
mlp_aco,10,7107,75,0,2,0.0,0.0,0.0,0.0,0.09907747060060501,False,False,0.0,0.0,0.0,[],10.0,10.0,1,10.0,0,0.008908667000014248
mlp_aco,10,7107,75,0,3,0.0,0.0,0.0,0.0,0.43936213850975037,False,False,0.0,0.0,0.0,[],10.0,10.0,1,10.0,0,0.008908667000014248
mlp_aco,10,7107,75,0,4,0.0,0.0,0.0,0.0,0.20313307642936707,False,False,0.0,0.0,0.0,[],10.0,10.0,1,10.0,0,0.008908667000014248
mlp_aco,10,7108,75,1,1,41.0,36.0,77.0,0.385,0.9998730421066284,True,True,30.0,47.0,0.0,[1],10.0,10.0,1,10.0,0,0.008941291000013507
mlp_aco,10,7108,75,1,2,0.0,0.0,0.0,0.0,0.09907747060060501,False,False,0.0,0.0,0.0,[],10.0,10.0,1,10.0,0,0.008941291000013507
mlp_aco,10,7108,75,1,3,0.0,0.0,0.0,0.0,0.43936213850975037,False,False,0.0,0.0,0.0,[],10.0,10.0,1,10.0,0,0.008941291000013507
mlp_aco,10,7108,75,1,4,0.0,0.0,0.0,0.0,0.20313307642936707,False,False,0.0,0.0,0.0,[],10.0,10.0,1,10.0,0,0.008941291000013507
mlp_aco,10,7109,75,1,1,39.0,47.0,86.0,0.43,0.9998651742935181,True,True,30.0,56.0,0.0,[1],10.0,10.0,1,10.0,0,0.008935291999989659
mlp_aco,10,7109,75,1,2,0.0,0.0,0.0,0.0,0.09907747060060501,False,False,0.0,0.0,0.0,[],10.0,10.0,1,10.0,0,0.008935291999989659
mlp_aco,10,7109,75,1,3,0.0,0.0,0.0,0.0,0.43936213850975037,False,False,0.0,0.0,0.0,[],10.0,10.0,1,10.0,0,0.008935291999989659
mlp_aco,10,7109,75,1,4,0.0,0.0,0.0,0.0,0.20313307642936707,False,False,0.0,0.0,0.0,[],10.0,10.0,1,10.0,0,0.008935291999989659
mlp_aco,10,7110,75,1,1,40.0,56.0,96.0,0.48,0.9999480843544006,True,True,30.0,66.0,0.0,[1],10.0,10.0,1,10.0,0,0.008800208999986125
mlp_aco,10,7110,75,1,2,0.0,0.0,0.0,0.0,0.09907747060060501,False,False,0.0,0.0,0.0,[],10.0,10.0,1,10.0,0,0.008800208999986125
mlp_aco,10,7110,75,1,3,0.0,0.0,0.0,0.0,0.43936213850975037,False,False,0.0,0.0,0.0,[],10.0,10.0,1,10.0,0,0.008800208999986125
mlp_aco,10,7110,75,1,4,0.0,0.0,0.0,0.0,0.20313307642936707,False,False,0.0,0.0,0.0,[],10.0,10.0,1,10.0,0,0.008800208999986125
mlp_aco,10,7111,75,1,1,40.0,66.0,106.0,0.53,0.9999730587005615,True,True,30.0,76.0,0.0,[1],10.0,10.0,1,10.0,0,0.008858207999992374
mlp_aco,10,7111,75,1,2,0.0,0.0,0.0,0.0,0.09907747060060501,False,False,0.0,0.0,0.0,[],10.0,10.0,1,10.0,0,0.008858207999992374
mlp_aco,10,7111,75,1,3,0.0,0.0,0.0,0.0,0.43936213850975037,False,False,0.0,0.0,0.0,[],10.0,10.0,1,10.0,0,0.008858207999992374
mlp_aco,10,7111,75,1,4,0.0,0.0,0.0,0.0,0.20313307642936707,False,False,0.0,0.0,0.0,[],10.0,10.0,1,10.0,0,0.008858207999992374
mlp_aco,10,7112,75,2,1,44.0,76.0,120.0,0.6,0.9999971985816956,True,True,30.0,90.0,0.0,[1],10.0,10.0,1,10.0,0,0.008786791999995103
mlp_aco,10,7112,75,2,2,0.0,0.0,0.0,0.0,0.09907747060060501,False,False,0.0,0.0,0.0,[],10.0,10.0,1,10.0,0,0.008786791999995103
mlp_aco,10,7112,75,2,3,0.0,0.0,0.0,0.0,0.43936213850975037,False,False,0.0,0.0,0.0,[],10.0,10.0,1,10.0,0,0.008786791999995103
mlp_aco,10,7112,75,2,4,0.0,0.0,0.0,0.0,0.20313307642936707,False,False,0.0,0.0,0.0,[],10.0,10.0,1,10.0,0,0.008786791999995103
mlp_aco,10,7113,75,2,1,41.0,90.0,131.0,0.655,0.9999976754188538,True,True,30.0,101.0,0.0,[1],10.0,10.0,1,10.0,0,0.008926916000007168
mlp_aco,10,7113,75,2,2,0.0,0.0,0.0,0.0,0.09907747060060501,False,False,0.0,0.0,0.0,[],10.0,10.0,1,10.0,0,0.008926916000007168
mlp_aco,10,7113,75,2,3,0.0,0.0,0.0,0.0,0.43936213850975037,False,False,0.0,0.0,0.0,[],10.0,10.0,1,10.0,0,0.008926916000007168
mlp_aco,10,7113,75,2,4,0.0,0.0,0.0,0.0,0.20313307642936707,False,False,0.0,0.0,0.0,[],10.0,10.0,1,10.0,0,0.008926916000007168
mlp_aco,10,7114,75,2,1,38.0,101.0,139.0,0.695,0.9999974370002747,True,True,30.0,109.0,0.0,[1],10.0,10.0,1,10.0,0,0.008844082999985403
mlp_aco,10,7114,75,2,2,0.0,0.0,0.0,0.0,0.09907747060060501,False,False,0.0,0.0,0.0,[],10.0,10.0,1,10.0,0,0.008844082999985403
mlp_aco,10,7114,75,2,3,0.0,0.0,0.0,0.0,0.43936213850975037,False,False,0.0,0.0,0.0,[],10.0,10.0,1,10.0,0,0.008844082999985403
mlp_aco,10,7114,75,2,4,0.0,0.0,0.0,0.0,0.20313307642936707,False,False,0.0,0.0,0.0,[],10.0,10.0,1,10.0,0,0.008844082999985403
mlp_aco,10,7115,75,2,1,32.0,109.0,141.0,0.705,0.9999841451644897,True,True,30.0,111.0,0.0,[1],10.0,10.0,1,10.0,0,0.008901500000007445
mlp_aco,10,7115,75,2,2,0.0,0.0,0.0,0.0,0.09907747060060501,False,False,0.0,0.0,0.0,[],10.0,10.0,1,10.0,0,0.008901500000007445
mlp_aco,10,7115,75,2,3,0.0,0.0,0.0,0.0,0.43936213850975037,False,False,0.0,0.0,0.0,[],10.0,10.0,1,10.0,0,0.008901500000007445
mlp_aco,10,7115,75,2,4,0.0,0.0,0.0,0.0,0.20313307642936707,False,False,0.0,0.0,0.0,[],10.0,10.0,1,10.0,0,0.008901500000007445
mlp_aco,10,7116,75,3,1,32.0,111.0,143.0,0.715,0.9999863505363464,True,True,30.0,113.0,0.0,[1],10.0,10.0,1,10.0,0,0.00891299999997841
mlp_aco,10,7116,75,3,2,0.0,0.0,0.0,0.0,0.09907747060060501,False,False,0.0,0.0,0.0,[],10.0,10.0,1,10.0,0,0.00891299999997841
mlp_aco,10,7116,75,3,3,0.0,0.0,0.0,0.0,0.43936213850975037,False,False,0.0,0.0,0.0,[],10.0,10.0,1,10.0,0,0.00891299999997841
mlp_aco,10,7116,75,3,4,0.0,0.0,0.0,0.0,0.20313307642936707,False,False,0.0,0.0,0.0,[],10.0,10.0,1,10.0,0,0.00891299999997841
mlp_aco,10,7117,75,3,1,33.0,113.0,146.0,0.73,0.9999932646751404,True,True,30.0,116.0,0.0,[1],10.0,10.0,1,10.0,0,0.009042874999977357
mlp_aco,10,7117,75,3,2,0.0,0.0,0.0,0.0,0.09907747060060501,False,False,0.0,0.0,0.0,[],10.0,10.0,1,10.0,0,0.009042874999977357
mlp_aco,10,7117,75,3,3,0.0,0.0,0.0,0.0,0.43936213850975037,False,False,0.0,0.0,0.0,[],10.0,10.0,1,10.0,0,0.009042874999977357
mlp_aco,10,7117,75,3,4,0.0,0.0,0.0,0.0,0.20313307642936707,False,False,0.0,0.0,0.0,[],10.0,10.0,1,10.0,0,0.009042874999977357
mlp_aco,10,7118,75,3,1,33.0,116.0,149.0,0.745,0.9999953508377075,True,True,30.0,119.0,0.0,[1],10.0,10.0,1,10.0,0,0.008808499999986452
mlp_aco,10,7118,75,3,2,0.0,0.0,0.0,0.0,0.09907747060060501,False,False,0.0,0.0,0.0,[],10.0,10.0,1,10.0,0,0.008808499999986452
mlp_aco,10,7118,75,3,3,0.0,0.0,0.0,0.0,0.43936213850975037,False,False,0.0,0.0,0.0,[],10.0,10.0,1,10.0,0,0.008808499999986452
mlp_aco,10,7118,75,3,4,0.0,0.0,0.0,0.0,0.20313307642936707,False,False,0.0,0.0,0.0,[],10.0,10.0,1,10.0,0,0.008808499999986452
mlp_aco,10,7119,75,3,1,40.0,119.0,159.0,0.795,1.0,True,True,30.0,129.0,0.0,[1],10.0,10.0,1,10.0,0,0.008821790999974155
mlp_aco,10,7119,75,3,2,0.0,0.0,0.0,0.0,0.09907747060060501,False,False,0.0,0.0,0.0,[],10.0,10.0,1,10.0,0,0.008821790999974155
mlp_aco,10,7119,75,3,3,0.0,0.0,0.0,0.0,0.43936213850975037,False,False,0.0,0.0,0.0,[],10.0,10.0,1,10.0,0,0.008821790999974155
mlp_aco,10,7119,75,3,4,0.0,0.0,0.0,0.0,0.20313307642936707,False,False,0.0,0.0,0.0,[],10.0,10.0,1,10.0,0,0.008821790999974155
mlp_aco,10,7120,75,4,1,42.0,129.0,171.0,0.855,1.0,True,True,30.0,141.0,0.0,[1],10.0,10.0,1,10.0,0,0.008790333999996847
mlp_aco,10,7120,75,4,2,0.0,0.0,0.0,0.0,0.09907747060060501,False,False,0.0,0.0,0.0,[],10.0,10.0,1,10.0,0,0.008790333999996847
mlp_aco,10,7120,75,4,3,0.0,0.0,0.0,0.0,0.43936213850975037,False,False,0.0,0.0,0.0,[],10.0,10.0,1,10.0,0,0.008790333999996847
mlp_aco,10,7120,75,4,4,0.0,0.0,0.0,0.0,0.20313307642936707,False,False,0.0,0.0,0.0,[],10.0,10.0,1,10.0,0,0.008790333999996847
mlp_aco,10,7121,75,4,1,42.0,141.0,183.0,0.915,1.0,True,True,30.0,153.0,0.0,[1],10.0,10.0,1,10.0,0,0.008904791999981398
mlp_aco,10,7121,75,4,2,0.0,0.0,0.0,0.0,0.09907747060060501,False,False,0.0,0.0,0.0,[],10.0,10.0,1,10.0,0,0.008904791999981398
mlp_aco,10,7121,75,4,3,0.0,0.0,0.0,0.0,0.43936213850975037,False,False,0.0,0.0,0.0,[],10.0,10.0,1,10.0,0,0.008904791999981398
mlp_aco,10,7121,75,4,4,0.0,0.0,0.0,0.0,0.20313307642936707,False,False,0.0,0.0,0.0,[],10.0,10.0,1,10.0,0,0.008904791999981398
mlp_aco,10,7122,75,4,1,40.0,153.0,193.0,0.965,1.0,True,True,30.0,163.0,0.0,[1],10.0,10.0,1,10.0,0,0.008909374999973352
mlp_aco,10,7122,75,4,2,0.0,0.0,0.0,0.0,0.09907747060060501,False,False,0.0,0.0,0.0,[],10.0,10.0,1,10.0,0,0.008909374999973352
mlp_aco,10,7122,75,4,3,0.0,0.0,0.0,0.0,0.43936213850975037,False,False,0.0,0.0,0.0,[],10.0,10.0,1,10.0,0,0.008909374999973352
mlp_aco,10,7122,75,4,4,0.0,0.0,0.0,0.0,0.20313307642936707,False,False,0.0,0.0,0.0,[],10.0,10.0,1,10.0,0,0.008909374999973352
mlp_aco,10,7123,75,4,1,44.0,163.0,207.0,1.035,1.0,True,True,30.0,177.0,0.0,[1],10.0,10.0,1,10.0,0,0.008975666999987197
mlp_aco,10,7123,75,4,2,0.0,0.0,0.0,0.0,0.09907747060060501,False,False,0.0,0.0,0.0,[],10.0,10.0,1,10.0,0,0.008975666999987197
mlp_aco,10,7123,75,4,3,0.0,0.0,0.0,0.0,0.43936213850975037,False,False,0.0,0.0,0.0,[],10.0,10.0,1,10.0,0,0.008975666999987197
mlp_aco,10,7123,75,4,4,0.0,0.0,0.0,0.0,0.20313307642936707,False,False,0.0,0.0,0.0,[],10.0,10.0,1,10.0,0,0.008975666999987197
mlp_aco,10,7124,75,5,1,52.0,177.0,229.0,1.145,1.0,True,True,30.0,199.0,0.0,[1],10.0,10.0,1,10.0,0,0.008863332999993645
mlp_aco,10,7124,75,5,2,0.0,0.0,0.0,0.0,0.09907747060060501,False,False,0.0,0.0,0.0,[],10.0,10.0,1,10.0,0,0.008863332999993645
mlp_aco,10,7124,75,5,3,0.0,0.0,0.0,0.0,0.43936213850975037,False,False,0.0,0.0,0.0,[],10.0,10.0,1,10.0,0,0.008863332999993645
mlp_aco,10,7124,75,5,4,0.0,0.0,0.0,0.0,0.20313307642936707,False,False,0.0,0.0,0.0,[],10.0,10.0,1,10.0,0,0.008863332999993645
mlp_aco,10,7125,75,5,1,54.0,199.0,253.0,1.265,1.0,True,True,30.0,200.0,23.0,[1],10.0,10.0,1,10.0,0,0.00889816599999449
mlp_aco,10,7125,75,5,2,0.0,0.0,0.0,0.0,0.09907747060060501,False,False,0.0,0.0,0.0,[],10.0,10.0,1,10.0,0,0.00889816599999449
mlp_aco,10,7125,75,5,3,0.0,0.0,0.0,0.0,0.43936213850975037,False,False,0.0,0.0,0.0,[],10.0,10.0,1,10.0,0,0.00889816599999449
mlp_aco,10,7125,75,5,4,0.0,0.0,0.0,0.0,0.20313307642936707,False,False,0.0,0.0,0.0,[],10.0,10.0,1,10.0,0,0.00889816599999449
mlp_aco,10,7126,75,5,1,38.0,200.0,238.0,1.19,1.0,True,True,30.0,200.0,8.0,[1],10.0,10.0,1,10.0,0,0.008900041000003966
mlp_aco,10,7126,75,5,2,0.0,0.0,0.0,0.0,0.09907747060060501,False,False,0.0,0.0,0.0,[],10.0,10.0,1,10.0,0,0.008900041000003966
mlp_aco,10,7126,75,5,3,0.0,0.0,0.0,0.0,0.43936213850975037,False,False,0.0,0.0,0.0,[],10.0,10.0,1,10.0,0,0.008900041000003966
mlp_aco,10,7126,75,5,4,0.0,0.0,0.0,0.0,0.20313307642936707,False,False,0.0,0.0,0.0,[],10.0,10.0,1,10.0,0,0.008900041000003966
mlp_aco,10,7127,75,5,1,34.0,200.0,234.0,1.17,1.0,True,True,30.0,200.0,4.0,[1],10.0,10.0,1,10.0,0,0.009012582999986307
mlp_aco,10,7127,75,5,2,0.0,0.0,0.0,0.0,0.09907747060060501,False,False,0.0,0.0,0.0,[],10.0,10.0,1,10.0,0,0.009012582999986307
mlp_aco,10,7127,75,5,3,0.0,0.0,0.0,0.0,0.43936213850975037,False,False,0.0,0.0,0.0,[],10.0,10.0,1,10.0,0,0.009012582999986307
mlp_aco,10,7127,75,5,4,0.0,0.0,0.0,0.0,0.20313307642936707,False,False,0.0,0.0,0.0,[],10.0,10.0,1,10.0,0,0.009012582999986307
mlp_aco,10,7128,75,6,1,27.0,200.0,227.0,1.135,1.0,True,True,30.0,197.0,0.0,[1],10.0,10.0,1,10.0,0,0.008818791999999576
mlp_aco,10,7128,75,6,2,0.0,0.0,0.0,0.0,0.09907747060060501,False,False,0.0,0.0,0.0,[],10.0,10.0,1,10.0,0,0.008818791999999576
mlp_aco,10,7128,75,6,3,0.0,0.0,0.0,0.0,0.43936213850975037,False,False,0.0,0.0,0.0,[],10.0,10.0,1,10.0,0,0.008818791999999576
mlp_aco,10,7128,75,6,4,0.0,0.0,0.0,0.0,0.20313307642936707,False,False,0.0,0.0,0.0,[],10.0,10.0,1,10.0,0,0.008818791999999576
mlp_aco,10,7129,75,6,1,28.0,197.0,225.0,1.125,1.0,True,True,30.0,195.0,0.0,[1],10.0,10.0,1,10.0,0,0.008876708999991934
mlp_aco,10,7129,75,6,2,0.0,0.0,0.0,0.0,0.09907747060060501,False,False,0.0,0.0,0.0,[],10.0,10.0,1,10.0,0,0.008876708999991934
mlp_aco,10,7129,75,6,3,0.0,0.0,0.0,0.0,0.43936213850975037,False,False,0.0,0.0,0.0,[],10.0,10.0,1,10.0,0,0.008876708999991934
mlp_aco,10,7129,75,6,4,0.0,0.0,0.0,0.0,0.20313307642936707,False,False,0.0,0.0,0.0,[],10.0,10.0,1,10.0,0,0.008876708999991934
mlp_aco,10,7130,75,6,1,26.0,195.0,221.0,1.105,1.0,True,True,30.0,191.0,0.0,[1],10.0,10.0,1,10.0,0,0.008818749999988995
mlp_aco,10,7130,75,6,2,0.0,0.0,0.0,0.0,0.09907747060060501,False,False,0.0,0.0,0.0,[],10.0,10.0,1,10.0,0,0.008818749999988995
mlp_aco,10,7130,75,6,3,0.0,0.0,0.0,0.0,0.43936213850975037,False,False,0.0,0.0,0.0,[],10.0,10.0,1,10.0,0,0.008818749999988995
mlp_aco,10,7130,75,6,4,0.0,0.0,0.0,0.0,0.20313307642936707,False,False,0.0,0.0,0.0,[],10.0,10.0,1,10.0,0,0.008818749999988995
mlp_aco,10,7131,75,6,1,27.0,191.0,218.0,1.09,1.0,True,True,30.0,188.0,0.0,[1],10.0,10.0,1,10.0,0,0.00892408400000022
mlp_aco,10,7131,75,6,2,0.0,0.0,0.0,0.0,0.09907747060060501,False,False,0.0,0.0,0.0,[],10.0,10.0,1,10.0,0,0.00892408400000022
mlp_aco,10,7131,75,6,3,0.0,0.0,0.0,0.0,0.43936213850975037,False,False,0.0,0.0,0.0,[],10.0,10.0,1,10.0,0,0.00892408400000022
mlp_aco,10,7131,75,6,4,0.0,0.0,0.0,0.0,0.20313307642936707,False,False,0.0,0.0,0.0,[],10.0,10.0,1,10.0,0,0.00892408400000022
mlp_aco,10,7132,75,7,1,27.0,188.0,215.0,1.075,1.0,True,True,30.0,185.0,0.0,[1],10.0,10.0,1,10.0,0,0.009015624999989313
mlp_aco,10,7132,75,7,2,0.0,0.0,0.0,0.0,0.09907747060060501,False,False,0.0,0.0,0.0,[],10.0,10.0,1,10.0,0,0.009015624999989313
mlp_aco,10,7132,75,7,3,0.0,0.0,0.0,0.0,0.43936213850975037,False,False,0.0,0.0,0.0,[],10.0,10.0,1,10.0,0,0.009015624999989313
mlp_aco,10,7132,75,7,4,0.0,0.0,0.0,0.0,0.20313307642936707,False,False,0.0,0.0,0.0,[],10.0,10.0,1,10.0,0,0.009015624999989313
mlp_aco,10,7133,75,7,1,28.0,185.0,213.0,1.065,1.0,True,True,30.0,183.0,0.0,[1],10.0,10.0,1,10.0,0,0.008997250000021495
mlp_aco,10,7133,75,7,2,0.0,0.0,0.0,0.0,0.09907747060060501,False,False,0.0,0.0,0.0,[],10.0,10.0,1,10.0,0,0.008997250000021495
mlp_aco,10,7133,75,7,3,0.0,0.0,0.0,0.0,0.43936213850975037,False,False,0.0,0.0,0.0,[],10.0,10.0,1,10.0,0,0.008997250000021495
mlp_aco,10,7133,75,7,4,0.0,0.0,0.0,0.0,0.20313307642936707,False,False,0.0,0.0,0.0,[],10.0,10.0,1,10.0,0,0.008997250000021495
mlp_aco,10,7134,75,7,1,27.0,183.0,210.0,1.05,1.0,True,True,30.0,180.0,0.0,[1],10.0,10.0,1,10.0,0,0.008911458000000039
mlp_aco,10,7134,75,7,2,0.0,0.0,0.0,0.0,0.09907747060060501,False,False,0.0,0.0,0.0,[],10.0,10.0,1,10.0,0,0.008911458000000039
mlp_aco,10,7134,75,7,3,0.0,0.0,0.0,0.0,0.43936213850975037,False,False,0.0,0.0,0.0,[],10.0,10.0,1,10.0,0,0.008911458000000039
mlp_aco,10,7134,75,7,4,0.0,0.0,0.0,0.0,0.20313307642936707,False,False,0.0,0.0,0.0,[],10.0,10.0,1,10.0,0,0.008911458000000039
mlp_aco,10,7135,75,7,1,26.0,180.0,206.0,1.03,1.0,True,True,30.0,176.0,0.0,[1],10.0,10.0,1,10.0,0,0.008831041999997069
mlp_aco,10,7135,75,7,2,0.0,0.0,0.0,0.0,0.09907747060060501,False,False,0.0,0.0,0.0,[],10.0,10.0,1,10.0,0,0.008831041999997069
mlp_aco,10,7135,75,7,3,0.0,0.0,0.0,0.0,0.43936213850975037,False,False,0.0,0.0,0.0,[],10.0,10.0,1,10.0,0,0.008831041999997069
mlp_aco,10,7135,75,7,4,0.0,0.0,0.0,0.0,0.20313307642936707,False,False,0.0,0.0,0.0,[],10.0,10.0,1,10.0,0,0.008831041999997069
mlp_aco,10,7136,75,8,1,26.0,176.0,202.0,1.01,1.0,True,True,30.0,172.0,0.0,[1],10.0,10.0,1,10.0,0,0.008922584000004008
mlp_aco,10,7136,75,8,2,0.0,0.0,0.0,0.0,0.09907747060060501,False,False,0.0,0.0,0.0,[],10.0,10.0,1,10.0,0,0.008922584000004008
mlp_aco,10,7136,75,8,3,0.0,0.0,0.0,0.0,0.43936213850975037,False,False,0.0,0.0,0.0,[],10.0,10.0,1,10.0,0,0.008922584000004008
mlp_aco,10,7136,75,8,4,0.0,0.0,0.0,0.0,0.20313307642936707,False,False,0.0,0.0,0.0,[],10.0,10.0,1,10.0,0,0.008922584000004008
mlp_aco,10,7137,75,8,1,17.0,172.0,189.0,0.945,0.9999999403953552,True,True,30.0,159.0,0.0,[1],10.0,10.0,1,10.0,0,0.008819708999993736
mlp_aco,10,7137,75,8,2,0.0,0.0,0.0,0.0,0.09907747060060501,False,False,0.0,0.0,0.0,[],10.0,10.0,1,10.0,0,0.008819708999993736
mlp_aco,10,7137,75,8,3,0.0,0.0,0.0,0.0,0.43936213850975037,False,False,0.0,0.0,0.0,[],10.0,10.0,1,10.0,0,0.008819708999993736
mlp_aco,10,7137,75,8,4,0.0,0.0,0.0,0.0,0.20313307642936707,False,False,0.0,0.0,0.0,[],10.0,10.0,1,10.0,0,0.008819708999993736
mlp_aco,10,7138,75,8,1,16.0,159.0,175.0,0.875,0.9999955892562866,True,True,30.0,145.0,0.0,[1],10.0,10.0,1,10.0,0,0.008868457999994916
mlp_aco,10,7138,75,8,2,0.0,0.0,0.0,0.0,0.09907747060060501,False,False,0.0,0.0,0.0,[],10.0,10.0,1,10.0,0,0.008868457999994916
mlp_aco,10,7138,75,8,3,0.0,0.0,0.0,0.0,0.43936213850975037,False,False,0.0,0.0,0.0,[],10.0,10.0,1,10.0,0,0.008868457999994916
mlp_aco,10,7138,75,8,4,0.0,0.0,0.0,0.0,0.20313307642936707,False,False,0.0,0.0,0.0,[],10.0,10.0,1,10.0,0,0.008868457999994916
mlp_aco,10,7139,75,8,1,15.0,145.0,160.0,0.8,0.9996705055236816,True,True,30.0,130.0,0.0,[1],10.0,10.0,1,10.0,0,0.009023582999986957
mlp_aco,10,7139,75,8,2,0.0,0.0,0.0,0.0,0.09907747060060501,False,False,0.0,0.0,0.0,[],10.0,10.0,1,10.0,0,0.009023582999986957
mlp_aco,10,7139,75,8,3,0.0,0.0,0.0,0.0,0.43936213850975037,False,False,0.0,0.0,0.0,[],10.0,10.0,1,10.0,0,0.009023582999986957
mlp_aco,10,7139,75,8,4,0.0,0.0,0.0,0.0,0.20313307642936707,False,False,0.0,0.0,0.0,[],10.0,10.0,1,10.0,0,0.009023582999986957
mlp_aco,10,7140,75,9,1,17.0,130.0,147.0,0.735,0.998248279094696,True,True,30.0,117.0,0.0,[1],10.0,10.0,1,10.0,0,0.008855834000002005
mlp_aco,10,7140,75,9,2,0.0,0.0,0.0,0.0,0.09907747060060501,False,False,0.0,0.0,0.0,[],10.0,10.0,1,10.0,0,0.008855834000002005
mlp_aco,10,7140,75,9,3,0.0,0.0,0.0,0.0,0.43936213850975037,False,False,0.0,0.0,0.0,[],10.0,10.0,1,10.0,0,0.008855834000002005
mlp_aco,10,7140,75,9,4,0.0,0.0,0.0,0.0,0.20313307642936707,False,False,0.0,0.0,0.0,[],10.0,10.0,1,10.0,0,0.008855834000002005
mlp_aco,10,7141,75,9,1,16.0,117.0,133.0,0.665,0.9886540174484253,True,True,30.0,103.0,0.0,[1],10.0,10.0,1,10.0,0,0.008964415999997755
mlp_aco,10,7141,75,9,2,0.0,0.0,0.0,0.0,0.09907747060060501,False,False,0.0,0.0,0.0,[],10.0,10.0,1,10.0,0,0.008964415999997755
mlp_aco,10,7141,75,9,3,0.0,0.0,0.0,0.0,0.43936213850975037,False,False,0.0,0.0,0.0,[],10.0,10.0,1,10.0,0,0.008964415999997755
mlp_aco,10,7141,75,9,4,0.0,0.0,0.0,0.0,0.20313307642936707,False,False,0.0,0.0,0.0,[],10.0,10.0,1,10.0,0,0.008964415999997755
mlp_aco,10,7142,75,9,1,16.0,103.0,119.0,0.595,0.9610422849655151,True,True,30.0,89.0,0.0,[1],10.0,10.0,1,10.0,0,0.009014959000012368
mlp_aco,10,7142,75,9,2,0.0,0.0,0.0,0.0,0.09907747060060501,False,False,0.0,0.0,0.0,[],10.0,10.0,1,10.0,0,0.009014959000012368
mlp_aco,10,7142,75,9,3,0.0,0.0,0.0,0.0,0.43936213850975037,False,False,0.0,0.0,0.0,[],10.0,10.0,1,10.0,0,0.009014959000012368
mlp_aco,10,7142,75,9,4,0.0,0.0,0.0,0.0,0.20313307642936707,False,False,0.0,0.0,0.0,[],10.0,10.0,1,10.0,0,0.009014959000012368
mlp_aco,10,7143,75,9,1,15.0,89.0,104.0,0.52,0.8409848213195801,True,True,30.0,74.0,0.0,[1],10.0,10.0,1,10.0,0,0.008992917000000489
mlp_aco,10,7143,75,9,2,0.0,0.0,0.0,0.0,0.09907747060060501,False,False,0.0,0.0,0.0,[],10.0,10.0,1,10.0,0,0.008992917000000489
mlp_aco,10,7143,75,9,3,0.0,0.0,0.0,0.0,0.43936213850975037,False,False,0.0,0.0,0.0,[],10.0,10.0,1,10.0,0,0.008992917000000489
mlp_aco,10,7143,75,9,4,0.0,0.0,0.0,0.0,0.20313307642936707,False,False,0.0,0.0,0.0,[],10.0,10.0,1,10.0,0,0.008992917000000489
mlp_aco,10,7144,75,10,1,17.0,74.0,91.0,0.455,0.8657229542732239,True,True,30.0,61.0,0.0,[1],10.0,10.0,1,10.0,0,0.00888391699999147
mlp_aco,10,7144,75,10,2,0.0,0.0,0.0,0.0,0.09907747060060501,False,False,0.0,0.0,0.0,[],10.0,10.0,1,10.0,0,0.00888391699999147
mlp_aco,10,7144,75,10,3,0.0,0.0,0.0,0.0,0.43936213850975037,False,False,0.0,0.0,0.0,[],10.0,10.0,1,10.0,0,0.00888391699999147
mlp_aco,10,7144,75,10,4,0.0,0.0,0.0,0.0,0.20313307642936707,False,False,0.0,0.0,0.0,[],10.0,10.0,1,10.0,0,0.00888391699999147
mlp_aco,10,7145,75,10,1,16.0,61.0,77.0,0.385,0.6612253189086914,False,False,0.0,77.0,0.0,[],0.0,0.0,0,0.0,0,2.375000008214556e-06
mlp_aco,10,7145,75,10,2,0.0,0.0,0.0,0.0,0.09907747060060501,False,False,0.0,0.0,0.0,[],0.0,0.0,0,0.0,0,2.375000008214556e-06
mlp_aco,10,7145,75,10,3,0.0,0.0,0.0,0.0,0.43936213850975037,False,False,0.0,0.0,0.0,[],0.0,0.0,0,0.0,0,2.375000008214556e-06
mlp_aco,10,7145,75,10,4,0.0,0.0,0.0,0.0,0.20313307642936707,False,False,0.0,0.0,0.0,[],0.0,0.0,0,0.0,0,2.375000008214556e-06
mlp_aco,10,7146,75,10,1,16.0,77.0,93.0,0.465,0.8173338174819946,True,True,30.0,63.0,0.0,[1],10.0,10.0,1,10.0,0,0.008808500000014874
mlp_aco,10,7146,75,10,2,0.0,0.0,0.0,0.0,0.09907747060060501,False,False,0.0,0.0,0.0,[],10.0,10.0,1,10.0,0,0.008808500000014874
mlp_aco,10,7146,75,10,3,0.0,0.0,0.0,0.0,0.43936213850975037,False,False,0.0,0.0,0.0,[],10.0,10.0,1,10.0,0,0.008808500000014874
mlp_aco,10,7146,75,10,4,0.0,0.0,0.0,0.0,0.20313307642936707,False,False,0.0,0.0,0.0,[],10.0,10.0,1,10.0,0,0.008808500000014874
mlp_aco,10,7147,75,10,1,15.0,63.0,78.0,0.39,0.5679126977920532,False,False,0.0,78.0,0.0,[],0.0,0.0,0,0.0,0,1.8749999810552254e-06
mlp_aco,10,7147,75,10,2,0.0,0.0,0.0,0.0,0.09907747060060501,False,False,0.0,0.0,0.0,[],0.0,0.0,0,0.0,0,1.8749999810552254e-06
mlp_aco,10,7147,75,10,3,0.0,0.0,0.0,0.0,0.43936213850975037,False,False,0.0,0.0,0.0,[],0.0,0.0,0,0.0,0,1.8749999810552254e-06
mlp_aco,10,7147,75,10,4,0.0,0.0,0.0,0.0,0.20313307642936707,False,False,0.0,0.0,0.0,[],0.0,0.0,0,0.0,0,1.8749999810552254e-06
mlp_aco,10,7148,75,11,1,17.0,78.0,95.0,0.475,0.8809815049171448,True,True,30.0,65.0,0.0,[1],10.0,10.0,1,10.0,0,0.008918166000000838
mlp_aco,10,7148,75,11,2,0.0,0.0,0.0,0.0,0.09907747060060501,False,False,0.0,0.0,0.0,[],10.0,10.0,1,10.0,0,0.008918166000000838
mlp_aco,10,7148,75,11,3,0.0,0.0,0.0,0.0,0.43936213850975037,False,False,0.0,0.0,0.0,[],10.0,10.0,1,10.0,0,0.008918166000000838
mlp_aco,10,7148,75,11,4,0.0,0.0,0.0,0.0,0.20313307642936707,False,False,0.0,0.0,0.0,[],10.0,10.0,1,10.0,0,0.008918166000000838
mlp_aco,10,7149,75,11,1,16.0,65.0,81.0,0.405,0.70475172996521,True,True,30.0,51.0,0.0,[1],10.0,10.0,1,10.0,0,0.008897415999996383
mlp_aco,10,7149,75,11,2,0.0,0.0,0.0,0.0,0.09907747060060501,False,False,0.0,0.0,0.0,[],10.0,10.0,1,10.0,0,0.008897415999996383
mlp_aco,10,7149,75,11,3,0.0,0.0,0.0,0.0,0.43936213850975037,False,False,0.0,0.0,0.0,[],10.0,10.0,1,10.0,0,0.008897415999996383
mlp_aco,10,7149,75,11,4,0.0,0.0,0.0,0.0,0.20313307642936707,False,False,0.0,0.0,0.0,[],10.0,10.0,1,10.0,0,0.008897415999996383
mlp_aco,10,7150,75,11,1,16.0,51.0,67.0,0.335,0.5654489398002625,False,False,0.0,67.0,0.0,[],0.0,0.0,0,0.0,0,1.958000012791672e-06
mlp_aco,10,7150,75,11,2,0.0,0.0,0.0,0.0,0.09907747060060501,False,False,0.0,0.0,0.0,[],0.0,0.0,0,0.0,0,1.958000012791672e-06
mlp_aco,10,7150,75,11,3,0.0,0.0,0.0,0.0,0.43936213850975037,False,False,0.0,0.0,0.0,[],0.0,0.0,0,0.0,0,1.958000012791672e-06
mlp_aco,10,7150,75,11,4,0.0,0.0,0.0,0.0,0.20313307642936707,False,False,0.0,0.0,0.0,[],0.0,0.0,0,0.0,0,1.958000012791672e-06
mlp_aco,10,7151,75,11,1,15.0,67.0,82.0,0.41,0.6104947924613953,False,False,0.0,82.0,0.0,[],0.0,0.0,0,0.0,0,1.8329999988964119e-06
mlp_aco,10,7151,75,11,2,0.0,0.0,0.0,0.0,0.09907747060060501,False,False,0.0,0.0,0.0,[],0.0,0.0,0,0.0,0,1.8329999988964119e-06
mlp_aco,10,7151,75,11,3,0.0,0.0,0.0,0.0,0.43936213850975037,False,False,0.0,0.0,0.0,[],0.0,0.0,0,0.0,0,1.8329999988964119e-06
mlp_aco,10,7151,75,11,4,0.0,0.0,0.0,0.0,0.20313307642936707,False,False,0.0,0.0,0.0,[],0.0,0.0,0,0.0,0,1.8329999988964119e-06
mlp_aco,10,7152,75,12,1,17.0,82.0,99.0,0.495,0.894262433052063,True,True,30.0,69.0,0.0,[1],10.0,10.0,1,10.0,0,0.008989124999999376
mlp_aco,10,7152,75,12,2,0.0,0.0,0.0,0.0,0.09907747060060501,False,False,0.0,0.0,0.0,[],10.0,10.0,1,10.0,0,0.008989124999999376
mlp_aco,10,7152,75,12,3,0.0,0.0,0.0,0.0,0.43936213850975037,False,False,0.0,0.0,0.0,[],10.0,10.0,1,10.0,0,0.008989124999999376
mlp_aco,10,7152,75,12,4,0.0,0.0,0.0,0.0,0.20313307642936707,False,False,0.0,0.0,0.0,[],10.0,10.0,1,10.0,0,0.008989124999999376
mlp_aco,10,7153,75,12,1,16.0,69.0,85.0,0.425,0.7455567121505737,True,True,30.0,55.0,0.0,[1],10.0,10.0,1,10.0,0,0.009021541999999272
mlp_aco,10,7153,75,12,2,0.0,0.0,0.0,0.0,0.09907747060060501,False,False,0.0,0.0,0.0,[],10.0,10.0,1,10.0,0,0.009021541999999272
mlp_aco,10,7153,75,12,3,0.0,0.0,0.0,0.0,0.43936213850975037,False,False,0.0,0.0,0.0,[],10.0,10.0,1,10.0,0,0.009021541999999272
mlp_aco,10,7153,75,12,4,0.0,0.0,0.0,0.0,0.20313307642936707,False,False,0.0,0.0,0.0,[],10.0,10.0,1,10.0,0,0.009021541999999272
mlp_aco,10,7154,75,12,1,16.0,55.0,71.0,0.355,0.5990267992019653,False,False,0.0,71.0,0.0,[],0.0,0.0,0,0.0,0,1.9169999916357483e-06
mlp_aco,10,7154,75,12,2,0.0,0.0,0.0,0.0,0.09907747060060501,False,False,0.0,0.0,0.0,[],0.0,0.0,0,0.0,0,1.9169999916357483e-06
mlp_aco,10,7154,75,12,3,0.0,0.0,0.0,0.0,0.43936213850975037,False,False,0.0,0.0,0.0,[],0.0,0.0,0,0.0,0,1.9169999916357483e-06
mlp_aco,10,7154,75,12,4,0.0,0.0,0.0,0.0,0.20313307642936707,False,False,0.0,0.0,0.0,[],0.0,0.0,0,0.0,0,1.9169999916357483e-06
mlp_aco,10,7155,75,12,1,15.0,71.0,86.0,0.43,0.6563616991043091,False,False,0.0,86.0,0.0,[],0.0,0.0,0,0.0,0,2.4590000009538926e-06
mlp_aco,10,7155,75,12,2,0.0,0.0,0.0,0.0,0.09907747060060501,False,False,0.0,0.0,0.0,[],0.0,0.0,0,0.0,0,2.4590000009538926e-06
mlp_aco,10,7155,75,12,3,0.0,0.0,0.0,0.0,0.43936213850975037,False,False,0.0,0.0,0.0,[],0.0,0.0,0,0.0,0,2.4590000009538926e-06
mlp_aco,10,7155,75,12,4,0.0,0.0,0.0,0.0,0.20313307642936707,False,False,0.0,0.0,0.0,[],0.0,0.0,0,0.0,0,2.4590000009538926e-06
mlp_aco,10,7156,75,13,1,17.0,86.0,103.0,0.515,0.9076581597328186,True,True,30.0,73.0,0.0,[1],10.0,10.0,1,10.0,0,0.008993832999976803
mlp_aco,10,7156,75,13,2,0.0,0.0,0.0,0.0,0.09907747060060501,False,False,0.0,0.0,0.0,[],10.0,10.0,1,10.0,0,0.008993832999976803
mlp_aco,10,7156,75,13,3,0.0,0.0,0.0,0.0,0.43936213850975037,False,False,0.0,0.0,0.0,[],10.0,10.0,1,10.0,0,0.008993832999976803
mlp_aco,10,7156,75,13,4,0.0,0.0,0.0,0.0,0.20313307642936707,False,False,0.0,0.0,0.0,[],10.0,10.0,1,10.0,0,0.008993832999976803
mlp_aco,10,7157,75,13,1,16.0,73.0,89.0,0.445,0.7835915088653564,True,True,30.0,59.0,0.0,[1],10.0,10.0,1,10.0,0,0.008956584000003431
mlp_aco,10,7157,75,13,2,0.0,0.0,0.0,0.0,0.09907747060060501,False,False,0.0,0.0,0.0,[],10.0,10.0,1,10.0,0,0.008956584000003431
mlp_aco,10,7157,75,13,3,0.0,0.0,0.0,0.0,0.43936213850975037,False,False,0.0,0.0,0.0,[],10.0,10.0,1,10.0,0,0.008956584000003431
mlp_aco,10,7157,75,13,4,0.0,0.0,0.0,0.0,0.20313307642936707,False,False,0.0,0.0,0.0,[],10.0,10.0,1,10.0,0,0.008956584000003431
mlp_aco,10,7158,75,13,1,16.0,59.0,75.0,0.375,0.6404839754104614,False,False,0.0,75.0,0.0,[],0.0,0.0,0,0.0,0,2.2500000227410055e-06
mlp_aco,10,7158,75,13,2,0.0,0.0,0.0,0.0,0.09907747060060501,False,False,0.0,0.0,0.0,[],0.0,0.0,0,0.0,0,2.2500000227410055e-06
mlp_aco,10,7158,75,13,3,0.0,0.0,0.0,0.0,0.43936213850975037,False,False,0.0,0.0,0.0,[],0.0,0.0,0,0.0,0,2.2500000227410055e-06
mlp_aco,10,7158,75,13,4,0.0,0.0,0.0,0.0,0.20313307642936707,False,False,0.0,0.0,0.0,[],0.0,0.0,0,0.0,0,2.2500000227410055e-06
mlp_aco,10,7159,75,13,1,15.0,75.0,90.0,0.45,0.7035233974456787,True,True,30.0,60.0,0.0,[1],10.0,10.0,1,10.0,0,0.009037333000009085
mlp_aco,10,7159,75,13,2,0.0,0.0,0.0,0.0,0.09907747060060501,False,False,0.0,0.0,0.0,[],10.0,10.0,1,10.0,0,0.009037333000009085
mlp_aco,10,7159,75,13,3,0.0,0.0,0.0,0.0,0.43936213850975037,False,False,0.0,0.0,0.0,[],10.0,10.0,1,10.0,0,0.009037333000009085
mlp_aco,10,7159,75,13,4,0.0,0.0,0.0,0.0,0.20313307642936707,False,False,0.0,0.0,0.0,[],10.0,10.0,1,10.0,0,0.009037333000009085
mlp_aco,10,7160,75,14,1,17.0,60.0,77.0,0.385,0.7582763433456421,True,True,30.0,47.0,0.0,[1],10.0,10.0,1,10.0,0,0.008948374999988573
mlp_aco,10,7160,75,14,2,0.0,0.0,0.0,0.0,0.09907747060060501,False,False,0.0,0.0,0.0,[],10.0,10.0,1,10.0,0,0.008948374999988573
mlp_aco,10,7160,75,14,3,0.0,0.0,0.0,0.0,0.43936213850975037,False,False,0.0,0.0,0.0,[],10.0,10.0,1,10.0,0,0.008948374999988573
mlp_aco,10,7160,75,14,4,0.0,0.0,0.0,0.0,0.20313307642936707,False,False,0.0,0.0,0.0,[],10.0,10.0,1,10.0,0,0.008948374999988573
mlp_aco,10,7161,75,14,1,16.0,47.0,63.0,0.315,0.5440229177474976,False,False,0.0,63.0,0.0,[],0.0,0.0,0,0.0,0,1.7920000061621977e-06
mlp_aco,10,7161,75,14,2,0.0,0.0,0.0,0.0,0.09907747060060501,False,False,0.0,0.0,0.0,[],0.0,0.0,0,0.0,0,1.7920000061621977e-06
mlp_aco,10,7161,75,14,3,0.0,0.0,0.0,0.0,0.43936213850975037,False,False,0.0,0.0,0.0,[],0.0,0.0,0,0.0,0,1.7920000061621977e-06
mlp_aco,10,7161,75,14,4,0.0,0.0,0.0,0.0,0.20313307642936707,False,False,0.0,0.0,0.0,[],0.0,0.0,0,0.0,0,1.7920000061621977e-06
mlp_aco,10,7162,75,14,1,11.0,63.0,74.0,0.37,0.3610346019268036,False,False,0.0,74.0,0.0,[],0.0,0.0,0,0.0,0,1.790999988315889e-06
mlp_aco,10,7162,75,14,2,0.0,0.0,0.0,0.0,0.09907747060060501,False,False,0.0,0.0,0.0,[],0.0,0.0,0,0.0,0,1.790999988315889e-06
mlp_aco,10,7162,75,14,3,0.0,0.0,0.0,0.0,0.43936213850975037,False,False,0.0,0.0,0.0,[],0.0,0.0,0,0.0,0,1.790999988315889e-06
mlp_aco,10,7162,75,14,4,0.0,0.0,0.0,0.0,0.20313307642936707,False,False,0.0,0.0,0.0,[],0.0,0.0,0,0.0,0,1.790999988315889e-06
mlp_aco,10,7163,75,14,1,8.0,74.0,82.0,0.41,0.29554370045661926,False,False,0.0,82.0,0.0,[],0.0,0.0,0,0.0,0,1.8749999810552254e-06
mlp_aco,10,7163,75,14,2,0.0,0.0,0.0,0.0,0.09907747060060501,False,False,0.0,0.0,0.0,[],0.0,0.0,0,0.0,0,1.8749999810552254e-06
mlp_aco,10,7163,75,14,3,0.0,0.0,0.0,0.0,0.43936213850975037,False,False,0.0,0.0,0.0,[],0.0,0.0,0,0.0,0,1.8749999810552254e-06
mlp_aco,10,7163,75,14,4,0.0,0.0,0.0,0.0,0.20313307642936707,False,False,0.0,0.0,0.0,[],0.0,0.0,0,0.0,0,1.8749999810552254e-06
mlp_aco,10,7164,75,15,1,9.0,82.0,91.0,0.455,0.3639223575592041,False,False,0.0,91.0,0.0,[],0.0,0.0,0,0.0,0,1.7910000167375983e-06
mlp_aco,10,7164,75,15,2,0.0,0.0,0.0,0.0,0.09907747060060501,False,False,0.0,0.0,0.0,[],0.0,0.0,0,0.0,0,1.7910000167375983e-06
mlp_aco,10,7164,75,15,3,0.0,0.0,0.0,0.0,0.43936213850975037,False,False,0.0,0.0,0.0,[],0.0,0.0,0,0.0,0,1.7910000167375983e-06
mlp_aco,10,7164,75,15,4,0.0,0.0,0.0,0.0,0.20313307642936707,False,False,0.0,0.0,0.0,[],0.0,0.0,0,0.0,0,1.7910000167375983e-06
mlp_aco,10,7165,75,15,1,8.0,91.0,99.0,0.495,0.36724138259887695,False,False,0.0,99.0,0.0,[],0.0,0.0,0,0.0,0,1.6669999922669376e-06
mlp_aco,10,7165,75,15,2,0.0,0.0,0.0,0.0,0.09907747060060501,False,False,0.0,0.0,0.0,[],0.0,0.0,0,0.0,0,1.6669999922669376e-06
mlp_aco,10,7165,75,15,3,0.0,0.0,0.0,0.0,0.43936213850975037,False,False,0.0,0.0,0.0,[],0.0,0.0,0,0.0,0,1.6669999922669376e-06
mlp_aco,10,7165,75,15,4,0.0,0.0,0.0,0.0,0.20313307642936707,False,False,0.0,0.0,0.0,[],0.0,0.0,0,0.0,0,1.6669999922669376e-06
mlp_aco,10,7166,75,15,1,8.0,99.0,107.0,0.535,0.45141464471817017,False,False,0.0,107.0,0.0,[],0.0,0.0,0,0.0,0,1.8750000094769348e-06
mlp_aco,10,7166,75,15,2,0.0,0.0,0.0,0.0,0.09907747060060501,False,False,0.0,0.0,0.0,[],0.0,0.0,0,0.0,0,1.8750000094769348e-06
mlp_aco,10,7166,75,15,3,0.0,0.0,0.0,0.0,0.43936213850975037,False,False,0.0,0.0,0.0,[],0.0,0.0,0,0.0,0,1.8750000094769348e-06
mlp_aco,10,7166,75,15,4,0.0,0.0,0.0,0.0,0.20313307642936707,False,False,0.0,0.0,0.0,[],0.0,0.0,0,0.0,0,1.8750000094769348e-06
mlp_aco,10,7167,75,15,1,8.0,107.0,115.0,0.575,0.5651862025260925,False,False,0.0,115.0,0.0,[],0.0,0.0,0,0.0,0,1.790999988315889e-06
mlp_aco,10,7167,75,15,2,0.0,0.0,0.0,0.0,0.09907747060060501,False,False,0.0,0.0,0.0,[],0.0,0.0,0,0.0,0,1.790999988315889e-06
mlp_aco,10,7167,75,15,3,0.0,0.0,0.0,0.0,0.43936213850975037,False,False,0.0,0.0,0.0,[],0.0,0.0,0,0.0,0,1.790999988315889e-06
mlp_aco,10,7167,75,15,4,0.0,0.0,0.0,0.0,0.20313307642936707,False,False,0.0,0.0,0.0,[],0.0,0.0,0,0.0,0,1.790999988315889e-06
mlp_aco,10,7168,75,16,1,9.0,115.0,124.0,0.62,0.8013963103294373,True,True,30.0,94.0,0.0,[1],10.0,10.0,1,10.0,0,0.008916292000009207
mlp_aco,10,7168,75,16,2,0.0,0.0,0.0,0.0,0.09907747060060501,False,False,0.0,0.0,0.0,[],10.0,10.0,1,10.0,0,0.008916292000009207
mlp_aco,10,7168,75,16,3,0.0,0.0,0.0,0.0,0.43936213850975037,False,False,0.0,0.0,0.0,[],10.0,10.0,1,10.0,0,0.008916292000009207
mlp_aco,10,7168,75,16,4,0.0,0.0,0.0,0.0,0.20313307642936707,False,False,0.0,0.0,0.0,[],10.0,10.0,1,10.0,0,0.008916292000009207
mlp_aco,10,7169,75,16,1,8.0,94.0,102.0,0.51,0.40583160519599915,False,False,0.0,102.0,0.0,[],0.0,0.0,0,0.0,0,1.7499999955816747e-06
mlp_aco,10,7169,75,16,2,0.0,0.0,0.0,0.0,0.09907747060060501,False,False,0.0,0.0,0.0,[],0.0,0.0,0,0.0,0,1.7499999955816747e-06
mlp_aco,10,7169,75,16,3,0.0,0.0,0.0,0.0,0.43936213850975037,False,False,0.0,0.0,0.0,[],0.0,0.0,0,0.0,0,1.7499999955816747e-06
mlp_aco,10,7169,75,16,4,0.0,0.0,0.0,0.0,0.20313307642936707,False,False,0.0,0.0,0.0,[],0.0,0.0,0,0.0,0,1.7499999955816747e-06
mlp_aco,10,7170,75,16,1,8.0,102.0,110.0,0.55,0.48511695861816406,False,False,0.0,110.0,0.0,[],0.0,0.0,0,0.0,0,2.124999980424036e-06
mlp_aco,10,7170,75,16,2,0.0,0.0,0.0,0.0,0.09907747060060501,False,False,0.0,0.0,0.0,[],0.0,0.0,0,0.0,0,2.124999980424036e-06
mlp_aco,10,7170,75,16,3,0.0,0.0,0.0,0.0,0.43936213850975037,False,False,0.0,0.0,0.0,[],0.0,0.0,0,0.0,0,2.124999980424036e-06
mlp_aco,10,7170,75,16,4,0.0,0.0,0.0,0.0,0.20313307642936707,False,False,0.0,0.0,0.0,[],0.0,0.0,0,0.0,0,2.124999980424036e-06
mlp_aco,10,7171,75,16,1,8.0,110.0,118.0,0.59,0.62156081199646,False,False,0.0,118.0,0.0,[],0.0,0.0,0,0.0,0,1.7920000061621977e-06
mlp_aco,10,7171,75,16,2,0.0,0.0,0.0,0.0,0.09907747060060501,False,False,0.0,0.0,0.0,[],0.0,0.0,0,0.0,0,1.7920000061621977e-06
mlp_aco,10,7171,75,16,3,0.0,0.0,0.0,0.0,0.43936213850975037,False,False,0.0,0.0,0.0,[],0.0,0.0,0,0.0,0,1.7920000061621977e-06
mlp_aco,10,7171,75,16,4,0.0,0.0,0.0,0.0,0.20313307642936707,False,False,0.0,0.0,0.0,[],0.0,0.0,0,0.0,0,1.7920000061621977e-06
mlp_aco,10,7172,75,17,1,9.0,118.0,127.0,0.635,0.8397466540336609,True,True,30.0,97.0,0.0,[1],10.0,10.0,1,10.0,0,0.009038208000021086
mlp_aco,10,7172,75,17,2,0.0,0.0,0.0,0.0,0.09907747060060501,False,False,0.0,0.0,0.0,[],10.0,10.0,1,10.0,0,0.009038208000021086
mlp_aco,10,7172,75,17,3,0.0,0.0,0.0,0.0,0.43936213850975037,False,False,0.0,0.0,0.0,[],10.0,10.0,1,10.0,0,0.009038208000021086
mlp_aco,10,7172,75,17,4,0.0,0.0,0.0,0.0,0.20313307642936707,False,False,0.0,0.0,0.0,[],10.0,10.0,1,10.0,0,0.009038208000021086
mlp_aco,10,7173,75,17,1,8.0,97.0,105.0,0.525,0.43291643261909485,False,False,0.0,105.0,0.0,[],0.0,0.0,0,0.0,0,1.8329999988964119e-06
mlp_aco,10,7173,75,17,2,0.0,0.0,0.0,0.0,0.09907747060060501,False,False,0.0,0.0,0.0,[],0.0,0.0,0,0.0,0,1.8329999988964119e-06
mlp_aco,10,7173,75,17,3,0.0,0.0,0.0,0.0,0.43936213850975037,False,False,0.0,0.0,0.0,[],0.0,0.0,0,0.0,0,1.8329999988964119e-06
mlp_aco,10,7173,75,17,4,0.0,0.0,0.0,0.0,0.20313307642936707,False,False,0.0,0.0,0.0,[],0.0,0.0,0,0.0,0,1.8329999988964119e-06
mlp_aco,10,7174,75,17,1,8.0,105.0,113.0,0.565,0.5303350687026978,False,False,0.0,113.0,0.0,[],0.0,0.0,0,0.0,0,1.7499999955816747e-06
mlp_aco,10,7174,75,17,2,0.0,0.0,0.0,0.0,0.09907747060060501,False,False,0.0,0.0,0.0,[],0.0,0.0,0,0.0,0,1.7499999955816747e-06
mlp_aco,10,7174,75,17,3,0.0,0.0,0.0,0.0,0.43936213850975037,False,False,0.0,0.0,0.0,[],0.0,0.0,0,0.0,0,1.7499999955816747e-06
mlp_aco,10,7174,75,17,4,0.0,0.0,0.0,0.0,0.20313307642936707,False,False,0.0,0.0,0.0,[],0.0,0.0,0,0.0,0,1.7499999955816747e-06
mlp_aco,10,7175,75,17,1,9.0,113.0,122.0,0.61,0.7670974135398865,True,True,30.0,92.0,0.0,[1],10.0,10.0,1,10.0,0,0.00886887499999034
mlp_aco,10,7175,75,17,2,0.0,0.0,0.0,0.0,0.09907747060060501,False,False,0.0,0.0,0.0,[],10.0,10.0,1,10.0,0,0.00886887499999034
mlp_aco,10,7175,75,17,3,0.0,0.0,0.0,0.0,0.43936213850975037,False,False,0.0,0.0,0.0,[],10.0,10.0,1,10.0,0,0.00886887499999034
mlp_aco,10,7175,75,17,4,0.0,0.0,0.0,0.0,0.20313307642936707,False,False,0.0,0.0,0.0,[],10.0,10.0,1,10.0,0,0.00886887499999034
mlp_aco,10,7176,75,18,1,8.0,92.0,100.0,0.5,0.3898521065711975,False,False,0.0,100.0,0.0,[],0.0,0.0,0,0.0,0,1.9169999916357483e-06
mlp_aco,10,7176,75,18,2,0.0,0.0,0.0,0.0,0.09907747060060501,False,False,0.0,0.0,0.0,[],0.0,0.0,0,0.0,0,1.9169999916357483e-06
mlp_aco,10,7176,75,18,3,0.0,0.0,0.0,0.0,0.43936213850975037,False,False,0.0,0.0,0.0,[],0.0,0.0,0,0.0,0,1.9169999916357483e-06
mlp_aco,10,7176,75,18,4,0.0,0.0,0.0,0.0,0.20313307642936707,False,False,0.0,0.0,0.0,[],0.0,0.0,0,0.0,0,1.9169999916357483e-06
mlp_aco,10,7177,75,18,1,8.0,100.0,108.0,0.54,0.46183210611343384,False,False,0.0,108.0,0.0,[],0.0,0.0,0,0.0,0,1.9170000200574577e-06
mlp_aco,10,7177,75,18,2,0.0,0.0,0.0,0.0,0.09907747060060501,False,False,0.0,0.0,0.0,[],0.0,0.0,0,0.0,0,1.9170000200574577e-06
mlp_aco,10,7177,75,18,3,0.0,0.0,0.0,0.0,0.43936213850975037,False,False,0.0,0.0,0.0,[],0.0,0.0,0,0.0,0,1.9170000200574577e-06
mlp_aco,10,7177,75,18,4,0.0,0.0,0.0,0.0,0.20313307642936707,False,False,0.0,0.0,0.0,[],0.0,0.0,0,0.0,0,1.9170000200574577e-06
mlp_aco,10,7178,75,18,1,8.0,108.0,116.0,0.58,0.5833609104156494,False,False,0.0,116.0,0.0,[],0.0,0.0,0,0.0,0,1.7920000061621977e-06
mlp_aco,10,7178,75,18,2,0.0,0.0,0.0,0.0,0.09907747060060501,False,False,0.0,0.0,0.0,[],0.0,0.0,0,0.0,0,1.7920000061621977e-06
mlp_aco,10,7178,75,18,3,0.0,0.0,0.0,0.0,0.43936213850975037,False,False,0.0,0.0,0.0,[],0.0,0.0,0,0.0,0,1.7920000061621977e-06
mlp_aco,10,7178,75,18,4,0.0,0.0,0.0,0.0,0.20313307642936707,False,False,0.0,0.0,0.0,[],0.0,0.0,0,0.0,0,1.7920000061621977e-06
mlp_aco,10,7179,75,18,1,9.0,116.0,125.0,0.625,0.814896285533905,True,True,30.0,95.0,0.0,[1],10.0,10.0,1,10.0,0,0.009036790999999766
mlp_aco,10,7179,75,18,2,0.0,0.0,0.0,0.0,0.09907747060060501,False,False,0.0,0.0,0.0,[],10.0,10.0,1,10.0,0,0.009036790999999766
mlp_aco,10,7179,75,18,3,0.0,0.0,0.0,0.0,0.43936213850975037,False,False,0.0,0.0,0.0,[],10.0,10.0,1,10.0,0,0.009036790999999766
mlp_aco,10,7179,75,18,4,0.0,0.0,0.0,0.0,0.20313307642936707,False,False,0.0,0.0,0.0,[],10.0,10.0,1,10.0,0,0.009036790999999766
mlp_aco,10,7180,75,19,1,8.0,95.0,103.0,0.515,0.41460341215133667,False,False,0.0,103.0,0.0,[],0.0,0.0,0,0.0,0,1.8750000094769348e-06
mlp_aco,10,7180,75,19,2,0.0,0.0,0.0,0.0,0.09907747060060501,False,False,0.0,0.0,0.0,[],0.0,0.0,0,0.0,0,1.8750000094769348e-06
mlp_aco,10,7180,75,19,3,0.0,0.0,0.0,0.0,0.43936213850975037,False,False,0.0,0.0,0.0,[],0.0,0.0,0,0.0,0,1.8750000094769348e-06
mlp_aco,10,7180,75,19,4,0.0,0.0,0.0,0.0,0.20313307642936707,False,False,0.0,0.0,0.0,[],0.0,0.0,0,0.0,0,1.8750000094769348e-06
mlp_aco,10,7181,75,19,1,8.0,103.0,111.0,0.555,0.4995497167110443,False,False,0.0,111.0,0.0,[],0.0,0.0,0,0.0,0,1.7080000134228612e-06
mlp_aco,10,7181,75,19,2,0.0,0.0,0.0,0.0,0.09907747060060501,False,False,0.0,0.0,0.0,[],0.0,0.0,0,0.0,0,1.7080000134228612e-06
mlp_aco,10,7181,75,19,3,0.0,0.0,0.0,0.0,0.43936213850975037,False,False,0.0,0.0,0.0,[],0.0,0.0,0,0.0,0,1.7080000134228612e-06
mlp_aco,10,7181,75,19,4,0.0,0.0,0.0,0.0,0.20313307642936707,False,False,0.0,0.0,0.0,[],0.0,0.0,0,0.0,0,1.7080000134228612e-06
mlp_aco,10,7182,75,19,1,8.0,111.0,119.0,0.595,0.6401405930519104,False,False,0.0,119.0,0.0,[],0.0,0.0,0,0.0,0,1.8329999988964119e-06
mlp_aco,10,7182,75,19,2,0.0,0.0,0.0,0.0,0.09907747060060501,False,False,0.0,0.0,0.0,[],0.0,0.0,0,0.0,0,1.8329999988964119e-06
mlp_aco,10,7182,75,19,3,0.0,0.0,0.0,0.0,0.43936213850975037,False,False,0.0,0.0,0.0,[],0.0,0.0,0,0.0,0,1.8329999988964119e-06
mlp_aco,10,7182,75,19,4,0.0,0.0,0.0,0.0,0.20313307642936707,False,False,0.0,0.0,0.0,[],0.0,0.0,0,0.0,0,1.8329999988964119e-06
mlp_aco,10,7183,75,19,1,9.0,119.0,128.0,0.64,0.8511240482330322,True,True,30.0,98.0,0.0,[1],10.0,10.0,1,10.0,0,0.008987624999974742
mlp_aco,10,7183,75,19,2,0.0,0.0,0.0,0.0,0.09907747060060501,False,False,0.0,0.0,0.0,[],10.0,10.0,1,10.0,0,0.008987624999974742
mlp_aco,10,7183,75,19,3,0.0,0.0,0.0,0.0,0.43936213850975037,False,False,0.0,0.0,0.0,[],10.0,10.0,1,10.0,0,0.008987624999974742
mlp_aco,10,7183,75,19,4,0.0,0.0,0.0,0.0,0.20313307642936707,False,False,0.0,0.0,0.0,[],10.0,10.0,1,10.0,0,0.008987624999974742
mlp_aco,10,7184,75,20,1,8.0,98.0,106.0,0.53,0.44214555621147156,False,False,0.0,106.0,0.0,[],0.0,0.0,0,0.0,0,2.750000021478627e-06
mlp_aco,10,7184,75,20,2,0.0,0.0,0.0,0.0,0.09907747060060501,False,False,0.0,0.0,0.0,[],0.0,0.0,0,0.0,0,2.750000021478627e-06
mlp_aco,10,7184,75,20,3,0.0,0.0,0.0,0.0,0.43936213850975037,False,False,0.0,0.0,0.0,[],0.0,0.0,0,0.0,0,2.750000021478627e-06
mlp_aco,10,7184,75,20,4,0.0,0.0,0.0,0.0,0.20313307642936707,False,False,0.0,0.0,0.0,[],0.0,0.0,0,0.0,0,2.750000021478627e-06
mlp_aco,10,7185,75,20,1,8.0,106.0,114.0,0.57,0.5473928451538086,False,False,0.0,114.0,0.0,[],0.0,0.0,0,0.0,0,1.8329999988964119e-06
mlp_aco,10,7185,75,20,2,0.0,0.0,0.0,0.0,0.09907747060060501,False,False,0.0,0.0,0.0,[],0.0,0.0,0,0.0,0,1.8329999988964119e-06
mlp_aco,10,7185,75,20,3,0.0,0.0,0.0,0.0,0.43936213850975037,False,False,0.0,0.0,0.0,[],0.0,0.0,0,0.0,0,1.8329999988964119e-06
mlp_aco,10,7185,75,20,4,0.0,0.0,0.0,0.0,0.20313307642936707,False,False,0.0,0.0,0.0,[],0.0,0.0,0,0.0,0,1.8329999988964119e-06
mlp_aco,10,7186,75,20,1,8.0,114.0,122.0,0.61,0.6932510733604431,False,False,0.0,122.0,0.0,[],0.0,0.0,0,0.0,0,1.7910000167375983e-06
mlp_aco,10,7186,75,20,2,0.0,0.0,0.0,0.0,0.09907747060060501,False,False,0.0,0.0,0.0,[],0.0,0.0,0,0.0,0,1.7910000167375983e-06
mlp_aco,10,7186,75,20,3,0.0,0.0,0.0,0.0,0.43936213850975037,False,False,0.0,0.0,0.0,[],0.0,0.0,0,0.0,0,1.7910000167375983e-06
mlp_aco,10,7186,75,20,4,0.0,0.0,0.0,0.0,0.20313307642936707,False,False,0.0,0.0,0.0,[],0.0,0.0,0,0.0,0,1.7910000167375983e-06
mlp_aco,10,7187,75,20,1,9.0,122.0,131.0,0.655,0.8823434114456177,True,True,30.0,101.0,0.0,[1],10.0,10.0,1,10.0,0,0.008813750000001619
mlp_aco,10,7187,75,20,2,0.0,0.0,0.0,0.0,0.09907747060060501,False,False,0.0,0.0,0.0,[],10.0,10.0,1,10.0,0,0.008813750000001619
mlp_aco,10,7187,75,20,3,0.0,0.0,0.0,0.0,0.43936213850975037,False,False,0.0,0.0,0.0,[],10.0,10.0,1,10.0,0,0.008813750000001619
mlp_aco,10,7187,75,20,4,0.0,0.0,0.0,0.0,0.20313307642936707,False,False,0.0,0.0,0.0,[],10.0,10.0,1,10.0,0,0.008813750000001619
mlp_aco,10,7188,75,21,1,5.0,101.0,106.0,0.53,0.33323925733566284,False,False,0.0,106.0,0.0,[],0.0,0.0,0,0.0,0,1.9999999949504854e-06
mlp_aco,10,7188,75,21,2,0.0,0.0,0.0,0.0,0.09907747060060501,False,False,0.0,0.0,0.0,[],0.0,0.0,0,0.0,0,1.9999999949504854e-06
mlp_aco,10,7188,75,21,3,0.0,0.0,0.0,0.0,0.43936213850975037,False,False,0.0,0.0,0.0,[],0.0,0.0,0,0.0,0,1.9999999949504854e-06
mlp_aco,10,7188,75,21,4,0.0,0.0,0.0,0.0,0.20313307642936707,False,False,0.0,0.0,0.0,[],0.0,0.0,0,0.0,0,1.9999999949504854e-06
mlp_aco,10,7189,75,21,1,0.0,106.0,106.0,0.53,0.22204233705997467,False,False,0.0,106.0,0.0,[],0.0,0.0,0,0.0,0,1.916000002211149e-06
mlp_aco,10,7189,75,21,2,0.0,0.0,0.0,0.0,0.09907747060060501,False,False,0.0,0.0,0.0,[],0.0,0.0,0,0.0,0,1.916000002211149e-06
mlp_aco,10,7189,75,21,3,0.0,0.0,0.0,0.0,0.43936213850975037,False,False,0.0,0.0,0.0,[],0.0,0.0,0,0.0,0,1.916000002211149e-06
mlp_aco,10,7189,75,21,4,0.0,0.0,0.0,0.0,0.20313307642936707,False,False,0.0,0.0,0.0,[],0.0,0.0,0,0.0,0,1.916000002211149e-06
mlp_aco,10,7190,75,21,1,0.0,106.0,106.0,0.53,0.25233447551727295,False,False,0.0,106.0,0.0,[],0.0,0.0,0,0.0,0,1.7499999955816747e-06
mlp_aco,10,7190,75,21,2,0.0,0.0,0.0,0.0,0.09907747060060501,False,False,0.0,0.0,0.0,[],0.0,0.0,0,0.0,0,1.7499999955816747e-06
mlp_aco,10,7190,75,21,3,0.0,0.0,0.0,0.0,0.43936213850975037,False,False,0.0,0.0,0.0,[],0.0,0.0,0,0.0,0,1.7499999955816747e-06
mlp_aco,10,7190,75,21,4,0.0,0.0,0.0,0.0,0.20313307642936707,False,False,0.0,0.0,0.0,[],0.0,0.0,0,0.0,0,1.7499999955816747e-06
mlp_aco,10,7191,75,21,1,0.0,106.0,106.0,0.53,0.29951170086860657,False,False,0.0,106.0,0.0,[],0.0,0.0,0,0.0,0,1.6660000028423383e-06
mlp_aco,10,7191,75,21,2,0.0,0.0,0.0,0.0,0.09907747060060501,False,False,0.0,0.0,0.0,[],0.0,0.0,0,0.0,0,1.6660000028423383e-06
mlp_aco,10,7191,75,21,3,0.0,0.0,0.0,0.0,0.43936213850975037,False,False,0.0,0.0,0.0,[],0.0,0.0,0,0.0,0,1.6660000028423383e-06
mlp_aco,10,7191,75,21,4,0.0,0.0,0.0,0.0,0.20313307642936707,False,False,0.0,0.0,0.0,[],0.0,0.0,0,0.0,0,1.6660000028423383e-06
mlp_aco,10,7192,75,22,1,0.0,106.0,106.0,0.53,0.33386918902397156,False,False,0.0,106.0,0.0,[],0.0,0.0,0,0.0,0,1.8339999883210112e-06
mlp_aco,10,7192,75,22,2,0.0,0.0,0.0,0.0,0.09907747060060501,False,False,0.0,0.0,0.0,[],0.0,0.0,0,0.0,0,1.8339999883210112e-06
mlp_aco,10,7192,75,22,3,0.0,0.0,0.0,0.0,0.43936213850975037,False,False,0.0,0.0,0.0,[],0.0,0.0,0,0.0,0,1.8339999883210112e-06
mlp_aco,10,7192,75,22,4,0.0,0.0,0.0,0.0,0.20313307642936707,False,False,0.0,0.0,0.0,[],0.0,0.0,0,0.0,0,1.8339999883210112e-06
mlp_aco,10,7193,75,22,1,0.0,106.0,106.0,0.53,0.33386918902397156,False,False,0.0,106.0,0.0,[],0.0,0.0,0,0.0,0,1.7499999955816747e-06
mlp_aco,10,7193,75,22,2,0.0,0.0,0.0,0.0,0.09907747060060501,False,False,0.0,0.0,0.0,[],0.0,0.0,0,0.0,0,1.7499999955816747e-06
mlp_aco,10,7193,75,22,3,0.0,0.0,0.0,0.0,0.43936213850975037,False,False,0.0,0.0,0.0,[],0.0,0.0,0,0.0,0,1.7499999955816747e-06
mlp_aco,10,7193,75,22,4,0.0,0.0,0.0,0.0,0.20313307642936707,False,False,0.0,0.0,0.0,[],0.0,0.0,0,0.0,0,1.7499999955816747e-06
mlp_aco,10,7194,75,22,1,0.0,106.0,106.0,0.53,0.33386918902397156,False,False,0.0,106.0,0.0,[],0.0,0.0,0,0.0,0,1.7499999955816747e-06
mlp_aco,10,7194,75,22,2,0.0,0.0,0.0,0.0,0.09907747060060501,False,False,0.0,0.0,0.0,[],0.0,0.0,0,0.0,0,1.7499999955816747e-06
mlp_aco,10,7194,75,22,3,0.0,0.0,0.0,0.0,0.43936213850975037,False,False,0.0,0.0,0.0,[],0.0,0.0,0,0.0,0,1.7499999955816747e-06
mlp_aco,10,7194,75,22,4,0.0,0.0,0.0,0.0,0.20313307642936707,False,False,0.0,0.0,0.0,[],0.0,0.0,0,0.0,0,1.7499999955816747e-06
mlp_aco,10,7195,75,22,1,0.0,106.0,106.0,0.53,0.33386918902397156,False,False,0.0,106.0,0.0,[],0.0,0.0,0,0.0,0,1.8339999883210112e-06
mlp_aco,10,7195,75,22,2,0.0,0.0,0.0,0.0,0.09907747060060501,False,False,0.0,0.0,0.0,[],0.0,0.0,0,0.0,0,1.8339999883210112e-06
mlp_aco,10,7195,75,22,3,0.0,0.0,0.0,0.0,0.43936213850975037,False,False,0.0,0.0,0.0,[],0.0,0.0,0,0.0,0,1.8339999883210112e-06
mlp_aco,10,7195,75,22,4,0.0,0.0,0.0,0.0,0.20313307642936707,False,False,0.0,0.0,0.0,[],0.0,0.0,0,0.0,0,1.8339999883210112e-06
mlp_aco,10,7196,75,23,1,0.0,106.0,106.0,0.53,0.33386918902397156,False,False,0.0,106.0,0.0,[],0.0,0.0,0,0.0,0,1.7499999955816747e-06
mlp_aco,10,7196,75,23,2,0.0,0.0,0.0,0.0,0.09907747060060501,False,False,0.0,0.0,0.0,[],0.0,0.0,0,0.0,0,1.7499999955816747e-06
mlp_aco,10,7196,75,23,3,0.0,0.0,0.0,0.0,0.43936213850975037,False,False,0.0,0.0,0.0,[],0.0,0.0,0,0.0,0,1.7499999955816747e-06
mlp_aco,10,7196,75,23,4,0.0,0.0,0.0,0.0,0.20313307642936707,False,False,0.0,0.0,0.0,[],0.0,0.0,0,0.0,0,1.7499999955816747e-06
mlp_aco,10,7197,75,23,1,0.0,106.0,106.0,0.53,0.33386918902397156,False,False,0.0,106.0,0.0,[],0.0,0.0,0,0.0,0,1.7079999850011518e-06
mlp_aco,10,7197,75,23,2,0.0,0.0,0.0,0.0,0.09907747060060501,False,False,0.0,0.0,0.0,[],0.0,0.0,0,0.0,0,1.7079999850011518e-06
mlp_aco,10,7197,75,23,3,0.0,0.0,0.0,0.0,0.43936213850975037,False,False,0.0,0.0,0.0,[],0.0,0.0,0,0.0,0,1.7079999850011518e-06
mlp_aco,10,7197,75,23,4,0.0,0.0,0.0,0.0,0.20313307642936707,False,False,0.0,0.0,0.0,[],0.0,0.0,0,0.0,0,1.7079999850011518e-06
mlp_aco,10,7198,75,23,1,0.0,106.0,106.0,0.53,0.33386918902397156,False,False,0.0,106.0,0.0,[],0.0,0.0,0,0.0,0,1.7910000167375983e-06
mlp_aco,10,7198,75,23,2,0.0,0.0,0.0,0.0,0.09907747060060501,False,False,0.0,0.0,0.0,[],0.0,0.0,0,0.0,0,1.7910000167375983e-06
mlp_aco,10,7198,75,23,3,0.0,0.0,0.0,0.0,0.43936213850975037,False,False,0.0,0.0,0.0,[],0.0,0.0,0,0.0,0,1.7910000167375983e-06
mlp_aco,10,7198,75,23,4,0.0,0.0,0.0,0.0,0.20313307642936707,False,False,0.0,0.0,0.0,[],0.0,0.0,0,0.0,0,1.7910000167375983e-06
mlp_aco,10,7199,75,23,1,0.0,106.0,106.0,0.53,0.33386918902397156,False,False,0.0,106.0,0.0,[],0.0,0.0,0,0.0,0,1.6660000028423383e-06
mlp_aco,10,7199,75,23,2,0.0,0.0,0.0,0.0,0.09907747060060501,False,False,0.0,0.0,0.0,[],0.0,0.0,0,0.0,0,1.6660000028423383e-06
mlp_aco,10,7199,75,23,3,0.0,0.0,0.0,0.0,0.43936213850975037,False,False,0.0,0.0,0.0,[],0.0,0.0,0,0.0,0,1.6660000028423383e-06
mlp_aco,10,7199,75,23,4,0.0,0.0,0.0,0.0,0.20313307642936707,False,False,0.0,0.0,0.0,[],0.0,0.0,0,0.0,0,1.6660000028423383e-06
mlp_aco,10,7200,76,0,1,20.0,106.0,126.0,0.63,0.995570957660675,True,True,30.0,96.0,0.0,[1],10.0,10.0,1,10.0,0,0.009023666000018693
mlp_aco,10,7200,76,0,2,0.0,0.0,0.0,0.0,0.09907747060060501,False,False,0.0,0.0,0.0,[],10.0,10.0,1,10.0,0,0.009023666000018693
mlp_aco,10,7200,76,0,3,0.0,0.0,0.0,0.0,0.43936213850975037,False,False,0.0,0.0,0.0,[],10.0,10.0,1,10.0,0,0.009023666000018693
mlp_aco,10,7200,76,0,4,0.0,0.0,0.0,0.0,0.20313307642936707,False,False,0.0,0.0,0.0,[],10.0,10.0,1,10.0,0,0.009023666000018693
mlp_aco,10,7201,76,0,1,18.0,96.0,114.0,0.57,0.9746323227882385,True,True,30.0,84.0,0.0,[1],10.0,10.0,1,10.0,0,0.009028583000002754
mlp_aco,10,7201,76,0,2,0.0,0.0,0.0,0.0,0.09907747060060501,False,False,0.0,0.0,0.0,[],10.0,10.0,1,10.0,0,0.009028583000002754
mlp_aco,10,7201,76,0,3,0.0,0.0,0.0,0.0,0.43936213850975037,False,False,0.0,0.0,0.0,[],10.0,10.0,1,10.0,0,0.009028583000002754
mlp_aco,10,7201,76,0,4,0.0,0.0,0.0,0.0,0.20313307642936707,False,False,0.0,0.0,0.0,[],10.0,10.0,1,10.0,0,0.009028583000002754
mlp_aco,10,7202,76,0,1,19.0,84.0,103.0,0.515,0.9547727704048157,True,True,30.0,73.0,0.0,[1],10.0,10.0,1,10.0,0,0.009041832999997723
mlp_aco,10,7202,76,0,2,0.0,0.0,0.0,0.0,0.09907747060060501,False,False,0.0,0.0,0.0,[],10.0,10.0,1,10.0,0,0.009041832999997723
mlp_aco,10,7202,76,0,3,0.0,0.0,0.0,0.0,0.43936213850975037,False,False,0.0,0.0,0.0,[],10.0,10.0,1,10.0,0,0.009041832999997723
mlp_aco,10,7202,76,0,4,0.0,0.0,0.0,0.0,0.20313307642936707,False,False,0.0,0.0,0.0,[],10.0,10.0,1,10.0,0,0.009041832999997723
mlp_aco,10,7203,76,0,1,18.0,73.0,91.0,0.455,0.8865105509757996,True,True,30.0,61.0,0.0,[1],10.0,10.0,1,10.0,0,0.008927624999984118
mlp_aco,10,7203,76,0,2,0.0,0.0,0.0,0.0,0.09907747060060501,False,False,0.0,0.0,0.0,[],10.0,10.0,1,10.0,0,0.008927624999984118
mlp_aco,10,7203,76,0,3,0.0,0.0,0.0,0.0,0.43936213850975037,False,False,0.0,0.0,0.0,[],10.0,10.0,1,10.0,0,0.008927624999984118
mlp_aco,10,7203,76,0,4,0.0,0.0,0.0,0.0,0.20313307642936707,False,False,0.0,0.0,0.0,[],10.0,10.0,1,10.0,0,0.008927624999984118
mlp_aco,10,7204,76,1,1,18.0,61.0,79.0,0.395,0.8243235945701599,True,True,30.0,49.0,0.0,[1],10.0,10.0,1,10.0,0,0.00891125000001125
mlp_aco,10,7204,76,1,2,0.0,0.0,0.0,0.0,0.09907747060060501,False,False,0.0,0.0,0.0,[],10.0,10.0,1,10.0,0,0.00891125000001125
mlp_aco,10,7204,76,1,3,0.0,0.0,0.0,0.0,0.43936213850975037,False,False,0.0,0.0,0.0,[],10.0,10.0,1,10.0,0,0.00891125000001125
mlp_aco,10,7204,76,1,4,0.0,0.0,0.0,0.0,0.20313307642936707,False,False,0.0,0.0,0.0,[],10.0,10.0,1,10.0,0,0.00891125000001125
mlp_aco,10,7205,76,1,1,19.0,49.0,68.0,0.34,0.8081768155097961,True,True,30.0,38.0,0.0,[1],10.0,10.0,1,10.0,0,0.008837374999984604
mlp_aco,10,7205,76,1,2,0.0,0.0,0.0,0.0,0.09907747060060501,False,False,0.0,0.0,0.0,[],10.0,10.0,1,10.0,0,0.008837374999984604
mlp_aco,10,7205,76,1,3,0.0,0.0,0.0,0.0,0.43936213850975037,False,False,0.0,0.0,0.0,[],10.0,10.0,1,10.0,0,0.008837374999984604
mlp_aco,10,7205,76,1,4,0.0,0.0,0.0,0.0,0.20313307642936707,False,False,0.0,0.0,0.0,[],10.0,10.0,1,10.0,0,0.008837374999984604
mlp_aco,10,7206,76,1,1,35.0,38.0,73.0,0.365,0.998245120048523,True,True,30.0,43.0,0.0,[1],10.0,10.0,1,10.0,0,0.008937875000015083
mlp_aco,10,7206,76,1,2,0.0,0.0,0.0,0.0,0.09907747060060501,False,False,0.0,0.0,0.0,[],10.0,10.0,1,10.0,0,0.008937875000015083
mlp_aco,10,7206,76,1,3,0.0,0.0,0.0,0.0,0.43936213850975037,False,False,0.0,0.0,0.0,[],10.0,10.0,1,10.0,0,0.008937875000015083
mlp_aco,10,7206,76,1,4,0.0,0.0,0.0,0.0,0.20313307642936707,False,False,0.0,0.0,0.0,[],10.0,10.0,1,10.0,0,0.008937875000015083
mlp_aco,10,7207,76,1,1,36.0,43.0,79.0,0.395,0.9991735219955444,True,True,30.0,49.0,0.0,[1],10.0,10.0,1,10.0,0,0.008880167000000938
mlp_aco,10,7207,76,1,2,0.0,0.0,0.0,0.0,0.09907747060060501,False,False,0.0,0.0,0.0,[],10.0,10.0,1,10.0,0,0.008880167000000938
mlp_aco,10,7207,76,1,3,0.0,0.0,0.0,0.0,0.43936213850975037,False,False,0.0,0.0,0.0,[],10.0,10.0,1,10.0,0,0.008880167000000938
mlp_aco,10,7207,76,1,4,0.0,0.0,0.0,0.0,0.20313307642936707,False,False,0.0,0.0,0.0,[],10.0,10.0,1,10.0,0,0.008880167000000938
mlp_aco,10,7208,76,2,1,35.0,49.0,84.0,0.42,0.9992660284042358,True,True,30.0,54.0,0.0,[1],10.0,10.0,1,10.0,0,0.009064166000001705
mlp_aco,10,7208,76,2,2,0.0,0.0,0.0,0.0,0.09907747060060501,False,False,0.0,0.0,0.0,[],10.0,10.0,1,10.0,0,0.009064166000001705
mlp_aco,10,7208,76,2,3,0.0,0.0,0.0,0.0,0.43936213850975037,False,False,0.0,0.0,0.0,[],10.0,10.0,1,10.0,0,0.009064166000001705
mlp_aco,10,7208,76,2,4,0.0,0.0,0.0,0.0,0.20313307642936707,False,False,0.0,0.0,0.0,[],10.0,10.0,1,10.0,0,0.009064166000001705
mlp_aco,10,7209,76,2,1,36.0,54.0,90.0,0.45,0.9996858239173889,True,True,30.0,60.0,0.0,[1],10.0,10.0,1,10.0,0,0.008943458999993936
mlp_aco,10,7209,76,2,2,0.0,0.0,0.0,0.0,0.09907747060060501,False,False,0.0,0.0,0.0,[],10.0,10.0,1,10.0,0,0.008943458999993936
mlp_aco,10,7209,76,2,3,0.0,0.0,0.0,0.0,0.43936213850975037,False,False,0.0,0.0,0.0,[],10.0,10.0,1,10.0,0,0.008943458999993936
mlp_aco,10,7209,76,2,4,0.0,0.0,0.0,0.0,0.20313307642936707,False,False,0.0,0.0,0.0,[],10.0,10.0,1,10.0,0,0.008943458999993936
mlp_aco,10,7210,76,2,1,36.0,60.0,96.0,0.48,0.9997889399528503,True,True,30.0,66.0,0.0,[1],10.0,10.0,1,10.0,0,0.009049625000017159
mlp_aco,10,7210,76,2,2,0.0,0.0,0.0,0.0,0.09907747060060501,False,False,0.0,0.0,0.0,[],10.0,10.0,1,10.0,0,0.009049625000017159
mlp_aco,10,7210,76,2,3,0.0,0.0,0.0,0.0,0.43936213850975037,False,False,0.0,0.0,0.0,[],10.0,10.0,1,10.0,0,0.009049625000017159
mlp_aco,10,7210,76,2,4,0.0,0.0,0.0,0.0,0.20313307642936707,False,False,0.0,0.0,0.0,[],10.0,10.0,1,10.0,0,0.009049625000017159
mlp_aco,10,7211,76,2,1,34.0,66.0,100.0,0.5,0.9996912479400635,True,True,30.0,70.0,0.0,[1],10.0,10.0,1,10.0,0,0.008837749999997868
mlp_aco,10,7211,76,2,2,0.0,0.0,0.0,0.0,0.09907747060060501,False,False,0.0,0.0,0.0,[],10.0,10.0,1,10.0,0,0.008837749999997868
mlp_aco,10,7211,76,2,3,0.0,0.0,0.0,0.0,0.43936213850975037,False,False,0.0,0.0,0.0,[],10.0,10.0,1,10.0,0,0.008837749999997868
mlp_aco,10,7211,76,2,4,0.0,0.0,0.0,0.0,0.20313307642936707,False,False,0.0,0.0,0.0,[],10.0,10.0,1,10.0,0,0.008837749999997868
mlp_aco,10,7212,76,3,1,36.0,70.0,106.0,0.53,0.9998881816864014,True,True,30.0,76.0,0.0,[1],10.0,10.0,1,10.0,0,0.008935708999985081
mlp_aco,10,7212,76,3,2,0.0,0.0,0.0,0.0,0.09907747060060501,False,False,0.0,0.0,0.0,[],10.0,10.0,1,10.0,0,0.008935708999985081
mlp_aco,10,7212,76,3,3,0.0,0.0,0.0,0.0,0.43936213850975037,False,False,0.0,0.0,0.0,[],10.0,10.0,1,10.0,0,0.008935708999985081
mlp_aco,10,7212,76,3,4,0.0,0.0,0.0,0.0,0.20313307642936707,False,False,0.0,0.0,0.0,[],10.0,10.0,1,10.0,0,0.008935708999985081
mlp_aco,10,7213,76,3,1,36.0,76.0,112.0,0.56,0.99992436170578,True,True,30.0,82.0,0.0,[1],10.0,10.0,1,10.0,0,0.009075166000002355
mlp_aco,10,7213,76,3,2,0.0,0.0,0.0,0.0,0.09907747060060501,False,False,0.0,0.0,0.0,[],10.0,10.0,1,10.0,0,0.009075166000002355
mlp_aco,10,7213,76,3,3,0.0,0.0,0.0,0.0,0.43936213850975037,False,False,0.0,0.0,0.0,[],10.0,10.0,1,10.0,0,0.009075166000002355
mlp_aco,10,7213,76,3,4,0.0,0.0,0.0,0.0,0.20313307642936707,False,False,0.0,0.0,0.0,[],10.0,10.0,1,10.0,0,0.009075166000002355
mlp_aco,10,7214,76,3,1,37.0,82.0,119.0,0.595,0.9999676942825317,True,True,30.0,89.0,0.0,[1],10.0,10.0,1,10.0,0,0.009005166999997982
mlp_aco,10,7214,76,3,2,0.0,0.0,0.0,0.0,0.09907747060060501,False,False,0.0,0.0,0.0,[],10.0,10.0,1,10.0,0,0.009005166999997982
mlp_aco,10,7214,76,3,3,0.0,0.0,0.0,0.0,0.43936213850975037,False,False,0.0,0.0,0.0,[],10.0,10.0,1,10.0,0,0.009005166999997982
mlp_aco,10,7214,76,3,4,0.0,0.0,0.0,0.0,0.20313307642936707,False,False,0.0,0.0,0.0,[],10.0,10.0,1,10.0,0,0.009005166999997982
mlp_aco,10,7215,76,3,1,37.0,89.0,126.0,0.63,0.9999822378158569,True,True,30.0,96.0,0.0,[1],10.0,10.0,1,10.0,0,0.008875500000016245
mlp_aco,10,7215,76,3,2,0.0,0.0,0.0,0.0,0.09907747060060501,False,False,0.0,0.0,0.0,[],10.0,10.0,1,10.0,0,0.008875500000016245
mlp_aco,10,7215,76,3,3,0.0,0.0,0.0,0.0,0.43936213850975037,False,False,0.0,0.0,0.0,[],10.0,10.0,1,10.0,0,0.008875500000016245
mlp_aco,10,7215,76,3,4,0.0,0.0,0.0,0.0,0.20313307642936707,False,False,0.0,0.0,0.0,[],10.0,10.0,1,10.0,0,0.008875500000016245
mlp_aco,10,7216,76,4,1,37.0,96.0,133.0,0.665,0.9999918937683105,True,True,30.0,103.0,0.0,[1],10.0,10.0,1,10.0,0,0.00894012499998098
mlp_aco,10,7216,76,4,2,0.0,0.0,0.0,0.0,0.09907747060060501,False,False,0.0,0.0,0.0,[],10.0,10.0,1,10.0,0,0.00894012499998098
mlp_aco,10,7216,76,4,3,0.0,0.0,0.0,0.0,0.43936213850975037,False,False,0.0,0.0,0.0,[],10.0,10.0,1,10.0,0,0.00894012499998098
mlp_aco,10,7216,76,4,4,0.0,0.0,0.0,0.0,0.20313307642936707,False,False,0.0,0.0,0.0,[],10.0,10.0,1,10.0,0,0.00894012499998098
mlp_aco,10,7217,76,4,1,38.0,103.0,141.0,0.705,0.9999977946281433,True,True,30.0,111.0,0.0,[1],10.0,10.0,1,10.0,0,0.008907791000012821
mlp_aco,10,7217,76,4,2,0.0,0.0,0.0,0.0,0.09907747060060501,False,False,0.0,0.0,0.0,[],10.0,10.0,1,10.0,0,0.008907791000012821
mlp_aco,10,7217,76,4,3,0.0,0.0,0.0,0.0,0.43936213850975037,False,False,0.0,0.0,0.0,[],10.0,10.0,1,10.0,0,0.008907791000012821
mlp_aco,10,7217,76,4,4,0.0,0.0,0.0,0.0,0.20313307642936707,False,False,0.0,0.0,0.0,[],10.0,10.0,1,10.0,0,0.008907791000012821
mlp_aco,10,7218,76,4,1,49.0,111.0,160.0,0.8,1.0,True,True,30.0,130.0,0.0,[1],10.0,10.0,1,10.0,0,0.008828208000011273
mlp_aco,10,7218,76,4,2,0.0,0.0,0.0,0.0,0.09907747060060501,False,False,0.0,0.0,0.0,[],10.0,10.0,1,10.0,0,0.008828208000011273
mlp_aco,10,7218,76,4,3,0.0,0.0,0.0,0.0,0.43936213850975037,False,False,0.0,0.0,0.0,[],10.0,10.0,1,10.0,0,0.008828208000011273
mlp_aco,10,7218,76,4,4,0.0,0.0,0.0,0.0,0.20313307642936707,False,False,0.0,0.0,0.0,[],10.0,10.0,1,10.0,0,0.008828208000011273
mlp_aco,10,7219,76,4,1,52.0,130.0,182.0,0.91,1.0,True,True,30.0,152.0,0.0,[1],10.0,10.0,1,10.0,0,0.009022083999980168
mlp_aco,10,7219,76,4,2,0.0,0.0,0.0,0.0,0.09907747060060501,False,False,0.0,0.0,0.0,[],10.0,10.0,1,10.0,0,0.009022083999980168
mlp_aco,10,7219,76,4,3,0.0,0.0,0.0,0.0,0.43936213850975037,False,False,0.0,0.0,0.0,[],10.0,10.0,1,10.0,0,0.009022083999980168
mlp_aco,10,7219,76,4,4,0.0,0.0,0.0,0.0,0.20313307642936707,False,False,0.0,0.0,0.0,[],10.0,10.0,1,10.0,0,0.009022083999980168
mlp_aco,10,7220,76,5,1,59.0,152.0,211.0,1.055,1.0,True,True,30.0,181.0,0.0,[1],10.0,10.0,1,10.0,0,0.009025540999999748
mlp_aco,10,7220,76,5,2,0.0,0.0,0.0,0.0,0.09907747060060501,False,False,0.0,0.0,0.0,[],10.0,10.0,1,10.0,0,0.009025540999999748
mlp_aco,10,7220,76,5,3,0.0,0.0,0.0,0.0,0.43936213850975037,False,False,0.0,0.0,0.0,[],10.0,10.0,1,10.0,0,0.009025540999999748
mlp_aco,10,7220,76,5,4,0.0,0.0,0.0,0.0,0.20313307642936707,False,False,0.0,0.0,0.0,[],10.0,10.0,1,10.0,0,0.009025540999999748
mlp_aco,10,7221,76,5,1,56.0,181.0,237.0,1.185,1.0,True,True,30.0,200.0,7.0,[1],10.0,10.0,1,10.0,0,0.008951041999978315
mlp_aco,10,7221,76,5,2,0.0,0.0,0.0,0.0,0.09907747060060501,False,False,0.0,0.0,0.0,[],10.0,10.0,1,10.0,0,0.008951041999978315
mlp_aco,10,7221,76,5,3,0.0,0.0,0.0,0.0,0.43936213850975037,False,False,0.0,0.0,0.0,[],10.0,10.0,1,10.0,0,0.008951041999978315
mlp_aco,10,7221,76,5,4,0.0,0.0,0.0,0.0,0.20313307642936707,False,False,0.0,0.0,0.0,[],10.0,10.0,1,10.0,0,0.008951041999978315
mlp_aco,10,7222,76,5,1,64.0,200.0,264.0,1.32,1.0,True,True,30.0,200.0,34.0,[1],10.0,10.0,1,10.0,0,0.00889574999999354
mlp_aco,10,7222,76,5,2,0.0,0.0,0.0,0.0,0.09907747060060501,False,False,0.0,0.0,0.0,[],10.0,10.0,1,10.0,0,0.00889574999999354
mlp_aco,10,7222,76,5,3,0.0,0.0,0.0,0.0,0.43936213850975037,False,False,0.0,0.0,0.0,[],10.0,10.0,1,10.0,0,0.00889574999999354
mlp_aco,10,7222,76,5,4,0.0,0.0,0.0,0.0,0.20313307642936707,False,False,0.0,0.0,0.0,[],10.0,10.0,1,10.0,0,0.00889574999999354
mlp_aco,10,7223,76,5,1,84.0,200.0,284.0,1.42,1.0,True,True,30.0,200.0,54.0,[1],10.0,10.0,1,10.0,0,0.008946124999994254
mlp_aco,10,7223,76,5,2,0.0,0.0,0.0,0.0,0.09907747060060501,False,False,0.0,0.0,0.0,[],10.0,10.0,1,10.0,0,0.008946124999994254
mlp_aco,10,7223,76,5,3,0.0,0.0,0.0,0.0,0.43936213850975037,False,False,0.0,0.0,0.0,[],10.0,10.0,1,10.0,0,0.008946124999994254
mlp_aco,10,7223,76,5,4,0.0,0.0,0.0,0.0,0.20313307642936707,False,False,0.0,0.0,0.0,[],10.0,10.0,1,10.0,0,0.008946124999994254
mlp_aco,10,7224,76,6,1,86.0,200.0,286.0,1.43,1.0,True,True,30.0,200.0,56.0,[1],10.0,10.0,1,10.0,0,0.008930999999989808
mlp_aco,10,7224,76,6,2,0.0,0.0,0.0,0.0,0.09907747060060501,False,False,0.0,0.0,0.0,[],10.0,10.0,1,10.0,0,0.008930999999989808
mlp_aco,10,7224,76,6,3,0.0,0.0,0.0,0.0,0.43936213850975037,False,False,0.0,0.0,0.0,[],10.0,10.0,1,10.0,0,0.008930999999989808
mlp_aco,10,7224,76,6,4,0.0,0.0,0.0,0.0,0.20313307642936707,False,False,0.0,0.0,0.0,[],10.0,10.0,1,10.0,0,0.008930999999989808
mlp_aco,10,7225,76,6,1,78.0,200.0,278.0,1.39,1.0,True,True,30.0,200.0,48.0,[1],10.0,10.0,1,10.0,0,0.008931082999993123
mlp_aco,10,7225,76,6,2,0.0,0.0,0.0,0.0,0.09907747060060501,False,False,0.0,0.0,0.0,[],10.0,10.0,1,10.0,0,0.008931082999993123
mlp_aco,10,7225,76,6,3,0.0,0.0,0.0,0.0,0.43936213850975037,False,False,0.0,0.0,0.0,[],10.0,10.0,1,10.0,0,0.008931082999993123
mlp_aco,10,7225,76,6,4,0.0,0.0,0.0,0.0,0.20313307642936707,False,False,0.0,0.0,0.0,[],10.0,10.0,1,10.0,0,0.008931082999993123
mlp_aco,10,7226,76,6,1,66.0,200.0,266.0,1.33,1.0,True,True,30.0,200.0,36.0,[1],10.0,10.0,1,10.0,0,0.008977999999984831
mlp_aco,10,7226,76,6,2,0.0,0.0,0.0,0.0,0.09907747060060501,False,False,0.0,0.0,0.0,[],10.0,10.0,1,10.0,0,0.008977999999984831
mlp_aco,10,7226,76,6,3,0.0,0.0,0.0,0.0,0.43936213850975037,False,False,0.0,0.0,0.0,[],10.0,10.0,1,10.0,0,0.008977999999984831
mlp_aco,10,7226,76,6,4,0.0,0.0,0.0,0.0,0.20313307642936707,False,False,0.0,0.0,0.0,[],10.0,10.0,1,10.0,0,0.008977999999984831
mlp_aco,10,7227,76,6,1,59.0,200.0,259.0,1.295,1.0,True,True,30.0,200.0,29.0,[1],10.0,10.0,1,10.0,0,0.009114584000002424
mlp_aco,10,7227,76,6,2,0.0,0.0,0.0,0.0,0.09907747060060501,False,False,0.0,0.0,0.0,[],10.0,10.0,1,10.0,0,0.009114584000002424
mlp_aco,10,7227,76,6,3,0.0,0.0,0.0,0.0,0.43936213850975037,False,False,0.0,0.0,0.0,[],10.0,10.0,1,10.0,0,0.009114584000002424
mlp_aco,10,7227,76,6,4,0.0,0.0,0.0,0.0,0.20313307642936707,False,False,0.0,0.0,0.0,[],10.0,10.0,1,10.0,0,0.009114584000002424
mlp_aco,10,7228,76,7,1,54.0,200.0,254.0,1.27,1.0,True,True,30.0,200.0,24.0,[1],10.0,10.0,1,10.0,0,0.009293791999994028
mlp_aco,10,7228,76,7,2,0.0,0.0,0.0,0.0,0.09907747060060501,False,False,0.0,0.0,0.0,[],10.0,10.0,1,10.0,0,0.009293791999994028
mlp_aco,10,7228,76,7,3,0.0,0.0,0.0,0.0,0.43936213850975037,False,False,0.0,0.0,0.0,[],10.0,10.0,1,10.0,0,0.009293791999994028
mlp_aco,10,7228,76,7,4,0.0,0.0,0.0,0.0,0.20313307642936707,False,False,0.0,0.0,0.0,[],10.0,10.0,1,10.0,0,0.009293791999994028
mlp_aco,10,7229,76,7,1,56.0,200.0,256.0,1.28,1.0,True,True,30.0,200.0,26.0,[1],10.0,10.0,1,10.0,0,0.00932704100000592
mlp_aco,10,7229,76,7,2,0.0,0.0,0.0,0.0,0.09907747060060501,False,False,0.0,0.0,0.0,[],10.0,10.0,1,10.0,0,0.00932704100000592
mlp_aco,10,7229,76,7,3,0.0,0.0,0.0,0.0,0.43936213850975037,False,False,0.0,0.0,0.0,[],10.0,10.0,1,10.0,0,0.00932704100000592
mlp_aco,10,7229,76,7,4,0.0,0.0,0.0,0.0,0.20313307642936707,False,False,0.0,0.0,0.0,[],10.0,10.0,1,10.0,0,0.00932704100000592
mlp_aco,10,7230,76,7,1,54.0,200.0,254.0,1.27,1.0,True,True,30.0,200.0,24.0,[1],10.0,10.0,1,10.0,0,0.009053916999988587
mlp_aco,10,7230,76,7,2,0.0,0.0,0.0,0.0,0.09907747060060501,False,False,0.0,0.0,0.0,[],10.0,10.0,1,10.0,0,0.009053916999988587
mlp_aco,10,7230,76,7,3,0.0,0.0,0.0,0.0,0.43936213850975037,False,False,0.0,0.0,0.0,[],10.0,10.0,1,10.0,0,0.009053916999988587
mlp_aco,10,7230,76,7,4,0.0,0.0,0.0,0.0,0.20313307642936707,False,False,0.0,0.0,0.0,[],10.0,10.0,1,10.0,0,0.009053916999988587
mlp_aco,10,7231,76,7,1,54.0,200.0,254.0,1.27,1.0,True,True,30.0,200.0,24.0,[1],10.0,10.0,1,10.0,0,0.009094167000000652
mlp_aco,10,7231,76,7,2,0.0,0.0,0.0,0.0,0.09907747060060501,False,False,0.0,0.0,0.0,[],10.0,10.0,1,10.0,0,0.009094167000000652
mlp_aco,10,7231,76,7,3,0.0,0.0,0.0,0.0,0.43936213850975037,False,False,0.0,0.0,0.0,[],10.0,10.0,1,10.0,0,0.009094167000000652
mlp_aco,10,7231,76,7,4,0.0,0.0,0.0,0.0,0.20313307642936707,False,False,0.0,0.0,0.0,[],10.0,10.0,1,10.0,0,0.009094167000000652
mlp_aco,10,7232,76,8,1,57.0,200.0,257.0,1.285,1.0,True,True,30.0,200.0,27.0,[1],10.0,10.0,1,10.0,0,0.008930332999995017
mlp_aco,10,7232,76,8,2,0.0,0.0,0.0,0.0,0.09907747060060501,False,False,0.0,0.0,0.0,[],10.0,10.0,1,10.0,0,0.008930332999995017
mlp_aco,10,7232,76,8,3,0.0,0.0,0.0,0.0,0.43936213850975037,False,False,0.0,0.0,0.0,[],10.0,10.0,1,10.0,0,0.008930332999995017
mlp_aco,10,7232,76,8,4,0.0,0.0,0.0,0.0,0.20313307642936707,False,False,0.0,0.0,0.0,[],10.0,10.0,1,10.0,0,0.008930332999995017
mlp_aco,10,7233,76,8,1,55.0,200.0,255.0,1.275,1.0,True,True,30.0,200.0,25.0,[1],10.0,10.0,1,10.0,0,0.00895137500000942
mlp_aco,10,7233,76,8,2,0.0,0.0,0.0,0.0,0.09907747060060501,False,False,0.0,0.0,0.0,[],10.0,10.0,1,10.0,0,0.00895137500000942
mlp_aco,10,7233,76,8,3,0.0,0.0,0.0,0.0,0.43936213850975037,False,False,0.0,0.0,0.0,[],10.0,10.0,1,10.0,0,0.00895137500000942
mlp_aco,10,7233,76,8,4,0.0,0.0,0.0,0.0,0.20313307642936707,False,False,0.0,0.0,0.0,[],10.0,10.0,1,10.0,0,0.00895137500000942
mlp_aco,10,7234,76,8,1,54.0,200.0,254.0,1.27,1.0,True,True,30.0,200.0,24.0,[1],10.0,10.0,1,10.0,0,0.009014457999995784
mlp_aco,10,7234,76,8,2,0.0,0.0,0.0,0.0,0.09907747060060501,False,False,0.0,0.0,0.0,[],10.0,10.0,1,10.0,0,0.009014457999995784
mlp_aco,10,7234,76,8,3,0.0,0.0,0.0,0.0,0.43936213850975037,False,False,0.0,0.0,0.0,[],10.0,10.0,1,10.0,0,0.009014457999995784
mlp_aco,10,7234,76,8,4,0.0,0.0,0.0,0.0,0.20313307642936707,False,False,0.0,0.0,0.0,[],10.0,10.0,1,10.0,0,0.009014457999995784
mlp_aco,10,7235,76,8,1,55.0,200.0,255.0,1.275,1.0,True,True,30.0,200.0,25.0,[1],10.0,10.0,1,10.0,0,0.008984208000015315
mlp_aco,10,7235,76,8,2,0.0,0.0,0.0,0.0,0.09907747060060501,False,False,0.0,0.0,0.0,[],10.0,10.0,1,10.0,0,0.008984208000015315
mlp_aco,10,7235,76,8,3,0.0,0.0,0.0,0.0,0.43936213850975037,False,False,0.0,0.0,0.0,[],10.0,10.0,1,10.0,0,0.008984208000015315
mlp_aco,10,7235,76,8,4,0.0,0.0,0.0,0.0,0.20313307642936707,False,False,0.0,0.0,0.0,[],10.0,10.0,1,10.0,0,0.008984208000015315
mlp_aco,10,7236,76,9,1,50.0,200.0,250.0,1.25,1.0,True,True,30.0,200.0,20.0,[1],10.0,10.0,1,10.0,0,0.009547667000020965
mlp_aco,10,7236,76,9,2,0.0,0.0,0.0,0.0,0.09907747060060501,False,False,0.0,0.0,0.0,[],10.0,10.0,1,10.0,0,0.009547667000020965
mlp_aco,10,7236,76,9,3,0.0,0.0,0.0,0.0,0.43936213850975037,False,False,0.0,0.0,0.0,[],10.0,10.0,1,10.0,0,0.009547667000020965
mlp_aco,10,7236,76,9,4,0.0,0.0,0.0,0.0,0.20313307642936707,False,False,0.0,0.0,0.0,[],10.0,10.0,1,10.0,0,0.009547667000020965
mlp_aco,10,7237,76,9,1,45.0,200.0,245.0,1.225,1.0,True,True,30.0,200.0,15.0,[1],10.0,10.0,1,10.0,0,0.009581416999992598
mlp_aco,10,7237,76,9,2,0.0,0.0,0.0,0.0,0.09907747060060501,False,False,0.0,0.0,0.0,[],10.0,10.0,1,10.0,0,0.009581416999992598
mlp_aco,10,7237,76,9,3,0.0,0.0,0.0,0.0,0.43936213850975037,False,False,0.0,0.0,0.0,[],10.0,10.0,1,10.0,0,0.009581416999992598
mlp_aco,10,7237,76,9,4,0.0,0.0,0.0,0.0,0.20313307642936707,False,False,0.0,0.0,0.0,[],10.0,10.0,1,10.0,0,0.009581416999992598
mlp_aco,10,7238,76,9,1,45.0,200.0,245.0,1.225,1.0,True,True,30.0,200.0,15.0,[1],10.0,10.0,1,10.0,0,0.009602291999982526
mlp_aco,10,7238,76,9,2,0.0,0.0,0.0,0.0,0.09907747060060501,False,False,0.0,0.0,0.0,[],10.0,10.0,1,10.0,0,0.009602291999982526
mlp_aco,10,7238,76,9,3,0.0,0.0,0.0,0.0,0.43936213850975037,False,False,0.0,0.0,0.0,[],10.0,10.0,1,10.0,0,0.009602291999982526
mlp_aco,10,7238,76,9,4,0.0,0.0,0.0,0.0,0.20313307642936707,False,False,0.0,0.0,0.0,[],10.0,10.0,1,10.0,0,0.009602291999982526
mlp_aco,10,7239,76,9,1,38.0,200.0,238.0,1.19,1.0,True,True,30.0,200.0,8.0,[1],10.0,10.0,1,10.0,0,0.009871500000002698
mlp_aco,10,7239,76,9,2,0.0,0.0,0.0,0.0,0.09907747060060501,False,False,0.0,0.0,0.0,[],10.0,10.0,1,10.0,0,0.009871500000002698
mlp_aco,10,7239,76,9,3,0.0,0.0,0.0,0.0,0.43936213850975037,False,False,0.0,0.0,0.0,[],10.0,10.0,1,10.0,0,0.009871500000002698
mlp_aco,10,7239,76,9,4,0.0,0.0,0.0,0.0,0.20313307642936707,False,False,0.0,0.0,0.0,[],10.0,10.0,1,10.0,0,0.009871500000002698
mlp_aco,10,7240,76,10,1,32.0,200.0,232.0,1.16,1.0,True,True,30.0,200.0,2.0,[1],10.0,10.0,1,10.0,0,0.009760625000012624
mlp_aco,10,7240,76,10,2,0.0,0.0,0.0,0.0,0.09907747060060501,False,False,0.0,0.0,0.0,[],10.0,10.0,1,10.0,0,0.009760625000012624
mlp_aco,10,7240,76,10,3,0.0,0.0,0.0,0.0,0.43936213850975037,False,False,0.0,0.0,0.0,[],10.0,10.0,1,10.0,0,0.009760625000012624
mlp_aco,10,7240,76,10,4,0.0,0.0,0.0,0.0,0.20313307642936707,False,False,0.0,0.0,0.0,[],10.0,10.0,1,10.0,0,0.009760625000012624
mlp_aco,10,7241,76,10,1,24.0,200.0,224.0,1.12,1.0,True,True,30.0,194.0,0.0,[1],10.0,10.0,1,10.0,0,0.009606750000017428
mlp_aco,10,7241,76,10,2,0.0,0.0,0.0,0.0,0.09907747060060501,False,False,0.0,0.0,0.0,[],10.0,10.0,1,10.0,0,0.009606750000017428
mlp_aco,10,7241,76,10,3,0.0,0.0,0.0,0.0,0.43936213850975037,False,False,0.0,0.0,0.0,[],10.0,10.0,1,10.0,0,0.009606750000017428
mlp_aco,10,7241,76,10,4,0.0,0.0,0.0,0.0,0.20313307642936707,False,False,0.0,0.0,0.0,[],10.0,10.0,1,10.0,0,0.009606750000017428
mlp_aco,10,7242,76,10,1,20.0,194.0,214.0,1.07,1.0,True,True,30.0,184.0,0.0,[1],10.0,10.0,1,10.0,0,0.009271582999986094
mlp_aco,10,7242,76,10,2,0.0,0.0,0.0,0.0,0.09907747060060501,False,False,0.0,0.0,0.0,[],10.0,10.0,1,10.0,0,0.009271582999986094
mlp_aco,10,7242,76,10,3,0.0,0.0,0.0,0.0,0.43936213850975037,False,False,0.0,0.0,0.0,[],10.0,10.0,1,10.0,0,0.009271582999986094
mlp_aco,10,7242,76,10,4,0.0,0.0,0.0,0.0,0.20313307642936707,False,False,0.0,0.0,0.0,[],10.0,10.0,1,10.0,0,0.009271582999986094
mlp_aco,10,7243,76,10,1,20.0,184.0,204.0,1.02,1.0,True,True,30.0,174.0,0.0,[1],10.0,10.0,1,10.0,0,0.009682666999992762
mlp_aco,10,7243,76,10,2,0.0,0.0,0.0,0.0,0.09907747060060501,False,False,0.0,0.0,0.0,[],10.0,10.0,1,10.0,0,0.009682666999992762
mlp_aco,10,7243,76,10,3,0.0,0.0,0.0,0.0,0.43936213850975037,False,False,0.0,0.0,0.0,[],10.0,10.0,1,10.0,0,0.009682666999992762
mlp_aco,10,7243,76,10,4,0.0,0.0,0.0,0.0,0.20313307642936707,False,False,0.0,0.0,0.0,[],10.0,10.0,1,10.0,0,0.009682666999992762
mlp_aco,10,7244,76,11,1,21.0,174.0,195.0,0.975,1.0,True,True,30.0,165.0,0.0,[1],10.0,10.0,1,10.0,0,0.009361832999985609
mlp_aco,10,7244,76,11,2,0.0,0.0,0.0,0.0,0.09907747060060501,False,False,0.0,0.0,0.0,[],10.0,10.0,1,10.0,0,0.009361832999985609
mlp_aco,10,7244,76,11,3,0.0,0.0,0.0,0.0,0.43936213850975037,False,False,0.0,0.0,0.0,[],10.0,10.0,1,10.0,0,0.009361832999985609
mlp_aco,10,7244,76,11,4,0.0,0.0,0.0,0.0,0.20313307642936707,False,False,0.0,0.0,0.0,[],10.0,10.0,1,10.0,0,0.009361832999985609
mlp_aco,10,7245,76,11,1,20.0,165.0,185.0,0.925,0.9999999403953552,True,True,30.0,155.0,0.0,[1],10.0,10.0,1,10.0,0,0.009550333000021283
mlp_aco,10,7245,76,11,2,0.0,0.0,0.0,0.0,0.09907747060060501,False,False,0.0,0.0,0.0,[],10.0,10.0,1,10.0,0,0.009550333000021283
mlp_aco,10,7245,76,11,3,0.0,0.0,0.0,0.0,0.43936213850975037,False,False,0.0,0.0,0.0,[],10.0,10.0,1,10.0,0,0.009550333000021283
mlp_aco,10,7245,76,11,4,0.0,0.0,0.0,0.0,0.20313307642936707,False,False,0.0,0.0,0.0,[],10.0,10.0,1,10.0,0,0.009550333000021283
mlp_aco,10,7246,76,11,1,20.0,155.0,175.0,0.875,0.9999988675117493,True,True,30.0,145.0,0.0,[1],10.0,10.0,1,10.0,0,0.009569499999997788
mlp_aco,10,7246,76,11,2,0.0,0.0,0.0,0.0,0.09907747060060501,False,False,0.0,0.0,0.0,[],10.0,10.0,1,10.0,0,0.009569499999997788
mlp_aco,10,7246,76,11,3,0.0,0.0,0.0,0.0,0.43936213850975037,False,False,0.0,0.0,0.0,[],10.0,10.0,1,10.0,0,0.009569499999997788
mlp_aco,10,7246,76,11,4,0.0,0.0,0.0,0.0,0.20313307642936707,False,False,0.0,0.0,0.0,[],10.0,10.0,1,10.0,0,0.009569499999997788
mlp_aco,10,7247,76,11,1,21.0,145.0,166.0,0.83,0.9999917149543762,True,True,30.0,136.0,0.0,[1],10.0,10.0,1,10.0,0,0.009080624999995734
mlp_aco,10,7247,76,11,2,0.0,0.0,0.0,0.0,0.09907747060060501,False,False,0.0,0.0,0.0,[],10.0,10.0,1,10.0,0,0.009080624999995734
mlp_aco,10,7247,76,11,3,0.0,0.0,0.0,0.0,0.43936213850975037,False,False,0.0,0.0,0.0,[],10.0,10.0,1,10.0,0,0.009080624999995734
mlp_aco,10,7247,76,11,4,0.0,0.0,0.0,0.0,0.20313307642936707,False,False,0.0,0.0,0.0,[],10.0,10.0,1,10.0,0,0.009080624999995734
mlp_aco,10,7248,76,12,1,5.0,136.0,141.0,0.705,0.7073729038238525,True,True,30.0,111.0,0.0,[1],10.0,10.0,1,10.0,0,0.009020042000003059
mlp_aco,10,7248,76,12,2,0.0,0.0,0.0,0.0,0.09907747060060501,False,False,0.0,0.0,0.0,[],10.0,10.0,1,10.0,0,0.009020042000003059
mlp_aco,10,7248,76,12,3,0.0,0.0,0.0,0.0,0.43936213850975037,False,False,0.0,0.0,0.0,[],10.0,10.0,1,10.0,0,0.009020042000003059
mlp_aco,10,7248,76,12,4,0.0,0.0,0.0,0.0,0.20313307642936707,False,False,0.0,0.0,0.0,[],10.0,10.0,1,10.0,0,0.009020042000003059
mlp_aco,10,7249,76,12,1,0.0,111.0,111.0,0.555,0.1359863579273224,False,False,0.0,111.0,0.0,[],0.0,0.0,0,0.0,0,3.2920000023750617e-06
mlp_aco,10,7249,76,12,2,0.0,0.0,0.0,0.0,0.09907747060060501,False,False,0.0,0.0,0.0,[],0.0,0.0,0,0.0,0,3.2920000023750617e-06
mlp_aco,10,7249,76,12,3,0.0,0.0,0.0,0.0,0.43936213850975037,False,False,0.0,0.0,0.0,[],0.0,0.0,0,0.0,0,3.2920000023750617e-06
mlp_aco,10,7249,76,12,4,0.0,0.0,0.0,0.0,0.20313307642936707,False,False,0.0,0.0,0.0,[],0.0,0.0,0,0.0,0,3.2920000023750617e-06
mlp_aco,10,7250,76,12,1,0.0,111.0,111.0,0.555,0.1995934098958969,False,False,0.0,111.0,0.0,[],0.0,0.0,0,0.0,0,2.4999999936881068e-06
mlp_aco,10,7250,76,12,2,0.0,0.0,0.0,0.0,0.09907747060060501,False,False,0.0,0.0,0.0,[],0.0,0.0,0,0.0,0,2.4999999936881068e-06
mlp_aco,10,7250,76,12,3,0.0,0.0,0.0,0.0,0.43936213850975037,False,False,0.0,0.0,0.0,[],0.0,0.0,0,0.0,0,2.4999999936881068e-06
mlp_aco,10,7250,76,12,4,0.0,0.0,0.0,0.0,0.20313307642936707,False,False,0.0,0.0,0.0,[],0.0,0.0,0,0.0,0,2.4999999936881068e-06
mlp_aco,10,7251,76,12,1,0.0,111.0,111.0,0.555,0.30260351300239563,False,False,0.0,111.0,0.0,[],0.0,0.0,0,0.0,0,2.2919999764781096e-06
mlp_aco,10,7251,76,12,2,0.0,0.0,0.0,0.0,0.09907747060060501,False,False,0.0,0.0,0.0,[],0.0,0.0,0,0.0,0,2.2919999764781096e-06
mlp_aco,10,7251,76,12,3,0.0,0.0,0.0,0.0,0.43936213850975037,False,False,0.0,0.0,0.0,[],0.0,0.0,0,0.0,0,2.2919999764781096e-06
mlp_aco,10,7251,76,12,4,0.0,0.0,0.0,0.0,0.20313307642936707,False,False,0.0,0.0,0.0,[],0.0,0.0,0,0.0,0,2.2919999764781096e-06
mlp_aco,10,7252,76,13,1,0.0,111.0,111.0,0.555,0.3415989577770233,False,False,0.0,111.0,0.0,[],0.0,0.0,0,0.0,0,2.0420000055310084e-06
mlp_aco,10,7252,76,13,2,0.0,0.0,0.0,0.0,0.09907747060060501,False,False,0.0,0.0,0.0,[],0.0,0.0,0,0.0,0,2.0420000055310084e-06
mlp_aco,10,7252,76,13,3,0.0,0.0,0.0,0.0,0.43936213850975037,False,False,0.0,0.0,0.0,[],0.0,0.0,0,0.0,0,2.0420000055310084e-06
mlp_aco,10,7252,76,13,4,0.0,0.0,0.0,0.0,0.20313307642936707,False,False,0.0,0.0,0.0,[],0.0,0.0,0,0.0,0,2.0420000055310084e-06
mlp_aco,10,7253,76,13,1,0.0,111.0,111.0,0.555,0.3415989577770233,False,False,0.0,111.0,0.0,[],0.0,0.0,0,0.0,0,1.9999999949504854e-06
mlp_aco,10,7253,76,13,2,0.0,0.0,0.0,0.0,0.09907747060060501,False,False,0.0,0.0,0.0,[],0.0,0.0,0,0.0,0,1.9999999949504854e-06
mlp_aco,10,7253,76,13,3,0.0,0.0,0.0,0.0,0.43936213850975037,False,False,0.0,0.0,0.0,[],0.0,0.0,0,0.0,0,1.9999999949504854e-06
mlp_aco,10,7253,76,13,4,0.0,0.0,0.0,0.0,0.20313307642936707,False,False,0.0,0.0,0.0,[],0.0,0.0,0,0.0,0,1.9999999949504854e-06
mlp_aco,10,7254,76,13,1,0.0,111.0,111.0,0.555,0.3415989577770233,False,False,0.0,111.0,0.0,[],0.0,0.0,0,0.0,0,1.9590000022162712e-06
mlp_aco,10,7254,76,13,2,0.0,0.0,0.0,0.0,0.09907747060060501,False,False,0.0,0.0,0.0,[],0.0,0.0,0,0.0,0,1.9590000022162712e-06
mlp_aco,10,7254,76,13,3,0.0,0.0,0.0,0.0,0.43936213850975037,False,False,0.0,0.0,0.0,[],0.0,0.0,0,0.0,0,1.9590000022162712e-06
mlp_aco,10,7254,76,13,4,0.0,0.0,0.0,0.0,0.20313307642936707,False,False,0.0,0.0,0.0,[],0.0,0.0,0,0.0,0,1.9590000022162712e-06
mlp_aco,10,7255,76,13,1,0.0,111.0,111.0,0.555,0.3415989577770233,False,False,0.0,111.0,0.0,[],0.0,0.0,0,0.0,0,1.9579999843699625e-06
mlp_aco,10,7255,76,13,2,0.0,0.0,0.0,0.0,0.09907747060060501,False,False,0.0,0.0,0.0,[],0.0,0.0,0,0.0,0,1.9579999843699625e-06
mlp_aco,10,7255,76,13,3,0.0,0.0,0.0,0.0,0.43936213850975037,False,False,0.0,0.0,0.0,[],0.0,0.0,0,0.0,0,1.9579999843699625e-06
mlp_aco,10,7255,76,13,4,0.0,0.0,0.0,0.0,0.20313307642936707,False,False,0.0,0.0,0.0,[],0.0,0.0,0,0.0,0,1.9579999843699625e-06
mlp_aco,10,7256,76,14,1,0.0,111.0,111.0,0.555,0.3415989577770233,False,False,0.0,111.0,0.0,[],0.0,0.0,0,0.0,0,1.8329999988964119e-06
mlp_aco,10,7256,76,14,2,0.0,0.0,0.0,0.0,0.09907747060060501,False,False,0.0,0.0,0.0,[],0.0,0.0,0,0.0,0,1.8329999988964119e-06
mlp_aco,10,7256,76,14,3,0.0,0.0,0.0,0.0,0.43936213850975037,False,False,0.0,0.0,0.0,[],0.0,0.0,0,0.0,0,1.8329999988964119e-06
mlp_aco,10,7256,76,14,4,0.0,0.0,0.0,0.0,0.20313307642936707,False,False,0.0,0.0,0.0,[],0.0,0.0,0,0.0,0,1.8329999988964119e-06
mlp_aco,10,7257,76,14,1,0.0,111.0,111.0,0.555,0.3415989577770233,False,False,0.0,111.0,0.0,[],0.0,0.0,0,0.0,0,1.916000002211149e-06
mlp_aco,10,7257,76,14,2,0.0,0.0,0.0,0.0,0.09907747060060501,False,False,0.0,0.0,0.0,[],0.0,0.0,0,0.0,0,1.916000002211149e-06
mlp_aco,10,7257,76,14,3,0.0,0.0,0.0,0.0,0.43936213850975037,False,False,0.0,0.0,0.0,[],0.0,0.0,0,0.0,0,1.916000002211149e-06
mlp_aco,10,7257,76,14,4,0.0,0.0,0.0,0.0,0.20313307642936707,False,False,0.0,0.0,0.0,[],0.0,0.0,0,0.0,0,1.916000002211149e-06
mlp_aco,10,7258,76,14,1,0.0,111.0,111.0,0.555,0.3415989577770233,False,False,0.0,111.0,0.0,[],0.0,0.0,0,0.0,0,2.7090000003227033e-06
mlp_aco,10,7258,76,14,2,0.0,0.0,0.0,0.0,0.09907747060060501,False,False,0.0,0.0,0.0,[],0.0,0.0,0,0.0,0,2.7090000003227033e-06
mlp_aco,10,7258,76,14,3,0.0,0.0,0.0,0.0,0.43936213850975037,False,False,0.0,0.0,0.0,[],0.0,0.0,0,0.0,0,2.7090000003227033e-06
mlp_aco,10,7258,76,14,4,0.0,0.0,0.0,0.0,0.20313307642936707,False,False,0.0,0.0,0.0,[],0.0,0.0,0,0.0,0,2.7090000003227033e-06
mlp_aco,10,7259,76,14,1,0.0,111.0,111.0,0.555,0.3415989577770233,False,False,0.0,111.0,0.0,[],0.0,0.0,0,0.0,0,1.7920000061621977e-06
mlp_aco,10,7259,76,14,2,0.0,0.0,0.0,0.0,0.09907747060060501,False,False,0.0,0.0,0.0,[],0.0,0.0,0,0.0,0,1.7920000061621977e-06
mlp_aco,10,7259,76,14,3,0.0,0.0,0.0,0.0,0.43936213850975037,False,False,0.0,0.0,0.0,[],0.0,0.0,0,0.0,0,1.7920000061621977e-06
mlp_aco,10,7259,76,14,4,0.0,0.0,0.0,0.0,0.20313307642936707,False,False,0.0,0.0,0.0,[],0.0,0.0,0,0.0,0,1.7920000061621977e-06
mlp_aco,10,7260,76,15,1,0.0,111.0,111.0,0.555,0.3415989577770233,False,False,0.0,111.0,0.0,[],0.0,0.0,0,0.0,0,2.417000018795079e-06
mlp_aco,10,7260,76,15,2,0.0,0.0,0.0,0.0,0.09907747060060501,False,False,0.0,0.0,0.0,[],0.0,0.0,0,0.0,0,2.417000018795079e-06
mlp_aco,10,7260,76,15,3,0.0,0.0,0.0,0.0,0.43936213850975037,False,False,0.0,0.0,0.0,[],0.0,0.0,0,0.0,0,2.417000018795079e-06
mlp_aco,10,7260,76,15,4,0.0,0.0,0.0,0.0,0.20313307642936707,False,False,0.0,0.0,0.0,[],0.0,0.0,0,0.0,0,2.417000018795079e-06
mlp_aco,10,7261,76,15,1,0.0,111.0,111.0,0.555,0.3415989577770233,False,False,0.0,111.0,0.0,[],0.0,0.0,0,0.0,0,2.0829999982652225e-06
mlp_aco,10,7261,76,15,2,0.0,0.0,0.0,0.0,0.09907747060060501,False,False,0.0,0.0,0.0,[],0.0,0.0,0,0.0,0,2.0829999982652225e-06
mlp_aco,10,7261,76,15,3,0.0,0.0,0.0,0.0,0.43936213850975037,False,False,0.0,0.0,0.0,[],0.0,0.0,0,0.0,0,2.0829999982652225e-06
mlp_aco,10,7261,76,15,4,0.0,0.0,0.0,0.0,0.20313307642936707,False,False,0.0,0.0,0.0,[],0.0,0.0,0,0.0,0,2.0829999982652225e-06
mlp_aco,10,7262,76,15,1,0.0,111.0,111.0,0.555,0.3415989577770233,False,False,0.0,111.0,0.0,[],0.0,0.0,0,0.0,0,1.8329999988964119e-06
mlp_aco,10,7262,76,15,2,0.0,0.0,0.0,0.0,0.09907747060060501,False,False,0.0,0.0,0.0,[],0.0,0.0,0,0.0,0,1.8329999988964119e-06
mlp_aco,10,7262,76,15,3,0.0,0.0,0.0,0.0,0.43936213850975037,False,False,0.0,0.0,0.0,[],0.0,0.0,0,0.0,0,1.8329999988964119e-06
mlp_aco,10,7262,76,15,4,0.0,0.0,0.0,0.0,0.20313307642936707,False,False,0.0,0.0,0.0,[],0.0,0.0,0,0.0,0,1.8329999988964119e-06
mlp_aco,10,7263,76,15,1,0.0,111.0,111.0,0.555,0.3415989577770233,False,False,0.0,111.0,0.0,[],0.0,0.0,0,0.0,0,1.8750000094769348e-06
mlp_aco,10,7263,76,15,2,0.0,0.0,0.0,0.0,0.09907747060060501,False,False,0.0,0.0,0.0,[],0.0,0.0,0,0.0,0,1.8750000094769348e-06
mlp_aco,10,7263,76,15,3,0.0,0.0,0.0,0.0,0.43936213850975037,False,False,0.0,0.0,0.0,[],0.0,0.0,0,0.0,0,1.8750000094769348e-06
mlp_aco,10,7263,76,15,4,0.0,0.0,0.0,0.0,0.20313307642936707,False,False,0.0,0.0,0.0,[],0.0,0.0,0,0.0,0,1.8750000094769348e-06
mlp_aco,10,7264,76,16,1,0.0,111.0,111.0,0.555,0.3415989577770233,False,False,0.0,111.0,0.0,[],0.0,0.0,0,0.0,0,1.7920000061621977e-06
mlp_aco,10,7264,76,16,2,0.0,0.0,0.0,0.0,0.09907747060060501,False,False,0.0,0.0,0.0,[],0.0,0.0,0,0.0,0,1.7920000061621977e-06
mlp_aco,10,7264,76,16,3,0.0,0.0,0.0,0.0,0.43936213850975037,False,False,0.0,0.0,0.0,[],0.0,0.0,0,0.0,0,1.7920000061621977e-06
mlp_aco,10,7264,76,16,4,0.0,0.0,0.0,0.0,0.20313307642936707,False,False,0.0,0.0,0.0,[],0.0,0.0,0,0.0,0,1.7920000061621977e-06
mlp_aco,10,7265,76,16,1,0.0,111.0,111.0,0.555,0.3415989577770233,False,False,0.0,111.0,0.0,[],0.0,0.0,0,0.0,0,1.7920000061621977e-06
mlp_aco,10,7265,76,16,2,0.0,0.0,0.0,0.0,0.09907747060060501,False,False,0.0,0.0,0.0,[],0.0,0.0,0,0.0,0,1.7920000061621977e-06
mlp_aco,10,7265,76,16,3,0.0,0.0,0.0,0.0,0.43936213850975037,False,False,0.0,0.0,0.0,[],0.0,0.0,0,0.0,0,1.7920000061621977e-06
mlp_aco,10,7265,76,16,4,0.0,0.0,0.0,0.0,0.20313307642936707,False,False,0.0,0.0,0.0,[],0.0,0.0,0,0.0,0,1.7920000061621977e-06
mlp_aco,10,7266,76,16,1,0.0,111.0,111.0,0.555,0.3415989577770233,False,False,0.0,111.0,0.0,[],0.0,0.0,0,0.0,0,1.7080000134228612e-06
mlp_aco,10,7266,76,16,2,0.0,0.0,0.0,0.0,0.09907747060060501,False,False,0.0,0.0,0.0,[],0.0,0.0,0,0.0,0,1.7080000134228612e-06
mlp_aco,10,7266,76,16,3,0.0,0.0,0.0,0.0,0.43936213850975037,False,False,0.0,0.0,0.0,[],0.0,0.0,0,0.0,0,1.7080000134228612e-06
mlp_aco,10,7266,76,16,4,0.0,0.0,0.0,0.0,0.20313307642936707,False,False,0.0,0.0,0.0,[],0.0,0.0,0,0.0,0,1.7080000134228612e-06
mlp_aco,10,7267,76,16,1,0.0,111.0,111.0,0.555,0.3415989577770233,False,False,0.0,111.0,0.0,[],0.0,0.0,0,0.0,0,1.7079999850011518e-06
mlp_aco,10,7267,76,16,2,0.0,0.0,0.0,0.0,0.09907747060060501,False,False,0.0,0.0,0.0,[],0.0,0.0,0,0.0,0,1.7079999850011518e-06
mlp_aco,10,7267,76,16,3,0.0,0.0,0.0,0.0,0.43936213850975037,False,False,0.0,0.0,0.0,[],0.0,0.0,0,0.0,0,1.7079999850011518e-06
mlp_aco,10,7267,76,16,4,0.0,0.0,0.0,0.0,0.20313307642936707,False,False,0.0,0.0,0.0,[],0.0,0.0,0,0.0,0,1.7079999850011518e-06
mlp_aco,10,7268,76,17,1,0.0,111.0,111.0,0.555,0.3415989577770233,False,False,0.0,111.0,0.0,[],0.0,0.0,0,0.0,0,1.7499999955816747e-06
mlp_aco,10,7268,76,17,2,0.0,0.0,0.0,0.0,0.09907747060060501,False,False,0.0,0.0,0.0,[],0.0,0.0,0,0.0,0,1.7499999955816747e-06
mlp_aco,10,7268,76,17,3,0.0,0.0,0.0,0.0,0.43936213850975037,False,False,0.0,0.0,0.0,[],0.0,0.0,0,0.0,0,1.7499999955816747e-06
mlp_aco,10,7268,76,17,4,0.0,0.0,0.0,0.0,0.20313307642936707,False,False,0.0,0.0,0.0,[],0.0,0.0,0,0.0,0,1.7499999955816747e-06
mlp_aco,10,7269,76,17,1,0.0,111.0,111.0,0.555,0.3415989577770233,False,False,0.0,111.0,0.0,[],0.0,0.0,0,0.0,0,1.790999988315889e-06
mlp_aco,10,7269,76,17,2,0.0,0.0,0.0,0.0,0.09907747060060501,False,False,0.0,0.0,0.0,[],0.0,0.0,0,0.0,0,1.790999988315889e-06
mlp_aco,10,7269,76,17,3,0.0,0.0,0.0,0.0,0.43936213850975037,False,False,0.0,0.0,0.0,[],0.0,0.0,0,0.0,0,1.790999988315889e-06
mlp_aco,10,7269,76,17,4,0.0,0.0,0.0,0.0,0.20313307642936707,False,False,0.0,0.0,0.0,[],0.0,0.0,0,0.0,0,1.790999988315889e-06
mlp_aco,10,7270,76,17,1,0.0,111.0,111.0,0.555,0.3415989577770233,False,False,0.0,111.0,0.0,[],0.0,0.0,0,0.0,0,2.0829999982652225e-06
mlp_aco,10,7270,76,17,2,0.0,0.0,0.0,0.0,0.09907747060060501,False,False,0.0,0.0,0.0,[],0.0,0.0,0,0.0,0,2.0829999982652225e-06
mlp_aco,10,7270,76,17,3,0.0,0.0,0.0,0.0,0.43936213850975037,False,False,0.0,0.0,0.0,[],0.0,0.0,0,0.0,0,2.0829999982652225e-06
mlp_aco,10,7270,76,17,4,0.0,0.0,0.0,0.0,0.20313307642936707,False,False,0.0,0.0,0.0,[],0.0,0.0,0,0.0,0,2.0829999982652225e-06
mlp_aco,10,7271,76,17,1,0.0,111.0,111.0,0.555,0.3415989577770233,False,False,0.0,111.0,0.0,[],0.0,0.0,0,0.0,0,1.958000012791672e-06
mlp_aco,10,7271,76,17,2,0.0,0.0,0.0,0.0,0.09907747060060501,False,False,0.0,0.0,0.0,[],0.0,0.0,0,0.0,0,1.958000012791672e-06
mlp_aco,10,7271,76,17,3,0.0,0.0,0.0,0.0,0.43936213850975037,False,False,0.0,0.0,0.0,[],0.0,0.0,0,0.0,0,1.958000012791672e-06
mlp_aco,10,7271,76,17,4,0.0,0.0,0.0,0.0,0.20313307642936707,False,False,0.0,0.0,0.0,[],0.0,0.0,0,0.0,0,1.958000012791672e-06
mlp_aco,10,7272,76,18,1,0.0,111.0,111.0,0.555,0.3415989577770233,False,False,0.0,111.0,0.0,[],0.0,0.0,0,0.0,0,1.9579999843699625e-06
mlp_aco,10,7272,76,18,2,0.0,0.0,0.0,0.0,0.09907747060060501,False,False,0.0,0.0,0.0,[],0.0,0.0,0,0.0,0,1.9579999843699625e-06
mlp_aco,10,7272,76,18,3,0.0,0.0,0.0,0.0,0.43936213850975037,False,False,0.0,0.0,0.0,[],0.0,0.0,0,0.0,0,1.9579999843699625e-06
mlp_aco,10,7272,76,18,4,0.0,0.0,0.0,0.0,0.20313307642936707,False,False,0.0,0.0,0.0,[],0.0,0.0,0,0.0,0,1.9579999843699625e-06
mlp_aco,10,7273,76,18,1,0.0,111.0,111.0,0.555,0.3415989577770233,False,False,0.0,111.0,0.0,[],0.0,0.0,0,0.0,0,1.8329999988964119e-06
mlp_aco,10,7273,76,18,2,0.0,0.0,0.0,0.0,0.09907747060060501,False,False,0.0,0.0,0.0,[],0.0,0.0,0,0.0,0,1.8329999988964119e-06
mlp_aco,10,7273,76,18,3,0.0,0.0,0.0,0.0,0.43936213850975037,False,False,0.0,0.0,0.0,[],0.0,0.0,0,0.0,0,1.8329999988964119e-06
mlp_aco,10,7273,76,18,4,0.0,0.0,0.0,0.0,0.20313307642936707,False,False,0.0,0.0,0.0,[],0.0,0.0,0,0.0,0,1.8329999988964119e-06
mlp_aco,10,7274,76,18,1,0.0,111.0,111.0,0.555,0.3415989577770233,False,False,0.0,111.0,0.0,[],0.0,0.0,0,0.0,0,1.7499999955816747e-06
mlp_aco,10,7274,76,18,2,0.0,0.0,0.0,0.0,0.09907747060060501,False,False,0.0,0.0,0.0,[],0.0,0.0,0,0.0,0,1.7499999955816747e-06
mlp_aco,10,7274,76,18,3,0.0,0.0,0.0,0.0,0.43936213850975037,False,False,0.0,0.0,0.0,[],0.0,0.0,0,0.0,0,1.7499999955816747e-06
mlp_aco,10,7274,76,18,4,0.0,0.0,0.0,0.0,0.20313307642936707,False,False,0.0,0.0,0.0,[],0.0,0.0,0,0.0,0,1.7499999955816747e-06
mlp_aco,10,7275,76,18,1,0.0,111.0,111.0,0.555,0.3415989577770233,False,False,0.0,111.0,0.0,[],0.0,0.0,0,0.0,0,1.8329999988964119e-06
mlp_aco,10,7275,76,18,2,0.0,0.0,0.0,0.0,0.09907747060060501,False,False,0.0,0.0,0.0,[],0.0,0.0,0,0.0,0,1.8329999988964119e-06
mlp_aco,10,7275,76,18,3,0.0,0.0,0.0,0.0,0.43936213850975037,False,False,0.0,0.0,0.0,[],0.0,0.0,0,0.0,0,1.8329999988964119e-06
mlp_aco,10,7275,76,18,4,0.0,0.0,0.0,0.0,0.20313307642936707,False,False,0.0,0.0,0.0,[],0.0,0.0,0,0.0,0,1.8329999988964119e-06
mlp_aco,10,7276,76,19,1,0.0,111.0,111.0,0.555,0.3415989577770233,False,False,0.0,111.0,0.0,[],0.0,0.0,0,0.0,0,1.8329999988964119e-06
mlp_aco,10,7276,76,19,2,0.0,0.0,0.0,0.0,0.09907747060060501,False,False,0.0,0.0,0.0,[],0.0,0.0,0,0.0,0,1.8329999988964119e-06
mlp_aco,10,7276,76,19,3,0.0,0.0,0.0,0.0,0.43936213850975037,False,False,0.0,0.0,0.0,[],0.0,0.0,0,0.0,0,1.8329999988964119e-06
mlp_aco,10,7276,76,19,4,0.0,0.0,0.0,0.0,0.20313307642936707,False,False,0.0,0.0,0.0,[],0.0,0.0,0,0.0,0,1.8329999988964119e-06
mlp_aco,10,7277,76,19,1,0.0,111.0,111.0,0.555,0.3415989577770233,False,False,0.0,111.0,0.0,[],0.0,0.0,0,0.0,0,1.7920000061621977e-06
mlp_aco,10,7277,76,19,2,0.0,0.0,0.0,0.0,0.09907747060060501,False,False,0.0,0.0,0.0,[],0.0,0.0,0,0.0,0,1.7920000061621977e-06
mlp_aco,10,7277,76,19,3,0.0,0.0,0.0,0.0,0.43936213850975037,False,False,0.0,0.0,0.0,[],0.0,0.0,0,0.0,0,1.7920000061621977e-06
mlp_aco,10,7277,76,19,4,0.0,0.0,0.0,0.0,0.20313307642936707,False,False,0.0,0.0,0.0,[],0.0,0.0,0,0.0,0,1.7920000061621977e-06
mlp_aco,10,7278,76,19,1,0.0,111.0,111.0,0.555,0.3415989577770233,False,False,0.0,111.0,0.0,[],0.0,0.0,0,0.0,0,1.7910000167375983e-06
mlp_aco,10,7278,76,19,2,0.0,0.0,0.0,0.0,0.09907747060060501,False,False,0.0,0.0,0.0,[],0.0,0.0,0,0.0,0,1.7910000167375983e-06
mlp_aco,10,7278,76,19,3,0.0,0.0,0.0,0.0,0.43936213850975037,False,False,0.0,0.0,0.0,[],0.0,0.0,0,0.0,0,1.7910000167375983e-06
mlp_aco,10,7278,76,19,4,0.0,0.0,0.0,0.0,0.20313307642936707,False,False,0.0,0.0,0.0,[],0.0,0.0,0,0.0,0,1.7910000167375983e-06
mlp_aco,10,7279,76,19,1,0.0,111.0,111.0,0.555,0.3415989577770233,False,False,0.0,111.0,0.0,[],0.0,0.0,0,0.0,0,1.7499999955816747e-06
mlp_aco,10,7279,76,19,2,0.0,0.0,0.0,0.0,0.09907747060060501,False,False,0.0,0.0,0.0,[],0.0,0.0,0,0.0,0,1.7499999955816747e-06
mlp_aco,10,7279,76,19,3,0.0,0.0,0.0,0.0,0.43936213850975037,False,False,0.0,0.0,0.0,[],0.0,0.0,0,0.0,0,1.7499999955816747e-06
mlp_aco,10,7279,76,19,4,0.0,0.0,0.0,0.0,0.20313307642936707,False,False,0.0,0.0,0.0,[],0.0,0.0,0,0.0,0,1.7499999955816747e-06
mlp_aco,10,7280,76,20,1,0.0,111.0,111.0,0.555,0.3415989577770233,False,False,0.0,111.0,0.0,[],0.0,0.0,0,0.0,0,1.8329999988964119e-06
mlp_aco,10,7280,76,20,2,0.0,0.0,0.0,0.0,0.09907747060060501,False,False,0.0,0.0,0.0,[],0.0,0.0,0,0.0,0,1.8329999988964119e-06
mlp_aco,10,7280,76,20,3,0.0,0.0,0.0,0.0,0.43936213850975037,False,False,0.0,0.0,0.0,[],0.0,0.0,0,0.0,0,1.8329999988964119e-06
mlp_aco,10,7280,76,20,4,0.0,0.0,0.0,0.0,0.20313307642936707,False,False,0.0,0.0,0.0,[],0.0,0.0,0,0.0,0,1.8329999988964119e-06
mlp_aco,10,7281,76,20,1,0.0,111.0,111.0,0.555,0.3415989577770233,False,False,0.0,111.0,0.0,[],0.0,0.0,0,0.0,0,1.790999988315889e-06
mlp_aco,10,7281,76,20,2,0.0,0.0,0.0,0.0,0.09907747060060501,False,False,0.0,0.0,0.0,[],0.0,0.0,0,0.0,0,1.790999988315889e-06
mlp_aco,10,7281,76,20,3,0.0,0.0,0.0,0.0,0.43936213850975037,False,False,0.0,0.0,0.0,[],0.0,0.0,0,0.0,0,1.790999988315889e-06
mlp_aco,10,7281,76,20,4,0.0,0.0,0.0,0.0,0.20313307642936707,False,False,0.0,0.0,0.0,[],0.0,0.0,0,0.0,0,1.790999988315889e-06
mlp_aco,10,7282,76,20,1,0.0,111.0,111.0,0.555,0.3415989577770233,False,False,0.0,111.0,0.0,[],0.0,0.0,0,0.0,0,1.790999988315889e-06
mlp_aco,10,7282,76,20,2,0.0,0.0,0.0,0.0,0.09907747060060501,False,False,0.0,0.0,0.0,[],0.0,0.0,0,0.0,0,1.790999988315889e-06
mlp_aco,10,7282,76,20,3,0.0,0.0,0.0,0.0,0.43936213850975037,False,False,0.0,0.0,0.0,[],0.0,0.0,0,0.0,0,1.790999988315889e-06
mlp_aco,10,7282,76,20,4,0.0,0.0,0.0,0.0,0.20313307642936707,False,False,0.0,0.0,0.0,[],0.0,0.0,0,0.0,0,1.790999988315889e-06
mlp_aco,10,7283,76,20,1,0.0,111.0,111.0,0.555,0.3415989577770233,False,False,0.0,111.0,0.0,[],0.0,0.0,0,0.0,0,1.7090000028474606e-06
mlp_aco,10,7283,76,20,2,0.0,0.0,0.0,0.0,0.09907747060060501,False,False,0.0,0.0,0.0,[],0.0,0.0,0,0.0,0,1.7090000028474606e-06
mlp_aco,10,7283,76,20,3,0.0,0.0,0.0,0.0,0.43936213850975037,False,False,0.0,0.0,0.0,[],0.0,0.0,0,0.0,0,1.7090000028474606e-06
mlp_aco,10,7283,76,20,4,0.0,0.0,0.0,0.0,0.20313307642936707,False,False,0.0,0.0,0.0,[],0.0,0.0,0,0.0,0,1.7090000028474606e-06
mlp_aco,10,7284,76,21,1,0.0,111.0,111.0,0.555,0.3415989577770233,False,False,0.0,111.0,0.0,[],0.0,0.0,0,0.0,0,1.8329999988964119e-06
mlp_aco,10,7284,76,21,2,0.0,0.0,0.0,0.0,0.09907747060060501,False,False,0.0,0.0,0.0,[],0.0,0.0,0,0.0,0,1.8329999988964119e-06
mlp_aco,10,7284,76,21,3,0.0,0.0,0.0,0.0,0.43936213850975037,False,False,0.0,0.0,0.0,[],0.0,0.0,0,0.0,0,1.8329999988964119e-06
mlp_aco,10,7284,76,21,4,0.0,0.0,0.0,0.0,0.20313307642936707,False,False,0.0,0.0,0.0,[],0.0,0.0,0,0.0,0,1.8329999988964119e-06
mlp_aco,10,7285,76,21,1,0.0,111.0,111.0,0.555,0.3415989577770233,False,False,0.0,111.0,0.0,[],0.0,0.0,0,0.0,0,1.8329999988964119e-06
mlp_aco,10,7285,76,21,2,0.0,0.0,0.0,0.0,0.09907747060060501,False,False,0.0,0.0,0.0,[],0.0,0.0,0,0.0,0,1.8329999988964119e-06
mlp_aco,10,7285,76,21,3,0.0,0.0,0.0,0.0,0.43936213850975037,False,False,0.0,0.0,0.0,[],0.0,0.0,0,0.0,0,1.8329999988964119e-06
mlp_aco,10,7285,76,21,4,0.0,0.0,0.0,0.0,0.20313307642936707,False,False,0.0,0.0,0.0,[],0.0,0.0,0,0.0,0,1.8329999988964119e-06
mlp_aco,10,7286,76,21,1,0.0,111.0,111.0,0.555,0.3415989577770233,False,False,0.0,111.0,0.0,[],0.0,0.0,0,0.0,0,1.7079999850011518e-06
mlp_aco,10,7286,76,21,2,0.0,0.0,0.0,0.0,0.09907747060060501,False,False,0.0,0.0,0.0,[],0.0,0.0,0,0.0,0,1.7079999850011518e-06
mlp_aco,10,7286,76,21,3,0.0,0.0,0.0,0.0,0.43936213850975037,False,False,0.0,0.0,0.0,[],0.0,0.0,0,0.0,0,1.7079999850011518e-06
mlp_aco,10,7286,76,21,4,0.0,0.0,0.0,0.0,0.20313307642936707,False,False,0.0,0.0,0.0,[],0.0,0.0,0,0.0,0,1.7079999850011518e-06
mlp_aco,10,7287,76,21,1,0.0,111.0,111.0,0.555,0.3415989577770233,False,False,0.0,111.0,0.0,[],0.0,0.0,0,0.0,0,1.7920000061621977e-06
mlp_aco,10,7287,76,21,2,0.0,0.0,0.0,0.0,0.09907747060060501,False,False,0.0,0.0,0.0,[],0.0,0.0,0,0.0,0,1.7920000061621977e-06
mlp_aco,10,7287,76,21,3,0.0,0.0,0.0,0.0,0.43936213850975037,False,False,0.0,0.0,0.0,[],0.0,0.0,0,0.0,0,1.7920000061621977e-06
mlp_aco,10,7287,76,21,4,0.0,0.0,0.0,0.0,0.20313307642936707,False,False,0.0,0.0,0.0,[],0.0,0.0,0,0.0,0,1.7920000061621977e-06
mlp_aco,10,7288,76,22,1,0.0,111.0,111.0,0.555,0.3415989577770233,False,False,0.0,111.0,0.0,[],0.0,0.0,0,0.0,0,1.8329999988964119e-06
mlp_aco,10,7288,76,22,2,0.0,0.0,0.0,0.0,0.09907747060060501,False,False,0.0,0.0,0.0,[],0.0,0.0,0,0.0,0,1.8329999988964119e-06
mlp_aco,10,7288,76,22,3,0.0,0.0,0.0,0.0,0.43936213850975037,False,False,0.0,0.0,0.0,[],0.0,0.0,0,0.0,0,1.8329999988964119e-06
mlp_aco,10,7288,76,22,4,0.0,0.0,0.0,0.0,0.20313307642936707,False,False,0.0,0.0,0.0,[],0.0,0.0,0,0.0,0,1.8329999988964119e-06
mlp_aco,10,7289,76,22,1,0.0,111.0,111.0,0.555,0.3415989577770233,False,False,0.0,111.0,0.0,[],0.0,0.0,0,0.0,0,1.7499999955816747e-06
mlp_aco,10,7289,76,22,2,0.0,0.0,0.0,0.0,0.09907747060060501,False,False,0.0,0.0,0.0,[],0.0,0.0,0,0.0,0,1.7499999955816747e-06
mlp_aco,10,7289,76,22,3,0.0,0.0,0.0,0.0,0.43936213850975037,False,False,0.0,0.0,0.0,[],0.0,0.0,0,0.0,0,1.7499999955816747e-06
mlp_aco,10,7289,76,22,4,0.0,0.0,0.0,0.0,0.20313307642936707,False,False,0.0,0.0,0.0,[],0.0,0.0,0,0.0,0,1.7499999955816747e-06
mlp_aco,10,7290,76,22,1,0.0,111.0,111.0,0.555,0.3415989577770233,False,False,0.0,111.0,0.0,[],0.0,0.0,0,0.0,0,1.8750000094769348e-06
mlp_aco,10,7290,76,22,2,0.0,0.0,0.0,0.0,0.09907747060060501,False,False,0.0,0.0,0.0,[],0.0,0.0,0,0.0,0,1.8750000094769348e-06
mlp_aco,10,7290,76,22,3,0.0,0.0,0.0,0.0,0.43936213850975037,False,False,0.0,0.0,0.0,[],0.0,0.0,0,0.0,0,1.8750000094769348e-06
mlp_aco,10,7290,76,22,4,0.0,0.0,0.0,0.0,0.20313307642936707,False,False,0.0,0.0,0.0,[],0.0,0.0,0,0.0,0,1.8750000094769348e-06
mlp_aco,10,7291,76,22,1,0.0,111.0,111.0,0.555,0.3415989577770233,False,False,0.0,111.0,0.0,[],0.0,0.0,0,0.0,0,2.3749999797928467e-06
mlp_aco,10,7291,76,22,2,0.0,0.0,0.0,0.0,0.09907747060060501,False,False,0.0,0.0,0.0,[],0.0,0.0,0,0.0,0,2.3749999797928467e-06
mlp_aco,10,7291,76,22,3,0.0,0.0,0.0,0.0,0.43936213850975037,False,False,0.0,0.0,0.0,[],0.0,0.0,0,0.0,0,2.3749999797928467e-06
mlp_aco,10,7291,76,22,4,0.0,0.0,0.0,0.0,0.20313307642936707,False,False,0.0,0.0,0.0,[],0.0,0.0,0,0.0,0,2.3749999797928467e-06
mlp_aco,10,7292,76,23,1,0.0,111.0,111.0,0.555,0.3415989577770233,False,False,0.0,111.0,0.0,[],0.0,0.0,0,0.0,0,2.124999980424036e-06
mlp_aco,10,7292,76,23,2,0.0,0.0,0.0,0.0,0.09907747060060501,False,False,0.0,0.0,0.0,[],0.0,0.0,0,0.0,0,2.124999980424036e-06
mlp_aco,10,7292,76,23,3,0.0,0.0,0.0,0.0,0.43936213850975037,False,False,0.0,0.0,0.0,[],0.0,0.0,0,0.0,0,2.124999980424036e-06
mlp_aco,10,7292,76,23,4,0.0,0.0,0.0,0.0,0.20313307642936707,False,False,0.0,0.0,0.0,[],0.0,0.0,0,0.0,0,2.124999980424036e-06
mlp_aco,10,7293,76,23,1,0.0,111.0,111.0,0.555,0.3415989577770233,False,False,0.0,111.0,0.0,[],0.0,0.0,0,0.0,0,2.0829999982652225e-06
mlp_aco,10,7293,76,23,2,0.0,0.0,0.0,0.0,0.09907747060060501,False,False,0.0,0.0,0.0,[],0.0,0.0,0,0.0,0,2.0829999982652225e-06
mlp_aco,10,7293,76,23,3,0.0,0.0,0.0,0.0,0.43936213850975037,False,False,0.0,0.0,0.0,[],0.0,0.0,0,0.0,0,2.0829999982652225e-06
mlp_aco,10,7293,76,23,4,0.0,0.0,0.0,0.0,0.20313307642936707,False,False,0.0,0.0,0.0,[],0.0,0.0,0,0.0,0,2.0829999982652225e-06
mlp_aco,10,7294,76,23,1,0.0,111.0,111.0,0.555,0.3415989577770233,False,False,0.0,111.0,0.0,[],0.0,0.0,0,0.0,0,1.8750000094769348e-06
mlp_aco,10,7294,76,23,2,0.0,0.0,0.0,0.0,0.09907747060060501,False,False,0.0,0.0,0.0,[],0.0,0.0,0,0.0,0,1.8750000094769348e-06
mlp_aco,10,7294,76,23,3,0.0,0.0,0.0,0.0,0.43936213850975037,False,False,0.0,0.0,0.0,[],0.0,0.0,0,0.0,0,1.8750000094769348e-06
mlp_aco,10,7294,76,23,4,0.0,0.0,0.0,0.0,0.20313307642936707,False,False,0.0,0.0,0.0,[],0.0,0.0,0,0.0,0,1.8750000094769348e-06
mlp_aco,10,7295,76,23,1,0.0,111.0,111.0,0.555,0.3415989577770233,False,False,0.0,111.0,0.0,[],0.0,0.0,0,0.0,0,1.7079999850011518e-06
mlp_aco,10,7295,76,23,2,0.0,0.0,0.0,0.0,0.09907747060060501,False,False,0.0,0.0,0.0,[],0.0,0.0,0,0.0,0,1.7079999850011518e-06
mlp_aco,10,7295,76,23,3,0.0,0.0,0.0,0.0,0.43936213850975037,False,False,0.0,0.0,0.0,[],0.0,0.0,0,0.0,0,1.7079999850011518e-06
mlp_aco,10,7295,76,23,4,0.0,0.0,0.0,0.0,0.20313307642936707,False,False,0.0,0.0,0.0,[],0.0,0.0,0,0.0,0,1.7079999850011518e-06
mlp_aco,10,7296,77,0,1,42.0,111.0,153.0,0.765,0.9999998211860657,True,True,30.0,123.0,0.0,[1],10.0,10.0,1,10.0,0,0.00906466700001829
mlp_aco,10,7296,77,0,2,0.0,0.0,0.0,0.0,0.09907747060060501,False,False,0.0,0.0,0.0,[],10.0,10.0,1,10.0,0,0.00906466700001829
mlp_aco,10,7296,77,0,3,0.0,0.0,0.0,0.0,0.43936213850975037,False,False,0.0,0.0,0.0,[],10.0,10.0,1,10.0,0,0.00906466700001829
mlp_aco,10,7296,77,0,4,0.0,0.0,0.0,0.0,0.20313307642936707,False,False,0.0,0.0,0.0,[],10.0,10.0,1,10.0,0,0.00906466700001829
mlp_aco,10,7297,77,0,1,42.0,123.0,165.0,0.825,1.0,True,True,30.0,135.0,0.0,[1],10.0,10.0,1,10.0,0,0.009128209000010656
mlp_aco,10,7297,77,0,2,0.0,0.0,0.0,0.0,0.09907747060060501,False,False,0.0,0.0,0.0,[],10.0,10.0,1,10.0,0,0.009128209000010656
mlp_aco,10,7297,77,0,3,0.0,0.0,0.0,0.0,0.43936213850975037,False,False,0.0,0.0,0.0,[],10.0,10.0,1,10.0,0,0.009128209000010656
mlp_aco,10,7297,77,0,4,0.0,0.0,0.0,0.0,0.20313307642936707,False,False,0.0,0.0,0.0,[],10.0,10.0,1,10.0,0,0.009128209000010656
mlp_aco,10,7298,77,0,1,42.0,135.0,177.0,0.885,1.0,True,True,30.0,147.0,0.0,[1],10.0,10.0,1,10.0,0,0.009041749999994408
mlp_aco,10,7298,77,0,2,0.0,0.0,0.0,0.0,0.09907747060060501,False,False,0.0,0.0,0.0,[],10.0,10.0,1,10.0,0,0.009041749999994408
mlp_aco,10,7298,77,0,3,0.0,0.0,0.0,0.0,0.43936213850975037,False,False,0.0,0.0,0.0,[],10.0,10.0,1,10.0,0,0.009041749999994408
mlp_aco,10,7298,77,0,4,0.0,0.0,0.0,0.0,0.20313307642936707,False,False,0.0,0.0,0.0,[],10.0,10.0,1,10.0,0,0.009041749999994408
mlp_aco,10,7299,77,0,1,44.0,147.0,191.0,0.955,1.0,True,True,30.0,161.0,0.0,[1],10.0,10.0,1,10.0,0,0.009051499999998214
mlp_aco,10,7299,77,0,2,0.0,0.0,0.0,0.0,0.09907747060060501,False,False,0.0,0.0,0.0,[],10.0,10.0,1,10.0,0,0.009051499999998214
mlp_aco,10,7299,77,0,3,0.0,0.0,0.0,0.0,0.43936213850975037,False,False,0.0,0.0,0.0,[],10.0,10.0,1,10.0,0,0.009051499999998214
mlp_aco,10,7299,77,0,4,0.0,0.0,0.0,0.0,0.20313307642936707,False,False,0.0,0.0,0.0,[],10.0,10.0,1,10.0,0,0.009051499999998214
mlp_aco,10,7300,77,1,1,42.0,161.0,203.0,1.015,1.0,True,True,30.0,173.0,0.0,[1],10.0,10.0,1,10.0,0,0.009027666999998019
mlp_aco,10,7300,77,1,2,0.0,0.0,0.0,0.0,0.09907747060060501,False,False,0.0,0.0,0.0,[],10.0,10.0,1,10.0,0,0.009027666999998019
mlp_aco,10,7300,77,1,3,0.0,0.0,0.0,0.0,0.43936213850975037,False,False,0.0,0.0,0.0,[],10.0,10.0,1,10.0,0,0.009027666999998019
mlp_aco,10,7300,77,1,4,0.0,0.0,0.0,0.0,0.20313307642936707,False,False,0.0,0.0,0.0,[],10.0,10.0,1,10.0,0,0.009027666999998019
mlp_aco,10,7301,77,1,1,42.0,173.0,215.0,1.075,1.0,True,True,30.0,185.0,0.0,[1],10.0,10.0,1,10.0,0,0.009021166999986008
mlp_aco,10,7301,77,1,2,0.0,0.0,0.0,0.0,0.09907747060060501,False,False,0.0,0.0,0.0,[],10.0,10.0,1,10.0,0,0.009021166999986008
mlp_aco,10,7301,77,1,3,0.0,0.0,0.0,0.0,0.43936213850975037,False,False,0.0,0.0,0.0,[],10.0,10.0,1,10.0,0,0.009021166999986008
mlp_aco,10,7301,77,1,4,0.0,0.0,0.0,0.0,0.20313307642936707,False,False,0.0,0.0,0.0,[],10.0,10.0,1,10.0,0,0.009021166999986008
mlp_aco,10,7302,77,1,1,42.0,185.0,227.0,1.135,1.0,True,True,30.0,197.0,0.0,[1],10.0,10.0,1,10.0,0,0.008900124999996706
mlp_aco,10,7302,77,1,2,0.0,0.0,0.0,0.0,0.09907747060060501,False,False,0.0,0.0,0.0,[],10.0,10.0,1,10.0,0,0.008900124999996706
mlp_aco,10,7302,77,1,3,0.0,0.0,0.0,0.0,0.43936213850975037,False,False,0.0,0.0,0.0,[],10.0,10.0,1,10.0,0,0.008900124999996706
mlp_aco,10,7302,77,1,4,0.0,0.0,0.0,0.0,0.20313307642936707,False,False,0.0,0.0,0.0,[],10.0,10.0,1,10.0,0,0.008900124999996706
mlp_aco,10,7303,77,1,1,44.0,197.0,241.0,1.205,1.0,True,True,30.0,200.0,11.0,[1],10.0,10.0,1,10.0,0,0.008963332999996965
mlp_aco,10,7303,77,1,2,0.0,0.0,0.0,0.0,0.09907747060060501,False,False,0.0,0.0,0.0,[],10.0,10.0,1,10.0,0,0.008963332999996965
mlp_aco,10,7303,77,1,3,0.0,0.0,0.0,0.0,0.43936213850975037,False,False,0.0,0.0,0.0,[],10.0,10.0,1,10.0,0,0.008963332999996965
mlp_aco,10,7303,77,1,4,0.0,0.0,0.0,0.0,0.20313307642936707,False,False,0.0,0.0,0.0,[],10.0,10.0,1,10.0,0,0.008963332999996965
mlp_aco,10,7304,77,2,1,42.0,200.0,242.0,1.21,1.0,True,True,30.0,200.0,12.0,[1],10.0,10.0,1,10.0,0,0.009024459000016805
mlp_aco,10,7304,77,2,2,0.0,0.0,0.0,0.0,0.09907747060060501,False,False,0.0,0.0,0.0,[],10.0,10.0,1,10.0,0,0.009024459000016805
mlp_aco,10,7304,77,2,3,0.0,0.0,0.0,0.0,0.43936213850975037,False,False,0.0,0.0,0.0,[],10.0,10.0,1,10.0,0,0.009024459000016805
mlp_aco,10,7304,77,2,4,0.0,0.0,0.0,0.0,0.20313307642936707,False,False,0.0,0.0,0.0,[],10.0,10.0,1,10.0,0,0.009024459000016805
mlp_aco,10,7305,77,2,1,44.0,200.0,244.0,1.22,1.0,True,True,30.0,200.0,14.0,[1],10.0,10.0,1,10.0,0,0.008997375000006969
mlp_aco,10,7305,77,2,2,0.0,0.0,0.0,0.0,0.09907747060060501,False,False,0.0,0.0,0.0,[],10.0,10.0,1,10.0,0,0.008997375000006969
mlp_aco,10,7305,77,2,3,0.0,0.0,0.0,0.0,0.43936213850975037,False,False,0.0,0.0,0.0,[],10.0,10.0,1,10.0,0,0.008997375000006969
mlp_aco,10,7305,77,2,4,0.0,0.0,0.0,0.0,0.20313307642936707,False,False,0.0,0.0,0.0,[],10.0,10.0,1,10.0,0,0.008997375000006969
mlp_aco,10,7306,77,2,1,44.0,200.0,244.0,1.22,1.0,True,True,30.0,200.0,14.0,[1],10.0,10.0,1,10.0,0,0.00883966600000008
mlp_aco,10,7306,77,2,2,0.0,0.0,0.0,0.0,0.09907747060060501,False,False,0.0,0.0,0.0,[],10.0,10.0,1,10.0,0,0.00883966600000008
mlp_aco,10,7306,77,2,3,0.0,0.0,0.0,0.0,0.43936213850975037,False,False,0.0,0.0,0.0,[],10.0,10.0,1,10.0,0,0.00883966600000008
mlp_aco,10,7306,77,2,4,0.0,0.0,0.0,0.0,0.20313307642936707,False,False,0.0,0.0,0.0,[],10.0,10.0,1,10.0,0,0.00883966600000008
mlp_aco,10,7307,77,2,1,42.0,200.0,242.0,1.21,1.0,True,True,30.0,200.0,12.0,[1],10.0,10.0,1,10.0,0,0.009119040999991057
mlp_aco,10,7307,77,2,2,0.0,0.0,0.0,0.0,0.09907747060060501,False,False,0.0,0.0,0.0,[],10.0,10.0,1,10.0,0,0.009119040999991057
mlp_aco,10,7307,77,2,3,0.0,0.0,0.0,0.0,0.43936213850975037,False,False,0.0,0.0,0.0,[],10.0,10.0,1,10.0,0,0.009119040999991057
mlp_aco,10,7307,77,2,4,0.0,0.0,0.0,0.0,0.20313307642936707,False,False,0.0,0.0,0.0,[],10.0,10.0,1,10.0,0,0.009119040999991057
mlp_aco,10,7308,77,3,1,42.0,200.0,242.0,1.21,1.0,True,True,30.0,200.0,12.0,[1],10.0,10.0,1,10.0,0,0.009105916999999408
mlp_aco,10,7308,77,3,2,0.0,0.0,0.0,0.0,0.09907747060060501,False,False,0.0,0.0,0.0,[],10.0,10.0,1,10.0,0,0.009105916999999408
mlp_aco,10,7308,77,3,3,0.0,0.0,0.0,0.0,0.43936213850975037,False,False,0.0,0.0,0.0,[],10.0,10.0,1,10.0,0,0.009105916999999408
mlp_aco,10,7308,77,3,4,0.0,0.0,0.0,0.0,0.20313307642936707,False,False,0.0,0.0,0.0,[],10.0,10.0,1,10.0,0,0.009105916999999408
mlp_aco,10,7309,77,3,1,39.0,200.0,239.0,1.195,1.0,True,True,30.0,200.0,9.0,[1],10.0,10.0,1,10.0,0,0.009044583999980205
mlp_aco,10,7309,77,3,2,0.0,0.0,0.0,0.0,0.09907747060060501,False,False,0.0,0.0,0.0,[],10.0,10.0,1,10.0,0,0.009044583999980205
mlp_aco,10,7309,77,3,3,0.0,0.0,0.0,0.0,0.43936213850975037,False,False,0.0,0.0,0.0,[],10.0,10.0,1,10.0,0,0.009044583999980205
mlp_aco,10,7309,77,3,4,0.0,0.0,0.0,0.0,0.20313307642936707,False,False,0.0,0.0,0.0,[],10.0,10.0,1,10.0,0,0.009044583999980205
mlp_aco,10,7310,77,3,1,40.0,200.0,240.0,1.2,1.0,True,True,30.0,200.0,10.0,[1],10.0,10.0,1,10.0,0,0.009080374999996366
mlp_aco,10,7310,77,3,2,0.0,0.0,0.0,0.0,0.09907747060060501,False,False,0.0,0.0,0.0,[],10.0,10.0,1,10.0,0,0.009080374999996366
mlp_aco,10,7310,77,3,3,0.0,0.0,0.0,0.0,0.43936213850975037,False,False,0.0,0.0,0.0,[],10.0,10.0,1,10.0,0,0.009080374999996366
mlp_aco,10,7310,77,3,4,0.0,0.0,0.0,0.0,0.20313307642936707,False,False,0.0,0.0,0.0,[],10.0,10.0,1,10.0,0,0.009080374999996366
mlp_aco,10,7311,77,3,1,39.0,200.0,239.0,1.195,1.0,True,True,30.0,200.0,9.0,[1],10.0,10.0,1,10.0,0,0.00907404200000883
mlp_aco,10,7311,77,3,2,0.0,0.0,0.0,0.0,0.09907747060060501,False,False,0.0,0.0,0.0,[],10.0,10.0,1,10.0,0,0.00907404200000883
mlp_aco,10,7311,77,3,3,0.0,0.0,0.0,0.0,0.43936213850975037,False,False,0.0,0.0,0.0,[],10.0,10.0,1,10.0,0,0.00907404200000883
mlp_aco,10,7311,77,3,4,0.0,0.0,0.0,0.0,0.20313307642936707,False,False,0.0,0.0,0.0,[],10.0,10.0,1,10.0,0,0.00907404200000883
mlp_aco,10,7312,77,4,1,38.0,200.0,238.0,1.19,1.0,True,True,30.0,200.0,8.0,[1],10.0,10.0,1,10.0,0,0.0090804159999891
mlp_aco,10,7312,77,4,2,0.0,0.0,0.0,0.0,0.09907747060060501,False,False,0.0,0.0,0.0,[],10.0,10.0,1,10.0,0,0.0090804159999891
mlp_aco,10,7312,77,4,3,0.0,0.0,0.0,0.0,0.43936213850975037,False,False,0.0,0.0,0.0,[],10.0,10.0,1,10.0,0,0.0090804159999891
mlp_aco,10,7312,77,4,4,0.0,0.0,0.0,0.0,0.20313307642936707,False,False,0.0,0.0,0.0,[],10.0,10.0,1,10.0,0,0.0090804159999891
mlp_aco,10,7313,77,4,1,41.0,200.0,241.0,1.205,1.0,True,True,30.0,200.0,11.0,[1],10.0,10.0,1,10.0,0,0.009016166000009207
mlp_aco,10,7313,77,4,2,0.0,0.0,0.0,0.0,0.09907747060060501,False,False,0.0,0.0,0.0,[],10.0,10.0,1,10.0,0,0.009016166000009207
mlp_aco,10,7313,77,4,3,0.0,0.0,0.0,0.0,0.43936213850975037,False,False,0.0,0.0,0.0,[],10.0,10.0,1,10.0,0,0.009016166000009207
mlp_aco,10,7313,77,4,4,0.0,0.0,0.0,0.0,0.20313307642936707,False,False,0.0,0.0,0.0,[],10.0,10.0,1,10.0,0,0.009016166000009207
mlp_aco,10,7314,77,4,1,39.0,200.0,239.0,1.195,1.0,True,True,30.0,200.0,9.0,[1],10.0,10.0,1,10.0,0,0.00887070899997866
mlp_aco,10,7314,77,4,2,0.0,0.0,0.0,0.0,0.09907747060060501,False,False,0.0,0.0,0.0,[],10.0,10.0,1,10.0,0,0.00887070899997866
mlp_aco,10,7314,77,4,3,0.0,0.0,0.0,0.0,0.43936213850975037,False,False,0.0,0.0,0.0,[],10.0,10.0,1,10.0,0,0.00887070899997866
mlp_aco,10,7314,77,4,4,0.0,0.0,0.0,0.0,0.20313307642936707,False,False,0.0,0.0,0.0,[],10.0,10.0,1,10.0,0,0.00887070899997866
mlp_aco,10,7315,77,4,1,39.0,200.0,239.0,1.195,1.0,True,True,30.0,200.0,9.0,[1],10.0,10.0,1,10.0,0,0.009133042000001979
mlp_aco,10,7315,77,4,2,0.0,0.0,0.0,0.0,0.09907747060060501,False,False,0.0,0.0,0.0,[],10.0,10.0,1,10.0,0,0.009133042000001979
mlp_aco,10,7315,77,4,3,0.0,0.0,0.0,0.0,0.43936213850975037,False,False,0.0,0.0,0.0,[],10.0,10.0,1,10.0,0,0.009133042000001979
mlp_aco,10,7315,77,4,4,0.0,0.0,0.0,0.0,0.20313307642936707,False,False,0.0,0.0,0.0,[],10.0,10.0,1,10.0,0,0.009133042000001979
mlp_aco,10,7316,77,5,1,38.0,200.0,238.0,1.19,1.0,True,True,30.0,200.0,8.0,[1],10.0,10.0,1,10.0,0,0.00904487500000073
mlp_aco,10,7316,77,5,2,0.0,0.0,0.0,0.0,0.09907747060060501,False,False,0.0,0.0,0.0,[],10.0,10.0,1,10.0,0,0.00904487500000073
mlp_aco,10,7316,77,5,3,0.0,0.0,0.0,0.0,0.43936213850975037,False,False,0.0,0.0,0.0,[],10.0,10.0,1,10.0,0,0.00904487500000073
mlp_aco,10,7316,77,5,4,0.0,0.0,0.0,0.0,0.20313307642936707,False,False,0.0,0.0,0.0,[],10.0,10.0,1,10.0,0,0.00904487500000073
mlp_aco,10,7317,77,5,1,41.0,200.0,241.0,1.205,1.0,True,True,30.0,200.0,11.0,[1],10.0,10.0,1,10.0,0,0.009131999999993923
mlp_aco,10,7317,77,5,2,0.0,0.0,0.0,0.0,0.09907747060060501,False,False,0.0,0.0,0.0,[],10.0,10.0,1,10.0,0,0.009131999999993923
mlp_aco,10,7317,77,5,3,0.0,0.0,0.0,0.0,0.43936213850975037,False,False,0.0,0.0,0.0,[],10.0,10.0,1,10.0,0,0.009131999999993923
mlp_aco,10,7317,77,5,4,0.0,0.0,0.0,0.0,0.20313307642936707,False,False,0.0,0.0,0.0,[],10.0,10.0,1,10.0,0,0.009131999999993923
mlp_aco,10,7318,77,5,1,38.0,200.0,238.0,1.19,1.0,True,True,30.0,200.0,8.0,[1],10.0,10.0,1,10.0,0,0.009088500000018485
mlp_aco,10,7318,77,5,2,0.0,0.0,0.0,0.0,0.09907747060060501,False,False,0.0,0.0,0.0,[],10.0,10.0,1,10.0,0,0.009088500000018485
mlp_aco,10,7318,77,5,3,0.0,0.0,0.0,0.0,0.43936213850975037,False,False,0.0,0.0,0.0,[],10.0,10.0,1,10.0,0,0.009088500000018485
mlp_aco,10,7318,77,5,4,0.0,0.0,0.0,0.0,0.20313307642936707,False,False,0.0,0.0,0.0,[],10.0,10.0,1,10.0,0,0.009088500000018485
mlp_aco,10,7319,77,5,1,39.0,200.0,239.0,1.195,1.0,True,True,30.0,200.0,9.0,[1],10.0,10.0,1,10.0,0,0.009156208000007382
mlp_aco,10,7319,77,5,2,0.0,0.0,0.0,0.0,0.09907747060060501,False,False,0.0,0.0,0.0,[],10.0,10.0,1,10.0,0,0.009156208000007382
mlp_aco,10,7319,77,5,3,0.0,0.0,0.0,0.0,0.43936213850975037,False,False,0.0,0.0,0.0,[],10.0,10.0,1,10.0,0,0.009156208000007382
mlp_aco,10,7319,77,5,4,0.0,0.0,0.0,0.0,0.20313307642936707,False,False,0.0,0.0,0.0,[],10.0,10.0,1,10.0,0,0.009156208000007382
mlp_aco,10,7320,77,6,1,34.0,200.0,234.0,1.17,1.0,True,True,30.0,200.0,4.0,[1],10.0,10.0,1,10.0,0,0.009106084000023884
mlp_aco,10,7320,77,6,2,0.0,0.0,0.0,0.0,0.09907747060060501,False,False,0.0,0.0,0.0,[],10.0,10.0,1,10.0,0,0.009106084000023884
mlp_aco,10,7320,77,6,3,0.0,0.0,0.0,0.0,0.43936213850975037,False,False,0.0,0.0,0.0,[],10.0,10.0,1,10.0,0,0.009106084000023884
mlp_aco,10,7320,77,6,4,0.0,0.0,0.0,0.0,0.20313307642936707,False,False,0.0,0.0,0.0,[],10.0,10.0,1,10.0,0,0.009106084000023884
mlp_aco,10,7321,77,6,1,27.0,200.0,227.0,1.135,1.0,True,True,30.0,197.0,0.0,[1],10.0,10.0,1,10.0,0,0.009018166999993582
mlp_aco,10,7321,77,6,2,0.0,0.0,0.0,0.0,0.09907747060060501,False,False,0.0,0.0,0.0,[],10.0,10.0,1,10.0,0,0.009018166999993582
mlp_aco,10,7321,77,6,3,0.0,0.0,0.0,0.0,0.43936213850975037,False,False,0.0,0.0,0.0,[],10.0,10.0,1,10.0,0,0.009018166999993582
mlp_aco,10,7321,77,6,4,0.0,0.0,0.0,0.0,0.20313307642936707,False,False,0.0,0.0,0.0,[],10.0,10.0,1,10.0,0,0.009018166999993582
mlp_aco,10,7322,77,6,1,27.0,197.0,224.0,1.12,1.0,True,True,30.0,194.0,0.0,[1],10.0,10.0,1,10.0,0,0.009052499999995689
mlp_aco,10,7322,77,6,2,0.0,0.0,0.0,0.0,0.09907747060060501,False,False,0.0,0.0,0.0,[],10.0,10.0,1,10.0,0,0.009052499999995689
mlp_aco,10,7322,77,6,3,0.0,0.0,0.0,0.0,0.43936213850975037,False,False,0.0,0.0,0.0,[],10.0,10.0,1,10.0,0,0.009052499999995689
mlp_aco,10,7322,77,6,4,0.0,0.0,0.0,0.0,0.20313307642936707,False,False,0.0,0.0,0.0,[],10.0,10.0,1,10.0,0,0.009052499999995689
mlp_aco,10,7323,77,6,1,36.0,194.0,230.0,1.15,1.0,True,True,30.0,200.0,0.0,[1],10.0,10.0,1,10.0,0,0.009095458000018652
mlp_aco,10,7323,77,6,2,0.0,0.0,0.0,0.0,0.09907747060060501,False,False,0.0,0.0,0.0,[],10.0,10.0,1,10.0,0,0.009095458000018652
mlp_aco,10,7323,77,6,3,0.0,0.0,0.0,0.0,0.43936213850975037,False,False,0.0,0.0,0.0,[],10.0,10.0,1,10.0,0,0.009095458000018652
mlp_aco,10,7323,77,6,4,0.0,0.0,0.0,0.0,0.20313307642936707,False,False,0.0,0.0,0.0,[],10.0,10.0,1,10.0,0,0.009095458000018652
mlp_aco,10,7324,77,7,1,41.0,200.0,241.0,1.205,1.0,True,True,30.0,200.0,11.0,[1],10.0,10.0,1,10.0,0,0.008947041999988414
mlp_aco,10,7324,77,7,2,0.0,0.0,0.0,0.0,0.09907747060060501,False,False,0.0,0.0,0.0,[],10.0,10.0,1,10.0,0,0.008947041999988414
mlp_aco,10,7324,77,7,3,0.0,0.0,0.0,0.0,0.43936213850975037,False,False,0.0,0.0,0.0,[],10.0,10.0,1,10.0,0,0.008947041999988414
mlp_aco,10,7324,77,7,4,0.0,0.0,0.0,0.0,0.20313307642936707,False,False,0.0,0.0,0.0,[],10.0,10.0,1,10.0,0,0.008947041999988414
mlp_aco,10,7325,77,7,1,51.0,200.0,251.0,1.255,1.0,True,True,30.0,200.0,21.0,[1],10.0,10.0,1,10.0,0,0.009089415999994799
mlp_aco,10,7325,77,7,2,0.0,0.0,0.0,0.0,0.09907747060060501,False,False,0.0,0.0,0.0,[],10.0,10.0,1,10.0,0,0.009089415999994799
mlp_aco,10,7325,77,7,3,0.0,0.0,0.0,0.0,0.43936213850975037,False,False,0.0,0.0,0.0,[],10.0,10.0,1,10.0,0,0.009089415999994799
mlp_aco,10,7325,77,7,4,0.0,0.0,0.0,0.0,0.20313307642936707,False,False,0.0,0.0,0.0,[],10.0,10.0,1,10.0,0,0.009089415999994799
mlp_aco,10,7326,77,7,1,52.0,200.0,252.0,1.26,1.0,True,True,30.0,200.0,22.0,[1],10.0,10.0,1,10.0,0,0.009042207999982566
mlp_aco,10,7326,77,7,2,0.0,0.0,0.0,0.0,0.09907747060060501,False,False,0.0,0.0,0.0,[],10.0,10.0,1,10.0,0,0.009042207999982566
mlp_aco,10,7326,77,7,3,0.0,0.0,0.0,0.0,0.43936213850975037,False,False,0.0,0.0,0.0,[],10.0,10.0,1,10.0,0,0.009042207999982566
mlp_aco,10,7326,77,7,4,0.0,0.0,0.0,0.0,0.20313307642936707,False,False,0.0,0.0,0.0,[],10.0,10.0,1,10.0,0,0.009042207999982566
mlp_aco,10,7327,77,7,1,53.0,200.0,253.0,1.265,1.0,True,True,30.0,200.0,23.0,[1],10.0,10.0,1,10.0,0,0.009076000000021622
mlp_aco,10,7327,77,7,2,0.0,0.0,0.0,0.0,0.09907747060060501,False,False,0.0,0.0,0.0,[],10.0,10.0,1,10.0,0,0.009076000000021622
mlp_aco,10,7327,77,7,3,0.0,0.0,0.0,0.0,0.43936213850975037,False,False,0.0,0.0,0.0,[],10.0,10.0,1,10.0,0,0.009076000000021622
mlp_aco,10,7327,77,7,4,0.0,0.0,0.0,0.0,0.20313307642936707,False,False,0.0,0.0,0.0,[],10.0,10.0,1,10.0,0,0.009076000000021622
mlp_aco,10,7328,77,8,1,45.0,200.0,245.0,1.225,1.0,True,True,30.0,200.0,15.0,[1],10.0,10.0,1,10.0,0,0.009178666999986262
mlp_aco,10,7328,77,8,2,0.0,0.0,0.0,0.0,0.09907747060060501,False,False,0.0,0.0,0.0,[],10.0,10.0,1,10.0,0,0.009178666999986262
mlp_aco,10,7328,77,8,3,0.0,0.0,0.0,0.0,0.43936213850975037,False,False,0.0,0.0,0.0,[],10.0,10.0,1,10.0,0,0.009178666999986262
mlp_aco,10,7328,77,8,4,0.0,0.0,0.0,0.0,0.20313307642936707,False,False,0.0,0.0,0.0,[],10.0,10.0,1,10.0,0,0.009178666999986262
mlp_aco,10,7329,77,8,1,55.0,200.0,255.0,1.275,1.0,True,True,30.0,200.0,25.0,[1],10.0,10.0,1,10.0,0,0.008964917000014339
mlp_aco,10,7329,77,8,2,0.0,0.0,0.0,0.0,0.09907747060060501,False,False,0.0,0.0,0.0,[],10.0,10.0,1,10.0,0,0.008964917000014339
mlp_aco,10,7329,77,8,3,0.0,0.0,0.0,0.0,0.43936213850975037,False,False,0.0,0.0,0.0,[],10.0,10.0,1,10.0,0,0.008964917000014339
mlp_aco,10,7329,77,8,4,0.0,0.0,0.0,0.0,0.20313307642936707,False,False,0.0,0.0,0.0,[],10.0,10.0,1,10.0,0,0.008964917000014339
mlp_aco,10,7330,77,8,1,57.0,200.0,257.0,1.285,1.0,True,True,30.0,200.0,27.0,[1],10.0,10.0,1,10.0,0,0.009080874999995103
mlp_aco,10,7330,77,8,2,0.0,0.0,0.0,0.0,0.09907747060060501,False,False,0.0,0.0,0.0,[],10.0,10.0,1,10.0,0,0.009080874999995103
mlp_aco,10,7330,77,8,3,0.0,0.0,0.0,0.0,0.43936213850975037,False,False,0.0,0.0,0.0,[],10.0,10.0,1,10.0,0,0.009080874999995103
mlp_aco,10,7330,77,8,4,0.0,0.0,0.0,0.0,0.20313307642936707,False,False,0.0,0.0,0.0,[],10.0,10.0,1,10.0,0,0.009080874999995103
mlp_aco,10,7331,77,8,1,56.0,200.0,256.0,1.28,1.0,True,True,30.0,200.0,26.0,[1],10.0,10.0,1,10.0,0,0.009032584000010502
mlp_aco,10,7331,77,8,2,0.0,0.0,0.0,0.0,0.09907747060060501,False,False,0.0,0.0,0.0,[],10.0,10.0,1,10.0,0,0.009032584000010502
mlp_aco,10,7331,77,8,3,0.0,0.0,0.0,0.0,0.43936213850975037,False,False,0.0,0.0,0.0,[],10.0,10.0,1,10.0,0,0.009032584000010502
mlp_aco,10,7331,77,8,4,0.0,0.0,0.0,0.0,0.20313307642936707,False,False,0.0,0.0,0.0,[],10.0,10.0,1,10.0,0,0.009032584000010502
mlp_aco,10,7332,77,9,1,60.0,200.0,260.0,1.3,1.0,True,True,30.0,200.0,30.0,[1],10.0,10.0,1,10.0,0,0.00904354200000057
mlp_aco,10,7332,77,9,2,0.0,0.0,0.0,0.0,0.09907747060060501,False,False,0.0,0.0,0.0,[],10.0,10.0,1,10.0,0,0.00904354200000057
mlp_aco,10,7332,77,9,3,0.0,0.0,0.0,0.0,0.43936213850975037,False,False,0.0,0.0,0.0,[],10.0,10.0,1,10.0,0,0.00904354200000057
mlp_aco,10,7332,77,9,4,0.0,0.0,0.0,0.0,0.20313307642936707,False,False,0.0,0.0,0.0,[],10.0,10.0,1,10.0,0,0.00904354200000057
mlp_aco,10,7333,77,9,1,69.0,200.0,269.0,1.345,1.0,True,True,30.0,200.0,39.0,[1],10.0,10.0,1,10.0,0,0.009059709000013072
mlp_aco,10,7333,77,9,2,0.0,0.0,0.0,0.0,0.09907747060060501,False,False,0.0,0.0,0.0,[],10.0,10.0,1,10.0,0,0.009059709000013072
mlp_aco,10,7333,77,9,3,0.0,0.0,0.0,0.0,0.43936213850975037,False,False,0.0,0.0,0.0,[],10.0,10.0,1,10.0,0,0.009059709000013072
mlp_aco,10,7333,77,9,4,0.0,0.0,0.0,0.0,0.20313307642936707,False,False,0.0,0.0,0.0,[],10.0,10.0,1,10.0,0,0.009059709000013072
mlp_aco,10,7334,77,9,1,70.0,200.0,270.0,1.35,1.0,True,True,30.0,200.0,40.0,[1],10.0,10.0,1,10.0,0,0.009070375000021613
mlp_aco,10,7334,77,9,2,0.0,0.0,0.0,0.0,0.09907747060060501,False,False,0.0,0.0,0.0,[],10.0,10.0,1,10.0,0,0.009070375000021613
mlp_aco,10,7334,77,9,3,0.0,0.0,0.0,0.0,0.43936213850975037,False,False,0.0,0.0,0.0,[],10.0,10.0,1,10.0,0,0.009070375000021613
mlp_aco,10,7334,77,9,4,0.0,0.0,0.0,0.0,0.20313307642936707,False,False,0.0,0.0,0.0,[],10.0,10.0,1,10.0,0,0.009070375000021613
mlp_aco,10,7335,77,9,1,57.0,200.0,257.0,1.285,1.0,True,True,30.0,200.0,27.0,[1],10.0,10.0,1,10.0,0,0.00887287499998024
mlp_aco,10,7335,77,9,2,0.0,0.0,0.0,0.0,0.09907747060060501,False,False,0.0,0.0,0.0,[],10.0,10.0,1,10.0,0,0.00887287499998024
mlp_aco,10,7335,77,9,3,0.0,0.0,0.0,0.0,0.43936213850975037,False,False,0.0,0.0,0.0,[],10.0,10.0,1,10.0,0,0.00887287499998024
mlp_aco,10,7335,77,9,4,0.0,0.0,0.0,0.0,0.20313307642936707,False,False,0.0,0.0,0.0,[],10.0,10.0,1,10.0,0,0.00887287499998024
mlp_aco,10,7336,77,10,1,51.0,200.0,251.0,1.255,1.0,True,True,30.0,200.0,21.0,[1],10.0,10.0,1,10.0,0,0.009082167000002528
mlp_aco,10,7336,77,10,2,0.0,0.0,0.0,0.0,0.09907747060060501,False,False,0.0,0.0,0.0,[],10.0,10.0,1,10.0,0,0.009082167000002528
mlp_aco,10,7336,77,10,3,0.0,0.0,0.0,0.0,0.43936213850975037,False,False,0.0,0.0,0.0,[],10.0,10.0,1,10.0,0,0.009082167000002528
mlp_aco,10,7336,77,10,4,0.0,0.0,0.0,0.0,0.20313307642936707,False,False,0.0,0.0,0.0,[],10.0,10.0,1,10.0,0,0.009082167000002528
mlp_aco,10,7337,77,10,1,50.0,200.0,250.0,1.25,1.0,True,True,30.0,200.0,20.0,[1],10.0,10.0,1,10.0,0,0.00914012499998762
mlp_aco,10,7337,77,10,2,0.0,0.0,0.0,0.0,0.09907747060060501,False,False,0.0,0.0,0.0,[],10.0,10.0,1,10.0,0,0.00914012499998762
mlp_aco,10,7337,77,10,3,0.0,0.0,0.0,0.0,0.43936213850975037,False,False,0.0,0.0,0.0,[],10.0,10.0,1,10.0,0,0.00914012499998762
mlp_aco,10,7337,77,10,4,0.0,0.0,0.0,0.0,0.20313307642936707,False,False,0.0,0.0,0.0,[],10.0,10.0,1,10.0,0,0.00914012499998762
mlp_aco,10,7338,77,10,1,49.0,200.0,249.0,1.245,1.0,True,True,30.0,200.0,19.0,[1],10.0,10.0,1,10.0,0,0.009098166999990553
mlp_aco,10,7338,77,10,2,0.0,0.0,0.0,0.0,0.09907747060060501,False,False,0.0,0.0,0.0,[],10.0,10.0,1,10.0,0,0.009098166999990553
mlp_aco,10,7338,77,10,3,0.0,0.0,0.0,0.0,0.43936213850975037,False,False,0.0,0.0,0.0,[],10.0,10.0,1,10.0,0,0.009098166999990553
mlp_aco,10,7338,77,10,4,0.0,0.0,0.0,0.0,0.20313307642936707,False,False,0.0,0.0,0.0,[],10.0,10.0,1,10.0,0,0.009098166999990553
mlp_aco,10,7339,77,10,1,49.0,200.0,249.0,1.245,1.0,True,True,30.0,200.0,19.0,[1],10.0,10.0,1,10.0,0,0.009005250000001297
mlp_aco,10,7339,77,10,2,0.0,0.0,0.0,0.0,0.09907747060060501,False,False,0.0,0.0,0.0,[],10.0,10.0,1,10.0,0,0.009005250000001297
mlp_aco,10,7339,77,10,3,0.0,0.0,0.0,0.0,0.43936213850975037,False,False,0.0,0.0,0.0,[],10.0,10.0,1,10.0,0,0.009005250000001297
mlp_aco,10,7339,77,10,4,0.0,0.0,0.0,0.0,0.20313307642936707,False,False,0.0,0.0,0.0,[],10.0,10.0,1,10.0,0,0.009005250000001297
mlp_aco,10,7340,77,11,1,49.0,200.0,249.0,1.245,1.0,True,True,30.0,200.0,19.0,[1],10.0,10.0,1,10.0,0,0.0091401669999982
mlp_aco,10,7340,77,11,2,0.0,0.0,0.0,0.0,0.09907747060060501,False,False,0.0,0.0,0.0,[],10.0,10.0,1,10.0,0,0.0091401669999982
mlp_aco,10,7340,77,11,3,0.0,0.0,0.0,0.0,0.43936213850975037,False,False,0.0,0.0,0.0,[],10.0,10.0,1,10.0,0,0.0091401669999982
mlp_aco,10,7340,77,11,4,0.0,0.0,0.0,0.0,0.20313307642936707,False,False,0.0,0.0,0.0,[],10.0,10.0,1,10.0,0,0.0091401669999982
mlp_aco,10,7341,77,11,1,42.0,200.0,242.0,1.21,1.0,True,True,30.0,200.0,12.0,[1],10.0,10.0,1,10.0,0,0.009210292000005893
mlp_aco,10,7341,77,11,2,0.0,0.0,0.0,0.0,0.09907747060060501,False,False,0.0,0.0,0.0,[],10.0,10.0,1,10.0,0,0.009210292000005893
mlp_aco,10,7341,77,11,3,0.0,0.0,0.0,0.0,0.43936213850975037,False,False,0.0,0.0,0.0,[],10.0,10.0,1,10.0,0,0.009210292000005893
mlp_aco,10,7341,77,11,4,0.0,0.0,0.0,0.0,0.20313307642936707,False,False,0.0,0.0,0.0,[],10.0,10.0,1,10.0,0,0.009210292000005893
mlp_aco,10,7342,77,11,1,42.0,200.0,242.0,1.21,1.0,True,True,30.0,200.0,12.0,[1],10.0,10.0,1,10.0,0,0.009200749999990876
mlp_aco,10,7342,77,11,2,0.0,0.0,0.0,0.0,0.09907747060060501,False,False,0.0,0.0,0.0,[],10.0,10.0,1,10.0,0,0.009200749999990876
mlp_aco,10,7342,77,11,3,0.0,0.0,0.0,0.0,0.43936213850975037,False,False,0.0,0.0,0.0,[],10.0,10.0,1,10.0,0,0.009200749999990876
mlp_aco,10,7342,77,11,4,0.0,0.0,0.0,0.0,0.20313307642936707,False,False,0.0,0.0,0.0,[],10.0,10.0,1,10.0,0,0.009200749999990876
mlp_aco,10,7343,77,11,1,41.0,200.0,241.0,1.205,1.0,True,True,30.0,200.0,11.0,[1],10.0,10.0,1,10.0,0,0.009111957999976994
mlp_aco,10,7343,77,11,2,0.0,0.0,0.0,0.0,0.09907747060060501,False,False,0.0,0.0,0.0,[],10.0,10.0,1,10.0,0,0.009111957999976994
mlp_aco,10,7343,77,11,3,0.0,0.0,0.0,0.0,0.43936213850975037,False,False,0.0,0.0,0.0,[],10.0,10.0,1,10.0,0,0.009111957999976994
mlp_aco,10,7343,77,11,4,0.0,0.0,0.0,0.0,0.20313307642936707,False,False,0.0,0.0,0.0,[],10.0,10.0,1,10.0,0,0.009111957999976994
mlp_aco,10,7344,77,12,1,41.0,200.0,241.0,1.205,1.0,True,True,30.0,200.0,11.0,[1],10.0,10.0,1,10.0,0,0.009009999999989304
mlp_aco,10,7344,77,12,2,0.0,0.0,0.0,0.0,0.09907747060060501,False,False,0.0,0.0,0.0,[],10.0,10.0,1,10.0,0,0.009009999999989304
mlp_aco,10,7344,77,12,3,0.0,0.0,0.0,0.0,0.43936213850975037,False,False,0.0,0.0,0.0,[],10.0,10.0,1,10.0,0,0.009009999999989304
mlp_aco,10,7344,77,12,4,0.0,0.0,0.0,0.0,0.20313307642936707,False,False,0.0,0.0,0.0,[],10.0,10.0,1,10.0,0,0.009009999999989304
mlp_aco,10,7345,77,12,1,40.0,200.0,240.0,1.2,1.0,True,True,30.0,200.0,10.0,[1],10.0,10.0,1,10.0,0,0.009089709000022594
mlp_aco,10,7345,77,12,2,0.0,0.0,0.0,0.0,0.09907747060060501,False,False,0.0,0.0,0.0,[],10.0,10.0,1,10.0,0,0.009089709000022594
mlp_aco,10,7345,77,12,3,0.0,0.0,0.0,0.0,0.43936213850975037,False,False,0.0,0.0,0.0,[],10.0,10.0,1,10.0,0,0.009089709000022594
mlp_aco,10,7345,77,12,4,0.0,0.0,0.0,0.0,0.20313307642936707,False,False,0.0,0.0,0.0,[],10.0,10.0,1,10.0,0,0.009089709000022594
mlp_aco,10,7346,77,12,1,37.0,200.0,237.0,1.185,1.0,True,True,30.0,200.0,7.0,[1],10.0,10.0,1,10.0,0,0.00908579099998974
mlp_aco,10,7346,77,12,2,0.0,0.0,0.0,0.0,0.09907747060060501,False,False,0.0,0.0,0.0,[],10.0,10.0,1,10.0,0,0.00908579099998974
mlp_aco,10,7346,77,12,3,0.0,0.0,0.0,0.0,0.43936213850975037,False,False,0.0,0.0,0.0,[],10.0,10.0,1,10.0,0,0.00908579099998974
mlp_aco,10,7346,77,12,4,0.0,0.0,0.0,0.0,0.20313307642936707,False,False,0.0,0.0,0.0,[],10.0,10.0,1,10.0,0,0.00908579099998974
mlp_aco,10,7347,77,12,1,33.0,200.0,233.0,1.165,1.0,True,True,30.0,200.0,3.0,[1],10.0,10.0,1,10.0,0,0.008908750000017562
mlp_aco,10,7347,77,12,2,0.0,0.0,0.0,0.0,0.09907747060060501,False,False,0.0,0.0,0.0,[],10.0,10.0,1,10.0,0,0.008908750000017562
mlp_aco,10,7347,77,12,3,0.0,0.0,0.0,0.0,0.43936213850975037,False,False,0.0,0.0,0.0,[],10.0,10.0,1,10.0,0,0.008908750000017562
mlp_aco,10,7347,77,12,4,0.0,0.0,0.0,0.0,0.20313307642936707,False,False,0.0,0.0,0.0,[],10.0,10.0,1,10.0,0,0.008908750000017562
mlp_aco,10,7348,77,13,1,29.0,200.0,229.0,1.145,1.0,True,True,30.0,199.0,0.0,[1],10.0,10.0,1,10.0,0,0.00888758400000711
mlp_aco,10,7348,77,13,2,0.0,0.0,0.0,0.0,0.09907747060060501,False,False,0.0,0.0,0.0,[],10.0,10.0,1,10.0,0,0.00888758400000711
mlp_aco,10,7348,77,13,3,0.0,0.0,0.0,0.0,0.43936213850975037,False,False,0.0,0.0,0.0,[],10.0,10.0,1,10.0,0,0.00888758400000711
mlp_aco,10,7348,77,13,4,0.0,0.0,0.0,0.0,0.20313307642936707,False,False,0.0,0.0,0.0,[],10.0,10.0,1,10.0,0,0.00888758400000711
mlp_aco,10,7349,77,13,1,15.0,199.0,214.0,1.07,1.0,True,True,30.0,184.0,0.0,[1],10.0,10.0,1,10.0,0,0.009014624999991838
mlp_aco,10,7349,77,13,2,0.0,0.0,0.0,0.0,0.09907747060060501,False,False,0.0,0.0,0.0,[],10.0,10.0,1,10.0,0,0.009014624999991838
mlp_aco,10,7349,77,13,3,0.0,0.0,0.0,0.0,0.43936213850975037,False,False,0.0,0.0,0.0,[],10.0,10.0,1,10.0,0,0.009014624999991838
mlp_aco,10,7349,77,13,4,0.0,0.0,0.0,0.0,0.20313307642936707,False,False,0.0,0.0,0.0,[],10.0,10.0,1,10.0,0,0.009014624999991838
mlp_aco,10,7350,77,13,1,14.0,184.0,198.0,0.99,1.0,True,True,30.0,168.0,0.0,[1],10.0,10.0,1,10.0,0,0.00911445900001695
mlp_aco,10,7350,77,13,2,0.0,0.0,0.0,0.0,0.09907747060060501,False,False,0.0,0.0,0.0,[],10.0,10.0,1,10.0,0,0.00911445900001695
mlp_aco,10,7350,77,13,3,0.0,0.0,0.0,0.0,0.43936213850975037,False,False,0.0,0.0,0.0,[],10.0,10.0,1,10.0,0,0.00911445900001695
mlp_aco,10,7350,77,13,4,0.0,0.0,0.0,0.0,0.20313307642936707,False,False,0.0,0.0,0.0,[],10.0,10.0,1,10.0,0,0.00911445900001695
mlp_aco,10,7351,77,13,1,14.0,168.0,182.0,0.91,0.9999985098838806,True,True,30.0,152.0,0.0,[1],10.0,10.0,1,10.0,0,0.00891858299999626
mlp_aco,10,7351,77,13,2,0.0,0.0,0.0,0.0,0.09907747060060501,False,False,0.0,0.0,0.0,[],10.0,10.0,1,10.0,0,0.00891858299999626
mlp_aco,10,7351,77,13,3,0.0,0.0,0.0,0.0,0.43936213850975037,False,False,0.0,0.0,0.0,[],10.0,10.0,1,10.0,0,0.00891858299999626
mlp_aco,10,7351,77,13,4,0.0,0.0,0.0,0.0,0.20313307642936707,False,False,0.0,0.0,0.0,[],10.0,10.0,1,10.0,0,0.00891858299999626
mlp_aco,10,7352,77,14,1,13.0,152.0,165.0,0.825,0.9998015761375427,True,True,30.0,135.0,0.0,[1],10.0,10.0,1,10.0,0,0.00895762499999364
mlp_aco,10,7352,77,14,2,0.0,0.0,0.0,0.0,0.09907747060060501,False,False,0.0,0.0,0.0,[],10.0,10.0,1,10.0,0,0.00895762499999364
mlp_aco,10,7352,77,14,3,0.0,0.0,0.0,0.0,0.43936213850975037,False,False,0.0,0.0,0.0,[],10.0,10.0,1,10.0,0,0.00895762499999364
mlp_aco,10,7352,77,14,4,0.0,0.0,0.0,0.0,0.20313307642936707,False,False,0.0,0.0,0.0,[],10.0,10.0,1,10.0,0,0.00895762499999364
mlp_aco,10,7353,77,14,1,14.0,135.0,149.0,0.745,0.9961974024772644,True,True,30.0,119.0,0.0,[1],10.0,10.0,1,10.0,0,0.0090971670000215
mlp_aco,10,7353,77,14,2,0.0,0.0,0.0,0.0,0.09907747060060501,False,False,0.0,0.0,0.0,[],10.0,10.0,1,10.0,0,0.0090971670000215
mlp_aco,10,7353,77,14,3,0.0,0.0,0.0,0.0,0.43936213850975037,False,False,0.0,0.0,0.0,[],10.0,10.0,1,10.0,0,0.0090971670000215
mlp_aco,10,7353,77,14,4,0.0,0.0,0.0,0.0,0.20313307642936707,False,False,0.0,0.0,0.0,[],10.0,10.0,1,10.0,0,0.0090971670000215
mlp_aco,10,7354,77,14,1,14.0,119.0,133.0,0.665,0.9793504476547241,True,True,30.0,103.0,0.0,[1],10.0,10.0,1,10.0,0,0.00908075000000963
mlp_aco,10,7354,77,14,2,0.0,0.0,0.0,0.0,0.09907747060060501,False,False,0.0,0.0,0.0,[],10.0,10.0,1,10.0,0,0.00908075000000963
mlp_aco,10,7354,77,14,3,0.0,0.0,0.0,0.0,0.43936213850975037,False,False,0.0,0.0,0.0,[],10.0,10.0,1,10.0,0,0.00908075000000963
mlp_aco,10,7354,77,14,4,0.0,0.0,0.0,0.0,0.20313307642936707,False,False,0.0,0.0,0.0,[],10.0,10.0,1,10.0,0,0.00908075000000963
mlp_aco,10,7355,77,14,1,14.0,103.0,117.0,0.585,0.9093906283378601,True,True,30.0,87.0,0.0,[1],10.0,10.0,1,10.0,0,0.00876124999999206
mlp_aco,10,7355,77,14,2,0.0,0.0,0.0,0.0,0.09907747060060501,False,False,0.0,0.0,0.0,[],10.0,10.0,1,10.0,0,0.00876124999999206
mlp_aco,10,7355,77,14,3,0.0,0.0,0.0,0.0,0.43936213850975037,False,False,0.0,0.0,0.0,[],10.0,10.0,1,10.0,0,0.00876124999999206
mlp_aco,10,7355,77,14,4,0.0,0.0,0.0,0.0,0.20313307642936707,False,False,0.0,0.0,0.0,[],10.0,10.0,1,10.0,0,0.00876124999999206
mlp_aco,10,7356,77,15,1,14.0,87.0,101.0,0.505,0.7557514905929565,True,True,30.0,71.0,0.0,[1],10.0,10.0,1,10.0,0,0.008989333000016586
mlp_aco,10,7356,77,15,2,0.0,0.0,0.0,0.0,0.09907747060060501,False,False,0.0,0.0,0.0,[],10.0,10.0,1,10.0,0,0.008989333000016586
mlp_aco,10,7356,77,15,3,0.0,0.0,0.0,0.0,0.43936213850975037,False,False,0.0,0.0,0.0,[],10.0,10.0,1,10.0,0,0.008989333000016586
mlp_aco,10,7356,77,15,4,0.0,0.0,0.0,0.0,0.20313307642936707,False,False,0.0,0.0,0.0,[],10.0,10.0,1,10.0,0,0.008989333000016586
mlp_aco,10,7357,77,15,1,14.0,71.0,85.0,0.425,0.5902342796325684,False,False,0.0,85.0,0.0,[],0.0,0.0,0,0.0,0,2.2910000154752197e-06
mlp_aco,10,7357,77,15,2,0.0,0.0,0.0,0.0,0.09907747060060501,False,False,0.0,0.0,0.0,[],0.0,0.0,0,0.0,0,2.2910000154752197e-06
mlp_aco,10,7357,77,15,3,0.0,0.0,0.0,0.0,0.43936213850975037,False,False,0.0,0.0,0.0,[],0.0,0.0,0,0.0,0,2.2910000154752197e-06
mlp_aco,10,7357,77,15,4,0.0,0.0,0.0,0.0,0.20313307642936707,False,False,0.0,0.0,0.0,[],0.0,0.0,0,0.0,0,2.2910000154752197e-06
mlp_aco,10,7358,77,15,1,13.0,85.0,98.0,0.49,0.6330644488334656,False,False,0.0,98.0,0.0,[],0.0,0.0,0,0.0,0,1.8339999883210112e-06
mlp_aco,10,7358,77,15,2,0.0,0.0,0.0,0.0,0.09907747060060501,False,False,0.0,0.0,0.0,[],0.0,0.0,0,0.0,0,1.8339999883210112e-06
mlp_aco,10,7358,77,15,3,0.0,0.0,0.0,0.0,0.43936213850975037,False,False,0.0,0.0,0.0,[],0.0,0.0,0,0.0,0,1.8339999883210112e-06
mlp_aco,10,7358,77,15,4,0.0,0.0,0.0,0.0,0.20313307642936707,False,False,0.0,0.0,0.0,[],0.0,0.0,0,0.0,0,1.8339999883210112e-06
mlp_aco,10,7359,77,15,1,14.0,98.0,112.0,0.56,0.868669331073761,True,True,30.0,82.0,0.0,[1],10.0,10.0,1,10.0,0,0.009090624999998909
mlp_aco,10,7359,77,15,2,0.0,0.0,0.0,0.0,0.09907747060060501,False,False,0.0,0.0,0.0,[],10.0,10.0,1,10.0,0,0.009090624999998909
mlp_aco,10,7359,77,15,3,0.0,0.0,0.0,0.0,0.43936213850975037,False,False,0.0,0.0,0.0,[],10.0,10.0,1,10.0,0,0.009090624999998909
mlp_aco,10,7359,77,15,4,0.0,0.0,0.0,0.0,0.20313307642936707,False,False,0.0,0.0,0.0,[],10.0,10.0,1,10.0,0,0.009090624999998909
mlp_aco,10,7360,77,16,1,14.0,82.0,96.0,0.48,0.700477659702301,True,True,30.0,66.0,0.0,[1],10.0,10.0,1,10.0,0,0.008928541000017276
mlp_aco,10,7360,77,16,2,0.0,0.0,0.0,0.0,0.09907747060060501,False,False,0.0,0.0,0.0,[],10.0,10.0,1,10.0,0,0.008928541000017276
mlp_aco,10,7360,77,16,3,0.0,0.0,0.0,0.0,0.43936213850975037,False,False,0.0,0.0,0.0,[],10.0,10.0,1,10.0,0,0.008928541000017276
mlp_aco,10,7360,77,16,4,0.0,0.0,0.0,0.0,0.20313307642936707,False,False,0.0,0.0,0.0,[],10.0,10.0,1,10.0,0,0.008928541000017276
mlp_aco,10,7361,77,16,1,14.0,66.0,80.0,0.4,0.5509558916091919,False,False,0.0,80.0,0.0,[],0.0,0.0,0,0.0,0,2.000000023372195e-06
mlp_aco,10,7361,77,16,2,0.0,0.0,0.0,0.0,0.09907747060060501,False,False,0.0,0.0,0.0,[],0.0,0.0,0,0.0,0,2.000000023372195e-06
mlp_aco,10,7361,77,16,3,0.0,0.0,0.0,0.0,0.43936213850975037,False,False,0.0,0.0,0.0,[],0.0,0.0,0,0.0,0,2.000000023372195e-06
mlp_aco,10,7361,77,16,4,0.0,0.0,0.0,0.0,0.20313307642936707,False,False,0.0,0.0,0.0,[],0.0,0.0,0,0.0,0,2.000000023372195e-06
mlp_aco,10,7362,77,16,1,14.0,80.0,94.0,0.47,0.6738767623901367,False,False,0.0,94.0,0.0,[],0.0,0.0,0,0.0,0,1.8750000094769348e-06
mlp_aco,10,7362,77,16,2,0.0,0.0,0.0,0.0,0.09907747060060501,False,False,0.0,0.0,0.0,[],0.0,0.0,0,0.0,0,1.8750000094769348e-06
mlp_aco,10,7362,77,16,3,0.0,0.0,0.0,0.0,0.43936213850975037,False,False,0.0,0.0,0.0,[],0.0,0.0,0,0.0,0,1.8750000094769348e-06
mlp_aco,10,7362,77,16,4,0.0,0.0,0.0,0.0,0.20313307642936707,False,False,0.0,0.0,0.0,[],0.0,0.0,0,0.0,0,1.8750000094769348e-06
mlp_aco,10,7363,77,16,1,14.0,94.0,108.0,0.54,0.8281716108322144,True,True,30.0,78.0,0.0,[1],10.0,10.0,1,10.0,0,0.009019375000008267
mlp_aco,10,7363,77,16,2,0.0,0.0,0.0,0.0,0.09907747060060501,False,False,0.0,0.0,0.0,[],10.0,10.0,1,10.0,0,0.009019375000008267
mlp_aco,10,7363,77,16,3,0.0,0.0,0.0,0.0,0.43936213850975037,False,False,0.0,0.0,0.0,[],10.0,10.0,1,10.0,0,0.009019375000008267
mlp_aco,10,7363,77,16,4,0.0,0.0,0.0,0.0,0.20313307642936707,False,False,0.0,0.0,0.0,[],10.0,10.0,1,10.0,0,0.009019375000008267
mlp_aco,10,7364,77,17,1,14.0,78.0,92.0,0.46,0.6558974385261536,False,False,0.0,92.0,0.0,[],0.0,0.0,0,0.0,0,1.9169999916357483e-06
mlp_aco,10,7364,77,17,2,0.0,0.0,0.0,0.0,0.09907747060060501,False,False,0.0,0.0,0.0,[],0.0,0.0,0,0.0,0,1.9169999916357483e-06
mlp_aco,10,7364,77,17,3,0.0,0.0,0.0,0.0,0.43936213850975037,False,False,0.0,0.0,0.0,[],0.0,0.0,0,0.0,0,1.9169999916357483e-06
mlp_aco,10,7364,77,17,4,0.0,0.0,0.0,0.0,0.20313307642936707,False,False,0.0,0.0,0.0,[],0.0,0.0,0,0.0,0,1.9169999916357483e-06
mlp_aco,10,7365,77,17,1,13.0,92.0,105.0,0.525,0.7137433290481567,True,True,30.0,75.0,0.0,[1],10.0,10.0,1,10.0,0,0.009067667000010715
mlp_aco,10,7365,77,17,2,0.0,0.0,0.0,0.0,0.09907747060060501,False,False,0.0,0.0,0.0,[],10.0,10.0,1,10.0,0,0.009067667000010715
mlp_aco,10,7365,77,17,3,0.0,0.0,0.0,0.0,0.43936213850975037,False,False,0.0,0.0,0.0,[],10.0,10.0,1,10.0,0,0.009067667000010715
mlp_aco,10,7365,77,17,4,0.0,0.0,0.0,0.0,0.20313307642936707,False,False,0.0,0.0,0.0,[],10.0,10.0,1,10.0,0,0.009067667000010715
mlp_aco,10,7366,77,17,1,14.0,75.0,89.0,0.445,0.6353377103805542,False,False,0.0,89.0,0.0,[],0.0,0.0,0,0.0,0,2.0409999876846996e-06
mlp_aco,10,7366,77,17,2,0.0,0.0,0.0,0.0,0.09907747060060501,False,False,0.0,0.0,0.0,[],0.0,0.0,0,0.0,0,2.0409999876846996e-06
mlp_aco,10,7366,77,17,3,0.0,0.0,0.0,0.0,0.43936213850975037,False,False,0.0,0.0,0.0,[],0.0,0.0,0,0.0,0,2.0409999876846996e-06
mlp_aco,10,7366,77,17,4,0.0,0.0,0.0,0.0,0.20313307642936707,False,False,0.0,0.0,0.0,[],0.0,0.0,0,0.0,0,2.0409999876846996e-06
mlp_aco,10,7367,77,17,1,14.0,89.0,103.0,0.515,0.7794575095176697,True,True,30.0,73.0,0.0,[1],10.0,10.0,1,10.0,0,0.008722707999993418
mlp_aco,10,7367,77,17,2,0.0,0.0,0.0,0.0,0.09907747060060501,False,False,0.0,0.0,0.0,[],10.0,10.0,1,10.0,0,0.008722707999993418
mlp_aco,10,7367,77,17,3,0.0,0.0,0.0,0.0,0.43936213850975037,False,False,0.0,0.0,0.0,[],10.0,10.0,1,10.0,0,0.008722707999993418
mlp_aco,10,7367,77,17,4,0.0,0.0,0.0,0.0,0.20313307642936707,False,False,0.0,0.0,0.0,[],10.0,10.0,1,10.0,0,0.008722707999993418
mlp_aco,10,7368,77,18,1,14.0,73.0,87.0,0.435,0.6164926886558533,False,False,0.0,87.0,0.0,[],0.0,0.0,0,0.0,0,1.958000012791672e-06
mlp_aco,10,7368,77,18,2,0.0,0.0,0.0,0.0,0.09907747060060501,False,False,0.0,0.0,0.0,[],0.0,0.0,0,0.0,0,1.958000012791672e-06
mlp_aco,10,7368,77,18,3,0.0,0.0,0.0,0.0,0.43936213850975037,False,False,0.0,0.0,0.0,[],0.0,0.0,0,0.0,0,1.958000012791672e-06
mlp_aco,10,7368,77,18,4,0.0,0.0,0.0,0.0,0.20313307642936707,False,False,0.0,0.0,0.0,[],0.0,0.0,0,0.0,0,1.958000012791672e-06
mlp_aco,10,7369,77,18,1,14.0,87.0,101.0,0.505,0.7557514905929565,True,True,30.0,71.0,0.0,[1],10.0,10.0,1,10.0,0,0.008894209000004594
mlp_aco,10,7369,77,18,2,0.0,0.0,0.0,0.0,0.09907747060060501,False,False,0.0,0.0,0.0,[],10.0,10.0,1,10.0,0,0.008894209000004594
mlp_aco,10,7369,77,18,3,0.0,0.0,0.0,0.0,0.43936213850975037,False,False,0.0,0.0,0.0,[],10.0,10.0,1,10.0,0,0.008894209000004594
mlp_aco,10,7369,77,18,4,0.0,0.0,0.0,0.0,0.20313307642936707,False,False,0.0,0.0,0.0,[],10.0,10.0,1,10.0,0,0.008894209000004594
mlp_aco,10,7370,77,18,1,14.0,71.0,85.0,0.425,0.5902342796325684,False,False,0.0,85.0,0.0,[],0.0,0.0,0,0.0,0,1.8330000273181213e-06
mlp_aco,10,7370,77,18,2,0.0,0.0,0.0,0.0,0.09907747060060501,False,False,0.0,0.0,0.0,[],0.0,0.0,0,0.0,0,1.8330000273181213e-06
mlp_aco,10,7370,77,18,3,0.0,0.0,0.0,0.0,0.43936213850975037,False,False,0.0,0.0,0.0,[],0.0,0.0,0,0.0,0,1.8330000273181213e-06
mlp_aco,10,7370,77,18,4,0.0,0.0,0.0,0.0,0.20313307642936707,False,False,0.0,0.0,0.0,[],0.0,0.0,0,0.0,0,1.8330000273181213e-06
mlp_aco,10,7371,77,18,1,13.0,85.0,98.0,0.49,0.6330644488334656,False,False,0.0,98.0,0.0,[],0.0,0.0,0,0.0,0,1.790999988315889e-06
mlp_aco,10,7371,77,18,2,0.0,0.0,0.0,0.0,0.09907747060060501,False,False,0.0,0.0,0.0,[],0.0,0.0,0,0.0,0,1.790999988315889e-06
mlp_aco,10,7371,77,18,3,0.0,0.0,0.0,0.0,0.43936213850975037,False,False,0.0,0.0,0.0,[],0.0,0.0,0,0.0,0,1.790999988315889e-06
mlp_aco,10,7371,77,18,4,0.0,0.0,0.0,0.0,0.20313307642936707,False,False,0.0,0.0,0.0,[],0.0,0.0,0,0.0,0,1.790999988315889e-06
mlp_aco,10,7372,77,19,1,14.0,98.0,112.0,0.56,0.868669331073761,True,True,30.0,82.0,0.0,[1],10.0,10.0,1,10.0,0,0.009132832999995344
mlp_aco,10,7372,77,19,2,0.0,0.0,0.0,0.0,0.09907747060060501,False,False,0.0,0.0,0.0,[],10.0,10.0,1,10.0,0,0.009132832999995344
mlp_aco,10,7372,77,19,3,0.0,0.0,0.0,0.0,0.43936213850975037,False,False,0.0,0.0,0.0,[],10.0,10.0,1,10.0,0,0.009132832999995344
mlp_aco,10,7372,77,19,4,0.0,0.0,0.0,0.0,0.20313307642936707,False,False,0.0,0.0,0.0,[],10.0,10.0,1,10.0,0,0.009132832999995344
mlp_aco,10,7373,77,19,1,14.0,82.0,96.0,0.48,0.700477659702301,True,True,30.0,66.0,0.0,[1],10.0,10.0,1,10.0,0,0.008969540999999026
mlp_aco,10,7373,77,19,2,0.0,0.0,0.0,0.0,0.09907747060060501,False,False,0.0,0.0,0.0,[],10.0,10.0,1,10.0,0,0.008969540999999026
mlp_aco,10,7373,77,19,3,0.0,0.0,0.0,0.0,0.43936213850975037,False,False,0.0,0.0,0.0,[],10.0,10.0,1,10.0,0,0.008969540999999026
mlp_aco,10,7373,77,19,4,0.0,0.0,0.0,0.0,0.20313307642936707,False,False,0.0,0.0,0.0,[],10.0,10.0,1,10.0,0,0.008969540999999026
mlp_aco,10,7374,77,19,1,14.0,66.0,80.0,0.4,0.5509558916091919,False,False,0.0,80.0,0.0,[],0.0,0.0,0,0.0,0,1.9170000200574577e-06
mlp_aco,10,7374,77,19,2,0.0,0.0,0.0,0.0,0.09907747060060501,False,False,0.0,0.0,0.0,[],0.0,0.0,0,0.0,0,1.9170000200574577e-06
mlp_aco,10,7374,77,19,3,0.0,0.0,0.0,0.0,0.43936213850975037,False,False,0.0,0.0,0.0,[],0.0,0.0,0,0.0,0,1.9170000200574577e-06
mlp_aco,10,7374,77,19,4,0.0,0.0,0.0,0.0,0.20313307642936707,False,False,0.0,0.0,0.0,[],0.0,0.0,0,0.0,0,1.9170000200574577e-06
mlp_aco,10,7375,77,19,1,14.0,80.0,94.0,0.47,0.6738767623901367,False,False,0.0,94.0,0.0,[],0.0,0.0,0,0.0,0,1.7499999955816747e-06
mlp_aco,10,7375,77,19,2,0.0,0.0,0.0,0.0,0.09907747060060501,False,False,0.0,0.0,0.0,[],0.0,0.0,0,0.0,0,1.7499999955816747e-06
mlp_aco,10,7375,77,19,3,0.0,0.0,0.0,0.0,0.43936213850975037,False,False,0.0,0.0,0.0,[],0.0,0.0,0,0.0,0,1.7499999955816747e-06
mlp_aco,10,7375,77,19,4,0.0,0.0,0.0,0.0,0.20313307642936707,False,False,0.0,0.0,0.0,[],0.0,0.0,0,0.0,0,1.7499999955816747e-06
mlp_aco,10,7376,77,20,1,14.0,94.0,108.0,0.54,0.8281716108322144,True,True,30.0,78.0,0.0,[1],10.0,10.0,1,10.0,0,0.009118459000006851
mlp_aco,10,7376,77,20,2,0.0,0.0,0.0,0.0,0.09907747060060501,False,False,0.0,0.0,0.0,[],10.0,10.0,1,10.0,0,0.009118459000006851
mlp_aco,10,7376,77,20,3,0.0,0.0,0.0,0.0,0.43936213850975037,False,False,0.0,0.0,0.0,[],10.0,10.0,1,10.0,0,0.009118459000006851
mlp_aco,10,7376,77,20,4,0.0,0.0,0.0,0.0,0.20313307642936707,False,False,0.0,0.0,0.0,[],10.0,10.0,1,10.0,0,0.009118459000006851
mlp_aco,10,7377,77,20,1,14.0,78.0,92.0,0.46,0.6558974385261536,False,False,0.0,92.0,0.0,[],0.0,0.0,0,0.0,0,1.8339999883210112e-06
mlp_aco,10,7377,77,20,2,0.0,0.0,0.0,0.0,0.09907747060060501,False,False,0.0,0.0,0.0,[],0.0,0.0,0,0.0,0,1.8339999883210112e-06
mlp_aco,10,7377,77,20,3,0.0,0.0,0.0,0.0,0.43936213850975037,False,False,0.0,0.0,0.0,[],0.0,0.0,0,0.0,0,1.8339999883210112e-06
mlp_aco,10,7377,77,20,4,0.0,0.0,0.0,0.0,0.20313307642936707,False,False,0.0,0.0,0.0,[],0.0,0.0,0,0.0,0,1.8339999883210112e-06
mlp_aco,10,7378,77,20,1,13.0,92.0,105.0,0.525,0.7137433290481567,True,True,30.0,75.0,0.0,[1],10.0,10.0,1,10.0,0,0.009132124999979396
mlp_aco,10,7378,77,20,2,0.0,0.0,0.0,0.0,0.09907747060060501,False,False,0.0,0.0,0.0,[],10.0,10.0,1,10.0,0,0.009132124999979396
mlp_aco,10,7378,77,20,3,0.0,0.0,0.0,0.0,0.43936213850975037,False,False,0.0,0.0,0.0,[],10.0,10.0,1,10.0,0,0.009132124999979396
mlp_aco,10,7378,77,20,4,0.0,0.0,0.0,0.0,0.20313307642936707,False,False,0.0,0.0,0.0,[],10.0,10.0,1,10.0,0,0.009132124999979396
mlp_aco,10,7379,77,20,1,14.0,75.0,89.0,0.445,0.6353377103805542,False,False,0.0,89.0,0.0,[],0.0,0.0,0,0.0,0,1.8329999988964119e-06
mlp_aco,10,7379,77,20,2,0.0,0.0,0.0,0.0,0.09907747060060501,False,False,0.0,0.0,0.0,[],0.0,0.0,0,0.0,0,1.8329999988964119e-06
mlp_aco,10,7379,77,20,3,0.0,0.0,0.0,0.0,0.43936213850975037,False,False,0.0,0.0,0.0,[],0.0,0.0,0,0.0,0,1.8329999988964119e-06
mlp_aco,10,7379,77,20,4,0.0,0.0,0.0,0.0,0.20313307642936707,False,False,0.0,0.0,0.0,[],0.0,0.0,0,0.0,0,1.8329999988964119e-06
mlp_aco,10,7380,77,21,1,14.0,89.0,103.0,0.515,0.7794575095176697,True,True,30.0,73.0,0.0,[1],10.0,10.0,1,10.0,0,0.008796415999995588
mlp_aco,10,7380,77,21,2,0.0,0.0,0.0,0.0,0.09907747060060501,False,False,0.0,0.0,0.0,[],10.0,10.0,1,10.0,0,0.008796415999995588
mlp_aco,10,7380,77,21,3,0.0,0.0,0.0,0.0,0.43936213850975037,False,False,0.0,0.0,0.0,[],10.0,10.0,1,10.0,0,0.008796415999995588
mlp_aco,10,7380,77,21,4,0.0,0.0,0.0,0.0,0.20313307642936707,False,False,0.0,0.0,0.0,[],10.0,10.0,1,10.0,0,0.008796415999995588
mlp_aco,10,7381,77,21,1,14.0,73.0,87.0,0.435,0.6164926886558533,False,False,0.0,87.0,0.0,[],0.0,0.0,0,0.0,0,2.000000023372195e-06
mlp_aco,10,7381,77,21,2,0.0,0.0,0.0,0.0,0.09907747060060501,False,False,0.0,0.0,0.0,[],0.0,0.0,0,0.0,0,2.000000023372195e-06
mlp_aco,10,7381,77,21,3,0.0,0.0,0.0,0.0,0.43936213850975037,False,False,0.0,0.0,0.0,[],0.0,0.0,0,0.0,0,2.000000023372195e-06
mlp_aco,10,7381,77,21,4,0.0,0.0,0.0,0.0,0.20313307642936707,False,False,0.0,0.0,0.0,[],0.0,0.0,0,0.0,0,2.000000023372195e-06
mlp_aco,10,7382,77,21,1,14.0,87.0,101.0,0.505,0.7557514905929565,True,True,30.0,71.0,0.0,[1],10.0,10.0,1,10.0,0,0.008802666999997655
mlp_aco,10,7382,77,21,2,0.0,0.0,0.0,0.0,0.09907747060060501,False,False,0.0,0.0,0.0,[],10.0,10.0,1,10.0,0,0.008802666999997655
mlp_aco,10,7382,77,21,3,0.0,0.0,0.0,0.0,0.43936213850975037,False,False,0.0,0.0,0.0,[],10.0,10.0,1,10.0,0,0.008802666999997655
mlp_aco,10,7382,77,21,4,0.0,0.0,0.0,0.0,0.20313307642936707,False,False,0.0,0.0,0.0,[],10.0,10.0,1,10.0,0,0.008802666999997655
mlp_aco,10,7383,77,21,1,14.0,71.0,85.0,0.425,0.5902342796325684,False,False,0.0,85.0,0.0,[],0.0,0.0,0,0.0,0,1.8329999988964119e-06
mlp_aco,10,7383,77,21,2,0.0,0.0,0.0,0.0,0.09907747060060501,False,False,0.0,0.0,0.0,[],0.0,0.0,0,0.0,0,1.8329999988964119e-06
mlp_aco,10,7383,77,21,3,0.0,0.0,0.0,0.0,0.43936213850975037,False,False,0.0,0.0,0.0,[],0.0,0.0,0,0.0,0,1.8329999988964119e-06
mlp_aco,10,7383,77,21,4,0.0,0.0,0.0,0.0,0.20313307642936707,False,False,0.0,0.0,0.0,[],0.0,0.0,0,0.0,0,1.8329999988964119e-06
mlp_aco,10,7384,77,22,1,0.0,85.0,85.0,0.425,0.16812404990196228,False,False,0.0,85.0,0.0,[],0.0,0.0,0,0.0,0,1.9170000200574577e-06
mlp_aco,10,7384,77,22,2,0.0,0.0,0.0,0.0,0.09907747060060501,False,False,0.0,0.0,0.0,[],0.0,0.0,0,0.0,0,1.9170000200574577e-06
mlp_aco,10,7384,77,22,3,0.0,0.0,0.0,0.0,0.43936213850975037,False,False,0.0,0.0,0.0,[],0.0,0.0,0,0.0,0,1.9170000200574577e-06
mlp_aco,10,7384,77,22,4,0.0,0.0,0.0,0.0,0.20313307642936707,False,False,0.0,0.0,0.0,[],0.0,0.0,0,0.0,0,1.9170000200574577e-06
mlp_aco,10,7385,77,22,1,0.0,85.0,85.0,0.425,0.21280747652053833,False,False,0.0,85.0,0.0,[],0.0,0.0,0,0.0,0,1.7920000061621977e-06
mlp_aco,10,7385,77,22,2,0.0,0.0,0.0,0.0,0.09907747060060501,False,False,0.0,0.0,0.0,[],0.0,0.0,0,0.0,0,1.7920000061621977e-06
mlp_aco,10,7385,77,22,3,0.0,0.0,0.0,0.0,0.43936213850975037,False,False,0.0,0.0,0.0,[],0.0,0.0,0,0.0,0,1.7920000061621977e-06
mlp_aco,10,7385,77,22,4,0.0,0.0,0.0,0.0,0.20313307642936707,False,False,0.0,0.0,0.0,[],0.0,0.0,0,0.0,0,1.7920000061621977e-06
mlp_aco,10,7386,77,22,1,0.0,85.0,85.0,0.425,0.27885496616363525,False,False,0.0,85.0,0.0,[],0.0,0.0,0,0.0,0,1.7920000061621977e-06
mlp_aco,10,7386,77,22,2,0.0,0.0,0.0,0.0,0.09907747060060501,False,False,0.0,0.0,0.0,[],0.0,0.0,0,0.0,0,1.7920000061621977e-06
mlp_aco,10,7386,77,22,3,0.0,0.0,0.0,0.0,0.43936213850975037,False,False,0.0,0.0,0.0,[],0.0,0.0,0,0.0,0,1.7920000061621977e-06
mlp_aco,10,7386,77,22,4,0.0,0.0,0.0,0.0,0.20313307642936707,False,False,0.0,0.0,0.0,[],0.0,0.0,0,0.0,0,1.7920000061621977e-06
mlp_aco,10,7387,77,22,1,0.0,85.0,85.0,0.425,0.3306250274181366,False,False,0.0,85.0,0.0,[],0.0,0.0,0,0.0,0,1.7919999777404882e-06
mlp_aco,10,7387,77,22,2,0.0,0.0,0.0,0.0,0.09907747060060501,False,False,0.0,0.0,0.0,[],0.0,0.0,0,0.0,0,1.7919999777404882e-06
mlp_aco,10,7387,77,22,3,0.0,0.0,0.0,0.0,0.43936213850975037,False,False,0.0,0.0,0.0,[],0.0,0.0,0,0.0,0,1.7919999777404882e-06
mlp_aco,10,7387,77,22,4,0.0,0.0,0.0,0.0,0.20313307642936707,False,False,0.0,0.0,0.0,[],0.0,0.0,0,0.0,0,1.7919999777404882e-06
mlp_aco,10,7388,77,23,1,0.0,85.0,85.0,0.425,0.3306250274181366,False,False,0.0,85.0,0.0,[],0.0,0.0,0,0.0,0,1.7499999955816747e-06
mlp_aco,10,7388,77,23,2,0.0,0.0,0.0,0.0,0.09907747060060501,False,False,0.0,0.0,0.0,[],0.0,0.0,0,0.0,0,1.7499999955816747e-06
mlp_aco,10,7388,77,23,3,0.0,0.0,0.0,0.0,0.43936213850975037,False,False,0.0,0.0,0.0,[],0.0,0.0,0,0.0,0,1.7499999955816747e-06
mlp_aco,10,7388,77,23,4,0.0,0.0,0.0,0.0,0.20313307642936707,False,False,0.0,0.0,0.0,[],0.0,0.0,0,0.0,0,1.7499999955816747e-06
mlp_aco,10,7389,77,23,1,0.0,85.0,85.0,0.425,0.3306250274181366,False,False,0.0,85.0,0.0,[],0.0,0.0,0,0.0,0,1.7080000134228612e-06
mlp_aco,10,7389,77,23,2,0.0,0.0,0.0,0.0,0.09907747060060501,False,False,0.0,0.0,0.0,[],0.0,0.0,0,0.0,0,1.7080000134228612e-06
mlp_aco,10,7389,77,23,3,0.0,0.0,0.0,0.0,0.43936213850975037,False,False,0.0,0.0,0.0,[],0.0,0.0,0,0.0,0,1.7080000134228612e-06
mlp_aco,10,7389,77,23,4,0.0,0.0,0.0,0.0,0.20313307642936707,False,False,0.0,0.0,0.0,[],0.0,0.0,0,0.0,0,1.7080000134228612e-06
mlp_aco,10,7390,77,23,1,0.0,85.0,85.0,0.425,0.3306250274181366,False,False,0.0,85.0,0.0,[],0.0,0.0,0,0.0,0,1.8339999883210112e-06
mlp_aco,10,7390,77,23,2,0.0,0.0,0.0,0.0,0.09907747060060501,False,False,0.0,0.0,0.0,[],0.0,0.0,0,0.0,0,1.8339999883210112e-06
mlp_aco,10,7390,77,23,3,0.0,0.0,0.0,0.0,0.43936213850975037,False,False,0.0,0.0,0.0,[],0.0,0.0,0,0.0,0,1.8339999883210112e-06
mlp_aco,10,7390,77,23,4,0.0,0.0,0.0,0.0,0.20313307642936707,False,False,0.0,0.0,0.0,[],0.0,0.0,0,0.0,0,1.8339999883210112e-06
mlp_aco,10,7391,77,23,1,0.0,85.0,85.0,0.425,0.3306250274181366,False,False,0.0,85.0,0.0,[],0.0,0.0,0,0.0,0,1.7090000028474606e-06
mlp_aco,10,7391,77,23,2,0.0,0.0,0.0,0.0,0.09907747060060501,False,False,0.0,0.0,0.0,[],0.0,0.0,0,0.0,0,1.7090000028474606e-06
mlp_aco,10,7391,77,23,3,0.0,0.0,0.0,0.0,0.43936213850975037,False,False,0.0,0.0,0.0,[],0.0,0.0,0,0.0,0,1.7090000028474606e-06
mlp_aco,10,7391,77,23,4,0.0,0.0,0.0,0.0,0.20313307642936707,False,False,0.0,0.0,0.0,[],0.0,0.0,0,0.0,0,1.7090000028474606e-06
mlp_aco,10,7392,78,0,1,39.0,85.0,124.0,0.62,0.9999841451644897,True,True,30.0,94.0,0.0,[1],10.0,10.0,1,10.0,0,0.008974999999992406
mlp_aco,10,7392,78,0,2,0.0,0.0,0.0,0.0,0.09907747060060501,False,False,0.0,0.0,0.0,[],10.0,10.0,1,10.0,0,0.008974999999992406
mlp_aco,10,7392,78,0,3,0.0,0.0,0.0,0.0,0.43936213850975037,False,False,0.0,0.0,0.0,[],10.0,10.0,1,10.0,0,0.008974999999992406
mlp_aco,10,7392,78,0,4,0.0,0.0,0.0,0.0,0.20313307642936707,False,False,0.0,0.0,0.0,[],10.0,10.0,1,10.0,0,0.008974999999992406
mlp_aco,10,7393,78,0,1,42.0,94.0,136.0,0.68,0.9999986290931702,True,True,30.0,106.0,0.0,[1],10.0,10.0,1,10.0,0,0.009034291000006078
mlp_aco,10,7393,78,0,2,0.0,0.0,0.0,0.0,0.09907747060060501,False,False,0.0,0.0,0.0,[],10.0,10.0,1,10.0,0,0.009034291000006078
mlp_aco,10,7393,78,0,3,0.0,0.0,0.0,0.0,0.43936213850975037,False,False,0.0,0.0,0.0,[],10.0,10.0,1,10.0,0,0.009034291000006078
mlp_aco,10,7393,78,0,4,0.0,0.0,0.0,0.0,0.20313307642936707,False,False,0.0,0.0,0.0,[],10.0,10.0,1,10.0,0,0.009034291000006078
mlp_aco,10,7394,78,0,1,42.0,106.0,148.0,0.74,0.9999997615814209,True,True,30.0,118.0,0.0,[1],10.0,10.0,1,10.0,0,0.009130624999983183
mlp_aco,10,7394,78,0,2,0.0,0.0,0.0,0.0,0.09907747060060501,False,False,0.0,0.0,0.0,[],10.0,10.0,1,10.0,0,0.009130624999983183
mlp_aco,10,7394,78,0,3,0.0,0.0,0.0,0.0,0.43936213850975037,False,False,0.0,0.0,0.0,[],10.0,10.0,1,10.0,0,0.009130624999983183
mlp_aco,10,7394,78,0,4,0.0,0.0,0.0,0.0,0.20313307642936707,False,False,0.0,0.0,0.0,[],10.0,10.0,1,10.0,0,0.009130624999983183
mlp_aco,10,7395,78,0,1,41.0,118.0,159.0,0.795,1.0,True,True,30.0,129.0,0.0,[1],10.0,10.0,1,10.0,0,0.009020958000007795
mlp_aco,10,7395,78,0,2,0.0,0.0,0.0,0.0,0.09907747060060501,False,False,0.0,0.0,0.0,[],10.0,10.0,1,10.0,0,0.009020958000007795
mlp_aco,10,7395,78,0,3,0.0,0.0,0.0,0.0,0.43936213850975037,False,False,0.0,0.0,0.0,[],10.0,10.0,1,10.0,0,0.009020958000007795
mlp_aco,10,7395,78,0,4,0.0,0.0,0.0,0.0,0.20313307642936707,False,False,0.0,0.0,0.0,[],10.0,10.0,1,10.0,0,0.009020958000007795
mlp_aco,10,7396,78,1,1,42.0,129.0,171.0,0.855,1.0,True,True,30.0,141.0,0.0,[1],10.0,10.0,1,10.0,0,0.008818124999976362
mlp_aco,10,7396,78,1,2,0.0,0.0,0.0,0.0,0.09907747060060501,False,False,0.0,0.0,0.0,[],10.0,10.0,1,10.0,0,0.008818124999976362
mlp_aco,10,7396,78,1,3,0.0,0.0,0.0,0.0,0.43936213850975037,False,False,0.0,0.0,0.0,[],10.0,10.0,1,10.0,0,0.008818124999976362
mlp_aco,10,7396,78,1,4,0.0,0.0,0.0,0.0,0.20313307642936707,False,False,0.0,0.0,0.0,[],10.0,10.0,1,10.0,0,0.008818124999976362
mlp_aco,10,7397,78,1,1,45.0,141.0,186.0,0.93,1.0,True,True,30.0,156.0,0.0,[1],10.0,10.0,1,10.0,0,0.008967290999976285
mlp_aco,10,7397,78,1,2,0.0,0.0,0.0,0.0,0.09907747060060501,False,False,0.0,0.0,0.0,[],10.0,10.0,1,10.0,0,0.008967290999976285
mlp_aco,10,7397,78,1,3,0.0,0.0,0.0,0.0,0.43936213850975037,False,False,0.0,0.0,0.0,[],10.0,10.0,1,10.0,0,0.008967290999976285
mlp_aco,10,7397,78,1,4,0.0,0.0,0.0,0.0,0.20313307642936707,False,False,0.0,0.0,0.0,[],10.0,10.0,1,10.0,0,0.008967290999976285
mlp_aco,10,7398,78,1,1,44.0,156.0,200.0,1.0,1.0,True,True,30.0,170.0,0.0,[1],10.0,10.0,1,10.0,0,0.009086792000005062
mlp_aco,10,7398,78,1,2,0.0,0.0,0.0,0.0,0.09907747060060501,False,False,0.0,0.0,0.0,[],10.0,10.0,1,10.0,0,0.009086792000005062
mlp_aco,10,7398,78,1,3,0.0,0.0,0.0,0.0,0.43936213850975037,False,False,0.0,0.0,0.0,[],10.0,10.0,1,10.0,0,0.009086792000005062
mlp_aco,10,7398,78,1,4,0.0,0.0,0.0,0.0,0.20313307642936707,False,False,0.0,0.0,0.0,[],10.0,10.0,1,10.0,0,0.009086792000005062
mlp_aco,10,7399,78,1,1,45.0,170.0,215.0,1.075,1.0,True,True,30.0,185.0,0.0,[1],10.0,10.0,1,10.0,0,0.009055333999981485
mlp_aco,10,7399,78,1,2,0.0,0.0,0.0,0.0,0.09907747060060501,False,False,0.0,0.0,0.0,[],10.0,10.0,1,10.0,0,0.009055333999981485
mlp_aco,10,7399,78,1,3,0.0,0.0,0.0,0.0,0.43936213850975037,False,False,0.0,0.0,0.0,[],10.0,10.0,1,10.0,0,0.009055333999981485
mlp_aco,10,7399,78,1,4,0.0,0.0,0.0,0.0,0.20313307642936707,False,False,0.0,0.0,0.0,[],10.0,10.0,1,10.0,0,0.009055333999981485
mlp_aco,10,7400,78,2,1,44.0,185.0,229.0,1.145,1.0,True,True,30.0,199.0,0.0,[1],10.0,10.0,1,10.0,0,0.008938833000001978
mlp_aco,10,7400,78,2,2,0.0,0.0,0.0,0.0,0.09907747060060501,False,False,0.0,0.0,0.0,[],10.0,10.0,1,10.0,0,0.008938833000001978
mlp_aco,10,7400,78,2,3,0.0,0.0,0.0,0.0,0.43936213850975037,False,False,0.0,0.0,0.0,[],10.0,10.0,1,10.0,0,0.008938833000001978
mlp_aco,10,7400,78,2,4,0.0,0.0,0.0,0.0,0.20313307642936707,False,False,0.0,0.0,0.0,[],10.0,10.0,1,10.0,0,0.008938833000001978
mlp_aco,10,7401,78,2,1,43.0,199.0,242.0,1.21,1.0,True,True,30.0,200.0,12.0,[1],10.0,10.0,1,10.0,0,0.009047500000008313
mlp_aco,10,7401,78,2,2,0.0,0.0,0.0,0.0,0.09907747060060501,False,False,0.0,0.0,0.0,[],10.0,10.0,1,10.0,0,0.009047500000008313
mlp_aco,10,7401,78,2,3,0.0,0.0,0.0,0.0,0.43936213850975037,False,False,0.0,0.0,0.0,[],10.0,10.0,1,10.0,0,0.009047500000008313
mlp_aco,10,7401,78,2,4,0.0,0.0,0.0,0.0,0.20313307642936707,False,False,0.0,0.0,0.0,[],10.0,10.0,1,10.0,0,0.009047500000008313
mlp_aco,10,7402,78,2,1,46.0,200.0,246.0,1.23,1.0,True,True,30.0,200.0,16.0,[1],10.0,10.0,1,10.0,0,0.009076542000002519
mlp_aco,10,7402,78,2,2,0.0,0.0,0.0,0.0,0.09907747060060501,False,False,0.0,0.0,0.0,[],10.0,10.0,1,10.0,0,0.009076542000002519
mlp_aco,10,7402,78,2,3,0.0,0.0,0.0,0.0,0.43936213850975037,False,False,0.0,0.0,0.0,[],10.0,10.0,1,10.0,0,0.009076542000002519
mlp_aco,10,7402,78,2,4,0.0,0.0,0.0,0.0,0.20313307642936707,False,False,0.0,0.0,0.0,[],10.0,10.0,1,10.0,0,0.009076542000002519
mlp_aco,10,7403,78,2,1,43.0,200.0,243.0,1.215,1.0,True,True,30.0,200.0,13.0,[1],10.0,10.0,1,10.0,0,0.008731707999999117
mlp_aco,10,7403,78,2,2,0.0,0.0,0.0,0.0,0.09907747060060501,False,False,0.0,0.0,0.0,[],10.0,10.0,1,10.0,0,0.008731707999999117
mlp_aco,10,7403,78,2,3,0.0,0.0,0.0,0.0,0.43936213850975037,False,False,0.0,0.0,0.0,[],10.0,10.0,1,10.0,0,0.008731707999999117
mlp_aco,10,7403,78,2,4,0.0,0.0,0.0,0.0,0.20313307642936707,False,False,0.0,0.0,0.0,[],10.0,10.0,1,10.0,0,0.008731707999999117
mlp_aco,10,7404,78,3,1,44.0,200.0,244.0,1.22,1.0,True,True,30.0,200.0,14.0,[1],10.0,10.0,1,10.0,0,0.008805584000015187
mlp_aco,10,7404,78,3,2,0.0,0.0,0.0,0.0,0.09907747060060501,False,False,0.0,0.0,0.0,[],10.0,10.0,1,10.0,0,0.008805584000015187
mlp_aco,10,7404,78,3,3,0.0,0.0,0.0,0.0,0.43936213850975037,False,False,0.0,0.0,0.0,[],10.0,10.0,1,10.0,0,0.008805584000015187
mlp_aco,10,7404,78,3,4,0.0,0.0,0.0,0.0,0.20313307642936707,False,False,0.0,0.0,0.0,[],10.0,10.0,1,10.0,0,0.008805584000015187
mlp_aco,10,7405,78,3,1,44.0,200.0,244.0,1.22,1.0,True,True,30.0,200.0,14.0,[1],10.0,10.0,1,10.0,0,0.009067208000004712
mlp_aco,10,7405,78,3,2,0.0,0.0,0.0,0.0,0.09907747060060501,False,False,0.0,0.0,0.0,[],10.0,10.0,1,10.0,0,0.009067208000004712
mlp_aco,10,7405,78,3,3,0.0,0.0,0.0,0.0,0.43936213850975037,False,False,0.0,0.0,0.0,[],10.0,10.0,1,10.0,0,0.009067208000004712
mlp_aco,10,7405,78,3,4,0.0,0.0,0.0,0.0,0.20313307642936707,False,False,0.0,0.0,0.0,[],10.0,10.0,1,10.0,0,0.009067208000004712
mlp_aco,10,7406,78,3,1,44.0,200.0,244.0,1.22,1.0,True,True,30.0,200.0,14.0,[1],10.0,10.0,1,10.0,0,0.008961499999998068
mlp_aco,10,7406,78,3,2,0.0,0.0,0.0,0.0,0.09907747060060501,False,False,0.0,0.0,0.0,[],10.0,10.0,1,10.0,0,0.008961499999998068
mlp_aco,10,7406,78,3,3,0.0,0.0,0.0,0.0,0.43936213850975037,False,False,0.0,0.0,0.0,[],10.0,10.0,1,10.0,0,0.008961499999998068
mlp_aco,10,7406,78,3,4,0.0,0.0,0.0,0.0,0.20313307642936707,False,False,0.0,0.0,0.0,[],10.0,10.0,1,10.0,0,0.008961499999998068
mlp_aco,10,7407,78,3,1,45.0,200.0,245.0,1.225,1.0,True,True,30.0,200.0,15.0,[1],10.0,10.0,1,10.0,0,0.009068083999977716
mlp_aco,10,7407,78,3,2,0.0,0.0,0.0,0.0,0.09907747060060501,False,False,0.0,0.0,0.0,[],10.0,10.0,1,10.0,0,0.009068083999977716
mlp_aco,10,7407,78,3,3,0.0,0.0,0.0,0.0,0.43936213850975037,False,False,0.0,0.0,0.0,[],10.0,10.0,1,10.0,0,0.009068083999977716
mlp_aco,10,7407,78,3,4,0.0,0.0,0.0,0.0,0.20313307642936707,False,False,0.0,0.0,0.0,[],10.0,10.0,1,10.0,0,0.009068083999977716
mlp_aco,10,7408,78,4,1,43.0,200.0,243.0,1.215,1.0,True,True,30.0,200.0,13.0,[1],10.0,10.0,1,10.0,0,0.009085459000004903
mlp_aco,10,7408,78,4,2,0.0,0.0,0.0,0.0,0.09907747060060501,False,False,0.0,0.0,0.0,[],10.0,10.0,1,10.0,0,0.009085459000004903
mlp_aco,10,7408,78,4,3,0.0,0.0,0.0,0.0,0.43936213850975037,False,False,0.0,0.0,0.0,[],10.0,10.0,1,10.0,0,0.009085459000004903
mlp_aco,10,7408,78,4,4,0.0,0.0,0.0,0.0,0.20313307642936707,False,False,0.0,0.0,0.0,[],10.0,10.0,1,10.0,0,0.009085459000004903
mlp_aco,10,7409,78,4,1,45.0,200.0,245.0,1.225,1.0,True,True,30.0,200.0,15.0,[1],10.0,10.0,1,10.0,0,0.009122541000010642
mlp_aco,10,7409,78,4,2,0.0,0.0,0.0,0.0,0.09907747060060501,False,False,0.0,0.0,0.0,[],10.0,10.0,1,10.0,0,0.009122541000010642
mlp_aco,10,7409,78,4,3,0.0,0.0,0.0,0.0,0.43936213850975037,False,False,0.0,0.0,0.0,[],10.0,10.0,1,10.0,0,0.009122541000010642
mlp_aco,10,7409,78,4,4,0.0,0.0,0.0,0.0,0.20313307642936707,False,False,0.0,0.0,0.0,[],10.0,10.0,1,10.0,0,0.009122541000010642
mlp_aco,10,7410,78,4,1,43.0,200.0,243.0,1.215,1.0,True,True,30.0,200.0,13.0,[1],10.0,10.0,1,10.0,0,0.008882333000002518
mlp_aco,10,7410,78,4,2,0.0,0.0,0.0,0.0,0.09907747060060501,False,False,0.0,0.0,0.0,[],10.0,10.0,1,10.0,0,0.008882333000002518
mlp_aco,10,7410,78,4,3,0.0,0.0,0.0,0.0,0.43936213850975037,False,False,0.0,0.0,0.0,[],10.0,10.0,1,10.0,0,0.008882333000002518
mlp_aco,10,7410,78,4,4,0.0,0.0,0.0,0.0,0.20313307642936707,False,False,0.0,0.0,0.0,[],10.0,10.0,1,10.0,0,0.008882333000002518
mlp_aco,10,7411,78,4,1,46.0,200.0,246.0,1.23,1.0,True,True,30.0,200.0,16.0,[1],10.0,10.0,1,10.0,0,0.008755540999999312
mlp_aco,10,7411,78,4,2,0.0,0.0,0.0,0.0,0.09907747060060501,False,False,0.0,0.0,0.0,[],10.0,10.0,1,10.0,0,0.008755540999999312
mlp_aco,10,7411,78,4,3,0.0,0.0,0.0,0.0,0.43936213850975037,False,False,0.0,0.0,0.0,[],10.0,10.0,1,10.0,0,0.008755540999999312
mlp_aco,10,7411,78,4,4,0.0,0.0,0.0,0.0,0.20313307642936707,False,False,0.0,0.0,0.0,[],10.0,10.0,1,10.0,0,0.008755540999999312
mlp_aco,10,7412,78,5,1,42.0,200.0,242.0,1.21,1.0,True,True,30.0,200.0,12.0,[1],10.0,10.0,1,10.0,0,0.00903820900001051
mlp_aco,10,7412,78,5,2,0.0,0.0,0.0,0.0,0.09907747060060501,False,False,0.0,0.0,0.0,[],10.0,10.0,1,10.0,0,0.00903820900001051
mlp_aco,10,7412,78,5,3,0.0,0.0,0.0,0.0,0.43936213850975037,False,False,0.0,0.0,0.0,[],10.0,10.0,1,10.0,0,0.00903820900001051
mlp_aco,10,7412,78,5,4,0.0,0.0,0.0,0.0,0.20313307642936707,False,False,0.0,0.0,0.0,[],10.0,10.0,1,10.0,0,0.00903820900001051
mlp_aco,10,7413,78,5,1,45.0,200.0,245.0,1.225,1.0,True,True,30.0,200.0,15.0,[1],10.0,10.0,1,10.0,0,0.009110916999986785
mlp_aco,10,7413,78,5,2,0.0,0.0,0.0,0.0,0.09907747060060501,False,False,0.0,0.0,0.0,[],10.0,10.0,1,10.0,0,0.009110916999986785
mlp_aco,10,7413,78,5,3,0.0,0.0,0.0,0.0,0.43936213850975037,False,False,0.0,0.0,0.0,[],10.0,10.0,1,10.0,0,0.009110916999986785
mlp_aco,10,7413,78,5,4,0.0,0.0,0.0,0.0,0.20313307642936707,False,False,0.0,0.0,0.0,[],10.0,10.0,1,10.0,0,0.009110916999986785
mlp_aco,10,7414,78,5,1,45.0,200.0,245.0,1.225,1.0,True,True,30.0,200.0,15.0,[1],10.0,10.0,1,10.0,0,0.008929291999976385
mlp_aco,10,7414,78,5,2,0.0,0.0,0.0,0.0,0.09907747060060501,False,False,0.0,0.0,0.0,[],10.0,10.0,1,10.0,0,0.008929291999976385
mlp_aco,10,7414,78,5,3,0.0,0.0,0.0,0.0,0.43936213850975037,False,False,0.0,0.0,0.0,[],10.0,10.0,1,10.0,0,0.008929291999976385
mlp_aco,10,7414,78,5,4,0.0,0.0,0.0,0.0,0.20313307642936707,False,False,0.0,0.0,0.0,[],10.0,10.0,1,10.0,0,0.008929291999976385
mlp_aco,10,7415,78,5,1,44.0,200.0,244.0,1.22,1.0,True,True,30.0,200.0,14.0,[1],10.0,10.0,1,10.0,0,0.00897845800000141
mlp_aco,10,7415,78,5,2,0.0,0.0,0.0,0.0,0.09907747060060501,False,False,0.0,0.0,0.0,[],10.0,10.0,1,10.0,0,0.00897845800000141
mlp_aco,10,7415,78,5,3,0.0,0.0,0.0,0.0,0.43936213850975037,False,False,0.0,0.0,0.0,[],10.0,10.0,1,10.0,0,0.00897845800000141
mlp_aco,10,7415,78,5,4,0.0,0.0,0.0,0.0,0.20313307642936707,False,False,0.0,0.0,0.0,[],10.0,10.0,1,10.0,0,0.00897845800000141
mlp_aco,10,7416,78,6,1,43.0,200.0,243.0,1.215,1.0,True,True,30.0,200.0,13.0,[1],10.0,10.0,1,10.0,0,0.00909662499998376
mlp_aco,10,7416,78,6,2,0.0,0.0,0.0,0.0,0.09907747060060501,False,False,0.0,0.0,0.0,[],10.0,10.0,1,10.0,0,0.00909662499998376
mlp_aco,10,7416,78,6,3,0.0,0.0,0.0,0.0,0.43936213850975037,False,False,0.0,0.0,0.0,[],10.0,10.0,1,10.0,0,0.00909662499998376
mlp_aco,10,7416,78,6,4,0.0,0.0,0.0,0.0,0.20313307642936707,False,False,0.0,0.0,0.0,[],10.0,10.0,1,10.0,0,0.00909662499998376
mlp_aco,10,7417,78,6,1,45.0,200.0,245.0,1.225,1.0,True,True,30.0,200.0,15.0,[1],10.0,10.0,1,10.0,0,0.009024917000004962
mlp_aco,10,7417,78,6,2,0.0,0.0,0.0,0.0,0.09907747060060501,False,False,0.0,0.0,0.0,[],10.0,10.0,1,10.0,0,0.009024917000004962
mlp_aco,10,7417,78,6,3,0.0,0.0,0.0,0.0,0.43936213850975037,False,False,0.0,0.0,0.0,[],10.0,10.0,1,10.0,0,0.009024917000004962
mlp_aco,10,7417,78,6,4,0.0,0.0,0.0,0.0,0.20313307642936707,False,False,0.0,0.0,0.0,[],10.0,10.0,1,10.0,0,0.009024917000004962
mlp_aco,10,7418,78,6,1,44.0,200.0,244.0,1.22,1.0,True,True,30.0,200.0,14.0,[1],10.0,10.0,1,10.0,0,0.008777334000001247
mlp_aco,10,7418,78,6,2,0.0,0.0,0.0,0.0,0.09907747060060501,False,False,0.0,0.0,0.0,[],10.0,10.0,1,10.0,0,0.008777334000001247
mlp_aco,10,7418,78,6,3,0.0,0.0,0.0,0.0,0.43936213850975037,False,False,0.0,0.0,0.0,[],10.0,10.0,1,10.0,0,0.008777334000001247
mlp_aco,10,7418,78,6,4,0.0,0.0,0.0,0.0,0.20313307642936707,False,False,0.0,0.0,0.0,[],10.0,10.0,1,10.0,0,0.008777334000001247
mlp_aco,10,7419,78,6,1,44.0,200.0,244.0,1.22,1.0,True,True,30.0,200.0,14.0,[1],10.0,10.0,1,10.0,0,0.00899233299998059
mlp_aco,10,7419,78,6,2,0.0,0.0,0.0,0.0,0.09907747060060501,False,False,0.0,0.0,0.0,[],10.0,10.0,1,10.0,0,0.00899233299998059
mlp_aco,10,7419,78,6,3,0.0,0.0,0.0,0.0,0.43936213850975037,False,False,0.0,0.0,0.0,[],10.0,10.0,1,10.0,0,0.00899233299998059
mlp_aco,10,7419,78,6,4,0.0,0.0,0.0,0.0,0.20313307642936707,False,False,0.0,0.0,0.0,[],10.0,10.0,1,10.0,0,0.00899233299998059
mlp_aco,10,7420,78,7,1,44.0,200.0,244.0,1.22,1.0,True,True,30.0,200.0,14.0,[1],10.0,10.0,1,10.0,0,0.009056874999998854
mlp_aco,10,7420,78,7,2,0.0,0.0,0.0,0.0,0.09907747060060501,False,False,0.0,0.0,0.0,[],10.0,10.0,1,10.0,0,0.009056874999998854
mlp_aco,10,7420,78,7,3,0.0,0.0,0.0,0.0,0.43936213850975037,False,False,0.0,0.0,0.0,[],10.0,10.0,1,10.0,0,0.009056874999998854
mlp_aco,10,7420,78,7,4,0.0,0.0,0.0,0.0,0.20313307642936707,False,False,0.0,0.0,0.0,[],10.0,10.0,1,10.0,0,0.009056874999998854
mlp_aco,10,7421,78,7,1,44.0,200.0,244.0,1.22,1.0,True,True,30.0,200.0,14.0,[1],10.0,10.0,1,10.0,0,0.009001541999992924
mlp_aco,10,7421,78,7,2,0.0,0.0,0.0,0.0,0.09907747060060501,False,False,0.0,0.0,0.0,[],10.0,10.0,1,10.0,0,0.009001541999992924
mlp_aco,10,7421,78,7,3,0.0,0.0,0.0,0.0,0.43936213850975037,False,False,0.0,0.0,0.0,[],10.0,10.0,1,10.0,0,0.009001541999992924
mlp_aco,10,7421,78,7,4,0.0,0.0,0.0,0.0,0.20313307642936707,False,False,0.0,0.0,0.0,[],10.0,10.0,1,10.0,0,0.009001541999992924
mlp_aco,10,7422,78,7,1,41.0,200.0,241.0,1.205,1.0,True,True,30.0,200.0,11.0,[1],10.0,10.0,1,10.0,0,0.008955792000023166
mlp_aco,10,7422,78,7,2,0.0,0.0,0.0,0.0,0.09907747060060501,False,False,0.0,0.0,0.0,[],10.0,10.0,1,10.0,0,0.008955792000023166
mlp_aco,10,7422,78,7,3,0.0,0.0,0.0,0.0,0.43936213850975037,False,False,0.0,0.0,0.0,[],10.0,10.0,1,10.0,0,0.008955792000023166
mlp_aco,10,7422,78,7,4,0.0,0.0,0.0,0.0,0.20313307642936707,False,False,0.0,0.0,0.0,[],10.0,10.0,1,10.0,0,0.008955792000023166
mlp_aco,10,7423,78,7,1,36.0,200.0,236.0,1.18,1.0,True,True,30.0,200.0,6.0,[1],10.0,10.0,1,10.0,0,0.009021708000005901
mlp_aco,10,7423,78,7,2,0.0,0.0,0.0,0.0,0.09907747060060501,False,False,0.0,0.0,0.0,[],10.0,10.0,1,10.0,0,0.009021708000005901
mlp_aco,10,7423,78,7,3,0.0,0.0,0.0,0.0,0.43936213850975037,False,False,0.0,0.0,0.0,[],10.0,10.0,1,10.0,0,0.009021708000005901
mlp_aco,10,7423,78,7,4,0.0,0.0,0.0,0.0,0.20313307642936707,False,False,0.0,0.0,0.0,[],10.0,10.0,1,10.0,0,0.009021708000005901
mlp_aco,10,7424,78,8,1,27.0,200.0,227.0,1.135,1.0,True,True,30.0,197.0,0.0,[1],10.0,10.0,1,10.0,0,0.009063832999999022
mlp_aco,10,7424,78,8,2,0.0,0.0,0.0,0.0,0.09907747060060501,False,False,0.0,0.0,0.0,[],10.0,10.0,1,10.0,0,0.009063832999999022
mlp_aco,10,7424,78,8,3,0.0,0.0,0.0,0.0,0.43936213850975037,False,False,0.0,0.0,0.0,[],10.0,10.0,1,10.0,0,0.009063832999999022
mlp_aco,10,7424,78,8,4,0.0,0.0,0.0,0.0,0.20313307642936707,False,False,0.0,0.0,0.0,[],10.0,10.0,1,10.0,0,0.009063832999999022
mlp_aco,10,7425,78,8,1,28.0,197.0,225.0,1.125,1.0,True,True,30.0,195.0,0.0,[1],10.0,10.0,1,10.0,0,0.00871349999999893
mlp_aco,10,7425,78,8,2,0.0,0.0,0.0,0.0,0.09907747060060501,False,False,0.0,0.0,0.0,[],10.0,10.0,1,10.0,0,0.00871349999999893
mlp_aco,10,7425,78,8,3,0.0,0.0,0.0,0.0,0.43936213850975037,False,False,0.0,0.0,0.0,[],10.0,10.0,1,10.0,0,0.00871349999999893
mlp_aco,10,7425,78,8,4,0.0,0.0,0.0,0.0,0.20313307642936707,False,False,0.0,0.0,0.0,[],10.0,10.0,1,10.0,0,0.00871349999999893
mlp_aco,10,7426,78,8,1,28.0,195.0,223.0,1.115,1.0,True,True,30.0,193.0,0.0,[1],10.0,10.0,1,10.0,0,0.008832582999986016
mlp_aco,10,7426,78,8,2,0.0,0.0,0.0,0.0,0.09907747060060501,False,False,0.0,0.0,0.0,[],10.0,10.0,1,10.0,0,0.008832582999986016
mlp_aco,10,7426,78,8,3,0.0,0.0,0.0,0.0,0.43936213850975037,False,False,0.0,0.0,0.0,[],10.0,10.0,1,10.0,0,0.008832582999986016
mlp_aco,10,7426,78,8,4,0.0,0.0,0.0,0.0,0.20313307642936707,False,False,0.0,0.0,0.0,[],10.0,10.0,1,10.0,0,0.008832582999986016
mlp_aco,10,7427,78,8,1,28.0,193.0,221.0,1.105,1.0,True,True,30.0,191.0,0.0,[1],10.0,10.0,1,10.0,0,0.009119040999991057
mlp_aco,10,7427,78,8,2,0.0,0.0,0.0,0.0,0.09907747060060501,False,False,0.0,0.0,0.0,[],10.0,10.0,1,10.0,0,0.009119040999991057
mlp_aco,10,7427,78,8,3,0.0,0.0,0.0,0.0,0.43936213850975037,False,False,0.0,0.0,0.0,[],10.0,10.0,1,10.0,0,0.009119040999991057
mlp_aco,10,7427,78,8,4,0.0,0.0,0.0,0.0,0.20313307642936707,False,False,0.0,0.0,0.0,[],10.0,10.0,1,10.0,0,0.009119040999991057
mlp_aco,10,7428,78,9,1,29.0,191.0,220.0,1.1,1.0,True,True,30.0,190.0,0.0,[1],10.0,10.0,1,10.0,0,0.009088042000001906
mlp_aco,10,7428,78,9,2,0.0,0.0,0.0,0.0,0.09907747060060501,False,False,0.0,0.0,0.0,[],10.0,10.0,1,10.0,0,0.009088042000001906
mlp_aco,10,7428,78,9,3,0.0,0.0,0.0,0.0,0.43936213850975037,False,False,0.0,0.0,0.0,[],10.0,10.0,1,10.0,0,0.009088042000001906
mlp_aco,10,7428,78,9,4,0.0,0.0,0.0,0.0,0.20313307642936707,False,False,0.0,0.0,0.0,[],10.0,10.0,1,10.0,0,0.009088042000001906
mlp_aco,10,7429,78,9,1,27.0,190.0,217.0,1.085,1.0,True,True,30.0,187.0,0.0,[1],10.0,10.0,1,10.0,0,0.008952625000006265
mlp_aco,10,7429,78,9,2,0.0,0.0,0.0,0.0,0.09907747060060501,False,False,0.0,0.0,0.0,[],10.0,10.0,1,10.0,0,0.008952625000006265
mlp_aco,10,7429,78,9,3,0.0,0.0,0.0,0.0,0.43936213850975037,False,False,0.0,0.0,0.0,[],10.0,10.0,1,10.0,0,0.008952625000006265
mlp_aco,10,7429,78,9,4,0.0,0.0,0.0,0.0,0.20313307642936707,False,False,0.0,0.0,0.0,[],10.0,10.0,1,10.0,0,0.008952625000006265
mlp_aco,10,7430,78,9,1,28.0,187.0,215.0,1.075,1.0,True,True,30.0,185.0,0.0,[1],10.0,10.0,1,10.0,0,0.00910537499999009
mlp_aco,10,7430,78,9,2,0.0,0.0,0.0,0.0,0.09907747060060501,False,False,0.0,0.0,0.0,[],10.0,10.0,1,10.0,0,0.00910537499999009
mlp_aco,10,7430,78,9,3,0.0,0.0,0.0,0.0,0.43936213850975037,False,False,0.0,0.0,0.0,[],10.0,10.0,1,10.0,0,0.00910537499999009
mlp_aco,10,7430,78,9,4,0.0,0.0,0.0,0.0,0.20313307642936707,False,False,0.0,0.0,0.0,[],10.0,10.0,1,10.0,0,0.00910537499999009
mlp_aco,10,7431,78,9,1,28.0,185.0,213.0,1.065,1.0,True,True,30.0,183.0,0.0,[1],10.0,10.0,1,10.0,0,0.009129000000001497
mlp_aco,10,7431,78,9,2,0.0,0.0,0.0,0.0,0.09907747060060501,False,False,0.0,0.0,0.0,[],10.0,10.0,1,10.0,0,0.009129000000001497
mlp_aco,10,7431,78,9,3,0.0,0.0,0.0,0.0,0.43936213850975037,False,False,0.0,0.0,0.0,[],10.0,10.0,1,10.0,0,0.009129000000001497
mlp_aco,10,7431,78,9,4,0.0,0.0,0.0,0.0,0.20313307642936707,False,False,0.0,0.0,0.0,[],10.0,10.0,1,10.0,0,0.009129000000001497
mlp_aco,10,7432,78,10,1,28.0,183.0,211.0,1.055,1.0,True,True,30.0,181.0,0.0,[1],10.0,10.0,1,10.0,0,0.008906499999994821
mlp_aco,10,7432,78,10,2,0.0,0.0,0.0,0.0,0.09907747060060501,False,False,0.0,0.0,0.0,[],10.0,10.0,1,10.0,0,0.008906499999994821
mlp_aco,10,7432,78,10,3,0.0,0.0,0.0,0.0,0.43936213850975037,False,False,0.0,0.0,0.0,[],10.0,10.0,1,10.0,0,0.008906499999994821
mlp_aco,10,7432,78,10,4,0.0,0.0,0.0,0.0,0.20313307642936707,False,False,0.0,0.0,0.0,[],10.0,10.0,1,10.0,0,0.008906499999994821
mlp_aco,10,7433,78,10,1,27.0,181.0,208.0,1.04,1.0,True,True,30.0,178.0,0.0,[1],10.0,10.0,1,10.0,0,0.008782249999995884
mlp_aco,10,7433,78,10,2,0.0,0.0,0.0,0.0,0.09907747060060501,False,False,0.0,0.0,0.0,[],10.0,10.0,1,10.0,0,0.008782249999995884
mlp_aco,10,7433,78,10,3,0.0,0.0,0.0,0.0,0.43936213850975037,False,False,0.0,0.0,0.0,[],10.0,10.0,1,10.0,0,0.008782249999995884
mlp_aco,10,7433,78,10,4,0.0,0.0,0.0,0.0,0.20313307642936707,False,False,0.0,0.0,0.0,[],10.0,10.0,1,10.0,0,0.008782249999995884
mlp_aco,10,7434,78,10,1,29.0,178.0,207.0,1.035,1.0,True,True,30.0,177.0,0.0,[1],10.0,10.0,1,10.0,0,0.00903137499997797
mlp_aco,10,7434,78,10,2,0.0,0.0,0.0,0.0,0.09907747060060501,False,False,0.0,0.0,0.0,[],10.0,10.0,1,10.0,0,0.00903137499997797
mlp_aco,10,7434,78,10,3,0.0,0.0,0.0,0.0,0.43936213850975037,False,False,0.0,0.0,0.0,[],10.0,10.0,1,10.0,0,0.00903137499997797
mlp_aco,10,7434,78,10,4,0.0,0.0,0.0,0.0,0.20313307642936707,False,False,0.0,0.0,0.0,[],10.0,10.0,1,10.0,0,0.00903137499997797
mlp_aco,10,7435,78,10,1,28.0,177.0,205.0,1.025,1.0,True,True,30.0,175.0,0.0,[1],10.0,10.0,1,10.0,0,0.009118166000007477
mlp_aco,10,7435,78,10,2,0.0,0.0,0.0,0.0,0.09907747060060501,False,False,0.0,0.0,0.0,[],10.0,10.0,1,10.0,0,0.009118166000007477
mlp_aco,10,7435,78,10,3,0.0,0.0,0.0,0.0,0.43936213850975037,False,False,0.0,0.0,0.0,[],10.0,10.0,1,10.0,0,0.009118166000007477
mlp_aco,10,7435,78,10,4,0.0,0.0,0.0,0.0,0.20313307642936707,False,False,0.0,0.0,0.0,[],10.0,10.0,1,10.0,0,0.009118166000007477
mlp_aco,10,7436,78,11,1,27.0,175.0,202.0,1.01,1.0,True,True,30.0,172.0,0.0,[1],10.0,10.0,1,10.0,0,0.008927916999994068
mlp_aco,10,7436,78,11,2,0.0,0.0,0.0,0.0,0.09907747060060501,False,False,0.0,0.0,0.0,[],10.0,10.0,1,10.0,0,0.008927916999994068
mlp_aco,10,7436,78,11,3,0.0,0.0,0.0,0.0,0.43936213850975037,False,False,0.0,0.0,0.0,[],10.0,10.0,1,10.0,0,0.008927916999994068
mlp_aco,10,7436,78,11,4,0.0,0.0,0.0,0.0,0.20313307642936707,False,False,0.0,0.0,0.0,[],10.0,10.0,1,10.0,0,0.008927916999994068
mlp_aco,10,7437,78,11,1,29.0,172.0,201.0,1.005,1.0,True,True,30.0,171.0,0.0,[1],10.0,10.0,1,10.0,0,0.009164999999995871
mlp_aco,10,7437,78,11,2,0.0,0.0,0.0,0.0,0.09907747060060501,False,False,0.0,0.0,0.0,[],10.0,10.0,1,10.0,0,0.009164999999995871
mlp_aco,10,7437,78,11,3,0.0,0.0,0.0,0.0,0.43936213850975037,False,False,0.0,0.0,0.0,[],10.0,10.0,1,10.0,0,0.009164999999995871
mlp_aco,10,7437,78,11,4,0.0,0.0,0.0,0.0,0.20313307642936707,False,False,0.0,0.0,0.0,[],10.0,10.0,1,10.0,0,0.009164999999995871
mlp_aco,10,7438,78,11,1,27.0,171.0,198.0,0.99,1.0,True,True,30.0,168.0,0.0,[1],10.0,10.0,1,10.0,0,0.008936292000015555
mlp_aco,10,7438,78,11,2,0.0,0.0,0.0,0.0,0.09907747060060501,False,False,0.0,0.0,0.0,[],10.0,10.0,1,10.0,0,0.008936292000015555
mlp_aco,10,7438,78,11,3,0.0,0.0,0.0,0.0,0.43936213850975037,False,False,0.0,0.0,0.0,[],10.0,10.0,1,10.0,0,0.008936292000015555
mlp_aco,10,7438,78,11,4,0.0,0.0,0.0,0.0,0.20313307642936707,False,False,0.0,0.0,0.0,[],10.0,10.0,1,10.0,0,0.008936292000015555
mlp_aco,10,7439,78,11,1,28.0,168.0,196.0,0.98,1.0,True,True,30.0,166.0,0.0,[1],10.0,10.0,1,10.0,0,0.009071042000016405
mlp_aco,10,7439,78,11,2,0.0,0.0,0.0,0.0,0.09907747060060501,False,False,0.0,0.0,0.0,[],10.0,10.0,1,10.0,0,0.009071042000016405
mlp_aco,10,7439,78,11,3,0.0,0.0,0.0,0.0,0.43936213850975037,False,False,0.0,0.0,0.0,[],10.0,10.0,1,10.0,0,0.009071042000016405
mlp_aco,10,7439,78,11,4,0.0,0.0,0.0,0.0,0.20313307642936707,False,False,0.0,0.0,0.0,[],10.0,10.0,1,10.0,0,0.009071042000016405
mlp_aco,10,7440,78,12,1,19.0,166.0,185.0,0.925,0.9999998807907104,True,True,30.0,155.0,0.0,[1],10.0,10.0,1,10.0,0,0.009255875000008018
mlp_aco,10,7440,78,12,2,0.0,0.0,0.0,0.0,0.09907747060060501,False,False,0.0,0.0,0.0,[],10.0,10.0,1,10.0,0,0.009255875000008018
mlp_aco,10,7440,78,12,3,0.0,0.0,0.0,0.0,0.43936213850975037,False,False,0.0,0.0,0.0,[],10.0,10.0,1,10.0,0,0.009255875000008018
mlp_aco,10,7440,78,12,4,0.0,0.0,0.0,0.0,0.20313307642936707,False,False,0.0,0.0,0.0,[],10.0,10.0,1,10.0,0,0.009255875000008018
mlp_aco,10,7441,78,12,1,19.0,155.0,174.0,0.87,0.9999980330467224,True,True,30.0,144.0,0.0,[1],10.0,10.0,1,10.0,0,0.009017917000022635
mlp_aco,10,7441,78,12,2,0.0,0.0,0.0,0.0,0.09907747060060501,False,False,0.0,0.0,0.0,[],10.0,10.0,1,10.0,0,0.009017917000022635
mlp_aco,10,7441,78,12,3,0.0,0.0,0.0,0.0,0.43936213850975037,False,False,0.0,0.0,0.0,[],10.0,10.0,1,10.0,0,0.009017917000022635
mlp_aco,10,7441,78,12,4,0.0,0.0,0.0,0.0,0.20313307642936707,False,False,0.0,0.0,0.0,[],10.0,10.0,1,10.0,0,0.009017917000022635
mlp_aco,10,7442,78,12,1,15.0,144.0,159.0,0.795,0.9995889067649841,True,True,30.0,129.0,0.0,[1],10.0,10.0,1,10.0,0,0.00903954200001067
mlp_aco,10,7442,78,12,2,0.0,0.0,0.0,0.0,0.09907747060060501,False,False,0.0,0.0,0.0,[],10.0,10.0,1,10.0,0,0.00903954200001067
mlp_aco,10,7442,78,12,3,0.0,0.0,0.0,0.0,0.43936213850975037,False,False,0.0,0.0,0.0,[],10.0,10.0,1,10.0,0,0.00903954200001067
mlp_aco,10,7442,78,12,4,0.0,0.0,0.0,0.0,0.20313307642936707,False,False,0.0,0.0,0.0,[],10.0,10.0,1,10.0,0,0.00903954200001067
mlp_aco,10,7443,78,12,1,11.0,129.0,140.0,0.7,0.9684545397758484,True,True,30.0,110.0,0.0,[1],10.0,10.0,1,10.0,0,0.008822833000010633
mlp_aco,10,7443,78,12,2,0.0,0.0,0.0,0.0,0.09907747060060501,False,False,0.0,0.0,0.0,[],10.0,10.0,1,10.0,0,0.008822833000010633
mlp_aco,10,7443,78,12,3,0.0,0.0,0.0,0.0,0.43936213850975037,False,False,0.0,0.0,0.0,[],10.0,10.0,1,10.0,0,0.008822833000010633
mlp_aco,10,7443,78,12,4,0.0,0.0,0.0,0.0,0.20313307642936707,False,False,0.0,0.0,0.0,[],10.0,10.0,1,10.0,0,0.008822833000010633
mlp_aco,10,7444,78,13,1,10.0,110.0,120.0,0.6,0.7161303162574768,True,True,30.0,90.0,0.0,[1],10.0,10.0,1,10.0,0,0.008863791999999648
mlp_aco,10,7444,78,13,2,0.0,0.0,0.0,0.0,0.09907747060060501,False,False,0.0,0.0,0.0,[],10.0,10.0,1,10.0,0,0.008863791999999648
mlp_aco,10,7444,78,13,3,0.0,0.0,0.0,0.0,0.43936213850975037,False,False,0.0,0.0,0.0,[],10.0,10.0,1,10.0,0,0.008863791999999648
mlp_aco,10,7444,78,13,4,0.0,0.0,0.0,0.0,0.20313307642936707,False,False,0.0,0.0,0.0,[],10.0,10.0,1,10.0,0,0.008863791999999648
mlp_aco,10,7445,78,13,1,10.0,90.0,100.0,0.5,0.453531950712204,False,False,0.0,100.0,0.0,[],0.0,0.0,0,0.0,0,2.1250000088457455e-06
mlp_aco,10,7445,78,13,2,0.0,0.0,0.0,0.0,0.09907747060060501,False,False,0.0,0.0,0.0,[],0.0,0.0,0,0.0,0,2.1250000088457455e-06
mlp_aco,10,7445,78,13,3,0.0,0.0,0.0,0.0,0.43936213850975037,False,False,0.0,0.0,0.0,[],0.0,0.0,0,0.0,0,2.1250000088457455e-06
mlp_aco,10,7445,78,13,4,0.0,0.0,0.0,0.0,0.20313307642936707,False,False,0.0,0.0,0.0,[],0.0,0.0,0,0.0,0,2.1250000088457455e-06
mlp_aco,10,7446,78,13,1,11.0,100.0,111.0,0.555,0.6980043649673462,False,False,0.0,111.0,0.0,[],0.0,0.0,0,0.0,0,1.8329999988964119e-06
mlp_aco,10,7446,78,13,2,0.0,0.0,0.0,0.0,0.09907747060060501,False,False,0.0,0.0,0.0,[],0.0,0.0,0,0.0,0,1.8329999988964119e-06
mlp_aco,10,7446,78,13,3,0.0,0.0,0.0,0.0,0.43936213850975037,False,False,0.0,0.0,0.0,[],0.0,0.0,0,0.0,0,1.8329999988964119e-06
mlp_aco,10,7446,78,13,4,0.0,0.0,0.0,0.0,0.20313307642936707,False,False,0.0,0.0,0.0,[],0.0,0.0,0,0.0,0,1.8329999988964119e-06
mlp_aco,10,7447,78,13,1,10.0,111.0,121.0,0.605,0.7876452207565308,True,True,30.0,91.0,0.0,[1],10.0,10.0,1,10.0,0,0.009184625000017377
mlp_aco,10,7447,78,13,2,0.0,0.0,0.0,0.0,0.09907747060060501,False,False,0.0,0.0,0.0,[],10.0,10.0,1,10.0,0,0.009184625000017377
mlp_aco,10,7447,78,13,3,0.0,0.0,0.0,0.0,0.43936213850975037,False,False,0.0,0.0,0.0,[],10.0,10.0,1,10.0,0,0.009184625000017377
mlp_aco,10,7447,78,13,4,0.0,0.0,0.0,0.0,0.20313307642936707,False,False,0.0,0.0,0.0,[],10.0,10.0,1,10.0,0,0.009184625000017377
mlp_aco,10,7448,78,14,1,10.0,91.0,101.0,0.505,0.4890798032283783,False,False,0.0,101.0,0.0,[],0.0,0.0,0,0.0,0,1.8750000094769348e-06
mlp_aco,10,7448,78,14,2,0.0,0.0,0.0,0.0,0.09907747060060501,False,False,0.0,0.0,0.0,[],0.0,0.0,0,0.0,0,1.8750000094769348e-06
mlp_aco,10,7448,78,14,3,0.0,0.0,0.0,0.0,0.43936213850975037,False,False,0.0,0.0,0.0,[],0.0,0.0,0,0.0,0,1.8750000094769348e-06
mlp_aco,10,7448,78,14,4,0.0,0.0,0.0,0.0,0.20313307642936707,False,False,0.0,0.0,0.0,[],0.0,0.0,0,0.0,0,1.8750000094769348e-06
mlp_aco,10,7449,78,14,1,11.0,101.0,112.0,0.56,0.7129126191139221,True,True,30.0,82.0,0.0,[1],10.0,10.0,1,10.0,0,0.009118833000002269
mlp_aco,10,7449,78,14,2,0.0,0.0,0.0,0.0,0.09907747060060501,False,False,0.0,0.0,0.0,[],10.0,10.0,1,10.0,0,0.009118833000002269
mlp_aco,10,7449,78,14,3,0.0,0.0,0.0,0.0,0.43936213850975037,False,False,0.0,0.0,0.0,[],10.0,10.0,1,10.0,0,0.009118833000002269
mlp_aco,10,7449,78,14,4,0.0,0.0,0.0,0.0,0.20313307642936707,False,False,0.0,0.0,0.0,[],10.0,10.0,1,10.0,0,0.009118833000002269
mlp_aco,10,7450,78,14,1,10.0,82.0,92.0,0.46,0.4224562346935272,False,False,0.0,92.0,0.0,[],0.0,0.0,0,0.0,0,1.8329999988964119e-06
mlp_aco,10,7450,78,14,2,0.0,0.0,0.0,0.0,0.09907747060060501,False,False,0.0,0.0,0.0,[],0.0,0.0,0,0.0,0,1.8329999988964119e-06
mlp_aco,10,7450,78,14,3,0.0,0.0,0.0,0.0,0.43936213850975037,False,False,0.0,0.0,0.0,[],0.0,0.0,0,0.0,0,1.8329999988964119e-06
mlp_aco,10,7450,78,14,4,0.0,0.0,0.0,0.0,0.20313307642936707,False,False,0.0,0.0,0.0,[],0.0,0.0,0,0.0,0,1.8329999988964119e-06
mlp_aco,10,7451,78,14,1,10.0,92.0,102.0,0.51,0.5014950037002563,False,False,0.0,102.0,0.0,[],0.0,0.0,0,0.0,0,1.8339999883210112e-06
mlp_aco,10,7451,78,14,2,0.0,0.0,0.0,0.0,0.09907747060060501,False,False,0.0,0.0,0.0,[],0.0,0.0,0,0.0,0,1.8339999883210112e-06
mlp_aco,10,7451,78,14,3,0.0,0.0,0.0,0.0,0.43936213850975037,False,False,0.0,0.0,0.0,[],0.0,0.0,0,0.0,0,1.8339999883210112e-06
mlp_aco,10,7451,78,14,4,0.0,0.0,0.0,0.0,0.20313307642936707,False,False,0.0,0.0,0.0,[],0.0,0.0,0,0.0,0,1.8339999883210112e-06
mlp_aco,10,7452,78,15,1,11.0,102.0,113.0,0.565,0.7296774387359619,True,True,30.0,83.0,0.0,[1],10.0,10.0,1,10.0,0,0.00910433399999988
mlp_aco,10,7452,78,15,2,0.0,0.0,0.0,0.0,0.09907747060060501,False,False,0.0,0.0,0.0,[],10.0,10.0,1,10.0,0,0.00910433399999988
mlp_aco,10,7452,78,15,3,0.0,0.0,0.0,0.0,0.43936213850975037,False,False,0.0,0.0,0.0,[],10.0,10.0,1,10.0,0,0.00910433399999988
mlp_aco,10,7452,78,15,4,0.0,0.0,0.0,0.0,0.20313307642936707,False,False,0.0,0.0,0.0,[],10.0,10.0,1,10.0,0,0.00910433399999988
mlp_aco,10,7453,78,15,1,10.0,83.0,93.0,0.465,0.42869383096694946,False,False,0.0,93.0,0.0,[],0.0,0.0,0,0.0,0,1.9590000022162712e-06
mlp_aco,10,7453,78,15,2,0.0,0.0,0.0,0.0,0.09907747060060501,False,False,0.0,0.0,0.0,[],0.0,0.0,0,0.0,0,1.9590000022162712e-06
mlp_aco,10,7453,78,15,3,0.0,0.0,0.0,0.0,0.43936213850975037,False,False,0.0,0.0,0.0,[],0.0,0.0,0,0.0,0,1.9590000022162712e-06
mlp_aco,10,7453,78,15,4,0.0,0.0,0.0,0.0,0.20313307642936707,False,False,0.0,0.0,0.0,[],0.0,0.0,0,0.0,0,1.9590000022162712e-06
mlp_aco,10,7454,78,15,1,8.0,93.0,101.0,0.505,0.3623362183570862,False,False,0.0,101.0,0.0,[],0.0,0.0,0,0.0,0,1.8750000094769348e-06
mlp_aco,10,7454,78,15,2,0.0,0.0,0.0,0.0,0.09907747060060501,False,False,0.0,0.0,0.0,[],0.0,0.0,0,0.0,0,1.8750000094769348e-06
mlp_aco,10,7454,78,15,3,0.0,0.0,0.0,0.0,0.43936213850975037,False,False,0.0,0.0,0.0,[],0.0,0.0,0,0.0,0,1.8750000094769348e-06
mlp_aco,10,7454,78,15,4,0.0,0.0,0.0,0.0,0.20313307642936707,False,False,0.0,0.0,0.0,[],0.0,0.0,0,0.0,0,1.8750000094769348e-06
mlp_aco,10,7455,78,15,1,0.0,101.0,101.0,0.505,0.19910216331481934,False,False,0.0,101.0,0.0,[],0.0,0.0,0,0.0,0,1.8329999988964119e-06
mlp_aco,10,7455,78,15,2,0.0,0.0,0.0,0.0,0.09907747060060501,False,False,0.0,0.0,0.0,[],0.0,0.0,0,0.0,0,1.8329999988964119e-06
mlp_aco,10,7455,78,15,3,0.0,0.0,0.0,0.0,0.43936213850975037,False,False,0.0,0.0,0.0,[],0.0,0.0,0,0.0,0,1.8329999988964119e-06
mlp_aco,10,7455,78,15,4,0.0,0.0,0.0,0.0,0.20313307642936707,False,False,0.0,0.0,0.0,[],0.0,0.0,0,0.0,0,1.8329999988964119e-06
mlp_aco,10,7456,78,16,1,0.0,101.0,101.0,0.505,0.24581870436668396,False,False,0.0,101.0,0.0,[],0.0,0.0,0,0.0,0,1.8329999988964119e-06
mlp_aco,10,7456,78,16,2,0.0,0.0,0.0,0.0,0.09907747060060501,False,False,0.0,0.0,0.0,[],0.0,0.0,0,0.0,0,1.8329999988964119e-06
mlp_aco,10,7456,78,16,3,0.0,0.0,0.0,0.0,0.43936213850975037,False,False,0.0,0.0,0.0,[],0.0,0.0,0,0.0,0,1.8329999988964119e-06
mlp_aco,10,7456,78,16,4,0.0,0.0,0.0,0.0,0.20313307642936707,False,False,0.0,0.0,0.0,[],0.0,0.0,0,0.0,0,1.8329999988964119e-06
mlp_aco,10,7457,78,16,1,0.0,101.0,101.0,0.505,0.2833905518054962,False,False,0.0,101.0,0.0,[],0.0,0.0,0,0.0,0,1.8329999988964119e-06
mlp_aco,10,7457,78,16,2,0.0,0.0,0.0,0.0,0.09907747060060501,False,False,0.0,0.0,0.0,[],0.0,0.0,0,0.0,0,1.8329999988964119e-06
mlp_aco,10,7457,78,16,3,0.0,0.0,0.0,0.0,0.43936213850975037,False,False,0.0,0.0,0.0,[],0.0,0.0,0,0.0,0,1.8329999988964119e-06
mlp_aco,10,7457,78,16,4,0.0,0.0,0.0,0.0,0.20313307642936707,False,False,0.0,0.0,0.0,[],0.0,0.0,0,0.0,0,1.8329999988964119e-06
mlp_aco,10,7458,78,16,1,0.0,101.0,101.0,0.505,0.3257606327533722,False,False,0.0,101.0,0.0,[],0.0,0.0,0,0.0,0,1.958000012791672e-06
mlp_aco,10,7458,78,16,2,0.0,0.0,0.0,0.0,0.09907747060060501,False,False,0.0,0.0,0.0,[],0.0,0.0,0,0.0,0,1.958000012791672e-06
mlp_aco,10,7458,78,16,3,0.0,0.0,0.0,0.0,0.43936213850975037,False,False,0.0,0.0,0.0,[],0.0,0.0,0,0.0,0,1.958000012791672e-06
mlp_aco,10,7458,78,16,4,0.0,0.0,0.0,0.0,0.20313307642936707,False,False,0.0,0.0,0.0,[],0.0,0.0,0,0.0,0,1.958000012791672e-06
mlp_aco,10,7459,78,16,1,0.0,101.0,101.0,0.505,0.3257606327533722,False,False,0.0,101.0,0.0,[],0.0,0.0,0,0.0,0,1.7910000167375983e-06
mlp_aco,10,7459,78,16,2,0.0,0.0,0.0,0.0,0.09907747060060501,False,False,0.0,0.0,0.0,[],0.0,0.0,0,0.0,0,1.7910000167375983e-06
mlp_aco,10,7459,78,16,3,0.0,0.0,0.0,0.0,0.43936213850975037,False,False,0.0,0.0,0.0,[],0.0,0.0,0,0.0,0,1.7910000167375983e-06
mlp_aco,10,7459,78,16,4,0.0,0.0,0.0,0.0,0.20313307642936707,False,False,0.0,0.0,0.0,[],0.0,0.0,0,0.0,0,1.7910000167375983e-06
mlp_aco,10,7460,78,17,1,0.0,101.0,101.0,0.505,0.3257606327533722,False,False,0.0,101.0,0.0,[],0.0,0.0,0,0.0,0,1.7090000028474606e-06
mlp_aco,10,7460,78,17,2,0.0,0.0,0.0,0.0,0.09907747060060501,False,False,0.0,0.0,0.0,[],0.0,0.0,0,0.0,0,1.7090000028474606e-06
mlp_aco,10,7460,78,17,3,0.0,0.0,0.0,0.0,0.43936213850975037,False,False,0.0,0.0,0.0,[],0.0,0.0,0,0.0,0,1.7090000028474606e-06
mlp_aco,10,7460,78,17,4,0.0,0.0,0.0,0.0,0.20313307642936707,False,False,0.0,0.0,0.0,[],0.0,0.0,0,0.0,0,1.7090000028474606e-06
mlp_aco,10,7461,78,17,1,0.0,101.0,101.0,0.505,0.3257606327533722,False,False,0.0,101.0,0.0,[],0.0,0.0,0,0.0,0,1.9999999949504854e-06
mlp_aco,10,7461,78,17,2,0.0,0.0,0.0,0.0,0.09907747060060501,False,False,0.0,0.0,0.0,[],0.0,0.0,0,0.0,0,1.9999999949504854e-06
mlp_aco,10,7461,78,17,3,0.0,0.0,0.0,0.0,0.43936213850975037,False,False,0.0,0.0,0.0,[],0.0,0.0,0,0.0,0,1.9999999949504854e-06
mlp_aco,10,7461,78,17,4,0.0,0.0,0.0,0.0,0.20313307642936707,False,False,0.0,0.0,0.0,[],0.0,0.0,0,0.0,0,1.9999999949504854e-06
mlp_aco,10,7462,78,17,1,0.0,101.0,101.0,0.505,0.3257606327533722,False,False,0.0,101.0,0.0,[],0.0,0.0,0,0.0,0,1.7500000240033842e-06
mlp_aco,10,7462,78,17,2,0.0,0.0,0.0,0.0,0.09907747060060501,False,False,0.0,0.0,0.0,[],0.0,0.0,0,0.0,0,1.7500000240033842e-06
mlp_aco,10,7462,78,17,3,0.0,0.0,0.0,0.0,0.43936213850975037,False,False,0.0,0.0,0.0,[],0.0,0.0,0,0.0,0,1.7500000240033842e-06
mlp_aco,10,7462,78,17,4,0.0,0.0,0.0,0.0,0.20313307642936707,False,False,0.0,0.0,0.0,[],0.0,0.0,0,0.0,0,1.7500000240033842e-06
mlp_aco,10,7463,78,17,1,0.0,101.0,101.0,0.505,0.3257606327533722,False,False,0.0,101.0,0.0,[],0.0,0.0,0,0.0,0,1.7920000061621977e-06
mlp_aco,10,7463,78,17,2,0.0,0.0,0.0,0.0,0.09907747060060501,False,False,0.0,0.0,0.0,[],0.0,0.0,0,0.0,0,1.7920000061621977e-06
mlp_aco,10,7463,78,17,3,0.0,0.0,0.0,0.0,0.43936213850975037,False,False,0.0,0.0,0.0,[],0.0,0.0,0,0.0,0,1.7920000061621977e-06
mlp_aco,10,7463,78,17,4,0.0,0.0,0.0,0.0,0.20313307642936707,False,False,0.0,0.0,0.0,[],0.0,0.0,0,0.0,0,1.7920000061621977e-06
mlp_aco,10,7464,78,18,1,0.0,101.0,101.0,0.505,0.3257606327533722,False,False,0.0,101.0,0.0,[],0.0,0.0,0,0.0,0,1.7499999955816747e-06
mlp_aco,10,7464,78,18,2,0.0,0.0,0.0,0.0,0.09907747060060501,False,False,0.0,0.0,0.0,[],0.0,0.0,0,0.0,0,1.7499999955816747e-06
mlp_aco,10,7464,78,18,3,0.0,0.0,0.0,0.0,0.43936213850975037,False,False,0.0,0.0,0.0,[],0.0,0.0,0,0.0,0,1.7499999955816747e-06
mlp_aco,10,7464,78,18,4,0.0,0.0,0.0,0.0,0.20313307642936707,False,False,0.0,0.0,0.0,[],0.0,0.0,0,0.0,0,1.7499999955816747e-06
mlp_aco,10,7465,78,18,1,0.0,101.0,101.0,0.505,0.3257606327533722,False,False,0.0,101.0,0.0,[],0.0,0.0,0,0.0,0,1.8329999988964119e-06
mlp_aco,10,7465,78,18,2,0.0,0.0,0.0,0.0,0.09907747060060501,False,False,0.0,0.0,0.0,[],0.0,0.0,0,0.0,0,1.8329999988964119e-06
mlp_aco,10,7465,78,18,3,0.0,0.0,0.0,0.0,0.43936213850975037,False,False,0.0,0.0,0.0,[],0.0,0.0,0,0.0,0,1.8329999988964119e-06
mlp_aco,10,7465,78,18,4,0.0,0.0,0.0,0.0,0.20313307642936707,False,False,0.0,0.0,0.0,[],0.0,0.0,0,0.0,0,1.8329999988964119e-06
mlp_aco,10,7466,78,18,1,0.0,101.0,101.0,0.505,0.3257606327533722,False,False,0.0,101.0,0.0,[],0.0,0.0,0,0.0,0,1.7499999955816747e-06
mlp_aco,10,7466,78,18,2,0.0,0.0,0.0,0.0,0.09907747060060501,False,False,0.0,0.0,0.0,[],0.0,0.0,0,0.0,0,1.7499999955816747e-06
mlp_aco,10,7466,78,18,3,0.0,0.0,0.0,0.0,0.43936213850975037,False,False,0.0,0.0,0.0,[],0.0,0.0,0,0.0,0,1.7499999955816747e-06
mlp_aco,10,7466,78,18,4,0.0,0.0,0.0,0.0,0.20313307642936707,False,False,0.0,0.0,0.0,[],0.0,0.0,0,0.0,0,1.7499999955816747e-06
mlp_aco,10,7467,78,18,1,0.0,101.0,101.0,0.505,0.3257606327533722,False,False,0.0,101.0,0.0,[],0.0,0.0,0,0.0,0,1.8750000094769348e-06
mlp_aco,10,7467,78,18,2,0.0,0.0,0.0,0.0,0.09907747060060501,False,False,0.0,0.0,0.0,[],0.0,0.0,0,0.0,0,1.8750000094769348e-06
mlp_aco,10,7467,78,18,3,0.0,0.0,0.0,0.0,0.43936213850975037,False,False,0.0,0.0,0.0,[],0.0,0.0,0,0.0,0,1.8750000094769348e-06
mlp_aco,10,7467,78,18,4,0.0,0.0,0.0,0.0,0.20313307642936707,False,False,0.0,0.0,0.0,[],0.0,0.0,0,0.0,0,1.8750000094769348e-06
mlp_aco,10,7468,78,19,1,0.0,101.0,101.0,0.505,0.3257606327533722,False,False,0.0,101.0,0.0,[],0.0,0.0,0,0.0,0,1.7090000028474606e-06
mlp_aco,10,7468,78,19,2,0.0,0.0,0.0,0.0,0.09907747060060501,False,False,0.0,0.0,0.0,[],0.0,0.0,0,0.0,0,1.7090000028474606e-06
mlp_aco,10,7468,78,19,3,0.0,0.0,0.0,0.0,0.43936213850975037,False,False,0.0,0.0,0.0,[],0.0,0.0,0,0.0,0,1.7090000028474606e-06
mlp_aco,10,7468,78,19,4,0.0,0.0,0.0,0.0,0.20313307642936707,False,False,0.0,0.0,0.0,[],0.0,0.0,0,0.0,0,1.7090000028474606e-06
mlp_aco,10,7469,78,19,1,0.0,101.0,101.0,0.505,0.3257606327533722,False,False,0.0,101.0,0.0,[],0.0,0.0,0,0.0,0,1.7500000240033842e-06
mlp_aco,10,7469,78,19,2,0.0,0.0,0.0,0.0,0.09907747060060501,False,False,0.0,0.0,0.0,[],0.0,0.0,0,0.0,0,1.7500000240033842e-06
mlp_aco,10,7469,78,19,3,0.0,0.0,0.0,0.0,0.43936213850975037,False,False,0.0,0.0,0.0,[],0.0,0.0,0,0.0,0,1.7500000240033842e-06
mlp_aco,10,7469,78,19,4,0.0,0.0,0.0,0.0,0.20313307642936707,False,False,0.0,0.0,0.0,[],0.0,0.0,0,0.0,0,1.7500000240033842e-06
mlp_aco,10,7470,78,19,1,0.0,101.0,101.0,0.505,0.3257606327533722,False,False,0.0,101.0,0.0,[],0.0,0.0,0,0.0,0,1.7499999955816747e-06
mlp_aco,10,7470,78,19,2,0.0,0.0,0.0,0.0,0.09907747060060501,False,False,0.0,0.0,0.0,[],0.0,0.0,0,0.0,0,1.7499999955816747e-06
mlp_aco,10,7470,78,19,3,0.0,0.0,0.0,0.0,0.43936213850975037,False,False,0.0,0.0,0.0,[],0.0,0.0,0,0.0,0,1.7499999955816747e-06
mlp_aco,10,7470,78,19,4,0.0,0.0,0.0,0.0,0.20313307642936707,False,False,0.0,0.0,0.0,[],0.0,0.0,0,0.0,0,1.7499999955816747e-06
mlp_aco,10,7471,78,19,1,0.0,101.0,101.0,0.505,0.3257606327533722,False,False,0.0,101.0,0.0,[],0.0,0.0,0,0.0,0,1.8329999988964119e-06
mlp_aco,10,7471,78,19,2,0.0,0.0,0.0,0.0,0.09907747060060501,False,False,0.0,0.0,0.0,[],0.0,0.0,0,0.0,0,1.8329999988964119e-06
mlp_aco,10,7471,78,19,3,0.0,0.0,0.0,0.0,0.43936213850975037,False,False,0.0,0.0,0.0,[],0.0,0.0,0,0.0,0,1.8329999988964119e-06
mlp_aco,10,7471,78,19,4,0.0,0.0,0.0,0.0,0.20313307642936707,False,False,0.0,0.0,0.0,[],0.0,0.0,0,0.0,0,1.8329999988964119e-06
mlp_aco,10,7472,78,20,1,0.0,101.0,101.0,0.505,0.3257606327533722,False,False,0.0,101.0,0.0,[],0.0,0.0,0,0.0,0,1.7499999955816747e-06
mlp_aco,10,7472,78,20,2,0.0,0.0,0.0,0.0,0.09907747060060501,False,False,0.0,0.0,0.0,[],0.0,0.0,0,0.0,0,1.7499999955816747e-06
mlp_aco,10,7472,78,20,3,0.0,0.0,0.0,0.0,0.43936213850975037,False,False,0.0,0.0,0.0,[],0.0,0.0,0,0.0,0,1.7499999955816747e-06
mlp_aco,10,7472,78,20,4,0.0,0.0,0.0,0.0,0.20313307642936707,False,False,0.0,0.0,0.0,[],0.0,0.0,0,0.0,0,1.7499999955816747e-06
mlp_aco,10,7473,78,20,1,0.0,101.0,101.0,0.505,0.3257606327533722,False,False,0.0,101.0,0.0,[],0.0,0.0,0,0.0,0,1.7920000061621977e-06
mlp_aco,10,7473,78,20,2,0.0,0.0,0.0,0.0,0.09907747060060501,False,False,0.0,0.0,0.0,[],0.0,0.0,0,0.0,0,1.7920000061621977e-06
mlp_aco,10,7473,78,20,3,0.0,0.0,0.0,0.0,0.43936213850975037,False,False,0.0,0.0,0.0,[],0.0,0.0,0,0.0,0,1.7920000061621977e-06
mlp_aco,10,7473,78,20,4,0.0,0.0,0.0,0.0,0.20313307642936707,False,False,0.0,0.0,0.0,[],0.0,0.0,0,0.0,0,1.7920000061621977e-06
mlp_aco,10,7474,78,20,1,0.0,101.0,101.0,0.505,0.3257606327533722,False,False,0.0,101.0,0.0,[],0.0,0.0,0,0.0,0,1.9590000022162712e-06
mlp_aco,10,7474,78,20,2,0.0,0.0,0.0,0.0,0.09907747060060501,False,False,0.0,0.0,0.0,[],0.0,0.0,0,0.0,0,1.9590000022162712e-06
mlp_aco,10,7474,78,20,3,0.0,0.0,0.0,0.0,0.43936213850975037,False,False,0.0,0.0,0.0,[],0.0,0.0,0,0.0,0,1.9590000022162712e-06
mlp_aco,10,7474,78,20,4,0.0,0.0,0.0,0.0,0.20313307642936707,False,False,0.0,0.0,0.0,[],0.0,0.0,0,0.0,0,1.9590000022162712e-06
mlp_aco,10,7475,78,20,1,0.0,101.0,101.0,0.505,0.3257606327533722,False,False,0.0,101.0,0.0,[],0.0,0.0,0,0.0,0,1.7919999777404882e-06
mlp_aco,10,7475,78,20,2,0.0,0.0,0.0,0.0,0.09907747060060501,False,False,0.0,0.0,0.0,[],0.0,0.0,0,0.0,0,1.7919999777404882e-06
mlp_aco,10,7475,78,20,3,0.0,0.0,0.0,0.0,0.43936213850975037,False,False,0.0,0.0,0.0,[],0.0,0.0,0,0.0,0,1.7919999777404882e-06
mlp_aco,10,7475,78,20,4,0.0,0.0,0.0,0.0,0.20313307642936707,False,False,0.0,0.0,0.0,[],0.0,0.0,0,0.0,0,1.7919999777404882e-06
mlp_aco,10,7476,78,21,1,0.0,101.0,101.0,0.505,0.3257606327533722,False,False,0.0,101.0,0.0,[],0.0,0.0,0,0.0,0,1.7079999850011518e-06
mlp_aco,10,7476,78,21,2,0.0,0.0,0.0,0.0,0.09907747060060501,False,False,0.0,0.0,0.0,[],0.0,0.0,0,0.0,0,1.7079999850011518e-06
mlp_aco,10,7476,78,21,3,0.0,0.0,0.0,0.0,0.43936213850975037,False,False,0.0,0.0,0.0,[],0.0,0.0,0,0.0,0,1.7079999850011518e-06
mlp_aco,10,7476,78,21,4,0.0,0.0,0.0,0.0,0.20313307642936707,False,False,0.0,0.0,0.0,[],0.0,0.0,0,0.0,0,1.7079999850011518e-06
mlp_aco,10,7477,78,21,1,0.0,101.0,101.0,0.505,0.3257606327533722,False,False,0.0,101.0,0.0,[],0.0,0.0,0,0.0,0,1.7079999850011518e-06
mlp_aco,10,7477,78,21,2,0.0,0.0,0.0,0.0,0.09907747060060501,False,False,0.0,0.0,0.0,[],0.0,0.0,0,0.0,0,1.7079999850011518e-06
mlp_aco,10,7477,78,21,3,0.0,0.0,0.0,0.0,0.43936213850975037,False,False,0.0,0.0,0.0,[],0.0,0.0,0,0.0,0,1.7079999850011518e-06
mlp_aco,10,7477,78,21,4,0.0,0.0,0.0,0.0,0.20313307642936707,False,False,0.0,0.0,0.0,[],0.0,0.0,0,0.0,0,1.7079999850011518e-06
mlp_aco,10,7478,78,21,1,0.0,101.0,101.0,0.505,0.3257606327533722,False,False,0.0,101.0,0.0,[],0.0,0.0,0,0.0,0,1.6660000028423383e-06
mlp_aco,10,7478,78,21,2,0.0,0.0,0.0,0.0,0.09907747060060501,False,False,0.0,0.0,0.0,[],0.0,0.0,0,0.0,0,1.6660000028423383e-06
mlp_aco,10,7478,78,21,3,0.0,0.0,0.0,0.0,0.43936213850975037,False,False,0.0,0.0,0.0,[],0.0,0.0,0,0.0,0,1.6660000028423383e-06
mlp_aco,10,7478,78,21,4,0.0,0.0,0.0,0.0,0.20313307642936707,False,False,0.0,0.0,0.0,[],0.0,0.0,0,0.0,0,1.6660000028423383e-06
mlp_aco,10,7479,78,21,1,0.0,101.0,101.0,0.505,0.3257606327533722,False,False,0.0,101.0,0.0,[],0.0,0.0,0,0.0,0,1.7499999955816747e-06
mlp_aco,10,7479,78,21,2,0.0,0.0,0.0,0.0,0.09907747060060501,False,False,0.0,0.0,0.0,[],0.0,0.0,0,0.0,0,1.7499999955816747e-06
mlp_aco,10,7479,78,21,3,0.0,0.0,0.0,0.0,0.43936213850975037,False,False,0.0,0.0,0.0,[],0.0,0.0,0,0.0,0,1.7499999955816747e-06
mlp_aco,10,7479,78,21,4,0.0,0.0,0.0,0.0,0.20313307642936707,False,False,0.0,0.0,0.0,[],0.0,0.0,0,0.0,0,1.7499999955816747e-06
mlp_aco,10,7480,78,22,1,0.0,101.0,101.0,0.505,0.3257606327533722,False,False,0.0,101.0,0.0,[],0.0,0.0,0,0.0,0,1.7499999955816747e-06
mlp_aco,10,7480,78,22,2,0.0,0.0,0.0,0.0,0.09907747060060501,False,False,0.0,0.0,0.0,[],0.0,0.0,0,0.0,0,1.7499999955816747e-06
mlp_aco,10,7480,78,22,3,0.0,0.0,0.0,0.0,0.43936213850975037,False,False,0.0,0.0,0.0,[],0.0,0.0,0,0.0,0,1.7499999955816747e-06
mlp_aco,10,7480,78,22,4,0.0,0.0,0.0,0.0,0.20313307642936707,False,False,0.0,0.0,0.0,[],0.0,0.0,0,0.0,0,1.7499999955816747e-06
mlp_aco,10,7481,78,22,1,0.0,101.0,101.0,0.505,0.3257606327533722,False,False,0.0,101.0,0.0,[],0.0,0.0,0,0.0,0,1.8750000094769348e-06
mlp_aco,10,7481,78,22,2,0.0,0.0,0.0,0.0,0.09907747060060501,False,False,0.0,0.0,0.0,[],0.0,0.0,0,0.0,0,1.8750000094769348e-06
mlp_aco,10,7481,78,22,3,0.0,0.0,0.0,0.0,0.43936213850975037,False,False,0.0,0.0,0.0,[],0.0,0.0,0,0.0,0,1.8750000094769348e-06
mlp_aco,10,7481,78,22,4,0.0,0.0,0.0,0.0,0.20313307642936707,False,False,0.0,0.0,0.0,[],0.0,0.0,0,0.0,0,1.8750000094769348e-06
mlp_aco,10,7482,78,22,1,0.0,101.0,101.0,0.505,0.3257606327533722,False,False,0.0,101.0,0.0,[],0.0,0.0,0,0.0,0,1.7079999850011518e-06
mlp_aco,10,7482,78,22,2,0.0,0.0,0.0,0.0,0.09907747060060501,False,False,0.0,0.0,0.0,[],0.0,0.0,0,0.0,0,1.7079999850011518e-06
mlp_aco,10,7482,78,22,3,0.0,0.0,0.0,0.0,0.43936213850975037,False,False,0.0,0.0,0.0,[],0.0,0.0,0,0.0,0,1.7079999850011518e-06
mlp_aco,10,7482,78,22,4,0.0,0.0,0.0,0.0,0.20313307642936707,False,False,0.0,0.0,0.0,[],0.0,0.0,0,0.0,0,1.7079999850011518e-06
mlp_aco,10,7483,78,22,1,0.0,101.0,101.0,0.505,0.3257606327533722,False,False,0.0,101.0,0.0,[],0.0,0.0,0,0.0,0,1.7919999777404882e-06
mlp_aco,10,7483,78,22,2,0.0,0.0,0.0,0.0,0.09907747060060501,False,False,0.0,0.0,0.0,[],0.0,0.0,0,0.0,0,1.7919999777404882e-06
mlp_aco,10,7483,78,22,3,0.0,0.0,0.0,0.0,0.43936213850975037,False,False,0.0,0.0,0.0,[],0.0,0.0,0,0.0,0,1.7919999777404882e-06
mlp_aco,10,7483,78,22,4,0.0,0.0,0.0,0.0,0.20313307642936707,False,False,0.0,0.0,0.0,[],0.0,0.0,0,0.0,0,1.7919999777404882e-06
mlp_aco,10,7484,78,23,1,0.0,101.0,101.0,0.505,0.3257606327533722,False,False,0.0,101.0,0.0,[],0.0,0.0,0,0.0,0,1.7499999955816747e-06
mlp_aco,10,7484,78,23,2,0.0,0.0,0.0,0.0,0.09907747060060501,False,False,0.0,0.0,0.0,[],0.0,0.0,0,0.0,0,1.7499999955816747e-06
mlp_aco,10,7484,78,23,3,0.0,0.0,0.0,0.0,0.43936213850975037,False,False,0.0,0.0,0.0,[],0.0,0.0,0,0.0,0,1.7499999955816747e-06
mlp_aco,10,7484,78,23,4,0.0,0.0,0.0,0.0,0.20313307642936707,False,False,0.0,0.0,0.0,[],0.0,0.0,0,0.0,0,1.7499999955816747e-06
mlp_aco,10,7485,78,23,1,0.0,101.0,101.0,0.505,0.3257606327533722,False,False,0.0,101.0,0.0,[],0.0,0.0,0,0.0,0,1.7499999955816747e-06
mlp_aco,10,7485,78,23,2,0.0,0.0,0.0,0.0,0.09907747060060501,False,False,0.0,0.0,0.0,[],0.0,0.0,0,0.0,0,1.7499999955816747e-06
mlp_aco,10,7485,78,23,3,0.0,0.0,0.0,0.0,0.43936213850975037,False,False,0.0,0.0,0.0,[],0.0,0.0,0,0.0,0,1.7499999955816747e-06
mlp_aco,10,7485,78,23,4,0.0,0.0,0.0,0.0,0.20313307642936707,False,False,0.0,0.0,0.0,[],0.0,0.0,0,0.0,0,1.7499999955816747e-06
mlp_aco,10,7486,78,23,1,0.0,101.0,101.0,0.505,0.3257606327533722,False,False,0.0,101.0,0.0,[],0.0,0.0,0,0.0,0,1.7090000028474606e-06
mlp_aco,10,7486,78,23,2,0.0,0.0,0.0,0.0,0.09907747060060501,False,False,0.0,0.0,0.0,[],0.0,0.0,0,0.0,0,1.7090000028474606e-06
mlp_aco,10,7486,78,23,3,0.0,0.0,0.0,0.0,0.43936213850975037,False,False,0.0,0.0,0.0,[],0.0,0.0,0,0.0,0,1.7090000028474606e-06
mlp_aco,10,7486,78,23,4,0.0,0.0,0.0,0.0,0.20313307642936707,False,False,0.0,0.0,0.0,[],0.0,0.0,0,0.0,0,1.7090000028474606e-06
mlp_aco,10,7487,78,23,1,0.0,101.0,101.0,0.505,0.3257606327533722,False,False,0.0,101.0,0.0,[],0.0,0.0,0,0.0,0,1.7920000061621977e-06
mlp_aco,10,7487,78,23,2,0.0,0.0,0.0,0.0,0.09907747060060501,False,False,0.0,0.0,0.0,[],0.0,0.0,0,0.0,0,1.7920000061621977e-06
mlp_aco,10,7487,78,23,3,0.0,0.0,0.0,0.0,0.43936213850975037,False,False,0.0,0.0,0.0,[],0.0,0.0,0,0.0,0,1.7920000061621977e-06
mlp_aco,10,7487,78,23,4,0.0,0.0,0.0,0.0,0.20313307642936707,False,False,0.0,0.0,0.0,[],0.0,0.0,0,0.0,0,1.7920000061621977e-06
mlp_aco,10,7488,79,0,1,42.0,101.0,143.0,0.715,0.9999993443489075,True,True,30.0,113.0,0.0,[1],10.0,10.0,1,10.0,0,0.009116750000004004
mlp_aco,10,7488,79,0,2,0.0,0.0,0.0,0.0,0.09907747060060501,False,False,0.0,0.0,0.0,[],10.0,10.0,1,10.0,0,0.009116750000004004
mlp_aco,10,7488,79,0,3,0.0,0.0,0.0,0.0,0.43936213850975037,False,False,0.0,0.0,0.0,[],10.0,10.0,1,10.0,0,0.009116750000004004
mlp_aco,10,7488,79,0,4,0.0,0.0,0.0,0.0,0.20313307642936707,False,False,0.0,0.0,0.0,[],10.0,10.0,1,10.0,0,0.009116750000004004
mlp_aco,10,7489,79,0,1,42.0,113.0,155.0,0.775,0.9999999403953552,True,True,30.0,125.0,0.0,[1],10.0,10.0,1,10.0,0,0.008997542000003023
mlp_aco,10,7489,79,0,2,0.0,0.0,0.0,0.0,0.09907747060060501,False,False,0.0,0.0,0.0,[],10.0,10.0,1,10.0,0,0.008997542000003023
mlp_aco,10,7489,79,0,3,0.0,0.0,0.0,0.0,0.43936213850975037,False,False,0.0,0.0,0.0,[],10.0,10.0,1,10.0,0,0.008997542000003023
mlp_aco,10,7489,79,0,4,0.0,0.0,0.0,0.0,0.20313307642936707,False,False,0.0,0.0,0.0,[],10.0,10.0,1,10.0,0,0.008997542000003023
mlp_aco,10,7490,79,0,1,43.0,125.0,168.0,0.84,1.0,True,True,30.0,138.0,0.0,[1],10.0,10.0,1,10.0,0,0.009053917000017009
mlp_aco,10,7490,79,0,2,0.0,0.0,0.0,0.0,0.09907747060060501,False,False,0.0,0.0,0.0,[],10.0,10.0,1,10.0,0,0.009053917000017009
mlp_aco,10,7490,79,0,3,0.0,0.0,0.0,0.0,0.43936213850975037,False,False,0.0,0.0,0.0,[],10.0,10.0,1,10.0,0,0.009053917000017009
mlp_aco,10,7490,79,0,4,0.0,0.0,0.0,0.0,0.20313307642936707,False,False,0.0,0.0,0.0,[],10.0,10.0,1,10.0,0,0.009053917000017009
mlp_aco,10,7491,79,0,1,42.0,138.0,180.0,0.9,1.0,True,True,30.0,150.0,0.0,[1],10.0,10.0,1,10.0,0,0.008811374999993404
mlp_aco,10,7491,79,0,2,0.0,0.0,0.0,0.0,0.09907747060060501,False,False,0.0,0.0,0.0,[],10.0,10.0,1,10.0,0,0.008811374999993404
mlp_aco,10,7491,79,0,3,0.0,0.0,0.0,0.0,0.43936213850975037,False,False,0.0,0.0,0.0,[],10.0,10.0,1,10.0,0,0.008811374999993404
mlp_aco,10,7491,79,0,4,0.0,0.0,0.0,0.0,0.20313307642936707,False,False,0.0,0.0,0.0,[],10.0,10.0,1,10.0,0,0.008811374999993404
mlp_aco,10,7492,79,1,1,44.0,150.0,194.0,0.97,1.0,True,True,30.0,164.0,0.0,[1],10.0,10.0,1,10.0,0,0.00901866699999232
mlp_aco,10,7492,79,1,2,0.0,0.0,0.0,0.0,0.09907747060060501,False,False,0.0,0.0,0.0,[],10.0,10.0,1,10.0,0,0.00901866699999232
mlp_aco,10,7492,79,1,3,0.0,0.0,0.0,0.0,0.43936213850975037,False,False,0.0,0.0,0.0,[],10.0,10.0,1,10.0,0,0.00901866699999232
mlp_aco,10,7492,79,1,4,0.0,0.0,0.0,0.0,0.20313307642936707,False,False,0.0,0.0,0.0,[],10.0,10.0,1,10.0,0,0.00901866699999232
mlp_aco,10,7493,79,1,1,42.0,164.0,206.0,1.03,1.0,True,True,30.0,176.0,0.0,[1],10.0,10.0,1,10.0,0,0.009132040999986657
mlp_aco,10,7493,79,1,2,0.0,0.0,0.0,0.0,0.09907747060060501,False,False,0.0,0.0,0.0,[],10.0,10.0,1,10.0,0,0.009132040999986657
mlp_aco,10,7493,79,1,3,0.0,0.0,0.0,0.0,0.43936213850975037,False,False,0.0,0.0,0.0,[],10.0,10.0,1,10.0,0,0.009132040999986657
mlp_aco,10,7493,79,1,4,0.0,0.0,0.0,0.0,0.20313307642936707,False,False,0.0,0.0,0.0,[],10.0,10.0,1,10.0,0,0.009132040999986657
mlp_aco,10,7494,79,1,1,43.0,176.0,219.0,1.095,1.0,True,True,30.0,189.0,0.0,[1],10.0,10.0,1,10.0,0,0.00914800000001037
mlp_aco,10,7494,79,1,2,0.0,0.0,0.0,0.0,0.09907747060060501,False,False,0.0,0.0,0.0,[],10.0,10.0,1,10.0,0,0.00914800000001037
mlp_aco,10,7494,79,1,3,0.0,0.0,0.0,0.0,0.43936213850975037,False,False,0.0,0.0,0.0,[],10.0,10.0,1,10.0,0,0.00914800000001037
mlp_aco,10,7494,79,1,4,0.0,0.0,0.0,0.0,0.20313307642936707,False,False,0.0,0.0,0.0,[],10.0,10.0,1,10.0,0,0.00914800000001037
mlp_aco,10,7495,79,1,1,42.0,189.0,231.0,1.155,1.0,True,True,30.0,200.0,1.0,[1],10.0,10.0,1,10.0,0,0.009044791999997415
mlp_aco,10,7495,79,1,2,0.0,0.0,0.0,0.0,0.09907747060060501,False,False,0.0,0.0,0.0,[],10.0,10.0,1,10.0,0,0.009044791999997415
mlp_aco,10,7495,79,1,3,0.0,0.0,0.0,0.0,0.43936213850975037,False,False,0.0,0.0,0.0,[],10.0,10.0,1,10.0,0,0.009044791999997415
mlp_aco,10,7495,79,1,4,0.0,0.0,0.0,0.0,0.20313307642936707,False,False,0.0,0.0,0.0,[],10.0,10.0,1,10.0,0,0.009044791999997415
mlp_aco,10,7496,79,2,1,44.0,200.0,244.0,1.22,1.0,True,True,30.0,200.0,14.0,[1],10.0,10.0,1,10.0,0,0.008931291999999758
mlp_aco,10,7496,79,2,2,0.0,0.0,0.0,0.0,0.09907747060060501,False,False,0.0,0.0,0.0,[],10.0,10.0,1,10.0,0,0.008931291999999758
mlp_aco,10,7496,79,2,3,0.0,0.0,0.0,0.0,0.43936213850975037,False,False,0.0,0.0,0.0,[],10.0,10.0,1,10.0,0,0.008931291999999758
mlp_aco,10,7496,79,2,4,0.0,0.0,0.0,0.0,0.20313307642936707,False,False,0.0,0.0,0.0,[],10.0,10.0,1,10.0,0,0.008931291999999758
mlp_aco,10,7497,79,2,1,43.0,200.0,243.0,1.215,1.0,True,True,30.0,200.0,13.0,[1],10.0,10.0,1,10.0,0,0.008963540999985753
mlp_aco,10,7497,79,2,2,0.0,0.0,0.0,0.0,0.09907747060060501,False,False,0.0,0.0,0.0,[],10.0,10.0,1,10.0,0,0.008963540999985753
mlp_aco,10,7497,79,2,3,0.0,0.0,0.0,0.0,0.43936213850975037,False,False,0.0,0.0,0.0,[],10.0,10.0,1,10.0,0,0.008963540999985753
mlp_aco,10,7497,79,2,4,0.0,0.0,0.0,0.0,0.20313307642936707,False,False,0.0,0.0,0.0,[],10.0,10.0,1,10.0,0,0.008963540999985753
mlp_aco,10,7498,79,2,1,43.0,200.0,243.0,1.215,1.0,True,True,30.0,200.0,13.0,[1],10.0,10.0,1,10.0,0,0.008857250000005479
mlp_aco,10,7498,79,2,2,0.0,0.0,0.0,0.0,0.09907747060060501,False,False,0.0,0.0,0.0,[],10.0,10.0,1,10.0,0,0.008857250000005479
mlp_aco,10,7498,79,2,3,0.0,0.0,0.0,0.0,0.43936213850975037,False,False,0.0,0.0,0.0,[],10.0,10.0,1,10.0,0,0.008857250000005479
mlp_aco,10,7498,79,2,4,0.0,0.0,0.0,0.0,0.20313307642936707,False,False,0.0,0.0,0.0,[],10.0,10.0,1,10.0,0,0.008857250000005479
mlp_aco,10,7499,79,2,1,42.0,200.0,242.0,1.21,1.0,True,True,30.0,200.0,12.0,[1],10.0,10.0,1,10.0,0,0.00886800000000676
mlp_aco,10,7499,79,2,2,0.0,0.0,0.0,0.0,0.09907747060060501,False,False,0.0,0.0,0.0,[],10.0,10.0,1,10.0,0,0.00886800000000676
mlp_aco,10,7499,79,2,3,0.0,0.0,0.0,0.0,0.43936213850975037,False,False,0.0,0.0,0.0,[],10.0,10.0,1,10.0,0,0.00886800000000676
mlp_aco,10,7499,79,2,4,0.0,0.0,0.0,0.0,0.20313307642936707,False,False,0.0,0.0,0.0,[],10.0,10.0,1,10.0,0,0.00886800000000676
mlp_aco,10,7500,79,3,1,44.0,200.0,244.0,1.22,1.0,True,True,30.0,200.0,14.0,[1],10.0,10.0,1,10.0,0,0.00917824999999084
mlp_aco,10,7500,79,3,2,0.0,0.0,0.0,0.0,0.09907747060060501,False,False,0.0,0.0,0.0,[],10.0,10.0,1,10.0,0,0.00917824999999084
mlp_aco,10,7500,79,3,3,0.0,0.0,0.0,0.0,0.43936213850975037,False,False,0.0,0.0,0.0,[],10.0,10.0,1,10.0,0,0.00917824999999084
mlp_aco,10,7500,79,3,4,0.0,0.0,0.0,0.0,0.20313307642936707,False,False,0.0,0.0,0.0,[],10.0,10.0,1,10.0,0,0.00917824999999084
mlp_aco,10,7501,79,3,1,42.0,200.0,242.0,1.21,1.0,True,True,30.0,200.0,12.0,[1],10.0,10.0,1,10.0,0,0.009073541000020668
mlp_aco,10,7501,79,3,2,0.0,0.0,0.0,0.0,0.09907747060060501,False,False,0.0,0.0,0.0,[],10.0,10.0,1,10.0,0,0.009073541000020668
mlp_aco,10,7501,79,3,3,0.0,0.0,0.0,0.0,0.43936213850975037,False,False,0.0,0.0,0.0,[],10.0,10.0,1,10.0,0,0.009073541000020668
mlp_aco,10,7501,79,3,4,0.0,0.0,0.0,0.0,0.20313307642936707,False,False,0.0,0.0,0.0,[],10.0,10.0,1,10.0,0,0.009073541000020668
mlp_aco,10,7502,79,3,1,42.0,200.0,242.0,1.21,1.0,True,True,30.0,200.0,12.0,[1],10.0,10.0,1,10.0,0,0.009162000000003445
mlp_aco,10,7502,79,3,2,0.0,0.0,0.0,0.0,0.09907747060060501,False,False,0.0,0.0,0.0,[],10.0,10.0,1,10.0,0,0.009162000000003445
mlp_aco,10,7502,79,3,3,0.0,0.0,0.0,0.0,0.43936213850975037,False,False,0.0,0.0,0.0,[],10.0,10.0,1,10.0,0,0.009162000000003445
mlp_aco,10,7502,79,3,4,0.0,0.0,0.0,0.0,0.20313307642936707,False,False,0.0,0.0,0.0,[],10.0,10.0,1,10.0,0,0.009162000000003445
mlp_aco,10,7503,79,3,1,43.0,200.0,243.0,1.215,1.0,True,True,30.0,200.0,13.0,[1],10.0,10.0,1,10.0,0,0.009025500000007014
mlp_aco,10,7503,79,3,2,0.0,0.0,0.0,0.0,0.09907747060060501,False,False,0.0,0.0,0.0,[],10.0,10.0,1,10.0,0,0.009025500000007014
mlp_aco,10,7503,79,3,3,0.0,0.0,0.0,0.0,0.43936213850975037,False,False,0.0,0.0,0.0,[],10.0,10.0,1,10.0,0,0.009025500000007014
mlp_aco,10,7503,79,3,4,0.0,0.0,0.0,0.0,0.20313307642936707,False,False,0.0,0.0,0.0,[],10.0,10.0,1,10.0,0,0.009025500000007014
mlp_aco,10,7504,79,4,1,42.0,200.0,242.0,1.21,1.0,True,True,30.0,200.0,12.0,[1],10.0,10.0,1,10.0,0,0.008946083000012095
mlp_aco,10,7504,79,4,2,0.0,0.0,0.0,0.0,0.09907747060060501,False,False,0.0,0.0,0.0,[],10.0,10.0,1,10.0,0,0.008946083000012095
mlp_aco,10,7504,79,4,3,0.0,0.0,0.0,0.0,0.43936213850975037,False,False,0.0,0.0,0.0,[],10.0,10.0,1,10.0,0,0.008946083000012095
mlp_aco,10,7504,79,4,4,0.0,0.0,0.0,0.0,0.20313307642936707,False,False,0.0,0.0,0.0,[],10.0,10.0,1,10.0,0,0.008946083000012095
mlp_aco,10,7505,79,4,1,43.0,200.0,243.0,1.215,1.0,True,True,30.0,200.0,13.0,[1],10.0,10.0,1,10.0,0,0.008814040999993722
mlp_aco,10,7505,79,4,2,0.0,0.0,0.0,0.0,0.09907747060060501,False,False,0.0,0.0,0.0,[],10.0,10.0,1,10.0,0,0.008814040999993722
mlp_aco,10,7505,79,4,3,0.0,0.0,0.0,0.0,0.43936213850975037,False,False,0.0,0.0,0.0,[],10.0,10.0,1,10.0,0,0.008814040999993722
mlp_aco,10,7505,79,4,4,0.0,0.0,0.0,0.0,0.20313307642936707,False,False,0.0,0.0,0.0,[],10.0,10.0,1,10.0,0,0.008814040999993722
mlp_aco,10,7506,79,4,1,43.0,200.0,243.0,1.215,1.0,True,True,30.0,200.0,13.0,[1],10.0,10.0,1,10.0,0,0.008779041999986248
mlp_aco,10,7506,79,4,2,0.0,0.0,0.0,0.0,0.09907747060060501,False,False,0.0,0.0,0.0,[],10.0,10.0,1,10.0,0,0.008779041999986248
mlp_aco,10,7506,79,4,3,0.0,0.0,0.0,0.0,0.43936213850975037,False,False,0.0,0.0,0.0,[],10.0,10.0,1,10.0,0,0.008779041999986248
mlp_aco,10,7506,79,4,4,0.0,0.0,0.0,0.0,0.20313307642936707,False,False,0.0,0.0,0.0,[],10.0,10.0,1,10.0,0,0.008779041999986248
mlp_aco,10,7507,79,4,1,43.0,200.0,243.0,1.215,1.0,True,True,30.0,200.0,13.0,[1],10.0,10.0,1,10.0,0,0.009102459000018825
mlp_aco,10,7507,79,4,2,0.0,0.0,0.0,0.0,0.09907747060060501,False,False,0.0,0.0,0.0,[],10.0,10.0,1,10.0,0,0.009102459000018825
mlp_aco,10,7507,79,4,3,0.0,0.0,0.0,0.0,0.43936213850975037,False,False,0.0,0.0,0.0,[],10.0,10.0,1,10.0,0,0.009102459000018825
mlp_aco,10,7507,79,4,4,0.0,0.0,0.0,0.0,0.20313307642936707,False,False,0.0,0.0,0.0,[],10.0,10.0,1,10.0,0,0.009102459000018825
mlp_aco,10,7508,79,5,1,42.0,200.0,242.0,1.21,1.0,True,True,30.0,200.0,12.0,[1],10.0,10.0,1,10.0,0,0.00909666699999434
mlp_aco,10,7508,79,5,2,0.0,0.0,0.0,0.0,0.09907747060060501,False,False,0.0,0.0,0.0,[],10.0,10.0,1,10.0,0,0.00909666699999434
mlp_aco,10,7508,79,5,3,0.0,0.0,0.0,0.0,0.43936213850975037,False,False,0.0,0.0,0.0,[],10.0,10.0,1,10.0,0,0.00909666699999434
mlp_aco,10,7508,79,5,4,0.0,0.0,0.0,0.0,0.20313307642936707,False,False,0.0,0.0,0.0,[],10.0,10.0,1,10.0,0,0.00909666699999434
mlp_aco,10,7509,79,5,1,43.0,200.0,243.0,1.215,1.0,True,True,30.0,200.0,13.0,[1],10.0,10.0,1,10.0,0,0.009166291000013871
mlp_aco,10,7509,79,5,2,0.0,0.0,0.0,0.0,0.09907747060060501,False,False,0.0,0.0,0.0,[],10.0,10.0,1,10.0,0,0.009166291000013871
mlp_aco,10,7509,79,5,3,0.0,0.0,0.0,0.0,0.43936213850975037,False,False,0.0,0.0,0.0,[],10.0,10.0,1,10.0,0,0.009166291000013871
mlp_aco,10,7509,79,5,4,0.0,0.0,0.0,0.0,0.20313307642936707,False,False,0.0,0.0,0.0,[],10.0,10.0,1,10.0,0,0.009166291000013871
mlp_aco,10,7510,79,5,1,42.0,200.0,242.0,1.21,1.0,True,True,30.0,200.0,12.0,[1],10.0,10.0,1,10.0,0,0.009055165999996007
mlp_aco,10,7510,79,5,2,0.0,0.0,0.0,0.0,0.09907747060060501,False,False,0.0,0.0,0.0,[],10.0,10.0,1,10.0,0,0.009055165999996007
mlp_aco,10,7510,79,5,3,0.0,0.0,0.0,0.0,0.43936213850975037,False,False,0.0,0.0,0.0,[],10.0,10.0,1,10.0,0,0.009055165999996007
mlp_aco,10,7510,79,5,4,0.0,0.0,0.0,0.0,0.20313307642936707,False,False,0.0,0.0,0.0,[],10.0,10.0,1,10.0,0,0.009055165999996007
mlp_aco,10,7511,79,5,1,43.0,200.0,243.0,1.215,1.0,True,True,30.0,200.0,13.0,[1],10.0,10.0,1,10.0,0,0.008945457999999462
mlp_aco,10,7511,79,5,2,0.0,0.0,0.0,0.0,0.09907747060060501,False,False,0.0,0.0,0.0,[],10.0,10.0,1,10.0,0,0.008945457999999462
mlp_aco,10,7511,79,5,3,0.0,0.0,0.0,0.0,0.43936213850975037,False,False,0.0,0.0,0.0,[],10.0,10.0,1,10.0,0,0.008945457999999462
mlp_aco,10,7511,79,5,4,0.0,0.0,0.0,0.0,0.20313307642936707,False,False,0.0,0.0,0.0,[],10.0,10.0,1,10.0,0,0.008945457999999462
mlp_aco,10,7512,79,6,1,41.0,200.0,241.0,1.205,1.0,True,True,30.0,200.0,11.0,[1],10.0,10.0,1,10.0,0,0.008898625000000493
mlp_aco,10,7512,79,6,2,0.0,0.0,0.0,0.0,0.09907747060060501,False,False,0.0,0.0,0.0,[],10.0,10.0,1,10.0,0,0.008898625000000493
mlp_aco,10,7512,79,6,3,0.0,0.0,0.0,0.0,0.43936213850975037,False,False,0.0,0.0,0.0,[],10.0,10.0,1,10.0,0,0.008898625000000493
mlp_aco,10,7512,79,6,4,0.0,0.0,0.0,0.0,0.20313307642936707,False,False,0.0,0.0,0.0,[],10.0,10.0,1,10.0,0,0.008898625000000493
mlp_aco,10,7513,79,6,1,43.0,200.0,243.0,1.215,1.0,True,True,30.0,200.0,13.0,[1],10.0,10.0,1,10.0,0,0.00895991699999854
mlp_aco,10,7513,79,6,2,0.0,0.0,0.0,0.0,0.09907747060060501,False,False,0.0,0.0,0.0,[],10.0,10.0,1,10.0,0,0.00895991699999854
mlp_aco,10,7513,79,6,3,0.0,0.0,0.0,0.0,0.43936213850975037,False,False,0.0,0.0,0.0,[],10.0,10.0,1,10.0,0,0.00895991699999854
mlp_aco,10,7513,79,6,4,0.0,0.0,0.0,0.0,0.20313307642936707,False,False,0.0,0.0,0.0,[],10.0,10.0,1,10.0,0,0.00895991699999854
mlp_aco,10,7514,79,6,1,42.0,200.0,242.0,1.21,1.0,True,True,30.0,200.0,12.0,[1],10.0,10.0,1,10.0,0,0.009095666999996865
mlp_aco,10,7514,79,6,2,0.0,0.0,0.0,0.0,0.09907747060060501,False,False,0.0,0.0,0.0,[],10.0,10.0,1,10.0,0,0.009095666999996865
mlp_aco,10,7514,79,6,3,0.0,0.0,0.0,0.0,0.43936213850975037,False,False,0.0,0.0,0.0,[],10.0,10.0,1,10.0,0,0.009095666999996865
mlp_aco,10,7514,79,6,4,0.0,0.0,0.0,0.0,0.20313307642936707,False,False,0.0,0.0,0.0,[],10.0,10.0,1,10.0,0,0.009095666999996865
mlp_aco,10,7515,79,6,1,44.0,200.0,244.0,1.22,1.0,True,True,30.0,200.0,14.0,[1],10.0,10.0,1,10.0,0,0.009138625000019829
mlp_aco,10,7515,79,6,2,0.0,0.0,0.0,0.0,0.09907747060060501,False,False,0.0,0.0,0.0,[],10.0,10.0,1,10.0,0,0.009138625000019829
mlp_aco,10,7515,79,6,3,0.0,0.0,0.0,0.0,0.43936213850975037,False,False,0.0,0.0,0.0,[],10.0,10.0,1,10.0,0,0.009138625000019829
mlp_aco,10,7515,79,6,4,0.0,0.0,0.0,0.0,0.20313307642936707,False,False,0.0,0.0,0.0,[],10.0,10.0,1,10.0,0,0.009138625000019829
mlp_aco,10,7516,79,7,1,43.0,200.0,243.0,1.215,1.0,True,True,30.0,200.0,13.0,[1],10.0,10.0,1,10.0,0,0.008892416999998431
mlp_aco,10,7516,79,7,2,0.0,0.0,0.0,0.0,0.09907747060060501,False,False,0.0,0.0,0.0,[],10.0,10.0,1,10.0,0,0.008892416999998431
mlp_aco,10,7516,79,7,3,0.0,0.0,0.0,0.0,0.43936213850975037,False,False,0.0,0.0,0.0,[],10.0,10.0,1,10.0,0,0.008892416999998431
mlp_aco,10,7516,79,7,4,0.0,0.0,0.0,0.0,0.20313307642936707,False,False,0.0,0.0,0.0,[],10.0,10.0,1,10.0,0,0.008892416999998431
mlp_aco,10,7517,79,7,1,42.0,200.0,242.0,1.21,1.0,True,True,30.0,200.0,12.0,[1],10.0,10.0,1,10.0,0,0.008846666000010828
mlp_aco,10,7517,79,7,2,0.0,0.0,0.0,0.0,0.09907747060060501,False,False,0.0,0.0,0.0,[],10.0,10.0,1,10.0,0,0.008846666000010828
mlp_aco,10,7517,79,7,3,0.0,0.0,0.0,0.0,0.43936213850975037,False,False,0.0,0.0,0.0,[],10.0,10.0,1,10.0,0,0.008846666000010828
mlp_aco,10,7517,79,7,4,0.0,0.0,0.0,0.0,0.20313307642936707,False,False,0.0,0.0,0.0,[],10.0,10.0,1,10.0,0,0.008846666000010828
mlp_aco,10,7518,79,7,1,43.0,200.0,243.0,1.215,1.0,True,True,30.0,200.0,13.0,[1],10.0,10.0,1,10.0,0,0.00912608400000181
mlp_aco,10,7518,79,7,2,0.0,0.0,0.0,0.0,0.09907747060060501,False,False,0.0,0.0,0.0,[],10.0,10.0,1,10.0,0,0.00912608400000181
mlp_aco,10,7518,79,7,3,0.0,0.0,0.0,0.0,0.43936213850975037,False,False,0.0,0.0,0.0,[],10.0,10.0,1,10.0,0,0.00912608400000181
mlp_aco,10,7518,79,7,4,0.0,0.0,0.0,0.0,0.20313307642936707,False,False,0.0,0.0,0.0,[],10.0,10.0,1,10.0,0,0.00912608400000181
mlp_aco,10,7519,79,7,1,41.0,200.0,241.0,1.205,1.0,True,True,30.0,200.0,11.0,[1],10.0,10.0,1,10.0,0,0.008952792000002319
mlp_aco,10,7519,79,7,2,0.0,0.0,0.0,0.0,0.09907747060060501,False,False,0.0,0.0,0.0,[],10.0,10.0,1,10.0,0,0.008952792000002319
mlp_aco,10,7519,79,7,3,0.0,0.0,0.0,0.0,0.43936213850975037,False,False,0.0,0.0,0.0,[],10.0,10.0,1,10.0,0,0.008952792000002319
mlp_aco,10,7519,79,7,4,0.0,0.0,0.0,0.0,0.20313307642936707,False,False,0.0,0.0,0.0,[],10.0,10.0,1,10.0,0,0.008952792000002319
mlp_aco,10,7520,79,8,1,43.0,200.0,243.0,1.215,1.0,True,True,30.0,200.0,13.0,[1],10.0,10.0,1,10.0,0,0.009056000000015274
mlp_aco,10,7520,79,8,2,0.0,0.0,0.0,0.0,0.09907747060060501,False,False,0.0,0.0,0.0,[],10.0,10.0,1,10.0,0,0.009056000000015274
mlp_aco,10,7520,79,8,3,0.0,0.0,0.0,0.0,0.43936213850975037,False,False,0.0,0.0,0.0,[],10.0,10.0,1,10.0,0,0.009056000000015274
mlp_aco,10,7520,79,8,4,0.0,0.0,0.0,0.0,0.20313307642936707,False,False,0.0,0.0,0.0,[],10.0,10.0,1,10.0,0,0.009056000000015274
mlp_aco,10,7521,79,8,1,42.0,200.0,242.0,1.21,1.0,True,True,30.0,200.0,12.0,[1],10.0,10.0,1,10.0,0,0.009116292000015846
mlp_aco,10,7521,79,8,2,0.0,0.0,0.0,0.0,0.09907747060060501,False,False,0.0,0.0,0.0,[],10.0,10.0,1,10.0,0,0.009116292000015846
mlp_aco,10,7521,79,8,3,0.0,0.0,0.0,0.0,0.43936213850975037,False,False,0.0,0.0,0.0,[],10.0,10.0,1,10.0,0,0.009116292000015846
mlp_aco,10,7521,79,8,4,0.0,0.0,0.0,0.0,0.20313307642936707,False,False,0.0,0.0,0.0,[],10.0,10.0,1,10.0,0,0.009116292000015846
mlp_aco,10,7522,79,8,1,43.0,200.0,243.0,1.215,1.0,True,True,30.0,200.0,13.0,[1],10.0,10.0,1,10.0,0,0.00910424999997872
mlp_aco,10,7522,79,8,2,0.0,0.0,0.0,0.0,0.09907747060060501,False,False,0.0,0.0,0.0,[],10.0,10.0,1,10.0,0,0.00910424999997872
mlp_aco,10,7522,79,8,3,0.0,0.0,0.0,0.0,0.43936213850975037,False,False,0.0,0.0,0.0,[],10.0,10.0,1,10.0,0,0.00910424999997872
mlp_aco,10,7522,79,8,4,0.0,0.0,0.0,0.0,0.20313307642936707,False,False,0.0,0.0,0.0,[],10.0,10.0,1,10.0,0,0.00910424999997872
mlp_aco,10,7523,79,8,1,32.0,200.0,232.0,1.16,1.0,True,True,30.0,200.0,2.0,[1],10.0,10.0,1,10.0,0,0.009089750000015329
mlp_aco,10,7523,79,8,2,0.0,0.0,0.0,0.0,0.09907747060060501,False,False,0.0,0.0,0.0,[],10.0,10.0,1,10.0,0,0.009089750000015329
mlp_aco,10,7523,79,8,3,0.0,0.0,0.0,0.0,0.43936213850975037,False,False,0.0,0.0,0.0,[],10.0,10.0,1,10.0,0,0.009089750000015329
mlp_aco,10,7523,79,8,4,0.0,0.0,0.0,0.0,0.20313307642936707,False,False,0.0,0.0,0.0,[],10.0,10.0,1,10.0,0,0.009089750000015329
mlp_aco,10,7524,79,9,1,32.0,200.0,232.0,1.16,1.0,True,True,30.0,200.0,2.0,[1],10.0,10.0,1,10.0,0,0.008813957999990407
mlp_aco,10,7524,79,9,2,0.0,0.0,0.0,0.0,0.09907747060060501,False,False,0.0,0.0,0.0,[],10.0,10.0,1,10.0,0,0.008813957999990407
mlp_aco,10,7524,79,9,3,0.0,0.0,0.0,0.0,0.43936213850975037,False,False,0.0,0.0,0.0,[],10.0,10.0,1,10.0,0,0.008813957999990407
mlp_aco,10,7524,79,9,4,0.0,0.0,0.0,0.0,0.20313307642936707,False,False,0.0,0.0,0.0,[],10.0,10.0,1,10.0,0,0.008813957999990407
mlp_aco,10,7525,79,9,1,31.0,200.0,231.0,1.155,1.0,True,True,30.0,200.0,1.0,[1],10.0,10.0,1,10.0,0,0.008969083000010869
mlp_aco,10,7525,79,9,2,0.0,0.0,0.0,0.0,0.09907747060060501,False,False,0.0,0.0,0.0,[],10.0,10.0,1,10.0,0,0.008969083000010869
mlp_aco,10,7525,79,9,3,0.0,0.0,0.0,0.0,0.43936213850975037,False,False,0.0,0.0,0.0,[],10.0,10.0,1,10.0,0,0.008969083000010869
mlp_aco,10,7525,79,9,4,0.0,0.0,0.0,0.0,0.20313307642936707,False,False,0.0,0.0,0.0,[],10.0,10.0,1,10.0,0,0.008969083000010869
mlp_aco,10,7526,79,9,1,31.0,200.0,231.0,1.155,1.0,True,True,30.0,200.0,1.0,[1],10.0,10.0,1,10.0,0,0.009018333000000212
mlp_aco,10,7526,79,9,2,0.0,0.0,0.0,0.0,0.09907747060060501,False,False,0.0,0.0,0.0,[],10.0,10.0,1,10.0,0,0.009018333000000212
mlp_aco,10,7526,79,9,3,0.0,0.0,0.0,0.0,0.43936213850975037,False,False,0.0,0.0,0.0,[],10.0,10.0,1,10.0,0,0.009018333000000212
mlp_aco,10,7526,79,9,4,0.0,0.0,0.0,0.0,0.20313307642936707,False,False,0.0,0.0,0.0,[],10.0,10.0,1,10.0,0,0.009018333000000212
mlp_aco,10,7527,79,9,1,31.0,200.0,231.0,1.155,1.0,True,True,30.0,200.0,1.0,[1],10.0,10.0,1,10.0,0,0.00895558299998811
mlp_aco,10,7527,79,9,2,0.0,0.0,0.0,0.0,0.09907747060060501,False,False,0.0,0.0,0.0,[],10.0,10.0,1,10.0,0,0.00895558299998811
mlp_aco,10,7527,79,9,3,0.0,0.0,0.0,0.0,0.43936213850975037,False,False,0.0,0.0,0.0,[],10.0,10.0,1,10.0,0,0.00895558299998811
mlp_aco,10,7527,79,9,4,0.0,0.0,0.0,0.0,0.20313307642936707,False,False,0.0,0.0,0.0,[],10.0,10.0,1,10.0,0,0.00895558299998811
mlp_aco,10,7528,79,10,1,30.0,200.0,230.0,1.15,1.0,True,True,30.0,200.0,0.0,[1],10.0,10.0,1,10.0,0,0.009149333000010529
mlp_aco,10,7528,79,10,2,0.0,0.0,0.0,0.0,0.09907747060060501,False,False,0.0,0.0,0.0,[],10.0,10.0,1,10.0,0,0.009149333000010529
mlp_aco,10,7528,79,10,3,0.0,0.0,0.0,0.0,0.43936213850975037,False,False,0.0,0.0,0.0,[],10.0,10.0,1,10.0,0,0.009149333000010529
mlp_aco,10,7528,79,10,4,0.0,0.0,0.0,0.0,0.20313307642936707,False,False,0.0,0.0,0.0,[],10.0,10.0,1,10.0,0,0.009149333000010529
mlp_aco,10,7529,79,10,1,30.0,200.0,230.0,1.15,1.0,True,True,30.0,200.0,0.0,[1],10.0,10.0,1,10.0,0,0.009103875000022299
mlp_aco,10,7529,79,10,2,0.0,0.0,0.0,0.0,0.09907747060060501,False,False,0.0,0.0,0.0,[],10.0,10.0,1,10.0,0,0.009103875000022299
mlp_aco,10,7529,79,10,3,0.0,0.0,0.0,0.0,0.43936213850975037,False,False,0.0,0.0,0.0,[],10.0,10.0,1,10.0,0,0.009103875000022299
mlp_aco,10,7529,79,10,4,0.0,0.0,0.0,0.0,0.20313307642936707,False,False,0.0,0.0,0.0,[],10.0,10.0,1,10.0,0,0.009103875000022299
mlp_aco,10,7530,79,10,1,20.0,200.0,220.0,1.1,1.0,True,True,30.0,190.0,0.0,[1],10.0,10.0,1,10.0,0,0.009152124999985745
mlp_aco,10,7530,79,10,2,0.0,0.0,0.0,0.0,0.09907747060060501,False,False,0.0,0.0,0.0,[],10.0,10.0,1,10.0,0,0.009152124999985745
mlp_aco,10,7530,79,10,3,0.0,0.0,0.0,0.0,0.43936213850975037,False,False,0.0,0.0,0.0,[],10.0,10.0,1,10.0,0,0.009152124999985745
mlp_aco,10,7530,79,10,4,0.0,0.0,0.0,0.0,0.20313307642936707,False,False,0.0,0.0,0.0,[],10.0,10.0,1,10.0,0,0.009152124999985745
mlp_aco,10,7531,79,10,1,12.0,190.0,202.0,1.01,1.0,True,True,30.0,172.0,0.0,[1],10.0,10.0,1,10.0,0,0.008899708000001283
mlp_aco,10,7531,79,10,2,0.0,0.0,0.0,0.0,0.09907747060060501,False,False,0.0,0.0,0.0,[],10.0,10.0,1,10.0,0,0.008899708000001283
mlp_aco,10,7531,79,10,3,0.0,0.0,0.0,0.0,0.43936213850975037,False,False,0.0,0.0,0.0,[],10.0,10.0,1,10.0,0,0.008899708000001283
mlp_aco,10,7531,79,10,4,0.0,0.0,0.0,0.0,0.20313307642936707,False,False,0.0,0.0,0.0,[],10.0,10.0,1,10.0,0,0.008899708000001283
mlp_aco,10,7532,79,11,1,8.0,172.0,180.0,0.9,0.9999802112579346,True,True,30.0,150.0,0.0,[1],10.0,10.0,1,10.0,0,0.009092750000007754
mlp_aco,10,7532,79,11,2,0.0,0.0,0.0,0.0,0.09907747060060501,False,False,0.0,0.0,0.0,[],10.0,10.0,1,10.0,0,0.009092750000007754
mlp_aco,10,7532,79,11,3,0.0,0.0,0.0,0.0,0.43936213850975037,False,False,0.0,0.0,0.0,[],10.0,10.0,1,10.0,0,0.009092750000007754
mlp_aco,10,7532,79,11,4,0.0,0.0,0.0,0.0,0.20313307642936707,False,False,0.0,0.0,0.0,[],10.0,10.0,1,10.0,0,0.009092750000007754
mlp_aco,10,7533,79,11,1,8.0,150.0,158.0,0.79,0.992289662361145,True,True,30.0,128.0,0.0,[1],10.0,10.0,1,10.0,0,0.008980500000006941
mlp_aco,10,7533,79,11,2,0.0,0.0,0.0,0.0,0.09907747060060501,False,False,0.0,0.0,0.0,[],10.0,10.0,1,10.0,0,0.008980500000006941
mlp_aco,10,7533,79,11,3,0.0,0.0,0.0,0.0,0.43936213850975037,False,False,0.0,0.0,0.0,[],10.0,10.0,1,10.0,0,0.008980500000006941
mlp_aco,10,7533,79,11,4,0.0,0.0,0.0,0.0,0.20313307642936707,False,False,0.0,0.0,0.0,[],10.0,10.0,1,10.0,0,0.008980500000006941
mlp_aco,10,7534,79,11,1,8.0,128.0,136.0,0.68,0.8931602835655212,True,True,30.0,106.0,0.0,[1],10.0,10.0,1,10.0,0,0.008906416000002082
mlp_aco,10,7534,79,11,2,0.0,0.0,0.0,0.0,0.09907747060060501,False,False,0.0,0.0,0.0,[],10.0,10.0,1,10.0,0,0.008906416000002082
mlp_aco,10,7534,79,11,3,0.0,0.0,0.0,0.0,0.43936213850975037,False,False,0.0,0.0,0.0,[],10.0,10.0,1,10.0,0,0.008906416000002082
mlp_aco,10,7534,79,11,4,0.0,0.0,0.0,0.0,0.20313307642936707,False,False,0.0,0.0,0.0,[],10.0,10.0,1,10.0,0,0.008906416000002082
mlp_aco,10,7535,79,11,1,8.0,106.0,114.0,0.57,0.5570805668830872,False,False,0.0,114.0,0.0,[],0.0,0.0,0,0.0,0,1.9590000022162712e-06
mlp_aco,10,7535,79,11,2,0.0,0.0,0.0,0.0,0.09907747060060501,False,False,0.0,0.0,0.0,[],0.0,0.0,0,0.0,0,1.9590000022162712e-06
mlp_aco,10,7535,79,11,3,0.0,0.0,0.0,0.0,0.43936213850975037,False,False,0.0,0.0,0.0,[],0.0,0.0,0,0.0,0,1.9590000022162712e-06
mlp_aco,10,7535,79,11,4,0.0,0.0,0.0,0.0,0.20313307642936707,False,False,0.0,0.0,0.0,[],0.0,0.0,0,0.0,0,1.9590000022162712e-06
mlp_aco,10,7536,79,12,1,8.0,114.0,122.0,0.61,0.6999236941337585,False,False,0.0,122.0,0.0,[],0.0,0.0,0,0.0,0,1.7499999955816747e-06
mlp_aco,10,7536,79,12,2,0.0,0.0,0.0,0.0,0.09907747060060501,False,False,0.0,0.0,0.0,[],0.0,0.0,0,0.0,0,1.7499999955816747e-06
mlp_aco,10,7536,79,12,3,0.0,0.0,0.0,0.0,0.43936213850975037,False,False,0.0,0.0,0.0,[],0.0,0.0,0,0.0,0,1.7499999955816747e-06
mlp_aco,10,7536,79,12,4,0.0,0.0,0.0,0.0,0.20313307642936707,False,False,0.0,0.0,0.0,[],0.0,0.0,0,0.0,0,1.7499999955816747e-06
mlp_aco,10,7537,79,12,1,8.0,122.0,130.0,0.65,0.823267936706543,True,True,30.0,100.0,0.0,[1],10.0,10.0,1,10.0,0,0.00906833299998766
mlp_aco,10,7537,79,12,2,0.0,0.0,0.0,0.0,0.09907747060060501,False,False,0.0,0.0,0.0,[],10.0,10.0,1,10.0,0,0.00906833299998766
mlp_aco,10,7537,79,12,3,0.0,0.0,0.0,0.0,0.43936213850975037,False,False,0.0,0.0,0.0,[],10.0,10.0,1,10.0,0,0.00906833299998766
mlp_aco,10,7537,79,12,4,0.0,0.0,0.0,0.0,0.20313307642936707,False,False,0.0,0.0,0.0,[],10.0,10.0,1,10.0,0,0.00906833299998766
mlp_aco,10,7538,79,12,1,8.0,100.0,108.0,0.54,0.4701147973537445,False,False,0.0,108.0,0.0,[],0.0,0.0,0,0.0,0,1.9169999916357483e-06
mlp_aco,10,7538,79,12,2,0.0,0.0,0.0,0.0,0.09907747060060501,False,False,0.0,0.0,0.0,[],0.0,0.0,0,0.0,0,1.9169999916357483e-06
mlp_aco,10,7538,79,12,3,0.0,0.0,0.0,0.0,0.43936213850975037,False,False,0.0,0.0,0.0,[],0.0,0.0,0,0.0,0,1.9169999916357483e-06
mlp_aco,10,7538,79,12,4,0.0,0.0,0.0,0.0,0.20313307642936707,False,False,0.0,0.0,0.0,[],0.0,0.0,0,0.0,0,1.9169999916357483e-06
mlp_aco,10,7539,79,12,1,8.0,108.0,116.0,0.58,0.5924818515777588,False,False,0.0,116.0,0.0,[],0.0,0.0,0,0.0,0,1.7499999955816747e-06
mlp_aco,10,7539,79,12,2,0.0,0.0,0.0,0.0,0.09907747060060501,False,False,0.0,0.0,0.0,[],0.0,0.0,0,0.0,0,1.7499999955816747e-06
mlp_aco,10,7539,79,12,3,0.0,0.0,0.0,0.0,0.43936213850975037,False,False,0.0,0.0,0.0,[],0.0,0.0,0,0.0,0,1.7499999955816747e-06
mlp_aco,10,7539,79,12,4,0.0,0.0,0.0,0.0,0.20313307642936707,False,False,0.0,0.0,0.0,[],0.0,0.0,0,0.0,0,1.7499999955816747e-06
mlp_aco,10,7540,79,13,1,8.0,116.0,124.0,0.62,0.7342019081115723,True,True,30.0,94.0,0.0,[1],10.0,10.0,1,10.0,0,0.009026249999976699
mlp_aco,10,7540,79,13,2,0.0,0.0,0.0,0.0,0.09907747060060501,False,False,0.0,0.0,0.0,[],10.0,10.0,1,10.0,0,0.009026249999976699
mlp_aco,10,7540,79,13,3,0.0,0.0,0.0,0.0,0.43936213850975037,False,False,0.0,0.0,0.0,[],10.0,10.0,1,10.0,0,0.009026249999976699
mlp_aco,10,7540,79,13,4,0.0,0.0,0.0,0.0,0.20313307642936707,False,False,0.0,0.0,0.0,[],10.0,10.0,1,10.0,0,0.009026249999976699
mlp_aco,10,7541,79,13,1,8.0,94.0,102.0,0.51,0.4146682620048523,False,False,0.0,102.0,0.0,[],0.0,0.0,0,0.0,0,1.790999988315889e-06
mlp_aco,10,7541,79,13,2,0.0,0.0,0.0,0.0,0.09907747060060501,False,False,0.0,0.0,0.0,[],0.0,0.0,0,0.0,0,1.790999988315889e-06
mlp_aco,10,7541,79,13,3,0.0,0.0,0.0,0.0,0.43936213850975037,False,False,0.0,0.0,0.0,[],0.0,0.0,0,0.0,0,1.790999988315889e-06
mlp_aco,10,7541,79,13,4,0.0,0.0,0.0,0.0,0.20313307642936707,False,False,0.0,0.0,0.0,[],0.0,0.0,0,0.0,0,1.790999988315889e-06
mlp_aco,10,7542,79,13,1,8.0,102.0,110.0,0.55,0.49496084451675415,False,False,0.0,110.0,0.0,[],0.0,0.0,0,0.0,0,1.7090000028474606e-06
mlp_aco,10,7542,79,13,2,0.0,0.0,0.0,0.0,0.09907747060060501,False,False,0.0,0.0,0.0,[],0.0,0.0,0,0.0,0,1.7090000028474606e-06
mlp_aco,10,7542,79,13,3,0.0,0.0,0.0,0.0,0.43936213850975037,False,False,0.0,0.0,0.0,[],0.0,0.0,0,0.0,0,1.7090000028474606e-06
mlp_aco,10,7542,79,13,4,0.0,0.0,0.0,0.0,0.20313307642936707,False,False,0.0,0.0,0.0,[],0.0,0.0,0,0.0,0,1.7090000028474606e-06
mlp_aco,10,7543,79,13,1,8.0,110.0,118.0,0.59,0.6289581060409546,False,False,0.0,118.0,0.0,[],0.0,0.0,0,0.0,0,1.6660000028423383e-06
mlp_aco,10,7543,79,13,2,0.0,0.0,0.0,0.0,0.09907747060060501,False,False,0.0,0.0,0.0,[],0.0,0.0,0,0.0,0,1.6660000028423383e-06
mlp_aco,10,7543,79,13,3,0.0,0.0,0.0,0.0,0.43936213850975037,False,False,0.0,0.0,0.0,[],0.0,0.0,0,0.0,0,1.6660000028423383e-06
mlp_aco,10,7543,79,13,4,0.0,0.0,0.0,0.0,0.20313307642936707,False,False,0.0,0.0,0.0,[],0.0,0.0,0,0.0,0,1.6660000028423383e-06
mlp_aco,10,7544,79,14,1,9.0,118.0,127.0,0.635,0.8397466540336609,True,True,30.0,97.0,0.0,[1],10.0,10.0,1,10.0,0,0.008882959000004576
mlp_aco,10,7544,79,14,2,0.0,0.0,0.0,0.0,0.09907747060060501,False,False,0.0,0.0,0.0,[],10.0,10.0,1,10.0,0,0.008882959000004576
mlp_aco,10,7544,79,14,3,0.0,0.0,0.0,0.0,0.43936213850975037,False,False,0.0,0.0,0.0,[],10.0,10.0,1,10.0,0,0.008882959000004576
mlp_aco,10,7544,79,14,4,0.0,0.0,0.0,0.0,0.20313307642936707,False,False,0.0,0.0,0.0,[],10.0,10.0,1,10.0,0,0.008882959000004576
mlp_aco,10,7545,79,14,1,8.0,97.0,105.0,0.525,0.43291643261909485,False,False,0.0,105.0,0.0,[],0.0,0.0,0,0.0,0,1.8339999883210112e-06
mlp_aco,10,7545,79,14,2,0.0,0.0,0.0,0.0,0.09907747060060501,False,False,0.0,0.0,0.0,[],0.0,0.0,0,0.0,0,1.8339999883210112e-06
mlp_aco,10,7545,79,14,3,0.0,0.0,0.0,0.0,0.43936213850975037,False,False,0.0,0.0,0.0,[],0.0,0.0,0,0.0,0,1.8339999883210112e-06
mlp_aco,10,7545,79,14,4,0.0,0.0,0.0,0.0,0.20313307642936707,False,False,0.0,0.0,0.0,[],0.0,0.0,0,0.0,0,1.8339999883210112e-06
mlp_aco,10,7546,79,14,1,8.0,105.0,113.0,0.565,0.5303350687026978,False,False,0.0,113.0,0.0,[],0.0,0.0,0,0.0,0,1.8329999988964119e-06
mlp_aco,10,7546,79,14,2,0.0,0.0,0.0,0.0,0.09907747060060501,False,False,0.0,0.0,0.0,[],0.0,0.0,0,0.0,0,1.8329999988964119e-06
mlp_aco,10,7546,79,14,3,0.0,0.0,0.0,0.0,0.43936213850975037,False,False,0.0,0.0,0.0,[],0.0,0.0,0,0.0,0,1.8329999988964119e-06
mlp_aco,10,7546,79,14,4,0.0,0.0,0.0,0.0,0.20313307642936707,False,False,0.0,0.0,0.0,[],0.0,0.0,0,0.0,0,1.8329999988964119e-06
mlp_aco,10,7547,79,14,1,8.0,113.0,121.0,0.605,0.6760256290435791,False,False,0.0,121.0,0.0,[],0.0,0.0,0,0.0,0,1.7499999955816747e-06
mlp_aco,10,7547,79,14,2,0.0,0.0,0.0,0.0,0.09907747060060501,False,False,0.0,0.0,0.0,[],0.0,0.0,0,0.0,0,1.7499999955816747e-06
mlp_aco,10,7547,79,14,3,0.0,0.0,0.0,0.0,0.43936213850975037,False,False,0.0,0.0,0.0,[],0.0,0.0,0,0.0,0,1.7499999955816747e-06
mlp_aco,10,7547,79,14,4,0.0,0.0,0.0,0.0,0.20313307642936707,False,False,0.0,0.0,0.0,[],0.0,0.0,0,0.0,0,1.7499999955816747e-06
mlp_aco,10,7548,79,15,1,0.0,121.0,121.0,0.605,0.19937342405319214,False,False,0.0,121.0,0.0,[],0.0,0.0,0,0.0,0,1.8340000167427206e-06
mlp_aco,10,7548,79,15,2,0.0,0.0,0.0,0.0,0.09907747060060501,False,False,0.0,0.0,0.0,[],0.0,0.0,0,0.0,0,1.8340000167427206e-06
mlp_aco,10,7548,79,15,3,0.0,0.0,0.0,0.0,0.43936213850975037,False,False,0.0,0.0,0.0,[],0.0,0.0,0,0.0,0,1.8340000167427206e-06
mlp_aco,10,7548,79,15,4,0.0,0.0,0.0,0.0,0.20313307642936707,False,False,0.0,0.0,0.0,[],0.0,0.0,0,0.0,0,1.8340000167427206e-06
mlp_aco,10,7549,79,15,1,0.0,121.0,121.0,0.605,0.2441699355840683,False,False,0.0,121.0,0.0,[],0.0,0.0,0,0.0,0,1.8329999988964119e-06
mlp_aco,10,7549,79,15,2,0.0,0.0,0.0,0.0,0.09907747060060501,False,False,0.0,0.0,0.0,[],0.0,0.0,0,0.0,0,1.8329999988964119e-06
mlp_aco,10,7549,79,15,3,0.0,0.0,0.0,0.0,0.43936213850975037,False,False,0.0,0.0,0.0,[],0.0,0.0,0,0.0,0,1.8329999988964119e-06
mlp_aco,10,7549,79,15,4,0.0,0.0,0.0,0.0,0.20313307642936707,False,False,0.0,0.0,0.0,[],0.0,0.0,0,0.0,0,1.8329999988964119e-06
mlp_aco,10,7550,79,15,1,0.0,121.0,121.0,0.605,0.3050183057785034,False,False,0.0,121.0,0.0,[],0.0,0.0,0,0.0,0,1.7499999955816747e-06
mlp_aco,10,7550,79,15,2,0.0,0.0,0.0,0.0,0.09907747060060501,False,False,0.0,0.0,0.0,[],0.0,0.0,0,0.0,0,1.7499999955816747e-06
mlp_aco,10,7550,79,15,3,0.0,0.0,0.0,0.0,0.43936213850975037,False,False,0.0,0.0,0.0,[],0.0,0.0,0,0.0,0,1.7499999955816747e-06
mlp_aco,10,7550,79,15,4,0.0,0.0,0.0,0.0,0.20313307642936707,False,False,0.0,0.0,0.0,[],0.0,0.0,0,0.0,0,1.7499999955816747e-06
mlp_aco,10,7551,79,15,1,0.0,121.0,121.0,0.605,0.3710037171840668,False,False,0.0,121.0,0.0,[],0.0,0.0,0,0.0,0,1.7919999777404882e-06
mlp_aco,10,7551,79,15,2,0.0,0.0,0.0,0.0,0.09907747060060501,False,False,0.0,0.0,0.0,[],0.0,0.0,0,0.0,0,1.7919999777404882e-06
mlp_aco,10,7551,79,15,3,0.0,0.0,0.0,0.0,0.43936213850975037,False,False,0.0,0.0,0.0,[],0.0,0.0,0,0.0,0,1.7919999777404882e-06
mlp_aco,10,7551,79,15,4,0.0,0.0,0.0,0.0,0.20313307642936707,False,False,0.0,0.0,0.0,[],0.0,0.0,0,0.0,0,1.7919999777404882e-06
mlp_aco,10,7552,79,16,1,0.0,121.0,121.0,0.605,0.3710037171840668,False,False,0.0,121.0,0.0,[],0.0,0.0,0,0.0,0,1.8329999988964119e-06
mlp_aco,10,7552,79,16,2,0.0,0.0,0.0,0.0,0.09907747060060501,False,False,0.0,0.0,0.0,[],0.0,0.0,0,0.0,0,1.8329999988964119e-06
mlp_aco,10,7552,79,16,3,0.0,0.0,0.0,0.0,0.43936213850975037,False,False,0.0,0.0,0.0,[],0.0,0.0,0,0.0,0,1.8329999988964119e-06
mlp_aco,10,7552,79,16,4,0.0,0.0,0.0,0.0,0.20313307642936707,False,False,0.0,0.0,0.0,[],0.0,0.0,0,0.0,0,1.8329999988964119e-06
mlp_aco,10,7553,79,16,1,0.0,121.0,121.0,0.605,0.3710037171840668,False,False,0.0,121.0,0.0,[],0.0,0.0,0,0.0,0,1.7920000061621977e-06
mlp_aco,10,7553,79,16,2,0.0,0.0,0.0,0.0,0.09907747060060501,False,False,0.0,0.0,0.0,[],0.0,0.0,0,0.0,0,1.7920000061621977e-06
mlp_aco,10,7553,79,16,3,0.0,0.0,0.0,0.0,0.43936213850975037,False,False,0.0,0.0,0.0,[],0.0,0.0,0,0.0,0,1.7920000061621977e-06
mlp_aco,10,7553,79,16,4,0.0,0.0,0.0,0.0,0.20313307642936707,False,False,0.0,0.0,0.0,[],0.0,0.0,0,0.0,0,1.7920000061621977e-06
mlp_aco,10,7554,79,16,1,0.0,121.0,121.0,0.605,0.3710037171840668,False,False,0.0,121.0,0.0,[],0.0,0.0,0,0.0,0,1.7079999850011518e-06
mlp_aco,10,7554,79,16,2,0.0,0.0,0.0,0.0,0.09907747060060501,False,False,0.0,0.0,0.0,[],0.0,0.0,0,0.0,0,1.7079999850011518e-06
mlp_aco,10,7554,79,16,3,0.0,0.0,0.0,0.0,0.43936213850975037,False,False,0.0,0.0,0.0,[],0.0,0.0,0,0.0,0,1.7079999850011518e-06
mlp_aco,10,7554,79,16,4,0.0,0.0,0.0,0.0,0.20313307642936707,False,False,0.0,0.0,0.0,[],0.0,0.0,0,0.0,0,1.7079999850011518e-06
mlp_aco,10,7555,79,16,1,0.0,121.0,121.0,0.605,0.3710037171840668,False,False,0.0,121.0,0.0,[],0.0,0.0,0,0.0,0,1.8329999988964119e-06
mlp_aco,10,7555,79,16,2,0.0,0.0,0.0,0.0,0.09907747060060501,False,False,0.0,0.0,0.0,[],0.0,0.0,0,0.0,0,1.8329999988964119e-06
mlp_aco,10,7555,79,16,3,0.0,0.0,0.0,0.0,0.43936213850975037,False,False,0.0,0.0,0.0,[],0.0,0.0,0,0.0,0,1.8329999988964119e-06
mlp_aco,10,7555,79,16,4,0.0,0.0,0.0,0.0,0.20313307642936707,False,False,0.0,0.0,0.0,[],0.0,0.0,0,0.0,0,1.8329999988964119e-06
mlp_aco,10,7556,79,17,1,0.0,121.0,121.0,0.605,0.3710037171840668,False,False,0.0,121.0,0.0,[],0.0,0.0,0,0.0,0,1.7920000061621977e-06
mlp_aco,10,7556,79,17,2,0.0,0.0,0.0,0.0,0.09907747060060501,False,False,0.0,0.0,0.0,[],0.0,0.0,0,0.0,0,1.7920000061621977e-06
mlp_aco,10,7556,79,17,3,0.0,0.0,0.0,0.0,0.43936213850975037,False,False,0.0,0.0,0.0,[],0.0,0.0,0,0.0,0,1.7920000061621977e-06
mlp_aco,10,7556,79,17,4,0.0,0.0,0.0,0.0,0.20313307642936707,False,False,0.0,0.0,0.0,[],0.0,0.0,0,0.0,0,1.7920000061621977e-06
mlp_aco,10,7557,79,17,1,0.0,121.0,121.0,0.605,0.3710037171840668,False,False,0.0,121.0,0.0,[],0.0,0.0,0,0.0,0,1.7499999955816747e-06
mlp_aco,10,7557,79,17,2,0.0,0.0,0.0,0.0,0.09907747060060501,False,False,0.0,0.0,0.0,[],0.0,0.0,0,0.0,0,1.7499999955816747e-06
mlp_aco,10,7557,79,17,3,0.0,0.0,0.0,0.0,0.43936213850975037,False,False,0.0,0.0,0.0,[],0.0,0.0,0,0.0,0,1.7499999955816747e-06
mlp_aco,10,7557,79,17,4,0.0,0.0,0.0,0.0,0.20313307642936707,False,False,0.0,0.0,0.0,[],0.0,0.0,0,0.0,0,1.7499999955816747e-06
mlp_aco,10,7558,79,17,1,0.0,121.0,121.0,0.605,0.3710037171840668,False,False,0.0,121.0,0.0,[],0.0,0.0,0,0.0,0,1.7499999955816747e-06
mlp_aco,10,7558,79,17,2,0.0,0.0,0.0,0.0,0.09907747060060501,False,False,0.0,0.0,0.0,[],0.0,0.0,0,0.0,0,1.7499999955816747e-06
mlp_aco,10,7558,79,17,3,0.0,0.0,0.0,0.0,0.43936213850975037,False,False,0.0,0.0,0.0,[],0.0,0.0,0,0.0,0,1.7499999955816747e-06
mlp_aco,10,7558,79,17,4,0.0,0.0,0.0,0.0,0.20313307642936707,False,False,0.0,0.0,0.0,[],0.0,0.0,0,0.0,0,1.7499999955816747e-06
mlp_aco,10,7559,79,17,1,0.0,121.0,121.0,0.605,0.3710037171840668,False,False,0.0,121.0,0.0,[],0.0,0.0,0,0.0,0,1.7090000028474606e-06
mlp_aco,10,7559,79,17,2,0.0,0.0,0.0,0.0,0.09907747060060501,False,False,0.0,0.0,0.0,[],0.0,0.0,0,0.0,0,1.7090000028474606e-06
mlp_aco,10,7559,79,17,3,0.0,0.0,0.0,0.0,0.43936213850975037,False,False,0.0,0.0,0.0,[],0.0,0.0,0,0.0,0,1.7090000028474606e-06
mlp_aco,10,7559,79,17,4,0.0,0.0,0.0,0.0,0.20313307642936707,False,False,0.0,0.0,0.0,[],0.0,0.0,0,0.0,0,1.7090000028474606e-06
mlp_aco,10,7560,79,18,1,0.0,121.0,121.0,0.605,0.3710037171840668,False,False,0.0,121.0,0.0,[],0.0,0.0,0,0.0,0,1.8329999988964119e-06
mlp_aco,10,7560,79,18,2,0.0,0.0,0.0,0.0,0.09907747060060501,False,False,0.0,0.0,0.0,[],0.0,0.0,0,0.0,0,1.8329999988964119e-06
mlp_aco,10,7560,79,18,3,0.0,0.0,0.0,0.0,0.43936213850975037,False,False,0.0,0.0,0.0,[],0.0,0.0,0,0.0,0,1.8329999988964119e-06
mlp_aco,10,7560,79,18,4,0.0,0.0,0.0,0.0,0.20313307642936707,False,False,0.0,0.0,0.0,[],0.0,0.0,0,0.0,0,1.8329999988964119e-06
mlp_aco,10,7561,79,18,1,0.0,121.0,121.0,0.605,0.3710037171840668,False,False,0.0,121.0,0.0,[],0.0,0.0,0,0.0,0,1.8329999988964119e-06
mlp_aco,10,7561,79,18,2,0.0,0.0,0.0,0.0,0.09907747060060501,False,False,0.0,0.0,0.0,[],0.0,0.0,0,0.0,0,1.8329999988964119e-06
mlp_aco,10,7561,79,18,3,0.0,0.0,0.0,0.0,0.43936213850975037,False,False,0.0,0.0,0.0,[],0.0,0.0,0,0.0,0,1.8329999988964119e-06
mlp_aco,10,7561,79,18,4,0.0,0.0,0.0,0.0,0.20313307642936707,False,False,0.0,0.0,0.0,[],0.0,0.0,0,0.0,0,1.8329999988964119e-06
mlp_aco,10,7562,79,18,1,0.0,121.0,121.0,0.605,0.3710037171840668,False,False,0.0,121.0,0.0,[],0.0,0.0,0,0.0,0,1.7499999955816747e-06
mlp_aco,10,7562,79,18,2,0.0,0.0,0.0,0.0,0.09907747060060501,False,False,0.0,0.0,0.0,[],0.0,0.0,0,0.0,0,1.7499999955816747e-06
mlp_aco,10,7562,79,18,3,0.0,0.0,0.0,0.0,0.43936213850975037,False,False,0.0,0.0,0.0,[],0.0,0.0,0,0.0,0,1.7499999955816747e-06
mlp_aco,10,7562,79,18,4,0.0,0.0,0.0,0.0,0.20313307642936707,False,False,0.0,0.0,0.0,[],0.0,0.0,0,0.0,0,1.7499999955816747e-06
mlp_aco,10,7563,79,18,1,0.0,121.0,121.0,0.605,0.3710037171840668,False,False,0.0,121.0,0.0,[],0.0,0.0,0,0.0,0,1.6669999922669376e-06
mlp_aco,10,7563,79,18,2,0.0,0.0,0.0,0.0,0.09907747060060501,False,False,0.0,0.0,0.0,[],0.0,0.0,0,0.0,0,1.6669999922669376e-06
mlp_aco,10,7563,79,18,3,0.0,0.0,0.0,0.0,0.43936213850975037,False,False,0.0,0.0,0.0,[],0.0,0.0,0,0.0,0,1.6669999922669376e-06
mlp_aco,10,7563,79,18,4,0.0,0.0,0.0,0.0,0.20313307642936707,False,False,0.0,0.0,0.0,[],0.0,0.0,0,0.0,0,1.6669999922669376e-06
mlp_aco,10,7564,79,19,1,0.0,121.0,121.0,0.605,0.3710037171840668,False,False,0.0,121.0,0.0,[],0.0,0.0,0,0.0,0,1.7080000134228612e-06
mlp_aco,10,7564,79,19,2,0.0,0.0,0.0,0.0,0.09907747060060501,False,False,0.0,0.0,0.0,[],0.0,0.0,0,0.0,0,1.7080000134228612e-06
mlp_aco,10,7564,79,19,3,0.0,0.0,0.0,0.0,0.43936213850975037,False,False,0.0,0.0,0.0,[],0.0,0.0,0,0.0,0,1.7080000134228612e-06
mlp_aco,10,7564,79,19,4,0.0,0.0,0.0,0.0,0.20313307642936707,False,False,0.0,0.0,0.0,[],0.0,0.0,0,0.0,0,1.7080000134228612e-06
mlp_aco,10,7565,79,19,1,0.0,121.0,121.0,0.605,0.3710037171840668,False,False,0.0,121.0,0.0,[],0.0,0.0,0,0.0,0,1.7499999955816747e-06
mlp_aco,10,7565,79,19,2,0.0,0.0,0.0,0.0,0.09907747060060501,False,False,0.0,0.0,0.0,[],0.0,0.0,0,0.0,0,1.7499999955816747e-06
mlp_aco,10,7565,79,19,3,0.0,0.0,0.0,0.0,0.43936213850975037,False,False,0.0,0.0,0.0,[],0.0,0.0,0,0.0,0,1.7499999955816747e-06
mlp_aco,10,7565,79,19,4,0.0,0.0,0.0,0.0,0.20313307642936707,False,False,0.0,0.0,0.0,[],0.0,0.0,0,0.0,0,1.7499999955816747e-06
mlp_aco,10,7566,79,19,1,0.0,121.0,121.0,0.605,0.3710037171840668,False,False,0.0,121.0,0.0,[],0.0,0.0,0,0.0,0,1.7920000061621977e-06
mlp_aco,10,7566,79,19,2,0.0,0.0,0.0,0.0,0.09907747060060501,False,False,0.0,0.0,0.0,[],0.0,0.0,0,0.0,0,1.7920000061621977e-06
mlp_aco,10,7566,79,19,3,0.0,0.0,0.0,0.0,0.43936213850975037,False,False,0.0,0.0,0.0,[],0.0,0.0,0,0.0,0,1.7920000061621977e-06
mlp_aco,10,7566,79,19,4,0.0,0.0,0.0,0.0,0.20313307642936707,False,False,0.0,0.0,0.0,[],0.0,0.0,0,0.0,0,1.7920000061621977e-06
mlp_aco,10,7567,79,19,1,0.0,121.0,121.0,0.605,0.3710037171840668,False,False,0.0,121.0,0.0,[],0.0,0.0,0,0.0,0,1.790999988315889e-06
mlp_aco,10,7567,79,19,2,0.0,0.0,0.0,0.0,0.09907747060060501,False,False,0.0,0.0,0.0,[],0.0,0.0,0,0.0,0,1.790999988315889e-06
mlp_aco,10,7567,79,19,3,0.0,0.0,0.0,0.0,0.43936213850975037,False,False,0.0,0.0,0.0,[],0.0,0.0,0,0.0,0,1.790999988315889e-06
mlp_aco,10,7567,79,19,4,0.0,0.0,0.0,0.0,0.20313307642936707,False,False,0.0,0.0,0.0,[],0.0,0.0,0,0.0,0,1.790999988315889e-06
mlp_aco,10,7568,79,20,1,0.0,121.0,121.0,0.605,0.3710037171840668,False,False,0.0,121.0,0.0,[],0.0,0.0,0,0.0,0,1.7500000240033842e-06
mlp_aco,10,7568,79,20,2,0.0,0.0,0.0,0.0,0.09907747060060501,False,False,0.0,0.0,0.0,[],0.0,0.0,0,0.0,0,1.7500000240033842e-06
mlp_aco,10,7568,79,20,3,0.0,0.0,0.0,0.0,0.43936213850975037,False,False,0.0,0.0,0.0,[],0.0,0.0,0,0.0,0,1.7500000240033842e-06
mlp_aco,10,7568,79,20,4,0.0,0.0,0.0,0.0,0.20313307642936707,False,False,0.0,0.0,0.0,[],0.0,0.0,0,0.0,0,1.7500000240033842e-06
mlp_aco,10,7569,79,20,1,0.0,121.0,121.0,0.605,0.3710037171840668,False,False,0.0,121.0,0.0,[],0.0,0.0,0,0.0,0,1.7920000061621977e-06
mlp_aco,10,7569,79,20,2,0.0,0.0,0.0,0.0,0.09907747060060501,False,False,0.0,0.0,0.0,[],0.0,0.0,0,0.0,0,1.7920000061621977e-06
mlp_aco,10,7569,79,20,3,0.0,0.0,0.0,0.0,0.43936213850975037,False,False,0.0,0.0,0.0,[],0.0,0.0,0,0.0,0,1.7920000061621977e-06
mlp_aco,10,7569,79,20,4,0.0,0.0,0.0,0.0,0.20313307642936707,False,False,0.0,0.0,0.0,[],0.0,0.0,0,0.0,0,1.7920000061621977e-06
mlp_aco,10,7570,79,20,1,0.0,121.0,121.0,0.605,0.3710037171840668,False,False,0.0,121.0,0.0,[],0.0,0.0,0,0.0,0,1.8750000094769348e-06
mlp_aco,10,7570,79,20,2,0.0,0.0,0.0,0.0,0.09907747060060501,False,False,0.0,0.0,0.0,[],0.0,0.0,0,0.0,0,1.8750000094769348e-06
mlp_aco,10,7570,79,20,3,0.0,0.0,0.0,0.0,0.43936213850975037,False,False,0.0,0.0,0.0,[],0.0,0.0,0,0.0,0,1.8750000094769348e-06
mlp_aco,10,7570,79,20,4,0.0,0.0,0.0,0.0,0.20313307642936707,False,False,0.0,0.0,0.0,[],0.0,0.0,0,0.0,0,1.8750000094769348e-06
mlp_aco,10,7571,79,20,1,0.0,121.0,121.0,0.605,0.3710037171840668,False,False,0.0,121.0,0.0,[],0.0,0.0,0,0.0,0,1.6660000028423383e-06
mlp_aco,10,7571,79,20,2,0.0,0.0,0.0,0.0,0.09907747060060501,False,False,0.0,0.0,0.0,[],0.0,0.0,0,0.0,0,1.6660000028423383e-06
mlp_aco,10,7571,79,20,3,0.0,0.0,0.0,0.0,0.43936213850975037,False,False,0.0,0.0,0.0,[],0.0,0.0,0,0.0,0,1.6660000028423383e-06
mlp_aco,10,7571,79,20,4,0.0,0.0,0.0,0.0,0.20313307642936707,False,False,0.0,0.0,0.0,[],0.0,0.0,0,0.0,0,1.6660000028423383e-06
mlp_aco,10,7572,79,21,1,0.0,121.0,121.0,0.605,0.3710037171840668,False,False,0.0,121.0,0.0,[],0.0,0.0,0,0.0,0,1.6660000028423383e-06
mlp_aco,10,7572,79,21,2,0.0,0.0,0.0,0.0,0.09907747060060501,False,False,0.0,0.0,0.0,[],0.0,0.0,0,0.0,0,1.6660000028423383e-06
mlp_aco,10,7572,79,21,3,0.0,0.0,0.0,0.0,0.43936213850975037,False,False,0.0,0.0,0.0,[],0.0,0.0,0,0.0,0,1.6660000028423383e-06
mlp_aco,10,7572,79,21,4,0.0,0.0,0.0,0.0,0.20313307642936707,False,False,0.0,0.0,0.0,[],0.0,0.0,0,0.0,0,1.6660000028423383e-06
mlp_aco,10,7573,79,21,1,0.0,121.0,121.0,0.605,0.3710037171840668,False,False,0.0,121.0,0.0,[],0.0,0.0,0,0.0,0,1.8329999988964119e-06
mlp_aco,10,7573,79,21,2,0.0,0.0,0.0,0.0,0.09907747060060501,False,False,0.0,0.0,0.0,[],0.0,0.0,0,0.0,0,1.8329999988964119e-06
mlp_aco,10,7573,79,21,3,0.0,0.0,0.0,0.0,0.43936213850975037,False,False,0.0,0.0,0.0,[],0.0,0.0,0,0.0,0,1.8329999988964119e-06
mlp_aco,10,7573,79,21,4,0.0,0.0,0.0,0.0,0.20313307642936707,False,False,0.0,0.0,0.0,[],0.0,0.0,0,0.0,0,1.8329999988964119e-06
mlp_aco,10,7574,79,21,1,0.0,121.0,121.0,0.605,0.3710037171840668,False,False,0.0,121.0,0.0,[],0.0,0.0,0,0.0,0,1.7079999850011518e-06
mlp_aco,10,7574,79,21,2,0.0,0.0,0.0,0.0,0.09907747060060501,False,False,0.0,0.0,0.0,[],0.0,0.0,0,0.0,0,1.7079999850011518e-06
mlp_aco,10,7574,79,21,3,0.0,0.0,0.0,0.0,0.43936213850975037,False,False,0.0,0.0,0.0,[],0.0,0.0,0,0.0,0,1.7079999850011518e-06
mlp_aco,10,7574,79,21,4,0.0,0.0,0.0,0.0,0.20313307642936707,False,False,0.0,0.0,0.0,[],0.0,0.0,0,0.0,0,1.7079999850011518e-06
mlp_aco,10,7575,79,21,1,0.0,121.0,121.0,0.605,0.3710037171840668,False,False,0.0,121.0,0.0,[],0.0,0.0,0,0.0,0,1.7090000028474606e-06
mlp_aco,10,7575,79,21,2,0.0,0.0,0.0,0.0,0.09907747060060501,False,False,0.0,0.0,0.0,[],0.0,0.0,0,0.0,0,1.7090000028474606e-06
mlp_aco,10,7575,79,21,3,0.0,0.0,0.0,0.0,0.43936213850975037,False,False,0.0,0.0,0.0,[],0.0,0.0,0,0.0,0,1.7090000028474606e-06
mlp_aco,10,7575,79,21,4,0.0,0.0,0.0,0.0,0.20313307642936707,False,False,0.0,0.0,0.0,[],0.0,0.0,0,0.0,0,1.7090000028474606e-06
mlp_aco,10,7576,79,22,1,0.0,121.0,121.0,0.605,0.3710037171840668,False,False,0.0,121.0,0.0,[],0.0,0.0,0,0.0,0,1.8750000094769348e-06
mlp_aco,10,7576,79,22,2,0.0,0.0,0.0,0.0,0.09907747060060501,False,False,0.0,0.0,0.0,[],0.0,0.0,0,0.0,0,1.8750000094769348e-06
mlp_aco,10,7576,79,22,3,0.0,0.0,0.0,0.0,0.43936213850975037,False,False,0.0,0.0,0.0,[],0.0,0.0,0,0.0,0,1.8750000094769348e-06
mlp_aco,10,7576,79,22,4,0.0,0.0,0.0,0.0,0.20313307642936707,False,False,0.0,0.0,0.0,[],0.0,0.0,0,0.0,0,1.8750000094769348e-06
mlp_aco,10,7577,79,22,1,0.0,121.0,121.0,0.605,0.3710037171840668,False,False,0.0,121.0,0.0,[],0.0,0.0,0,0.0,0,1.7499999955816747e-06
mlp_aco,10,7577,79,22,2,0.0,0.0,0.0,0.0,0.09907747060060501,False,False,0.0,0.0,0.0,[],0.0,0.0,0,0.0,0,1.7499999955816747e-06
mlp_aco,10,7577,79,22,3,0.0,0.0,0.0,0.0,0.43936213850975037,False,False,0.0,0.0,0.0,[],0.0,0.0,0,0.0,0,1.7499999955816747e-06
mlp_aco,10,7577,79,22,4,0.0,0.0,0.0,0.0,0.20313307642936707,False,False,0.0,0.0,0.0,[],0.0,0.0,0,0.0,0,1.7499999955816747e-06
mlp_aco,10,7578,79,22,1,0.0,121.0,121.0,0.605,0.3710037171840668,False,False,0.0,121.0,0.0,[],0.0,0.0,0,0.0,0,1.7080000134228612e-06
mlp_aco,10,7578,79,22,2,0.0,0.0,0.0,0.0,0.09907747060060501,False,False,0.0,0.0,0.0,[],0.0,0.0,0,0.0,0,1.7080000134228612e-06
mlp_aco,10,7578,79,22,3,0.0,0.0,0.0,0.0,0.43936213850975037,False,False,0.0,0.0,0.0,[],0.0,0.0,0,0.0,0,1.7080000134228612e-06
mlp_aco,10,7578,79,22,4,0.0,0.0,0.0,0.0,0.20313307642936707,False,False,0.0,0.0,0.0,[],0.0,0.0,0,0.0,0,1.7080000134228612e-06
mlp_aco,10,7579,79,22,1,0.0,121.0,121.0,0.605,0.3710037171840668,False,False,0.0,121.0,0.0,[],0.0,0.0,0,0.0,0,1.7090000028474606e-06
mlp_aco,10,7579,79,22,2,0.0,0.0,0.0,0.0,0.09907747060060501,False,False,0.0,0.0,0.0,[],0.0,0.0,0,0.0,0,1.7090000028474606e-06
mlp_aco,10,7579,79,22,3,0.0,0.0,0.0,0.0,0.43936213850975037,False,False,0.0,0.0,0.0,[],0.0,0.0,0,0.0,0,1.7090000028474606e-06
mlp_aco,10,7579,79,22,4,0.0,0.0,0.0,0.0,0.20313307642936707,False,False,0.0,0.0,0.0,[],0.0,0.0,0,0.0,0,1.7090000028474606e-06
mlp_aco,10,7580,79,23,1,0.0,121.0,121.0,0.605,0.3710037171840668,False,False,0.0,121.0,0.0,[],0.0,0.0,0,0.0,0,1.6669999922669376e-06
mlp_aco,10,7580,79,23,2,0.0,0.0,0.0,0.0,0.09907747060060501,False,False,0.0,0.0,0.0,[],0.0,0.0,0,0.0,0,1.6669999922669376e-06
mlp_aco,10,7580,79,23,3,0.0,0.0,0.0,0.0,0.43936213850975037,False,False,0.0,0.0,0.0,[],0.0,0.0,0,0.0,0,1.6669999922669376e-06
mlp_aco,10,7580,79,23,4,0.0,0.0,0.0,0.0,0.20313307642936707,False,False,0.0,0.0,0.0,[],0.0,0.0,0,0.0,0,1.6669999922669376e-06
mlp_aco,10,7581,79,23,1,0.0,121.0,121.0,0.605,0.3710037171840668,False,False,0.0,121.0,0.0,[],0.0,0.0,0,0.0,0,1.7079999850011518e-06
mlp_aco,10,7581,79,23,2,0.0,0.0,0.0,0.0,0.09907747060060501,False,False,0.0,0.0,0.0,[],0.0,0.0,0,0.0,0,1.7079999850011518e-06
mlp_aco,10,7581,79,23,3,0.0,0.0,0.0,0.0,0.43936213850975037,False,False,0.0,0.0,0.0,[],0.0,0.0,0,0.0,0,1.7079999850011518e-06
mlp_aco,10,7581,79,23,4,0.0,0.0,0.0,0.0,0.20313307642936707,False,False,0.0,0.0,0.0,[],0.0,0.0,0,0.0,0,1.7079999850011518e-06
mlp_aco,10,7582,79,23,1,0.0,121.0,121.0,0.605,0.3710037171840668,False,False,0.0,121.0,0.0,[],0.0,0.0,0,0.0,0,1.7920000061621977e-06
mlp_aco,10,7582,79,23,2,0.0,0.0,0.0,0.0,0.09907747060060501,False,False,0.0,0.0,0.0,[],0.0,0.0,0,0.0,0,1.7920000061621977e-06
mlp_aco,10,7582,79,23,3,0.0,0.0,0.0,0.0,0.43936213850975037,False,False,0.0,0.0,0.0,[],0.0,0.0,0,0.0,0,1.7920000061621977e-06
mlp_aco,10,7582,79,23,4,0.0,0.0,0.0,0.0,0.20313307642936707,False,False,0.0,0.0,0.0,[],0.0,0.0,0,0.0,0,1.7920000061621977e-06
mlp_aco,10,7583,79,23,1,0.0,121.0,121.0,0.605,0.3710037171840668,False,False,0.0,121.0,0.0,[],0.0,0.0,0,0.0,0,1.7499999955816747e-06
mlp_aco,10,7583,79,23,2,0.0,0.0,0.0,0.0,0.09907747060060501,False,False,0.0,0.0,0.0,[],0.0,0.0,0,0.0,0,1.7499999955816747e-06
mlp_aco,10,7583,79,23,3,0.0,0.0,0.0,0.0,0.43936213850975037,False,False,0.0,0.0,0.0,[],0.0,0.0,0,0.0,0,1.7499999955816747e-06
mlp_aco,10,7583,79,23,4,0.0,0.0,0.0,0.0,0.20313307642936707,False,False,0.0,0.0,0.0,[],0.0,0.0,0,0.0,0,1.7499999955816747e-06
mlp_aco,10,7584,80,0,1,33.0,121.0,154.0,0.77,0.9999968409538269,True,True,30.0,124.0,0.0,[1],10.0,10.0,1,10.0,0,0.009205124999994041
mlp_aco,10,7584,80,0,2,0.0,0.0,0.0,0.0,0.09907747060060501,False,False,0.0,0.0,0.0,[],10.0,10.0,1,10.0,0,0.009205124999994041
mlp_aco,10,7584,80,0,3,0.0,0.0,0.0,0.0,0.43936213850975037,False,False,0.0,0.0,0.0,[],10.0,10.0,1,10.0,0,0.009205124999994041
mlp_aco,10,7584,80,0,4,0.0,0.0,0.0,0.0,0.20313307642936707,False,False,0.0,0.0,0.0,[],10.0,10.0,1,10.0,0,0.009205124999994041
mlp_aco,10,7585,80,0,1,38.0,124.0,162.0,0.81,0.9999999403953552,True,True,30.0,132.0,0.0,[1],10.0,10.0,1,10.0,0,0.009222625000006701
mlp_aco,10,7585,80,0,2,0.0,0.0,0.0,0.0,0.09907747060060501,False,False,0.0,0.0,0.0,[],10.0,10.0,1,10.0,0,0.009222625000006701
mlp_aco,10,7585,80,0,3,0.0,0.0,0.0,0.0,0.43936213850975037,False,False,0.0,0.0,0.0,[],10.0,10.0,1,10.0,0,0.009222625000006701
mlp_aco,10,7585,80,0,4,0.0,0.0,0.0,0.0,0.20313307642936707,False,False,0.0,0.0,0.0,[],10.0,10.0,1,10.0,0,0.009222625000006701
mlp_aco,10,7586,80,0,1,36.0,132.0,168.0,0.84,1.0,True,True,30.0,138.0,0.0,[1],10.0,10.0,1,10.0,0,0.009141624999983833
mlp_aco,10,7586,80,0,2,0.0,0.0,0.0,0.0,0.09907747060060501,False,False,0.0,0.0,0.0,[],10.0,10.0,1,10.0,0,0.009141624999983833
mlp_aco,10,7586,80,0,3,0.0,0.0,0.0,0.0,0.43936213850975037,False,False,0.0,0.0,0.0,[],10.0,10.0,1,10.0,0,0.009141624999983833
mlp_aco,10,7586,80,0,4,0.0,0.0,0.0,0.0,0.20313307642936707,False,False,0.0,0.0,0.0,[],10.0,10.0,1,10.0,0,0.009141624999983833
mlp_aco,10,7587,80,0,1,38.0,138.0,176.0,0.88,1.0,True,True,30.0,146.0,0.0,[1],10.0,10.0,1,10.0,0,0.008953000000019529
mlp_aco,10,7587,80,0,2,0.0,0.0,0.0,0.0,0.09907747060060501,False,False,0.0,0.0,0.0,[],10.0,10.0,1,10.0,0,0.008953000000019529
mlp_aco,10,7587,80,0,3,0.0,0.0,0.0,0.0,0.43936213850975037,False,False,0.0,0.0,0.0,[],10.0,10.0,1,10.0,0,0.008953000000019529
mlp_aco,10,7587,80,0,4,0.0,0.0,0.0,0.0,0.20313307642936707,False,False,0.0,0.0,0.0,[],10.0,10.0,1,10.0,0,0.008953000000019529
mlp_aco,10,7588,80,1,1,36.0,146.0,182.0,0.91,1.0,True,True,30.0,152.0,0.0,[1],10.0,10.0,1,10.0,0,0.008977458000003935
mlp_aco,10,7588,80,1,2,0.0,0.0,0.0,0.0,0.09907747060060501,False,False,0.0,0.0,0.0,[],10.0,10.0,1,10.0,0,0.008977458000003935
mlp_aco,10,7588,80,1,3,0.0,0.0,0.0,0.0,0.43936213850975037,False,False,0.0,0.0,0.0,[],10.0,10.0,1,10.0,0,0.008977458000003935
mlp_aco,10,7588,80,1,4,0.0,0.0,0.0,0.0,0.20313307642936707,False,False,0.0,0.0,0.0,[],10.0,10.0,1,10.0,0,0.008977458000003935
mlp_aco,10,7589,80,1,1,37.0,152.0,189.0,0.945,1.0,True,True,30.0,159.0,0.0,[1],10.0,10.0,1,10.0,0,0.009118833000002269
mlp_aco,10,7589,80,1,2,0.0,0.0,0.0,0.0,0.09907747060060501,False,False,0.0,0.0,0.0,[],10.0,10.0,1,10.0,0,0.009118833000002269
mlp_aco,10,7589,80,1,3,0.0,0.0,0.0,0.0,0.43936213850975037,False,False,0.0,0.0,0.0,[],10.0,10.0,1,10.0,0,0.009118833000002269
mlp_aco,10,7589,80,1,4,0.0,0.0,0.0,0.0,0.20313307642936707,False,False,0.0,0.0,0.0,[],10.0,10.0,1,10.0,0,0.009118833000002269
mlp_aco,10,7590,80,1,1,42.0,159.0,201.0,1.005,1.0,True,True,30.0,171.0,0.0,[1],10.0,10.0,1,10.0,0,0.009090750000012804
mlp_aco,10,7590,80,1,2,0.0,0.0,0.0,0.0,0.09907747060060501,False,False,0.0,0.0,0.0,[],10.0,10.0,1,10.0,0,0.009090750000012804
mlp_aco,10,7590,80,1,3,0.0,0.0,0.0,0.0,0.43936213850975037,False,False,0.0,0.0,0.0,[],10.0,10.0,1,10.0,0,0.009090750000012804
mlp_aco,10,7590,80,1,4,0.0,0.0,0.0,0.0,0.20313307642936707,False,False,0.0,0.0,0.0,[],10.0,10.0,1,10.0,0,0.009090750000012804
mlp_aco,10,7591,80,1,1,46.0,171.0,217.0,1.085,1.0,True,True,30.0,187.0,0.0,[1],10.0,10.0,1,10.0,0,0.008787833000013734
mlp_aco,10,7591,80,1,2,0.0,0.0,0.0,0.0,0.09907747060060501,False,False,0.0,0.0,0.0,[],10.0,10.0,1,10.0,0,0.008787833000013734
mlp_aco,10,7591,80,1,3,0.0,0.0,0.0,0.0,0.43936213850975037,False,False,0.0,0.0,0.0,[],10.0,10.0,1,10.0,0,0.008787833000013734
mlp_aco,10,7591,80,1,4,0.0,0.0,0.0,0.0,0.20313307642936707,False,False,0.0,0.0,0.0,[],10.0,10.0,1,10.0,0,0.008787833000013734
mlp_aco,10,7592,80,2,1,44.0,187.0,231.0,1.155,1.0,True,True,30.0,200.0,1.0,[1],10.0,10.0,1,10.0,0,0.008928374999982225
mlp_aco,10,7592,80,2,2,0.0,0.0,0.0,0.0,0.09907747060060501,False,False,0.0,0.0,0.0,[],10.0,10.0,1,10.0,0,0.008928374999982225
mlp_aco,10,7592,80,2,3,0.0,0.0,0.0,0.0,0.43936213850975037,False,False,0.0,0.0,0.0,[],10.0,10.0,1,10.0,0,0.008928374999982225
mlp_aco,10,7592,80,2,4,0.0,0.0,0.0,0.0,0.20313307642936707,False,False,0.0,0.0,0.0,[],10.0,10.0,1,10.0,0,0.008928374999982225
mlp_aco,10,7593,80,2,1,45.0,200.0,245.0,1.225,1.0,True,True,30.0,200.0,15.0,[1],10.0,10.0,1,10.0,0,0.008956165999990162
mlp_aco,10,7593,80,2,2,0.0,0.0,0.0,0.0,0.09907747060060501,False,False,0.0,0.0,0.0,[],10.0,10.0,1,10.0,0,0.008956165999990162
mlp_aco,10,7593,80,2,3,0.0,0.0,0.0,0.0,0.43936213850975037,False,False,0.0,0.0,0.0,[],10.0,10.0,1,10.0,0,0.008956165999990162
mlp_aco,10,7593,80,2,4,0.0,0.0,0.0,0.0,0.20313307642936707,False,False,0.0,0.0,0.0,[],10.0,10.0,1,10.0,0,0.008956165999990162
mlp_aco,10,7594,80,2,1,44.0,200.0,244.0,1.22,1.0,True,True,30.0,200.0,14.0,[1],10.0,10.0,1,10.0,0,0.009171624999993355
mlp_aco,10,7594,80,2,2,0.0,0.0,0.0,0.0,0.09907747060060501,False,False,0.0,0.0,0.0,[],10.0,10.0,1,10.0,0,0.009171624999993355
mlp_aco,10,7594,80,2,3,0.0,0.0,0.0,0.0,0.43936213850975037,False,False,0.0,0.0,0.0,[],10.0,10.0,1,10.0,0,0.009171624999993355
mlp_aco,10,7594,80,2,4,0.0,0.0,0.0,0.0,0.20313307642936707,False,False,0.0,0.0,0.0,[],10.0,10.0,1,10.0,0,0.009171624999993355
mlp_aco,10,7595,80,2,1,43.0,200.0,243.0,1.215,1.0,True,True,30.0,200.0,13.0,[1],10.0,10.0,1,10.0,0,0.009086625000009008
mlp_aco,10,7595,80,2,2,0.0,0.0,0.0,0.0,0.09907747060060501,False,False,0.0,0.0,0.0,[],10.0,10.0,1,10.0,0,0.009086625000009008
mlp_aco,10,7595,80,2,3,0.0,0.0,0.0,0.0,0.43936213850975037,False,False,0.0,0.0,0.0,[],10.0,10.0,1,10.0,0,0.009086625000009008
mlp_aco,10,7595,80,2,4,0.0,0.0,0.0,0.0,0.20313307642936707,False,False,0.0,0.0,0.0,[],10.0,10.0,1,10.0,0,0.009086625000009008
mlp_aco,10,7596,80,3,1,45.0,200.0,245.0,1.225,1.0,True,True,30.0,200.0,15.0,[1],10.0,10.0,1,10.0,0,0.009119125000012218
mlp_aco,10,7596,80,3,2,0.0,0.0,0.0,0.0,0.09907747060060501,False,False,0.0,0.0,0.0,[],10.0,10.0,1,10.0,0,0.009119125000012218
mlp_aco,10,7596,80,3,3,0.0,0.0,0.0,0.0,0.43936213850975037,False,False,0.0,0.0,0.0,[],10.0,10.0,1,10.0,0,0.009119125000012218
mlp_aco,10,7596,80,3,4,0.0,0.0,0.0,0.0,0.20313307642936707,False,False,0.0,0.0,0.0,[],10.0,10.0,1,10.0,0,0.009119125000012218
mlp_aco,10,7597,80,3,1,42.0,200.0,242.0,1.21,1.0,True,True,30.0,200.0,12.0,[1],10.0,10.0,1,10.0,0,0.008811124999994036
mlp_aco,10,7597,80,3,2,0.0,0.0,0.0,0.0,0.09907747060060501,False,False,0.0,0.0,0.0,[],10.0,10.0,1,10.0,0,0.008811124999994036
mlp_aco,10,7597,80,3,3,0.0,0.0,0.0,0.0,0.43936213850975037,False,False,0.0,0.0,0.0,[],10.0,10.0,1,10.0,0,0.008811124999994036
mlp_aco,10,7597,80,3,4,0.0,0.0,0.0,0.0,0.20313307642936707,False,False,0.0,0.0,0.0,[],10.0,10.0,1,10.0,0,0.008811124999994036
mlp_aco,10,7598,80,3,1,44.0,200.0,244.0,1.22,1.0,True,True,30.0,200.0,14.0,[1],10.0,10.0,1,10.0,0,0.008801833000006809
mlp_aco,10,7598,80,3,2,0.0,0.0,0.0,0.0,0.09907747060060501,False,False,0.0,0.0,0.0,[],10.0,10.0,1,10.0,0,0.008801833000006809
mlp_aco,10,7598,80,3,3,0.0,0.0,0.0,0.0,0.43936213850975037,False,False,0.0,0.0,0.0,[],10.0,10.0,1,10.0,0,0.008801833000006809
mlp_aco,10,7598,80,3,4,0.0,0.0,0.0,0.0,0.20313307642936707,False,False,0.0,0.0,0.0,[],10.0,10.0,1,10.0,0,0.008801833000006809
mlp_aco,10,7599,80,3,1,43.0,200.0,243.0,1.215,1.0,True,True,30.0,200.0,13.0,[1],10.0,10.0,1,10.0,0,0.009093624999991334
mlp_aco,10,7599,80,3,2,0.0,0.0,0.0,0.0,0.09907747060060501,False,False,0.0,0.0,0.0,[],10.0,10.0,1,10.0,0,0.009093624999991334
mlp_aco,10,7599,80,3,3,0.0,0.0,0.0,0.0,0.43936213850975037,False,False,0.0,0.0,0.0,[],10.0,10.0,1,10.0,0,0.009093624999991334
mlp_aco,10,7599,80,3,4,0.0,0.0,0.0,0.0,0.20313307642936707,False,False,0.0,0.0,0.0,[],10.0,10.0,1,10.0,0,0.009093624999991334
mlp_aco,10,7600,80,4,1,42.0,200.0,242.0,1.21,1.0,True,True,30.0,200.0,12.0,[1],10.0,10.0,1,10.0,0,0.00893945800001461
mlp_aco,10,7600,80,4,2,0.0,0.0,0.0,0.0,0.09907747060060501,False,False,0.0,0.0,0.0,[],10.0,10.0,1,10.0,0,0.00893945800001461
mlp_aco,10,7600,80,4,3,0.0,0.0,0.0,0.0,0.43936213850975037,False,False,0.0,0.0,0.0,[],10.0,10.0,1,10.0,0,0.00893945800001461
mlp_aco,10,7600,80,4,4,0.0,0.0,0.0,0.0,0.20313307642936707,False,False,0.0,0.0,0.0,[],10.0,10.0,1,10.0,0,0.00893945800001461
mlp_aco,10,7601,80,4,1,41.0,200.0,241.0,1.205,1.0,True,True,30.0,200.0,11.0,[1],10.0,10.0,1,10.0,0,0.00903395899999282
mlp_aco,10,7601,80,4,2,0.0,0.0,0.0,0.0,0.09907747060060501,False,False,0.0,0.0,0.0,[],10.0,10.0,1,10.0,0,0.00903395899999282
mlp_aco,10,7601,80,4,3,0.0,0.0,0.0,0.0,0.43936213850975037,False,False,0.0,0.0,0.0,[],10.0,10.0,1,10.0,0,0.00903395899999282
mlp_aco,10,7601,80,4,4,0.0,0.0,0.0,0.0,0.20313307642936707,False,False,0.0,0.0,0.0,[],10.0,10.0,1,10.0,0,0.00903395899999282
mlp_aco,10,7602,80,4,1,39.0,200.0,239.0,1.195,1.0,True,True,30.0,200.0,9.0,[1],10.0,10.0,1,10.0,0,0.0091185830000029
mlp_aco,10,7602,80,4,2,0.0,0.0,0.0,0.0,0.09907747060060501,False,False,0.0,0.0,0.0,[],10.0,10.0,1,10.0,0,0.0091185830000029
mlp_aco,10,7602,80,4,3,0.0,0.0,0.0,0.0,0.43936213850975037,False,False,0.0,0.0,0.0,[],10.0,10.0,1,10.0,0,0.0091185830000029
mlp_aco,10,7602,80,4,4,0.0,0.0,0.0,0.0,0.20313307642936707,False,False,0.0,0.0,0.0,[],10.0,10.0,1,10.0,0,0.0091185830000029
mlp_aco,10,7603,80,4,1,41.0,200.0,241.0,1.205,1.0,True,True,30.0,200.0,11.0,[1],10.0,10.0,1,10.0,0,0.008990750000009484
mlp_aco,10,7603,80,4,2,0.0,0.0,0.0,0.0,0.09907747060060501,False,False,0.0,0.0,0.0,[],10.0,10.0,1,10.0,0,0.008990750000009484
mlp_aco,10,7603,80,4,3,0.0,0.0,0.0,0.0,0.43936213850975037,False,False,0.0,0.0,0.0,[],10.0,10.0,1,10.0,0,0.008990750000009484
mlp_aco,10,7603,80,4,4,0.0,0.0,0.0,0.0,0.20313307642936707,False,False,0.0,0.0,0.0,[],10.0,10.0,1,10.0,0,0.008990750000009484
mlp_aco,10,7604,80,5,1,39.0,200.0,239.0,1.195,1.0,True,True,30.0,200.0,9.0,[1],10.0,10.0,1,10.0,0,0.008787250000011682
mlp_aco,10,7604,80,5,2,0.0,0.0,0.0,0.0,0.09907747060060501,False,False,0.0,0.0,0.0,[],10.0,10.0,1,10.0,0,0.008787250000011682
mlp_aco,10,7604,80,5,3,0.0,0.0,0.0,0.0,0.43936213850975037,False,False,0.0,0.0,0.0,[],10.0,10.0,1,10.0,0,0.008787250000011682
mlp_aco,10,7604,80,5,4,0.0,0.0,0.0,0.0,0.20313307642936707,False,False,0.0,0.0,0.0,[],10.0,10.0,1,10.0,0,0.008787250000011682
mlp_aco,10,7605,80,5,1,40.0,200.0,240.0,1.2,1.0,True,True,30.0,200.0,10.0,[1],10.0,10.0,1,10.0,0,0.008995583000000806
mlp_aco,10,7605,80,5,2,0.0,0.0,0.0,0.0,0.09907747060060501,False,False,0.0,0.0,0.0,[],10.0,10.0,1,10.0,0,0.008995583000000806
mlp_aco,10,7605,80,5,3,0.0,0.0,0.0,0.0,0.43936213850975037,False,False,0.0,0.0,0.0,[],10.0,10.0,1,10.0,0,0.008995583000000806
mlp_aco,10,7605,80,5,4,0.0,0.0,0.0,0.0,0.20313307642936707,False,False,0.0,0.0,0.0,[],10.0,10.0,1,10.0,0,0.008995583000000806
mlp_aco,10,7606,80,5,1,41.0,200.0,241.0,1.205,1.0,True,True,30.0,200.0,11.0,[1],10.0,10.0,1,10.0,0,0.009009208999998464
mlp_aco,10,7606,80,5,2,0.0,0.0,0.0,0.0,0.09907747060060501,False,False,0.0,0.0,0.0,[],10.0,10.0,1,10.0,0,0.009009208999998464
mlp_aco,10,7606,80,5,3,0.0,0.0,0.0,0.0,0.43936213850975037,False,False,0.0,0.0,0.0,[],10.0,10.0,1,10.0,0,0.009009208999998464
mlp_aco,10,7606,80,5,4,0.0,0.0,0.0,0.0,0.20313307642936707,False,False,0.0,0.0,0.0,[],10.0,10.0,1,10.0,0,0.009009208999998464
mlp_aco,10,7607,80,5,1,42.0,200.0,242.0,1.21,1.0,True,True,30.0,200.0,12.0,[1],10.0,10.0,1,10.0,0,0.009107790999991039
mlp_aco,10,7607,80,5,2,0.0,0.0,0.0,0.0,0.09907747060060501,False,False,0.0,0.0,0.0,[],10.0,10.0,1,10.0,0,0.009107790999991039
mlp_aco,10,7607,80,5,3,0.0,0.0,0.0,0.0,0.43936213850975037,False,False,0.0,0.0,0.0,[],10.0,10.0,1,10.0,0,0.009107790999991039
mlp_aco,10,7607,80,5,4,0.0,0.0,0.0,0.0,0.20313307642936707,False,False,0.0,0.0,0.0,[],10.0,10.0,1,10.0,0,0.009107790999991039
mlp_aco,10,7608,80,6,1,41.0,200.0,241.0,1.205,1.0,True,True,30.0,200.0,11.0,[1],10.0,10.0,1,10.0,0,0.009033709000021872
mlp_aco,10,7608,80,6,2,0.0,0.0,0.0,0.0,0.09907747060060501,False,False,0.0,0.0,0.0,[],10.0,10.0,1,10.0,0,0.009033709000021872
mlp_aco,10,7608,80,6,3,0.0,0.0,0.0,0.0,0.43936213850975037,False,False,0.0,0.0,0.0,[],10.0,10.0,1,10.0,0,0.009033709000021872
mlp_aco,10,7608,80,6,4,0.0,0.0,0.0,0.0,0.20313307642936707,False,False,0.0,0.0,0.0,[],10.0,10.0,1,10.0,0,0.009033709000021872
mlp_aco,10,7609,80,6,1,40.0,200.0,240.0,1.2,1.0,True,True,30.0,200.0,10.0,[1],10.0,10.0,1,10.0,0,0.00910566700000004
mlp_aco,10,7609,80,6,2,0.0,0.0,0.0,0.0,0.09907747060060501,False,False,0.0,0.0,0.0,[],10.0,10.0,1,10.0,0,0.00910566700000004
mlp_aco,10,7609,80,6,3,0.0,0.0,0.0,0.0,0.43936213850975037,False,False,0.0,0.0,0.0,[],10.0,10.0,1,10.0,0,0.00910566700000004
mlp_aco,10,7609,80,6,4,0.0,0.0,0.0,0.0,0.20313307642936707,False,False,0.0,0.0,0.0,[],10.0,10.0,1,10.0,0,0.00910566700000004
mlp_aco,10,7610,80,6,1,38.0,200.0,238.0,1.19,1.0,True,True,30.0,200.0,8.0,[1],10.0,10.0,1,10.0,0,0.009049708000020473
mlp_aco,10,7610,80,6,2,0.0,0.0,0.0,0.0,0.09907747060060501,False,False,0.0,0.0,0.0,[],10.0,10.0,1,10.0,0,0.009049708000020473
mlp_aco,10,7610,80,6,3,0.0,0.0,0.0,0.0,0.43936213850975037,False,False,0.0,0.0,0.0,[],10.0,10.0,1,10.0,0,0.009049708000020473
mlp_aco,10,7610,80,6,4,0.0,0.0,0.0,0.0,0.20313307642936707,False,False,0.0,0.0,0.0,[],10.0,10.0,1,10.0,0,0.009049708000020473
mlp_aco,10,7611,80,6,1,37.0,200.0,237.0,1.185,1.0,True,True,30.0,200.0,7.0,[1],10.0,10.0,1,10.0,0,0.008948833000005152
mlp_aco,10,7611,80,6,2,0.0,0.0,0.0,0.0,0.09907747060060501,False,False,0.0,0.0,0.0,[],10.0,10.0,1,10.0,0,0.008948833000005152
mlp_aco,10,7611,80,6,3,0.0,0.0,0.0,0.0,0.43936213850975037,False,False,0.0,0.0,0.0,[],10.0,10.0,1,10.0,0,0.008948833000005152
mlp_aco,10,7611,80,6,4,0.0,0.0,0.0,0.0,0.20313307642936707,False,False,0.0,0.0,0.0,[],10.0,10.0,1,10.0,0,0.008948833000005152
mlp_aco,10,7612,80,7,1,41.0,200.0,241.0,1.205,1.0,True,True,30.0,200.0,11.0,[1],10.0,10.0,1,10.0,0,0.008891292000015483
mlp_aco,10,7612,80,7,2,0.0,0.0,0.0,0.0,0.09907747060060501,False,False,0.0,0.0,0.0,[],10.0,10.0,1,10.0,0,0.008891292000015483
mlp_aco,10,7612,80,7,3,0.0,0.0,0.0,0.0,0.43936213850975037,False,False,0.0,0.0,0.0,[],10.0,10.0,1,10.0,0,0.008891292000015483
mlp_aco,10,7612,80,7,4,0.0,0.0,0.0,0.0,0.20313307642936707,False,False,0.0,0.0,0.0,[],10.0,10.0,1,10.0,0,0.008891292000015483
mlp_aco,10,7613,80,7,1,40.0,200.0,240.0,1.2,1.0,True,True,30.0,200.0,10.0,[1],10.0,10.0,1,10.0,0,0.00896866700000487
mlp_aco,10,7613,80,7,2,0.0,0.0,0.0,0.0,0.09907747060060501,False,False,0.0,0.0,0.0,[],10.0,10.0,1,10.0,0,0.00896866700000487
mlp_aco,10,7613,80,7,3,0.0,0.0,0.0,0.0,0.43936213850975037,False,False,0.0,0.0,0.0,[],10.0,10.0,1,10.0,0,0.00896866700000487
mlp_aco,10,7613,80,7,4,0.0,0.0,0.0,0.0,0.20313307642936707,False,False,0.0,0.0,0.0,[],10.0,10.0,1,10.0,0,0.00896866700000487
mlp_aco,10,7614,80,7,1,42.0,200.0,242.0,1.21,1.0,True,True,30.0,200.0,12.0,[1],10.0,10.0,1,10.0,0,0.00911445900001695
mlp_aco,10,7614,80,7,2,0.0,0.0,0.0,0.0,0.09907747060060501,False,False,0.0,0.0,0.0,[],10.0,10.0,1,10.0,0,0.00911445900001695
mlp_aco,10,7614,80,7,3,0.0,0.0,0.0,0.0,0.43936213850975037,False,False,0.0,0.0,0.0,[],10.0,10.0,1,10.0,0,0.00911445900001695
mlp_aco,10,7614,80,7,4,0.0,0.0,0.0,0.0,0.20313307642936707,False,False,0.0,0.0,0.0,[],10.0,10.0,1,10.0,0,0.00911445900001695
mlp_aco,10,7615,80,7,1,39.0,200.0,239.0,1.195,1.0,True,True,30.0,200.0,9.0,[1],10.0,10.0,1,10.0,0,0.00904933300000721
mlp_aco,10,7615,80,7,2,0.0,0.0,0.0,0.0,0.09907747060060501,False,False,0.0,0.0,0.0,[],10.0,10.0,1,10.0,0,0.00904933300000721
mlp_aco,10,7615,80,7,3,0.0,0.0,0.0,0.0,0.43936213850975037,False,False,0.0,0.0,0.0,[],10.0,10.0,1,10.0,0,0.00904933300000721
mlp_aco,10,7615,80,7,4,0.0,0.0,0.0,0.0,0.20313307642936707,False,False,0.0,0.0,0.0,[],10.0,10.0,1,10.0,0,0.00904933300000721
mlp_aco,10,7616,80,8,1,40.0,200.0,240.0,1.2,1.0,True,True,30.0,200.0,10.0,[1],10.0,10.0,1,10.0,0,0.009112832999988996
mlp_aco,10,7616,80,8,2,0.0,0.0,0.0,0.0,0.09907747060060501,False,False,0.0,0.0,0.0,[],10.0,10.0,1,10.0,0,0.009112832999988996
mlp_aco,10,7616,80,8,3,0.0,0.0,0.0,0.0,0.43936213850975037,False,False,0.0,0.0,0.0,[],10.0,10.0,1,10.0,0,0.009112832999988996
mlp_aco,10,7616,80,8,4,0.0,0.0,0.0,0.0,0.20313307642936707,False,False,0.0,0.0,0.0,[],10.0,10.0,1,10.0,0,0.009112832999988996
mlp_aco,10,7617,80,8,1,39.0,200.0,239.0,1.195,1.0,True,True,30.0,200.0,9.0,[1],10.0,10.0,1,10.0,0,0.008974542000004249
mlp_aco,10,7617,80,8,2,0.0,0.0,0.0,0.0,0.09907747060060501,False,False,0.0,0.0,0.0,[],10.0,10.0,1,10.0,0,0.008974542000004249
mlp_aco,10,7617,80,8,3,0.0,0.0,0.0,0.0,0.43936213850975037,False,False,0.0,0.0,0.0,[],10.0,10.0,1,10.0,0,0.008974542000004249
mlp_aco,10,7617,80,8,4,0.0,0.0,0.0,0.0,0.20313307642936707,False,False,0.0,0.0,0.0,[],10.0,10.0,1,10.0,0,0.008974542000004249
mlp_aco,10,7618,80,8,1,39.0,200.0,239.0,1.195,1.0,True,True,30.0,200.0,9.0,[1],10.0,10.0,1,10.0,0,0.008974834000014198
mlp_aco,10,7618,80,8,2,0.0,0.0,0.0,0.0,0.09907747060060501,False,False,0.0,0.0,0.0,[],10.0,10.0,1,10.0,0,0.008974834000014198
mlp_aco,10,7618,80,8,3,0.0,0.0,0.0,0.0,0.43936213850975037,False,False,0.0,0.0,0.0,[],10.0,10.0,1,10.0,0,0.008974834000014198
mlp_aco,10,7618,80,8,4,0.0,0.0,0.0,0.0,0.20313307642936707,False,False,0.0,0.0,0.0,[],10.0,10.0,1,10.0,0,0.008974834000014198
mlp_aco,10,7619,80,8,1,40.0,200.0,240.0,1.2,1.0,True,True,30.0,200.0,10.0,[1],10.0,10.0,1,10.0,0,0.008808166999983769
mlp_aco,10,7619,80,8,2,0.0,0.0,0.0,0.0,0.09907747060060501,False,False,0.0,0.0,0.0,[],10.0,10.0,1,10.0,0,0.008808166999983769
mlp_aco,10,7619,80,8,3,0.0,0.0,0.0,0.0,0.43936213850975037,False,False,0.0,0.0,0.0,[],10.0,10.0,1,10.0,0,0.008808166999983769
mlp_aco,10,7619,80,8,4,0.0,0.0,0.0,0.0,0.20313307642936707,False,False,0.0,0.0,0.0,[],10.0,10.0,1,10.0,0,0.008808166999983769
mlp_aco,10,7620,80,9,1,40.0,200.0,240.0,1.2,1.0,True,True,30.0,200.0,10.0,[1],10.0,10.0,1,10.0,0,0.008893083000003799
mlp_aco,10,7620,80,9,2,0.0,0.0,0.0,0.0,0.09907747060060501,False,False,0.0,0.0,0.0,[],10.0,10.0,1,10.0,0,0.008893083000003799
mlp_aco,10,7620,80,9,3,0.0,0.0,0.0,0.0,0.43936213850975037,False,False,0.0,0.0,0.0,[],10.0,10.0,1,10.0,0,0.008893083000003799
mlp_aco,10,7620,80,9,4,0.0,0.0,0.0,0.0,0.20313307642936707,False,False,0.0,0.0,0.0,[],10.0,10.0,1,10.0,0,0.008893083000003799
mlp_aco,10,7621,80,9,1,40.0,200.0,240.0,1.2,1.0,True,True,30.0,200.0,10.0,[1],10.0,10.0,1,10.0,0,0.009051959000004217
mlp_aco,10,7621,80,9,2,0.0,0.0,0.0,0.0,0.09907747060060501,False,False,0.0,0.0,0.0,[],10.0,10.0,1,10.0,0,0.009051959000004217
mlp_aco,10,7621,80,9,3,0.0,0.0,0.0,0.0,0.43936213850975037,False,False,0.0,0.0,0.0,[],10.0,10.0,1,10.0,0,0.009051959000004217
mlp_aco,10,7621,80,9,4,0.0,0.0,0.0,0.0,0.20313307642936707,False,False,0.0,0.0,0.0,[],10.0,10.0,1,10.0,0,0.009051959000004217
mlp_aco,10,7622,80,9,1,39.0,200.0,239.0,1.195,1.0,True,True,30.0,200.0,9.0,[1],10.0,10.0,1,10.0,0,0.009157666999982439
mlp_aco,10,7622,80,9,2,0.0,0.0,0.0,0.0,0.09907747060060501,False,False,0.0,0.0,0.0,[],10.0,10.0,1,10.0,0,0.009157666999982439
mlp_aco,10,7622,80,9,3,0.0,0.0,0.0,0.0,0.43936213850975037,False,False,0.0,0.0,0.0,[],10.0,10.0,1,10.0,0,0.009157666999982439
mlp_aco,10,7622,80,9,4,0.0,0.0,0.0,0.0,0.20313307642936707,False,False,0.0,0.0,0.0,[],10.0,10.0,1,10.0,0,0.009157666999982439
mlp_aco,10,7623,80,9,1,40.0,200.0,240.0,1.2,1.0,True,True,30.0,200.0,10.0,[1],10.0,10.0,1,10.0,0,0.009063416000003599
mlp_aco,10,7623,80,9,2,0.0,0.0,0.0,0.0,0.09907747060060501,False,False,0.0,0.0,0.0,[],10.0,10.0,1,10.0,0,0.009063416000003599
mlp_aco,10,7623,80,9,3,0.0,0.0,0.0,0.0,0.43936213850975037,False,False,0.0,0.0,0.0,[],10.0,10.0,1,10.0,0,0.009063416000003599
mlp_aco,10,7623,80,9,4,0.0,0.0,0.0,0.0,0.20313307642936707,False,False,0.0,0.0,0.0,[],10.0,10.0,1,10.0,0,0.009063416000003599
mlp_aco,10,7624,80,10,1,39.0,200.0,239.0,1.195,1.0,True,True,30.0,200.0,9.0,[1],10.0,10.0,1,10.0,0,0.009178167000015947
mlp_aco,10,7624,80,10,2,0.0,0.0,0.0,0.0,0.09907747060060501,False,False,0.0,0.0,0.0,[],10.0,10.0,1,10.0,0,0.009178167000015947
mlp_aco,10,7624,80,10,3,0.0,0.0,0.0,0.0,0.43936213850975037,False,False,0.0,0.0,0.0,[],10.0,10.0,1,10.0,0,0.009178167000015947
mlp_aco,10,7624,80,10,4,0.0,0.0,0.0,0.0,0.20313307642936707,False,False,0.0,0.0,0.0,[],10.0,10.0,1,10.0,0,0.009178167000015947
mlp_aco,10,7625,80,10,1,44.0,200.0,244.0,1.22,1.0,True,True,30.0,200.0,14.0,[1],10.0,10.0,1,10.0,0,0.008973542000006773
mlp_aco,10,7625,80,10,2,0.0,0.0,0.0,0.0,0.09907747060060501,False,False,0.0,0.0,0.0,[],10.0,10.0,1,10.0,0,0.008973542000006773
mlp_aco,10,7625,80,10,3,0.0,0.0,0.0,0.0,0.43936213850975037,False,False,0.0,0.0,0.0,[],10.0,10.0,1,10.0,0,0.008973542000006773
mlp_aco,10,7625,80,10,4,0.0,0.0,0.0,0.0,0.20313307642936707,False,False,0.0,0.0,0.0,[],10.0,10.0,1,10.0,0,0.008973542000006773
mlp_aco,10,7626,80,10,1,44.0,200.0,244.0,1.22,1.0,True,True,30.0,200.0,14.0,[1],10.0,10.0,1,10.0,0,0.008843750000011141
mlp_aco,10,7626,80,10,2,0.0,0.0,0.0,0.0,0.09907747060060501,False,False,0.0,0.0,0.0,[],10.0,10.0,1,10.0,0,0.008843750000011141
mlp_aco,10,7626,80,10,3,0.0,0.0,0.0,0.0,0.43936213850975037,False,False,0.0,0.0,0.0,[],10.0,10.0,1,10.0,0,0.008843750000011141
mlp_aco,10,7626,80,10,4,0.0,0.0,0.0,0.0,0.20313307642936707,False,False,0.0,0.0,0.0,[],10.0,10.0,1,10.0,0,0.008843750000011141
mlp_aco,10,7627,80,10,1,45.0,200.0,245.0,1.225,1.0,True,True,30.0,200.0,15.0,[1],10.0,10.0,1,10.0,0,0.00881795800000873
mlp_aco,10,7627,80,10,2,0.0,0.0,0.0,0.0,0.09907747060060501,False,False,0.0,0.0,0.0,[],10.0,10.0,1,10.0,0,0.00881795800000873
mlp_aco,10,7627,80,10,3,0.0,0.0,0.0,0.0,0.43936213850975037,False,False,0.0,0.0,0.0,[],10.0,10.0,1,10.0,0,0.00881795800000873
mlp_aco,10,7627,80,10,4,0.0,0.0,0.0,0.0,0.20313307642936707,False,False,0.0,0.0,0.0,[],10.0,10.0,1,10.0,0,0.00881795800000873
mlp_aco,10,7628,80,11,1,44.0,200.0,244.0,1.22,1.0,True,True,30.0,200.0,14.0,[1],10.0,10.0,1,10.0,0,0.00905137500001274
mlp_aco,10,7628,80,11,2,0.0,0.0,0.0,0.0,0.09907747060060501,False,False,0.0,0.0,0.0,[],10.0,10.0,1,10.0,0,0.00905137500001274
mlp_aco,10,7628,80,11,3,0.0,0.0,0.0,0.0,0.43936213850975037,False,False,0.0,0.0,0.0,[],10.0,10.0,1,10.0,0,0.00905137500001274
mlp_aco,10,7628,80,11,4,0.0,0.0,0.0,0.0,0.20313307642936707,False,False,0.0,0.0,0.0,[],10.0,10.0,1,10.0,0,0.00905137500001274
mlp_aco,10,7629,80,11,1,45.0,200.0,245.0,1.225,1.0,True,True,30.0,200.0,15.0,[1],10.0,10.0,1,10.0,0,0.009062374999984968
mlp_aco,10,7629,80,11,2,0.0,0.0,0.0,0.0,0.09907747060060501,False,False,0.0,0.0,0.0,[],10.0,10.0,1,10.0,0,0.009062374999984968
mlp_aco,10,7629,80,11,3,0.0,0.0,0.0,0.0,0.43936213850975037,False,False,0.0,0.0,0.0,[],10.0,10.0,1,10.0,0,0.009062374999984968
mlp_aco,10,7629,80,11,4,0.0,0.0,0.0,0.0,0.20313307642936707,False,False,0.0,0.0,0.0,[],10.0,10.0,1,10.0,0,0.009062374999984968
mlp_aco,10,7630,80,11,1,36.0,200.0,236.0,1.18,1.0,True,True,30.0,200.0,6.0,[1],10.0,10.0,1,10.0,0,0.009029417000022022
mlp_aco,10,7630,80,11,2,0.0,0.0,0.0,0.0,0.09907747060060501,False,False,0.0,0.0,0.0,[],10.0,10.0,1,10.0,0,0.009029417000022022
mlp_aco,10,7630,80,11,3,0.0,0.0,0.0,0.0,0.43936213850975037,False,False,0.0,0.0,0.0,[],10.0,10.0,1,10.0,0,0.009029417000022022
mlp_aco,10,7630,80,11,4,0.0,0.0,0.0,0.0,0.20313307642936707,False,False,0.0,0.0,0.0,[],10.0,10.0,1,10.0,0,0.009029417000022022
mlp_aco,10,7631,80,11,1,37.0,200.0,237.0,1.185,1.0,True,True,30.0,200.0,7.0,[1],10.0,10.0,1,10.0,0,0.00908837500000459
mlp_aco,10,7631,80,11,2,0.0,0.0,0.0,0.0,0.09907747060060501,False,False,0.0,0.0,0.0,[],10.0,10.0,1,10.0,0,0.00908837500000459
mlp_aco,10,7631,80,11,3,0.0,0.0,0.0,0.0,0.43936213850975037,False,False,0.0,0.0,0.0,[],10.0,10.0,1,10.0,0,0.00908837500000459
mlp_aco,10,7631,80,11,4,0.0,0.0,0.0,0.0,0.20313307642936707,False,False,0.0,0.0,0.0,[],10.0,10.0,1,10.0,0,0.00908837500000459
mlp_aco,10,7632,80,12,1,36.0,200.0,236.0,1.18,1.0,True,True,30.0,200.0,6.0,[1],10.0,10.0,1,10.0,0,0.008954332999991266
mlp_aco,10,7632,80,12,2,0.0,0.0,0.0,0.0,0.09907747060060501,False,False,0.0,0.0,0.0,[],10.0,10.0,1,10.0,0,0.008954332999991266
mlp_aco,10,7632,80,12,3,0.0,0.0,0.0,0.0,0.43936213850975037,False,False,0.0,0.0,0.0,[],10.0,10.0,1,10.0,0,0.008954332999991266
mlp_aco,10,7632,80,12,4,0.0,0.0,0.0,0.0,0.20313307642936707,False,False,0.0,0.0,0.0,[],10.0,10.0,1,10.0,0,0.008954332999991266
mlp_aco,10,7633,80,12,1,36.0,200.0,236.0,1.18,1.0,True,True,30.0,200.0,6.0,[1],10.0,10.0,1,10.0,0,0.008942958999995199
mlp_aco,10,7633,80,12,2,0.0,0.0,0.0,0.0,0.09907747060060501,False,False,0.0,0.0,0.0,[],10.0,10.0,1,10.0,0,0.008942958999995199
mlp_aco,10,7633,80,12,3,0.0,0.0,0.0,0.0,0.43936213850975037,False,False,0.0,0.0,0.0,[],10.0,10.0,1,10.0,0,0.008942958999995199
mlp_aco,10,7633,80,12,4,0.0,0.0,0.0,0.0,0.20313307642936707,False,False,0.0,0.0,0.0,[],10.0,10.0,1,10.0,0,0.008942958999995199
mlp_aco,10,7634,80,12,1,36.0,200.0,236.0,1.18,1.0,True,True,30.0,200.0,6.0,[1],10.0,10.0,1,10.0,0,0.009000417000009975
mlp_aco,10,7634,80,12,2,0.0,0.0,0.0,0.0,0.09907747060060501,False,False,0.0,0.0,0.0,[],10.0,10.0,1,10.0,0,0.009000417000009975
mlp_aco,10,7634,80,12,3,0.0,0.0,0.0,0.0,0.43936213850975037,False,False,0.0,0.0,0.0,[],10.0,10.0,1,10.0,0,0.009000417000009975
mlp_aco,10,7634,80,12,4,0.0,0.0,0.0,0.0,0.20313307642936707,False,False,0.0,0.0,0.0,[],10.0,10.0,1,10.0,0,0.009000417000009975
mlp_aco,10,7635,80,12,1,36.0,200.0,236.0,1.18,1.0,True,True,30.0,200.0,6.0,[1],10.0,10.0,1,10.0,0,0.009103457999998454
mlp_aco,10,7635,80,12,2,0.0,0.0,0.0,0.0,0.09907747060060501,False,False,0.0,0.0,0.0,[],10.0,10.0,1,10.0,0,0.009103457999998454
mlp_aco,10,7635,80,12,3,0.0,0.0,0.0,0.0,0.43936213850975037,False,False,0.0,0.0,0.0,[],10.0,10.0,1,10.0,0,0.009103457999998454
mlp_aco,10,7635,80,12,4,0.0,0.0,0.0,0.0,0.20313307642936707,False,False,0.0,0.0,0.0,[],10.0,10.0,1,10.0,0,0.009103457999998454
mlp_aco,10,7636,80,13,1,37.0,200.0,237.0,1.185,1.0,True,True,30.0,200.0,7.0,[1],10.0,10.0,1,10.0,0,0.009094665999981544
mlp_aco,10,7636,80,13,2,0.0,0.0,0.0,0.0,0.09907747060060501,False,False,0.0,0.0,0.0,[],10.0,10.0,1,10.0,0,0.009094665999981544
mlp_aco,10,7636,80,13,3,0.0,0.0,0.0,0.0,0.43936213850975037,False,False,0.0,0.0,0.0,[],10.0,10.0,1,10.0,0,0.009094665999981544
mlp_aco,10,7636,80,13,4,0.0,0.0,0.0,0.0,0.20313307642936707,False,False,0.0,0.0,0.0,[],10.0,10.0,1,10.0,0,0.009094665999981544
mlp_aco,10,7637,80,13,1,36.0,200.0,236.0,1.18,1.0,True,True,30.0,200.0,6.0,[1],10.0,10.0,1,10.0,0,0.009077915999995412
mlp_aco,10,7637,80,13,2,0.0,0.0,0.0,0.0,0.09907747060060501,False,False,0.0,0.0,0.0,[],10.0,10.0,1,10.0,0,0.009077915999995412
mlp_aco,10,7637,80,13,3,0.0,0.0,0.0,0.0,0.43936213850975037,False,False,0.0,0.0,0.0,[],10.0,10.0,1,10.0,0,0.009077915999995412
mlp_aco,10,7637,80,13,4,0.0,0.0,0.0,0.0,0.20313307642936707,False,False,0.0,0.0,0.0,[],10.0,10.0,1,10.0,0,0.009077915999995412
mlp_aco,10,7638,80,13,1,30.0,200.0,230.0,1.15,1.0,True,True,30.0,200.0,0.0,[1],10.0,10.0,1,10.0,0,0.008925833999995803
mlp_aco,10,7638,80,13,2,0.0,0.0,0.0,0.0,0.09907747060060501,False,False,0.0,0.0,0.0,[],10.0,10.0,1,10.0,0,0.008925833999995803
mlp_aco,10,7638,80,13,3,0.0,0.0,0.0,0.0,0.43936213850975037,False,False,0.0,0.0,0.0,[],10.0,10.0,1,10.0,0,0.008925833999995803
mlp_aco,10,7638,80,13,4,0.0,0.0,0.0,0.0,0.20313307642936707,False,False,0.0,0.0,0.0,[],10.0,10.0,1,10.0,0,0.008925833999995803
mlp_aco,10,7639,80,13,1,21.0,200.0,221.0,1.105,1.0,True,True,30.0,191.0,0.0,[1],10.0,10.0,1,10.0,0,0.008815290999990566
mlp_aco,10,7639,80,13,2,0.0,0.0,0.0,0.0,0.09907747060060501,False,False,0.0,0.0,0.0,[],10.0,10.0,1,10.0,0,0.008815290999990566
mlp_aco,10,7639,80,13,3,0.0,0.0,0.0,0.0,0.43936213850975037,False,False,0.0,0.0,0.0,[],10.0,10.0,1,10.0,0,0.008815290999990566
mlp_aco,10,7639,80,13,4,0.0,0.0,0.0,0.0,0.20313307642936707,False,False,0.0,0.0,0.0,[],10.0,10.0,1,10.0,0,0.008815290999990566
mlp_aco,10,7640,80,14,1,22.0,191.0,213.0,1.065,1.0,True,True,30.0,183.0,0.0,[1],10.0,10.0,1,10.0,0,0.00901458300000968
mlp_aco,10,7640,80,14,2,0.0,0.0,0.0,0.0,0.09907747060060501,False,False,0.0,0.0,0.0,[],10.0,10.0,1,10.0,0,0.00901458300000968
mlp_aco,10,7640,80,14,3,0.0,0.0,0.0,0.0,0.43936213850975037,False,False,0.0,0.0,0.0,[],10.0,10.0,1,10.0,0,0.00901458300000968
mlp_aco,10,7640,80,14,4,0.0,0.0,0.0,0.0,0.20313307642936707,False,False,0.0,0.0,0.0,[],10.0,10.0,1,10.0,0,0.00901458300000968
mlp_aco,10,7641,80,14,1,14.0,183.0,197.0,0.985,1.0,True,True,30.0,167.0,0.0,[1],10.0,10.0,1,10.0,0,0.008945500000010043
mlp_aco,10,7641,80,14,2,0.0,0.0,0.0,0.0,0.09907747060060501,False,False,0.0,0.0,0.0,[],10.0,10.0,1,10.0,0,0.008945500000010043
mlp_aco,10,7641,80,14,3,0.0,0.0,0.0,0.0,0.43936213850975037,False,False,0.0,0.0,0.0,[],10.0,10.0,1,10.0,0,0.008945500000010043
mlp_aco,10,7641,80,14,4,0.0,0.0,0.0,0.0,0.20313307642936707,False,False,0.0,0.0,0.0,[],10.0,10.0,1,10.0,0,0.008945500000010043
mlp_aco,10,7642,80,14,1,13.0,167.0,180.0,0.9,0.9999964833259583,True,True,30.0,150.0,0.0,[1],10.0,10.0,1,10.0,0,0.009128874999987602
mlp_aco,10,7642,80,14,2,0.0,0.0,0.0,0.0,0.09907747060060501,False,False,0.0,0.0,0.0,[],10.0,10.0,1,10.0,0,0.009128874999987602
mlp_aco,10,7642,80,14,3,0.0,0.0,0.0,0.0,0.43936213850975037,False,False,0.0,0.0,0.0,[],10.0,10.0,1,10.0,0,0.009128874999987602
mlp_aco,10,7642,80,14,4,0.0,0.0,0.0,0.0,0.20313307642936707,False,False,0.0,0.0,0.0,[],10.0,10.0,1,10.0,0,0.009128874999987602
mlp_aco,10,7643,80,14,1,13.0,150.0,163.0,0.815,0.9996762275695801,True,True,30.0,133.0,0.0,[1],10.0,10.0,1,10.0,0,0.009096374999984391
mlp_aco,10,7643,80,14,2,0.0,0.0,0.0,0.0,0.09907747060060501,False,False,0.0,0.0,0.0,[],10.0,10.0,1,10.0,0,0.009096374999984391
mlp_aco,10,7643,80,14,3,0.0,0.0,0.0,0.0,0.43936213850975037,False,False,0.0,0.0,0.0,[],10.0,10.0,1,10.0,0,0.009096374999984391
mlp_aco,10,7643,80,14,4,0.0,0.0,0.0,0.0,0.20313307642936707,False,False,0.0,0.0,0.0,[],10.0,10.0,1,10.0,0,0.009096374999984391
mlp_aco,10,7644,80,15,1,14.0,133.0,147.0,0.735,0.9951216578483582,True,True,30.0,117.0,0.0,[1],10.0,10.0,1,10.0,0,0.009074540999989722
mlp_aco,10,7644,80,15,2,0.0,0.0,0.0,0.0,0.09907747060060501,False,False,0.0,0.0,0.0,[],10.0,10.0,1,10.0,0,0.009074540999989722
mlp_aco,10,7644,80,15,3,0.0,0.0,0.0,0.0,0.43936213850975037,False,False,0.0,0.0,0.0,[],10.0,10.0,1,10.0,0,0.009074540999989722
mlp_aco,10,7644,80,15,4,0.0,0.0,0.0,0.0,0.20313307642936707,False,False,0.0,0.0,0.0,[],10.0,10.0,1,10.0,0,0.009074540999989722
mlp_aco,10,7645,80,15,1,1.0,117.0,118.0,0.59,0.16512653231620789,False,False,0.0,118.0,0.0,[],0.0,0.0,0,0.0,0,1.9169999916357483e-06
mlp_aco,10,7645,80,15,2,0.0,0.0,0.0,0.0,0.09907747060060501,False,False,0.0,0.0,0.0,[],0.0,0.0,0,0.0,0,1.9169999916357483e-06
mlp_aco,10,7645,80,15,3,0.0,0.0,0.0,0.0,0.43936213850975037,False,False,0.0,0.0,0.0,[],0.0,0.0,0,0.0,0,1.9169999916357483e-06
mlp_aco,10,7645,80,15,4,0.0,0.0,0.0,0.0,0.20313307642936707,False,False,0.0,0.0,0.0,[],0.0,0.0,0,0.0,0,1.9169999916357483e-06
mlp_aco,10,7646,80,15,1,0.0,118.0,118.0,0.59,0.1812865436077118,False,False,0.0,118.0,0.0,[],0.0,0.0,0,0.0,0,1.667000020688647e-06
mlp_aco,10,7646,80,15,2,0.0,0.0,0.0,0.0,0.09907747060060501,False,False,0.0,0.0,0.0,[],0.0,0.0,0,0.0,0,1.667000020688647e-06
mlp_aco,10,7646,80,15,3,0.0,0.0,0.0,0.0,0.43936213850975037,False,False,0.0,0.0,0.0,[],0.0,0.0,0,0.0,0,1.667000020688647e-06
mlp_aco,10,7646,80,15,4,0.0,0.0,0.0,0.0,0.20313307642936707,False,False,0.0,0.0,0.0,[],0.0,0.0,0,0.0,0,1.667000020688647e-06
mlp_aco,10,7647,80,15,1,0.0,118.0,118.0,0.59,0.24906276166439056,False,False,0.0,118.0,0.0,[],0.0,0.0,0,0.0,0,1.7079999850011518e-06
mlp_aco,10,7647,80,15,2,0.0,0.0,0.0,0.0,0.09907747060060501,False,False,0.0,0.0,0.0,[],0.0,0.0,0,0.0,0,1.7079999850011518e-06
mlp_aco,10,7647,80,15,3,0.0,0.0,0.0,0.0,0.43936213850975037,False,False,0.0,0.0,0.0,[],0.0,0.0,0,0.0,0,1.7079999850011518e-06
mlp_aco,10,7647,80,15,4,0.0,0.0,0.0,0.0,0.20313307642936707,False,False,0.0,0.0,0.0,[],0.0,0.0,0,0.0,0,1.7079999850011518e-06
mlp_aco,10,7648,80,16,1,0.0,118.0,118.0,0.59,0.3524385988712311,False,False,0.0,118.0,0.0,[],0.0,0.0,0,0.0,0,1.7499999955816747e-06
mlp_aco,10,7648,80,16,2,0.0,0.0,0.0,0.0,0.09907747060060501,False,False,0.0,0.0,0.0,[],0.0,0.0,0,0.0,0,1.7499999955816747e-06
mlp_aco,10,7648,80,16,3,0.0,0.0,0.0,0.0,0.43936213850975037,False,False,0.0,0.0,0.0,[],0.0,0.0,0,0.0,0,1.7499999955816747e-06
mlp_aco,10,7648,80,16,4,0.0,0.0,0.0,0.0,0.20313307642936707,False,False,0.0,0.0,0.0,[],0.0,0.0,0,0.0,0,1.7499999955816747e-06
mlp_aco,10,7649,80,16,1,0.0,118.0,118.0,0.59,0.36091679334640503,False,False,0.0,118.0,0.0,[],0.0,0.0,0,0.0,0,1.8750000094769348e-06
mlp_aco,10,7649,80,16,2,0.0,0.0,0.0,0.0,0.09907747060060501,False,False,0.0,0.0,0.0,[],0.0,0.0,0,0.0,0,1.8750000094769348e-06
mlp_aco,10,7649,80,16,3,0.0,0.0,0.0,0.0,0.43936213850975037,False,False,0.0,0.0,0.0,[],0.0,0.0,0,0.0,0,1.8750000094769348e-06
mlp_aco,10,7649,80,16,4,0.0,0.0,0.0,0.0,0.20313307642936707,False,False,0.0,0.0,0.0,[],0.0,0.0,0,0.0,0,1.8750000094769348e-06
mlp_aco,10,7650,80,16,1,0.0,118.0,118.0,0.59,0.36091679334640503,False,False,0.0,118.0,0.0,[],0.0,0.0,0,0.0,0,1.7499999955816747e-06
mlp_aco,10,7650,80,16,2,0.0,0.0,0.0,0.0,0.09907747060060501,False,False,0.0,0.0,0.0,[],0.0,0.0,0,0.0,0,1.7499999955816747e-06
mlp_aco,10,7650,80,16,3,0.0,0.0,0.0,0.0,0.43936213850975037,False,False,0.0,0.0,0.0,[],0.0,0.0,0,0.0,0,1.7499999955816747e-06
mlp_aco,10,7650,80,16,4,0.0,0.0,0.0,0.0,0.20313307642936707,False,False,0.0,0.0,0.0,[],0.0,0.0,0,0.0,0,1.7499999955816747e-06
mlp_aco,10,7651,80,16,1,0.0,118.0,118.0,0.59,0.36091679334640503,False,False,0.0,118.0,0.0,[],0.0,0.0,0,0.0,0,1.6669999922669376e-06
mlp_aco,10,7651,80,16,2,0.0,0.0,0.0,0.0,0.09907747060060501,False,False,0.0,0.0,0.0,[],0.0,0.0,0,0.0,0,1.6669999922669376e-06
mlp_aco,10,7651,80,16,3,0.0,0.0,0.0,0.0,0.43936213850975037,False,False,0.0,0.0,0.0,[],0.0,0.0,0,0.0,0,1.6669999922669376e-06
mlp_aco,10,7651,80,16,4,0.0,0.0,0.0,0.0,0.20313307642936707,False,False,0.0,0.0,0.0,[],0.0,0.0,0,0.0,0,1.6669999922669376e-06
mlp_aco,10,7652,80,17,1,0.0,118.0,118.0,0.59,0.36091679334640503,False,False,0.0,118.0,0.0,[],0.0,0.0,0,0.0,0,1.667000020688647e-06
mlp_aco,10,7652,80,17,2,0.0,0.0,0.0,0.0,0.09907747060060501,False,False,0.0,0.0,0.0,[],0.0,0.0,0,0.0,0,1.667000020688647e-06
mlp_aco,10,7652,80,17,3,0.0,0.0,0.0,0.0,0.43936213850975037,False,False,0.0,0.0,0.0,[],0.0,0.0,0,0.0,0,1.667000020688647e-06
mlp_aco,10,7652,80,17,4,0.0,0.0,0.0,0.0,0.20313307642936707,False,False,0.0,0.0,0.0,[],0.0,0.0,0,0.0,0,1.667000020688647e-06
mlp_aco,10,7653,80,17,1,0.0,118.0,118.0,0.59,0.36091679334640503,False,False,0.0,118.0,0.0,[],0.0,0.0,0,0.0,0,1.6669999922669376e-06
mlp_aco,10,7653,80,17,2,0.0,0.0,0.0,0.0,0.09907747060060501,False,False,0.0,0.0,0.0,[],0.0,0.0,0,0.0,0,1.6669999922669376e-06
mlp_aco,10,7653,80,17,3,0.0,0.0,0.0,0.0,0.43936213850975037,False,False,0.0,0.0,0.0,[],0.0,0.0,0,0.0,0,1.6669999922669376e-06
mlp_aco,10,7653,80,17,4,0.0,0.0,0.0,0.0,0.20313307642936707,False,False,0.0,0.0,0.0,[],0.0,0.0,0,0.0,0,1.6669999922669376e-06
mlp_aco,10,7654,80,17,1,0.0,118.0,118.0,0.59,0.36091679334640503,False,False,0.0,118.0,0.0,[],0.0,0.0,0,0.0,0,1.7079999850011518e-06
mlp_aco,10,7654,80,17,2,0.0,0.0,0.0,0.0,0.09907747060060501,False,False,0.0,0.0,0.0,[],0.0,0.0,0,0.0,0,1.7079999850011518e-06
mlp_aco,10,7654,80,17,3,0.0,0.0,0.0,0.0,0.43936213850975037,False,False,0.0,0.0,0.0,[],0.0,0.0,0,0.0,0,1.7079999850011518e-06
mlp_aco,10,7654,80,17,4,0.0,0.0,0.0,0.0,0.20313307642936707,False,False,0.0,0.0,0.0,[],0.0,0.0,0,0.0,0,1.7079999850011518e-06
mlp_aco,10,7655,80,17,1,0.0,118.0,118.0,0.59,0.36091679334640503,False,False,0.0,118.0,0.0,[],0.0,0.0,0,0.0,0,1.8329999988964119e-06
mlp_aco,10,7655,80,17,2,0.0,0.0,0.0,0.0,0.09907747060060501,False,False,0.0,0.0,0.0,[],0.0,0.0,0,0.0,0,1.8329999988964119e-06
mlp_aco,10,7655,80,17,3,0.0,0.0,0.0,0.0,0.43936213850975037,False,False,0.0,0.0,0.0,[],0.0,0.0,0,0.0,0,1.8329999988964119e-06
mlp_aco,10,7655,80,17,4,0.0,0.0,0.0,0.0,0.20313307642936707,False,False,0.0,0.0,0.0,[],0.0,0.0,0,0.0,0,1.8329999988964119e-06
mlp_aco,10,7656,80,18,1,0.0,118.0,118.0,0.59,0.36091679334640503,False,False,0.0,118.0,0.0,[],0.0,0.0,0,0.0,0,1.7079999850011518e-06
mlp_aco,10,7656,80,18,2,0.0,0.0,0.0,0.0,0.09907747060060501,False,False,0.0,0.0,0.0,[],0.0,0.0,0,0.0,0,1.7079999850011518e-06
mlp_aco,10,7656,80,18,3,0.0,0.0,0.0,0.0,0.43936213850975037,False,False,0.0,0.0,0.0,[],0.0,0.0,0,0.0,0,1.7079999850011518e-06
mlp_aco,10,7656,80,18,4,0.0,0.0,0.0,0.0,0.20313307642936707,False,False,0.0,0.0,0.0,[],0.0,0.0,0,0.0,0,1.7079999850011518e-06
mlp_aco,10,7657,80,18,1,0.0,118.0,118.0,0.59,0.36091679334640503,False,False,0.0,118.0,0.0,[],0.0,0.0,0,0.0,0,1.7920000061621977e-06
mlp_aco,10,7657,80,18,2,0.0,0.0,0.0,0.0,0.09907747060060501,False,False,0.0,0.0,0.0,[],0.0,0.0,0,0.0,0,1.7920000061621977e-06
mlp_aco,10,7657,80,18,3,0.0,0.0,0.0,0.0,0.43936213850975037,False,False,0.0,0.0,0.0,[],0.0,0.0,0,0.0,0,1.7920000061621977e-06
mlp_aco,10,7657,80,18,4,0.0,0.0,0.0,0.0,0.20313307642936707,False,False,0.0,0.0,0.0,[],0.0,0.0,0,0.0,0,1.7920000061621977e-06
mlp_aco,10,7658,80,18,1,0.0,118.0,118.0,0.59,0.36091679334640503,False,False,0.0,118.0,0.0,[],0.0,0.0,0,0.0,0,1.7499999955816747e-06
mlp_aco,10,7658,80,18,2,0.0,0.0,0.0,0.0,0.09907747060060501,False,False,0.0,0.0,0.0,[],0.0,0.0,0,0.0,0,1.7499999955816747e-06
mlp_aco,10,7658,80,18,3,0.0,0.0,0.0,0.0,0.43936213850975037,False,False,0.0,0.0,0.0,[],0.0,0.0,0,0.0,0,1.7499999955816747e-06
mlp_aco,10,7658,80,18,4,0.0,0.0,0.0,0.0,0.20313307642936707,False,False,0.0,0.0,0.0,[],0.0,0.0,0,0.0,0,1.7499999955816747e-06
mlp_aco,10,7659,80,18,1,0.0,118.0,118.0,0.59,0.36091679334640503,False,False,0.0,118.0,0.0,[],0.0,0.0,0,0.0,0,1.7079999850011518e-06
mlp_aco,10,7659,80,18,2,0.0,0.0,0.0,0.0,0.09907747060060501,False,False,0.0,0.0,0.0,[],0.0,0.0,0,0.0,0,1.7079999850011518e-06
mlp_aco,10,7659,80,18,3,0.0,0.0,0.0,0.0,0.43936213850975037,False,False,0.0,0.0,0.0,[],0.0,0.0,0,0.0,0,1.7079999850011518e-06
mlp_aco,10,7659,80,18,4,0.0,0.0,0.0,0.0,0.20313307642936707,False,False,0.0,0.0,0.0,[],0.0,0.0,0,0.0,0,1.7079999850011518e-06
mlp_aco,10,7660,80,19,1,0.0,118.0,118.0,0.59,0.36091679334640503,False,False,0.0,118.0,0.0,[],0.0,0.0,0,0.0,0,1.7089999744257511e-06
mlp_aco,10,7660,80,19,2,0.0,0.0,0.0,0.0,0.09907747060060501,False,False,0.0,0.0,0.0,[],0.0,0.0,0,0.0,0,1.7089999744257511e-06
mlp_aco,10,7660,80,19,3,0.0,0.0,0.0,0.0,0.43936213850975037,False,False,0.0,0.0,0.0,[],0.0,0.0,0,0.0,0,1.7089999744257511e-06
mlp_aco,10,7660,80,19,4,0.0,0.0,0.0,0.0,0.20313307642936707,False,False,0.0,0.0,0.0,[],0.0,0.0,0,0.0,0,1.7089999744257511e-06
mlp_aco,10,7661,80,19,1,0.0,118.0,118.0,0.59,0.36091679334640503,False,False,0.0,118.0,0.0,[],0.0,0.0,0,0.0,0,1.790999988315889e-06
mlp_aco,10,7661,80,19,2,0.0,0.0,0.0,0.0,0.09907747060060501,False,False,0.0,0.0,0.0,[],0.0,0.0,0,0.0,0,1.790999988315889e-06
mlp_aco,10,7661,80,19,3,0.0,0.0,0.0,0.0,0.43936213850975037,False,False,0.0,0.0,0.0,[],0.0,0.0,0,0.0,0,1.790999988315889e-06
mlp_aco,10,7661,80,19,4,0.0,0.0,0.0,0.0,0.20313307642936707,False,False,0.0,0.0,0.0,[],0.0,0.0,0,0.0,0,1.790999988315889e-06
mlp_aco,10,7662,80,19,1,0.0,118.0,118.0,0.59,0.36091679334640503,False,False,0.0,118.0,0.0,[],0.0,0.0,0,0.0,0,1.7499999955816747e-06
mlp_aco,10,7662,80,19,2,0.0,0.0,0.0,0.0,0.09907747060060501,False,False,0.0,0.0,0.0,[],0.0,0.0,0,0.0,0,1.7499999955816747e-06
mlp_aco,10,7662,80,19,3,0.0,0.0,0.0,0.0,0.43936213850975037,False,False,0.0,0.0,0.0,[],0.0,0.0,0,0.0,0,1.7499999955816747e-06
mlp_aco,10,7662,80,19,4,0.0,0.0,0.0,0.0,0.20313307642936707,False,False,0.0,0.0,0.0,[],0.0,0.0,0,0.0,0,1.7499999955816747e-06
mlp_aco,10,7663,80,19,1,0.0,118.0,118.0,0.59,0.36091679334640503,False,False,0.0,118.0,0.0,[],0.0,0.0,0,0.0,0,1.8340000167427206e-06
mlp_aco,10,7663,80,19,2,0.0,0.0,0.0,0.0,0.09907747060060501,False,False,0.0,0.0,0.0,[],0.0,0.0,0,0.0,0,1.8340000167427206e-06
mlp_aco,10,7663,80,19,3,0.0,0.0,0.0,0.0,0.43936213850975037,False,False,0.0,0.0,0.0,[],0.0,0.0,0,0.0,0,1.8340000167427206e-06
mlp_aco,10,7663,80,19,4,0.0,0.0,0.0,0.0,0.20313307642936707,False,False,0.0,0.0,0.0,[],0.0,0.0,0,0.0,0,1.8340000167427206e-06
mlp_aco,10,7664,80,20,1,0.0,118.0,118.0,0.59,0.36091679334640503,False,False,0.0,118.0,0.0,[],0.0,0.0,0,0.0,0,1.790999988315889e-06
mlp_aco,10,7664,80,20,2,0.0,0.0,0.0,0.0,0.09907747060060501,False,False,0.0,0.0,0.0,[],0.0,0.0,0,0.0,0,1.790999988315889e-06
mlp_aco,10,7664,80,20,3,0.0,0.0,0.0,0.0,0.43936213850975037,False,False,0.0,0.0,0.0,[],0.0,0.0,0,0.0,0,1.790999988315889e-06
mlp_aco,10,7664,80,20,4,0.0,0.0,0.0,0.0,0.20313307642936707,False,False,0.0,0.0,0.0,[],0.0,0.0,0,0.0,0,1.790999988315889e-06
mlp_aco,10,7665,80,20,1,0.0,118.0,118.0,0.59,0.36091679334640503,False,False,0.0,118.0,0.0,[],0.0,0.0,0,0.0,0,1.7090000028474606e-06
mlp_aco,10,7665,80,20,2,0.0,0.0,0.0,0.0,0.09907747060060501,False,False,0.0,0.0,0.0,[],0.0,0.0,0,0.0,0,1.7090000028474606e-06
mlp_aco,10,7665,80,20,3,0.0,0.0,0.0,0.0,0.43936213850975037,False,False,0.0,0.0,0.0,[],0.0,0.0,0,0.0,0,1.7090000028474606e-06
mlp_aco,10,7665,80,20,4,0.0,0.0,0.0,0.0,0.20313307642936707,False,False,0.0,0.0,0.0,[],0.0,0.0,0,0.0,0,1.7090000028474606e-06
mlp_aco,10,7666,80,20,1,0.0,118.0,118.0,0.59,0.36091679334640503,False,False,0.0,118.0,0.0,[],0.0,0.0,0,0.0,0,1.667000020688647e-06
mlp_aco,10,7666,80,20,2,0.0,0.0,0.0,0.0,0.09907747060060501,False,False,0.0,0.0,0.0,[],0.0,0.0,0,0.0,0,1.667000020688647e-06
mlp_aco,10,7666,80,20,3,0.0,0.0,0.0,0.0,0.43936213850975037,False,False,0.0,0.0,0.0,[],0.0,0.0,0,0.0,0,1.667000020688647e-06
mlp_aco,10,7666,80,20,4,0.0,0.0,0.0,0.0,0.20313307642936707,False,False,0.0,0.0,0.0,[],0.0,0.0,0,0.0,0,1.667000020688647e-06
mlp_aco,10,7667,80,20,1,0.0,118.0,118.0,0.59,0.36091679334640503,False,False,0.0,118.0,0.0,[],0.0,0.0,0,0.0,0,1.790999988315889e-06
mlp_aco,10,7667,80,20,2,0.0,0.0,0.0,0.0,0.09907747060060501,False,False,0.0,0.0,0.0,[],0.0,0.0,0,0.0,0,1.790999988315889e-06
mlp_aco,10,7667,80,20,3,0.0,0.0,0.0,0.0,0.43936213850975037,False,False,0.0,0.0,0.0,[],0.0,0.0,0,0.0,0,1.790999988315889e-06
mlp_aco,10,7667,80,20,4,0.0,0.0,0.0,0.0,0.20313307642936707,False,False,0.0,0.0,0.0,[],0.0,0.0,0,0.0,0,1.790999988315889e-06
mlp_aco,10,7668,80,21,1,0.0,118.0,118.0,0.59,0.36091679334640503,False,False,0.0,118.0,0.0,[],0.0,0.0,0,0.0,0,1.7919999777404882e-06
mlp_aco,10,7668,80,21,2,0.0,0.0,0.0,0.0,0.09907747060060501,False,False,0.0,0.0,0.0,[],0.0,0.0,0,0.0,0,1.7919999777404882e-06
mlp_aco,10,7668,80,21,3,0.0,0.0,0.0,0.0,0.43936213850975037,False,False,0.0,0.0,0.0,[],0.0,0.0,0,0.0,0,1.7919999777404882e-06
mlp_aco,10,7668,80,21,4,0.0,0.0,0.0,0.0,0.20313307642936707,False,False,0.0,0.0,0.0,[],0.0,0.0,0,0.0,0,1.7919999777404882e-06
mlp_aco,10,7669,80,21,1,0.0,118.0,118.0,0.59,0.36091679334640503,False,False,0.0,118.0,0.0,[],0.0,0.0,0,0.0,0,1.7499999955816747e-06
mlp_aco,10,7669,80,21,2,0.0,0.0,0.0,0.0,0.09907747060060501,False,False,0.0,0.0,0.0,[],0.0,0.0,0,0.0,0,1.7499999955816747e-06
mlp_aco,10,7669,80,21,3,0.0,0.0,0.0,0.0,0.43936213850975037,False,False,0.0,0.0,0.0,[],0.0,0.0,0,0.0,0,1.7499999955816747e-06
mlp_aco,10,7669,80,21,4,0.0,0.0,0.0,0.0,0.20313307642936707,False,False,0.0,0.0,0.0,[],0.0,0.0,0,0.0,0,1.7499999955816747e-06
mlp_aco,10,7670,80,21,1,0.0,118.0,118.0,0.59,0.36091679334640503,False,False,0.0,118.0,0.0,[],0.0,0.0,0,0.0,0,1.7079999850011518e-06
mlp_aco,10,7670,80,21,2,0.0,0.0,0.0,0.0,0.09907747060060501,False,False,0.0,0.0,0.0,[],0.0,0.0,0,0.0,0,1.7079999850011518e-06
mlp_aco,10,7670,80,21,3,0.0,0.0,0.0,0.0,0.43936213850975037,False,False,0.0,0.0,0.0,[],0.0,0.0,0,0.0,0,1.7079999850011518e-06
mlp_aco,10,7670,80,21,4,0.0,0.0,0.0,0.0,0.20313307642936707,False,False,0.0,0.0,0.0,[],0.0,0.0,0,0.0,0,1.7079999850011518e-06
mlp_aco,10,7671,80,21,1,0.0,118.0,118.0,0.59,0.36091679334640503,False,False,0.0,118.0,0.0,[],0.0,0.0,0,0.0,0,1.7499999955816747e-06
mlp_aco,10,7671,80,21,2,0.0,0.0,0.0,0.0,0.09907747060060501,False,False,0.0,0.0,0.0,[],0.0,0.0,0,0.0,0,1.7499999955816747e-06
mlp_aco,10,7671,80,21,3,0.0,0.0,0.0,0.0,0.43936213850975037,False,False,0.0,0.0,0.0,[],0.0,0.0,0,0.0,0,1.7499999955816747e-06
mlp_aco,10,7671,80,21,4,0.0,0.0,0.0,0.0,0.20313307642936707,False,False,0.0,0.0,0.0,[],0.0,0.0,0,0.0,0,1.7499999955816747e-06
mlp_aco,10,7672,80,22,1,0.0,118.0,118.0,0.59,0.36091679334640503,False,False,0.0,118.0,0.0,[],0.0,0.0,0,0.0,0,1.7080000134228612e-06
mlp_aco,10,7672,80,22,2,0.0,0.0,0.0,0.0,0.09907747060060501,False,False,0.0,0.0,0.0,[],0.0,0.0,0,0.0,0,1.7080000134228612e-06
mlp_aco,10,7672,80,22,3,0.0,0.0,0.0,0.0,0.43936213850975037,False,False,0.0,0.0,0.0,[],0.0,0.0,0,0.0,0,1.7080000134228612e-06
mlp_aco,10,7672,80,22,4,0.0,0.0,0.0,0.0,0.20313307642936707,False,False,0.0,0.0,0.0,[],0.0,0.0,0,0.0,0,1.7080000134228612e-06
mlp_aco,10,7673,80,22,1,0.0,118.0,118.0,0.59,0.36091679334640503,False,False,0.0,118.0,0.0,[],0.0,0.0,0,0.0,0,1.7499999955816747e-06
mlp_aco,10,7673,80,22,2,0.0,0.0,0.0,0.0,0.09907747060060501,False,False,0.0,0.0,0.0,[],0.0,0.0,0,0.0,0,1.7499999955816747e-06
mlp_aco,10,7673,80,22,3,0.0,0.0,0.0,0.0,0.43936213850975037,False,False,0.0,0.0,0.0,[],0.0,0.0,0,0.0,0,1.7499999955816747e-06
mlp_aco,10,7673,80,22,4,0.0,0.0,0.0,0.0,0.20313307642936707,False,False,0.0,0.0,0.0,[],0.0,0.0,0,0.0,0,1.7499999955816747e-06
mlp_aco,10,7674,80,22,1,0.0,118.0,118.0,0.59,0.36091679334640503,False,False,0.0,118.0,0.0,[],0.0,0.0,0,0.0,0,1.6669999922669376e-06
mlp_aco,10,7674,80,22,2,0.0,0.0,0.0,0.0,0.09907747060060501,False,False,0.0,0.0,0.0,[],0.0,0.0,0,0.0,0,1.6669999922669376e-06
mlp_aco,10,7674,80,22,3,0.0,0.0,0.0,0.0,0.43936213850975037,False,False,0.0,0.0,0.0,[],0.0,0.0,0,0.0,0,1.6669999922669376e-06
mlp_aco,10,7674,80,22,4,0.0,0.0,0.0,0.0,0.20313307642936707,False,False,0.0,0.0,0.0,[],0.0,0.0,0,0.0,0,1.6669999922669376e-06
mlp_aco,10,7675,80,22,1,0.0,118.0,118.0,0.59,0.36091679334640503,False,False,0.0,118.0,0.0,[],0.0,0.0,0,0.0,0,1.7080000134228612e-06
mlp_aco,10,7675,80,22,2,0.0,0.0,0.0,0.0,0.09907747060060501,False,False,0.0,0.0,0.0,[],0.0,0.0,0,0.0,0,1.7080000134228612e-06
mlp_aco,10,7675,80,22,3,0.0,0.0,0.0,0.0,0.43936213850975037,False,False,0.0,0.0,0.0,[],0.0,0.0,0,0.0,0,1.7080000134228612e-06
mlp_aco,10,7675,80,22,4,0.0,0.0,0.0,0.0,0.20313307642936707,False,False,0.0,0.0,0.0,[],0.0,0.0,0,0.0,0,1.7080000134228612e-06
mlp_aco,10,7676,80,23,1,0.0,118.0,118.0,0.59,0.36091679334640503,False,False,0.0,118.0,0.0,[],0.0,0.0,0,0.0,0,1.8329999988964119e-06
mlp_aco,10,7676,80,23,2,0.0,0.0,0.0,0.0,0.09907747060060501,False,False,0.0,0.0,0.0,[],0.0,0.0,0,0.0,0,1.8329999988964119e-06
mlp_aco,10,7676,80,23,3,0.0,0.0,0.0,0.0,0.43936213850975037,False,False,0.0,0.0,0.0,[],0.0,0.0,0,0.0,0,1.8329999988964119e-06
mlp_aco,10,7676,80,23,4,0.0,0.0,0.0,0.0,0.20313307642936707,False,False,0.0,0.0,0.0,[],0.0,0.0,0,0.0,0,1.8329999988964119e-06
mlp_aco,10,7677,80,23,1,0.0,118.0,118.0,0.59,0.36091679334640503,False,False,0.0,118.0,0.0,[],0.0,0.0,0,0.0,0,1.7499999955816747e-06
mlp_aco,10,7677,80,23,2,0.0,0.0,0.0,0.0,0.09907747060060501,False,False,0.0,0.0,0.0,[],0.0,0.0,0,0.0,0,1.7499999955816747e-06
mlp_aco,10,7677,80,23,3,0.0,0.0,0.0,0.0,0.43936213850975037,False,False,0.0,0.0,0.0,[],0.0,0.0,0,0.0,0,1.7499999955816747e-06
mlp_aco,10,7677,80,23,4,0.0,0.0,0.0,0.0,0.20313307642936707,False,False,0.0,0.0,0.0,[],0.0,0.0,0,0.0,0,1.7499999955816747e-06
mlp_aco,10,7678,80,23,1,0.0,118.0,118.0,0.59,0.36091679334640503,False,False,0.0,118.0,0.0,[],0.0,0.0,0,0.0,0,1.7499999955816747e-06
mlp_aco,10,7678,80,23,2,0.0,0.0,0.0,0.0,0.09907747060060501,False,False,0.0,0.0,0.0,[],0.0,0.0,0,0.0,0,1.7499999955816747e-06
mlp_aco,10,7678,80,23,3,0.0,0.0,0.0,0.0,0.43936213850975037,False,False,0.0,0.0,0.0,[],0.0,0.0,0,0.0,0,1.7499999955816747e-06
mlp_aco,10,7678,80,23,4,0.0,0.0,0.0,0.0,0.20313307642936707,False,False,0.0,0.0,0.0,[],0.0,0.0,0,0.0,0,1.7499999955816747e-06
mlp_aco,10,7679,80,23,1,0.0,118.0,118.0,0.59,0.36091679334640503,False,False,0.0,118.0,0.0,[],0.0,0.0,0,0.0,0,1.8750000094769348e-06
mlp_aco,10,7679,80,23,2,0.0,0.0,0.0,0.0,0.09907747060060501,False,False,0.0,0.0,0.0,[],0.0,0.0,0,0.0,0,1.8750000094769348e-06
mlp_aco,10,7679,80,23,3,0.0,0.0,0.0,0.0,0.43936213850975037,False,False,0.0,0.0,0.0,[],0.0,0.0,0,0.0,0,1.8750000094769348e-06
mlp_aco,10,7679,80,23,4,0.0,0.0,0.0,0.0,0.20313307642936707,False,False,0.0,0.0,0.0,[],0.0,0.0,0,0.0,0,1.8750000094769348e-06
mlp_aco,10,7680,81,0,1,35.0,118.0,153.0,0.765,0.9999980926513672,True,True,30.0,123.0,0.0,[1],10.0,10.0,1,10.0,0,0.009117833999994218
mlp_aco,10,7680,81,0,2,0.0,0.0,0.0,0.0,0.09907747060060501,False,False,0.0,0.0,0.0,[],10.0,10.0,1,10.0,0,0.009117833999994218
mlp_aco,10,7680,81,0,3,0.0,0.0,0.0,0.0,0.43936213850975037,False,False,0.0,0.0,0.0,[],10.0,10.0,1,10.0,0,0.009117833999994218
mlp_aco,10,7680,81,0,4,0.0,0.0,0.0,0.0,0.20313307642936707,False,False,0.0,0.0,0.0,[],10.0,10.0,1,10.0,0,0.009117833999994218
mlp_aco,10,7681,81,0,1,36.0,123.0,159.0,0.795,0.9999997019767761,True,True,30.0,129.0,0.0,[1],10.0,10.0,1,10.0,0,0.008852667000013525
mlp_aco,10,7681,81,0,2,0.0,0.0,0.0,0.0,0.09907747060060501,False,False,0.0,0.0,0.0,[],10.0,10.0,1,10.0,0,0.008852667000013525
mlp_aco,10,7681,81,0,3,0.0,0.0,0.0,0.0,0.43936213850975037,False,False,0.0,0.0,0.0,[],10.0,10.0,1,10.0,0,0.008852667000013525
mlp_aco,10,7681,81,0,4,0.0,0.0,0.0,0.0,0.20313307642936707,False,False,0.0,0.0,0.0,[],10.0,10.0,1,10.0,0,0.008852667000013525
mlp_aco,10,7682,81,0,1,36.0,129.0,165.0,0.825,1.0,True,True,30.0,135.0,0.0,[1],10.0,10.0,1,10.0,0,0.009006499999998141
mlp_aco,10,7682,81,0,2,0.0,0.0,0.0,0.0,0.09907747060060501,False,False,0.0,0.0,0.0,[],10.0,10.0,1,10.0,0,0.009006499999998141
mlp_aco,10,7682,81,0,3,0.0,0.0,0.0,0.0,0.43936213850975037,False,False,0.0,0.0,0.0,[],10.0,10.0,1,10.0,0,0.009006499999998141
mlp_aco,10,7682,81,0,4,0.0,0.0,0.0,0.0,0.20313307642936707,False,False,0.0,0.0,0.0,[],10.0,10.0,1,10.0,0,0.009006499999998141
mlp_aco,10,7683,81,0,1,36.0,135.0,171.0,0.855,1.0,True,True,30.0,141.0,0.0,[1],10.0,10.0,1,10.0,0,0.009122375000004013
mlp_aco,10,7683,81,0,2,0.0,0.0,0.0,0.0,0.09907747060060501,False,False,0.0,0.0,0.0,[],10.0,10.0,1,10.0,0,0.009122375000004013
mlp_aco,10,7683,81,0,3,0.0,0.0,0.0,0.0,0.43936213850975037,False,False,0.0,0.0,0.0,[],10.0,10.0,1,10.0,0,0.009122375000004013
mlp_aco,10,7683,81,0,4,0.0,0.0,0.0,0.0,0.20313307642936707,False,False,0.0,0.0,0.0,[],10.0,10.0,1,10.0,0,0.009122375000004013
mlp_aco,10,7684,81,1,1,37.0,141.0,178.0,0.89,1.0,True,True,30.0,148.0,0.0,[1],10.0,10.0,1,10.0,0,0.008953208999997742
mlp_aco,10,7684,81,1,2,0.0,0.0,0.0,0.0,0.09907747060060501,False,False,0.0,0.0,0.0,[],10.0,10.0,1,10.0,0,0.008953208999997742
mlp_aco,10,7684,81,1,3,0.0,0.0,0.0,0.0,0.43936213850975037,False,False,0.0,0.0,0.0,[],10.0,10.0,1,10.0,0,0.008953208999997742
mlp_aco,10,7684,81,1,4,0.0,0.0,0.0,0.0,0.20313307642936707,False,False,0.0,0.0,0.0,[],10.0,10.0,1,10.0,0,0.008953208999997742
mlp_aco,10,7685,81,1,1,36.0,148.0,184.0,0.92,1.0,True,True,30.0,154.0,0.0,[1],10.0,10.0,1,10.0,0,0.009081792000017685
mlp_aco,10,7685,81,1,2,0.0,0.0,0.0,0.0,0.09907747060060501,False,False,0.0,0.0,0.0,[],10.0,10.0,1,10.0,0,0.009081792000017685
mlp_aco,10,7685,81,1,3,0.0,0.0,0.0,0.0,0.43936213850975037,False,False,0.0,0.0,0.0,[],10.0,10.0,1,10.0,0,0.009081792000017685
mlp_aco,10,7685,81,1,4,0.0,0.0,0.0,0.0,0.20313307642936707,False,False,0.0,0.0,0.0,[],10.0,10.0,1,10.0,0,0.009081792000017685
mlp_aco,10,7686,81,1,1,35.0,154.0,189.0,0.945,1.0,True,True,30.0,159.0,0.0,[1],10.0,10.0,1,10.0,0,0.009034250000013344
mlp_aco,10,7686,81,1,2,0.0,0.0,0.0,0.0,0.09907747060060501,False,False,0.0,0.0,0.0,[],10.0,10.0,1,10.0,0,0.009034250000013344
mlp_aco,10,7686,81,1,3,0.0,0.0,0.0,0.0,0.43936213850975037,False,False,0.0,0.0,0.0,[],10.0,10.0,1,10.0,0,0.009034250000013344
mlp_aco,10,7686,81,1,4,0.0,0.0,0.0,0.0,0.20313307642936707,False,False,0.0,0.0,0.0,[],10.0,10.0,1,10.0,0,0.009034250000013344
mlp_aco,10,7687,81,1,1,29.0,159.0,188.0,0.94,1.0,True,True,30.0,158.0,0.0,[1],10.0,10.0,1,10.0,0,0.009137957999996615
mlp_aco,10,7687,81,1,2,0.0,0.0,0.0,0.0,0.09907747060060501,False,False,0.0,0.0,0.0,[],10.0,10.0,1,10.0,0,0.009137957999996615
mlp_aco,10,7687,81,1,3,0.0,0.0,0.0,0.0,0.43936213850975037,False,False,0.0,0.0,0.0,[],10.0,10.0,1,10.0,0,0.009137957999996615
mlp_aco,10,7687,81,1,4,0.0,0.0,0.0,0.0,0.20313307642936707,False,False,0.0,0.0,0.0,[],10.0,10.0,1,10.0,0,0.009137957999996615
mlp_aco,10,7688,81,2,1,19.0,158.0,177.0,0.885,0.9999992251396179,True,True,30.0,147.0,0.0,[1],10.0,10.0,1,10.0,0,0.00906508399998529
mlp_aco,10,7688,81,2,2,0.0,0.0,0.0,0.0,0.09907747060060501,False,False,0.0,0.0,0.0,[],10.0,10.0,1,10.0,0,0.00906508399998529
mlp_aco,10,7688,81,2,3,0.0,0.0,0.0,0.0,0.43936213850975037,False,False,0.0,0.0,0.0,[],10.0,10.0,1,10.0,0,0.00906508399998529
mlp_aco,10,7688,81,2,4,0.0,0.0,0.0,0.0,0.20313307642936707,False,False,0.0,0.0,0.0,[],10.0,10.0,1,10.0,0,0.00906508399998529
mlp_aco,10,7689,81,2,1,19.0,147.0,166.0,0.83,0.9999849796295166,True,True,30.0,136.0,0.0,[1],10.0,10.0,1,10.0,0,0.008814833999991833
mlp_aco,10,7689,81,2,2,0.0,0.0,0.0,0.0,0.09907747060060501,False,False,0.0,0.0,0.0,[],10.0,10.0,1,10.0,0,0.008814833999991833
mlp_aco,10,7689,81,2,3,0.0,0.0,0.0,0.0,0.43936213850975037,False,False,0.0,0.0,0.0,[],10.0,10.0,1,10.0,0,0.008814833999991833
mlp_aco,10,7689,81,2,4,0.0,0.0,0.0,0.0,0.20313307642936707,False,False,0.0,0.0,0.0,[],10.0,10.0,1,10.0,0,0.008814833999991833
mlp_aco,10,7690,81,2,1,15.0,136.0,151.0,0.755,0.9979323148727417,True,True,30.0,121.0,0.0,[1],10.0,10.0,1,10.0,0,0.0088886670000079
mlp_aco,10,7690,81,2,2,0.0,0.0,0.0,0.0,0.09907747060060501,False,False,0.0,0.0,0.0,[],10.0,10.0,1,10.0,0,0.0088886670000079
mlp_aco,10,7690,81,2,3,0.0,0.0,0.0,0.0,0.43936213850975037,False,False,0.0,0.0,0.0,[],10.0,10.0,1,10.0,0,0.0088886670000079
mlp_aco,10,7690,81,2,4,0.0,0.0,0.0,0.0,0.20313307642936707,False,False,0.0,0.0,0.0,[],10.0,10.0,1,10.0,0,0.0088886670000079
mlp_aco,10,7691,81,2,1,17.0,121.0,138.0,0.69,0.9948408007621765,True,True,30.0,108.0,0.0,[1],10.0,10.0,1,10.0,0,0.00895029200000863
mlp_aco,10,7691,81,2,2,0.0,0.0,0.0,0.0,0.09907747060060501,False,False,0.0,0.0,0.0,[],10.0,10.0,1,10.0,0,0.00895029200000863
mlp_aco,10,7691,81,2,3,0.0,0.0,0.0,0.0,0.43936213850975037,False,False,0.0,0.0,0.0,[],10.0,10.0,1,10.0,0,0.00895029200000863
mlp_aco,10,7691,81,2,4,0.0,0.0,0.0,0.0,0.20313307642936707,False,False,0.0,0.0,0.0,[],10.0,10.0,1,10.0,0,0.00895029200000863
mlp_aco,10,7692,81,3,1,19.0,108.0,127.0,0.635,0.9926163554191589,True,True,30.0,97.0,0.0,[1],10.0,10.0,1,10.0,0,0.00906212500001402
mlp_aco,10,7692,81,3,2,0.0,0.0,0.0,0.0,0.09907747060060501,False,False,0.0,0.0,0.0,[],10.0,10.0,1,10.0,0,0.00906212500001402
mlp_aco,10,7692,81,3,3,0.0,0.0,0.0,0.0,0.43936213850975037,False,False,0.0,0.0,0.0,[],10.0,10.0,1,10.0,0,0.00906212500001402
mlp_aco,10,7692,81,3,4,0.0,0.0,0.0,0.0,0.20313307642936707,False,False,0.0,0.0,0.0,[],10.0,10.0,1,10.0,0,0.00906212500001402
mlp_aco,10,7693,81,3,1,19.0,97.0,116.0,0.58,0.9805437326431274,True,True,30.0,86.0,0.0,[1],10.0,10.0,1,10.0,0,0.00907491699999241
mlp_aco,10,7693,81,3,2,0.0,0.0,0.0,0.0,0.09907747060060501,False,False,0.0,0.0,0.0,[],10.0,10.0,1,10.0,0,0.00907491699999241
mlp_aco,10,7693,81,3,3,0.0,0.0,0.0,0.0,0.43936213850975037,False,False,0.0,0.0,0.0,[],10.0,10.0,1,10.0,0,0.00907491699999241
mlp_aco,10,7693,81,3,4,0.0,0.0,0.0,0.0,0.20313307642936707,False,False,0.0,0.0,0.0,[],10.0,10.0,1,10.0,0,0.00907491699999241
mlp_aco,10,7694,81,3,1,39.0,86.0,125.0,0.625,0.9999871253967285,True,True,30.0,95.0,0.0,[1],10.0,10.0,1,10.0,0,0.009117957999990267
mlp_aco,10,7694,81,3,2,0.0,0.0,0.0,0.0,0.09907747060060501,False,False,0.0,0.0,0.0,[],10.0,10.0,1,10.0,0,0.009117957999990267
mlp_aco,10,7694,81,3,3,0.0,0.0,0.0,0.0,0.43936213850975037,False,False,0.0,0.0,0.0,[],10.0,10.0,1,10.0,0,0.009117957999990267
mlp_aco,10,7694,81,3,4,0.0,0.0,0.0,0.0,0.20313307642936707,False,False,0.0,0.0,0.0,[],10.0,10.0,1,10.0,0,0.009117957999990267
mlp_aco,10,7695,81,3,1,50.0,95.0,145.0,0.725,1.0,True,True,30.0,115.0,0.0,[1],10.0,10.0,1,10.0,0,0.009075542000005044
mlp_aco,10,7695,81,3,2,0.0,0.0,0.0,0.0,0.09907747060060501,False,False,0.0,0.0,0.0,[],10.0,10.0,1,10.0,0,0.009075542000005044
mlp_aco,10,7695,81,3,3,0.0,0.0,0.0,0.0,0.43936213850975037,False,False,0.0,0.0,0.0,[],10.0,10.0,1,10.0,0,0.009075542000005044
mlp_aco,10,7695,81,3,4,0.0,0.0,0.0,0.0,0.20313307642936707,False,False,0.0,0.0,0.0,[],10.0,10.0,1,10.0,0,0.009075542000005044
mlp_aco,10,7696,81,4,1,50.0,115.0,165.0,0.825,1.0,True,True,30.0,135.0,0.0,[1],10.0,10.0,1,10.0,0,0.008961625000011963
mlp_aco,10,7696,81,4,2,0.0,0.0,0.0,0.0,0.09907747060060501,False,False,0.0,0.0,0.0,[],10.0,10.0,1,10.0,0,0.008961625000011963
mlp_aco,10,7696,81,4,3,0.0,0.0,0.0,0.0,0.43936213850975037,False,False,0.0,0.0,0.0,[],10.0,10.0,1,10.0,0,0.008961625000011963
mlp_aco,10,7696,81,4,4,0.0,0.0,0.0,0.0,0.20313307642936707,False,False,0.0,0.0,0.0,[],10.0,10.0,1,10.0,0,0.008961625000011963
mlp_aco,10,7697,81,4,1,49.0,135.0,184.0,0.92,1.0,True,True,30.0,154.0,0.0,[1],10.0,10.0,1,10.0,0,0.008944374999998672
mlp_aco,10,7697,81,4,2,0.0,0.0,0.0,0.0,0.09907747060060501,False,False,0.0,0.0,0.0,[],10.0,10.0,1,10.0,0,0.008944374999998672
mlp_aco,10,7697,81,4,3,0.0,0.0,0.0,0.0,0.43936213850975037,False,False,0.0,0.0,0.0,[],10.0,10.0,1,10.0,0,0.008944374999998672
mlp_aco,10,7697,81,4,4,0.0,0.0,0.0,0.0,0.20313307642936707,False,False,0.0,0.0,0.0,[],10.0,10.0,1,10.0,0,0.008944374999998672
mlp_aco,10,7698,81,4,1,52.0,154.0,206.0,1.03,1.0,True,True,30.0,176.0,0.0,[1],10.0,10.0,1,10.0,0,0.00897916699997836
mlp_aco,10,7698,81,4,2,0.0,0.0,0.0,0.0,0.09907747060060501,False,False,0.0,0.0,0.0,[],10.0,10.0,1,10.0,0,0.00897916699997836
mlp_aco,10,7698,81,4,3,0.0,0.0,0.0,0.0,0.43936213850975037,False,False,0.0,0.0,0.0,[],10.0,10.0,1,10.0,0,0.00897916699997836
mlp_aco,10,7698,81,4,4,0.0,0.0,0.0,0.0,0.20313307642936707,False,False,0.0,0.0,0.0,[],10.0,10.0,1,10.0,0,0.00897916699997836
mlp_aco,10,7699,81,4,1,50.0,176.0,226.0,1.13,1.0,True,True,30.0,196.0,0.0,[1],10.0,10.0,1,10.0,0,0.00882025000001363
mlp_aco,10,7699,81,4,2,0.0,0.0,0.0,0.0,0.09907747060060501,False,False,0.0,0.0,0.0,[],10.0,10.0,1,10.0,0,0.00882025000001363
mlp_aco,10,7699,81,4,3,0.0,0.0,0.0,0.0,0.43936213850975037,False,False,0.0,0.0,0.0,[],10.0,10.0,1,10.0,0,0.00882025000001363
mlp_aco,10,7699,81,4,4,0.0,0.0,0.0,0.0,0.20313307642936707,False,False,0.0,0.0,0.0,[],10.0,10.0,1,10.0,0,0.00882025000001363
mlp_aco,10,7700,81,5,1,52.0,196.0,248.0,1.24,1.0,True,True,30.0,200.0,18.0,[1],10.0,10.0,1,10.0,0,0.008870916000006446
mlp_aco,10,7700,81,5,2,0.0,0.0,0.0,0.0,0.09907747060060501,False,False,0.0,0.0,0.0,[],10.0,10.0,1,10.0,0,0.008870916000006446
mlp_aco,10,7700,81,5,3,0.0,0.0,0.0,0.0,0.43936213850975037,False,False,0.0,0.0,0.0,[],10.0,10.0,1,10.0,0,0.008870916000006446
mlp_aco,10,7700,81,5,4,0.0,0.0,0.0,0.0,0.20313307642936707,False,False,0.0,0.0,0.0,[],10.0,10.0,1,10.0,0,0.008870916000006446
mlp_aco,10,7701,81,5,1,49.0,200.0,249.0,1.245,1.0,True,True,30.0,200.0,19.0,[1],10.0,10.0,1,10.0,0,0.009047415999987152
mlp_aco,10,7701,81,5,2,0.0,0.0,0.0,0.0,0.09907747060060501,False,False,0.0,0.0,0.0,[],10.0,10.0,1,10.0,0,0.009047415999987152
mlp_aco,10,7701,81,5,3,0.0,0.0,0.0,0.0,0.43936213850975037,False,False,0.0,0.0,0.0,[],10.0,10.0,1,10.0,0,0.009047415999987152
mlp_aco,10,7701,81,5,4,0.0,0.0,0.0,0.0,0.20313307642936707,False,False,0.0,0.0,0.0,[],10.0,10.0,1,10.0,0,0.009047415999987152
mlp_aco,10,7702,81,5,1,52.0,200.0,252.0,1.26,1.0,True,True,30.0,200.0,22.0,[1],10.0,10.0,1,10.0,0,0.009130042000009553
mlp_aco,10,7702,81,5,2,0.0,0.0,0.0,0.0,0.09907747060060501,False,False,0.0,0.0,0.0,[],10.0,10.0,1,10.0,0,0.009130042000009553
mlp_aco,10,7702,81,5,3,0.0,0.0,0.0,0.0,0.43936213850975037,False,False,0.0,0.0,0.0,[],10.0,10.0,1,10.0,0,0.009130042000009553
mlp_aco,10,7702,81,5,4,0.0,0.0,0.0,0.0,0.20313307642936707,False,False,0.0,0.0,0.0,[],10.0,10.0,1,10.0,0,0.009130042000009553
mlp_aco,10,7703,81,5,1,50.0,200.0,250.0,1.25,1.0,True,True,30.0,200.0,20.0,[1],10.0,10.0,1,10.0,0,0.009073749999998881
mlp_aco,10,7703,81,5,2,0.0,0.0,0.0,0.0,0.09907747060060501,False,False,0.0,0.0,0.0,[],10.0,10.0,1,10.0,0,0.009073749999998881
mlp_aco,10,7703,81,5,3,0.0,0.0,0.0,0.0,0.43936213850975037,False,False,0.0,0.0,0.0,[],10.0,10.0,1,10.0,0,0.009073749999998881
mlp_aco,10,7703,81,5,4,0.0,0.0,0.0,0.0,0.20313307642936707,False,False,0.0,0.0,0.0,[],10.0,10.0,1,10.0,0,0.009073749999998881
mlp_aco,10,7704,81,6,1,52.0,200.0,252.0,1.26,1.0,True,True,30.0,200.0,22.0,[1],10.0,10.0,1,10.0,0,0.009134249999988242
mlp_aco,10,7704,81,6,2,0.0,0.0,0.0,0.0,0.09907747060060501,False,False,0.0,0.0,0.0,[],10.0,10.0,1,10.0,0,0.009134249999988242
mlp_aco,10,7704,81,6,3,0.0,0.0,0.0,0.0,0.43936213850975037,False,False,0.0,0.0,0.0,[],10.0,10.0,1,10.0,0,0.009134249999988242
mlp_aco,10,7704,81,6,4,0.0,0.0,0.0,0.0,0.20313307642936707,False,False,0.0,0.0,0.0,[],10.0,10.0,1,10.0,0,0.009134249999988242
mlp_aco,10,7705,81,6,1,53.0,200.0,253.0,1.265,1.0,True,True,30.0,200.0,23.0,[1],10.0,10.0,1,10.0,0,0.00899504100001991
mlp_aco,10,7705,81,6,2,0.0,0.0,0.0,0.0,0.09907747060060501,False,False,0.0,0.0,0.0,[],10.0,10.0,1,10.0,0,0.00899504100001991
mlp_aco,10,7705,81,6,3,0.0,0.0,0.0,0.0,0.43936213850975037,False,False,0.0,0.0,0.0,[],10.0,10.0,1,10.0,0,0.00899504100001991
mlp_aco,10,7705,81,6,4,0.0,0.0,0.0,0.0,0.20313307642936707,False,False,0.0,0.0,0.0,[],10.0,10.0,1,10.0,0,0.00899504100001991
mlp_aco,10,7706,81,6,1,52.0,200.0,252.0,1.26,1.0,True,True,30.0,200.0,22.0,[1],10.0,10.0,1,10.0,0,0.008969832999980554
mlp_aco,10,7706,81,6,2,0.0,0.0,0.0,0.0,0.09907747060060501,False,False,0.0,0.0,0.0,[],10.0,10.0,1,10.0,0,0.008969832999980554
mlp_aco,10,7706,81,6,3,0.0,0.0,0.0,0.0,0.43936213850975037,False,False,0.0,0.0,0.0,[],10.0,10.0,1,10.0,0,0.008969832999980554
mlp_aco,10,7706,81,6,4,0.0,0.0,0.0,0.0,0.20313307642936707,False,False,0.0,0.0,0.0,[],10.0,10.0,1,10.0,0,0.008969832999980554
mlp_aco,10,7707,81,6,1,51.0,200.0,251.0,1.255,1.0,True,True,30.0,200.0,21.0,[1],10.0,10.0,1,10.0,0,0.008827916000001323
mlp_aco,10,7707,81,6,2,0.0,0.0,0.0,0.0,0.09907747060060501,False,False,0.0,0.0,0.0,[],10.0,10.0,1,10.0,0,0.008827916000001323
mlp_aco,10,7707,81,6,3,0.0,0.0,0.0,0.0,0.43936213850975037,False,False,0.0,0.0,0.0,[],10.0,10.0,1,10.0,0,0.008827916000001323
mlp_aco,10,7707,81,6,4,0.0,0.0,0.0,0.0,0.20313307642936707,False,False,0.0,0.0,0.0,[],10.0,10.0,1,10.0,0,0.008827916000001323
mlp_aco,10,7708,81,7,1,48.0,200.0,248.0,1.24,1.0,True,True,30.0,200.0,18.0,[1],10.0,10.0,1,10.0,0,0.009029874999981757
mlp_aco,10,7708,81,7,2,0.0,0.0,0.0,0.0,0.09907747060060501,False,False,0.0,0.0,0.0,[],10.0,10.0,1,10.0,0,0.009029874999981757
mlp_aco,10,7708,81,7,3,0.0,0.0,0.0,0.0,0.43936213850975037,False,False,0.0,0.0,0.0,[],10.0,10.0,1,10.0,0,0.009029874999981757
mlp_aco,10,7708,81,7,4,0.0,0.0,0.0,0.0,0.20313307642936707,False,False,0.0,0.0,0.0,[],10.0,10.0,1,10.0,0,0.009029874999981757
mlp_aco,10,7709,81,7,1,48.0,200.0,248.0,1.24,1.0,True,True,30.0,200.0,18.0,[1],10.0,10.0,1,10.0,0,0.009077749999988782
mlp_aco,10,7709,81,7,2,0.0,0.0,0.0,0.0,0.09907747060060501,False,False,0.0,0.0,0.0,[],10.0,10.0,1,10.0,0,0.009077749999988782
mlp_aco,10,7709,81,7,3,0.0,0.0,0.0,0.0,0.43936213850975037,False,False,0.0,0.0,0.0,[],10.0,10.0,1,10.0,0,0.009077749999988782
mlp_aco,10,7709,81,7,4,0.0,0.0,0.0,0.0,0.20313307642936707,False,False,0.0,0.0,0.0,[],10.0,10.0,1,10.0,0,0.009077749999988782
mlp_aco,10,7710,81,7,1,50.0,200.0,250.0,1.25,1.0,True,True,30.0,200.0,20.0,[1],10.0,10.0,1,10.0,0,0.009114167000007
mlp_aco,10,7710,81,7,2,0.0,0.0,0.0,0.0,0.09907747060060501,False,False,0.0,0.0,0.0,[],10.0,10.0,1,10.0,0,0.009114167000007
mlp_aco,10,7710,81,7,3,0.0,0.0,0.0,0.0,0.43936213850975037,False,False,0.0,0.0,0.0,[],10.0,10.0,1,10.0,0,0.009114167000007
mlp_aco,10,7710,81,7,4,0.0,0.0,0.0,0.0,0.20313307642936707,False,False,0.0,0.0,0.0,[],10.0,10.0,1,10.0,0,0.009114167000007
mlp_aco,10,7711,81,7,1,48.0,200.0,248.0,1.24,1.0,True,True,30.0,200.0,18.0,[1],10.0,10.0,1,10.0,0,0.009121582999995326
mlp_aco,10,7711,81,7,2,0.0,0.0,0.0,0.0,0.09907747060060501,False,False,0.0,0.0,0.0,[],10.0,10.0,1,10.0,0,0.009121582999995326
mlp_aco,10,7711,81,7,3,0.0,0.0,0.0,0.0,0.43936213850975037,False,False,0.0,0.0,0.0,[],10.0,10.0,1,10.0,0,0.009121582999995326
mlp_aco,10,7711,81,7,4,0.0,0.0,0.0,0.0,0.20313307642936707,False,False,0.0,0.0,0.0,[],10.0,10.0,1,10.0,0,0.009121582999995326
mlp_aco,10,7712,81,8,1,47.0,200.0,247.0,1.235,1.0,True,True,30.0,200.0,17.0,[1],10.0,10.0,1,10.0,0,0.008971624999986716
mlp_aco,10,7712,81,8,2,0.0,0.0,0.0,0.0,0.09907747060060501,False,False,0.0,0.0,0.0,[],10.0,10.0,1,10.0,0,0.008971624999986716
mlp_aco,10,7712,81,8,3,0.0,0.0,0.0,0.0,0.43936213850975037,False,False,0.0,0.0,0.0,[],10.0,10.0,1,10.0,0,0.008971624999986716
mlp_aco,10,7712,81,8,4,0.0,0.0,0.0,0.0,0.20313307642936707,False,False,0.0,0.0,0.0,[],10.0,10.0,1,10.0,0,0.008971624999986716
mlp_aco,10,7713,81,8,1,48.0,200.0,248.0,1.24,1.0,True,True,30.0,200.0,18.0,[1],10.0,10.0,1,10.0,0,0.008983916000005365
mlp_aco,10,7713,81,8,2,0.0,0.0,0.0,0.0,0.09907747060060501,False,False,0.0,0.0,0.0,[],10.0,10.0,1,10.0,0,0.008983916000005365
mlp_aco,10,7713,81,8,3,0.0,0.0,0.0,0.0,0.43936213850975037,False,False,0.0,0.0,0.0,[],10.0,10.0,1,10.0,0,0.008983916000005365
mlp_aco,10,7713,81,8,4,0.0,0.0,0.0,0.0,0.20313307642936707,False,False,0.0,0.0,0.0,[],10.0,10.0,1,10.0,0,0.008983916000005365
mlp_aco,10,7714,81,8,1,49.0,200.0,249.0,1.245,1.0,True,True,30.0,200.0,19.0,[1],10.0,10.0,1,10.0,0,0.008774000000016713
mlp_aco,10,7714,81,8,2,0.0,0.0,0.0,0.0,0.09907747060060501,False,False,0.0,0.0,0.0,[],10.0,10.0,1,10.0,0,0.008774000000016713
mlp_aco,10,7714,81,8,3,0.0,0.0,0.0,0.0,0.43936213850975037,False,False,0.0,0.0,0.0,[],10.0,10.0,1,10.0,0,0.008774000000016713
mlp_aco,10,7714,81,8,4,0.0,0.0,0.0,0.0,0.20313307642936707,False,False,0.0,0.0,0.0,[],10.0,10.0,1,10.0,0,0.008774000000016713
mlp_aco,10,7715,81,8,1,48.0,200.0,248.0,1.24,1.0,True,True,30.0,200.0,18.0,[1],10.0,10.0,1,10.0,0,0.008936291999987134
mlp_aco,10,7715,81,8,2,0.0,0.0,0.0,0.0,0.09907747060060501,False,False,0.0,0.0,0.0,[],10.0,10.0,1,10.0,0,0.008936291999987134
mlp_aco,10,7715,81,8,3,0.0,0.0,0.0,0.0,0.43936213850975037,False,False,0.0,0.0,0.0,[],10.0,10.0,1,10.0,0,0.008936291999987134
mlp_aco,10,7715,81,8,4,0.0,0.0,0.0,0.0,0.20313307642936707,False,False,0.0,0.0,0.0,[],10.0,10.0,1,10.0,0,0.008936291999987134
mlp_aco,10,7716,81,9,1,49.0,200.0,249.0,1.245,1.0,True,True,30.0,200.0,19.0,[1],10.0,10.0,1,10.0,0,0.009170041999993828
mlp_aco,10,7716,81,9,2,0.0,0.0,0.0,0.0,0.09907747060060501,False,False,0.0,0.0,0.0,[],10.0,10.0,1,10.0,0,0.009170041999993828
mlp_aco,10,7716,81,9,3,0.0,0.0,0.0,0.0,0.43936213850975037,False,False,0.0,0.0,0.0,[],10.0,10.0,1,10.0,0,0.009170041999993828
mlp_aco,10,7716,81,9,4,0.0,0.0,0.0,0.0,0.20313307642936707,False,False,0.0,0.0,0.0,[],10.0,10.0,1,10.0,0,0.009170041999993828
mlp_aco,10,7717,81,9,1,52.0,200.0,252.0,1.26,1.0,True,True,30.0,200.0,22.0,[1],10.0,10.0,1,10.0,0,0.009131750000022976
mlp_aco,10,7717,81,9,2,0.0,0.0,0.0,0.0,0.09907747060060501,False,False,0.0,0.0,0.0,[],10.0,10.0,1,10.0,0,0.009131750000022976
mlp_aco,10,7717,81,9,3,0.0,0.0,0.0,0.0,0.43936213850975037,False,False,0.0,0.0,0.0,[],10.0,10.0,1,10.0,0,0.009131750000022976
mlp_aco,10,7717,81,9,4,0.0,0.0,0.0,0.0,0.20313307642936707,False,False,0.0,0.0,0.0,[],10.0,10.0,1,10.0,0,0.009131750000022976
mlp_aco,10,7718,81,9,1,55.0,200.0,255.0,1.275,1.0,True,True,30.0,200.0,25.0,[1],10.0,10.0,1,10.0,0,0.009172667000001411
mlp_aco,10,7718,81,9,2,0.0,0.0,0.0,0.0,0.09907747060060501,False,False,0.0,0.0,0.0,[],10.0,10.0,1,10.0,0,0.009172667000001411
mlp_aco,10,7718,81,9,3,0.0,0.0,0.0,0.0,0.43936213850975037,False,False,0.0,0.0,0.0,[],10.0,10.0,1,10.0,0,0.009172667000001411
mlp_aco,10,7718,81,9,4,0.0,0.0,0.0,0.0,0.20313307642936707,False,False,0.0,0.0,0.0,[],10.0,10.0,1,10.0,0,0.009172667000001411
mlp_aco,10,7719,81,9,1,54.0,200.0,254.0,1.27,1.0,True,True,30.0,200.0,24.0,[1],10.0,10.0,1,10.0,0,0.009005291000022453
mlp_aco,10,7719,81,9,2,0.0,0.0,0.0,0.0,0.09907747060060501,False,False,0.0,0.0,0.0,[],10.0,10.0,1,10.0,0,0.009005291000022453
mlp_aco,10,7719,81,9,3,0.0,0.0,0.0,0.0,0.43936213850975037,False,False,0.0,0.0,0.0,[],10.0,10.0,1,10.0,0,0.009005291000022453
mlp_aco,10,7719,81,9,4,0.0,0.0,0.0,0.0,0.20313307642936707,False,False,0.0,0.0,0.0,[],10.0,10.0,1,10.0,0,0.009005291000022453
mlp_aco,10,7720,81,10,1,53.0,200.0,253.0,1.265,1.0,True,True,30.0,200.0,23.0,[1],10.0,10.0,1,10.0,0,0.008984291999979632
mlp_aco,10,7720,81,10,2,0.0,0.0,0.0,0.0,0.09907747060060501,False,False,0.0,0.0,0.0,[],10.0,10.0,1,10.0,0,0.008984291999979632
mlp_aco,10,7720,81,10,3,0.0,0.0,0.0,0.0,0.43936213850975037,False,False,0.0,0.0,0.0,[],10.0,10.0,1,10.0,0,0.008984291999979632
mlp_aco,10,7720,81,10,4,0.0,0.0,0.0,0.0,0.20313307642936707,False,False,0.0,0.0,0.0,[],10.0,10.0,1,10.0,0,0.008984291999979632
mlp_aco,10,7721,81,10,1,39.0,200.0,239.0,1.195,1.0,True,True,30.0,200.0,9.0,[1],10.0,10.0,1,10.0,0,0.008745959000009407
mlp_aco,10,7721,81,10,2,0.0,0.0,0.0,0.0,0.09907747060060501,False,False,0.0,0.0,0.0,[],10.0,10.0,1,10.0,0,0.008745959000009407
mlp_aco,10,7721,81,10,3,0.0,0.0,0.0,0.0,0.43936213850975037,False,False,0.0,0.0,0.0,[],10.0,10.0,1,10.0,0,0.008745959000009407
mlp_aco,10,7721,81,10,4,0.0,0.0,0.0,0.0,0.20313307642936707,False,False,0.0,0.0,0.0,[],10.0,10.0,1,10.0,0,0.008745959000009407
mlp_aco,10,7722,81,10,1,41.0,200.0,241.0,1.205,1.0,True,True,30.0,200.0,11.0,[1],10.0,10.0,1,10.0,0,0.008905499999997346
mlp_aco,10,7722,81,10,2,0.0,0.0,0.0,0.0,0.09907747060060501,False,False,0.0,0.0,0.0,[],10.0,10.0,1,10.0,0,0.008905499999997346
mlp_aco,10,7722,81,10,3,0.0,0.0,0.0,0.0,0.43936213850975037,False,False,0.0,0.0,0.0,[],10.0,10.0,1,10.0,0,0.008905499999997346
mlp_aco,10,7722,81,10,4,0.0,0.0,0.0,0.0,0.20313307642936707,False,False,0.0,0.0,0.0,[],10.0,10.0,1,10.0,0,0.008905499999997346
mlp_aco,10,7723,81,10,1,39.0,200.0,239.0,1.195,1.0,True,True,30.0,200.0,9.0,[1],10.0,10.0,1,10.0,0,0.009057041999994908
mlp_aco,10,7723,81,10,2,0.0,0.0,0.0,0.0,0.09907747060060501,False,False,0.0,0.0,0.0,[],10.0,10.0,1,10.0,0,0.009057041999994908
mlp_aco,10,7723,81,10,3,0.0,0.0,0.0,0.0,0.43936213850975037,False,False,0.0,0.0,0.0,[],10.0,10.0,1,10.0,0,0.009057041999994908
mlp_aco,10,7723,81,10,4,0.0,0.0,0.0,0.0,0.20313307642936707,False,False,0.0,0.0,0.0,[],10.0,10.0,1,10.0,0,0.009057041999994908
mlp_aco,10,7724,81,11,1,40.0,200.0,240.0,1.2,1.0,True,True,30.0,200.0,10.0,[1],10.0,10.0,1,10.0,0,0.009104167000003827
mlp_aco,10,7724,81,11,2,0.0,0.0,0.0,0.0,0.09907747060060501,False,False,0.0,0.0,0.0,[],10.0,10.0,1,10.0,0,0.009104167000003827
mlp_aco,10,7724,81,11,3,0.0,0.0,0.0,0.0,0.43936213850975037,False,False,0.0,0.0,0.0,[],10.0,10.0,1,10.0,0,0.009104167000003827
mlp_aco,10,7724,81,11,4,0.0,0.0,0.0,0.0,0.20313307642936707,False,False,0.0,0.0,0.0,[],10.0,10.0,1,10.0,0,0.009104167000003827
mlp_aco,10,7725,81,11,1,27.0,200.0,227.0,1.135,1.0,True,True,30.0,197.0,0.0,[1],10.0,10.0,1,10.0,0,0.009095834000021341
mlp_aco,10,7725,81,11,2,0.0,0.0,0.0,0.0,0.09907747060060501,False,False,0.0,0.0,0.0,[],10.0,10.0,1,10.0,0,0.009095834000021341
mlp_aco,10,7725,81,11,3,0.0,0.0,0.0,0.0,0.43936213850975037,False,False,0.0,0.0,0.0,[],10.0,10.0,1,10.0,0,0.009095834000021341
mlp_aco,10,7725,81,11,4,0.0,0.0,0.0,0.0,0.20313307642936707,False,False,0.0,0.0,0.0,[],10.0,10.0,1,10.0,0,0.009095834000021341
mlp_aco,10,7726,81,11,1,28.0,197.0,225.0,1.125,1.0,True,True,30.0,195.0,0.0,[1],10.0,10.0,1,10.0,0,0.009071500000004562
mlp_aco,10,7726,81,11,2,0.0,0.0,0.0,0.0,0.09907747060060501,False,False,0.0,0.0,0.0,[],10.0,10.0,1,10.0,0,0.009071500000004562
mlp_aco,10,7726,81,11,3,0.0,0.0,0.0,0.0,0.43936213850975037,False,False,0.0,0.0,0.0,[],10.0,10.0,1,10.0,0,0.009071500000004562
mlp_aco,10,7726,81,11,4,0.0,0.0,0.0,0.0,0.20313307642936707,False,False,0.0,0.0,0.0,[],10.0,10.0,1,10.0,0,0.009071500000004562
mlp_aco,10,7727,81,11,1,18.0,195.0,213.0,1.065,1.0,True,True,30.0,183.0,0.0,[1],10.0,10.0,1,10.0,0,0.008945124999996779
mlp_aco,10,7727,81,11,2,0.0,0.0,0.0,0.0,0.09907747060060501,False,False,0.0,0.0,0.0,[],10.0,10.0,1,10.0,0,0.008945124999996779
mlp_aco,10,7727,81,11,3,0.0,0.0,0.0,0.0,0.43936213850975037,False,False,0.0,0.0,0.0,[],10.0,10.0,1,10.0,0,0.008945124999996779
mlp_aco,10,7727,81,11,4,0.0,0.0,0.0,0.0,0.20313307642936707,False,False,0.0,0.0,0.0,[],10.0,10.0,1,10.0,0,0.008945124999996779
mlp_aco,10,7728,81,12,1,20.0,183.0,203.0,1.015,1.0,True,True,30.0,173.0,0.0,[1],10.0,10.0,1,10.0,0,0.008943249999987302
mlp_aco,10,7728,81,12,2,0.0,0.0,0.0,0.0,0.09907747060060501,False,False,0.0,0.0,0.0,[],10.0,10.0,1,10.0,0,0.008943249999987302
mlp_aco,10,7728,81,12,3,0.0,0.0,0.0,0.0,0.43936213850975037,False,False,0.0,0.0,0.0,[],10.0,10.0,1,10.0,0,0.008943249999987302
mlp_aco,10,7728,81,12,4,0.0,0.0,0.0,0.0,0.20313307642936707,False,False,0.0,0.0,0.0,[],10.0,10.0,1,10.0,0,0.008943249999987302
mlp_aco,10,7729,81,12,1,18.0,173.0,191.0,0.955,1.0,True,True,30.0,161.0,0.0,[1],10.0,10.0,1,10.0,0,0.00877762499999335
mlp_aco,10,7729,81,12,2,0.0,0.0,0.0,0.0,0.09907747060060501,False,False,0.0,0.0,0.0,[],10.0,10.0,1,10.0,0,0.00877762499999335
mlp_aco,10,7729,81,12,3,0.0,0.0,0.0,0.0,0.43936213850975037,False,False,0.0,0.0,0.0,[],10.0,10.0,1,10.0,0,0.00877762499999335
mlp_aco,10,7729,81,12,4,0.0,0.0,0.0,0.0,0.20313307642936707,False,False,0.0,0.0,0.0,[],10.0,10.0,1,10.0,0,0.00877762499999335
mlp_aco,10,7730,81,12,1,20.0,161.0,181.0,0.905,0.9999997615814209,True,True,30.0,151.0,0.0,[1],10.0,10.0,1,10.0,0,0.00906641699998545
mlp_aco,10,7730,81,12,2,0.0,0.0,0.0,0.0,0.09907747060060501,False,False,0.0,0.0,0.0,[],10.0,10.0,1,10.0,0,0.00906641699998545
mlp_aco,10,7730,81,12,3,0.0,0.0,0.0,0.0,0.43936213850975037,False,False,0.0,0.0,0.0,[],10.0,10.0,1,10.0,0,0.00906641699998545
mlp_aco,10,7730,81,12,4,0.0,0.0,0.0,0.0,0.20313307642936707,False,False,0.0,0.0,0.0,[],10.0,10.0,1,10.0,0,0.00906641699998545
mlp_aco,10,7731,81,12,1,18.0,151.0,169.0,0.845,0.9999887347221375,True,True,30.0,139.0,0.0,[1],10.0,10.0,1,10.0,0,0.009038165999982084
mlp_aco,10,7731,81,12,2,0.0,0.0,0.0,0.0,0.09907747060060501,False,False,0.0,0.0,0.0,[],10.0,10.0,1,10.0,0,0.009038165999982084
mlp_aco,10,7731,81,12,3,0.0,0.0,0.0,0.0,0.43936213850975037,False,False,0.0,0.0,0.0,[],10.0,10.0,1,10.0,0,0.009038165999982084
mlp_aco,10,7731,81,12,4,0.0,0.0,0.0,0.0,0.20313307642936707,False,False,0.0,0.0,0.0,[],10.0,10.0,1,10.0,0,0.009038165999982084
mlp_aco,10,7732,81,13,1,20.0,139.0,159.0,0.795,0.9999262690544128,True,True,30.0,129.0,0.0,[1],10.0,10.0,1,10.0,0,0.009040708000014774
mlp_aco,10,7732,81,13,2,0.0,0.0,0.0,0.0,0.09907747060060501,False,False,0.0,0.0,0.0,[],10.0,10.0,1,10.0,0,0.009040708000014774
mlp_aco,10,7732,81,13,3,0.0,0.0,0.0,0.0,0.43936213850975037,False,False,0.0,0.0,0.0,[],10.0,10.0,1,10.0,0,0.009040708000014774
mlp_aco,10,7732,81,13,4,0.0,0.0,0.0,0.0,0.20313307642936707,False,False,0.0,0.0,0.0,[],10.0,10.0,1,10.0,0,0.009040708000014774
mlp_aco,10,7733,81,13,1,19.0,129.0,148.0,0.74,0.9992127418518066,True,True,30.0,118.0,0.0,[1],10.0,10.0,1,10.0,0,0.009268250000019407
mlp_aco,10,7733,81,13,2,0.0,0.0,0.0,0.0,0.09907747060060501,False,False,0.0,0.0,0.0,[],10.0,10.0,1,10.0,0,0.009268250000019407
mlp_aco,10,7733,81,13,3,0.0,0.0,0.0,0.0,0.43936213850975037,False,False,0.0,0.0,0.0,[],10.0,10.0,1,10.0,0,0.009268250000019407
mlp_aco,10,7733,81,13,4,0.0,0.0,0.0,0.0,0.20313307642936707,False,False,0.0,0.0,0.0,[],10.0,10.0,1,10.0,0,0.009268250000019407
mlp_aco,10,7734,81,13,1,19.0,118.0,137.0,0.685,0.9970738887786865,True,True,30.0,107.0,0.0,[1],10.0,10.0,1,10.0,0,0.009013667000004943
mlp_aco,10,7734,81,13,2,0.0,0.0,0.0,0.0,0.09907747060060501,False,False,0.0,0.0,0.0,[],10.0,10.0,1,10.0,0,0.009013667000004943
mlp_aco,10,7734,81,13,3,0.0,0.0,0.0,0.0,0.43936213850975037,False,False,0.0,0.0,0.0,[],10.0,10.0,1,10.0,0,0.009013667000004943
mlp_aco,10,7734,81,13,4,0.0,0.0,0.0,0.0,0.20313307642936707,False,False,0.0,0.0,0.0,[],10.0,10.0,1,10.0,0,0.009013667000004943
mlp_aco,10,7735,81,13,1,12.0,107.0,119.0,0.595,0.8401250839233398,True,True,30.0,89.0,0.0,[1],10.0,10.0,1,10.0,0,0.008936707999993132
mlp_aco,10,7735,81,13,2,0.0,0.0,0.0,0.0,0.09907747060060501,False,False,0.0,0.0,0.0,[],10.0,10.0,1,10.0,0,0.008936707999993132
mlp_aco,10,7735,81,13,3,0.0,0.0,0.0,0.0,0.43936213850975037,False,False,0.0,0.0,0.0,[],10.0,10.0,1,10.0,0,0.008936707999993132
mlp_aco,10,7735,81,13,4,0.0,0.0,0.0,0.0,0.20313307642936707,False,False,0.0,0.0,0.0,[],10.0,10.0,1,10.0,0,0.008936707999993132
mlp_aco,10,7736,81,14,1,8.0,89.0,97.0,0.485,0.3175639510154724,False,False,0.0,97.0,0.0,[],0.0,0.0,0,0.0,0,2.041000016106409e-06
mlp_aco,10,7736,81,14,2,0.0,0.0,0.0,0.0,0.09907747060060501,False,False,0.0,0.0,0.0,[],0.0,0.0,0,0.0,0,2.041000016106409e-06
mlp_aco,10,7736,81,14,3,0.0,0.0,0.0,0.0,0.43936213850975037,False,False,0.0,0.0,0.0,[],0.0,0.0,0,0.0,0,2.041000016106409e-06
mlp_aco,10,7736,81,14,4,0.0,0.0,0.0,0.0,0.20313307642936707,False,False,0.0,0.0,0.0,[],0.0,0.0,0,0.0,0,2.041000016106409e-06
mlp_aco,10,7737,81,14,1,7.0,97.0,104.0,0.52,0.31781846284866333,False,False,0.0,104.0,0.0,[],0.0,0.0,0,0.0,0,1.7910000167375983e-06
mlp_aco,10,7737,81,14,2,0.0,0.0,0.0,0.0,0.09907747060060501,False,False,0.0,0.0,0.0,[],0.0,0.0,0,0.0,0,1.7910000167375983e-06
mlp_aco,10,7737,81,14,3,0.0,0.0,0.0,0.0,0.43936213850975037,False,False,0.0,0.0,0.0,[],0.0,0.0,0,0.0,0,1.7910000167375983e-06
mlp_aco,10,7737,81,14,4,0.0,0.0,0.0,0.0,0.20313307642936707,False,False,0.0,0.0,0.0,[],0.0,0.0,0,0.0,0,1.7910000167375983e-06
mlp_aco,10,7738,81,14,1,8.0,104.0,112.0,0.56,0.4946936070919037,False,False,0.0,112.0,0.0,[],0.0,0.0,0,0.0,0,1.667000020688647e-06
mlp_aco,10,7738,81,14,2,0.0,0.0,0.0,0.0,0.09907747060060501,False,False,0.0,0.0,0.0,[],0.0,0.0,0,0.0,0,1.667000020688647e-06
mlp_aco,10,7738,81,14,3,0.0,0.0,0.0,0.0,0.43936213850975037,False,False,0.0,0.0,0.0,[],0.0,0.0,0,0.0,0,1.667000020688647e-06
mlp_aco,10,7738,81,14,4,0.0,0.0,0.0,0.0,0.20313307642936707,False,False,0.0,0.0,0.0,[],0.0,0.0,0,0.0,0,1.667000020688647e-06
mlp_aco,10,7739,81,14,1,7.0,112.0,119.0,0.595,0.5627067685127258,False,False,0.0,119.0,0.0,[],0.0,0.0,0,0.0,0,1.6669999922669376e-06
mlp_aco,10,7739,81,14,2,0.0,0.0,0.0,0.0,0.09907747060060501,False,False,0.0,0.0,0.0,[],0.0,0.0,0,0.0,0,1.6669999922669376e-06
mlp_aco,10,7739,81,14,3,0.0,0.0,0.0,0.0,0.43936213850975037,False,False,0.0,0.0,0.0,[],0.0,0.0,0,0.0,0,1.6669999922669376e-06
mlp_aco,10,7739,81,14,4,0.0,0.0,0.0,0.0,0.20313307642936707,False,False,0.0,0.0,0.0,[],0.0,0.0,0,0.0,0,1.6669999922669376e-06
mlp_aco,10,7740,81,15,1,8.0,119.0,127.0,0.635,0.7916743755340576,True,True,30.0,97.0,0.0,[1],10.0,10.0,1,10.0,0,0.009140999999999622
mlp_aco,10,7740,81,15,2,0.0,0.0,0.0,0.0,0.09907747060060501,False,False,0.0,0.0,0.0,[],10.0,10.0,1,10.0,0,0.009140999999999622
mlp_aco,10,7740,81,15,3,0.0,0.0,0.0,0.0,0.43936213850975037,False,False,0.0,0.0,0.0,[],10.0,10.0,1,10.0,0,0.009140999999999622
mlp_aco,10,7740,81,15,4,0.0,0.0,0.0,0.0,0.20313307642936707,False,False,0.0,0.0,0.0,[],10.0,10.0,1,10.0,0,0.009140999999999622
mlp_aco,10,7741,81,15,1,7.0,97.0,104.0,0.52,0.3927144408226013,False,False,0.0,104.0,0.0,[],0.0,0.0,0,0.0,0,1.8750000094769348e-06
mlp_aco,10,7741,81,15,2,0.0,0.0,0.0,0.0,0.09907747060060501,False,False,0.0,0.0,0.0,[],0.0,0.0,0,0.0,0,1.8750000094769348e-06
mlp_aco,10,7741,81,15,3,0.0,0.0,0.0,0.0,0.43936213850975037,False,False,0.0,0.0,0.0,[],0.0,0.0,0,0.0,0,1.8750000094769348e-06
mlp_aco,10,7741,81,15,4,0.0,0.0,0.0,0.0,0.20313307642936707,False,False,0.0,0.0,0.0,[],0.0,0.0,0,0.0,0,1.8750000094769348e-06
mlp_aco,10,7742,81,15,1,8.0,104.0,112.0,0.56,0.5434216260910034,False,False,0.0,112.0,0.0,[],0.0,0.0,0,0.0,0,1.9170000200574577e-06
mlp_aco,10,7742,81,15,2,0.0,0.0,0.0,0.0,0.09907747060060501,False,False,0.0,0.0,0.0,[],0.0,0.0,0,0.0,0,1.9170000200574577e-06
mlp_aco,10,7742,81,15,3,0.0,0.0,0.0,0.0,0.43936213850975037,False,False,0.0,0.0,0.0,[],0.0,0.0,0,0.0,0,1.9170000200574577e-06
mlp_aco,10,7742,81,15,4,0.0,0.0,0.0,0.0,0.20313307642936707,False,False,0.0,0.0,0.0,[],0.0,0.0,0,0.0,0,1.9170000200574577e-06
mlp_aco,10,7743,81,15,1,7.0,112.0,119.0,0.595,0.5627067685127258,False,False,0.0,119.0,0.0,[],0.0,0.0,0,0.0,0,1.7499999955816747e-06
mlp_aco,10,7743,81,15,2,0.0,0.0,0.0,0.0,0.09907747060060501,False,False,0.0,0.0,0.0,[],0.0,0.0,0,0.0,0,1.7499999955816747e-06
mlp_aco,10,7743,81,15,3,0.0,0.0,0.0,0.0,0.43936213850975037,False,False,0.0,0.0,0.0,[],0.0,0.0,0,0.0,0,1.7499999955816747e-06
mlp_aco,10,7743,81,15,4,0.0,0.0,0.0,0.0,0.20313307642936707,False,False,0.0,0.0,0.0,[],0.0,0.0,0,0.0,0,1.7499999955816747e-06
mlp_aco,10,7744,81,16,1,8.0,119.0,127.0,0.635,0.7916743755340576,True,True,30.0,97.0,0.0,[1],10.0,10.0,1,10.0,0,0.009116167000001951
mlp_aco,10,7744,81,16,2,0.0,0.0,0.0,0.0,0.09907747060060501,False,False,0.0,0.0,0.0,[],10.0,10.0,1,10.0,0,0.009116167000001951
mlp_aco,10,7744,81,16,3,0.0,0.0,0.0,0.0,0.43936213850975037,False,False,0.0,0.0,0.0,[],10.0,10.0,1,10.0,0,0.009116167000001951
mlp_aco,10,7744,81,16,4,0.0,0.0,0.0,0.0,0.20313307642936707,False,False,0.0,0.0,0.0,[],10.0,10.0,1,10.0,0,0.009116167000001951
mlp_aco,10,7745,81,16,1,7.0,97.0,104.0,0.52,0.3927144408226013,False,False,0.0,104.0,0.0,[],0.0,0.0,0,0.0,0,1.916000002211149e-06
mlp_aco,10,7745,81,16,2,0.0,0.0,0.0,0.0,0.09907747060060501,False,False,0.0,0.0,0.0,[],0.0,0.0,0,0.0,0,1.916000002211149e-06
mlp_aco,10,7745,81,16,3,0.0,0.0,0.0,0.0,0.43936213850975037,False,False,0.0,0.0,0.0,[],0.0,0.0,0,0.0,0,1.916000002211149e-06
mlp_aco,10,7745,81,16,4,0.0,0.0,0.0,0.0,0.20313307642936707,False,False,0.0,0.0,0.0,[],0.0,0.0,0,0.0,0,1.916000002211149e-06
mlp_aco,10,7746,81,16,1,8.0,104.0,112.0,0.56,0.5434216260910034,False,False,0.0,112.0,0.0,[],0.0,0.0,0,0.0,0,1.7499999955816747e-06
mlp_aco,10,7746,81,16,2,0.0,0.0,0.0,0.0,0.09907747060060501,False,False,0.0,0.0,0.0,[],0.0,0.0,0,0.0,0,1.7499999955816747e-06
mlp_aco,10,7746,81,16,3,0.0,0.0,0.0,0.0,0.43936213850975037,False,False,0.0,0.0,0.0,[],0.0,0.0,0,0.0,0,1.7499999955816747e-06
mlp_aco,10,7746,81,16,4,0.0,0.0,0.0,0.0,0.20313307642936707,False,False,0.0,0.0,0.0,[],0.0,0.0,0,0.0,0,1.7499999955816747e-06
mlp_aco,10,7747,81,16,1,7.0,112.0,119.0,0.595,0.5627067685127258,False,False,0.0,119.0,0.0,[],0.0,0.0,0,0.0,0,1.7920000061621977e-06
mlp_aco,10,7747,81,16,2,0.0,0.0,0.0,0.0,0.09907747060060501,False,False,0.0,0.0,0.0,[],0.0,0.0,0,0.0,0,1.7920000061621977e-06
mlp_aco,10,7747,81,16,3,0.0,0.0,0.0,0.0,0.43936213850975037,False,False,0.0,0.0,0.0,[],0.0,0.0,0,0.0,0,1.7920000061621977e-06
mlp_aco,10,7747,81,16,4,0.0,0.0,0.0,0.0,0.20313307642936707,False,False,0.0,0.0,0.0,[],0.0,0.0,0,0.0,0,1.7920000061621977e-06
mlp_aco,10,7748,81,17,1,8.0,119.0,127.0,0.635,0.7916743755340576,True,True,30.0,97.0,0.0,[1],10.0,10.0,1,10.0,0,0.009008832999995775
mlp_aco,10,7748,81,17,2,0.0,0.0,0.0,0.0,0.09907747060060501,False,False,0.0,0.0,0.0,[],10.0,10.0,1,10.0,0,0.009008832999995775
mlp_aco,10,7748,81,17,3,0.0,0.0,0.0,0.0,0.43936213850975037,False,False,0.0,0.0,0.0,[],10.0,10.0,1,10.0,0,0.009008832999995775
mlp_aco,10,7748,81,17,4,0.0,0.0,0.0,0.0,0.20313307642936707,False,False,0.0,0.0,0.0,[],10.0,10.0,1,10.0,0,0.009008832999995775
mlp_aco,10,7749,81,17,1,7.0,97.0,104.0,0.52,0.3927144408226013,False,False,0.0,104.0,0.0,[],0.0,0.0,0,0.0,0,1.7920000061621977e-06
mlp_aco,10,7749,81,17,2,0.0,0.0,0.0,0.0,0.09907747060060501,False,False,0.0,0.0,0.0,[],0.0,0.0,0,0.0,0,1.7920000061621977e-06
mlp_aco,10,7749,81,17,3,0.0,0.0,0.0,0.0,0.43936213850975037,False,False,0.0,0.0,0.0,[],0.0,0.0,0,0.0,0,1.7920000061621977e-06
mlp_aco,10,7749,81,17,4,0.0,0.0,0.0,0.0,0.20313307642936707,False,False,0.0,0.0,0.0,[],0.0,0.0,0,0.0,0,1.7920000061621977e-06
mlp_aco,10,7750,81,17,1,8.0,104.0,112.0,0.56,0.5434216260910034,False,False,0.0,112.0,0.0,[],0.0,0.0,0,0.0,0,1.7500000240033842e-06
mlp_aco,10,7750,81,17,2,0.0,0.0,0.0,0.0,0.09907747060060501,False,False,0.0,0.0,0.0,[],0.0,0.0,0,0.0,0,1.7500000240033842e-06
mlp_aco,10,7750,81,17,3,0.0,0.0,0.0,0.0,0.43936213850975037,False,False,0.0,0.0,0.0,[],0.0,0.0,0,0.0,0,1.7500000240033842e-06
mlp_aco,10,7750,81,17,4,0.0,0.0,0.0,0.0,0.20313307642936707,False,False,0.0,0.0,0.0,[],0.0,0.0,0,0.0,0,1.7500000240033842e-06
mlp_aco,10,7751,81,17,1,7.0,112.0,119.0,0.595,0.5627067685127258,False,False,0.0,119.0,0.0,[],0.0,0.0,0,0.0,0,1.7089999744257511e-06
mlp_aco,10,7751,81,17,2,0.0,0.0,0.0,0.0,0.09907747060060501,False,False,0.0,0.0,0.0,[],0.0,0.0,0,0.0,0,1.7089999744257511e-06
mlp_aco,10,7751,81,17,3,0.0,0.0,0.0,0.0,0.43936213850975037,False,False,0.0,0.0,0.0,[],0.0,0.0,0,0.0,0,1.7089999744257511e-06
mlp_aco,10,7751,81,17,4,0.0,0.0,0.0,0.0,0.20313307642936707,False,False,0.0,0.0,0.0,[],0.0,0.0,0,0.0,0,1.7089999744257511e-06
mlp_aco,10,7752,81,18,1,8.0,119.0,127.0,0.635,0.7916743755340576,True,True,30.0,97.0,0.0,[1],10.0,10.0,1,10.0,0,0.008939290999990135
mlp_aco,10,7752,81,18,2,0.0,0.0,0.0,0.0,0.09907747060060501,False,False,0.0,0.0,0.0,[],10.0,10.0,1,10.0,0,0.008939290999990135
mlp_aco,10,7752,81,18,3,0.0,0.0,0.0,0.0,0.43936213850975037,False,False,0.0,0.0,0.0,[],10.0,10.0,1,10.0,0,0.008939290999990135
mlp_aco,10,7752,81,18,4,0.0,0.0,0.0,0.0,0.20313307642936707,False,False,0.0,0.0,0.0,[],10.0,10.0,1,10.0,0,0.008939290999990135
mlp_aco,10,7753,81,18,1,7.0,97.0,104.0,0.52,0.3927144408226013,False,False,0.0,104.0,0.0,[],0.0,0.0,0,0.0,0,1.8750000094769348e-06
mlp_aco,10,7753,81,18,2,0.0,0.0,0.0,0.0,0.09907747060060501,False,False,0.0,0.0,0.0,[],0.0,0.0,0,0.0,0,1.8750000094769348e-06
mlp_aco,10,7753,81,18,3,0.0,0.0,0.0,0.0,0.43936213850975037,False,False,0.0,0.0,0.0,[],0.0,0.0,0,0.0,0,1.8750000094769348e-06
mlp_aco,10,7753,81,18,4,0.0,0.0,0.0,0.0,0.20313307642936707,False,False,0.0,0.0,0.0,[],0.0,0.0,0,0.0,0,1.8750000094769348e-06
mlp_aco,10,7754,81,18,1,3.0,104.0,107.0,0.535,0.3159288763999939,False,False,0.0,107.0,0.0,[],0.0,0.0,0,0.0,0,1.7499999955816747e-06
mlp_aco,10,7754,81,18,2,0.0,0.0,0.0,0.0,0.09907747060060501,False,False,0.0,0.0,0.0,[],0.0,0.0,0,0.0,0,1.7499999955816747e-06
mlp_aco,10,7754,81,18,3,0.0,0.0,0.0,0.0,0.43936213850975037,False,False,0.0,0.0,0.0,[],0.0,0.0,0,0.0,0,1.7499999955816747e-06
mlp_aco,10,7754,81,18,4,0.0,0.0,0.0,0.0,0.20313307642936707,False,False,0.0,0.0,0.0,[],0.0,0.0,0,0.0,0,1.7499999955816747e-06
mlp_aco,10,7755,81,18,1,0.0,107.0,107.0,0.535,0.2363606095314026,False,False,0.0,107.0,0.0,[],0.0,0.0,0,0.0,0,1.8750000094769348e-06
mlp_aco,10,7755,81,18,2,0.0,0.0,0.0,0.0,0.09907747060060501,False,False,0.0,0.0,0.0,[],0.0,0.0,0,0.0,0,1.8750000094769348e-06
mlp_aco,10,7755,81,18,3,0.0,0.0,0.0,0.0,0.43936213850975037,False,False,0.0,0.0,0.0,[],0.0,0.0,0,0.0,0,1.8750000094769348e-06
mlp_aco,10,7755,81,18,4,0.0,0.0,0.0,0.0,0.20313307642936707,False,False,0.0,0.0,0.0,[],0.0,0.0,0,0.0,0,1.8750000094769348e-06
mlp_aco,10,7756,81,19,1,0.0,107.0,107.0,0.535,0.26991283893585205,False,False,0.0,107.0,0.0,[],0.0,0.0,0,0.0,0,1.8750000094769348e-06
mlp_aco,10,7756,81,19,2,0.0,0.0,0.0,0.0,0.09907747060060501,False,False,0.0,0.0,0.0,[],0.0,0.0,0,0.0,0,1.8750000094769348e-06
mlp_aco,10,7756,81,19,3,0.0,0.0,0.0,0.0,0.43936213850975037,False,False,0.0,0.0,0.0,[],0.0,0.0,0,0.0,0,1.8750000094769348e-06
mlp_aco,10,7756,81,19,4,0.0,0.0,0.0,0.0,0.20313307642936707,False,False,0.0,0.0,0.0,[],0.0,0.0,0,0.0,0,1.8750000094769348e-06
mlp_aco,10,7757,81,19,1,0.0,107.0,107.0,0.535,0.3127414584159851,False,False,0.0,107.0,0.0,[],0.0,0.0,0,0.0,0,1.7920000061621977e-06
mlp_aco,10,7757,81,19,2,0.0,0.0,0.0,0.0,0.09907747060060501,False,False,0.0,0.0,0.0,[],0.0,0.0,0,0.0,0,1.7920000061621977e-06
mlp_aco,10,7757,81,19,3,0.0,0.0,0.0,0.0,0.43936213850975037,False,False,0.0,0.0,0.0,[],0.0,0.0,0,0.0,0,1.7920000061621977e-06
mlp_aco,10,7757,81,19,4,0.0,0.0,0.0,0.0,0.20313307642936707,False,False,0.0,0.0,0.0,[],0.0,0.0,0,0.0,0,1.7920000061621977e-06
mlp_aco,10,7758,81,19,1,0.0,107.0,107.0,0.535,0.3355417549610138,False,False,0.0,107.0,0.0,[],0.0,0.0,0,0.0,0,1.8329999988964119e-06
mlp_aco,10,7758,81,19,2,0.0,0.0,0.0,0.0,0.09907747060060501,False,False,0.0,0.0,0.0,[],0.0,0.0,0,0.0,0,1.8329999988964119e-06
mlp_aco,10,7758,81,19,3,0.0,0.0,0.0,0.0,0.43936213850975037,False,False,0.0,0.0,0.0,[],0.0,0.0,0,0.0,0,1.8329999988964119e-06
mlp_aco,10,7758,81,19,4,0.0,0.0,0.0,0.0,0.20313307642936707,False,False,0.0,0.0,0.0,[],0.0,0.0,0,0.0,0,1.8329999988964119e-06
mlp_aco,10,7759,81,19,1,0.0,107.0,107.0,0.535,0.3355417549610138,False,False,0.0,107.0,0.0,[],0.0,0.0,0,0.0,0,1.7910000167375983e-06
mlp_aco,10,7759,81,19,2,0.0,0.0,0.0,0.0,0.09907747060060501,False,False,0.0,0.0,0.0,[],0.0,0.0,0,0.0,0,1.7910000167375983e-06
mlp_aco,10,7759,81,19,3,0.0,0.0,0.0,0.0,0.43936213850975037,False,False,0.0,0.0,0.0,[],0.0,0.0,0,0.0,0,1.7910000167375983e-06
mlp_aco,10,7759,81,19,4,0.0,0.0,0.0,0.0,0.20313307642936707,False,False,0.0,0.0,0.0,[],0.0,0.0,0,0.0,0,1.7910000167375983e-06
mlp_aco,10,7760,81,20,1,0.0,107.0,107.0,0.535,0.3355417549610138,False,False,0.0,107.0,0.0,[],0.0,0.0,0,0.0,0,1.7910000167375983e-06
mlp_aco,10,7760,81,20,2,0.0,0.0,0.0,0.0,0.09907747060060501,False,False,0.0,0.0,0.0,[],0.0,0.0,0,0.0,0,1.7910000167375983e-06
mlp_aco,10,7760,81,20,3,0.0,0.0,0.0,0.0,0.43936213850975037,False,False,0.0,0.0,0.0,[],0.0,0.0,0,0.0,0,1.7910000167375983e-06
mlp_aco,10,7760,81,20,4,0.0,0.0,0.0,0.0,0.20313307642936707,False,False,0.0,0.0,0.0,[],0.0,0.0,0,0.0,0,1.7910000167375983e-06
mlp_aco,10,7761,81,20,1,0.0,107.0,107.0,0.535,0.3355417549610138,False,False,0.0,107.0,0.0,[],0.0,0.0,0,0.0,0,1.8750000094769348e-06
mlp_aco,10,7761,81,20,2,0.0,0.0,0.0,0.0,0.09907747060060501,False,False,0.0,0.0,0.0,[],0.0,0.0,0,0.0,0,1.8750000094769348e-06
mlp_aco,10,7761,81,20,3,0.0,0.0,0.0,0.0,0.43936213850975037,False,False,0.0,0.0,0.0,[],0.0,0.0,0,0.0,0,1.8750000094769348e-06
mlp_aco,10,7761,81,20,4,0.0,0.0,0.0,0.0,0.20313307642936707,False,False,0.0,0.0,0.0,[],0.0,0.0,0,0.0,0,1.8750000094769348e-06
mlp_aco,10,7762,81,20,1,0.0,107.0,107.0,0.535,0.3355417549610138,False,False,0.0,107.0,0.0,[],0.0,0.0,0,0.0,0,1.790999988315889e-06
mlp_aco,10,7762,81,20,2,0.0,0.0,0.0,0.0,0.09907747060060501,False,False,0.0,0.0,0.0,[],0.0,0.0,0,0.0,0,1.790999988315889e-06
mlp_aco,10,7762,81,20,3,0.0,0.0,0.0,0.0,0.43936213850975037,False,False,0.0,0.0,0.0,[],0.0,0.0,0,0.0,0,1.790999988315889e-06
mlp_aco,10,7762,81,20,4,0.0,0.0,0.0,0.0,0.20313307642936707,False,False,0.0,0.0,0.0,[],0.0,0.0,0,0.0,0,1.790999988315889e-06
mlp_aco,10,7763,81,20,1,0.0,107.0,107.0,0.535,0.3355417549610138,False,False,0.0,107.0,0.0,[],0.0,0.0,0,0.0,0,1.8750000094769348e-06
mlp_aco,10,7763,81,20,2,0.0,0.0,0.0,0.0,0.09907747060060501,False,False,0.0,0.0,0.0,[],0.0,0.0,0,0.0,0,1.8750000094769348e-06
mlp_aco,10,7763,81,20,3,0.0,0.0,0.0,0.0,0.43936213850975037,False,False,0.0,0.0,0.0,[],0.0,0.0,0,0.0,0,1.8750000094769348e-06
mlp_aco,10,7763,81,20,4,0.0,0.0,0.0,0.0,0.20313307642936707,False,False,0.0,0.0,0.0,[],0.0,0.0,0,0.0,0,1.8750000094769348e-06
mlp_aco,10,7764,81,21,1,0.0,107.0,107.0,0.535,0.3355417549610138,False,False,0.0,107.0,0.0,[],0.0,0.0,0,0.0,0,1.7910000167375983e-06
mlp_aco,10,7764,81,21,2,0.0,0.0,0.0,0.0,0.09907747060060501,False,False,0.0,0.0,0.0,[],0.0,0.0,0,0.0,0,1.7910000167375983e-06
mlp_aco,10,7764,81,21,3,0.0,0.0,0.0,0.0,0.43936213850975037,False,False,0.0,0.0,0.0,[],0.0,0.0,0,0.0,0,1.7910000167375983e-06
mlp_aco,10,7764,81,21,4,0.0,0.0,0.0,0.0,0.20313307642936707,False,False,0.0,0.0,0.0,[],0.0,0.0,0,0.0,0,1.7910000167375983e-06
mlp_aco,10,7765,81,21,1,0.0,107.0,107.0,0.535,0.3355417549610138,False,False,0.0,107.0,0.0,[],0.0,0.0,0,0.0,0,1.7910000167375983e-06
mlp_aco,10,7765,81,21,2,0.0,0.0,0.0,0.0,0.09907747060060501,False,False,0.0,0.0,0.0,[],0.0,0.0,0,0.0,0,1.7910000167375983e-06
mlp_aco,10,7765,81,21,3,0.0,0.0,0.0,0.0,0.43936213850975037,False,False,0.0,0.0,0.0,[],0.0,0.0,0,0.0,0,1.7910000167375983e-06
mlp_aco,10,7765,81,21,4,0.0,0.0,0.0,0.0,0.20313307642936707,False,False,0.0,0.0,0.0,[],0.0,0.0,0,0.0,0,1.7910000167375983e-06
mlp_aco,10,7766,81,21,1,0.0,107.0,107.0,0.535,0.3355417549610138,False,False,0.0,107.0,0.0,[],0.0,0.0,0,0.0,0,1.667000020688647e-06
mlp_aco,10,7766,81,21,2,0.0,0.0,0.0,0.0,0.09907747060060501,False,False,0.0,0.0,0.0,[],0.0,0.0,0,0.0,0,1.667000020688647e-06
mlp_aco,10,7766,81,21,3,0.0,0.0,0.0,0.0,0.43936213850975037,False,False,0.0,0.0,0.0,[],0.0,0.0,0,0.0,0,1.667000020688647e-06
mlp_aco,10,7766,81,21,4,0.0,0.0,0.0,0.0,0.20313307642936707,False,False,0.0,0.0,0.0,[],0.0,0.0,0,0.0,0,1.667000020688647e-06
mlp_aco,10,7767,81,21,1,0.0,107.0,107.0,0.535,0.3355417549610138,False,False,0.0,107.0,0.0,[],0.0,0.0,0,0.0,0,1.7920000061621977e-06
mlp_aco,10,7767,81,21,2,0.0,0.0,0.0,0.0,0.09907747060060501,False,False,0.0,0.0,0.0,[],0.0,0.0,0,0.0,0,1.7920000061621977e-06
mlp_aco,10,7767,81,21,3,0.0,0.0,0.0,0.0,0.43936213850975037,False,False,0.0,0.0,0.0,[],0.0,0.0,0,0.0,0,1.7920000061621977e-06
mlp_aco,10,7767,81,21,4,0.0,0.0,0.0,0.0,0.20313307642936707,False,False,0.0,0.0,0.0,[],0.0,0.0,0,0.0,0,1.7920000061621977e-06
mlp_aco,10,7768,81,22,1,0.0,107.0,107.0,0.535,0.3355417549610138,False,False,0.0,107.0,0.0,[],0.0,0.0,0,0.0,0,1.7090000028474606e-06
mlp_aco,10,7768,81,22,2,0.0,0.0,0.0,0.0,0.09907747060060501,False,False,0.0,0.0,0.0,[],0.0,0.0,0,0.0,0,1.7090000028474606e-06
mlp_aco,10,7768,81,22,3,0.0,0.0,0.0,0.0,0.43936213850975037,False,False,0.0,0.0,0.0,[],0.0,0.0,0,0.0,0,1.7090000028474606e-06
mlp_aco,10,7768,81,22,4,0.0,0.0,0.0,0.0,0.20313307642936707,False,False,0.0,0.0,0.0,[],0.0,0.0,0,0.0,0,1.7090000028474606e-06
mlp_aco,10,7769,81,22,1,0.0,107.0,107.0,0.535,0.3355417549610138,False,False,0.0,107.0,0.0,[],0.0,0.0,0,0.0,0,1.7080000134228612e-06
mlp_aco,10,7769,81,22,2,0.0,0.0,0.0,0.0,0.09907747060060501,False,False,0.0,0.0,0.0,[],0.0,0.0,0,0.0,0,1.7080000134228612e-06
mlp_aco,10,7769,81,22,3,0.0,0.0,0.0,0.0,0.43936213850975037,False,False,0.0,0.0,0.0,[],0.0,0.0,0,0.0,0,1.7080000134228612e-06
mlp_aco,10,7769,81,22,4,0.0,0.0,0.0,0.0,0.20313307642936707,False,False,0.0,0.0,0.0,[],0.0,0.0,0,0.0,0,1.7080000134228612e-06
mlp_aco,10,7770,81,22,1,0.0,107.0,107.0,0.535,0.3355417549610138,False,False,0.0,107.0,0.0,[],0.0,0.0,0,0.0,0,1.8749999810552254e-06
mlp_aco,10,7770,81,22,2,0.0,0.0,0.0,0.0,0.09907747060060501,False,False,0.0,0.0,0.0,[],0.0,0.0,0,0.0,0,1.8749999810552254e-06
mlp_aco,10,7770,81,22,3,0.0,0.0,0.0,0.0,0.43936213850975037,False,False,0.0,0.0,0.0,[],0.0,0.0,0,0.0,0,1.8749999810552254e-06
mlp_aco,10,7770,81,22,4,0.0,0.0,0.0,0.0,0.20313307642936707,False,False,0.0,0.0,0.0,[],0.0,0.0,0,0.0,0,1.8749999810552254e-06
mlp_aco,10,7771,81,22,1,0.0,107.0,107.0,0.535,0.3355417549610138,False,False,0.0,107.0,0.0,[],0.0,0.0,0,0.0,0,1.6669999922669376e-06
mlp_aco,10,7771,81,22,2,0.0,0.0,0.0,0.0,0.09907747060060501,False,False,0.0,0.0,0.0,[],0.0,0.0,0,0.0,0,1.6669999922669376e-06
mlp_aco,10,7771,81,22,3,0.0,0.0,0.0,0.0,0.43936213850975037,False,False,0.0,0.0,0.0,[],0.0,0.0,0,0.0,0,1.6669999922669376e-06
mlp_aco,10,7771,81,22,4,0.0,0.0,0.0,0.0,0.20313307642936707,False,False,0.0,0.0,0.0,[],0.0,0.0,0,0.0,0,1.6669999922669376e-06
mlp_aco,10,7772,81,23,1,0.0,107.0,107.0,0.535,0.3355417549610138,False,False,0.0,107.0,0.0,[],0.0,0.0,0,0.0,0,1.7079999850011518e-06
mlp_aco,10,7772,81,23,2,0.0,0.0,0.0,0.0,0.09907747060060501,False,False,0.0,0.0,0.0,[],0.0,0.0,0,0.0,0,1.7079999850011518e-06
mlp_aco,10,7772,81,23,3,0.0,0.0,0.0,0.0,0.43936213850975037,False,False,0.0,0.0,0.0,[],0.0,0.0,0,0.0,0,1.7079999850011518e-06
mlp_aco,10,7772,81,23,4,0.0,0.0,0.0,0.0,0.20313307642936707,False,False,0.0,0.0,0.0,[],0.0,0.0,0,0.0,0,1.7079999850011518e-06
mlp_aco,10,7773,81,23,1,0.0,107.0,107.0,0.535,0.3355417549610138,False,False,0.0,107.0,0.0,[],0.0,0.0,0,0.0,0,1.7499999955816747e-06
mlp_aco,10,7773,81,23,2,0.0,0.0,0.0,0.0,0.09907747060060501,False,False,0.0,0.0,0.0,[],0.0,0.0,0,0.0,0,1.7499999955816747e-06
mlp_aco,10,7773,81,23,3,0.0,0.0,0.0,0.0,0.43936213850975037,False,False,0.0,0.0,0.0,[],0.0,0.0,0,0.0,0,1.7499999955816747e-06
mlp_aco,10,7773,81,23,4,0.0,0.0,0.0,0.0,0.20313307642936707,False,False,0.0,0.0,0.0,[],0.0,0.0,0,0.0,0,1.7499999955816747e-06
mlp_aco,10,7774,81,23,1,0.0,107.0,107.0,0.535,0.3355417549610138,False,False,0.0,107.0,0.0,[],0.0,0.0,0,0.0,0,1.7079999850011518e-06
mlp_aco,10,7774,81,23,2,0.0,0.0,0.0,0.0,0.09907747060060501,False,False,0.0,0.0,0.0,[],0.0,0.0,0,0.0,0,1.7079999850011518e-06
mlp_aco,10,7774,81,23,3,0.0,0.0,0.0,0.0,0.43936213850975037,False,False,0.0,0.0,0.0,[],0.0,0.0,0,0.0,0,1.7079999850011518e-06
mlp_aco,10,7774,81,23,4,0.0,0.0,0.0,0.0,0.20313307642936707,False,False,0.0,0.0,0.0,[],0.0,0.0,0,0.0,0,1.7079999850011518e-06
mlp_aco,10,7775,81,23,1,0.0,107.0,107.0,0.535,0.3355417549610138,False,False,0.0,107.0,0.0,[],0.0,0.0,0,0.0,0,1.7500000240033842e-06
mlp_aco,10,7775,81,23,2,0.0,0.0,0.0,0.0,0.09907747060060501,False,False,0.0,0.0,0.0,[],0.0,0.0,0,0.0,0,1.7500000240033842e-06
mlp_aco,10,7775,81,23,3,0.0,0.0,0.0,0.0,0.43936213850975037,False,False,0.0,0.0,0.0,[],0.0,0.0,0,0.0,0,1.7500000240033842e-06
mlp_aco,10,7775,81,23,4,0.0,0.0,0.0,0.0,0.20313307642936707,False,False,0.0,0.0,0.0,[],0.0,0.0,0,0.0,0,1.7500000240033842e-06
mlp_aco,10,7776,82,0,1,42.0,107.0,149.0,0.745,0.9999997019767761,True,True,30.0,119.0,0.0,[1],10.0,10.0,1,10.0,0,0.008944624999998041
mlp_aco,10,7776,82,0,2,0.0,0.0,0.0,0.0,0.09907747060060501,False,False,0.0,0.0,0.0,[],10.0,10.0,1,10.0,0,0.008944624999998041
mlp_aco,10,7776,82,0,3,0.0,0.0,0.0,0.0,0.43936213850975037,False,False,0.0,0.0,0.0,[],10.0,10.0,1,10.0,0,0.008944624999998041
mlp_aco,10,7776,82,0,4,0.0,0.0,0.0,0.0,0.20313307642936707,False,False,0.0,0.0,0.0,[],10.0,10.0,1,10.0,0,0.008944624999998041
mlp_aco,10,7777,82,0,1,37.0,119.0,156.0,0.78,0.9999996423721313,True,True,30.0,126.0,0.0,[1],10.0,10.0,1,10.0,0,0.008874375000004875
mlp_aco,10,7777,82,0,2,0.0,0.0,0.0,0.0,0.09907747060060501,False,False,0.0,0.0,0.0,[],10.0,10.0,1,10.0,0,0.008874375000004875
mlp_aco,10,7777,82,0,3,0.0,0.0,0.0,0.0,0.43936213850975037,False,False,0.0,0.0,0.0,[],10.0,10.0,1,10.0,0,0.008874375000004875
mlp_aco,10,7777,82,0,4,0.0,0.0,0.0,0.0,0.20313307642936707,False,False,0.0,0.0,0.0,[],10.0,10.0,1,10.0,0,0.008874375000004875
mlp_aco,10,7778,82,0,1,37.0,126.0,163.0,0.815,0.9999999403953552,True,True,30.0,133.0,0.0,[1],10.0,10.0,1,10.0,0,0.009076166999989255
mlp_aco,10,7778,82,0,2,0.0,0.0,0.0,0.0,0.09907747060060501,False,False,0.0,0.0,0.0,[],10.0,10.0,1,10.0,0,0.009076166999989255
mlp_aco,10,7778,82,0,3,0.0,0.0,0.0,0.0,0.43936213850975037,False,False,0.0,0.0,0.0,[],10.0,10.0,1,10.0,0,0.009076166999989255
mlp_aco,10,7778,82,0,4,0.0,0.0,0.0,0.0,0.20313307642936707,False,False,0.0,0.0,0.0,[],10.0,10.0,1,10.0,0,0.009076166999989255
mlp_aco,10,7779,82,0,1,39.0,133.0,172.0,0.86,1.0,True,True,30.0,142.0,0.0,[1],10.0,10.0,1,10.0,0,0.008967208999990817
mlp_aco,10,7779,82,0,2,0.0,0.0,0.0,0.0,0.09907747060060501,False,False,0.0,0.0,0.0,[],10.0,10.0,1,10.0,0,0.008967208999990817
mlp_aco,10,7779,82,0,3,0.0,0.0,0.0,0.0,0.43936213850975037,False,False,0.0,0.0,0.0,[],10.0,10.0,1,10.0,0,0.008967208999990817
mlp_aco,10,7779,82,0,4,0.0,0.0,0.0,0.0,0.20313307642936707,False,False,0.0,0.0,0.0,[],10.0,10.0,1,10.0,0,0.008967208999990817
mlp_aco,10,7780,82,1,1,48.0,142.0,190.0,0.95,1.0,True,True,30.0,160.0,0.0,[1],10.0,10.0,1,10.0,0,0.009086584000016273
mlp_aco,10,7780,82,1,2,0.0,0.0,0.0,0.0,0.09907747060060501,False,False,0.0,0.0,0.0,[],10.0,10.0,1,10.0,0,0.009086584000016273
mlp_aco,10,7780,82,1,3,0.0,0.0,0.0,0.0,0.43936213850975037,False,False,0.0,0.0,0.0,[],10.0,10.0,1,10.0,0,0.009086584000016273
mlp_aco,10,7780,82,1,4,0.0,0.0,0.0,0.0,0.20313307642936707,False,False,0.0,0.0,0.0,[],10.0,10.0,1,10.0,0,0.009086584000016273
mlp_aco,10,7781,82,1,1,44.0,160.0,204.0,1.02,1.0,True,True,30.0,174.0,0.0,[1],10.0,10.0,1,10.0,0,0.009119666999993115
mlp_aco,10,7781,82,1,2,0.0,0.0,0.0,0.0,0.09907747060060501,False,False,0.0,0.0,0.0,[],10.0,10.0,1,10.0,0,0.009119666999993115
mlp_aco,10,7781,82,1,3,0.0,0.0,0.0,0.0,0.43936213850975037,False,False,0.0,0.0,0.0,[],10.0,10.0,1,10.0,0,0.009119666999993115
mlp_aco,10,7781,82,1,4,0.0,0.0,0.0,0.0,0.20313307642936707,False,False,0.0,0.0,0.0,[],10.0,10.0,1,10.0,0,0.009119666999993115
mlp_aco,10,7782,82,1,1,43.0,174.0,217.0,1.085,1.0,True,True,30.0,187.0,0.0,[1],10.0,10.0,1,10.0,0,0.009060374999990017
mlp_aco,10,7782,82,1,2,0.0,0.0,0.0,0.0,0.09907747060060501,False,False,0.0,0.0,0.0,[],10.0,10.0,1,10.0,0,0.009060374999990017
mlp_aco,10,7782,82,1,3,0.0,0.0,0.0,0.0,0.43936213850975037,False,False,0.0,0.0,0.0,[],10.0,10.0,1,10.0,0,0.009060374999990017
mlp_aco,10,7782,82,1,4,0.0,0.0,0.0,0.0,0.20313307642936707,False,False,0.0,0.0,0.0,[],10.0,10.0,1,10.0,0,0.009060374999990017
mlp_aco,10,7783,82,1,1,41.0,187.0,228.0,1.14,1.0,True,True,30.0,198.0,0.0,[1],10.0,10.0,1,10.0,0,0.009021875000001955
mlp_aco,10,7783,82,1,2,0.0,0.0,0.0,0.0,0.09907747060060501,False,False,0.0,0.0,0.0,[],10.0,10.0,1,10.0,0,0.009021875000001955
mlp_aco,10,7783,82,1,3,0.0,0.0,0.0,0.0,0.43936213850975037,False,False,0.0,0.0,0.0,[],10.0,10.0,1,10.0,0,0.009021875000001955
mlp_aco,10,7783,82,1,4,0.0,0.0,0.0,0.0,0.20313307642936707,False,False,0.0,0.0,0.0,[],10.0,10.0,1,10.0,0,0.009021875000001955
mlp_aco,10,7784,82,2,1,39.0,198.0,237.0,1.185,1.0,True,True,30.0,200.0,7.0,[1],10.0,10.0,1,10.0,0,0.008829041000012694
mlp_aco,10,7784,82,2,2,0.0,0.0,0.0,0.0,0.09907747060060501,False,False,0.0,0.0,0.0,[],10.0,10.0,1,10.0,0,0.008829041000012694
mlp_aco,10,7784,82,2,3,0.0,0.0,0.0,0.0,0.43936213850975037,False,False,0.0,0.0,0.0,[],10.0,10.0,1,10.0,0,0.008829041000012694
mlp_aco,10,7784,82,2,4,0.0,0.0,0.0,0.0,0.20313307642936707,False,False,0.0,0.0,0.0,[],10.0,10.0,1,10.0,0,0.008829041000012694
mlp_aco,10,7785,82,2,1,41.0,200.0,241.0,1.205,1.0,True,True,30.0,200.0,11.0,[1],10.0,10.0,1,10.0,0,0.008934874999994236
mlp_aco,10,7785,82,2,2,0.0,0.0,0.0,0.0,0.09907747060060501,False,False,0.0,0.0,0.0,[],10.0,10.0,1,10.0,0,0.008934874999994236
mlp_aco,10,7785,82,2,3,0.0,0.0,0.0,0.0,0.43936213850975037,False,False,0.0,0.0,0.0,[],10.0,10.0,1,10.0,0,0.008934874999994236
mlp_aco,10,7785,82,2,4,0.0,0.0,0.0,0.0,0.20313307642936707,False,False,0.0,0.0,0.0,[],10.0,10.0,1,10.0,0,0.008934874999994236
mlp_aco,10,7786,82,2,1,41.0,200.0,241.0,1.205,1.0,True,True,30.0,200.0,11.0,[1],10.0,10.0,1,10.0,0,0.009000499999984868
mlp_aco,10,7786,82,2,2,0.0,0.0,0.0,0.0,0.09907747060060501,False,False,0.0,0.0,0.0,[],10.0,10.0,1,10.0,0,0.009000499999984868
mlp_aco,10,7786,82,2,3,0.0,0.0,0.0,0.0,0.43936213850975037,False,False,0.0,0.0,0.0,[],10.0,10.0,1,10.0,0,0.009000499999984868
mlp_aco,10,7786,82,2,4,0.0,0.0,0.0,0.0,0.20313307642936707,False,False,0.0,0.0,0.0,[],10.0,10.0,1,10.0,0,0.009000499999984868
mlp_aco,10,7787,82,2,1,40.0,200.0,240.0,1.2,1.0,True,True,30.0,200.0,10.0,[1],10.0,10.0,1,10.0,0,0.009059125000021595
mlp_aco,10,7787,82,2,2,0.0,0.0,0.0,0.0,0.09907747060060501,False,False,0.0,0.0,0.0,[],10.0,10.0,1,10.0,0,0.009059125000021595
mlp_aco,10,7787,82,2,3,0.0,0.0,0.0,0.0,0.43936213850975037,False,False,0.0,0.0,0.0,[],10.0,10.0,1,10.0,0,0.009059125000021595
mlp_aco,10,7787,82,2,4,0.0,0.0,0.0,0.0,0.20313307642936707,False,False,0.0,0.0,0.0,[],10.0,10.0,1,10.0,0,0.009059125000021595
mlp_aco,10,7788,82,3,1,41.0,200.0,241.0,1.205,1.0,True,True,30.0,200.0,11.0,[1],10.0,10.0,1,10.0,0,0.00911408299998584
mlp_aco,10,7788,82,3,2,0.0,0.0,0.0,0.0,0.09907747060060501,False,False,0.0,0.0,0.0,[],10.0,10.0,1,10.0,0,0.00911408299998584
mlp_aco,10,7788,82,3,3,0.0,0.0,0.0,0.0,0.43936213850975037,False,False,0.0,0.0,0.0,[],10.0,10.0,1,10.0,0,0.00911408299998584
mlp_aco,10,7788,82,3,4,0.0,0.0,0.0,0.0,0.20313307642936707,False,False,0.0,0.0,0.0,[],10.0,10.0,1,10.0,0,0.00911408299998584
mlp_aco,10,7789,82,3,1,40.0,200.0,240.0,1.2,1.0,True,True,30.0,200.0,10.0,[1],10.0,10.0,1,10.0,0,0.009119000000026745
mlp_aco,10,7789,82,3,2,0.0,0.0,0.0,0.0,0.09907747060060501,False,False,0.0,0.0,0.0,[],10.0,10.0,1,10.0,0,0.009119000000026745
mlp_aco,10,7789,82,3,3,0.0,0.0,0.0,0.0,0.43936213850975037,False,False,0.0,0.0,0.0,[],10.0,10.0,1,10.0,0,0.009119000000026745
mlp_aco,10,7789,82,3,4,0.0,0.0,0.0,0.0,0.20313307642936707,False,False,0.0,0.0,0.0,[],10.0,10.0,1,10.0,0,0.009119000000026745
mlp_aco,10,7790,82,3,1,42.0,200.0,242.0,1.21,1.0,True,True,30.0,200.0,12.0,[1],10.0,10.0,1,10.0,0,0.009136291000004348
mlp_aco,10,7790,82,3,2,0.0,0.0,0.0,0.0,0.09907747060060501,False,False,0.0,0.0,0.0,[],10.0,10.0,1,10.0,0,0.009136291000004348
mlp_aco,10,7790,82,3,3,0.0,0.0,0.0,0.0,0.43936213850975037,False,False,0.0,0.0,0.0,[],10.0,10.0,1,10.0,0,0.009136291000004348
mlp_aco,10,7790,82,3,4,0.0,0.0,0.0,0.0,0.20313307642936707,False,False,0.0,0.0,0.0,[],10.0,10.0,1,10.0,0,0.009136291000004348
mlp_aco,10,7791,82,3,1,43.0,200.0,243.0,1.215,1.0,True,True,30.0,200.0,13.0,[1],10.0,10.0,1,10.0,0,0.008863999999988437
mlp_aco,10,7791,82,3,2,0.0,0.0,0.0,0.0,0.09907747060060501,False,False,0.0,0.0,0.0,[],10.0,10.0,1,10.0,0,0.008863999999988437
mlp_aco,10,7791,82,3,3,0.0,0.0,0.0,0.0,0.43936213850975037,False,False,0.0,0.0,0.0,[],10.0,10.0,1,10.0,0,0.008863999999988437
mlp_aco,10,7791,82,3,4,0.0,0.0,0.0,0.0,0.20313307642936707,False,False,0.0,0.0,0.0,[],10.0,10.0,1,10.0,0,0.008863999999988437
mlp_aco,10,7792,82,4,1,44.0,200.0,244.0,1.22,1.0,True,True,30.0,200.0,14.0,[1],10.0,10.0,1,10.0,0,0.009001832999985027
mlp_aco,10,7792,82,4,2,0.0,0.0,0.0,0.0,0.09907747060060501,False,False,0.0,0.0,0.0,[],10.0,10.0,1,10.0,0,0.009001832999985027
mlp_aco,10,7792,82,4,3,0.0,0.0,0.0,0.0,0.43936213850975037,False,False,0.0,0.0,0.0,[],10.0,10.0,1,10.0,0,0.009001832999985027
mlp_aco,10,7792,82,4,4,0.0,0.0,0.0,0.0,0.20313307642936707,False,False,0.0,0.0,0.0,[],10.0,10.0,1,10.0,0,0.009001832999985027
mlp_aco,10,7793,82,4,1,44.0,200.0,244.0,1.22,1.0,True,True,30.0,200.0,14.0,[1],10.0,10.0,1,10.0,0,0.009071457999993982
mlp_aco,10,7793,82,4,2,0.0,0.0,0.0,0.0,0.09907747060060501,False,False,0.0,0.0,0.0,[],10.0,10.0,1,10.0,0,0.009071457999993982
mlp_aco,10,7793,82,4,3,0.0,0.0,0.0,0.0,0.43936213850975037,False,False,0.0,0.0,0.0,[],10.0,10.0,1,10.0,0,0.009071457999993982
mlp_aco,10,7793,82,4,4,0.0,0.0,0.0,0.0,0.20313307642936707,False,False,0.0,0.0,0.0,[],10.0,10.0,1,10.0,0,0.009071457999993982
mlp_aco,10,7794,82,4,1,43.0,200.0,243.0,1.215,1.0,True,True,30.0,200.0,13.0,[1],10.0,10.0,1,10.0,0,0.009044208999995362
mlp_aco,10,7794,82,4,2,0.0,0.0,0.0,0.0,0.09907747060060501,False,False,0.0,0.0,0.0,[],10.0,10.0,1,10.0,0,0.009044208999995362
mlp_aco,10,7794,82,4,3,0.0,0.0,0.0,0.0,0.43936213850975037,False,False,0.0,0.0,0.0,[],10.0,10.0,1,10.0,0,0.009044208999995362
mlp_aco,10,7794,82,4,4,0.0,0.0,0.0,0.0,0.20313307642936707,False,False,0.0,0.0,0.0,[],10.0,10.0,1,10.0,0,0.009044208999995362
mlp_aco,10,7795,82,4,1,41.0,200.0,241.0,1.205,1.0,True,True,30.0,200.0,11.0,[1],10.0,10.0,1,10.0,0,0.00898104200001626
mlp_aco,10,7795,82,4,2,0.0,0.0,0.0,0.0,0.09907747060060501,False,False,0.0,0.0,0.0,[],10.0,10.0,1,10.0,0,0.00898104200001626
mlp_aco,10,7795,82,4,3,0.0,0.0,0.0,0.0,0.43936213850975037,False,False,0.0,0.0,0.0,[],10.0,10.0,1,10.0,0,0.00898104200001626
mlp_aco,10,7795,82,4,4,0.0,0.0,0.0,0.0,0.20313307642936707,False,False,0.0,0.0,0.0,[],10.0,10.0,1,10.0,0,0.00898104200001626
mlp_aco,10,7796,82,5,1,42.0,200.0,242.0,1.21,1.0,True,True,30.0,200.0,12.0,[1],10.0,10.0,1,10.0,0,0.008828625000006696
mlp_aco,10,7796,82,5,2,0.0,0.0,0.0,0.0,0.09907747060060501,False,False,0.0,0.0,0.0,[],10.0,10.0,1,10.0,0,0.008828625000006696
mlp_aco,10,7796,82,5,3,0.0,0.0,0.0,0.0,0.43936213850975037,False,False,0.0,0.0,0.0,[],10.0,10.0,1,10.0,0,0.008828625000006696
mlp_aco,10,7796,82,5,4,0.0,0.0,0.0,0.0,0.20313307642936707,False,False,0.0,0.0,0.0,[],10.0,10.0,1,10.0,0,0.008828625000006696
mlp_aco,10,7797,82,5,1,44.0,200.0,244.0,1.22,1.0,True,True,30.0,200.0,14.0,[1],10.0,10.0,1,10.0,0,0.009076958000008517
mlp_aco,10,7797,82,5,2,0.0,0.0,0.0,0.0,0.09907747060060501,False,False,0.0,0.0,0.0,[],10.0,10.0,1,10.0,0,0.009076958000008517
mlp_aco,10,7797,82,5,3,0.0,0.0,0.0,0.0,0.43936213850975037,False,False,0.0,0.0,0.0,[],10.0,10.0,1,10.0,0,0.009076958000008517
mlp_aco,10,7797,82,5,4,0.0,0.0,0.0,0.0,0.20313307642936707,False,False,0.0,0.0,0.0,[],10.0,10.0,1,10.0,0,0.009076958000008517
mlp_aco,10,7798,82,5,1,43.0,200.0,243.0,1.215,1.0,True,True,30.0,200.0,13.0,[1],10.0,10.0,1,10.0,0,0.009124624999998332
mlp_aco,10,7798,82,5,2,0.0,0.0,0.0,0.0,0.09907747060060501,False,False,0.0,0.0,0.0,[],10.0,10.0,1,10.0,0,0.009124624999998332
mlp_aco,10,7798,82,5,3,0.0,0.0,0.0,0.0,0.43936213850975037,False,False,0.0,0.0,0.0,[],10.0,10.0,1,10.0,0,0.009124624999998332
mlp_aco,10,7798,82,5,4,0.0,0.0,0.0,0.0,0.20313307642936707,False,False,0.0,0.0,0.0,[],10.0,10.0,1,10.0,0,0.009124624999998332
mlp_aco,10,7799,82,5,1,42.0,200.0,242.0,1.21,1.0,True,True,30.0,200.0,12.0,[1],10.0,10.0,1,10.0,0,0.009004707999991979
mlp_aco,10,7799,82,5,2,0.0,0.0,0.0,0.0,0.09907747060060501,False,False,0.0,0.0,0.0,[],10.0,10.0,1,10.0,0,0.009004707999991979
mlp_aco,10,7799,82,5,3,0.0,0.0,0.0,0.0,0.43936213850975037,False,False,0.0,0.0,0.0,[],10.0,10.0,1,10.0,0,0.009004707999991979
mlp_aco,10,7799,82,5,4,0.0,0.0,0.0,0.0,0.20313307642936707,False,False,0.0,0.0,0.0,[],10.0,10.0,1,10.0,0,0.009004707999991979
mlp_aco,10,7800,82,6,1,43.0,200.0,243.0,1.215,1.0,True,True,30.0,200.0,13.0,[1],10.0,10.0,1,10.0,0,0.0090078329999983
mlp_aco,10,7800,82,6,2,0.0,0.0,0.0,0.0,0.09907747060060501,False,False,0.0,0.0,0.0,[],10.0,10.0,1,10.0,0,0.0090078329999983
mlp_aco,10,7800,82,6,3,0.0,0.0,0.0,0.0,0.43936213850975037,False,False,0.0,0.0,0.0,[],10.0,10.0,1,10.0,0,0.0090078329999983
mlp_aco,10,7800,82,6,4,0.0,0.0,0.0,0.0,0.20313307642936707,False,False,0.0,0.0,0.0,[],10.0,10.0,1,10.0,0,0.0090078329999983
mlp_aco,10,7801,82,6,1,42.0,200.0,242.0,1.21,1.0,True,True,30.0,200.0,12.0,[1],10.0,10.0,1,10.0,0,0.009031334000013658
mlp_aco,10,7801,82,6,2,0.0,0.0,0.0,0.0,0.09907747060060501,False,False,0.0,0.0,0.0,[],10.0,10.0,1,10.0,0,0.009031334000013658
mlp_aco,10,7801,82,6,3,0.0,0.0,0.0,0.0,0.43936213850975037,False,False,0.0,0.0,0.0,[],10.0,10.0,1,10.0,0,0.009031334000013658
mlp_aco,10,7801,82,6,4,0.0,0.0,0.0,0.0,0.20313307642936707,False,False,0.0,0.0,0.0,[],10.0,10.0,1,10.0,0,0.009031334000013658
mlp_aco,10,7802,82,6,1,44.0,200.0,244.0,1.22,1.0,True,True,30.0,200.0,14.0,[1],10.0,10.0,1,10.0,0,0.009054792000000589
mlp_aco,10,7802,82,6,2,0.0,0.0,0.0,0.0,0.09907747060060501,False,False,0.0,0.0,0.0,[],10.0,10.0,1,10.0,0,0.009054792000000589
mlp_aco,10,7802,82,6,3,0.0,0.0,0.0,0.0,0.43936213850975037,False,False,0.0,0.0,0.0,[],10.0,10.0,1,10.0,0,0.009054792000000589
mlp_aco,10,7802,82,6,4,0.0,0.0,0.0,0.0,0.20313307642936707,False,False,0.0,0.0,0.0,[],10.0,10.0,1,10.0,0,0.009054792000000589
mlp_aco,10,7803,82,6,1,43.0,200.0,243.0,1.215,1.0,True,True,30.0,200.0,13.0,[1],10.0,10.0,1,10.0,0,0.008871833000000606
mlp_aco,10,7803,82,6,2,0.0,0.0,0.0,0.0,0.09907747060060501,False,False,0.0,0.0,0.0,[],10.0,10.0,1,10.0,0,0.008871833000000606
mlp_aco,10,7803,82,6,3,0.0,0.0,0.0,0.0,0.43936213850975037,False,False,0.0,0.0,0.0,[],10.0,10.0,1,10.0,0,0.008871833000000606
mlp_aco,10,7803,82,6,4,0.0,0.0,0.0,0.0,0.20313307642936707,False,False,0.0,0.0,0.0,[],10.0,10.0,1,10.0,0,0.008871833000000606
mlp_aco,10,7804,82,7,1,41.0,200.0,241.0,1.205,1.0,True,True,30.0,200.0,11.0,[1],10.0,10.0,1,10.0,0,0.00908391699999811
mlp_aco,10,7804,82,7,2,0.0,0.0,0.0,0.0,0.09907747060060501,False,False,0.0,0.0,0.0,[],10.0,10.0,1,10.0,0,0.00908391699999811
mlp_aco,10,7804,82,7,3,0.0,0.0,0.0,0.0,0.43936213850975037,False,False,0.0,0.0,0.0,[],10.0,10.0,1,10.0,0,0.00908391699999811
mlp_aco,10,7804,82,7,4,0.0,0.0,0.0,0.0,0.20313307642936707,False,False,0.0,0.0,0.0,[],10.0,10.0,1,10.0,0,0.00908391699999811
mlp_aco,10,7805,82,7,1,42.0,200.0,242.0,1.21,1.0,True,True,30.0,200.0,12.0,[1],10.0,10.0,1,10.0,0,0.008980667000002995
mlp_aco,10,7805,82,7,2,0.0,0.0,0.0,0.0,0.09907747060060501,False,False,0.0,0.0,0.0,[],10.0,10.0,1,10.0,0,0.008980667000002995
mlp_aco,10,7805,82,7,3,0.0,0.0,0.0,0.0,0.43936213850975037,False,False,0.0,0.0,0.0,[],10.0,10.0,1,10.0,0,0.008980667000002995
mlp_aco,10,7805,82,7,4,0.0,0.0,0.0,0.0,0.20313307642936707,False,False,0.0,0.0,0.0,[],10.0,10.0,1,10.0,0,0.008980667000002995
mlp_aco,10,7806,82,7,1,41.0,200.0,241.0,1.205,1.0,True,True,30.0,200.0,11.0,[1],10.0,10.0,1,10.0,0,0.008827749999994694
mlp_aco,10,7806,82,7,2,0.0,0.0,0.0,0.0,0.09907747060060501,False,False,0.0,0.0,0.0,[],10.0,10.0,1,10.0,0,0.008827749999994694
mlp_aco,10,7806,82,7,3,0.0,0.0,0.0,0.0,0.43936213850975037,False,False,0.0,0.0,0.0,[],10.0,10.0,1,10.0,0,0.008827749999994694
mlp_aco,10,7806,82,7,4,0.0,0.0,0.0,0.0,0.20313307642936707,False,False,0.0,0.0,0.0,[],10.0,10.0,1,10.0,0,0.008827749999994694
mlp_aco,10,7807,82,7,1,45.0,200.0,245.0,1.225,1.0,True,True,30.0,200.0,15.0,[1],10.0,10.0,1,10.0,0,0.009016000000002578
mlp_aco,10,7807,82,7,2,0.0,0.0,0.0,0.0,0.09907747060060501,False,False,0.0,0.0,0.0,[],10.0,10.0,1,10.0,0,0.009016000000002578
mlp_aco,10,7807,82,7,3,0.0,0.0,0.0,0.0,0.43936213850975037,False,False,0.0,0.0,0.0,[],10.0,10.0,1,10.0,0,0.009016000000002578
mlp_aco,10,7807,82,7,4,0.0,0.0,0.0,0.0,0.20313307642936707,False,False,0.0,0.0,0.0,[],10.0,10.0,1,10.0,0,0.009016000000002578
mlp_aco,10,7808,82,8,1,46.0,200.0,246.0,1.23,1.0,True,True,30.0,200.0,16.0,[1],10.0,10.0,1,10.0,0,0.008982624999987365
mlp_aco,10,7808,82,8,2,0.0,0.0,0.0,0.0,0.09907747060060501,False,False,0.0,0.0,0.0,[],10.0,10.0,1,10.0,0,0.008982624999987365
mlp_aco,10,7808,82,8,3,0.0,0.0,0.0,0.0,0.43936213850975037,False,False,0.0,0.0,0.0,[],10.0,10.0,1,10.0,0,0.008982624999987365
mlp_aco,10,7808,82,8,4,0.0,0.0,0.0,0.0,0.20313307642936707,False,False,0.0,0.0,0.0,[],10.0,10.0,1,10.0,0,0.008982624999987365
mlp_aco,10,7809,82,8,1,43.0,200.0,243.0,1.215,1.0,True,True,30.0,200.0,13.0,[1],10.0,10.0,1,10.0,0,0.009068542000022717
mlp_aco,10,7809,82,8,2,0.0,0.0,0.0,0.0,0.09907747060060501,False,False,0.0,0.0,0.0,[],10.0,10.0,1,10.0,0,0.009068542000022717
mlp_aco,10,7809,82,8,3,0.0,0.0,0.0,0.0,0.43936213850975037,False,False,0.0,0.0,0.0,[],10.0,10.0,1,10.0,0,0.009068542000022717
mlp_aco,10,7809,82,8,4,0.0,0.0,0.0,0.0,0.20313307642936707,False,False,0.0,0.0,0.0,[],10.0,10.0,1,10.0,0,0.009068542000022717
mlp_aco,10,7810,82,8,1,40.0,200.0,240.0,1.2,1.0,True,True,30.0,200.0,10.0,[1],10.0,10.0,1,10.0,0,0.009105209000011882
mlp_aco,10,7810,82,8,2,0.0,0.0,0.0,0.0,0.09907747060060501,False,False,0.0,0.0,0.0,[],10.0,10.0,1,10.0,0,0.009105209000011882
mlp_aco,10,7810,82,8,3,0.0,0.0,0.0,0.0,0.43936213850975037,False,False,0.0,0.0,0.0,[],10.0,10.0,1,10.0,0,0.009105209000011882
mlp_aco,10,7810,82,8,4,0.0,0.0,0.0,0.0,0.20313307642936707,False,False,0.0,0.0,0.0,[],10.0,10.0,1,10.0,0,0.009105209000011882
mlp_aco,10,7811,82,8,1,41.0,200.0,241.0,1.205,1.0,True,True,30.0,200.0,11.0,[1],10.0,10.0,1,10.0,0,0.009070500000007087
mlp_aco,10,7811,82,8,2,0.0,0.0,0.0,0.0,0.09907747060060501,False,False,0.0,0.0,0.0,[],10.0,10.0,1,10.0,0,0.009070500000007087
mlp_aco,10,7811,82,8,3,0.0,0.0,0.0,0.0,0.43936213850975037,False,False,0.0,0.0,0.0,[],10.0,10.0,1,10.0,0,0.009070500000007087
mlp_aco,10,7811,82,8,4,0.0,0.0,0.0,0.0,0.20313307642936707,False,False,0.0,0.0,0.0,[],10.0,10.0,1,10.0,0,0.009070500000007087
mlp_aco,10,7812,82,9,1,40.0,200.0,240.0,1.2,1.0,True,True,30.0,200.0,10.0,[1],10.0,10.0,1,10.0,0,0.009109292000005098
mlp_aco,10,7812,82,9,2,0.0,0.0,0.0,0.0,0.09907747060060501,False,False,0.0,0.0,0.0,[],10.0,10.0,1,10.0,0,0.009109292000005098
mlp_aco,10,7812,82,9,3,0.0,0.0,0.0,0.0,0.43936213850975037,False,False,0.0,0.0,0.0,[],10.0,10.0,1,10.0,0,0.009109292000005098
mlp_aco,10,7812,82,9,4,0.0,0.0,0.0,0.0,0.20313307642936707,False,False,0.0,0.0,0.0,[],10.0,10.0,1,10.0,0,0.009109292000005098
mlp_aco,10,7813,82,9,1,41.0,200.0,241.0,1.205,1.0,True,True,30.0,200.0,11.0,[1],10.0,10.0,1,10.0,0,0.008767417000001387
mlp_aco,10,7813,82,9,2,0.0,0.0,0.0,0.0,0.09907747060060501,False,False,0.0,0.0,0.0,[],10.0,10.0,1,10.0,0,0.008767417000001387
mlp_aco,10,7813,82,9,3,0.0,0.0,0.0,0.0,0.43936213850975037,False,False,0.0,0.0,0.0,[],10.0,10.0,1,10.0,0,0.008767417000001387
mlp_aco,10,7813,82,9,4,0.0,0.0,0.0,0.0,0.20313307642936707,False,False,0.0,0.0,0.0,[],10.0,10.0,1,10.0,0,0.008767417000001387
mlp_aco,10,7814,82,9,1,41.0,200.0,241.0,1.205,1.0,True,True,30.0,200.0,11.0,[1],10.0,10.0,1,10.0,0,0.00885787499998969
mlp_aco,10,7814,82,9,2,0.0,0.0,0.0,0.0,0.09907747060060501,False,False,0.0,0.0,0.0,[],10.0,10.0,1,10.0,0,0.00885787499998969
mlp_aco,10,7814,82,9,3,0.0,0.0,0.0,0.0,0.43936213850975037,False,False,0.0,0.0,0.0,[],10.0,10.0,1,10.0,0,0.00885787499998969
mlp_aco,10,7814,82,9,4,0.0,0.0,0.0,0.0,0.20313307642936707,False,False,0.0,0.0,0.0,[],10.0,10.0,1,10.0,0,0.00885787499998969
mlp_aco,10,7815,82,9,1,41.0,200.0,241.0,1.205,1.0,True,True,30.0,200.0,11.0,[1],10.0,10.0,1,10.0,0,0.008906709000001456
mlp_aco,10,7815,82,9,2,0.0,0.0,0.0,0.0,0.09907747060060501,False,False,0.0,0.0,0.0,[],10.0,10.0,1,10.0,0,0.008906709000001456
mlp_aco,10,7815,82,9,3,0.0,0.0,0.0,0.0,0.43936213850975037,False,False,0.0,0.0,0.0,[],10.0,10.0,1,10.0,0,0.008906709000001456
mlp_aco,10,7815,82,9,4,0.0,0.0,0.0,0.0,0.20313307642936707,False,False,0.0,0.0,0.0,[],10.0,10.0,1,10.0,0,0.008906709000001456
mlp_aco,10,7816,82,10,1,41.0,200.0,241.0,1.205,1.0,True,True,30.0,200.0,11.0,[1],10.0,10.0,1,10.0,0,0.009010291999999254
mlp_aco,10,7816,82,10,2,0.0,0.0,0.0,0.0,0.09907747060060501,False,False,0.0,0.0,0.0,[],10.0,10.0,1,10.0,0,0.009010291999999254
mlp_aco,10,7816,82,10,3,0.0,0.0,0.0,0.0,0.43936213850975037,False,False,0.0,0.0,0.0,[],10.0,10.0,1,10.0,0,0.009010291999999254
mlp_aco,10,7816,82,10,4,0.0,0.0,0.0,0.0,0.20313307642936707,False,False,0.0,0.0,0.0,[],10.0,10.0,1,10.0,0,0.009010291999999254
mlp_aco,10,7817,82,10,1,41.0,200.0,241.0,1.205,1.0,True,True,30.0,200.0,11.0,[1],10.0,10.0,1,10.0,0,0.009118749999998954
mlp_aco,10,7817,82,10,2,0.0,0.0,0.0,0.0,0.09907747060060501,False,False,0.0,0.0,0.0,[],10.0,10.0,1,10.0,0,0.009118749999998954
mlp_aco,10,7817,82,10,3,0.0,0.0,0.0,0.0,0.43936213850975037,False,False,0.0,0.0,0.0,[],10.0,10.0,1,10.0,0,0.009118749999998954
mlp_aco,10,7817,82,10,4,0.0,0.0,0.0,0.0,0.20313307642936707,False,False,0.0,0.0,0.0,[],10.0,10.0,1,10.0,0,0.009118749999998954
mlp_aco,10,7818,82,10,1,41.0,200.0,241.0,1.205,1.0,True,True,30.0,200.0,11.0,[1],10.0,10.0,1,10.0,0,0.009128957999990917
mlp_aco,10,7818,82,10,2,0.0,0.0,0.0,0.0,0.09907747060060501,False,False,0.0,0.0,0.0,[],10.0,10.0,1,10.0,0,0.009128957999990917
mlp_aco,10,7818,82,10,3,0.0,0.0,0.0,0.0,0.43936213850975037,False,False,0.0,0.0,0.0,[],10.0,10.0,1,10.0,0,0.009128957999990917
mlp_aco,10,7818,82,10,4,0.0,0.0,0.0,0.0,0.20313307642936707,False,False,0.0,0.0,0.0,[],10.0,10.0,1,10.0,0,0.009128957999990917
mlp_aco,10,7819,82,10,1,43.0,200.0,243.0,1.215,1.0,True,True,30.0,200.0,13.0,[1],10.0,10.0,1,10.0,0,0.009257874999974547
mlp_aco,10,7819,82,10,2,0.0,0.0,0.0,0.0,0.09907747060060501,False,False,0.0,0.0,0.0,[],10.0,10.0,1,10.0,0,0.009257874999974547
mlp_aco,10,7819,82,10,3,0.0,0.0,0.0,0.0,0.43936213850975037,False,False,0.0,0.0,0.0,[],10.0,10.0,1,10.0,0,0.009257874999974547
mlp_aco,10,7819,82,10,4,0.0,0.0,0.0,0.0,0.20313307642936707,False,False,0.0,0.0,0.0,[],10.0,10.0,1,10.0,0,0.009257874999974547
mlp_aco,10,7820,82,11,1,40.0,200.0,240.0,1.2,1.0,True,True,30.0,200.0,10.0,[1],10.0,10.0,1,10.0,0,0.008978708000000779
mlp_aco,10,7820,82,11,2,0.0,0.0,0.0,0.0,0.09907747060060501,False,False,0.0,0.0,0.0,[],10.0,10.0,1,10.0,0,0.008978708000000779
mlp_aco,10,7820,82,11,3,0.0,0.0,0.0,0.0,0.43936213850975037,False,False,0.0,0.0,0.0,[],10.0,10.0,1,10.0,0,0.008978708000000779
mlp_aco,10,7820,82,11,4,0.0,0.0,0.0,0.0,0.20313307642936707,False,False,0.0,0.0,0.0,[],10.0,10.0,1,10.0,0,0.008978708000000779
mlp_aco,10,7821,82,11,1,41.0,200.0,241.0,1.205,1.0,True,True,30.0,200.0,11.0,[1],10.0,10.0,1,10.0,0,0.009045208000003413
mlp_aco,10,7821,82,11,2,0.0,0.0,0.0,0.0,0.09907747060060501,False,False,0.0,0.0,0.0,[],10.0,10.0,1,10.0,0,0.009045208000003413
mlp_aco,10,7821,82,11,3,0.0,0.0,0.0,0.0,0.43936213850975037,False,False,0.0,0.0,0.0,[],10.0,10.0,1,10.0,0,0.009045208000003413
mlp_aco,10,7821,82,11,4,0.0,0.0,0.0,0.0,0.20313307642936707,False,False,0.0,0.0,0.0,[],10.0,10.0,1,10.0,0,0.009045208000003413
mlp_aco,10,7822,82,11,1,40.0,200.0,240.0,1.2,1.0,True,True,30.0,200.0,10.0,[1],10.0,10.0,1,10.0,0,0.009124791999994386
mlp_aco,10,7822,82,11,2,0.0,0.0,0.0,0.0,0.09907747060060501,False,False,0.0,0.0,0.0,[],10.0,10.0,1,10.0,0,0.009124791999994386
mlp_aco,10,7822,82,11,3,0.0,0.0,0.0,0.0,0.43936213850975037,False,False,0.0,0.0,0.0,[],10.0,10.0,1,10.0,0,0.009124791999994386
mlp_aco,10,7822,82,11,4,0.0,0.0,0.0,0.0,0.20313307642936707,False,False,0.0,0.0,0.0,[],10.0,10.0,1,10.0,0,0.009124791999994386
mlp_aco,10,7823,82,11,1,41.0,200.0,241.0,1.205,1.0,True,True,30.0,200.0,11.0,[1],10.0,10.0,1,10.0,0,0.00901333400000226
mlp_aco,10,7823,82,11,2,0.0,0.0,0.0,0.0,0.09907747060060501,False,False,0.0,0.0,0.0,[],10.0,10.0,1,10.0,0,0.00901333400000226
mlp_aco,10,7823,82,11,3,0.0,0.0,0.0,0.0,0.43936213850975037,False,False,0.0,0.0,0.0,[],10.0,10.0,1,10.0,0,0.00901333400000226
mlp_aco,10,7823,82,11,4,0.0,0.0,0.0,0.0,0.20313307642936707,False,False,0.0,0.0,0.0,[],10.0,10.0,1,10.0,0,0.00901333400000226
mlp_aco,10,7824,82,12,1,37.0,200.0,237.0,1.185,1.0,True,True,30.0,200.0,7.0,[1],10.0,10.0,1,10.0,0,0.008833624999994072
mlp_aco,10,7824,82,12,2,0.0,0.0,0.0,0.0,0.09907747060060501,False,False,0.0,0.0,0.0,[],10.0,10.0,1,10.0,0,0.008833624999994072
mlp_aco,10,7824,82,12,3,0.0,0.0,0.0,0.0,0.43936213850975037,False,False,0.0,0.0,0.0,[],10.0,10.0,1,10.0,0,0.008833624999994072
mlp_aco,10,7824,82,12,4,0.0,0.0,0.0,0.0,0.20313307642936707,False,False,0.0,0.0,0.0,[],10.0,10.0,1,10.0,0,0.008833624999994072
mlp_aco,10,7825,82,12,1,32.0,200.0,232.0,1.16,1.0,True,True,30.0,200.0,2.0,[1],10.0,10.0,1,10.0,0,0.009077333999982784
mlp_aco,10,7825,82,12,2,0.0,0.0,0.0,0.0,0.09907747060060501,False,False,0.0,0.0,0.0,[],10.0,10.0,1,10.0,0,0.009077333999982784
mlp_aco,10,7825,82,12,3,0.0,0.0,0.0,0.0,0.43936213850975037,False,False,0.0,0.0,0.0,[],10.0,10.0,1,10.0,0,0.009077333999982784
mlp_aco,10,7825,82,12,4,0.0,0.0,0.0,0.0,0.20313307642936707,False,False,0.0,0.0,0.0,[],10.0,10.0,1,10.0,0,0.009077333999982784
mlp_aco,10,7826,82,12,1,32.0,200.0,232.0,1.16,1.0,True,True,30.0,200.0,2.0,[1],10.0,10.0,1,10.0,0,0.009062792000008812
mlp_aco,10,7826,82,12,2,0.0,0.0,0.0,0.0,0.09907747060060501,False,False,0.0,0.0,0.0,[],10.0,10.0,1,10.0,0,0.009062792000008812
mlp_aco,10,7826,82,12,3,0.0,0.0,0.0,0.0,0.43936213850975037,False,False,0.0,0.0,0.0,[],10.0,10.0,1,10.0,0,0.009062792000008812
mlp_aco,10,7826,82,12,4,0.0,0.0,0.0,0.0,0.20313307642936707,False,False,0.0,0.0,0.0,[],10.0,10.0,1,10.0,0,0.009062792000008812
mlp_aco,10,7827,82,12,1,32.0,200.0,232.0,1.16,1.0,True,True,30.0,200.0,2.0,[1],10.0,10.0,1,10.0,0,0.009003665999983923
mlp_aco,10,7827,82,12,2,0.0,0.0,0.0,0.0,0.09907747060060501,False,False,0.0,0.0,0.0,[],10.0,10.0,1,10.0,0,0.009003665999983923
mlp_aco,10,7827,82,12,3,0.0,0.0,0.0,0.0,0.43936213850975037,False,False,0.0,0.0,0.0,[],10.0,10.0,1,10.0,0,0.009003665999983923
mlp_aco,10,7827,82,12,4,0.0,0.0,0.0,0.0,0.20313307642936707,False,False,0.0,0.0,0.0,[],10.0,10.0,1,10.0,0,0.009003665999983923
mlp_aco,10,7828,82,13,1,29.0,200.0,229.0,1.145,1.0,True,True,30.0,199.0,0.0,[1],10.0,10.0,1,10.0,0,0.009053875000006428
mlp_aco,10,7828,82,13,2,0.0,0.0,0.0,0.0,0.09907747060060501,False,False,0.0,0.0,0.0,[],10.0,10.0,1,10.0,0,0.009053875000006428
mlp_aco,10,7828,82,13,3,0.0,0.0,0.0,0.0,0.43936213850975037,False,False,0.0,0.0,0.0,[],10.0,10.0,1,10.0,0,0.009053875000006428
mlp_aco,10,7828,82,13,4,0.0,0.0,0.0,0.0,0.20313307642936707,False,False,0.0,0.0,0.0,[],10.0,10.0,1,10.0,0,0.009053875000006428
mlp_aco,10,7829,82,13,1,16.0,199.0,215.0,1.075,1.0,True,True,30.0,185.0,0.0,[1],10.0,10.0,1,10.0,0,0.009117916999997533
mlp_aco,10,7829,82,13,2,0.0,0.0,0.0,0.0,0.09907747060060501,False,False,0.0,0.0,0.0,[],10.0,10.0,1,10.0,0,0.009117916999997533
mlp_aco,10,7829,82,13,3,0.0,0.0,0.0,0.0,0.43936213850975037,False,False,0.0,0.0,0.0,[],10.0,10.0,1,10.0,0,0.009117916999997533
mlp_aco,10,7829,82,13,4,0.0,0.0,0.0,0.0,0.20313307642936707,False,False,0.0,0.0,0.0,[],10.0,10.0,1,10.0,0,0.009117916999997533
mlp_aco,10,7830,82,13,1,18.0,185.0,203.0,1.015,1.0,True,True,30.0,173.0,0.0,[1],10.0,10.0,1,10.0,0,0.00911504199999058
mlp_aco,10,7830,82,13,2,0.0,0.0,0.0,0.0,0.09907747060060501,False,False,0.0,0.0,0.0,[],10.0,10.0,1,10.0,0,0.00911504199999058
mlp_aco,10,7830,82,13,3,0.0,0.0,0.0,0.0,0.43936213850975037,False,False,0.0,0.0,0.0,[],10.0,10.0,1,10.0,0,0.00911504199999058
mlp_aco,10,7830,82,13,4,0.0,0.0,0.0,0.0,0.20313307642936707,False,False,0.0,0.0,0.0,[],10.0,10.0,1,10.0,0,0.00911504199999058
mlp_aco,10,7831,82,13,1,17.0,173.0,190.0,0.95,0.9999999403953552,True,True,30.0,160.0,0.0,[1],10.0,10.0,1,10.0,0,0.008873249999993504
mlp_aco,10,7831,82,13,2,0.0,0.0,0.0,0.0,0.09907747060060501,False,False,0.0,0.0,0.0,[],10.0,10.0,1,10.0,0,0.008873249999993504
mlp_aco,10,7831,82,13,3,0.0,0.0,0.0,0.0,0.43936213850975037,False,False,0.0,0.0,0.0,[],10.0,10.0,1,10.0,0,0.008873249999993504
mlp_aco,10,7831,82,13,4,0.0,0.0,0.0,0.0,0.20313307642936707,False,False,0.0,0.0,0.0,[],10.0,10.0,1,10.0,0,0.008873249999993504
mlp_aco,10,7832,82,14,1,18.0,160.0,178.0,0.89,0.999998927116394,True,True,30.0,148.0,0.0,[1],10.0,10.0,1,10.0,0,0.008931707999977334
mlp_aco,10,7832,82,14,2,0.0,0.0,0.0,0.0,0.09907747060060501,False,False,0.0,0.0,0.0,[],10.0,10.0,1,10.0,0,0.008931707999977334
mlp_aco,10,7832,82,14,3,0.0,0.0,0.0,0.0,0.43936213850975037,False,False,0.0,0.0,0.0,[],10.0,10.0,1,10.0,0,0.008931707999977334
mlp_aco,10,7832,82,14,4,0.0,0.0,0.0,0.0,0.20313307642936707,False,False,0.0,0.0,0.0,[],10.0,10.0,1,10.0,0,0.008931707999977334
mlp_aco,10,7833,82,14,1,17.0,148.0,165.0,0.825,0.9999538660049438,True,True,30.0,135.0,0.0,[1],10.0,10.0,1,10.0,0,0.00911974999999643
mlp_aco,10,7833,82,14,2,0.0,0.0,0.0,0.0,0.09907747060060501,False,False,0.0,0.0,0.0,[],10.0,10.0,1,10.0,0,0.00911974999999643
mlp_aco,10,7833,82,14,3,0.0,0.0,0.0,0.0,0.43936213850975037,False,False,0.0,0.0,0.0,[],10.0,10.0,1,10.0,0,0.00911974999999643
mlp_aco,10,7833,82,14,4,0.0,0.0,0.0,0.0,0.20313307642936707,False,False,0.0,0.0,0.0,[],10.0,10.0,1,10.0,0,0.00911974999999643
mlp_aco,10,7834,82,14,1,18.0,135.0,153.0,0.765,0.9994409680366516,True,True,30.0,123.0,0.0,[1],10.0,10.0,1,10.0,0,0.008949583999992683
mlp_aco,10,7834,82,14,2,0.0,0.0,0.0,0.0,0.09907747060060501,False,False,0.0,0.0,0.0,[],10.0,10.0,1,10.0,0,0.008949583999992683
mlp_aco,10,7834,82,14,3,0.0,0.0,0.0,0.0,0.43936213850975037,False,False,0.0,0.0,0.0,[],10.0,10.0,1,10.0,0,0.008949583999992683
mlp_aco,10,7834,82,14,4,0.0,0.0,0.0,0.0,0.20313307642936707,False,False,0.0,0.0,0.0,[],10.0,10.0,1,10.0,0,0.008949583999992683
mlp_aco,10,7835,82,14,1,16.0,123.0,139.0,0.695,0.9935652017593384,True,True,30.0,109.0,0.0,[1],10.0,10.0,1,10.0,0,0.009009999999989304
mlp_aco,10,7835,82,14,2,0.0,0.0,0.0,0.0,0.09907747060060501,False,False,0.0,0.0,0.0,[],10.0,10.0,1,10.0,0,0.009009999999989304
mlp_aco,10,7835,82,14,3,0.0,0.0,0.0,0.0,0.43936213850975037,False,False,0.0,0.0,0.0,[],10.0,10.0,1,10.0,0,0.009009999999989304
mlp_aco,10,7835,82,14,4,0.0,0.0,0.0,0.0,0.20313307642936707,False,False,0.0,0.0,0.0,[],10.0,10.0,1,10.0,0,0.009009999999989304
mlp_aco,10,7836,82,15,1,18.0,109.0,127.0,0.635,0.989894449710846,True,True,30.0,97.0,0.0,[1],10.0,10.0,1,10.0,0,0.009126374999993914
mlp_aco,10,7836,82,15,2,0.0,0.0,0.0,0.0,0.09907747060060501,False,False,0.0,0.0,0.0,[],10.0,10.0,1,10.0,0,0.009126374999993914
mlp_aco,10,7836,82,15,3,0.0,0.0,0.0,0.0,0.43936213850975037,False,False,0.0,0.0,0.0,[],10.0,10.0,1,10.0,0,0.009126374999993914
mlp_aco,10,7836,82,15,4,0.0,0.0,0.0,0.0,0.20313307642936707,False,False,0.0,0.0,0.0,[],10.0,10.0,1,10.0,0,0.009126374999993914
mlp_aco,10,7837,82,15,1,17.0,97.0,114.0,0.57,0.9560654163360596,True,True,30.0,84.0,0.0,[1],10.0,10.0,1,10.0,0,0.009106207999991511
mlp_aco,10,7837,82,15,2,0.0,0.0,0.0,0.0,0.09907747060060501,False,False,0.0,0.0,0.0,[],10.0,10.0,1,10.0,0,0.009106207999991511
mlp_aco,10,7837,82,15,3,0.0,0.0,0.0,0.0,0.43936213850975037,False,False,0.0,0.0,0.0,[],10.0,10.0,1,10.0,0,0.009106207999991511
mlp_aco,10,7837,82,15,4,0.0,0.0,0.0,0.0,0.20313307642936707,False,False,0.0,0.0,0.0,[],10.0,10.0,1,10.0,0,0.009106207999991511
mlp_aco,10,7838,82,15,1,18.0,84.0,102.0,0.51,0.9256998896598816,True,True,30.0,72.0,0.0,[1],10.0,10.0,1,10.0,0,0.008935667000002923
mlp_aco,10,7838,82,15,2,0.0,0.0,0.0,0.0,0.09907747060060501,False,False,0.0,0.0,0.0,[],10.0,10.0,1,10.0,0,0.008935667000002923
mlp_aco,10,7838,82,15,3,0.0,0.0,0.0,0.0,0.43936213850975037,False,False,0.0,0.0,0.0,[],10.0,10.0,1,10.0,0,0.008935667000002923
mlp_aco,10,7838,82,15,4,0.0,0.0,0.0,0.0,0.20313307642936707,False,False,0.0,0.0,0.0,[],10.0,10.0,1,10.0,0,0.008935667000002923
mlp_aco,10,7839,82,15,1,17.0,72.0,89.0,0.445,0.8394560813903809,True,True,30.0,59.0,0.0,[1],10.0,10.0,1,10.0,0,0.00906220900000676
mlp_aco,10,7839,82,15,2,0.0,0.0,0.0,0.0,0.09907747060060501,False,False,0.0,0.0,0.0,[],10.0,10.0,1,10.0,0,0.00906220900000676
mlp_aco,10,7839,82,15,3,0.0,0.0,0.0,0.0,0.43936213850975037,False,False,0.0,0.0,0.0,[],10.0,10.0,1,10.0,0,0.00906220900000676
mlp_aco,10,7839,82,15,4,0.0,0.0,0.0,0.0,0.20313307642936707,False,False,0.0,0.0,0.0,[],10.0,10.0,1,10.0,0,0.00906220900000676
mlp_aco,10,7840,82,16,1,18.0,59.0,77.0,0.385,0.8163408637046814,True,True,30.0,47.0,0.0,[1],10.0,10.0,1,10.0,0,0.008978417000008676
mlp_aco,10,7840,82,16,2,0.0,0.0,0.0,0.0,0.09907747060060501,False,False,0.0,0.0,0.0,[],10.0,10.0,1,10.0,0,0.008978417000008676
mlp_aco,10,7840,82,16,3,0.0,0.0,0.0,0.0,0.43936213850975037,False,False,0.0,0.0,0.0,[],10.0,10.0,1,10.0,0,0.008978417000008676
mlp_aco,10,7840,82,16,4,0.0,0.0,0.0,0.0,0.20313307642936707,False,False,0.0,0.0,0.0,[],10.0,10.0,1,10.0,0,0.008978417000008676
mlp_aco,10,7841,82,16,1,16.0,47.0,63.0,0.315,0.5351880192756653,False,False,0.0,63.0,0.0,[],0.0,0.0,0,0.0,0,2.249999994319296e-06
mlp_aco,10,7841,82,16,2,0.0,0.0,0.0,0.0,0.09907747060060501,False,False,0.0,0.0,0.0,[],0.0,0.0,0,0.0,0,2.249999994319296e-06
mlp_aco,10,7841,82,16,3,0.0,0.0,0.0,0.0,0.43936213850975037,False,False,0.0,0.0,0.0,[],0.0,0.0,0,0.0,0,2.249999994319296e-06
mlp_aco,10,7841,82,16,4,0.0,0.0,0.0,0.0,0.20313307642936707,False,False,0.0,0.0,0.0,[],0.0,0.0,0,0.0,0,2.249999994319296e-06
mlp_aco,10,7842,82,16,1,18.0,63.0,81.0,0.405,0.8481945991516113,True,True,30.0,51.0,0.0,[1],10.0,10.0,1,10.0,0,0.008958958999983224
mlp_aco,10,7842,82,16,2,0.0,0.0,0.0,0.0,0.09907747060060501,False,False,0.0,0.0,0.0,[],10.0,10.0,1,10.0,0,0.008958958999983224
mlp_aco,10,7842,82,16,3,0.0,0.0,0.0,0.0,0.43936213850975037,False,False,0.0,0.0,0.0,[],10.0,10.0,1,10.0,0,0.008958958999983224
mlp_aco,10,7842,82,16,4,0.0,0.0,0.0,0.0,0.20313307642936707,False,False,0.0,0.0,0.0,[],10.0,10.0,1,10.0,0,0.008958958999983224
mlp_aco,10,7843,82,16,1,17.0,51.0,68.0,0.34,0.6504679322242737,False,False,0.0,68.0,0.0,[],0.0,0.0,0,0.0,0,1.958999973794562e-06
mlp_aco,10,7843,82,16,2,0.0,0.0,0.0,0.0,0.09907747060060501,False,False,0.0,0.0,0.0,[],0.0,0.0,0,0.0,0,1.958999973794562e-06
mlp_aco,10,7843,82,16,3,0.0,0.0,0.0,0.0,0.43936213850975037,False,False,0.0,0.0,0.0,[],0.0,0.0,0,0.0,0,1.958999973794562e-06
mlp_aco,10,7843,82,16,4,0.0,0.0,0.0,0.0,0.20313307642936707,False,False,0.0,0.0,0.0,[],0.0,0.0,0,0.0,0,1.958999973794562e-06
mlp_aco,10,7844,82,17,1,18.0,68.0,86.0,0.43,0.8789252638816833,True,True,30.0,56.0,0.0,[1],10.0,10.0,1,10.0,0,0.00902620799999454
mlp_aco,10,7844,82,17,2,0.0,0.0,0.0,0.0,0.09907747060060501,False,False,0.0,0.0,0.0,[],10.0,10.0,1,10.0,0,0.00902620799999454
mlp_aco,10,7844,82,17,3,0.0,0.0,0.0,0.0,0.43936213850975037,False,False,0.0,0.0,0.0,[],10.0,10.0,1,10.0,0,0.00902620799999454
mlp_aco,10,7844,82,17,4,0.0,0.0,0.0,0.0,0.20313307642936707,False,False,0.0,0.0,0.0,[],10.0,10.0,1,10.0,0,0.00902620799999454
mlp_aco,10,7845,82,17,1,16.0,56.0,72.0,0.36,0.5932208299636841,False,False,0.0,72.0,0.0,[],0.0,0.0,0,0.0,0,1.7499999955816747e-06
mlp_aco,10,7845,82,17,2,0.0,0.0,0.0,0.0,0.09907747060060501,False,False,0.0,0.0,0.0,[],0.0,0.0,0,0.0,0,1.7499999955816747e-06
mlp_aco,10,7845,82,17,3,0.0,0.0,0.0,0.0,0.43936213850975037,False,False,0.0,0.0,0.0,[],0.0,0.0,0,0.0,0,1.7499999955816747e-06
mlp_aco,10,7845,82,17,4,0.0,0.0,0.0,0.0,0.20313307642936707,False,False,0.0,0.0,0.0,[],0.0,0.0,0,0.0,0,1.7499999955816747e-06
mlp_aco,10,7846,82,17,1,7.0,72.0,79.0,0.395,0.2530103027820587,False,False,0.0,79.0,0.0,[],0.0,0.0,0,0.0,0,1.7079999850011518e-06
mlp_aco,10,7846,82,17,2,0.0,0.0,0.0,0.0,0.09907747060060501,False,False,0.0,0.0,0.0,[],0.0,0.0,0,0.0,0,1.7079999850011518e-06
mlp_aco,10,7846,82,17,3,0.0,0.0,0.0,0.0,0.43936213850975037,False,False,0.0,0.0,0.0,[],0.0,0.0,0,0.0,0,1.7079999850011518e-06
mlp_aco,10,7846,82,17,4,0.0,0.0,0.0,0.0,0.20313307642936707,False,False,0.0,0.0,0.0,[],0.0,0.0,0,0.0,0,1.7079999850011518e-06
mlp_aco,10,7847,82,17,1,8.0,79.0,87.0,0.435,0.31184059381484985,False,False,0.0,87.0,0.0,[],0.0,0.0,0,0.0,0,1.7499999955816747e-06
mlp_aco,10,7847,82,17,2,0.0,0.0,0.0,0.0,0.09907747060060501,False,False,0.0,0.0,0.0,[],0.0,0.0,0,0.0,0,1.7499999955816747e-06
mlp_aco,10,7847,82,17,3,0.0,0.0,0.0,0.0,0.43936213850975037,False,False,0.0,0.0,0.0,[],0.0,0.0,0,0.0,0,1.7499999955816747e-06
mlp_aco,10,7847,82,17,4,0.0,0.0,0.0,0.0,0.20313307642936707,False,False,0.0,0.0,0.0,[],0.0,0.0,0,0.0,0,1.7499999955816747e-06
mlp_aco,10,7848,82,18,1,8.0,87.0,95.0,0.475,0.35162800550460815,False,False,0.0,95.0,0.0,[],0.0,0.0,0,0.0,0,1.7500000240033842e-06
mlp_aco,10,7848,82,18,2,0.0,0.0,0.0,0.0,0.09907747060060501,False,False,0.0,0.0,0.0,[],0.0,0.0,0,0.0,0,1.7500000240033842e-06
mlp_aco,10,7848,82,18,3,0.0,0.0,0.0,0.0,0.43936213850975037,False,False,0.0,0.0,0.0,[],0.0,0.0,0,0.0,0,1.7500000240033842e-06
mlp_aco,10,7848,82,18,4,0.0,0.0,0.0,0.0,0.20313307642936707,False,False,0.0,0.0,0.0,[],0.0,0.0,0,0.0,0,1.7500000240033842e-06
mlp_aco,10,7849,82,18,1,8.0,95.0,103.0,0.515,0.43304771184921265,False,False,0.0,103.0,0.0,[],0.0,0.0,0,0.0,0,1.7499999955816747e-06
mlp_aco,10,7849,82,18,2,0.0,0.0,0.0,0.0,0.09907747060060501,False,False,0.0,0.0,0.0,[],0.0,0.0,0,0.0,0,1.7499999955816747e-06
mlp_aco,10,7849,82,18,3,0.0,0.0,0.0,0.0,0.43936213850975037,False,False,0.0,0.0,0.0,[],0.0,0.0,0,0.0,0,1.7499999955816747e-06
mlp_aco,10,7849,82,18,4,0.0,0.0,0.0,0.0,0.20313307642936707,False,False,0.0,0.0,0.0,[],0.0,0.0,0,0.0,0,1.7499999955816747e-06
mlp_aco,10,7850,82,18,1,8.0,103.0,111.0,0.555,0.5093967318534851,False,False,0.0,111.0,0.0,[],0.0,0.0,0,0.0,0,1.7079999850011518e-06
mlp_aco,10,7850,82,18,2,0.0,0.0,0.0,0.0,0.09907747060060501,False,False,0.0,0.0,0.0,[],0.0,0.0,0,0.0,0,1.7079999850011518e-06
mlp_aco,10,7850,82,18,3,0.0,0.0,0.0,0.0,0.43936213850975037,False,False,0.0,0.0,0.0,[],0.0,0.0,0,0.0,0,1.7079999850011518e-06
mlp_aco,10,7850,82,18,4,0.0,0.0,0.0,0.0,0.20313307642936707,False,False,0.0,0.0,0.0,[],0.0,0.0,0,0.0,0,1.7079999850011518e-06
mlp_aco,10,7851,82,18,1,8.0,111.0,119.0,0.595,0.6473807692527771,False,False,0.0,119.0,0.0,[],0.0,0.0,0,0.0,0,1.7499999955816747e-06
mlp_aco,10,7851,82,18,2,0.0,0.0,0.0,0.0,0.09907747060060501,False,False,0.0,0.0,0.0,[],0.0,0.0,0,0.0,0,1.7499999955816747e-06
mlp_aco,10,7851,82,18,3,0.0,0.0,0.0,0.0,0.43936213850975037,False,False,0.0,0.0,0.0,[],0.0,0.0,0,0.0,0,1.7499999955816747e-06
mlp_aco,10,7851,82,18,4,0.0,0.0,0.0,0.0,0.20313307642936707,False,False,0.0,0.0,0.0,[],0.0,0.0,0,0.0,0,1.7499999955816747e-06
mlp_aco,10,7852,82,19,1,7.0,119.0,126.0,0.63,0.681682825088501,False,False,0.0,126.0,0.0,[],0.0,0.0,0,0.0,0,1.667000020688647e-06
mlp_aco,10,7852,82,19,2,0.0,0.0,0.0,0.0,0.09907747060060501,False,False,0.0,0.0,0.0,[],0.0,0.0,0,0.0,0,1.667000020688647e-06
mlp_aco,10,7852,82,19,3,0.0,0.0,0.0,0.0,0.43936213850975037,False,False,0.0,0.0,0.0,[],0.0,0.0,0,0.0,0,1.667000020688647e-06
mlp_aco,10,7852,82,19,4,0.0,0.0,0.0,0.0,0.20313307642936707,False,False,0.0,0.0,0.0,[],0.0,0.0,0,0.0,0,1.667000020688647e-06
mlp_aco,10,7853,82,19,1,8.0,126.0,134.0,0.67,0.8733792304992676,True,True,30.0,104.0,0.0,[1],10.0,10.0,1,10.0,0,0.009132707999981449
mlp_aco,10,7853,82,19,2,0.0,0.0,0.0,0.0,0.09907747060060501,False,False,0.0,0.0,0.0,[],10.0,10.0,1,10.0,0,0.009132707999981449
mlp_aco,10,7853,82,19,3,0.0,0.0,0.0,0.0,0.43936213850975037,False,False,0.0,0.0,0.0,[],10.0,10.0,1,10.0,0,0.009132707999981449
mlp_aco,10,7853,82,19,4,0.0,0.0,0.0,0.0,0.20313307642936707,False,False,0.0,0.0,0.0,[],10.0,10.0,1,10.0,0,0.009132707999981449
mlp_aco,10,7854,82,19,1,8.0,104.0,112.0,0.56,0.5336322784423828,False,False,0.0,112.0,0.0,[],0.0,0.0,0,0.0,0,1.790999988315889e-06
mlp_aco,10,7854,82,19,2,0.0,0.0,0.0,0.0,0.09907747060060501,False,False,0.0,0.0,0.0,[],0.0,0.0,0,0.0,0,1.790999988315889e-06
mlp_aco,10,7854,82,19,3,0.0,0.0,0.0,0.0,0.43936213850975037,False,False,0.0,0.0,0.0,[],0.0,0.0,0,0.0,0,1.790999988315889e-06
mlp_aco,10,7854,82,19,4,0.0,0.0,0.0,0.0,0.20313307642936707,False,False,0.0,0.0,0.0,[],0.0,0.0,0,0.0,0,1.790999988315889e-06
mlp_aco,10,7855,82,19,1,8.0,112.0,120.0,0.6,0.6723677515983582,False,False,0.0,120.0,0.0,[],0.0,0.0,0,0.0,0,1.7920000061621977e-06
mlp_aco,10,7855,82,19,2,0.0,0.0,0.0,0.0,0.09907747060060501,False,False,0.0,0.0,0.0,[],0.0,0.0,0,0.0,0,1.7920000061621977e-06
mlp_aco,10,7855,82,19,3,0.0,0.0,0.0,0.0,0.43936213850975037,False,False,0.0,0.0,0.0,[],0.0,0.0,0,0.0,0,1.7920000061621977e-06
mlp_aco,10,7855,82,19,4,0.0,0.0,0.0,0.0,0.20313307642936707,False,False,0.0,0.0,0.0,[],0.0,0.0,0,0.0,0,1.7920000061621977e-06
mlp_aco,10,7856,82,20,1,6.0,120.0,126.0,0.63,0.5715965628623962,False,False,0.0,126.0,0.0,[],0.0,0.0,0,0.0,0,1.6660000028423383e-06
mlp_aco,10,7856,82,20,2,0.0,0.0,0.0,0.0,0.09907747060060501,False,False,0.0,0.0,0.0,[],0.0,0.0,0,0.0,0,1.6660000028423383e-06
mlp_aco,10,7856,82,20,3,0.0,0.0,0.0,0.0,0.43936213850975037,False,False,0.0,0.0,0.0,[],0.0,0.0,0,0.0,0,1.6660000028423383e-06
mlp_aco,10,7856,82,20,4,0.0,0.0,0.0,0.0,0.20313307642936707,False,False,0.0,0.0,0.0,[],0.0,0.0,0,0.0,0,1.6660000028423383e-06
mlp_aco,10,7857,82,20,1,0.0,126.0,126.0,0.63,0.19892016053199768,False,False,0.0,126.0,0.0,[],0.0,0.0,0,0.0,0,1.6660000028423383e-06
mlp_aco,10,7857,82,20,2,0.0,0.0,0.0,0.0,0.09907747060060501,False,False,0.0,0.0,0.0,[],0.0,0.0,0,0.0,0,1.6660000028423383e-06
mlp_aco,10,7857,82,20,3,0.0,0.0,0.0,0.0,0.43936213850975037,False,False,0.0,0.0,0.0,[],0.0,0.0,0,0.0,0,1.6660000028423383e-06
mlp_aco,10,7857,82,20,4,0.0,0.0,0.0,0.0,0.20313307642936707,False,False,0.0,0.0,0.0,[],0.0,0.0,0,0.0,0,1.6660000028423383e-06
mlp_aco,10,7858,82,20,1,0.0,126.0,126.0,0.63,0.2590654492378235,False,False,0.0,126.0,0.0,[],0.0,0.0,0,0.0,0,1.7910000167375983e-06
mlp_aco,10,7858,82,20,2,0.0,0.0,0.0,0.0,0.09907747060060501,False,False,0.0,0.0,0.0,[],0.0,0.0,0,0.0,0,1.7910000167375983e-06
mlp_aco,10,7858,82,20,3,0.0,0.0,0.0,0.0,0.43936213850975037,False,False,0.0,0.0,0.0,[],0.0,0.0,0,0.0,0,1.7910000167375983e-06
mlp_aco,10,7858,82,20,4,0.0,0.0,0.0,0.0,0.20313307642936707,False,False,0.0,0.0,0.0,[],0.0,0.0,0,0.0,0,1.7910000167375983e-06
mlp_aco,10,7859,82,20,1,0.0,126.0,126.0,0.63,0.3299068808555603,False,False,0.0,126.0,0.0,[],0.0,0.0,0,0.0,0,1.6250000101081241e-06
mlp_aco,10,7859,82,20,2,0.0,0.0,0.0,0.0,0.09907747060060501,False,False,0.0,0.0,0.0,[],0.0,0.0,0,0.0,0,1.6250000101081241e-06
mlp_aco,10,7859,82,20,3,0.0,0.0,0.0,0.0,0.43936213850975037,False,False,0.0,0.0,0.0,[],0.0,0.0,0,0.0,0,1.6250000101081241e-06
mlp_aco,10,7859,82,20,4,0.0,0.0,0.0,0.0,0.20313307642936707,False,False,0.0,0.0,0.0,[],0.0,0.0,0,0.0,0,1.6250000101081241e-06
mlp_aco,10,7860,82,21,1,0.0,126.0,126.0,0.63,0.38992276787757874,False,False,0.0,126.0,0.0,[],0.0,0.0,0,0.0,0,1.6250000101081241e-06
mlp_aco,10,7860,82,21,2,0.0,0.0,0.0,0.0,0.09907747060060501,False,False,0.0,0.0,0.0,[],0.0,0.0,0,0.0,0,1.6250000101081241e-06
mlp_aco,10,7860,82,21,3,0.0,0.0,0.0,0.0,0.43936213850975037,False,False,0.0,0.0,0.0,[],0.0,0.0,0,0.0,0,1.6250000101081241e-06
mlp_aco,10,7860,82,21,4,0.0,0.0,0.0,0.0,0.20313307642936707,False,False,0.0,0.0,0.0,[],0.0,0.0,0,0.0,0,1.6250000101081241e-06
mlp_aco,10,7861,82,21,1,0.0,126.0,126.0,0.63,0.38992276787757874,False,False,0.0,126.0,0.0,[],0.0,0.0,0,0.0,0,1.7500000240033842e-06
mlp_aco,10,7861,82,21,2,0.0,0.0,0.0,0.0,0.09907747060060501,False,False,0.0,0.0,0.0,[],0.0,0.0,0,0.0,0,1.7500000240033842e-06
mlp_aco,10,7861,82,21,3,0.0,0.0,0.0,0.0,0.43936213850975037,False,False,0.0,0.0,0.0,[],0.0,0.0,0,0.0,0,1.7500000240033842e-06
mlp_aco,10,7861,82,21,4,0.0,0.0,0.0,0.0,0.20313307642936707,False,False,0.0,0.0,0.0,[],0.0,0.0,0,0.0,0,1.7500000240033842e-06
mlp_aco,10,7862,82,21,1,0.0,126.0,126.0,0.63,0.38992276787757874,False,False,0.0,126.0,0.0,[],0.0,0.0,0,0.0,0,1.7499999955816747e-06
mlp_aco,10,7862,82,21,2,0.0,0.0,0.0,0.0,0.09907747060060501,False,False,0.0,0.0,0.0,[],0.0,0.0,0,0.0,0,1.7499999955816747e-06
mlp_aco,10,7862,82,21,3,0.0,0.0,0.0,0.0,0.43936213850975037,False,False,0.0,0.0,0.0,[],0.0,0.0,0,0.0,0,1.7499999955816747e-06
mlp_aco,10,7862,82,21,4,0.0,0.0,0.0,0.0,0.20313307642936707,False,False,0.0,0.0,0.0,[],0.0,0.0,0,0.0,0,1.7499999955816747e-06
mlp_aco,10,7863,82,21,1,0.0,126.0,126.0,0.63,0.38992276787757874,False,False,0.0,126.0,0.0,[],0.0,0.0,0,0.0,0,1.7499999955816747e-06
mlp_aco,10,7863,82,21,2,0.0,0.0,0.0,0.0,0.09907747060060501,False,False,0.0,0.0,0.0,[],0.0,0.0,0,0.0,0,1.7499999955816747e-06
mlp_aco,10,7863,82,21,3,0.0,0.0,0.0,0.0,0.43936213850975037,False,False,0.0,0.0,0.0,[],0.0,0.0,0,0.0,0,1.7499999955816747e-06
mlp_aco,10,7863,82,21,4,0.0,0.0,0.0,0.0,0.20313307642936707,False,False,0.0,0.0,0.0,[],0.0,0.0,0,0.0,0,1.7499999955816747e-06
mlp_aco,10,7864,82,22,1,0.0,126.0,126.0,0.63,0.38992276787757874,False,False,0.0,126.0,0.0,[],0.0,0.0,0,0.0,0,1.8749999810552254e-06
mlp_aco,10,7864,82,22,2,0.0,0.0,0.0,0.0,0.09907747060060501,False,False,0.0,0.0,0.0,[],0.0,0.0,0,0.0,0,1.8749999810552254e-06
mlp_aco,10,7864,82,22,3,0.0,0.0,0.0,0.0,0.43936213850975037,False,False,0.0,0.0,0.0,[],0.0,0.0,0,0.0,0,1.8749999810552254e-06
mlp_aco,10,7864,82,22,4,0.0,0.0,0.0,0.0,0.20313307642936707,False,False,0.0,0.0,0.0,[],0.0,0.0,0,0.0,0,1.8749999810552254e-06
mlp_aco,10,7865,82,22,1,0.0,126.0,126.0,0.63,0.38992276787757874,False,False,0.0,126.0,0.0,[],0.0,0.0,0,0.0,0,1.7499999955816747e-06
mlp_aco,10,7865,82,22,2,0.0,0.0,0.0,0.0,0.09907747060060501,False,False,0.0,0.0,0.0,[],0.0,0.0,0,0.0,0,1.7499999955816747e-06
mlp_aco,10,7865,82,22,3,0.0,0.0,0.0,0.0,0.43936213850975037,False,False,0.0,0.0,0.0,[],0.0,0.0,0,0.0,0,1.7499999955816747e-06
mlp_aco,10,7865,82,22,4,0.0,0.0,0.0,0.0,0.20313307642936707,False,False,0.0,0.0,0.0,[],0.0,0.0,0,0.0,0,1.7499999955816747e-06
mlp_aco,10,7866,82,22,1,0.0,126.0,126.0,0.63,0.38992276787757874,False,False,0.0,126.0,0.0,[],0.0,0.0,0,0.0,0,1.7920000061621977e-06
mlp_aco,10,7866,82,22,2,0.0,0.0,0.0,0.0,0.09907747060060501,False,False,0.0,0.0,0.0,[],0.0,0.0,0,0.0,0,1.7920000061621977e-06
mlp_aco,10,7866,82,22,3,0.0,0.0,0.0,0.0,0.43936213850975037,False,False,0.0,0.0,0.0,[],0.0,0.0,0,0.0,0,1.7920000061621977e-06
mlp_aco,10,7866,82,22,4,0.0,0.0,0.0,0.0,0.20313307642936707,False,False,0.0,0.0,0.0,[],0.0,0.0,0,0.0,0,1.7920000061621977e-06
mlp_aco,10,7867,82,22,1,0.0,126.0,126.0,0.63,0.38992276787757874,False,False,0.0,126.0,0.0,[],0.0,0.0,0,0.0,0,1.7920000061621977e-06
mlp_aco,10,7867,82,22,2,0.0,0.0,0.0,0.0,0.09907747060060501,False,False,0.0,0.0,0.0,[],0.0,0.0,0,0.0,0,1.7920000061621977e-06
mlp_aco,10,7867,82,22,3,0.0,0.0,0.0,0.0,0.43936213850975037,False,False,0.0,0.0,0.0,[],0.0,0.0,0,0.0,0,1.7920000061621977e-06
mlp_aco,10,7867,82,22,4,0.0,0.0,0.0,0.0,0.20313307642936707,False,False,0.0,0.0,0.0,[],0.0,0.0,0,0.0,0,1.7920000061621977e-06
mlp_aco,10,7868,82,23,1,0.0,126.0,126.0,0.63,0.38992276787757874,False,False,0.0,126.0,0.0,[],0.0,0.0,0,0.0,0,1.7920000061621977e-06
mlp_aco,10,7868,82,23,2,0.0,0.0,0.0,0.0,0.09907747060060501,False,False,0.0,0.0,0.0,[],0.0,0.0,0,0.0,0,1.7920000061621977e-06
mlp_aco,10,7868,82,23,3,0.0,0.0,0.0,0.0,0.43936213850975037,False,False,0.0,0.0,0.0,[],0.0,0.0,0,0.0,0,1.7920000061621977e-06
mlp_aco,10,7868,82,23,4,0.0,0.0,0.0,0.0,0.20313307642936707,False,False,0.0,0.0,0.0,[],0.0,0.0,0,0.0,0,1.7920000061621977e-06
mlp_aco,10,7869,82,23,1,0.0,126.0,126.0,0.63,0.38992276787757874,False,False,0.0,126.0,0.0,[],0.0,0.0,0,0.0,0,1.7499999955816747e-06
mlp_aco,10,7869,82,23,2,0.0,0.0,0.0,0.0,0.09907747060060501,False,False,0.0,0.0,0.0,[],0.0,0.0,0,0.0,0,1.7499999955816747e-06
mlp_aco,10,7869,82,23,3,0.0,0.0,0.0,0.0,0.43936213850975037,False,False,0.0,0.0,0.0,[],0.0,0.0,0,0.0,0,1.7499999955816747e-06
mlp_aco,10,7869,82,23,4,0.0,0.0,0.0,0.0,0.20313307642936707,False,False,0.0,0.0,0.0,[],0.0,0.0,0,0.0,0,1.7499999955816747e-06
mlp_aco,10,7870,82,23,1,0.0,126.0,126.0,0.63,0.38992276787757874,False,False,0.0,126.0,0.0,[],0.0,0.0,0,0.0,0,1.9170000200574577e-06
mlp_aco,10,7870,82,23,2,0.0,0.0,0.0,0.0,0.09907747060060501,False,False,0.0,0.0,0.0,[],0.0,0.0,0,0.0,0,1.9170000200574577e-06
mlp_aco,10,7870,82,23,3,0.0,0.0,0.0,0.0,0.43936213850975037,False,False,0.0,0.0,0.0,[],0.0,0.0,0,0.0,0,1.9170000200574577e-06
mlp_aco,10,7870,82,23,4,0.0,0.0,0.0,0.0,0.20313307642936707,False,False,0.0,0.0,0.0,[],0.0,0.0,0,0.0,0,1.9170000200574577e-06
mlp_aco,10,7871,82,23,1,0.0,126.0,126.0,0.63,0.38992276787757874,False,False,0.0,126.0,0.0,[],0.0,0.0,0,0.0,0,1.8329999988964119e-06
mlp_aco,10,7871,82,23,2,0.0,0.0,0.0,0.0,0.09907747060060501,False,False,0.0,0.0,0.0,[],0.0,0.0,0,0.0,0,1.8329999988964119e-06
mlp_aco,10,7871,82,23,3,0.0,0.0,0.0,0.0,0.43936213850975037,False,False,0.0,0.0,0.0,[],0.0,0.0,0,0.0,0,1.8329999988964119e-06
mlp_aco,10,7871,82,23,4,0.0,0.0,0.0,0.0,0.20313307642936707,False,False,0.0,0.0,0.0,[],0.0,0.0,0,0.0,0,1.8329999988964119e-06
mlp_aco,10,7872,83,0,1,37.0,126.0,163.0,0.815,0.9999998807907104,True,True,30.0,133.0,0.0,[1],10.0,10.0,1,10.0,0,0.008958040999999639
mlp_aco,10,7872,83,0,2,0.0,0.0,0.0,0.0,0.09907747060060501,False,False,0.0,0.0,0.0,[],10.0,10.0,1,10.0,0,0.008958040999999639
mlp_aco,10,7872,83,0,3,0.0,0.0,0.0,0.0,0.43936213850975037,False,False,0.0,0.0,0.0,[],10.0,10.0,1,10.0,0,0.008958040999999639
mlp_aco,10,7872,83,0,4,0.0,0.0,0.0,0.0,0.20313307642936707,False,False,0.0,0.0,0.0,[],10.0,10.0,1,10.0,0,0.008958040999999639
mlp_aco,10,7873,83,0,1,39.0,133.0,172.0,0.86,1.0,True,True,30.0,142.0,0.0,[1],10.0,10.0,1,10.0,0,0.008842167000011614
mlp_aco,10,7873,83,0,2,0.0,0.0,0.0,0.0,0.09907747060060501,False,False,0.0,0.0,0.0,[],10.0,10.0,1,10.0,0,0.008842167000011614
mlp_aco,10,7873,83,0,3,0.0,0.0,0.0,0.0,0.43936213850975037,False,False,0.0,0.0,0.0,[],10.0,10.0,1,10.0,0,0.008842167000011614
mlp_aco,10,7873,83,0,4,0.0,0.0,0.0,0.0,0.20313307642936707,False,False,0.0,0.0,0.0,[],10.0,10.0,1,10.0,0,0.008842167000011614
mlp_aco,10,7874,83,0,1,37.0,142.0,179.0,0.895,1.0,True,True,30.0,149.0,0.0,[1],10.0,10.0,1,10.0,0,0.009095709000007446
mlp_aco,10,7874,83,0,2,0.0,0.0,0.0,0.0,0.09907747060060501,False,False,0.0,0.0,0.0,[],10.0,10.0,1,10.0,0,0.009095709000007446
mlp_aco,10,7874,83,0,3,0.0,0.0,0.0,0.0,0.43936213850975037,False,False,0.0,0.0,0.0,[],10.0,10.0,1,10.0,0,0.009095709000007446
mlp_aco,10,7874,83,0,4,0.0,0.0,0.0,0.0,0.20313307642936707,False,False,0.0,0.0,0.0,[],10.0,10.0,1,10.0,0,0.009095709000007446
mlp_aco,10,7875,83,0,1,33.0,149.0,182.0,0.91,1.0,True,True,30.0,152.0,0.0,[1],10.0,10.0,1,10.0,0,0.009110415999998622
mlp_aco,10,7875,83,0,2,0.0,0.0,0.0,0.0,0.09907747060060501,False,False,0.0,0.0,0.0,[],10.0,10.0,1,10.0,0,0.009110415999998622
mlp_aco,10,7875,83,0,3,0.0,0.0,0.0,0.0,0.43936213850975037,False,False,0.0,0.0,0.0,[],10.0,10.0,1,10.0,0,0.009110415999998622
mlp_aco,10,7875,83,0,4,0.0,0.0,0.0,0.0,0.20313307642936707,False,False,0.0,0.0,0.0,[],10.0,10.0,1,10.0,0,0.009110415999998622
mlp_aco,10,7876,83,1,1,27.0,152.0,179.0,0.895,1.0,True,True,30.0,149.0,0.0,[1],10.0,10.0,1,10.0,0,0.009175542000008363
mlp_aco,10,7876,83,1,2,0.0,0.0,0.0,0.0,0.09907747060060501,False,False,0.0,0.0,0.0,[],10.0,10.0,1,10.0,0,0.009175542000008363
mlp_aco,10,7876,83,1,3,0.0,0.0,0.0,0.0,0.43936213850975037,False,False,0.0,0.0,0.0,[],10.0,10.0,1,10.0,0,0.009175542000008363
mlp_aco,10,7876,83,1,4,0.0,0.0,0.0,0.0,0.20313307642936707,False,False,0.0,0.0,0.0,[],10.0,10.0,1,10.0,0,0.009175542000008363
mlp_aco,10,7877,83,1,1,26.0,149.0,175.0,0.875,0.9999998807907104,True,True,30.0,145.0,0.0,[1],10.0,10.0,1,10.0,0,0.00909941700001582
mlp_aco,10,7877,83,1,2,0.0,0.0,0.0,0.0,0.09907747060060501,False,False,0.0,0.0,0.0,[],10.0,10.0,1,10.0,0,0.00909941700001582
mlp_aco,10,7877,83,1,3,0.0,0.0,0.0,0.0,0.43936213850975037,False,False,0.0,0.0,0.0,[],10.0,10.0,1,10.0,0,0.00909941700001582
mlp_aco,10,7877,83,1,4,0.0,0.0,0.0,0.0,0.20313307642936707,False,False,0.0,0.0,0.0,[],10.0,10.0,1,10.0,0,0.00909941700001582
mlp_aco,10,7878,83,1,1,35.0,145.0,180.0,0.9,1.0,True,True,30.0,150.0,0.0,[1],10.0,10.0,1,10.0,0,0.009260250000011183
mlp_aco,10,7878,83,1,2,0.0,0.0,0.0,0.0,0.09907747060060501,False,False,0.0,0.0,0.0,[],10.0,10.0,1,10.0,0,0.009260250000011183
mlp_aco,10,7878,83,1,3,0.0,0.0,0.0,0.0,0.43936213850975037,False,False,0.0,0.0,0.0,[],10.0,10.0,1,10.0,0,0.009260250000011183
mlp_aco,10,7878,83,1,4,0.0,0.0,0.0,0.0,0.20313307642936707,False,False,0.0,0.0,0.0,[],10.0,10.0,1,10.0,0,0.009260250000011183
mlp_aco,10,7879,83,1,1,36.0,150.0,186.0,0.93,1.0,True,True,30.0,156.0,0.0,[1],10.0,10.0,1,10.0,0,0.009124208000002909
mlp_aco,10,7879,83,1,2,0.0,0.0,0.0,0.0,0.09907747060060501,False,False,0.0,0.0,0.0,[],10.0,10.0,1,10.0,0,0.009124208000002909
mlp_aco,10,7879,83,1,3,0.0,0.0,0.0,0.0,0.43936213850975037,False,False,0.0,0.0,0.0,[],10.0,10.0,1,10.0,0,0.009124208000002909
mlp_aco,10,7879,83,1,4,0.0,0.0,0.0,0.0,0.20313307642936707,False,False,0.0,0.0,0.0,[],10.0,10.0,1,10.0,0,0.009124208000002909
mlp_aco,10,7880,83,2,1,40.0,156.0,196.0,0.98,1.0,True,True,30.0,166.0,0.0,[1],10.0,10.0,1,10.0,0,0.00906387499998118
mlp_aco,10,7880,83,2,2,0.0,0.0,0.0,0.0,0.09907747060060501,False,False,0.0,0.0,0.0,[],10.0,10.0,1,10.0,0,0.00906387499998118
mlp_aco,10,7880,83,2,3,0.0,0.0,0.0,0.0,0.43936213850975037,False,False,0.0,0.0,0.0,[],10.0,10.0,1,10.0,0,0.00906387499998118
mlp_aco,10,7880,83,2,4,0.0,0.0,0.0,0.0,0.20313307642936707,False,False,0.0,0.0,0.0,[],10.0,10.0,1,10.0,0,0.00906387499998118
mlp_aco,10,7881,83,2,1,41.0,166.0,207.0,1.035,1.0,True,True,30.0,177.0,0.0,[1],10.0,10.0,1,10.0,0,0.009364167000001089
mlp_aco,10,7881,83,2,2,0.0,0.0,0.0,0.0,0.09907747060060501,False,False,0.0,0.0,0.0,[],10.0,10.0,1,10.0,0,0.009364167000001089
mlp_aco,10,7881,83,2,3,0.0,0.0,0.0,0.0,0.43936213850975037,False,False,0.0,0.0,0.0,[],10.0,10.0,1,10.0,0,0.009364167000001089
mlp_aco,10,7881,83,2,4,0.0,0.0,0.0,0.0,0.20313307642936707,False,False,0.0,0.0,0.0,[],10.0,10.0,1,10.0,0,0.009364167000001089
mlp_aco,10,7882,83,2,1,37.0,177.0,214.0,1.07,1.0,True,True,30.0,184.0,0.0,[1],10.0,10.0,1,10.0,0,0.009086375000009639
mlp_aco,10,7882,83,2,2,0.0,0.0,0.0,0.0,0.09907747060060501,False,False,0.0,0.0,0.0,[],10.0,10.0,1,10.0,0,0.009086375000009639
mlp_aco,10,7882,83,2,3,0.0,0.0,0.0,0.0,0.43936213850975037,False,False,0.0,0.0,0.0,[],10.0,10.0,1,10.0,0,0.009086375000009639
mlp_aco,10,7882,83,2,4,0.0,0.0,0.0,0.0,0.20313307642936707,False,False,0.0,0.0,0.0,[],10.0,10.0,1,10.0,0,0.009086375000009639
mlp_aco,10,7883,83,2,1,35.0,184.0,219.0,1.095,1.0,True,True,30.0,189.0,0.0,[1],10.0,10.0,1,10.0,0,0.009117874999986952
mlp_aco,10,7883,83,2,2,0.0,0.0,0.0,0.0,0.09907747060060501,False,False,0.0,0.0,0.0,[],10.0,10.0,1,10.0,0,0.009117874999986952
mlp_aco,10,7883,83,2,3,0.0,0.0,0.0,0.0,0.43936213850975037,False,False,0.0,0.0,0.0,[],10.0,10.0,1,10.0,0,0.009117874999986952
mlp_aco,10,7883,83,2,4,0.0,0.0,0.0,0.0,0.20313307642936707,False,False,0.0,0.0,0.0,[],10.0,10.0,1,10.0,0,0.009117874999986952
mlp_aco,10,7884,83,3,1,34.0,189.0,223.0,1.115,1.0,True,True,30.0,193.0,0.0,[1],10.0,10.0,1,10.0,0,0.00917758300002447
mlp_aco,10,7884,83,3,2,0.0,0.0,0.0,0.0,0.09907747060060501,False,False,0.0,0.0,0.0,[],10.0,10.0,1,10.0,0,0.00917758300002447
mlp_aco,10,7884,83,3,3,0.0,0.0,0.0,0.0,0.43936213850975037,False,False,0.0,0.0,0.0,[],10.0,10.0,1,10.0,0,0.00917758300002447
mlp_aco,10,7884,83,3,4,0.0,0.0,0.0,0.0,0.20313307642936707,False,False,0.0,0.0,0.0,[],10.0,10.0,1,10.0,0,0.00917758300002447
mlp_aco,10,7885,83,3,1,35.0,193.0,228.0,1.14,1.0,True,True,30.0,198.0,0.0,[1],10.0,10.0,1,10.0,0,0.009068124999998872
mlp_aco,10,7885,83,3,2,0.0,0.0,0.0,0.0,0.09907747060060501,False,False,0.0,0.0,0.0,[],10.0,10.0,1,10.0,0,0.009068124999998872
mlp_aco,10,7885,83,3,3,0.0,0.0,0.0,0.0,0.43936213850975037,False,False,0.0,0.0,0.0,[],10.0,10.0,1,10.0,0,0.009068124999998872
mlp_aco,10,7885,83,3,4,0.0,0.0,0.0,0.0,0.20313307642936707,False,False,0.0,0.0,0.0,[],10.0,10.0,1,10.0,0,0.009068124999998872
mlp_aco,10,7886,83,3,1,38.0,198.0,236.0,1.18,1.0,True,True,30.0,200.0,6.0,[1],10.0,10.0,1,10.0,0,0.008918332999996892
mlp_aco,10,7886,83,3,2,0.0,0.0,0.0,0.0,0.09907747060060501,False,False,0.0,0.0,0.0,[],10.0,10.0,1,10.0,0,0.008918332999996892
mlp_aco,10,7886,83,3,3,0.0,0.0,0.0,0.0,0.43936213850975037,False,False,0.0,0.0,0.0,[],10.0,10.0,1,10.0,0,0.008918332999996892
mlp_aco,10,7886,83,3,4,0.0,0.0,0.0,0.0,0.20313307642936707,False,False,0.0,0.0,0.0,[],10.0,10.0,1,10.0,0,0.008918332999996892
mlp_aco,10,7887,83,3,1,37.0,200.0,237.0,1.185,1.0,True,True,30.0,200.0,7.0,[1],10.0,10.0,1,10.0,0,0.008870457999989867
mlp_aco,10,7887,83,3,2,0.0,0.0,0.0,0.0,0.09907747060060501,False,False,0.0,0.0,0.0,[],10.0,10.0,1,10.0,0,0.008870457999989867
mlp_aco,10,7887,83,3,3,0.0,0.0,0.0,0.0,0.43936213850975037,False,False,0.0,0.0,0.0,[],10.0,10.0,1,10.0,0,0.008870457999989867
mlp_aco,10,7887,83,3,4,0.0,0.0,0.0,0.0,0.20313307642936707,False,False,0.0,0.0,0.0,[],10.0,10.0,1,10.0,0,0.008870457999989867
mlp_aco,10,7888,83,4,1,39.0,200.0,239.0,1.195,1.0,True,True,30.0,200.0,9.0,[1],10.0,10.0,1,10.0,0,0.009002125000023398
mlp_aco,10,7888,83,4,2,0.0,0.0,0.0,0.0,0.09907747060060501,False,False,0.0,0.0,0.0,[],10.0,10.0,1,10.0,0,0.009002125000023398
mlp_aco,10,7888,83,4,3,0.0,0.0,0.0,0.0,0.43936213850975037,False,False,0.0,0.0,0.0,[],10.0,10.0,1,10.0,0,0.009002125000023398
mlp_aco,10,7888,83,4,4,0.0,0.0,0.0,0.0,0.20313307642936707,False,False,0.0,0.0,0.0,[],10.0,10.0,1,10.0,0,0.009002125000023398
mlp_aco,10,7889,83,4,1,37.0,200.0,237.0,1.185,1.0,True,True,30.0,200.0,7.0,[1],10.0,10.0,1,10.0,0,0.00899591600000349
mlp_aco,10,7889,83,4,2,0.0,0.0,0.0,0.0,0.09907747060060501,False,False,0.0,0.0,0.0,[],10.0,10.0,1,10.0,0,0.00899591600000349
mlp_aco,10,7889,83,4,3,0.0,0.0,0.0,0.0,0.43936213850975037,False,False,0.0,0.0,0.0,[],10.0,10.0,1,10.0,0,0.00899591600000349
mlp_aco,10,7889,83,4,4,0.0,0.0,0.0,0.0,0.20313307642936707,False,False,0.0,0.0,0.0,[],10.0,10.0,1,10.0,0,0.00899591600000349
mlp_aco,10,7890,83,4,1,39.0,200.0,239.0,1.195,1.0,True,True,30.0,200.0,9.0,[1],10.0,10.0,1,10.0,0,0.009043209000026309
mlp_aco,10,7890,83,4,2,0.0,0.0,0.0,0.0,0.09907747060060501,False,False,0.0,0.0,0.0,[],10.0,10.0,1,10.0,0,0.009043209000026309
mlp_aco,10,7890,83,4,3,0.0,0.0,0.0,0.0,0.43936213850975037,False,False,0.0,0.0,0.0,[],10.0,10.0,1,10.0,0,0.009043209000026309
mlp_aco,10,7890,83,4,4,0.0,0.0,0.0,0.0,0.20313307642936707,False,False,0.0,0.0,0.0,[],10.0,10.0,1,10.0,0,0.009043209000026309
mlp_aco,10,7891,83,4,1,36.0,200.0,236.0,1.18,1.0,True,True,30.0,200.0,6.0,[1],10.0,10.0,1,10.0,0,0.00914908300001116
mlp_aco,10,7891,83,4,2,0.0,0.0,0.0,0.0,0.09907747060060501,False,False,0.0,0.0,0.0,[],10.0,10.0,1,10.0,0,0.00914908300001116
mlp_aco,10,7891,83,4,3,0.0,0.0,0.0,0.0,0.43936213850975037,False,False,0.0,0.0,0.0,[],10.0,10.0,1,10.0,0,0.00914908300001116
mlp_aco,10,7891,83,4,4,0.0,0.0,0.0,0.0,0.20313307642936707,False,False,0.0,0.0,0.0,[],10.0,10.0,1,10.0,0,0.00914908300001116
mlp_aco,10,7892,83,5,1,36.0,200.0,236.0,1.18,1.0,True,True,30.0,200.0,6.0,[1],10.0,10.0,1,10.0,0,0.009119541000018216
mlp_aco,10,7892,83,5,2,0.0,0.0,0.0,0.0,0.09907747060060501,False,False,0.0,0.0,0.0,[],10.0,10.0,1,10.0,0,0.009119541000018216
mlp_aco,10,7892,83,5,3,0.0,0.0,0.0,0.0,0.43936213850975037,False,False,0.0,0.0,0.0,[],10.0,10.0,1,10.0,0,0.009119541000018216
mlp_aco,10,7892,83,5,4,0.0,0.0,0.0,0.0,0.20313307642936707,False,False,0.0,0.0,0.0,[],10.0,10.0,1,10.0,0,0.009119541000018216
mlp_aco,10,7893,83,5,1,35.0,200.0,235.0,1.175,1.0,True,True,30.0,200.0,5.0,[1],10.0,10.0,1,10.0,0,0.009002708999986453
mlp_aco,10,7893,83,5,2,0.0,0.0,0.0,0.0,0.09907747060060501,False,False,0.0,0.0,0.0,[],10.0,10.0,1,10.0,0,0.009002708999986453
mlp_aco,10,7893,83,5,3,0.0,0.0,0.0,0.0,0.43936213850975037,False,False,0.0,0.0,0.0,[],10.0,10.0,1,10.0,0,0.009002708999986453
mlp_aco,10,7893,83,5,4,0.0,0.0,0.0,0.0,0.20313307642936707,False,False,0.0,0.0,0.0,[],10.0,10.0,1,10.0,0,0.009002708999986453
mlp_aco,10,7894,83,5,1,35.0,200.0,235.0,1.175,1.0,True,True,30.0,200.0,5.0,[1],10.0,10.0,1,10.0,0,0.008845874999991565
mlp_aco,10,7894,83,5,2,0.0,0.0,0.0,0.0,0.09907747060060501,False,False,0.0,0.0,0.0,[],10.0,10.0,1,10.0,0,0.008845874999991565
mlp_aco,10,7894,83,5,3,0.0,0.0,0.0,0.0,0.43936213850975037,False,False,0.0,0.0,0.0,[],10.0,10.0,1,10.0,0,0.008845874999991565
mlp_aco,10,7894,83,5,4,0.0,0.0,0.0,0.0,0.20313307642936707,False,False,0.0,0.0,0.0,[],10.0,10.0,1,10.0,0,0.008845874999991565
mlp_aco,10,7895,83,5,1,34.0,200.0,234.0,1.17,1.0,True,True,30.0,200.0,4.0,[1],10.0,10.0,1,10.0,0,0.008939333000000715
mlp_aco,10,7895,83,5,2,0.0,0.0,0.0,0.0,0.09907747060060501,False,False,0.0,0.0,0.0,[],10.0,10.0,1,10.0,0,0.008939333000000715
mlp_aco,10,7895,83,5,3,0.0,0.0,0.0,0.0,0.43936213850975037,False,False,0.0,0.0,0.0,[],10.0,10.0,1,10.0,0,0.008939333000000715
mlp_aco,10,7895,83,5,4,0.0,0.0,0.0,0.0,0.20313307642936707,False,False,0.0,0.0,0.0,[],10.0,10.0,1,10.0,0,0.008939333000000715
mlp_aco,10,7896,83,6,1,39.0,200.0,239.0,1.195,1.0,True,True,30.0,200.0,9.0,[1],10.0,10.0,1,10.0,0,0.008994125000015174
mlp_aco,10,7896,83,6,2,0.0,0.0,0.0,0.0,0.09907747060060501,False,False,0.0,0.0,0.0,[],10.0,10.0,1,10.0,0,0.008994125000015174
mlp_aco,10,7896,83,6,3,0.0,0.0,0.0,0.0,0.43936213850975037,False,False,0.0,0.0,0.0,[],10.0,10.0,1,10.0,0,0.008994125000015174
mlp_aco,10,7896,83,6,4,0.0,0.0,0.0,0.0,0.20313307642936707,False,False,0.0,0.0,0.0,[],10.0,10.0,1,10.0,0,0.008994125000015174
mlp_aco,10,7897,83,6,1,39.0,200.0,239.0,1.195,1.0,True,True,30.0,200.0,9.0,[1],10.0,10.0,1,10.0,0,0.009086499999995112
mlp_aco,10,7897,83,6,2,0.0,0.0,0.0,0.0,0.09907747060060501,False,False,0.0,0.0,0.0,[],10.0,10.0,1,10.0,0,0.009086499999995112
mlp_aco,10,7897,83,6,3,0.0,0.0,0.0,0.0,0.43936213850975037,False,False,0.0,0.0,0.0,[],10.0,10.0,1,10.0,0,0.009086499999995112
mlp_aco,10,7897,83,6,4,0.0,0.0,0.0,0.0,0.20313307642936707,False,False,0.0,0.0,0.0,[],10.0,10.0,1,10.0,0,0.009086499999995112
mlp_aco,10,7898,83,6,1,40.0,200.0,240.0,1.2,1.0,True,True,30.0,200.0,10.0,[1],10.0,10.0,1,10.0,0,0.009088584000011224
mlp_aco,10,7898,83,6,2,0.0,0.0,0.0,0.0,0.09907747060060501,False,False,0.0,0.0,0.0,[],10.0,10.0,1,10.0,0,0.009088584000011224
mlp_aco,10,7898,83,6,3,0.0,0.0,0.0,0.0,0.43936213850975037,False,False,0.0,0.0,0.0,[],10.0,10.0,1,10.0,0,0.009088584000011224
mlp_aco,10,7898,83,6,4,0.0,0.0,0.0,0.0,0.20313307642936707,False,False,0.0,0.0,0.0,[],10.0,10.0,1,10.0,0,0.009088584000011224
mlp_aco,10,7899,83,6,1,39.0,200.0,239.0,1.195,1.0,True,True,30.0,200.0,9.0,[1],10.0,10.0,1,10.0,0,0.00908362499998816
mlp_aco,10,7899,83,6,2,0.0,0.0,0.0,0.0,0.09907747060060501,False,False,0.0,0.0,0.0,[],10.0,10.0,1,10.0,0,0.00908362499998816
mlp_aco,10,7899,83,6,3,0.0,0.0,0.0,0.0,0.43936213850975037,False,False,0.0,0.0,0.0,[],10.0,10.0,1,10.0,0,0.00908362499998816
mlp_aco,10,7899,83,6,4,0.0,0.0,0.0,0.0,0.20313307642936707,False,False,0.0,0.0,0.0,[],10.0,10.0,1,10.0,0,0.00908362499998816
mlp_aco,10,7900,83,7,1,39.0,200.0,239.0,1.195,1.0,True,True,30.0,200.0,9.0,[1],10.0,10.0,1,10.0,0,0.009059625000020333
mlp_aco,10,7900,83,7,2,0.0,0.0,0.0,0.0,0.09907747060060501,False,False,0.0,0.0,0.0,[],10.0,10.0,1,10.0,0,0.009059625000020333
mlp_aco,10,7900,83,7,3,0.0,0.0,0.0,0.0,0.43936213850975037,False,False,0.0,0.0,0.0,[],10.0,10.0,1,10.0,0,0.009059625000020333
mlp_aco,10,7900,83,7,4,0.0,0.0,0.0,0.0,0.20313307642936707,False,False,0.0,0.0,0.0,[],10.0,10.0,1,10.0,0,0.009059625000020333
mlp_aco,10,7901,83,7,1,39.0,200.0,239.0,1.195,1.0,True,True,30.0,200.0,9.0,[1],10.0,10.0,1,10.0,0,0.008865458999991915
mlp_aco,10,7901,83,7,2,0.0,0.0,0.0,0.0,0.09907747060060501,False,False,0.0,0.0,0.0,[],10.0,10.0,1,10.0,0,0.008865458999991915
mlp_aco,10,7901,83,7,3,0.0,0.0,0.0,0.0,0.43936213850975037,False,False,0.0,0.0,0.0,[],10.0,10.0,1,10.0,0,0.008865458999991915
mlp_aco,10,7901,83,7,4,0.0,0.0,0.0,0.0,0.20313307642936707,False,False,0.0,0.0,0.0,[],10.0,10.0,1,10.0,0,0.008865458999991915
mlp_aco,10,7902,83,7,1,36.0,200.0,236.0,1.18,1.0,True,True,30.0,200.0,6.0,[1],10.0,10.0,1,10.0,0,0.008997334000014234
mlp_aco,10,7902,83,7,2,0.0,0.0,0.0,0.0,0.09907747060060501,False,False,0.0,0.0,0.0,[],10.0,10.0,1,10.0,0,0.008997334000014234
mlp_aco,10,7902,83,7,3,0.0,0.0,0.0,0.0,0.43936213850975037,False,False,0.0,0.0,0.0,[],10.0,10.0,1,10.0,0,0.008997334000014234
mlp_aco,10,7902,83,7,4,0.0,0.0,0.0,0.0,0.20313307642936707,False,False,0.0,0.0,0.0,[],10.0,10.0,1,10.0,0,0.008997334000014234
mlp_aco,10,7903,83,7,1,31.0,200.0,231.0,1.155,1.0,True,True,30.0,200.0,1.0,[1],10.0,10.0,1,10.0,0,0.008975208000009616
mlp_aco,10,7903,83,7,2,0.0,0.0,0.0,0.0,0.09907747060060501,False,False,0.0,0.0,0.0,[],10.0,10.0,1,10.0,0,0.008975208000009616
mlp_aco,10,7903,83,7,3,0.0,0.0,0.0,0.0,0.43936213850975037,False,False,0.0,0.0,0.0,[],10.0,10.0,1,10.0,0,0.008975208000009616
mlp_aco,10,7903,83,7,4,0.0,0.0,0.0,0.0,0.20313307642936707,False,False,0.0,0.0,0.0,[],10.0,10.0,1,10.0,0,0.008975208000009616
mlp_aco,10,7904,83,8,1,33.0,200.0,233.0,1.165,1.0,True,True,30.0,200.0,3.0,[1],10.0,10.0,1,10.0,0,0.009074584000018149
mlp_aco,10,7904,83,8,2,0.0,0.0,0.0,0.0,0.09907747060060501,False,False,0.0,0.0,0.0,[],10.0,10.0,1,10.0,0,0.009074584000018149
mlp_aco,10,7904,83,8,3,0.0,0.0,0.0,0.0,0.43936213850975037,False,False,0.0,0.0,0.0,[],10.0,10.0,1,10.0,0,0.009074584000018149
mlp_aco,10,7904,83,8,4,0.0,0.0,0.0,0.0,0.20313307642936707,False,False,0.0,0.0,0.0,[],10.0,10.0,1,10.0,0,0.009074584000018149
mlp_aco,10,7905,83,8,1,31.0,200.0,231.0,1.155,1.0,True,True,30.0,200.0,1.0,[1],10.0,10.0,1,10.0,0,0.009050000000002001
mlp_aco,10,7905,83,8,2,0.0,0.0,0.0,0.0,0.09907747060060501,False,False,0.0,0.0,0.0,[],10.0,10.0,1,10.0,0,0.009050000000002001
mlp_aco,10,7905,83,8,3,0.0,0.0,0.0,0.0,0.43936213850975037,False,False,0.0,0.0,0.0,[],10.0,10.0,1,10.0,0,0.009050000000002001
mlp_aco,10,7905,83,8,4,0.0,0.0,0.0,0.0,0.20313307642936707,False,False,0.0,0.0,0.0,[],10.0,10.0,1,10.0,0,0.009050000000002001
mlp_aco,10,7906,83,8,1,32.0,200.0,232.0,1.16,1.0,True,True,30.0,200.0,2.0,[1],10.0,10.0,1,10.0,0,0.009102541000004294
mlp_aco,10,7906,83,8,2,0.0,0.0,0.0,0.0,0.09907747060060501,False,False,0.0,0.0,0.0,[],10.0,10.0,1,10.0,0,0.009102541000004294
mlp_aco,10,7906,83,8,3,0.0,0.0,0.0,0.0,0.43936213850975037,False,False,0.0,0.0,0.0,[],10.0,10.0,1,10.0,0,0.009102541000004294
mlp_aco,10,7906,83,8,4,0.0,0.0,0.0,0.0,0.20313307642936707,False,False,0.0,0.0,0.0,[],10.0,10.0,1,10.0,0,0.009102541000004294
mlp_aco,10,7907,83,8,1,31.0,200.0,231.0,1.155,1.0,True,True,30.0,200.0,1.0,[1],10.0,10.0,1,10.0,0,0.009057041999994908
mlp_aco,10,7907,83,8,2,0.0,0.0,0.0,0.0,0.09907747060060501,False,False,0.0,0.0,0.0,[],10.0,10.0,1,10.0,0,0.009057041999994908
mlp_aco,10,7907,83,8,3,0.0,0.0,0.0,0.0,0.43936213850975037,False,False,0.0,0.0,0.0,[],10.0,10.0,1,10.0,0,0.009057041999994908
mlp_aco,10,7907,83,8,4,0.0,0.0,0.0,0.0,0.20313307642936707,False,False,0.0,0.0,0.0,[],10.0,10.0,1,10.0,0,0.009057041999994908
mlp_aco,10,7908,83,9,1,31.0,200.0,231.0,1.155,1.0,True,True,30.0,200.0,1.0,[1],10.0,10.0,1,10.0,0,0.008808375000000979
mlp_aco,10,7908,83,9,2,0.0,0.0,0.0,0.0,0.09907747060060501,False,False,0.0,0.0,0.0,[],10.0,10.0,1,10.0,0,0.008808375000000979
mlp_aco,10,7908,83,9,3,0.0,0.0,0.0,0.0,0.43936213850975037,False,False,0.0,0.0,0.0,[],10.0,10.0,1,10.0,0,0.008808375000000979
mlp_aco,10,7908,83,9,4,0.0,0.0,0.0,0.0,0.20313307642936707,False,False,0.0,0.0,0.0,[],10.0,10.0,1,10.0,0,0.008808375000000979
mlp_aco,10,7909,83,9,1,31.0,200.0,231.0,1.155,1.0,True,True,30.0,200.0,1.0,[1],10.0,10.0,1,10.0,0,0.008884875000006787
mlp_aco,10,7909,83,9,2,0.0,0.0,0.0,0.0,0.09907747060060501,False,False,0.0,0.0,0.0,[],10.0,10.0,1,10.0,0,0.008884875000006787
mlp_aco,10,7909,83,9,3,0.0,0.0,0.0,0.0,0.43936213850975037,False,False,0.0,0.0,0.0,[],10.0,10.0,1,10.0,0,0.008884875000006787
mlp_aco,10,7909,83,9,4,0.0,0.0,0.0,0.0,0.20313307642936707,False,False,0.0,0.0,0.0,[],10.0,10.0,1,10.0,0,0.008884875000006787
mlp_aco,10,7910,83,9,1,21.0,200.0,221.0,1.105,1.0,True,True,30.0,191.0,0.0,[1],10.0,10.0,1,10.0,0,0.008969625000020187
mlp_aco,10,7910,83,9,2,0.0,0.0,0.0,0.0,0.09907747060060501,False,False,0.0,0.0,0.0,[],10.0,10.0,1,10.0,0,0.008969625000020187
mlp_aco,10,7910,83,9,3,0.0,0.0,0.0,0.0,0.43936213850975037,False,False,0.0,0.0,0.0,[],10.0,10.0,1,10.0,0,0.008969625000020187
mlp_aco,10,7910,83,9,4,0.0,0.0,0.0,0.0,0.20313307642936707,False,False,0.0,0.0,0.0,[],10.0,10.0,1,10.0,0,0.008969625000020187
mlp_aco,10,7911,83,9,1,19.0,191.0,210.0,1.05,1.0,True,True,30.0,180.0,0.0,[1],10.0,10.0,1,10.0,0,0.009028000000000702
mlp_aco,10,7911,83,9,2,0.0,0.0,0.0,0.0,0.09907747060060501,False,False,0.0,0.0,0.0,[],10.0,10.0,1,10.0,0,0.009028000000000702
mlp_aco,10,7911,83,9,3,0.0,0.0,0.0,0.0,0.43936213850975037,False,False,0.0,0.0,0.0,[],10.0,10.0,1,10.0,0,0.009028000000000702
mlp_aco,10,7911,83,9,4,0.0,0.0,0.0,0.0,0.20313307642936707,False,False,0.0,0.0,0.0,[],10.0,10.0,1,10.0,0,0.009028000000000702
mlp_aco,10,7912,83,10,1,19.0,180.0,199.0,0.995,1.0,True,True,30.0,169.0,0.0,[1],10.0,10.0,1,10.0,0,0.009118125000014743
mlp_aco,10,7912,83,10,2,0.0,0.0,0.0,0.0,0.09907747060060501,False,False,0.0,0.0,0.0,[],10.0,10.0,1,10.0,0,0.009118125000014743
mlp_aco,10,7912,83,10,3,0.0,0.0,0.0,0.0,0.43936213850975037,False,False,0.0,0.0,0.0,[],10.0,10.0,1,10.0,0,0.009118125000014743
mlp_aco,10,7912,83,10,4,0.0,0.0,0.0,0.0,0.20313307642936707,False,False,0.0,0.0,0.0,[],10.0,10.0,1,10.0,0,0.009118125000014743
mlp_aco,10,7913,83,10,1,19.0,169.0,188.0,0.94,1.0,True,True,30.0,158.0,0.0,[1],10.0,10.0,1,10.0,0,0.009152709000005643
mlp_aco,10,7913,83,10,2,0.0,0.0,0.0,0.0,0.09907747060060501,False,False,0.0,0.0,0.0,[],10.0,10.0,1,10.0,0,0.009152709000005643
mlp_aco,10,7913,83,10,3,0.0,0.0,0.0,0.0,0.43936213850975037,False,False,0.0,0.0,0.0,[],10.0,10.0,1,10.0,0,0.009152709000005643
mlp_aco,10,7913,83,10,4,0.0,0.0,0.0,0.0,0.20313307642936707,False,False,0.0,0.0,0.0,[],10.0,10.0,1,10.0,0,0.009152709000005643
mlp_aco,10,7914,83,10,1,19.0,158.0,177.0,0.885,0.9999990463256836,True,True,30.0,147.0,0.0,[1],10.0,10.0,1,10.0,0,0.00909575000000018
mlp_aco,10,7914,83,10,2,0.0,0.0,0.0,0.0,0.09907747060060501,False,False,0.0,0.0,0.0,[],10.0,10.0,1,10.0,0,0.00909575000000018
mlp_aco,10,7914,83,10,3,0.0,0.0,0.0,0.0,0.43936213850975037,False,False,0.0,0.0,0.0,[],10.0,10.0,1,10.0,0,0.00909575000000018
mlp_aco,10,7914,83,10,4,0.0,0.0,0.0,0.0,0.20313307642936707,False,False,0.0,0.0,0.0,[],10.0,10.0,1,10.0,0,0.00909575000000018
mlp_aco,10,7915,83,10,1,19.0,147.0,166.0,0.83,0.9999828338623047,True,True,30.0,136.0,0.0,[1],10.0,10.0,1,10.0,0,0.008956458000000111
mlp_aco,10,7915,83,10,2,0.0,0.0,0.0,0.0,0.09907747060060501,False,False,0.0,0.0,0.0,[],10.0,10.0,1,10.0,0,0.008956458000000111
mlp_aco,10,7915,83,10,3,0.0,0.0,0.0,0.0,0.43936213850975037,False,False,0.0,0.0,0.0,[],10.0,10.0,1,10.0,0,0.008956458000000111
mlp_aco,10,7915,83,10,4,0.0,0.0,0.0,0.0,0.20313307642936707,False,False,0.0,0.0,0.0,[],10.0,10.0,1,10.0,0,0.008956458000000111
mlp_aco,10,7916,83,11,1,19.0,136.0,155.0,0.775,0.9997391700744629,True,True,30.0,125.0,0.0,[1],10.0,10.0,1,10.0,0,0.008959290999996483
mlp_aco,10,7916,83,11,2,0.0,0.0,0.0,0.0,0.09907747060060501,False,False,0.0,0.0,0.0,[],10.0,10.0,1,10.0,0,0.008959290999996483
mlp_aco,10,7916,83,11,3,0.0,0.0,0.0,0.0,0.43936213850975037,False,False,0.0,0.0,0.0,[],10.0,10.0,1,10.0,0,0.008959290999996483
mlp_aco,10,7916,83,11,4,0.0,0.0,0.0,0.0,0.20313307642936707,False,False,0.0,0.0,0.0,[],10.0,10.0,1,10.0,0,0.008959290999996483
mlp_aco,10,7917,83,11,1,19.0,125.0,144.0,0.72,0.9986882209777832,True,True,30.0,114.0,0.0,[1],10.0,10.0,1,10.0,0,0.00899175000000696
mlp_aco,10,7917,83,11,2,0.0,0.0,0.0,0.0,0.09907747060060501,False,False,0.0,0.0,0.0,[],10.0,10.0,1,10.0,0,0.00899175000000696
mlp_aco,10,7917,83,11,3,0.0,0.0,0.0,0.0,0.43936213850975037,False,False,0.0,0.0,0.0,[],10.0,10.0,1,10.0,0,0.00899175000000696
mlp_aco,10,7917,83,11,4,0.0,0.0,0.0,0.0,0.20313307642936707,False,False,0.0,0.0,0.0,[],10.0,10.0,1,10.0,0,0.00899175000000696
mlp_aco,10,7918,83,11,1,19.0,114.0,133.0,0.665,0.9958246946334839,True,True,30.0,103.0,0.0,[1],10.0,10.0,1,10.0,0,0.009072250000002668
mlp_aco,10,7918,83,11,2,0.0,0.0,0.0,0.0,0.09907747060060501,False,False,0.0,0.0,0.0,[],10.0,10.0,1,10.0,0,0.009072250000002668
mlp_aco,10,7918,83,11,3,0.0,0.0,0.0,0.0,0.43936213850975037,False,False,0.0,0.0,0.0,[],10.0,10.0,1,10.0,0,0.009072250000002668
mlp_aco,10,7918,83,11,4,0.0,0.0,0.0,0.0,0.20313307642936707,False,False,0.0,0.0,0.0,[],10.0,10.0,1,10.0,0,0.009072250000002668
mlp_aco,10,7919,83,11,1,18.0,103.0,121.0,0.605,0.9834955930709839,True,True,30.0,91.0,0.0,[1],10.0,10.0,1,10.0,0,0.008897750000016913
mlp_aco,10,7919,83,11,2,0.0,0.0,0.0,0.0,0.09907747060060501,False,False,0.0,0.0,0.0,[],10.0,10.0,1,10.0,0,0.008897750000016913
mlp_aco,10,7919,83,11,3,0.0,0.0,0.0,0.0,0.43936213850975037,False,False,0.0,0.0,0.0,[],10.0,10.0,1,10.0,0,0.008897750000016913
mlp_aco,10,7919,83,11,4,0.0,0.0,0.0,0.0,0.20313307642936707,False,False,0.0,0.0,0.0,[],10.0,10.0,1,10.0,0,0.008897750000016913
mlp_aco,10,7920,83,12,1,19.0,91.0,110.0,0.55,0.9687897562980652,True,True,30.0,80.0,0.0,[1],10.0,10.0,1,10.0,0,0.008893207999989272
mlp_aco,10,7920,83,12,2,0.0,0.0,0.0,0.0,0.09907747060060501,False,False,0.0,0.0,0.0,[],10.0,10.0,1,10.0,0,0.008893207999989272
mlp_aco,10,7920,83,12,3,0.0,0.0,0.0,0.0,0.43936213850975037,False,False,0.0,0.0,0.0,[],10.0,10.0,1,10.0,0,0.008893207999989272
mlp_aco,10,7920,83,12,4,0.0,0.0,0.0,0.0,0.20313307642936707,False,False,0.0,0.0,0.0,[],10.0,10.0,1,10.0,0,0.008893207999989272
mlp_aco,10,7921,83,12,1,20.0,80.0,100.0,0.5,0.9549998044967651,True,True,30.0,70.0,0.0,[1],10.0,10.0,1,10.0,0,0.009230583000004344
mlp_aco,10,7921,83,12,2,0.0,0.0,0.0,0.0,0.09907747060060501,False,False,0.0,0.0,0.0,[],10.0,10.0,1,10.0,0,0.009230583000004344
mlp_aco,10,7921,83,12,3,0.0,0.0,0.0,0.0,0.43936213850975037,False,False,0.0,0.0,0.0,[],10.0,10.0,1,10.0,0,0.009230583000004344
mlp_aco,10,7921,83,12,4,0.0,0.0,0.0,0.0,0.20313307642936707,False,False,0.0,0.0,0.0,[],10.0,10.0,1,10.0,0,0.009230583000004344
mlp_aco,10,7922,83,12,1,19.0,70.0,89.0,0.445,0.9101558327674866,True,True,30.0,59.0,0.0,[1],10.0,10.0,1,10.0,0,0.009061707999990176
mlp_aco,10,7922,83,12,2,0.0,0.0,0.0,0.0,0.09907747060060501,False,False,0.0,0.0,0.0,[],10.0,10.0,1,10.0,0,0.009061707999990176
mlp_aco,10,7922,83,12,3,0.0,0.0,0.0,0.0,0.43936213850975037,False,False,0.0,0.0,0.0,[],10.0,10.0,1,10.0,0,0.009061707999990176
mlp_aco,10,7922,83,12,4,0.0,0.0,0.0,0.0,0.20313307642936707,False,False,0.0,0.0,0.0,[],10.0,10.0,1,10.0,0,0.009061707999990176
mlp_aco,10,7923,83,12,1,19.0,59.0,78.0,0.39,0.8689752817153931,True,True,30.0,48.0,0.0,[1],10.0,10.0,1,10.0,0,0.009074333999990358
mlp_aco,10,7923,83,12,2,0.0,0.0,0.0,0.0,0.09907747060060501,False,False,0.0,0.0,0.0,[],10.0,10.0,1,10.0,0,0.009074333999990358
mlp_aco,10,7923,83,12,3,0.0,0.0,0.0,0.0,0.43936213850975037,False,False,0.0,0.0,0.0,[],10.0,10.0,1,10.0,0,0.009074333999990358
mlp_aco,10,7923,83,12,4,0.0,0.0,0.0,0.0,0.20313307642936707,False,False,0.0,0.0,0.0,[],10.0,10.0,1,10.0,0,0.009074333999990358
mlp_aco,10,7924,83,13,1,19.0,48.0,67.0,0.335,0.791333794593811,True,True,30.0,37.0,0.0,[1],10.0,10.0,1,10.0,0,0.009051583999990953
mlp_aco,10,7924,83,13,2,0.0,0.0,0.0,0.0,0.09907747060060501,False,False,0.0,0.0,0.0,[],10.0,10.0,1,10.0,0,0.009051583999990953
mlp_aco,10,7924,83,13,3,0.0,0.0,0.0,0.0,0.43936213850975037,False,False,0.0,0.0,0.0,[],10.0,10.0,1,10.0,0,0.009051583999990953
mlp_aco,10,7924,83,13,4,0.0,0.0,0.0,0.0,0.20313307642936707,False,False,0.0,0.0,0.0,[],10.0,10.0,1,10.0,0,0.009051583999990953
mlp_aco,10,7925,83,13,1,18.0,37.0,55.0,0.275,0.6230875849723816,False,False,0.0,55.0,0.0,[],0.0,0.0,0,0.0,0,2.166999991004559e-06
mlp_aco,10,7925,83,13,2,0.0,0.0,0.0,0.0,0.09907747060060501,False,False,0.0,0.0,0.0,[],0.0,0.0,0,0.0,0,2.166999991004559e-06
mlp_aco,10,7925,83,13,3,0.0,0.0,0.0,0.0,0.43936213850975037,False,False,0.0,0.0,0.0,[],0.0,0.0,0,0.0,0,2.166999991004559e-06
mlp_aco,10,7925,83,13,4,0.0,0.0,0.0,0.0,0.20313307642936707,False,False,0.0,0.0,0.0,[],0.0,0.0,0,0.0,0,2.166999991004559e-06
mlp_aco,10,7926,83,13,1,19.0,55.0,74.0,0.37,0.8477625250816345,True,True,30.0,44.0,0.0,[1],10.0,10.0,1,10.0,0,0.00910766699999499
mlp_aco,10,7926,83,13,2,0.0,0.0,0.0,0.0,0.09907747060060501,False,False,0.0,0.0,0.0,[],10.0,10.0,1,10.0,0,0.00910766699999499
mlp_aco,10,7926,83,13,3,0.0,0.0,0.0,0.0,0.43936213850975037,False,False,0.0,0.0,0.0,[],10.0,10.0,1,10.0,0,0.00910766699999499
mlp_aco,10,7926,83,13,4,0.0,0.0,0.0,0.0,0.20313307642936707,False,False,0.0,0.0,0.0,[],10.0,10.0,1,10.0,0,0.00910766699999499
mlp_aco,10,7927,83,13,1,19.0,44.0,63.0,0.315,0.766602635383606,True,True,30.0,33.0,0.0,[1],10.0,10.0,1,10.0,0,0.008873416000000134
mlp_aco,10,7927,83,13,2,0.0,0.0,0.0,0.0,0.09907747060060501,False,False,0.0,0.0,0.0,[],10.0,10.0,1,10.0,0,0.008873416000000134
mlp_aco,10,7927,83,13,3,0.0,0.0,0.0,0.0,0.43936213850975037,False,False,0.0,0.0,0.0,[],10.0,10.0,1,10.0,0,0.008873416000000134
mlp_aco,10,7927,83,13,4,0.0,0.0,0.0,0.0,0.20313307642936707,False,False,0.0,0.0,0.0,[],10.0,10.0,1,10.0,0,0.008873416000000134
mlp_aco,10,7928,83,14,1,19.0,33.0,52.0,0.26,0.682861328125,False,False,0.0,52.0,0.0,[],0.0,0.0,0,0.0,0,1.9590000022162712e-06
mlp_aco,10,7928,83,14,2,0.0,0.0,0.0,0.0,0.09907747060060501,False,False,0.0,0.0,0.0,[],0.0,0.0,0,0.0,0,1.9590000022162712e-06
mlp_aco,10,7928,83,14,3,0.0,0.0,0.0,0.0,0.43936213850975037,False,False,0.0,0.0,0.0,[],0.0,0.0,0,0.0,0,1.9590000022162712e-06
mlp_aco,10,7928,83,14,4,0.0,0.0,0.0,0.0,0.20313307642936707,False,False,0.0,0.0,0.0,[],0.0,0.0,0,0.0,0,1.9590000022162712e-06
mlp_aco,10,7929,83,14,1,19.0,52.0,71.0,0.355,0.8238248229026794,True,True,30.0,41.0,0.0,[1],10.0,10.0,1,10.0,0,0.008850125000009257
mlp_aco,10,7929,83,14,2,0.0,0.0,0.0,0.0,0.09907747060060501,False,False,0.0,0.0,0.0,[],10.0,10.0,1,10.0,0,0.008850125000009257
mlp_aco,10,7929,83,14,3,0.0,0.0,0.0,0.0,0.43936213850975037,False,False,0.0,0.0,0.0,[],10.0,10.0,1,10.0,0,0.008850125000009257
mlp_aco,10,7929,83,14,4,0.0,0.0,0.0,0.0,0.20313307642936707,False,False,0.0,0.0,0.0,[],10.0,10.0,1,10.0,0,0.008850125000009257
mlp_aco,10,7930,83,14,1,19.0,41.0,60.0,0.3,0.7355765104293823,True,True,30.0,30.0,0.0,[1],10.0,10.0,1,10.0,0,0.008987834000009798
mlp_aco,10,7930,83,14,2,0.0,0.0,0.0,0.0,0.09907747060060501,False,False,0.0,0.0,0.0,[],10.0,10.0,1,10.0,0,0.008987834000009798
mlp_aco,10,7930,83,14,3,0.0,0.0,0.0,0.0,0.43936213850975037,False,False,0.0,0.0,0.0,[],10.0,10.0,1,10.0,0,0.008987834000009798
mlp_aco,10,7930,83,14,4,0.0,0.0,0.0,0.0,0.20313307642936707,False,False,0.0,0.0,0.0,[],10.0,10.0,1,10.0,0,0.008987834000009798
mlp_aco,10,7931,83,14,1,19.0,30.0,49.0,0.245,0.6597458124160767,False,False,0.0,49.0,0.0,[],0.0,0.0,0,0.0,0,1.8749999810552254e-06
mlp_aco,10,7931,83,14,2,0.0,0.0,0.0,0.0,0.09907747060060501,False,False,0.0,0.0,0.0,[],0.0,0.0,0,0.0,0,1.8749999810552254e-06
mlp_aco,10,7931,83,14,3,0.0,0.0,0.0,0.0,0.43936213850975037,False,False,0.0,0.0,0.0,[],0.0,0.0,0,0.0,0,1.8749999810552254e-06
mlp_aco,10,7931,83,14,4,0.0,0.0,0.0,0.0,0.20313307642936707,False,False,0.0,0.0,0.0,[],0.0,0.0,0,0.0,0,1.8749999810552254e-06
mlp_aco,10,7932,83,15,1,19.0,49.0,68.0,0.34,0.8019565343856812,True,True,30.0,38.0,0.0,[1],10.0,10.0,1,10.0,0,0.009100375000002714
mlp_aco,10,7932,83,15,2,0.0,0.0,0.0,0.0,0.09907747060060501,False,False,0.0,0.0,0.0,[],10.0,10.0,1,10.0,0,0.009100375000002714
mlp_aco,10,7932,83,15,3,0.0,0.0,0.0,0.0,0.43936213850975037,False,False,0.0,0.0,0.0,[],10.0,10.0,1,10.0,0,0.009100375000002714
mlp_aco,10,7932,83,15,4,0.0,0.0,0.0,0.0,0.20313307642936707,False,False,0.0,0.0,0.0,[],10.0,10.0,1,10.0,0,0.009100375000002714
mlp_aco,10,7933,83,15,1,19.0,38.0,57.0,0.285,0.7150324583053589,True,True,30.0,27.0,0.0,[1],10.0,10.0,1,10.0,0,0.00904570800000215
mlp_aco,10,7933,83,15,2,0.0,0.0,0.0,0.0,0.09907747060060501,False,False,0.0,0.0,0.0,[],10.0,10.0,1,10.0,0,0.00904570800000215
mlp_aco,10,7933,83,15,3,0.0,0.0,0.0,0.0,0.43936213850975037,False,False,0.0,0.0,0.0,[],10.0,10.0,1,10.0,0,0.00904570800000215
mlp_aco,10,7933,83,15,4,0.0,0.0,0.0,0.0,0.20313307642936707,False,False,0.0,0.0,0.0,[],10.0,10.0,1,10.0,0,0.00904570800000215
mlp_aco,10,7934,83,15,1,19.0,27.0,46.0,0.23,0.6389899253845215,False,False,0.0,46.0,0.0,[],0.0,0.0,0,0.0,0,1.9590000022162712e-06
mlp_aco,10,7934,83,15,2,0.0,0.0,0.0,0.0,0.09907747060060501,False,False,0.0,0.0,0.0,[],0.0,0.0,0,0.0,0,1.9590000022162712e-06
mlp_aco,10,7934,83,15,3,0.0,0.0,0.0,0.0,0.43936213850975037,False,False,0.0,0.0,0.0,[],0.0,0.0,0,0.0,0,1.9590000022162712e-06
mlp_aco,10,7934,83,15,4,0.0,0.0,0.0,0.0,0.20313307642936707,False,False,0.0,0.0,0.0,[],0.0,0.0,0,0.0,0,1.9590000022162712e-06
mlp_aco,10,7935,83,15,1,19.0,46.0,65.0,0.325,0.7792454957962036,True,True,30.0,35.0,0.0,[1],10.0,10.0,1,10.0,0,0.009040874999982407
mlp_aco,10,7935,83,15,2,0.0,0.0,0.0,0.0,0.09907747060060501,False,False,0.0,0.0,0.0,[],10.0,10.0,1,10.0,0,0.009040874999982407
mlp_aco,10,7935,83,15,3,0.0,0.0,0.0,0.0,0.43936213850975037,False,False,0.0,0.0,0.0,[],10.0,10.0,1,10.0,0,0.009040874999982407
mlp_aco,10,7935,83,15,4,0.0,0.0,0.0,0.0,0.20313307642936707,False,False,0.0,0.0,0.0,[],10.0,10.0,1,10.0,0,0.009040874999982407
mlp_aco,10,7936,83,16,1,18.0,35.0,53.0,0.265,0.6113840937614441,False,False,0.0,53.0,0.0,[],0.0,0.0,0,0.0,0,1.958000012791672e-06
mlp_aco,10,7936,83,16,2,0.0,0.0,0.0,0.0,0.09907747060060501,False,False,0.0,0.0,0.0,[],0.0,0.0,0,0.0,0,1.958000012791672e-06
mlp_aco,10,7936,83,16,3,0.0,0.0,0.0,0.0,0.43936213850975037,False,False,0.0,0.0,0.0,[],0.0,0.0,0,0.0,0,1.958000012791672e-06
mlp_aco,10,7936,83,16,4,0.0,0.0,0.0,0.0,0.20313307642936707,False,False,0.0,0.0,0.0,[],0.0,0.0,0,0.0,0,1.958000012791672e-06
mlp_aco,10,7937,83,16,1,19.0,53.0,72.0,0.36,0.8337351083755493,True,True,30.0,42.0,0.0,[1],10.0,10.0,1,10.0,0,0.009102750000010928
mlp_aco,10,7937,83,16,2,0.0,0.0,0.0,0.0,0.09907747060060501,False,False,0.0,0.0,0.0,[],10.0,10.0,1,10.0,0,0.009102750000010928
mlp_aco,10,7937,83,16,3,0.0,0.0,0.0,0.0,0.43936213850975037,False,False,0.0,0.0,0.0,[],10.0,10.0,1,10.0,0,0.009102750000010928
mlp_aco,10,7937,83,16,4,0.0,0.0,0.0,0.0,0.20313307642936707,False,False,0.0,0.0,0.0,[],10.0,10.0,1,10.0,0,0.009102750000010928
mlp_aco,10,7938,83,16,1,19.0,42.0,61.0,0.305,0.7481163740158081,True,True,30.0,31.0,0.0,[1],10.0,10.0,1,10.0,0,0.008847624999987147
mlp_aco,10,7938,83,16,2,0.0,0.0,0.0,0.0,0.09907747060060501,False,False,0.0,0.0,0.0,[],10.0,10.0,1,10.0,0,0.008847624999987147
mlp_aco,10,7938,83,16,3,0.0,0.0,0.0,0.0,0.43936213850975037,False,False,0.0,0.0,0.0,[],10.0,10.0,1,10.0,0,0.008847624999987147
mlp_aco,10,7938,83,16,4,0.0,0.0,0.0,0.0,0.20313307642936707,False,False,0.0,0.0,0.0,[],10.0,10.0,1,10.0,0,0.008847624999987147
mlp_aco,10,7939,83,16,1,20.0,31.0,51.0,0.255,0.7479217052459717,True,True,30.0,21.0,0.0,[1],10.0,10.0,1,10.0,0,0.00897737500000062
mlp_aco,10,7939,83,16,2,0.0,0.0,0.0,0.0,0.09907747060060501,False,False,0.0,0.0,0.0,[],10.0,10.0,1,10.0,0,0.00897737500000062
mlp_aco,10,7939,83,16,3,0.0,0.0,0.0,0.0,0.43936213850975037,False,False,0.0,0.0,0.0,[],10.0,10.0,1,10.0,0,0.00897737500000062
mlp_aco,10,7939,83,16,4,0.0,0.0,0.0,0.0,0.20313307642936707,False,False,0.0,0.0,0.0,[],10.0,10.0,1,10.0,0,0.00897737500000062
mlp_aco,10,7940,83,17,1,19.0,21.0,40.0,0.2,0.602604866027832,False,False,0.0,40.0,0.0,[],0.0,0.0,0,0.0,0,1.8750000094769348e-06
mlp_aco,10,7940,83,17,2,0.0,0.0,0.0,0.0,0.09907747060060501,False,False,0.0,0.0,0.0,[],0.0,0.0,0,0.0,0,1.8750000094769348e-06
mlp_aco,10,7940,83,17,3,0.0,0.0,0.0,0.0,0.43936213850975037,False,False,0.0,0.0,0.0,[],0.0,0.0,0,0.0,0,1.8750000094769348e-06
mlp_aco,10,7940,83,17,4,0.0,0.0,0.0,0.0,0.20313307642936707,False,False,0.0,0.0,0.0,[],0.0,0.0,0,0.0,0,1.8750000094769348e-06
mlp_aco,10,7941,83,17,1,19.0,40.0,59.0,0.295,0.7263696193695068,True,True,30.0,29.0,0.0,[1],10.0,10.0,1,10.0,0,0.008991917000003014
mlp_aco,10,7941,83,17,2,0.0,0.0,0.0,0.0,0.09907747060060501,False,False,0.0,0.0,0.0,[],10.0,10.0,1,10.0,0,0.008991917000003014
mlp_aco,10,7941,83,17,3,0.0,0.0,0.0,0.0,0.43936213850975037,False,False,0.0,0.0,0.0,[],10.0,10.0,1,10.0,0,0.008991917000003014
mlp_aco,10,7941,83,17,4,0.0,0.0,0.0,0.0,0.20313307642936707,False,False,0.0,0.0,0.0,[],10.0,10.0,1,10.0,0,0.008991917000003014
mlp_aco,10,7942,83,17,1,18.0,29.0,47.0,0.235,0.5748852491378784,False,False,0.0,47.0,0.0,[],0.0,0.0,0,0.0,0,1.8750000094769348e-06
mlp_aco,10,7942,83,17,2,0.0,0.0,0.0,0.0,0.09907747060060501,False,False,0.0,0.0,0.0,[],0.0,0.0,0,0.0,0,1.8750000094769348e-06
mlp_aco,10,7942,83,17,3,0.0,0.0,0.0,0.0,0.43936213850975037,False,False,0.0,0.0,0.0,[],0.0,0.0,0,0.0,0,1.8750000094769348e-06
mlp_aco,10,7942,83,17,4,0.0,0.0,0.0,0.0,0.20313307642936707,False,False,0.0,0.0,0.0,[],0.0,0.0,0,0.0,0,1.8750000094769348e-06
mlp_aco,10,7943,83,17,1,19.0,47.0,66.0,0.33,0.7903205156326294,True,True,30.0,36.0,0.0,[1],10.0,10.0,1,10.0,0,0.009118416000006846
mlp_aco,10,7943,83,17,2,0.0,0.0,0.0,0.0,0.09907747060060501,False,False,0.0,0.0,0.0,[],10.0,10.0,1,10.0,0,0.009118416000006846
mlp_aco,10,7943,83,17,3,0.0,0.0,0.0,0.0,0.43936213850975037,False,False,0.0,0.0,0.0,[],10.0,10.0,1,10.0,0,0.009118416000006846
mlp_aco,10,7943,83,17,4,0.0,0.0,0.0,0.0,0.20313307642936707,False,False,0.0,0.0,0.0,[],10.0,10.0,1,10.0,0,0.009118416000006846
mlp_aco,10,7944,83,18,1,19.0,36.0,55.0,0.275,0.7034173011779785,True,True,30.0,25.0,0.0,[1],10.0,10.0,1,10.0,0,0.009100875000001452
mlp_aco,10,7944,83,18,2,0.0,0.0,0.0,0.0,0.09907747060060501,False,False,0.0,0.0,0.0,[],10.0,10.0,1,10.0,0,0.009100875000001452
mlp_aco,10,7944,83,18,3,0.0,0.0,0.0,0.0,0.43936213850975037,False,False,0.0,0.0,0.0,[],10.0,10.0,1,10.0,0,0.009100875000001452
mlp_aco,10,7944,83,18,4,0.0,0.0,0.0,0.0,0.20313307642936707,False,False,0.0,0.0,0.0,[],10.0,10.0,1,10.0,0,0.009100875000001452
mlp_aco,10,7945,83,18,1,19.0,25.0,44.0,0.22,0.6290252804756165,False,False,0.0,44.0,0.0,[],0.0,0.0,0,0.0,0,1.8749999810552254e-06
mlp_aco,10,7945,83,18,2,0.0,0.0,0.0,0.0,0.09907747060060501,False,False,0.0,0.0,0.0,[],0.0,0.0,0,0.0,0,1.8749999810552254e-06
mlp_aco,10,7945,83,18,3,0.0,0.0,0.0,0.0,0.43936213850975037,False,False,0.0,0.0,0.0,[],0.0,0.0,0,0.0,0,1.8749999810552254e-06
mlp_aco,10,7945,83,18,4,0.0,0.0,0.0,0.0,0.20313307642936707,False,False,0.0,0.0,0.0,[],0.0,0.0,0,0.0,0,1.8749999810552254e-06
mlp_aco,10,7946,83,18,1,19.0,44.0,63.0,0.315,0.7630990147590637,True,True,30.0,33.0,0.0,[1],10.0,10.0,1,10.0,0,0.009087999999991325
mlp_aco,10,7946,83,18,2,0.0,0.0,0.0,0.0,0.09907747060060501,False,False,0.0,0.0,0.0,[],10.0,10.0,1,10.0,0,0.009087999999991325
mlp_aco,10,7946,83,18,3,0.0,0.0,0.0,0.0,0.43936213850975037,False,False,0.0,0.0,0.0,[],10.0,10.0,1,10.0,0,0.009087999999991325
mlp_aco,10,7946,83,18,4,0.0,0.0,0.0,0.0,0.20313307642936707,False,False,0.0,0.0,0.0,[],10.0,10.0,1,10.0,0,0.009087999999991325
mlp_aco,10,7947,83,18,1,3.0,33.0,36.0,0.18,0.16436314582824707,False,False,0.0,36.0,0.0,[],0.0,0.0,0,0.0,0,1.7919999777404882e-06
mlp_aco,10,7947,83,18,2,0.0,0.0,0.0,0.0,0.09907747060060501,False,False,0.0,0.0,0.0,[],0.0,0.0,0,0.0,0,1.7919999777404882e-06
mlp_aco,10,7947,83,18,3,0.0,0.0,0.0,0.0,0.43936213850975037,False,False,0.0,0.0,0.0,[],0.0,0.0,0,0.0,0,1.7919999777404882e-06
mlp_aco,10,7947,83,18,4,0.0,0.0,0.0,0.0,0.20313307642936707,False,False,0.0,0.0,0.0,[],0.0,0.0,0,0.0,0,1.7919999777404882e-06
mlp_aco,10,7948,83,19,1,0.0,36.0,36.0,0.18,0.16248466074466705,False,False,0.0,36.0,0.0,[],0.0,0.0,0,0.0,0,1.8329999988964119e-06
mlp_aco,10,7948,83,19,2,0.0,0.0,0.0,0.0,0.09907747060060501,False,False,0.0,0.0,0.0,[],0.0,0.0,0,0.0,0,1.8329999988964119e-06
mlp_aco,10,7948,83,19,3,0.0,0.0,0.0,0.0,0.43936213850975037,False,False,0.0,0.0,0.0,[],0.0,0.0,0,0.0,0,1.8329999988964119e-06
mlp_aco,10,7948,83,19,4,0.0,0.0,0.0,0.0,0.20313307642936707,False,False,0.0,0.0,0.0,[],0.0,0.0,0,0.0,0,1.8329999988964119e-06
mlp_aco,10,7949,83,19,1,0.0,36.0,36.0,0.18,0.23195399343967438,False,False,0.0,36.0,0.0,[],0.0,0.0,0,0.0,0,1.7079999850011518e-06
mlp_aco,10,7949,83,19,2,0.0,0.0,0.0,0.0,0.09907747060060501,False,False,0.0,0.0,0.0,[],0.0,0.0,0,0.0,0,1.7079999850011518e-06
mlp_aco,10,7949,83,19,3,0.0,0.0,0.0,0.0,0.43936213850975037,False,False,0.0,0.0,0.0,[],0.0,0.0,0,0.0,0,1.7079999850011518e-06
mlp_aco,10,7949,83,19,4,0.0,0.0,0.0,0.0,0.20313307642936707,False,False,0.0,0.0,0.0,[],0.0,0.0,0,0.0,0,1.7079999850011518e-06
mlp_aco,10,7950,83,19,1,0.0,36.0,36.0,0.18,0.3384231925010681,False,False,0.0,36.0,0.0,[],0.0,0.0,0,0.0,0,1.7500000240033842e-06
mlp_aco,10,7950,83,19,2,0.0,0.0,0.0,0.0,0.09907747060060501,False,False,0.0,0.0,0.0,[],0.0,0.0,0,0.0,0,1.7500000240033842e-06
mlp_aco,10,7950,83,19,3,0.0,0.0,0.0,0.0,0.43936213850975037,False,False,0.0,0.0,0.0,[],0.0,0.0,0,0.0,0,1.7500000240033842e-06
mlp_aco,10,7950,83,19,4,0.0,0.0,0.0,0.0,0.20313307642936707,False,False,0.0,0.0,0.0,[],0.0,0.0,0,0.0,0,1.7500000240033842e-06
mlp_aco,10,7951,83,19,1,0.0,36.0,36.0,0.18,0.3550688326358795,False,False,0.0,36.0,0.0,[],0.0,0.0,0,0.0,0,1.7919999777404882e-06
mlp_aco,10,7951,83,19,2,0.0,0.0,0.0,0.0,0.09907747060060501,False,False,0.0,0.0,0.0,[],0.0,0.0,0,0.0,0,1.7919999777404882e-06
mlp_aco,10,7951,83,19,3,0.0,0.0,0.0,0.0,0.43936213850975037,False,False,0.0,0.0,0.0,[],0.0,0.0,0,0.0,0,1.7919999777404882e-06
mlp_aco,10,7951,83,19,4,0.0,0.0,0.0,0.0,0.20313307642936707,False,False,0.0,0.0,0.0,[],0.0,0.0,0,0.0,0,1.7919999777404882e-06
mlp_aco,10,7952,83,20,1,0.0,36.0,36.0,0.18,0.3550688326358795,False,False,0.0,36.0,0.0,[],0.0,0.0,0,0.0,0,1.7499999955816747e-06
mlp_aco,10,7952,83,20,2,0.0,0.0,0.0,0.0,0.09907747060060501,False,False,0.0,0.0,0.0,[],0.0,0.0,0,0.0,0,1.7499999955816747e-06
mlp_aco,10,7952,83,20,3,0.0,0.0,0.0,0.0,0.43936213850975037,False,False,0.0,0.0,0.0,[],0.0,0.0,0,0.0,0,1.7499999955816747e-06
mlp_aco,10,7952,83,20,4,0.0,0.0,0.0,0.0,0.20313307642936707,False,False,0.0,0.0,0.0,[],0.0,0.0,0,0.0,0,1.7499999955816747e-06
mlp_aco,10,7953,83,20,1,0.0,36.0,36.0,0.18,0.3550688326358795,False,False,0.0,36.0,0.0,[],0.0,0.0,0,0.0,0,1.7499999955816747e-06
mlp_aco,10,7953,83,20,2,0.0,0.0,0.0,0.0,0.09907747060060501,False,False,0.0,0.0,0.0,[],0.0,0.0,0,0.0,0,1.7499999955816747e-06
mlp_aco,10,7953,83,20,3,0.0,0.0,0.0,0.0,0.43936213850975037,False,False,0.0,0.0,0.0,[],0.0,0.0,0,0.0,0,1.7499999955816747e-06
mlp_aco,10,7953,83,20,4,0.0,0.0,0.0,0.0,0.20313307642936707,False,False,0.0,0.0,0.0,[],0.0,0.0,0,0.0,0,1.7499999955816747e-06
mlp_aco,10,7954,83,20,1,0.0,36.0,36.0,0.18,0.3550688326358795,False,False,0.0,36.0,0.0,[],0.0,0.0,0,0.0,0,1.8750000094769348e-06
mlp_aco,10,7954,83,20,2,0.0,0.0,0.0,0.0,0.09907747060060501,False,False,0.0,0.0,0.0,[],0.0,0.0,0,0.0,0,1.8750000094769348e-06
mlp_aco,10,7954,83,20,3,0.0,0.0,0.0,0.0,0.43936213850975037,False,False,0.0,0.0,0.0,[],0.0,0.0,0,0.0,0,1.8750000094769348e-06
mlp_aco,10,7954,83,20,4,0.0,0.0,0.0,0.0,0.20313307642936707,False,False,0.0,0.0,0.0,[],0.0,0.0,0,0.0,0,1.8750000094769348e-06
mlp_aco,10,7955,83,20,1,0.0,36.0,36.0,0.18,0.3550688326358795,False,False,0.0,36.0,0.0,[],0.0,0.0,0,0.0,0,1.8749999810552254e-06
mlp_aco,10,7955,83,20,2,0.0,0.0,0.0,0.0,0.09907747060060501,False,False,0.0,0.0,0.0,[],0.0,0.0,0,0.0,0,1.8749999810552254e-06
mlp_aco,10,7955,83,20,3,0.0,0.0,0.0,0.0,0.43936213850975037,False,False,0.0,0.0,0.0,[],0.0,0.0,0,0.0,0,1.8749999810552254e-06
mlp_aco,10,7955,83,20,4,0.0,0.0,0.0,0.0,0.20313307642936707,False,False,0.0,0.0,0.0,[],0.0,0.0,0,0.0,0,1.8749999810552254e-06
mlp_aco,10,7956,83,21,1,0.0,36.0,36.0,0.18,0.3550688326358795,False,False,0.0,36.0,0.0,[],0.0,0.0,0,0.0,0,1.7910000167375983e-06
mlp_aco,10,7956,83,21,2,0.0,0.0,0.0,0.0,0.09907747060060501,False,False,0.0,0.0,0.0,[],0.0,0.0,0,0.0,0,1.7910000167375983e-06
mlp_aco,10,7956,83,21,3,0.0,0.0,0.0,0.0,0.43936213850975037,False,False,0.0,0.0,0.0,[],0.0,0.0,0,0.0,0,1.7910000167375983e-06
mlp_aco,10,7956,83,21,4,0.0,0.0,0.0,0.0,0.20313307642936707,False,False,0.0,0.0,0.0,[],0.0,0.0,0,0.0,0,1.7910000167375983e-06
mlp_aco,10,7957,83,21,1,0.0,36.0,36.0,0.18,0.3550688326358795,False,False,0.0,36.0,0.0,[],0.0,0.0,0,0.0,0,1.8749999810552254e-06
mlp_aco,10,7957,83,21,2,0.0,0.0,0.0,0.0,0.09907747060060501,False,False,0.0,0.0,0.0,[],0.0,0.0,0,0.0,0,1.8749999810552254e-06
mlp_aco,10,7957,83,21,3,0.0,0.0,0.0,0.0,0.43936213850975037,False,False,0.0,0.0,0.0,[],0.0,0.0,0,0.0,0,1.8749999810552254e-06
mlp_aco,10,7957,83,21,4,0.0,0.0,0.0,0.0,0.20313307642936707,False,False,0.0,0.0,0.0,[],0.0,0.0,0,0.0,0,1.8749999810552254e-06
mlp_aco,10,7958,83,21,1,0.0,36.0,36.0,0.18,0.3550688326358795,False,False,0.0,36.0,0.0,[],0.0,0.0,0,0.0,0,1.8329999988964119e-06
mlp_aco,10,7958,83,21,2,0.0,0.0,0.0,0.0,0.09907747060060501,False,False,0.0,0.0,0.0,[],0.0,0.0,0,0.0,0,1.8329999988964119e-06
mlp_aco,10,7958,83,21,3,0.0,0.0,0.0,0.0,0.43936213850975037,False,False,0.0,0.0,0.0,[],0.0,0.0,0,0.0,0,1.8329999988964119e-06
mlp_aco,10,7958,83,21,4,0.0,0.0,0.0,0.0,0.20313307642936707,False,False,0.0,0.0,0.0,[],0.0,0.0,0,0.0,0,1.8329999988964119e-06
mlp_aco,10,7959,83,21,1,0.0,36.0,36.0,0.18,0.3550688326358795,False,False,0.0,36.0,0.0,[],0.0,0.0,0,0.0,0,1.8329999988964119e-06
mlp_aco,10,7959,83,21,2,0.0,0.0,0.0,0.0,0.09907747060060501,False,False,0.0,0.0,0.0,[],0.0,0.0,0,0.0,0,1.8329999988964119e-06
mlp_aco,10,7959,83,21,3,0.0,0.0,0.0,0.0,0.43936213850975037,False,False,0.0,0.0,0.0,[],0.0,0.0,0,0.0,0,1.8329999988964119e-06
mlp_aco,10,7959,83,21,4,0.0,0.0,0.0,0.0,0.20313307642936707,False,False,0.0,0.0,0.0,[],0.0,0.0,0,0.0,0,1.8329999988964119e-06
mlp_aco,10,7960,83,22,1,0.0,36.0,36.0,0.18,0.3550688326358795,False,False,0.0,36.0,0.0,[],0.0,0.0,0,0.0,0,2.4580000115292933e-06
mlp_aco,10,7960,83,22,2,0.0,0.0,0.0,0.0,0.09907747060060501,False,False,0.0,0.0,0.0,[],0.0,0.0,0,0.0,0,2.4580000115292933e-06
mlp_aco,10,7960,83,22,3,0.0,0.0,0.0,0.0,0.43936213850975037,False,False,0.0,0.0,0.0,[],0.0,0.0,0,0.0,0,2.4580000115292933e-06
mlp_aco,10,7960,83,22,4,0.0,0.0,0.0,0.0,0.20313307642936707,False,False,0.0,0.0,0.0,[],0.0,0.0,0,0.0,0,2.4580000115292933e-06
mlp_aco,10,7961,83,22,1,0.0,36.0,36.0,0.18,0.3550688326358795,False,False,0.0,36.0,0.0,[],0.0,0.0,0,0.0,0,1.8329999988964119e-06
mlp_aco,10,7961,83,22,2,0.0,0.0,0.0,0.0,0.09907747060060501,False,False,0.0,0.0,0.0,[],0.0,0.0,0,0.0,0,1.8329999988964119e-06
mlp_aco,10,7961,83,22,3,0.0,0.0,0.0,0.0,0.43936213850975037,False,False,0.0,0.0,0.0,[],0.0,0.0,0,0.0,0,1.8329999988964119e-06
mlp_aco,10,7961,83,22,4,0.0,0.0,0.0,0.0,0.20313307642936707,False,False,0.0,0.0,0.0,[],0.0,0.0,0,0.0,0,1.8329999988964119e-06
mlp_aco,10,7962,83,22,1,0.0,36.0,36.0,0.18,0.3550688326358795,False,False,0.0,36.0,0.0,[],0.0,0.0,0,0.0,0,1.7499999955816747e-06
mlp_aco,10,7962,83,22,2,0.0,0.0,0.0,0.0,0.09907747060060501,False,False,0.0,0.0,0.0,[],0.0,0.0,0,0.0,0,1.7499999955816747e-06
mlp_aco,10,7962,83,22,3,0.0,0.0,0.0,0.0,0.43936213850975037,False,False,0.0,0.0,0.0,[],0.0,0.0,0,0.0,0,1.7499999955816747e-06
mlp_aco,10,7962,83,22,4,0.0,0.0,0.0,0.0,0.20313307642936707,False,False,0.0,0.0,0.0,[],0.0,0.0,0,0.0,0,1.7499999955816747e-06
mlp_aco,10,7963,83,22,1,0.0,36.0,36.0,0.18,0.3550688326358795,False,False,0.0,36.0,0.0,[],0.0,0.0,0,0.0,0,1.916000002211149e-06
mlp_aco,10,7963,83,22,2,0.0,0.0,0.0,0.0,0.09907747060060501,False,False,0.0,0.0,0.0,[],0.0,0.0,0,0.0,0,1.916000002211149e-06
mlp_aco,10,7963,83,22,3,0.0,0.0,0.0,0.0,0.43936213850975037,False,False,0.0,0.0,0.0,[],0.0,0.0,0,0.0,0,1.916000002211149e-06
mlp_aco,10,7963,83,22,4,0.0,0.0,0.0,0.0,0.20313307642936707,False,False,0.0,0.0,0.0,[],0.0,0.0,0,0.0,0,1.916000002211149e-06
mlp_aco,10,7964,83,23,1,0.0,36.0,36.0,0.18,0.3550688326358795,False,False,0.0,36.0,0.0,[],0.0,0.0,0,0.0,0,1.7910000167375983e-06
mlp_aco,10,7964,83,23,2,0.0,0.0,0.0,0.0,0.09907747060060501,False,False,0.0,0.0,0.0,[],0.0,0.0,0,0.0,0,1.7910000167375983e-06
mlp_aco,10,7964,83,23,3,0.0,0.0,0.0,0.0,0.43936213850975037,False,False,0.0,0.0,0.0,[],0.0,0.0,0,0.0,0,1.7910000167375983e-06
mlp_aco,10,7964,83,23,4,0.0,0.0,0.0,0.0,0.20313307642936707,False,False,0.0,0.0,0.0,[],0.0,0.0,0,0.0,0,1.7910000167375983e-06
mlp_aco,10,7965,83,23,1,0.0,36.0,36.0,0.18,0.3550688326358795,False,False,0.0,36.0,0.0,[],0.0,0.0,0,0.0,0,1.8750000094769348e-06
mlp_aco,10,7965,83,23,2,0.0,0.0,0.0,0.0,0.09907747060060501,False,False,0.0,0.0,0.0,[],0.0,0.0,0,0.0,0,1.8750000094769348e-06
mlp_aco,10,7965,83,23,3,0.0,0.0,0.0,0.0,0.43936213850975037,False,False,0.0,0.0,0.0,[],0.0,0.0,0,0.0,0,1.8750000094769348e-06
mlp_aco,10,7965,83,23,4,0.0,0.0,0.0,0.0,0.20313307642936707,False,False,0.0,0.0,0.0,[],0.0,0.0,0,0.0,0,1.8750000094769348e-06
mlp_aco,10,7966,83,23,1,0.0,36.0,36.0,0.18,0.3550688326358795,False,False,0.0,36.0,0.0,[],0.0,0.0,0,0.0,0,1.8750000094769348e-06
mlp_aco,10,7966,83,23,2,0.0,0.0,0.0,0.0,0.09907747060060501,False,False,0.0,0.0,0.0,[],0.0,0.0,0,0.0,0,1.8750000094769348e-06
mlp_aco,10,7966,83,23,3,0.0,0.0,0.0,0.0,0.43936213850975037,False,False,0.0,0.0,0.0,[],0.0,0.0,0,0.0,0,1.8750000094769348e-06
mlp_aco,10,7966,83,23,4,0.0,0.0,0.0,0.0,0.20313307642936707,False,False,0.0,0.0,0.0,[],0.0,0.0,0,0.0,0,1.8750000094769348e-06
mlp_aco,10,7967,83,23,1,0.0,36.0,36.0,0.18,0.3550688326358795,False,False,0.0,36.0,0.0,[],0.0,0.0,0,0.0,0,1.7499999955816747e-06
mlp_aco,10,7967,83,23,2,0.0,0.0,0.0,0.0,0.09907747060060501,False,False,0.0,0.0,0.0,[],0.0,0.0,0,0.0,0,1.7499999955816747e-06
mlp_aco,10,7967,83,23,3,0.0,0.0,0.0,0.0,0.43936213850975037,False,False,0.0,0.0,0.0,[],0.0,0.0,0,0.0,0,1.7499999955816747e-06
mlp_aco,10,7967,83,23,4,0.0,0.0,0.0,0.0,0.20313307642936707,False,False,0.0,0.0,0.0,[],0.0,0.0,0,0.0,0,1.7499999955816747e-06
mlp_aco,10,7968,84,0,1,44.0,36.0,80.0,0.4,0.9999536871910095,True,True,30.0,50.0,0.0,[1],10.0,10.0,1,10.0,0,0.009077958000005992
mlp_aco,10,7968,84,0,2,0.0,0.0,0.0,0.0,0.09907747060060501,False,False,0.0,0.0,0.0,[],10.0,10.0,1,10.0,0,0.009077958000005992
mlp_aco,10,7968,84,0,3,0.0,0.0,0.0,0.0,0.43936213850975037,False,False,0.0,0.0,0.0,[],10.0,10.0,1,10.0,0,0.009077958000005992
mlp_aco,10,7968,84,0,4,0.0,0.0,0.0,0.0,0.20313307642936707,False,False,0.0,0.0,0.0,[],10.0,10.0,1,10.0,0,0.009077958000005992
mlp_aco,10,7969,84,0,1,38.0,50.0,88.0,0.44,0.9996444582939148,True,True,30.0,58.0,0.0,[1],10.0,10.0,1,10.0,0,0.008903916999997818
mlp_aco,10,7969,84,0,2,0.0,0.0,0.0,0.0,0.09907747060060501,False,False,0.0,0.0,0.0,[],10.0,10.0,1,10.0,0,0.008903916999997818
mlp_aco,10,7969,84,0,3,0.0,0.0,0.0,0.0,0.43936213850975037,False,False,0.0,0.0,0.0,[],10.0,10.0,1,10.0,0,0.008903916999997818
mlp_aco,10,7969,84,0,4,0.0,0.0,0.0,0.0,0.20313307642936707,False,False,0.0,0.0,0.0,[],10.0,10.0,1,10.0,0,0.008903916999997818
mlp_aco,10,7970,84,0,1,33.0,58.0,91.0,0.455,0.9990141987800598,True,True,30.0,61.0,0.0,[1],10.0,10.0,1,10.0,0,0.009095041999984232
mlp_aco,10,7970,84,0,2,0.0,0.0,0.0,0.0,0.09907747060060501,False,False,0.0,0.0,0.0,[],10.0,10.0,1,10.0,0,0.009095041999984232
mlp_aco,10,7970,84,0,3,0.0,0.0,0.0,0.0,0.43936213850975037,False,False,0.0,0.0,0.0,[],10.0,10.0,1,10.0,0,0.009095041999984232
mlp_aco,10,7970,84,0,4,0.0,0.0,0.0,0.0,0.20313307642936707,False,False,0.0,0.0,0.0,[],10.0,10.0,1,10.0,0,0.009095041999984232
mlp_aco,10,7971,84,0,1,21.0,61.0,82.0,0.41,0.9428101778030396,True,True,30.0,52.0,0.0,[1],10.0,10.0,1,10.0,0,0.009143625000007205
mlp_aco,10,7971,84,0,2,0.0,0.0,0.0,0.0,0.09907747060060501,False,False,0.0,0.0,0.0,[],10.0,10.0,1,10.0,0,0.009143625000007205
mlp_aco,10,7971,84,0,3,0.0,0.0,0.0,0.0,0.43936213850975037,False,False,0.0,0.0,0.0,[],10.0,10.0,1,10.0,0,0.009143625000007205
mlp_aco,10,7971,84,0,4,0.0,0.0,0.0,0.0,0.20313307642936707,False,False,0.0,0.0,0.0,[],10.0,10.0,1,10.0,0,0.009143625000007205
mlp_aco,10,7972,84,1,1,23.0,52.0,75.0,0.375,0.9507999420166016,True,True,30.0,45.0,0.0,[1],10.0,10.0,1,10.0,0,0.009097624999981235
mlp_aco,10,7972,84,1,2,0.0,0.0,0.0,0.0,0.09907747060060501,False,False,0.0,0.0,0.0,[],10.0,10.0,1,10.0,0,0.009097624999981235
mlp_aco,10,7972,84,1,3,0.0,0.0,0.0,0.0,0.43936213850975037,False,False,0.0,0.0,0.0,[],10.0,10.0,1,10.0,0,0.009097624999981235
mlp_aco,10,7972,84,1,4,0.0,0.0,0.0,0.0,0.20313307642936707,False,False,0.0,0.0,0.0,[],10.0,10.0,1,10.0,0,0.009097624999981235
mlp_aco,10,7973,84,1,1,22.0,45.0,67.0,0.335,0.9080303907394409,True,True,30.0,37.0,0.0,[1],10.0,10.0,1,10.0,0,0.008949666999995998
mlp_aco,10,7973,84,1,2,0.0,0.0,0.0,0.0,0.09907747060060501,False,False,0.0,0.0,0.0,[],10.0,10.0,1,10.0,0,0.008949666999995998
mlp_aco,10,7973,84,1,3,0.0,0.0,0.0,0.0,0.43936213850975037,False,False,0.0,0.0,0.0,[],10.0,10.0,1,10.0,0,0.008949666999995998
mlp_aco,10,7973,84,1,4,0.0,0.0,0.0,0.0,0.20313307642936707,False,False,0.0,0.0,0.0,[],10.0,10.0,1,10.0,0,0.008949666999995998
mlp_aco,10,7974,84,1,1,24.0,37.0,61.0,0.305,0.9454946517944336,True,True,30.0,31.0,0.0,[1],10.0,10.0,1,10.0,0,0.009132416999989346
mlp_aco,10,7974,84,1,2,0.0,0.0,0.0,0.0,0.09907747060060501,False,False,0.0,0.0,0.0,[],10.0,10.0,1,10.0,0,0.009132416999989346
mlp_aco,10,7974,84,1,3,0.0,0.0,0.0,0.0,0.43936213850975037,False,False,0.0,0.0,0.0,[],10.0,10.0,1,10.0,0,0.009132416999989346
mlp_aco,10,7974,84,1,4,0.0,0.0,0.0,0.0,0.20313307642936707,False,False,0.0,0.0,0.0,[],10.0,10.0,1,10.0,0,0.009132416999989346
mlp_aco,10,7975,84,1,1,28.0,31.0,59.0,0.295,0.980843722820282,True,True,30.0,29.0,0.0,[1],10.0,10.0,1,10.0,0,0.009091124999997646
mlp_aco,10,7975,84,1,2,0.0,0.0,0.0,0.0,0.09907747060060501,False,False,0.0,0.0,0.0,[],10.0,10.0,1,10.0,0,0.009091124999997646
mlp_aco,10,7975,84,1,3,0.0,0.0,0.0,0.0,0.43936213850975037,False,False,0.0,0.0,0.0,[],10.0,10.0,1,10.0,0,0.009091124999997646
mlp_aco,10,7975,84,1,4,0.0,0.0,0.0,0.0,0.20313307642936707,False,False,0.0,0.0,0.0,[],10.0,10.0,1,10.0,0,0.009091124999997646
mlp_aco,10,7976,84,2,1,30.0,29.0,59.0,0.295,0.9892686009407043,True,True,30.0,29.0,0.0,[1],10.0,10.0,1,10.0,0,0.009442541999987952
mlp_aco,10,7976,84,2,2,0.0,0.0,0.0,0.0,0.09907747060060501,False,False,0.0,0.0,0.0,[],10.0,10.0,1,10.0,0,0.009442541999987952
mlp_aco,10,7976,84,2,3,0.0,0.0,0.0,0.0,0.43936213850975037,False,False,0.0,0.0,0.0,[],10.0,10.0,1,10.0,0,0.009442541999987952
mlp_aco,10,7976,84,2,4,0.0,0.0,0.0,0.0,0.20313307642936707,False,False,0.0,0.0,0.0,[],10.0,10.0,1,10.0,0,0.009442541999987952
mlp_aco,10,7977,84,2,1,32.0,29.0,61.0,0.305,0.994140625,True,True,30.0,31.0,0.0,[1],10.0,10.0,1,10.0,0,0.009252875000015592
mlp_aco,10,7977,84,2,2,0.0,0.0,0.0,0.0,0.09907747060060501,False,False,0.0,0.0,0.0,[],10.0,10.0,1,10.0,0,0.009252875000015592
mlp_aco,10,7977,84,2,3,0.0,0.0,0.0,0.0,0.43936213850975037,False,False,0.0,0.0,0.0,[],10.0,10.0,1,10.0,0,0.009252875000015592
mlp_aco,10,7977,84,2,4,0.0,0.0,0.0,0.0,0.20313307642936707,False,False,0.0,0.0,0.0,[],10.0,10.0,1,10.0,0,0.009252875000015592
mlp_aco,10,7978,84,2,1,27.0,31.0,58.0,0.29,0.9710587859153748,True,True,30.0,28.0,0.0,[1],10.0,10.0,1,10.0,0,0.014579749999995784
mlp_aco,10,7978,84,2,2,0.0,0.0,0.0,0.0,0.09907747060060501,False,False,0.0,0.0,0.0,[],10.0,10.0,1,10.0,0,0.014579749999995784
mlp_aco,10,7978,84,2,3,0.0,0.0,0.0,0.0,0.43936213850975037,False,False,0.0,0.0,0.0,[],10.0,10.0,1,10.0,0,0.014579749999995784
mlp_aco,10,7978,84,2,4,0.0,0.0,0.0,0.0,0.20313307642936707,False,False,0.0,0.0,0.0,[],10.0,10.0,1,10.0,0,0.014579749999995784
mlp_aco,10,7979,84,2,1,26.0,28.0,54.0,0.27,0.9545817971229553,True,True,30.0,24.0,0.0,[1],10.0,10.0,1,10.0,0,0.010434084000024768
mlp_aco,10,7979,84,2,2,0.0,0.0,0.0,0.0,0.09907747060060501,False,False,0.0,0.0,0.0,[],10.0,10.0,1,10.0,0,0.010434084000024768
mlp_aco,10,7979,84,2,3,0.0,0.0,0.0,0.0,0.43936213850975037,False,False,0.0,0.0,0.0,[],10.0,10.0,1,10.0,0,0.010434084000024768
mlp_aco,10,7979,84,2,4,0.0,0.0,0.0,0.0,0.20313307642936707,False,False,0.0,0.0,0.0,[],10.0,10.0,1,10.0,0,0.010434084000024768
mlp_aco,10,7980,84,3,1,24.0,24.0,48.0,0.24,0.8956546187400818,True,True,30.0,18.0,0.0,[1],10.0,10.0,1,10.0,0,0.016031333000000814
mlp_aco,10,7980,84,3,2,0.0,0.0,0.0,0.0,0.09907747060060501,False,False,0.0,0.0,0.0,[],10.0,10.0,1,10.0,0,0.016031333000000814
mlp_aco,10,7980,84,3,3,0.0,0.0,0.0,0.0,0.43936213850975037,False,False,0.0,0.0,0.0,[],10.0,10.0,1,10.0,0,0.016031333000000814
mlp_aco,10,7980,84,3,4,0.0,0.0,0.0,0.0,0.20313307642936707,False,False,0.0,0.0,0.0,[],10.0,10.0,1,10.0,0,0.016031333000000814
mlp_aco,10,7981,84,3,1,26.0,18.0,44.0,0.22,0.9418139457702637,True,True,30.0,14.0,0.0,[1],10.0,10.0,1,10.0,0,0.012697874999986425
mlp_aco,10,7981,84,3,2,0.0,0.0,0.0,0.0,0.09907747060060501,False,False,0.0,0.0,0.0,[],10.0,10.0,1,10.0,0,0.012697874999986425
mlp_aco,10,7981,84,3,3,0.0,0.0,0.0,0.0,0.43936213850975037,False,False,0.0,0.0,0.0,[],10.0,10.0,1,10.0,0,0.012697874999986425
mlp_aco,10,7981,84,3,4,0.0,0.0,0.0,0.0,0.20313307642936707,False,False,0.0,0.0,0.0,[],10.0,10.0,1,10.0,0,0.012697874999986425
mlp_aco,10,7982,84,3,1,27.0,14.0,41.0,0.205,0.9535090923309326,True,True,30.0,11.0,0.0,[1],10.0,10.0,1,10.0,0,0.01151387500001988
mlp_aco,10,7982,84,3,2,0.0,0.0,0.0,0.0,0.09907747060060501,False,False,0.0,0.0,0.0,[],10.0,10.0,1,10.0,0,0.01151387500001988
mlp_aco,10,7982,84,3,3,0.0,0.0,0.0,0.0,0.43936213850975037,False,False,0.0,0.0,0.0,[],10.0,10.0,1,10.0,0,0.01151387500001988
mlp_aco,10,7982,84,3,4,0.0,0.0,0.0,0.0,0.20313307642936707,False,False,0.0,0.0,0.0,[],10.0,10.0,1,10.0,0,0.01151387500001988
mlp_aco,10,7983,84,3,1,27.0,11.0,38.0,0.19,0.9486410021781921,True,True,30.0,8.0,0.0,[1],10.0,10.0,1,10.0,0,0.011649834000024839
mlp_aco,10,7983,84,3,2,0.0,0.0,0.0,0.0,0.09907747060060501,False,False,0.0,0.0,0.0,[],10.0,10.0,1,10.0,0,0.011649834000024839
mlp_aco,10,7983,84,3,3,0.0,0.0,0.0,0.0,0.43936213850975037,False,False,0.0,0.0,0.0,[],10.0,10.0,1,10.0,0,0.011649834000024839
mlp_aco,10,7983,84,3,4,0.0,0.0,0.0,0.0,0.20313307642936707,False,False,0.0,0.0,0.0,[],10.0,10.0,1,10.0,0,0.011649834000024839
mlp_aco,10,7984,84,4,1,26.0,8.0,34.0,0.17,0.9149883985519409,True,True,30.0,4.0,0.0,[1],10.0,10.0,1,10.0,0,0.010813791999993327
mlp_aco,10,7984,84,4,2,0.0,0.0,0.0,0.0,0.09907747060060501,False,False,0.0,0.0,0.0,[],10.0,10.0,1,10.0,0,0.010813791999993327
mlp_aco,10,7984,84,4,3,0.0,0.0,0.0,0.0,0.43936213850975037,False,False,0.0,0.0,0.0,[],10.0,10.0,1,10.0,0,0.010813791999993327
mlp_aco,10,7984,84,4,4,0.0,0.0,0.0,0.0,0.20313307642936707,False,False,0.0,0.0,0.0,[],10.0,10.0,1,10.0,0,0.010813791999993327
mlp_aco,10,7985,84,4,1,26.0,4.0,30.0,0.15,0.9044010639190674,True,True,30.0,0.0,0.0,[1],10.0,10.0,1,10.0,0,0.009740249999993011
mlp_aco,10,7985,84,4,2,0.0,0.0,0.0,0.0,0.09907747060060501,False,False,0.0,0.0,0.0,[],10.0,10.0,1,10.0,0,0.009740249999993011
mlp_aco,10,7985,84,4,3,0.0,0.0,0.0,0.0,0.43936213850975037,False,False,0.0,0.0,0.0,[],10.0,10.0,1,10.0,0,0.009740249999993011
mlp_aco,10,7985,84,4,4,0.0,0.0,0.0,0.0,0.20313307642936707,False,False,0.0,0.0,0.0,[],10.0,10.0,1,10.0,0,0.009740249999993011
mlp_aco,10,7986,84,4,1,27.0,0.0,27.0,0.135,0.924431324005127,True,True,27.0,0.0,0.0,[1],10.0,10.0,1,10.0,0,0.012346707999995488
mlp_aco,10,7986,84,4,2,0.0,0.0,0.0,0.0,0.09907747060060501,False,False,0.0,0.0,0.0,[],10.0,10.0,1,10.0,0,0.012346707999995488
mlp_aco,10,7986,84,4,3,0.0,0.0,0.0,0.0,0.43936213850975037,False,False,0.0,0.0,0.0,[],10.0,10.0,1,10.0,0,0.012346707999995488
mlp_aco,10,7986,84,4,4,0.0,0.0,0.0,0.0,0.20313307642936707,False,False,0.0,0.0,0.0,[],10.0,10.0,1,10.0,0,0.012346707999995488
mlp_aco,10,7987,84,4,1,31.0,0.0,31.0,0.155,0.9799177646636963,True,True,30.0,1.0,0.0,[1],10.0,10.0,1,10.0,0,0.011287291999991567
mlp_aco,10,7987,84,4,2,0.0,0.0,0.0,0.0,0.09907747060060501,False,False,0.0,0.0,0.0,[],10.0,10.0,1,10.0,0,0.011287291999991567
mlp_aco,10,7987,84,4,3,0.0,0.0,0.0,0.0,0.43936213850975037,False,False,0.0,0.0,0.0,[],10.0,10.0,1,10.0,0,0.011287291999991567
mlp_aco,10,7987,84,4,4,0.0,0.0,0.0,0.0,0.20313307642936707,False,False,0.0,0.0,0.0,[],10.0,10.0,1,10.0,0,0.011287291999991567
mlp_aco,10,7988,84,5,1,31.0,1.0,32.0,0.16,0.9794163703918457,True,True,30.0,2.0,0.0,[1],10.0,10.0,1,10.0,0,0.010472332999995615
mlp_aco,10,7988,84,5,2,0.0,0.0,0.0,0.0,0.09907747060060501,False,False,0.0,0.0,0.0,[],10.0,10.0,1,10.0,0,0.010472332999995615
mlp_aco,10,7988,84,5,3,0.0,0.0,0.0,0.0,0.43936213850975037,False,False,0.0,0.0,0.0,[],10.0,10.0,1,10.0,0,0.010472332999995615
mlp_aco,10,7988,84,5,4,0.0,0.0,0.0,0.0,0.20313307642936707,False,False,0.0,0.0,0.0,[],10.0,10.0,1,10.0,0,0.010472332999995615
mlp_aco,10,7989,84,5,1,31.0,2.0,33.0,0.165,0.979179859161377,True,True,30.0,3.0,0.0,[1],10.0,10.0,1,10.0,0,0.009335249999992357
mlp_aco,10,7989,84,5,2,0.0,0.0,0.0,0.0,0.09907747060060501,False,False,0.0,0.0,0.0,[],10.0,10.0,1,10.0,0,0.009335249999992357
mlp_aco,10,7989,84,5,3,0.0,0.0,0.0,0.0,0.43936213850975037,False,False,0.0,0.0,0.0,[],10.0,10.0,1,10.0,0,0.009335249999992357
mlp_aco,10,7989,84,5,4,0.0,0.0,0.0,0.0,0.20313307642936707,False,False,0.0,0.0,0.0,[],10.0,10.0,1,10.0,0,0.009335249999992357
mlp_aco,10,7990,84,5,1,31.0,3.0,34.0,0.17,0.9792540669441223,True,True,30.0,4.0,0.0,[1],10.0,10.0,1,10.0,0,0.009360000000015134
mlp_aco,10,7990,84,5,2,0.0,0.0,0.0,0.0,0.09907747060060501,False,False,0.0,0.0,0.0,[],10.0,10.0,1,10.0,0,0.009360000000015134
mlp_aco,10,7990,84,5,3,0.0,0.0,0.0,0.0,0.43936213850975037,False,False,0.0,0.0,0.0,[],10.0,10.0,1,10.0,0,0.009360000000015134
mlp_aco,10,7990,84,5,4,0.0,0.0,0.0,0.0,0.20313307642936707,False,False,0.0,0.0,0.0,[],10.0,10.0,1,10.0,0,0.009360000000015134
mlp_aco,10,7991,84,5,1,30.0,4.0,34.0,0.17,0.971733570098877,True,True,30.0,4.0,0.0,[1],10.0,10.0,1,10.0,0,0.010051290999996354
mlp_aco,10,7991,84,5,2,0.0,0.0,0.0,0.0,0.09907747060060501,False,False,0.0,0.0,0.0,[],10.0,10.0,1,10.0,0,0.010051290999996354
mlp_aco,10,7991,84,5,3,0.0,0.0,0.0,0.0,0.43936213850975037,False,False,0.0,0.0,0.0,[],10.0,10.0,1,10.0,0,0.010051290999996354
mlp_aco,10,7991,84,5,4,0.0,0.0,0.0,0.0,0.20313307642936707,False,False,0.0,0.0,0.0,[],10.0,10.0,1,10.0,0,0.010051290999996354
mlp_aco,10,7992,84,6,1,28.0,4.0,32.0,0.16,0.9462361335754395,True,True,30.0,2.0,0.0,[1],10.0,10.0,1,10.0,0,0.010089084000014736
mlp_aco,10,7992,84,6,2,0.0,0.0,0.0,0.0,0.09907747060060501,False,False,0.0,0.0,0.0,[],10.0,10.0,1,10.0,0,0.010089084000014736
mlp_aco,10,7992,84,6,3,0.0,0.0,0.0,0.0,0.43936213850975037,False,False,0.0,0.0,0.0,[],10.0,10.0,1,10.0,0,0.010089084000014736
mlp_aco,10,7992,84,6,4,0.0,0.0,0.0,0.0,0.20313307642936707,False,False,0.0,0.0,0.0,[],10.0,10.0,1,10.0,0,0.010089084000014736
mlp_aco,10,7993,84,6,1,28.0,2.0,30.0,0.15,0.9439326524734497,True,True,30.0,0.0,0.0,[1],10.0,10.0,1,10.0,0,0.010350750000014841
mlp_aco,10,7993,84,6,2,0.0,0.0,0.0,0.0,0.09907747060060501,False,False,0.0,0.0,0.0,[],10.0,10.0,1,10.0,0,0.010350750000014841
mlp_aco,10,7993,84,6,3,0.0,0.0,0.0,0.0,0.43936213850975037,False,False,0.0,0.0,0.0,[],10.0,10.0,1,10.0,0,0.010350750000014841
mlp_aco,10,7993,84,6,4,0.0,0.0,0.0,0.0,0.20313307642936707,False,False,0.0,0.0,0.0,[],10.0,10.0,1,10.0,0,0.010350750000014841
mlp_aco,10,7994,84,6,1,28.0,0.0,28.0,0.14,0.9425843358039856,True,True,28.0,0.0,0.0,[1],10.0,10.0,1,10.0,0,0.00977758400000539
mlp_aco,10,7994,84,6,2,0.0,0.0,0.0,0.0,0.09907747060060501,False,False,0.0,0.0,0.0,[],10.0,10.0,1,10.0,0,0.00977758400000539
mlp_aco,10,7994,84,6,3,0.0,0.0,0.0,0.0,0.43936213850975037,False,False,0.0,0.0,0.0,[],10.0,10.0,1,10.0,0,0.00977758400000539
mlp_aco,10,7994,84,6,4,0.0,0.0,0.0,0.0,0.20313307642936707,False,False,0.0,0.0,0.0,[],10.0,10.0,1,10.0,0,0.00977758400000539
mlp_aco,10,7995,84,6,1,26.0,0.0,26.0,0.13,0.8884453177452087,True,True,26.0,0.0,0.0,[1],10.0,10.0,1,10.0,0,0.009100583000019924
mlp_aco,10,7995,84,6,2,0.0,0.0,0.0,0.0,0.09907747060060501,False,False,0.0,0.0,0.0,[],10.0,10.0,1,10.0,0,0.009100583000019924
mlp_aco,10,7995,84,6,3,0.0,0.0,0.0,0.0,0.43936213850975037,False,False,0.0,0.0,0.0,[],10.0,10.0,1,10.0,0,0.009100583000019924
mlp_aco,10,7995,84,6,4,0.0,0.0,0.0,0.0,0.20313307642936707,False,False,0.0,0.0,0.0,[],10.0,10.0,1,10.0,0,0.009100583000019924
mlp_aco,10,7996,84,7,1,29.0,0.0,29.0,0.145,0.9601842761039734,True,True,29.0,0.0,0.0,[1],10.0,10.0,1,10.0,0,0.00918587500001422
mlp_aco,10,7996,84,7,2,0.0,0.0,0.0,0.0,0.09907747060060501,False,False,0.0,0.0,0.0,[],10.0,10.0,1,10.0,0,0.00918587500001422
mlp_aco,10,7996,84,7,3,0.0,0.0,0.0,0.0,0.43936213850975037,False,False,0.0,0.0,0.0,[],10.0,10.0,1,10.0,0,0.00918587500001422
mlp_aco,10,7996,84,7,4,0.0,0.0,0.0,0.0,0.20313307642936707,False,False,0.0,0.0,0.0,[],10.0,10.0,1,10.0,0,0.00918587500001422
mlp_aco,10,7997,84,7,1,27.0,0.0,27.0,0.135,0.9213619232177734,True,True,27.0,0.0,0.0,[1],10.0,10.0,1,10.0,0,0.009270417000010411
mlp_aco,10,7997,84,7,2,0.0,0.0,0.0,0.0,0.09907747060060501,False,False,0.0,0.0,0.0,[],10.0,10.0,1,10.0,0,0.009270417000010411
mlp_aco,10,7997,84,7,3,0.0,0.0,0.0,0.0,0.43936213850975037,False,False,0.0,0.0,0.0,[],10.0,10.0,1,10.0,0,0.009270417000010411
mlp_aco,10,7997,84,7,4,0.0,0.0,0.0,0.0,0.20313307642936707,False,False,0.0,0.0,0.0,[],10.0,10.0,1,10.0,0,0.009270417000010411
mlp_aco,10,7998,84,7,1,28.0,0.0,28.0,0.14,0.9451234936714172,True,True,28.0,0.0,0.0,[1],10.0,10.0,1,10.0,0,0.009328167000006715
mlp_aco,10,7998,84,7,2,0.0,0.0,0.0,0.0,0.09907747060060501,False,False,0.0,0.0,0.0,[],10.0,10.0,1,10.0,0,0.009328167000006715
mlp_aco,10,7998,84,7,3,0.0,0.0,0.0,0.0,0.43936213850975037,False,False,0.0,0.0,0.0,[],10.0,10.0,1,10.0,0,0.009328167000006715
mlp_aco,10,7998,84,7,4,0.0,0.0,0.0,0.0,0.20313307642936707,False,False,0.0,0.0,0.0,[],10.0,10.0,1,10.0,0,0.009328167000006715
mlp_aco,10,7999,84,7,1,27.0,0.0,27.0,0.135,0.9205769896507263,True,True,27.0,0.0,0.0,[1],10.0,10.0,1,10.0,0,0.009926792000015894
mlp_aco,10,7999,84,7,2,0.0,0.0,0.0,0.0,0.09907747060060501,False,False,0.0,0.0,0.0,[],10.0,10.0,1,10.0,0,0.009926792000015894
mlp_aco,10,7999,84,7,3,0.0,0.0,0.0,0.0,0.43936213850975037,False,False,0.0,0.0,0.0,[],10.0,10.0,1,10.0,0,0.009926792000015894
mlp_aco,10,7999,84,7,4,0.0,0.0,0.0,0.0,0.20313307642936707,False,False,0.0,0.0,0.0,[],10.0,10.0,1,10.0,0,0.009926792000015894
mlp_aco,10,8000,84,8,1,29.0,0.0,29.0,0.145,0.9601842761039734,True,True,29.0,0.0,0.0,[1],10.0,10.0,1,10.0,0,0.009447500000021591
mlp_aco,10,8000,84,8,2,0.0,0.0,0.0,0.0,0.09907747060060501,False,False,0.0,0.0,0.0,[],10.0,10.0,1,10.0,0,0.009447500000021591
mlp_aco,10,8000,84,8,3,0.0,0.0,0.0,0.0,0.43936213850975037,False,False,0.0,0.0,0.0,[],10.0,10.0,1,10.0,0,0.009447500000021591
mlp_aco,10,8000,84,8,4,0.0,0.0,0.0,0.0,0.20313307642936707,False,False,0.0,0.0,0.0,[],10.0,10.0,1,10.0,0,0.009447500000021591
mlp_aco,10,8001,84,8,1,27.0,0.0,27.0,0.135,0.9205769896507263,True,True,27.0,0.0,0.0,[1],10.0,10.0,1,10.0,0,0.009267459000000144
mlp_aco,10,8001,84,8,2,0.0,0.0,0.0,0.0,0.09907747060060501,False,False,0.0,0.0,0.0,[],10.0,10.0,1,10.0,0,0.009267459000000144
mlp_aco,10,8001,84,8,3,0.0,0.0,0.0,0.0,0.43936213850975037,False,False,0.0,0.0,0.0,[],10.0,10.0,1,10.0,0,0.009267459000000144
mlp_aco,10,8001,84,8,4,0.0,0.0,0.0,0.0,0.20313307642936707,False,False,0.0,0.0,0.0,[],10.0,10.0,1,10.0,0,0.009267459000000144
mlp_aco,10,8002,84,8,1,28.0,0.0,28.0,0.14,0.9442638754844666,True,True,28.0,0.0,0.0,[1],10.0,10.0,1,10.0,0,0.00910758300000225
mlp_aco,10,8002,84,8,2,0.0,0.0,0.0,0.0,0.09907747060060501,False,False,0.0,0.0,0.0,[],10.0,10.0,1,10.0,0,0.00910758300000225
mlp_aco,10,8002,84,8,3,0.0,0.0,0.0,0.0,0.43936213850975037,False,False,0.0,0.0,0.0,[],10.0,10.0,1,10.0,0,0.00910758300000225
mlp_aco,10,8002,84,8,4,0.0,0.0,0.0,0.0,0.20313307642936707,False,False,0.0,0.0,0.0,[],10.0,10.0,1,10.0,0,0.00910758300000225
mlp_aco,10,8003,84,8,1,27.0,0.0,27.0,0.135,0.9205769896507263,True,True,27.0,0.0,0.0,[1],10.0,10.0,1,10.0,0,0.009113917000007632
mlp_aco,10,8003,84,8,2,0.0,0.0,0.0,0.0,0.09907747060060501,False,False,0.0,0.0,0.0,[],10.0,10.0,1,10.0,0,0.009113917000007632
mlp_aco,10,8003,84,8,3,0.0,0.0,0.0,0.0,0.43936213850975037,False,False,0.0,0.0,0.0,[],10.0,10.0,1,10.0,0,0.009113917000007632
mlp_aco,10,8003,84,8,4,0.0,0.0,0.0,0.0,0.20313307642936707,False,False,0.0,0.0,0.0,[],10.0,10.0,1,10.0,0,0.009113917000007632
mlp_aco,10,8004,84,9,1,28.0,0.0,28.0,0.14,0.9451234936714172,True,True,28.0,0.0,0.0,[1],10.0,10.0,1,10.0,0,0.00915983300001244
mlp_aco,10,8004,84,9,2,0.0,0.0,0.0,0.0,0.09907747060060501,False,False,0.0,0.0,0.0,[],10.0,10.0,1,10.0,0,0.00915983300001244
mlp_aco,10,8004,84,9,3,0.0,0.0,0.0,0.0,0.43936213850975037,False,False,0.0,0.0,0.0,[],10.0,10.0,1,10.0,0,0.00915983300001244
mlp_aco,10,8004,84,9,4,0.0,0.0,0.0,0.0,0.20313307642936707,False,False,0.0,0.0,0.0,[],10.0,10.0,1,10.0,0,0.00915983300001244
mlp_aco,10,8005,84,9,1,29.0,0.0,29.0,0.145,0.9595287442207336,True,True,29.0,0.0,0.0,[1],10.0,10.0,1,10.0,0,0.009508874999994532
mlp_aco,10,8005,84,9,2,0.0,0.0,0.0,0.0,0.09907747060060501,False,False,0.0,0.0,0.0,[],10.0,10.0,1,10.0,0,0.009508874999994532
mlp_aco,10,8005,84,9,3,0.0,0.0,0.0,0.0,0.43936213850975037,False,False,0.0,0.0,0.0,[],10.0,10.0,1,10.0,0,0.009508874999994532
mlp_aco,10,8005,84,9,4,0.0,0.0,0.0,0.0,0.20313307642936707,False,False,0.0,0.0,0.0,[],10.0,10.0,1,10.0,0,0.009508874999994532
mlp_aco,10,8006,84,9,1,28.0,0.0,28.0,0.14,0.9437092542648315,True,True,28.0,0.0,0.0,[1],10.0,10.0,1,10.0,0,0.009285165999983747
mlp_aco,10,8006,84,9,2,0.0,0.0,0.0,0.0,0.09907747060060501,False,False,0.0,0.0,0.0,[],10.0,10.0,1,10.0,0,0.009285165999983747
mlp_aco,10,8006,84,9,3,0.0,0.0,0.0,0.0,0.43936213850975037,False,False,0.0,0.0,0.0,[],10.0,10.0,1,10.0,0,0.009285165999983747
mlp_aco,10,8006,84,9,4,0.0,0.0,0.0,0.0,0.20313307642936707,False,False,0.0,0.0,0.0,[],10.0,10.0,1,10.0,0,0.009285165999983747
mlp_aco,10,8007,84,9,1,25.0,0.0,25.0,0.125,0.8449477553367615,True,True,25.0,0.0,0.0,[1],10.0,10.0,1,10.0,0,0.009112415999993573
mlp_aco,10,8007,84,9,2,0.0,0.0,0.0,0.0,0.09907747060060501,False,False,0.0,0.0,0.0,[],10.0,10.0,1,10.0,0,0.009112415999993573
mlp_aco,10,8007,84,9,3,0.0,0.0,0.0,0.0,0.43936213850975037,False,False,0.0,0.0,0.0,[],10.0,10.0,1,10.0,0,0.009112415999993573
mlp_aco,10,8007,84,9,4,0.0,0.0,0.0,0.0,0.20313307642936707,False,False,0.0,0.0,0.0,[],10.0,10.0,1,10.0,0,0.009112415999993573
mlp_aco,10,8008,84,10,1,17.0,0.0,17.0,0.085,0.35309404134750366,False,False,0.0,17.0,0.0,[],0.0,0.0,0,0.0,0,2.4999999936881068e-06
mlp_aco,10,8008,84,10,2,0.0,0.0,0.0,0.0,0.09907747060060501,False,False,0.0,0.0,0.0,[],0.0,0.0,0,0.0,0,2.4999999936881068e-06
mlp_aco,10,8008,84,10,3,0.0,0.0,0.0,0.0,0.43936213850975037,False,False,0.0,0.0,0.0,[],0.0,0.0,0,0.0,0,2.4999999936881068e-06
mlp_aco,10,8008,84,10,4,0.0,0.0,0.0,0.0,0.20313307642936707,False,False,0.0,0.0,0.0,[],0.0,0.0,0,0.0,0,2.4999999936881068e-06
mlp_aco,10,8009,84,10,1,16.0,17.0,33.0,0.165,0.3769164979457855,False,False,0.0,33.0,0.0,[],0.0,0.0,0,0.0,0,1.916000002211149e-06
mlp_aco,10,8009,84,10,2,0.0,0.0,0.0,0.0,0.09907747060060501,False,False,0.0,0.0,0.0,[],0.0,0.0,0,0.0,0,1.916000002211149e-06
mlp_aco,10,8009,84,10,3,0.0,0.0,0.0,0.0,0.43936213850975037,False,False,0.0,0.0,0.0,[],0.0,0.0,0,0.0,0,1.916000002211149e-06
mlp_aco,10,8009,84,10,4,0.0,0.0,0.0,0.0,0.20313307642936707,False,False,0.0,0.0,0.0,[],0.0,0.0,0,0.0,0,1.916000002211149e-06
mlp_aco,10,8010,84,10,1,17.0,33.0,50.0,0.25,0.5197579264640808,False,False,0.0,50.0,0.0,[],0.0,0.0,0,0.0,0,1.8329999988964119e-06
mlp_aco,10,8010,84,10,2,0.0,0.0,0.0,0.0,0.09907747060060501,False,False,0.0,0.0,0.0,[],0.0,0.0,0,0.0,0,1.8329999988964119e-06
mlp_aco,10,8010,84,10,3,0.0,0.0,0.0,0.0,0.43936213850975037,False,False,0.0,0.0,0.0,[],0.0,0.0,0,0.0,0,1.8329999988964119e-06
mlp_aco,10,8010,84,10,4,0.0,0.0,0.0,0.0,0.20313307642936707,False,False,0.0,0.0,0.0,[],0.0,0.0,0,0.0,0,1.8329999988964119e-06
mlp_aco,10,8011,84,10,1,27.0,50.0,77.0,0.385,0.9872334003448486,True,True,30.0,47.0,0.0,[1],10.0,10.0,1,10.0,0,0.00919020899999623
mlp_aco,10,8011,84,10,2,0.0,0.0,0.0,0.0,0.09907747060060501,False,False,0.0,0.0,0.0,[],10.0,10.0,1,10.0,0,0.00919020899999623
mlp_aco,10,8011,84,10,3,0.0,0.0,0.0,0.0,0.43936213850975037,False,False,0.0,0.0,0.0,[],10.0,10.0,1,10.0,0,0.00919020899999623
mlp_aco,10,8011,84,10,4,0.0,0.0,0.0,0.0,0.20313307642936707,False,False,0.0,0.0,0.0,[],10.0,10.0,1,10.0,0,0.00919020899999623
mlp_aco,10,8012,84,11,1,40.0,47.0,87.0,0.435,0.9998282194137573,True,True,30.0,57.0,0.0,[1],10.0,10.0,1,10.0,0,0.009171208999987357
mlp_aco,10,8012,84,11,2,0.0,0.0,0.0,0.0,0.09907747060060501,False,False,0.0,0.0,0.0,[],10.0,10.0,1,10.0,0,0.009171208999987357
mlp_aco,10,8012,84,11,3,0.0,0.0,0.0,0.0,0.43936213850975037,False,False,0.0,0.0,0.0,[],10.0,10.0,1,10.0,0,0.009171208999987357
mlp_aco,10,8012,84,11,4,0.0,0.0,0.0,0.0,0.20313307642936707,False,False,0.0,0.0,0.0,[],10.0,10.0,1,10.0,0,0.009171208999987357
mlp_aco,10,8013,84,11,1,40.0,57.0,97.0,0.485,0.9999299049377441,True,True,30.0,67.0,0.0,[1],10.0,10.0,1,10.0,0,0.009194832999980918
mlp_aco,10,8013,84,11,2,0.0,0.0,0.0,0.0,0.09907747060060501,False,False,0.0,0.0,0.0,[],10.0,10.0,1,10.0,0,0.009194832999980918
mlp_aco,10,8013,84,11,3,0.0,0.0,0.0,0.0,0.43936213850975037,False,False,0.0,0.0,0.0,[],10.0,10.0,1,10.0,0,0.009194832999980918
mlp_aco,10,8013,84,11,4,0.0,0.0,0.0,0.0,0.20313307642936707,False,False,0.0,0.0,0.0,[],10.0,10.0,1,10.0,0,0.009194832999980918
mlp_aco,10,8014,84,11,1,35.0,67.0,102.0,0.51,0.999802827835083,True,True,30.0,72.0,0.0,[1],10.0,10.0,1,10.0,0,0.009239750000006097
mlp_aco,10,8014,84,11,2,0.0,0.0,0.0,0.0,0.09907747060060501,False,False,0.0,0.0,0.0,[],10.0,10.0,1,10.0,0,0.009239750000006097
mlp_aco,10,8014,84,11,3,0.0,0.0,0.0,0.0,0.43936213850975037,False,False,0.0,0.0,0.0,[],10.0,10.0,1,10.0,0,0.009239750000006097
mlp_aco,10,8014,84,11,4,0.0,0.0,0.0,0.0,0.20313307642936707,False,False,0.0,0.0,0.0,[],10.0,10.0,1,10.0,0,0.009239750000006097
mlp_aco,10,8015,84,11,1,30.0,72.0,102.0,0.51,0.9991048574447632,True,True,30.0,72.0,0.0,[1],10.0,10.0,1,10.0,0,0.009329291999989664
mlp_aco,10,8015,84,11,2,0.0,0.0,0.0,0.0,0.09907747060060501,False,False,0.0,0.0,0.0,[],10.0,10.0,1,10.0,0,0.009329291999989664
mlp_aco,10,8015,84,11,3,0.0,0.0,0.0,0.0,0.43936213850975037,False,False,0.0,0.0,0.0,[],10.0,10.0,1,10.0,0,0.009329291999989664
mlp_aco,10,8015,84,11,4,0.0,0.0,0.0,0.0,0.20313307642936707,False,False,0.0,0.0,0.0,[],10.0,10.0,1,10.0,0,0.009329291999989664
mlp_aco,10,8016,84,12,1,23.0,72.0,95.0,0.475,0.9840154051780701,True,True,30.0,65.0,0.0,[1],10.0,10.0,1,10.0,0,0.009424749999993765
mlp_aco,10,8016,84,12,2,0.0,0.0,0.0,0.0,0.09907747060060501,False,False,0.0,0.0,0.0,[],10.0,10.0,1,10.0,0,0.009424749999993765
mlp_aco,10,8016,84,12,3,0.0,0.0,0.0,0.0,0.43936213850975037,False,False,0.0,0.0,0.0,[],10.0,10.0,1,10.0,0,0.009424749999993765
mlp_aco,10,8016,84,12,4,0.0,0.0,0.0,0.0,0.20313307642936707,False,False,0.0,0.0,0.0,[],10.0,10.0,1,10.0,0,0.009424749999993765
mlp_aco,10,8017,84,12,1,22.0,65.0,87.0,0.435,0.9606603980064392,True,True,30.0,57.0,0.0,[1],10.0,10.0,1,10.0,0,0.009559832999997298
mlp_aco,10,8017,84,12,2,0.0,0.0,0.0,0.0,0.09907747060060501,False,False,0.0,0.0,0.0,[],10.0,10.0,1,10.0,0,0.009559832999997298
mlp_aco,10,8017,84,12,3,0.0,0.0,0.0,0.0,0.43936213850975037,False,False,0.0,0.0,0.0,[],10.0,10.0,1,10.0,0,0.009559832999997298
mlp_aco,10,8017,84,12,4,0.0,0.0,0.0,0.0,0.20313307642936707,False,False,0.0,0.0,0.0,[],10.0,10.0,1,10.0,0,0.009559832999997298
mlp_aco,10,8018,84,12,1,21.0,57.0,78.0,0.39,0.9176790118217468,True,True,30.0,48.0,0.0,[1],10.0,10.0,1,10.0,0,0.008991250000008222
mlp_aco,10,8018,84,12,2,0.0,0.0,0.0,0.0,0.09907747060060501,False,False,0.0,0.0,0.0,[],10.0,10.0,1,10.0,0,0.008991250000008222
mlp_aco,10,8018,84,12,3,0.0,0.0,0.0,0.0,0.43936213850975037,False,False,0.0,0.0,0.0,[],10.0,10.0,1,10.0,0,0.008991250000008222
mlp_aco,10,8018,84,12,4,0.0,0.0,0.0,0.0,0.20313307642936707,False,False,0.0,0.0,0.0,[],10.0,10.0,1,10.0,0,0.008991250000008222
mlp_aco,10,8019,84,12,1,21.0,48.0,69.0,0.345,0.8970650434494019,True,True,30.0,39.0,0.0,[1],10.0,10.0,1,10.0,0,0.009287040999993224
mlp_aco,10,8019,84,12,2,0.0,0.0,0.0,0.0,0.09907747060060501,False,False,0.0,0.0,0.0,[],10.0,10.0,1,10.0,0,0.009287040999993224
mlp_aco,10,8019,84,12,3,0.0,0.0,0.0,0.0,0.43936213850975037,False,False,0.0,0.0,0.0,[],10.0,10.0,1,10.0,0,0.009287040999993224
mlp_aco,10,8019,84,12,4,0.0,0.0,0.0,0.0,0.20313307642936707,False,False,0.0,0.0,0.0,[],10.0,10.0,1,10.0,0,0.009287040999993224
mlp_aco,10,8020,84,13,1,21.0,39.0,60.0,0.3,0.8514373898506165,True,True,30.0,30.0,0.0,[1],10.0,10.0,1,10.0,0,0.009233750000021246
mlp_aco,10,8020,84,13,2,0.0,0.0,0.0,0.0,0.09907747060060501,False,False,0.0,0.0,0.0,[],10.0,10.0,1,10.0,0,0.009233750000021246
mlp_aco,10,8020,84,13,3,0.0,0.0,0.0,0.0,0.43936213850975037,False,False,0.0,0.0,0.0,[],10.0,10.0,1,10.0,0,0.009233750000021246
mlp_aco,10,8020,84,13,4,0.0,0.0,0.0,0.0,0.20313307642936707,False,False,0.0,0.0,0.0,[],10.0,10.0,1,10.0,0,0.009233750000021246
mlp_aco,10,8021,84,13,1,21.0,30.0,51.0,0.255,0.79860919713974,True,True,30.0,21.0,0.0,[1],10.0,10.0,1,10.0,0,0.009140833000003568
mlp_aco,10,8021,84,13,2,0.0,0.0,0.0,0.0,0.09907747060060501,False,False,0.0,0.0,0.0,[],10.0,10.0,1,10.0,0,0.009140833000003568
mlp_aco,10,8021,84,13,3,0.0,0.0,0.0,0.0,0.43936213850975037,False,False,0.0,0.0,0.0,[],10.0,10.0,1,10.0,0,0.009140833000003568
mlp_aco,10,8021,84,13,4,0.0,0.0,0.0,0.0,0.20313307642936707,False,False,0.0,0.0,0.0,[],10.0,10.0,1,10.0,0,0.009140833000003568
mlp_aco,10,8022,84,13,1,21.0,21.0,42.0,0.21,0.7490476369857788,True,True,30.0,12.0,0.0,[1],10.0,10.0,1,10.0,0,0.009036707999996452
mlp_aco,10,8022,84,13,2,0.0,0.0,0.0,0.0,0.09907747060060501,False,False,0.0,0.0,0.0,[],10.0,10.0,1,10.0,0,0.009036707999996452
mlp_aco,10,8022,84,13,3,0.0,0.0,0.0,0.0,0.43936213850975037,False,False,0.0,0.0,0.0,[],10.0,10.0,1,10.0,0,0.009036707999996452
mlp_aco,10,8022,84,13,4,0.0,0.0,0.0,0.0,0.20313307642936707,False,False,0.0,0.0,0.0,[],10.0,10.0,1,10.0,0,0.009036707999996452
mlp_aco,10,8023,84,13,1,21.0,12.0,33.0,0.165,0.690727949142456,False,False,0.0,33.0,0.0,[],0.0,0.0,0,0.0,0,2.292000004899819e-06
mlp_aco,10,8023,84,13,2,0.0,0.0,0.0,0.0,0.09907747060060501,False,False,0.0,0.0,0.0,[],0.0,0.0,0,0.0,0,2.292000004899819e-06
mlp_aco,10,8023,84,13,3,0.0,0.0,0.0,0.0,0.43936213850975037,False,False,0.0,0.0,0.0,[],0.0,0.0,0,0.0,0,2.292000004899819e-06
mlp_aco,10,8023,84,13,4,0.0,0.0,0.0,0.0,0.20313307642936707,False,False,0.0,0.0,0.0,[],0.0,0.0,0,0.0,0,2.292000004899819e-06
mlp_aco,10,8024,84,14,1,21.0,33.0,54.0,0.27,0.81674724817276,True,True,30.0,24.0,0.0,[1],10.0,10.0,1,10.0,0,0.009030999999993128
mlp_aco,10,8024,84,14,2,0.0,0.0,0.0,0.0,0.09907747060060501,False,False,0.0,0.0,0.0,[],10.0,10.0,1,10.0,0,0.009030999999993128
mlp_aco,10,8024,84,14,3,0.0,0.0,0.0,0.0,0.43936213850975037,False,False,0.0,0.0,0.0,[],10.0,10.0,1,10.0,0,0.009030999999993128
mlp_aco,10,8024,84,14,4,0.0,0.0,0.0,0.0,0.20313307642936707,False,False,0.0,0.0,0.0,[],10.0,10.0,1,10.0,0,0.009030999999993128
mlp_aco,10,8025,84,14,1,21.0,24.0,45.0,0.225,0.7667787671089172,True,True,30.0,15.0,0.0,[1],10.0,10.0,1,10.0,0,0.009135334000006878
mlp_aco,10,8025,84,14,2,0.0,0.0,0.0,0.0,0.09907747060060501,False,False,0.0,0.0,0.0,[],10.0,10.0,1,10.0,0,0.009135334000006878
mlp_aco,10,8025,84,14,3,0.0,0.0,0.0,0.0,0.43936213850975037,False,False,0.0,0.0,0.0,[],10.0,10.0,1,10.0,0,0.009135334000006878
mlp_aco,10,8025,84,14,4,0.0,0.0,0.0,0.0,0.20313307642936707,False,False,0.0,0.0,0.0,[],10.0,10.0,1,10.0,0,0.009135334000006878
mlp_aco,10,8026,84,14,1,21.0,15.0,36.0,0.18,0.7109898328781128,True,True,30.0,6.0,0.0,[1],10.0,10.0,1,10.0,0,0.008987958000005847
mlp_aco,10,8026,84,14,2,0.0,0.0,0.0,0.0,0.09907747060060501,False,False,0.0,0.0,0.0,[],10.0,10.0,1,10.0,0,0.008987958000005847
mlp_aco,10,8026,84,14,3,0.0,0.0,0.0,0.0,0.43936213850975037,False,False,0.0,0.0,0.0,[],10.0,10.0,1,10.0,0,0.008987958000005847
mlp_aco,10,8026,84,14,4,0.0,0.0,0.0,0.0,0.20313307642936707,False,False,0.0,0.0,0.0,[],10.0,10.0,1,10.0,0,0.008987958000005847
mlp_aco,10,8027,84,14,1,21.0,6.0,27.0,0.135,0.6574409008026123,False,False,0.0,27.0,0.0,[],0.0,0.0,0,0.0,0,2.2080000121604826e-06
mlp_aco,10,8027,84,14,2,0.0,0.0,0.0,0.0,0.09907747060060501,False,False,0.0,0.0,0.0,[],0.0,0.0,0,0.0,0,2.2080000121604826e-06
mlp_aco,10,8027,84,14,3,0.0,0.0,0.0,0.0,0.43936213850975037,False,False,0.0,0.0,0.0,[],0.0,0.0,0,0.0,0,2.2080000121604826e-06
mlp_aco,10,8027,84,14,4,0.0,0.0,0.0,0.0,0.20313307642936707,False,False,0.0,0.0,0.0,[],0.0,0.0,0,0.0,0,2.2080000121604826e-06
mlp_aco,10,8028,84,15,1,21.0,27.0,48.0,0.24,0.7832266092300415,True,True,30.0,18.0,0.0,[1],10.0,10.0,1,10.0,0,0.009047833000010996
mlp_aco,10,8028,84,15,2,0.0,0.0,0.0,0.0,0.09907747060060501,False,False,0.0,0.0,0.0,[],10.0,10.0,1,10.0,0,0.009047833000010996
mlp_aco,10,8028,84,15,3,0.0,0.0,0.0,0.0,0.43936213850975037,False,False,0.0,0.0,0.0,[],10.0,10.0,1,10.0,0,0.009047833000010996
mlp_aco,10,8028,84,15,4,0.0,0.0,0.0,0.0,0.20313307642936707,False,False,0.0,0.0,0.0,[],10.0,10.0,1,10.0,0,0.009047833000010996
mlp_aco,10,8029,84,15,1,21.0,18.0,39.0,0.195,0.7304423451423645,True,True,30.0,9.0,0.0,[1],10.0,10.0,1,10.0,0,0.009189375000005384
mlp_aco,10,8029,84,15,2,0.0,0.0,0.0,0.0,0.09907747060060501,False,False,0.0,0.0,0.0,[],10.0,10.0,1,10.0,0,0.009189375000005384
mlp_aco,10,8029,84,15,3,0.0,0.0,0.0,0.0,0.43936213850975037,False,False,0.0,0.0,0.0,[],10.0,10.0,1,10.0,0,0.009189375000005384
mlp_aco,10,8029,84,15,4,0.0,0.0,0.0,0.0,0.20313307642936707,False,False,0.0,0.0,0.0,[],10.0,10.0,1,10.0,0,0.009189375000005384
mlp_aco,10,8030,84,15,1,13.0,9.0,22.0,0.11,0.2783326208591461,False,False,0.0,22.0,0.0,[],0.0,0.0,0,0.0,0,1.9999999949504854e-06
mlp_aco,10,8030,84,15,2,0.0,0.0,0.0,0.0,0.09907747060060501,False,False,0.0,0.0,0.0,[],0.0,0.0,0,0.0,0,1.9999999949504854e-06
mlp_aco,10,8030,84,15,3,0.0,0.0,0.0,0.0,0.43936213850975037,False,False,0.0,0.0,0.0,[],0.0,0.0,0,0.0,0,1.9999999949504854e-06
mlp_aco,10,8030,84,15,4,0.0,0.0,0.0,0.0,0.20313307642936707,False,False,0.0,0.0,0.0,[],0.0,0.0,0,0.0,0,1.9999999949504854e-06
mlp_aco,10,8031,84,15,1,13.0,22.0,35.0,0.175,0.32084009051322937,False,False,0.0,35.0,0.0,[],0.0,0.0,0,0.0,0,1.916000002211149e-06
mlp_aco,10,8031,84,15,2,0.0,0.0,0.0,0.0,0.09907747060060501,False,False,0.0,0.0,0.0,[],0.0,0.0,0,0.0,0,1.916000002211149e-06
mlp_aco,10,8031,84,15,3,0.0,0.0,0.0,0.0,0.43936213850975037,False,False,0.0,0.0,0.0,[],0.0,0.0,0,0.0,0,1.916000002211149e-06
mlp_aco,10,8031,84,15,4,0.0,0.0,0.0,0.0,0.20313307642936707,False,False,0.0,0.0,0.0,[],0.0,0.0,0,0.0,0,1.916000002211149e-06
mlp_aco,10,8032,84,16,1,13.0,35.0,48.0,0.24,0.36654216051101685,False,False,0.0,48.0,0.0,[],0.0,0.0,0,0.0,0,1.7920000061621977e-06
mlp_aco,10,8032,84,16,2,0.0,0.0,0.0,0.0,0.09907747060060501,False,False,0.0,0.0,0.0,[],0.0,0.0,0,0.0,0,1.7920000061621977e-06
mlp_aco,10,8032,84,16,3,0.0,0.0,0.0,0.0,0.43936213850975037,False,False,0.0,0.0,0.0,[],0.0,0.0,0,0.0,0,1.7920000061621977e-06
mlp_aco,10,8032,84,16,4,0.0,0.0,0.0,0.0,0.20313307642936707,False,False,0.0,0.0,0.0,[],0.0,0.0,0,0.0,0,1.7920000061621977e-06
mlp_aco,10,8033,84,16,1,13.0,48.0,61.0,0.305,0.41477832198143005,False,False,0.0,61.0,0.0,[],0.0,0.0,0,0.0,0,2.0420000055310084e-06
mlp_aco,10,8033,84,16,2,0.0,0.0,0.0,0.0,0.09907747060060501,False,False,0.0,0.0,0.0,[],0.0,0.0,0,0.0,0,2.0420000055310084e-06
mlp_aco,10,8033,84,16,3,0.0,0.0,0.0,0.0,0.43936213850975037,False,False,0.0,0.0,0.0,[],0.0,0.0,0,0.0,0,2.0420000055310084e-06
mlp_aco,10,8033,84,16,4,0.0,0.0,0.0,0.0,0.20313307642936707,False,False,0.0,0.0,0.0,[],0.0,0.0,0,0.0,0,2.0420000055310084e-06
mlp_aco,10,8034,84,16,1,13.0,61.0,74.0,0.37,0.4676137864589691,False,False,0.0,74.0,0.0,[],0.0,0.0,0,0.0,0,1.8750000094769348e-06
mlp_aco,10,8034,84,16,2,0.0,0.0,0.0,0.0,0.09907747060060501,False,False,0.0,0.0,0.0,[],0.0,0.0,0,0.0,0,1.8750000094769348e-06
mlp_aco,10,8034,84,16,3,0.0,0.0,0.0,0.0,0.43936213850975037,False,False,0.0,0.0,0.0,[],0.0,0.0,0,0.0,0,1.8750000094769348e-06
mlp_aco,10,8034,84,16,4,0.0,0.0,0.0,0.0,0.20313307642936707,False,False,0.0,0.0,0.0,[],0.0,0.0,0,0.0,0,1.8750000094769348e-06
mlp_aco,10,8035,84,16,1,13.0,74.0,87.0,0.435,0.5457016825675964,False,False,0.0,87.0,0.0,[],0.0,0.0,0,0.0,0,1.7499999955816747e-06
mlp_aco,10,8035,84,16,2,0.0,0.0,0.0,0.0,0.09907747060060501,False,False,0.0,0.0,0.0,[],0.0,0.0,0,0.0,0,1.7499999955816747e-06
mlp_aco,10,8035,84,16,3,0.0,0.0,0.0,0.0,0.43936213850975037,False,False,0.0,0.0,0.0,[],0.0,0.0,0,0.0,0,1.7499999955816747e-06
mlp_aco,10,8035,84,16,4,0.0,0.0,0.0,0.0,0.20313307642936707,False,False,0.0,0.0,0.0,[],0.0,0.0,0,0.0,0,1.7499999955816747e-06
mlp_aco,10,8036,84,17,1,13.0,87.0,100.0,0.5,0.6755951642990112,False,False,0.0,100.0,0.0,[],0.0,0.0,0,0.0,0,1.9169999916357483e-06
mlp_aco,10,8036,84,17,2,0.0,0.0,0.0,0.0,0.09907747060060501,False,False,0.0,0.0,0.0,[],0.0,0.0,0,0.0,0,1.9169999916357483e-06
mlp_aco,10,8036,84,17,3,0.0,0.0,0.0,0.0,0.43936213850975037,False,False,0.0,0.0,0.0,[],0.0,0.0,0,0.0,0,1.9169999916357483e-06
mlp_aco,10,8036,84,17,4,0.0,0.0,0.0,0.0,0.20313307642936707,False,False,0.0,0.0,0.0,[],0.0,0.0,0,0.0,0,1.9169999916357483e-06
mlp_aco,10,8037,84,17,1,13.0,100.0,113.0,0.565,0.8257310390472412,True,True,30.0,83.0,0.0,[1],10.0,10.0,1,10.0,0,0.008980957999995098
mlp_aco,10,8037,84,17,2,0.0,0.0,0.0,0.0,0.09907747060060501,False,False,0.0,0.0,0.0,[],10.0,10.0,1,10.0,0,0.008980957999995098
mlp_aco,10,8037,84,17,3,0.0,0.0,0.0,0.0,0.43936213850975037,False,False,0.0,0.0,0.0,[],10.0,10.0,1,10.0,0,0.008980957999995098
mlp_aco,10,8037,84,17,4,0.0,0.0,0.0,0.0,0.20313307642936707,False,False,0.0,0.0,0.0,[],10.0,10.0,1,10.0,0,0.008980957999995098
mlp_aco,10,8038,84,17,1,13.0,83.0,96.0,0.48,0.6342129111289978,False,False,0.0,96.0,0.0,[],0.0,0.0,0,0.0,0,1.9999999949504854e-06
mlp_aco,10,8038,84,17,2,0.0,0.0,0.0,0.0,0.09907747060060501,False,False,0.0,0.0,0.0,[],0.0,0.0,0,0.0,0,1.9999999949504854e-06
mlp_aco,10,8038,84,17,3,0.0,0.0,0.0,0.0,0.43936213850975037,False,False,0.0,0.0,0.0,[],0.0,0.0,0,0.0,0,1.9999999949504854e-06
mlp_aco,10,8038,84,17,4,0.0,0.0,0.0,0.0,0.20313307642936707,False,False,0.0,0.0,0.0,[],0.0,0.0,0,0.0,0,1.9999999949504854e-06
mlp_aco,10,8039,84,17,1,13.0,96.0,109.0,0.545,0.7729811668395996,True,True,30.0,79.0,0.0,[1],10.0,10.0,1,10.0,0,0.009228457999995499
mlp_aco,10,8039,84,17,2,0.0,0.0,0.0,0.0,0.09907747060060501,False,False,0.0,0.0,0.0,[],10.0,10.0,1,10.0,0,0.009228457999995499
mlp_aco,10,8039,84,17,3,0.0,0.0,0.0,0.0,0.43936213850975037,False,False,0.0,0.0,0.0,[],10.0,10.0,1,10.0,0,0.009228457999995499
mlp_aco,10,8039,84,17,4,0.0,0.0,0.0,0.0,0.20313307642936707,False,False,0.0,0.0,0.0,[],10.0,10.0,1,10.0,0,0.009228457999995499
mlp_aco,10,8040,84,18,1,14.0,79.0,93.0,0.465,0.6852292418479919,False,False,0.0,93.0,0.0,[],0.0,0.0,0,0.0,0,1.9590000022162712e-06
mlp_aco,10,8040,84,18,2,0.0,0.0,0.0,0.0,0.09907747060060501,False,False,0.0,0.0,0.0,[],0.0,0.0,0,0.0,0,1.9590000022162712e-06
mlp_aco,10,8040,84,18,3,0.0,0.0,0.0,0.0,0.43936213850975037,False,False,0.0,0.0,0.0,[],0.0,0.0,0,0.0,0,1.9590000022162712e-06
mlp_aco,10,8040,84,18,4,0.0,0.0,0.0,0.0,0.20313307642936707,False,False,0.0,0.0,0.0,[],0.0,0.0,0,0.0,0,1.9590000022162712e-06
mlp_aco,10,8041,84,18,1,13.0,93.0,106.0,0.53,0.7368391156196594,True,True,30.0,76.0,0.0,[1],10.0,10.0,1,10.0,0,0.009227416000015864
mlp_aco,10,8041,84,18,2,0.0,0.0,0.0,0.0,0.09907747060060501,False,False,0.0,0.0,0.0,[],10.0,10.0,1,10.0,0,0.009227416000015864
mlp_aco,10,8041,84,18,3,0.0,0.0,0.0,0.0,0.43936213850975037,False,False,0.0,0.0,0.0,[],10.0,10.0,1,10.0,0,0.009227416000015864
mlp_aco,10,8041,84,18,4,0.0,0.0,0.0,0.0,0.20313307642936707,False,False,0.0,0.0,0.0,[],10.0,10.0,1,10.0,0,0.009227416000015864
mlp_aco,10,8042,84,18,1,13.0,76.0,89.0,0.445,0.558014452457428,False,False,0.0,89.0,0.0,[],0.0,0.0,0,0.0,0,1.958000012791672e-06
mlp_aco,10,8042,84,18,2,0.0,0.0,0.0,0.0,0.09907747060060501,False,False,0.0,0.0,0.0,[],0.0,0.0,0,0.0,0,1.958000012791672e-06
mlp_aco,10,8042,84,18,3,0.0,0.0,0.0,0.0,0.43936213850975037,False,False,0.0,0.0,0.0,[],0.0,0.0,0,0.0,0,1.958000012791672e-06
mlp_aco,10,8042,84,18,4,0.0,0.0,0.0,0.0,0.20313307642936707,False,False,0.0,0.0,0.0,[],0.0,0.0,0,0.0,0,1.958000012791672e-06
mlp_aco,10,8043,84,18,1,13.0,89.0,102.0,0.51,0.6923542022705078,False,False,0.0,102.0,0.0,[],0.0,0.0,0,0.0,0,2.0409999876846996e-06
mlp_aco,10,8043,84,18,2,0.0,0.0,0.0,0.0,0.09907747060060501,False,False,0.0,0.0,0.0,[],0.0,0.0,0,0.0,0,2.0409999876846996e-06
mlp_aco,10,8043,84,18,3,0.0,0.0,0.0,0.0,0.43936213850975037,False,False,0.0,0.0,0.0,[],0.0,0.0,0,0.0,0,2.0409999876846996e-06
mlp_aco,10,8043,84,18,4,0.0,0.0,0.0,0.0,0.20313307642936707,False,False,0.0,0.0,0.0,[],0.0,0.0,0,0.0,0,2.0409999876846996e-06
mlp_aco,10,8044,84,19,1,13.0,102.0,115.0,0.575,0.8510873913764954,True,True,30.0,85.0,0.0,[1],10.0,10.0,1,10.0,0,0.008975958999997147
mlp_aco,10,8044,84,19,2,0.0,0.0,0.0,0.0,0.09907747060060501,False,False,0.0,0.0,0.0,[],10.0,10.0,1,10.0,0,0.008975958999997147
mlp_aco,10,8044,84,19,3,0.0,0.0,0.0,0.0,0.43936213850975037,False,False,0.0,0.0,0.0,[],10.0,10.0,1,10.0,0,0.008975958999997147
mlp_aco,10,8044,84,19,4,0.0,0.0,0.0,0.0,0.20313307642936707,False,False,0.0,0.0,0.0,[],10.0,10.0,1,10.0,0,0.008975958999997147
mlp_aco,10,8045,84,19,1,13.0,85.0,98.0,0.49,0.6532936096191406,False,False,0.0,98.0,0.0,[],0.0,0.0,0,0.0,0,1.8340000167427206e-06
mlp_aco,10,8045,84,19,2,0.0,0.0,0.0,0.0,0.09907747060060501,False,False,0.0,0.0,0.0,[],0.0,0.0,0,0.0,0,1.8340000167427206e-06
mlp_aco,10,8045,84,19,3,0.0,0.0,0.0,0.0,0.43936213850975037,False,False,0.0,0.0,0.0,[],0.0,0.0,0,0.0,0,1.8340000167427206e-06
mlp_aco,10,8045,84,19,4,0.0,0.0,0.0,0.0,0.20313307642936707,False,False,0.0,0.0,0.0,[],0.0,0.0,0,0.0,0,1.8340000167427206e-06
mlp_aco,10,8046,84,19,1,13.0,98.0,111.0,0.555,0.7995195984840393,True,True,30.0,81.0,0.0,[1],10.0,10.0,1,10.0,0,0.009251707999993641
mlp_aco,10,8046,84,19,2,0.0,0.0,0.0,0.0,0.09907747060060501,False,False,0.0,0.0,0.0,[],10.0,10.0,1,10.0,0,0.009251707999993641
mlp_aco,10,8046,84,19,3,0.0,0.0,0.0,0.0,0.43936213850975037,False,False,0.0,0.0,0.0,[],10.0,10.0,1,10.0,0,0.009251707999993641
mlp_aco,10,8046,84,19,4,0.0,0.0,0.0,0.0,0.20313307642936707,False,False,0.0,0.0,0.0,[],10.0,10.0,1,10.0,0,0.009251707999993641
mlp_aco,10,8047,84,19,1,13.0,81.0,94.0,0.47,0.6153450012207031,False,False,0.0,94.0,0.0,[],0.0,0.0,0,0.0,0,1.9169999916357483e-06
mlp_aco,10,8047,84,19,2,0.0,0.0,0.0,0.0,0.09907747060060501,False,False,0.0,0.0,0.0,[],0.0,0.0,0,0.0,0,1.9169999916357483e-06
mlp_aco,10,8047,84,19,3,0.0,0.0,0.0,0.0,0.43936213850975037,False,False,0.0,0.0,0.0,[],0.0,0.0,0,0.0,0,1.9169999916357483e-06
mlp_aco,10,8047,84,19,4,0.0,0.0,0.0,0.0,0.20313307642936707,False,False,0.0,0.0,0.0,[],0.0,0.0,0,0.0,0,1.9169999916357483e-06
mlp_aco,10,8048,84,20,1,13.0,94.0,107.0,0.535,0.7533126473426819,True,True,30.0,77.0,0.0,[1],10.0,10.0,1,10.0,0,0.009168084000009458
mlp_aco,10,8048,84,20,2,0.0,0.0,0.0,0.0,0.09907747060060501,False,False,0.0,0.0,0.0,[],10.0,10.0,1,10.0,0,0.009168084000009458
mlp_aco,10,8048,84,20,3,0.0,0.0,0.0,0.0,0.43936213850975037,False,False,0.0,0.0,0.0,[],10.0,10.0,1,10.0,0,0.009168084000009458
mlp_aco,10,8048,84,20,4,0.0,0.0,0.0,0.0,0.20313307642936707,False,False,0.0,0.0,0.0,[],10.0,10.0,1,10.0,0,0.009168084000009458
mlp_aco,10,8049,84,20,1,13.0,77.0,90.0,0.45,0.5755570530891418,False,False,0.0,90.0,0.0,[],0.0,0.0,0,0.0,0,1.9170000200574577e-06
mlp_aco,10,8049,84,20,2,0.0,0.0,0.0,0.0,0.09907747060060501,False,False,0.0,0.0,0.0,[],0.0,0.0,0,0.0,0,1.9170000200574577e-06
mlp_aco,10,8049,84,20,3,0.0,0.0,0.0,0.0,0.43936213850975037,False,False,0.0,0.0,0.0,[],0.0,0.0,0,0.0,0,1.9170000200574577e-06
mlp_aco,10,8049,84,20,4,0.0,0.0,0.0,0.0,0.20313307642936707,False,False,0.0,0.0,0.0,[],0.0,0.0,0,0.0,0,1.9170000200574577e-06
mlp_aco,10,8050,84,20,1,13.0,90.0,103.0,0.515,0.7091836333274841,True,True,30.0,73.0,0.0,[1],10.0,10.0,1,10.0,0,0.009167916999984982
mlp_aco,10,8050,84,20,2,0.0,0.0,0.0,0.0,0.09907747060060501,False,False,0.0,0.0,0.0,[],10.0,10.0,1,10.0,0,0.009167916999984982
mlp_aco,10,8050,84,20,3,0.0,0.0,0.0,0.0,0.43936213850975037,False,False,0.0,0.0,0.0,[],10.0,10.0,1,10.0,0,0.009167916999984982
mlp_aco,10,8050,84,20,4,0.0,0.0,0.0,0.0,0.20313307642936707,False,False,0.0,0.0,0.0,[],10.0,10.0,1,10.0,0,0.009167916999984982
mlp_aco,10,8051,84,20,1,13.0,73.0,86.0,0.43,0.5363475680351257,False,False,0.0,86.0,0.0,[],0.0,0.0,0,0.0,0,1.8750000094769348e-06
mlp_aco,10,8051,84,20,2,0.0,0.0,0.0,0.0,0.09907747060060501,False,False,0.0,0.0,0.0,[],0.0,0.0,0,0.0,0,1.8750000094769348e-06
mlp_aco,10,8051,84,20,3,0.0,0.0,0.0,0.0,0.43936213850975037,False,False,0.0,0.0,0.0,[],0.0,0.0,0,0.0,0,1.8750000094769348e-06
mlp_aco,10,8051,84,20,4,0.0,0.0,0.0,0.0,0.20313307642936707,False,False,0.0,0.0,0.0,[],0.0,0.0,0,0.0,0,1.8750000094769348e-06
mlp_aco,10,8052,84,21,1,13.0,86.0,99.0,0.495,0.6639606356620789,False,False,0.0,99.0,0.0,[],0.0,0.0,0,0.0,0,1.7499999955816747e-06
mlp_aco,10,8052,84,21,2,0.0,0.0,0.0,0.0,0.09907747060060501,False,False,0.0,0.0,0.0,[],0.0,0.0,0,0.0,0,1.7499999955816747e-06
mlp_aco,10,8052,84,21,3,0.0,0.0,0.0,0.0,0.43936213850975037,False,False,0.0,0.0,0.0,[],0.0,0.0,0,0.0,0,1.7499999955816747e-06
mlp_aco,10,8052,84,21,4,0.0,0.0,0.0,0.0,0.20313307642936707,False,False,0.0,0.0,0.0,[],0.0,0.0,0,0.0,0,1.7499999955816747e-06
mlp_aco,10,8053,84,21,1,13.0,99.0,112.0,0.56,0.8121951222419739,True,True,30.0,82.0,0.0,[1],10.0,10.0,1,10.0,0,0.00903695799999582
mlp_aco,10,8053,84,21,2,0.0,0.0,0.0,0.0,0.09907747060060501,False,False,0.0,0.0,0.0,[],10.0,10.0,1,10.0,0,0.00903695799999582
mlp_aco,10,8053,84,21,3,0.0,0.0,0.0,0.0,0.43936213850975037,False,False,0.0,0.0,0.0,[],10.0,10.0,1,10.0,0,0.00903695799999582
mlp_aco,10,8053,84,21,4,0.0,0.0,0.0,0.0,0.20313307642936707,False,False,0.0,0.0,0.0,[],10.0,10.0,1,10.0,0,0.00903695799999582
mlp_aco,10,8054,84,21,1,13.0,82.0,95.0,0.475,0.6248263716697693,False,False,0.0,95.0,0.0,[],0.0,0.0,0,0.0,0,1.8750000094769348e-06
mlp_aco,10,8054,84,21,2,0.0,0.0,0.0,0.0,0.09907747060060501,False,False,0.0,0.0,0.0,[],0.0,0.0,0,0.0,0,1.8750000094769348e-06
mlp_aco,10,8054,84,21,3,0.0,0.0,0.0,0.0,0.43936213850975037,False,False,0.0,0.0,0.0,[],0.0,0.0,0,0.0,0,1.8750000094769348e-06
mlp_aco,10,8054,84,21,4,0.0,0.0,0.0,0.0,0.20313307642936707,False,False,0.0,0.0,0.0,[],0.0,0.0,0,0.0,0,1.8750000094769348e-06
mlp_aco,10,8055,84,21,1,13.0,95.0,108.0,0.54,0.7631208896636963,True,True,30.0,78.0,0.0,[1],10.0,10.0,1,10.0,0,0.008961708000015278
mlp_aco,10,8055,84,21,2,0.0,0.0,0.0,0.0,0.09907747060060501,False,False,0.0,0.0,0.0,[],10.0,10.0,1,10.0,0,0.008961708000015278
mlp_aco,10,8055,84,21,3,0.0,0.0,0.0,0.0,0.43936213850975037,False,False,0.0,0.0,0.0,[],10.0,10.0,1,10.0,0,0.008961708000015278
mlp_aco,10,8055,84,21,4,0.0,0.0,0.0,0.0,0.20313307642936707,False,False,0.0,0.0,0.0,[],10.0,10.0,1,10.0,0,0.008961708000015278
mlp_aco,10,8056,84,22,1,13.0,78.0,91.0,0.455,0.5859581232070923,False,False,0.0,91.0,0.0,[],0.0,0.0,0,0.0,0,1.9169999916357483e-06
mlp_aco,10,8056,84,22,2,0.0,0.0,0.0,0.0,0.09907747060060501,False,False,0.0,0.0,0.0,[],0.0,0.0,0,0.0,0,1.9169999916357483e-06
mlp_aco,10,8056,84,22,3,0.0,0.0,0.0,0.0,0.43936213850975037,False,False,0.0,0.0,0.0,[],0.0,0.0,0,0.0,0,1.9169999916357483e-06
mlp_aco,10,8056,84,22,4,0.0,0.0,0.0,0.0,0.20313307642936707,False,False,0.0,0.0,0.0,[],0.0,0.0,0,0.0,0,1.9169999916357483e-06
mlp_aco,10,8057,84,22,1,13.0,91.0,104.0,0.52,0.7202107310295105,True,True,30.0,74.0,0.0,[1],10.0,10.0,1,10.0,0,0.00901995800001032
mlp_aco,10,8057,84,22,2,0.0,0.0,0.0,0.0,0.09907747060060501,False,False,0.0,0.0,0.0,[],10.0,10.0,1,10.0,0,0.00901995800001032
mlp_aco,10,8057,84,22,3,0.0,0.0,0.0,0.0,0.43936213850975037,False,False,0.0,0.0,0.0,[],10.0,10.0,1,10.0,0,0.00901995800001032
mlp_aco,10,8057,84,22,4,0.0,0.0,0.0,0.0,0.20313307642936707,False,False,0.0,0.0,0.0,[],10.0,10.0,1,10.0,0,0.00901995800001032
mlp_aco,10,8058,84,22,1,13.0,74.0,87.0,0.435,0.5457016825675964,False,False,0.0,87.0,0.0,[],0.0,0.0,0,0.0,0,1.7920000061621977e-06
mlp_aco,10,8058,84,22,2,0.0,0.0,0.0,0.0,0.09907747060060501,False,False,0.0,0.0,0.0,[],0.0,0.0,0,0.0,0,1.7920000061621977e-06
mlp_aco,10,8058,84,22,3,0.0,0.0,0.0,0.0,0.43936213850975037,False,False,0.0,0.0,0.0,[],0.0,0.0,0,0.0,0,1.7920000061621977e-06
mlp_aco,10,8058,84,22,4,0.0,0.0,0.0,0.0,0.20313307642936707,False,False,0.0,0.0,0.0,[],0.0,0.0,0,0.0,0,1.7920000061621977e-06
mlp_aco,10,8059,84,22,1,4.0,87.0,91.0,0.455,0.24797303974628448,False,False,0.0,91.0,0.0,[],0.0,0.0,0,0.0,0,1.7079999850011518e-06
mlp_aco,10,8059,84,22,2,0.0,0.0,0.0,0.0,0.09907747060060501,False,False,0.0,0.0,0.0,[],0.0,0.0,0,0.0,0,1.7079999850011518e-06
mlp_aco,10,8059,84,22,3,0.0,0.0,0.0,0.0,0.43936213850975037,False,False,0.0,0.0,0.0,[],0.0,0.0,0,0.0,0,1.7079999850011518e-06
mlp_aco,10,8059,84,22,4,0.0,0.0,0.0,0.0,0.20313307642936707,False,False,0.0,0.0,0.0,[],0.0,0.0,0,0.0,0,1.7079999850011518e-06
mlp_aco,10,8060,84,23,1,0.0,91.0,91.0,0.455,0.20207376778125763,False,False,0.0,91.0,0.0,[],0.0,0.0,0,0.0,0,1.7499999955816747e-06
mlp_aco,10,8060,84,23,2,0.0,0.0,0.0,0.0,0.09907747060060501,False,False,0.0,0.0,0.0,[],0.0,0.0,0,0.0,0,1.7499999955816747e-06
mlp_aco,10,8060,84,23,3,0.0,0.0,0.0,0.0,0.43936213850975037,False,False,0.0,0.0,0.0,[],0.0,0.0,0,0.0,0,1.7499999955816747e-06
mlp_aco,10,8060,84,23,4,0.0,0.0,0.0,0.0,0.20313307642936707,False,False,0.0,0.0,0.0,[],0.0,0.0,0,0.0,0,1.7499999955816747e-06
mlp_aco,10,8061,84,23,1,0.0,91.0,91.0,0.455,0.258858323097229,False,False,0.0,91.0,0.0,[],0.0,0.0,0,0.0,0,1.916000002211149e-06
mlp_aco,10,8061,84,23,2,0.0,0.0,0.0,0.0,0.09907747060060501,False,False,0.0,0.0,0.0,[],0.0,0.0,0,0.0,0,1.916000002211149e-06
mlp_aco,10,8061,84,23,3,0.0,0.0,0.0,0.0,0.43936213850975037,False,False,0.0,0.0,0.0,[],0.0,0.0,0,0.0,0,1.916000002211149e-06
mlp_aco,10,8061,84,23,4,0.0,0.0,0.0,0.0,0.20313307642936707,False,False,0.0,0.0,0.0,[],0.0,0.0,0,0.0,0,1.916000002211149e-06
mlp_aco,10,8062,84,23,1,0.0,91.0,91.0,0.455,0.30742326378822327,False,False,0.0,91.0,0.0,[],0.0,0.0,0,0.0,0,1.7920000061621977e-06
mlp_aco,10,8062,84,23,2,0.0,0.0,0.0,0.0,0.09907747060060501,False,False,0.0,0.0,0.0,[],0.0,0.0,0,0.0,0,1.7920000061621977e-06
mlp_aco,10,8062,84,23,3,0.0,0.0,0.0,0.0,0.43936213850975037,False,False,0.0,0.0,0.0,[],0.0,0.0,0,0.0,0,1.7920000061621977e-06
mlp_aco,10,8062,84,23,4,0.0,0.0,0.0,0.0,0.20313307642936707,False,False,0.0,0.0,0.0,[],0.0,0.0,0,0.0,0,1.7920000061621977e-06
mlp_aco,10,8063,84,23,1,0.0,91.0,91.0,0.455,0.3224138915538788,False,False,0.0,91.0,0.0,[],0.0,0.0,0,0.0,0,1.7920000061621977e-06
mlp_aco,10,8063,84,23,2,0.0,0.0,0.0,0.0,0.09907747060060501,False,False,0.0,0.0,0.0,[],0.0,0.0,0,0.0,0,1.7920000061621977e-06
mlp_aco,10,8063,84,23,3,0.0,0.0,0.0,0.0,0.43936213850975037,False,False,0.0,0.0,0.0,[],0.0,0.0,0,0.0,0,1.7920000061621977e-06
mlp_aco,10,8063,84,23,4,0.0,0.0,0.0,0.0,0.20313307642936707,False,False,0.0,0.0,0.0,[],0.0,0.0,0,0.0,0,1.7920000061621977e-06
mlp_aco,10,8064,85,0,1,26.0,91.0,117.0,0.585,0.9984234571456909,True,True,30.0,87.0,0.0,[1],10.0,10.0,1,10.0,0,0.009197208000017554
mlp_aco,10,8064,85,0,2,0.0,0.0,0.0,0.0,0.09907747060060501,False,False,0.0,0.0,0.0,[],10.0,10.0,1,10.0,0,0.009197208000017554
mlp_aco,10,8064,85,0,3,0.0,0.0,0.0,0.0,0.43936213850975037,False,False,0.0,0.0,0.0,[],10.0,10.0,1,10.0,0,0.009197208000017554
mlp_aco,10,8064,85,0,4,0.0,0.0,0.0,0.0,0.20313307642936707,False,False,0.0,0.0,0.0,[],10.0,10.0,1,10.0,0,0.009197208000017554
mlp_aco,10,8065,85,0,1,26.0,87.0,113.0,0.565,0.9970922470092773,True,True,30.0,83.0,0.0,[1],10.0,10.0,1,10.0,0,0.009111582999992152
mlp_aco,10,8065,85,0,2,0.0,0.0,0.0,0.0,0.09907747060060501,False,False,0.0,0.0,0.0,[],10.0,10.0,1,10.0,0,0.009111582999992152
mlp_aco,10,8065,85,0,3,0.0,0.0,0.0,0.0,0.43936213850975037,False,False,0.0,0.0,0.0,[],10.0,10.0,1,10.0,0,0.009111582999992152
mlp_aco,10,8065,85,0,4,0.0,0.0,0.0,0.0,0.20313307642936707,False,False,0.0,0.0,0.0,[],10.0,10.0,1,10.0,0,0.009111582999992152
mlp_aco,10,8066,85,0,1,29.0,83.0,112.0,0.56,0.9988552927970886,True,True,30.0,82.0,0.0,[1],10.0,10.0,1,10.0,0,0.009177249999993364
mlp_aco,10,8066,85,0,2,0.0,0.0,0.0,0.0,0.09907747060060501,False,False,0.0,0.0,0.0,[],10.0,10.0,1,10.0,0,0.009177249999993364
mlp_aco,10,8066,85,0,3,0.0,0.0,0.0,0.0,0.43936213850975037,False,False,0.0,0.0,0.0,[],10.0,10.0,1,10.0,0,0.009177249999993364
mlp_aco,10,8066,85,0,4,0.0,0.0,0.0,0.0,0.20313307642936707,False,False,0.0,0.0,0.0,[],10.0,10.0,1,10.0,0,0.009177249999993364
mlp_aco,10,8067,85,0,1,26.0,82.0,108.0,0.54,0.9968981742858887,True,True,30.0,78.0,0.0,[1],10.0,10.0,1,10.0,0,0.00916883300001814
mlp_aco,10,8067,85,0,2,0.0,0.0,0.0,0.0,0.09907747060060501,False,False,0.0,0.0,0.0,[],10.0,10.0,1,10.0,0,0.00916883300001814
mlp_aco,10,8067,85,0,3,0.0,0.0,0.0,0.0,0.43936213850975037,False,False,0.0,0.0,0.0,[],10.0,10.0,1,10.0,0,0.00916883300001814
mlp_aco,10,8067,85,0,4,0.0,0.0,0.0,0.0,0.20313307642936707,False,False,0.0,0.0,0.0,[],10.0,10.0,1,10.0,0,0.00916883300001814
mlp_aco,10,8068,85,1,1,29.0,78.0,107.0,0.535,0.9987286329269409,True,True,30.0,77.0,0.0,[1],10.0,10.0,1,10.0,0,0.009048541999987947
mlp_aco,10,8068,85,1,2,0.0,0.0,0.0,0.0,0.09907747060060501,False,False,0.0,0.0,0.0,[],10.0,10.0,1,10.0,0,0.009048541999987947
mlp_aco,10,8068,85,1,3,0.0,0.0,0.0,0.0,0.43936213850975037,False,False,0.0,0.0,0.0,[],10.0,10.0,1,10.0,0,0.009048541999987947
mlp_aco,10,8068,85,1,4,0.0,0.0,0.0,0.0,0.20313307642936707,False,False,0.0,0.0,0.0,[],10.0,10.0,1,10.0,0,0.009048541999987947
mlp_aco,10,8069,85,1,1,26.0,77.0,103.0,0.515,0.9958520531654358,True,True,30.0,73.0,0.0,[1],10.0,10.0,1,10.0,0,0.008903625000016291
mlp_aco,10,8069,85,1,2,0.0,0.0,0.0,0.0,0.09907747060060501,False,False,0.0,0.0,0.0,[],10.0,10.0,1,10.0,0,0.008903625000016291
mlp_aco,10,8069,85,1,3,0.0,0.0,0.0,0.0,0.43936213850975037,False,False,0.0,0.0,0.0,[],10.0,10.0,1,10.0,0,0.008903625000016291
mlp_aco,10,8069,85,1,4,0.0,0.0,0.0,0.0,0.20313307642936707,False,False,0.0,0.0,0.0,[],10.0,10.0,1,10.0,0,0.008903625000016291
mlp_aco,10,8070,85,1,1,27.0,73.0,100.0,0.5,0.9962241053581238,True,True,30.0,70.0,0.0,[1],10.0,10.0,1,10.0,0,0.008979541999991625
mlp_aco,10,8070,85,1,2,0.0,0.0,0.0,0.0,0.09907747060060501,False,False,0.0,0.0,0.0,[],10.0,10.0,1,10.0,0,0.008979541999991625
mlp_aco,10,8070,85,1,3,0.0,0.0,0.0,0.0,0.43936213850975037,False,False,0.0,0.0,0.0,[],10.0,10.0,1,10.0,0,0.008979541999991625
mlp_aco,10,8070,85,1,4,0.0,0.0,0.0,0.0,0.20313307642936707,False,False,0.0,0.0,0.0,[],10.0,10.0,1,10.0,0,0.008979541999991625
mlp_aco,10,8071,85,1,1,28.0,70.0,98.0,0.49,0.9969086050987244,True,True,30.0,68.0,0.0,[1],10.0,10.0,1,10.0,0,0.009169124999999667
mlp_aco,10,8071,85,1,2,0.0,0.0,0.0,0.0,0.09907747060060501,False,False,0.0,0.0,0.0,[],10.0,10.0,1,10.0,0,0.009169124999999667
mlp_aco,10,8071,85,1,3,0.0,0.0,0.0,0.0,0.43936213850975037,False,False,0.0,0.0,0.0,[],10.0,10.0,1,10.0,0,0.009169124999999667
mlp_aco,10,8071,85,1,4,0.0,0.0,0.0,0.0,0.20313307642936707,False,False,0.0,0.0,0.0,[],10.0,10.0,1,10.0,0,0.009169124999999667
mlp_aco,10,8072,85,2,1,27.0,68.0,95.0,0.475,0.994792103767395,True,True,30.0,65.0,0.0,[1],10.0,10.0,1,10.0,0,0.008985999999993055
mlp_aco,10,8072,85,2,2,0.0,0.0,0.0,0.0,0.09907747060060501,False,False,0.0,0.0,0.0,[],10.0,10.0,1,10.0,0,0.008985999999993055
mlp_aco,10,8072,85,2,3,0.0,0.0,0.0,0.0,0.43936213850975037,False,False,0.0,0.0,0.0,[],10.0,10.0,1,10.0,0,0.008985999999993055
mlp_aco,10,8072,85,2,4,0.0,0.0,0.0,0.0,0.20313307642936707,False,False,0.0,0.0,0.0,[],10.0,10.0,1,10.0,0,0.008985999999993055
mlp_aco,10,8073,85,2,1,28.0,65.0,93.0,0.465,0.9957350492477417,True,True,30.0,63.0,0.0,[1],10.0,10.0,1,10.0,0,0.008943041999998513
mlp_aco,10,8073,85,2,2,0.0,0.0,0.0,0.0,0.09907747060060501,False,False,0.0,0.0,0.0,[],10.0,10.0,1,10.0,0,0.008943041999998513
mlp_aco,10,8073,85,2,3,0.0,0.0,0.0,0.0,0.43936213850975037,False,False,0.0,0.0,0.0,[],10.0,10.0,1,10.0,0,0.008943041999998513
mlp_aco,10,8073,85,2,4,0.0,0.0,0.0,0.0,0.20313307642936707,False,False,0.0,0.0,0.0,[],10.0,10.0,1,10.0,0,0.008943041999998513
mlp_aco,10,8074,85,2,1,27.0,63.0,90.0,0.45,0.9933081865310669,True,True,30.0,60.0,0.0,[1],10.0,10.0,1,10.0,0,0.009161792000014657
mlp_aco,10,8074,85,2,2,0.0,0.0,0.0,0.0,0.09907747060060501,False,False,0.0,0.0,0.0,[],10.0,10.0,1,10.0,0,0.009161792000014657
mlp_aco,10,8074,85,2,3,0.0,0.0,0.0,0.0,0.43936213850975037,False,False,0.0,0.0,0.0,[],10.0,10.0,1,10.0,0,0.009161792000014657
mlp_aco,10,8074,85,2,4,0.0,0.0,0.0,0.0,0.20313307642936707,False,False,0.0,0.0,0.0,[],10.0,10.0,1,10.0,0,0.009161792000014657
mlp_aco,10,8075,85,2,1,26.0,60.0,86.0,0.43,0.9888244867324829,True,True,30.0,56.0,0.0,[1],10.0,10.0,1,10.0,0,0.009222375000007332
mlp_aco,10,8075,85,2,2,0.0,0.0,0.0,0.0,0.09907747060060501,False,False,0.0,0.0,0.0,[],10.0,10.0,1,10.0,0,0.009222375000007332
mlp_aco,10,8075,85,2,3,0.0,0.0,0.0,0.0,0.43936213850975037,False,False,0.0,0.0,0.0,[],10.0,10.0,1,10.0,0,0.009222375000007332
mlp_aco,10,8075,85,2,4,0.0,0.0,0.0,0.0,0.20313307642936707,False,False,0.0,0.0,0.0,[],10.0,10.0,1,10.0,0,0.009222375000007332
mlp_aco,10,8076,85,3,1,29.0,56.0,85.0,0.425,0.9952358603477478,True,True,30.0,55.0,0.0,[1],10.0,10.0,1,10.0,0,0.00911520799999721
mlp_aco,10,8076,85,3,2,0.0,0.0,0.0,0.0,0.09907747060060501,False,False,0.0,0.0,0.0,[],10.0,10.0,1,10.0,0,0.00911520799999721
mlp_aco,10,8076,85,3,3,0.0,0.0,0.0,0.0,0.43936213850975037,False,False,0.0,0.0,0.0,[],10.0,10.0,1,10.0,0,0.00911520799999721
mlp_aco,10,8076,85,3,4,0.0,0.0,0.0,0.0,0.20313307642936707,False,False,0.0,0.0,0.0,[],10.0,10.0,1,10.0,0,0.00911520799999721
mlp_aco,10,8077,85,3,1,26.0,55.0,81.0,0.405,0.9854188561439514,True,True,30.0,51.0,0.0,[1],10.0,10.0,1,10.0,0,0.008909291999998459
mlp_aco,10,8077,85,3,2,0.0,0.0,0.0,0.0,0.09907747060060501,False,False,0.0,0.0,0.0,[],10.0,10.0,1,10.0,0,0.008909291999998459
mlp_aco,10,8077,85,3,3,0.0,0.0,0.0,0.0,0.43936213850975037,False,False,0.0,0.0,0.0,[],10.0,10.0,1,10.0,0,0.008909291999998459
mlp_aco,10,8077,85,3,4,0.0,0.0,0.0,0.0,0.20313307642936707,False,False,0.0,0.0,0.0,[],10.0,10.0,1,10.0,0,0.008909291999998459
mlp_aco,10,8078,85,3,1,28.0,51.0,79.0,0.395,0.9912804961204529,True,True,30.0,49.0,0.0,[1],10.0,10.0,1,10.0,0,0.009034249999984922
mlp_aco,10,8078,85,3,2,0.0,0.0,0.0,0.0,0.09907747060060501,False,False,0.0,0.0,0.0,[],10.0,10.0,1,10.0,0,0.009034249999984922
mlp_aco,10,8078,85,3,3,0.0,0.0,0.0,0.0,0.43936213850975037,False,False,0.0,0.0,0.0,[],10.0,10.0,1,10.0,0,0.009034249999984922
mlp_aco,10,8078,85,3,4,0.0,0.0,0.0,0.0,0.20313307642936707,False,False,0.0,0.0,0.0,[],10.0,10.0,1,10.0,0,0.009034249999984922
mlp_aco,10,8079,85,3,1,27.0,49.0,76.0,0.38,0.9864750504493713,True,True,30.0,46.0,0.0,[1],10.0,10.0,1,10.0,0,0.008983041999982788
mlp_aco,10,8079,85,3,2,0.0,0.0,0.0,0.0,0.09907747060060501,False,False,0.0,0.0,0.0,[],10.0,10.0,1,10.0,0,0.008983041999982788
mlp_aco,10,8079,85,3,3,0.0,0.0,0.0,0.0,0.43936213850975037,False,False,0.0,0.0,0.0,[],10.0,10.0,1,10.0,0,0.008983041999982788
mlp_aco,10,8079,85,3,4,0.0,0.0,0.0,0.0,0.20313307642936707,False,False,0.0,0.0,0.0,[],10.0,10.0,1,10.0,0,0.008983041999982788
mlp_aco,10,8080,85,4,1,26.0,46.0,72.0,0.36,0.9774469137191772,True,True,30.0,42.0,0.0,[1],10.0,10.0,1,10.0,0,0.00890029199999276
mlp_aco,10,8080,85,4,2,0.0,0.0,0.0,0.0,0.09907747060060501,False,False,0.0,0.0,0.0,[],10.0,10.0,1,10.0,0,0.00890029199999276
mlp_aco,10,8080,85,4,3,0.0,0.0,0.0,0.0,0.43936213850975037,False,False,0.0,0.0,0.0,[],10.0,10.0,1,10.0,0,0.00890029199999276
mlp_aco,10,8080,85,4,4,0.0,0.0,0.0,0.0,0.20313307642936707,False,False,0.0,0.0,0.0,[],10.0,10.0,1,10.0,0,0.00890029199999276
mlp_aco,10,8081,85,4,1,29.0,42.0,71.0,0.355,0.9906360507011414,True,True,30.0,41.0,0.0,[1],10.0,10.0,1,10.0,0,0.009168582999990349
mlp_aco,10,8081,85,4,2,0.0,0.0,0.0,0.0,0.09907747060060501,False,False,0.0,0.0,0.0,[],10.0,10.0,1,10.0,0,0.009168582999990349
mlp_aco,10,8081,85,4,3,0.0,0.0,0.0,0.0,0.43936213850975037,False,False,0.0,0.0,0.0,[],10.0,10.0,1,10.0,0,0.009168582999990349
mlp_aco,10,8081,85,4,4,0.0,0.0,0.0,0.0,0.20313307642936707,False,False,0.0,0.0,0.0,[],10.0,10.0,1,10.0,0,0.009168582999990349
mlp_aco,10,8082,85,4,1,26.0,41.0,67.0,0.335,0.972369372844696,True,True,30.0,37.0,0.0,[1],10.0,10.0,1,10.0,0,0.009203166000020246
mlp_aco,10,8082,85,4,2,0.0,0.0,0.0,0.0,0.09907747060060501,False,False,0.0,0.0,0.0,[],10.0,10.0,1,10.0,0,0.009203166000020246
mlp_aco,10,8082,85,4,3,0.0,0.0,0.0,0.0,0.43936213850975037,False,False,0.0,0.0,0.0,[],10.0,10.0,1,10.0,0,0.009203166000020246
mlp_aco,10,8082,85,4,4,0.0,0.0,0.0,0.0,0.20313307642936707,False,False,0.0,0.0,0.0,[],10.0,10.0,1,10.0,0,0.009203166000020246
mlp_aco,10,8083,85,4,1,29.0,37.0,66.0,0.33,0.9887138605117798,True,True,30.0,36.0,0.0,[1],10.0,10.0,1,10.0,0,0.009127541999987443
mlp_aco,10,8083,85,4,2,0.0,0.0,0.0,0.0,0.09907747060060501,False,False,0.0,0.0,0.0,[],10.0,10.0,1,10.0,0,0.009127541999987443
mlp_aco,10,8083,85,4,3,0.0,0.0,0.0,0.0,0.43936213850975037,False,False,0.0,0.0,0.0,[],10.0,10.0,1,10.0,0,0.009127541999987443
mlp_aco,10,8083,85,4,4,0.0,0.0,0.0,0.0,0.20313307642936707,False,False,0.0,0.0,0.0,[],10.0,10.0,1,10.0,0,0.009127541999987443
mlp_aco,10,8084,85,5,1,26.0,36.0,62.0,0.31,0.9665696620941162,True,True,30.0,32.0,0.0,[1],10.0,10.0,1,10.0,0,0.008914207999993096
mlp_aco,10,8084,85,5,2,0.0,0.0,0.0,0.0,0.09907747060060501,False,False,0.0,0.0,0.0,[],10.0,10.0,1,10.0,0,0.008914207999993096
mlp_aco,10,8084,85,5,3,0.0,0.0,0.0,0.0,0.43936213850975037,False,False,0.0,0.0,0.0,[],10.0,10.0,1,10.0,0,0.008914207999993096
mlp_aco,10,8084,85,5,4,0.0,0.0,0.0,0.0,0.20313307642936707,False,False,0.0,0.0,0.0,[],10.0,10.0,1,10.0,0,0.008914207999993096
mlp_aco,10,8085,85,5,1,29.0,32.0,61.0,0.305,0.9864079356193542,True,True,30.0,31.0,0.0,[1],10.0,10.0,1,10.0,0,0.009008957999981249
mlp_aco,10,8085,85,5,2,0.0,0.0,0.0,0.0,0.09907747060060501,False,False,0.0,0.0,0.0,[],10.0,10.0,1,10.0,0,0.009008957999981249
mlp_aco,10,8085,85,5,3,0.0,0.0,0.0,0.0,0.43936213850975037,False,False,0.0,0.0,0.0,[],10.0,10.0,1,10.0,0,0.009008957999981249
mlp_aco,10,8085,85,5,4,0.0,0.0,0.0,0.0,0.20313307642936707,False,False,0.0,0.0,0.0,[],10.0,10.0,1,10.0,0,0.009008957999981249
mlp_aco,10,8086,85,5,1,26.0,31.0,57.0,0.285,0.9597963094711304,True,True,30.0,27.0,0.0,[1],10.0,10.0,1,10.0,0,0.00911325000001284
mlp_aco,10,8086,85,5,2,0.0,0.0,0.0,0.0,0.09907747060060501,False,False,0.0,0.0,0.0,[],10.0,10.0,1,10.0,0,0.00911325000001284
mlp_aco,10,8086,85,5,3,0.0,0.0,0.0,0.0,0.43936213850975037,False,False,0.0,0.0,0.0,[],10.0,10.0,1,10.0,0,0.00911325000001284
mlp_aco,10,8086,85,5,4,0.0,0.0,0.0,0.0,0.20313307642936707,False,False,0.0,0.0,0.0,[],10.0,10.0,1,10.0,0,0.00911325000001284
mlp_aco,10,8087,85,5,1,27.0,27.0,54.0,0.27,0.9671490788459778,True,True,30.0,24.0,0.0,[1],10.0,10.0,1,10.0,0,0.008936707999993132
mlp_aco,10,8087,85,5,2,0.0,0.0,0.0,0.0,0.09907747060060501,False,False,0.0,0.0,0.0,[],10.0,10.0,1,10.0,0,0.008936707999993132
mlp_aco,10,8087,85,5,3,0.0,0.0,0.0,0.0,0.43936213850975037,False,False,0.0,0.0,0.0,[],10.0,10.0,1,10.0,0,0.008936707999993132
mlp_aco,10,8087,85,5,4,0.0,0.0,0.0,0.0,0.20313307642936707,False,False,0.0,0.0,0.0,[],10.0,10.0,1,10.0,0,0.008936707999993132
mlp_aco,10,8088,85,6,1,28.0,24.0,52.0,0.26,0.9739235639572144,True,True,30.0,22.0,0.0,[1],10.0,10.0,1,10.0,0,0.009100958000004766
mlp_aco,10,8088,85,6,2,0.0,0.0,0.0,0.0,0.09907747060060501,False,False,0.0,0.0,0.0,[],10.0,10.0,1,10.0,0,0.009100958000004766
mlp_aco,10,8088,85,6,3,0.0,0.0,0.0,0.0,0.43936213850975037,False,False,0.0,0.0,0.0,[],10.0,10.0,1,10.0,0,0.009100958000004766
mlp_aco,10,8088,85,6,4,0.0,0.0,0.0,0.0,0.20313307642936707,False,False,0.0,0.0,0.0,[],10.0,10.0,1,10.0,0,0.009100958000004766
mlp_aco,10,8089,85,6,1,27.0,22.0,49.0,0.245,0.9606927633285522,True,True,30.0,19.0,0.0,[1],10.0,10.0,1,10.0,0,0.009212750000017422
mlp_aco,10,8089,85,6,2,0.0,0.0,0.0,0.0,0.09907747060060501,False,False,0.0,0.0,0.0,[],10.0,10.0,1,10.0,0,0.009212750000017422
mlp_aco,10,8089,85,6,3,0.0,0.0,0.0,0.0,0.43936213850975037,False,False,0.0,0.0,0.0,[],10.0,10.0,1,10.0,0,0.009212750000017422
mlp_aco,10,8089,85,6,4,0.0,0.0,0.0,0.0,0.20313307642936707,False,False,0.0,0.0,0.0,[],10.0,10.0,1,10.0,0,0.009212750000017422
mlp_aco,10,8090,85,6,1,28.0,19.0,47.0,0.235,0.9687308073043823,True,True,30.0,17.0,0.0,[1],10.0,10.0,1,10.0,0,0.009073625000013408
mlp_aco,10,8090,85,6,2,0.0,0.0,0.0,0.0,0.09907747060060501,False,False,0.0,0.0,0.0,[],10.0,10.0,1,10.0,0,0.009073625000013408
mlp_aco,10,8090,85,6,3,0.0,0.0,0.0,0.0,0.43936213850975037,False,False,0.0,0.0,0.0,[],10.0,10.0,1,10.0,0,0.009073625000013408
mlp_aco,10,8090,85,6,4,0.0,0.0,0.0,0.0,0.20313307642936707,False,False,0.0,0.0,0.0,[],10.0,10.0,1,10.0,0,0.009073625000013408
mlp_aco,10,8091,85,6,1,27.0,17.0,44.0,0.22,0.9531899690628052,True,True,30.0,14.0,0.0,[1],10.0,10.0,1,10.0,0,0.008978291000005356
mlp_aco,10,8091,85,6,2,0.0,0.0,0.0,0.0,0.09907747060060501,False,False,0.0,0.0,0.0,[],10.0,10.0,1,10.0,0,0.008978291000005356
mlp_aco,10,8091,85,6,3,0.0,0.0,0.0,0.0,0.43936213850975037,False,False,0.0,0.0,0.0,[],10.0,10.0,1,10.0,0,0.008978291000005356
mlp_aco,10,8091,85,6,4,0.0,0.0,0.0,0.0,0.20313307642936707,False,False,0.0,0.0,0.0,[],10.0,10.0,1,10.0,0,0.008978291000005356
mlp_aco,10,8092,85,7,1,26.0,14.0,40.0,0.2,0.9297053813934326,True,True,30.0,10.0,0.0,[1],10.0,10.0,1,10.0,0,0.008905209000005243
mlp_aco,10,8092,85,7,2,0.0,0.0,0.0,0.0,0.09907747060060501,False,False,0.0,0.0,0.0,[],10.0,10.0,1,10.0,0,0.008905209000005243
mlp_aco,10,8092,85,7,3,0.0,0.0,0.0,0.0,0.43936213850975037,False,False,0.0,0.0,0.0,[],10.0,10.0,1,10.0,0,0.008905209000005243
mlp_aco,10,8092,85,7,4,0.0,0.0,0.0,0.0,0.20313307642936707,False,False,0.0,0.0,0.0,[],10.0,10.0,1,10.0,0,0.008905209000005243
mlp_aco,10,8093,85,7,1,28.0,10.0,38.0,0.19,0.9591262936592102,True,True,30.0,8.0,0.0,[1],10.0,10.0,1,10.0,0,0.009061124999988124
mlp_aco,10,8093,85,7,2,0.0,0.0,0.0,0.0,0.09907747060060501,False,False,0.0,0.0,0.0,[],10.0,10.0,1,10.0,0,0.009061124999988124
mlp_aco,10,8093,85,7,3,0.0,0.0,0.0,0.0,0.43936213850975037,False,False,0.0,0.0,0.0,[],10.0,10.0,1,10.0,0,0.009061124999988124
mlp_aco,10,8093,85,7,4,0.0,0.0,0.0,0.0,0.20313307642936707,False,False,0.0,0.0,0.0,[],10.0,10.0,1,10.0,0,0.009061124999988124
mlp_aco,10,8094,85,7,1,27.0,8.0,35.0,0.175,0.9405006170272827,True,True,30.0,5.0,0.0,[1],10.0,10.0,1,10.0,0,0.008935875000020133
mlp_aco,10,8094,85,7,2,0.0,0.0,0.0,0.0,0.09907747060060501,False,False,0.0,0.0,0.0,[],10.0,10.0,1,10.0,0,0.008935875000020133
mlp_aco,10,8094,85,7,3,0.0,0.0,0.0,0.0,0.43936213850975037,False,False,0.0,0.0,0.0,[],10.0,10.0,1,10.0,0,0.008935875000020133
mlp_aco,10,8094,85,7,4,0.0,0.0,0.0,0.0,0.20313307642936707,False,False,0.0,0.0,0.0,[],10.0,10.0,1,10.0,0,0.008935875000020133
mlp_aco,10,8095,85,7,1,28.0,5.0,33.0,0.165,0.9529966115951538,True,True,30.0,3.0,0.0,[1],10.0,10.0,1,10.0,0,0.008946875000020782
mlp_aco,10,8095,85,7,2,0.0,0.0,0.0,0.0,0.09907747060060501,False,False,0.0,0.0,0.0,[],10.0,10.0,1,10.0,0,0.008946875000020782
mlp_aco,10,8095,85,7,3,0.0,0.0,0.0,0.0,0.43936213850975037,False,False,0.0,0.0,0.0,[],10.0,10.0,1,10.0,0,0.008946875000020782
mlp_aco,10,8095,85,7,4,0.0,0.0,0.0,0.0,0.20313307642936707,False,False,0.0,0.0,0.0,[],10.0,10.0,1,10.0,0,0.008946875000020782
mlp_aco,10,8096,85,8,1,27.0,3.0,30.0,0.15,0.928092896938324,True,True,30.0,0.0,0.0,[1],10.0,10.0,1,10.0,0,0.00916637500000661
mlp_aco,10,8096,85,8,2,0.0,0.0,0.0,0.0,0.09907747060060501,False,False,0.0,0.0,0.0,[],10.0,10.0,1,10.0,0,0.00916637500000661
mlp_aco,10,8096,85,8,3,0.0,0.0,0.0,0.0,0.43936213850975037,False,False,0.0,0.0,0.0,[],10.0,10.0,1,10.0,0,0.00916637500000661
mlp_aco,10,8096,85,8,4,0.0,0.0,0.0,0.0,0.20313307642936707,False,False,0.0,0.0,0.0,[],10.0,10.0,1,10.0,0,0.00916637500000661
mlp_aco,10,8097,85,8,1,26.0,0.0,26.0,0.13,0.8905652761459351,True,True,26.0,0.0,0.0,[1],10.0,10.0,1,10.0,0,0.009329416000014135
mlp_aco,10,8097,85,8,2,0.0,0.0,0.0,0.0,0.09907747060060501,False,False,0.0,0.0,0.0,[],10.0,10.0,1,10.0,0,0.009329416000014135
mlp_aco,10,8097,85,8,3,0.0,0.0,0.0,0.0,0.43936213850975037,False,False,0.0,0.0,0.0,[],10.0,10.0,1,10.0,0,0.009329416000014135
mlp_aco,10,8097,85,8,4,0.0,0.0,0.0,0.0,0.20313307642936707,False,False,0.0,0.0,0.0,[],10.0,10.0,1,10.0,0,0.009329416000014135
mlp_aco,10,8098,85,8,1,29.0,0.0,29.0,0.145,0.9608296751976013,True,True,29.0,0.0,0.0,[1],10.0,10.0,1,10.0,0,0.009257708000006915
mlp_aco,10,8098,85,8,2,0.0,0.0,0.0,0.0,0.09907747060060501,False,False,0.0,0.0,0.0,[],10.0,10.0,1,10.0,0,0.009257708000006915
mlp_aco,10,8098,85,8,3,0.0,0.0,0.0,0.0,0.43936213850975037,False,False,0.0,0.0,0.0,[],10.0,10.0,1,10.0,0,0.009257708000006915
mlp_aco,10,8098,85,8,4,0.0,0.0,0.0,0.0,0.20313307642936707,False,False,0.0,0.0,0.0,[],10.0,10.0,1,10.0,0,0.009257708000006915
mlp_aco,10,8099,85,8,1,26.0,0.0,26.0,0.13,0.8905652761459351,True,True,26.0,0.0,0.0,[1],10.0,10.0,1,10.0,0,0.008932458999993287
mlp_aco,10,8099,85,8,2,0.0,0.0,0.0,0.0,0.09907747060060501,False,False,0.0,0.0,0.0,[],10.0,10.0,1,10.0,0,0.008932458999993287
mlp_aco,10,8099,85,8,3,0.0,0.0,0.0,0.0,0.43936213850975037,False,False,0.0,0.0,0.0,[],10.0,10.0,1,10.0,0,0.008932458999993287
mlp_aco,10,8099,85,8,4,0.0,0.0,0.0,0.0,0.20313307642936707,False,False,0.0,0.0,0.0,[],10.0,10.0,1,10.0,0,0.008932458999993287
mlp_aco,10,8100,85,9,1,29.0,0.0,29.0,0.145,0.9608296751976013,True,True,29.0,0.0,0.0,[1],10.0,10.0,1,10.0,0,0.00896437500000502
mlp_aco,10,8100,85,9,2,0.0,0.0,0.0,0.0,0.09907747060060501,False,False,0.0,0.0,0.0,[],10.0,10.0,1,10.0,0,0.00896437500000502
mlp_aco,10,8100,85,9,3,0.0,0.0,0.0,0.0,0.43936213850975037,False,False,0.0,0.0,0.0,[],10.0,10.0,1,10.0,0,0.00896437500000502
mlp_aco,10,8100,85,9,4,0.0,0.0,0.0,0.0,0.20313307642936707,False,False,0.0,0.0,0.0,[],10.0,10.0,1,10.0,0,0.00896437500000502
mlp_aco,10,8101,85,9,1,26.0,0.0,26.0,0.13,0.8884453177452087,True,True,26.0,0.0,0.0,[1],10.0,10.0,1,10.0,0,0.009213666000022158
mlp_aco,10,8101,85,9,2,0.0,0.0,0.0,0.0,0.09907747060060501,False,False,0.0,0.0,0.0,[],10.0,10.0,1,10.0,0,0.009213666000022158
mlp_aco,10,8101,85,9,3,0.0,0.0,0.0,0.0,0.43936213850975037,False,False,0.0,0.0,0.0,[],10.0,10.0,1,10.0,0,0.009213666000022158
mlp_aco,10,8101,85,9,4,0.0,0.0,0.0,0.0,0.20313307642936707,False,False,0.0,0.0,0.0,[],10.0,10.0,1,10.0,0,0.009213666000022158
mlp_aco,10,8102,85,9,1,29.0,0.0,29.0,0.145,0.9608296751976013,True,True,29.0,0.0,0.0,[1],10.0,10.0,1,10.0,0,0.009262333999998873
mlp_aco,10,8102,85,9,2,0.0,0.0,0.0,0.0,0.09907747060060501,False,False,0.0,0.0,0.0,[],10.0,10.0,1,10.0,0,0.009262333999998873
mlp_aco,10,8102,85,9,3,0.0,0.0,0.0,0.0,0.43936213850975037,False,False,0.0,0.0,0.0,[],10.0,10.0,1,10.0,0,0.009262333999998873
mlp_aco,10,8102,85,9,4,0.0,0.0,0.0,0.0,0.20313307642936707,False,False,0.0,0.0,0.0,[],10.0,10.0,1,10.0,0,0.009262333999998873
mlp_aco,10,8103,85,9,1,26.0,0.0,26.0,0.13,0.8884453177452087,True,True,26.0,0.0,0.0,[1],10.0,10.0,1,10.0,0,0.009269708999994464
mlp_aco,10,8103,85,9,2,0.0,0.0,0.0,0.0,0.09907747060060501,False,False,0.0,0.0,0.0,[],10.0,10.0,1,10.0,0,0.009269708999994464
mlp_aco,10,8103,85,9,3,0.0,0.0,0.0,0.0,0.43936213850975037,False,False,0.0,0.0,0.0,[],10.0,10.0,1,10.0,0,0.009269708999994464
mlp_aco,10,8103,85,9,4,0.0,0.0,0.0,0.0,0.20313307642936707,False,False,0.0,0.0,0.0,[],10.0,10.0,1,10.0,0,0.009269708999994464
mlp_aco,10,8104,85,10,1,27.0,0.0,27.0,0.135,0.9229105710983276,True,True,27.0,0.0,0.0,[1],10.0,10.0,1,10.0,0,0.009046333000014783
mlp_aco,10,8104,85,10,2,0.0,0.0,0.0,0.0,0.09907747060060501,False,False,0.0,0.0,0.0,[],10.0,10.0,1,10.0,0,0.009046333000014783
mlp_aco,10,8104,85,10,3,0.0,0.0,0.0,0.0,0.43936213850975037,False,False,0.0,0.0,0.0,[],10.0,10.0,1,10.0,0,0.009046333000014783
mlp_aco,10,8104,85,10,4,0.0,0.0,0.0,0.0,0.20313307642936707,False,False,0.0,0.0,0.0,[],10.0,10.0,1,10.0,0,0.009046333000014783
mlp_aco,10,8105,85,10,1,28.0,0.0,28.0,0.14,0.9451234936714172,True,True,28.0,0.0,0.0,[1],10.0,10.0,1,10.0,0,0.008943625000000566
mlp_aco,10,8105,85,10,2,0.0,0.0,0.0,0.0,0.09907747060060501,False,False,0.0,0.0,0.0,[],10.0,10.0,1,10.0,0,0.008943625000000566
mlp_aco,10,8105,85,10,3,0.0,0.0,0.0,0.0,0.43936213850975037,False,False,0.0,0.0,0.0,[],10.0,10.0,1,10.0,0,0.008943625000000566
mlp_aco,10,8105,85,10,4,0.0,0.0,0.0,0.0,0.20313307642936707,False,False,0.0,0.0,0.0,[],10.0,10.0,1,10.0,0,0.008943625000000566
mlp_aco,10,8106,85,10,1,26.0,0.0,26.0,0.13,0.8916119933128357,True,True,26.0,0.0,0.0,[1],10.0,10.0,1,10.0,0,0.009118833000002269
mlp_aco,10,8106,85,10,2,0.0,0.0,0.0,0.0,0.09907747060060501,False,False,0.0,0.0,0.0,[],10.0,10.0,1,10.0,0,0.009118833000002269
mlp_aco,10,8106,85,10,3,0.0,0.0,0.0,0.0,0.43936213850975037,False,False,0.0,0.0,0.0,[],10.0,10.0,1,10.0,0,0.009118833000002269
mlp_aco,10,8106,85,10,4,0.0,0.0,0.0,0.0,0.20313307642936707,False,False,0.0,0.0,0.0,[],10.0,10.0,1,10.0,0,0.009118833000002269
mlp_aco,10,8107,85,10,1,23.0,0.0,23.0,0.115,0.7390038371086121,True,True,23.0,0.0,0.0,[1],10.0,10.0,1,10.0,0,0.009288708000013912
mlp_aco,10,8107,85,10,2,0.0,0.0,0.0,0.0,0.09907747060060501,False,False,0.0,0.0,0.0,[],10.0,10.0,1,10.0,0,0.009288708000013912
mlp_aco,10,8107,85,10,3,0.0,0.0,0.0,0.0,0.43936213850975037,False,False,0.0,0.0,0.0,[],10.0,10.0,1,10.0,0,0.009288708000013912
mlp_aco,10,8107,85,10,4,0.0,0.0,0.0,0.0,0.20313307642936707,False,False,0.0,0.0,0.0,[],10.0,10.0,1,10.0,0,0.009288708000013912
mlp_aco,10,8108,85,11,1,18.0,0.0,18.0,0.09,0.4075010418891907,False,False,0.0,18.0,0.0,[],0.0,0.0,0,0.0,0,2.0829999982652225e-06
mlp_aco,10,8108,85,11,2,0.0,0.0,0.0,0.0,0.09907747060060501,False,False,0.0,0.0,0.0,[],0.0,0.0,0,0.0,0,2.0829999982652225e-06
mlp_aco,10,8108,85,11,3,0.0,0.0,0.0,0.0,0.43936213850975037,False,False,0.0,0.0,0.0,[],0.0,0.0,0,0.0,0,2.0829999982652225e-06
mlp_aco,10,8108,85,11,4,0.0,0.0,0.0,0.0,0.20313307642936707,False,False,0.0,0.0,0.0,[],0.0,0.0,0,0.0,0,2.0829999982652225e-06
mlp_aco,10,8109,85,11,1,19.0,18.0,37.0,0.185,0.5736744999885559,False,False,0.0,37.0,0.0,[],0.0,0.0,0,0.0,0,1.790999988315889e-06
mlp_aco,10,8109,85,11,2,0.0,0.0,0.0,0.0,0.09907747060060501,False,False,0.0,0.0,0.0,[],0.0,0.0,0,0.0,0,1.790999988315889e-06
mlp_aco,10,8109,85,11,3,0.0,0.0,0.0,0.0,0.43936213850975037,False,False,0.0,0.0,0.0,[],0.0,0.0,0,0.0,0,1.790999988315889e-06
mlp_aco,10,8109,85,11,4,0.0,0.0,0.0,0.0,0.20313307642936707,False,False,0.0,0.0,0.0,[],0.0,0.0,0,0.0,0,1.790999988315889e-06
mlp_aco,10,8110,85,11,1,19.0,37.0,56.0,0.28,0.7033644318580627,True,True,30.0,26.0,0.0,[1],10.0,10.0,1,10.0,0,0.009169832999987193
mlp_aco,10,8110,85,11,2,0.0,0.0,0.0,0.0,0.09907747060060501,False,False,0.0,0.0,0.0,[],10.0,10.0,1,10.0,0,0.009169832999987193
mlp_aco,10,8110,85,11,3,0.0,0.0,0.0,0.0,0.43936213850975037,False,False,0.0,0.0,0.0,[],10.0,10.0,1,10.0,0,0.009169832999987193
mlp_aco,10,8110,85,11,4,0.0,0.0,0.0,0.0,0.20313307642936707,False,False,0.0,0.0,0.0,[],10.0,10.0,1,10.0,0,0.009169832999987193
mlp_aco,10,8111,85,11,1,19.0,26.0,45.0,0.225,0.6346688866615295,False,False,0.0,45.0,0.0,[],0.0,0.0,0,0.0,0,1.916000002211149e-06
mlp_aco,10,8111,85,11,2,0.0,0.0,0.0,0.0,0.09907747060060501,False,False,0.0,0.0,0.0,[],0.0,0.0,0,0.0,0,1.916000002211149e-06
mlp_aco,10,8111,85,11,3,0.0,0.0,0.0,0.0,0.43936213850975037,False,False,0.0,0.0,0.0,[],0.0,0.0,0,0.0,0,1.916000002211149e-06
mlp_aco,10,8111,85,11,4,0.0,0.0,0.0,0.0,0.20313307642936707,False,False,0.0,0.0,0.0,[],0.0,0.0,0,0.0,0,1.916000002211149e-06
mlp_aco,10,8112,85,12,1,19.0,45.0,64.0,0.32,0.7712724804878235,True,True,30.0,34.0,0.0,[1],10.0,10.0,1,10.0,0,0.009222665999999435
mlp_aco,10,8112,85,12,2,0.0,0.0,0.0,0.0,0.09907747060060501,False,False,0.0,0.0,0.0,[],10.0,10.0,1,10.0,0,0.009222665999999435
mlp_aco,10,8112,85,12,3,0.0,0.0,0.0,0.0,0.43936213850975037,False,False,0.0,0.0,0.0,[],10.0,10.0,1,10.0,0,0.009222665999999435
mlp_aco,10,8112,85,12,4,0.0,0.0,0.0,0.0,0.20313307642936707,False,False,0.0,0.0,0.0,[],10.0,10.0,1,10.0,0,0.009222665999999435
mlp_aco,10,8113,85,12,1,19.0,34.0,53.0,0.265,0.6880582571029663,False,False,0.0,53.0,0.0,[],0.0,0.0,0,0.0,0,1.9169999916357483e-06
mlp_aco,10,8113,85,12,2,0.0,0.0,0.0,0.0,0.09907747060060501,False,False,0.0,0.0,0.0,[],0.0,0.0,0,0.0,0,1.9169999916357483e-06
mlp_aco,10,8113,85,12,3,0.0,0.0,0.0,0.0,0.43936213850975037,False,False,0.0,0.0,0.0,[],0.0,0.0,0,0.0,0,1.9169999916357483e-06
mlp_aco,10,8113,85,12,4,0.0,0.0,0.0,0.0,0.20313307642936707,False,False,0.0,0.0,0.0,[],0.0,0.0,0,0.0,0,1.9169999916357483e-06
mlp_aco,10,8114,85,12,1,18.0,53.0,71.0,0.355,0.7517160773277283,True,True,30.0,41.0,0.0,[1],10.0,10.0,1,10.0,0,0.009094208000021808
mlp_aco,10,8114,85,12,2,0.0,0.0,0.0,0.0,0.09907747060060501,False,False,0.0,0.0,0.0,[],10.0,10.0,1,10.0,0,0.009094208000021808
mlp_aco,10,8114,85,12,3,0.0,0.0,0.0,0.0,0.43936213850975037,False,False,0.0,0.0,0.0,[],10.0,10.0,1,10.0,0,0.009094208000021808
mlp_aco,10,8114,85,12,4,0.0,0.0,0.0,0.0,0.20313307642936707,False,False,0.0,0.0,0.0,[],10.0,10.0,1,10.0,0,0.009094208000021808
mlp_aco,10,8115,85,12,1,11.0,41.0,52.0,0.26,0.2937029302120209,False,False,0.0,52.0,0.0,[],0.0,0.0,0,0.0,0,1.9579999843699625e-06
mlp_aco,10,8115,85,12,2,0.0,0.0,0.0,0.0,0.09907747060060501,False,False,0.0,0.0,0.0,[],0.0,0.0,0,0.0,0,1.9579999843699625e-06
mlp_aco,10,8115,85,12,3,0.0,0.0,0.0,0.0,0.43936213850975037,False,False,0.0,0.0,0.0,[],0.0,0.0,0,0.0,0,1.9579999843699625e-06
mlp_aco,10,8115,85,12,4,0.0,0.0,0.0,0.0,0.20313307642936707,False,False,0.0,0.0,0.0,[],0.0,0.0,0,0.0,0,1.9579999843699625e-06
mlp_aco,10,8116,85,13,1,10.0,52.0,62.0,0.31,0.30447784066200256,False,False,0.0,62.0,0.0,[],0.0,0.0,0,0.0,0,1.7919999777404882e-06
mlp_aco,10,8116,85,13,2,0.0,0.0,0.0,0.0,0.09907747060060501,False,False,0.0,0.0,0.0,[],0.0,0.0,0,0.0,0,1.7919999777404882e-06
mlp_aco,10,8116,85,13,3,0.0,0.0,0.0,0.0,0.43936213850975037,False,False,0.0,0.0,0.0,[],0.0,0.0,0,0.0,0,1.7919999777404882e-06
mlp_aco,10,8116,85,13,4,0.0,0.0,0.0,0.0,0.20313307642936707,False,False,0.0,0.0,0.0,[],0.0,0.0,0,0.0,0,1.7919999777404882e-06
mlp_aco,10,8117,85,13,1,11.0,62.0,73.0,0.365,0.3774394094944,False,False,0.0,73.0,0.0,[],0.0,0.0,0,0.0,0,1.7499999955816747e-06
mlp_aco,10,8117,85,13,2,0.0,0.0,0.0,0.0,0.09907747060060501,False,False,0.0,0.0,0.0,[],0.0,0.0,0,0.0,0,1.7499999955816747e-06
mlp_aco,10,8117,85,13,3,0.0,0.0,0.0,0.0,0.43936213850975037,False,False,0.0,0.0,0.0,[],0.0,0.0,0,0.0,0,1.7499999955816747e-06
mlp_aco,10,8117,85,13,4,0.0,0.0,0.0,0.0,0.20313307642936707,False,False,0.0,0.0,0.0,[],0.0,0.0,0,0.0,0,1.7499999955816747e-06
mlp_aco,10,8118,85,13,1,10.0,73.0,83.0,0.415,0.3867151141166687,False,False,0.0,83.0,0.0,[],0.0,0.0,0,0.0,0,1.7920000061621977e-06
mlp_aco,10,8118,85,13,2,0.0,0.0,0.0,0.0,0.09907747060060501,False,False,0.0,0.0,0.0,[],0.0,0.0,0,0.0,0,1.7920000061621977e-06
mlp_aco,10,8118,85,13,3,0.0,0.0,0.0,0.0,0.43936213850975037,False,False,0.0,0.0,0.0,[],0.0,0.0,0,0.0,0,1.7920000061621977e-06
mlp_aco,10,8118,85,13,4,0.0,0.0,0.0,0.0,0.20313307642936707,False,False,0.0,0.0,0.0,[],0.0,0.0,0,0.0,0,1.7920000061621977e-06
mlp_aco,10,8119,85,13,1,11.0,83.0,94.0,0.47,0.49814510345458984,False,False,0.0,94.0,0.0,[],0.0,0.0,0,0.0,0,1.6660000028423383e-06
mlp_aco,10,8119,85,13,2,0.0,0.0,0.0,0.0,0.09907747060060501,False,False,0.0,0.0,0.0,[],0.0,0.0,0,0.0,0,1.6660000028423383e-06
mlp_aco,10,8119,85,13,3,0.0,0.0,0.0,0.0,0.43936213850975037,False,False,0.0,0.0,0.0,[],0.0,0.0,0,0.0,0,1.6660000028423383e-06
mlp_aco,10,8119,85,13,4,0.0,0.0,0.0,0.0,0.20313307642936707,False,False,0.0,0.0,0.0,[],0.0,0.0,0,0.0,0,1.6660000028423383e-06
mlp_aco,10,8120,85,14,1,10.0,94.0,104.0,0.52,0.5192897915840149,False,False,0.0,104.0,0.0,[],0.0,0.0,0,0.0,0,1.7919999777404882e-06
mlp_aco,10,8120,85,14,2,0.0,0.0,0.0,0.0,0.09907747060060501,False,False,0.0,0.0,0.0,[],0.0,0.0,0,0.0,0,1.7919999777404882e-06
mlp_aco,10,8120,85,14,3,0.0,0.0,0.0,0.0,0.43936213850975037,False,False,0.0,0.0,0.0,[],0.0,0.0,0,0.0,0,1.7919999777404882e-06
mlp_aco,10,8120,85,14,4,0.0,0.0,0.0,0.0,0.20313307642936707,False,False,0.0,0.0,0.0,[],0.0,0.0,0,0.0,0,1.7919999777404882e-06
mlp_aco,10,8121,85,14,1,10.0,104.0,114.0,0.57,0.6684291958808899,False,False,0.0,114.0,0.0,[],0.0,0.0,0,0.0,0,1.6660000028423383e-06
mlp_aco,10,8121,85,14,2,0.0,0.0,0.0,0.0,0.09907747060060501,False,False,0.0,0.0,0.0,[],0.0,0.0,0,0.0,0,1.6660000028423383e-06
mlp_aco,10,8121,85,14,3,0.0,0.0,0.0,0.0,0.43936213850975037,False,False,0.0,0.0,0.0,[],0.0,0.0,0,0.0,0,1.6660000028423383e-06
mlp_aco,10,8121,85,14,4,0.0,0.0,0.0,0.0,0.20313307642936707,False,False,0.0,0.0,0.0,[],0.0,0.0,0,0.0,0,1.6660000028423383e-06
mlp_aco,10,8122,85,14,1,11.0,114.0,125.0,0.625,0.8873549103736877,True,True,30.0,95.0,0.0,[1],10.0,10.0,1,10.0,0,0.008978834000004099
mlp_aco,10,8122,85,14,2,0.0,0.0,0.0,0.0,0.09907747060060501,False,False,0.0,0.0,0.0,[],10.0,10.0,1,10.0,0,0.008978834000004099
mlp_aco,10,8122,85,14,3,0.0,0.0,0.0,0.0,0.43936213850975037,False,False,0.0,0.0,0.0,[],10.0,10.0,1,10.0,0,0.008978834000004099
mlp_aco,10,8122,85,14,4,0.0,0.0,0.0,0.0,0.20313307642936707,False,False,0.0,0.0,0.0,[],10.0,10.0,1,10.0,0,0.008978834000004099
mlp_aco,10,8123,85,14,1,10.0,95.0,105.0,0.525,0.5397153496742249,False,False,0.0,105.0,0.0,[],0.0,0.0,0,0.0,0,1.958000012791672e-06
mlp_aco,10,8123,85,14,2,0.0,0.0,0.0,0.0,0.09907747060060501,False,False,0.0,0.0,0.0,[],0.0,0.0,0,0.0,0,1.958000012791672e-06
mlp_aco,10,8123,85,14,3,0.0,0.0,0.0,0.0,0.43936213850975037,False,False,0.0,0.0,0.0,[],0.0,0.0,0,0.0,0,1.958000012791672e-06
mlp_aco,10,8123,85,14,4,0.0,0.0,0.0,0.0,0.20313307642936707,False,False,0.0,0.0,0.0,[],0.0,0.0,0,0.0,0,1.958000012791672e-06
mlp_aco,10,8124,85,15,1,11.0,105.0,116.0,0.58,0.7780410051345825,True,True,30.0,86.0,0.0,[1],10.0,10.0,1,10.0,0,0.009022958000002745
mlp_aco,10,8124,85,15,2,0.0,0.0,0.0,0.0,0.09907747060060501,False,False,0.0,0.0,0.0,[],10.0,10.0,1,10.0,0,0.009022958000002745
mlp_aco,10,8124,85,15,3,0.0,0.0,0.0,0.0,0.43936213850975037,False,False,0.0,0.0,0.0,[],10.0,10.0,1,10.0,0,0.009022958000002745
mlp_aco,10,8124,85,15,4,0.0,0.0,0.0,0.0,0.20313307642936707,False,False,0.0,0.0,0.0,[],10.0,10.0,1,10.0,0,0.009022958000002745
mlp_aco,10,8125,85,15,1,10.0,86.0,96.0,0.48,0.4433334469795227,False,False,0.0,96.0,0.0,[],0.0,0.0,0,0.0,0,1.9169999916357483e-06
mlp_aco,10,8125,85,15,2,0.0,0.0,0.0,0.0,0.09907747060060501,False,False,0.0,0.0,0.0,[],0.0,0.0,0,0.0,0,1.9169999916357483e-06
mlp_aco,10,8125,85,15,3,0.0,0.0,0.0,0.0,0.43936213850975037,False,False,0.0,0.0,0.0,[],0.0,0.0,0,0.0,0,1.9169999916357483e-06
mlp_aco,10,8125,85,15,4,0.0,0.0,0.0,0.0,0.20313307642936707,False,False,0.0,0.0,0.0,[],0.0,0.0,0,0.0,0,1.9169999916357483e-06
mlp_aco,10,8126,85,15,1,11.0,96.0,107.0,0.535,0.6499994397163391,False,False,0.0,107.0,0.0,[],0.0,0.0,0,0.0,0,1.9169999916357483e-06
mlp_aco,10,8126,85,15,2,0.0,0.0,0.0,0.0,0.09907747060060501,False,False,0.0,0.0,0.0,[],0.0,0.0,0,0.0,0,1.9169999916357483e-06
mlp_aco,10,8126,85,15,3,0.0,0.0,0.0,0.0,0.43936213850975037,False,False,0.0,0.0,0.0,[],0.0,0.0,0,0.0,0,1.9169999916357483e-06
mlp_aco,10,8126,85,15,4,0.0,0.0,0.0,0.0,0.20313307642936707,False,False,0.0,0.0,0.0,[],0.0,0.0,0,0.0,0,1.9169999916357483e-06
mlp_aco,10,8127,85,15,1,10.0,107.0,117.0,0.585,0.7177926898002625,True,True,30.0,87.0,0.0,[1],10.0,10.0,1,10.0,0,0.009154582999997274
mlp_aco,10,8127,85,15,2,0.0,0.0,0.0,0.0,0.09907747060060501,False,False,0.0,0.0,0.0,[],10.0,10.0,1,10.0,0,0.009154582999997274
mlp_aco,10,8127,85,15,3,0.0,0.0,0.0,0.0,0.43936213850975037,False,False,0.0,0.0,0.0,[],10.0,10.0,1,10.0,0,0.009154582999997274
mlp_aco,10,8127,85,15,4,0.0,0.0,0.0,0.0,0.20313307642936707,False,False,0.0,0.0,0.0,[],10.0,10.0,1,10.0,0,0.009154582999997274
mlp_aco,10,8128,85,16,1,11.0,87.0,98.0,0.49,0.5411610007286072,False,False,0.0,98.0,0.0,[],0.0,0.0,0,0.0,0,1.8749999810552254e-06
mlp_aco,10,8128,85,16,2,0.0,0.0,0.0,0.0,0.09907747060060501,False,False,0.0,0.0,0.0,[],0.0,0.0,0,0.0,0,1.8749999810552254e-06
mlp_aco,10,8128,85,16,3,0.0,0.0,0.0,0.0,0.43936213850975037,False,False,0.0,0.0,0.0,[],0.0,0.0,0,0.0,0,1.8749999810552254e-06
mlp_aco,10,8128,85,16,4,0.0,0.0,0.0,0.0,0.20313307642936707,False,False,0.0,0.0,0.0,[],0.0,0.0,0,0.0,0,1.8749999810552254e-06
mlp_aco,10,8129,85,16,1,10.0,98.0,108.0,0.54,0.5699105858802795,False,False,0.0,108.0,0.0,[],0.0,0.0,0,0.0,0,1.8750000094769348e-06
mlp_aco,10,8129,85,16,2,0.0,0.0,0.0,0.0,0.09907747060060501,False,False,0.0,0.0,0.0,[],0.0,0.0,0,0.0,0,1.8750000094769348e-06
mlp_aco,10,8129,85,16,3,0.0,0.0,0.0,0.0,0.43936213850975037,False,False,0.0,0.0,0.0,[],0.0,0.0,0,0.0,0,1.8750000094769348e-06
mlp_aco,10,8129,85,16,4,0.0,0.0,0.0,0.0,0.20313307642936707,False,False,0.0,0.0,0.0,[],0.0,0.0,0,0.0,0,1.8750000094769348e-06
mlp_aco,10,8130,85,16,1,4.0,108.0,112.0,0.56,0.2794129550457001,False,False,0.0,112.0,0.0,[],0.0,0.0,0,0.0,0,1.8749999810552254e-06
mlp_aco,10,8130,85,16,2,0.0,0.0,0.0,0.0,0.09907747060060501,False,False,0.0,0.0,0.0,[],0.0,0.0,0,0.0,0,1.8749999810552254e-06
mlp_aco,10,8130,85,16,3,0.0,0.0,0.0,0.0,0.43936213850975037,False,False,0.0,0.0,0.0,[],0.0,0.0,0,0.0,0,1.8749999810552254e-06
mlp_aco,10,8130,85,16,4,0.0,0.0,0.0,0.0,0.20313307642936707,False,False,0.0,0.0,0.0,[],0.0,0.0,0,0.0,0,1.8749999810552254e-06
mlp_aco,10,8131,85,16,1,0.0,112.0,112.0,0.56,0.20363721251487732,False,False,0.0,112.0,0.0,[],0.0,0.0,0,0.0,0,1.8750000094769348e-06
mlp_aco,10,8131,85,16,2,0.0,0.0,0.0,0.0,0.09907747060060501,False,False,0.0,0.0,0.0,[],0.0,0.0,0,0.0,0,1.8750000094769348e-06
mlp_aco,10,8131,85,16,3,0.0,0.0,0.0,0.0,0.43936213850975037,False,False,0.0,0.0,0.0,[],0.0,0.0,0,0.0,0,1.8750000094769348e-06
mlp_aco,10,8131,85,16,4,0.0,0.0,0.0,0.0,0.20313307642936707,False,False,0.0,0.0,0.0,[],0.0,0.0,0,0.0,0,1.8750000094769348e-06
mlp_aco,10,8132,85,17,1,0.0,112.0,112.0,0.56,0.2499133050441742,False,False,0.0,112.0,0.0,[],0.0,0.0,0,0.0,0,1.8339999883210112e-06
mlp_aco,10,8132,85,17,2,0.0,0.0,0.0,0.0,0.09907747060060501,False,False,0.0,0.0,0.0,[],0.0,0.0,0,0.0,0,1.8339999883210112e-06
mlp_aco,10,8132,85,17,3,0.0,0.0,0.0,0.0,0.43936213850975037,False,False,0.0,0.0,0.0,[],0.0,0.0,0,0.0,0,1.8339999883210112e-06
mlp_aco,10,8132,85,17,4,0.0,0.0,0.0,0.0,0.20313307642936707,False,False,0.0,0.0,0.0,[],0.0,0.0,0,0.0,0,1.8339999883210112e-06
mlp_aco,10,8133,85,17,1,0.0,112.0,112.0,0.56,0.3097548186779022,False,False,0.0,112.0,0.0,[],0.0,0.0,0,0.0,0,1.7499999955816747e-06
mlp_aco,10,8133,85,17,2,0.0,0.0,0.0,0.0,0.09907747060060501,False,False,0.0,0.0,0.0,[],0.0,0.0,0,0.0,0,1.7499999955816747e-06
mlp_aco,10,8133,85,17,3,0.0,0.0,0.0,0.0,0.43936213850975037,False,False,0.0,0.0,0.0,[],0.0,0.0,0,0.0,0,1.7499999955816747e-06
mlp_aco,10,8133,85,17,4,0.0,0.0,0.0,0.0,0.20313307642936707,False,False,0.0,0.0,0.0,[],0.0,0.0,0,0.0,0,1.7499999955816747e-06
mlp_aco,10,8134,85,17,1,0.0,112.0,112.0,0.56,0.34226712584495544,False,False,0.0,112.0,0.0,[],0.0,0.0,0,0.0,0,1.8329999988964119e-06
mlp_aco,10,8134,85,17,2,0.0,0.0,0.0,0.0,0.09907747060060501,False,False,0.0,0.0,0.0,[],0.0,0.0,0,0.0,0,1.8329999988964119e-06
mlp_aco,10,8134,85,17,3,0.0,0.0,0.0,0.0,0.43936213850975037,False,False,0.0,0.0,0.0,[],0.0,0.0,0,0.0,0,1.8329999988964119e-06
mlp_aco,10,8134,85,17,4,0.0,0.0,0.0,0.0,0.20313307642936707,False,False,0.0,0.0,0.0,[],0.0,0.0,0,0.0,0,1.8329999988964119e-06
mlp_aco,10,8135,85,17,1,0.0,112.0,112.0,0.56,0.34226712584495544,False,False,0.0,112.0,0.0,[],0.0,0.0,0,0.0,0,2.5420000042686297e-06
mlp_aco,10,8135,85,17,2,0.0,0.0,0.0,0.0,0.09907747060060501,False,False,0.0,0.0,0.0,[],0.0,0.0,0,0.0,0,2.5420000042686297e-06
mlp_aco,10,8135,85,17,3,0.0,0.0,0.0,0.0,0.43936213850975037,False,False,0.0,0.0,0.0,[],0.0,0.0,0,0.0,0,2.5420000042686297e-06
mlp_aco,10,8135,85,17,4,0.0,0.0,0.0,0.0,0.20313307642936707,False,False,0.0,0.0,0.0,[],0.0,0.0,0,0.0,0,2.5420000042686297e-06
mlp_aco,10,8136,85,18,1,0.0,112.0,112.0,0.56,0.34226712584495544,False,False,0.0,112.0,0.0,[],0.0,0.0,0,0.0,0,1.7499999955816747e-06
mlp_aco,10,8136,85,18,2,0.0,0.0,0.0,0.0,0.09907747060060501,False,False,0.0,0.0,0.0,[],0.0,0.0,0,0.0,0,1.7499999955816747e-06
mlp_aco,10,8136,85,18,3,0.0,0.0,0.0,0.0,0.43936213850975037,False,False,0.0,0.0,0.0,[],0.0,0.0,0,0.0,0,1.7499999955816747e-06
mlp_aco,10,8136,85,18,4,0.0,0.0,0.0,0.0,0.20313307642936707,False,False,0.0,0.0,0.0,[],0.0,0.0,0,0.0,0,1.7499999955816747e-06
mlp_aco,10,8137,85,18,1,0.0,112.0,112.0,0.56,0.34226712584495544,False,False,0.0,112.0,0.0,[],0.0,0.0,0,0.0,0,1.7499999955816747e-06
mlp_aco,10,8137,85,18,2,0.0,0.0,0.0,0.0,0.09907747060060501,False,False,0.0,0.0,0.0,[],0.0,0.0,0,0.0,0,1.7499999955816747e-06
mlp_aco,10,8137,85,18,3,0.0,0.0,0.0,0.0,0.43936213850975037,False,False,0.0,0.0,0.0,[],0.0,0.0,0,0.0,0,1.7499999955816747e-06
mlp_aco,10,8137,85,18,4,0.0,0.0,0.0,0.0,0.20313307642936707,False,False,0.0,0.0,0.0,[],0.0,0.0,0,0.0,0,1.7499999955816747e-06
mlp_aco,10,8138,85,18,1,0.0,112.0,112.0,0.56,0.34226712584495544,False,False,0.0,112.0,0.0,[],0.0,0.0,0,0.0,0,1.8329999988964119e-06
mlp_aco,10,8138,85,18,2,0.0,0.0,0.0,0.0,0.09907747060060501,False,False,0.0,0.0,0.0,[],0.0,0.0,0,0.0,0,1.8329999988964119e-06
mlp_aco,10,8138,85,18,3,0.0,0.0,0.0,0.0,0.43936213850975037,False,False,0.0,0.0,0.0,[],0.0,0.0,0,0.0,0,1.8329999988964119e-06
mlp_aco,10,8138,85,18,4,0.0,0.0,0.0,0.0,0.20313307642936707,False,False,0.0,0.0,0.0,[],0.0,0.0,0,0.0,0,1.8329999988964119e-06
mlp_aco,10,8139,85,18,1,0.0,112.0,112.0,0.56,0.34226712584495544,False,False,0.0,112.0,0.0,[],0.0,0.0,0,0.0,0,1.8339999883210112e-06
mlp_aco,10,8139,85,18,2,0.0,0.0,0.0,0.0,0.09907747060060501,False,False,0.0,0.0,0.0,[],0.0,0.0,0,0.0,0,1.8339999883210112e-06
mlp_aco,10,8139,85,18,3,0.0,0.0,0.0,0.0,0.43936213850975037,False,False,0.0,0.0,0.0,[],0.0,0.0,0,0.0,0,1.8339999883210112e-06
mlp_aco,10,8139,85,18,4,0.0,0.0,0.0,0.0,0.20313307642936707,False,False,0.0,0.0,0.0,[],0.0,0.0,0,0.0,0,1.8339999883210112e-06
mlp_aco,10,8140,85,19,1,0.0,112.0,112.0,0.56,0.34226712584495544,False,False,0.0,112.0,0.0,[],0.0,0.0,0,0.0,0,1.7079999850011518e-06
mlp_aco,10,8140,85,19,2,0.0,0.0,0.0,0.0,0.09907747060060501,False,False,0.0,0.0,0.0,[],0.0,0.0,0,0.0,0,1.7079999850011518e-06
mlp_aco,10,8140,85,19,3,0.0,0.0,0.0,0.0,0.43936213850975037,False,False,0.0,0.0,0.0,[],0.0,0.0,0,0.0,0,1.7079999850011518e-06
mlp_aco,10,8140,85,19,4,0.0,0.0,0.0,0.0,0.20313307642936707,False,False,0.0,0.0,0.0,[],0.0,0.0,0,0.0,0,1.7079999850011518e-06
mlp_aco,10,8141,85,19,1,0.0,112.0,112.0,0.56,0.34226712584495544,False,False,0.0,112.0,0.0,[],0.0,0.0,0,0.0,0,1.9169999916357483e-06
mlp_aco,10,8141,85,19,2,0.0,0.0,0.0,0.0,0.09907747060060501,False,False,0.0,0.0,0.0,[],0.0,0.0,0,0.0,0,1.9169999916357483e-06
mlp_aco,10,8141,85,19,3,0.0,0.0,0.0,0.0,0.43936213850975037,False,False,0.0,0.0,0.0,[],0.0,0.0,0,0.0,0,1.9169999916357483e-06
mlp_aco,10,8141,85,19,4,0.0,0.0,0.0,0.0,0.20313307642936707,False,False,0.0,0.0,0.0,[],0.0,0.0,0,0.0,0,1.9169999916357483e-06
mlp_aco,10,8142,85,19,1,0.0,112.0,112.0,0.56,0.34226712584495544,False,False,0.0,112.0,0.0,[],0.0,0.0,0,0.0,0,1.7090000028474606e-06
mlp_aco,10,8142,85,19,2,0.0,0.0,0.0,0.0,0.09907747060060501,False,False,0.0,0.0,0.0,[],0.0,0.0,0,0.0,0,1.7090000028474606e-06
mlp_aco,10,8142,85,19,3,0.0,0.0,0.0,0.0,0.43936213850975037,False,False,0.0,0.0,0.0,[],0.0,0.0,0,0.0,0,1.7090000028474606e-06
mlp_aco,10,8142,85,19,4,0.0,0.0,0.0,0.0,0.20313307642936707,False,False,0.0,0.0,0.0,[],0.0,0.0,0,0.0,0,1.7090000028474606e-06
mlp_aco,10,8143,85,19,1,0.0,112.0,112.0,0.56,0.34226712584495544,False,False,0.0,112.0,0.0,[],0.0,0.0,0,0.0,0,1.7499999955816747e-06
mlp_aco,10,8143,85,19,2,0.0,0.0,0.0,0.0,0.09907747060060501,False,False,0.0,0.0,0.0,[],0.0,0.0,0,0.0,0,1.7499999955816747e-06
mlp_aco,10,8143,85,19,3,0.0,0.0,0.0,0.0,0.43936213850975037,False,False,0.0,0.0,0.0,[],0.0,0.0,0,0.0,0,1.7499999955816747e-06
mlp_aco,10,8143,85,19,4,0.0,0.0,0.0,0.0,0.20313307642936707,False,False,0.0,0.0,0.0,[],0.0,0.0,0,0.0,0,1.7499999955816747e-06
mlp_aco,10,8144,85,20,1,0.0,112.0,112.0,0.56,0.34226712584495544,False,False,0.0,112.0,0.0,[],0.0,0.0,0,0.0,0,1.8749999810552254e-06
mlp_aco,10,8144,85,20,2,0.0,0.0,0.0,0.0,0.09907747060060501,False,False,0.0,0.0,0.0,[],0.0,0.0,0,0.0,0,1.8749999810552254e-06
mlp_aco,10,8144,85,20,3,0.0,0.0,0.0,0.0,0.43936213850975037,False,False,0.0,0.0,0.0,[],0.0,0.0,0,0.0,0,1.8749999810552254e-06
mlp_aco,10,8144,85,20,4,0.0,0.0,0.0,0.0,0.20313307642936707,False,False,0.0,0.0,0.0,[],0.0,0.0,0,0.0,0,1.8749999810552254e-06
mlp_aco,10,8145,85,20,1,0.0,112.0,112.0,0.56,0.34226712584495544,False,False,0.0,112.0,0.0,[],0.0,0.0,0,0.0,0,3.125000006320988e-06
mlp_aco,10,8145,85,20,2,0.0,0.0,0.0,0.0,0.09907747060060501,False,False,0.0,0.0,0.0,[],0.0,0.0,0,0.0,0,3.125000006320988e-06
mlp_aco,10,8145,85,20,3,0.0,0.0,0.0,0.0,0.43936213850975037,False,False,0.0,0.0,0.0,[],0.0,0.0,0,0.0,0,3.125000006320988e-06
mlp_aco,10,8145,85,20,4,0.0,0.0,0.0,0.0,0.20313307642936707,False,False,0.0,0.0,0.0,[],0.0,0.0,0,0.0,0,3.125000006320988e-06
mlp_aco,10,8146,85,20,1,0.0,112.0,112.0,0.56,0.34226712584495544,False,False,0.0,112.0,0.0,[],0.0,0.0,0,0.0,0,3.792000001112683e-06
mlp_aco,10,8146,85,20,2,0.0,0.0,0.0,0.0,0.09907747060060501,False,False,0.0,0.0,0.0,[],0.0,0.0,0,0.0,0,3.792000001112683e-06
mlp_aco,10,8146,85,20,3,0.0,0.0,0.0,0.0,0.43936213850975037,False,False,0.0,0.0,0.0,[],0.0,0.0,0,0.0,0,3.792000001112683e-06
mlp_aco,10,8146,85,20,4,0.0,0.0,0.0,0.0,0.20313307642936707,False,False,0.0,0.0,0.0,[],0.0,0.0,0,0.0,0,3.792000001112683e-06
mlp_aco,10,8147,85,20,1,0.0,112.0,112.0,0.56,0.34226712584495544,False,False,0.0,112.0,0.0,[],0.0,0.0,0,0.0,0,1.8749999810552254e-06
mlp_aco,10,8147,85,20,2,0.0,0.0,0.0,0.0,0.09907747060060501,False,False,0.0,0.0,0.0,[],0.0,0.0,0,0.0,0,1.8749999810552254e-06
mlp_aco,10,8147,85,20,3,0.0,0.0,0.0,0.0,0.43936213850975037,False,False,0.0,0.0,0.0,[],0.0,0.0,0,0.0,0,1.8749999810552254e-06
mlp_aco,10,8147,85,20,4,0.0,0.0,0.0,0.0,0.20313307642936707,False,False,0.0,0.0,0.0,[],0.0,0.0,0,0.0,0,1.8749999810552254e-06
mlp_aco,10,8148,85,21,1,0.0,112.0,112.0,0.56,0.34226712584495544,False,False,0.0,112.0,0.0,[],0.0,0.0,0,0.0,0,1.790999988315889e-06
mlp_aco,10,8148,85,21,2,0.0,0.0,0.0,0.0,0.09907747060060501,False,False,0.0,0.0,0.0,[],0.0,0.0,0,0.0,0,1.790999988315889e-06
mlp_aco,10,8148,85,21,3,0.0,0.0,0.0,0.0,0.43936213850975037,False,False,0.0,0.0,0.0,[],0.0,0.0,0,0.0,0,1.790999988315889e-06
mlp_aco,10,8148,85,21,4,0.0,0.0,0.0,0.0,0.20313307642936707,False,False,0.0,0.0,0.0,[],0.0,0.0,0,0.0,0,1.790999988315889e-06
mlp_aco,10,8149,85,21,1,0.0,112.0,112.0,0.56,0.34226712584495544,False,False,0.0,112.0,0.0,[],0.0,0.0,0,0.0,0,1.7499999955816747e-06
mlp_aco,10,8149,85,21,2,0.0,0.0,0.0,0.0,0.09907747060060501,False,False,0.0,0.0,0.0,[],0.0,0.0,0,0.0,0,1.7499999955816747e-06
mlp_aco,10,8149,85,21,3,0.0,0.0,0.0,0.0,0.43936213850975037,False,False,0.0,0.0,0.0,[],0.0,0.0,0,0.0,0,1.7499999955816747e-06
mlp_aco,10,8149,85,21,4,0.0,0.0,0.0,0.0,0.20313307642936707,False,False,0.0,0.0,0.0,[],0.0,0.0,0,0.0,0,1.7499999955816747e-06
mlp_aco,10,8150,85,21,1,0.0,112.0,112.0,0.56,0.34226712584495544,False,False,0.0,112.0,0.0,[],0.0,0.0,0,0.0,0,1.7499999955816747e-06
mlp_aco,10,8150,85,21,2,0.0,0.0,0.0,0.0,0.09907747060060501,False,False,0.0,0.0,0.0,[],0.0,0.0,0,0.0,0,1.7499999955816747e-06
mlp_aco,10,8150,85,21,3,0.0,0.0,0.0,0.0,0.43936213850975037,False,False,0.0,0.0,0.0,[],0.0,0.0,0,0.0,0,1.7499999955816747e-06
mlp_aco,10,8150,85,21,4,0.0,0.0,0.0,0.0,0.20313307642936707,False,False,0.0,0.0,0.0,[],0.0,0.0,0,0.0,0,1.7499999955816747e-06
mlp_aco,10,8151,85,21,1,0.0,112.0,112.0,0.56,0.34226712584495544,False,False,0.0,112.0,0.0,[],0.0,0.0,0,0.0,0,1.8329999988964119e-06
mlp_aco,10,8151,85,21,2,0.0,0.0,0.0,0.0,0.09907747060060501,False,False,0.0,0.0,0.0,[],0.0,0.0,0,0.0,0,1.8329999988964119e-06
mlp_aco,10,8151,85,21,3,0.0,0.0,0.0,0.0,0.43936213850975037,False,False,0.0,0.0,0.0,[],0.0,0.0,0,0.0,0,1.8329999988964119e-06
mlp_aco,10,8151,85,21,4,0.0,0.0,0.0,0.0,0.20313307642936707,False,False,0.0,0.0,0.0,[],0.0,0.0,0,0.0,0,1.8329999988964119e-06
mlp_aco,10,8152,85,22,1,0.0,112.0,112.0,0.56,0.34226712584495544,False,False,0.0,112.0,0.0,[],0.0,0.0,0,0.0,0,1.7499999955816747e-06
mlp_aco,10,8152,85,22,2,0.0,0.0,0.0,0.0,0.09907747060060501,False,False,0.0,0.0,0.0,[],0.0,0.0,0,0.0,0,1.7499999955816747e-06
mlp_aco,10,8152,85,22,3,0.0,0.0,0.0,0.0,0.43936213850975037,False,False,0.0,0.0,0.0,[],0.0,0.0,0,0.0,0,1.7499999955816747e-06
mlp_aco,10,8152,85,22,4,0.0,0.0,0.0,0.0,0.20313307642936707,False,False,0.0,0.0,0.0,[],0.0,0.0,0,0.0,0,1.7499999955816747e-06
mlp_aco,10,8153,85,22,1,0.0,112.0,112.0,0.56,0.34226712584495544,False,False,0.0,112.0,0.0,[],0.0,0.0,0,0.0,0,1.8749999810552254e-06
mlp_aco,10,8153,85,22,2,0.0,0.0,0.0,0.0,0.09907747060060501,False,False,0.0,0.0,0.0,[],0.0,0.0,0,0.0,0,1.8749999810552254e-06
mlp_aco,10,8153,85,22,3,0.0,0.0,0.0,0.0,0.43936213850975037,False,False,0.0,0.0,0.0,[],0.0,0.0,0,0.0,0,1.8749999810552254e-06
mlp_aco,10,8153,85,22,4,0.0,0.0,0.0,0.0,0.20313307642936707,False,False,0.0,0.0,0.0,[],0.0,0.0,0,0.0,0,1.8749999810552254e-06
mlp_aco,10,8154,85,22,1,0.0,112.0,112.0,0.56,0.34226712584495544,False,False,0.0,112.0,0.0,[],0.0,0.0,0,0.0,0,1.7499999955816747e-06
mlp_aco,10,8154,85,22,2,0.0,0.0,0.0,0.0,0.09907747060060501,False,False,0.0,0.0,0.0,[],0.0,0.0,0,0.0,0,1.7499999955816747e-06
mlp_aco,10,8154,85,22,3,0.0,0.0,0.0,0.0,0.43936213850975037,False,False,0.0,0.0,0.0,[],0.0,0.0,0,0.0,0,1.7499999955816747e-06
mlp_aco,10,8154,85,22,4,0.0,0.0,0.0,0.0,0.20313307642936707,False,False,0.0,0.0,0.0,[],0.0,0.0,0,0.0,0,1.7499999955816747e-06
mlp_aco,10,8155,85,22,1,0.0,112.0,112.0,0.56,0.34226712584495544,False,False,0.0,112.0,0.0,[],0.0,0.0,0,0.0,0,1.7499999955816747e-06
mlp_aco,10,8155,85,22,2,0.0,0.0,0.0,0.0,0.09907747060060501,False,False,0.0,0.0,0.0,[],0.0,0.0,0,0.0,0,1.7499999955816747e-06
mlp_aco,10,8155,85,22,3,0.0,0.0,0.0,0.0,0.43936213850975037,False,False,0.0,0.0,0.0,[],0.0,0.0,0,0.0,0,1.7499999955816747e-06
mlp_aco,10,8155,85,22,4,0.0,0.0,0.0,0.0,0.20313307642936707,False,False,0.0,0.0,0.0,[],0.0,0.0,0,0.0,0,1.7499999955816747e-06
mlp_aco,10,8156,85,23,1,0.0,112.0,112.0,0.56,0.34226712584495544,False,False,0.0,112.0,0.0,[],0.0,0.0,0,0.0,0,1.8329999988964119e-06
mlp_aco,10,8156,85,23,2,0.0,0.0,0.0,0.0,0.09907747060060501,False,False,0.0,0.0,0.0,[],0.0,0.0,0,0.0,0,1.8329999988964119e-06
mlp_aco,10,8156,85,23,3,0.0,0.0,0.0,0.0,0.43936213850975037,False,False,0.0,0.0,0.0,[],0.0,0.0,0,0.0,0,1.8329999988964119e-06
mlp_aco,10,8156,85,23,4,0.0,0.0,0.0,0.0,0.20313307642936707,False,False,0.0,0.0,0.0,[],0.0,0.0,0,0.0,0,1.8329999988964119e-06
mlp_aco,10,8157,85,23,1,0.0,112.0,112.0,0.56,0.34226712584495544,False,False,0.0,112.0,0.0,[],0.0,0.0,0,0.0,0,1.8749999810552254e-06
mlp_aco,10,8157,85,23,2,0.0,0.0,0.0,0.0,0.09907747060060501,False,False,0.0,0.0,0.0,[],0.0,0.0,0,0.0,0,1.8749999810552254e-06
mlp_aco,10,8157,85,23,3,0.0,0.0,0.0,0.0,0.43936213850975037,False,False,0.0,0.0,0.0,[],0.0,0.0,0,0.0,0,1.8749999810552254e-06
mlp_aco,10,8157,85,23,4,0.0,0.0,0.0,0.0,0.20313307642936707,False,False,0.0,0.0,0.0,[],0.0,0.0,0,0.0,0,1.8749999810552254e-06
mlp_aco,10,8158,85,23,1,0.0,112.0,112.0,0.56,0.34226712584495544,False,False,0.0,112.0,0.0,[],0.0,0.0,0,0.0,0,1.7499999955816747e-06
mlp_aco,10,8158,85,23,2,0.0,0.0,0.0,0.0,0.09907747060060501,False,False,0.0,0.0,0.0,[],0.0,0.0,0,0.0,0,1.7499999955816747e-06
mlp_aco,10,8158,85,23,3,0.0,0.0,0.0,0.0,0.43936213850975037,False,False,0.0,0.0,0.0,[],0.0,0.0,0,0.0,0,1.7499999955816747e-06
mlp_aco,10,8158,85,23,4,0.0,0.0,0.0,0.0,0.20313307642936707,False,False,0.0,0.0,0.0,[],0.0,0.0,0,0.0,0,1.7499999955816747e-06
mlp_aco,10,8159,85,23,1,0.0,112.0,112.0,0.56,0.34226712584495544,False,False,0.0,112.0,0.0,[],0.0,0.0,0,0.0,0,1.7080000134228612e-06
mlp_aco,10,8159,85,23,2,0.0,0.0,0.0,0.0,0.09907747060060501,False,False,0.0,0.0,0.0,[],0.0,0.0,0,0.0,0,1.7080000134228612e-06
mlp_aco,10,8159,85,23,3,0.0,0.0,0.0,0.0,0.43936213850975037,False,False,0.0,0.0,0.0,[],0.0,0.0,0,0.0,0,1.7080000134228612e-06
mlp_aco,10,8159,85,23,4,0.0,0.0,0.0,0.0,0.20313307642936707,False,False,0.0,0.0,0.0,[],0.0,0.0,0,0.0,0,1.7080000134228612e-06
mlp_aco,10,8160,86,0,1,26.0,112.0,138.0,0.69,0.9997909069061279,True,True,30.0,108.0,0.0,[1],10.0,10.0,1,10.0,0,0.00897304099999019
mlp_aco,10,8160,86,0,2,0.0,0.0,0.0,0.0,0.09907747060060501,False,False,0.0,0.0,0.0,[],10.0,10.0,1,10.0,0,0.00897304099999019
mlp_aco,10,8160,86,0,3,0.0,0.0,0.0,0.0,0.43936213850975037,False,False,0.0,0.0,0.0,[],10.0,10.0,1,10.0,0,0.00897304099999019
mlp_aco,10,8160,86,0,4,0.0,0.0,0.0,0.0,0.20313307642936707,False,False,0.0,0.0,0.0,[],10.0,10.0,1,10.0,0,0.00897304099999019
mlp_aco,10,8161,86,0,1,29.0,108.0,137.0,0.685,0.9998944401741028,True,True,30.0,107.0,0.0,[1],10.0,10.0,1,10.0,0,0.00915541699998812
mlp_aco,10,8161,86,0,2,0.0,0.0,0.0,0.0,0.09907747060060501,False,False,0.0,0.0,0.0,[],10.0,10.0,1,10.0,0,0.00915541699998812
mlp_aco,10,8161,86,0,3,0.0,0.0,0.0,0.0,0.43936213850975037,False,False,0.0,0.0,0.0,[],10.0,10.0,1,10.0,0,0.00915541699998812
mlp_aco,10,8161,86,0,4,0.0,0.0,0.0,0.0,0.20313307642936707,False,False,0.0,0.0,0.0,[],10.0,10.0,1,10.0,0,0.00915541699998812
mlp_aco,10,8162,86,0,1,26.0,107.0,133.0,0.665,0.9995523691177368,True,True,30.0,103.0,0.0,[1],10.0,10.0,1,10.0,0,0.009190415999995594
mlp_aco,10,8162,86,0,2,0.0,0.0,0.0,0.0,0.09907747060060501,False,False,0.0,0.0,0.0,[],10.0,10.0,1,10.0,0,0.009190415999995594
mlp_aco,10,8162,86,0,3,0.0,0.0,0.0,0.0,0.43936213850975037,False,False,0.0,0.0,0.0,[],10.0,10.0,1,10.0,0,0.009190415999995594
mlp_aco,10,8162,86,0,4,0.0,0.0,0.0,0.0,0.20313307642936707,False,False,0.0,0.0,0.0,[],10.0,10.0,1,10.0,0,0.009190415999995594
mlp_aco,10,8163,86,0,1,29.0,103.0,132.0,0.66,0.9998368620872498,True,True,30.0,102.0,0.0,[1],10.0,10.0,1,10.0,0,0.009099583000022449
mlp_aco,10,8163,86,0,2,0.0,0.0,0.0,0.0,0.09907747060060501,False,False,0.0,0.0,0.0,[],10.0,10.0,1,10.0,0,0.009099583000022449
mlp_aco,10,8163,86,0,3,0.0,0.0,0.0,0.0,0.43936213850975037,False,False,0.0,0.0,0.0,[],10.0,10.0,1,10.0,0,0.009099583000022449
mlp_aco,10,8163,86,0,4,0.0,0.0,0.0,0.0,0.20313307642936707,False,False,0.0,0.0,0.0,[],10.0,10.0,1,10.0,0,0.009099583000022449
mlp_aco,10,8164,86,1,1,28.0,102.0,130.0,0.65,0.9997328519821167,True,True,30.0,100.0,0.0,[1],10.0,10.0,1,10.0,0,0.009026624999989963
mlp_aco,10,8164,86,1,2,0.0,0.0,0.0,0.0,0.09907747060060501,False,False,0.0,0.0,0.0,[],10.0,10.0,1,10.0,0,0.009026624999989963
mlp_aco,10,8164,86,1,3,0.0,0.0,0.0,0.0,0.43936213850975037,False,False,0.0,0.0,0.0,[],10.0,10.0,1,10.0,0,0.009026624999989963
mlp_aco,10,8164,86,1,4,0.0,0.0,0.0,0.0,0.20313307642936707,False,False,0.0,0.0,0.0,[],10.0,10.0,1,10.0,0,0.009026624999989963
mlp_aco,10,8165,86,1,1,27.0,100.0,127.0,0.635,0.9995179772377014,True,True,30.0,97.0,0.0,[1],10.0,10.0,1,10.0,0,0.008998499999989917
mlp_aco,10,8165,86,1,2,0.0,0.0,0.0,0.0,0.09907747060060501,False,False,0.0,0.0,0.0,[],10.0,10.0,1,10.0,0,0.008998499999989917
mlp_aco,10,8165,86,1,3,0.0,0.0,0.0,0.0,0.43936213850975037,False,False,0.0,0.0,0.0,[],10.0,10.0,1,10.0,0,0.008998499999989917
mlp_aco,10,8165,86,1,4,0.0,0.0,0.0,0.0,0.20313307642936707,False,False,0.0,0.0,0.0,[],10.0,10.0,1,10.0,0,0.008998499999989917
mlp_aco,10,8166,86,1,1,29.0,97.0,126.0,0.63,0.999721884727478,True,True,30.0,96.0,0.0,[1],10.0,10.0,1,10.0,0,0.009105541999986144
mlp_aco,10,8166,86,1,2,0.0,0.0,0.0,0.0,0.09907747060060501,False,False,0.0,0.0,0.0,[],10.0,10.0,1,10.0,0,0.009105541999986144
mlp_aco,10,8166,86,1,3,0.0,0.0,0.0,0.0,0.43936213850975037,False,False,0.0,0.0,0.0,[],10.0,10.0,1,10.0,0,0.009105541999986144
mlp_aco,10,8166,86,1,4,0.0,0.0,0.0,0.0,0.20313307642936707,False,False,0.0,0.0,0.0,[],10.0,10.0,1,10.0,0,0.009105541999986144
mlp_aco,10,8167,86,1,1,28.0,96.0,124.0,0.62,0.9995443224906921,True,True,30.0,94.0,0.0,[1],10.0,10.0,1,10.0,0,0.008960875000013857
mlp_aco,10,8167,86,1,2,0.0,0.0,0.0,0.0,0.09907747060060501,False,False,0.0,0.0,0.0,[],10.0,10.0,1,10.0,0,0.008960875000013857
mlp_aco,10,8167,86,1,3,0.0,0.0,0.0,0.0,0.43936213850975037,False,False,0.0,0.0,0.0,[],10.0,10.0,1,10.0,0,0.008960875000013857
mlp_aco,10,8167,86,1,4,0.0,0.0,0.0,0.0,0.20313307642936707,False,False,0.0,0.0,0.0,[],10.0,10.0,1,10.0,0,0.008960875000013857
mlp_aco,10,8168,86,2,1,27.0,94.0,121.0,0.605,0.9992042779922485,True,True,30.0,91.0,0.0,[1],10.0,10.0,1,10.0,0,0.009107333000002882
mlp_aco,10,8168,86,2,2,0.0,0.0,0.0,0.0,0.09907747060060501,False,False,0.0,0.0,0.0,[],10.0,10.0,1,10.0,0,0.009107333000002882
mlp_aco,10,8168,86,2,3,0.0,0.0,0.0,0.0,0.43936213850975037,False,False,0.0,0.0,0.0,[],10.0,10.0,1,10.0,0,0.009107333000002882
mlp_aco,10,8168,86,2,4,0.0,0.0,0.0,0.0,0.20313307642936707,False,False,0.0,0.0,0.0,[],10.0,10.0,1,10.0,0,0.009107333000002882
mlp_aco,10,8169,86,2,1,28.0,91.0,119.0,0.595,0.9993123412132263,True,True,30.0,89.0,0.0,[1],10.0,10.0,1,10.0,0,0.009097875000009026
mlp_aco,10,8169,86,2,2,0.0,0.0,0.0,0.0,0.09907747060060501,False,False,0.0,0.0,0.0,[],10.0,10.0,1,10.0,0,0.009097875000009026
mlp_aco,10,8169,86,2,3,0.0,0.0,0.0,0.0,0.43936213850975037,False,False,0.0,0.0,0.0,[],10.0,10.0,1,10.0,0,0.009097875000009026
mlp_aco,10,8169,86,2,4,0.0,0.0,0.0,0.0,0.20313307642936707,False,False,0.0,0.0,0.0,[],10.0,10.0,1,10.0,0,0.009097875000009026
mlp_aco,10,8170,86,2,1,29.0,89.0,118.0,0.59,0.9994463920593262,True,True,30.0,88.0,0.0,[1],10.0,10.0,1,10.0,0,0.009155457999980854
mlp_aco,10,8170,86,2,2,0.0,0.0,0.0,0.0,0.09907747060060501,False,False,0.0,0.0,0.0,[],10.0,10.0,1,10.0,0,0.009155457999980854
mlp_aco,10,8170,86,2,3,0.0,0.0,0.0,0.0,0.43936213850975037,False,False,0.0,0.0,0.0,[],10.0,10.0,1,10.0,0,0.009155457999980854
mlp_aco,10,8170,86,2,4,0.0,0.0,0.0,0.0,0.20313307642936707,False,False,0.0,0.0,0.0,[],10.0,10.0,1,10.0,0,0.009155457999980854
mlp_aco,10,8171,86,2,1,27.0,88.0,115.0,0.575,0.9986965656280518,True,True,30.0,85.0,0.0,[1],10.0,10.0,1,10.0,0,0.008922458000000688
mlp_aco,10,8171,86,2,2,0.0,0.0,0.0,0.0,0.09907747060060501,False,False,0.0,0.0,0.0,[],10.0,10.0,1,10.0,0,0.008922458000000688
mlp_aco,10,8171,86,2,3,0.0,0.0,0.0,0.0,0.43936213850975037,False,False,0.0,0.0,0.0,[],10.0,10.0,1,10.0,0,0.008922458000000688
mlp_aco,10,8171,86,2,4,0.0,0.0,0.0,0.0,0.20313307642936707,False,False,0.0,0.0,0.0,[],10.0,10.0,1,10.0,0,0.008922458000000688
mlp_aco,10,8172,86,3,1,28.0,85.0,113.0,0.565,0.9988734126091003,True,True,30.0,83.0,0.0,[1],10.0,10.0,1,10.0,0,0.008982207999991942
mlp_aco,10,8172,86,3,2,0.0,0.0,0.0,0.0,0.09907747060060501,False,False,0.0,0.0,0.0,[],10.0,10.0,1,10.0,0,0.008982207999991942
mlp_aco,10,8172,86,3,3,0.0,0.0,0.0,0.0,0.43936213850975037,False,False,0.0,0.0,0.0,[],10.0,10.0,1,10.0,0,0.008982207999991942
mlp_aco,10,8172,86,3,4,0.0,0.0,0.0,0.0,0.20313307642936707,False,False,0.0,0.0,0.0,[],10.0,10.0,1,10.0,0,0.008982207999991942
mlp_aco,10,8173,86,3,1,29.0,83.0,112.0,0.56,0.9991087913513184,True,True,30.0,82.0,0.0,[1],10.0,10.0,1,10.0,0,0.008996125000010124
mlp_aco,10,8173,86,3,2,0.0,0.0,0.0,0.0,0.09907747060060501,False,False,0.0,0.0,0.0,[],10.0,10.0,1,10.0,0,0.008996125000010124
mlp_aco,10,8173,86,3,3,0.0,0.0,0.0,0.0,0.43936213850975037,False,False,0.0,0.0,0.0,[],10.0,10.0,1,10.0,0,0.008996125000010124
mlp_aco,10,8173,86,3,4,0.0,0.0,0.0,0.0,0.20313307642936707,False,False,0.0,0.0,0.0,[],10.0,10.0,1,10.0,0,0.008996125000010124
mlp_aco,10,8174,86,3,1,26.0,82.0,108.0,0.54,0.9969934821128845,True,True,30.0,78.0,0.0,[1],10.0,10.0,1,10.0,0,0.009026042000016332
mlp_aco,10,8174,86,3,2,0.0,0.0,0.0,0.0,0.09907747060060501,False,False,0.0,0.0,0.0,[],10.0,10.0,1,10.0,0,0.009026042000016332
mlp_aco,10,8174,86,3,3,0.0,0.0,0.0,0.0,0.43936213850975037,False,False,0.0,0.0,0.0,[],10.0,10.0,1,10.0,0,0.009026042000016332
mlp_aco,10,8174,86,3,4,0.0,0.0,0.0,0.0,0.20313307642936707,False,False,0.0,0.0,0.0,[],10.0,10.0,1,10.0,0,0.009026042000016332
mlp_aco,10,8175,86,3,1,29.0,78.0,107.0,0.535,0.9987548589706421,True,True,30.0,77.0,0.0,[1],10.0,10.0,1,10.0,0,0.009194832999980918
mlp_aco,10,8175,86,3,2,0.0,0.0,0.0,0.0,0.09907747060060501,False,False,0.0,0.0,0.0,[],10.0,10.0,1,10.0,0,0.009194832999980918
mlp_aco,10,8175,86,3,3,0.0,0.0,0.0,0.0,0.43936213850975037,False,False,0.0,0.0,0.0,[],10.0,10.0,1,10.0,0,0.009194832999980918
mlp_aco,10,8175,86,3,4,0.0,0.0,0.0,0.0,0.20313307642936707,False,False,0.0,0.0,0.0,[],10.0,10.0,1,10.0,0,0.009194832999980918
mlp_aco,10,8176,86,4,1,28.0,77.0,105.0,0.525,0.9980714917182922,True,True,30.0,75.0,0.0,[1],10.0,10.0,1,10.0,0,0.009126333000011755
mlp_aco,10,8176,86,4,2,0.0,0.0,0.0,0.0,0.09907747060060501,False,False,0.0,0.0,0.0,[],10.0,10.0,1,10.0,0,0.009126333000011755
mlp_aco,10,8176,86,4,3,0.0,0.0,0.0,0.0,0.43936213850975037,False,False,0.0,0.0,0.0,[],10.0,10.0,1,10.0,0,0.009126333000011755
mlp_aco,10,8176,86,4,4,0.0,0.0,0.0,0.0,0.20313307642936707,False,False,0.0,0.0,0.0,[],10.0,10.0,1,10.0,0,0.009126333000011755
mlp_aco,10,8177,86,4,1,27.0,75.0,102.0,0.51,0.9967485666275024,True,True,30.0,72.0,0.0,[1],10.0,10.0,1,10.0,0,0.00915241600000627
mlp_aco,10,8177,86,4,2,0.0,0.0,0.0,0.0,0.09907747060060501,False,False,0.0,0.0,0.0,[],10.0,10.0,1,10.0,0,0.00915241600000627
mlp_aco,10,8177,86,4,3,0.0,0.0,0.0,0.0,0.43936213850975037,False,False,0.0,0.0,0.0,[],10.0,10.0,1,10.0,0,0.00915241600000627
mlp_aco,10,8177,86,4,4,0.0,0.0,0.0,0.0,0.20313307642936707,False,False,0.0,0.0,0.0,[],10.0,10.0,1,10.0,0,0.00915241600000627
mlp_aco,10,8178,86,4,1,29.0,72.0,101.0,0.505,0.9981855154037476,True,True,30.0,71.0,0.0,[1],10.0,10.0,1,10.0,0,0.008981583999997156
mlp_aco,10,8178,86,4,2,0.0,0.0,0.0,0.0,0.09907747060060501,False,False,0.0,0.0,0.0,[],10.0,10.0,1,10.0,0,0.008981583999997156
mlp_aco,10,8178,86,4,3,0.0,0.0,0.0,0.0,0.43936213850975037,False,False,0.0,0.0,0.0,[],10.0,10.0,1,10.0,0,0.008981583999997156
mlp_aco,10,8178,86,4,4,0.0,0.0,0.0,0.0,0.20313307642936707,False,False,0.0,0.0,0.0,[],10.0,10.0,1,10.0,0,0.008981583999997156
mlp_aco,10,8179,86,4,1,28.0,71.0,99.0,0.495,0.9971610903739929,True,True,30.0,69.0,0.0,[1],10.0,10.0,1,10.0,0,0.008924874999991061
mlp_aco,10,8179,86,4,2,0.0,0.0,0.0,0.0,0.09907747060060501,False,False,0.0,0.0,0.0,[],10.0,10.0,1,10.0,0,0.008924874999991061
mlp_aco,10,8179,86,4,3,0.0,0.0,0.0,0.0,0.43936213850975037,False,False,0.0,0.0,0.0,[],10.0,10.0,1,10.0,0,0.008924874999991061
mlp_aco,10,8179,86,4,4,0.0,0.0,0.0,0.0,0.20313307642936707,False,False,0.0,0.0,0.0,[],10.0,10.0,1,10.0,0,0.008924874999991061
mlp_aco,10,8180,86,5,1,27.0,69.0,96.0,0.48,0.9952660799026489,True,True,30.0,66.0,0.0,[1],10.0,10.0,1,10.0,0,0.009006708000015351
mlp_aco,10,8180,86,5,2,0.0,0.0,0.0,0.0,0.09907747060060501,False,False,0.0,0.0,0.0,[],10.0,10.0,1,10.0,0,0.009006708000015351
mlp_aco,10,8180,86,5,3,0.0,0.0,0.0,0.0,0.43936213850975037,False,False,0.0,0.0,0.0,[],10.0,10.0,1,10.0,0,0.009006708000015351
mlp_aco,10,8180,86,5,4,0.0,0.0,0.0,0.0,0.20313307642936707,False,False,0.0,0.0,0.0,[],10.0,10.0,1,10.0,0,0.009006708000015351
mlp_aco,10,8181,86,5,1,28.0,66.0,94.0,0.47,0.9960830211639404,True,True,30.0,64.0,0.0,[1],10.0,10.0,1,10.0,0,0.009196125000016764
mlp_aco,10,8181,86,5,2,0.0,0.0,0.0,0.0,0.09907747060060501,False,False,0.0,0.0,0.0,[],10.0,10.0,1,10.0,0,0.009196125000016764
mlp_aco,10,8181,86,5,3,0.0,0.0,0.0,0.0,0.43936213850975037,False,False,0.0,0.0,0.0,[],10.0,10.0,1,10.0,0,0.009196125000016764
mlp_aco,10,8181,86,5,4,0.0,0.0,0.0,0.0,0.20313307642936707,False,False,0.0,0.0,0.0,[],10.0,10.0,1,10.0,0,0.009196125000016764
mlp_aco,10,8182,86,5,1,29.0,64.0,93.0,0.465,0.9969297647476196,True,True,30.0,63.0,0.0,[1],10.0,10.0,1,10.0,0,0.008969458999985136
mlp_aco,10,8182,86,5,2,0.0,0.0,0.0,0.0,0.09907747060060501,False,False,0.0,0.0,0.0,[],10.0,10.0,1,10.0,0,0.008969458999985136
mlp_aco,10,8182,86,5,3,0.0,0.0,0.0,0.0,0.43936213850975037,False,False,0.0,0.0,0.0,[],10.0,10.0,1,10.0,0,0.008969458999985136
mlp_aco,10,8182,86,5,4,0.0,0.0,0.0,0.0,0.20313307642936707,False,False,0.0,0.0,0.0,[],10.0,10.0,1,10.0,0,0.008969458999985136
mlp_aco,10,8183,86,5,1,27.0,63.0,90.0,0.45,0.9933719038963318,True,True,30.0,60.0,0.0,[1],10.0,10.0,1,10.0,0,0.009092291999991176
mlp_aco,10,8183,86,5,2,0.0,0.0,0.0,0.0,0.09907747060060501,False,False,0.0,0.0,0.0,[],10.0,10.0,1,10.0,0,0.009092291999991176
mlp_aco,10,8183,86,5,3,0.0,0.0,0.0,0.0,0.43936213850975037,False,False,0.0,0.0,0.0,[],10.0,10.0,1,10.0,0,0.009092291999991176
mlp_aco,10,8183,86,5,4,0.0,0.0,0.0,0.0,0.20313307642936707,False,False,0.0,0.0,0.0,[],10.0,10.0,1,10.0,0,0.009092291999991176
mlp_aco,10,8184,86,6,1,28.0,60.0,88.0,0.44,0.9945973753929138,True,True,30.0,58.0,0.0,[1],10.0,10.0,1,10.0,0,0.009124749999983806
mlp_aco,10,8184,86,6,2,0.0,0.0,0.0,0.0,0.09907747060060501,False,False,0.0,0.0,0.0,[],10.0,10.0,1,10.0,0,0.009124749999983806
mlp_aco,10,8184,86,6,3,0.0,0.0,0.0,0.0,0.43936213850975037,False,False,0.0,0.0,0.0,[],10.0,10.0,1,10.0,0,0.009124749999983806
mlp_aco,10,8184,86,6,4,0.0,0.0,0.0,0.0,0.20313307642936707,False,False,0.0,0.0,0.0,[],10.0,10.0,1,10.0,0,0.009124749999983806
mlp_aco,10,8185,86,6,1,27.0,58.0,85.0,0.425,0.9914907813072205,True,True,30.0,55.0,0.0,[1],10.0,10.0,1,10.0,0,0.00903445799997371
mlp_aco,10,8185,86,6,2,0.0,0.0,0.0,0.0,0.09907747060060501,False,False,0.0,0.0,0.0,[],10.0,10.0,1,10.0,0,0.00903445799997371
mlp_aco,10,8185,86,6,3,0.0,0.0,0.0,0.0,0.43936213850975037,False,False,0.0,0.0,0.0,[],10.0,10.0,1,10.0,0,0.00903445799997371
mlp_aco,10,8185,86,6,4,0.0,0.0,0.0,0.0,0.20313307642936707,False,False,0.0,0.0,0.0,[],10.0,10.0,1,10.0,0,0.00903445799997371
mlp_aco,10,8186,86,6,1,28.0,55.0,83.0,0.415,0.9929275512695312,True,True,30.0,53.0,0.0,[1],10.0,10.0,1,10.0,0,0.008996833999987075
mlp_aco,10,8186,86,6,2,0.0,0.0,0.0,0.0,0.09907747060060501,False,False,0.0,0.0,0.0,[],10.0,10.0,1,10.0,0,0.008996833999987075
mlp_aco,10,8186,86,6,3,0.0,0.0,0.0,0.0,0.43936213850975037,False,False,0.0,0.0,0.0,[],10.0,10.0,1,10.0,0,0.008996833999987075
mlp_aco,10,8186,86,6,4,0.0,0.0,0.0,0.0,0.20313307642936707,False,False,0.0,0.0,0.0,[],10.0,10.0,1,10.0,0,0.008996833999987075
mlp_aco,10,8187,86,6,1,29.0,53.0,82.0,0.41,0.9945684671401978,True,True,30.0,52.0,0.0,[1],10.0,10.0,1,10.0,0,0.008999917000011237
mlp_aco,10,8187,86,6,2,0.0,0.0,0.0,0.0,0.09907747060060501,False,False,0.0,0.0,0.0,[],10.0,10.0,1,10.0,0,0.008999917000011237
mlp_aco,10,8187,86,6,3,0.0,0.0,0.0,0.0,0.43936213850975037,False,False,0.0,0.0,0.0,[],10.0,10.0,1,10.0,0,0.008999917000011237
mlp_aco,10,8187,86,6,4,0.0,0.0,0.0,0.0,0.20313307642936707,False,False,0.0,0.0,0.0,[],10.0,10.0,1,10.0,0,0.008999917000011237
mlp_aco,10,8188,86,7,1,27.0,52.0,79.0,0.395,0.9885243773460388,True,True,30.0,49.0,0.0,[1],10.0,10.0,1,10.0,0,0.009120082999999113
mlp_aco,10,8188,86,7,2,0.0,0.0,0.0,0.0,0.09907747060060501,False,False,0.0,0.0,0.0,[],10.0,10.0,1,10.0,0,0.009120082999999113
mlp_aco,10,8188,86,7,3,0.0,0.0,0.0,0.0,0.43936213850975037,False,False,0.0,0.0,0.0,[],10.0,10.0,1,10.0,0,0.009120082999999113
mlp_aco,10,8188,86,7,4,0.0,0.0,0.0,0.0,0.20313307642936707,False,False,0.0,0.0,0.0,[],10.0,10.0,1,10.0,0,0.009120082999999113
mlp_aco,10,8189,86,7,1,28.0,49.0,77.0,0.385,0.9906376004219055,True,True,30.0,47.0,0.0,[1],10.0,10.0,1,10.0,0,0.00893383299998618
mlp_aco,10,8189,86,7,2,0.0,0.0,0.0,0.0,0.09907747060060501,False,False,0.0,0.0,0.0,[],10.0,10.0,1,10.0,0,0.00893383299998618
mlp_aco,10,8189,86,7,3,0.0,0.0,0.0,0.0,0.43936213850975037,False,False,0.0,0.0,0.0,[],10.0,10.0,1,10.0,0,0.00893383299998618
mlp_aco,10,8189,86,7,4,0.0,0.0,0.0,0.0,0.20313307642936707,False,False,0.0,0.0,0.0,[],10.0,10.0,1,10.0,0,0.00893383299998618
mlp_aco,10,8190,86,7,1,29.0,47.0,76.0,0.38,0.99273681640625,True,True,30.0,46.0,0.0,[1],10.0,10.0,1,10.0,0,0.00908533400001943
mlp_aco,10,8190,86,7,2,0.0,0.0,0.0,0.0,0.09907747060060501,False,False,0.0,0.0,0.0,[],10.0,10.0,1,10.0,0,0.00908533400001943
mlp_aco,10,8190,86,7,3,0.0,0.0,0.0,0.0,0.43936213850975037,False,False,0.0,0.0,0.0,[],10.0,10.0,1,10.0,0,0.00908533400001943
mlp_aco,10,8190,86,7,4,0.0,0.0,0.0,0.0,0.20313307642936707,False,False,0.0,0.0,0.0,[],10.0,10.0,1,10.0,0,0.00908533400001943
mlp_aco,10,8191,86,7,1,26.0,46.0,72.0,0.36,0.9776764512062073,True,True,30.0,42.0,0.0,[1],10.0,10.0,1,10.0,0,0.009084459000007428
mlp_aco,10,8191,86,7,2,0.0,0.0,0.0,0.0,0.09907747060060501,False,False,0.0,0.0,0.0,[],10.0,10.0,1,10.0,0,0.009084459000007428
mlp_aco,10,8191,86,7,3,0.0,0.0,0.0,0.0,0.43936213850975037,False,False,0.0,0.0,0.0,[],10.0,10.0,1,10.0,0,0.009084459000007428
mlp_aco,10,8191,86,7,4,0.0,0.0,0.0,0.0,0.20313307642936707,False,False,0.0,0.0,0.0,[],10.0,10.0,1,10.0,0,0.009084459000007428
mlp_aco,10,8192,86,8,1,29.0,42.0,71.0,0.355,0.9907476902008057,True,True,30.0,41.0,0.0,[1],10.0,10.0,1,10.0,0,0.009180583000016895
mlp_aco,10,8192,86,8,2,0.0,0.0,0.0,0.0,0.09907747060060501,False,False,0.0,0.0,0.0,[],10.0,10.0,1,10.0,0,0.009180583000016895
mlp_aco,10,8192,86,8,3,0.0,0.0,0.0,0.0,0.43936213850975037,False,False,0.0,0.0,0.0,[],10.0,10.0,1,10.0,0,0.009180583000016895
mlp_aco,10,8192,86,8,4,0.0,0.0,0.0,0.0,0.20313307642936707,False,False,0.0,0.0,0.0,[],10.0,10.0,1,10.0,0,0.009180583000016895
mlp_aco,10,8193,86,8,1,28.0,41.0,69.0,0.345,0.9865612387657166,True,True,30.0,39.0,0.0,[1],10.0,10.0,1,10.0,0,0.008964000000020178
mlp_aco,10,8193,86,8,2,0.0,0.0,0.0,0.0,0.09907747060060501,False,False,0.0,0.0,0.0,[],10.0,10.0,1,10.0,0,0.008964000000020178
mlp_aco,10,8193,86,8,3,0.0,0.0,0.0,0.0,0.43936213850975037,False,False,0.0,0.0,0.0,[],10.0,10.0,1,10.0,0,0.008964000000020178
mlp_aco,10,8193,86,8,4,0.0,0.0,0.0,0.0,0.20313307642936707,False,False,0.0,0.0,0.0,[],10.0,10.0,1,10.0,0,0.008964000000020178
mlp_aco,10,8194,86,8,1,27.0,39.0,66.0,0.33,0.9788976311683655,True,True,30.0,36.0,0.0,[1],10.0,10.0,1,10.0,0,0.008949875000013208
mlp_aco,10,8194,86,8,2,0.0,0.0,0.0,0.0,0.09907747060060501,False,False,0.0,0.0,0.0,[],10.0,10.0,1,10.0,0,0.008949875000013208
mlp_aco,10,8194,86,8,3,0.0,0.0,0.0,0.0,0.43936213850975037,False,False,0.0,0.0,0.0,[],10.0,10.0,1,10.0,0,0.008949875000013208
mlp_aco,10,8194,86,8,4,0.0,0.0,0.0,0.0,0.20313307642936707,False,False,0.0,0.0,0.0,[],10.0,10.0,1,10.0,0,0.008949875000013208
mlp_aco,10,8195,86,8,1,29.0,36.0,65.0,0.325,0.9882915616035461,True,True,30.0,35.0,0.0,[1],10.0,10.0,1,10.0,0,0.00922999999997387
mlp_aco,10,8195,86,8,2,0.0,0.0,0.0,0.0,0.09907747060060501,False,False,0.0,0.0,0.0,[],10.0,10.0,1,10.0,0,0.00922999999997387
mlp_aco,10,8195,86,8,3,0.0,0.0,0.0,0.0,0.43936213850975037,False,False,0.0,0.0,0.0,[],10.0,10.0,1,10.0,0,0.00922999999997387
mlp_aco,10,8195,86,8,4,0.0,0.0,0.0,0.0,0.20313307642936707,False,False,0.0,0.0,0.0,[],10.0,10.0,1,10.0,0,0.00922999999997387
mlp_aco,10,8196,86,9,1,28.0,35.0,63.0,0.315,0.982650101184845,True,True,30.0,33.0,0.0,[1],10.0,10.0,1,10.0,0,0.009041666000001669
mlp_aco,10,8196,86,9,2,0.0,0.0,0.0,0.0,0.09907747060060501,False,False,0.0,0.0,0.0,[],10.0,10.0,1,10.0,0,0.009041666000001669
mlp_aco,10,8196,86,9,3,0.0,0.0,0.0,0.0,0.43936213850975037,False,False,0.0,0.0,0.0,[],10.0,10.0,1,10.0,0,0.009041666000001669
mlp_aco,10,8196,86,9,4,0.0,0.0,0.0,0.0,0.20313307642936707,False,False,0.0,0.0,0.0,[],10.0,10.0,1,10.0,0,0.009041666000001669
mlp_aco,10,8197,86,9,1,27.0,33.0,60.0,0.3,0.9735247492790222,True,True,30.0,30.0,0.0,[1],10.0,10.0,1,10.0,0,0.009063958000012917
mlp_aco,10,8197,86,9,2,0.0,0.0,0.0,0.0,0.09907747060060501,False,False,0.0,0.0,0.0,[],10.0,10.0,1,10.0,0,0.009063958000012917
mlp_aco,10,8197,86,9,3,0.0,0.0,0.0,0.0,0.43936213850975037,False,False,0.0,0.0,0.0,[],10.0,10.0,1,10.0,0,0.009063958000012917
mlp_aco,10,8197,86,9,4,0.0,0.0,0.0,0.0,0.20313307642936707,False,False,0.0,0.0,0.0,[],10.0,10.0,1,10.0,0,0.009063958000012917
mlp_aco,10,8198,86,9,1,28.0,30.0,58.0,0.29,0.9790642261505127,True,True,30.0,28.0,0.0,[1],10.0,10.0,1,10.0,0,0.009076875000005202
mlp_aco,10,8198,86,9,2,0.0,0.0,0.0,0.0,0.09907747060060501,False,False,0.0,0.0,0.0,[],10.0,10.0,1,10.0,0,0.009076875000005202
mlp_aco,10,8198,86,9,3,0.0,0.0,0.0,0.0,0.43936213850975037,False,False,0.0,0.0,0.0,[],10.0,10.0,1,10.0,0,0.009076875000005202
mlp_aco,10,8198,86,9,4,0.0,0.0,0.0,0.0,0.20313307642936707,False,False,0.0,0.0,0.0,[],10.0,10.0,1,10.0,0,0.009076875000005202
mlp_aco,10,8199,86,9,1,29.0,28.0,57.0,0.285,0.9841150045394897,True,True,30.0,27.0,0.0,[1],10.0,10.0,1,10.0,0,0.009148625000023003
mlp_aco,10,8199,86,9,2,0.0,0.0,0.0,0.0,0.09907747060060501,False,False,0.0,0.0,0.0,[],10.0,10.0,1,10.0,0,0.009148625000023003
mlp_aco,10,8199,86,9,3,0.0,0.0,0.0,0.0,0.43936213850975037,False,False,0.0,0.0,0.0,[],10.0,10.0,1,10.0,0,0.009148625000023003
mlp_aco,10,8199,86,9,4,0.0,0.0,0.0,0.0,0.20313307642936707,False,False,0.0,0.0,0.0,[],10.0,10.0,1,10.0,0,0.009148625000023003
mlp_aco,10,8200,86,10,1,27.0,27.0,54.0,0.27,0.9669102430343628,True,True,30.0,24.0,0.0,[1],10.0,10.0,1,10.0,0,0.009124917000008281
mlp_aco,10,8200,86,10,2,0.0,0.0,0.0,0.0,0.09907747060060501,False,False,0.0,0.0,0.0,[],10.0,10.0,1,10.0,0,0.009124917000008281
mlp_aco,10,8200,86,10,3,0.0,0.0,0.0,0.0,0.43936213850975037,False,False,0.0,0.0,0.0,[],10.0,10.0,1,10.0,0,0.009124917000008281
mlp_aco,10,8200,86,10,4,0.0,0.0,0.0,0.0,0.20313307642936707,False,False,0.0,0.0,0.0,[],10.0,10.0,1,10.0,0,0.009124917000008281
mlp_aco,10,8201,86,10,1,28.0,24.0,52.0,0.26,0.9737964272499084,True,True,30.0,22.0,0.0,[1],10.0,10.0,1,10.0,0,0.009194416000013916
mlp_aco,10,8201,86,10,2,0.0,0.0,0.0,0.0,0.09907747060060501,False,False,0.0,0.0,0.0,[],10.0,10.0,1,10.0,0,0.009194416000013916
mlp_aco,10,8201,86,10,3,0.0,0.0,0.0,0.0,0.43936213850975037,False,False,0.0,0.0,0.0,[],10.0,10.0,1,10.0,0,0.009194416000013916
mlp_aco,10,8201,86,10,4,0.0,0.0,0.0,0.0,0.20313307642936707,False,False,0.0,0.0,0.0,[],10.0,10.0,1,10.0,0,0.009194416000013916
mlp_aco,10,8202,86,10,1,26.0,22.0,48.0,0.24,0.9437885880470276,True,True,30.0,18.0,0.0,[1],10.0,10.0,1,10.0,0,0.008986624999977266
mlp_aco,10,8202,86,10,2,0.0,0.0,0.0,0.0,0.09907747060060501,False,False,0.0,0.0,0.0,[],10.0,10.0,1,10.0,0,0.008986624999977266
mlp_aco,10,8202,86,10,3,0.0,0.0,0.0,0.0,0.43936213850975037,False,False,0.0,0.0,0.0,[],10.0,10.0,1,10.0,0,0.008986624999977266
mlp_aco,10,8202,86,10,4,0.0,0.0,0.0,0.0,0.20313307642936707,False,False,0.0,0.0,0.0,[],10.0,10.0,1,10.0,0,0.008986624999977266
mlp_aco,10,8203,86,10,1,18.0,18.0,36.0,0.18,0.4815177619457245,False,False,0.0,36.0,0.0,[],0.0,0.0,0,0.0,0,2.124999980424036e-06
mlp_aco,10,8203,86,10,2,0.0,0.0,0.0,0.0,0.09907747060060501,False,False,0.0,0.0,0.0,[],0.0,0.0,0,0.0,0,2.124999980424036e-06
mlp_aco,10,8203,86,10,3,0.0,0.0,0.0,0.0,0.43936213850975037,False,False,0.0,0.0,0.0,[],0.0,0.0,0,0.0,0,2.124999980424036e-06
mlp_aco,10,8203,86,10,4,0.0,0.0,0.0,0.0,0.20313307642936707,False,False,0.0,0.0,0.0,[],0.0,0.0,0,0.0,0,2.124999980424036e-06
mlp_aco,10,8204,86,11,1,20.0,36.0,56.0,0.28,0.7483333945274353,True,True,30.0,26.0,0.0,[1],10.0,10.0,1,10.0,0,0.009174250000000939
mlp_aco,10,8204,86,11,2,0.0,0.0,0.0,0.0,0.09907747060060501,False,False,0.0,0.0,0.0,[],10.0,10.0,1,10.0,0,0.009174250000000939
mlp_aco,10,8204,86,11,3,0.0,0.0,0.0,0.0,0.43936213850975037,False,False,0.0,0.0,0.0,[],10.0,10.0,1,10.0,0,0.009174250000000939
mlp_aco,10,8204,86,11,4,0.0,0.0,0.0,0.0,0.20313307642936707,False,False,0.0,0.0,0.0,[],10.0,10.0,1,10.0,0,0.009174250000000939
mlp_aco,10,8205,86,11,1,20.0,26.0,46.0,0.23,0.7029708027839661,True,True,30.0,16.0,0.0,[1],10.0,10.0,1,10.0,0,0.00924766599999316
mlp_aco,10,8205,86,11,2,0.0,0.0,0.0,0.0,0.09907747060060501,False,False,0.0,0.0,0.0,[],10.0,10.0,1,10.0,0,0.00924766599999316
mlp_aco,10,8205,86,11,3,0.0,0.0,0.0,0.0,0.43936213850975037,False,False,0.0,0.0,0.0,[],10.0,10.0,1,10.0,0,0.00924766599999316
mlp_aco,10,8205,86,11,4,0.0,0.0,0.0,0.0,0.20313307642936707,False,False,0.0,0.0,0.0,[],10.0,10.0,1,10.0,0,0.00924766599999316
mlp_aco,10,8206,86,11,1,18.0,16.0,34.0,0.17,0.4875272512435913,False,False,0.0,34.0,0.0,[],0.0,0.0,0,0.0,0,1.9169999916357483e-06
mlp_aco,10,8206,86,11,2,0.0,0.0,0.0,0.0,0.09907747060060501,False,False,0.0,0.0,0.0,[],0.0,0.0,0,0.0,0,1.9169999916357483e-06
mlp_aco,10,8206,86,11,3,0.0,0.0,0.0,0.0,0.43936213850975037,False,False,0.0,0.0,0.0,[],0.0,0.0,0,0.0,0,1.9169999916357483e-06
mlp_aco,10,8206,86,11,4,0.0,0.0,0.0,0.0,0.20313307642936707,False,False,0.0,0.0,0.0,[],0.0,0.0,0,0.0,0,1.9169999916357483e-06
mlp_aco,10,8207,86,11,1,20.0,34.0,54.0,0.27,0.7627817988395691,True,True,30.0,24.0,0.0,[1],10.0,10.0,1,10.0,0,0.009223540999983015
mlp_aco,10,8207,86,11,2,0.0,0.0,0.0,0.0,0.09907747060060501,False,False,0.0,0.0,0.0,[],10.0,10.0,1,10.0,0,0.009223540999983015
mlp_aco,10,8207,86,11,3,0.0,0.0,0.0,0.0,0.43936213850975037,False,False,0.0,0.0,0.0,[],10.0,10.0,1,10.0,0,0.009223540999983015
mlp_aco,10,8207,86,11,4,0.0,0.0,0.0,0.0,0.20313307642936707,False,False,0.0,0.0,0.0,[],10.0,10.0,1,10.0,0,0.009223540999983015
mlp_aco,10,8208,86,12,1,19.0,24.0,43.0,0.215,0.6207240223884583,False,False,0.0,43.0,0.0,[],0.0,0.0,0,0.0,0,2.0829999982652225e-06
mlp_aco,10,8208,86,12,2,0.0,0.0,0.0,0.0,0.09907747060060501,False,False,0.0,0.0,0.0,[],0.0,0.0,0,0.0,0,2.0829999982652225e-06
mlp_aco,10,8208,86,12,3,0.0,0.0,0.0,0.0,0.43936213850975037,False,False,0.0,0.0,0.0,[],0.0,0.0,0,0.0,0,2.0829999982652225e-06
mlp_aco,10,8208,86,12,4,0.0,0.0,0.0,0.0,0.20313307642936707,False,False,0.0,0.0,0.0,[],0.0,0.0,0,0.0,0,2.0829999982652225e-06
mlp_aco,10,8209,86,12,1,19.0,43.0,62.0,0.31,0.7541476488113403,True,True,30.0,32.0,0.0,[1],10.0,10.0,1,10.0,0,0.00892829199997891
mlp_aco,10,8209,86,12,2,0.0,0.0,0.0,0.0,0.09907747060060501,False,False,0.0,0.0,0.0,[],10.0,10.0,1,10.0,0,0.00892829199997891
mlp_aco,10,8209,86,12,3,0.0,0.0,0.0,0.0,0.43936213850975037,False,False,0.0,0.0,0.0,[],10.0,10.0,1,10.0,0,0.00892829199997891
mlp_aco,10,8209,86,12,4,0.0,0.0,0.0,0.0,0.20313307642936707,False,False,0.0,0.0,0.0,[],10.0,10.0,1,10.0,0,0.00892829199997891
mlp_aco,10,8210,86,12,1,19.0,32.0,51.0,0.255,0.6722744107246399,False,False,0.0,51.0,0.0,[],0.0,0.0,0,0.0,0,1.7910000167375983e-06
mlp_aco,10,8210,86,12,2,0.0,0.0,0.0,0.0,0.09907747060060501,False,False,0.0,0.0,0.0,[],0.0,0.0,0,0.0,0,1.7910000167375983e-06
mlp_aco,10,8210,86,12,3,0.0,0.0,0.0,0.0,0.43936213850975037,False,False,0.0,0.0,0.0,[],0.0,0.0,0,0.0,0,1.7910000167375983e-06
mlp_aco,10,8210,86,12,4,0.0,0.0,0.0,0.0,0.20313307642936707,False,False,0.0,0.0,0.0,[],0.0,0.0,0,0.0,0,1.7910000167375983e-06
mlp_aco,10,8211,86,12,1,11.0,51.0,62.0,0.31,0.31346002221107483,False,False,0.0,62.0,0.0,[],0.0,0.0,0,0.0,0,1.8749999810552254e-06
mlp_aco,10,8211,86,12,2,0.0,0.0,0.0,0.0,0.09907747060060501,False,False,0.0,0.0,0.0,[],0.0,0.0,0,0.0,0,1.8749999810552254e-06
mlp_aco,10,8211,86,12,3,0.0,0.0,0.0,0.0,0.43936213850975037,False,False,0.0,0.0,0.0,[],0.0,0.0,0,0.0,0,1.8749999810552254e-06
mlp_aco,10,8211,86,12,4,0.0,0.0,0.0,0.0,0.20313307642936707,False,False,0.0,0.0,0.0,[],0.0,0.0,0,0.0,0,1.8749999810552254e-06
mlp_aco,10,8212,86,13,1,9.0,62.0,71.0,0.355,0.2907337248325348,False,False,0.0,71.0,0.0,[],0.0,0.0,0,0.0,0,1.7920000061621977e-06
mlp_aco,10,8212,86,13,2,0.0,0.0,0.0,0.0,0.09907747060060501,False,False,0.0,0.0,0.0,[],0.0,0.0,0,0.0,0,1.7920000061621977e-06
mlp_aco,10,8212,86,13,3,0.0,0.0,0.0,0.0,0.43936213850975037,False,False,0.0,0.0,0.0,[],0.0,0.0,0,0.0,0,1.7920000061621977e-06
mlp_aco,10,8212,86,13,4,0.0,0.0,0.0,0.0,0.20313307642936707,False,False,0.0,0.0,0.0,[],0.0,0.0,0,0.0,0,1.7920000061621977e-06
mlp_aco,10,8213,86,13,1,9.0,71.0,80.0,0.4,0.33239781856536865,False,False,0.0,80.0,0.0,[],0.0,0.0,0,0.0,0,1.8339999883210112e-06
mlp_aco,10,8213,86,13,2,0.0,0.0,0.0,0.0,0.09907747060060501,False,False,0.0,0.0,0.0,[],0.0,0.0,0,0.0,0,1.8339999883210112e-06
mlp_aco,10,8213,86,13,3,0.0,0.0,0.0,0.0,0.43936213850975037,False,False,0.0,0.0,0.0,[],0.0,0.0,0,0.0,0,1.8339999883210112e-06
mlp_aco,10,8213,86,13,4,0.0,0.0,0.0,0.0,0.20313307642936707,False,False,0.0,0.0,0.0,[],0.0,0.0,0,0.0,0,1.8339999883210112e-06
mlp_aco,10,8214,86,13,1,8.0,80.0,88.0,0.44,0.3522425889968872,False,False,0.0,88.0,0.0,[],0.0,0.0,0,0.0,0,1.7079999850011518e-06
mlp_aco,10,8214,86,13,2,0.0,0.0,0.0,0.0,0.09907747060060501,False,False,0.0,0.0,0.0,[],0.0,0.0,0,0.0,0,1.7079999850011518e-06
mlp_aco,10,8214,86,13,3,0.0,0.0,0.0,0.0,0.43936213850975037,False,False,0.0,0.0,0.0,[],0.0,0.0,0,0.0,0,1.7079999850011518e-06
mlp_aco,10,8214,86,13,4,0.0,0.0,0.0,0.0,0.20313307642936707,False,False,0.0,0.0,0.0,[],0.0,0.0,0,0.0,0,1.7079999850011518e-06
mlp_aco,10,8215,86,13,1,9.0,88.0,97.0,0.485,0.42081278562545776,False,False,0.0,97.0,0.0,[],0.0,0.0,0,0.0,0,1.7919999777404882e-06
mlp_aco,10,8215,86,13,2,0.0,0.0,0.0,0.0,0.09907747060060501,False,False,0.0,0.0,0.0,[],0.0,0.0,0,0.0,0,1.7919999777404882e-06
mlp_aco,10,8215,86,13,3,0.0,0.0,0.0,0.0,0.43936213850975037,False,False,0.0,0.0,0.0,[],0.0,0.0,0,0.0,0,1.7919999777404882e-06
mlp_aco,10,8215,86,13,4,0.0,0.0,0.0,0.0,0.20313307642936707,False,False,0.0,0.0,0.0,[],0.0,0.0,0,0.0,0,1.7919999777404882e-06
mlp_aco,10,8216,86,14,1,9.0,97.0,106.0,0.53,0.5041602849960327,False,False,0.0,106.0,0.0,[],0.0,0.0,0,0.0,0,1.7499999955816747e-06
mlp_aco,10,8216,86,14,2,0.0,0.0,0.0,0.0,0.09907747060060501,False,False,0.0,0.0,0.0,[],0.0,0.0,0,0.0,0,1.7499999955816747e-06
mlp_aco,10,8216,86,14,3,0.0,0.0,0.0,0.0,0.43936213850975037,False,False,0.0,0.0,0.0,[],0.0,0.0,0,0.0,0,1.7499999955816747e-06
mlp_aco,10,8216,86,14,4,0.0,0.0,0.0,0.0,0.20313307642936707,False,False,0.0,0.0,0.0,[],0.0,0.0,0,0.0,0,1.7499999955816747e-06
mlp_aco,10,8217,86,14,1,8.0,106.0,114.0,0.57,0.5376691222190857,False,False,0.0,114.0,0.0,[],0.0,0.0,0,0.0,0,1.7499999955816747e-06
mlp_aco,10,8217,86,14,2,0.0,0.0,0.0,0.0,0.09907747060060501,False,False,0.0,0.0,0.0,[],0.0,0.0,0,0.0,0,1.7499999955816747e-06
mlp_aco,10,8217,86,14,3,0.0,0.0,0.0,0.0,0.43936213850975037,False,False,0.0,0.0,0.0,[],0.0,0.0,0,0.0,0,1.7499999955816747e-06
mlp_aco,10,8217,86,14,4,0.0,0.0,0.0,0.0,0.20313307642936707,False,False,0.0,0.0,0.0,[],0.0,0.0,0,0.0,0,1.7499999955816747e-06
mlp_aco,10,8218,86,14,1,6.0,114.0,120.0,0.6,0.45307937264442444,False,False,0.0,120.0,0.0,[],0.0,0.0,0,0.0,0,1.7919999777404882e-06
mlp_aco,10,8218,86,14,2,0.0,0.0,0.0,0.0,0.09907747060060501,False,False,0.0,0.0,0.0,[],0.0,0.0,0,0.0,0,1.7919999777404882e-06
mlp_aco,10,8218,86,14,3,0.0,0.0,0.0,0.0,0.43936213850975037,False,False,0.0,0.0,0.0,[],0.0,0.0,0,0.0,0,1.7919999777404882e-06
mlp_aco,10,8218,86,14,4,0.0,0.0,0.0,0.0,0.20313307642936707,False,False,0.0,0.0,0.0,[],0.0,0.0,0,0.0,0,1.7919999777404882e-06
mlp_aco,10,8219,86,14,1,0.0,120.0,120.0,0.6,0.2053353190422058,False,False,0.0,120.0,0.0,[],0.0,0.0,0,0.0,0,1.790999988315889e-06
mlp_aco,10,8219,86,14,2,0.0,0.0,0.0,0.0,0.09907747060060501,False,False,0.0,0.0,0.0,[],0.0,0.0,0,0.0,0,1.790999988315889e-06
mlp_aco,10,8219,86,14,3,0.0,0.0,0.0,0.0,0.43936213850975037,False,False,0.0,0.0,0.0,[],0.0,0.0,0,0.0,0,1.790999988315889e-06
mlp_aco,10,8219,86,14,4,0.0,0.0,0.0,0.0,0.20313307642936707,False,False,0.0,0.0,0.0,[],0.0,0.0,0,0.0,0,1.790999988315889e-06
mlp_aco,10,8220,86,15,1,0.0,120.0,120.0,0.6,0.25736573338508606,False,False,0.0,120.0,0.0,[],0.0,0.0,0,0.0,0,1.8340000167427206e-06
mlp_aco,10,8220,86,15,2,0.0,0.0,0.0,0.0,0.09907747060060501,False,False,0.0,0.0,0.0,[],0.0,0.0,0,0.0,0,1.8340000167427206e-06
mlp_aco,10,8220,86,15,3,0.0,0.0,0.0,0.0,0.43936213850975037,False,False,0.0,0.0,0.0,[],0.0,0.0,0,0.0,0,1.8340000167427206e-06
mlp_aco,10,8220,86,15,4,0.0,0.0,0.0,0.0,0.20313307642936707,False,False,0.0,0.0,0.0,[],0.0,0.0,0,0.0,0,1.8340000167427206e-06
mlp_aco,10,8221,86,15,1,0.0,120.0,120.0,0.6,0.31775572896003723,False,False,0.0,120.0,0.0,[],0.0,0.0,0,0.0,0,1.7500000240033842e-06
mlp_aco,10,8221,86,15,2,0.0,0.0,0.0,0.0,0.09907747060060501,False,False,0.0,0.0,0.0,[],0.0,0.0,0,0.0,0,1.7500000240033842e-06
mlp_aco,10,8221,86,15,3,0.0,0.0,0.0,0.0,0.43936213850975037,False,False,0.0,0.0,0.0,[],0.0,0.0,0,0.0,0,1.7500000240033842e-06
mlp_aco,10,8221,86,15,4,0.0,0.0,0.0,0.0,0.20313307642936707,False,False,0.0,0.0,0.0,[],0.0,0.0,0,0.0,0,1.7500000240033842e-06
mlp_aco,10,8222,86,15,1,0.0,120.0,120.0,0.6,0.3676283359527588,False,False,0.0,120.0,0.0,[],0.0,0.0,0,0.0,0,1.7080000134228612e-06
mlp_aco,10,8222,86,15,2,0.0,0.0,0.0,0.0,0.09907747060060501,False,False,0.0,0.0,0.0,[],0.0,0.0,0,0.0,0,1.7080000134228612e-06
mlp_aco,10,8222,86,15,3,0.0,0.0,0.0,0.0,0.43936213850975037,False,False,0.0,0.0,0.0,[],0.0,0.0,0,0.0,0,1.7080000134228612e-06
mlp_aco,10,8222,86,15,4,0.0,0.0,0.0,0.0,0.20313307642936707,False,False,0.0,0.0,0.0,[],0.0,0.0,0,0.0,0,1.7080000134228612e-06
mlp_aco,10,8223,86,15,1,0.0,120.0,120.0,0.6,0.3676283359527588,False,False,0.0,120.0,0.0,[],0.0,0.0,0,0.0,0,1.7499999955816747e-06
mlp_aco,10,8223,86,15,2,0.0,0.0,0.0,0.0,0.09907747060060501,False,False,0.0,0.0,0.0,[],0.0,0.0,0,0.0,0,1.7499999955816747e-06
mlp_aco,10,8223,86,15,3,0.0,0.0,0.0,0.0,0.43936213850975037,False,False,0.0,0.0,0.0,[],0.0,0.0,0,0.0,0,1.7499999955816747e-06
mlp_aco,10,8223,86,15,4,0.0,0.0,0.0,0.0,0.20313307642936707,False,False,0.0,0.0,0.0,[],0.0,0.0,0,0.0,0,1.7499999955816747e-06
mlp_aco,10,8224,86,16,1,0.0,120.0,120.0,0.6,0.3676283359527588,False,False,0.0,120.0,0.0,[],0.0,0.0,0,0.0,0,1.8340000167427206e-06
mlp_aco,10,8224,86,16,2,0.0,0.0,0.0,0.0,0.09907747060060501,False,False,0.0,0.0,0.0,[],0.0,0.0,0,0.0,0,1.8340000167427206e-06
mlp_aco,10,8224,86,16,3,0.0,0.0,0.0,0.0,0.43936213850975037,False,False,0.0,0.0,0.0,[],0.0,0.0,0,0.0,0,1.8340000167427206e-06
mlp_aco,10,8224,86,16,4,0.0,0.0,0.0,0.0,0.20313307642936707,False,False,0.0,0.0,0.0,[],0.0,0.0,0,0.0,0,1.8340000167427206e-06
mlp_aco,10,8225,86,16,1,0.0,120.0,120.0,0.6,0.3676283359527588,False,False,0.0,120.0,0.0,[],0.0,0.0,0,0.0,0,1.8339999883210112e-06
mlp_aco,10,8225,86,16,2,0.0,0.0,0.0,0.0,0.09907747060060501,False,False,0.0,0.0,0.0,[],0.0,0.0,0,0.0,0,1.8339999883210112e-06
mlp_aco,10,8225,86,16,3,0.0,0.0,0.0,0.0,0.43936213850975037,False,False,0.0,0.0,0.0,[],0.0,0.0,0,0.0,0,1.8339999883210112e-06
mlp_aco,10,8225,86,16,4,0.0,0.0,0.0,0.0,0.20313307642936707,False,False,0.0,0.0,0.0,[],0.0,0.0,0,0.0,0,1.8339999883210112e-06
mlp_aco,10,8226,86,16,1,0.0,120.0,120.0,0.6,0.3676283359527588,False,False,0.0,120.0,0.0,[],0.0,0.0,0,0.0,0,1.8329999988964119e-06
mlp_aco,10,8226,86,16,2,0.0,0.0,0.0,0.0,0.09907747060060501,False,False,0.0,0.0,0.0,[],0.0,0.0,0,0.0,0,1.8329999988964119e-06
mlp_aco,10,8226,86,16,3,0.0,0.0,0.0,0.0,0.43936213850975037,False,False,0.0,0.0,0.0,[],0.0,0.0,0,0.0,0,1.8329999988964119e-06
mlp_aco,10,8226,86,16,4,0.0,0.0,0.0,0.0,0.20313307642936707,False,False,0.0,0.0,0.0,[],0.0,0.0,0,0.0,0,1.8329999988964119e-06
mlp_aco,10,8227,86,16,1,0.0,120.0,120.0,0.6,0.3676283359527588,False,False,0.0,120.0,0.0,[],0.0,0.0,0,0.0,0,1.7920000061621977e-06
mlp_aco,10,8227,86,16,2,0.0,0.0,0.0,0.0,0.09907747060060501,False,False,0.0,0.0,0.0,[],0.0,0.0,0,0.0,0,1.7920000061621977e-06
mlp_aco,10,8227,86,16,3,0.0,0.0,0.0,0.0,0.43936213850975037,False,False,0.0,0.0,0.0,[],0.0,0.0,0,0.0,0,1.7920000061621977e-06
mlp_aco,10,8227,86,16,4,0.0,0.0,0.0,0.0,0.20313307642936707,False,False,0.0,0.0,0.0,[],0.0,0.0,0,0.0,0,1.7920000061621977e-06
mlp_aco,10,8228,86,17,1,0.0,120.0,120.0,0.6,0.3676283359527588,False,False,0.0,120.0,0.0,[],0.0,0.0,0,0.0,0,1.7499999955816747e-06
mlp_aco,10,8228,86,17,2,0.0,0.0,0.0,0.0,0.09907747060060501,False,False,0.0,0.0,0.0,[],0.0,0.0,0,0.0,0,1.7499999955816747e-06
mlp_aco,10,8228,86,17,3,0.0,0.0,0.0,0.0,0.43936213850975037,False,False,0.0,0.0,0.0,[],0.0,0.0,0,0.0,0,1.7499999955816747e-06
mlp_aco,10,8228,86,17,4,0.0,0.0,0.0,0.0,0.20313307642936707,False,False,0.0,0.0,0.0,[],0.0,0.0,0,0.0,0,1.7499999955816747e-06
mlp_aco,10,8229,86,17,1,0.0,120.0,120.0,0.6,0.3676283359527588,False,False,0.0,120.0,0.0,[],0.0,0.0,0,0.0,0,1.8339999883210112e-06
mlp_aco,10,8229,86,17,2,0.0,0.0,0.0,0.0,0.09907747060060501,False,False,0.0,0.0,0.0,[],0.0,0.0,0,0.0,0,1.8339999883210112e-06
mlp_aco,10,8229,86,17,3,0.0,0.0,0.0,0.0,0.43936213850975037,False,False,0.0,0.0,0.0,[],0.0,0.0,0,0.0,0,1.8339999883210112e-06
mlp_aco,10,8229,86,17,4,0.0,0.0,0.0,0.0,0.20313307642936707,False,False,0.0,0.0,0.0,[],0.0,0.0,0,0.0,0,1.8339999883210112e-06
mlp_aco,10,8230,86,17,1,0.0,120.0,120.0,0.6,0.3676283359527588,False,False,0.0,120.0,0.0,[],0.0,0.0,0,0.0,0,1.7499999955816747e-06
mlp_aco,10,8230,86,17,2,0.0,0.0,0.0,0.0,0.09907747060060501,False,False,0.0,0.0,0.0,[],0.0,0.0,0,0.0,0,1.7499999955816747e-06
mlp_aco,10,8230,86,17,3,0.0,0.0,0.0,0.0,0.43936213850975037,False,False,0.0,0.0,0.0,[],0.0,0.0,0,0.0,0,1.7499999955816747e-06
mlp_aco,10,8230,86,17,4,0.0,0.0,0.0,0.0,0.20313307642936707,False,False,0.0,0.0,0.0,[],0.0,0.0,0,0.0,0,1.7499999955816747e-06
mlp_aco,10,8231,86,17,1,0.0,120.0,120.0,0.6,0.3676283359527588,False,False,0.0,120.0,0.0,[],0.0,0.0,0,0.0,0,1.7499999955816747e-06
mlp_aco,10,8231,86,17,2,0.0,0.0,0.0,0.0,0.09907747060060501,False,False,0.0,0.0,0.0,[],0.0,0.0,0,0.0,0,1.7499999955816747e-06
mlp_aco,10,8231,86,17,3,0.0,0.0,0.0,0.0,0.43936213850975037,False,False,0.0,0.0,0.0,[],0.0,0.0,0,0.0,0,1.7499999955816747e-06
mlp_aco,10,8231,86,17,4,0.0,0.0,0.0,0.0,0.20313307642936707,False,False,0.0,0.0,0.0,[],0.0,0.0,0,0.0,0,1.7499999955816747e-06
mlp_aco,10,8232,86,18,1,0.0,120.0,120.0,0.6,0.3676283359527588,False,False,0.0,120.0,0.0,[],0.0,0.0,0,0.0,0,1.7089999744257511e-06
mlp_aco,10,8232,86,18,2,0.0,0.0,0.0,0.0,0.09907747060060501,False,False,0.0,0.0,0.0,[],0.0,0.0,0,0.0,0,1.7089999744257511e-06
mlp_aco,10,8232,86,18,3,0.0,0.0,0.0,0.0,0.43936213850975037,False,False,0.0,0.0,0.0,[],0.0,0.0,0,0.0,0,1.7089999744257511e-06
mlp_aco,10,8232,86,18,4,0.0,0.0,0.0,0.0,0.20313307642936707,False,False,0.0,0.0,0.0,[],0.0,0.0,0,0.0,0,1.7089999744257511e-06
mlp_aco,10,8233,86,18,1,0.0,120.0,120.0,0.6,0.3676283359527588,False,False,0.0,120.0,0.0,[],0.0,0.0,0,0.0,0,1.7499999955816747e-06
mlp_aco,10,8233,86,18,2,0.0,0.0,0.0,0.0,0.09907747060060501,False,False,0.0,0.0,0.0,[],0.0,0.0,0,0.0,0,1.7499999955816747e-06
mlp_aco,10,8233,86,18,3,0.0,0.0,0.0,0.0,0.43936213850975037,False,False,0.0,0.0,0.0,[],0.0,0.0,0,0.0,0,1.7499999955816747e-06
mlp_aco,10,8233,86,18,4,0.0,0.0,0.0,0.0,0.20313307642936707,False,False,0.0,0.0,0.0,[],0.0,0.0,0,0.0,0,1.7499999955816747e-06
mlp_aco,10,8234,86,18,1,0.0,120.0,120.0,0.6,0.3676283359527588,False,False,0.0,120.0,0.0,[],0.0,0.0,0,0.0,0,1.7080000134228612e-06
mlp_aco,10,8234,86,18,2,0.0,0.0,0.0,0.0,0.09907747060060501,False,False,0.0,0.0,0.0,[],0.0,0.0,0,0.0,0,1.7080000134228612e-06
mlp_aco,10,8234,86,18,3,0.0,0.0,0.0,0.0,0.43936213850975037,False,False,0.0,0.0,0.0,[],0.0,0.0,0,0.0,0,1.7080000134228612e-06
mlp_aco,10,8234,86,18,4,0.0,0.0,0.0,0.0,0.20313307642936707,False,False,0.0,0.0,0.0,[],0.0,0.0,0,0.0,0,1.7080000134228612e-06
mlp_aco,10,8235,86,18,1,0.0,120.0,120.0,0.6,0.3676283359527588,False,False,0.0,120.0,0.0,[],0.0,0.0,0,0.0,0,1.6660000028423383e-06
mlp_aco,10,8235,86,18,2,0.0,0.0,0.0,0.0,0.09907747060060501,False,False,0.0,0.0,0.0,[],0.0,0.0,0,0.0,0,1.6660000028423383e-06
mlp_aco,10,8235,86,18,3,0.0,0.0,0.0,0.0,0.43936213850975037,False,False,0.0,0.0,0.0,[],0.0,0.0,0,0.0,0,1.6660000028423383e-06
mlp_aco,10,8235,86,18,4,0.0,0.0,0.0,0.0,0.20313307642936707,False,False,0.0,0.0,0.0,[],0.0,0.0,0,0.0,0,1.6660000028423383e-06
mlp_aco,10,8236,86,19,1,0.0,120.0,120.0,0.6,0.3676283359527588,False,False,0.0,120.0,0.0,[],0.0,0.0,0,0.0,0,1.7499999955816747e-06
mlp_aco,10,8236,86,19,2,0.0,0.0,0.0,0.0,0.09907747060060501,False,False,0.0,0.0,0.0,[],0.0,0.0,0,0.0,0,1.7499999955816747e-06
mlp_aco,10,8236,86,19,3,0.0,0.0,0.0,0.0,0.43936213850975037,False,False,0.0,0.0,0.0,[],0.0,0.0,0,0.0,0,1.7499999955816747e-06
mlp_aco,10,8236,86,19,4,0.0,0.0,0.0,0.0,0.20313307642936707,False,False,0.0,0.0,0.0,[],0.0,0.0,0,0.0,0,1.7499999955816747e-06
mlp_aco,10,8237,86,19,1,0.0,120.0,120.0,0.6,0.3676283359527588,False,False,0.0,120.0,0.0,[],0.0,0.0,0,0.0,0,1.790999988315889e-06
mlp_aco,10,8237,86,19,2,0.0,0.0,0.0,0.0,0.09907747060060501,False,False,0.0,0.0,0.0,[],0.0,0.0,0,0.0,0,1.790999988315889e-06
mlp_aco,10,8237,86,19,3,0.0,0.0,0.0,0.0,0.43936213850975037,False,False,0.0,0.0,0.0,[],0.0,0.0,0,0.0,0,1.790999988315889e-06
mlp_aco,10,8237,86,19,4,0.0,0.0,0.0,0.0,0.20313307642936707,False,False,0.0,0.0,0.0,[],0.0,0.0,0,0.0,0,1.790999988315889e-06
mlp_aco,10,8238,86,19,1,0.0,120.0,120.0,0.6,0.3676283359527588,False,False,0.0,120.0,0.0,[],0.0,0.0,0,0.0,0,1.7079999850011518e-06
mlp_aco,10,8238,86,19,2,0.0,0.0,0.0,0.0,0.09907747060060501,False,False,0.0,0.0,0.0,[],0.0,0.0,0,0.0,0,1.7079999850011518e-06
mlp_aco,10,8238,86,19,3,0.0,0.0,0.0,0.0,0.43936213850975037,False,False,0.0,0.0,0.0,[],0.0,0.0,0,0.0,0,1.7079999850011518e-06
mlp_aco,10,8238,86,19,4,0.0,0.0,0.0,0.0,0.20313307642936707,False,False,0.0,0.0,0.0,[],0.0,0.0,0,0.0,0,1.7079999850011518e-06
mlp_aco,10,8239,86,19,1,0.0,120.0,120.0,0.6,0.3676283359527588,False,False,0.0,120.0,0.0,[],0.0,0.0,0,0.0,0,1.7920000061621977e-06
mlp_aco,10,8239,86,19,2,0.0,0.0,0.0,0.0,0.09907747060060501,False,False,0.0,0.0,0.0,[],0.0,0.0,0,0.0,0,1.7920000061621977e-06
mlp_aco,10,8239,86,19,3,0.0,0.0,0.0,0.0,0.43936213850975037,False,False,0.0,0.0,0.0,[],0.0,0.0,0,0.0,0,1.7920000061621977e-06
mlp_aco,10,8239,86,19,4,0.0,0.0,0.0,0.0,0.20313307642936707,False,False,0.0,0.0,0.0,[],0.0,0.0,0,0.0,0,1.7920000061621977e-06
mlp_aco,10,8240,86,20,1,0.0,120.0,120.0,0.6,0.3676283359527588,False,False,0.0,120.0,0.0,[],0.0,0.0,0,0.0,0,1.7910000167375983e-06
mlp_aco,10,8240,86,20,2,0.0,0.0,0.0,0.0,0.09907747060060501,False,False,0.0,0.0,0.0,[],0.0,0.0,0,0.0,0,1.7910000167375983e-06
mlp_aco,10,8240,86,20,3,0.0,0.0,0.0,0.0,0.43936213850975037,False,False,0.0,0.0,0.0,[],0.0,0.0,0,0.0,0,1.7910000167375983e-06
mlp_aco,10,8240,86,20,4,0.0,0.0,0.0,0.0,0.20313307642936707,False,False,0.0,0.0,0.0,[],0.0,0.0,0,0.0,0,1.7910000167375983e-06
mlp_aco,10,8241,86,20,1,0.0,120.0,120.0,0.6,0.3676283359527588,False,False,0.0,120.0,0.0,[],0.0,0.0,0,0.0,0,1.7500000240033842e-06
mlp_aco,10,8241,86,20,2,0.0,0.0,0.0,0.0,0.09907747060060501,False,False,0.0,0.0,0.0,[],0.0,0.0,0,0.0,0,1.7500000240033842e-06
mlp_aco,10,8241,86,20,3,0.0,0.0,0.0,0.0,0.43936213850975037,False,False,0.0,0.0,0.0,[],0.0,0.0,0,0.0,0,1.7500000240033842e-06
mlp_aco,10,8241,86,20,4,0.0,0.0,0.0,0.0,0.20313307642936707,False,False,0.0,0.0,0.0,[],0.0,0.0,0,0.0,0,1.7500000240033842e-06
mlp_aco,10,8242,86,20,1,0.0,120.0,120.0,0.6,0.3676283359527588,False,False,0.0,120.0,0.0,[],0.0,0.0,0,0.0,0,1.7920000061621977e-06
mlp_aco,10,8242,86,20,2,0.0,0.0,0.0,0.0,0.09907747060060501,False,False,0.0,0.0,0.0,[],0.0,0.0,0,0.0,0,1.7920000061621977e-06
mlp_aco,10,8242,86,20,3,0.0,0.0,0.0,0.0,0.43936213850975037,False,False,0.0,0.0,0.0,[],0.0,0.0,0,0.0,0,1.7920000061621977e-06
mlp_aco,10,8242,86,20,4,0.0,0.0,0.0,0.0,0.20313307642936707,False,False,0.0,0.0,0.0,[],0.0,0.0,0,0.0,0,1.7920000061621977e-06
mlp_aco,10,8243,86,20,1,0.0,120.0,120.0,0.6,0.3676283359527588,False,False,0.0,120.0,0.0,[],0.0,0.0,0,0.0,0,1.8339999883210112e-06
mlp_aco,10,8243,86,20,2,0.0,0.0,0.0,0.0,0.09907747060060501,False,False,0.0,0.0,0.0,[],0.0,0.0,0,0.0,0,1.8339999883210112e-06
mlp_aco,10,8243,86,20,3,0.0,0.0,0.0,0.0,0.43936213850975037,False,False,0.0,0.0,0.0,[],0.0,0.0,0,0.0,0,1.8339999883210112e-06
mlp_aco,10,8243,86,20,4,0.0,0.0,0.0,0.0,0.20313307642936707,False,False,0.0,0.0,0.0,[],0.0,0.0,0,0.0,0,1.8339999883210112e-06
mlp_aco,10,8244,86,21,1,0.0,120.0,120.0,0.6,0.3676283359527588,False,False,0.0,120.0,0.0,[],0.0,0.0,0,0.0,0,1.7920000061621977e-06
mlp_aco,10,8244,86,21,2,0.0,0.0,0.0,0.0,0.09907747060060501,False,False,0.0,0.0,0.0,[],0.0,0.0,0,0.0,0,1.7920000061621977e-06
mlp_aco,10,8244,86,21,3,0.0,0.0,0.0,0.0,0.43936213850975037,False,False,0.0,0.0,0.0,[],0.0,0.0,0,0.0,0,1.7920000061621977e-06
mlp_aco,10,8244,86,21,4,0.0,0.0,0.0,0.0,0.20313307642936707,False,False,0.0,0.0,0.0,[],0.0,0.0,0,0.0,0,1.7920000061621977e-06
mlp_aco,10,8245,86,21,1,0.0,120.0,120.0,0.6,0.3676283359527588,False,False,0.0,120.0,0.0,[],0.0,0.0,0,0.0,0,1.7499999955816747e-06
mlp_aco,10,8245,86,21,2,0.0,0.0,0.0,0.0,0.09907747060060501,False,False,0.0,0.0,0.0,[],0.0,0.0,0,0.0,0,1.7499999955816747e-06
mlp_aco,10,8245,86,21,3,0.0,0.0,0.0,0.0,0.43936213850975037,False,False,0.0,0.0,0.0,[],0.0,0.0,0,0.0,0,1.7499999955816747e-06
mlp_aco,10,8245,86,21,4,0.0,0.0,0.0,0.0,0.20313307642936707,False,False,0.0,0.0,0.0,[],0.0,0.0,0,0.0,0,1.7499999955816747e-06
mlp_aco,10,8246,86,21,1,0.0,120.0,120.0,0.6,0.3676283359527588,False,False,0.0,120.0,0.0,[],0.0,0.0,0,0.0,0,1.7499999955816747e-06
mlp_aco,10,8246,86,21,2,0.0,0.0,0.0,0.0,0.09907747060060501,False,False,0.0,0.0,0.0,[],0.0,0.0,0,0.0,0,1.7499999955816747e-06
mlp_aco,10,8246,86,21,3,0.0,0.0,0.0,0.0,0.43936213850975037,False,False,0.0,0.0,0.0,[],0.0,0.0,0,0.0,0,1.7499999955816747e-06
mlp_aco,10,8246,86,21,4,0.0,0.0,0.0,0.0,0.20313307642936707,False,False,0.0,0.0,0.0,[],0.0,0.0,0,0.0,0,1.7499999955816747e-06
mlp_aco,10,8247,86,21,1,0.0,120.0,120.0,0.6,0.3676283359527588,False,False,0.0,120.0,0.0,[],0.0,0.0,0,0.0,0,1.7920000061621977e-06
mlp_aco,10,8247,86,21,2,0.0,0.0,0.0,0.0,0.09907747060060501,False,False,0.0,0.0,0.0,[],0.0,0.0,0,0.0,0,1.7920000061621977e-06
mlp_aco,10,8247,86,21,3,0.0,0.0,0.0,0.0,0.43936213850975037,False,False,0.0,0.0,0.0,[],0.0,0.0,0,0.0,0,1.7920000061621977e-06
mlp_aco,10,8247,86,21,4,0.0,0.0,0.0,0.0,0.20313307642936707,False,False,0.0,0.0,0.0,[],0.0,0.0,0,0.0,0,1.7920000061621977e-06
mlp_aco,10,8248,86,22,1,0.0,120.0,120.0,0.6,0.3676283359527588,False,False,0.0,120.0,0.0,[],0.0,0.0,0,0.0,0,1.8329999988964119e-06
mlp_aco,10,8248,86,22,2,0.0,0.0,0.0,0.0,0.09907747060060501,False,False,0.0,0.0,0.0,[],0.0,0.0,0,0.0,0,1.8329999988964119e-06
mlp_aco,10,8248,86,22,3,0.0,0.0,0.0,0.0,0.43936213850975037,False,False,0.0,0.0,0.0,[],0.0,0.0,0,0.0,0,1.8329999988964119e-06
mlp_aco,10,8248,86,22,4,0.0,0.0,0.0,0.0,0.20313307642936707,False,False,0.0,0.0,0.0,[],0.0,0.0,0,0.0,0,1.8329999988964119e-06
mlp_aco,10,8249,86,22,1,0.0,120.0,120.0,0.6,0.3676283359527588,False,False,0.0,120.0,0.0,[],0.0,0.0,0,0.0,0,1.9170000200574577e-06
mlp_aco,10,8249,86,22,2,0.0,0.0,0.0,0.0,0.09907747060060501,False,False,0.0,0.0,0.0,[],0.0,0.0,0,0.0,0,1.9170000200574577e-06
mlp_aco,10,8249,86,22,3,0.0,0.0,0.0,0.0,0.43936213850975037,False,False,0.0,0.0,0.0,[],0.0,0.0,0,0.0,0,1.9170000200574577e-06
mlp_aco,10,8249,86,22,4,0.0,0.0,0.0,0.0,0.20313307642936707,False,False,0.0,0.0,0.0,[],0.0,0.0,0,0.0,0,1.9170000200574577e-06
mlp_aco,10,8250,86,22,1,0.0,120.0,120.0,0.6,0.3676283359527588,False,False,0.0,120.0,0.0,[],0.0,0.0,0,0.0,0,1.8330000273181213e-06
mlp_aco,10,8250,86,22,2,0.0,0.0,0.0,0.0,0.09907747060060501,False,False,0.0,0.0,0.0,[],0.0,0.0,0,0.0,0,1.8330000273181213e-06
mlp_aco,10,8250,86,22,3,0.0,0.0,0.0,0.0,0.43936213850975037,False,False,0.0,0.0,0.0,[],0.0,0.0,0,0.0,0,1.8330000273181213e-06
mlp_aco,10,8250,86,22,4,0.0,0.0,0.0,0.0,0.20313307642936707,False,False,0.0,0.0,0.0,[],0.0,0.0,0,0.0,0,1.8330000273181213e-06
mlp_aco,10,8251,86,22,1,0.0,120.0,120.0,0.6,0.3676283359527588,False,False,0.0,120.0,0.0,[],0.0,0.0,0,0.0,0,1.7079999850011518e-06
mlp_aco,10,8251,86,22,2,0.0,0.0,0.0,0.0,0.09907747060060501,False,False,0.0,0.0,0.0,[],0.0,0.0,0,0.0,0,1.7079999850011518e-06
mlp_aco,10,8251,86,22,3,0.0,0.0,0.0,0.0,0.43936213850975037,False,False,0.0,0.0,0.0,[],0.0,0.0,0,0.0,0,1.7079999850011518e-06
mlp_aco,10,8251,86,22,4,0.0,0.0,0.0,0.0,0.20313307642936707,False,False,0.0,0.0,0.0,[],0.0,0.0,0,0.0,0,1.7079999850011518e-06
mlp_aco,10,8252,86,23,1,0.0,120.0,120.0,0.6,0.3676283359527588,False,False,0.0,120.0,0.0,[],0.0,0.0,0,0.0,0,1.7079999850011518e-06
mlp_aco,10,8252,86,23,2,0.0,0.0,0.0,0.0,0.09907747060060501,False,False,0.0,0.0,0.0,[],0.0,0.0,0,0.0,0,1.7079999850011518e-06
mlp_aco,10,8252,86,23,3,0.0,0.0,0.0,0.0,0.43936213850975037,False,False,0.0,0.0,0.0,[],0.0,0.0,0,0.0,0,1.7079999850011518e-06
mlp_aco,10,8252,86,23,4,0.0,0.0,0.0,0.0,0.20313307642936707,False,False,0.0,0.0,0.0,[],0.0,0.0,0,0.0,0,1.7079999850011518e-06
mlp_aco,10,8253,86,23,1,0.0,120.0,120.0,0.6,0.3676283359527588,False,False,0.0,120.0,0.0,[],0.0,0.0,0,0.0,0,1.7920000061621977e-06
mlp_aco,10,8253,86,23,2,0.0,0.0,0.0,0.0,0.09907747060060501,False,False,0.0,0.0,0.0,[],0.0,0.0,0,0.0,0,1.7920000061621977e-06
mlp_aco,10,8253,86,23,3,0.0,0.0,0.0,0.0,0.43936213850975037,False,False,0.0,0.0,0.0,[],0.0,0.0,0,0.0,0,1.7920000061621977e-06
mlp_aco,10,8253,86,23,4,0.0,0.0,0.0,0.0,0.20313307642936707,False,False,0.0,0.0,0.0,[],0.0,0.0,0,0.0,0,1.7920000061621977e-06
mlp_aco,10,8254,86,23,1,0.0,120.0,120.0,0.6,0.3676283359527588,False,False,0.0,120.0,0.0,[],0.0,0.0,0,0.0,0,1.7499999955816747e-06
mlp_aco,10,8254,86,23,2,0.0,0.0,0.0,0.0,0.09907747060060501,False,False,0.0,0.0,0.0,[],0.0,0.0,0,0.0,0,1.7499999955816747e-06
mlp_aco,10,8254,86,23,3,0.0,0.0,0.0,0.0,0.43936213850975037,False,False,0.0,0.0,0.0,[],0.0,0.0,0,0.0,0,1.7499999955816747e-06
mlp_aco,10,8254,86,23,4,0.0,0.0,0.0,0.0,0.20313307642936707,False,False,0.0,0.0,0.0,[],0.0,0.0,0,0.0,0,1.7499999955816747e-06
mlp_aco,10,8255,86,23,1,0.0,120.0,120.0,0.6,0.3676283359527588,False,False,0.0,120.0,0.0,[],0.0,0.0,0,0.0,0,1.7910000167375983e-06
mlp_aco,10,8255,86,23,2,0.0,0.0,0.0,0.0,0.09907747060060501,False,False,0.0,0.0,0.0,[],0.0,0.0,0,0.0,0,1.7910000167375983e-06
mlp_aco,10,8255,86,23,3,0.0,0.0,0.0,0.0,0.43936213850975037,False,False,0.0,0.0,0.0,[],0.0,0.0,0,0.0,0,1.7910000167375983e-06
mlp_aco,10,8255,86,23,4,0.0,0.0,0.0,0.0,0.20313307642936707,False,False,0.0,0.0,0.0,[],0.0,0.0,0,0.0,0,1.7910000167375983e-06
mlp_aco,10,8256,87,0,1,30.0,120.0,150.0,0.75,0.9999843239784241,True,True,30.0,120.0,0.0,[1],10.0,10.0,1,10.0,0,0.009149082999982738
mlp_aco,10,8256,87,0,2,0.0,0.0,0.0,0.0,0.09907747060060501,False,False,0.0,0.0,0.0,[],10.0,10.0,1,10.0,0,0.009149082999982738
mlp_aco,10,8256,87,0,3,0.0,0.0,0.0,0.0,0.43936213850975037,False,False,0.0,0.0,0.0,[],10.0,10.0,1,10.0,0,0.009149082999982738
mlp_aco,10,8256,87,0,4,0.0,0.0,0.0,0.0,0.20313307642936707,False,False,0.0,0.0,0.0,[],10.0,10.0,1,10.0,0,0.009149082999982738
mlp_aco,10,8257,87,0,1,61.0,120.0,181.0,0.905,1.0,True,True,30.0,151.0,0.0,[1],10.0,10.0,1,10.0,0,0.009165042000006451
mlp_aco,10,8257,87,0,2,0.0,0.0,0.0,0.0,0.09907747060060501,False,False,0.0,0.0,0.0,[],10.0,10.0,1,10.0,0,0.009165042000006451
mlp_aco,10,8257,87,0,3,0.0,0.0,0.0,0.0,0.43936213850975037,False,False,0.0,0.0,0.0,[],10.0,10.0,1,10.0,0,0.009165042000006451
mlp_aco,10,8257,87,0,4,0.0,0.0,0.0,0.0,0.20313307642936707,False,False,0.0,0.0,0.0,[],10.0,10.0,1,10.0,0,0.009165042000006451
mlp_aco,10,8258,87,0,1,87.0,151.0,238.0,1.19,1.0,True,True,30.0,200.0,8.0,[1],10.0,10.0,1,10.0,0,0.009207542000012836
mlp_aco,10,8258,87,0,2,0.0,0.0,0.0,0.0,0.09907747060060501,False,False,0.0,0.0,0.0,[],10.0,10.0,1,10.0,0,0.009207542000012836
mlp_aco,10,8258,87,0,3,0.0,0.0,0.0,0.0,0.43936213850975037,False,False,0.0,0.0,0.0,[],10.0,10.0,1,10.0,0,0.009207542000012836
mlp_aco,10,8258,87,0,4,0.0,0.0,0.0,0.0,0.20313307642936707,False,False,0.0,0.0,0.0,[],10.0,10.0,1,10.0,0,0.009207542000012836
mlp_aco,10,8259,87,0,1,91.0,200.0,291.0,1.455,1.0,True,True,30.0,200.0,61.0,[1],10.0,10.0,1,10.0,0,0.009130625000011605
mlp_aco,10,8259,87,0,2,0.0,0.0,0.0,0.0,0.09907747060060501,False,False,0.0,0.0,0.0,[],10.0,10.0,1,10.0,0,0.009130625000011605
mlp_aco,10,8259,87,0,3,0.0,0.0,0.0,0.0,0.43936213850975037,False,False,0.0,0.0,0.0,[],10.0,10.0,1,10.0,0,0.009130625000011605
mlp_aco,10,8259,87,0,4,0.0,0.0,0.0,0.0,0.20313307642936707,False,False,0.0,0.0,0.0,[],10.0,10.0,1,10.0,0,0.009130625000011605
mlp_aco,10,8260,87,1,1,96.0,200.0,296.0,1.48,1.0,True,True,30.0,200.0,66.0,[1],10.0,10.0,1,10.0,0,0.009007999999994354
mlp_aco,10,8260,87,1,2,0.0,0.0,0.0,0.0,0.09907747060060501,False,False,0.0,0.0,0.0,[],10.0,10.0,1,10.0,0,0.009007999999994354
mlp_aco,10,8260,87,1,3,0.0,0.0,0.0,0.0,0.43936213850975037,False,False,0.0,0.0,0.0,[],10.0,10.0,1,10.0,0,0.009007999999994354
mlp_aco,10,8260,87,1,4,0.0,0.0,0.0,0.0,0.20313307642936707,False,False,0.0,0.0,0.0,[],10.0,10.0,1,10.0,0,0.009007999999994354
mlp_aco,10,8261,87,1,1,92.0,200.0,292.0,1.46,1.0,True,True,30.0,200.0,62.0,[1],10.0,10.0,1,10.0,0,0.008926750000000538
mlp_aco,10,8261,87,1,2,0.0,0.0,0.0,0.0,0.09907747060060501,False,False,0.0,0.0,0.0,[],10.0,10.0,1,10.0,0,0.008926750000000538
mlp_aco,10,8261,87,1,3,0.0,0.0,0.0,0.0,0.43936213850975037,False,False,0.0,0.0,0.0,[],10.0,10.0,1,10.0,0,0.008926750000000538
mlp_aco,10,8261,87,1,4,0.0,0.0,0.0,0.0,0.20313307642936707,False,False,0.0,0.0,0.0,[],10.0,10.0,1,10.0,0,0.008926750000000538
mlp_aco,10,8262,87,1,1,98.0,200.0,298.0,1.49,1.0,True,True,30.0,200.0,68.0,[1],10.0,10.0,1,10.0,0,0.008993000000003804
mlp_aco,10,8262,87,1,2,0.0,0.0,0.0,0.0,0.09907747060060501,False,False,0.0,0.0,0.0,[],10.0,10.0,1,10.0,0,0.008993000000003804
mlp_aco,10,8262,87,1,3,0.0,0.0,0.0,0.0,0.43936213850975037,False,False,0.0,0.0,0.0,[],10.0,10.0,1,10.0,0,0.008993000000003804
mlp_aco,10,8262,87,1,4,0.0,0.0,0.0,0.0,0.20313307642936707,False,False,0.0,0.0,0.0,[],10.0,10.0,1,10.0,0,0.008993000000003804
mlp_aco,10,8263,87,1,1,93.0,200.0,293.0,1.465,1.0,True,True,30.0,200.0,63.0,[1],10.0,10.0,1,10.0,0,0.009131042000007028
mlp_aco,10,8263,87,1,2,0.0,0.0,0.0,0.0,0.09907747060060501,False,False,0.0,0.0,0.0,[],10.0,10.0,1,10.0,0,0.009131042000007028
mlp_aco,10,8263,87,1,3,0.0,0.0,0.0,0.0,0.43936213850975037,False,False,0.0,0.0,0.0,[],10.0,10.0,1,10.0,0,0.009131042000007028
mlp_aco,10,8263,87,1,4,0.0,0.0,0.0,0.0,0.20313307642936707,False,False,0.0,0.0,0.0,[],10.0,10.0,1,10.0,0,0.009131042000007028
mlp_aco,10,8264,87,2,1,95.0,200.0,295.0,1.475,1.0,True,True,30.0,200.0,65.0,[1],10.0,10.0,1,10.0,0,0.00906745800000408
mlp_aco,10,8264,87,2,2,0.0,0.0,0.0,0.0,0.09907747060060501,False,False,0.0,0.0,0.0,[],10.0,10.0,1,10.0,0,0.00906745800000408
mlp_aco,10,8264,87,2,3,0.0,0.0,0.0,0.0,0.43936213850975037,False,False,0.0,0.0,0.0,[],10.0,10.0,1,10.0,0,0.00906745800000408
mlp_aco,10,8264,87,2,4,0.0,0.0,0.0,0.0,0.20313307642936707,False,False,0.0,0.0,0.0,[],10.0,10.0,1,10.0,0,0.00906745800000408
mlp_aco,10,8265,87,2,1,99.0,200.0,299.0,1.495,1.0,True,True,30.0,200.0,69.0,[1],10.0,10.0,1,10.0,0,0.009173083999996834
mlp_aco,10,8265,87,2,2,0.0,0.0,0.0,0.0,0.09907747060060501,False,False,0.0,0.0,0.0,[],10.0,10.0,1,10.0,0,0.009173083999996834
mlp_aco,10,8265,87,2,3,0.0,0.0,0.0,0.0,0.43936213850975037,False,False,0.0,0.0,0.0,[],10.0,10.0,1,10.0,0,0.009173083999996834
mlp_aco,10,8265,87,2,4,0.0,0.0,0.0,0.0,0.20313307642936707,False,False,0.0,0.0,0.0,[],10.0,10.0,1,10.0,0,0.009173083999996834
mlp_aco,10,8266,87,2,1,99.0,200.0,299.0,1.495,1.0,True,True,30.0,200.0,69.0,[1],10.0,10.0,1,10.0,0,0.009177708000009943
mlp_aco,10,8266,87,2,2,0.0,0.0,0.0,0.0,0.09907747060060501,False,False,0.0,0.0,0.0,[],10.0,10.0,1,10.0,0,0.009177708000009943
mlp_aco,10,8266,87,2,3,0.0,0.0,0.0,0.0,0.43936213850975037,False,False,0.0,0.0,0.0,[],10.0,10.0,1,10.0,0,0.009177708000009943
mlp_aco,10,8266,87,2,4,0.0,0.0,0.0,0.0,0.20313307642936707,False,False,0.0,0.0,0.0,[],10.0,10.0,1,10.0,0,0.009177708000009943
mlp_aco,10,8267,87,2,1,97.0,200.0,297.0,1.485,1.0,True,True,30.0,200.0,67.0,[1],10.0,10.0,1,10.0,0,0.009013332999984414
mlp_aco,10,8267,87,2,2,0.0,0.0,0.0,0.0,0.09907747060060501,False,False,0.0,0.0,0.0,[],10.0,10.0,1,10.0,0,0.009013332999984414
mlp_aco,10,8267,87,2,3,0.0,0.0,0.0,0.0,0.43936213850975037,False,False,0.0,0.0,0.0,[],10.0,10.0,1,10.0,0,0.009013332999984414
mlp_aco,10,8267,87,2,4,0.0,0.0,0.0,0.0,0.20313307642936707,False,False,0.0,0.0,0.0,[],10.0,10.0,1,10.0,0,0.009013332999984414
mlp_aco,10,8268,87,3,1,97.0,200.0,297.0,1.485,1.0,True,True,30.0,200.0,67.0,[1],10.0,10.0,1,10.0,0,0.008901416000014706
mlp_aco,10,8268,87,3,2,0.0,0.0,0.0,0.0,0.09907747060060501,False,False,0.0,0.0,0.0,[],10.0,10.0,1,10.0,0,0.008901416000014706
mlp_aco,10,8268,87,3,3,0.0,0.0,0.0,0.0,0.43936213850975037,False,False,0.0,0.0,0.0,[],10.0,10.0,1,10.0,0,0.008901416000014706
mlp_aco,10,8268,87,3,4,0.0,0.0,0.0,0.0,0.20313307642936707,False,False,0.0,0.0,0.0,[],10.0,10.0,1,10.0,0,0.008901416000014706
mlp_aco,10,8269,87,3,1,99.0,200.0,299.0,1.495,1.0,True,True,30.0,200.0,69.0,[1],10.0,10.0,1,10.0,0,0.008971000000002505
mlp_aco,10,8269,87,3,2,0.0,0.0,0.0,0.0,0.09907747060060501,False,False,0.0,0.0,0.0,[],10.0,10.0,1,10.0,0,0.008971000000002505
mlp_aco,10,8269,87,3,3,0.0,0.0,0.0,0.0,0.43936213850975037,False,False,0.0,0.0,0.0,[],10.0,10.0,1,10.0,0,0.008971000000002505
mlp_aco,10,8269,87,3,4,0.0,0.0,0.0,0.0,0.20313307642936707,False,False,0.0,0.0,0.0,[],10.0,10.0,1,10.0,0,0.008971000000002505
mlp_aco,10,8270,87,3,1,97.0,200.0,297.0,1.485,1.0,True,True,30.0,200.0,67.0,[1],10.0,10.0,1,10.0,0,0.009163583000002973
mlp_aco,10,8270,87,3,2,0.0,0.0,0.0,0.0,0.09907747060060501,False,False,0.0,0.0,0.0,[],10.0,10.0,1,10.0,0,0.009163583000002973
mlp_aco,10,8270,87,3,3,0.0,0.0,0.0,0.0,0.43936213850975037,False,False,0.0,0.0,0.0,[],10.0,10.0,1,10.0,0,0.009163583000002973
mlp_aco,10,8270,87,3,4,0.0,0.0,0.0,0.0,0.20313307642936707,False,False,0.0,0.0,0.0,[],10.0,10.0,1,10.0,0,0.009163583000002973
mlp_aco,10,8271,87,3,1,90.0,200.0,290.0,1.45,1.0,True,True,30.0,200.0,60.0,[1],10.0,10.0,1,10.0,0,0.008976416999985304
mlp_aco,10,8271,87,3,2,0.0,0.0,0.0,0.0,0.09907747060060501,False,False,0.0,0.0,0.0,[],10.0,10.0,1,10.0,0,0.008976416999985304
mlp_aco,10,8271,87,3,3,0.0,0.0,0.0,0.0,0.43936213850975037,False,False,0.0,0.0,0.0,[],10.0,10.0,1,10.0,0,0.008976416999985304
mlp_aco,10,8271,87,3,4,0.0,0.0,0.0,0.0,0.20313307642936707,False,False,0.0,0.0,0.0,[],10.0,10.0,1,10.0,0,0.008976416999985304
mlp_aco,10,8272,87,4,1,82.0,200.0,282.0,1.41,1.0,True,True,30.0,200.0,52.0,[1],10.0,10.0,1,10.0,0,0.00931387500000369
mlp_aco,10,8272,87,4,2,0.0,0.0,0.0,0.0,0.09907747060060501,False,False,0.0,0.0,0.0,[],10.0,10.0,1,10.0,0,0.00931387500000369
mlp_aco,10,8272,87,4,3,0.0,0.0,0.0,0.0,0.43936213850975037,False,False,0.0,0.0,0.0,[],10.0,10.0,1,10.0,0,0.00931387500000369
mlp_aco,10,8272,87,4,4,0.0,0.0,0.0,0.0,0.20313307642936707,False,False,0.0,0.0,0.0,[],10.0,10.0,1,10.0,0,0.00931387500000369
mlp_aco,10,8273,87,4,1,77.0,200.0,277.0,1.385,1.0,True,True,30.0,200.0,47.0,[1],10.0,10.0,1,10.0,0,0.008855374999996002
mlp_aco,10,8273,87,4,2,0.0,0.0,0.0,0.0,0.09907747060060501,False,False,0.0,0.0,0.0,[],10.0,10.0,1,10.0,0,0.008855374999996002
mlp_aco,10,8273,87,4,3,0.0,0.0,0.0,0.0,0.43936213850975037,False,False,0.0,0.0,0.0,[],10.0,10.0,1,10.0,0,0.008855374999996002
mlp_aco,10,8273,87,4,4,0.0,0.0,0.0,0.0,0.20313307642936707,False,False,0.0,0.0,0.0,[],10.0,10.0,1,10.0,0,0.008855374999996002
mlp_aco,10,8274,87,4,1,63.0,200.0,263.0,1.315,1.0,True,True,30.0,200.0,33.0,[1],10.0,10.0,1,10.0,0,0.009038583000005929
mlp_aco,10,8274,87,4,2,0.0,0.0,0.0,0.0,0.09907747060060501,False,False,0.0,0.0,0.0,[],10.0,10.0,1,10.0,0,0.009038583000005929
mlp_aco,10,8274,87,4,3,0.0,0.0,0.0,0.0,0.43936213850975037,False,False,0.0,0.0,0.0,[],10.0,10.0,1,10.0,0,0.009038583000005929
mlp_aco,10,8274,87,4,4,0.0,0.0,0.0,0.0,0.20313307642936707,False,False,0.0,0.0,0.0,[],10.0,10.0,1,10.0,0,0.009038583000005929
mlp_aco,10,8275,87,4,1,59.0,200.0,259.0,1.295,1.0,True,True,30.0,200.0,29.0,[1],10.0,10.0,1,10.0,0,0.009126707999996597
mlp_aco,10,8275,87,4,2,0.0,0.0,0.0,0.0,0.09907747060060501,False,False,0.0,0.0,0.0,[],10.0,10.0,1,10.0,0,0.009126707999996597
mlp_aco,10,8275,87,4,3,0.0,0.0,0.0,0.0,0.43936213850975037,False,False,0.0,0.0,0.0,[],10.0,10.0,1,10.0,0,0.009126707999996597
mlp_aco,10,8275,87,4,4,0.0,0.0,0.0,0.0,0.20313307642936707,False,False,0.0,0.0,0.0,[],10.0,10.0,1,10.0,0,0.009126707999996597
mlp_aco,10,8276,87,5,1,55.0,200.0,255.0,1.275,1.0,True,True,30.0,200.0,25.0,[1],10.0,10.0,1,10.0,0,0.009019916999989164
mlp_aco,10,8276,87,5,2,0.0,0.0,0.0,0.0,0.09907747060060501,False,False,0.0,0.0,0.0,[],10.0,10.0,1,10.0,0,0.009019916999989164
mlp_aco,10,8276,87,5,3,0.0,0.0,0.0,0.0,0.43936213850975037,False,False,0.0,0.0,0.0,[],10.0,10.0,1,10.0,0,0.009019916999989164
mlp_aco,10,8276,87,5,4,0.0,0.0,0.0,0.0,0.20313307642936707,False,False,0.0,0.0,0.0,[],10.0,10.0,1,10.0,0,0.009019916999989164
mlp_aco,10,8277,87,5,1,55.0,200.0,255.0,1.275,1.0,True,True,30.0,200.0,25.0,[1],10.0,10.0,1,10.0,0,0.008910708999991357
mlp_aco,10,8277,87,5,2,0.0,0.0,0.0,0.0,0.09907747060060501,False,False,0.0,0.0,0.0,[],10.0,10.0,1,10.0,0,0.008910708999991357
mlp_aco,10,8277,87,5,3,0.0,0.0,0.0,0.0,0.43936213850975037,False,False,0.0,0.0,0.0,[],10.0,10.0,1,10.0,0,0.008910708999991357
mlp_aco,10,8277,87,5,4,0.0,0.0,0.0,0.0,0.20313307642936707,False,False,0.0,0.0,0.0,[],10.0,10.0,1,10.0,0,0.008910708999991357
mlp_aco,10,8278,87,5,1,44.0,200.0,244.0,1.22,1.0,True,True,30.0,200.0,14.0,[1],10.0,10.0,1,10.0,0,0.009043125000005148
mlp_aco,10,8278,87,5,2,0.0,0.0,0.0,0.0,0.09907747060060501,False,False,0.0,0.0,0.0,[],10.0,10.0,1,10.0,0,0.009043125000005148
mlp_aco,10,8278,87,5,3,0.0,0.0,0.0,0.0,0.43936213850975037,False,False,0.0,0.0,0.0,[],10.0,10.0,1,10.0,0,0.009043125000005148
mlp_aco,10,8278,87,5,4,0.0,0.0,0.0,0.0,0.20313307642936707,False,False,0.0,0.0,0.0,[],10.0,10.0,1,10.0,0,0.009043125000005148
mlp_aco,10,8279,87,5,1,45.0,200.0,245.0,1.225,1.0,True,True,30.0,200.0,15.0,[1],10.0,10.0,1,10.0,0,0.008804832999999235
mlp_aco,10,8279,87,5,2,0.0,0.0,0.0,0.0,0.09907747060060501,False,False,0.0,0.0,0.0,[],10.0,10.0,1,10.0,0,0.008804832999999235
mlp_aco,10,8279,87,5,3,0.0,0.0,0.0,0.0,0.43936213850975037,False,False,0.0,0.0,0.0,[],10.0,10.0,1,10.0,0,0.008804832999999235
mlp_aco,10,8279,87,5,4,0.0,0.0,0.0,0.0,0.20313307642936707,False,False,0.0,0.0,0.0,[],10.0,10.0,1,10.0,0,0.008804832999999235
mlp_aco,10,8280,87,6,1,44.0,200.0,244.0,1.22,1.0,True,True,30.0,200.0,14.0,[1],10.0,10.0,1,10.0,0,0.008847250000002305
mlp_aco,10,8280,87,6,2,0.0,0.0,0.0,0.0,0.09907747060060501,False,False,0.0,0.0,0.0,[],10.0,10.0,1,10.0,0,0.008847250000002305
mlp_aco,10,8280,87,6,3,0.0,0.0,0.0,0.0,0.43936213850975037,False,False,0.0,0.0,0.0,[],10.0,10.0,1,10.0,0,0.008847250000002305
mlp_aco,10,8280,87,6,4,0.0,0.0,0.0,0.0,0.20313307642936707,False,False,0.0,0.0,0.0,[],10.0,10.0,1,10.0,0,0.008847250000002305
mlp_aco,10,8281,87,6,1,45.0,200.0,245.0,1.225,1.0,True,True,30.0,200.0,15.0,[1],10.0,10.0,1,10.0,0,0.009102332999987084
mlp_aco,10,8281,87,6,2,0.0,0.0,0.0,0.0,0.09907747060060501,False,False,0.0,0.0,0.0,[],10.0,10.0,1,10.0,0,0.009102332999987084
mlp_aco,10,8281,87,6,3,0.0,0.0,0.0,0.0,0.43936213850975037,False,False,0.0,0.0,0.0,[],10.0,10.0,1,10.0,0,0.009102332999987084
mlp_aco,10,8281,87,6,4,0.0,0.0,0.0,0.0,0.20313307642936707,False,False,0.0,0.0,0.0,[],10.0,10.0,1,10.0,0,0.009102332999987084
mlp_aco,10,8282,87,6,1,45.0,200.0,245.0,1.225,1.0,True,True,30.0,200.0,15.0,[1],10.0,10.0,1,10.0,0,0.009008625000006987
mlp_aco,10,8282,87,6,2,0.0,0.0,0.0,0.0,0.09907747060060501,False,False,0.0,0.0,0.0,[],10.0,10.0,1,10.0,0,0.009008625000006987
mlp_aco,10,8282,87,6,3,0.0,0.0,0.0,0.0,0.43936213850975037,False,False,0.0,0.0,0.0,[],10.0,10.0,1,10.0,0,0.009008625000006987
mlp_aco,10,8282,87,6,4,0.0,0.0,0.0,0.0,0.20313307642936707,False,False,0.0,0.0,0.0,[],10.0,10.0,1,10.0,0,0.009008625000006987
mlp_aco,10,8283,87,6,1,44.0,200.0,244.0,1.22,1.0,True,True,30.0,200.0,14.0,[1],10.0,10.0,1,10.0,0,0.008921291999996583
mlp_aco,10,8283,87,6,2,0.0,0.0,0.0,0.0,0.09907747060060501,False,False,0.0,0.0,0.0,[],10.0,10.0,1,10.0,0,0.008921291999996583
mlp_aco,10,8283,87,6,3,0.0,0.0,0.0,0.0,0.43936213850975037,False,False,0.0,0.0,0.0,[],10.0,10.0,1,10.0,0,0.008921291999996583
mlp_aco,10,8283,87,6,4,0.0,0.0,0.0,0.0,0.20313307642936707,False,False,0.0,0.0,0.0,[],10.0,10.0,1,10.0,0,0.008921291999996583
mlp_aco,10,8284,87,7,1,45.0,200.0,245.0,1.225,1.0,True,True,30.0,200.0,15.0,[1],10.0,10.0,1,10.0,0,0.009024582999984432
mlp_aco,10,8284,87,7,2,0.0,0.0,0.0,0.0,0.09907747060060501,False,False,0.0,0.0,0.0,[],10.0,10.0,1,10.0,0,0.009024582999984432
mlp_aco,10,8284,87,7,3,0.0,0.0,0.0,0.0,0.43936213850975037,False,False,0.0,0.0,0.0,[],10.0,10.0,1,10.0,0,0.009024582999984432
mlp_aco,10,8284,87,7,4,0.0,0.0,0.0,0.0,0.20313307642936707,False,False,0.0,0.0,0.0,[],10.0,10.0,1,10.0,0,0.009024582999984432
mlp_aco,10,8285,87,7,1,45.0,200.0,245.0,1.225,1.0,True,True,30.0,200.0,15.0,[1],10.0,10.0,1,10.0,0,0.00904462500000136
mlp_aco,10,8285,87,7,2,0.0,0.0,0.0,0.0,0.09907747060060501,False,False,0.0,0.0,0.0,[],10.0,10.0,1,10.0,0,0.00904462500000136
mlp_aco,10,8285,87,7,3,0.0,0.0,0.0,0.0,0.43936213850975037,False,False,0.0,0.0,0.0,[],10.0,10.0,1,10.0,0,0.00904462500000136
mlp_aco,10,8285,87,7,4,0.0,0.0,0.0,0.0,0.20313307642936707,False,False,0.0,0.0,0.0,[],10.0,10.0,1,10.0,0,0.00904462500000136
mlp_aco,10,8286,87,7,1,44.0,200.0,244.0,1.22,1.0,True,True,30.0,200.0,14.0,[1],10.0,10.0,1,10.0,0,0.008971374999987347
mlp_aco,10,8286,87,7,2,0.0,0.0,0.0,0.0,0.09907747060060501,False,False,0.0,0.0,0.0,[],10.0,10.0,1,10.0,0,0.008971374999987347
mlp_aco,10,8286,87,7,3,0.0,0.0,0.0,0.0,0.43936213850975037,False,False,0.0,0.0,0.0,[],10.0,10.0,1,10.0,0,0.008971374999987347
mlp_aco,10,8286,87,7,4,0.0,0.0,0.0,0.0,0.20313307642936707,False,False,0.0,0.0,0.0,[],10.0,10.0,1,10.0,0,0.008971374999987347
mlp_aco,10,8287,87,7,1,45.0,200.0,245.0,1.225,1.0,True,True,30.0,200.0,15.0,[1],10.0,10.0,1,10.0,0,0.008794166999990694
mlp_aco,10,8287,87,7,2,0.0,0.0,0.0,0.0,0.09907747060060501,False,False,0.0,0.0,0.0,[],10.0,10.0,1,10.0,0,0.008794166999990694
mlp_aco,10,8287,87,7,3,0.0,0.0,0.0,0.0,0.43936213850975037,False,False,0.0,0.0,0.0,[],10.0,10.0,1,10.0,0,0.008794166999990694
mlp_aco,10,8287,87,7,4,0.0,0.0,0.0,0.0,0.20313307642936707,False,False,0.0,0.0,0.0,[],10.0,10.0,1,10.0,0,0.008794166999990694
mlp_aco,10,8288,87,8,1,45.0,200.0,245.0,1.225,1.0,True,True,30.0,200.0,15.0,[1],10.0,10.0,1,10.0,0,0.00871462499998188
mlp_aco,10,8288,87,8,2,0.0,0.0,0.0,0.0,0.09907747060060501,False,False,0.0,0.0,0.0,[],10.0,10.0,1,10.0,0,0.00871462499998188
mlp_aco,10,8288,87,8,3,0.0,0.0,0.0,0.0,0.43936213850975037,False,False,0.0,0.0,0.0,[],10.0,10.0,1,10.0,0,0.00871462499998188
mlp_aco,10,8288,87,8,4,0.0,0.0,0.0,0.0,0.20313307642936707,False,False,0.0,0.0,0.0,[],10.0,10.0,1,10.0,0,0.00871462499998188
mlp_aco,10,8289,87,8,1,38.0,200.0,238.0,1.19,1.0,True,True,30.0,200.0,8.0,[1],10.0,10.0,1,10.0,0,0.009133165999998027
mlp_aco,10,8289,87,8,2,0.0,0.0,0.0,0.0,0.09907747060060501,False,False,0.0,0.0,0.0,[],10.0,10.0,1,10.0,0,0.009133165999998027
mlp_aco,10,8289,87,8,3,0.0,0.0,0.0,0.0,0.43936213850975037,False,False,0.0,0.0,0.0,[],10.0,10.0,1,10.0,0,0.009133165999998027
mlp_aco,10,8289,87,8,4,0.0,0.0,0.0,0.0,0.20313307642936707,False,False,0.0,0.0,0.0,[],10.0,10.0,1,10.0,0,0.009133165999998027
mlp_aco,10,8290,87,8,1,36.0,200.0,236.0,1.18,1.0,True,True,30.0,200.0,6.0,[1],10.0,10.0,1,10.0,0,0.00911004100001378
mlp_aco,10,8290,87,8,2,0.0,0.0,0.0,0.0,0.09907747060060501,False,False,0.0,0.0,0.0,[],10.0,10.0,1,10.0,0,0.00911004100001378
mlp_aco,10,8290,87,8,3,0.0,0.0,0.0,0.0,0.43936213850975037,False,False,0.0,0.0,0.0,[],10.0,10.0,1,10.0,0,0.00911004100001378
mlp_aco,10,8290,87,8,4,0.0,0.0,0.0,0.0,0.20313307642936707,False,False,0.0,0.0,0.0,[],10.0,10.0,1,10.0,0,0.00911004100001378
mlp_aco,10,8291,87,8,1,28.0,200.0,228.0,1.14,1.0,True,True,30.0,198.0,0.0,[1],10.0,10.0,1,10.0,0,0.008880167000000938
mlp_aco,10,8291,87,8,2,0.0,0.0,0.0,0.0,0.09907747060060501,False,False,0.0,0.0,0.0,[],10.0,10.0,1,10.0,0,0.008880167000000938
mlp_aco,10,8291,87,8,3,0.0,0.0,0.0,0.0,0.43936213850975037,False,False,0.0,0.0,0.0,[],10.0,10.0,1,10.0,0,0.008880167000000938
mlp_aco,10,8291,87,8,4,0.0,0.0,0.0,0.0,0.20313307642936707,False,False,0.0,0.0,0.0,[],10.0,10.0,1,10.0,0,0.008880167000000938
mlp_aco,10,8292,87,9,1,25.0,198.0,223.0,1.115,1.0,True,True,30.0,193.0,0.0,[1],10.0,10.0,1,10.0,0,0.008939375000011296
mlp_aco,10,8292,87,9,2,0.0,0.0,0.0,0.0,0.09907747060060501,False,False,0.0,0.0,0.0,[],10.0,10.0,1,10.0,0,0.008939375000011296
mlp_aco,10,8292,87,9,3,0.0,0.0,0.0,0.0,0.43936213850975037,False,False,0.0,0.0,0.0,[],10.0,10.0,1,10.0,0,0.008939375000011296
mlp_aco,10,8292,87,9,4,0.0,0.0,0.0,0.0,0.20313307642936707,False,False,0.0,0.0,0.0,[],10.0,10.0,1,10.0,0,0.008939375000011296
mlp_aco,10,8293,87,9,1,18.0,193.0,211.0,1.055,1.0,True,True,30.0,181.0,0.0,[1],10.0,10.0,1,10.0,0,0.009000499999984868
mlp_aco,10,8293,87,9,2,0.0,0.0,0.0,0.0,0.09907747060060501,False,False,0.0,0.0,0.0,[],10.0,10.0,1,10.0,0,0.009000499999984868
mlp_aco,10,8293,87,9,3,0.0,0.0,0.0,0.0,0.43936213850975037,False,False,0.0,0.0,0.0,[],10.0,10.0,1,10.0,0,0.009000499999984868
mlp_aco,10,8293,87,9,4,0.0,0.0,0.0,0.0,0.20313307642936707,False,False,0.0,0.0,0.0,[],10.0,10.0,1,10.0,0,0.009000499999984868
mlp_aco,10,8294,87,9,1,17.0,181.0,198.0,0.99,1.0,True,True,30.0,168.0,0.0,[1],10.0,10.0,1,10.0,0,0.009020291999974006
mlp_aco,10,8294,87,9,2,0.0,0.0,0.0,0.0,0.09907747060060501,False,False,0.0,0.0,0.0,[],10.0,10.0,1,10.0,0,0.009020291999974006
mlp_aco,10,8294,87,9,3,0.0,0.0,0.0,0.0,0.43936213850975037,False,False,0.0,0.0,0.0,[],10.0,10.0,1,10.0,0,0.009020291999974006
mlp_aco,10,8294,87,9,4,0.0,0.0,0.0,0.0,0.20313307642936707,False,False,0.0,0.0,0.0,[],10.0,10.0,1,10.0,0,0.009020291999974006
mlp_aco,10,8295,87,9,1,16.0,168.0,184.0,0.92,0.9999995827674866,True,True,30.0,154.0,0.0,[1],10.0,10.0,1,10.0,0,0.008921374999999898
mlp_aco,10,8295,87,9,2,0.0,0.0,0.0,0.0,0.09907747060060501,False,False,0.0,0.0,0.0,[],10.0,10.0,1,10.0,0,0.008921374999999898
mlp_aco,10,8295,87,9,3,0.0,0.0,0.0,0.0,0.43936213850975037,False,False,0.0,0.0,0.0,[],10.0,10.0,1,10.0,0,0.008921374999999898
mlp_aco,10,8295,87,9,4,0.0,0.0,0.0,0.0,0.20313307642936707,False,False,0.0,0.0,0.0,[],10.0,10.0,1,10.0,0,0.008921374999999898
mlp_aco,10,8296,87,10,1,17.0,154.0,171.0,0.855,0.9999901652336121,True,True,30.0,141.0,0.0,[1],10.0,10.0,1,10.0,0,0.009145375000002787
mlp_aco,10,8296,87,10,2,0.0,0.0,0.0,0.0,0.09907747060060501,False,False,0.0,0.0,0.0,[],10.0,10.0,1,10.0,0,0.009145375000002787
mlp_aco,10,8296,87,10,3,0.0,0.0,0.0,0.0,0.43936213850975037,False,False,0.0,0.0,0.0,[],10.0,10.0,1,10.0,0,0.009145375000002787
mlp_aco,10,8296,87,10,4,0.0,0.0,0.0,0.0,0.20313307642936707,False,False,0.0,0.0,0.0,[],10.0,10.0,1,10.0,0,0.009145375000002787
mlp_aco,10,8297,87,10,1,17.0,141.0,158.0,0.79,0.9997219443321228,True,True,30.0,128.0,0.0,[1],10.0,10.0,1,10.0,0,0.009160624999992706
mlp_aco,10,8297,87,10,2,0.0,0.0,0.0,0.0,0.09907747060060501,False,False,0.0,0.0,0.0,[],10.0,10.0,1,10.0,0,0.009160624999992706
mlp_aco,10,8297,87,10,3,0.0,0.0,0.0,0.0,0.43936213850975037,False,False,0.0,0.0,0.0,[],10.0,10.0,1,10.0,0,0.009160624999992706
mlp_aco,10,8297,87,10,4,0.0,0.0,0.0,0.0,0.20313307642936707,False,False,0.0,0.0,0.0,[],10.0,10.0,1,10.0,0,0.009160624999992706
mlp_aco,10,8298,87,10,1,18.0,128.0,146.0,0.73,0.9985802173614502,True,True,30.0,116.0,0.0,[1],10.0,10.0,1,10.0,0,0.008976875000001883
mlp_aco,10,8298,87,10,2,0.0,0.0,0.0,0.0,0.09907747060060501,False,False,0.0,0.0,0.0,[],10.0,10.0,1,10.0,0,0.008976875000001883
mlp_aco,10,8298,87,10,3,0.0,0.0,0.0,0.0,0.43936213850975037,False,False,0.0,0.0,0.0,[],10.0,10.0,1,10.0,0,0.008976875000001883
mlp_aco,10,8298,87,10,4,0.0,0.0,0.0,0.0,0.20313307642936707,False,False,0.0,0.0,0.0,[],10.0,10.0,1,10.0,0,0.008976875000001883
mlp_aco,10,8299,87,10,1,17.0,116.0,133.0,0.665,0.9919137358665466,True,True,30.0,103.0,0.0,[1],10.0,10.0,1,10.0,0,0.009004665999981398
mlp_aco,10,8299,87,10,2,0.0,0.0,0.0,0.0,0.09907747060060501,False,False,0.0,0.0,0.0,[],10.0,10.0,1,10.0,0,0.009004665999981398
mlp_aco,10,8299,87,10,3,0.0,0.0,0.0,0.0,0.43936213850975037,False,False,0.0,0.0,0.0,[],10.0,10.0,1,10.0,0,0.009004665999981398
mlp_aco,10,8299,87,10,4,0.0,0.0,0.0,0.0,0.20313307642936707,False,False,0.0,0.0,0.0,[],10.0,10.0,1,10.0,0,0.009004665999981398
mlp_aco,10,8300,87,11,1,17.0,103.0,120.0,0.6,0.9743884205818176,True,True,30.0,90.0,0.0,[1],10.0,10.0,1,10.0,0,0.008983540999992101
mlp_aco,10,8300,87,11,2,0.0,0.0,0.0,0.0,0.09907747060060501,False,False,0.0,0.0,0.0,[],10.0,10.0,1,10.0,0,0.008983540999992101
mlp_aco,10,8300,87,11,3,0.0,0.0,0.0,0.0,0.43936213850975037,False,False,0.0,0.0,0.0,[],10.0,10.0,1,10.0,0,0.008983540999992101
mlp_aco,10,8300,87,11,4,0.0,0.0,0.0,0.0,0.20313307642936707,False,False,0.0,0.0,0.0,[],10.0,10.0,1,10.0,0,0.008983540999992101
mlp_aco,10,8301,87,11,1,16.0,90.0,106.0,0.53,0.8885884284973145,True,True,30.0,76.0,0.0,[1],10.0,10.0,1,10.0,0,0.009062499999998863
mlp_aco,10,8301,87,11,2,0.0,0.0,0.0,0.0,0.09907747060060501,False,False,0.0,0.0,0.0,[],10.0,10.0,1,10.0,0,0.009062499999998863
mlp_aco,10,8301,87,11,3,0.0,0.0,0.0,0.0,0.43936213850975037,False,False,0.0,0.0,0.0,[],10.0,10.0,1,10.0,0,0.009062499999998863
mlp_aco,10,8301,87,11,4,0.0,0.0,0.0,0.0,0.20313307642936707,False,False,0.0,0.0,0.0,[],10.0,10.0,1,10.0,0,0.009062499999998863
mlp_aco,10,8302,87,11,1,17.0,76.0,93.0,0.465,0.8682249784469604,True,True,30.0,63.0,0.0,[1],10.0,10.0,1,10.0,0,0.008774499999987029
mlp_aco,10,8302,87,11,2,0.0,0.0,0.0,0.0,0.09907747060060501,False,False,0.0,0.0,0.0,[],10.0,10.0,1,10.0,0,0.008774499999987029
mlp_aco,10,8302,87,11,3,0.0,0.0,0.0,0.0,0.43936213850975037,False,False,0.0,0.0,0.0,[],10.0,10.0,1,10.0,0,0.008774499999987029
mlp_aco,10,8302,87,11,4,0.0,0.0,0.0,0.0,0.20313307642936707,False,False,0.0,0.0,0.0,[],10.0,10.0,1,10.0,0,0.008774499999987029
mlp_aco,10,8303,87,11,1,18.0,63.0,81.0,0.405,0.8503981232643127,True,True,30.0,51.0,0.0,[1],10.0,10.0,1,10.0,0,0.008892374999987851
mlp_aco,10,8303,87,11,2,0.0,0.0,0.0,0.0,0.09907747060060501,False,False,0.0,0.0,0.0,[],10.0,10.0,1,10.0,0,0.008892374999987851
mlp_aco,10,8303,87,11,3,0.0,0.0,0.0,0.0,0.43936213850975037,False,False,0.0,0.0,0.0,[],10.0,10.0,1,10.0,0,0.008892374999987851
mlp_aco,10,8303,87,11,4,0.0,0.0,0.0,0.0,0.20313307642936707,False,False,0.0,0.0,0.0,[],10.0,10.0,1,10.0,0,0.008892374999987851
mlp_aco,10,8304,87,12,1,17.0,51.0,68.0,0.34,0.6542978286743164,False,False,0.0,68.0,0.0,[],0.0,0.0,0,0.0,0,2.0829999982652225e-06
mlp_aco,10,8304,87,12,2,0.0,0.0,0.0,0.0,0.09907747060060501,False,False,0.0,0.0,0.0,[],0.0,0.0,0,0.0,0,2.0829999982652225e-06
mlp_aco,10,8304,87,12,3,0.0,0.0,0.0,0.0,0.43936213850975037,False,False,0.0,0.0,0.0,[],0.0,0.0,0,0.0,0,2.0829999982652225e-06
mlp_aco,10,8304,87,12,4,0.0,0.0,0.0,0.0,0.20313307642936707,False,False,0.0,0.0,0.0,[],0.0,0.0,0,0.0,0,2.0829999982652225e-06
mlp_aco,10,8305,87,12,1,17.0,68.0,85.0,0.425,0.8116487264633179,True,True,30.0,55.0,0.0,[1],10.0,10.0,1,10.0,0,0.00907262499998751
mlp_aco,10,8305,87,12,2,0.0,0.0,0.0,0.0,0.09907747060060501,False,False,0.0,0.0,0.0,[],10.0,10.0,1,10.0,0,0.00907262499998751
mlp_aco,10,8305,87,12,3,0.0,0.0,0.0,0.0,0.43936213850975037,False,False,0.0,0.0,0.0,[],10.0,10.0,1,10.0,0,0.00907262499998751
mlp_aco,10,8305,87,12,4,0.0,0.0,0.0,0.0,0.20313307642936707,False,False,0.0,0.0,0.0,[],10.0,10.0,1,10.0,0,0.00907262499998751
mlp_aco,10,8306,87,12,1,16.0,55.0,71.0,0.355,0.5873913764953613,False,False,0.0,71.0,0.0,[],0.0,0.0,0,0.0,0,1.9169999916357483e-06
mlp_aco,10,8306,87,12,2,0.0,0.0,0.0,0.0,0.09907747060060501,False,False,0.0,0.0,0.0,[],0.0,0.0,0,0.0,0,1.9169999916357483e-06
mlp_aco,10,8306,87,12,3,0.0,0.0,0.0,0.0,0.43936213850975037,False,False,0.0,0.0,0.0,[],0.0,0.0,0,0.0,0,1.9169999916357483e-06
mlp_aco,10,8306,87,12,4,0.0,0.0,0.0,0.0,0.20313307642936707,False,False,0.0,0.0,0.0,[],0.0,0.0,0,0.0,0,1.9169999916357483e-06
mlp_aco,10,8307,87,12,1,17.0,71.0,88.0,0.44,0.8394064903259277,True,True,30.0,58.0,0.0,[1],10.0,10.0,1,10.0,0,0.009028084000021863
mlp_aco,10,8307,87,12,2,0.0,0.0,0.0,0.0,0.09907747060060501,False,False,0.0,0.0,0.0,[],10.0,10.0,1,10.0,0,0.009028084000021863
mlp_aco,10,8307,87,12,3,0.0,0.0,0.0,0.0,0.43936213850975037,False,False,0.0,0.0,0.0,[],10.0,10.0,1,10.0,0,0.009028084000021863
mlp_aco,10,8307,87,12,4,0.0,0.0,0.0,0.0,0.20313307642936707,False,False,0.0,0.0,0.0,[],10.0,10.0,1,10.0,0,0.009028084000021863
mlp_aco,10,8308,87,13,1,17.0,58.0,75.0,0.375,0.7287841439247131,True,True,30.0,45.0,0.0,[1],10.0,10.0,1,10.0,0,0.009013791999990417
mlp_aco,10,8308,87,13,2,0.0,0.0,0.0,0.0,0.09907747060060501,False,False,0.0,0.0,0.0,[],10.0,10.0,1,10.0,0,0.009013791999990417
mlp_aco,10,8308,87,13,3,0.0,0.0,0.0,0.0,0.43936213850975037,False,False,0.0,0.0,0.0,[],10.0,10.0,1,10.0,0,0.009013791999990417
mlp_aco,10,8308,87,13,4,0.0,0.0,0.0,0.0,0.20313307642936707,False,False,0.0,0.0,0.0,[],10.0,10.0,1,10.0,0,0.009013791999990417
mlp_aco,10,8309,87,13,1,18.0,45.0,63.0,0.315,0.7014229893684387,True,True,30.0,33.0,0.0,[1],10.0,10.0,1,10.0,0,0.009163792000009607
mlp_aco,10,8309,87,13,2,0.0,0.0,0.0,0.0,0.09907747060060501,False,False,0.0,0.0,0.0,[],10.0,10.0,1,10.0,0,0.009163792000009607
mlp_aco,10,8309,87,13,3,0.0,0.0,0.0,0.0,0.43936213850975037,False,False,0.0,0.0,0.0,[],10.0,10.0,1,10.0,0,0.009163792000009607
mlp_aco,10,8309,87,13,4,0.0,0.0,0.0,0.0,0.20313307642936707,False,False,0.0,0.0,0.0,[],10.0,10.0,1,10.0,0,0.009163792000009607
mlp_aco,10,8310,87,13,1,17.0,33.0,50.0,0.25,0.523980438709259,False,False,0.0,50.0,0.0,[],0.0,0.0,0,0.0,0,2.0420000055310084e-06
mlp_aco,10,8310,87,13,2,0.0,0.0,0.0,0.0,0.09907747060060501,False,False,0.0,0.0,0.0,[],0.0,0.0,0,0.0,0,2.0420000055310084e-06
mlp_aco,10,8310,87,13,3,0.0,0.0,0.0,0.0,0.43936213850975037,False,False,0.0,0.0,0.0,[],0.0,0.0,0,0.0,0,2.0420000055310084e-06
mlp_aco,10,8310,87,13,4,0.0,0.0,0.0,0.0,0.20313307642936707,False,False,0.0,0.0,0.0,[],0.0,0.0,0,0.0,0,2.0420000055310084e-06
mlp_aco,10,8311,87,13,1,17.0,50.0,67.0,0.335,0.6404061317443848,False,False,0.0,67.0,0.0,[],0.0,0.0,0,0.0,0,1.9170000200574577e-06
mlp_aco,10,8311,87,13,2,0.0,0.0,0.0,0.0,0.09907747060060501,False,False,0.0,0.0,0.0,[],0.0,0.0,0,0.0,0,1.9170000200574577e-06
mlp_aco,10,8311,87,13,3,0.0,0.0,0.0,0.0,0.43936213850975037,False,False,0.0,0.0,0.0,[],0.0,0.0,0,0.0,0,1.9170000200574577e-06
mlp_aco,10,8311,87,13,4,0.0,0.0,0.0,0.0,0.20313307642936707,False,False,0.0,0.0,0.0,[],0.0,0.0,0,0.0,0,1.9170000200574577e-06
mlp_aco,10,8312,87,14,1,16.0,67.0,83.0,0.415,0.7107681035995483,True,True,30.0,53.0,0.0,[1],10.0,10.0,1,10.0,0,0.008944041999995989
mlp_aco,10,8312,87,14,2,0.0,0.0,0.0,0.0,0.09907747060060501,False,False,0.0,0.0,0.0,[],10.0,10.0,1,10.0,0,0.008944041999995989
mlp_aco,10,8312,87,14,3,0.0,0.0,0.0,0.0,0.43936213850975037,False,False,0.0,0.0,0.0,[],10.0,10.0,1,10.0,0,0.008944041999995989
mlp_aco,10,8312,87,14,4,0.0,0.0,0.0,0.0,0.20313307642936707,False,False,0.0,0.0,0.0,[],10.0,10.0,1,10.0,0,0.008944041999995989
mlp_aco,10,8313,87,14,1,17.0,53.0,70.0,0.35,0.6776295900344849,False,False,0.0,70.0,0.0,[],0.0,0.0,0,0.0,0,2.6669999897421803e-06
mlp_aco,10,8313,87,14,2,0.0,0.0,0.0,0.0,0.09907747060060501,False,False,0.0,0.0,0.0,[],0.0,0.0,0,0.0,0,2.6669999897421803e-06
mlp_aco,10,8313,87,14,3,0.0,0.0,0.0,0.0,0.43936213850975037,False,False,0.0,0.0,0.0,[],0.0,0.0,0,0.0,0,2.6669999897421803e-06
mlp_aco,10,8313,87,14,4,0.0,0.0,0.0,0.0,0.20313307642936707,False,False,0.0,0.0,0.0,[],0.0,0.0,0,0.0,0,2.6669999897421803e-06
mlp_aco,10,8314,87,14,1,18.0,70.0,88.0,0.44,0.8870202898979187,True,True,30.0,58.0,0.0,[1],10.0,10.0,1,10.0,0,0.008887416999982634
mlp_aco,10,8314,87,14,2,0.0,0.0,0.0,0.0,0.09907747060060501,False,False,0.0,0.0,0.0,[],10.0,10.0,1,10.0,0,0.008887416999982634
mlp_aco,10,8314,87,14,3,0.0,0.0,0.0,0.0,0.43936213850975037,False,False,0.0,0.0,0.0,[],10.0,10.0,1,10.0,0,0.008887416999982634
mlp_aco,10,8314,87,14,4,0.0,0.0,0.0,0.0,0.20313307642936707,False,False,0.0,0.0,0.0,[],10.0,10.0,1,10.0,0,0.008887416999982634
mlp_aco,10,8315,87,14,1,17.0,58.0,75.0,0.375,0.7252013087272644,True,True,30.0,45.0,0.0,[1],10.0,10.0,1,10.0,0,0.009193833000011864
mlp_aco,10,8315,87,14,2,0.0,0.0,0.0,0.0,0.09907747060060501,False,False,0.0,0.0,0.0,[],10.0,10.0,1,10.0,0,0.009193833000011864
mlp_aco,10,8315,87,14,3,0.0,0.0,0.0,0.0,0.43936213850975037,False,False,0.0,0.0,0.0,[],10.0,10.0,1,10.0,0,0.009193833000011864
mlp_aco,10,8315,87,14,4,0.0,0.0,0.0,0.0,0.20313307642936707,False,False,0.0,0.0,0.0,[],10.0,10.0,1,10.0,0,0.009193833000011864
mlp_aco,10,8316,87,15,1,17.0,45.0,62.0,0.31,0.6025276780128479,False,False,0.0,62.0,0.0,[],0.0,0.0,0,0.0,0,1.9170000200574577e-06
mlp_aco,10,8316,87,15,2,0.0,0.0,0.0,0.0,0.09907747060060501,False,False,0.0,0.0,0.0,[],0.0,0.0,0,0.0,0,1.9170000200574577e-06
mlp_aco,10,8316,87,15,3,0.0,0.0,0.0,0.0,0.43936213850975037,False,False,0.0,0.0,0.0,[],0.0,0.0,0,0.0,0,1.9170000200574577e-06
mlp_aco,10,8316,87,15,4,0.0,0.0,0.0,0.0,0.20313307642936707,False,False,0.0,0.0,0.0,[],0.0,0.0,0,0.0,0,1.9170000200574577e-06
mlp_aco,10,8317,87,15,1,17.0,62.0,79.0,0.395,0.7585825324058533,True,True,30.0,49.0,0.0,[1],10.0,10.0,1,10.0,0,0.00912512499999707
mlp_aco,10,8317,87,15,2,0.0,0.0,0.0,0.0,0.09907747060060501,False,False,0.0,0.0,0.0,[],10.0,10.0,1,10.0,0,0.00912512499999707
mlp_aco,10,8317,87,15,3,0.0,0.0,0.0,0.0,0.43936213850975037,False,False,0.0,0.0,0.0,[],10.0,10.0,1,10.0,0,0.00912512499999707
mlp_aco,10,8317,87,15,4,0.0,0.0,0.0,0.0,0.20313307642936707,False,False,0.0,0.0,0.0,[],10.0,10.0,1,10.0,0,0.00912512499999707
mlp_aco,10,8318,87,15,1,10.0,49.0,59.0,0.295,0.29176065325737,False,False,0.0,59.0,0.0,[],0.0,0.0,0,0.0,0,3.0839999851650646e-06
mlp_aco,10,8318,87,15,2,0.0,0.0,0.0,0.0,0.09907747060060501,False,False,0.0,0.0,0.0,[],0.0,0.0,0,0.0,0,3.0839999851650646e-06
mlp_aco,10,8318,87,15,3,0.0,0.0,0.0,0.0,0.43936213850975037,False,False,0.0,0.0,0.0,[],0.0,0.0,0,0.0,0,3.0839999851650646e-06
mlp_aco,10,8318,87,15,4,0.0,0.0,0.0,0.0,0.20313307642936707,False,False,0.0,0.0,0.0,[],0.0,0.0,0,0.0,0,3.0839999851650646e-06
mlp_aco,10,8319,87,15,1,8.0,59.0,67.0,0.335,0.28870415687561035,False,False,0.0,67.0,0.0,[],0.0,0.0,0,0.0,0,1.7500000240033842e-06
mlp_aco,10,8319,87,15,2,0.0,0.0,0.0,0.0,0.09907747060060501,False,False,0.0,0.0,0.0,[],0.0,0.0,0,0.0,0,1.7500000240033842e-06
mlp_aco,10,8319,87,15,3,0.0,0.0,0.0,0.0,0.43936213850975037,False,False,0.0,0.0,0.0,[],0.0,0.0,0,0.0,0,1.7500000240033842e-06
mlp_aco,10,8319,87,15,4,0.0,0.0,0.0,0.0,0.20313307642936707,False,False,0.0,0.0,0.0,[],0.0,0.0,0,0.0,0,1.7500000240033842e-06
mlp_aco,10,8320,87,16,1,8.0,67.0,75.0,0.375,0.3246140480041504,False,False,0.0,75.0,0.0,[],0.0,0.0,0,0.0,0,1.8750000094769348e-06
mlp_aco,10,8320,87,16,2,0.0,0.0,0.0,0.0,0.09907747060060501,False,False,0.0,0.0,0.0,[],0.0,0.0,0,0.0,0,1.8750000094769348e-06
mlp_aco,10,8320,87,16,3,0.0,0.0,0.0,0.0,0.43936213850975037,False,False,0.0,0.0,0.0,[],0.0,0.0,0,0.0,0,1.8750000094769348e-06
mlp_aco,10,8320,87,16,4,0.0,0.0,0.0,0.0,0.20313307642936707,False,False,0.0,0.0,0.0,[],0.0,0.0,0,0.0,0,1.8750000094769348e-06
mlp_aco,10,8321,87,16,1,8.0,75.0,83.0,0.415,0.3627128601074219,False,False,0.0,83.0,0.0,[],0.0,0.0,0,0.0,0,1.8329999988964119e-06
mlp_aco,10,8321,87,16,2,0.0,0.0,0.0,0.0,0.09907747060060501,False,False,0.0,0.0,0.0,[],0.0,0.0,0,0.0,0,1.8329999988964119e-06
mlp_aco,10,8321,87,16,3,0.0,0.0,0.0,0.0,0.43936213850975037,False,False,0.0,0.0,0.0,[],0.0,0.0,0,0.0,0,1.8329999988964119e-06
mlp_aco,10,8321,87,16,4,0.0,0.0,0.0,0.0,0.20313307642936707,False,False,0.0,0.0,0.0,[],0.0,0.0,0,0.0,0,1.8329999988964119e-06
mlp_aco,10,8322,87,16,1,8.0,83.0,91.0,0.455,0.37348079681396484,False,False,0.0,91.0,0.0,[],0.0,0.0,0,0.0,0,1.8329999988964119e-06
mlp_aco,10,8322,87,16,2,0.0,0.0,0.0,0.0,0.09907747060060501,False,False,0.0,0.0,0.0,[],0.0,0.0,0,0.0,0,1.8329999988964119e-06
mlp_aco,10,8322,87,16,3,0.0,0.0,0.0,0.0,0.43936213850975037,False,False,0.0,0.0,0.0,[],0.0,0.0,0,0.0,0,1.8329999988964119e-06
mlp_aco,10,8322,87,16,4,0.0,0.0,0.0,0.0,0.20313307642936707,False,False,0.0,0.0,0.0,[],0.0,0.0,0,0.0,0,1.8329999988964119e-06
mlp_aco,10,8323,87,16,1,8.0,91.0,99.0,0.495,0.3898519277572632,False,False,0.0,99.0,0.0,[],0.0,0.0,0,0.0,0,1.7910000167375983e-06
mlp_aco,10,8323,87,16,2,0.0,0.0,0.0,0.0,0.09907747060060501,False,False,0.0,0.0,0.0,[],0.0,0.0,0,0.0,0,1.7910000167375983e-06
mlp_aco,10,8323,87,16,3,0.0,0.0,0.0,0.0,0.43936213850975037,False,False,0.0,0.0,0.0,[],0.0,0.0,0,0.0,0,1.7910000167375983e-06
mlp_aco,10,8323,87,16,4,0.0,0.0,0.0,0.0,0.20313307642936707,False,False,0.0,0.0,0.0,[],0.0,0.0,0,0.0,0,1.7910000167375983e-06
mlp_aco,10,8324,87,17,1,7.0,99.0,106.0,0.53,0.39177218079566956,False,False,0.0,106.0,0.0,[],0.0,0.0,0,0.0,0,1.8340000167427206e-06
mlp_aco,10,8324,87,17,2,0.0,0.0,0.0,0.0,0.09907747060060501,False,False,0.0,0.0,0.0,[],0.0,0.0,0,0.0,0,1.8340000167427206e-06
mlp_aco,10,8324,87,17,3,0.0,0.0,0.0,0.0,0.43936213850975037,False,False,0.0,0.0,0.0,[],0.0,0.0,0,0.0,0,1.8340000167427206e-06
mlp_aco,10,8324,87,17,4,0.0,0.0,0.0,0.0,0.20313307642936707,False,False,0.0,0.0,0.0,[],0.0,0.0,0,0.0,0,1.8340000167427206e-06
mlp_aco,10,8325,87,17,1,8.0,106.0,114.0,0.57,0.5667248964309692,False,False,0.0,114.0,0.0,[],0.0,0.0,0,0.0,0,2.2909999870535103e-06
mlp_aco,10,8325,87,17,2,0.0,0.0,0.0,0.0,0.09907747060060501,False,False,0.0,0.0,0.0,[],0.0,0.0,0,0.0,0,2.2909999870535103e-06
mlp_aco,10,8325,87,17,3,0.0,0.0,0.0,0.0,0.43936213850975037,False,False,0.0,0.0,0.0,[],0.0,0.0,0,0.0,0,2.2909999870535103e-06
mlp_aco,10,8325,87,17,4,0.0,0.0,0.0,0.0,0.20313307642936707,False,False,0.0,0.0,0.0,[],0.0,0.0,0,0.0,0,2.2909999870535103e-06
mlp_aco,10,8326,87,17,1,8.0,114.0,122.0,0.61,0.7065125107765198,True,True,30.0,92.0,0.0,[1],10.0,10.0,1,10.0,0,0.009254499999997279
mlp_aco,10,8326,87,17,2,0.0,0.0,0.0,0.0,0.09907747060060501,False,False,0.0,0.0,0.0,[],10.0,10.0,1,10.0,0,0.009254499999997279
mlp_aco,10,8326,87,17,3,0.0,0.0,0.0,0.0,0.43936213850975037,False,False,0.0,0.0,0.0,[],10.0,10.0,1,10.0,0,0.009254499999997279
mlp_aco,10,8326,87,17,4,0.0,0.0,0.0,0.0,0.20313307642936707,False,False,0.0,0.0,0.0,[],10.0,10.0,1,10.0,0,0.009254499999997279
mlp_aco,10,8327,87,17,1,8.0,92.0,100.0,0.5,0.40627145767211914,False,False,0.0,100.0,0.0,[],0.0,0.0,0,0.0,0,2.1660000015799596e-06
mlp_aco,10,8327,87,17,2,0.0,0.0,0.0,0.0,0.09907747060060501,False,False,0.0,0.0,0.0,[],0.0,0.0,0,0.0,0,2.1660000015799596e-06
mlp_aco,10,8327,87,17,3,0.0,0.0,0.0,0.0,0.43936213850975037,False,False,0.0,0.0,0.0,[],0.0,0.0,0,0.0,0,2.1660000015799596e-06
mlp_aco,10,8327,87,17,4,0.0,0.0,0.0,0.0,0.20313307642936707,False,False,0.0,0.0,0.0,[],0.0,0.0,0,0.0,0,2.1660000015799596e-06
mlp_aco,10,8328,87,18,1,8.0,100.0,108.0,0.54,0.4701147973537445,False,False,0.0,108.0,0.0,[],0.0,0.0,0,0.0,0,2.0420000055310084e-06
mlp_aco,10,8328,87,18,2,0.0,0.0,0.0,0.0,0.09907747060060501,False,False,0.0,0.0,0.0,[],0.0,0.0,0,0.0,0,2.0420000055310084e-06
mlp_aco,10,8328,87,18,3,0.0,0.0,0.0,0.0,0.43936213850975037,False,False,0.0,0.0,0.0,[],0.0,0.0,0,0.0,0,2.0420000055310084e-06
mlp_aco,10,8328,87,18,4,0.0,0.0,0.0,0.0,0.20313307642936707,False,False,0.0,0.0,0.0,[],0.0,0.0,0,0.0,0,2.0420000055310084e-06
mlp_aco,10,8329,87,18,1,7.0,108.0,115.0,0.575,0.4823967516422272,False,False,0.0,115.0,0.0,[],0.0,0.0,0,0.0,0,1.8750000094769348e-06
mlp_aco,10,8329,87,18,2,0.0,0.0,0.0,0.0,0.09907747060060501,False,False,0.0,0.0,0.0,[],0.0,0.0,0,0.0,0,1.8750000094769348e-06
mlp_aco,10,8329,87,18,3,0.0,0.0,0.0,0.0,0.43936213850975037,False,False,0.0,0.0,0.0,[],0.0,0.0,0,0.0,0,1.8750000094769348e-06
mlp_aco,10,8329,87,18,4,0.0,0.0,0.0,0.0,0.20313307642936707,False,False,0.0,0.0,0.0,[],0.0,0.0,0,0.0,0,1.8750000094769348e-06
mlp_aco,10,8330,87,18,1,8.0,115.0,123.0,0.615,0.7227817177772522,True,True,30.0,93.0,0.0,[1],10.0,10.0,1,10.0,0,0.009075374999980568
mlp_aco,10,8330,87,18,2,0.0,0.0,0.0,0.0,0.09907747060060501,False,False,0.0,0.0,0.0,[],10.0,10.0,1,10.0,0,0.009075374999980568
mlp_aco,10,8330,87,18,3,0.0,0.0,0.0,0.0,0.43936213850975037,False,False,0.0,0.0,0.0,[],10.0,10.0,1,10.0,0,0.009075374999980568
mlp_aco,10,8330,87,18,4,0.0,0.0,0.0,0.0,0.20313307642936707,False,False,0.0,0.0,0.0,[],10.0,10.0,1,10.0,0,0.009075374999980568
mlp_aco,10,8331,87,18,1,4.0,93.0,97.0,0.485,0.32471963763237,False,False,0.0,97.0,0.0,[],0.0,0.0,0,0.0,0,1.8750000094769348e-06
mlp_aco,10,8331,87,18,2,0.0,0.0,0.0,0.0,0.09907747060060501,False,False,0.0,0.0,0.0,[],0.0,0.0,0,0.0,0,1.8750000094769348e-06
mlp_aco,10,8331,87,18,3,0.0,0.0,0.0,0.0,0.43936213850975037,False,False,0.0,0.0,0.0,[],0.0,0.0,0,0.0,0,1.8750000094769348e-06
mlp_aco,10,8331,87,18,4,0.0,0.0,0.0,0.0,0.20313307642936707,False,False,0.0,0.0,0.0,[],0.0,0.0,0,0.0,0,1.8750000094769348e-06
mlp_aco,10,8332,87,19,1,0.0,97.0,97.0,0.485,0.24696654081344604,False,False,0.0,97.0,0.0,[],0.0,0.0,0,0.0,0,1.8340000167427206e-06
mlp_aco,10,8332,87,19,2,0.0,0.0,0.0,0.0,0.09907747060060501,False,False,0.0,0.0,0.0,[],0.0,0.0,0,0.0,0,1.8340000167427206e-06
mlp_aco,10,8332,87,19,3,0.0,0.0,0.0,0.0,0.43936213850975037,False,False,0.0,0.0,0.0,[],0.0,0.0,0,0.0,0,1.8340000167427206e-06
mlp_aco,10,8332,87,19,4,0.0,0.0,0.0,0.0,0.20313307642936707,False,False,0.0,0.0,0.0,[],0.0,0.0,0,0.0,0,1.8340000167427206e-06
mlp_aco,10,8333,87,19,1,0.0,97.0,97.0,0.485,0.2710047960281372,False,False,0.0,97.0,0.0,[],0.0,0.0,0,0.0,0,1.7920000061621977e-06
mlp_aco,10,8333,87,19,2,0.0,0.0,0.0,0.0,0.09907747060060501,False,False,0.0,0.0,0.0,[],0.0,0.0,0,0.0,0,1.7920000061621977e-06
mlp_aco,10,8333,87,19,3,0.0,0.0,0.0,0.0,0.43936213850975037,False,False,0.0,0.0,0.0,[],0.0,0.0,0,0.0,0,1.7920000061621977e-06
mlp_aco,10,8333,87,19,4,0.0,0.0,0.0,0.0,0.20313307642936707,False,False,0.0,0.0,0.0,[],0.0,0.0,0,0.0,0,1.7920000061621977e-06
mlp_aco,10,8334,87,19,1,0.0,97.0,97.0,0.485,0.30059683322906494,False,False,0.0,97.0,0.0,[],0.0,0.0,0,0.0,0,1.7910000167375983e-06
mlp_aco,10,8334,87,19,2,0.0,0.0,0.0,0.0,0.09907747060060501,False,False,0.0,0.0,0.0,[],0.0,0.0,0,0.0,0,1.7910000167375983e-06
mlp_aco,10,8334,87,19,3,0.0,0.0,0.0,0.0,0.43936213850975037,False,False,0.0,0.0,0.0,[],0.0,0.0,0,0.0,0,1.7910000167375983e-06
mlp_aco,10,8334,87,19,4,0.0,0.0,0.0,0.0,0.20313307642936707,False,False,0.0,0.0,0.0,[],0.0,0.0,0,0.0,0,1.7910000167375983e-06
mlp_aco,10,8335,87,19,1,0.0,97.0,97.0,0.485,0.3170483708381653,False,False,0.0,97.0,0.0,[],0.0,0.0,0,0.0,0,1.7090000028474606e-06
mlp_aco,10,8335,87,19,2,0.0,0.0,0.0,0.0,0.09907747060060501,False,False,0.0,0.0,0.0,[],0.0,0.0,0,0.0,0,1.7090000028474606e-06
mlp_aco,10,8335,87,19,3,0.0,0.0,0.0,0.0,0.43936213850975037,False,False,0.0,0.0,0.0,[],0.0,0.0,0,0.0,0,1.7090000028474606e-06
mlp_aco,10,8335,87,19,4,0.0,0.0,0.0,0.0,0.20313307642936707,False,False,0.0,0.0,0.0,[],0.0,0.0,0,0.0,0,1.7090000028474606e-06
mlp_aco,10,8336,87,20,1,0.0,97.0,97.0,0.485,0.3170483708381653,False,False,0.0,97.0,0.0,[],0.0,0.0,0,0.0,0,1.7499999955816747e-06
mlp_aco,10,8336,87,20,2,0.0,0.0,0.0,0.0,0.09907747060060501,False,False,0.0,0.0,0.0,[],0.0,0.0,0,0.0,0,1.7499999955816747e-06
mlp_aco,10,8336,87,20,3,0.0,0.0,0.0,0.0,0.43936213850975037,False,False,0.0,0.0,0.0,[],0.0,0.0,0,0.0,0,1.7499999955816747e-06
mlp_aco,10,8336,87,20,4,0.0,0.0,0.0,0.0,0.20313307642936707,False,False,0.0,0.0,0.0,[],0.0,0.0,0,0.0,0,1.7499999955816747e-06
mlp_aco,10,8337,87,20,1,0.0,97.0,97.0,0.485,0.3170483708381653,False,False,0.0,97.0,0.0,[],0.0,0.0,0,0.0,0,1.7499999955816747e-06
mlp_aco,10,8337,87,20,2,0.0,0.0,0.0,0.0,0.09907747060060501,False,False,0.0,0.0,0.0,[],0.0,0.0,0,0.0,0,1.7499999955816747e-06
mlp_aco,10,8337,87,20,3,0.0,0.0,0.0,0.0,0.43936213850975037,False,False,0.0,0.0,0.0,[],0.0,0.0,0,0.0,0,1.7499999955816747e-06
mlp_aco,10,8337,87,20,4,0.0,0.0,0.0,0.0,0.20313307642936707,False,False,0.0,0.0,0.0,[],0.0,0.0,0,0.0,0,1.7499999955816747e-06
mlp_aco,10,8338,87,20,1,0.0,97.0,97.0,0.485,0.3170483708381653,False,False,0.0,97.0,0.0,[],0.0,0.0,0,0.0,0,1.6250000101081241e-06
mlp_aco,10,8338,87,20,2,0.0,0.0,0.0,0.0,0.09907747060060501,False,False,0.0,0.0,0.0,[],0.0,0.0,0,0.0,0,1.6250000101081241e-06
mlp_aco,10,8338,87,20,3,0.0,0.0,0.0,0.0,0.43936213850975037,False,False,0.0,0.0,0.0,[],0.0,0.0,0,0.0,0,1.6250000101081241e-06
mlp_aco,10,8338,87,20,4,0.0,0.0,0.0,0.0,0.20313307642936707,False,False,0.0,0.0,0.0,[],0.0,0.0,0,0.0,0,1.6250000101081241e-06
mlp_aco,10,8339,87,20,1,0.0,97.0,97.0,0.485,0.3170483708381653,False,False,0.0,97.0,0.0,[],0.0,0.0,0,0.0,0,1.7090000028474606e-06
mlp_aco,10,8339,87,20,2,0.0,0.0,0.0,0.0,0.09907747060060501,False,False,0.0,0.0,0.0,[],0.0,0.0,0,0.0,0,1.7090000028474606e-06
mlp_aco,10,8339,87,20,3,0.0,0.0,0.0,0.0,0.43936213850975037,False,False,0.0,0.0,0.0,[],0.0,0.0,0,0.0,0,1.7090000028474606e-06
mlp_aco,10,8339,87,20,4,0.0,0.0,0.0,0.0,0.20313307642936707,False,False,0.0,0.0,0.0,[],0.0,0.0,0,0.0,0,1.7090000028474606e-06
mlp_aco,10,8340,87,21,1,0.0,97.0,97.0,0.485,0.3170483708381653,False,False,0.0,97.0,0.0,[],0.0,0.0,0,0.0,0,1.7920000061621977e-06
mlp_aco,10,8340,87,21,2,0.0,0.0,0.0,0.0,0.09907747060060501,False,False,0.0,0.0,0.0,[],0.0,0.0,0,0.0,0,1.7920000061621977e-06
mlp_aco,10,8340,87,21,3,0.0,0.0,0.0,0.0,0.43936213850975037,False,False,0.0,0.0,0.0,[],0.0,0.0,0,0.0,0,1.7920000061621977e-06
mlp_aco,10,8340,87,21,4,0.0,0.0,0.0,0.0,0.20313307642936707,False,False,0.0,0.0,0.0,[],0.0,0.0,0,0.0,0,1.7920000061621977e-06
mlp_aco,10,8341,87,21,1,0.0,97.0,97.0,0.485,0.3170483708381653,False,False,0.0,97.0,0.0,[],0.0,0.0,0,0.0,0,1.7079999850011518e-06
mlp_aco,10,8341,87,21,2,0.0,0.0,0.0,0.0,0.09907747060060501,False,False,0.0,0.0,0.0,[],0.0,0.0,0,0.0,0,1.7079999850011518e-06
mlp_aco,10,8341,87,21,3,0.0,0.0,0.0,0.0,0.43936213850975037,False,False,0.0,0.0,0.0,[],0.0,0.0,0,0.0,0,1.7079999850011518e-06
mlp_aco,10,8341,87,21,4,0.0,0.0,0.0,0.0,0.20313307642936707,False,False,0.0,0.0,0.0,[],0.0,0.0,0,0.0,0,1.7079999850011518e-06
mlp_aco,10,8342,87,21,1,0.0,97.0,97.0,0.485,0.3170483708381653,False,False,0.0,97.0,0.0,[],0.0,0.0,0,0.0,0,1.667000020688647e-06
mlp_aco,10,8342,87,21,2,0.0,0.0,0.0,0.0,0.09907747060060501,False,False,0.0,0.0,0.0,[],0.0,0.0,0,0.0,0,1.667000020688647e-06
mlp_aco,10,8342,87,21,3,0.0,0.0,0.0,0.0,0.43936213850975037,False,False,0.0,0.0,0.0,[],0.0,0.0,0,0.0,0,1.667000020688647e-06
mlp_aco,10,8342,87,21,4,0.0,0.0,0.0,0.0,0.20313307642936707,False,False,0.0,0.0,0.0,[],0.0,0.0,0,0.0,0,1.667000020688647e-06
mlp_aco,10,8343,87,21,1,0.0,97.0,97.0,0.485,0.3170483708381653,False,False,0.0,97.0,0.0,[],0.0,0.0,0,0.0,0,1.7080000134228612e-06
mlp_aco,10,8343,87,21,2,0.0,0.0,0.0,0.0,0.09907747060060501,False,False,0.0,0.0,0.0,[],0.0,0.0,0,0.0,0,1.7080000134228612e-06
mlp_aco,10,8343,87,21,3,0.0,0.0,0.0,0.0,0.43936213850975037,False,False,0.0,0.0,0.0,[],0.0,0.0,0,0.0,0,1.7080000134228612e-06
mlp_aco,10,8343,87,21,4,0.0,0.0,0.0,0.0,0.20313307642936707,False,False,0.0,0.0,0.0,[],0.0,0.0,0,0.0,0,1.7080000134228612e-06
mlp_aco,10,8344,87,22,1,0.0,97.0,97.0,0.485,0.3170483708381653,False,False,0.0,97.0,0.0,[],0.0,0.0,0,0.0,0,2.0420000055310084e-06
mlp_aco,10,8344,87,22,2,0.0,0.0,0.0,0.0,0.09907747060060501,False,False,0.0,0.0,0.0,[],0.0,0.0,0,0.0,0,2.0420000055310084e-06
mlp_aco,10,8344,87,22,3,0.0,0.0,0.0,0.0,0.43936213850975037,False,False,0.0,0.0,0.0,[],0.0,0.0,0,0.0,0,2.0420000055310084e-06
mlp_aco,10,8344,87,22,4,0.0,0.0,0.0,0.0,0.20313307642936707,False,False,0.0,0.0,0.0,[],0.0,0.0,0,0.0,0,2.0420000055310084e-06
mlp_aco,10,8345,87,22,1,0.0,97.0,97.0,0.485,0.3170483708381653,False,False,0.0,97.0,0.0,[],0.0,0.0,0,0.0,0,1.9169999916357483e-06
mlp_aco,10,8345,87,22,2,0.0,0.0,0.0,0.0,0.09907747060060501,False,False,0.0,0.0,0.0,[],0.0,0.0,0,0.0,0,1.9169999916357483e-06
mlp_aco,10,8345,87,22,3,0.0,0.0,0.0,0.0,0.43936213850975037,False,False,0.0,0.0,0.0,[],0.0,0.0,0,0.0,0,1.9169999916357483e-06
mlp_aco,10,8345,87,22,4,0.0,0.0,0.0,0.0,0.20313307642936707,False,False,0.0,0.0,0.0,[],0.0,0.0,0,0.0,0,1.9169999916357483e-06
mlp_aco,10,8346,87,22,1,0.0,97.0,97.0,0.485,0.3170483708381653,False,False,0.0,97.0,0.0,[],0.0,0.0,0,0.0,0,1.7920000061621977e-06
mlp_aco,10,8346,87,22,2,0.0,0.0,0.0,0.0,0.09907747060060501,False,False,0.0,0.0,0.0,[],0.0,0.0,0,0.0,0,1.7920000061621977e-06
mlp_aco,10,8346,87,22,3,0.0,0.0,0.0,0.0,0.43936213850975037,False,False,0.0,0.0,0.0,[],0.0,0.0,0,0.0,0,1.7920000061621977e-06
mlp_aco,10,8346,87,22,4,0.0,0.0,0.0,0.0,0.20313307642936707,False,False,0.0,0.0,0.0,[],0.0,0.0,0,0.0,0,1.7920000061621977e-06
mlp_aco,10,8347,87,22,1,0.0,97.0,97.0,0.485,0.3170483708381653,False,False,0.0,97.0,0.0,[],0.0,0.0,0,0.0,0,1.8329999988964119e-06
mlp_aco,10,8347,87,22,2,0.0,0.0,0.0,0.0,0.09907747060060501,False,False,0.0,0.0,0.0,[],0.0,0.0,0,0.0,0,1.8329999988964119e-06
mlp_aco,10,8347,87,22,3,0.0,0.0,0.0,0.0,0.43936213850975037,False,False,0.0,0.0,0.0,[],0.0,0.0,0,0.0,0,1.8329999988964119e-06
mlp_aco,10,8347,87,22,4,0.0,0.0,0.0,0.0,0.20313307642936707,False,False,0.0,0.0,0.0,[],0.0,0.0,0,0.0,0,1.8329999988964119e-06
mlp_aco,10,8348,87,23,1,0.0,97.0,97.0,0.485,0.3170483708381653,False,False,0.0,97.0,0.0,[],0.0,0.0,0,0.0,0,1.7499999955816747e-06
mlp_aco,10,8348,87,23,2,0.0,0.0,0.0,0.0,0.09907747060060501,False,False,0.0,0.0,0.0,[],0.0,0.0,0,0.0,0,1.7499999955816747e-06
mlp_aco,10,8348,87,23,3,0.0,0.0,0.0,0.0,0.43936213850975037,False,False,0.0,0.0,0.0,[],0.0,0.0,0,0.0,0,1.7499999955816747e-06
mlp_aco,10,8348,87,23,4,0.0,0.0,0.0,0.0,0.20313307642936707,False,False,0.0,0.0,0.0,[],0.0,0.0,0,0.0,0,1.7499999955816747e-06
mlp_aco,10,8349,87,23,1,0.0,97.0,97.0,0.485,0.3170483708381653,False,False,0.0,97.0,0.0,[],0.0,0.0,0,0.0,0,2.000000023372195e-06
mlp_aco,10,8349,87,23,2,0.0,0.0,0.0,0.0,0.09907747060060501,False,False,0.0,0.0,0.0,[],0.0,0.0,0,0.0,0,2.000000023372195e-06
mlp_aco,10,8349,87,23,3,0.0,0.0,0.0,0.0,0.43936213850975037,False,False,0.0,0.0,0.0,[],0.0,0.0,0,0.0,0,2.000000023372195e-06
mlp_aco,10,8349,87,23,4,0.0,0.0,0.0,0.0,0.20313307642936707,False,False,0.0,0.0,0.0,[],0.0,0.0,0,0.0,0,2.000000023372195e-06
mlp_aco,10,8350,87,23,1,0.0,97.0,97.0,0.485,0.3170483708381653,False,False,0.0,97.0,0.0,[],0.0,0.0,0,0.0,0,1.8339999883210112e-06
mlp_aco,10,8350,87,23,2,0.0,0.0,0.0,0.0,0.09907747060060501,False,False,0.0,0.0,0.0,[],0.0,0.0,0,0.0,0,1.8339999883210112e-06
mlp_aco,10,8350,87,23,3,0.0,0.0,0.0,0.0,0.43936213850975037,False,False,0.0,0.0,0.0,[],0.0,0.0,0,0.0,0,1.8339999883210112e-06
mlp_aco,10,8350,87,23,4,0.0,0.0,0.0,0.0,0.20313307642936707,False,False,0.0,0.0,0.0,[],0.0,0.0,0,0.0,0,1.8339999883210112e-06
mlp_aco,10,8351,87,23,1,0.0,97.0,97.0,0.485,0.3170483708381653,False,False,0.0,97.0,0.0,[],0.0,0.0,0,0.0,0,1.790999988315889e-06
mlp_aco,10,8351,87,23,2,0.0,0.0,0.0,0.0,0.09907747060060501,False,False,0.0,0.0,0.0,[],0.0,0.0,0,0.0,0,1.790999988315889e-06
mlp_aco,10,8351,87,23,3,0.0,0.0,0.0,0.0,0.43936213850975037,False,False,0.0,0.0,0.0,[],0.0,0.0,0,0.0,0,1.790999988315889e-06
mlp_aco,10,8351,87,23,4,0.0,0.0,0.0,0.0,0.20313307642936707,False,False,0.0,0.0,0.0,[],0.0,0.0,0,0.0,0,1.790999988315889e-06
mlp_aco,10,8352,88,0,1,34.0,97.0,131.0,0.655,0.9999627470970154,True,True,30.0,101.0,0.0,[1],10.0,10.0,1,10.0,0,0.00893604099999834
mlp_aco,10,8352,88,0,2,0.0,0.0,0.0,0.0,0.09907747060060501,False,False,0.0,0.0,0.0,[],10.0,10.0,1,10.0,0,0.00893604099999834
mlp_aco,10,8352,88,0,3,0.0,0.0,0.0,0.0,0.43936213850975037,False,False,0.0,0.0,0.0,[],10.0,10.0,1,10.0,0,0.00893604099999834
mlp_aco,10,8352,88,0,4,0.0,0.0,0.0,0.0,0.20313307642936707,False,False,0.0,0.0,0.0,[],10.0,10.0,1,10.0,0,0.00893604099999834
mlp_aco,10,8353,88,0,1,36.0,101.0,137.0,0.685,0.9999904036521912,True,True,30.0,107.0,0.0,[1],10.0,10.0,1,10.0,0,0.008856833000010056
mlp_aco,10,8353,88,0,2,0.0,0.0,0.0,0.0,0.09907747060060501,False,False,0.0,0.0,0.0,[],10.0,10.0,1,10.0,0,0.008856833000010056
mlp_aco,10,8353,88,0,3,0.0,0.0,0.0,0.0,0.43936213850975037,False,False,0.0,0.0,0.0,[],10.0,10.0,1,10.0,0,0.008856833000010056
mlp_aco,10,8353,88,0,4,0.0,0.0,0.0,0.0,0.20313307642936707,False,False,0.0,0.0,0.0,[],10.0,10.0,1,10.0,0,0.008856833000010056
mlp_aco,10,8354,88,0,1,36.0,107.0,143.0,0.715,0.9999959468841553,True,True,30.0,113.0,0.0,[1],10.0,10.0,1,10.0,0,0.008836916000007022
mlp_aco,10,8354,88,0,2,0.0,0.0,0.0,0.0,0.09907747060060501,False,False,0.0,0.0,0.0,[],10.0,10.0,1,10.0,0,0.008836916000007022
mlp_aco,10,8354,88,0,3,0.0,0.0,0.0,0.0,0.43936213850975037,False,False,0.0,0.0,0.0,[],10.0,10.0,1,10.0,0,0.008836916000007022
mlp_aco,10,8354,88,0,4,0.0,0.0,0.0,0.0,0.20313307642936707,False,False,0.0,0.0,0.0,[],10.0,10.0,1,10.0,0,0.008836916000007022
mlp_aco,10,8355,88,0,1,27.0,113.0,140.0,0.7,0.9998873472213745,True,True,30.0,110.0,0.0,[1],10.0,10.0,1,10.0,0,0.008792583000001741
mlp_aco,10,8355,88,0,2,0.0,0.0,0.0,0.0,0.09907747060060501,False,False,0.0,0.0,0.0,[],10.0,10.0,1,10.0,0,0.008792583000001741
mlp_aco,10,8355,88,0,3,0.0,0.0,0.0,0.0,0.43936213850975037,False,False,0.0,0.0,0.0,[],10.0,10.0,1,10.0,0,0.008792583000001741
mlp_aco,10,8355,88,0,4,0.0,0.0,0.0,0.0,0.20313307642936707,False,False,0.0,0.0,0.0,[],10.0,10.0,1,10.0,0,0.008792583000001741
mlp_aco,10,8356,88,1,1,29.0,110.0,139.0,0.695,0.9999339580535889,True,True,30.0,109.0,0.0,[1],10.0,10.0,1,10.0,0,0.00895700000000943
mlp_aco,10,8356,88,1,2,0.0,0.0,0.0,0.0,0.09907747060060501,False,False,0.0,0.0,0.0,[],10.0,10.0,1,10.0,0,0.00895700000000943
mlp_aco,10,8356,88,1,3,0.0,0.0,0.0,0.0,0.43936213850975037,False,False,0.0,0.0,0.0,[],10.0,10.0,1,10.0,0,0.00895700000000943
mlp_aco,10,8356,88,1,4,0.0,0.0,0.0,0.0,0.20313307642936707,False,False,0.0,0.0,0.0,[],10.0,10.0,1,10.0,0,0.00895700000000943
mlp_aco,10,8357,88,1,1,28.0,109.0,137.0,0.685,0.9998785257339478,True,True,30.0,107.0,0.0,[1],10.0,10.0,1,10.0,0,0.008920541999998477
mlp_aco,10,8357,88,1,2,0.0,0.0,0.0,0.0,0.09907747060060501,False,False,0.0,0.0,0.0,[],10.0,10.0,1,10.0,0,0.008920541999998477
mlp_aco,10,8357,88,1,3,0.0,0.0,0.0,0.0,0.43936213850975037,False,False,0.0,0.0,0.0,[],10.0,10.0,1,10.0,0,0.008920541999998477
mlp_aco,10,8357,88,1,4,0.0,0.0,0.0,0.0,0.20313307642936707,False,False,0.0,0.0,0.0,[],10.0,10.0,1,10.0,0,0.008920541999998477
mlp_aco,10,8358,88,1,1,34.0,107.0,141.0,0.705,0.9999901652336121,True,True,30.0,111.0,0.0,[1],10.0,10.0,1,10.0,0,0.008804416999993236
mlp_aco,10,8358,88,1,2,0.0,0.0,0.0,0.0,0.09907747060060501,False,False,0.0,0.0,0.0,[],10.0,10.0,1,10.0,0,0.008804416999993236
mlp_aco,10,8358,88,1,3,0.0,0.0,0.0,0.0,0.43936213850975037,False,False,0.0,0.0,0.0,[],10.0,10.0,1,10.0,0,0.008804416999993236
mlp_aco,10,8358,88,1,4,0.0,0.0,0.0,0.0,0.20313307642936707,False,False,0.0,0.0,0.0,[],10.0,10.0,1,10.0,0,0.008804416999993236
mlp_aco,10,8359,88,1,1,40.0,111.0,151.0,0.755,0.9999997019767761,True,True,30.0,121.0,0.0,[1],10.0,10.0,1,10.0,0,0.008847374999987778
mlp_aco,10,8359,88,1,2,0.0,0.0,0.0,0.0,0.09907747060060501,False,False,0.0,0.0,0.0,[],10.0,10.0,1,10.0,0,0.008847374999987778
mlp_aco,10,8359,88,1,3,0.0,0.0,0.0,0.0,0.43936213850975037,False,False,0.0,0.0,0.0,[],10.0,10.0,1,10.0,0,0.008847374999987778
mlp_aco,10,8359,88,1,4,0.0,0.0,0.0,0.0,0.20313307642936707,False,False,0.0,0.0,0.0,[],10.0,10.0,1,10.0,0,0.008847374999987778
mlp_aco,10,8360,88,2,1,42.0,121.0,163.0,0.815,1.0,True,True,30.0,133.0,0.0,[1],10.0,10.0,1,10.0,0,0.008944041999995989
mlp_aco,10,8360,88,2,2,0.0,0.0,0.0,0.0,0.09907747060060501,False,False,0.0,0.0,0.0,[],10.0,10.0,1,10.0,0,0.008944041999995989
mlp_aco,10,8360,88,2,3,0.0,0.0,0.0,0.0,0.43936213850975037,False,False,0.0,0.0,0.0,[],10.0,10.0,1,10.0,0,0.008944041999995989
mlp_aco,10,8360,88,2,4,0.0,0.0,0.0,0.0,0.20313307642936707,False,False,0.0,0.0,0.0,[],10.0,10.0,1,10.0,0,0.008944041999995989
mlp_aco,10,8361,88,2,1,40.0,133.0,173.0,0.865,1.0,True,True,30.0,143.0,0.0,[1],10.0,10.0,1,10.0,0,0.00901074999998741
mlp_aco,10,8361,88,2,2,0.0,0.0,0.0,0.0,0.09907747060060501,False,False,0.0,0.0,0.0,[],10.0,10.0,1,10.0,0,0.00901074999998741
mlp_aco,10,8361,88,2,3,0.0,0.0,0.0,0.0,0.43936213850975037,False,False,0.0,0.0,0.0,[],10.0,10.0,1,10.0,0,0.00901074999998741
mlp_aco,10,8361,88,2,4,0.0,0.0,0.0,0.0,0.20313307642936707,False,False,0.0,0.0,0.0,[],10.0,10.0,1,10.0,0,0.00901074999998741
mlp_aco,10,8362,88,2,1,41.0,143.0,184.0,0.92,1.0,True,True,30.0,154.0,0.0,[1],10.0,10.0,1,10.0,0,0.008785625000001573
mlp_aco,10,8362,88,2,2,0.0,0.0,0.0,0.0,0.09907747060060501,False,False,0.0,0.0,0.0,[],10.0,10.0,1,10.0,0,0.008785625000001573
mlp_aco,10,8362,88,2,3,0.0,0.0,0.0,0.0,0.43936213850975037,False,False,0.0,0.0,0.0,[],10.0,10.0,1,10.0,0,0.008785625000001573
mlp_aco,10,8362,88,2,4,0.0,0.0,0.0,0.0,0.20313307642936707,False,False,0.0,0.0,0.0,[],10.0,10.0,1,10.0,0,0.008785625000001573
mlp_aco,10,8363,88,2,1,41.0,154.0,195.0,0.975,1.0,True,True,30.0,165.0,0.0,[1],10.0,10.0,1,10.0,0,0.008949749999999312
mlp_aco,10,8363,88,2,2,0.0,0.0,0.0,0.0,0.09907747060060501,False,False,0.0,0.0,0.0,[],10.0,10.0,1,10.0,0,0.008949749999999312
mlp_aco,10,8363,88,2,3,0.0,0.0,0.0,0.0,0.43936213850975037,False,False,0.0,0.0,0.0,[],10.0,10.0,1,10.0,0,0.008949749999999312
mlp_aco,10,8363,88,2,4,0.0,0.0,0.0,0.0,0.20313307642936707,False,False,0.0,0.0,0.0,[],10.0,10.0,1,10.0,0,0.008949749999999312
mlp_aco,10,8364,88,3,1,40.0,165.0,205.0,1.025,1.0,True,True,30.0,175.0,0.0,[1],10.0,10.0,1,10.0,0,0.00890029199999276
mlp_aco,10,8364,88,3,2,0.0,0.0,0.0,0.0,0.09907747060060501,False,False,0.0,0.0,0.0,[],10.0,10.0,1,10.0,0,0.00890029199999276
mlp_aco,10,8364,88,3,3,0.0,0.0,0.0,0.0,0.43936213850975037,False,False,0.0,0.0,0.0,[],10.0,10.0,1,10.0,0,0.00890029199999276
mlp_aco,10,8364,88,3,4,0.0,0.0,0.0,0.0,0.20313307642936707,False,False,0.0,0.0,0.0,[],10.0,10.0,1,10.0,0,0.00890029199999276
mlp_aco,10,8365,88,3,1,41.0,175.0,216.0,1.08,1.0,True,True,30.0,186.0,0.0,[1],10.0,10.0,1,10.0,0,0.008848166999996465
mlp_aco,10,8365,88,3,2,0.0,0.0,0.0,0.0,0.09907747060060501,False,False,0.0,0.0,0.0,[],10.0,10.0,1,10.0,0,0.008848166999996465
mlp_aco,10,8365,88,3,3,0.0,0.0,0.0,0.0,0.43936213850975037,False,False,0.0,0.0,0.0,[],10.0,10.0,1,10.0,0,0.008848166999996465
mlp_aco,10,8365,88,3,4,0.0,0.0,0.0,0.0,0.20313307642936707,False,False,0.0,0.0,0.0,[],10.0,10.0,1,10.0,0,0.008848166999996465
mlp_aco,10,8366,88,3,1,40.0,186.0,226.0,1.13,1.0,True,True,30.0,196.0,0.0,[1],10.0,10.0,1,10.0,0,0.008754832999983364
mlp_aco,10,8366,88,3,2,0.0,0.0,0.0,0.0,0.09907747060060501,False,False,0.0,0.0,0.0,[],10.0,10.0,1,10.0,0,0.008754832999983364
mlp_aco,10,8366,88,3,3,0.0,0.0,0.0,0.0,0.43936213850975037,False,False,0.0,0.0,0.0,[],10.0,10.0,1,10.0,0,0.008754832999983364
mlp_aco,10,8366,88,3,4,0.0,0.0,0.0,0.0,0.20313307642936707,False,False,0.0,0.0,0.0,[],10.0,10.0,1,10.0,0,0.008754832999983364
mlp_aco,10,8367,88,3,1,31.0,196.0,227.0,1.135,1.0,True,True,30.0,197.0,0.0,[1],10.0,10.0,1,10.0,0,0.009010290999981407
mlp_aco,10,8367,88,3,2,0.0,0.0,0.0,0.0,0.09907747060060501,False,False,0.0,0.0,0.0,[],10.0,10.0,1,10.0,0,0.009010290999981407
mlp_aco,10,8367,88,3,3,0.0,0.0,0.0,0.0,0.43936213850975037,False,False,0.0,0.0,0.0,[],10.0,10.0,1,10.0,0,0.009010290999981407
mlp_aco,10,8367,88,3,4,0.0,0.0,0.0,0.0,0.20313307642936707,False,False,0.0,0.0,0.0,[],10.0,10.0,1,10.0,0,0.009010290999981407
mlp_aco,10,8368,88,4,1,27.0,197.0,224.0,1.12,1.0,True,True,30.0,194.0,0.0,[1],10.0,10.0,1,10.0,0,0.00899375000000191
mlp_aco,10,8368,88,4,2,0.0,0.0,0.0,0.0,0.09907747060060501,False,False,0.0,0.0,0.0,[],10.0,10.0,1,10.0,0,0.00899375000000191
mlp_aco,10,8368,88,4,3,0.0,0.0,0.0,0.0,0.43936213850975037,False,False,0.0,0.0,0.0,[],10.0,10.0,1,10.0,0,0.00899375000000191
mlp_aco,10,8368,88,4,4,0.0,0.0,0.0,0.0,0.20313307642936707,False,False,0.0,0.0,0.0,[],10.0,10.0,1,10.0,0,0.00899375000000191
mlp_aco,10,8369,88,4,1,27.0,194.0,221.0,1.105,1.0,True,True,30.0,191.0,0.0,[1],10.0,10.0,1,10.0,0,0.008854958000000579
mlp_aco,10,8369,88,4,2,0.0,0.0,0.0,0.0,0.09907747060060501,False,False,0.0,0.0,0.0,[],10.0,10.0,1,10.0,0,0.008854958000000579
mlp_aco,10,8369,88,4,3,0.0,0.0,0.0,0.0,0.43936213850975037,False,False,0.0,0.0,0.0,[],10.0,10.0,1,10.0,0,0.008854958000000579
mlp_aco,10,8369,88,4,4,0.0,0.0,0.0,0.0,0.20313307642936707,False,False,0.0,0.0,0.0,[],10.0,10.0,1,10.0,0,0.008854958000000579
mlp_aco,10,8370,88,4,1,27.0,191.0,218.0,1.09,1.0,True,True,30.0,188.0,0.0,[1],10.0,10.0,1,10.0,0,0.008844250000009879
mlp_aco,10,8370,88,4,2,0.0,0.0,0.0,0.0,0.09907747060060501,False,False,0.0,0.0,0.0,[],10.0,10.0,1,10.0,0,0.008844250000009879
mlp_aco,10,8370,88,4,3,0.0,0.0,0.0,0.0,0.43936213850975037,False,False,0.0,0.0,0.0,[],10.0,10.0,1,10.0,0,0.008844250000009879
mlp_aco,10,8370,88,4,4,0.0,0.0,0.0,0.0,0.20313307642936707,False,False,0.0,0.0,0.0,[],10.0,10.0,1,10.0,0,0.008844250000009879
mlp_aco,10,8371,88,4,1,26.0,188.0,214.0,1.07,1.0,True,True,30.0,184.0,0.0,[1],10.0,10.0,1,10.0,0,0.00899799999999118
mlp_aco,10,8371,88,4,2,0.0,0.0,0.0,0.0,0.09907747060060501,False,False,0.0,0.0,0.0,[],10.0,10.0,1,10.0,0,0.00899799999999118
mlp_aco,10,8371,88,4,3,0.0,0.0,0.0,0.0,0.43936213850975037,False,False,0.0,0.0,0.0,[],10.0,10.0,1,10.0,0,0.00899799999999118
mlp_aco,10,8371,88,4,4,0.0,0.0,0.0,0.0,0.20313307642936707,False,False,0.0,0.0,0.0,[],10.0,10.0,1,10.0,0,0.00899799999999118
mlp_aco,10,8372,88,5,1,27.0,184.0,211.0,1.055,1.0,True,True,30.0,181.0,0.0,[1],10.0,10.0,1,10.0,0,0.008828957999980958
mlp_aco,10,8372,88,5,2,0.0,0.0,0.0,0.0,0.09907747060060501,False,False,0.0,0.0,0.0,[],10.0,10.0,1,10.0,0,0.008828957999980958
mlp_aco,10,8372,88,5,3,0.0,0.0,0.0,0.0,0.43936213850975037,False,False,0.0,0.0,0.0,[],10.0,10.0,1,10.0,0,0.008828957999980958
mlp_aco,10,8372,88,5,4,0.0,0.0,0.0,0.0,0.20313307642936707,False,False,0.0,0.0,0.0,[],10.0,10.0,1,10.0,0,0.008828957999980958
mlp_aco,10,8373,88,5,1,27.0,181.0,208.0,1.04,1.0,True,True,30.0,178.0,0.0,[1],10.0,10.0,1,10.0,0,0.0088760839999793
mlp_aco,10,8373,88,5,2,0.0,0.0,0.0,0.0,0.09907747060060501,False,False,0.0,0.0,0.0,[],10.0,10.0,1,10.0,0,0.0088760839999793
mlp_aco,10,8373,88,5,3,0.0,0.0,0.0,0.0,0.43936213850975037,False,False,0.0,0.0,0.0,[],10.0,10.0,1,10.0,0,0.0088760839999793
mlp_aco,10,8373,88,5,4,0.0,0.0,0.0,0.0,0.20313307642936707,False,False,0.0,0.0,0.0,[],10.0,10.0,1,10.0,0,0.0088760839999793
mlp_aco,10,8374,88,5,1,26.0,178.0,204.0,1.02,1.0,True,True,30.0,174.0,0.0,[1],10.0,10.0,1,10.0,0,0.008961833000000752
mlp_aco,10,8374,88,5,2,0.0,0.0,0.0,0.0,0.09907747060060501,False,False,0.0,0.0,0.0,[],10.0,10.0,1,10.0,0,0.008961833000000752
mlp_aco,10,8374,88,5,3,0.0,0.0,0.0,0.0,0.43936213850975037,False,False,0.0,0.0,0.0,[],10.0,10.0,1,10.0,0,0.008961833000000752
mlp_aco,10,8374,88,5,4,0.0,0.0,0.0,0.0,0.20313307642936707,False,False,0.0,0.0,0.0,[],10.0,10.0,1,10.0,0,0.008961833000000752
mlp_aco,10,8375,88,5,1,27.0,174.0,201.0,1.005,1.0,True,True,30.0,171.0,0.0,[1],10.0,10.0,1,10.0,0,0.008905749999996715
mlp_aco,10,8375,88,5,2,0.0,0.0,0.0,0.0,0.09907747060060501,False,False,0.0,0.0,0.0,[],10.0,10.0,1,10.0,0,0.008905749999996715
mlp_aco,10,8375,88,5,3,0.0,0.0,0.0,0.0,0.43936213850975037,False,False,0.0,0.0,0.0,[],10.0,10.0,1,10.0,0,0.008905749999996715
mlp_aco,10,8375,88,5,4,0.0,0.0,0.0,0.0,0.20313307642936707,False,False,0.0,0.0,0.0,[],10.0,10.0,1,10.0,0,0.008905749999996715
mlp_aco,10,8376,88,6,1,27.0,171.0,198.0,0.99,1.0,True,True,30.0,168.0,0.0,[1],10.0,10.0,1,10.0,0,0.008924957999994376
mlp_aco,10,8376,88,6,2,0.0,0.0,0.0,0.0,0.09907747060060501,False,False,0.0,0.0,0.0,[],10.0,10.0,1,10.0,0,0.008924957999994376
mlp_aco,10,8376,88,6,3,0.0,0.0,0.0,0.0,0.43936213850975037,False,False,0.0,0.0,0.0,[],10.0,10.0,1,10.0,0,0.008924957999994376
mlp_aco,10,8376,88,6,4,0.0,0.0,0.0,0.0,0.20313307642936707,False,False,0.0,0.0,0.0,[],10.0,10.0,1,10.0,0,0.008924957999994376
mlp_aco,10,8377,88,6,1,25.0,168.0,193.0,0.965,1.0,True,True,30.0,163.0,0.0,[1],10.0,10.0,1,10.0,0,0.008935624999992342
mlp_aco,10,8377,88,6,2,0.0,0.0,0.0,0.0,0.09907747060060501,False,False,0.0,0.0,0.0,[],10.0,10.0,1,10.0,0,0.008935624999992342
mlp_aco,10,8377,88,6,3,0.0,0.0,0.0,0.0,0.43936213850975037,False,False,0.0,0.0,0.0,[],10.0,10.0,1,10.0,0,0.008935624999992342
mlp_aco,10,8377,88,6,4,0.0,0.0,0.0,0.0,0.20313307642936707,False,False,0.0,0.0,0.0,[],10.0,10.0,1,10.0,0,0.008935624999992342
mlp_aco,10,8378,88,6,1,27.0,163.0,190.0,0.95,1.0,True,True,30.0,160.0,0.0,[1],10.0,10.0,1,10.0,0,0.008981457999993836
mlp_aco,10,8378,88,6,2,0.0,0.0,0.0,0.0,0.09907747060060501,False,False,0.0,0.0,0.0,[],10.0,10.0,1,10.0,0,0.008981457999993836
mlp_aco,10,8378,88,6,3,0.0,0.0,0.0,0.0,0.43936213850975037,False,False,0.0,0.0,0.0,[],10.0,10.0,1,10.0,0,0.008981457999993836
mlp_aco,10,8378,88,6,4,0.0,0.0,0.0,0.0,0.20313307642936707,False,False,0.0,0.0,0.0,[],10.0,10.0,1,10.0,0,0.008981457999993836
mlp_aco,10,8379,88,6,1,20.0,160.0,180.0,0.9,0.9999997019767761,True,True,30.0,150.0,0.0,[1],10.0,10.0,1,10.0,0,0.0088674999999796
mlp_aco,10,8379,88,6,2,0.0,0.0,0.0,0.0,0.09907747060060501,False,False,0.0,0.0,0.0,[],10.0,10.0,1,10.0,0,0.0088674999999796
mlp_aco,10,8379,88,6,3,0.0,0.0,0.0,0.0,0.43936213850975037,False,False,0.0,0.0,0.0,[],10.0,10.0,1,10.0,0,0.0088674999999796
mlp_aco,10,8379,88,6,4,0.0,0.0,0.0,0.0,0.20313307642936707,False,False,0.0,0.0,0.0,[],10.0,10.0,1,10.0,0,0.0088674999999796
mlp_aco,10,8380,88,7,1,19.0,150.0,169.0,0.845,0.9999926686286926,True,True,30.0,139.0,0.0,[1],10.0,10.0,1,10.0,0,0.008809833000015033
mlp_aco,10,8380,88,7,2,0.0,0.0,0.0,0.0,0.09907747060060501,False,False,0.0,0.0,0.0,[],10.0,10.0,1,10.0,0,0.008809833000015033
mlp_aco,10,8380,88,7,3,0.0,0.0,0.0,0.0,0.43936213850975037,False,False,0.0,0.0,0.0,[],10.0,10.0,1,10.0,0,0.008809833000015033
mlp_aco,10,8380,88,7,4,0.0,0.0,0.0,0.0,0.20313307642936707,False,False,0.0,0.0,0.0,[],10.0,10.0,1,10.0,0,0.008809833000015033
mlp_aco,10,8381,88,7,1,19.0,139.0,158.0,0.79,0.9998690485954285,True,True,30.0,128.0,0.0,[1],10.0,10.0,1,10.0,0,0.00880695800000808
mlp_aco,10,8381,88,7,2,0.0,0.0,0.0,0.0,0.09907747060060501,False,False,0.0,0.0,0.0,[],10.0,10.0,1,10.0,0,0.00880695800000808
mlp_aco,10,8381,88,7,3,0.0,0.0,0.0,0.0,0.43936213850975037,False,False,0.0,0.0,0.0,[],10.0,10.0,1,10.0,0,0.00880695800000808
mlp_aco,10,8381,88,7,4,0.0,0.0,0.0,0.0,0.20313307642936707,False,False,0.0,0.0,0.0,[],10.0,10.0,1,10.0,0,0.00880695800000808
mlp_aco,10,8382,88,7,1,19.0,128.0,147.0,0.735,0.9991053938865662,True,True,30.0,117.0,0.0,[1],10.0,10.0,1,10.0,0,0.008938791999980822
mlp_aco,10,8382,88,7,2,0.0,0.0,0.0,0.0,0.09907747060060501,False,False,0.0,0.0,0.0,[],10.0,10.0,1,10.0,0,0.008938791999980822
mlp_aco,10,8382,88,7,3,0.0,0.0,0.0,0.0,0.43936213850975037,False,False,0.0,0.0,0.0,[],10.0,10.0,1,10.0,0,0.008938791999980822
mlp_aco,10,8382,88,7,4,0.0,0.0,0.0,0.0,0.20313307642936707,False,False,0.0,0.0,0.0,[],10.0,10.0,1,10.0,0,0.008938791999980822
mlp_aco,10,8383,88,7,1,19.0,117.0,136.0,0.68,0.9968017935752869,True,True,30.0,106.0,0.0,[1],10.0,10.0,1,10.0,0,0.008952832999995053
mlp_aco,10,8383,88,7,2,0.0,0.0,0.0,0.0,0.09907747060060501,False,False,0.0,0.0,0.0,[],10.0,10.0,1,10.0,0,0.008952832999995053
mlp_aco,10,8383,88,7,3,0.0,0.0,0.0,0.0,0.43936213850975037,False,False,0.0,0.0,0.0,[],10.0,10.0,1,10.0,0,0.008952832999995053
mlp_aco,10,8383,88,7,4,0.0,0.0,0.0,0.0,0.20313307642936707,False,False,0.0,0.0,0.0,[],10.0,10.0,1,10.0,0,0.008952832999995053
mlp_aco,10,8384,88,8,1,19.0,106.0,125.0,0.625,0.9915140867233276,True,True,30.0,95.0,0.0,[1],10.0,10.0,1,10.0,0,0.00882020800000305
mlp_aco,10,8384,88,8,2,0.0,0.0,0.0,0.0,0.09907747060060501,False,False,0.0,0.0,0.0,[],10.0,10.0,1,10.0,0,0.00882020800000305
mlp_aco,10,8384,88,8,3,0.0,0.0,0.0,0.0,0.43936213850975037,False,False,0.0,0.0,0.0,[],10.0,10.0,1,10.0,0,0.00882020800000305
mlp_aco,10,8384,88,8,4,0.0,0.0,0.0,0.0,0.20313307642936707,False,False,0.0,0.0,0.0,[],10.0,10.0,1,10.0,0,0.00882020800000305
mlp_aco,10,8385,88,8,1,19.0,95.0,114.0,0.57,0.9776797890663147,True,True,30.0,84.0,0.0,[1],10.0,10.0,1,10.0,0,0.008893375000013748
mlp_aco,10,8385,88,8,2,0.0,0.0,0.0,0.0,0.09907747060060501,False,False,0.0,0.0,0.0,[],10.0,10.0,1,10.0,0,0.008893375000013748
mlp_aco,10,8385,88,8,3,0.0,0.0,0.0,0.0,0.43936213850975037,False,False,0.0,0.0,0.0,[],10.0,10.0,1,10.0,0,0.008893375000013748
mlp_aco,10,8385,88,8,4,0.0,0.0,0.0,0.0,0.20313307642936707,False,False,0.0,0.0,0.0,[],10.0,10.0,1,10.0,0,0.008893375000013748
mlp_aco,10,8386,88,8,1,18.0,84.0,102.0,0.51,0.9241089820861816,True,True,30.0,72.0,0.0,[1],10.0,10.0,1,10.0,0,0.008940166999991561
mlp_aco,10,8386,88,8,2,0.0,0.0,0.0,0.0,0.09907747060060501,False,False,0.0,0.0,0.0,[],10.0,10.0,1,10.0,0,0.008940166999991561
mlp_aco,10,8386,88,8,3,0.0,0.0,0.0,0.0,0.43936213850975037,False,False,0.0,0.0,0.0,[],10.0,10.0,1,10.0,0,0.008940166999991561
mlp_aco,10,8386,88,8,4,0.0,0.0,0.0,0.0,0.20313307642936707,False,False,0.0,0.0,0.0,[],10.0,10.0,1,10.0,0,0.008940166999991561
mlp_aco,10,8387,88,8,1,21.0,72.0,93.0,0.465,0.9556172490119934,True,True,30.0,63.0,0.0,[1],10.0,10.0,1,10.0,0,0.0089339589999895
mlp_aco,10,8387,88,8,2,0.0,0.0,0.0,0.0,0.09907747060060501,False,False,0.0,0.0,0.0,[],10.0,10.0,1,10.0,0,0.0089339589999895
mlp_aco,10,8387,88,8,3,0.0,0.0,0.0,0.0,0.43936213850975037,False,False,0.0,0.0,0.0,[],10.0,10.0,1,10.0,0,0.0089339589999895
mlp_aco,10,8387,88,8,4,0.0,0.0,0.0,0.0,0.20313307642936707,False,False,0.0,0.0,0.0,[],10.0,10.0,1,10.0,0,0.0089339589999895
mlp_aco,10,8388,88,9,1,23.0,63.0,86.0,0.43,0.9683176279067993,True,True,30.0,56.0,0.0,[1],10.0,10.0,1,10.0,0,0.008791667000025427
mlp_aco,10,8388,88,9,2,0.0,0.0,0.0,0.0,0.09907747060060501,False,False,0.0,0.0,0.0,[],10.0,10.0,1,10.0,0,0.008791667000025427
mlp_aco,10,8388,88,9,3,0.0,0.0,0.0,0.0,0.43936213850975037,False,False,0.0,0.0,0.0,[],10.0,10.0,1,10.0,0,0.008791667000025427
mlp_aco,10,8388,88,9,4,0.0,0.0,0.0,0.0,0.20313307642936707,False,False,0.0,0.0,0.0,[],10.0,10.0,1,10.0,0,0.008791667000025427
mlp_aco,10,8389,88,9,1,22.0,56.0,78.0,0.39,0.9432286620140076,True,True,30.0,48.0,0.0,[1],10.0,10.0,1,10.0,0,0.008875791000008348
mlp_aco,10,8389,88,9,2,0.0,0.0,0.0,0.0,0.09907747060060501,False,False,0.0,0.0,0.0,[],10.0,10.0,1,10.0,0,0.008875791000008348
mlp_aco,10,8389,88,9,3,0.0,0.0,0.0,0.0,0.43936213850975037,False,False,0.0,0.0,0.0,[],10.0,10.0,1,10.0,0,0.008875791000008348
mlp_aco,10,8389,88,9,4,0.0,0.0,0.0,0.0,0.20313307642936707,False,False,0.0,0.0,0.0,[],10.0,10.0,1,10.0,0,0.008875791000008348
mlp_aco,10,8390,88,9,1,23.0,48.0,71.0,0.355,0.944685697555542,True,True,30.0,41.0,0.0,[1],10.0,10.0,1,10.0,0,0.008932332999989967
mlp_aco,10,8390,88,9,2,0.0,0.0,0.0,0.0,0.09907747060060501,False,False,0.0,0.0,0.0,[],10.0,10.0,1,10.0,0,0.008932332999989967
mlp_aco,10,8390,88,9,3,0.0,0.0,0.0,0.0,0.43936213850975037,False,False,0.0,0.0,0.0,[],10.0,10.0,1,10.0,0,0.008932332999989967
mlp_aco,10,8390,88,9,4,0.0,0.0,0.0,0.0,0.20313307642936707,False,False,0.0,0.0,0.0,[],10.0,10.0,1,10.0,0,0.008932332999989967
mlp_aco,10,8391,88,9,1,23.0,41.0,64.0,0.32,0.9308399558067322,True,True,30.0,34.0,0.0,[1],10.0,10.0,1,10.0,0,0.00884824999999978
mlp_aco,10,8391,88,9,2,0.0,0.0,0.0,0.0,0.09907747060060501,False,False,0.0,0.0,0.0,[],10.0,10.0,1,10.0,0,0.00884824999999978
mlp_aco,10,8391,88,9,3,0.0,0.0,0.0,0.0,0.43936213850975037,False,False,0.0,0.0,0.0,[],10.0,10.0,1,10.0,0,0.00884824999999978
mlp_aco,10,8391,88,9,4,0.0,0.0,0.0,0.0,0.20313307642936707,False,False,0.0,0.0,0.0,[],10.0,10.0,1,10.0,0,0.00884824999999978
mlp_aco,10,8392,88,10,1,23.0,34.0,57.0,0.285,0.916449785232544,True,True,30.0,27.0,0.0,[1],10.0,10.0,1,10.0,0,0.00888191699999652
mlp_aco,10,8392,88,10,2,0.0,0.0,0.0,0.0,0.09907747060060501,False,False,0.0,0.0,0.0,[],10.0,10.0,1,10.0,0,0.00888191699999652
mlp_aco,10,8392,88,10,3,0.0,0.0,0.0,0.0,0.43936213850975037,False,False,0.0,0.0,0.0,[],10.0,10.0,1,10.0,0,0.00888191699999652
mlp_aco,10,8392,88,10,4,0.0,0.0,0.0,0.0,0.20313307642936707,False,False,0.0,0.0,0.0,[],10.0,10.0,1,10.0,0,0.00888191699999652
mlp_aco,10,8393,88,10,1,14.0,27.0,41.0,0.205,0.33386003971099854,False,False,0.0,41.0,0.0,[],0.0,0.0,0,0.0,0,1.9999999949504854e-06
mlp_aco,10,8393,88,10,2,0.0,0.0,0.0,0.0,0.09907747060060501,False,False,0.0,0.0,0.0,[],0.0,0.0,0,0.0,0,1.9999999949504854e-06
mlp_aco,10,8393,88,10,3,0.0,0.0,0.0,0.0,0.43936213850975037,False,False,0.0,0.0,0.0,[],0.0,0.0,0,0.0,0,1.9999999949504854e-06
mlp_aco,10,8393,88,10,4,0.0,0.0,0.0,0.0,0.20313307642936707,False,False,0.0,0.0,0.0,[],0.0,0.0,0,0.0,0,1.9999999949504854e-06
mlp_aco,10,8394,88,10,1,13.0,41.0,54.0,0.27,0.35173821449279785,False,False,0.0,54.0,0.0,[],0.0,0.0,0,0.0,0,1.7499999955816747e-06
mlp_aco,10,8394,88,10,2,0.0,0.0,0.0,0.0,0.09907747060060501,False,False,0.0,0.0,0.0,[],0.0,0.0,0,0.0,0,1.7499999955816747e-06
mlp_aco,10,8394,88,10,3,0.0,0.0,0.0,0.0,0.43936213850975037,False,False,0.0,0.0,0.0,[],0.0,0.0,0,0.0,0,1.7499999955816747e-06
mlp_aco,10,8394,88,10,4,0.0,0.0,0.0,0.0,0.20313307642936707,False,False,0.0,0.0,0.0,[],0.0,0.0,0,0.0,0,1.7499999955816747e-06
mlp_aco,10,8395,88,10,1,13.0,54.0,67.0,0.335,0.406467080116272,False,False,0.0,67.0,0.0,[],0.0,0.0,0,0.0,0,1.8329999988964119e-06
mlp_aco,10,8395,88,10,2,0.0,0.0,0.0,0.0,0.09907747060060501,False,False,0.0,0.0,0.0,[],0.0,0.0,0,0.0,0,1.8329999988964119e-06
mlp_aco,10,8395,88,10,3,0.0,0.0,0.0,0.0,0.43936213850975037,False,False,0.0,0.0,0.0,[],0.0,0.0,0,0.0,0,1.8329999988964119e-06
mlp_aco,10,8395,88,10,4,0.0,0.0,0.0,0.0,0.20313307642936707,False,False,0.0,0.0,0.0,[],0.0,0.0,0,0.0,0,1.8329999988964119e-06
mlp_aco,10,8396,88,11,1,12.0,67.0,79.0,0.395,0.43473291397094727,False,False,0.0,79.0,0.0,[],0.0,0.0,0,0.0,0,1.8749999810552254e-06
mlp_aco,10,8396,88,11,2,0.0,0.0,0.0,0.0,0.09907747060060501,False,False,0.0,0.0,0.0,[],0.0,0.0,0,0.0,0,1.8749999810552254e-06
mlp_aco,10,8396,88,11,3,0.0,0.0,0.0,0.0,0.43936213850975037,False,False,0.0,0.0,0.0,[],0.0,0.0,0,0.0,0,1.8749999810552254e-06
mlp_aco,10,8396,88,11,4,0.0,0.0,0.0,0.0,0.20313307642936707,False,False,0.0,0.0,0.0,[],0.0,0.0,0,0.0,0,1.8749999810552254e-06
mlp_aco,10,8397,88,11,1,13.0,79.0,92.0,0.46,0.6031804084777832,False,False,0.0,92.0,0.0,[],0.0,0.0,0,0.0,0,1.7090000028474606e-06
mlp_aco,10,8397,88,11,2,0.0,0.0,0.0,0.0,0.09907747060060501,False,False,0.0,0.0,0.0,[],0.0,0.0,0,0.0,0,1.7090000028474606e-06
mlp_aco,10,8397,88,11,3,0.0,0.0,0.0,0.0,0.43936213850975037,False,False,0.0,0.0,0.0,[],0.0,0.0,0,0.0,0,1.7090000028474606e-06
mlp_aco,10,8397,88,11,4,0.0,0.0,0.0,0.0,0.20313307642936707,False,False,0.0,0.0,0.0,[],0.0,0.0,0,0.0,0,1.7090000028474606e-06
mlp_aco,10,8398,88,11,1,19.0,92.0,111.0,0.555,0.9715973734855652,True,True,30.0,81.0,0.0,[1],10.0,10.0,1,10.0,0,0.008982874999986734
mlp_aco,10,8398,88,11,2,0.0,0.0,0.0,0.0,0.09907747060060501,False,False,0.0,0.0,0.0,[],10.0,10.0,1,10.0,0,0.008982874999986734
mlp_aco,10,8398,88,11,3,0.0,0.0,0.0,0.0,0.43936213850975037,False,False,0.0,0.0,0.0,[],10.0,10.0,1,10.0,0,0.008982874999986734
mlp_aco,10,8398,88,11,4,0.0,0.0,0.0,0.0,0.20313307642936707,False,False,0.0,0.0,0.0,[],10.0,10.0,1,10.0,0,0.008982874999986734
mlp_aco,10,8399,88,11,1,40.0,81.0,121.0,0.605,0.9999852776527405,True,True,30.0,91.0,0.0,[1],10.0,10.0,1,10.0,0,0.008785166999984995
mlp_aco,10,8399,88,11,2,0.0,0.0,0.0,0.0,0.09907747060060501,False,False,0.0,0.0,0.0,[],10.0,10.0,1,10.0,0,0.008785166999984995
mlp_aco,10,8399,88,11,3,0.0,0.0,0.0,0.0,0.43936213850975037,False,False,0.0,0.0,0.0,[],10.0,10.0,1,10.0,0,0.008785166999984995
mlp_aco,10,8399,88,11,4,0.0,0.0,0.0,0.0,0.20313307642936707,False,False,0.0,0.0,0.0,[],10.0,10.0,1,10.0,0,0.008785166999984995
mlp_aco,10,8400,88,12,1,47.0,91.0,138.0,0.69,0.9999998211860657,True,True,30.0,108.0,0.0,[1],10.0,10.0,1,10.0,0,0.008813375000016777
mlp_aco,10,8400,88,12,2,0.0,0.0,0.0,0.0,0.09907747060060501,False,False,0.0,0.0,0.0,[],10.0,10.0,1,10.0,0,0.008813375000016777
mlp_aco,10,8400,88,12,3,0.0,0.0,0.0,0.0,0.43936213850975037,False,False,0.0,0.0,0.0,[],10.0,10.0,1,10.0,0,0.008813375000016777
mlp_aco,10,8400,88,12,4,0.0,0.0,0.0,0.0,0.20313307642936707,False,False,0.0,0.0,0.0,[],10.0,10.0,1,10.0,0,0.008813375000016777
mlp_aco,10,8401,88,12,1,39.0,108.0,147.0,0.735,0.9999992847442627,True,True,30.0,117.0,0.0,[1],10.0,10.0,1,10.0,0,0.008995666000004121
mlp_aco,10,8401,88,12,2,0.0,0.0,0.0,0.0,0.09907747060060501,False,False,0.0,0.0,0.0,[],10.0,10.0,1,10.0,0,0.008995666000004121
mlp_aco,10,8401,88,12,3,0.0,0.0,0.0,0.0,0.43936213850975037,False,False,0.0,0.0,0.0,[],10.0,10.0,1,10.0,0,0.008995666000004121
mlp_aco,10,8401,88,12,4,0.0,0.0,0.0,0.0,0.20313307642936707,False,False,0.0,0.0,0.0,[],10.0,10.0,1,10.0,0,0.008995666000004121
mlp_aco,10,8402,88,12,1,60.0,117.0,177.0,0.885,1.0,True,True,30.0,147.0,0.0,[1],10.0,10.0,1,10.0,0,0.008868542000016078
mlp_aco,10,8402,88,12,2,0.0,0.0,0.0,0.0,0.09907747060060501,False,False,0.0,0.0,0.0,[],10.0,10.0,1,10.0,0,0.008868542000016078
mlp_aco,10,8402,88,12,3,0.0,0.0,0.0,0.0,0.43936213850975037,False,False,0.0,0.0,0.0,[],10.0,10.0,1,10.0,0,0.008868542000016078
mlp_aco,10,8402,88,12,4,0.0,0.0,0.0,0.0,0.20313307642936707,False,False,0.0,0.0,0.0,[],10.0,10.0,1,10.0,0,0.008868542000016078
mlp_aco,10,8403,88,12,1,82.0,147.0,229.0,1.145,1.0,True,True,30.0,199.0,0.0,[1],10.0,10.0,1,10.0,0,0.00895333299999379
mlp_aco,10,8403,88,12,2,0.0,0.0,0.0,0.0,0.09907747060060501,False,False,0.0,0.0,0.0,[],10.0,10.0,1,10.0,0,0.00895333299999379
mlp_aco,10,8403,88,12,3,0.0,0.0,0.0,0.0,0.43936213850975037,False,False,0.0,0.0,0.0,[],10.0,10.0,1,10.0,0,0.00895333299999379
mlp_aco,10,8403,88,12,4,0.0,0.0,0.0,0.0,0.20313307642936707,False,False,0.0,0.0,0.0,[],10.0,10.0,1,10.0,0,0.00895333299999379
mlp_aco,10,8404,88,13,1,93.0,199.0,292.0,1.46,1.0,True,True,30.0,200.0,62.0,[1],10.0,10.0,1,10.0,0,0.00897508299999572
mlp_aco,10,8404,88,13,2,0.0,0.0,0.0,0.0,0.09907747060060501,False,False,0.0,0.0,0.0,[],10.0,10.0,1,10.0,0,0.00897508299999572
mlp_aco,10,8404,88,13,3,0.0,0.0,0.0,0.0,0.43936213850975037,False,False,0.0,0.0,0.0,[],10.0,10.0,1,10.0,0,0.00897508299999572
mlp_aco,10,8404,88,13,4,0.0,0.0,0.0,0.0,0.20313307642936707,False,False,0.0,0.0,0.0,[],10.0,10.0,1,10.0,0,0.00897508299999572
mlp_aco,10,8405,88,13,1,94.0,200.0,294.0,1.47,1.0,True,True,30.0,200.0,64.0,[1],10.0,10.0,1,10.0,0,0.008953875000003109
mlp_aco,10,8405,88,13,2,0.0,0.0,0.0,0.0,0.09907747060060501,False,False,0.0,0.0,0.0,[],10.0,10.0,1,10.0,0,0.008953875000003109
mlp_aco,10,8405,88,13,3,0.0,0.0,0.0,0.0,0.43936213850975037,False,False,0.0,0.0,0.0,[],10.0,10.0,1,10.0,0,0.008953875000003109
mlp_aco,10,8405,88,13,4,0.0,0.0,0.0,0.0,0.20313307642936707,False,False,0.0,0.0,0.0,[],10.0,10.0,1,10.0,0,0.008953875000003109
mlp_aco,10,8406,88,13,1,80.0,200.0,280.0,1.4,1.0,True,True,30.0,200.0,50.0,[1],10.0,10.0,1,10.0,0,0.008904917000023715
mlp_aco,10,8406,88,13,2,0.0,0.0,0.0,0.0,0.09907747060060501,False,False,0.0,0.0,0.0,[],10.0,10.0,1,10.0,0,0.008904917000023715
mlp_aco,10,8406,88,13,3,0.0,0.0,0.0,0.0,0.43936213850975037,False,False,0.0,0.0,0.0,[],10.0,10.0,1,10.0,0,0.008904917000023715
mlp_aco,10,8406,88,13,4,0.0,0.0,0.0,0.0,0.20313307642936707,False,False,0.0,0.0,0.0,[],10.0,10.0,1,10.0,0,0.008904917000023715
mlp_aco,10,8407,88,13,1,62.0,200.0,262.0,1.31,1.0,True,True,30.0,200.0,32.0,[1],10.0,10.0,1,10.0,0,0.008959124999989854
mlp_aco,10,8407,88,13,2,0.0,0.0,0.0,0.0,0.09907747060060501,False,False,0.0,0.0,0.0,[],10.0,10.0,1,10.0,0,0.008959124999989854
mlp_aco,10,8407,88,13,3,0.0,0.0,0.0,0.0,0.43936213850975037,False,False,0.0,0.0,0.0,[],10.0,10.0,1,10.0,0,0.008959124999989854
mlp_aco,10,8407,88,13,4,0.0,0.0,0.0,0.0,0.20313307642936707,False,False,0.0,0.0,0.0,[],10.0,10.0,1,10.0,0,0.008959124999989854
mlp_aco,10,8408,88,14,1,56.0,200.0,256.0,1.28,1.0,True,True,30.0,200.0,26.0,[1],10.0,10.0,1,10.0,0,0.00891749999999547
mlp_aco,10,8408,88,14,2,0.0,0.0,0.0,0.0,0.09907747060060501,False,False,0.0,0.0,0.0,[],10.0,10.0,1,10.0,0,0.00891749999999547
mlp_aco,10,8408,88,14,3,0.0,0.0,0.0,0.0,0.43936213850975037,False,False,0.0,0.0,0.0,[],10.0,10.0,1,10.0,0,0.00891749999999547
mlp_aco,10,8408,88,14,4,0.0,0.0,0.0,0.0,0.20313307642936707,False,False,0.0,0.0,0.0,[],10.0,10.0,1,10.0,0,0.00891749999999547
mlp_aco,10,8409,88,14,1,52.0,200.0,252.0,1.26,1.0,True,True,30.0,200.0,22.0,[1],10.0,10.0,1,10.0,0,0.00886633299998607
mlp_aco,10,8409,88,14,2,0.0,0.0,0.0,0.0,0.09907747060060501,False,False,0.0,0.0,0.0,[],10.0,10.0,1,10.0,0,0.00886633299998607
mlp_aco,10,8409,88,14,3,0.0,0.0,0.0,0.0,0.43936213850975037,False,False,0.0,0.0,0.0,[],10.0,10.0,1,10.0,0,0.00886633299998607
mlp_aco,10,8409,88,14,4,0.0,0.0,0.0,0.0,0.20313307642936707,False,False,0.0,0.0,0.0,[],10.0,10.0,1,10.0,0,0.00886633299998607
mlp_aco,10,8410,88,14,1,39.0,200.0,239.0,1.195,1.0,True,True,30.0,200.0,9.0,[1],10.0,10.0,1,10.0,0,0.008786125000000311
mlp_aco,10,8410,88,14,2,0.0,0.0,0.0,0.0,0.09907747060060501,False,False,0.0,0.0,0.0,[],10.0,10.0,1,10.0,0,0.008786125000000311
mlp_aco,10,8410,88,14,3,0.0,0.0,0.0,0.0,0.43936213850975037,False,False,0.0,0.0,0.0,[],10.0,10.0,1,10.0,0,0.008786125000000311
mlp_aco,10,8410,88,14,4,0.0,0.0,0.0,0.0,0.20313307642936707,False,False,0.0,0.0,0.0,[],10.0,10.0,1,10.0,0,0.008786125000000311
mlp_aco,10,8411,88,14,1,29.0,200.0,229.0,1.145,1.0,True,True,30.0,199.0,0.0,[1],10.0,10.0,1,10.0,0,0.008786624999999049
mlp_aco,10,8411,88,14,2,0.0,0.0,0.0,0.0,0.09907747060060501,False,False,0.0,0.0,0.0,[],10.0,10.0,1,10.0,0,0.008786624999999049
mlp_aco,10,8411,88,14,3,0.0,0.0,0.0,0.0,0.43936213850975037,False,False,0.0,0.0,0.0,[],10.0,10.0,1,10.0,0,0.008786624999999049
mlp_aco,10,8411,88,14,4,0.0,0.0,0.0,0.0,0.20313307642936707,False,False,0.0,0.0,0.0,[],10.0,10.0,1,10.0,0,0.008786624999999049
mlp_aco,10,8412,88,15,1,29.0,199.0,228.0,1.14,1.0,True,True,30.0,198.0,0.0,[1],10.0,10.0,1,10.0,0,0.008951042000006737
mlp_aco,10,8412,88,15,2,0.0,0.0,0.0,0.0,0.09907747060060501,False,False,0.0,0.0,0.0,[],10.0,10.0,1,10.0,0,0.008951042000006737
mlp_aco,10,8412,88,15,3,0.0,0.0,0.0,0.0,0.43936213850975037,False,False,0.0,0.0,0.0,[],10.0,10.0,1,10.0,0,0.008951042000006737
mlp_aco,10,8412,88,15,4,0.0,0.0,0.0,0.0,0.20313307642936707,False,False,0.0,0.0,0.0,[],10.0,10.0,1,10.0,0,0.008951042000006737
mlp_aco,10,8413,88,15,1,30.0,198.0,228.0,1.14,1.0,True,True,30.0,198.0,0.0,[1],10.0,10.0,1,10.0,0,0.008988165999994635
mlp_aco,10,8413,88,15,2,0.0,0.0,0.0,0.0,0.09907747060060501,False,False,0.0,0.0,0.0,[],10.0,10.0,1,10.0,0,0.008988165999994635
mlp_aco,10,8413,88,15,3,0.0,0.0,0.0,0.0,0.43936213850975037,False,False,0.0,0.0,0.0,[],10.0,10.0,1,10.0,0,0.008988165999994635
mlp_aco,10,8413,88,15,4,0.0,0.0,0.0,0.0,0.20313307642936707,False,False,0.0,0.0,0.0,[],10.0,10.0,1,10.0,0,0.008988165999994635
mlp_aco,10,8414,88,15,1,27.0,198.0,225.0,1.125,1.0,True,True,30.0,195.0,0.0,[1],10.0,10.0,1,10.0,0,0.008823042000017267
mlp_aco,10,8414,88,15,2,0.0,0.0,0.0,0.0,0.09907747060060501,False,False,0.0,0.0,0.0,[],10.0,10.0,1,10.0,0,0.008823042000017267
mlp_aco,10,8414,88,15,3,0.0,0.0,0.0,0.0,0.43936213850975037,False,False,0.0,0.0,0.0,[],10.0,10.0,1,10.0,0,0.008823042000017267
mlp_aco,10,8414,88,15,4,0.0,0.0,0.0,0.0,0.20313307642936707,False,False,0.0,0.0,0.0,[],10.0,10.0,1,10.0,0,0.008823042000017267
mlp_aco,10,8415,88,15,1,21.0,195.0,216.0,1.08,1.0,True,True,30.0,186.0,0.0,[1],10.0,10.0,1,10.0,0,0.008872916000001396
mlp_aco,10,8415,88,15,2,0.0,0.0,0.0,0.0,0.09907747060060501,False,False,0.0,0.0,0.0,[],10.0,10.0,1,10.0,0,0.008872916000001396
mlp_aco,10,8415,88,15,3,0.0,0.0,0.0,0.0,0.43936213850975037,False,False,0.0,0.0,0.0,[],10.0,10.0,1,10.0,0,0.008872916000001396
mlp_aco,10,8415,88,15,4,0.0,0.0,0.0,0.0,0.20313307642936707,False,False,0.0,0.0,0.0,[],10.0,10.0,1,10.0,0,0.008872916000001396
mlp_aco,10,8416,88,16,1,21.0,186.0,207.0,1.035,1.0,True,True,30.0,177.0,0.0,[1],10.0,10.0,1,10.0,0,0.008970083999997769
mlp_aco,10,8416,88,16,2,0.0,0.0,0.0,0.0,0.09907747060060501,False,False,0.0,0.0,0.0,[],10.0,10.0,1,10.0,0,0.008970083999997769
mlp_aco,10,8416,88,16,3,0.0,0.0,0.0,0.0,0.43936213850975037,False,False,0.0,0.0,0.0,[],10.0,10.0,1,10.0,0,0.008970083999997769
mlp_aco,10,8416,88,16,4,0.0,0.0,0.0,0.0,0.20313307642936707,False,False,0.0,0.0,0.0,[],10.0,10.0,1,10.0,0,0.008970083999997769
mlp_aco,10,8417,88,16,1,20.0,177.0,197.0,0.985,1.0,True,True,30.0,167.0,0.0,[1],10.0,10.0,1,10.0,0,0.008983792000009316
mlp_aco,10,8417,88,16,2,0.0,0.0,0.0,0.0,0.09907747060060501,False,False,0.0,0.0,0.0,[],10.0,10.0,1,10.0,0,0.008983792000009316
mlp_aco,10,8417,88,16,3,0.0,0.0,0.0,0.0,0.43936213850975037,False,False,0.0,0.0,0.0,[],10.0,10.0,1,10.0,0,0.008983792000009316
mlp_aco,10,8417,88,16,4,0.0,0.0,0.0,0.0,0.20313307642936707,False,False,0.0,0.0,0.0,[],10.0,10.0,1,10.0,0,0.008983792000009316
mlp_aco,10,8418,88,16,1,21.0,167.0,188.0,0.94,1.0,True,True,30.0,158.0,0.0,[1],10.0,10.0,1,10.0,0,0.008807292000000189
mlp_aco,10,8418,88,16,2,0.0,0.0,0.0,0.0,0.09907747060060501,False,False,0.0,0.0,0.0,[],10.0,10.0,1,10.0,0,0.008807292000000189
mlp_aco,10,8418,88,16,3,0.0,0.0,0.0,0.0,0.43936213850975037,False,False,0.0,0.0,0.0,[],10.0,10.0,1,10.0,0,0.008807292000000189
mlp_aco,10,8418,88,16,4,0.0,0.0,0.0,0.0,0.20313307642936707,False,False,0.0,0.0,0.0,[],10.0,10.0,1,10.0,0,0.008807292000000189
mlp_aco,10,8419,88,16,1,21.0,158.0,179.0,0.895,0.9999997019767761,True,True,30.0,149.0,0.0,[1],10.0,10.0,1,10.0,0,0.0089436659999933
mlp_aco,10,8419,88,16,2,0.0,0.0,0.0,0.0,0.09907747060060501,False,False,0.0,0.0,0.0,[],10.0,10.0,1,10.0,0,0.0089436659999933
mlp_aco,10,8419,88,16,3,0.0,0.0,0.0,0.0,0.43936213850975037,False,False,0.0,0.0,0.0,[],10.0,10.0,1,10.0,0,0.0089436659999933
mlp_aco,10,8419,88,16,4,0.0,0.0,0.0,0.0,0.20313307642936707,False,False,0.0,0.0,0.0,[],10.0,10.0,1,10.0,0,0.0089436659999933
mlp_aco,10,8420,88,17,1,21.0,149.0,170.0,0.85,0.999997079372406,True,True,30.0,140.0,0.0,[1],10.0,10.0,1,10.0,0,0.00898104200001626
mlp_aco,10,8420,88,17,2,0.0,0.0,0.0,0.0,0.09907747060060501,False,False,0.0,0.0,0.0,[],10.0,10.0,1,10.0,0,0.00898104200001626
mlp_aco,10,8420,88,17,3,0.0,0.0,0.0,0.0,0.43936213850975037,False,False,0.0,0.0,0.0,[],10.0,10.0,1,10.0,0,0.00898104200001626
mlp_aco,10,8420,88,17,4,0.0,0.0,0.0,0.0,0.20313307642936707,False,False,0.0,0.0,0.0,[],10.0,10.0,1,10.0,0,0.00898104200001626
mlp_aco,10,8421,88,17,1,21.0,140.0,161.0,0.805,0.9999701976776123,True,True,30.0,131.0,0.0,[1],10.0,10.0,1,10.0,0,0.008902333000008866
mlp_aco,10,8421,88,17,2,0.0,0.0,0.0,0.0,0.09907747060060501,False,False,0.0,0.0,0.0,[],10.0,10.0,1,10.0,0,0.008902333000008866
mlp_aco,10,8421,88,17,3,0.0,0.0,0.0,0.0,0.43936213850975037,False,False,0.0,0.0,0.0,[],10.0,10.0,1,10.0,0,0.008902333000008866
mlp_aco,10,8421,88,17,4,0.0,0.0,0.0,0.0,0.20313307642936707,False,False,0.0,0.0,0.0,[],10.0,10.0,1,10.0,0,0.008902333000008866
mlp_aco,10,8422,88,17,1,21.0,131.0,152.0,0.76,0.999771237373352,True,True,30.0,122.0,0.0,[1],10.0,10.0,1,10.0,0,0.008841332999992346
mlp_aco,10,8422,88,17,2,0.0,0.0,0.0,0.0,0.09907747060060501,False,False,0.0,0.0,0.0,[],10.0,10.0,1,10.0,0,0.008841332999992346
mlp_aco,10,8422,88,17,3,0.0,0.0,0.0,0.0,0.43936213850975037,False,False,0.0,0.0,0.0,[],10.0,10.0,1,10.0,0,0.008841332999992346
mlp_aco,10,8422,88,17,4,0.0,0.0,0.0,0.0,0.20313307642936707,False,False,0.0,0.0,0.0,[],10.0,10.0,1,10.0,0,0.008841332999992346
mlp_aco,10,8423,88,17,1,21.0,122.0,143.0,0.715,0.9992659687995911,True,True,30.0,113.0,0.0,[1],10.0,10.0,1,10.0,0,0.008970167000001084
mlp_aco,10,8423,88,17,2,0.0,0.0,0.0,0.0,0.09907747060060501,False,False,0.0,0.0,0.0,[],10.0,10.0,1,10.0,0,0.008970167000001084
mlp_aco,10,8423,88,17,3,0.0,0.0,0.0,0.0,0.43936213850975037,False,False,0.0,0.0,0.0,[],10.0,10.0,1,10.0,0,0.008970167000001084
mlp_aco,10,8423,88,17,4,0.0,0.0,0.0,0.0,0.20313307642936707,False,False,0.0,0.0,0.0,[],10.0,10.0,1,10.0,0,0.008970167000001084
mlp_aco,10,8424,88,18,1,19.0,113.0,132.0,0.66,0.9956069588661194,True,True,30.0,102.0,0.0,[1],10.0,10.0,1,10.0,0,0.008923291999991534
mlp_aco,10,8424,88,18,2,0.0,0.0,0.0,0.0,0.09907747060060501,False,False,0.0,0.0,0.0,[],10.0,10.0,1,10.0,0,0.008923291999991534
mlp_aco,10,8424,88,18,3,0.0,0.0,0.0,0.0,0.43936213850975037,False,False,0.0,0.0,0.0,[],10.0,10.0,1,10.0,0,0.008923291999991534
mlp_aco,10,8424,88,18,4,0.0,0.0,0.0,0.0,0.20313307642936707,False,False,0.0,0.0,0.0,[],10.0,10.0,1,10.0,0,0.008923291999991534
mlp_aco,10,8425,88,18,1,20.0,102.0,122.0,0.61,0.9921177625656128,True,True,30.0,92.0,0.0,[1],10.0,10.0,1,10.0,0,0.008926209000009067
mlp_aco,10,8425,88,18,2,0.0,0.0,0.0,0.0,0.09907747060060501,False,False,0.0,0.0,0.0,[],10.0,10.0,1,10.0,0,0.008926209000009067
mlp_aco,10,8425,88,18,3,0.0,0.0,0.0,0.0,0.43936213850975037,False,False,0.0,0.0,0.0,[],10.0,10.0,1,10.0,0,0.008926209000009067
mlp_aco,10,8425,88,18,4,0.0,0.0,0.0,0.0,0.20313307642936707,False,False,0.0,0.0,0.0,[],10.0,10.0,1,10.0,0,0.008926209000009067
mlp_aco,10,8426,88,18,1,18.0,92.0,110.0,0.55,0.9574769735336304,True,True,30.0,80.0,0.0,[1],10.0,10.0,1,10.0,0,0.008901624999992919
mlp_aco,10,8426,88,18,2,0.0,0.0,0.0,0.0,0.09907747060060501,False,False,0.0,0.0,0.0,[],10.0,10.0,1,10.0,0,0.008901624999992919
mlp_aco,10,8426,88,18,3,0.0,0.0,0.0,0.0,0.43936213850975037,False,False,0.0,0.0,0.0,[],10.0,10.0,1,10.0,0,0.008901624999992919
mlp_aco,10,8426,88,18,4,0.0,0.0,0.0,0.0,0.20313307642936707,False,False,0.0,0.0,0.0,[],10.0,10.0,1,10.0,0,0.008901624999992919
mlp_aco,10,8427,88,18,1,18.0,80.0,98.0,0.49,0.9108101725578308,True,True,30.0,68.0,0.0,[1],10.0,10.0,1,10.0,0,0.008853790999978628
mlp_aco,10,8427,88,18,2,0.0,0.0,0.0,0.0,0.09907747060060501,False,False,0.0,0.0,0.0,[],10.0,10.0,1,10.0,0,0.008853790999978628
mlp_aco,10,8427,88,18,3,0.0,0.0,0.0,0.0,0.43936213850975037,False,False,0.0,0.0,0.0,[],10.0,10.0,1,10.0,0,0.008853790999978628
mlp_aco,10,8427,88,18,4,0.0,0.0,0.0,0.0,0.20313307642936707,False,False,0.0,0.0,0.0,[],10.0,10.0,1,10.0,0,0.008853790999978628
mlp_aco,10,8428,88,19,1,18.0,68.0,86.0,0.43,0.8684365153312683,True,True,30.0,56.0,0.0,[1],10.0,10.0,1,10.0,0,0.008961625000011963
mlp_aco,10,8428,88,19,2,0.0,0.0,0.0,0.0,0.09907747060060501,False,False,0.0,0.0,0.0,[],10.0,10.0,1,10.0,0,0.008961625000011963
mlp_aco,10,8428,88,19,3,0.0,0.0,0.0,0.0,0.43936213850975037,False,False,0.0,0.0,0.0,[],10.0,10.0,1,10.0,0,0.008961625000011963
mlp_aco,10,8428,88,19,4,0.0,0.0,0.0,0.0,0.20313307642936707,False,False,0.0,0.0,0.0,[],10.0,10.0,1,10.0,0,0.008961625000011963
mlp_aco,10,8429,88,19,1,18.0,56.0,74.0,0.37,0.7865976095199585,True,True,30.0,44.0,0.0,[1],10.0,10.0,1,10.0,0,0.008712542000012036
mlp_aco,10,8429,88,19,2,0.0,0.0,0.0,0.0,0.09907747060060501,False,False,0.0,0.0,0.0,[],10.0,10.0,1,10.0,0,0.008712542000012036
mlp_aco,10,8429,88,19,3,0.0,0.0,0.0,0.0,0.43936213850975037,False,False,0.0,0.0,0.0,[],10.0,10.0,1,10.0,0,0.008712542000012036
mlp_aco,10,8429,88,19,4,0.0,0.0,0.0,0.0,0.20313307642936707,False,False,0.0,0.0,0.0,[],10.0,10.0,1,10.0,0,0.008712542000012036
mlp_aco,10,8430,88,19,1,18.0,44.0,62.0,0.31,0.6797449588775635,False,False,0.0,62.0,0.0,[],0.0,0.0,0,0.0,0,2.2500000227410055e-06
mlp_aco,10,8430,88,19,2,0.0,0.0,0.0,0.0,0.09907747060060501,False,False,0.0,0.0,0.0,[],0.0,0.0,0,0.0,0,2.2500000227410055e-06
mlp_aco,10,8430,88,19,3,0.0,0.0,0.0,0.0,0.43936213850975037,False,False,0.0,0.0,0.0,[],0.0,0.0,0,0.0,0,2.2500000227410055e-06
mlp_aco,10,8430,88,19,4,0.0,0.0,0.0,0.0,0.20313307642936707,False,False,0.0,0.0,0.0,[],0.0,0.0,0,0.0,0,2.2500000227410055e-06
mlp_aco,10,8431,88,19,1,18.0,62.0,80.0,0.4,0.8342114686965942,True,True,30.0,50.0,0.0,[1],10.0,10.0,1,10.0,0,0.008873541999975032
mlp_aco,10,8431,88,19,2,0.0,0.0,0.0,0.0,0.09907747060060501,False,False,0.0,0.0,0.0,[],10.0,10.0,1,10.0,0,0.008873541999975032
mlp_aco,10,8431,88,19,3,0.0,0.0,0.0,0.0,0.43936213850975037,False,False,0.0,0.0,0.0,[],10.0,10.0,1,10.0,0,0.008873541999975032
mlp_aco,10,8431,88,19,4,0.0,0.0,0.0,0.0,0.20313307642936707,False,False,0.0,0.0,0.0,[],10.0,10.0,1,10.0,0,0.008873541999975032
mlp_aco,10,8432,88,20,1,18.0,50.0,68.0,0.34,0.7350651621818542,True,True,30.0,38.0,0.0,[1],10.0,10.0,1,10.0,0,0.009004000000004453
mlp_aco,10,8432,88,20,2,0.0,0.0,0.0,0.0,0.09907747060060501,False,False,0.0,0.0,0.0,[],10.0,10.0,1,10.0,0,0.009004000000004453
mlp_aco,10,8432,88,20,3,0.0,0.0,0.0,0.0,0.43936213850975037,False,False,0.0,0.0,0.0,[],10.0,10.0,1,10.0,0,0.009004000000004453
mlp_aco,10,8432,88,20,4,0.0,0.0,0.0,0.0,0.20313307642936707,False,False,0.0,0.0,0.0,[],10.0,10.0,1,10.0,0,0.009004000000004453
mlp_aco,10,8433,88,20,1,17.0,38.0,55.0,0.275,0.5561691522598267,False,False,0.0,55.0,0.0,[],0.0,0.0,0,0.0,0,1.8329999988964119e-06
mlp_aco,10,8433,88,20,2,0.0,0.0,0.0,0.0,0.09907747060060501,False,False,0.0,0.0,0.0,[],0.0,0.0,0,0.0,0,1.8329999988964119e-06
mlp_aco,10,8433,88,20,3,0.0,0.0,0.0,0.0,0.43936213850975037,False,False,0.0,0.0,0.0,[],0.0,0.0,0,0.0,0,1.8329999988964119e-06
mlp_aco,10,8433,88,20,4,0.0,0.0,0.0,0.0,0.20313307642936707,False,False,0.0,0.0,0.0,[],0.0,0.0,0,0.0,0,1.8329999988964119e-06
mlp_aco,10,8434,88,20,1,18.0,55.0,73.0,0.365,0.7822102308273315,True,True,30.0,43.0,0.0,[1],10.0,10.0,1,10.0,0,0.008985166999991634
mlp_aco,10,8434,88,20,2,0.0,0.0,0.0,0.0,0.09907747060060501,False,False,0.0,0.0,0.0,[],10.0,10.0,1,10.0,0,0.008985166999991634
mlp_aco,10,8434,88,20,3,0.0,0.0,0.0,0.0,0.43936213850975037,False,False,0.0,0.0,0.0,[],10.0,10.0,1,10.0,0,0.008985166999991634
mlp_aco,10,8434,88,20,4,0.0,0.0,0.0,0.0,0.20313307642936707,False,False,0.0,0.0,0.0,[],10.0,10.0,1,10.0,0,0.008985166999991634
mlp_aco,10,8435,88,20,1,17.0,43.0,60.0,0.3,0.5884582996368408,False,False,0.0,60.0,0.0,[],0.0,0.0,0,0.0,0,1.8340000167427206e-06
mlp_aco,10,8435,88,20,2,0.0,0.0,0.0,0.0,0.09907747060060501,False,False,0.0,0.0,0.0,[],0.0,0.0,0,0.0,0,1.8340000167427206e-06
mlp_aco,10,8435,88,20,3,0.0,0.0,0.0,0.0,0.43936213850975037,False,False,0.0,0.0,0.0,[],0.0,0.0,0,0.0,0,1.8340000167427206e-06
mlp_aco,10,8435,88,20,4,0.0,0.0,0.0,0.0,0.20313307642936707,False,False,0.0,0.0,0.0,[],0.0,0.0,0,0.0,0,1.8340000167427206e-06
mlp_aco,10,8436,88,21,1,10.0,60.0,70.0,0.35,0.31101834774017334,False,False,0.0,70.0,0.0,[],0.0,0.0,0,0.0,0,1.8750000094769348e-06
mlp_aco,10,8436,88,21,2,0.0,0.0,0.0,0.0,0.09907747060060501,False,False,0.0,0.0,0.0,[],0.0,0.0,0,0.0,0,1.8750000094769348e-06
mlp_aco,10,8436,88,21,3,0.0,0.0,0.0,0.0,0.43936213850975037,False,False,0.0,0.0,0.0,[],0.0,0.0,0,0.0,0,1.8750000094769348e-06
mlp_aco,10,8436,88,21,4,0.0,0.0,0.0,0.0,0.20313307642936707,False,False,0.0,0.0,0.0,[],0.0,0.0,0,0.0,0,1.8750000094769348e-06
mlp_aco,10,8437,88,21,1,10.0,70.0,80.0,0.4,0.349406361579895,False,False,0.0,80.0,0.0,[],0.0,0.0,0,0.0,0,1.7920000061621977e-06
mlp_aco,10,8437,88,21,2,0.0,0.0,0.0,0.0,0.09907747060060501,False,False,0.0,0.0,0.0,[],0.0,0.0,0,0.0,0,1.7920000061621977e-06
mlp_aco,10,8437,88,21,3,0.0,0.0,0.0,0.0,0.43936213850975037,False,False,0.0,0.0,0.0,[],0.0,0.0,0,0.0,0,1.7920000061621977e-06
mlp_aco,10,8437,88,21,4,0.0,0.0,0.0,0.0,0.20313307642936707,False,False,0.0,0.0,0.0,[],0.0,0.0,0,0.0,0,1.7920000061621977e-06
mlp_aco,10,8438,88,21,1,10.0,80.0,90.0,0.45,0.3917006552219391,False,False,0.0,90.0,0.0,[],0.0,0.0,0,0.0,0,1.8329999988964119e-06
mlp_aco,10,8438,88,21,2,0.0,0.0,0.0,0.0,0.09907747060060501,False,False,0.0,0.0,0.0,[],0.0,0.0,0,0.0,0,1.8329999988964119e-06
mlp_aco,10,8438,88,21,3,0.0,0.0,0.0,0.0,0.43936213850975037,False,False,0.0,0.0,0.0,[],0.0,0.0,0,0.0,0,1.8329999988964119e-06
mlp_aco,10,8438,88,21,4,0.0,0.0,0.0,0.0,0.20313307642936707,False,False,0.0,0.0,0.0,[],0.0,0.0,0,0.0,0,1.8329999988964119e-06
mlp_aco,10,8439,88,21,1,10.0,90.0,100.0,0.5,0.48575979471206665,False,False,0.0,100.0,0.0,[],0.0,0.0,0,0.0,0,1.7090000028474606e-06
mlp_aco,10,8439,88,21,2,0.0,0.0,0.0,0.0,0.09907747060060501,False,False,0.0,0.0,0.0,[],0.0,0.0,0,0.0,0,1.7090000028474606e-06
mlp_aco,10,8439,88,21,3,0.0,0.0,0.0,0.0,0.43936213850975037,False,False,0.0,0.0,0.0,[],0.0,0.0,0,0.0,0,1.7090000028474606e-06
mlp_aco,10,8439,88,21,4,0.0,0.0,0.0,0.0,0.20313307642936707,False,False,0.0,0.0,0.0,[],0.0,0.0,0,0.0,0,1.7090000028474606e-06
mlp_aco,10,8440,88,22,1,10.0,100.0,110.0,0.55,0.6120091080665588,False,False,0.0,110.0,0.0,[],0.0,0.0,0,0.0,0,1.790999988315889e-06
mlp_aco,10,8440,88,22,2,0.0,0.0,0.0,0.0,0.09907747060060501,False,False,0.0,0.0,0.0,[],0.0,0.0,0,0.0,0,1.790999988315889e-06
mlp_aco,10,8440,88,22,3,0.0,0.0,0.0,0.0,0.43936213850975037,False,False,0.0,0.0,0.0,[],0.0,0.0,0,0.0,0,1.790999988315889e-06
mlp_aco,10,8440,88,22,4,0.0,0.0,0.0,0.0,0.20313307642936707,False,False,0.0,0.0,0.0,[],0.0,0.0,0,0.0,0,1.790999988315889e-06
mlp_aco,10,8441,88,22,1,10.0,110.0,120.0,0.6,0.7777391672134399,True,True,30.0,90.0,0.0,[1],10.0,10.0,1,10.0,0,0.00902225000001522
mlp_aco,10,8441,88,22,2,0.0,0.0,0.0,0.0,0.09907747060060501,False,False,0.0,0.0,0.0,[],10.0,10.0,1,10.0,0,0.00902225000001522
mlp_aco,10,8441,88,22,3,0.0,0.0,0.0,0.0,0.43936213850975037,False,False,0.0,0.0,0.0,[],10.0,10.0,1,10.0,0,0.00902225000001522
mlp_aco,10,8441,88,22,4,0.0,0.0,0.0,0.0,0.20313307642936707,False,False,0.0,0.0,0.0,[],10.0,10.0,1,10.0,0,0.00902225000001522
mlp_aco,10,8442,88,22,1,10.0,90.0,100.0,0.5,0.48575979471206665,False,False,0.0,100.0,0.0,[],0.0,0.0,0,0.0,0,1.8750000094769348e-06
mlp_aco,10,8442,88,22,2,0.0,0.0,0.0,0.0,0.09907747060060501,False,False,0.0,0.0,0.0,[],0.0,0.0,0,0.0,0,1.8750000094769348e-06
mlp_aco,10,8442,88,22,3,0.0,0.0,0.0,0.0,0.43936213850975037,False,False,0.0,0.0,0.0,[],0.0,0.0,0,0.0,0,1.8750000094769348e-06
mlp_aco,10,8442,88,22,4,0.0,0.0,0.0,0.0,0.20313307642936707,False,False,0.0,0.0,0.0,[],0.0,0.0,0,0.0,0,1.8750000094769348e-06
mlp_aco,10,8443,88,22,1,10.0,100.0,110.0,0.55,0.6120091080665588,False,False,0.0,110.0,0.0,[],0.0,0.0,0,0.0,0,1.8340000167427206e-06
mlp_aco,10,8443,88,22,2,0.0,0.0,0.0,0.0,0.09907747060060501,False,False,0.0,0.0,0.0,[],0.0,0.0,0,0.0,0,1.8340000167427206e-06
mlp_aco,10,8443,88,22,3,0.0,0.0,0.0,0.0,0.43936213850975037,False,False,0.0,0.0,0.0,[],0.0,0.0,0,0.0,0,1.8340000167427206e-06
mlp_aco,10,8443,88,22,4,0.0,0.0,0.0,0.0,0.20313307642936707,False,False,0.0,0.0,0.0,[],0.0,0.0,0,0.0,0,1.8340000167427206e-06
mlp_aco,10,8444,88,23,1,10.0,110.0,120.0,0.6,0.7777391672134399,True,True,30.0,90.0,0.0,[1],10.0,10.0,1,10.0,0,0.00898499999999558
mlp_aco,10,8444,88,23,2,0.0,0.0,0.0,0.0,0.09907747060060501,False,False,0.0,0.0,0.0,[],10.0,10.0,1,10.0,0,0.00898499999999558
mlp_aco,10,8444,88,23,3,0.0,0.0,0.0,0.0,0.43936213850975037,False,False,0.0,0.0,0.0,[],10.0,10.0,1,10.0,0,0.00898499999999558
mlp_aco,10,8444,88,23,4,0.0,0.0,0.0,0.0,0.20313307642936707,False,False,0.0,0.0,0.0,[],10.0,10.0,1,10.0,0,0.00898499999999558
mlp_aco,10,8445,88,23,1,10.0,90.0,100.0,0.5,0.48575979471206665,False,False,0.0,100.0,0.0,[],0.0,0.0,0,0.0,0,1.8749999810552254e-06
mlp_aco,10,8445,88,23,2,0.0,0.0,0.0,0.0,0.09907747060060501,False,False,0.0,0.0,0.0,[],0.0,0.0,0,0.0,0,1.8749999810552254e-06
mlp_aco,10,8445,88,23,3,0.0,0.0,0.0,0.0,0.43936213850975037,False,False,0.0,0.0,0.0,[],0.0,0.0,0,0.0,0,1.8749999810552254e-06
mlp_aco,10,8445,88,23,4,0.0,0.0,0.0,0.0,0.20313307642936707,False,False,0.0,0.0,0.0,[],0.0,0.0,0,0.0,0,1.8749999810552254e-06
mlp_aco,10,8446,88,23,1,10.0,100.0,110.0,0.55,0.6120091080665588,False,False,0.0,110.0,0.0,[],0.0,0.0,0,0.0,0,1.7920000061621977e-06
mlp_aco,10,8446,88,23,2,0.0,0.0,0.0,0.0,0.09907747060060501,False,False,0.0,0.0,0.0,[],0.0,0.0,0,0.0,0,1.7920000061621977e-06
mlp_aco,10,8446,88,23,3,0.0,0.0,0.0,0.0,0.43936213850975037,False,False,0.0,0.0,0.0,[],0.0,0.0,0,0.0,0,1.7920000061621977e-06
mlp_aco,10,8446,88,23,4,0.0,0.0,0.0,0.0,0.20313307642936707,False,False,0.0,0.0,0.0,[],0.0,0.0,0,0.0,0,1.7920000061621977e-06
mlp_aco,10,8447,88,23,1,10.0,110.0,120.0,0.6,0.7777391672134399,True,True,30.0,90.0,0.0,[1],10.0,10.0,1,10.0,0,0.00913895799999409
mlp_aco,10,8447,88,23,2,0.0,0.0,0.0,0.0,0.09907747060060501,False,False,0.0,0.0,0.0,[],10.0,10.0,1,10.0,0,0.00913895799999409
mlp_aco,10,8447,88,23,3,0.0,0.0,0.0,0.0,0.43936213850975037,False,False,0.0,0.0,0.0,[],10.0,10.0,1,10.0,0,0.00913895799999409
mlp_aco,10,8447,88,23,4,0.0,0.0,0.0,0.0,0.20313307642936707,False,False,0.0,0.0,0.0,[],10.0,10.0,1,10.0,0,0.00913895799999409
mlp_aco,10,8448,89,0,1,37.0,90.0,127.0,0.635,0.9999775886535645,True,True,30.0,97.0,0.0,[1],10.0,10.0,1,10.0,0,0.008837874999983342
mlp_aco,10,8448,89,0,2,0.0,0.0,0.0,0.0,0.09907747060060501,False,False,0.0,0.0,0.0,[],10.0,10.0,1,10.0,0,0.008837874999983342
mlp_aco,10,8448,89,0,3,0.0,0.0,0.0,0.0,0.43936213850975037,False,False,0.0,0.0,0.0,[],10.0,10.0,1,10.0,0,0.008837874999983342
mlp_aco,10,8448,89,0,4,0.0,0.0,0.0,0.0,0.20313307642936707,False,False,0.0,0.0,0.0,[],10.0,10.0,1,10.0,0,0.008837874999983342
mlp_aco,10,8449,89,0,1,43.0,97.0,140.0,0.7,0.999999463558197,True,True,30.0,110.0,0.0,[1],10.0,10.0,1,10.0,0,0.008840208000009397
mlp_aco,10,8449,89,0,2,0.0,0.0,0.0,0.0,0.09907747060060501,False,False,0.0,0.0,0.0,[],10.0,10.0,1,10.0,0,0.008840208000009397
mlp_aco,10,8449,89,0,3,0.0,0.0,0.0,0.0,0.43936213850975037,False,False,0.0,0.0,0.0,[],10.0,10.0,1,10.0,0,0.008840208000009397
mlp_aco,10,8449,89,0,4,0.0,0.0,0.0,0.0,0.20313307642936707,False,False,0.0,0.0,0.0,[],10.0,10.0,1,10.0,0,0.008840208000009397
mlp_aco,10,8450,89,0,1,52.0,110.0,162.0,0.81,1.0,True,True,30.0,132.0,0.0,[1],10.0,10.0,1,10.0,0,0.00887308299999745
mlp_aco,10,8450,89,0,2,0.0,0.0,0.0,0.0,0.09907747060060501,False,False,0.0,0.0,0.0,[],10.0,10.0,1,10.0,0,0.00887308299999745
mlp_aco,10,8450,89,0,3,0.0,0.0,0.0,0.0,0.43936213850975037,False,False,0.0,0.0,0.0,[],10.0,10.0,1,10.0,0,0.00887308299999745
mlp_aco,10,8450,89,0,4,0.0,0.0,0.0,0.0,0.20313307642936707,False,False,0.0,0.0,0.0,[],10.0,10.0,1,10.0,0,0.00887308299999745
mlp_aco,10,8451,89,0,1,50.0,132.0,182.0,0.91,1.0,True,True,30.0,152.0,0.0,[1],10.0,10.0,1,10.0,0,0.008953999999988582
mlp_aco,10,8451,89,0,2,0.0,0.0,0.0,0.0,0.09907747060060501,False,False,0.0,0.0,0.0,[],10.0,10.0,1,10.0,0,0.008953999999988582
mlp_aco,10,8451,89,0,3,0.0,0.0,0.0,0.0,0.43936213850975037,False,False,0.0,0.0,0.0,[],10.0,10.0,1,10.0,0,0.008953999999988582
mlp_aco,10,8451,89,0,4,0.0,0.0,0.0,0.0,0.20313307642936707,False,False,0.0,0.0,0.0,[],10.0,10.0,1,10.0,0,0.008953999999988582
mlp_aco,10,8452,89,1,1,50.0,152.0,202.0,1.01,1.0,True,True,30.0,172.0,0.0,[1],10.0,10.0,1,10.0,0,0.008995959000003495
mlp_aco,10,8452,89,1,2,0.0,0.0,0.0,0.0,0.09907747060060501,False,False,0.0,0.0,0.0,[],10.0,10.0,1,10.0,0,0.008995959000003495
mlp_aco,10,8452,89,1,3,0.0,0.0,0.0,0.0,0.43936213850975037,False,False,0.0,0.0,0.0,[],10.0,10.0,1,10.0,0,0.008995959000003495
mlp_aco,10,8452,89,1,4,0.0,0.0,0.0,0.0,0.20313307642936707,False,False,0.0,0.0,0.0,[],10.0,10.0,1,10.0,0,0.008995959000003495
mlp_aco,10,8453,89,1,1,38.0,172.0,210.0,1.05,1.0,True,True,30.0,180.0,0.0,[1],10.0,10.0,1,10.0,0,0.009002833000010924
mlp_aco,10,8453,89,1,2,0.0,0.0,0.0,0.0,0.09907747060060501,False,False,0.0,0.0,0.0,[],10.0,10.0,1,10.0,0,0.009002833000010924
mlp_aco,10,8453,89,1,3,0.0,0.0,0.0,0.0,0.43936213850975037,False,False,0.0,0.0,0.0,[],10.0,10.0,1,10.0,0,0.009002833000010924
mlp_aco,10,8453,89,1,4,0.0,0.0,0.0,0.0,0.20313307642936707,False,False,0.0,0.0,0.0,[],10.0,10.0,1,10.0,0,0.009002833000010924
mlp_aco,10,8454,89,1,1,36.0,180.0,216.0,1.08,1.0,True,True,30.0,186.0,0.0,[1],10.0,10.0,1,10.0,0,0.008950541999979578
mlp_aco,10,8454,89,1,2,0.0,0.0,0.0,0.0,0.09907747060060501,False,False,0.0,0.0,0.0,[],10.0,10.0,1,10.0,0,0.008950541999979578
mlp_aco,10,8454,89,1,3,0.0,0.0,0.0,0.0,0.43936213850975037,False,False,0.0,0.0,0.0,[],10.0,10.0,1,10.0,0,0.008950541999979578
mlp_aco,10,8454,89,1,4,0.0,0.0,0.0,0.0,0.20313307642936707,False,False,0.0,0.0,0.0,[],10.0,10.0,1,10.0,0,0.008950541999979578
mlp_aco,10,8455,89,1,1,43.0,186.0,229.0,1.145,1.0,True,True,30.0,199.0,0.0,[1],10.0,10.0,1,10.0,0,0.008742667000007032
mlp_aco,10,8455,89,1,2,0.0,0.0,0.0,0.0,0.09907747060060501,False,False,0.0,0.0,0.0,[],10.0,10.0,1,10.0,0,0.008742667000007032
mlp_aco,10,8455,89,1,3,0.0,0.0,0.0,0.0,0.43936213850975037,False,False,0.0,0.0,0.0,[],10.0,10.0,1,10.0,0,0.008742667000007032
mlp_aco,10,8455,89,1,4,0.0,0.0,0.0,0.0,0.20313307642936707,False,False,0.0,0.0,0.0,[],10.0,10.0,1,10.0,0,0.008742667000007032
mlp_aco,10,8456,89,2,1,47.0,199.0,246.0,1.23,1.0,True,True,30.0,200.0,16.0,[1],10.0,10.0,1,10.0,0,0.008878167000005988
mlp_aco,10,8456,89,2,2,0.0,0.0,0.0,0.0,0.09907747060060501,False,False,0.0,0.0,0.0,[],10.0,10.0,1,10.0,0,0.008878167000005988
mlp_aco,10,8456,89,2,3,0.0,0.0,0.0,0.0,0.43936213850975037,False,False,0.0,0.0,0.0,[],10.0,10.0,1,10.0,0,0.008878167000005988
mlp_aco,10,8456,89,2,4,0.0,0.0,0.0,0.0,0.20313307642936707,False,False,0.0,0.0,0.0,[],10.0,10.0,1,10.0,0,0.008878167000005988
mlp_aco,10,8457,89,2,1,46.0,200.0,246.0,1.23,1.0,True,True,30.0,200.0,16.0,[1],10.0,10.0,1,10.0,0,0.008874834000010878
mlp_aco,10,8457,89,2,2,0.0,0.0,0.0,0.0,0.09907747060060501,False,False,0.0,0.0,0.0,[],10.0,10.0,1,10.0,0,0.008874834000010878
mlp_aco,10,8457,89,2,3,0.0,0.0,0.0,0.0,0.43936213850975037,False,False,0.0,0.0,0.0,[],10.0,10.0,1,10.0,0,0.008874834000010878
mlp_aco,10,8457,89,2,4,0.0,0.0,0.0,0.0,0.20313307642936707,False,False,0.0,0.0,0.0,[],10.0,10.0,1,10.0,0,0.008874834000010878
mlp_aco,10,8458,89,2,1,53.0,200.0,253.0,1.265,1.0,True,True,30.0,200.0,23.0,[1],10.0,10.0,1,10.0,0,0.008939749999996138
mlp_aco,10,8458,89,2,2,0.0,0.0,0.0,0.0,0.09907747060060501,False,False,0.0,0.0,0.0,[],10.0,10.0,1,10.0,0,0.008939749999996138
mlp_aco,10,8458,89,2,3,0.0,0.0,0.0,0.0,0.43936213850975037,False,False,0.0,0.0,0.0,[],10.0,10.0,1,10.0,0,0.008939749999996138
mlp_aco,10,8458,89,2,4,0.0,0.0,0.0,0.0,0.20313307642936707,False,False,0.0,0.0,0.0,[],10.0,10.0,1,10.0,0,0.008939749999996138
mlp_aco,10,8459,89,2,1,60.0,200.0,260.0,1.3,1.0,True,True,30.0,200.0,30.0,[1],10.0,10.0,1,10.0,0,0.008992040999999062
mlp_aco,10,8459,89,2,2,0.0,0.0,0.0,0.0,0.09907747060060501,False,False,0.0,0.0,0.0,[],10.0,10.0,1,10.0,0,0.008992040999999062
mlp_aco,10,8459,89,2,3,0.0,0.0,0.0,0.0,0.43936213850975037,False,False,0.0,0.0,0.0,[],10.0,10.0,1,10.0,0,0.008992040999999062
mlp_aco,10,8459,89,2,4,0.0,0.0,0.0,0.0,0.20313307642936707,False,False,0.0,0.0,0.0,[],10.0,10.0,1,10.0,0,0.008992040999999062
mlp_aco,10,8460,89,3,1,52.0,200.0,252.0,1.26,1.0,True,True,30.0,200.0,22.0,[1],10.0,10.0,1,10.0,0,0.008947583000008308
mlp_aco,10,8460,89,3,2,0.0,0.0,0.0,0.0,0.09907747060060501,False,False,0.0,0.0,0.0,[],10.0,10.0,1,10.0,0,0.008947583000008308
mlp_aco,10,8460,89,3,3,0.0,0.0,0.0,0.0,0.43936213850975037,False,False,0.0,0.0,0.0,[],10.0,10.0,1,10.0,0,0.008947583000008308
mlp_aco,10,8460,89,3,4,0.0,0.0,0.0,0.0,0.20313307642936707,False,False,0.0,0.0,0.0,[],10.0,10.0,1,10.0,0,0.008947583000008308
mlp_aco,10,8461,89,3,1,61.0,200.0,261.0,1.305,1.0,True,True,30.0,200.0,31.0,[1],10.0,10.0,1,10.0,0,0.00899391600000854
mlp_aco,10,8461,89,3,2,0.0,0.0,0.0,0.0,0.09907747060060501,False,False,0.0,0.0,0.0,[],10.0,10.0,1,10.0,0,0.00899391600000854
mlp_aco,10,8461,89,3,3,0.0,0.0,0.0,0.0,0.43936213850975037,False,False,0.0,0.0,0.0,[],10.0,10.0,1,10.0,0,0.00899391600000854
mlp_aco,10,8461,89,3,4,0.0,0.0,0.0,0.0,0.20313307642936707,False,False,0.0,0.0,0.0,[],10.0,10.0,1,10.0,0,0.00899391600000854
mlp_aco,10,8462,89,3,1,64.0,200.0,264.0,1.32,1.0,True,True,30.0,200.0,34.0,[1],10.0,10.0,1,10.0,0,0.008959333000007064
mlp_aco,10,8462,89,3,2,0.0,0.0,0.0,0.0,0.09907747060060501,False,False,0.0,0.0,0.0,[],10.0,10.0,1,10.0,0,0.008959333000007064
mlp_aco,10,8462,89,3,3,0.0,0.0,0.0,0.0,0.43936213850975037,False,False,0.0,0.0,0.0,[],10.0,10.0,1,10.0,0,0.008959333000007064
mlp_aco,10,8462,89,3,4,0.0,0.0,0.0,0.0,0.20313307642936707,False,False,0.0,0.0,0.0,[],10.0,10.0,1,10.0,0,0.008959333000007064
mlp_aco,10,8463,89,3,1,76.0,200.0,276.0,1.38,1.0,True,True,30.0,200.0,46.0,[1],10.0,10.0,1,10.0,0,0.008750042000002622
mlp_aco,10,8463,89,3,2,0.0,0.0,0.0,0.0,0.09907747060060501,False,False,0.0,0.0,0.0,[],10.0,10.0,1,10.0,0,0.008750042000002622
mlp_aco,10,8463,89,3,3,0.0,0.0,0.0,0.0,0.43936213850975037,False,False,0.0,0.0,0.0,[],10.0,10.0,1,10.0,0,0.008750042000002622
mlp_aco,10,8463,89,3,4,0.0,0.0,0.0,0.0,0.20313307642936707,False,False,0.0,0.0,0.0,[],10.0,10.0,1,10.0,0,0.008750042000002622
mlp_aco,10,8464,89,4,1,81.0,200.0,281.0,1.405,1.0,True,True,30.0,200.0,51.0,[1],10.0,10.0,1,10.0,0,0.008892916000007745
mlp_aco,10,8464,89,4,2,0.0,0.0,0.0,0.0,0.09907747060060501,False,False,0.0,0.0,0.0,[],10.0,10.0,1,10.0,0,0.008892916000007745
mlp_aco,10,8464,89,4,3,0.0,0.0,0.0,0.0,0.43936213850975037,False,False,0.0,0.0,0.0,[],10.0,10.0,1,10.0,0,0.008892916000007745
mlp_aco,10,8464,89,4,4,0.0,0.0,0.0,0.0,0.20313307642936707,False,False,0.0,0.0,0.0,[],10.0,10.0,1,10.0,0,0.008892916000007745
mlp_aco,10,8465,89,4,1,87.0,200.0,287.0,1.435,1.0,True,True,30.0,200.0,57.0,[1],10.0,10.0,1,10.0,0,0.008963958000009598
mlp_aco,10,8465,89,4,2,0.0,0.0,0.0,0.0,0.09907747060060501,False,False,0.0,0.0,0.0,[],10.0,10.0,1,10.0,0,0.008963958000009598
mlp_aco,10,8465,89,4,3,0.0,0.0,0.0,0.0,0.43936213850975037,False,False,0.0,0.0,0.0,[],10.0,10.0,1,10.0,0,0.008963958000009598
mlp_aco,10,8465,89,4,4,0.0,0.0,0.0,0.0,0.20313307642936707,False,False,0.0,0.0,0.0,[],10.0,10.0,1,10.0,0,0.008963958000009598
mlp_aco,10,8466,89,4,1,83.0,200.0,283.0,1.415,1.0,True,True,30.0,200.0,53.0,[1],10.0,10.0,1,10.0,0,0.009232582999999295
mlp_aco,10,8466,89,4,2,0.0,0.0,0.0,0.0,0.09907747060060501,False,False,0.0,0.0,0.0,[],10.0,10.0,1,10.0,0,0.009232582999999295
mlp_aco,10,8466,89,4,3,0.0,0.0,0.0,0.0,0.43936213850975037,False,False,0.0,0.0,0.0,[],10.0,10.0,1,10.0,0,0.009232582999999295
mlp_aco,10,8466,89,4,4,0.0,0.0,0.0,0.0,0.20313307642936707,False,False,0.0,0.0,0.0,[],10.0,10.0,1,10.0,0,0.009232582999999295
mlp_aco,10,8467,89,4,1,75.0,200.0,275.0,1.375,1.0,True,True,30.0,200.0,45.0,[1],10.0,10.0,1,10.0,0,0.009148667000005162
mlp_aco,10,8467,89,4,2,0.0,0.0,0.0,0.0,0.09907747060060501,False,False,0.0,0.0,0.0,[],10.0,10.0,1,10.0,0,0.009148667000005162
mlp_aco,10,8467,89,4,3,0.0,0.0,0.0,0.0,0.43936213850975037,False,False,0.0,0.0,0.0,[],10.0,10.0,1,10.0,0,0.009148667000005162
mlp_aco,10,8467,89,4,4,0.0,0.0,0.0,0.0,0.20313307642936707,False,False,0.0,0.0,0.0,[],10.0,10.0,1,10.0,0,0.009148667000005162
mlp_aco,10,8468,89,5,1,72.0,200.0,272.0,1.36,1.0,True,True,30.0,200.0,42.0,[1],10.0,10.0,1,10.0,0,0.009010374999974147
mlp_aco,10,8468,89,5,2,0.0,0.0,0.0,0.0,0.09907747060060501,False,False,0.0,0.0,0.0,[],10.0,10.0,1,10.0,0,0.009010374999974147
mlp_aco,10,8468,89,5,3,0.0,0.0,0.0,0.0,0.43936213850975037,False,False,0.0,0.0,0.0,[],10.0,10.0,1,10.0,0,0.009010374999974147
mlp_aco,10,8468,89,5,4,0.0,0.0,0.0,0.0,0.20313307642936707,False,False,0.0,0.0,0.0,[],10.0,10.0,1,10.0,0,0.009010374999974147
mlp_aco,10,8469,89,5,1,60.0,200.0,260.0,1.3,1.0,True,True,30.0,200.0,30.0,[1],10.0,10.0,1,10.0,0,0.009049041999986684
mlp_aco,10,8469,89,5,2,0.0,0.0,0.0,0.0,0.09907747060060501,False,False,0.0,0.0,0.0,[],10.0,10.0,1,10.0,0,0.009049041999986684
mlp_aco,10,8469,89,5,3,0.0,0.0,0.0,0.0,0.43936213850975037,False,False,0.0,0.0,0.0,[],10.0,10.0,1,10.0,0,0.009049041999986684
mlp_aco,10,8469,89,5,4,0.0,0.0,0.0,0.0,0.20313307642936707,False,False,0.0,0.0,0.0,[],10.0,10.0,1,10.0,0,0.009049041999986684
mlp_aco,10,8470,89,5,1,55.0,200.0,255.0,1.275,1.0,True,True,30.0,200.0,25.0,[1],10.0,10.0,1,10.0,0,0.00900025000001392
mlp_aco,10,8470,89,5,2,0.0,0.0,0.0,0.0,0.09907747060060501,False,False,0.0,0.0,0.0,[],10.0,10.0,1,10.0,0,0.00900025000001392
mlp_aco,10,8470,89,5,3,0.0,0.0,0.0,0.0,0.43936213850975037,False,False,0.0,0.0,0.0,[],10.0,10.0,1,10.0,0,0.00900025000001392
mlp_aco,10,8470,89,5,4,0.0,0.0,0.0,0.0,0.20313307642936707,False,False,0.0,0.0,0.0,[],10.0,10.0,1,10.0,0,0.00900025000001392
mlp_aco,10,8471,89,5,1,48.0,200.0,248.0,1.24,1.0,True,True,30.0,200.0,18.0,[1],10.0,10.0,1,10.0,0,0.009247208000005003
mlp_aco,10,8471,89,5,2,0.0,0.0,0.0,0.0,0.09907747060060501,False,False,0.0,0.0,0.0,[],10.0,10.0,1,10.0,0,0.009247208000005003
mlp_aco,10,8471,89,5,3,0.0,0.0,0.0,0.0,0.43936213850975037,False,False,0.0,0.0,0.0,[],10.0,10.0,1,10.0,0,0.009247208000005003
mlp_aco,10,8471,89,5,4,0.0,0.0,0.0,0.0,0.20313307642936707,False,False,0.0,0.0,0.0,[],10.0,10.0,1,10.0,0,0.009247208000005003
mlp_aco,10,8472,89,6,1,48.0,200.0,248.0,1.24,1.0,True,True,30.0,200.0,18.0,[1],10.0,10.0,1,10.0,0,0.009227917000004027
mlp_aco,10,8472,89,6,2,0.0,0.0,0.0,0.0,0.09907747060060501,False,False,0.0,0.0,0.0,[],10.0,10.0,1,10.0,0,0.009227917000004027
mlp_aco,10,8472,89,6,3,0.0,0.0,0.0,0.0,0.43936213850975037,False,False,0.0,0.0,0.0,[],10.0,10.0,1,10.0,0,0.009227917000004027
mlp_aco,10,8472,89,6,4,0.0,0.0,0.0,0.0,0.20313307642936707,False,False,0.0,0.0,0.0,[],10.0,10.0,1,10.0,0,0.009227917000004027
mlp_aco,10,8473,89,6,1,48.0,200.0,248.0,1.24,1.0,True,True,30.0,200.0,18.0,[1],10.0,10.0,1,10.0,0,0.0091361670000083
mlp_aco,10,8473,89,6,2,0.0,0.0,0.0,0.0,0.09907747060060501,False,False,0.0,0.0,0.0,[],10.0,10.0,1,10.0,0,0.0091361670000083
mlp_aco,10,8473,89,6,3,0.0,0.0,0.0,0.0,0.43936213850975037,False,False,0.0,0.0,0.0,[],10.0,10.0,1,10.0,0,0.0091361670000083
mlp_aco,10,8473,89,6,4,0.0,0.0,0.0,0.0,0.20313307642936707,False,False,0.0,0.0,0.0,[],10.0,10.0,1,10.0,0,0.0091361670000083
mlp_aco,10,8474,89,6,1,34.0,200.0,234.0,1.17,1.0,True,True,30.0,200.0,4.0,[1],10.0,10.0,1,10.0,0,0.008914707999991833
mlp_aco,10,8474,89,6,2,0.0,0.0,0.0,0.0,0.09907747060060501,False,False,0.0,0.0,0.0,[],10.0,10.0,1,10.0,0,0.008914707999991833
mlp_aco,10,8474,89,6,3,0.0,0.0,0.0,0.0,0.43936213850975037,False,False,0.0,0.0,0.0,[],10.0,10.0,1,10.0,0,0.008914707999991833
mlp_aco,10,8474,89,6,4,0.0,0.0,0.0,0.0,0.20313307642936707,False,False,0.0,0.0,0.0,[],10.0,10.0,1,10.0,0,0.008914707999991833
mlp_aco,10,8475,89,6,1,30.0,200.0,230.0,1.15,1.0,True,True,30.0,200.0,0.0,[1],10.0,10.0,1,10.0,0,0.008979334000002837
mlp_aco,10,8475,89,6,2,0.0,0.0,0.0,0.0,0.09907747060060501,False,False,0.0,0.0,0.0,[],10.0,10.0,1,10.0,0,0.008979334000002837
mlp_aco,10,8475,89,6,3,0.0,0.0,0.0,0.0,0.43936213850975037,False,False,0.0,0.0,0.0,[],10.0,10.0,1,10.0,0,0.008979334000002837
mlp_aco,10,8475,89,6,4,0.0,0.0,0.0,0.0,0.20313307642936707,False,False,0.0,0.0,0.0,[],10.0,10.0,1,10.0,0,0.008979334000002837
mlp_aco,10,8476,89,7,1,30.0,200.0,230.0,1.15,1.0,True,True,30.0,200.0,0.0,[1],10.0,10.0,1,10.0,0,0.009173625000016727
mlp_aco,10,8476,89,7,2,0.0,0.0,0.0,0.0,0.09907747060060501,False,False,0.0,0.0,0.0,[],10.0,10.0,1,10.0,0,0.009173625000016727
mlp_aco,10,8476,89,7,3,0.0,0.0,0.0,0.0,0.43936213850975037,False,False,0.0,0.0,0.0,[],10.0,10.0,1,10.0,0,0.009173625000016727
mlp_aco,10,8476,89,7,4,0.0,0.0,0.0,0.0,0.20313307642936707,False,False,0.0,0.0,0.0,[],10.0,10.0,1,10.0,0,0.009173625000016727
mlp_aco,10,8477,89,7,1,30.0,200.0,230.0,1.15,1.0,True,True,30.0,200.0,0.0,[1],10.0,10.0,1,10.0,0,0.009134375000002137
mlp_aco,10,8477,89,7,2,0.0,0.0,0.0,0.0,0.09907747060060501,False,False,0.0,0.0,0.0,[],10.0,10.0,1,10.0,0,0.009134375000002137
mlp_aco,10,8477,89,7,3,0.0,0.0,0.0,0.0,0.43936213850975037,False,False,0.0,0.0,0.0,[],10.0,10.0,1,10.0,0,0.009134375000002137
mlp_aco,10,8477,89,7,4,0.0,0.0,0.0,0.0,0.20313307642936707,False,False,0.0,0.0,0.0,[],10.0,10.0,1,10.0,0,0.009134375000002137
mlp_aco,10,8478,89,7,1,30.0,200.0,230.0,1.15,1.0,True,True,30.0,200.0,0.0,[1],10.0,10.0,1,10.0,0,0.009099415999997973
mlp_aco,10,8478,89,7,2,0.0,0.0,0.0,0.0,0.09907747060060501,False,False,0.0,0.0,0.0,[],10.0,10.0,1,10.0,0,0.009099415999997973
mlp_aco,10,8478,89,7,3,0.0,0.0,0.0,0.0,0.43936213850975037,False,False,0.0,0.0,0.0,[],10.0,10.0,1,10.0,0,0.009099415999997973
mlp_aco,10,8478,89,7,4,0.0,0.0,0.0,0.0,0.20313307642936707,False,False,0.0,0.0,0.0,[],10.0,10.0,1,10.0,0,0.009099415999997973
mlp_aco,10,8479,89,7,1,30.0,200.0,230.0,1.15,1.0,True,True,30.0,200.0,0.0,[1],10.0,10.0,1,10.0,0,0.008901500000007445
mlp_aco,10,8479,89,7,2,0.0,0.0,0.0,0.0,0.09907747060060501,False,False,0.0,0.0,0.0,[],10.0,10.0,1,10.0,0,0.008901500000007445
mlp_aco,10,8479,89,7,3,0.0,0.0,0.0,0.0,0.43936213850975037,False,False,0.0,0.0,0.0,[],10.0,10.0,1,10.0,0,0.008901500000007445
mlp_aco,10,8479,89,7,4,0.0,0.0,0.0,0.0,0.20313307642936707,False,False,0.0,0.0,0.0,[],10.0,10.0,1,10.0,0,0.008901500000007445
mlp_aco,10,8480,89,8,1,30.0,200.0,230.0,1.15,1.0,True,True,30.0,200.0,0.0,[1],10.0,10.0,1,10.0,0,0.00909695900000429
mlp_aco,10,8480,89,8,2,0.0,0.0,0.0,0.0,0.09907747060060501,False,False,0.0,0.0,0.0,[],10.0,10.0,1,10.0,0,0.00909695900000429
mlp_aco,10,8480,89,8,3,0.0,0.0,0.0,0.0,0.43936213850975037,False,False,0.0,0.0,0.0,[],10.0,10.0,1,10.0,0,0.00909695900000429
mlp_aco,10,8480,89,8,4,0.0,0.0,0.0,0.0,0.20313307642936707,False,False,0.0,0.0,0.0,[],10.0,10.0,1,10.0,0,0.00909695900000429
mlp_aco,10,8481,89,8,1,30.0,200.0,230.0,1.15,1.0,True,True,30.0,200.0,0.0,[1],10.0,10.0,1,10.0,0,0.009067041999998082
mlp_aco,10,8481,89,8,2,0.0,0.0,0.0,0.0,0.09907747060060501,False,False,0.0,0.0,0.0,[],10.0,10.0,1,10.0,0,0.009067041999998082
mlp_aco,10,8481,89,8,3,0.0,0.0,0.0,0.0,0.43936213850975037,False,False,0.0,0.0,0.0,[],10.0,10.0,1,10.0,0,0.009067041999998082
mlp_aco,10,8481,89,8,4,0.0,0.0,0.0,0.0,0.20313307642936707,False,False,0.0,0.0,0.0,[],10.0,10.0,1,10.0,0,0.009067041999998082
mlp_aco,10,8482,89,8,1,30.0,200.0,230.0,1.15,1.0,True,True,30.0,200.0,0.0,[1],10.0,10.0,1,10.0,0,0.009028458000017281
mlp_aco,10,8482,89,8,2,0.0,0.0,0.0,0.0,0.09907747060060501,False,False,0.0,0.0,0.0,[],10.0,10.0,1,10.0,0,0.009028458000017281
mlp_aco,10,8482,89,8,3,0.0,0.0,0.0,0.0,0.43936213850975037,False,False,0.0,0.0,0.0,[],10.0,10.0,1,10.0,0,0.009028458000017281
mlp_aco,10,8482,89,8,4,0.0,0.0,0.0,0.0,0.20313307642936707,False,False,0.0,0.0,0.0,[],10.0,10.0,1,10.0,0,0.009028458000017281
mlp_aco,10,8483,89,8,1,30.0,200.0,230.0,1.15,1.0,True,True,30.0,200.0,0.0,[1],10.0,10.0,1,10.0,0,0.008987708000006478
mlp_aco,10,8483,89,8,2,0.0,0.0,0.0,0.0,0.09907747060060501,False,False,0.0,0.0,0.0,[],10.0,10.0,1,10.0,0,0.008987708000006478
mlp_aco,10,8483,89,8,3,0.0,0.0,0.0,0.0,0.43936213850975037,False,False,0.0,0.0,0.0,[],10.0,10.0,1,10.0,0,0.008987708000006478
mlp_aco,10,8483,89,8,4,0.0,0.0,0.0,0.0,0.20313307642936707,False,False,0.0,0.0,0.0,[],10.0,10.0,1,10.0,0,0.008987708000006478
mlp_aco,10,8484,89,9,1,21.0,200.0,221.0,1.105,1.0,True,True,30.0,191.0,0.0,[1],10.0,10.0,1,10.0,0,0.009117999999972426
mlp_aco,10,8484,89,9,2,0.0,0.0,0.0,0.0,0.09907747060060501,False,False,0.0,0.0,0.0,[],10.0,10.0,1,10.0,0,0.009117999999972426
mlp_aco,10,8484,89,9,3,0.0,0.0,0.0,0.0,0.43936213850975037,False,False,0.0,0.0,0.0,[],10.0,10.0,1,10.0,0,0.009117999999972426
mlp_aco,10,8484,89,9,4,0.0,0.0,0.0,0.0,0.20313307642936707,False,False,0.0,0.0,0.0,[],10.0,10.0,1,10.0,0,0.009117999999972426
mlp_aco,10,8485,89,9,1,19.0,191.0,210.0,1.05,1.0,True,True,30.0,180.0,0.0,[1],10.0,10.0,1,10.0,0,0.009084916999995585
mlp_aco,10,8485,89,9,2,0.0,0.0,0.0,0.0,0.09907747060060501,False,False,0.0,0.0,0.0,[],10.0,10.0,1,10.0,0,0.009084916999995585
mlp_aco,10,8485,89,9,3,0.0,0.0,0.0,0.0,0.43936213850975037,False,False,0.0,0.0,0.0,[],10.0,10.0,1,10.0,0,0.009084916999995585
mlp_aco,10,8485,89,9,4,0.0,0.0,0.0,0.0,0.20313307642936707,False,False,0.0,0.0,0.0,[],10.0,10.0,1,10.0,0,0.009084916999995585
mlp_aco,10,8486,89,9,1,20.0,180.0,200.0,1.0,1.0,True,True,30.0,170.0,0.0,[1],10.0,10.0,1,10.0,0,0.008954000000017004
mlp_aco,10,8486,89,9,2,0.0,0.0,0.0,0.0,0.09907747060060501,False,False,0.0,0.0,0.0,[],10.0,10.0,1,10.0,0,0.008954000000017004
mlp_aco,10,8486,89,9,3,0.0,0.0,0.0,0.0,0.43936213850975037,False,False,0.0,0.0,0.0,[],10.0,10.0,1,10.0,0,0.008954000000017004
mlp_aco,10,8486,89,9,4,0.0,0.0,0.0,0.0,0.20313307642936707,False,False,0.0,0.0,0.0,[],10.0,10.0,1,10.0,0,0.008954000000017004
mlp_aco,10,8487,89,9,1,19.0,170.0,189.0,0.945,1.0,True,True,30.0,159.0,0.0,[1],10.0,10.0,1,10.0,0,0.009017790999990893
mlp_aco,10,8487,89,9,2,0.0,0.0,0.0,0.0,0.09907747060060501,False,False,0.0,0.0,0.0,[],10.0,10.0,1,10.0,0,0.009017790999990893
mlp_aco,10,8487,89,9,3,0.0,0.0,0.0,0.0,0.43936213850975037,False,False,0.0,0.0,0.0,[],10.0,10.0,1,10.0,0,0.009017790999990893
mlp_aco,10,8487,89,9,4,0.0,0.0,0.0,0.0,0.20313307642936707,False,False,0.0,0.0,0.0,[],10.0,10.0,1,10.0,0,0.009017790999990893
mlp_aco,10,8488,89,10,1,15.0,159.0,174.0,0.87,0.9999914169311523,True,True,30.0,144.0,0.0,[1],10.0,10.0,1,10.0,0,0.008889917000004743
mlp_aco,10,8488,89,10,2,0.0,0.0,0.0,0.0,0.09907747060060501,False,False,0.0,0.0,0.0,[],10.0,10.0,1,10.0,0,0.008889917000004743
mlp_aco,10,8488,89,10,3,0.0,0.0,0.0,0.0,0.43936213850975037,False,False,0.0,0.0,0.0,[],10.0,10.0,1,10.0,0,0.008889917000004743
mlp_aco,10,8488,89,10,4,0.0,0.0,0.0,0.0,0.20313307642936707,False,False,0.0,0.0,0.0,[],10.0,10.0,1,10.0,0,0.008889917000004743
mlp_aco,10,8489,89,10,1,9.0,144.0,153.0,0.765,0.9849361777305603,True,True,30.0,123.0,0.0,[1],10.0,10.0,1,10.0,0,0.00889054099999953
mlp_aco,10,8489,89,10,2,0.0,0.0,0.0,0.0,0.09907747060060501,False,False,0.0,0.0,0.0,[],10.0,10.0,1,10.0,0,0.00889054099999953
mlp_aco,10,8489,89,10,3,0.0,0.0,0.0,0.0,0.43936213850975037,False,False,0.0,0.0,0.0,[],10.0,10.0,1,10.0,0,0.00889054099999953
mlp_aco,10,8489,89,10,4,0.0,0.0,0.0,0.0,0.20313307642936707,False,False,0.0,0.0,0.0,[],10.0,10.0,1,10.0,0,0.00889054099999953
mlp_aco,10,8490,89,10,1,8.0,123.0,131.0,0.655,0.7912619113922119,True,True,30.0,101.0,0.0,[1],10.0,10.0,1,10.0,0,0.008877084000005198
mlp_aco,10,8490,89,10,2,0.0,0.0,0.0,0.0,0.09907747060060501,False,False,0.0,0.0,0.0,[],10.0,10.0,1,10.0,0,0.008877084000005198
mlp_aco,10,8490,89,10,3,0.0,0.0,0.0,0.0,0.43936213850975037,False,False,0.0,0.0,0.0,[],10.0,10.0,1,10.0,0,0.008877084000005198
mlp_aco,10,8490,89,10,4,0.0,0.0,0.0,0.0,0.20313307642936707,False,False,0.0,0.0,0.0,[],10.0,10.0,1,10.0,0,0.008877084000005198
