policy,seed,time_bin,day,hour,dock,arrivals,queue_before,available_before_pickup,fill_ratio,risk_probability,active,visited,amount_picked,queue_after,overflow,serving_drone_ids,total_energy_interval,total_distance_interval,sorties_interval,objective_value,constraint_violations,algorithm_runtime_seconds
aco_current,5,7104,75,0,1,38.0,0.0,38.0,0.19,0.9994148015975952,False,False,0.0,38.0,0.0,[],0.0,0.0,0,0.0,0,3.499999998268777e-06
aco_current,5,7104,75,0,2,0.0,0.0,0.0,0.0,0.09907747060060501,False,False,0.0,0.0,0.0,[],0.0,0.0,0,0.0,0,3.499999998268777e-06
aco_current,5,7104,75,0,3,0.0,0.0,0.0,0.0,0.43936213850975037,False,False,0.0,0.0,0.0,[],0.0,0.0,0,0.0,0,3.499999998268777e-06
aco_current,5,7104,75,0,4,0.0,0.0,0.0,0.0,0.20313307642936707,False,False,0.0,0.0,0.0,[],0.0,0.0,0,0.0,0,3.499999998268777e-06
aco_current,5,7105,75,0,1,39.0,38.0,77.0,0.385,0.9995259046554565,False,False,0.0,77.0,0.0,[],0.0,0.0,0,0.0,0,3.0830000028458926e-06
aco_current,5,7105,75,0,2,0.0,0.0,0.0,0.0,0.09907747060060501,False,False,0.0,0.0,0.0,[],0.0,0.0,0,0.0,0,3.0830000028458926e-06
aco_current,5,7105,75,0,3,0.0,0.0,0.0,0.0,0.43936213850975037,False,False,0.0,0.0,0.0,[],0.0,0.0,0,0.0,0,3.0830000028458926e-06
aco_current,5,7105,75,0,4,0.0,0.0,0.0,0.0,0.20313307642936707,False,False,0.0,0.0,0.0,[],0.0,0.0,0,0.0,0,3.0830000028458926e-06
aco_current,5,7106,75,0,1,40.0,77.0,117.0,0.585,0.9999814033508301,False,False,0.0,117.0,0.0,[],0.0,0.0,0,0.0,0,3.792000001112683e-06
aco_current,5,7106,75,0,2,0.0,0.0,0.0,0.0,0.09907747060060501,False,False,0.0,0.0,0.0,[],0.0,0.0,0,0.0,0,3.792000001112683e-06
aco_current,5,7106,75,0,3,0.0,0.0,0.0,0.0,0.43936213850975037,False,False,0.0,0.0,0.0,[],0.0,0.0,0,0.0,0,3.792000001112683e-06
aco_current,5,7106,75,0,4,0.0,0.0,0.0,0.0,0.20313307642936707,False,False,0.0,0.0,0.0,[],0.0,0.0,0,0.0,0,3.792000001112683e-06
aco_current,5,7107,75,0,1,39.0,117.0,156.0,0.78,0.9999998807907104,False,False,0.0,156.0,0.0,[],0.0,0.0,0,0.0,0,4.125000003796231e-06
aco_current,5,7107,75,0,2,0.0,0.0,0.0,0.0,0.09907747060060501,False,False,0.0,0.0,0.0,[],0.0,0.0,0,0.0,0,4.125000003796231e-06
aco_current,5,7107,75,0,3,0.0,0.0,0.0,0.0,0.43936213850975037,False,False,0.0,0.0,0.0,[],0.0,0.0,0,0.0,0,4.125000003796231e-06
aco_current,5,7107,75,0,4,0.0,0.0,0.0,0.0,0.20313307642936707,False,False,0.0,0.0,0.0,[],0.0,0.0,0,0.0,0,4.125000003796231e-06
aco_current,5,7108,75,1,1,41.0,156.0,197.0,0.985,1.0,True,True,30.0,167.0,0.0,[1],10.0,10.0,1,10.0,0,0.012509000000001436
aco_current,5,7108,75,1,2,0.0,0.0,0.0,0.0,0.09907747060060501,False,False,0.0,0.0,0.0,[],10.0,10.0,1,10.0,0,0.012509000000001436
aco_current,5,7108,75,1,3,0.0,0.0,0.0,0.0,0.43936213850975037,False,False,0.0,0.0,0.0,[],10.0,10.0,1,10.0,0,0.012509000000001436
aco_current,5,7108,75,1,4,0.0,0.0,0.0,0.0,0.20313307642936707,False,False,0.0,0.0,0.0,[],10.0,10.0,1,10.0,0,0.012509000000001436
aco_current,5,7109,75,1,1,39.0,167.0,206.0,1.03,1.0,True,True,30.0,176.0,0.0,[1],10.0,10.0,1,10.0,0,0.01092299999999824
aco_current,5,7109,75,1,2,0.0,0.0,0.0,0.0,0.09907747060060501,False,False,0.0,0.0,0.0,[],10.0,10.0,1,10.0,0,0.01092299999999824
aco_current,5,7109,75,1,3,0.0,0.0,0.0,0.0,0.43936213850975037,False,False,0.0,0.0,0.0,[],10.0,10.0,1,10.0,0,0.01092299999999824
aco_current,5,7109,75,1,4,0.0,0.0,0.0,0.0,0.20313307642936707,False,False,0.0,0.0,0.0,[],10.0,10.0,1,10.0,0,0.01092299999999824
aco_current,5,7110,75,1,1,40.0,176.0,216.0,1.08,1.0,True,True,30.0,186.0,0.0,[1],10.0,10.0,1,10.0,0,0.01405712500000078
aco_current,5,7110,75,1,2,0.0,0.0,0.0,0.0,0.09907747060060501,False,False,0.0,0.0,0.0,[],10.0,10.0,1,10.0,0,0.01405712500000078
aco_current,5,7110,75,1,3,0.0,0.0,0.0,0.0,0.43936213850975037,False,False,0.0,0.0,0.0,[],10.0,10.0,1,10.0,0,0.01405712500000078
aco_current,5,7110,75,1,4,0.0,0.0,0.0,0.0,0.20313307642936707,False,False,0.0,0.0,0.0,[],10.0,10.0,1,10.0,0,0.01405712500000078
aco_current,5,7111,75,1,1,40.0,186.0,226.0,1.13,1.0,True,True,30.0,196.0,0.0,[1],10.0,10.0,1,10.0,0,0.010053167000002361
aco_current,5,7111,75,1,2,0.0,0.0,0.0,0.0,0.09907747060060501,False,False,0.0,0.0,0.0,[],10.0,10.0,1,10.0,0,0.010053167000002361
aco_current,5,7111,75,1,3,0.0,0.0,0.0,0.0,0.43936213850975037,False,False,0.0,0.0,0.0,[],10.0,10.0,1,10.0,0,0.010053167000002361
aco_current,5,7111,75,1,4,0.0,0.0,0.0,0.0,0.20313307642936707,False,False,0.0,0.0,0.0,[],10.0,10.0,1,10.0,0,0.010053167000002361
aco_current,5,7112,75,2,1,44.0,196.0,240.0,1.2,1.0,True,True,30.0,200.0,10.0,[1],10.0,10.0,1,10.0,0,0.009959375000001103
aco_current,5,7112,75,2,2,0.0,0.0,0.0,0.0,0.09907747060060501,False,False,0.0,0.0,0.0,[],10.0,10.0,1,10.0,0,0.009959375000001103
aco_current,5,7112,75,2,3,0.0,0.0,0.0,0.0,0.43936213850975037,False,False,0.0,0.0,0.0,[],10.0,10.0,1,10.0,0,0.009959375000001103
aco_current,5,7112,75,2,4,0.0,0.0,0.0,0.0,0.20313307642936707,False,False,0.0,0.0,0.0,[],10.0,10.0,1,10.0,0,0.009959375000001103
aco_current,5,7113,75,2,1,41.0,200.0,241.0,1.205,1.0,True,True,30.0,200.0,11.0,[1],10.0,10.0,1,10.0,0,0.00946383299999809
aco_current,5,7113,75,2,2,0.0,0.0,0.0,0.0,0.09907747060060501,False,False,0.0,0.0,0.0,[],10.0,10.0,1,10.0,0,0.00946383299999809
aco_current,5,7113,75,2,3,0.0,0.0,0.0,0.0,0.43936213850975037,False,False,0.0,0.0,0.0,[],10.0,10.0,1,10.0,0,0.00946383299999809
aco_current,5,7113,75,2,4,0.0,0.0,0.0,0.0,0.20313307642936707,False,False,0.0,0.0,0.0,[],10.0,10.0,1,10.0,0,0.00946383299999809
aco_current,5,7114,75,2,1,38.0,200.0,238.0,1.19,1.0,True,True,30.0,200.0,8.0,[1],10.0,10.0,1,10.0,0,0.009847000000000605
aco_current,5,7114,75,2,2,0.0,0.0,0.0,0.0,0.09907747060060501,False,False,0.0,0.0,0.0,[],10.0,10.0,1,10.0,0,0.009847000000000605
aco_current,5,7114,75,2,3,0.0,0.0,0.0,0.0,0.43936213850975037,False,False,0.0,0.0,0.0,[],10.0,10.0,1,10.0,0,0.009847000000000605
aco_current,5,7114,75,2,4,0.0,0.0,0.0,0.0,0.20313307642936707,False,False,0.0,0.0,0.0,[],10.0,10.0,1,10.0,0,0.009847000000000605
aco_current,5,7115,75,2,1,32.0,200.0,232.0,1.16,1.0,True,True,30.0,200.0,2.0,[1],10.0,10.0,1,10.0,0,0.009714250000001812
aco_current,5,7115,75,2,2,0.0,0.0,0.0,0.0,0.09907747060060501,False,False,0.0,0.0,0.0,[],10.0,10.0,1,10.0,0,0.009714250000001812
aco_current,5,7115,75,2,3,0.0,0.0,0.0,0.0,0.43936213850975037,False,False,0.0,0.0,0.0,[],10.0,10.0,1,10.0,0,0.009714250000001812
aco_current,5,7115,75,2,4,0.0,0.0,0.0,0.0,0.20313307642936707,False,False,0.0,0.0,0.0,[],10.0,10.0,1,10.0,0,0.009714250000001812
aco_current,5,7116,75,3,1,32.0,200.0,232.0,1.16,1.0,True,True,30.0,200.0,2.0,[1],10.0,10.0,1,10.0,0,0.0099415000000036
aco_current,5,7116,75,3,2,0.0,0.0,0.0,0.0,0.09907747060060501,False,False,0.0,0.0,0.0,[],10.0,10.0,1,10.0,0,0.0099415000000036
aco_current,5,7116,75,3,3,0.0,0.0,0.0,0.0,0.43936213850975037,False,False,0.0,0.0,0.0,[],10.0,10.0,1,10.0,0,0.0099415000000036
aco_current,5,7116,75,3,4,0.0,0.0,0.0,0.0,0.20313307642936707,False,False,0.0,0.0,0.0,[],10.0,10.0,1,10.0,0,0.0099415000000036
aco_current,5,7117,75,3,1,33.0,200.0,233.0,1.165,1.0,True,True,30.0,200.0,3.0,[1],10.0,10.0,1,10.0,0,0.009641584000000591
aco_current,5,7117,75,3,2,0.0,0.0,0.0,0.0,0.09907747060060501,False,False,0.0,0.0,0.0,[],10.0,10.0,1,10.0,0,0.009641584000000591
aco_current,5,7117,75,3,3,0.0,0.0,0.0,0.0,0.43936213850975037,False,False,0.0,0.0,0.0,[],10.0,10.0,1,10.0,0,0.009641584000000591
aco_current,5,7117,75,3,4,0.0,0.0,0.0,0.0,0.20313307642936707,False,False,0.0,0.0,0.0,[],10.0,10.0,1,10.0,0,0.009641584000000591
aco_current,5,7118,75,3,1,33.0,200.0,233.0,1.165,1.0,True,True,30.0,200.0,3.0,[1],10.0,10.0,1,10.0,0,0.009814166999994711
aco_current,5,7118,75,3,2,0.0,0.0,0.0,0.0,0.09907747060060501,False,False,0.0,0.0,0.0,[],10.0,10.0,1,10.0,0,0.009814166999994711
aco_current,5,7118,75,3,3,0.0,0.0,0.0,0.0,0.43936213850975037,False,False,0.0,0.0,0.0,[],10.0,10.0,1,10.0,0,0.009814166999994711
aco_current,5,7118,75,3,4,0.0,0.0,0.0,0.0,0.20313307642936707,False,False,0.0,0.0,0.0,[],10.0,10.0,1,10.0,0,0.009814166999994711
aco_current,5,7119,75,3,1,40.0,200.0,240.0,1.2,1.0,True,True,30.0,200.0,10.0,[1],10.0,10.0,1,10.0,0,0.009892250000000047
aco_current,5,7119,75,3,2,0.0,0.0,0.0,0.0,0.09907747060060501,False,False,0.0,0.0,0.0,[],10.0,10.0,1,10.0,0,0.009892250000000047
aco_current,5,7119,75,3,3,0.0,0.0,0.0,0.0,0.43936213850975037,False,False,0.0,0.0,0.0,[],10.0,10.0,1,10.0,0,0.009892250000000047
aco_current,5,7119,75,3,4,0.0,0.0,0.0,0.0,0.20313307642936707,False,False,0.0,0.0,0.0,[],10.0,10.0,1,10.0,0,0.009892250000000047
aco_current,5,7120,75,4,1,42.0,200.0,242.0,1.21,1.0,True,True,30.0,200.0,12.0,[1],10.0,10.0,1,10.0,0,0.009946500000005187
aco_current,5,7120,75,4,2,0.0,0.0,0.0,0.0,0.09907747060060501,False,False,0.0,0.0,0.0,[],10.0,10.0,1,10.0,0,0.009946500000005187
aco_current,5,7120,75,4,3,0.0,0.0,0.0,0.0,0.43936213850975037,False,False,0.0,0.0,0.0,[],10.0,10.0,1,10.0,0,0.009946500000005187
aco_current,5,7120,75,4,4,0.0,0.0,0.0,0.0,0.20313307642936707,False,False,0.0,0.0,0.0,[],10.0,10.0,1,10.0,0,0.009946500000005187
aco_current,5,7121,75,4,1,42.0,200.0,242.0,1.21,1.0,True,True,30.0,200.0,12.0,[1],10.0,10.0,1,10.0,0,0.009814959000003398
aco_current,5,7121,75,4,2,0.0,0.0,0.0,0.0,0.09907747060060501,False,False,0.0,0.0,0.0,[],10.0,10.0,1,10.0,0,0.009814959000003398
aco_current,5,7121,75,4,3,0.0,0.0,0.0,0.0,0.43936213850975037,False,False,0.0,0.0,0.0,[],10.0,10.0,1,10.0,0,0.009814959000003398
aco_current,5,7121,75,4,4,0.0,0.0,0.0,0.0,0.20313307642936707,False,False,0.0,0.0,0.0,[],10.0,10.0,1,10.0,0,0.009814959000003398
aco_current,5,7122,75,4,1,40.0,200.0,240.0,1.2,1.0,True,True,30.0,200.0,10.0,[1],10.0,10.0,1,10.0,0,0.010038790999999492
aco_current,5,7122,75,4,2,0.0,0.0,0.0,0.0,0.09907747060060501,False,False,0.0,0.0,0.0,[],10.0,10.0,1,10.0,0,0.010038790999999492
aco_current,5,7122,75,4,3,0.0,0.0,0.0,0.0,0.43936213850975037,False,False,0.0,0.0,0.0,[],10.0,10.0,1,10.0,0,0.010038790999999492
aco_current,5,7122,75,4,4,0.0,0.0,0.0,0.0,0.20313307642936707,False,False,0.0,0.0,0.0,[],10.0,10.0,1,10.0,0,0.010038790999999492
aco_current,5,7123,75,4,1,44.0,200.0,244.0,1.22,1.0,True,True,30.0,200.0,14.0,[1],10.0,10.0,1,10.0,0,0.009856957999993199
aco_current,5,7123,75,4,2,0.0,0.0,0.0,0.0,0.09907747060060501,False,False,0.0,0.0,0.0,[],10.0,10.0,1,10.0,0,0.009856957999993199
aco_current,5,7123,75,4,3,0.0,0.0,0.0,0.0,0.43936213850975037,False,False,0.0,0.0,0.0,[],10.0,10.0,1,10.0,0,0.009856957999993199
aco_current,5,7123,75,4,4,0.0,0.0,0.0,0.0,0.20313307642936707,False,False,0.0,0.0,0.0,[],10.0,10.0,1,10.0,0,0.009856957999993199
aco_current,5,7124,75,5,1,52.0,200.0,252.0,1.26,1.0,True,True,30.0,200.0,22.0,[1],10.0,10.0,1,10.0,0,0.009618541999998342
aco_current,5,7124,75,5,2,0.0,0.0,0.0,0.0,0.09907747060060501,False,False,0.0,0.0,0.0,[],10.0,10.0,1,10.0,0,0.009618541999998342
aco_current,5,7124,75,5,3,0.0,0.0,0.0,0.0,0.43936213850975037,False,False,0.0,0.0,0.0,[],10.0,10.0,1,10.0,0,0.009618541999998342
aco_current,5,7124,75,5,4,0.0,0.0,0.0,0.0,0.20313307642936707,False,False,0.0,0.0,0.0,[],10.0,10.0,1,10.0,0,0.009618541999998342
aco_current,5,7125,75,5,1,54.0,200.0,254.0,1.27,1.0,True,True,30.0,200.0,24.0,[1],10.0,10.0,1,10.0,0,0.009915708999997719
aco_current,5,7125,75,5,2,0.0,0.0,0.0,0.0,0.09907747060060501,False,False,0.0,0.0,0.0,[],10.0,10.0,1,10.0,0,0.009915708999997719
aco_current,5,7125,75,5,3,0.0,0.0,0.0,0.0,0.43936213850975037,False,False,0.0,0.0,0.0,[],10.0,10.0,1,10.0,0,0.009915708999997719
aco_current,5,7125,75,5,4,0.0,0.0,0.0,0.0,0.20313307642936707,False,False,0.0,0.0,0.0,[],10.0,10.0,1,10.0,0,0.009915708999997719
aco_current,5,7126,75,5,1,38.0,200.0,238.0,1.19,1.0,True,True,30.0,200.0,8.0,[1],10.0,10.0,1,10.0,0,0.01044295800000583
aco_current,5,7126,75,5,2,0.0,0.0,0.0,0.0,0.09907747060060501,False,False,0.0,0.0,0.0,[],10.0,10.0,1,10.0,0,0.01044295800000583
aco_current,5,7126,75,5,3,0.0,0.0,0.0,0.0,0.43936213850975037,False,False,0.0,0.0,0.0,[],10.0,10.0,1,10.0,0,0.01044295800000583
aco_current,5,7126,75,5,4,0.0,0.0,0.0,0.0,0.20313307642936707,False,False,0.0,0.0,0.0,[],10.0,10.0,1,10.0,0,0.01044295800000583
aco_current,5,7127,75,5,1,34.0,200.0,234.0,1.17,1.0,True,True,30.0,200.0,4.0,[1],10.0,10.0,1,10.0,0,0.009946124999999029
aco_current,5,7127,75,5,2,0.0,0.0,0.0,0.0,0.09907747060060501,False,False,0.0,0.0,0.0,[],10.0,10.0,1,10.0,0,0.009946124999999029
aco_current,5,7127,75,5,3,0.0,0.0,0.0,0.0,0.43936213850975037,False,False,0.0,0.0,0.0,[],10.0,10.0,1,10.0,0,0.009946124999999029
aco_current,5,7127,75,5,4,0.0,0.0,0.0,0.0,0.20313307642936707,False,False,0.0,0.0,0.0,[],10.0,10.0,1,10.0,0,0.009946124999999029
aco_current,5,7128,75,6,1,27.0,200.0,227.0,1.135,1.0,True,True,30.0,197.0,0.0,[1],10.0,10.0,1,10.0,0,0.010035166999998069
aco_current,5,7128,75,6,2,0.0,0.0,0.0,0.0,0.09907747060060501,False,False,0.0,0.0,0.0,[],10.0,10.0,1,10.0,0,0.010035166999998069
aco_current,5,7128,75,6,3,0.0,0.0,0.0,0.0,0.43936213850975037,False,False,0.0,0.0,0.0,[],10.0,10.0,1,10.0,0,0.010035166999998069
aco_current,5,7128,75,6,4,0.0,0.0,0.0,0.0,0.20313307642936707,False,False,0.0,0.0,0.0,[],10.0,10.0,1,10.0,0,0.010035166999998069
aco_current,5,7129,75,6,1,28.0,197.0,225.0,1.125,1.0,True,True,30.0,195.0,0.0,[1],10.0,10.0,1,10.0,0,0.009935958000006906
aco_current,5,7129,75,6,2,0.0,0.0,0.0,0.0,0.09907747060060501,False,False,0.0,0.0,0.0,[],10.0,10.0,1,10.0,0,0.009935958000006906
aco_current,5,7129,75,6,3,0.0,0.0,0.0,0.0,0.43936213850975037,False,False,0.0,0.0,0.0,[],10.0,10.0,1,10.0,0,0.009935958000006906
aco_current,5,7129,75,6,4,0.0,0.0,0.0,0.0,0.20313307642936707,False,False,0.0,0.0,0.0,[],10.0,10.0,1,10.0,0,0.009935958000006906
aco_current,5,7130,75,6,1,26.0,195.0,221.0,1.105,1.0,True,True,30.0,191.0,0.0,[1],10.0,10.0,1,10.0,0,0.009821709000000567
aco_current,5,7130,75,6,2,0.0,0.0,0.0,0.0,0.09907747060060501,False,False,0.0,0.0,0.0,[],10.0,10.0,1,10.0,0,0.009821709000000567
aco_current,5,7130,75,6,3,0.0,0.0,0.0,0.0,0.43936213850975037,False,False,0.0,0.0,0.0,[],10.0,10.0,1,10.0,0,0.009821709000000567
aco_current,5,7130,75,6,4,0.0,0.0,0.0,0.0,0.20313307642936707,False,False,0.0,0.0,0.0,[],10.0,10.0,1,10.0,0,0.009821709000000567
aco_current,5,7131,75,6,1,27.0,191.0,218.0,1.09,1.0,True,True,30.0,188.0,0.0,[1],10.0,10.0,1,10.0,0,0.00980908400000402
aco_current,5,7131,75,6,2,0.0,0.0,0.0,0.0,0.09907747060060501,False,False,0.0,0.0,0.0,[],10.0,10.0,1,10.0,0,0.00980908400000402
aco_current,5,7131,75,6,3,0.0,0.0,0.0,0.0,0.43936213850975037,False,False,0.0,0.0,0.0,[],10.0,10.0,1,10.0,0,0.00980908400000402
aco_current,5,7131,75,6,4,0.0,0.0,0.0,0.0,0.20313307642936707,False,False,0.0,0.0,0.0,[],10.0,10.0,1,10.0,0,0.00980908400000402
aco_current,5,7132,75,7,1,27.0,188.0,215.0,1.075,1.0,True,True,30.0,185.0,0.0,[1],10.0,10.0,1,10.0,0,0.009787750000000983
aco_current,5,7132,75,7,2,0.0,0.0,0.0,0.0,0.09907747060060501,False,False,0.0,0.0,0.0,[],10.0,10.0,1,10.0,0,0.009787750000000983
aco_current,5,7132,75,7,3,0.0,0.0,0.0,0.0,0.43936213850975037,False,False,0.0,0.0,0.0,[],10.0,10.0,1,10.0,0,0.009787750000000983
aco_current,5,7132,75,7,4,0.0,0.0,0.0,0.0,0.20313307642936707,False,False,0.0,0.0,0.0,[],10.0,10.0,1,10.0,0,0.009787750000000983
aco_current,5,7133,75,7,1,28.0,185.0,213.0,1.065,1.0,True,True,30.0,183.0,0.0,[1],10.0,10.0,1,10.0,0,0.009608833000001482
aco_current,5,7133,75,7,2,0.0,0.0,0.0,0.0,0.09907747060060501,False,False,0.0,0.0,0.0,[],10.0,10.0,1,10.0,0,0.009608833000001482
aco_current,5,7133,75,7,3,0.0,0.0,0.0,0.0,0.43936213850975037,False,False,0.0,0.0,0.0,[],10.0,10.0,1,10.0,0,0.009608833000001482
aco_current,5,7133,75,7,4,0.0,0.0,0.0,0.0,0.20313307642936707,False,False,0.0,0.0,0.0,[],10.0,10.0,1,10.0,0,0.009608833000001482
aco_current,5,7134,75,7,1,27.0,183.0,210.0,1.05,1.0,True,True,30.0,180.0,0.0,[1],10.0,10.0,1,10.0,0,0.009715499999998656
aco_current,5,7134,75,7,2,0.0,0.0,0.0,0.0,0.09907747060060501,False,False,0.0,0.0,0.0,[],10.0,10.0,1,10.0,0,0.009715499999998656
aco_current,5,7134,75,7,3,0.0,0.0,0.0,0.0,0.43936213850975037,False,False,0.0,0.0,0.0,[],10.0,10.0,1,10.0,0,0.009715499999998656
aco_current,5,7134,75,7,4,0.0,0.0,0.0,0.0,0.20313307642936707,False,False,0.0,0.0,0.0,[],10.0,10.0,1,10.0,0,0.009715499999998656
aco_current,5,7135,75,7,1,26.0,180.0,206.0,1.03,1.0,True,True,30.0,176.0,0.0,[1],10.0,10.0,1,10.0,0,0.00958316700000239
aco_current,5,7135,75,7,2,0.0,0.0,0.0,0.0,0.09907747060060501,False,False,0.0,0.0,0.0,[],10.0,10.0,1,10.0,0,0.00958316700000239
aco_current,5,7135,75,7,3,0.0,0.0,0.0,0.0,0.43936213850975037,False,False,0.0,0.0,0.0,[],10.0,10.0,1,10.0,0,0.00958316700000239
aco_current,5,7135,75,7,4,0.0,0.0,0.0,0.0,0.20313307642936707,False,False,0.0,0.0,0.0,[],10.0,10.0,1,10.0,0,0.00958316700000239
aco_current,5,7136,75,8,1,26.0,176.0,202.0,1.01,1.0,True,True,30.0,172.0,0.0,[1],10.0,10.0,1,10.0,0,0.00965608300000298
aco_current,5,7136,75,8,2,0.0,0.0,0.0,0.0,0.09907747060060501,False,False,0.0,0.0,0.0,[],10.0,10.0,1,10.0,0,0.00965608300000298
aco_current,5,7136,75,8,3,0.0,0.0,0.0,0.0,0.43936213850975037,False,False,0.0,0.0,0.0,[],10.0,10.0,1,10.0,0,0.00965608300000298
aco_current,5,7136,75,8,4,0.0,0.0,0.0,0.0,0.20313307642936707,False,False,0.0,0.0,0.0,[],10.0,10.0,1,10.0,0,0.00965608300000298
aco_current,5,7137,75,8,1,17.0,172.0,189.0,0.945,0.9999999403953552,True,True,30.0,159.0,0.0,[1],10.0,10.0,1,10.0,0,0.009750249999996186
aco_current,5,7137,75,8,2,0.0,0.0,0.0,0.0,0.09907747060060501,False,False,0.0,0.0,0.0,[],10.0,10.0,1,10.0,0,0.009750249999996186
aco_current,5,7137,75,8,3,0.0,0.0,0.0,0.0,0.43936213850975037,False,False,0.0,0.0,0.0,[],10.0,10.0,1,10.0,0,0.009750249999996186
aco_current,5,7137,75,8,4,0.0,0.0,0.0,0.0,0.20313307642936707,False,False,0.0,0.0,0.0,[],10.0,10.0,1,10.0,0,0.009750249999996186
aco_current,5,7138,75,8,1,16.0,159.0,175.0,0.875,0.9999955892562866,True,True,30.0,145.0,0.0,[1],10.0,10.0,1,10.0,0,0.00968612499999466
aco_current,5,7138,75,8,2,0.0,0.0,0.0,0.0,0.09907747060060501,False,False,0.0,0.0,0.0,[],10.0,10.0,1,10.0,0,0.00968612499999466
aco_current,5,7138,75,8,3,0.0,0.0,0.0,0.0,0.43936213850975037,False,False,0.0,0.0,0.0,[],10.0,10.0,1,10.0,0,0.00968612499999466
aco_current,5,7138,75,8,4,0.0,0.0,0.0,0.0,0.20313307642936707,False,False,0.0,0.0,0.0,[],10.0,10.0,1,10.0,0,0.00968612499999466
aco_current,5,7139,75,8,1,15.0,145.0,160.0,0.8,0.9996705055236816,True,True,30.0,130.0,0.0,[1],10.0,10.0,1,10.0,0,0.009760458999998889
aco_current,5,7139,75,8,2,0.0,0.0,0.0,0.0,0.09907747060060501,False,False,0.0,0.0,0.0,[],10.0,10.0,1,10.0,0,0.009760458999998889
aco_current,5,7139,75,8,3,0.0,0.0,0.0,0.0,0.43936213850975037,False,False,0.0,0.0,0.0,[],10.0,10.0,1,10.0,0,0.009760458999998889
aco_current,5,7139,75,8,4,0.0,0.0,0.0,0.0,0.20313307642936707,False,False,0.0,0.0,0.0,[],10.0,10.0,1,10.0,0,0.009760458999998889
aco_current,5,7140,75,9,1,17.0,130.0,147.0,0.735,0.998248279094696,False,False,0.0,147.0,0.0,[],0.0,0.0,0,0.0,0,3.7919999940072557e-06
aco_current,5,7140,75,9,2,0.0,0.0,0.0,0.0,0.09907747060060501,False,False,0.0,0.0,0.0,[],0.0,0.0,0,0.0,0,3.7919999940072557e-06
aco_current,5,7140,75,9,3,0.0,0.0,0.0,0.0,0.43936213850975037,False,False,0.0,0.0,0.0,[],0.0,0.0,0,0.0,0,3.7919999940072557e-06
aco_current,5,7140,75,9,4,0.0,0.0,0.0,0.0,0.20313307642936707,False,False,0.0,0.0,0.0,[],0.0,0.0,0,0.0,0,3.7919999940072557e-06
aco_current,5,7141,75,9,1,16.0,147.0,163.0,0.815,0.9998870491981506,True,True,30.0,133.0,0.0,[1],10.0,10.0,1,10.0,0,0.009722374999995509
aco_current,5,7141,75,9,2,0.0,0.0,0.0,0.0,0.09907747060060501,False,False,0.0,0.0,0.0,[],10.0,10.0,1,10.0,0,0.009722374999995509
aco_current,5,7141,75,9,3,0.0,0.0,0.0,0.0,0.43936213850975037,False,False,0.0,0.0,0.0,[],10.0,10.0,1,10.0,0,0.009722374999995509
aco_current,5,7141,75,9,4,0.0,0.0,0.0,0.0,0.20313307642936707,False,False,0.0,0.0,0.0,[],10.0,10.0,1,10.0,0,0.009722374999995509
aco_current,5,7142,75,9,1,16.0,133.0,149.0,0.745,0.9980954527854919,False,False,0.0,149.0,0.0,[],0.0,0.0,0,0.0,0,2.7080000037926766e-06
aco_current,5,7142,75,9,2,0.0,0.0,0.0,0.0,0.09907747060060501,False,False,0.0,0.0,0.0,[],0.0,0.0,0,0.0,0,2.7080000037926766e-06
aco_current,5,7142,75,9,3,0.0,0.0,0.0,0.0,0.43936213850975037,False,False,0.0,0.0,0.0,[],0.0,0.0,0,0.0,0,2.7080000037926766e-06
aco_current,5,7142,75,9,4,0.0,0.0,0.0,0.0,0.20313307642936707,False,False,0.0,0.0,0.0,[],0.0,0.0,0,0.0,0,2.7080000037926766e-06
aco_current,5,7143,75,9,1,15.0,149.0,164.0,0.82,0.9998762607574463,True,True,30.0,134.0,0.0,[1],10.0,10.0,1,10.0,0,0.009409124999997687
aco_current,5,7143,75,9,2,0.0,0.0,0.0,0.0,0.09907747060060501,False,False,0.0,0.0,0.0,[],10.0,10.0,1,10.0,0,0.009409124999997687
aco_current,5,7143,75,9,3,0.0,0.0,0.0,0.0,0.43936213850975037,False,False,0.0,0.0,0.0,[],10.0,10.0,1,10.0,0,0.009409124999997687
aco_current,5,7143,75,9,4,0.0,0.0,0.0,0.0,0.20313307642936707,False,False,0.0,0.0,0.0,[],10.0,10.0,1,10.0,0,0.009409124999997687
aco_current,5,7144,75,10,1,17.0,134.0,151.0,0.755,0.9989542961120605,False,False,0.0,151.0,0.0,[],0.0,0.0,0,0.0,0,4.416000003004683e-06
aco_current,5,7144,75,10,2,0.0,0.0,0.0,0.0,0.09907747060060501,False,False,0.0,0.0,0.0,[],0.0,0.0,0,0.0,0,4.416000003004683e-06
aco_current,5,7144,75,10,3,0.0,0.0,0.0,0.0,0.43936213850975037,False,False,0.0,0.0,0.0,[],0.0,0.0,0,0.0,0,4.416000003004683e-06
aco_current,5,7144,75,10,4,0.0,0.0,0.0,0.0,0.20313307642936707,False,False,0.0,0.0,0.0,[],0.0,0.0,0,0.0,0,4.416000003004683e-06
aco_current,5,7145,75,10,1,16.0,151.0,167.0,0.835,0.9999597072601318,True,True,30.0,137.0,0.0,[1],10.0,10.0,1,10.0,0,0.009738750000003904
aco_current,5,7145,75,10,2,0.0,0.0,0.0,0.0,0.09907747060060501,False,False,0.0,0.0,0.0,[],10.0,10.0,1,10.0,0,0.009738750000003904
aco_current,5,7145,75,10,3,0.0,0.0,0.0,0.0,0.43936213850975037,False,False,0.0,0.0,0.0,[],10.0,10.0,1,10.0,0,0.009738750000003904
aco_current,5,7145,75,10,4,0.0,0.0,0.0,0.0,0.20313307642936707,False,False,0.0,0.0,0.0,[],10.0,10.0,1,10.0,0,0.009738750000003904
aco_current,5,7146,75,10,1,16.0,137.0,153.0,0.765,0.9988843202590942,False,False,0.0,153.0,0.0,[],0.0,0.0,0,0.0,0,2.5410000006331757e-06
aco_current,5,7146,75,10,2,0.0,0.0,0.0,0.0,0.09907747060060501,False,False,0.0,0.0,0.0,[],0.0,0.0,0,0.0,0,2.5410000006331757e-06
aco_current,5,7146,75,10,3,0.0,0.0,0.0,0.0,0.43936213850975037,False,False,0.0,0.0,0.0,[],0.0,0.0,0,0.0,0,2.5410000006331757e-06
aco_current,5,7146,75,10,4,0.0,0.0,0.0,0.0,0.20313307642936707,False,False,0.0,0.0,0.0,[],0.0,0.0,0,0.0,0,2.5410000006331757e-06
aco_current,5,7147,75,10,1,15.0,153.0,168.0,0.84,0.9999560713768005,True,True,30.0,138.0,0.0,[1],10.0,10.0,1,10.0,0,0.009590125000002558
aco_current,5,7147,75,10,2,0.0,0.0,0.0,0.0,0.09907747060060501,False,False,0.0,0.0,0.0,[],10.0,10.0,1,10.0,0,0.009590125000002558
aco_current,5,7147,75,10,3,0.0,0.0,0.0,0.0,0.43936213850975037,False,False,0.0,0.0,0.0,[],10.0,10.0,1,10.0,0,0.009590125000002558
aco_current,5,7147,75,10,4,0.0,0.0,0.0,0.0,0.20313307642936707,False,False,0.0,0.0,0.0,[],10.0,10.0,1,10.0,0,0.009590125000002558
aco_current,5,7148,75,11,1,17.0,138.0,155.0,0.775,0.9994621872901917,False,False,0.0,155.0,0.0,[],0.0,0.0,0,0.0,0,2.7090000003227033e-06
aco_current,5,7148,75,11,2,0.0,0.0,0.0,0.0,0.09907747060060501,False,False,0.0,0.0,0.0,[],0.0,0.0,0,0.0,0,2.7090000003227033e-06
aco_current,5,7148,75,11,3,0.0,0.0,0.0,0.0,0.43936213850975037,False,False,0.0,0.0,0.0,[],0.0,0.0,0,0.0,0,2.7090000003227033e-06
aco_current,5,7148,75,11,4,0.0,0.0,0.0,0.0,0.20313307642936707,False,False,0.0,0.0,0.0,[],0.0,0.0,0,0.0,0,2.7090000003227033e-06
aco_current,5,7149,75,11,1,16.0,155.0,171.0,0.855,0.9999858140945435,True,True,30.0,141.0,0.0,[1],10.0,10.0,1,10.0,0,0.009648750000003758
aco_current,5,7149,75,11,2,0.0,0.0,0.0,0.0,0.09907747060060501,False,False,0.0,0.0,0.0,[],10.0,10.0,1,10.0,0,0.009648750000003758
aco_current,5,7149,75,11,3,0.0,0.0,0.0,0.0,0.43936213850975037,False,False,0.0,0.0,0.0,[],10.0,10.0,1,10.0,0,0.009648750000003758
aco_current,5,7149,75,11,4,0.0,0.0,0.0,0.0,0.20313307642936707,False,False,0.0,0.0,0.0,[],10.0,10.0,1,10.0,0,0.009648750000003758
aco_current,5,7150,75,11,1,16.0,141.0,157.0,0.785,0.9995030760765076,False,False,0.0,157.0,0.0,[],0.0,0.0,0,0.0,0,3.9170000007970884e-06
aco_current,5,7150,75,11,2,0.0,0.0,0.0,0.0,0.09907747060060501,False,False,0.0,0.0,0.0,[],0.0,0.0,0,0.0,0,3.9170000007970884e-06
aco_current,5,7150,75,11,3,0.0,0.0,0.0,0.0,0.43936213850975037,False,False,0.0,0.0,0.0,[],0.0,0.0,0,0.0,0,3.9170000007970884e-06
aco_current,5,7150,75,11,4,0.0,0.0,0.0,0.0,0.20313307642936707,False,False,0.0,0.0,0.0,[],0.0,0.0,0,0.0,0,3.9170000007970884e-06
aco_current,5,7151,75,11,1,15.0,157.0,172.0,0.86,0.9999847412109375,True,True,30.0,142.0,0.0,[1],10.0,10.0,1,10.0,0,0.009634708000000103
aco_current,5,7151,75,11,2,0.0,0.0,0.0,0.0,0.09907747060060501,False,False,0.0,0.0,0.0,[],10.0,10.0,1,10.0,0,0.009634708000000103
aco_current,5,7151,75,11,3,0.0,0.0,0.0,0.0,0.43936213850975037,False,False,0.0,0.0,0.0,[],10.0,10.0,1,10.0,0,0.009634708000000103
aco_current,5,7151,75,11,4,0.0,0.0,0.0,0.0,0.20313307642936707,False,False,0.0,0.0,0.0,[],10.0,10.0,1,10.0,0,0.009634708000000103
aco_current,5,7152,75,12,1,17.0,142.0,159.0,0.795,0.9997764229774475,False,False,0.0,159.0,0.0,[],0.0,0.0,0,0.0,0,2.6250000004779395e-06
aco_current,5,7152,75,12,2,0.0,0.0,0.0,0.0,0.09907747060060501,False,False,0.0,0.0,0.0,[],0.0,0.0,0,0.0,0,2.6250000004779395e-06
aco_current,5,7152,75,12,3,0.0,0.0,0.0,0.0,0.43936213850975037,False,False,0.0,0.0,0.0,[],0.0,0.0,0,0.0,0,2.6250000004779395e-06
aco_current,5,7152,75,12,4,0.0,0.0,0.0,0.0,0.20313307642936707,False,False,0.0,0.0,0.0,[],0.0,0.0,0,0.0,0,2.6250000004779395e-06
aco_current,5,7153,75,12,1,16.0,159.0,175.0,0.875,0.9999950528144836,True,True,30.0,145.0,0.0,[1],10.0,10.0,1,10.0,0,0.009488999999994974
aco_current,5,7153,75,12,2,0.0,0.0,0.0,0.0,0.09907747060060501,False,False,0.0,0.0,0.0,[],10.0,10.0,1,10.0,0,0.009488999999994974
aco_current,5,7153,75,12,3,0.0,0.0,0.0,0.0,0.43936213850975037,False,False,0.0,0.0,0.0,[],10.0,10.0,1,10.0,0,0.009488999999994974
aco_current,5,7153,75,12,4,0.0,0.0,0.0,0.0,0.20313307642936707,False,False,0.0,0.0,0.0,[],10.0,10.0,1,10.0,0,0.009488999999994974
aco_current,5,7154,75,12,1,16.0,145.0,161.0,0.805,0.9998107552528381,True,True,30.0,131.0,0.0,[1],10.0,10.0,1,10.0,0,0.009512417000003381
aco_current,5,7154,75,12,2,0.0,0.0,0.0,0.0,0.09907747060060501,False,False,0.0,0.0,0.0,[],10.0,10.0,1,10.0,0,0.009512417000003381
aco_current,5,7154,75,12,3,0.0,0.0,0.0,0.0,0.43936213850975037,False,False,0.0,0.0,0.0,[],10.0,10.0,1,10.0,0,0.009512417000003381
aco_current,5,7154,75,12,4,0.0,0.0,0.0,0.0,0.20313307642936707,False,False,0.0,0.0,0.0,[],10.0,10.0,1,10.0,0,0.009512417000003381
aco_current,5,7155,75,12,1,15.0,131.0,146.0,0.73,0.9960789680480957,False,False,0.0,146.0,0.0,[],0.0,0.0,0,0.0,0,3.5420000017438724e-06
aco_current,5,7155,75,12,2,0.0,0.0,0.0,0.0,0.09907747060060501,False,False,0.0,0.0,0.0,[],0.0,0.0,0,0.0,0,3.5420000017438724e-06
aco_current,5,7155,75,12,3,0.0,0.0,0.0,0.0,0.43936213850975037,False,False,0.0,0.0,0.0,[],0.0,0.0,0,0.0,0,3.5420000017438724e-06
aco_current,5,7155,75,12,4,0.0,0.0,0.0,0.0,0.20313307642936707,False,False,0.0,0.0,0.0,[],0.0,0.0,0,0.0,0,3.5420000017438724e-06
aco_current,5,7156,75,13,1,17.0,146.0,163.0,0.815,0.9999203085899353,True,True,30.0,133.0,0.0,[1],10.0,10.0,1,10.0,0,0.009725750000001199
aco_current,5,7156,75,13,2,0.0,0.0,0.0,0.0,0.09907747060060501,False,False,0.0,0.0,0.0,[],10.0,10.0,1,10.0,0,0.009725750000001199
aco_current,5,7156,75,13,3,0.0,0.0,0.0,0.0,0.43936213850975037,False,False,0.0,0.0,0.0,[],10.0,10.0,1,10.0,0,0.009725750000001199
aco_current,5,7156,75,13,4,0.0,0.0,0.0,0.0,0.20313307642936707,False,False,0.0,0.0,0.0,[],10.0,10.0,1,10.0,0,0.009725750000001199
aco_current,5,7157,75,13,1,16.0,133.0,149.0,0.745,0.9980954527854919,False,False,0.0,149.0,0.0,[],0.0,0.0,0,0.0,0,2.1624999995140115e-05
aco_current,5,7157,75,13,2,0.0,0.0,0.0,0.0,0.09907747060060501,False,False,0.0,0.0,0.0,[],0.0,0.0,0,0.0,0,2.1624999995140115e-05
aco_current,5,7157,75,13,3,0.0,0.0,0.0,0.0,0.43936213850975037,False,False,0.0,0.0,0.0,[],0.0,0.0,0,0.0,0,2.1624999995140115e-05
aco_current,5,7157,75,13,4,0.0,0.0,0.0,0.0,0.20313307642936707,False,False,0.0,0.0,0.0,[],0.0,0.0,0,0.0,0,2.1624999995140115e-05
aco_current,5,7158,75,13,1,16.0,149.0,165.0,0.825,0.9999325275421143,True,True,30.0,135.0,0.0,[1],10.0,10.0,1,10.0,0,0.009749749999997448
aco_current,5,7158,75,13,2,0.0,0.0,0.0,0.0,0.09907747060060501,False,False,0.0,0.0,0.0,[],10.0,10.0,1,10.0,0,0.009749749999997448
aco_current,5,7158,75,13,3,0.0,0.0,0.0,0.0,0.43936213850975037,False,False,0.0,0.0,0.0,[],10.0,10.0,1,10.0,0,0.009749749999997448
aco_current,5,7158,75,13,4,0.0,0.0,0.0,0.0,0.20313307642936707,False,False,0.0,0.0,0.0,[],10.0,10.0,1,10.0,0,0.009749749999997448
aco_current,5,7159,75,13,1,15.0,135.0,150.0,0.75,0.997645914554596,False,False,0.0,150.0,0.0,[],0.0,0.0,0,0.0,0,3.2500000060053935e-06
aco_current,5,7159,75,13,2,0.0,0.0,0.0,0.0,0.09907747060060501,False,False,0.0,0.0,0.0,[],0.0,0.0,0,0.0,0,3.2500000060053935e-06
aco_current,5,7159,75,13,3,0.0,0.0,0.0,0.0,0.43936213850975037,False,False,0.0,0.0,0.0,[],0.0,0.0,0,0.0,0,3.2500000060053935e-06
aco_current,5,7159,75,13,4,0.0,0.0,0.0,0.0,0.20313307642936707,False,False,0.0,0.0,0.0,[],0.0,0.0,0,0.0,0,3.2500000060053935e-06
aco_current,5,7160,75,14,1,17.0,150.0,167.0,0.835,0.9999715685844421,True,True,30.0,137.0,0.0,[1],10.0,10.0,1,10.0,0,0.009902042000000222
aco_current,5,7160,75,14,2,0.0,0.0,0.0,0.0,0.09907747060060501,False,False,0.0,0.0,0.0,[],10.0,10.0,1,10.0,0,0.009902042000000222
aco_current,5,7160,75,14,3,0.0,0.0,0.0,0.0,0.43936213850975037,False,False,0.0,0.0,0.0,[],10.0,10.0,1,10.0,0,0.009902042000000222
aco_current,5,7160,75,14,4,0.0,0.0,0.0,0.0,0.20313307642936707,False,False,0.0,0.0,0.0,[],10.0,10.0,1,10.0,0,0.009902042000000222
aco_current,5,7161,75,14,1,16.0,137.0,153.0,0.765,0.9988843202590942,False,False,0.0,153.0,0.0,[],0.0,0.0,0,0.0,0,4.4999999957440195e-06
aco_current,5,7161,75,14,2,0.0,0.0,0.0,0.0,0.09907747060060501,False,False,0.0,0.0,0.0,[],0.0,0.0,0,0.0,0,4.4999999957440195e-06
aco_current,5,7161,75,14,3,0.0,0.0,0.0,0.0,0.43936213850975037,False,False,0.0,0.0,0.0,[],0.0,0.0,0,0.0,0,4.4999999957440195e-06
aco_current,5,7161,75,14,4,0.0,0.0,0.0,0.0,0.20313307642936707,False,False,0.0,0.0,0.0,[],0.0,0.0,0,0.0,0,4.4999999957440195e-06
aco_current,5,7162,75,14,1,11.0,153.0,164.0,0.82,0.9994898438453674,True,True,30.0,134.0,0.0,[1],10.0,10.0,1,10.0,0,0.00996874999999875
aco_current,5,7162,75,14,2,0.0,0.0,0.0,0.0,0.09907747060060501,False,False,0.0,0.0,0.0,[],10.0,10.0,1,10.0,0,0.00996874999999875
aco_current,5,7162,75,14,3,0.0,0.0,0.0,0.0,0.43936213850975037,False,False,0.0,0.0,0.0,[],10.0,10.0,1,10.0,0,0.00996874999999875
aco_current,5,7162,75,14,4,0.0,0.0,0.0,0.0,0.20313307642936707,False,False,0.0,0.0,0.0,[],10.0,10.0,1,10.0,0,0.00996874999999875
aco_current,5,7163,75,14,1,8.0,134.0,142.0,0.71,0.9331066608428955,False,False,0.0,142.0,0.0,[],0.0,0.0,0,0.0,0,4.2919999998503044e-06
aco_current,5,7163,75,14,2,0.0,0.0,0.0,0.0,0.09907747060060501,False,False,0.0,0.0,0.0,[],0.0,0.0,0,0.0,0,4.2919999998503044e-06
aco_current,5,7163,75,14,3,0.0,0.0,0.0,0.0,0.43936213850975037,False,False,0.0,0.0,0.0,[],0.0,0.0,0,0.0,0,4.2919999998503044e-06
aco_current,5,7163,75,14,4,0.0,0.0,0.0,0.0,0.20313307642936707,False,False,0.0,0.0,0.0,[],0.0,0.0,0,0.0,0,4.2919999998503044e-06
aco_current,5,7164,75,15,1,9.0,142.0,151.0,0.755,0.9829824566841125,False,False,0.0,151.0,0.0,[],0.0,0.0,0,0.0,0,2.3330000047394606e-06
aco_current,5,7164,75,15,2,0.0,0.0,0.0,0.0,0.09907747060060501,False,False,0.0,0.0,0.0,[],0.0,0.0,0,0.0,0,2.3330000047394606e-06
aco_current,5,7164,75,15,3,0.0,0.0,0.0,0.0,0.43936213850975037,False,False,0.0,0.0,0.0,[],0.0,0.0,0,0.0,0,2.3330000047394606e-06
aco_current,5,7164,75,15,4,0.0,0.0,0.0,0.0,0.20313307642936707,False,False,0.0,0.0,0.0,[],0.0,0.0,0,0.0,0,2.3330000047394606e-06
aco_current,5,7165,75,15,1,8.0,151.0,159.0,0.795,0.9949710965156555,False,False,0.0,159.0,0.0,[],0.0,0.0,0,0.0,0,2.1249999946348908e-06
aco_current,5,7165,75,15,2,0.0,0.0,0.0,0.0,0.09907747060060501,False,False,0.0,0.0,0.0,[],0.0,0.0,0,0.0,0,2.1249999946348908e-06
aco_current,5,7165,75,15,3,0.0,0.0,0.0,0.0,0.43936213850975037,False,False,0.0,0.0,0.0,[],0.0,0.0,0,0.0,0,2.1249999946348908e-06
aco_current,5,7165,75,15,4,0.0,0.0,0.0,0.0,0.20313307642936707,False,False,0.0,0.0,0.0,[],0.0,0.0,0,0.0,0,2.1249999946348908e-06
aco_current,5,7166,75,15,1,8.0,159.0,167.0,0.835,0.9993423819541931,True,True,30.0,137.0,0.0,[1],10.0,10.0,1,10.0,0,0.0098024580000029
aco_current,5,7166,75,15,2,0.0,0.0,0.0,0.0,0.09907747060060501,False,False,0.0,0.0,0.0,[],10.0,10.0,1,10.0,0,0.0098024580000029
aco_current,5,7166,75,15,3,0.0,0.0,0.0,0.0,0.43936213850975037,False,False,0.0,0.0,0.0,[],10.0,10.0,1,10.0,0,0.0098024580000029
aco_current,5,7166,75,15,4,0.0,0.0,0.0,0.0,0.20313307642936707,False,False,0.0,0.0,0.0,[],10.0,10.0,1,10.0,0,0.0098024580000029
aco_current,5,7167,75,15,1,8.0,137.0,145.0,0.725,0.9618600606918335,False,False,0.0,145.0,0.0,[],0.0,0.0,0,0.0,0,2.9999999995311555e-06
aco_current,5,7167,75,15,2,0.0,0.0,0.0,0.0,0.09907747060060501,False,False,0.0,0.0,0.0,[],0.0,0.0,0,0.0,0,2.9999999995311555e-06
aco_current,5,7167,75,15,3,0.0,0.0,0.0,0.0,0.43936213850975037,False,False,0.0,0.0,0.0,[],0.0,0.0,0,0.0,0,2.9999999995311555e-06
aco_current,5,7167,75,15,4,0.0,0.0,0.0,0.0,0.20313307642936707,False,False,0.0,0.0,0.0,[],0.0,0.0,0,0.0,0,2.9999999995311555e-06
aco_current,5,7168,75,16,1,9.0,145.0,154.0,0.77,0.9903671145439148,False,False,0.0,154.0,0.0,[],0.0,0.0,0,0.0,0,2.458000004423866e-06
aco_current,5,7168,75,16,2,0.0,0.0,0.0,0.0,0.09907747060060501,False,False,0.0,0.0,0.0,[],0.0,0.0,0,0.0,0,2.458000004423866e-06
aco_current,5,7168,75,16,3,0.0,0.0,0.0,0.0,0.43936213850975037,False,False,0.0,0.0,0.0,[],0.0,0.0,0,0.0,0,2.458000004423866e-06
aco_current,5,7168,75,16,4,0.0,0.0,0.0,0.0,0.20313307642936707,False,False,0.0,0.0,0.0,[],0.0,0.0,0,0.0,0,2.458000004423866e-06
aco_current,5,7169,75,16,1,8.0,154.0,162.0,0.81,0.9977720379829407,True,True,30.0,132.0,0.0,[1],10.0,10.0,1,10.0,0,0.009726790999998514
aco_current,5,7169,75,16,2,0.0,0.0,0.0,0.0,0.09907747060060501,False,False,0.0,0.0,0.0,[],10.0,10.0,1,10.0,0,0.009726790999998514
aco_current,5,7169,75,16,3,0.0,0.0,0.0,0.0,0.43936213850975037,False,False,0.0,0.0,0.0,[],10.0,10.0,1,10.0,0,0.009726790999998514
aco_current,5,7169,75,16,4,0.0,0.0,0.0,0.0,0.20313307642936707,False,False,0.0,0.0,0.0,[],10.0,10.0,1,10.0,0,0.009726790999998514
aco_current,5,7170,75,16,1,8.0,132.0,140.0,0.7,0.934654176235199,False,False,0.0,140.0,0.0,[],0.0,0.0,0,0.0,0,2.9580000031614873e-06
aco_current,5,7170,75,16,2,0.0,0.0,0.0,0.0,0.09907747060060501,False,False,0.0,0.0,0.0,[],0.0,0.0,0,0.0,0,2.9580000031614873e-06
aco_current,5,7170,75,16,3,0.0,0.0,0.0,0.0,0.43936213850975037,False,False,0.0,0.0,0.0,[],0.0,0.0,0,0.0,0,2.9580000031614873e-06
aco_current,5,7170,75,16,4,0.0,0.0,0.0,0.0,0.20313307642936707,False,False,0.0,0.0,0.0,[],0.0,0.0,0,0.0,0,2.9580000031614873e-06
aco_current,5,7171,75,16,1,8.0,140.0,148.0,0.74,0.9726372361183167,False,False,0.0,148.0,0.0,[],0.0,0.0,0,0.0,0,3.042000003006251e-06
aco_current,5,7171,75,16,2,0.0,0.0,0.0,0.0,0.09907747060060501,False,False,0.0,0.0,0.0,[],0.0,0.0,0,0.0,0,3.042000003006251e-06
aco_current,5,7171,75,16,3,0.0,0.0,0.0,0.0,0.43936213850975037,False,False,0.0,0.0,0.0,[],0.0,0.0,0,0.0,0,3.042000003006251e-06
aco_current,5,7171,75,16,4,0.0,0.0,0.0,0.0,0.20313307642936707,False,False,0.0,0.0,0.0,[],0.0,0.0,0,0.0,0,3.042000003006251e-06
aco_current,5,7172,75,17,1,9.0,148.0,157.0,0.785,0.9946613311767578,False,False,0.0,157.0,0.0,[],0.0,0.0,0,0.0,0,2.5410000006331757e-06
aco_current,5,7172,75,17,2,0.0,0.0,0.0,0.0,0.09907747060060501,False,False,0.0,0.0,0.0,[],0.0,0.0,0,0.0,0,2.5410000006331757e-06
aco_current,5,7172,75,17,3,0.0,0.0,0.0,0.0,0.43936213850975037,False,False,0.0,0.0,0.0,[],0.0,0.0,0,0.0,0,2.5410000006331757e-06
aco_current,5,7172,75,17,4,0.0,0.0,0.0,0.0,0.20313307642936707,False,False,0.0,0.0,0.0,[],0.0,0.0,0,0.0,0,2.5410000006331757e-06
aco_current,5,7173,75,17,1,8.0,157.0,165.0,0.825,0.9989327788352966,True,True,30.0,135.0,0.0,[1],10.0,10.0,1,10.0,0,0.010063500000001113
aco_current,5,7173,75,17,2,0.0,0.0,0.0,0.0,0.09907747060060501,False,False,0.0,0.0,0.0,[],10.0,10.0,1,10.0,0,0.010063500000001113
aco_current,5,7173,75,17,3,0.0,0.0,0.0,0.0,0.43936213850975037,False,False,0.0,0.0,0.0,[],10.0,10.0,1,10.0,0,0.010063500000001113
aco_current,5,7173,75,17,4,0.0,0.0,0.0,0.0,0.20313307642936707,False,False,0.0,0.0,0.0,[],10.0,10.0,1,10.0,0,0.010063500000001113
aco_current,5,7174,75,17,1,8.0,135.0,143.0,0.715,0.9537420272827148,False,False,0.0,143.0,0.0,[],0.0,0.0,0,0.0,0,8.917000002384157e-06
aco_current,5,7174,75,17,2,0.0,0.0,0.0,0.0,0.09907747060060501,False,False,0.0,0.0,0.0,[],0.0,0.0,0,0.0,0,8.917000002384157e-06
aco_current,5,7174,75,17,3,0.0,0.0,0.0,0.0,0.43936213850975037,False,False,0.0,0.0,0.0,[],0.0,0.0,0,0.0,0,8.917000002384157e-06
aco_current,5,7174,75,17,4,0.0,0.0,0.0,0.0,0.20313307642936707,False,False,0.0,0.0,0.0,[],0.0,0.0,0,0.0,0,8.917000002384157e-06
aco_current,5,7175,75,17,1,9.0,143.0,152.0,0.76,0.9875180125236511,False,False,0.0,152.0,0.0,[],0.0,0.0,0,0.0,0,2.375000001109129e-06
aco_current,5,7175,75,17,2,0.0,0.0,0.0,0.0,0.09907747060060501,False,False,0.0,0.0,0.0,[],0.0,0.0,0,0.0,0,2.375000001109129e-06
aco_current,5,7175,75,17,3,0.0,0.0,0.0,0.0,0.43936213850975037,False,False,0.0,0.0,0.0,[],0.0,0.0,0,0.0,0,2.375000001109129e-06
aco_current,5,7175,75,17,4,0.0,0.0,0.0,0.0,0.20313307642936707,False,False,0.0,0.0,0.0,[],0.0,0.0,0,0.0,0,2.375000001109129e-06
aco_current,5,7176,75,18,1,8.0,152.0,160.0,0.8,0.9962979555130005,True,True,30.0,130.0,0.0,[1],10.0,10.0,1,10.0,0,0.009704417000001797
aco_current,5,7176,75,18,2,0.0,0.0,0.0,0.0,0.09907747060060501,False,False,0.0,0.0,0.0,[],10.0,10.0,1,10.0,0,0.009704417000001797
aco_current,5,7176,75,18,3,0.0,0.0,0.0,0.0,0.43936213850975037,False,False,0.0,0.0,0.0,[],10.0,10.0,1,10.0,0,0.009704417000001797
aco_current,5,7176,75,18,4,0.0,0.0,0.0,0.0,0.20313307642936707,False,False,0.0,0.0,0.0,[],10.0,10.0,1,10.0,0,0.009704417000001797
aco_current,5,7177,75,18,1,8.0,130.0,138.0,0.69,0.9174279570579529,False,False,0.0,138.0,0.0,[],0.0,0.0,0,0.0,0,4.1249999966908035e-06
aco_current,5,7177,75,18,2,0.0,0.0,0.0,0.0,0.09907747060060501,False,False,0.0,0.0,0.0,[],0.0,0.0,0,0.0,0,4.1249999966908035e-06
aco_current,5,7177,75,18,3,0.0,0.0,0.0,0.0,0.43936213850975037,False,False,0.0,0.0,0.0,[],0.0,0.0,0,0.0,0,4.1249999966908035e-06
aco_current,5,7177,75,18,4,0.0,0.0,0.0,0.0,0.20313307642936707,False,False,0.0,0.0,0.0,[],0.0,0.0,0,0.0,0,4.1249999966908035e-06
aco_current,5,7178,75,18,1,8.0,138.0,146.0,0.73,0.9653825163841248,False,False,0.0,146.0,0.0,[],0.0,0.0,0,0.0,0,2.7079999966872492e-06
aco_current,5,7178,75,18,2,0.0,0.0,0.0,0.0,0.09907747060060501,False,False,0.0,0.0,0.0,[],0.0,0.0,0,0.0,0,2.7079999966872492e-06
aco_current,5,7178,75,18,3,0.0,0.0,0.0,0.0,0.43936213850975037,False,False,0.0,0.0,0.0,[],0.0,0.0,0,0.0,0,2.7079999966872492e-06
aco_current,5,7178,75,18,4,0.0,0.0,0.0,0.0,0.20313307642936707,False,False,0.0,0.0,0.0,[],0.0,0.0,0,0.0,0,2.7079999966872492e-06
aco_current,5,7179,75,18,1,9.0,146.0,155.0,0.775,0.9919095039367676,False,False,0.0,155.0,0.0,[],0.0,0.0,0,0.0,0,2.500000000793534e-06
aco_current,5,7179,75,18,2,0.0,0.0,0.0,0.0,0.09907747060060501,False,False,0.0,0.0,0.0,[],0.0,0.0,0,0.0,0,2.500000000793534e-06
aco_current,5,7179,75,18,3,0.0,0.0,0.0,0.0,0.43936213850975037,False,False,0.0,0.0,0.0,[],0.0,0.0,0,0.0,0,2.500000000793534e-06
aco_current,5,7179,75,18,4,0.0,0.0,0.0,0.0,0.20313307642936707,False,False,0.0,0.0,0.0,[],0.0,0.0,0,0.0,0,2.500000000793534e-06
aco_current,5,7180,75,19,1,8.0,155.0,163.0,0.815,0.9982644319534302,True,True,30.0,133.0,0.0,[1],10.0,10.0,1,10.0,0,0.009823791000002302
aco_current,5,7180,75,19,2,0.0,0.0,0.0,0.0,0.09907747060060501,False,False,0.0,0.0,0.0,[],10.0,10.0,1,10.0,0,0.009823791000002302
aco_current,5,7180,75,19,3,0.0,0.0,0.0,0.0,0.43936213850975037,False,False,0.0,0.0,0.0,[],10.0,10.0,1,10.0,0,0.009823791000002302
aco_current,5,7180,75,19,4,0.0,0.0,0.0,0.0,0.20313307642936707,False,False,0.0,0.0,0.0,[],10.0,10.0,1,10.0,0,0.009823791000002302
aco_current,5,7181,75,19,1,8.0,133.0,141.0,0.705,0.9417634606361389,False,False,0.0,141.0,0.0,[],0.0,0.0,0,0.0,0,3.042000003006251e-06
aco_current,5,7181,75,19,2,0.0,0.0,0.0,0.0,0.09907747060060501,False,False,0.0,0.0,0.0,[],0.0,0.0,0,0.0,0,3.042000003006251e-06
aco_current,5,7181,75,19,3,0.0,0.0,0.0,0.0,0.43936213850975037,False,False,0.0,0.0,0.0,[],0.0,0.0,0,0.0,0,3.042000003006251e-06
aco_current,5,7181,75,19,4,0.0,0.0,0.0,0.0,0.20313307642936707,False,False,0.0,0.0,0.0,[],0.0,0.0,0,0.0,0,3.042000003006251e-06
aco_current,5,7182,75,19,1,8.0,141.0,149.0,0.745,0.9756917953491211,False,False,0.0,149.0,0.0,[],0.0,0.0,0,0.0,0,2.8340000000071086e-06
aco_current,5,7182,75,19,2,0.0,0.0,0.0,0.0,0.09907747060060501,False,False,0.0,0.0,0.0,[],0.0,0.0,0,0.0,0,2.8340000000071086e-06
aco_current,5,7182,75,19,3,0.0,0.0,0.0,0.0,0.43936213850975037,False,False,0.0,0.0,0.0,[],0.0,0.0,0,0.0,0,2.8340000000071086e-06
aco_current,5,7182,75,19,4,0.0,0.0,0.0,0.0,0.20313307642936707,False,False,0.0,0.0,0.0,[],0.0,0.0,0,0.0,0,2.8340000000071086e-06
aco_current,5,7183,75,19,1,9.0,149.0,158.0,0.79,0.9956653118133545,False,False,0.0,158.0,0.0,[],0.0,0.0,0,0.0,0,2.4170000045842244e-06
aco_current,5,7183,75,19,2,0.0,0.0,0.0,0.0,0.09907747060060501,False,False,0.0,0.0,0.0,[],0.0,0.0,0,0.0,0,2.4170000045842244e-06
aco_current,5,7183,75,19,3,0.0,0.0,0.0,0.0,0.43936213850975037,False,False,0.0,0.0,0.0,[],0.0,0.0,0,0.0,0,2.4170000045842244e-06
aco_current,5,7183,75,19,4,0.0,0.0,0.0,0.0,0.20313307642936707,False,False,0.0,0.0,0.0,[],0.0,0.0,0,0.0,0,2.4170000045842244e-06
aco_current,5,7184,75,20,1,8.0,158.0,166.0,0.83,0.9991621375083923,True,True,30.0,136.0,0.0,[1],10.0,10.0,1,10.0,0,0.009866457999997635
aco_current,5,7184,75,20,2,0.0,0.0,0.0,0.0,0.09907747060060501,False,False,0.0,0.0,0.0,[],10.0,10.0,1,10.0,0,0.009866457999997635
aco_current,5,7184,75,20,3,0.0,0.0,0.0,0.0,0.43936213850975037,False,False,0.0,0.0,0.0,[],10.0,10.0,1,10.0,0,0.009866457999997635
aco_current,5,7184,75,20,4,0.0,0.0,0.0,0.0,0.20313307642936707,False,False,0.0,0.0,0.0,[],10.0,10.0,1,10.0,0,0.009866457999997635
aco_current,5,7185,75,20,1,8.0,136.0,144.0,0.72,0.9582875370979309,False,False,0.0,144.0,0.0,[],0.0,0.0,0,0.0,0,3.833000000952325e-06
aco_current,5,7185,75,20,2,0.0,0.0,0.0,0.0,0.09907747060060501,False,False,0.0,0.0,0.0,[],0.0,0.0,0,0.0,0,3.833000000952325e-06
aco_current,5,7185,75,20,3,0.0,0.0,0.0,0.0,0.43936213850975037,False,False,0.0,0.0,0.0,[],0.0,0.0,0,0.0,0,3.833000000952325e-06
aco_current,5,7185,75,20,4,0.0,0.0,0.0,0.0,0.20313307642936707,False,False,0.0,0.0,0.0,[],0.0,0.0,0,0.0,0,3.833000000952325e-06
aco_current,5,7186,75,20,1,8.0,144.0,152.0,0.76,0.9829912185668945,False,False,0.0,152.0,0.0,[],0.0,0.0,0,0.0,0,2.1670000052154137e-06
aco_current,5,7186,75,20,2,0.0,0.0,0.0,0.0,0.09907747060060501,False,False,0.0,0.0,0.0,[],0.0,0.0,0,0.0,0,2.1670000052154137e-06
aco_current,5,7186,75,20,3,0.0,0.0,0.0,0.0,0.43936213850975037,False,False,0.0,0.0,0.0,[],0.0,0.0,0,0.0,0,2.1670000052154137e-06
aco_current,5,7186,75,20,4,0.0,0.0,0.0,0.0,0.20313307642936707,False,False,0.0,0.0,0.0,[],0.0,0.0,0,0.0,0,2.1670000052154137e-06
aco_current,5,7187,75,20,1,9.0,152.0,161.0,0.805,0.9978586435317993,True,True,30.0,131.0,0.0,[1],10.0,10.0,1,10.0,0,0.009483833000004438
aco_current,5,7187,75,20,2,0.0,0.0,0.0,0.0,0.09907747060060501,False,False,0.0,0.0,0.0,[],10.0,10.0,1,10.0,0,0.009483833000004438
aco_current,5,7187,75,20,3,0.0,0.0,0.0,0.0,0.43936213850975037,False,False,0.0,0.0,0.0,[],10.0,10.0,1,10.0,0,0.009483833000004438
aco_current,5,7187,75,20,4,0.0,0.0,0.0,0.0,0.20313307642936707,False,False,0.0,0.0,0.0,[],10.0,10.0,1,10.0,0,0.009483833000004438
aco_current,5,7188,75,21,1,5.0,131.0,136.0,0.68,0.610614001750946,False,False,0.0,136.0,0.0,[],0.0,0.0,0,0.0,0,3.708999997797946e-06
aco_current,5,7188,75,21,2,0.0,0.0,0.0,0.0,0.09907747060060501,False,False,0.0,0.0,0.0,[],0.0,0.0,0,0.0,0,3.708999997797946e-06
aco_current,5,7188,75,21,3,0.0,0.0,0.0,0.0,0.43936213850975037,False,False,0.0,0.0,0.0,[],0.0,0.0,0,0.0,0,3.708999997797946e-06
aco_current,5,7188,75,21,4,0.0,0.0,0.0,0.0,0.20313307642936707,False,False,0.0,0.0,0.0,[],0.0,0.0,0,0.0,0,3.708999997797946e-06
aco_current,5,7189,75,21,1,0.0,136.0,136.0,0.68,0.19443385303020477,False,False,0.0,136.0,0.0,[],0.0,0.0,0,0.0,0,2.125000001740318e-06
aco_current,5,7189,75,21,2,0.0,0.0,0.0,0.0,0.09907747060060501,False,False,0.0,0.0,0.0,[],0.0,0.0,0,0.0,0,2.125000001740318e-06
aco_current,5,7189,75,21,3,0.0,0.0,0.0,0.0,0.43936213850975037,False,False,0.0,0.0,0.0,[],0.0,0.0,0,0.0,0,2.125000001740318e-06
aco_current,5,7189,75,21,4,0.0,0.0,0.0,0.0,0.20313307642936707,False,False,0.0,0.0,0.0,[],0.0,0.0,0,0.0,0,2.125000001740318e-06
aco_current,5,7190,75,21,1,0.0,136.0,136.0,0.68,0.2580380141735077,False,False,0.0,136.0,0.0,[],0.0,0.0,0,0.0,0,2.2500000014247235e-06
aco_current,5,7190,75,21,2,0.0,0.0,0.0,0.0,0.09907747060060501,False,False,0.0,0.0,0.0,[],0.0,0.0,0,0.0,0,2.2500000014247235e-06
aco_current,5,7190,75,21,3,0.0,0.0,0.0,0.0,0.43936213850975037,False,False,0.0,0.0,0.0,[],0.0,0.0,0,0.0,0,2.2500000014247235e-06
aco_current,5,7190,75,21,4,0.0,0.0,0.0,0.0,0.20313307642936707,False,False,0.0,0.0,0.0,[],0.0,0.0,0,0.0,0,2.2500000014247235e-06
aco_current,5,7191,75,21,1,0.0,136.0,136.0,0.68,0.35445088148117065,False,False,0.0,136.0,0.0,[],0.0,0.0,0,0.0,0,2.584000000638298e-06
aco_current,5,7191,75,21,2,0.0,0.0,0.0,0.0,0.09907747060060501,False,False,0.0,0.0,0.0,[],0.0,0.0,0,0.0,0,2.584000000638298e-06
aco_current,5,7191,75,21,3,0.0,0.0,0.0,0.0,0.43936213850975037,False,False,0.0,0.0,0.0,[],0.0,0.0,0,0.0,0,2.584000000638298e-06
aco_current,5,7191,75,21,4,0.0,0.0,0.0,0.0,0.20313307642936707,False,False,0.0,0.0,0.0,[],0.0,0.0,0,0.0,0,2.584000000638298e-06
aco_current,5,7192,75,22,1,0.0,136.0,136.0,0.68,0.395790696144104,False,False,0.0,136.0,0.0,[],0.0,0.0,0,0.0,0,1.8750000023715074e-06
aco_current,5,7192,75,22,2,0.0,0.0,0.0,0.0,0.09907747060060501,False,False,0.0,0.0,0.0,[],0.0,0.0,0,0.0,0,1.8750000023715074e-06
aco_current,5,7192,75,22,3,0.0,0.0,0.0,0.0,0.43936213850975037,False,False,0.0,0.0,0.0,[],0.0,0.0,0,0.0,0,1.8750000023715074e-06
aco_current,5,7192,75,22,4,0.0,0.0,0.0,0.0,0.20313307642936707,False,False,0.0,0.0,0.0,[],0.0,0.0,0,0.0,0,1.8750000023715074e-06
aco_current,5,7193,75,22,1,0.0,136.0,136.0,0.68,0.395790696144104,False,False,0.0,136.0,0.0,[],0.0,0.0,0,0.0,0,2.7090000003227033e-06
aco_current,5,7193,75,22,2,0.0,0.0,0.0,0.0,0.09907747060060501,False,False,0.0,0.0,0.0,[],0.0,0.0,0,0.0,0,2.7090000003227033e-06
aco_current,5,7193,75,22,3,0.0,0.0,0.0,0.0,0.43936213850975037,False,False,0.0,0.0,0.0,[],0.0,0.0,0,0.0,0,2.7090000003227033e-06
aco_current,5,7193,75,22,4,0.0,0.0,0.0,0.0,0.20313307642936707,False,False,0.0,0.0,0.0,[],0.0,0.0,0,0.0,0,2.7090000003227033e-06
aco_current,5,7194,75,22,1,0.0,136.0,136.0,0.68,0.395790696144104,False,False,0.0,136.0,0.0,[],0.0,0.0,0,0.0,0,1.87499999526608e-06
aco_current,5,7194,75,22,2,0.0,0.0,0.0,0.0,0.09907747060060501,False,False,0.0,0.0,0.0,[],0.0,0.0,0,0.0,0,1.87499999526608e-06
aco_current,5,7194,75,22,3,0.0,0.0,0.0,0.0,0.43936213850975037,False,False,0.0,0.0,0.0,[],0.0,0.0,0,0.0,0,1.87499999526608e-06
aco_current,5,7194,75,22,4,0.0,0.0,0.0,0.0,0.20313307642936707,False,False,0.0,0.0,0.0,[],0.0,0.0,0,0.0,0,1.87499999526608e-06
aco_current,5,7195,75,22,1,0.0,136.0,136.0,0.68,0.395790696144104,False,False,0.0,136.0,0.0,[],0.0,0.0,0,0.0,0,1.957999998580817e-06
aco_current,5,7195,75,22,2,0.0,0.0,0.0,0.0,0.09907747060060501,False,False,0.0,0.0,0.0,[],0.0,0.0,0,0.0,0,1.957999998580817e-06
aco_current,5,7195,75,22,3,0.0,0.0,0.0,0.0,0.43936213850975037,False,False,0.0,0.0,0.0,[],0.0,0.0,0,0.0,0,1.957999998580817e-06
aco_current,5,7195,75,22,4,0.0,0.0,0.0,0.0,0.20313307642936707,False,False,0.0,0.0,0.0,[],0.0,0.0,0,0.0,0,1.957999998580817e-06
aco_current,5,7196,75,23,1,0.0,136.0,136.0,0.68,0.395790696144104,False,False,0.0,136.0,0.0,[],0.0,0.0,0,0.0,0,3.5839999981135406e-06
aco_current,5,7196,75,23,2,0.0,0.0,0.0,0.0,0.09907747060060501,False,False,0.0,0.0,0.0,[],0.0,0.0,0,0.0,0,3.5839999981135406e-06
aco_current,5,7196,75,23,3,0.0,0.0,0.0,0.0,0.43936213850975037,False,False,0.0,0.0,0.0,[],0.0,0.0,0,0.0,0,3.5839999981135406e-06
aco_current,5,7196,75,23,4,0.0,0.0,0.0,0.0,0.20313307642936707,False,False,0.0,0.0,0.0,[],0.0,0.0,0,0.0,0,3.5839999981135406e-06
aco_current,5,7197,75,23,1,0.0,136.0,136.0,0.68,0.395790696144104,False,False,0.0,136.0,0.0,[],0.0,0.0,0,0.0,0,1.8750000023715074e-06
aco_current,5,7197,75,23,2,0.0,0.0,0.0,0.0,0.09907747060060501,False,False,0.0,0.0,0.0,[],0.0,0.0,0,0.0,0,1.8750000023715074e-06
aco_current,5,7197,75,23,3,0.0,0.0,0.0,0.0,0.43936213850975037,False,False,0.0,0.0,0.0,[],0.0,0.0,0,0.0,0,1.8750000023715074e-06
aco_current,5,7197,75,23,4,0.0,0.0,0.0,0.0,0.20313307642936707,False,False,0.0,0.0,0.0,[],0.0,0.0,0,0.0,0,1.8750000023715074e-06
aco_current,5,7198,75,23,1,0.0,136.0,136.0,0.68,0.395790696144104,False,False,0.0,136.0,0.0,[],0.0,0.0,0,0.0,0,1.8329999988964119e-06
aco_current,5,7198,75,23,2,0.0,0.0,0.0,0.0,0.09907747060060501,False,False,0.0,0.0,0.0,[],0.0,0.0,0,0.0,0,1.8329999988964119e-06
aco_current,5,7198,75,23,3,0.0,0.0,0.0,0.0,0.43936213850975037,False,False,0.0,0.0,0.0,[],0.0,0.0,0,0.0,0,1.8329999988964119e-06
aco_current,5,7198,75,23,4,0.0,0.0,0.0,0.0,0.20313307642936707,False,False,0.0,0.0,0.0,[],0.0,0.0,0,0.0,0,1.8329999988964119e-06
aco_current,5,7199,75,23,1,0.0,136.0,136.0,0.68,0.395790696144104,False,False,0.0,136.0,0.0,[],0.0,0.0,0,0.0,0,2.500000000793534e-06
aco_current,5,7199,75,23,2,0.0,0.0,0.0,0.0,0.09907747060060501,False,False,0.0,0.0,0.0,[],0.0,0.0,0,0.0,0,2.500000000793534e-06
aco_current,5,7199,75,23,3,0.0,0.0,0.0,0.0,0.43936213850975037,False,False,0.0,0.0,0.0,[],0.0,0.0,0,0.0,0,2.500000000793534e-06
aco_current,5,7199,75,23,4,0.0,0.0,0.0,0.0,0.20313307642936707,False,False,0.0,0.0,0.0,[],0.0,0.0,0,0.0,0,2.500000000793534e-06
aco_current,5,7200,76,0,1,20.0,136.0,156.0,0.78,0.9998238682746887,False,False,0.0,156.0,0.0,[],0.0,0.0,0,0.0,0,1.9999999949504854e-06
aco_current,5,7200,76,0,2,0.0,0.0,0.0,0.0,0.09907747060060501,False,False,0.0,0.0,0.0,[],0.0,0.0,0,0.0,0,1.9999999949504854e-06
aco_current,5,7200,76,0,3,0.0,0.0,0.0,0.0,0.43936213850975037,False,False,0.0,0.0,0.0,[],0.0,0.0,0,0.0,0,1.9999999949504854e-06
aco_current,5,7200,76,0,4,0.0,0.0,0.0,0.0,0.20313307642936707,False,False,0.0,0.0,0.0,[],0.0,0.0,0,0.0,0,1.9999999949504854e-06
aco_current,5,7201,76,0,1,18.0,156.0,174.0,0.87,0.9999956488609314,True,True,30.0,144.0,0.0,[1],10.0,10.0,1,10.0,0,0.009384916999998438
aco_current,5,7201,76,0,2,0.0,0.0,0.0,0.0,0.09907747060060501,False,False,0.0,0.0,0.0,[],10.0,10.0,1,10.0,0,0.009384916999998438
aco_current,5,7201,76,0,3,0.0,0.0,0.0,0.0,0.43936213850975037,False,False,0.0,0.0,0.0,[],10.0,10.0,1,10.0,0,0.009384916999998438
aco_current,5,7201,76,0,4,0.0,0.0,0.0,0.0,0.20313307642936707,False,False,0.0,0.0,0.0,[],10.0,10.0,1,10.0,0,0.009384916999998438
aco_current,5,7202,76,0,1,19.0,144.0,163.0,0.815,0.999958872795105,True,True,30.0,133.0,0.0,[1],10.0,10.0,1,10.0,0,0.009539958000004845
aco_current,5,7202,76,0,2,0.0,0.0,0.0,0.0,0.09907747060060501,False,False,0.0,0.0,0.0,[],10.0,10.0,1,10.0,0,0.009539958000004845
aco_current,5,7202,76,0,3,0.0,0.0,0.0,0.0,0.43936213850975037,False,False,0.0,0.0,0.0,[],10.0,10.0,1,10.0,0,0.009539958000004845
aco_current,5,7202,76,0,4,0.0,0.0,0.0,0.0,0.20313307642936707,False,False,0.0,0.0,0.0,[],10.0,10.0,1,10.0,0,0.009539958000004845
aco_current,5,7203,76,0,1,18.0,133.0,151.0,0.755,0.9992603063583374,False,False,0.0,151.0,0.0,[],0.0,0.0,0,0.0,0,2.7920000036374404e-06
aco_current,5,7203,76,0,2,0.0,0.0,0.0,0.0,0.09907747060060501,False,False,0.0,0.0,0.0,[],0.0,0.0,0,0.0,0,2.7920000036374404e-06
aco_current,5,7203,76,0,3,0.0,0.0,0.0,0.0,0.43936213850975037,False,False,0.0,0.0,0.0,[],0.0,0.0,0,0.0,0,2.7920000036374404e-06
aco_current,5,7203,76,0,4,0.0,0.0,0.0,0.0,0.20313307642936707,False,False,0.0,0.0,0.0,[],0.0,0.0,0,0.0,0,2.7920000036374404e-06
aco_current,5,7204,76,1,1,18.0,151.0,169.0,0.845,0.9999886155128479,True,True,30.0,139.0,0.0,[1],10.0,10.0,1,10.0,0,0.009538416000005157
aco_current,5,7204,76,1,2,0.0,0.0,0.0,0.0,0.09907747060060501,False,False,0.0,0.0,0.0,[],10.0,10.0,1,10.0,0,0.009538416000005157
aco_current,5,7204,76,1,3,0.0,0.0,0.0,0.0,0.43936213850975037,False,False,0.0,0.0,0.0,[],10.0,10.0,1,10.0,0,0.009538416000005157
aco_current,5,7204,76,1,4,0.0,0.0,0.0,0.0,0.20313307642936707,False,False,0.0,0.0,0.0,[],10.0,10.0,1,10.0,0,0.009538416000005157
aco_current,5,7205,76,1,1,19.0,139.0,158.0,0.79,0.9998663067817688,False,False,0.0,158.0,0.0,[],0.0,0.0,0,0.0,0,2.0840000019006766e-06
aco_current,5,7205,76,1,2,0.0,0.0,0.0,0.0,0.09907747060060501,False,False,0.0,0.0,0.0,[],0.0,0.0,0,0.0,0,2.0840000019006766e-06
aco_current,5,7205,76,1,3,0.0,0.0,0.0,0.0,0.43936213850975037,False,False,0.0,0.0,0.0,[],0.0,0.0,0,0.0,0,2.0840000019006766e-06
aco_current,5,7205,76,1,4,0.0,0.0,0.0,0.0,0.20313307642936707,False,False,0.0,0.0,0.0,[],0.0,0.0,0,0.0,0,2.0840000019006766e-06
aco_current,5,7206,76,1,1,35.0,158.0,193.0,0.965,1.0,True,True,30.0,163.0,0.0,[1],10.0,10.0,1,10.0,0,0.009507749999997372
aco_current,5,7206,76,1,2,0.0,0.0,0.0,0.0,0.09907747060060501,False,False,0.0,0.0,0.0,[],10.0,10.0,1,10.0,0,0.009507749999997372
aco_current,5,7206,76,1,3,0.0,0.0,0.0,0.0,0.43936213850975037,False,False,0.0,0.0,0.0,[],10.0,10.0,1,10.0,0,0.009507749999997372
aco_current,5,7206,76,1,4,0.0,0.0,0.0,0.0,0.20313307642936707,False,False,0.0,0.0,0.0,[],10.0,10.0,1,10.0,0,0.009507749999997372
aco_current,5,7207,76,1,1,36.0,163.0,199.0,0.995,1.0,True,True,30.0,169.0,0.0,[1],10.0,10.0,1,10.0,0,0.00948558300000002
aco_current,5,7207,76,1,2,0.0,0.0,0.0,0.0,0.09907747060060501,False,False,0.0,0.0,0.0,[],10.0,10.0,1,10.0,0,0.00948558300000002
aco_current,5,7207,76,1,3,0.0,0.0,0.0,0.0,0.43936213850975037,False,False,0.0,0.0,0.0,[],10.0,10.0,1,10.0,0,0.00948558300000002
aco_current,5,7207,76,1,4,0.0,0.0,0.0,0.0,0.20313307642936707,False,False,0.0,0.0,0.0,[],10.0,10.0,1,10.0,0,0.00948558300000002
aco_current,5,7208,76,2,1,35.0,169.0,204.0,1.02,1.0,True,True,30.0,174.0,0.0,[1],10.0,10.0,1,10.0,0,0.009709708999999123
aco_current,5,7208,76,2,2,0.0,0.0,0.0,0.0,0.09907747060060501,False,False,0.0,0.0,0.0,[],10.0,10.0,1,10.0,0,0.009709708999999123
aco_current,5,7208,76,2,3,0.0,0.0,0.0,0.0,0.43936213850975037,False,False,0.0,0.0,0.0,[],10.0,10.0,1,10.0,0,0.009709708999999123
aco_current,5,7208,76,2,4,0.0,0.0,0.0,0.0,0.20313307642936707,False,False,0.0,0.0,0.0,[],10.0,10.0,1,10.0,0,0.009709708999999123
aco_current,5,7209,76,2,1,36.0,174.0,210.0,1.05,1.0,True,True,30.0,180.0,0.0,[1],10.0,10.0,1,10.0,0,0.009567124999996679
aco_current,5,7209,76,2,2,0.0,0.0,0.0,0.0,0.09907747060060501,False,False,0.0,0.0,0.0,[],10.0,10.0,1,10.0,0,0.009567124999996679
aco_current,5,7209,76,2,3,0.0,0.0,0.0,0.0,0.43936213850975037,False,False,0.0,0.0,0.0,[],10.0,10.0,1,10.0,0,0.009567124999996679
aco_current,5,7209,76,2,4,0.0,0.0,0.0,0.0,0.20313307642936707,False,False,0.0,0.0,0.0,[],10.0,10.0,1,10.0,0,0.009567124999996679
aco_current,5,7210,76,2,1,36.0,180.0,216.0,1.08,1.0,True,True,30.0,186.0,0.0,[1],10.0,10.0,1,10.0,0,0.009653624999998556
aco_current,5,7210,76,2,2,0.0,0.0,0.0,0.0,0.09907747060060501,False,False,0.0,0.0,0.0,[],10.0,10.0,1,10.0,0,0.009653624999998556
aco_current,5,7210,76,2,3,0.0,0.0,0.0,0.0,0.43936213850975037,False,False,0.0,0.0,0.0,[],10.0,10.0,1,10.0,0,0.009653624999998556
aco_current,5,7210,76,2,4,0.0,0.0,0.0,0.0,0.20313307642936707,False,False,0.0,0.0,0.0,[],10.0,10.0,1,10.0,0,0.009653624999998556
aco_current,5,7211,76,2,1,34.0,186.0,220.0,1.1,1.0,True,True,30.0,190.0,0.0,[1],10.0,10.0,1,10.0,0,0.009298459000000037
aco_current,5,7211,76,2,2,0.0,0.0,0.0,0.0,0.09907747060060501,False,False,0.0,0.0,0.0,[],10.0,10.0,1,10.0,0,0.009298459000000037
aco_current,5,7211,76,2,3,0.0,0.0,0.0,0.0,0.43936213850975037,False,False,0.0,0.0,0.0,[],10.0,10.0,1,10.0,0,0.009298459000000037
aco_current,5,7211,76,2,4,0.0,0.0,0.0,0.0,0.20313307642936707,False,False,0.0,0.0,0.0,[],10.0,10.0,1,10.0,0,0.009298459000000037
aco_current,5,7212,76,3,1,36.0,190.0,226.0,1.13,1.0,True,True,30.0,196.0,0.0,[1],10.0,10.0,1,10.0,0,0.009625374999998826
aco_current,5,7212,76,3,2,0.0,0.0,0.0,0.0,0.09907747060060501,False,False,0.0,0.0,0.0,[],10.0,10.0,1,10.0,0,0.009625374999998826
aco_current,5,7212,76,3,3,0.0,0.0,0.0,0.0,0.43936213850975037,False,False,0.0,0.0,0.0,[],10.0,10.0,1,10.0,0,0.009625374999998826
aco_current,5,7212,76,3,4,0.0,0.0,0.0,0.0,0.20313307642936707,False,False,0.0,0.0,0.0,[],10.0,10.0,1,10.0,0,0.009625374999998826
aco_current,5,7213,76,3,1,36.0,196.0,232.0,1.16,1.0,True,True,30.0,200.0,2.0,[1],10.0,10.0,1,10.0,0,0.009575083000001428
aco_current,5,7213,76,3,2,0.0,0.0,0.0,0.0,0.09907747060060501,False,False,0.0,0.0,0.0,[],10.0,10.0,1,10.0,0,0.009575083000001428
aco_current,5,7213,76,3,3,0.0,0.0,0.0,0.0,0.43936213850975037,False,False,0.0,0.0,0.0,[],10.0,10.0,1,10.0,0,0.009575083000001428
aco_current,5,7213,76,3,4,0.0,0.0,0.0,0.0,0.20313307642936707,False,False,0.0,0.0,0.0,[],10.0,10.0,1,10.0,0,0.009575083000001428
aco_current,5,7214,76,3,1,37.0,200.0,237.0,1.185,1.0,True,True,30.0,200.0,7.0,[1],10.0,10.0,1,10.0,0,0.009522083999996767
aco_current,5,7214,76,3,2,0.0,0.0,0.0,0.0,0.09907747060060501,False,False,0.0,0.0,0.0,[],10.0,10.0,1,10.0,0,0.009522083999996767
aco_current,5,7214,76,3,3,0.0,0.0,0.0,0.0,0.43936213850975037,False,False,0.0,0.0,0.0,[],10.0,10.0,1,10.0,0,0.009522083999996767
aco_current,5,7214,76,3,4,0.0,0.0,0.0,0.0,0.20313307642936707,False,False,0.0,0.0,0.0,[],10.0,10.0,1,10.0,0,0.009522083999996767
aco_current,5,7215,76,3,1,37.0,200.0,237.0,1.185,1.0,True,True,30.0,200.0,7.0,[1],10.0,10.0,1,10.0,0,0.009446249999996326
aco_current,5,7215,76,3,2,0.0,0.0,0.0,0.0,0.09907747060060501,False,False,0.0,0.0,0.0,[],10.0,10.0,1,10.0,0,0.009446249999996326
aco_current,5,7215,76,3,3,0.0,0.0,0.0,0.0,0.43936213850975037,False,False,0.0,0.0,0.0,[],10.0,10.0,1,10.0,0,0.009446249999996326
aco_current,5,7215,76,3,4,0.0,0.0,0.0,0.0,0.20313307642936707,False,False,0.0,0.0,0.0,[],10.0,10.0,1,10.0,0,0.009446249999996326
aco_current,5,7216,76,4,1,37.0,200.0,237.0,1.185,1.0,True,True,30.0,200.0,7.0,[1],10.0,10.0,1,10.0,0,0.009409874999995793
aco_current,5,7216,76,4,2,0.0,0.0,0.0,0.0,0.09907747060060501,False,False,0.0,0.0,0.0,[],10.0,10.0,1,10.0,0,0.009409874999995793
aco_current,5,7216,76,4,3,0.0,0.0,0.0,0.0,0.43936213850975037,False,False,0.0,0.0,0.0,[],10.0,10.0,1,10.0,0,0.009409874999995793
aco_current,5,7216,76,4,4,0.0,0.0,0.0,0.0,0.20313307642936707,False,False,0.0,0.0,0.0,[],10.0,10.0,1,10.0,0,0.009409874999995793
aco_current,5,7217,76,4,1,38.0,200.0,238.0,1.19,1.0,True,True,30.0,200.0,8.0,[1],10.0,10.0,1,10.0,0,0.009409500000003845
aco_current,5,7217,76,4,2,0.0,0.0,0.0,0.0,0.09907747060060501,False,False,0.0,0.0,0.0,[],10.0,10.0,1,10.0,0,0.009409500000003845
aco_current,5,7217,76,4,3,0.0,0.0,0.0,0.0,0.43936213850975037,False,False,0.0,0.0,0.0,[],10.0,10.0,1,10.0,0,0.009409500000003845
aco_current,5,7217,76,4,4,0.0,0.0,0.0,0.0,0.20313307642936707,False,False,0.0,0.0,0.0,[],10.0,10.0,1,10.0,0,0.009409500000003845
aco_current,5,7218,76,4,1,49.0,200.0,249.0,1.245,1.0,True,True,30.0,200.0,19.0,[1],10.0,10.0,1,10.0,0,0.009314332999998953
aco_current,5,7218,76,4,2,0.0,0.0,0.0,0.0,0.09907747060060501,False,False,0.0,0.0,0.0,[],10.0,10.0,1,10.0,0,0.009314332999998953
aco_current,5,7218,76,4,3,0.0,0.0,0.0,0.0,0.43936213850975037,False,False,0.0,0.0,0.0,[],10.0,10.0,1,10.0,0,0.009314332999998953
aco_current,5,7218,76,4,4,0.0,0.0,0.0,0.0,0.20313307642936707,False,False,0.0,0.0,0.0,[],10.0,10.0,1,10.0,0,0.009314332999998953
aco_current,5,7219,76,4,1,52.0,200.0,252.0,1.26,1.0,True,True,30.0,200.0,22.0,[1],10.0,10.0,1,10.0,0,0.00964937500000218
aco_current,5,7219,76,4,2,0.0,0.0,0.0,0.0,0.09907747060060501,False,False,0.0,0.0,0.0,[],10.0,10.0,1,10.0,0,0.00964937500000218
aco_current,5,7219,76,4,3,0.0,0.0,0.0,0.0,0.43936213850975037,False,False,0.0,0.0,0.0,[],10.0,10.0,1,10.0,0,0.00964937500000218
aco_current,5,7219,76,4,4,0.0,0.0,0.0,0.0,0.20313307642936707,False,False,0.0,0.0,0.0,[],10.0,10.0,1,10.0,0,0.00964937500000218
aco_current,5,7220,76,5,1,59.0,200.0,259.0,1.295,1.0,True,True,30.0,200.0,29.0,[1],10.0,10.0,1,10.0,0,0.009465415999997617
aco_current,5,7220,76,5,2,0.0,0.0,0.0,0.0,0.09907747060060501,False,False,0.0,0.0,0.0,[],10.0,10.0,1,10.0,0,0.009465415999997617
aco_current,5,7220,76,5,3,0.0,0.0,0.0,0.0,0.43936213850975037,False,False,0.0,0.0,0.0,[],10.0,10.0,1,10.0,0,0.009465415999997617
aco_current,5,7220,76,5,4,0.0,0.0,0.0,0.0,0.20313307642936707,False,False,0.0,0.0,0.0,[],10.0,10.0,1,10.0,0,0.009465415999997617
aco_current,5,7221,76,5,1,56.0,200.0,256.0,1.28,1.0,True,True,30.0,200.0,26.0,[1],10.0,10.0,1,10.0,0,0.00948533300000065
aco_current,5,7221,76,5,2,0.0,0.0,0.0,0.0,0.09907747060060501,False,False,0.0,0.0,0.0,[],10.0,10.0,1,10.0,0,0.00948533300000065
aco_current,5,7221,76,5,3,0.0,0.0,0.0,0.0,0.43936213850975037,False,False,0.0,0.0,0.0,[],10.0,10.0,1,10.0,0,0.00948533300000065
aco_current,5,7221,76,5,4,0.0,0.0,0.0,0.0,0.20313307642936707,False,False,0.0,0.0,0.0,[],10.0,10.0,1,10.0,0,0.00948533300000065
aco_current,5,7222,76,5,1,64.0,200.0,264.0,1.32,1.0,True,True,30.0,200.0,34.0,[1],10.0,10.0,1,10.0,0,0.009347165999997742
aco_current,5,7222,76,5,2,0.0,0.0,0.0,0.0,0.09907747060060501,False,False,0.0,0.0,0.0,[],10.0,10.0,1,10.0,0,0.009347165999997742
aco_current,5,7222,76,5,3,0.0,0.0,0.0,0.0,0.43936213850975037,False,False,0.0,0.0,0.0,[],10.0,10.0,1,10.0,0,0.009347165999997742
aco_current,5,7222,76,5,4,0.0,0.0,0.0,0.0,0.20313307642936707,False,False,0.0,0.0,0.0,[],10.0,10.0,1,10.0,0,0.009347165999997742
aco_current,5,7223,76,5,1,84.0,200.0,284.0,1.42,1.0,True,True,30.0,200.0,54.0,[1],10.0,10.0,1,10.0,0,0.009499042000001623
aco_current,5,7223,76,5,2,0.0,0.0,0.0,0.0,0.09907747060060501,False,False,0.0,0.0,0.0,[],10.0,10.0,1,10.0,0,0.009499042000001623
aco_current,5,7223,76,5,3,0.0,0.0,0.0,0.0,0.43936213850975037,False,False,0.0,0.0,0.0,[],10.0,10.0,1,10.0,0,0.009499042000001623
aco_current,5,7223,76,5,4,0.0,0.0,0.0,0.0,0.20313307642936707,False,False,0.0,0.0,0.0,[],10.0,10.0,1,10.0,0,0.009499042000001623
aco_current,5,7224,76,6,1,86.0,200.0,286.0,1.43,1.0,True,True,30.0,200.0,56.0,[1],10.0,10.0,1,10.0,0,0.010332333000000915
aco_current,5,7224,76,6,2,0.0,0.0,0.0,0.0,0.09907747060060501,False,False,0.0,0.0,0.0,[],10.0,10.0,1,10.0,0,0.010332333000000915
aco_current,5,7224,76,6,3,0.0,0.0,0.0,0.0,0.43936213850975037,False,False,0.0,0.0,0.0,[],10.0,10.0,1,10.0,0,0.010332333000000915
aco_current,5,7224,76,6,4,0.0,0.0,0.0,0.0,0.20313307642936707,False,False,0.0,0.0,0.0,[],10.0,10.0,1,10.0,0,0.010332333000000915
aco_current,5,7225,76,6,1,78.0,200.0,278.0,1.39,1.0,True,True,30.0,200.0,48.0,[1],10.0,10.0,1,10.0,0,0.00945954199999477
aco_current,5,7225,76,6,2,0.0,0.0,0.0,0.0,0.09907747060060501,False,False,0.0,0.0,0.0,[],10.0,10.0,1,10.0,0,0.00945954199999477
aco_current,5,7225,76,6,3,0.0,0.0,0.0,0.0,0.43936213850975037,False,False,0.0,0.0,0.0,[],10.0,10.0,1,10.0,0,0.00945954199999477
aco_current,5,7225,76,6,4,0.0,0.0,0.0,0.0,0.20313307642936707,False,False,0.0,0.0,0.0,[],10.0,10.0,1,10.0,0,0.00945954199999477
aco_current,5,7226,76,6,1,66.0,200.0,266.0,1.33,1.0,True,True,30.0,200.0,36.0,[1],10.0,10.0,1,10.0,0,0.009645082999995225
aco_current,5,7226,76,6,2,0.0,0.0,0.0,0.0,0.09907747060060501,False,False,0.0,0.0,0.0,[],10.0,10.0,1,10.0,0,0.009645082999995225
aco_current,5,7226,76,6,3,0.0,0.0,0.0,0.0,0.43936213850975037,False,False,0.0,0.0,0.0,[],10.0,10.0,1,10.0,0,0.009645082999995225
aco_current,5,7226,76,6,4,0.0,0.0,0.0,0.0,0.20313307642936707,False,False,0.0,0.0,0.0,[],10.0,10.0,1,10.0,0,0.009645082999995225
aco_current,5,7227,76,6,1,59.0,200.0,259.0,1.295,1.0,True,True,30.0,200.0,29.0,[1],10.0,10.0,1,10.0,0,0.009587874999994028
aco_current,5,7227,76,6,2,0.0,0.0,0.0,0.0,0.09907747060060501,False,False,0.0,0.0,0.0,[],10.0,10.0,1,10.0,0,0.009587874999994028
aco_current,5,7227,76,6,3,0.0,0.0,0.0,0.0,0.43936213850975037,False,False,0.0,0.0,0.0,[],10.0,10.0,1,10.0,0,0.009587874999994028
aco_current,5,7227,76,6,4,0.0,0.0,0.0,0.0,0.20313307642936707,False,False,0.0,0.0,0.0,[],10.0,10.0,1,10.0,0,0.009587874999994028
aco_current,5,7228,76,7,1,54.0,200.0,254.0,1.27,1.0,True,True,30.0,200.0,24.0,[1],10.0,10.0,1,10.0,0,0.009736125000003426
aco_current,5,7228,76,7,2,0.0,0.0,0.0,0.0,0.09907747060060501,False,False,0.0,0.0,0.0,[],10.0,10.0,1,10.0,0,0.009736125000003426
aco_current,5,7228,76,7,3,0.0,0.0,0.0,0.0,0.43936213850975037,False,False,0.0,0.0,0.0,[],10.0,10.0,1,10.0,0,0.009736125000003426
aco_current,5,7228,76,7,4,0.0,0.0,0.0,0.0,0.20313307642936707,False,False,0.0,0.0,0.0,[],10.0,10.0,1,10.0,0,0.009736125000003426
aco_current,5,7229,76,7,1,56.0,200.0,256.0,1.28,1.0,True,True,30.0,200.0,26.0,[1],10.0,10.0,1,10.0,0,0.010202124999999285
aco_current,5,7229,76,7,2,0.0,0.0,0.0,0.0,0.09907747060060501,False,False,0.0,0.0,0.0,[],10.0,10.0,1,10.0,0,0.010202124999999285
aco_current,5,7229,76,7,3,0.0,0.0,0.0,0.0,0.43936213850975037,False,False,0.0,0.0,0.0,[],10.0,10.0,1,10.0,0,0.010202124999999285
aco_current,5,7229,76,7,4,0.0,0.0,0.0,0.0,0.20313307642936707,False,False,0.0,0.0,0.0,[],10.0,10.0,1,10.0,0,0.010202124999999285
aco_current,5,7230,76,7,1,54.0,200.0,254.0,1.27,1.0,True,True,30.0,200.0,24.0,[1],10.0,10.0,1,10.0,0,0.009440666999999792
aco_current,5,7230,76,7,2,0.0,0.0,0.0,0.0,0.09907747060060501,False,False,0.0,0.0,0.0,[],10.0,10.0,1,10.0,0,0.009440666999999792
aco_current,5,7230,76,7,3,0.0,0.0,0.0,0.0,0.43936213850975037,False,False,0.0,0.0,0.0,[],10.0,10.0,1,10.0,0,0.009440666999999792
aco_current,5,7230,76,7,4,0.0,0.0,0.0,0.0,0.20313307642936707,False,False,0.0,0.0,0.0,[],10.0,10.0,1,10.0,0,0.009440666999999792
aco_current,5,7231,76,7,1,54.0,200.0,254.0,1.27,1.0,True,True,30.0,200.0,24.0,[1],10.0,10.0,1,10.0,0,0.009536707999998839
aco_current,5,7231,76,7,2,0.0,0.0,0.0,0.0,0.09907747060060501,False,False,0.0,0.0,0.0,[],10.0,10.0,1,10.0,0,0.009536707999998839
aco_current,5,7231,76,7,3,0.0,0.0,0.0,0.0,0.43936213850975037,False,False,0.0,0.0,0.0,[],10.0,10.0,1,10.0,0,0.009536707999998839
aco_current,5,7231,76,7,4,0.0,0.0,0.0,0.0,0.20313307642936707,False,False,0.0,0.0,0.0,[],10.0,10.0,1,10.0,0,0.009536707999998839
aco_current,5,7232,76,8,1,57.0,200.0,257.0,1.285,1.0,True,True,30.0,200.0,27.0,[1],10.0,10.0,1,10.0,0,0.009668374999996843
aco_current,5,7232,76,8,2,0.0,0.0,0.0,0.0,0.09907747060060501,False,False,0.0,0.0,0.0,[],10.0,10.0,1,10.0,0,0.009668374999996843
aco_current,5,7232,76,8,3,0.0,0.0,0.0,0.0,0.43936213850975037,False,False,0.0,0.0,0.0,[],10.0,10.0,1,10.0,0,0.009668374999996843
aco_current,5,7232,76,8,4,0.0,0.0,0.0,0.0,0.20313307642936707,False,False,0.0,0.0,0.0,[],10.0,10.0,1,10.0,0,0.009668374999996843
aco_current,5,7233,76,8,1,55.0,200.0,255.0,1.275,1.0,True,True,30.0,200.0,25.0,[1],10.0,10.0,1,10.0,0,0.009462333000001877
aco_current,5,7233,76,8,2,0.0,0.0,0.0,0.0,0.09907747060060501,False,False,0.0,0.0,0.0,[],10.0,10.0,1,10.0,0,0.009462333000001877
aco_current,5,7233,76,8,3,0.0,0.0,0.0,0.0,0.43936213850975037,False,False,0.0,0.0,0.0,[],10.0,10.0,1,10.0,0,0.009462333000001877
aco_current,5,7233,76,8,4,0.0,0.0,0.0,0.0,0.20313307642936707,False,False,0.0,0.0,0.0,[],10.0,10.0,1,10.0,0,0.009462333000001877
aco_current,5,7234,76,8,1,54.0,200.0,254.0,1.27,1.0,True,True,30.0,200.0,24.0,[1],10.0,10.0,1,10.0,0,0.009868959000002064
aco_current,5,7234,76,8,2,0.0,0.0,0.0,0.0,0.09907747060060501,False,False,0.0,0.0,0.0,[],10.0,10.0,1,10.0,0,0.009868959000002064
aco_current,5,7234,76,8,3,0.0,0.0,0.0,0.0,0.43936213850975037,False,False,0.0,0.0,0.0,[],10.0,10.0,1,10.0,0,0.009868959000002064
aco_current,5,7234,76,8,4,0.0,0.0,0.0,0.0,0.20313307642936707,False,False,0.0,0.0,0.0,[],10.0,10.0,1,10.0,0,0.009868959000002064
aco_current,5,7235,76,8,1,55.0,200.0,255.0,1.275,1.0,True,True,30.0,200.0,25.0,[1],10.0,10.0,1,10.0,0,0.009748625000000288
aco_current,5,7235,76,8,2,0.0,0.0,0.0,0.0,0.09907747060060501,False,False,0.0,0.0,0.0,[],10.0,10.0,1,10.0,0,0.009748625000000288
aco_current,5,7235,76,8,3,0.0,0.0,0.0,0.0,0.43936213850975037,False,False,0.0,0.0,0.0,[],10.0,10.0,1,10.0,0,0.009748625000000288
aco_current,5,7235,76,8,4,0.0,0.0,0.0,0.0,0.20313307642936707,False,False,0.0,0.0,0.0,[],10.0,10.0,1,10.0,0,0.009748625000000288
aco_current,5,7236,76,9,1,50.0,200.0,250.0,1.25,1.0,True,True,30.0,200.0,20.0,[1],10.0,10.0,1,10.0,0,0.01016079200000064
aco_current,5,7236,76,9,2,0.0,0.0,0.0,0.0,0.09907747060060501,False,False,0.0,0.0,0.0,[],10.0,10.0,1,10.0,0,0.01016079200000064
aco_current,5,7236,76,9,3,0.0,0.0,0.0,0.0,0.43936213850975037,False,False,0.0,0.0,0.0,[],10.0,10.0,1,10.0,0,0.01016079200000064
aco_current,5,7236,76,9,4,0.0,0.0,0.0,0.0,0.20313307642936707,False,False,0.0,0.0,0.0,[],10.0,10.0,1,10.0,0,0.01016079200000064
aco_current,5,7237,76,9,1,45.0,200.0,245.0,1.225,1.0,True,True,30.0,200.0,15.0,[1],10.0,10.0,1,10.0,0,0.01016079200000064
aco_current,5,7237,76,9,2,0.0,0.0,0.0,0.0,0.09907747060060501,False,False,0.0,0.0,0.0,[],10.0,10.0,1,10.0,0,0.01016079200000064
aco_current,5,7237,76,9,3,0.0,0.0,0.0,0.0,0.43936213850975037,False,False,0.0,0.0,0.0,[],10.0,10.0,1,10.0,0,0.01016079200000064
aco_current,5,7237,76,9,4,0.0,0.0,0.0,0.0,0.20313307642936707,False,False,0.0,0.0,0.0,[],10.0,10.0,1,10.0,0,0.01016079200000064
aco_current,5,7238,76,9,1,45.0,200.0,245.0,1.225,1.0,True,True,30.0,200.0,15.0,[1],10.0,10.0,1,10.0,0,0.010319625000001054
aco_current,5,7238,76,9,2,0.0,0.0,0.0,0.0,0.09907747060060501,False,False,0.0,0.0,0.0,[],10.0,10.0,1,10.0,0,0.010319625000001054
aco_current,5,7238,76,9,3,0.0,0.0,0.0,0.0,0.43936213850975037,False,False,0.0,0.0,0.0,[],10.0,10.0,1,10.0,0,0.010319625000001054
aco_current,5,7238,76,9,4,0.0,0.0,0.0,0.0,0.20313307642936707,False,False,0.0,0.0,0.0,[],10.0,10.0,1,10.0,0,0.010319625000001054
aco_current,5,7239,76,9,1,38.0,200.0,238.0,1.19,1.0,True,True,30.0,200.0,8.0,[1],10.0,10.0,1,10.0,0,0.0101468330000003
aco_current,5,7239,76,9,2,0.0,0.0,0.0,0.0,0.09907747060060501,False,False,0.0,0.0,0.0,[],10.0,10.0,1,10.0,0,0.0101468330000003
aco_current,5,7239,76,9,3,0.0,0.0,0.0,0.0,0.43936213850975037,False,False,0.0,0.0,0.0,[],10.0,10.0,1,10.0,0,0.0101468330000003
aco_current,5,7239,76,9,4,0.0,0.0,0.0,0.0,0.20313307642936707,False,False,0.0,0.0,0.0,[],10.0,10.0,1,10.0,0,0.0101468330000003
aco_current,5,7240,76,10,1,32.0,200.0,232.0,1.16,1.0,True,True,30.0,200.0,2.0,[1],10.0,10.0,1,10.0,0,0.010089958999998316
aco_current,5,7240,76,10,2,0.0,0.0,0.0,0.0,0.09907747060060501,False,False,0.0,0.0,0.0,[],10.0,10.0,1,10.0,0,0.010089958999998316
aco_current,5,7240,76,10,3,0.0,0.0,0.0,0.0,0.43936213850975037,False,False,0.0,0.0,0.0,[],10.0,10.0,1,10.0,0,0.010089958999998316
aco_current,5,7240,76,10,4,0.0,0.0,0.0,0.0,0.20313307642936707,False,False,0.0,0.0,0.0,[],10.0,10.0,1,10.0,0,0.010089958999998316
aco_current,5,7241,76,10,1,24.0,200.0,224.0,1.12,1.0,True,True,30.0,194.0,0.0,[1],10.0,10.0,1,10.0,0,0.009911332999998024
aco_current,5,7241,76,10,2,0.0,0.0,0.0,0.0,0.09907747060060501,False,False,0.0,0.0,0.0,[],10.0,10.0,1,10.0,0,0.009911332999998024
aco_current,5,7241,76,10,3,0.0,0.0,0.0,0.0,0.43936213850975037,False,False,0.0,0.0,0.0,[],10.0,10.0,1,10.0,0,0.009911332999998024
aco_current,5,7241,76,10,4,0.0,0.0,0.0,0.0,0.20313307642936707,False,False,0.0,0.0,0.0,[],10.0,10.0,1,10.0,0,0.009911332999998024
aco_current,5,7242,76,10,1,20.0,194.0,214.0,1.07,1.0,True,True,30.0,184.0,0.0,[1],10.0,10.0,1,10.0,0,0.01038783399999943
aco_current,5,7242,76,10,2,0.0,0.0,0.0,0.0,0.09907747060060501,False,False,0.0,0.0,0.0,[],10.0,10.0,1,10.0,0,0.01038783399999943
aco_current,5,7242,76,10,3,0.0,0.0,0.0,0.0,0.43936213850975037,False,False,0.0,0.0,0.0,[],10.0,10.0,1,10.0,0,0.01038783399999943
aco_current,5,7242,76,10,4,0.0,0.0,0.0,0.0,0.20313307642936707,False,False,0.0,0.0,0.0,[],10.0,10.0,1,10.0,0,0.01038783399999943
aco_current,5,7243,76,10,1,20.0,184.0,204.0,1.02,1.0,True,True,30.0,174.0,0.0,[1],10.0,10.0,1,10.0,0,0.009192125000005547
aco_current,5,7243,76,10,2,0.0,0.0,0.0,0.0,0.09907747060060501,False,False,0.0,0.0,0.0,[],10.0,10.0,1,10.0,0,0.009192125000005547
aco_current,5,7243,76,10,3,0.0,0.0,0.0,0.0,0.43936213850975037,False,False,0.0,0.0,0.0,[],10.0,10.0,1,10.0,0,0.009192125000005547
aco_current,5,7243,76,10,4,0.0,0.0,0.0,0.0,0.20313307642936707,False,False,0.0,0.0,0.0,[],10.0,10.0,1,10.0,0,0.009192125000005547
aco_current,5,7244,76,11,1,21.0,174.0,195.0,0.975,1.0,True,True,30.0,165.0,0.0,[1],10.0,10.0,1,10.0,0,0.009584957999997812
aco_current,5,7244,76,11,2,0.0,0.0,0.0,0.0,0.09907747060060501,False,False,0.0,0.0,0.0,[],10.0,10.0,1,10.0,0,0.009584957999997812
aco_current,5,7244,76,11,3,0.0,0.0,0.0,0.0,0.43936213850975037,False,False,0.0,0.0,0.0,[],10.0,10.0,1,10.0,0,0.009584957999997812
aco_current,5,7244,76,11,4,0.0,0.0,0.0,0.0,0.20313307642936707,False,False,0.0,0.0,0.0,[],10.0,10.0,1,10.0,0,0.009584957999997812
aco_current,5,7245,76,11,1,20.0,165.0,185.0,0.925,0.9999999403953552,True,True,30.0,155.0,0.0,[1],10.0,10.0,1,10.0,0,0.009441000000002475
aco_current,5,7245,76,11,2,0.0,0.0,0.0,0.0,0.09907747060060501,False,False,0.0,0.0,0.0,[],10.0,10.0,1,10.0,0,0.009441000000002475
aco_current,5,7245,76,11,3,0.0,0.0,0.0,0.0,0.43936213850975037,False,False,0.0,0.0,0.0,[],10.0,10.0,1,10.0,0,0.009441000000002475
aco_current,5,7245,76,11,4,0.0,0.0,0.0,0.0,0.20313307642936707,False,False,0.0,0.0,0.0,[],10.0,10.0,1,10.0,0,0.009441000000002475
aco_current,5,7246,76,11,1,20.0,155.0,175.0,0.875,0.9999988675117493,True,True,30.0,145.0,0.0,[1],10.0,10.0,1,10.0,0,0.009486334000001762
aco_current,5,7246,76,11,2,0.0,0.0,0.0,0.0,0.09907747060060501,False,False,0.0,0.0,0.0,[],10.0,10.0,1,10.0,0,0.009486334000001762
aco_current,5,7246,76,11,3,0.0,0.0,0.0,0.0,0.43936213850975037,False,False,0.0,0.0,0.0,[],10.0,10.0,1,10.0,0,0.009486334000001762
aco_current,5,7246,76,11,4,0.0,0.0,0.0,0.0,0.20313307642936707,False,False,0.0,0.0,0.0,[],10.0,10.0,1,10.0,0,0.009486334000001762
aco_current,5,7247,76,11,1,21.0,145.0,166.0,0.83,0.9999917149543762,True,True,30.0,136.0,0.0,[1],10.0,10.0,1,10.0,0,0.009679124999998123
aco_current,5,7247,76,11,2,0.0,0.0,0.0,0.0,0.09907747060060501,False,False,0.0,0.0,0.0,[],10.0,10.0,1,10.0,0,0.009679124999998123
aco_current,5,7247,76,11,3,0.0,0.0,0.0,0.0,0.43936213850975037,False,False,0.0,0.0,0.0,[],10.0,10.0,1,10.0,0,0.009679124999998123
aco_current,5,7247,76,11,4,0.0,0.0,0.0,0.0,0.20313307642936707,False,False,0.0,0.0,0.0,[],10.0,10.0,1,10.0,0,0.009679124999998123
aco_current,5,7248,76,12,1,5.0,136.0,141.0,0.705,0.7073729038238525,False,False,0.0,141.0,0.0,[],0.0,0.0,0,0.0,0,3.1670000026906564e-06
aco_current,5,7248,76,12,2,0.0,0.0,0.0,0.0,0.09907747060060501,False,False,0.0,0.0,0.0,[],0.0,0.0,0,0.0,0,3.1670000026906564e-06
aco_current,5,7248,76,12,3,0.0,0.0,0.0,0.0,0.43936213850975037,False,False,0.0,0.0,0.0,[],0.0,0.0,0,0.0,0,3.1670000026906564e-06
aco_current,5,7248,76,12,4,0.0,0.0,0.0,0.0,0.20313307642936707,False,False,0.0,0.0,0.0,[],0.0,0.0,0,0.0,0,3.1670000026906564e-06
aco_current,5,7249,76,12,1,0.0,141.0,141.0,0.705,0.13837099075317383,False,False,0.0,141.0,0.0,[],0.0,0.0,0,0.0,0,3.2919999952696344e-06
aco_current,5,7249,76,12,2,0.0,0.0,0.0,0.0,0.09907747060060501,False,False,0.0,0.0,0.0,[],0.0,0.0,0,0.0,0,3.2919999952696344e-06
aco_current,5,7249,76,12,3,0.0,0.0,0.0,0.0,0.43936213850975037,False,False,0.0,0.0,0.0,[],0.0,0.0,0,0.0,0,3.2919999952696344e-06
aco_current,5,7249,76,12,4,0.0,0.0,0.0,0.0,0.20313307642936707,False,False,0.0,0.0,0.0,[],0.0,0.0,0,0.0,0,3.2919999952696344e-06
aco_current,5,7250,76,12,1,0.0,141.0,141.0,0.705,0.16554008424282074,False,False,0.0,141.0,0.0,[],0.0,0.0,0,0.0,0,3.708999997797946e-06
aco_current,5,7250,76,12,2,0.0,0.0,0.0,0.0,0.09907747060060501,False,False,0.0,0.0,0.0,[],0.0,0.0,0,0.0,0,3.708999997797946e-06
aco_current,5,7250,76,12,3,0.0,0.0,0.0,0.0,0.43936213850975037,False,False,0.0,0.0,0.0,[],0.0,0.0,0,0.0,0,3.708999997797946e-06
aco_current,5,7250,76,12,4,0.0,0.0,0.0,0.0,0.20313307642936707,False,False,0.0,0.0,0.0,[],0.0,0.0,0,0.0,0,3.708999997797946e-06
aco_current,5,7251,76,12,1,0.0,141.0,141.0,0.705,0.3291085958480835,False,False,0.0,141.0,0.0,[],0.0,0.0,0,0.0,0,2.375000001109129e-06
aco_current,5,7251,76,12,2,0.0,0.0,0.0,0.0,0.09907747060060501,False,False,0.0,0.0,0.0,[],0.0,0.0,0,0.0,0,2.375000001109129e-06
aco_current,5,7251,76,12,3,0.0,0.0,0.0,0.0,0.43936213850975037,False,False,0.0,0.0,0.0,[],0.0,0.0,0,0.0,0,2.375000001109129e-06
aco_current,5,7251,76,12,4,0.0,0.0,0.0,0.0,0.20313307642936707,False,False,0.0,0.0,0.0,[],0.0,0.0,0,0.0,0,2.375000001109129e-06
aco_current,5,7252,76,13,1,0.0,141.0,141.0,0.705,0.35197699069976807,False,False,0.0,141.0,0.0,[],0.0,0.0,0,0.0,0,1.8750000023715074e-06
aco_current,5,7252,76,13,2,0.0,0.0,0.0,0.0,0.09907747060060501,False,False,0.0,0.0,0.0,[],0.0,0.0,0,0.0,0,1.8750000023715074e-06
aco_current,5,7252,76,13,3,0.0,0.0,0.0,0.0,0.43936213850975037,False,False,0.0,0.0,0.0,[],0.0,0.0,0,0.0,0,1.8750000023715074e-06
aco_current,5,7252,76,13,4,0.0,0.0,0.0,0.0,0.20313307642936707,False,False,0.0,0.0,0.0,[],0.0,0.0,0,0.0,0,1.8750000023715074e-06
aco_current,5,7253,76,13,1,0.0,141.0,141.0,0.705,0.35197699069976807,False,False,0.0,141.0,0.0,[],0.0,0.0,0,0.0,0,2.041999998425581e-06
aco_current,5,7253,76,13,2,0.0,0.0,0.0,0.0,0.09907747060060501,False,False,0.0,0.0,0.0,[],0.0,0.0,0,0.0,0,2.041999998425581e-06
aco_current,5,7253,76,13,3,0.0,0.0,0.0,0.0,0.43936213850975037,False,False,0.0,0.0,0.0,[],0.0,0.0,0,0.0,0,2.041999998425581e-06
aco_current,5,7253,76,13,4,0.0,0.0,0.0,0.0,0.20313307642936707,False,False,0.0,0.0,0.0,[],0.0,0.0,0,0.0,0,2.041999998425581e-06
aco_current,5,7254,76,13,1,0.0,141.0,141.0,0.705,0.35197699069976807,False,False,0.0,141.0,0.0,[],0.0,0.0,0,0.0,0,2.0000000020559128e-06
aco_current,5,7254,76,13,2,0.0,0.0,0.0,0.0,0.09907747060060501,False,False,0.0,0.0,0.0,[],0.0,0.0,0,0.0,0,2.0000000020559128e-06
aco_current,5,7254,76,13,3,0.0,0.0,0.0,0.0,0.43936213850975037,False,False,0.0,0.0,0.0,[],0.0,0.0,0,0.0,0,2.0000000020559128e-06
aco_current,5,7254,76,13,4,0.0,0.0,0.0,0.0,0.20313307642936707,False,False,0.0,0.0,0.0,[],0.0,0.0,0,0.0,0,2.0000000020559128e-06
aco_current,5,7255,76,13,1,0.0,141.0,141.0,0.705,0.35197699069976807,False,False,0.0,141.0,0.0,[],0.0,0.0,0,0.0,0,2.4999999936881068e-06
aco_current,5,7255,76,13,2,0.0,0.0,0.0,0.0,0.09907747060060501,False,False,0.0,0.0,0.0,[],0.0,0.0,0,0.0,0,2.4999999936881068e-06
aco_current,5,7255,76,13,3,0.0,0.0,0.0,0.0,0.43936213850975037,False,False,0.0,0.0,0.0,[],0.0,0.0,0,0.0,0,2.4999999936881068e-06
aco_current,5,7255,76,13,4,0.0,0.0,0.0,0.0,0.20313307642936707,False,False,0.0,0.0,0.0,[],0.0,0.0,0,0.0,0,2.4999999936881068e-06
aco_current,5,7256,76,14,1,0.0,141.0,141.0,0.705,0.35197699069976807,False,False,0.0,141.0,0.0,[],0.0,0.0,0,0.0,0,2.332999997634033e-06
aco_current,5,7256,76,14,2,0.0,0.0,0.0,0.0,0.09907747060060501,False,False,0.0,0.0,0.0,[],0.0,0.0,0,0.0,0,2.332999997634033e-06
aco_current,5,7256,76,14,3,0.0,0.0,0.0,0.0,0.43936213850975037,False,False,0.0,0.0,0.0,[],0.0,0.0,0,0.0,0,2.332999997634033e-06
aco_current,5,7256,76,14,4,0.0,0.0,0.0,0.0,0.20313307642936707,False,False,0.0,0.0,0.0,[],0.0,0.0,0,0.0,0,2.332999997634033e-06
aco_current,5,7257,76,14,1,0.0,141.0,141.0,0.705,0.35197699069976807,False,False,0.0,141.0,0.0,[],0.0,0.0,0,0.0,0,2.4590000009538926e-06
aco_current,5,7257,76,14,2,0.0,0.0,0.0,0.0,0.09907747060060501,False,False,0.0,0.0,0.0,[],0.0,0.0,0,0.0,0,2.4590000009538926e-06
aco_current,5,7257,76,14,3,0.0,0.0,0.0,0.0,0.43936213850975037,False,False,0.0,0.0,0.0,[],0.0,0.0,0,0.0,0,2.4590000009538926e-06
aco_current,5,7257,76,14,4,0.0,0.0,0.0,0.0,0.20313307642936707,False,False,0.0,0.0,0.0,[],0.0,0.0,0,0.0,0,2.4590000009538926e-06
aco_current,5,7258,76,14,1,0.0,141.0,141.0,0.705,0.35197699069976807,False,False,0.0,141.0,0.0,[],0.0,0.0,0,0.0,0,1.9580000056862445e-06
aco_current,5,7258,76,14,2,0.0,0.0,0.0,0.0,0.09907747060060501,False,False,0.0,0.0,0.0,[],0.0,0.0,0,0.0,0,1.9580000056862445e-06
aco_current,5,7258,76,14,3,0.0,0.0,0.0,0.0,0.43936213850975037,False,False,0.0,0.0,0.0,[],0.0,0.0,0,0.0,0,1.9580000056862445e-06
aco_current,5,7258,76,14,4,0.0,0.0,0.0,0.0,0.20313307642936707,False,False,0.0,0.0,0.0,[],0.0,0.0,0,0.0,0,1.9580000056862445e-06
aco_current,5,7259,76,14,1,0.0,141.0,141.0,0.705,0.35197699069976807,False,False,0.0,141.0,0.0,[],0.0,0.0,0,0.0,0,3.249999998899966e-06
aco_current,5,7259,76,14,2,0.0,0.0,0.0,0.0,0.09907747060060501,False,False,0.0,0.0,0.0,[],0.0,0.0,0,0.0,0,3.249999998899966e-06
aco_current,5,7259,76,14,3,0.0,0.0,0.0,0.0,0.43936213850975037,False,False,0.0,0.0,0.0,[],0.0,0.0,0,0.0,0,3.249999998899966e-06
aco_current,5,7259,76,14,4,0.0,0.0,0.0,0.0,0.20313307642936707,False,False,0.0,0.0,0.0,[],0.0,0.0,0,0.0,0,3.249999998899966e-06
aco_current,5,7260,76,15,1,0.0,141.0,141.0,0.705,0.35197699069976807,False,False,0.0,141.0,0.0,[],0.0,0.0,0,0.0,0,2.458000004423866e-06
aco_current,5,7260,76,15,2,0.0,0.0,0.0,0.0,0.09907747060060501,False,False,0.0,0.0,0.0,[],0.0,0.0,0,0.0,0,2.458000004423866e-06
aco_current,5,7260,76,15,3,0.0,0.0,0.0,0.0,0.43936213850975037,False,False,0.0,0.0,0.0,[],0.0,0.0,0,0.0,0,2.458000004423866e-06
aco_current,5,7260,76,15,4,0.0,0.0,0.0,0.0,0.20313307642936707,False,False,0.0,0.0,0.0,[],0.0,0.0,0,0.0,0,2.458000004423866e-06
aco_current,5,7261,76,15,1,0.0,141.0,141.0,0.705,0.35197699069976807,False,False,0.0,141.0,0.0,[],0.0,0.0,0,0.0,0,2.4579999973184385e-06
aco_current,5,7261,76,15,2,0.0,0.0,0.0,0.0,0.09907747060060501,False,False,0.0,0.0,0.0,[],0.0,0.0,0,0.0,0,2.4579999973184385e-06
aco_current,5,7261,76,15,3,0.0,0.0,0.0,0.0,0.43936213850975037,False,False,0.0,0.0,0.0,[],0.0,0.0,0,0.0,0,2.4579999973184385e-06
aco_current,5,7261,76,15,4,0.0,0.0,0.0,0.0,0.20313307642936707,False,False,0.0,0.0,0.0,[],0.0,0.0,0,0.0,0,2.4579999973184385e-06
aco_current,5,7262,76,15,1,0.0,141.0,141.0,0.705,0.35197699069976807,False,False,0.0,141.0,0.0,[],0.0,0.0,0,0.0,0,3.583000001583514e-06
aco_current,5,7262,76,15,2,0.0,0.0,0.0,0.0,0.09907747060060501,False,False,0.0,0.0,0.0,[],0.0,0.0,0,0.0,0,3.583000001583514e-06
aco_current,5,7262,76,15,3,0.0,0.0,0.0,0.0,0.43936213850975037,False,False,0.0,0.0,0.0,[],0.0,0.0,0,0.0,0,3.583000001583514e-06
aco_current,5,7262,76,15,4,0.0,0.0,0.0,0.0,0.20313307642936707,False,False,0.0,0.0,0.0,[],0.0,0.0,0,0.0,0,3.583000001583514e-06
aco_current,5,7263,76,15,1,0.0,141.0,141.0,0.705,0.35197699069976807,False,False,0.0,141.0,0.0,[],0.0,0.0,0,0.0,0,2.2500000014247235e-06
aco_current,5,7263,76,15,2,0.0,0.0,0.0,0.0,0.09907747060060501,False,False,0.0,0.0,0.0,[],0.0,0.0,0,0.0,0,2.2500000014247235e-06
aco_current,5,7263,76,15,3,0.0,0.0,0.0,0.0,0.43936213850975037,False,False,0.0,0.0,0.0,[],0.0,0.0,0,0.0,0,2.2500000014247235e-06
aco_current,5,7263,76,15,4,0.0,0.0,0.0,0.0,0.20313307642936707,False,False,0.0,0.0,0.0,[],0.0,0.0,0,0.0,0,2.2500000014247235e-06
aco_current,5,7264,76,16,1,0.0,141.0,141.0,0.705,0.35197699069976807,False,False,0.0,141.0,0.0,[],0.0,0.0,0,0.0,0,2.4590000009538926e-06
aco_current,5,7264,76,16,2,0.0,0.0,0.0,0.0,0.09907747060060501,False,False,0.0,0.0,0.0,[],0.0,0.0,0,0.0,0,2.4590000009538926e-06
aco_current,5,7264,76,16,3,0.0,0.0,0.0,0.0,0.43936213850975037,False,False,0.0,0.0,0.0,[],0.0,0.0,0,0.0,0,2.4590000009538926e-06
aco_current,5,7264,76,16,4,0.0,0.0,0.0,0.0,0.20313307642936707,False,False,0.0,0.0,0.0,[],0.0,0.0,0,0.0,0,2.4590000009538926e-06
aco_current,5,7265,76,16,1,0.0,141.0,141.0,0.705,0.35197699069976807,False,False,0.0,141.0,0.0,[],0.0,0.0,0,0.0,0,2.87499999984675e-06
aco_current,5,7265,76,16,2,0.0,0.0,0.0,0.0,0.09907747060060501,False,False,0.0,0.0,0.0,[],0.0,0.0,0,0.0,0,2.87499999984675e-06
aco_current,5,7265,76,16,3,0.0,0.0,0.0,0.0,0.43936213850975037,False,False,0.0,0.0,0.0,[],0.0,0.0,0,0.0,0,2.87499999984675e-06
aco_current,5,7265,76,16,4,0.0,0.0,0.0,0.0,0.20313307642936707,False,False,0.0,0.0,0.0,[],0.0,0.0,0,0.0,0,2.87499999984675e-06
aco_current,5,7266,76,16,1,0.0,141.0,141.0,0.705,0.35197699069976807,False,False,0.0,141.0,0.0,[],0.0,0.0,0,0.0,0,2.125000001740318e-06
aco_current,5,7266,76,16,2,0.0,0.0,0.0,0.0,0.09907747060060501,False,False,0.0,0.0,0.0,[],0.0,0.0,0,0.0,0,2.125000001740318e-06
aco_current,5,7266,76,16,3,0.0,0.0,0.0,0.0,0.43936213850975037,False,False,0.0,0.0,0.0,[],0.0,0.0,0,0.0,0,2.125000001740318e-06
aco_current,5,7266,76,16,4,0.0,0.0,0.0,0.0,0.20313307642936707,False,False,0.0,0.0,0.0,[],0.0,0.0,0,0.0,0,2.125000001740318e-06
aco_current,5,7267,76,16,1,0.0,141.0,141.0,0.705,0.35197699069976807,False,False,0.0,141.0,0.0,[],0.0,0.0,0,0.0,0,2.5830000041082712e-06
aco_current,5,7267,76,16,2,0.0,0.0,0.0,0.0,0.09907747060060501,False,False,0.0,0.0,0.0,[],0.0,0.0,0,0.0,0,2.5830000041082712e-06
aco_current,5,7267,76,16,3,0.0,0.0,0.0,0.0,0.43936213850975037,False,False,0.0,0.0,0.0,[],0.0,0.0,0,0.0,0,2.5830000041082712e-06
aco_current,5,7267,76,16,4,0.0,0.0,0.0,0.0,0.20313307642936707,False,False,0.0,0.0,0.0,[],0.0,0.0,0,0.0,0,2.5830000041082712e-06
aco_current,5,7268,76,17,1,0.0,141.0,141.0,0.705,0.35197699069976807,False,False,0.0,141.0,0.0,[],0.0,0.0,0,0.0,0,1.8339999954264385e-06
aco_current,5,7268,76,17,2,0.0,0.0,0.0,0.0,0.09907747060060501,False,False,0.0,0.0,0.0,[],0.0,0.0,0,0.0,0,1.8339999954264385e-06
aco_current,5,7268,76,17,3,0.0,0.0,0.0,0.0,0.43936213850975037,False,False,0.0,0.0,0.0,[],0.0,0.0,0,0.0,0,1.8339999954264385e-06
aco_current,5,7268,76,17,4,0.0,0.0,0.0,0.0,0.20313307642936707,False,False,0.0,0.0,0.0,[],0.0,0.0,0,0.0,0,1.8339999954264385e-06
aco_current,5,7269,76,17,1,0.0,141.0,141.0,0.705,0.35197699069976807,False,False,0.0,141.0,0.0,[],0.0,0.0,0,0.0,0,2.416999997478797e-06
aco_current,5,7269,76,17,2,0.0,0.0,0.0,0.0,0.09907747060060501,False,False,0.0,0.0,0.0,[],0.0,0.0,0,0.0,0,2.416999997478797e-06
aco_current,5,7269,76,17,3,0.0,0.0,0.0,0.0,0.43936213850975037,False,False,0.0,0.0,0.0,[],0.0,0.0,0,0.0,0,2.416999997478797e-06
aco_current,5,7269,76,17,4,0.0,0.0,0.0,0.0,0.20313307642936707,False,False,0.0,0.0,0.0,[],0.0,0.0,0,0.0,0,2.416999997478797e-06
aco_current,5,7270,76,17,1,0.0,141.0,141.0,0.705,0.35197699069976807,False,False,0.0,141.0,0.0,[],0.0,0.0,0,0.0,0,2.2919999977943917e-06
aco_current,5,7270,76,17,2,0.0,0.0,0.0,0.0,0.09907747060060501,False,False,0.0,0.0,0.0,[],0.0,0.0,0,0.0,0,2.2919999977943917e-06
aco_current,5,7270,76,17,3,0.0,0.0,0.0,0.0,0.43936213850975037,False,False,0.0,0.0,0.0,[],0.0,0.0,0,0.0,0,2.2919999977943917e-06
aco_current,5,7270,76,17,4,0.0,0.0,0.0,0.0,0.20313307642936707,False,False,0.0,0.0,0.0,[],0.0,0.0,0,0.0,0,2.2919999977943917e-06
aco_current,5,7271,76,17,1,0.0,141.0,141.0,0.705,0.35197699069976807,False,False,0.0,141.0,0.0,[],0.0,0.0,0,0.0,0,2.1660000015799596e-06
aco_current,5,7271,76,17,2,0.0,0.0,0.0,0.0,0.09907747060060501,False,False,0.0,0.0,0.0,[],0.0,0.0,0,0.0,0,2.1660000015799596e-06
aco_current,5,7271,76,17,3,0.0,0.0,0.0,0.0,0.43936213850975037,False,False,0.0,0.0,0.0,[],0.0,0.0,0,0.0,0,2.1660000015799596e-06
aco_current,5,7271,76,17,4,0.0,0.0,0.0,0.0,0.20313307642936707,False,False,0.0,0.0,0.0,[],0.0,0.0,0,0.0,0,2.1660000015799596e-06
aco_current,5,7272,76,18,1,0.0,141.0,141.0,0.705,0.35197699069976807,False,False,0.0,141.0,0.0,[],0.0,0.0,0,0.0,0,2.3330000047394606e-06
aco_current,5,7272,76,18,2,0.0,0.0,0.0,0.0,0.09907747060060501,False,False,0.0,0.0,0.0,[],0.0,0.0,0,0.0,0,2.3330000047394606e-06
aco_current,5,7272,76,18,3,0.0,0.0,0.0,0.0,0.43936213850975037,False,False,0.0,0.0,0.0,[],0.0,0.0,0,0.0,0,2.3330000047394606e-06
aco_current,5,7272,76,18,4,0.0,0.0,0.0,0.0,0.20313307642936707,False,False,0.0,0.0,0.0,[],0.0,0.0,0,0.0,0,2.3330000047394606e-06
aco_current,5,7273,76,18,1,0.0,141.0,141.0,0.705,0.35197699069976807,False,False,0.0,141.0,0.0,[],0.0,0.0,0,0.0,0,2.1249999946348908e-06
aco_current,5,7273,76,18,2,0.0,0.0,0.0,0.0,0.09907747060060501,False,False,0.0,0.0,0.0,[],0.0,0.0,0,0.0,0,2.1249999946348908e-06
aco_current,5,7273,76,18,3,0.0,0.0,0.0,0.0,0.43936213850975037,False,False,0.0,0.0,0.0,[],0.0,0.0,0,0.0,0,2.1249999946348908e-06
aco_current,5,7273,76,18,4,0.0,0.0,0.0,0.0,0.20313307642936707,False,False,0.0,0.0,0.0,[],0.0,0.0,0,0.0,0,2.1249999946348908e-06
aco_current,5,7274,76,18,1,0.0,141.0,141.0,0.705,0.35197699069976807,False,False,0.0,141.0,0.0,[],0.0,0.0,0,0.0,0,2.4160000009487703e-06
aco_current,5,7274,76,18,2,0.0,0.0,0.0,0.0,0.09907747060060501,False,False,0.0,0.0,0.0,[],0.0,0.0,0,0.0,0,2.4160000009487703e-06
aco_current,5,7274,76,18,3,0.0,0.0,0.0,0.0,0.43936213850975037,False,False,0.0,0.0,0.0,[],0.0,0.0,0,0.0,0,2.4160000009487703e-06
aco_current,5,7274,76,18,4,0.0,0.0,0.0,0.0,0.20313307642936707,False,False,0.0,0.0,0.0,[],0.0,0.0,0,0.0,0,2.4160000009487703e-06
aco_current,5,7275,76,18,1,0.0,141.0,141.0,0.705,0.35197699069976807,False,False,0.0,141.0,0.0,[],0.0,0.0,0,0.0,0,2.1249999946348908e-06
aco_current,5,7275,76,18,2,0.0,0.0,0.0,0.0,0.09907747060060501,False,False,0.0,0.0,0.0,[],0.0,0.0,0,0.0,0,2.1249999946348908e-06
aco_current,5,7275,76,18,3,0.0,0.0,0.0,0.0,0.43936213850975037,False,False,0.0,0.0,0.0,[],0.0,0.0,0,0.0,0,2.1249999946348908e-06
aco_current,5,7275,76,18,4,0.0,0.0,0.0,0.0,0.20313307642936707,False,False,0.0,0.0,0.0,[],0.0,0.0,0,0.0,0,2.1249999946348908e-06
aco_current,5,7276,76,19,1,0.0,141.0,141.0,0.705,0.35197699069976807,False,False,0.0,141.0,0.0,[],0.0,0.0,0,0.0,0,1.9169999987411757e-06
aco_current,5,7276,76,19,2,0.0,0.0,0.0,0.0,0.09907747060060501,False,False,0.0,0.0,0.0,[],0.0,0.0,0,0.0,0,1.9169999987411757e-06
aco_current,5,7276,76,19,3,0.0,0.0,0.0,0.0,0.43936213850975037,False,False,0.0,0.0,0.0,[],0.0,0.0,0,0.0,0,1.9169999987411757e-06
aco_current,5,7276,76,19,4,0.0,0.0,0.0,0.0,0.20313307642936707,False,False,0.0,0.0,0.0,[],0.0,0.0,0,0.0,0,1.9169999987411757e-06
aco_current,5,7277,76,19,1,0.0,141.0,141.0,0.705,0.35197699069976807,False,False,0.0,141.0,0.0,[],0.0,0.0,0,0.0,0,2.0000000020559128e-06
aco_current,5,7277,76,19,2,0.0,0.0,0.0,0.0,0.09907747060060501,False,False,0.0,0.0,0.0,[],0.0,0.0,0,0.0,0,2.0000000020559128e-06
aco_current,5,7277,76,19,3,0.0,0.0,0.0,0.0,0.43936213850975037,False,False,0.0,0.0,0.0,[],0.0,0.0,0,0.0,0,2.0000000020559128e-06
aco_current,5,7277,76,19,4,0.0,0.0,0.0,0.0,0.20313307642936707,False,False,0.0,0.0,0.0,[],0.0,0.0,0,0.0,0,2.0000000020559128e-06
aco_current,5,7278,76,19,1,0.0,141.0,141.0,0.705,0.35197699069976807,False,False,0.0,141.0,0.0,[],0.0,0.0,0,0.0,0,2.375000001109129e-06
aco_current,5,7278,76,19,2,0.0,0.0,0.0,0.0,0.09907747060060501,False,False,0.0,0.0,0.0,[],0.0,0.0,0,0.0,0,2.375000001109129e-06
aco_current,5,7278,76,19,3,0.0,0.0,0.0,0.0,0.43936213850975037,False,False,0.0,0.0,0.0,[],0.0,0.0,0,0.0,0,2.375000001109129e-06
aco_current,5,7278,76,19,4,0.0,0.0,0.0,0.0,0.20313307642936707,False,False,0.0,0.0,0.0,[],0.0,0.0,0,0.0,0,2.375000001109129e-06
aco_current,5,7279,76,19,1,0.0,141.0,141.0,0.705,0.35197699069976807,False,False,0.0,141.0,0.0,[],0.0,0.0,0,0.0,0,1.7919999990567703e-06
aco_current,5,7279,76,19,2,0.0,0.0,0.0,0.0,0.09907747060060501,False,False,0.0,0.0,0.0,[],0.0,0.0,0,0.0,0,1.7919999990567703e-06
aco_current,5,7279,76,19,3,0.0,0.0,0.0,0.0,0.43936213850975037,False,False,0.0,0.0,0.0,[],0.0,0.0,0,0.0,0,1.7919999990567703e-06
aco_current,5,7279,76,19,4,0.0,0.0,0.0,0.0,0.20313307642936707,False,False,0.0,0.0,0.0,[],0.0,0.0,0,0.0,0,1.7919999990567703e-06
aco_current,5,7280,76,20,1,0.0,141.0,141.0,0.705,0.35197699069976807,False,False,0.0,141.0,0.0,[],0.0,0.0,0,0.0,0,1.8750000023715074e-06
aco_current,5,7280,76,20,2,0.0,0.0,0.0,0.0,0.09907747060060501,False,False,0.0,0.0,0.0,[],0.0,0.0,0,0.0,0,1.8750000023715074e-06
aco_current,5,7280,76,20,3,0.0,0.0,0.0,0.0,0.43936213850975037,False,False,0.0,0.0,0.0,[],0.0,0.0,0,0.0,0,1.8750000023715074e-06
aco_current,5,7280,76,20,4,0.0,0.0,0.0,0.0,0.20313307642936707,False,False,0.0,0.0,0.0,[],0.0,0.0,0,0.0,0,1.8750000023715074e-06
aco_current,5,7281,76,20,1,0.0,141.0,141.0,0.705,0.35197699069976807,False,False,0.0,141.0,0.0,[],0.0,0.0,0,0.0,0,2.833000003477082e-06
aco_current,5,7281,76,20,2,0.0,0.0,0.0,0.0,0.09907747060060501,False,False,0.0,0.0,0.0,[],0.0,0.0,0,0.0,0,2.833000003477082e-06
aco_current,5,7281,76,20,3,0.0,0.0,0.0,0.0,0.43936213850975037,False,False,0.0,0.0,0.0,[],0.0,0.0,0,0.0,0,2.833000003477082e-06
aco_current,5,7281,76,20,4,0.0,0.0,0.0,0.0,0.20313307642936707,False,False,0.0,0.0,0.0,[],0.0,0.0,0,0.0,0,2.833000003477082e-06
aco_current,5,7282,76,20,1,0.0,141.0,141.0,0.705,0.35197699069976807,False,False,0.0,141.0,0.0,[],0.0,0.0,0,0.0,0,2.0420000055310084e-06
aco_current,5,7282,76,20,2,0.0,0.0,0.0,0.0,0.09907747060060501,False,False,0.0,0.0,0.0,[],0.0,0.0,0,0.0,0,2.0420000055310084e-06
aco_current,5,7282,76,20,3,0.0,0.0,0.0,0.0,0.43936213850975037,False,False,0.0,0.0,0.0,[],0.0,0.0,0,0.0,0,2.0420000055310084e-06
aco_current,5,7282,76,20,4,0.0,0.0,0.0,0.0,0.20313307642936707,False,False,0.0,0.0,0.0,[],0.0,0.0,0,0.0,0,2.0420000055310084e-06
aco_current,5,7283,76,20,1,0.0,141.0,141.0,0.705,0.35197699069976807,False,False,0.0,141.0,0.0,[],0.0,0.0,0,0.0,0,2.209000001585082e-06
aco_current,5,7283,76,20,2,0.0,0.0,0.0,0.0,0.09907747060060501,False,False,0.0,0.0,0.0,[],0.0,0.0,0,0.0,0,2.209000001585082e-06
aco_current,5,7283,76,20,3,0.0,0.0,0.0,0.0,0.43936213850975037,False,False,0.0,0.0,0.0,[],0.0,0.0,0,0.0,0,2.209000001585082e-06
aco_current,5,7283,76,20,4,0.0,0.0,0.0,0.0,0.20313307642936707,False,False,0.0,0.0,0.0,[],0.0,0.0,0,0.0,0,2.209000001585082e-06
aco_current,5,7284,76,21,1,0.0,141.0,141.0,0.705,0.35197699069976807,False,False,0.0,141.0,0.0,[],0.0,0.0,0,0.0,0,1.87499999526608e-06
aco_current,5,7284,76,21,2,0.0,0.0,0.0,0.0,0.09907747060060501,False,False,0.0,0.0,0.0,[],0.0,0.0,0,0.0,0,1.87499999526608e-06
aco_current,5,7284,76,21,3,0.0,0.0,0.0,0.0,0.43936213850975037,False,False,0.0,0.0,0.0,[],0.0,0.0,0,0.0,0,1.87499999526608e-06
aco_current,5,7284,76,21,4,0.0,0.0,0.0,0.0,0.20313307642936707,False,False,0.0,0.0,0.0,[],0.0,0.0,0,0.0,0,1.87499999526608e-06
aco_current,5,7285,76,21,1,0.0,141.0,141.0,0.705,0.35197699069976807,False,False,0.0,141.0,0.0,[],0.0,0.0,0,0.0,0,2.2500000014247235e-06
aco_current,5,7285,76,21,2,0.0,0.0,0.0,0.0,0.09907747060060501,False,False,0.0,0.0,0.0,[],0.0,0.0,0,0.0,0,2.2500000014247235e-06
aco_current,5,7285,76,21,3,0.0,0.0,0.0,0.0,0.43936213850975037,False,False,0.0,0.0,0.0,[],0.0,0.0,0,0.0,0,2.2500000014247235e-06
aco_current,5,7285,76,21,4,0.0,0.0,0.0,0.0,0.20313307642936707,False,False,0.0,0.0,0.0,[],0.0,0.0,0,0.0,0,2.2500000014247235e-06
aco_current,5,7286,76,21,1,0.0,141.0,141.0,0.705,0.35197699069976807,False,False,0.0,141.0,0.0,[],0.0,0.0,0,0.0,0,2.4590000009538926e-06
aco_current,5,7286,76,21,2,0.0,0.0,0.0,0.0,0.09907747060060501,False,False,0.0,0.0,0.0,[],0.0,0.0,0,0.0,0,2.4590000009538926e-06
aco_current,5,7286,76,21,3,0.0,0.0,0.0,0.0,0.43936213850975037,False,False,0.0,0.0,0.0,[],0.0,0.0,0,0.0,0,2.4590000009538926e-06
aco_current,5,7286,76,21,4,0.0,0.0,0.0,0.0,0.20313307642936707,False,False,0.0,0.0,0.0,[],0.0,0.0,0,0.0,0,2.4590000009538926e-06
aco_current,5,7287,76,21,1,0.0,141.0,141.0,0.705,0.35197699069976807,False,False,0.0,141.0,0.0,[],0.0,0.0,0,0.0,0,2.0000000020559128e-06
aco_current,5,7287,76,21,2,0.0,0.0,0.0,0.0,0.09907747060060501,False,False,0.0,0.0,0.0,[],0.0,0.0,0,0.0,0,2.0000000020559128e-06
aco_current,5,7287,76,21,3,0.0,0.0,0.0,0.0,0.43936213850975037,False,False,0.0,0.0,0.0,[],0.0,0.0,0,0.0,0,2.0000000020559128e-06
aco_current,5,7287,76,21,4,0.0,0.0,0.0,0.0,0.20313307642936707,False,False,0.0,0.0,0.0,[],0.0,0.0,0,0.0,0,2.0000000020559128e-06
aco_current,5,7288,76,22,1,0.0,141.0,141.0,0.705,0.35197699069976807,False,False,0.0,141.0,0.0,[],0.0,0.0,0,0.0,0,1.8750000023715074e-06
aco_current,5,7288,76,22,2,0.0,0.0,0.0,0.0,0.09907747060060501,False,False,0.0,0.0,0.0,[],0.0,0.0,0,0.0,0,1.8750000023715074e-06
aco_current,5,7288,76,22,3,0.0,0.0,0.0,0.0,0.43936213850975037,False,False,0.0,0.0,0.0,[],0.0,0.0,0,0.0,0,1.8750000023715074e-06
aco_current,5,7288,76,22,4,0.0,0.0,0.0,0.0,0.20313307642936707,False,False,0.0,0.0,0.0,[],0.0,0.0,0,0.0,0,1.8750000023715074e-06
aco_current,5,7289,76,22,1,0.0,141.0,141.0,0.705,0.35197699069976807,False,False,0.0,141.0,0.0,[],0.0,0.0,0,0.0,0,2.582999997002844e-06
aco_current,5,7289,76,22,2,0.0,0.0,0.0,0.0,0.09907747060060501,False,False,0.0,0.0,0.0,[],0.0,0.0,0,0.0,0,2.582999997002844e-06
aco_current,5,7289,76,22,3,0.0,0.0,0.0,0.0,0.43936213850975037,False,False,0.0,0.0,0.0,[],0.0,0.0,0,0.0,0,2.582999997002844e-06
aco_current,5,7289,76,22,4,0.0,0.0,0.0,0.0,0.20313307642936707,False,False,0.0,0.0,0.0,[],0.0,0.0,0,0.0,0,2.582999997002844e-06
aco_current,5,7290,76,22,1,0.0,141.0,141.0,0.705,0.35197699069976807,False,False,0.0,141.0,0.0,[],0.0,0.0,0,0.0,0,2.2500000014247235e-06
aco_current,5,7290,76,22,2,0.0,0.0,0.0,0.0,0.09907747060060501,False,False,0.0,0.0,0.0,[],0.0,0.0,0,0.0,0,2.2500000014247235e-06
aco_current,5,7290,76,22,3,0.0,0.0,0.0,0.0,0.43936213850975037,False,False,0.0,0.0,0.0,[],0.0,0.0,0,0.0,0,2.2500000014247235e-06
aco_current,5,7290,76,22,4,0.0,0.0,0.0,0.0,0.20313307642936707,False,False,0.0,0.0,0.0,[],0.0,0.0,0,0.0,0,2.2500000014247235e-06
aco_current,5,7291,76,22,1,0.0,141.0,141.0,0.705,0.35197699069976807,False,False,0.0,141.0,0.0,[],0.0,0.0,0,0.0,0,2.0000000020559128e-06
aco_current,5,7291,76,22,2,0.0,0.0,0.0,0.0,0.09907747060060501,False,False,0.0,0.0,0.0,[],0.0,0.0,0,0.0,0,2.0000000020559128e-06
aco_current,5,7291,76,22,3,0.0,0.0,0.0,0.0,0.43936213850975037,False,False,0.0,0.0,0.0,[],0.0,0.0,0,0.0,0,2.0000000020559128e-06
aco_current,5,7291,76,22,4,0.0,0.0,0.0,0.0,0.20313307642936707,False,False,0.0,0.0,0.0,[],0.0,0.0,0,0.0,0,2.0000000020559128e-06
aco_current,5,7292,76,23,1,0.0,141.0,141.0,0.705,0.35197699069976807,False,False,0.0,141.0,0.0,[],0.0,0.0,0,0.0,0,2.4160000009487703e-06
aco_current,5,7292,76,23,2,0.0,0.0,0.0,0.0,0.09907747060060501,False,False,0.0,0.0,0.0,[],0.0,0.0,0,0.0,0,2.4160000009487703e-06
aco_current,5,7292,76,23,3,0.0,0.0,0.0,0.0,0.43936213850975037,False,False,0.0,0.0,0.0,[],0.0,0.0,0,0.0,0,2.4160000009487703e-06
aco_current,5,7292,76,23,4,0.0,0.0,0.0,0.0,0.20313307642936707,False,False,0.0,0.0,0.0,[],0.0,0.0,0,0.0,0,2.4160000009487703e-06
aco_current,5,7293,76,23,1,0.0,141.0,141.0,0.705,0.35197699069976807,False,False,0.0,141.0,0.0,[],0.0,0.0,0,0.0,0,2.584000000638298e-06
aco_current,5,7293,76,23,2,0.0,0.0,0.0,0.0,0.09907747060060501,False,False,0.0,0.0,0.0,[],0.0,0.0,0,0.0,0,2.584000000638298e-06
aco_current,5,7293,76,23,3,0.0,0.0,0.0,0.0,0.43936213850975037,False,False,0.0,0.0,0.0,[],0.0,0.0,0,0.0,0,2.584000000638298e-06
aco_current,5,7293,76,23,4,0.0,0.0,0.0,0.0,0.20313307642936707,False,False,0.0,0.0,0.0,[],0.0,0.0,0,0.0,0,2.584000000638298e-06
aco_current,5,7294,76,23,1,0.0,141.0,141.0,0.705,0.35197699069976807,False,False,0.0,141.0,0.0,[],0.0,0.0,0,0.0,0,2.500000000793534e-06
aco_current,5,7294,76,23,2,0.0,0.0,0.0,0.0,0.09907747060060501,False,False,0.0,0.0,0.0,[],0.0,0.0,0,0.0,0,2.500000000793534e-06
aco_current,5,7294,76,23,3,0.0,0.0,0.0,0.0,0.43936213850975037,False,False,0.0,0.0,0.0,[],0.0,0.0,0,0.0,0,2.500000000793534e-06
aco_current,5,7294,76,23,4,0.0,0.0,0.0,0.0,0.20313307642936707,False,False,0.0,0.0,0.0,[],0.0,0.0,0,0.0,0,2.500000000793534e-06
aco_current,5,7295,76,23,1,0.0,141.0,141.0,0.705,0.35197699069976807,False,False,0.0,141.0,0.0,[],0.0,0.0,0,0.0,0,2.6669999968476077e-06
aco_current,5,7295,76,23,2,0.0,0.0,0.0,0.0,0.09907747060060501,False,False,0.0,0.0,0.0,[],0.0,0.0,0,0.0,0,2.6669999968476077e-06
aco_current,5,7295,76,23,3,0.0,0.0,0.0,0.0,0.43936213850975037,False,False,0.0,0.0,0.0,[],0.0,0.0,0,0.0,0,2.6669999968476077e-06
aco_current,5,7295,76,23,4,0.0,0.0,0.0,0.0,0.20313307642936707,False,False,0.0,0.0,0.0,[],0.0,0.0,0,0.0,0,2.6669999968476077e-06
aco_current,5,7296,77,0,1,42.0,141.0,183.0,0.915,1.0,True,True,30.0,153.0,0.0,[1],10.0,10.0,1,10.0,0,0.009652541999997766
aco_current,5,7296,77,0,2,0.0,0.0,0.0,0.0,0.09907747060060501,False,False,0.0,0.0,0.0,[],10.0,10.0,1,10.0,0,0.009652541999997766
aco_current,5,7296,77,0,3,0.0,0.0,0.0,0.0,0.43936213850975037,False,False,0.0,0.0,0.0,[],10.0,10.0,1,10.0,0,0.009652541999997766
aco_current,5,7296,77,0,4,0.0,0.0,0.0,0.0,0.20313307642936707,False,False,0.0,0.0,0.0,[],10.0,10.0,1,10.0,0,0.009652541999997766
aco_current,5,7297,77,0,1,42.0,153.0,195.0,0.975,1.0,True,True,30.0,165.0,0.0,[1],10.0,10.0,1,10.0,0,0.0094615840000003
aco_current,5,7297,77,0,2,0.0,0.0,0.0,0.0,0.09907747060060501,False,False,0.0,0.0,0.0,[],10.0,10.0,1,10.0,0,0.0094615840000003
aco_current,5,7297,77,0,3,0.0,0.0,0.0,0.0,0.43936213850975037,False,False,0.0,0.0,0.0,[],10.0,10.0,1,10.0,0,0.0094615840000003
aco_current,5,7297,77,0,4,0.0,0.0,0.0,0.0,0.20313307642936707,False,False,0.0,0.0,0.0,[],10.0,10.0,1,10.0,0,0.0094615840000003
aco_current,5,7298,77,0,1,42.0,165.0,207.0,1.035,1.0,True,True,30.0,177.0,0.0,[1],10.0,10.0,1,10.0,0,0.009238124999995989
aco_current,5,7298,77,0,2,0.0,0.0,0.0,0.0,0.09907747060060501,False,False,0.0,0.0,0.0,[],10.0,10.0,1,10.0,0,0.009238124999995989
aco_current,5,7298,77,0,3,0.0,0.0,0.0,0.0,0.43936213850975037,False,False,0.0,0.0,0.0,[],10.0,10.0,1,10.0,0,0.009238124999995989
aco_current,5,7298,77,0,4,0.0,0.0,0.0,0.0,0.20313307642936707,False,False,0.0,0.0,0.0,[],10.0,10.0,1,10.0,0,0.009238124999995989
aco_current,5,7299,77,0,1,44.0,177.0,221.0,1.105,1.0,True,True,30.0,191.0,0.0,[1],10.0,10.0,1,10.0,0,0.00965587499999998
aco_current,5,7299,77,0,2,0.0,0.0,0.0,0.0,0.09907747060060501,False,False,0.0,0.0,0.0,[],10.0,10.0,1,10.0,0,0.00965587499999998
aco_current,5,7299,77,0,3,0.0,0.0,0.0,0.0,0.43936213850975037,False,False,0.0,0.0,0.0,[],10.0,10.0,1,10.0,0,0.00965587499999998
aco_current,5,7299,77,0,4,0.0,0.0,0.0,0.0,0.20313307642936707,False,False,0.0,0.0,0.0,[],10.0,10.0,1,10.0,0,0.00965587499999998
aco_current,5,7300,77,1,1,42.0,191.0,233.0,1.165,1.0,True,True,30.0,200.0,3.0,[1],10.0,10.0,1,10.0,0,0.009595832999998777
aco_current,5,7300,77,1,2,0.0,0.0,0.0,0.0,0.09907747060060501,False,False,0.0,0.0,0.0,[],10.0,10.0,1,10.0,0,0.009595832999998777
aco_current,5,7300,77,1,3,0.0,0.0,0.0,0.0,0.43936213850975037,False,False,0.0,0.0,0.0,[],10.0,10.0,1,10.0,0,0.009595832999998777
aco_current,5,7300,77,1,4,0.0,0.0,0.0,0.0,0.20313307642936707,False,False,0.0,0.0,0.0,[],10.0,10.0,1,10.0,0,0.009595832999998777
aco_current,5,7301,77,1,1,42.0,200.0,242.0,1.21,1.0,True,True,30.0,200.0,12.0,[1],10.0,10.0,1,10.0,0,0.009406374999997524
aco_current,5,7301,77,1,2,0.0,0.0,0.0,0.0,0.09907747060060501,False,False,0.0,0.0,0.0,[],10.0,10.0,1,10.0,0,0.009406374999997524
aco_current,5,7301,77,1,3,0.0,0.0,0.0,0.0,0.43936213850975037,False,False,0.0,0.0,0.0,[],10.0,10.0,1,10.0,0,0.009406374999997524
aco_current,5,7301,77,1,4,0.0,0.0,0.0,0.0,0.20313307642936707,False,False,0.0,0.0,0.0,[],10.0,10.0,1,10.0,0,0.009406374999997524
aco_current,5,7302,77,1,1,42.0,200.0,242.0,1.21,1.0,True,True,30.0,200.0,12.0,[1],10.0,10.0,1,10.0,0,0.00920554199999657
aco_current,5,7302,77,1,2,0.0,0.0,0.0,0.0,0.09907747060060501,False,False,0.0,0.0,0.0,[],10.0,10.0,1,10.0,0,0.00920554199999657
aco_current,5,7302,77,1,3,0.0,0.0,0.0,0.0,0.43936213850975037,False,False,0.0,0.0,0.0,[],10.0,10.0,1,10.0,0,0.00920554199999657
aco_current,5,7302,77,1,4,0.0,0.0,0.0,0.0,0.20313307642936707,False,False,0.0,0.0,0.0,[],10.0,10.0,1,10.0,0,0.00920554199999657
aco_current,5,7303,77,1,1,44.0,200.0,244.0,1.22,1.0,True,True,30.0,200.0,14.0,[1],10.0,10.0,1,10.0,0,0.009288750000003176
aco_current,5,7303,77,1,2,0.0,0.0,0.0,0.0,0.09907747060060501,False,False,0.0,0.0,0.0,[],10.0,10.0,1,10.0,0,0.009288750000003176
aco_current,5,7303,77,1,3,0.0,0.0,0.0,0.0,0.43936213850975037,False,False,0.0,0.0,0.0,[],10.0,10.0,1,10.0,0,0.009288750000003176
aco_current,5,7303,77,1,4,0.0,0.0,0.0,0.0,0.20313307642936707,False,False,0.0,0.0,0.0,[],10.0,10.0,1,10.0,0,0.009288750000003176
aco_current,5,7304,77,2,1,42.0,200.0,242.0,1.21,1.0,True,True,30.0,200.0,12.0,[1],10.0,10.0,1,10.0,0,0.00943670799999552
aco_current,5,7304,77,2,2,0.0,0.0,0.0,0.0,0.09907747060060501,False,False,0.0,0.0,0.0,[],10.0,10.0,1,10.0,0,0.00943670799999552
aco_current,5,7304,77,2,3,0.0,0.0,0.0,0.0,0.43936213850975037,False,False,0.0,0.0,0.0,[],10.0,10.0,1,10.0,0,0.00943670799999552
aco_current,5,7304,77,2,4,0.0,0.0,0.0,0.0,0.20313307642936707,False,False,0.0,0.0,0.0,[],10.0,10.0,1,10.0,0,0.00943670799999552
aco_current,5,7305,77,2,1,44.0,200.0,244.0,1.22,1.0,True,True,30.0,200.0,14.0,[1],10.0,10.0,1,10.0,0,0.009340582999996627
aco_current,5,7305,77,2,2,0.0,0.0,0.0,0.0,0.09907747060060501,False,False,0.0,0.0,0.0,[],10.0,10.0,1,10.0,0,0.009340582999996627
aco_current,5,7305,77,2,3,0.0,0.0,0.0,0.0,0.43936213850975037,False,False,0.0,0.0,0.0,[],10.0,10.0,1,10.0,0,0.009340582999996627
aco_current,5,7305,77,2,4,0.0,0.0,0.0,0.0,0.20313307642936707,False,False,0.0,0.0,0.0,[],10.0,10.0,1,10.0,0,0.009340582999996627
aco_current,5,7306,77,2,1,44.0,200.0,244.0,1.22,1.0,True,True,30.0,200.0,14.0,[1],10.0,10.0,1,10.0,0,0.009512916999995014
aco_current,5,7306,77,2,2,0.0,0.0,0.0,0.0,0.09907747060060501,False,False,0.0,0.0,0.0,[],10.0,10.0,1,10.0,0,0.009512916999995014
aco_current,5,7306,77,2,3,0.0,0.0,0.0,0.0,0.43936213850975037,False,False,0.0,0.0,0.0,[],10.0,10.0,1,10.0,0,0.009512916999995014
aco_current,5,7306,77,2,4,0.0,0.0,0.0,0.0,0.20313307642936707,False,False,0.0,0.0,0.0,[],10.0,10.0,1,10.0,0,0.009512916999995014
aco_current,5,7307,77,2,1,42.0,200.0,242.0,1.21,1.0,True,True,30.0,200.0,12.0,[1],10.0,10.0,1,10.0,0,0.009469541999997944
aco_current,5,7307,77,2,2,0.0,0.0,0.0,0.0,0.09907747060060501,False,False,0.0,0.0,0.0,[],10.0,10.0,1,10.0,0,0.009469541999997944
aco_current,5,7307,77,2,3,0.0,0.0,0.0,0.0,0.43936213850975037,False,False,0.0,0.0,0.0,[],10.0,10.0,1,10.0,0,0.009469541999997944
aco_current,5,7307,77,2,4,0.0,0.0,0.0,0.0,0.20313307642936707,False,False,0.0,0.0,0.0,[],10.0,10.0,1,10.0,0,0.009469541999997944
aco_current,5,7308,77,3,1,42.0,200.0,242.0,1.21,1.0,True,True,30.0,200.0,12.0,[1],10.0,10.0,1,10.0,0,0.00930079199999767
aco_current,5,7308,77,3,2,0.0,0.0,0.0,0.0,0.09907747060060501,False,False,0.0,0.0,0.0,[],10.0,10.0,1,10.0,0,0.00930079199999767
aco_current,5,7308,77,3,3,0.0,0.0,0.0,0.0,0.43936213850975037,False,False,0.0,0.0,0.0,[],10.0,10.0,1,10.0,0,0.00930079199999767
aco_current,5,7308,77,3,4,0.0,0.0,0.0,0.0,0.20313307642936707,False,False,0.0,0.0,0.0,[],10.0,10.0,1,10.0,0,0.00930079199999767
aco_current,5,7309,77,3,1,39.0,200.0,239.0,1.195,1.0,True,True,30.0,200.0,9.0,[1],10.0,10.0,1,10.0,0,0.009668374999996843
aco_current,5,7309,77,3,2,0.0,0.0,0.0,0.0,0.09907747060060501,False,False,0.0,0.0,0.0,[],10.0,10.0,1,10.0,0,0.009668374999996843
aco_current,5,7309,77,3,3,0.0,0.0,0.0,0.0,0.43936213850975037,False,False,0.0,0.0,0.0,[],10.0,10.0,1,10.0,0,0.009668374999996843
aco_current,5,7309,77,3,4,0.0,0.0,0.0,0.0,0.20313307642936707,False,False,0.0,0.0,0.0,[],10.0,10.0,1,10.0,0,0.009668374999996843
aco_current,5,7310,77,3,1,40.0,200.0,240.0,1.2,1.0,True,True,30.0,200.0,10.0,[1],10.0,10.0,1,10.0,0,0.0095204170000045
aco_current,5,7310,77,3,2,0.0,0.0,0.0,0.0,0.09907747060060501,False,False,0.0,0.0,0.0,[],10.0,10.0,1,10.0,0,0.0095204170000045
aco_current,5,7310,77,3,3,0.0,0.0,0.0,0.0,0.43936213850975037,False,False,0.0,0.0,0.0,[],10.0,10.0,1,10.0,0,0.0095204170000045
aco_current,5,7310,77,3,4,0.0,0.0,0.0,0.0,0.20313307642936707,False,False,0.0,0.0,0.0,[],10.0,10.0,1,10.0,0,0.0095204170000045
aco_current,5,7311,77,3,1,39.0,200.0,239.0,1.195,1.0,True,True,30.0,200.0,9.0,[1],10.0,10.0,1,10.0,0,0.009512291000000062
aco_current,5,7311,77,3,2,0.0,0.0,0.0,0.0,0.09907747060060501,False,False,0.0,0.0,0.0,[],10.0,10.0,1,10.0,0,0.009512291000000062
aco_current,5,7311,77,3,3,0.0,0.0,0.0,0.0,0.43936213850975037,False,False,0.0,0.0,0.0,[],10.0,10.0,1,10.0,0,0.009512291000000062
aco_current,5,7311,77,3,4,0.0,0.0,0.0,0.0,0.20313307642936707,False,False,0.0,0.0,0.0,[],10.0,10.0,1,10.0,0,0.009512291000000062
aco_current,5,7312,77,4,1,38.0,200.0,238.0,1.19,1.0,True,True,30.0,200.0,8.0,[1],10.0,10.0,1,10.0,0,0.009350957999998855
aco_current,5,7312,77,4,2,0.0,0.0,0.0,0.0,0.09907747060060501,False,False,0.0,0.0,0.0,[],10.0,10.0,1,10.0,0,0.009350957999998855
aco_current,5,7312,77,4,3,0.0,0.0,0.0,0.0,0.43936213850975037,False,False,0.0,0.0,0.0,[],10.0,10.0,1,10.0,0,0.009350957999998855
aco_current,5,7312,77,4,4,0.0,0.0,0.0,0.0,0.20313307642936707,False,False,0.0,0.0,0.0,[],10.0,10.0,1,10.0,0,0.009350957999998855
aco_current,5,7313,77,4,1,41.0,200.0,241.0,1.205,1.0,True,True,30.0,200.0,11.0,[1],10.0,10.0,1,10.0,0,0.009363292000003298
aco_current,5,7313,77,4,2,0.0,0.0,0.0,0.0,0.09907747060060501,False,False,0.0,0.0,0.0,[],10.0,10.0,1,10.0,0,0.009363292000003298
aco_current,5,7313,77,4,3,0.0,0.0,0.0,0.0,0.43936213850975037,False,False,0.0,0.0,0.0,[],10.0,10.0,1,10.0,0,0.009363292000003298
aco_current,5,7313,77,4,4,0.0,0.0,0.0,0.0,0.20313307642936707,False,False,0.0,0.0,0.0,[],10.0,10.0,1,10.0,0,0.009363292000003298
aco_current,5,7314,77,4,1,39.0,200.0,239.0,1.195,1.0,True,True,30.0,200.0,9.0,[1],10.0,10.0,1,10.0,0,0.00921087500000084
aco_current,5,7314,77,4,2,0.0,0.0,0.0,0.0,0.09907747060060501,False,False,0.0,0.0,0.0,[],10.0,10.0,1,10.0,0,0.00921087500000084
aco_current,5,7314,77,4,3,0.0,0.0,0.0,0.0,0.43936213850975037,False,False,0.0,0.0,0.0,[],10.0,10.0,1,10.0,0,0.00921087500000084
aco_current,5,7314,77,4,4,0.0,0.0,0.0,0.0,0.20313307642936707,False,False,0.0,0.0,0.0,[],10.0,10.0,1,10.0,0,0.00921087500000084
aco_current,5,7315,77,4,1,39.0,200.0,239.0,1.195,1.0,True,True,30.0,200.0,9.0,[1],10.0,10.0,1,10.0,0,0.009330167000001666
aco_current,5,7315,77,4,2,0.0,0.0,0.0,0.0,0.09907747060060501,False,False,0.0,0.0,0.0,[],10.0,10.0,1,10.0,0,0.009330167000001666
aco_current,5,7315,77,4,3,0.0,0.0,0.0,0.0,0.43936213850975037,False,False,0.0,0.0,0.0,[],10.0,10.0,1,10.0,0,0.009330167000001666
aco_current,5,7315,77,4,4,0.0,0.0,0.0,0.0,0.20313307642936707,False,False,0.0,0.0,0.0,[],10.0,10.0,1,10.0,0,0.009330167000001666
aco_current,5,7316,77,5,1,38.0,200.0,238.0,1.19,1.0,True,True,30.0,200.0,8.0,[1],10.0,10.0,1,10.0,0,0.009295125000001292
aco_current,5,7316,77,5,2,0.0,0.0,0.0,0.0,0.09907747060060501,False,False,0.0,0.0,0.0,[],10.0,10.0,1,10.0,0,0.009295125000001292
aco_current,5,7316,77,5,3,0.0,0.0,0.0,0.0,0.43936213850975037,False,False,0.0,0.0,0.0,[],10.0,10.0,1,10.0,0,0.009295125000001292
aco_current,5,7316,77,5,4,0.0,0.0,0.0,0.0,0.20313307642936707,False,False,0.0,0.0,0.0,[],10.0,10.0,1,10.0,0,0.009295125000001292
aco_current,5,7317,77,5,1,41.0,200.0,241.0,1.205,1.0,True,True,30.0,200.0,11.0,[1],10.0,10.0,1,10.0,0,0.009442458999998848
aco_current,5,7317,77,5,2,0.0,0.0,0.0,0.0,0.09907747060060501,False,False,0.0,0.0,0.0,[],10.0,10.0,1,10.0,0,0.009442458999998848
aco_current,5,7317,77,5,3,0.0,0.0,0.0,0.0,0.43936213850975037,False,False,0.0,0.0,0.0,[],10.0,10.0,1,10.0,0,0.009442458999998848
aco_current,5,7317,77,5,4,0.0,0.0,0.0,0.0,0.20313307642936707,False,False,0.0,0.0,0.0,[],10.0,10.0,1,10.0,0,0.009442458999998848
aco_current,5,7318,77,5,1,38.0,200.0,238.0,1.19,1.0,True,True,30.0,200.0,8.0,[1],10.0,10.0,1,10.0,0,0.009434917000000098
aco_current,5,7318,77,5,2,0.0,0.0,0.0,0.0,0.09907747060060501,False,False,0.0,0.0,0.0,[],10.0,10.0,1,10.0,0,0.009434917000000098
aco_current,5,7318,77,5,3,0.0,0.0,0.0,0.0,0.43936213850975037,False,False,0.0,0.0,0.0,[],10.0,10.0,1,10.0,0,0.009434917000000098
aco_current,5,7318,77,5,4,0.0,0.0,0.0,0.0,0.20313307642936707,False,False,0.0,0.0,0.0,[],10.0,10.0,1,10.0,0,0.009434917000000098
aco_current,5,7319,77,5,1,39.0,200.0,239.0,1.195,1.0,True,True,30.0,200.0,9.0,[1],10.0,10.0,1,10.0,0,0.009373500000002366
aco_current,5,7319,77,5,2,0.0,0.0,0.0,0.0,0.09907747060060501,False,False,0.0,0.0,0.0,[],10.0,10.0,1,10.0,0,0.009373500000002366
aco_current,5,7319,77,5,3,0.0,0.0,0.0,0.0,0.43936213850975037,False,False,0.0,0.0,0.0,[],10.0,10.0,1,10.0,0,0.009373500000002366
aco_current,5,7319,77,5,4,0.0,0.0,0.0,0.0,0.20313307642936707,False,False,0.0,0.0,0.0,[],10.0,10.0,1,10.0,0,0.009373500000002366
aco_current,5,7320,77,6,1,34.0,200.0,234.0,1.17,1.0,True,True,30.0,200.0,4.0,[1],10.0,10.0,1,10.0,0,0.00955191700000313
aco_current,5,7320,77,6,2,0.0,0.0,0.0,0.0,0.09907747060060501,False,False,0.0,0.0,0.0,[],10.0,10.0,1,10.0,0,0.00955191700000313
aco_current,5,7320,77,6,3,0.0,0.0,0.0,0.0,0.43936213850975037,False,False,0.0,0.0,0.0,[],10.0,10.0,1,10.0,0,0.00955191700000313
aco_current,5,7320,77,6,4,0.0,0.0,0.0,0.0,0.20313307642936707,False,False,0.0,0.0,0.0,[],10.0,10.0,1,10.0,0,0.00955191700000313
aco_current,5,7321,77,6,1,27.0,200.0,227.0,1.135,1.0,True,True,30.0,197.0,0.0,[1],10.0,10.0,1,10.0,0,0.009409834000003059
aco_current,5,7321,77,6,2,0.0,0.0,0.0,0.0,0.09907747060060501,False,False,0.0,0.0,0.0,[],10.0,10.0,1,10.0,0,0.009409834000003059
aco_current,5,7321,77,6,3,0.0,0.0,0.0,0.0,0.43936213850975037,False,False,0.0,0.0,0.0,[],10.0,10.0,1,10.0,0,0.009409834000003059
aco_current,5,7321,77,6,4,0.0,0.0,0.0,0.0,0.20313307642936707,False,False,0.0,0.0,0.0,[],10.0,10.0,1,10.0,0,0.009409834000003059
aco_current,5,7322,77,6,1,27.0,197.0,224.0,1.12,1.0,True,True,30.0,194.0,0.0,[1],10.0,10.0,1,10.0,0,0.009278459000000794
aco_current,5,7322,77,6,2,0.0,0.0,0.0,0.0,0.09907747060060501,False,False,0.0,0.0,0.0,[],10.0,10.0,1,10.0,0,0.009278459000000794
aco_current,5,7322,77,6,3,0.0,0.0,0.0,0.0,0.43936213850975037,False,False,0.0,0.0,0.0,[],10.0,10.0,1,10.0,0,0.009278459000000794
aco_current,5,7322,77,6,4,0.0,0.0,0.0,0.0,0.20313307642936707,False,False,0.0,0.0,0.0,[],10.0,10.0,1,10.0,0,0.009278459000000794
aco_current,5,7323,77,6,1,36.0,194.0,230.0,1.15,1.0,True,True,30.0,200.0,0.0,[1],10.0,10.0,1,10.0,0,0.009542541999998377
aco_current,5,7323,77,6,2,0.0,0.0,0.0,0.0,0.09907747060060501,False,False,0.0,0.0,0.0,[],10.0,10.0,1,10.0,0,0.009542541999998377
aco_current,5,7323,77,6,3,0.0,0.0,0.0,0.0,0.43936213850975037,False,False,0.0,0.0,0.0,[],10.0,10.0,1,10.0,0,0.009542541999998377
aco_current,5,7323,77,6,4,0.0,0.0,0.0,0.0,0.20313307642936707,False,False,0.0,0.0,0.0,[],10.0,10.0,1,10.0,0,0.009542541999998377
aco_current,5,7324,77,7,1,41.0,200.0,241.0,1.205,1.0,True,True,30.0,200.0,11.0,[1],10.0,10.0,1,10.0,0,0.009555917000000136
aco_current,5,7324,77,7,2,0.0,0.0,0.0,0.0,0.09907747060060501,False,False,0.0,0.0,0.0,[],10.0,10.0,1,10.0,0,0.009555917000000136
aco_current,5,7324,77,7,3,0.0,0.0,0.0,0.0,0.43936213850975037,False,False,0.0,0.0,0.0,[],10.0,10.0,1,10.0,0,0.009555917000000136
aco_current,5,7324,77,7,4,0.0,0.0,0.0,0.0,0.20313307642936707,False,False,0.0,0.0,0.0,[],10.0,10.0,1,10.0,0,0.009555917000000136
aco_current,5,7325,77,7,1,51.0,200.0,251.0,1.255,1.0,True,True,30.0,200.0,21.0,[1],10.0,10.0,1,10.0,0,0.009388624999999706
aco_current,5,7325,77,7,2,0.0,0.0,0.0,0.0,0.09907747060060501,False,False,0.0,0.0,0.0,[],10.0,10.0,1,10.0,0,0.009388624999999706
aco_current,5,7325,77,7,3,0.0,0.0,0.0,0.0,0.43936213850975037,False,False,0.0,0.0,0.0,[],10.0,10.0,1,10.0,0,0.009388624999999706
aco_current,5,7325,77,7,4,0.0,0.0,0.0,0.0,0.20313307642936707,False,False,0.0,0.0,0.0,[],10.0,10.0,1,10.0,0,0.009388624999999706
aco_current,5,7326,77,7,1,52.0,200.0,252.0,1.26,1.0,True,True,30.0,200.0,22.0,[1],10.0,10.0,1,10.0,0,0.009545832999997117
aco_current,5,7326,77,7,2,0.0,0.0,0.0,0.0,0.09907747060060501,False,False,0.0,0.0,0.0,[],10.0,10.0,1,10.0,0,0.009545832999997117
aco_current,5,7326,77,7,3,0.0,0.0,0.0,0.0,0.43936213850975037,False,False,0.0,0.0,0.0,[],10.0,10.0,1,10.0,0,0.009545832999997117
aco_current,5,7326,77,7,4,0.0,0.0,0.0,0.0,0.20313307642936707,False,False,0.0,0.0,0.0,[],10.0,10.0,1,10.0,0,0.009545832999997117
aco_current,5,7327,77,7,1,53.0,200.0,253.0,1.265,1.0,True,True,30.0,200.0,23.0,[1],10.0,10.0,1,10.0,0,0.009412791000002585
aco_current,5,7327,77,7,2,0.0,0.0,0.0,0.0,0.09907747060060501,False,False,0.0,0.0,0.0,[],10.0,10.0,1,10.0,0,0.009412791000002585
aco_current,5,7327,77,7,3,0.0,0.0,0.0,0.0,0.43936213850975037,False,False,0.0,0.0,0.0,[],10.0,10.0,1,10.0,0,0.009412791000002585
aco_current,5,7327,77,7,4,0.0,0.0,0.0,0.0,0.20313307642936707,False,False,0.0,0.0,0.0,[],10.0,10.0,1,10.0,0,0.009412791000002585
aco_current,5,7328,77,8,1,45.0,200.0,245.0,1.225,1.0,True,True,30.0,200.0,15.0,[1],10.0,10.0,1,10.0,0,0.009365207999998404
aco_current,5,7328,77,8,2,0.0,0.0,0.0,0.0,0.09907747060060501,False,False,0.0,0.0,0.0,[],10.0,10.0,1,10.0,0,0.009365207999998404
aco_current,5,7328,77,8,3,0.0,0.0,0.0,0.0,0.43936213850975037,False,False,0.0,0.0,0.0,[],10.0,10.0,1,10.0,0,0.009365207999998404
aco_current,5,7328,77,8,4,0.0,0.0,0.0,0.0,0.20313307642936707,False,False,0.0,0.0,0.0,[],10.0,10.0,1,10.0,0,0.009365207999998404
aco_current,5,7329,77,8,1,55.0,200.0,255.0,1.275,1.0,True,True,30.0,200.0,25.0,[1],10.0,10.0,1,10.0,0,0.009297875000001454
aco_current,5,7329,77,8,2,0.0,0.0,0.0,0.0,0.09907747060060501,False,False,0.0,0.0,0.0,[],10.0,10.0,1,10.0,0,0.009297875000001454
aco_current,5,7329,77,8,3,0.0,0.0,0.0,0.0,0.43936213850975037,False,False,0.0,0.0,0.0,[],10.0,10.0,1,10.0,0,0.009297875000001454
aco_current,5,7329,77,8,4,0.0,0.0,0.0,0.0,0.20313307642936707,False,False,0.0,0.0,0.0,[],10.0,10.0,1,10.0,0,0.009297875000001454
aco_current,5,7330,77,8,1,57.0,200.0,257.0,1.285,1.0,True,True,30.0,200.0,27.0,[1],10.0,10.0,1,10.0,0,0.009392499999997028
aco_current,5,7330,77,8,2,0.0,0.0,0.0,0.0,0.09907747060060501,False,False,0.0,0.0,0.0,[],10.0,10.0,1,10.0,0,0.009392499999997028
aco_current,5,7330,77,8,3,0.0,0.0,0.0,0.0,0.43936213850975037,False,False,0.0,0.0,0.0,[],10.0,10.0,1,10.0,0,0.009392499999997028
aco_current,5,7330,77,8,4,0.0,0.0,0.0,0.0,0.20313307642936707,False,False,0.0,0.0,0.0,[],10.0,10.0,1,10.0,0,0.009392499999997028
aco_current,5,7331,77,8,1,56.0,200.0,256.0,1.28,1.0,True,True,30.0,200.0,26.0,[1],10.0,10.0,1,10.0,0,0.009428207999995664
aco_current,5,7331,77,8,2,0.0,0.0,0.0,0.0,0.09907747060060501,False,False,0.0,0.0,0.0,[],10.0,10.0,1,10.0,0,0.009428207999995664
aco_current,5,7331,77,8,3,0.0,0.0,0.0,0.0,0.43936213850975037,False,False,0.0,0.0,0.0,[],10.0,10.0,1,10.0,0,0.009428207999995664
aco_current,5,7331,77,8,4,0.0,0.0,0.0,0.0,0.20313307642936707,False,False,0.0,0.0,0.0,[],10.0,10.0,1,10.0,0,0.009428207999995664
aco_current,5,7332,77,9,1,60.0,200.0,260.0,1.3,1.0,True,True,30.0,200.0,30.0,[1],10.0,10.0,1,10.0,0,0.009907291000004648
aco_current,5,7332,77,9,2,0.0,0.0,0.0,0.0,0.09907747060060501,False,False,0.0,0.0,0.0,[],10.0,10.0,1,10.0,0,0.009907291000004648
aco_current,5,7332,77,9,3,0.0,0.0,0.0,0.0,0.43936213850975037,False,False,0.0,0.0,0.0,[],10.0,10.0,1,10.0,0,0.009907291000004648
aco_current,5,7332,77,9,4,0.0,0.0,0.0,0.0,0.20313307642936707,False,False,0.0,0.0,0.0,[],10.0,10.0,1,10.0,0,0.009907291000004648
aco_current,5,7333,77,9,1,69.0,200.0,269.0,1.345,1.0,True,True,30.0,200.0,39.0,[1],10.0,10.0,1,10.0,0,0.009411749999998165
aco_current,5,7333,77,9,2,0.0,0.0,0.0,0.0,0.09907747060060501,False,False,0.0,0.0,0.0,[],10.0,10.0,1,10.0,0,0.009411749999998165
aco_current,5,7333,77,9,3,0.0,0.0,0.0,0.0,0.43936213850975037,False,False,0.0,0.0,0.0,[],10.0,10.0,1,10.0,0,0.009411749999998165
aco_current,5,7333,77,9,4,0.0,0.0,0.0,0.0,0.20313307642936707,False,False,0.0,0.0,0.0,[],10.0,10.0,1,10.0,0,0.009411749999998165
aco_current,5,7334,77,9,1,70.0,200.0,270.0,1.35,1.0,True,True,30.0,200.0,40.0,[1],10.0,10.0,1,10.0,0,0.009453290999999808
aco_current,5,7334,77,9,2,0.0,0.0,0.0,0.0,0.09907747060060501,False,False,0.0,0.0,0.0,[],10.0,10.0,1,10.0,0,0.009453290999999808
aco_current,5,7334,77,9,3,0.0,0.0,0.0,0.0,0.43936213850975037,False,False,0.0,0.0,0.0,[],10.0,10.0,1,10.0,0,0.009453290999999808
aco_current,5,7334,77,9,4,0.0,0.0,0.0,0.0,0.20313307642936707,False,False,0.0,0.0,0.0,[],10.0,10.0,1,10.0,0,0.009453290999999808
aco_current,5,7335,77,9,1,57.0,200.0,257.0,1.285,1.0,True,True,30.0,200.0,27.0,[1],10.0,10.0,1,10.0,0,0.009321249999999281
aco_current,5,7335,77,9,2,0.0,0.0,0.0,0.0,0.09907747060060501,False,False,0.0,0.0,0.0,[],10.0,10.0,1,10.0,0,0.009321249999999281
aco_current,5,7335,77,9,3,0.0,0.0,0.0,0.0,0.43936213850975037,False,False,0.0,0.0,0.0,[],10.0,10.0,1,10.0,0,0.009321249999999281
aco_current,5,7335,77,9,4,0.0,0.0,0.0,0.0,0.20313307642936707,False,False,0.0,0.0,0.0,[],10.0,10.0,1,10.0,0,0.009321249999999281
aco_current,5,7336,77,10,1,51.0,200.0,251.0,1.255,1.0,True,True,30.0,200.0,21.0,[1],10.0,10.0,1,10.0,0,0.009389416999994182
aco_current,5,7336,77,10,2,0.0,0.0,0.0,0.0,0.09907747060060501,False,False,0.0,0.0,0.0,[],10.0,10.0,1,10.0,0,0.009389416999994182
aco_current,5,7336,77,10,3,0.0,0.0,0.0,0.0,0.43936213850975037,False,False,0.0,0.0,0.0,[],10.0,10.0,1,10.0,0,0.009389416999994182
aco_current,5,7336,77,10,4,0.0,0.0,0.0,0.0,0.20313307642936707,False,False,0.0,0.0,0.0,[],10.0,10.0,1,10.0,0,0.009389416999994182
aco_current,5,7337,77,10,1,50.0,200.0,250.0,1.25,1.0,True,True,30.0,200.0,20.0,[1],10.0,10.0,1,10.0,0,0.00931500000000085
aco_current,5,7337,77,10,2,0.0,0.0,0.0,0.0,0.09907747060060501,False,False,0.0,0.0,0.0,[],10.0,10.0,1,10.0,0,0.00931500000000085
aco_current,5,7337,77,10,3,0.0,0.0,0.0,0.0,0.43936213850975037,False,False,0.0,0.0,0.0,[],10.0,10.0,1,10.0,0,0.00931500000000085
aco_current,5,7337,77,10,4,0.0,0.0,0.0,0.0,0.20313307642936707,False,False,0.0,0.0,0.0,[],10.0,10.0,1,10.0,0,0.00931500000000085
aco_current,5,7338,77,10,1,49.0,200.0,249.0,1.245,1.0,True,True,30.0,200.0,19.0,[1],10.0,10.0,1,10.0,0,0.009392583999996873
aco_current,5,7338,77,10,2,0.0,0.0,0.0,0.0,0.09907747060060501,False,False,0.0,0.0,0.0,[],10.0,10.0,1,10.0,0,0.009392583999996873
aco_current,5,7338,77,10,3,0.0,0.0,0.0,0.0,0.43936213850975037,False,False,0.0,0.0,0.0,[],10.0,10.0,1,10.0,0,0.009392583999996873
aco_current,5,7338,77,10,4,0.0,0.0,0.0,0.0,0.20313307642936707,False,False,0.0,0.0,0.0,[],10.0,10.0,1,10.0,0,0.009392583999996873
aco_current,5,7339,77,10,1,49.0,200.0,249.0,1.245,1.0,True,True,30.0,200.0,19.0,[1],10.0,10.0,1,10.0,0,0.00936162499999682
aco_current,5,7339,77,10,2,0.0,0.0,0.0,0.0,0.09907747060060501,False,False,0.0,0.0,0.0,[],10.0,10.0,1,10.0,0,0.00936162499999682
aco_current,5,7339,77,10,3,0.0,0.0,0.0,0.0,0.43936213850975037,False,False,0.0,0.0,0.0,[],10.0,10.0,1,10.0,0,0.00936162499999682
aco_current,5,7339,77,10,4,0.0,0.0,0.0,0.0,0.20313307642936707,False,False,0.0,0.0,0.0,[],10.0,10.0,1,10.0,0,0.00936162499999682
aco_current,5,7340,77,11,1,49.0,200.0,249.0,1.245,1.0,True,True,30.0,200.0,19.0,[1],10.0,10.0,1,10.0,0,0.009499040999997987
aco_current,5,7340,77,11,2,0.0,0.0,0.0,0.0,0.09907747060060501,False,False,0.0,0.0,0.0,[],10.0,10.0,1,10.0,0,0.009499040999997987
aco_current,5,7340,77,11,3,0.0,0.0,0.0,0.0,0.43936213850975037,False,False,0.0,0.0,0.0,[],10.0,10.0,1,10.0,0,0.009499040999997987
aco_current,5,7340,77,11,4,0.0,0.0,0.0,0.0,0.20313307642936707,False,False,0.0,0.0,0.0,[],10.0,10.0,1,10.0,0,0.009499040999997987
aco_current,5,7341,77,11,1,42.0,200.0,242.0,1.21,1.0,True,True,30.0,200.0,12.0,[1],10.0,10.0,1,10.0,0,0.009609457999999904
aco_current,5,7341,77,11,2,0.0,0.0,0.0,0.0,0.09907747060060501,False,False,0.0,0.0,0.0,[],10.0,10.0,1,10.0,0,0.009609457999999904
aco_current,5,7341,77,11,3,0.0,0.0,0.0,0.0,0.43936213850975037,False,False,0.0,0.0,0.0,[],10.0,10.0,1,10.0,0,0.009609457999999904
aco_current,5,7341,77,11,4,0.0,0.0,0.0,0.0,0.20313307642936707,False,False,0.0,0.0,0.0,[],10.0,10.0,1,10.0,0,0.009609457999999904
aco_current,5,7342,77,11,1,42.0,200.0,242.0,1.21,1.0,True,True,30.0,200.0,12.0,[1],10.0,10.0,1,10.0,0,0.009304915999997831
aco_current,5,7342,77,11,2,0.0,0.0,0.0,0.0,0.09907747060060501,False,False,0.0,0.0,0.0,[],10.0,10.0,1,10.0,0,0.009304915999997831
aco_current,5,7342,77,11,3,0.0,0.0,0.0,0.0,0.43936213850975037,False,False,0.0,0.0,0.0,[],10.0,10.0,1,10.0,0,0.009304915999997831
aco_current,5,7342,77,11,4,0.0,0.0,0.0,0.0,0.20313307642936707,False,False,0.0,0.0,0.0,[],10.0,10.0,1,10.0,0,0.009304915999997831
aco_current,5,7343,77,11,1,41.0,200.0,241.0,1.205,1.0,True,True,30.0,200.0,11.0,[1],10.0,10.0,1,10.0,0,0.009340667000003577
aco_current,5,7343,77,11,2,0.0,0.0,0.0,0.0,0.09907747060060501,False,False,0.0,0.0,0.0,[],10.0,10.0,1,10.0,0,0.009340667000003577
aco_current,5,7343,77,11,3,0.0,0.0,0.0,0.0,0.43936213850975037,False,False,0.0,0.0,0.0,[],10.0,10.0,1,10.0,0,0.009340667000003577
aco_current,5,7343,77,11,4,0.0,0.0,0.0,0.0,0.20313307642936707,False,False,0.0,0.0,0.0,[],10.0,10.0,1,10.0,0,0.009340667000003577
aco_current,5,7344,77,12,1,41.0,200.0,241.0,1.205,1.0,True,True,30.0,200.0,11.0,[1],10.0,10.0,1,10.0,0,0.009693250000005094
aco_current,5,7344,77,12,2,0.0,0.0,0.0,0.0,0.09907747060060501,False,False,0.0,0.0,0.0,[],10.0,10.0,1,10.0,0,0.009693250000005094
aco_current,5,7344,77,12,3,0.0,0.0,0.0,0.0,0.43936213850975037,False,False,0.0,0.0,0.0,[],10.0,10.0,1,10.0,0,0.009693250000005094
aco_current,5,7344,77,12,4,0.0,0.0,0.0,0.0,0.20313307642936707,False,False,0.0,0.0,0.0,[],10.0,10.0,1,10.0,0,0.009693250000005094
aco_current,5,7345,77,12,1,40.0,200.0,240.0,1.2,1.0,True,True,30.0,200.0,10.0,[1],10.0,10.0,1,10.0,0,0.009592624999996247
aco_current,5,7345,77,12,2,0.0,0.0,0.0,0.0,0.09907747060060501,False,False,0.0,0.0,0.0,[],10.0,10.0,1,10.0,0,0.009592624999996247
aco_current,5,7345,77,12,3,0.0,0.0,0.0,0.0,0.43936213850975037,False,False,0.0,0.0,0.0,[],10.0,10.0,1,10.0,0,0.009592624999996247
aco_current,5,7345,77,12,4,0.0,0.0,0.0,0.0,0.20313307642936707,False,False,0.0,0.0,0.0,[],10.0,10.0,1,10.0,0,0.009592624999996247
aco_current,5,7346,77,12,1,37.0,200.0,237.0,1.185,1.0,True,True,30.0,200.0,7.0,[1],10.0,10.0,1,10.0,0,0.009458041999998557
aco_current,5,7346,77,12,2,0.0,0.0,0.0,0.0,0.09907747060060501,False,False,0.0,0.0,0.0,[],10.0,10.0,1,10.0,0,0.009458041999998557
aco_current,5,7346,77,12,3,0.0,0.0,0.0,0.0,0.43936213850975037,False,False,0.0,0.0,0.0,[],10.0,10.0,1,10.0,0,0.009458041999998557
aco_current,5,7346,77,12,4,0.0,0.0,0.0,0.0,0.20313307642936707,False,False,0.0,0.0,0.0,[],10.0,10.0,1,10.0,0,0.009458041999998557
aco_current,5,7347,77,12,1,33.0,200.0,233.0,1.165,1.0,True,True,30.0,200.0,3.0,[1],10.0,10.0,1,10.0,0,0.009530124999997724
aco_current,5,7347,77,12,2,0.0,0.0,0.0,0.0,0.09907747060060501,False,False,0.0,0.0,0.0,[],10.0,10.0,1,10.0,0,0.009530124999997724
aco_current,5,7347,77,12,3,0.0,0.0,0.0,0.0,0.43936213850975037,False,False,0.0,0.0,0.0,[],10.0,10.0,1,10.0,0,0.009530124999997724
aco_current,5,7347,77,12,4,0.0,0.0,0.0,0.0,0.20313307642936707,False,False,0.0,0.0,0.0,[],10.0,10.0,1,10.0,0,0.009530124999997724
aco_current,5,7348,77,13,1,29.0,200.0,229.0,1.145,1.0,True,True,30.0,199.0,0.0,[1],10.0,10.0,1,10.0,0,0.00942166700000513
aco_current,5,7348,77,13,2,0.0,0.0,0.0,0.0,0.09907747060060501,False,False,0.0,0.0,0.0,[],10.0,10.0,1,10.0,0,0.00942166700000513
aco_current,5,7348,77,13,3,0.0,0.0,0.0,0.0,0.43936213850975037,False,False,0.0,0.0,0.0,[],10.0,10.0,1,10.0,0,0.00942166700000513
aco_current,5,7348,77,13,4,0.0,0.0,0.0,0.0,0.20313307642936707,False,False,0.0,0.0,0.0,[],10.0,10.0,1,10.0,0,0.00942166700000513
aco_current,5,7349,77,13,1,15.0,199.0,214.0,1.07,1.0,True,True,30.0,184.0,0.0,[1],10.0,10.0,1,10.0,0,0.0092511250000058
aco_current,5,7349,77,13,2,0.0,0.0,0.0,0.0,0.09907747060060501,False,False,0.0,0.0,0.0,[],10.0,10.0,1,10.0,0,0.0092511250000058
aco_current,5,7349,77,13,3,0.0,0.0,0.0,0.0,0.43936213850975037,False,False,0.0,0.0,0.0,[],10.0,10.0,1,10.0,0,0.0092511250000058
aco_current,5,7349,77,13,4,0.0,0.0,0.0,0.0,0.20313307642936707,False,False,0.0,0.0,0.0,[],10.0,10.0,1,10.0,0,0.0092511250000058
aco_current,5,7350,77,13,1,14.0,184.0,198.0,0.99,1.0,True,True,30.0,168.0,0.0,[1],10.0,10.0,1,10.0,0,0.009310333000001947
aco_current,5,7350,77,13,2,0.0,0.0,0.0,0.0,0.09907747060060501,False,False,0.0,0.0,0.0,[],10.0,10.0,1,10.0,0,0.009310333000001947
aco_current,5,7350,77,13,3,0.0,0.0,0.0,0.0,0.43936213850975037,False,False,0.0,0.0,0.0,[],10.0,10.0,1,10.0,0,0.009310333000001947
aco_current,5,7350,77,13,4,0.0,0.0,0.0,0.0,0.20313307642936707,False,False,0.0,0.0,0.0,[],10.0,10.0,1,10.0,0,0.009310333000001947
aco_current,5,7351,77,13,1,14.0,168.0,182.0,0.91,0.9999985098838806,True,True,30.0,152.0,0.0,[1],10.0,10.0,1,10.0,0,0.009604459000001953
aco_current,5,7351,77,13,2,0.0,0.0,0.0,0.0,0.09907747060060501,False,False,0.0,0.0,0.0,[],10.0,10.0,1,10.0,0,0.009604459000001953
aco_current,5,7351,77,13,3,0.0,0.0,0.0,0.0,0.43936213850975037,False,False,0.0,0.0,0.0,[],10.0,10.0,1,10.0,0,0.009604459000001953
aco_current,5,7351,77,13,4,0.0,0.0,0.0,0.0,0.20313307642936707,False,False,0.0,0.0,0.0,[],10.0,10.0,1,10.0,0,0.009604459000001953
aco_current,5,7352,77,14,1,13.0,152.0,165.0,0.825,0.9998015761375427,True,True,30.0,135.0,0.0,[1],10.0,10.0,1,10.0,0,0.009442499999998688
aco_current,5,7352,77,14,2,0.0,0.0,0.0,0.0,0.09907747060060501,False,False,0.0,0.0,0.0,[],10.0,10.0,1,10.0,0,0.009442499999998688
aco_current,5,7352,77,14,3,0.0,0.0,0.0,0.0,0.43936213850975037,False,False,0.0,0.0,0.0,[],10.0,10.0,1,10.0,0,0.009442499999998688
aco_current,5,7352,77,14,4,0.0,0.0,0.0,0.0,0.20313307642936707,False,False,0.0,0.0,0.0,[],10.0,10.0,1,10.0,0,0.009442499999998688
aco_current,5,7353,77,14,1,14.0,135.0,149.0,0.745,0.9961974024772644,False,False,0.0,149.0,0.0,[],0.0,0.0,0,0.0,0,3.0410000064762244e-06
aco_current,5,7353,77,14,2,0.0,0.0,0.0,0.0,0.09907747060060501,False,False,0.0,0.0,0.0,[],0.0,0.0,0,0.0,0,3.0410000064762244e-06
aco_current,5,7353,77,14,3,0.0,0.0,0.0,0.0,0.43936213850975037,False,False,0.0,0.0,0.0,[],0.0,0.0,0,0.0,0,3.0410000064762244e-06
aco_current,5,7353,77,14,4,0.0,0.0,0.0,0.0,0.20313307642936707,False,False,0.0,0.0,0.0,[],0.0,0.0,0,0.0,0,3.0410000064762244e-06
aco_current,5,7354,77,14,1,14.0,149.0,163.0,0.815,0.9997623562812805,True,True,30.0,133.0,0.0,[1],10.0,10.0,1,10.0,0,0.009427082999998504
aco_current,5,7354,77,14,2,0.0,0.0,0.0,0.0,0.09907747060060501,False,False,0.0,0.0,0.0,[],10.0,10.0,1,10.0,0,0.009427082999998504
aco_current,5,7354,77,14,3,0.0,0.0,0.0,0.0,0.43936213850975037,False,False,0.0,0.0,0.0,[],10.0,10.0,1,10.0,0,0.009427082999998504
aco_current,5,7354,77,14,4,0.0,0.0,0.0,0.0,0.20313307642936707,False,False,0.0,0.0,0.0,[],10.0,10.0,1,10.0,0,0.009427082999998504
aco_current,5,7355,77,14,1,14.0,133.0,147.0,0.735,0.9951350092887878,False,False,0.0,147.0,0.0,[],0.0,0.0,0,0.0,0,3.415999998424013e-06
aco_current,5,7355,77,14,2,0.0,0.0,0.0,0.0,0.09907747060060501,False,False,0.0,0.0,0.0,[],0.0,0.0,0,0.0,0,3.415999998424013e-06
aco_current,5,7355,77,14,3,0.0,0.0,0.0,0.0,0.43936213850975037,False,False,0.0,0.0,0.0,[],0.0,0.0,0,0.0,0,3.415999998424013e-06
aco_current,5,7355,77,14,4,0.0,0.0,0.0,0.0,0.20313307642936707,False,False,0.0,0.0,0.0,[],0.0,0.0,0,0.0,0,3.415999998424013e-06
aco_current,5,7356,77,15,1,14.0,147.0,161.0,0.805,0.9996035695075989,True,True,30.0,131.0,0.0,[1],10.0,10.0,1,10.0,0,0.009485332999993545
aco_current,5,7356,77,15,2,0.0,0.0,0.0,0.0,0.09907747060060501,False,False,0.0,0.0,0.0,[],10.0,10.0,1,10.0,0,0.009485332999993545
aco_current,5,7356,77,15,3,0.0,0.0,0.0,0.0,0.43936213850975037,False,False,0.0,0.0,0.0,[],10.0,10.0,1,10.0,0,0.009485332999993545
aco_current,5,7356,77,15,4,0.0,0.0,0.0,0.0,0.20313307642936707,False,False,0.0,0.0,0.0,[],10.0,10.0,1,10.0,0,0.009485332999993545
aco_current,5,7357,77,15,1,14.0,131.0,145.0,0.725,0.9937705993652344,False,False,0.0,145.0,0.0,[],0.0,0.0,0,0.0,0,2.584000000638298e-06
aco_current,5,7357,77,15,2,0.0,0.0,0.0,0.0,0.09907747060060501,False,False,0.0,0.0,0.0,[],0.0,0.0,0,0.0,0,2.584000000638298e-06
aco_current,5,7357,77,15,3,0.0,0.0,0.0,0.0,0.43936213850975037,False,False,0.0,0.0,0.0,[],0.0,0.0,0,0.0,0,2.584000000638298e-06
aco_current,5,7357,77,15,4,0.0,0.0,0.0,0.0,0.20313307642936707,False,False,0.0,0.0,0.0,[],0.0,0.0,0,0.0,0,2.584000000638298e-06
aco_current,5,7358,77,15,1,13.0,145.0,158.0,0.79,0.9988059401512146,False,False,0.0,158.0,0.0,[],0.0,0.0,0,0.0,0,3.0830000028458926e-06
aco_current,5,7358,77,15,2,0.0,0.0,0.0,0.0,0.09907747060060501,False,False,0.0,0.0,0.0,[],0.0,0.0,0,0.0,0,3.0830000028458926e-06
aco_current,5,7358,77,15,3,0.0,0.0,0.0,0.0,0.43936213850975037,False,False,0.0,0.0,0.0,[],0.0,0.0,0,0.0,0,3.0830000028458926e-06
aco_current,5,7358,77,15,4,0.0,0.0,0.0,0.0,0.20313307642936707,False,False,0.0,0.0,0.0,[],0.0,0.0,0,0.0,0,3.0830000028458926e-06
aco_current,5,7359,77,15,1,14.0,158.0,172.0,0.86,0.9999774694442749,True,True,30.0,142.0,0.0,[1],10.0,10.0,1,10.0,0,0.009596500000000674
aco_current,5,7359,77,15,2,0.0,0.0,0.0,0.0,0.09907747060060501,False,False,0.0,0.0,0.0,[],10.0,10.0,1,10.0,0,0.009596500000000674
aco_current,5,7359,77,15,3,0.0,0.0,0.0,0.0,0.43936213850975037,False,False,0.0,0.0,0.0,[],10.0,10.0,1,10.0,0,0.009596500000000674
aco_current,5,7359,77,15,4,0.0,0.0,0.0,0.0,0.20313307642936707,False,False,0.0,0.0,0.0,[],10.0,10.0,1,10.0,0,0.009596500000000674
aco_current,5,7360,77,16,1,14.0,142.0,156.0,0.78,0.9987085461616516,False,False,0.0,156.0,0.0,[],0.0,0.0,0,0.0,0,2.5419999971632024e-06
aco_current,5,7360,77,16,2,0.0,0.0,0.0,0.0,0.09907747060060501,False,False,0.0,0.0,0.0,[],0.0,0.0,0,0.0,0,2.5419999971632024e-06
aco_current,5,7360,77,16,3,0.0,0.0,0.0,0.0,0.43936213850975037,False,False,0.0,0.0,0.0,[],0.0,0.0,0,0.0,0,2.5419999971632024e-06
aco_current,5,7360,77,16,4,0.0,0.0,0.0,0.0,0.20313307642936707,False,False,0.0,0.0,0.0,[],0.0,0.0,0,0.0,0,2.5419999971632024e-06
aco_current,5,7361,77,16,1,14.0,156.0,170.0,0.85,0.999961793422699,True,True,30.0,140.0,0.0,[1],10.0,10.0,1,10.0,0,0.009464459000000147
aco_current,5,7361,77,16,2,0.0,0.0,0.0,0.0,0.09907747060060501,False,False,0.0,0.0,0.0,[],10.0,10.0,1,10.0,0,0.009464459000000147
aco_current,5,7361,77,16,3,0.0,0.0,0.0,0.0,0.43936213850975037,False,False,0.0,0.0,0.0,[],10.0,10.0,1,10.0,0,0.009464459000000147
aco_current,5,7361,77,16,4,0.0,0.0,0.0,0.0,0.20313307642936707,False,False,0.0,0.0,0.0,[],10.0,10.0,1,10.0,0,0.009464459000000147
aco_current,5,7362,77,16,1,14.0,140.0,154.0,0.77,0.9980173110961914,False,False,0.0,154.0,0.0,[],0.0,0.0,0,0.0,0,3.0840000064813466e-06
aco_current,5,7362,77,16,2,0.0,0.0,0.0,0.0,0.09907747060060501,False,False,0.0,0.0,0.0,[],0.0,0.0,0,0.0,0,3.0840000064813466e-06
aco_current,5,7362,77,16,3,0.0,0.0,0.0,0.0,0.43936213850975037,False,False,0.0,0.0,0.0,[],0.0,0.0,0,0.0,0,3.0840000064813466e-06
aco_current,5,7362,77,16,4,0.0,0.0,0.0,0.0,0.20313307642936707,False,False,0.0,0.0,0.0,[],0.0,0.0,0,0.0,0,3.0840000064813466e-06
aco_current,5,7363,77,16,1,14.0,154.0,168.0,0.84,0.9999355673789978,True,True,30.0,138.0,0.0,[1],10.0,10.0,1,10.0,0,0.009620208000001185
aco_current,5,7363,77,16,2,0.0,0.0,0.0,0.0,0.09907747060060501,False,False,0.0,0.0,0.0,[],10.0,10.0,1,10.0,0,0.009620208000001185
aco_current,5,7363,77,16,3,0.0,0.0,0.0,0.0,0.43936213850975037,False,False,0.0,0.0,0.0,[],10.0,10.0,1,10.0,0,0.009620208000001185
aco_current,5,7363,77,16,4,0.0,0.0,0.0,0.0,0.20313307642936707,False,False,0.0,0.0,0.0,[],10.0,10.0,1,10.0,0,0.009620208000001185
aco_current,5,7364,77,17,1,14.0,138.0,152.0,0.76,0.9973729252815247,False,False,0.0,152.0,0.0,[],0.0,0.0,0,0.0,0,2.9580000031614873e-06
aco_current,5,7364,77,17,2,0.0,0.0,0.0,0.0,0.09907747060060501,False,False,0.0,0.0,0.0,[],0.0,0.0,0,0.0,0,2.9580000031614873e-06
aco_current,5,7364,77,17,3,0.0,0.0,0.0,0.0,0.43936213850975037,False,False,0.0,0.0,0.0,[],0.0,0.0,0,0.0,0,2.9580000031614873e-06
aco_current,5,7364,77,17,4,0.0,0.0,0.0,0.0,0.20313307642936707,False,False,0.0,0.0,0.0,[],0.0,0.0,0,0.0,0,2.9580000031614873e-06
aco_current,5,7365,77,17,1,13.0,152.0,165.0,0.825,0.9998005628585815,True,True,30.0,135.0,0.0,[1],10.0,10.0,1,10.0,0,0.00959404199999625
aco_current,5,7365,77,17,2,0.0,0.0,0.0,0.0,0.09907747060060501,False,False,0.0,0.0,0.0,[],10.0,10.0,1,10.0,0,0.00959404199999625
aco_current,5,7365,77,17,3,0.0,0.0,0.0,0.0,0.43936213850975037,False,False,0.0,0.0,0.0,[],10.0,10.0,1,10.0,0,0.00959404199999625
aco_current,5,7365,77,17,4,0.0,0.0,0.0,0.0,0.20313307642936707,False,False,0.0,0.0,0.0,[],10.0,10.0,1,10.0,0,0.00959404199999625
aco_current,5,7366,77,17,1,14.0,135.0,149.0,0.745,0.9961974024772644,False,False,0.0,149.0,0.0,[],0.0,0.0,0,0.0,0,2.9169999962164184e-06
aco_current,5,7366,77,17,2,0.0,0.0,0.0,0.0,0.09907747060060501,False,False,0.0,0.0,0.0,[],0.0,0.0,0,0.0,0,2.9169999962164184e-06
aco_current,5,7366,77,17,3,0.0,0.0,0.0,0.0,0.43936213850975037,False,False,0.0,0.0,0.0,[],0.0,0.0,0,0.0,0,2.9169999962164184e-06
aco_current,5,7366,77,17,4,0.0,0.0,0.0,0.0,0.20313307642936707,False,False,0.0,0.0,0.0,[],0.0,0.0,0,0.0,0,2.9169999962164184e-06
aco_current,5,7367,77,17,1,14.0,149.0,163.0,0.815,0.9997623562812805,True,True,30.0,133.0,0.0,[1],10.0,10.0,1,10.0,0,0.009558790999996347
aco_current,5,7367,77,17,2,0.0,0.0,0.0,0.0,0.09907747060060501,False,False,0.0,0.0,0.0,[],10.0,10.0,1,10.0,0,0.009558790999996347
aco_current,5,7367,77,17,3,0.0,0.0,0.0,0.0,0.43936213850975037,False,False,0.0,0.0,0.0,[],10.0,10.0,1,10.0,0,0.009558790999996347
aco_current,5,7367,77,17,4,0.0,0.0,0.0,0.0,0.20313307642936707,False,False,0.0,0.0,0.0,[],10.0,10.0,1,10.0,0,0.009558790999996347
aco_current,5,7368,77,18,1,14.0,133.0,147.0,0.735,0.9951350092887878,False,False,0.0,147.0,0.0,[],0.0,0.0,0,0.0,0,3.2920000023750617e-06
aco_current,5,7368,77,18,2,0.0,0.0,0.0,0.0,0.09907747060060501,False,False,0.0,0.0,0.0,[],0.0,0.0,0,0.0,0,3.2920000023750617e-06
aco_current,5,7368,77,18,3,0.0,0.0,0.0,0.0,0.43936213850975037,False,False,0.0,0.0,0.0,[],0.0,0.0,0,0.0,0,3.2920000023750617e-06
aco_current,5,7368,77,18,4,0.0,0.0,0.0,0.0,0.20313307642936707,False,False,0.0,0.0,0.0,[],0.0,0.0,0,0.0,0,3.2920000023750617e-06
aco_current,5,7369,77,18,1,14.0,147.0,161.0,0.805,0.9996035695075989,True,True,30.0,131.0,0.0,[1],10.0,10.0,1,10.0,0,0.009474375000003477
aco_current,5,7369,77,18,2,0.0,0.0,0.0,0.0,0.09907747060060501,False,False,0.0,0.0,0.0,[],10.0,10.0,1,10.0,0,0.009474375000003477
aco_current,5,7369,77,18,3,0.0,0.0,0.0,0.0,0.43936213850975037,False,False,0.0,0.0,0.0,[],10.0,10.0,1,10.0,0,0.009474375000003477
aco_current,5,7369,77,18,4,0.0,0.0,0.0,0.0,0.20313307642936707,False,False,0.0,0.0,0.0,[],10.0,10.0,1,10.0,0,0.009474375000003477
aco_current,5,7370,77,18,1,14.0,131.0,145.0,0.725,0.9937705993652344,False,False,0.0,145.0,0.0,[],0.0,0.0,0,0.0,0,2.584000000638298e-06
aco_current,5,7370,77,18,2,0.0,0.0,0.0,0.0,0.09907747060060501,False,False,0.0,0.0,0.0,[],0.0,0.0,0,0.0,0,2.584000000638298e-06
aco_current,5,7370,77,18,3,0.0,0.0,0.0,0.0,0.43936213850975037,False,False,0.0,0.0,0.0,[],0.0,0.0,0,0.0,0,2.584000000638298e-06
aco_current,5,7370,77,18,4,0.0,0.0,0.0,0.0,0.20313307642936707,False,False,0.0,0.0,0.0,[],0.0,0.0,0,0.0,0,2.584000000638298e-06
aco_current,5,7371,77,18,1,13.0,145.0,158.0,0.79,0.9988059401512146,False,False,0.0,158.0,0.0,[],0.0,0.0,0,0.0,0,2.9999999995311555e-06
aco_current,5,7371,77,18,2,0.0,0.0,0.0,0.0,0.09907747060060501,False,False,0.0,0.0,0.0,[],0.0,0.0,0,0.0,0,2.9999999995311555e-06
aco_current,5,7371,77,18,3,0.0,0.0,0.0,0.0,0.43936213850975037,False,False,0.0,0.0,0.0,[],0.0,0.0,0,0.0,0,2.9999999995311555e-06
aco_current,5,7371,77,18,4,0.0,0.0,0.0,0.0,0.20313307642936707,False,False,0.0,0.0,0.0,[],0.0,0.0,0,0.0,0,2.9999999995311555e-06
aco_current,5,7372,77,19,1,14.0,158.0,172.0,0.86,0.9999774694442749,True,True,30.0,142.0,0.0,[1],10.0,10.0,1,10.0,0,0.009579416000001117
aco_current,5,7372,77,19,2,0.0,0.0,0.0,0.0,0.09907747060060501,False,False,0.0,0.0,0.0,[],10.0,10.0,1,10.0,0,0.009579416000001117
aco_current,5,7372,77,19,3,0.0,0.0,0.0,0.0,0.43936213850975037,False,False,0.0,0.0,0.0,[],10.0,10.0,1,10.0,0,0.009579416000001117
aco_current,5,7372,77,19,4,0.0,0.0,0.0,0.0,0.20313307642936707,False,False,0.0,0.0,0.0,[],10.0,10.0,1,10.0,0,0.009579416000001117
aco_current,5,7373,77,19,1,14.0,142.0,156.0,0.78,0.9987085461616516,False,False,0.0,156.0,0.0,[],0.0,0.0,0,0.0,0,2.6250000004779395e-06
aco_current,5,7373,77,19,2,0.0,0.0,0.0,0.0,0.09907747060060501,False,False,0.0,0.0,0.0,[],0.0,0.0,0,0.0,0,2.6250000004779395e-06
aco_current,5,7373,77,19,3,0.0,0.0,0.0,0.0,0.43936213850975037,False,False,0.0,0.0,0.0,[],0.0,0.0,0,0.0,0,2.6250000004779395e-06
aco_current,5,7373,77,19,4,0.0,0.0,0.0,0.0,0.20313307642936707,False,False,0.0,0.0,0.0,[],0.0,0.0,0,0.0,0,2.6250000004779395e-06
aco_current,5,7374,77,19,1,14.0,156.0,170.0,0.85,0.999961793422699,True,True,30.0,140.0,0.0,[1],10.0,10.0,1,10.0,0,0.009563208000002987
aco_current,5,7374,77,19,2,0.0,0.0,0.0,0.0,0.09907747060060501,False,False,0.0,0.0,0.0,[],10.0,10.0,1,10.0,0,0.009563208000002987
aco_current,5,7374,77,19,3,0.0,0.0,0.0,0.0,0.43936213850975037,False,False,0.0,0.0,0.0,[],10.0,10.0,1,10.0,0,0.009563208000002987
aco_current,5,7374,77,19,4,0.0,0.0,0.0,0.0,0.20313307642936707,False,False,0.0,0.0,0.0,[],10.0,10.0,1,10.0,0,0.009563208000002987
aco_current,5,7375,77,19,1,14.0,140.0,154.0,0.77,0.9980173110961914,False,False,0.0,154.0,0.0,[],0.0,0.0,0,0.0,0,3.4160000055294404e-06
aco_current,5,7375,77,19,2,0.0,0.0,0.0,0.0,0.09907747060060501,False,False,0.0,0.0,0.0,[],0.0,0.0,0,0.0,0,3.4160000055294404e-06
aco_current,5,7375,77,19,3,0.0,0.0,0.0,0.0,0.43936213850975037,False,False,0.0,0.0,0.0,[],0.0,0.0,0,0.0,0,3.4160000055294404e-06
aco_current,5,7375,77,19,4,0.0,0.0,0.0,0.0,0.20313307642936707,False,False,0.0,0.0,0.0,[],0.0,0.0,0,0.0,0,3.4160000055294404e-06
aco_current,5,7376,77,20,1,14.0,154.0,168.0,0.84,0.9999355673789978,True,True,30.0,138.0,0.0,[1],10.0,10.0,1,10.0,0,0.009676209000005542
aco_current,5,7376,77,20,2,0.0,0.0,0.0,0.0,0.09907747060060501,False,False,0.0,0.0,0.0,[],10.0,10.0,1,10.0,0,0.009676209000005542
aco_current,5,7376,77,20,3,0.0,0.0,0.0,0.0,0.43936213850975037,False,False,0.0,0.0,0.0,[],10.0,10.0,1,10.0,0,0.009676209000005542
aco_current,5,7376,77,20,4,0.0,0.0,0.0,0.0,0.20313307642936707,False,False,0.0,0.0,0.0,[],10.0,10.0,1,10.0,0,0.009676209000005542
aco_current,5,7377,77,20,1,14.0,138.0,152.0,0.76,0.9973729252815247,False,False,0.0,152.0,0.0,[],0.0,0.0,0,0.0,0,3.125000006320988e-06
aco_current,5,7377,77,20,2,0.0,0.0,0.0,0.0,0.09907747060060501,False,False,0.0,0.0,0.0,[],0.0,0.0,0,0.0,0,3.125000006320988e-06
aco_current,5,7377,77,20,3,0.0,0.0,0.0,0.0,0.43936213850975037,False,False,0.0,0.0,0.0,[],0.0,0.0,0,0.0,0,3.125000006320988e-06
aco_current,5,7377,77,20,4,0.0,0.0,0.0,0.0,0.20313307642936707,False,False,0.0,0.0,0.0,[],0.0,0.0,0,0.0,0,3.125000006320988e-06
aco_current,5,7378,77,20,1,13.0,152.0,165.0,0.825,0.9998005628585815,True,True,30.0,135.0,0.0,[1],10.0,10.0,1,10.0,0,0.009481624999999383
aco_current,5,7378,77,20,2,0.0,0.0,0.0,0.0,0.09907747060060501,False,False,0.0,0.0,0.0,[],10.0,10.0,1,10.0,0,0.009481624999999383
aco_current,5,7378,77,20,3,0.0,0.0,0.0,0.0,0.43936213850975037,False,False,0.0,0.0,0.0,[],10.0,10.0,1,10.0,0,0.009481624999999383
aco_current,5,7378,77,20,4,0.0,0.0,0.0,0.0,0.20313307642936707,False,False,0.0,0.0,0.0,[],10.0,10.0,1,10.0,0,0.009481624999999383
aco_current,5,7379,77,20,1,14.0,135.0,149.0,0.745,0.9961974024772644,False,False,0.0,149.0,0.0,[],0.0,0.0,0,0.0,0,3.583000001583514e-06
aco_current,5,7379,77,20,2,0.0,0.0,0.0,0.0,0.09907747060060501,False,False,0.0,0.0,0.0,[],0.0,0.0,0,0.0,0,3.583000001583514e-06
aco_current,5,7379,77,20,3,0.0,0.0,0.0,0.0,0.43936213850975037,False,False,0.0,0.0,0.0,[],0.0,0.0,0,0.0,0,3.583000001583514e-06
aco_current,5,7379,77,20,4,0.0,0.0,0.0,0.0,0.20313307642936707,False,False,0.0,0.0,0.0,[],0.0,0.0,0,0.0,0,3.583000001583514e-06
aco_current,5,7380,77,21,1,14.0,149.0,163.0,0.815,0.9997623562812805,True,True,30.0,133.0,0.0,[1],10.0,10.0,1,10.0,0,0.009521833000000868
aco_current,5,7380,77,21,2,0.0,0.0,0.0,0.0,0.09907747060060501,False,False,0.0,0.0,0.0,[],10.0,10.0,1,10.0,0,0.009521833000000868
aco_current,5,7380,77,21,3,0.0,0.0,0.0,0.0,0.43936213850975037,False,False,0.0,0.0,0.0,[],10.0,10.0,1,10.0,0,0.009521833000000868
aco_current,5,7380,77,21,4,0.0,0.0,0.0,0.0,0.20313307642936707,False,False,0.0,0.0,0.0,[],10.0,10.0,1,10.0,0,0.009521833000000868
aco_current,5,7381,77,21,1,14.0,133.0,147.0,0.735,0.9951350092887878,False,False,0.0,147.0,0.0,[],0.0,0.0,0,0.0,0,3.33399999874473e-06
aco_current,5,7381,77,21,2,0.0,0.0,0.0,0.0,0.09907747060060501,False,False,0.0,0.0,0.0,[],0.0,0.0,0,0.0,0,3.33399999874473e-06
aco_current,5,7381,77,21,3,0.0,0.0,0.0,0.0,0.43936213850975037,False,False,0.0,0.0,0.0,[],0.0,0.0,0,0.0,0,3.33399999874473e-06
aco_current,5,7381,77,21,4,0.0,0.0,0.0,0.0,0.20313307642936707,False,False,0.0,0.0,0.0,[],0.0,0.0,0,0.0,0,3.33399999874473e-06
aco_current,5,7382,77,21,1,14.0,147.0,161.0,0.805,0.9996035695075989,True,True,30.0,131.0,0.0,[1],10.0,10.0,1,10.0,0,0.009486041000002388
aco_current,5,7382,77,21,2,0.0,0.0,0.0,0.0,0.09907747060060501,False,False,0.0,0.0,0.0,[],10.0,10.0,1,10.0,0,0.009486041000002388
aco_current,5,7382,77,21,3,0.0,0.0,0.0,0.0,0.43936213850975037,False,False,0.0,0.0,0.0,[],10.0,10.0,1,10.0,0,0.009486041000002388
aco_current,5,7382,77,21,4,0.0,0.0,0.0,0.0,0.20313307642936707,False,False,0.0,0.0,0.0,[],10.0,10.0,1,10.0,0,0.009486041000002388
aco_current,5,7383,77,21,1,14.0,131.0,145.0,0.725,0.9937705993652344,False,False,0.0,145.0,0.0,[],0.0,0.0,0,0.0,0,3.0829999957404652e-06
aco_current,5,7383,77,21,2,0.0,0.0,0.0,0.0,0.09907747060060501,False,False,0.0,0.0,0.0,[],0.0,0.0,0,0.0,0,3.0829999957404652e-06
aco_current,5,7383,77,21,3,0.0,0.0,0.0,0.0,0.43936213850975037,False,False,0.0,0.0,0.0,[],0.0,0.0,0,0.0,0,3.0829999957404652e-06
aco_current,5,7383,77,21,4,0.0,0.0,0.0,0.0,0.20313307642936707,False,False,0.0,0.0,0.0,[],0.0,0.0,0,0.0,0,3.0829999957404652e-06
aco_current,5,7384,77,22,1,0.0,145.0,145.0,0.725,0.15652655065059662,False,False,0.0,145.0,0.0,[],0.0,0.0,0,0.0,0,2.375000001109129e-06
aco_current,5,7384,77,22,2,0.0,0.0,0.0,0.0,0.09907747060060501,False,False,0.0,0.0,0.0,[],0.0,0.0,0,0.0,0,2.375000001109129e-06
aco_current,5,7384,77,22,3,0.0,0.0,0.0,0.0,0.43936213850975037,False,False,0.0,0.0,0.0,[],0.0,0.0,0,0.0,0,2.375000001109129e-06
aco_current,5,7384,77,22,4,0.0,0.0,0.0,0.0,0.20313307642936707,False,False,0.0,0.0,0.0,[],0.0,0.0,0,0.0,0,2.375000001109129e-06
aco_current,5,7385,77,22,1,0.0,145.0,145.0,0.725,0.15996329486370087,False,False,0.0,145.0,0.0,[],0.0,0.0,0,0.0,0,2.458000004423866e-06
aco_current,5,7385,77,22,2,0.0,0.0,0.0,0.0,0.09907747060060501,False,False,0.0,0.0,0.0,[],0.0,0.0,0,0.0,0,2.458000004423866e-06
aco_current,5,7385,77,22,3,0.0,0.0,0.0,0.0,0.43936213850975037,False,False,0.0,0.0,0.0,[],0.0,0.0,0,0.0,0,2.458000004423866e-06
aco_current,5,7385,77,22,4,0.0,0.0,0.0,0.0,0.20313307642936707,False,False,0.0,0.0,0.0,[],0.0,0.0,0,0.0,0,2.458000004423866e-06
aco_current,5,7386,77,22,1,0.0,145.0,145.0,0.725,0.244400292634964,False,False,0.0,145.0,0.0,[],0.0,0.0,0,0.0,0,2.207999997949628e-06
aco_current,5,7386,77,22,2,0.0,0.0,0.0,0.0,0.09907747060060501,False,False,0.0,0.0,0.0,[],0.0,0.0,0,0.0,0,2.207999997949628e-06
aco_current,5,7386,77,22,3,0.0,0.0,0.0,0.0,0.43936213850975037,False,False,0.0,0.0,0.0,[],0.0,0.0,0,0.0,0,2.207999997949628e-06
aco_current,5,7386,77,22,4,0.0,0.0,0.0,0.0,0.20313307642936707,False,False,0.0,0.0,0.0,[],0.0,0.0,0,0.0,0,2.207999997949628e-06
aco_current,5,7387,77,22,1,0.0,145.0,145.0,0.725,0.31859835982322693,False,False,0.0,145.0,0.0,[],0.0,0.0,0,0.0,0,2.2089999944796546e-06
aco_current,5,7387,77,22,2,0.0,0.0,0.0,0.0,0.09907747060060501,False,False,0.0,0.0,0.0,[],0.0,0.0,0,0.0,0,2.2089999944796546e-06
aco_current,5,7387,77,22,3,0.0,0.0,0.0,0.0,0.43936213850975037,False,False,0.0,0.0,0.0,[],0.0,0.0,0,0.0,0,2.2089999944796546e-06
aco_current,5,7387,77,22,4,0.0,0.0,0.0,0.0,0.20313307642936707,False,False,0.0,0.0,0.0,[],0.0,0.0,0,0.0,0,2.2089999944796546e-06
aco_current,5,7388,77,23,1,0.0,145.0,145.0,0.725,0.31859835982322693,False,False,0.0,145.0,0.0,[],0.0,0.0,0,0.0,0,2.4579999973184385e-06
aco_current,5,7388,77,23,2,0.0,0.0,0.0,0.0,0.09907747060060501,False,False,0.0,0.0,0.0,[],0.0,0.0,0,0.0,0,2.4579999973184385e-06
aco_current,5,7388,77,23,3,0.0,0.0,0.0,0.0,0.43936213850975037,False,False,0.0,0.0,0.0,[],0.0,0.0,0,0.0,0,2.4579999973184385e-06
aco_current,5,7388,77,23,4,0.0,0.0,0.0,0.0,0.20313307642936707,False,False,0.0,0.0,0.0,[],0.0,0.0,0,0.0,0,2.4579999973184385e-06
aco_current,5,7389,77,23,1,0.0,145.0,145.0,0.725,0.31859835982322693,False,False,0.0,145.0,0.0,[],0.0,0.0,0,0.0,0,2.4579999973184385e-06
aco_current,5,7389,77,23,2,0.0,0.0,0.0,0.0,0.09907747060060501,False,False,0.0,0.0,0.0,[],0.0,0.0,0,0.0,0,2.4579999973184385e-06
aco_current,5,7389,77,23,3,0.0,0.0,0.0,0.0,0.43936213850975037,False,False,0.0,0.0,0.0,[],0.0,0.0,0,0.0,0,2.4579999973184385e-06
aco_current,5,7389,77,23,4,0.0,0.0,0.0,0.0,0.20313307642936707,False,False,0.0,0.0,0.0,[],0.0,0.0,0,0.0,0,2.4579999973184385e-06
aco_current,5,7390,77,23,1,0.0,145.0,145.0,0.725,0.31859835982322693,False,False,0.0,145.0,0.0,[],0.0,0.0,0,0.0,0,2.209000001585082e-06
aco_current,5,7390,77,23,2,0.0,0.0,0.0,0.0,0.09907747060060501,False,False,0.0,0.0,0.0,[],0.0,0.0,0,0.0,0,2.209000001585082e-06
aco_current,5,7390,77,23,3,0.0,0.0,0.0,0.0,0.43936213850975037,False,False,0.0,0.0,0.0,[],0.0,0.0,0,0.0,0,2.209000001585082e-06
aco_current,5,7390,77,23,4,0.0,0.0,0.0,0.0,0.20313307642936707,False,False,0.0,0.0,0.0,[],0.0,0.0,0,0.0,0,2.209000001585082e-06
aco_current,5,7391,77,23,1,0.0,145.0,145.0,0.725,0.31859835982322693,False,False,0.0,145.0,0.0,[],0.0,0.0,0,0.0,0,2.0000000020559128e-06
aco_current,5,7391,77,23,2,0.0,0.0,0.0,0.0,0.09907747060060501,False,False,0.0,0.0,0.0,[],0.0,0.0,0,0.0,0,2.0000000020559128e-06
aco_current,5,7391,77,23,3,0.0,0.0,0.0,0.0,0.43936213850975037,False,False,0.0,0.0,0.0,[],0.0,0.0,0,0.0,0,2.0000000020559128e-06
aco_current,5,7391,77,23,4,0.0,0.0,0.0,0.0,0.20313307642936707,False,False,0.0,0.0,0.0,[],0.0,0.0,0,0.0,0,2.0000000020559128e-06
aco_current,5,7392,78,0,1,39.0,145.0,184.0,0.92,1.0,True,True,30.0,154.0,0.0,[1],10.0,10.0,1,10.0,0,0.009528166999999144
aco_current,5,7392,78,0,2,0.0,0.0,0.0,0.0,0.09907747060060501,False,False,0.0,0.0,0.0,[],10.0,10.0,1,10.0,0,0.009528166999999144
aco_current,5,7392,78,0,3,0.0,0.0,0.0,0.0,0.43936213850975037,False,False,0.0,0.0,0.0,[],10.0,10.0,1,10.0,0,0.009528166999999144
aco_current,5,7392,78,0,4,0.0,0.0,0.0,0.0,0.20313307642936707,False,False,0.0,0.0,0.0,[],10.0,10.0,1,10.0,0,0.009528166999999144
aco_current,5,7393,78,0,1,42.0,154.0,196.0,0.98,1.0,True,True,30.0,166.0,0.0,[1],10.0,10.0,1,10.0,0,0.009371000000001573
aco_current,5,7393,78,0,2,0.0,0.0,0.0,0.0,0.09907747060060501,False,False,0.0,0.0,0.0,[],10.0,10.0,1,10.0,0,0.009371000000001573
aco_current,5,7393,78,0,3,0.0,0.0,0.0,0.0,0.43936213850975037,False,False,0.0,0.0,0.0,[],10.0,10.0,1,10.0,0,0.009371000000001573
aco_current,5,7393,78,0,4,0.0,0.0,0.0,0.0,0.20313307642936707,False,False,0.0,0.0,0.0,[],10.0,10.0,1,10.0,0,0.009371000000001573
aco_current,5,7394,78,0,1,42.0,166.0,208.0,1.04,1.0,True,True,30.0,178.0,0.0,[1],10.0,10.0,1,10.0,0,0.009455958000003761
aco_current,5,7394,78,0,2,0.0,0.0,0.0,0.0,0.09907747060060501,False,False,0.0,0.0,0.0,[],10.0,10.0,1,10.0,0,0.009455958000003761
aco_current,5,7394,78,0,3,0.0,0.0,0.0,0.0,0.43936213850975037,False,False,0.0,0.0,0.0,[],10.0,10.0,1,10.0,0,0.009455958000003761
aco_current,5,7394,78,0,4,0.0,0.0,0.0,0.0,0.20313307642936707,False,False,0.0,0.0,0.0,[],10.0,10.0,1,10.0,0,0.009455958000003761
aco_current,5,7395,78,0,1,41.0,178.0,219.0,1.095,1.0,True,True,30.0,189.0,0.0,[1],10.0,10.0,1,10.0,0,0.009510208000001796
aco_current,5,7395,78,0,2,0.0,0.0,0.0,0.0,0.09907747060060501,False,False,0.0,0.0,0.0,[],10.0,10.0,1,10.0,0,0.009510208000001796
aco_current,5,7395,78,0,3,0.0,0.0,0.0,0.0,0.43936213850975037,False,False,0.0,0.0,0.0,[],10.0,10.0,1,10.0,0,0.009510208000001796
aco_current,5,7395,78,0,4,0.0,0.0,0.0,0.0,0.20313307642936707,False,False,0.0,0.0,0.0,[],10.0,10.0,1,10.0,0,0.009510208000001796
aco_current,5,7396,78,1,1,42.0,189.0,231.0,1.155,1.0,True,True,30.0,200.0,1.0,[1],10.0,10.0,1,10.0,0,0.009556291999999189
aco_current,5,7396,78,1,2,0.0,0.0,0.0,0.0,0.09907747060060501,False,False,0.0,0.0,0.0,[],10.0,10.0,1,10.0,0,0.009556291999999189
aco_current,5,7396,78,1,3,0.0,0.0,0.0,0.0,0.43936213850975037,False,False,0.0,0.0,0.0,[],10.0,10.0,1,10.0,0,0.009556291999999189
aco_current,5,7396,78,1,4,0.0,0.0,0.0,0.0,0.20313307642936707,False,False,0.0,0.0,0.0,[],10.0,10.0,1,10.0,0,0.009556291999999189
aco_current,5,7397,78,1,1,45.0,200.0,245.0,1.225,1.0,True,True,30.0,200.0,15.0,[1],10.0,10.0,1,10.0,0,0.009641250000001378
aco_current,5,7397,78,1,2,0.0,0.0,0.0,0.0,0.09907747060060501,False,False,0.0,0.0,0.0,[],10.0,10.0,1,10.0,0,0.009641250000001378
aco_current,5,7397,78,1,3,0.0,0.0,0.0,0.0,0.43936213850975037,False,False,0.0,0.0,0.0,[],10.0,10.0,1,10.0,0,0.009641250000001378
aco_current,5,7397,78,1,4,0.0,0.0,0.0,0.0,0.20313307642936707,False,False,0.0,0.0,0.0,[],10.0,10.0,1,10.0,0,0.009641250000001378
aco_current,5,7398,78,1,1,44.0,200.0,244.0,1.22,1.0,True,True,30.0,200.0,14.0,[1],10.0,10.0,1,10.0,0,0.009464291000000458
aco_current,5,7398,78,1,2,0.0,0.0,0.0,0.0,0.09907747060060501,False,False,0.0,0.0,0.0,[],10.0,10.0,1,10.0,0,0.009464291000000458
aco_current,5,7398,78,1,3,0.0,0.0,0.0,0.0,0.43936213850975037,False,False,0.0,0.0,0.0,[],10.0,10.0,1,10.0,0,0.009464291000000458
aco_current,5,7398,78,1,4,0.0,0.0,0.0,0.0,0.20313307642936707,False,False,0.0,0.0,0.0,[],10.0,10.0,1,10.0,0,0.009464291000000458
aco_current,5,7399,78,1,1,45.0,200.0,245.0,1.225,1.0,True,True,30.0,200.0,15.0,[1],10.0,10.0,1,10.0,0,0.009525375000002612
aco_current,5,7399,78,1,2,0.0,0.0,0.0,0.0,0.09907747060060501,False,False,0.0,0.0,0.0,[],10.0,10.0,1,10.0,0,0.009525375000002612
aco_current,5,7399,78,1,3,0.0,0.0,0.0,0.0,0.43936213850975037,False,False,0.0,0.0,0.0,[],10.0,10.0,1,10.0,0,0.009525375000002612
aco_current,5,7399,78,1,4,0.0,0.0,0.0,0.0,0.20313307642936707,False,False,0.0,0.0,0.0,[],10.0,10.0,1,10.0,0,0.009525375000002612
aco_current,5,7400,78,2,1,44.0,200.0,244.0,1.22,1.0,True,True,30.0,200.0,14.0,[1],10.0,10.0,1,10.0,0,0.009393416999998294
aco_current,5,7400,78,2,2,0.0,0.0,0.0,0.0,0.09907747060060501,False,False,0.0,0.0,0.0,[],10.0,10.0,1,10.0,0,0.009393416999998294
aco_current,5,7400,78,2,3,0.0,0.0,0.0,0.0,0.43936213850975037,False,False,0.0,0.0,0.0,[],10.0,10.0,1,10.0,0,0.009393416999998294
aco_current,5,7400,78,2,4,0.0,0.0,0.0,0.0,0.20313307642936707,False,False,0.0,0.0,0.0,[],10.0,10.0,1,10.0,0,0.009393416999998294
aco_current,5,7401,78,2,1,43.0,200.0,243.0,1.215,1.0,True,True,30.0,200.0,13.0,[1],10.0,10.0,1,10.0,0,0.009520833999999923
aco_current,5,7401,78,2,2,0.0,0.0,0.0,0.0,0.09907747060060501,False,False,0.0,0.0,0.0,[],10.0,10.0,1,10.0,0,0.009520833999999923
aco_current,5,7401,78,2,3,0.0,0.0,0.0,0.0,0.43936213850975037,False,False,0.0,0.0,0.0,[],10.0,10.0,1,10.0,0,0.009520833999999923
aco_current,5,7401,78,2,4,0.0,0.0,0.0,0.0,0.20313307642936707,False,False,0.0,0.0,0.0,[],10.0,10.0,1,10.0,0,0.009520833999999923
aco_current,5,7402,78,2,1,46.0,200.0,246.0,1.23,1.0,True,True,30.0,200.0,16.0,[1],10.0,10.0,1,10.0,0,0.009659749999997302
aco_current,5,7402,78,2,2,0.0,0.0,0.0,0.0,0.09907747060060501,False,False,0.0,0.0,0.0,[],10.0,10.0,1,10.0,0,0.009659749999997302
aco_current,5,7402,78,2,3,0.0,0.0,0.0,0.0,0.43936213850975037,False,False,0.0,0.0,0.0,[],10.0,10.0,1,10.0,0,0.009659749999997302
aco_current,5,7402,78,2,4,0.0,0.0,0.0,0.0,0.20313307642936707,False,False,0.0,0.0,0.0,[],10.0,10.0,1,10.0,0,0.009659749999997302
aco_current,5,7403,78,2,1,43.0,200.0,243.0,1.215,1.0,True,True,30.0,200.0,13.0,[1],10.0,10.0,1,10.0,0,0.009599999999998943
aco_current,5,7403,78,2,2,0.0,0.0,0.0,0.0,0.09907747060060501,False,False,0.0,0.0,0.0,[],10.0,10.0,1,10.0,0,0.009599999999998943
aco_current,5,7403,78,2,3,0.0,0.0,0.0,0.0,0.43936213850975037,False,False,0.0,0.0,0.0,[],10.0,10.0,1,10.0,0,0.009599999999998943
aco_current,5,7403,78,2,4,0.0,0.0,0.0,0.0,0.20313307642936707,False,False,0.0,0.0,0.0,[],10.0,10.0,1,10.0,0,0.009599999999998943
aco_current,5,7404,78,3,1,44.0,200.0,244.0,1.22,1.0,True,True,30.0,200.0,14.0,[1],10.0,10.0,1,10.0,0,0.009397374999998931
aco_current,5,7404,78,3,2,0.0,0.0,0.0,0.0,0.09907747060060501,False,False,0.0,0.0,0.0,[],10.0,10.0,1,10.0,0,0.009397374999998931
aco_current,5,7404,78,3,3,0.0,0.0,0.0,0.0,0.43936213850975037,False,False,0.0,0.0,0.0,[],10.0,10.0,1,10.0,0,0.009397374999998931
aco_current,5,7404,78,3,4,0.0,0.0,0.0,0.0,0.20313307642936707,False,False,0.0,0.0,0.0,[],10.0,10.0,1,10.0,0,0.009397374999998931
aco_current,5,7405,78,3,1,44.0,200.0,244.0,1.22,1.0,True,True,30.0,200.0,14.0,[1],10.0,10.0,1,10.0,0,0.009279415999998264
aco_current,5,7405,78,3,2,0.0,0.0,0.0,0.0,0.09907747060060501,False,False,0.0,0.0,0.0,[],10.0,10.0,1,10.0,0,0.009279415999998264
aco_current,5,7405,78,3,3,0.0,0.0,0.0,0.0,0.43936213850975037,False,False,0.0,0.0,0.0,[],10.0,10.0,1,10.0,0,0.009279415999998264
aco_current,5,7405,78,3,4,0.0,0.0,0.0,0.0,0.20313307642936707,False,False,0.0,0.0,0.0,[],10.0,10.0,1,10.0,0,0.009279415999998264
aco_current,5,7406,78,3,1,44.0,200.0,244.0,1.22,1.0,True,True,30.0,200.0,14.0,[1],10.0,10.0,1,10.0,0,0.009588916999994979
aco_current,5,7406,78,3,2,0.0,0.0,0.0,0.0,0.09907747060060501,False,False,0.0,0.0,0.0,[],10.0,10.0,1,10.0,0,0.009588916999994979
aco_current,5,7406,78,3,3,0.0,0.0,0.0,0.0,0.43936213850975037,False,False,0.0,0.0,0.0,[],10.0,10.0,1,10.0,0,0.009588916999994979
aco_current,5,7406,78,3,4,0.0,0.0,0.0,0.0,0.20313307642936707,False,False,0.0,0.0,0.0,[],10.0,10.0,1,10.0,0,0.009588916999994979
aco_current,5,7407,78,3,1,45.0,200.0,245.0,1.225,1.0,True,True,30.0,200.0,15.0,[1],10.0,10.0,1,10.0,0,0.009414583000001642
aco_current,5,7407,78,3,2,0.0,0.0,0.0,0.0,0.09907747060060501,False,False,0.0,0.0,0.0,[],10.0,10.0,1,10.0,0,0.009414583000001642
aco_current,5,7407,78,3,3,0.0,0.0,0.0,0.0,0.43936213850975037,False,False,0.0,0.0,0.0,[],10.0,10.0,1,10.0,0,0.009414583000001642
aco_current,5,7407,78,3,4,0.0,0.0,0.0,0.0,0.20313307642936707,False,False,0.0,0.0,0.0,[],10.0,10.0,1,10.0,0,0.009414583000001642
aco_current,5,7408,78,4,1,43.0,200.0,243.0,1.215,1.0,True,True,30.0,200.0,13.0,[1],10.0,10.0,1,10.0,0,0.009735000000006266
aco_current,5,7408,78,4,2,0.0,0.0,0.0,0.0,0.09907747060060501,False,False,0.0,0.0,0.0,[],10.0,10.0,1,10.0,0,0.009735000000006266
aco_current,5,7408,78,4,3,0.0,0.0,0.0,0.0,0.43936213850975037,False,False,0.0,0.0,0.0,[],10.0,10.0,1,10.0,0,0.009735000000006266
aco_current,5,7408,78,4,4,0.0,0.0,0.0,0.0,0.20313307642936707,False,False,0.0,0.0,0.0,[],10.0,10.0,1,10.0,0,0.009735000000006266
aco_current,5,7409,78,4,1,45.0,200.0,245.0,1.225,1.0,True,True,30.0,200.0,15.0,[1],10.0,10.0,1,10.0,0,0.009456292000002975
aco_current,5,7409,78,4,2,0.0,0.0,0.0,0.0,0.09907747060060501,False,False,0.0,0.0,0.0,[],10.0,10.0,1,10.0,0,0.009456292000002975
aco_current,5,7409,78,4,3,0.0,0.0,0.0,0.0,0.43936213850975037,False,False,0.0,0.0,0.0,[],10.0,10.0,1,10.0,0,0.009456292000002975
aco_current,5,7409,78,4,4,0.0,0.0,0.0,0.0,0.20313307642936707,False,False,0.0,0.0,0.0,[],10.0,10.0,1,10.0,0,0.009456292000002975
aco_current,5,7410,78,4,1,43.0,200.0,243.0,1.215,1.0,True,True,30.0,200.0,13.0,[1],10.0,10.0,1,10.0,0,0.009544708999996487
aco_current,5,7410,78,4,2,0.0,0.0,0.0,0.0,0.09907747060060501,False,False,0.0,0.0,0.0,[],10.0,10.0,1,10.0,0,0.009544708999996487
aco_current,5,7410,78,4,3,0.0,0.0,0.0,0.0,0.43936213850975037,False,False,0.0,0.0,0.0,[],10.0,10.0,1,10.0,0,0.009544708999996487
aco_current,5,7410,78,4,4,0.0,0.0,0.0,0.0,0.20313307642936707,False,False,0.0,0.0,0.0,[],10.0,10.0,1,10.0,0,0.009544708999996487
aco_current,5,7411,78,4,1,46.0,200.0,246.0,1.23,1.0,True,True,30.0,200.0,16.0,[1],10.0,10.0,1,10.0,0,0.009515415999999277
aco_current,5,7411,78,4,2,0.0,0.0,0.0,0.0,0.09907747060060501,False,False,0.0,0.0,0.0,[],10.0,10.0,1,10.0,0,0.009515415999999277
aco_current,5,7411,78,4,3,0.0,0.0,0.0,0.0,0.43936213850975037,False,False,0.0,0.0,0.0,[],10.0,10.0,1,10.0,0,0.009515415999999277
aco_current,5,7411,78,4,4,0.0,0.0,0.0,0.0,0.20313307642936707,False,False,0.0,0.0,0.0,[],10.0,10.0,1,10.0,0,0.009515415999999277
aco_current,5,7412,78,5,1,42.0,200.0,242.0,1.21,1.0,True,True,30.0,200.0,12.0,[1],10.0,10.0,1,10.0,0,0.009573540999994634
aco_current,5,7412,78,5,2,0.0,0.0,0.0,0.0,0.09907747060060501,False,False,0.0,0.0,0.0,[],10.0,10.0,1,10.0,0,0.009573540999994634
aco_current,5,7412,78,5,3,0.0,0.0,0.0,0.0,0.43936213850975037,False,False,0.0,0.0,0.0,[],10.0,10.0,1,10.0,0,0.009573540999994634
aco_current,5,7412,78,5,4,0.0,0.0,0.0,0.0,0.20313307642936707,False,False,0.0,0.0,0.0,[],10.0,10.0,1,10.0,0,0.009573540999994634
aco_current,5,7413,78,5,1,45.0,200.0,245.0,1.225,1.0,True,True,30.0,200.0,15.0,[1],10.0,10.0,1,10.0,0,0.009742291000002012
aco_current,5,7413,78,5,2,0.0,0.0,0.0,0.0,0.09907747060060501,False,False,0.0,0.0,0.0,[],10.0,10.0,1,10.0,0,0.009742291000002012
aco_current,5,7413,78,5,3,0.0,0.0,0.0,0.0,0.43936213850975037,False,False,0.0,0.0,0.0,[],10.0,10.0,1,10.0,0,0.009742291000002012
aco_current,5,7413,78,5,4,0.0,0.0,0.0,0.0,0.20313307642936707,False,False,0.0,0.0,0.0,[],10.0,10.0,1,10.0,0,0.009742291000002012
aco_current,5,7414,78,5,1,45.0,200.0,245.0,1.225,1.0,True,True,30.0,200.0,15.0,[1],10.0,10.0,1,10.0,0,0.009420167000001811
aco_current,5,7414,78,5,2,0.0,0.0,0.0,0.0,0.09907747060060501,False,False,0.0,0.0,0.0,[],10.0,10.0,1,10.0,0,0.009420167000001811
aco_current,5,7414,78,5,3,0.0,0.0,0.0,0.0,0.43936213850975037,False,False,0.0,0.0,0.0,[],10.0,10.0,1,10.0,0,0.009420167000001811
aco_current,5,7414,78,5,4,0.0,0.0,0.0,0.0,0.20313307642936707,False,False,0.0,0.0,0.0,[],10.0,10.0,1,10.0,0,0.009420167000001811
aco_current,5,7415,78,5,1,44.0,200.0,244.0,1.22,1.0,True,True,30.0,200.0,14.0,[1],10.0,10.0,1,10.0,0,0.009500542000004941
aco_current,5,7415,78,5,2,0.0,0.0,0.0,0.0,0.09907747060060501,False,False,0.0,0.0,0.0,[],10.0,10.0,1,10.0,0,0.009500542000004941
aco_current,5,7415,78,5,3,0.0,0.0,0.0,0.0,0.43936213850975037,False,False,0.0,0.0,0.0,[],10.0,10.0,1,10.0,0,0.009500542000004941
aco_current,5,7415,78,5,4,0.0,0.0,0.0,0.0,0.20313307642936707,False,False,0.0,0.0,0.0,[],10.0,10.0,1,10.0,0,0.009500542000004941
aco_current,5,7416,78,6,1,43.0,200.0,243.0,1.215,1.0,True,True,30.0,200.0,13.0,[1],10.0,10.0,1,10.0,0,0.009553334000003133
aco_current,5,7416,78,6,2,0.0,0.0,0.0,0.0,0.09907747060060501,False,False,0.0,0.0,0.0,[],10.0,10.0,1,10.0,0,0.009553334000003133
aco_current,5,7416,78,6,3,0.0,0.0,0.0,0.0,0.43936213850975037,False,False,0.0,0.0,0.0,[],10.0,10.0,1,10.0,0,0.009553334000003133
aco_current,5,7416,78,6,4,0.0,0.0,0.0,0.0,0.20313307642936707,False,False,0.0,0.0,0.0,[],10.0,10.0,1,10.0,0,0.009553334000003133
aco_current,5,7417,78,6,1,45.0,200.0,245.0,1.225,1.0,True,True,30.0,200.0,15.0,[1],10.0,10.0,1,10.0,0,0.009507334000005585
aco_current,5,7417,78,6,2,0.0,0.0,0.0,0.0,0.09907747060060501,False,False,0.0,0.0,0.0,[],10.0,10.0,1,10.0,0,0.009507334000005585
aco_current,5,7417,78,6,3,0.0,0.0,0.0,0.0,0.43936213850975037,False,False,0.0,0.0,0.0,[],10.0,10.0,1,10.0,0,0.009507334000005585
aco_current,5,7417,78,6,4,0.0,0.0,0.0,0.0,0.20313307642936707,False,False,0.0,0.0,0.0,[],10.0,10.0,1,10.0,0,0.009507334000005585
aco_current,5,7418,78,6,1,44.0,200.0,244.0,1.22,1.0,True,True,30.0,200.0,14.0,[1],10.0,10.0,1,10.0,0,0.009496249999997985
aco_current,5,7418,78,6,2,0.0,0.0,0.0,0.0,0.09907747060060501,False,False,0.0,0.0,0.0,[],10.0,10.0,1,10.0,0,0.009496249999997985
aco_current,5,7418,78,6,3,0.0,0.0,0.0,0.0,0.43936213850975037,False,False,0.0,0.0,0.0,[],10.0,10.0,1,10.0,0,0.009496249999997985
aco_current,5,7418,78,6,4,0.0,0.0,0.0,0.0,0.20313307642936707,False,False,0.0,0.0,0.0,[],10.0,10.0,1,10.0,0,0.009496249999997985
aco_current,5,7419,78,6,1,44.0,200.0,244.0,1.22,1.0,True,True,30.0,200.0,14.0,[1],10.0,10.0,1,10.0,0,0.009616999999998654
aco_current,5,7419,78,6,2,0.0,0.0,0.0,0.0,0.09907747060060501,False,False,0.0,0.0,0.0,[],10.0,10.0,1,10.0,0,0.009616999999998654
aco_current,5,7419,78,6,3,0.0,0.0,0.0,0.0,0.43936213850975037,False,False,0.0,0.0,0.0,[],10.0,10.0,1,10.0,0,0.009616999999998654
aco_current,5,7419,78,6,4,0.0,0.0,0.0,0.0,0.20313307642936707,False,False,0.0,0.0,0.0,[],10.0,10.0,1,10.0,0,0.009616999999998654
aco_current,5,7420,78,7,1,44.0,200.0,244.0,1.22,1.0,True,True,30.0,200.0,14.0,[1],10.0,10.0,1,10.0,0,0.009374499999999841
aco_current,5,7420,78,7,2,0.0,0.0,0.0,0.0,0.09907747060060501,False,False,0.0,0.0,0.0,[],10.0,10.0,1,10.0,0,0.009374499999999841
aco_current,5,7420,78,7,3,0.0,0.0,0.0,0.0,0.43936213850975037,False,False,0.0,0.0,0.0,[],10.0,10.0,1,10.0,0,0.009374499999999841
aco_current,5,7420,78,7,4,0.0,0.0,0.0,0.0,0.20313307642936707,False,False,0.0,0.0,0.0,[],10.0,10.0,1,10.0,0,0.009374499999999841
aco_current,5,7421,78,7,1,44.0,200.0,244.0,1.22,1.0,True,True,30.0,200.0,14.0,[1],10.0,10.0,1,10.0,0,0.009440666000003262
aco_current,5,7421,78,7,2,0.0,0.0,0.0,0.0,0.09907747060060501,False,False,0.0,0.0,0.0,[],10.0,10.0,1,10.0,0,0.009440666000003262
aco_current,5,7421,78,7,3,0.0,0.0,0.0,0.0,0.43936213850975037,False,False,0.0,0.0,0.0,[],10.0,10.0,1,10.0,0,0.009440666000003262
aco_current,5,7421,78,7,4,0.0,0.0,0.0,0.0,0.20313307642936707,False,False,0.0,0.0,0.0,[],10.0,10.0,1,10.0,0,0.009440666000003262
aco_current,5,7422,78,7,1,41.0,200.0,241.0,1.205,1.0,True,True,30.0,200.0,11.0,[1],10.0,10.0,1,10.0,0,0.009489582999997026
aco_current,5,7422,78,7,2,0.0,0.0,0.0,0.0,0.09907747060060501,False,False,0.0,0.0,0.0,[],10.0,10.0,1,10.0,0,0.009489582999997026
aco_current,5,7422,78,7,3,0.0,0.0,0.0,0.0,0.43936213850975037,False,False,0.0,0.0,0.0,[],10.0,10.0,1,10.0,0,0.009489582999997026
aco_current,5,7422,78,7,4,0.0,0.0,0.0,0.0,0.20313307642936707,False,False,0.0,0.0,0.0,[],10.0,10.0,1,10.0,0,0.009489582999997026
aco_current,5,7423,78,7,1,36.0,200.0,236.0,1.18,1.0,True,True,30.0,200.0,6.0,[1],10.0,10.0,1,10.0,0,0.009550542000006601
aco_current,5,7423,78,7,2,0.0,0.0,0.0,0.0,0.09907747060060501,False,False,0.0,0.0,0.0,[],10.0,10.0,1,10.0,0,0.009550542000006601
aco_current,5,7423,78,7,3,0.0,0.0,0.0,0.0,0.43936213850975037,False,False,0.0,0.0,0.0,[],10.0,10.0,1,10.0,0,0.009550542000006601
aco_current,5,7423,78,7,4,0.0,0.0,0.0,0.0,0.20313307642936707,False,False,0.0,0.0,0.0,[],10.0,10.0,1,10.0,0,0.009550542000006601
aco_current,5,7424,78,8,1,27.0,200.0,227.0,1.135,1.0,True,True,30.0,197.0,0.0,[1],10.0,10.0,1,10.0,0,0.009516499999996597
aco_current,5,7424,78,8,2,0.0,0.0,0.0,0.0,0.09907747060060501,False,False,0.0,0.0,0.0,[],10.0,10.0,1,10.0,0,0.009516499999996597
aco_current,5,7424,78,8,3,0.0,0.0,0.0,0.0,0.43936213850975037,False,False,0.0,0.0,0.0,[],10.0,10.0,1,10.0,0,0.009516499999996597
aco_current,5,7424,78,8,4,0.0,0.0,0.0,0.0,0.20313307642936707,False,False,0.0,0.0,0.0,[],10.0,10.0,1,10.0,0,0.009516499999996597
aco_current,5,7425,78,8,1,28.0,197.0,225.0,1.125,1.0,True,True,30.0,195.0,0.0,[1],10.0,10.0,1,10.0,0,0.009474875000002214
aco_current,5,7425,78,8,2,0.0,0.0,0.0,0.0,0.09907747060060501,False,False,0.0,0.0,0.0,[],10.0,10.0,1,10.0,0,0.009474875000002214
aco_current,5,7425,78,8,3,0.0,0.0,0.0,0.0,0.43936213850975037,False,False,0.0,0.0,0.0,[],10.0,10.0,1,10.0,0,0.009474875000002214
aco_current,5,7425,78,8,4,0.0,0.0,0.0,0.0,0.20313307642936707,False,False,0.0,0.0,0.0,[],10.0,10.0,1,10.0,0,0.009474875000002214
aco_current,5,7426,78,8,1,28.0,195.0,223.0,1.115,1.0,True,True,30.0,193.0,0.0,[1],10.0,10.0,1,10.0,0,0.009318416999995804
aco_current,5,7426,78,8,2,0.0,0.0,0.0,0.0,0.09907747060060501,False,False,0.0,0.0,0.0,[],10.0,10.0,1,10.0,0,0.009318416999995804
aco_current,5,7426,78,8,3,0.0,0.0,0.0,0.0,0.43936213850975037,False,False,0.0,0.0,0.0,[],10.0,10.0,1,10.0,0,0.009318416999995804
aco_current,5,7426,78,8,4,0.0,0.0,0.0,0.0,0.20313307642936707,False,False,0.0,0.0,0.0,[],10.0,10.0,1,10.0,0,0.009318416999995804
aco_current,5,7427,78,8,1,28.0,193.0,221.0,1.105,1.0,True,True,30.0,191.0,0.0,[1],10.0,10.0,1,10.0,0,0.009476083999999219
aco_current,5,7427,78,8,2,0.0,0.0,0.0,0.0,0.09907747060060501,False,False,0.0,0.0,0.0,[],10.0,10.0,1,10.0,0,0.009476083999999219
aco_current,5,7427,78,8,3,0.0,0.0,0.0,0.0,0.43936213850975037,False,False,0.0,0.0,0.0,[],10.0,10.0,1,10.0,0,0.009476083999999219
aco_current,5,7427,78,8,4,0.0,0.0,0.0,0.0,0.20313307642936707,False,False,0.0,0.0,0.0,[],10.0,10.0,1,10.0,0,0.009476083999999219
aco_current,5,7428,78,9,1,29.0,191.0,220.0,1.1,1.0,True,True,30.0,190.0,0.0,[1],10.0,10.0,1,10.0,0,0.009482542000000649
aco_current,5,7428,78,9,2,0.0,0.0,0.0,0.0,0.09907747060060501,False,False,0.0,0.0,0.0,[],10.0,10.0,1,10.0,0,0.009482542000000649
aco_current,5,7428,78,9,3,0.0,0.0,0.0,0.0,0.43936213850975037,False,False,0.0,0.0,0.0,[],10.0,10.0,1,10.0,0,0.009482542000000649
aco_current,5,7428,78,9,4,0.0,0.0,0.0,0.0,0.20313307642936707,False,False,0.0,0.0,0.0,[],10.0,10.0,1,10.0,0,0.009482542000000649
aco_current,5,7429,78,9,1,27.0,190.0,217.0,1.085,1.0,True,True,30.0,187.0,0.0,[1],10.0,10.0,1,10.0,0,0.009363583999999037
aco_current,5,7429,78,9,2,0.0,0.0,0.0,0.0,0.09907747060060501,False,False,0.0,0.0,0.0,[],10.0,10.0,1,10.0,0,0.009363583999999037
aco_current,5,7429,78,9,3,0.0,0.0,0.0,0.0,0.43936213850975037,False,False,0.0,0.0,0.0,[],10.0,10.0,1,10.0,0,0.009363583999999037
aco_current,5,7429,78,9,4,0.0,0.0,0.0,0.0,0.20313307642936707,False,False,0.0,0.0,0.0,[],10.0,10.0,1,10.0,0,0.009363583999999037
aco_current,5,7430,78,9,1,28.0,187.0,215.0,1.075,1.0,True,True,30.0,185.0,0.0,[1],10.0,10.0,1,10.0,0,0.009424625000001186
aco_current,5,7430,78,9,2,0.0,0.0,0.0,0.0,0.09907747060060501,False,False,0.0,0.0,0.0,[],10.0,10.0,1,10.0,0,0.009424625000001186
aco_current,5,7430,78,9,3,0.0,0.0,0.0,0.0,0.43936213850975037,False,False,0.0,0.0,0.0,[],10.0,10.0,1,10.0,0,0.009424625000001186
aco_current,5,7430,78,9,4,0.0,0.0,0.0,0.0,0.20313307642936707,False,False,0.0,0.0,0.0,[],10.0,10.0,1,10.0,0,0.009424625000001186
aco_current,5,7431,78,9,1,28.0,185.0,213.0,1.065,1.0,True,True,30.0,183.0,0.0,[1],10.0,10.0,1,10.0,0,0.009530249999997409
aco_current,5,7431,78,9,2,0.0,0.0,0.0,0.0,0.09907747060060501,False,False,0.0,0.0,0.0,[],10.0,10.0,1,10.0,0,0.009530249999997409
aco_current,5,7431,78,9,3,0.0,0.0,0.0,0.0,0.43936213850975037,False,False,0.0,0.0,0.0,[],10.0,10.0,1,10.0,0,0.009530249999997409
aco_current,5,7431,78,9,4,0.0,0.0,0.0,0.0,0.20313307642936707,False,False,0.0,0.0,0.0,[],10.0,10.0,1,10.0,0,0.009530249999997409
aco_current,5,7432,78,10,1,28.0,183.0,211.0,1.055,1.0,True,True,30.0,181.0,0.0,[1],10.0,10.0,1,10.0,0,0.009559625000001404
aco_current,5,7432,78,10,2,0.0,0.0,0.0,0.0,0.09907747060060501,False,False,0.0,0.0,0.0,[],10.0,10.0,1,10.0,0,0.009559625000001404
aco_current,5,7432,78,10,3,0.0,0.0,0.0,0.0,0.43936213850975037,False,False,0.0,0.0,0.0,[],10.0,10.0,1,10.0,0,0.009559625000001404
aco_current,5,7432,78,10,4,0.0,0.0,0.0,0.0,0.20313307642936707,False,False,0.0,0.0,0.0,[],10.0,10.0,1,10.0,0,0.009559625000001404
aco_current,5,7433,78,10,1,27.0,181.0,208.0,1.04,1.0,True,True,30.0,178.0,0.0,[1],10.0,10.0,1,10.0,0,0.009406957999999577
aco_current,5,7433,78,10,2,0.0,0.0,0.0,0.0,0.09907747060060501,False,False,0.0,0.0,0.0,[],10.0,10.0,1,10.0,0,0.009406957999999577
aco_current,5,7433,78,10,3,0.0,0.0,0.0,0.0,0.43936213850975037,False,False,0.0,0.0,0.0,[],10.0,10.0,1,10.0,0,0.009406957999999577
aco_current,5,7433,78,10,4,0.0,0.0,0.0,0.0,0.20313307642936707,False,False,0.0,0.0,0.0,[],10.0,10.0,1,10.0,0,0.009406957999999577
aco_current,5,7434,78,10,1,29.0,178.0,207.0,1.035,1.0,True,True,30.0,177.0,0.0,[1],10.0,10.0,1,10.0,0,0.009486791000000494
aco_current,5,7434,78,10,2,0.0,0.0,0.0,0.0,0.09907747060060501,False,False,0.0,0.0,0.0,[],10.0,10.0,1,10.0,0,0.009486791000000494
aco_current,5,7434,78,10,3,0.0,0.0,0.0,0.0,0.43936213850975037,False,False,0.0,0.0,0.0,[],10.0,10.0,1,10.0,0,0.009486791000000494
aco_current,5,7434,78,10,4,0.0,0.0,0.0,0.0,0.20313307642936707,False,False,0.0,0.0,0.0,[],10.0,10.0,1,10.0,0,0.009486791000000494
aco_current,5,7435,78,10,1,28.0,177.0,205.0,1.025,1.0,True,True,30.0,175.0,0.0,[1],10.0,10.0,1,10.0,0,0.009566583999998102
aco_current,5,7435,78,10,2,0.0,0.0,0.0,0.0,0.09907747060060501,False,False,0.0,0.0,0.0,[],10.0,10.0,1,10.0,0,0.009566583999998102
aco_current,5,7435,78,10,3,0.0,0.0,0.0,0.0,0.43936213850975037,False,False,0.0,0.0,0.0,[],10.0,10.0,1,10.0,0,0.009566583999998102
aco_current,5,7435,78,10,4,0.0,0.0,0.0,0.0,0.20313307642936707,False,False,0.0,0.0,0.0,[],10.0,10.0,1,10.0,0,0.009566583999998102
aco_current,5,7436,78,11,1,27.0,175.0,202.0,1.01,1.0,True,True,30.0,172.0,0.0,[1],10.0,10.0,1,10.0,0,0.009549208000002807
aco_current,5,7436,78,11,2,0.0,0.0,0.0,0.0,0.09907747060060501,False,False,0.0,0.0,0.0,[],10.0,10.0,1,10.0,0,0.009549208000002807
aco_current,5,7436,78,11,3,0.0,0.0,0.0,0.0,0.43936213850975037,False,False,0.0,0.0,0.0,[],10.0,10.0,1,10.0,0,0.009549208000002807
aco_current,5,7436,78,11,4,0.0,0.0,0.0,0.0,0.20313307642936707,False,False,0.0,0.0,0.0,[],10.0,10.0,1,10.0,0,0.009549208000002807
aco_current,5,7437,78,11,1,29.0,172.0,201.0,1.005,1.0,True,True,30.0,171.0,0.0,[1],10.0,10.0,1,10.0,0,0.009538374999998211
aco_current,5,7437,78,11,2,0.0,0.0,0.0,0.0,0.09907747060060501,False,False,0.0,0.0,0.0,[],10.0,10.0,1,10.0,0,0.009538374999998211
aco_current,5,7437,78,11,3,0.0,0.0,0.0,0.0,0.43936213850975037,False,False,0.0,0.0,0.0,[],10.0,10.0,1,10.0,0,0.009538374999998211
aco_current,5,7437,78,11,4,0.0,0.0,0.0,0.0,0.20313307642936707,False,False,0.0,0.0,0.0,[],10.0,10.0,1,10.0,0,0.009538374999998211
aco_current,5,7438,78,11,1,27.0,171.0,198.0,0.99,1.0,True,True,30.0,168.0,0.0,[1],10.0,10.0,1,10.0,0,0.009279458000001739
aco_current,5,7438,78,11,2,0.0,0.0,0.0,0.0,0.09907747060060501,False,False,0.0,0.0,0.0,[],10.0,10.0,1,10.0,0,0.009279458000001739
aco_current,5,7438,78,11,3,0.0,0.0,0.0,0.0,0.43936213850975037,False,False,0.0,0.0,0.0,[],10.0,10.0,1,10.0,0,0.009279458000001739
aco_current,5,7438,78,11,4,0.0,0.0,0.0,0.0,0.20313307642936707,False,False,0.0,0.0,0.0,[],10.0,10.0,1,10.0,0,0.009279458000001739
aco_current,5,7439,78,11,1,28.0,168.0,196.0,0.98,1.0,True,True,30.0,166.0,0.0,[1],10.0,10.0,1,10.0,0,0.009565583000004096
aco_current,5,7439,78,11,2,0.0,0.0,0.0,0.0,0.09907747060060501,False,False,0.0,0.0,0.0,[],10.0,10.0,1,10.0,0,0.009565583000004096
aco_current,5,7439,78,11,3,0.0,0.0,0.0,0.0,0.43936213850975037,False,False,0.0,0.0,0.0,[],10.0,10.0,1,10.0,0,0.009565583000004096
aco_current,5,7439,78,11,4,0.0,0.0,0.0,0.0,0.20313307642936707,False,False,0.0,0.0,0.0,[],10.0,10.0,1,10.0,0,0.009565583000004096
aco_current,5,7440,78,12,1,19.0,166.0,185.0,0.925,0.9999998807907104,True,True,30.0,155.0,0.0,[1],10.0,10.0,1,10.0,0,0.009600415999997836
aco_current,5,7440,78,12,2,0.0,0.0,0.0,0.0,0.09907747060060501,False,False,0.0,0.0,0.0,[],10.0,10.0,1,10.0,0,0.009600415999997836
aco_current,5,7440,78,12,3,0.0,0.0,0.0,0.0,0.43936213850975037,False,False,0.0,0.0,0.0,[],10.0,10.0,1,10.0,0,0.009600415999997836
aco_current,5,7440,78,12,4,0.0,0.0,0.0,0.0,0.20313307642936707,False,False,0.0,0.0,0.0,[],10.0,10.0,1,10.0,0,0.009600415999997836
aco_current,5,7441,78,12,1,19.0,155.0,174.0,0.87,0.9999980330467224,True,True,30.0,144.0,0.0,[1],10.0,10.0,1,10.0,0,0.0093660830000033
aco_current,5,7441,78,12,2,0.0,0.0,0.0,0.0,0.09907747060060501,False,False,0.0,0.0,0.0,[],10.0,10.0,1,10.0,0,0.0093660830000033
aco_current,5,7441,78,12,3,0.0,0.0,0.0,0.0,0.43936213850975037,False,False,0.0,0.0,0.0,[],10.0,10.0,1,10.0,0,0.0093660830000033
aco_current,5,7441,78,12,4,0.0,0.0,0.0,0.0,0.20313307642936707,False,False,0.0,0.0,0.0,[],10.0,10.0,1,10.0,0,0.0093660830000033
aco_current,5,7442,78,12,1,15.0,144.0,159.0,0.795,0.9995889067649841,False,False,0.0,159.0,0.0,[],0.0,0.0,0,0.0,0,3.624999997953182e-06
aco_current,5,7442,78,12,2,0.0,0.0,0.0,0.0,0.09907747060060501,False,False,0.0,0.0,0.0,[],0.0,0.0,0,0.0,0,3.624999997953182e-06
aco_current,5,7442,78,12,3,0.0,0.0,0.0,0.0,0.43936213850975037,False,False,0.0,0.0,0.0,[],0.0,0.0,0,0.0,0,3.624999997953182e-06
aco_current,5,7442,78,12,4,0.0,0.0,0.0,0.0,0.20313307642936707,False,False,0.0,0.0,0.0,[],0.0,0.0,0,0.0,0,3.624999997953182e-06
aco_current,5,7443,78,12,1,11.0,159.0,170.0,0.85,0.9998987317085266,True,True,30.0,140.0,0.0,[1],10.0,10.0,1,10.0,0,0.009518583000001968
aco_current,5,7443,78,12,2,0.0,0.0,0.0,0.0,0.09907747060060501,False,False,0.0,0.0,0.0,[],10.0,10.0,1,10.0,0,0.009518583000001968
aco_current,5,7443,78,12,3,0.0,0.0,0.0,0.0,0.43936213850975037,False,False,0.0,0.0,0.0,[],10.0,10.0,1,10.0,0,0.009518583000001968
aco_current,5,7443,78,12,4,0.0,0.0,0.0,0.0,0.20313307642936707,False,False,0.0,0.0,0.0,[],10.0,10.0,1,10.0,0,0.009518583000001968
aco_current,5,7444,78,13,1,10.0,140.0,150.0,0.75,0.9850512742996216,False,False,0.0,150.0,0.0,[],0.0,0.0,0,0.0,0,3.5409999981084184e-06
aco_current,5,7444,78,13,2,0.0,0.0,0.0,0.0,0.09907747060060501,False,False,0.0,0.0,0.0,[],0.0,0.0,0,0.0,0,3.5409999981084184e-06
aco_current,5,7444,78,13,3,0.0,0.0,0.0,0.0,0.43936213850975037,False,False,0.0,0.0,0.0,[],0.0,0.0,0,0.0,0,3.5409999981084184e-06
aco_current,5,7444,78,13,4,0.0,0.0,0.0,0.0,0.20313307642936707,False,False,0.0,0.0,0.0,[],0.0,0.0,0,0.0,0,3.5409999981084184e-06
aco_current,5,7445,78,13,1,10.0,150.0,160.0,0.8,0.9978334307670593,True,True,30.0,130.0,0.0,[1],10.0,10.0,1,10.0,0,0.00976475000000221
aco_current,5,7445,78,13,2,0.0,0.0,0.0,0.0,0.09907747060060501,False,False,0.0,0.0,0.0,[],10.0,10.0,1,10.0,0,0.00976475000000221
aco_current,5,7445,78,13,3,0.0,0.0,0.0,0.0,0.43936213850975037,False,False,0.0,0.0,0.0,[],10.0,10.0,1,10.0,0,0.00976475000000221
aco_current,5,7445,78,13,4,0.0,0.0,0.0,0.0,0.20313307642936707,False,False,0.0,0.0,0.0,[],10.0,10.0,1,10.0,0,0.00976475000000221
aco_current,5,7446,78,13,1,11.0,130.0,141.0,0.705,0.9745675325393677,False,False,0.0,141.0,0.0,[],0.0,0.0,0,0.0,0,4.332999999689946e-06
aco_current,5,7446,78,13,2,0.0,0.0,0.0,0.0,0.09907747060060501,False,False,0.0,0.0,0.0,[],0.0,0.0,0,0.0,0,4.332999999689946e-06
aco_current,5,7446,78,13,3,0.0,0.0,0.0,0.0,0.43936213850975037,False,False,0.0,0.0,0.0,[],0.0,0.0,0,0.0,0,4.332999999689946e-06
aco_current,5,7446,78,13,4,0.0,0.0,0.0,0.0,0.20313307642936707,False,False,0.0,0.0,0.0,[],0.0,0.0,0,0.0,0,4.332999999689946e-06
aco_current,5,7447,78,13,1,10.0,141.0,151.0,0.755,0.988452672958374,False,False,0.0,151.0,0.0,[],0.0,0.0,0,0.0,0,2.87499999984675e-06
aco_current,5,7447,78,13,2,0.0,0.0,0.0,0.0,0.09907747060060501,False,False,0.0,0.0,0.0,[],0.0,0.0,0,0.0,0,2.87499999984675e-06
aco_current,5,7447,78,13,3,0.0,0.0,0.0,0.0,0.43936213850975037,False,False,0.0,0.0,0.0,[],0.0,0.0,0,0.0,0,2.87499999984675e-06
aco_current,5,7447,78,13,4,0.0,0.0,0.0,0.0,0.20313307642936707,False,False,0.0,0.0,0.0,[],0.0,0.0,0,0.0,0,2.87499999984675e-06
aco_current,5,7448,78,14,1,10.0,151.0,161.0,0.805,0.9983381032943726,True,True,30.0,131.0,0.0,[1],10.0,10.0,1,10.0,0,0.009892790999998624
aco_current,5,7448,78,14,2,0.0,0.0,0.0,0.0,0.09907747060060501,False,False,0.0,0.0,0.0,[],10.0,10.0,1,10.0,0,0.009892790999998624
aco_current,5,7448,78,14,3,0.0,0.0,0.0,0.0,0.43936213850975037,False,False,0.0,0.0,0.0,[],10.0,10.0,1,10.0,0,0.009892790999998624
aco_current,5,7448,78,14,4,0.0,0.0,0.0,0.0,0.20313307642936707,False,False,0.0,0.0,0.0,[],10.0,10.0,1,10.0,0,0.009892790999998624
aco_current,5,7449,78,14,1,11.0,131.0,142.0,0.71,0.9768160581588745,False,False,0.0,142.0,0.0,[],0.0,0.0,0,0.0,0,3.500000005374204e-06
aco_current,5,7449,78,14,2,0.0,0.0,0.0,0.0,0.09907747060060501,False,False,0.0,0.0,0.0,[],0.0,0.0,0,0.0,0,3.500000005374204e-06
aco_current,5,7449,78,14,3,0.0,0.0,0.0,0.0,0.43936213850975037,False,False,0.0,0.0,0.0,[],0.0,0.0,0,0.0,0,3.500000005374204e-06
aco_current,5,7449,78,14,4,0.0,0.0,0.0,0.0,0.20313307642936707,False,False,0.0,0.0,0.0,[],0.0,0.0,0,0.0,0,3.500000005374204e-06
aco_current,5,7450,78,14,1,10.0,142.0,152.0,0.76,0.9897937774658203,False,False,0.0,152.0,0.0,[],0.0,0.0,0,0.0,0,2.207999997949628e-06
aco_current,5,7450,78,14,2,0.0,0.0,0.0,0.0,0.09907747060060501,False,False,0.0,0.0,0.0,[],0.0,0.0,0,0.0,0,2.207999997949628e-06
aco_current,5,7450,78,14,3,0.0,0.0,0.0,0.0,0.43936213850975037,False,False,0.0,0.0,0.0,[],0.0,0.0,0,0.0,0,2.207999997949628e-06
aco_current,5,7450,78,14,4,0.0,0.0,0.0,0.0,0.20313307642936707,False,False,0.0,0.0,0.0,[],0.0,0.0,0,0.0,0,2.207999997949628e-06
aco_current,5,7451,78,14,1,10.0,152.0,162.0,0.81,0.9987128376960754,True,True,30.0,132.0,0.0,[1],10.0,10.0,1,10.0,0,0.00943575000000152
aco_current,5,7451,78,14,2,0.0,0.0,0.0,0.0,0.09907747060060501,False,False,0.0,0.0,0.0,[],10.0,10.0,1,10.0,0,0.00943575000000152
aco_current,5,7451,78,14,3,0.0,0.0,0.0,0.0,0.43936213850975037,False,False,0.0,0.0,0.0,[],10.0,10.0,1,10.0,0,0.00943575000000152
aco_current,5,7451,78,14,4,0.0,0.0,0.0,0.0,0.20313307642936707,False,False,0.0,0.0,0.0,[],10.0,10.0,1,10.0,0,0.00943575000000152
aco_current,5,7452,78,15,1,11.0,132.0,143.0,0.715,0.9788840413093567,False,False,0.0,143.0,0.0,[],0.0,0.0,0,0.0,0,3.2909999987396077e-06
aco_current,5,7452,78,15,2,0.0,0.0,0.0,0.0,0.09907747060060501,False,False,0.0,0.0,0.0,[],0.0,0.0,0,0.0,0,3.2909999987396077e-06
aco_current,5,7452,78,15,3,0.0,0.0,0.0,0.0,0.43936213850975037,False,False,0.0,0.0,0.0,[],0.0,0.0,0,0.0,0,3.2909999987396077e-06
aco_current,5,7452,78,15,4,0.0,0.0,0.0,0.0,0.20313307642936707,False,False,0.0,0.0,0.0,[],0.0,0.0,0,0.0,0,3.2909999987396077e-06
aco_current,5,7453,78,15,1,10.0,143.0,153.0,0.765,0.9909735918045044,False,False,0.0,153.0,0.0,[],0.0,0.0,0,0.0,0,3.0419999959008237e-06
aco_current,5,7453,78,15,2,0.0,0.0,0.0,0.0,0.09907747060060501,False,False,0.0,0.0,0.0,[],0.0,0.0,0,0.0,0,3.0419999959008237e-06
aco_current,5,7453,78,15,3,0.0,0.0,0.0,0.0,0.43936213850975037,False,False,0.0,0.0,0.0,[],0.0,0.0,0,0.0,0,3.0419999959008237e-06
aco_current,5,7453,78,15,4,0.0,0.0,0.0,0.0,0.20313307642936707,False,False,0.0,0.0,0.0,[],0.0,0.0,0,0.0,0,3.0419999959008237e-06
aco_current,5,7454,78,15,1,8.0,153.0,161.0,0.805,0.9968346953392029,True,True,30.0,131.0,0.0,[1],10.0,10.0,1,10.0,0,0.009851124999997296
aco_current,5,7454,78,15,2,0.0,0.0,0.0,0.0,0.09907747060060501,False,False,0.0,0.0,0.0,[],10.0,10.0,1,10.0,0,0.009851124999997296
aco_current,5,7454,78,15,3,0.0,0.0,0.0,0.0,0.43936213850975037,False,False,0.0,0.0,0.0,[],10.0,10.0,1,10.0,0,0.009851124999997296
aco_current,5,7454,78,15,4,0.0,0.0,0.0,0.0,0.20313307642936707,False,False,0.0,0.0,0.0,[],10.0,10.0,1,10.0,0,0.009851124999997296
aco_current,5,7455,78,15,1,0.0,131.0,131.0,0.655,0.1535918116569519,False,False,0.0,131.0,0.0,[],0.0,0.0,0,0.0,0,4.208000000005541e-06
aco_current,5,7455,78,15,2,0.0,0.0,0.0,0.0,0.09907747060060501,False,False,0.0,0.0,0.0,[],0.0,0.0,0,0.0,0,4.208000000005541e-06
aco_current,5,7455,78,15,3,0.0,0.0,0.0,0.0,0.43936213850975037,False,False,0.0,0.0,0.0,[],0.0,0.0,0,0.0,0,4.208000000005541e-06
aco_current,5,7455,78,15,4,0.0,0.0,0.0,0.0,0.20313307642936707,False,False,0.0,0.0,0.0,[],0.0,0.0,0,0.0,0,4.208000000005541e-06
aco_current,5,7456,78,16,1,0.0,131.0,131.0,0.655,0.22510811686515808,False,False,0.0,131.0,0.0,[],0.0,0.0,0,0.0,0,2.6250000004779395e-06
aco_current,5,7456,78,16,2,0.0,0.0,0.0,0.0,0.09907747060060501,False,False,0.0,0.0,0.0,[],0.0,0.0,0,0.0,0,2.6250000004779395e-06
aco_current,5,7456,78,16,3,0.0,0.0,0.0,0.0,0.43936213850975037,False,False,0.0,0.0,0.0,[],0.0,0.0,0,0.0,0,2.6250000004779395e-06
aco_current,5,7456,78,16,4,0.0,0.0,0.0,0.0,0.20313307642936707,False,False,0.0,0.0,0.0,[],0.0,0.0,0,0.0,0,2.6250000004779395e-06
aco_current,5,7457,78,16,1,0.0,131.0,131.0,0.655,0.31133589148521423,False,False,0.0,131.0,0.0,[],0.0,0.0,0,0.0,0,4.250000003480636e-06
aco_current,5,7457,78,16,2,0.0,0.0,0.0,0.0,0.09907747060060501,False,False,0.0,0.0,0.0,[],0.0,0.0,0,0.0,0,4.250000003480636e-06
aco_current,5,7457,78,16,3,0.0,0.0,0.0,0.0,0.43936213850975037,False,False,0.0,0.0,0.0,[],0.0,0.0,0,0.0,0,4.250000003480636e-06
aco_current,5,7457,78,16,4,0.0,0.0,0.0,0.0,0.20313307642936707,False,False,0.0,0.0,0.0,[],0.0,0.0,0,0.0,0,4.250000003480636e-06
aco_current,5,7458,78,16,1,0.0,131.0,131.0,0.655,0.41171473264694214,False,False,0.0,131.0,0.0,[],0.0,0.0,0,0.0,0,3.208000002530298e-06
aco_current,5,7458,78,16,2,0.0,0.0,0.0,0.0,0.09907747060060501,False,False,0.0,0.0,0.0,[],0.0,0.0,0,0.0,0,3.208000002530298e-06
aco_current,5,7458,78,16,3,0.0,0.0,0.0,0.0,0.43936213850975037,False,False,0.0,0.0,0.0,[],0.0,0.0,0,0.0,0,3.208000002530298e-06
aco_current,5,7458,78,16,4,0.0,0.0,0.0,0.0,0.20313307642936707,False,False,0.0,0.0,0.0,[],0.0,0.0,0,0.0,0,3.208000002530298e-06
aco_current,5,7459,78,16,1,0.0,131.0,131.0,0.655,0.41171473264694214,False,False,0.0,131.0,0.0,[],0.0,0.0,0,0.0,0,2.3340000012694873e-06
aco_current,5,7459,78,16,2,0.0,0.0,0.0,0.0,0.09907747060060501,False,False,0.0,0.0,0.0,[],0.0,0.0,0,0.0,0,2.3340000012694873e-06
aco_current,5,7459,78,16,3,0.0,0.0,0.0,0.0,0.43936213850975037,False,False,0.0,0.0,0.0,[],0.0,0.0,0,0.0,0,2.3340000012694873e-06
aco_current,5,7459,78,16,4,0.0,0.0,0.0,0.0,0.20313307642936707,False,False,0.0,0.0,0.0,[],0.0,0.0,0,0.0,0,2.3340000012694873e-06
aco_current,5,7460,78,17,1,0.0,131.0,131.0,0.655,0.41171473264694214,False,False,0.0,131.0,0.0,[],0.0,0.0,0,0.0,0,2.500000000793534e-06
aco_current,5,7460,78,17,2,0.0,0.0,0.0,0.0,0.09907747060060501,False,False,0.0,0.0,0.0,[],0.0,0.0,0,0.0,0,2.500000000793534e-06
aco_current,5,7460,78,17,3,0.0,0.0,0.0,0.0,0.43936213850975037,False,False,0.0,0.0,0.0,[],0.0,0.0,0,0.0,0,2.500000000793534e-06
aco_current,5,7460,78,17,4,0.0,0.0,0.0,0.0,0.20313307642936707,False,False,0.0,0.0,0.0,[],0.0,0.0,0,0.0,0,2.500000000793534e-06
aco_current,5,7461,78,17,1,0.0,131.0,131.0,0.655,0.41171473264694214,False,False,0.0,131.0,0.0,[],0.0,0.0,0,0.0,0,3.124999999215561e-06
aco_current,5,7461,78,17,2,0.0,0.0,0.0,0.0,0.09907747060060501,False,False,0.0,0.0,0.0,[],0.0,0.0,0,0.0,0,3.124999999215561e-06
aco_current,5,7461,78,17,3,0.0,0.0,0.0,0.0,0.43936213850975037,False,False,0.0,0.0,0.0,[],0.0,0.0,0,0.0,0,3.124999999215561e-06
aco_current,5,7461,78,17,4,0.0,0.0,0.0,0.0,0.20313307642936707,False,False,0.0,0.0,0.0,[],0.0,0.0,0,0.0,0,3.124999999215561e-06
aco_current,5,7462,78,17,1,0.0,131.0,131.0,0.655,0.41171473264694214,False,False,0.0,131.0,0.0,[],0.0,0.0,0,0.0,0,2.125000001740318e-06
aco_current,5,7462,78,17,2,0.0,0.0,0.0,0.0,0.09907747060060501,False,False,0.0,0.0,0.0,[],0.0,0.0,0,0.0,0,2.125000001740318e-06
aco_current,5,7462,78,17,3,0.0,0.0,0.0,0.0,0.43936213850975037,False,False,0.0,0.0,0.0,[],0.0,0.0,0,0.0,0,2.125000001740318e-06
aco_current,5,7462,78,17,4,0.0,0.0,0.0,0.0,0.20313307642936707,False,False,0.0,0.0,0.0,[],0.0,0.0,0,0.0,0,2.125000001740318e-06
aco_current,5,7463,78,17,1,0.0,131.0,131.0,0.655,0.41171473264694214,False,False,0.0,131.0,0.0,[],0.0,0.0,0,0.0,0,2.1669999981099863e-06
aco_current,5,7463,78,17,2,0.0,0.0,0.0,0.0,0.09907747060060501,False,False,0.0,0.0,0.0,[],0.0,0.0,0,0.0,0,2.1669999981099863e-06
aco_current,5,7463,78,17,3,0.0,0.0,0.0,0.0,0.43936213850975037,False,False,0.0,0.0,0.0,[],0.0,0.0,0,0.0,0,2.1669999981099863e-06
aco_current,5,7463,78,17,4,0.0,0.0,0.0,0.0,0.20313307642936707,False,False,0.0,0.0,0.0,[],0.0,0.0,0,0.0,0,2.1669999981099863e-06
aco_current,5,7464,78,18,1,0.0,131.0,131.0,0.655,0.41171473264694214,False,False,0.0,131.0,0.0,[],0.0,0.0,0,0.0,0,2.500000000793534e-06
aco_current,5,7464,78,18,2,0.0,0.0,0.0,0.0,0.09907747060060501,False,False,0.0,0.0,0.0,[],0.0,0.0,0,0.0,0,2.500000000793534e-06
aco_current,5,7464,78,18,3,0.0,0.0,0.0,0.0,0.43936213850975037,False,False,0.0,0.0,0.0,[],0.0,0.0,0,0.0,0,2.500000000793534e-06
aco_current,5,7464,78,18,4,0.0,0.0,0.0,0.0,0.20313307642936707,False,False,0.0,0.0,0.0,[],0.0,0.0,0,0.0,0,2.500000000793534e-06
aco_current,5,7465,78,18,1,0.0,131.0,131.0,0.655,0.41171473264694214,False,False,0.0,131.0,0.0,[],0.0,0.0,0,0.0,0,2.375000001109129e-06
aco_current,5,7465,78,18,2,0.0,0.0,0.0,0.0,0.09907747060060501,False,False,0.0,0.0,0.0,[],0.0,0.0,0,0.0,0,2.375000001109129e-06
aco_current,5,7465,78,18,3,0.0,0.0,0.0,0.0,0.43936213850975037,False,False,0.0,0.0,0.0,[],0.0,0.0,0,0.0,0,2.375000001109129e-06
aco_current,5,7465,78,18,4,0.0,0.0,0.0,0.0,0.20313307642936707,False,False,0.0,0.0,0.0,[],0.0,0.0,0,0.0,0,2.375000001109129e-06
aco_current,5,7466,78,18,1,0.0,131.0,131.0,0.655,0.41171473264694214,False,False,0.0,131.0,0.0,[],0.0,0.0,0,0.0,0,5.957999995587215e-06
aco_current,5,7466,78,18,2,0.0,0.0,0.0,0.0,0.09907747060060501,False,False,0.0,0.0,0.0,[],0.0,0.0,0,0.0,0,5.957999995587215e-06
aco_current,5,7466,78,18,3,0.0,0.0,0.0,0.0,0.43936213850975037,False,False,0.0,0.0,0.0,[],0.0,0.0,0,0.0,0,5.957999995587215e-06
aco_current,5,7466,78,18,4,0.0,0.0,0.0,0.0,0.20313307642936707,False,False,0.0,0.0,0.0,[],0.0,0.0,0,0.0,0,5.957999995587215e-06
aco_current,5,7467,78,18,1,0.0,131.0,131.0,0.655,0.41171473264694214,False,False,0.0,131.0,0.0,[],0.0,0.0,0,0.0,0,4.832999998427567e-06
aco_current,5,7467,78,18,2,0.0,0.0,0.0,0.0,0.09907747060060501,False,False,0.0,0.0,0.0,[],0.0,0.0,0,0.0,0,4.832999998427567e-06
aco_current,5,7467,78,18,3,0.0,0.0,0.0,0.0,0.43936213850975037,False,False,0.0,0.0,0.0,[],0.0,0.0,0,0.0,0,4.832999998427567e-06
aco_current,5,7467,78,18,4,0.0,0.0,0.0,0.0,0.20313307642936707,False,False,0.0,0.0,0.0,[],0.0,0.0,0,0.0,0,4.832999998427567e-06
aco_current,5,7468,78,19,1,0.0,131.0,131.0,0.655,0.41171473264694214,False,False,0.0,131.0,0.0,[],0.0,0.0,0,0.0,0,8.416999996541108e-06
aco_current,5,7468,78,19,2,0.0,0.0,0.0,0.0,0.09907747060060501,False,False,0.0,0.0,0.0,[],0.0,0.0,0,0.0,0,8.416999996541108e-06
aco_current,5,7468,78,19,3,0.0,0.0,0.0,0.0,0.43936213850975037,False,False,0.0,0.0,0.0,[],0.0,0.0,0,0.0,0,8.416999996541108e-06
aco_current,5,7468,78,19,4,0.0,0.0,0.0,0.0,0.20313307642936707,False,False,0.0,0.0,0.0,[],0.0,0.0,0,0.0,0,8.416999996541108e-06
aco_current,5,7469,78,19,1,0.0,131.0,131.0,0.655,0.41171473264694214,False,False,0.0,131.0,0.0,[],0.0,0.0,0,0.0,0,3.9170000007970884e-06
aco_current,5,7469,78,19,2,0.0,0.0,0.0,0.0,0.09907747060060501,False,False,0.0,0.0,0.0,[],0.0,0.0,0,0.0,0,3.9170000007970884e-06
aco_current,5,7469,78,19,3,0.0,0.0,0.0,0.0,0.43936213850975037,False,False,0.0,0.0,0.0,[],0.0,0.0,0,0.0,0,3.9170000007970884e-06
aco_current,5,7469,78,19,4,0.0,0.0,0.0,0.0,0.20313307642936707,False,False,0.0,0.0,0.0,[],0.0,0.0,0,0.0,0,3.9170000007970884e-06
aco_current,5,7470,78,19,1,0.0,131.0,131.0,0.655,0.41171473264694214,False,False,0.0,131.0,0.0,[],0.0,0.0,0,0.0,0,4.459000003009805e-06
aco_current,5,7470,78,19,2,0.0,0.0,0.0,0.0,0.09907747060060501,False,False,0.0,0.0,0.0,[],0.0,0.0,0,0.0,0,4.459000003009805e-06
aco_current,5,7470,78,19,3,0.0,0.0,0.0,0.0,0.43936213850975037,False,False,0.0,0.0,0.0,[],0.0,0.0,0,0.0,0,4.459000003009805e-06
aco_current,5,7470,78,19,4,0.0,0.0,0.0,0.0,0.20313307642936707,False,False,0.0,0.0,0.0,[],0.0,0.0,0,0.0,0,4.459000003009805e-06
aco_current,5,7471,78,19,1,0.0,131.0,131.0,0.655,0.41171473264694214,False,False,0.0,131.0,0.0,[],0.0,0.0,0,0.0,0,3.6659999977928237e-06
aco_current,5,7471,78,19,2,0.0,0.0,0.0,0.0,0.09907747060060501,False,False,0.0,0.0,0.0,[],0.0,0.0,0,0.0,0,3.6659999977928237e-06
aco_current,5,7471,78,19,3,0.0,0.0,0.0,0.0,0.43936213850975037,False,False,0.0,0.0,0.0,[],0.0,0.0,0,0.0,0,3.6659999977928237e-06
aco_current,5,7471,78,19,4,0.0,0.0,0.0,0.0,0.20313307642936707,False,False,0.0,0.0,0.0,[],0.0,0.0,0,0.0,0,3.6659999977928237e-06
aco_current,5,7472,78,20,1,0.0,131.0,131.0,0.655,0.41171473264694214,False,False,0.0,131.0,0.0,[],0.0,0.0,0,0.0,0,5.332999997165189e-06
aco_current,5,7472,78,20,2,0.0,0.0,0.0,0.0,0.09907747060060501,False,False,0.0,0.0,0.0,[],0.0,0.0,0,0.0,0,5.332999997165189e-06
aco_current,5,7472,78,20,3,0.0,0.0,0.0,0.0,0.43936213850975037,False,False,0.0,0.0,0.0,[],0.0,0.0,0,0.0,0,5.332999997165189e-06
aco_current,5,7472,78,20,4,0.0,0.0,0.0,0.0,0.20313307642936707,False,False,0.0,0.0,0.0,[],0.0,0.0,0,0.0,0,5.332999997165189e-06
aco_current,5,7473,78,20,1,0.0,131.0,131.0,0.655,0.41171473264694214,False,False,0.0,131.0,0.0,[],0.0,0.0,0,0.0,0,3.5829999944780866e-06
aco_current,5,7473,78,20,2,0.0,0.0,0.0,0.0,0.09907747060060501,False,False,0.0,0.0,0.0,[],0.0,0.0,0,0.0,0,3.5829999944780866e-06
aco_current,5,7473,78,20,3,0.0,0.0,0.0,0.0,0.43936213850975037,False,False,0.0,0.0,0.0,[],0.0,0.0,0,0.0,0,3.5829999944780866e-06
aco_current,5,7473,78,20,4,0.0,0.0,0.0,0.0,0.20313307642936707,False,False,0.0,0.0,0.0,[],0.0,0.0,0,0.0,0,3.5829999944780866e-06
aco_current,5,7474,78,20,1,0.0,131.0,131.0,0.655,0.41171473264694214,False,False,0.0,131.0,0.0,[],0.0,0.0,0,0.0,0,4.582999999058757e-06
aco_current,5,7474,78,20,2,0.0,0.0,0.0,0.0,0.09907747060060501,False,False,0.0,0.0,0.0,[],0.0,0.0,0,0.0,0,4.582999999058757e-06
aco_current,5,7474,78,20,3,0.0,0.0,0.0,0.0,0.43936213850975037,False,False,0.0,0.0,0.0,[],0.0,0.0,0,0.0,0,4.582999999058757e-06
aco_current,5,7474,78,20,4,0.0,0.0,0.0,0.0,0.20313307642936707,False,False,0.0,0.0,0.0,[],0.0,0.0,0,0.0,0,4.582999999058757e-06
aco_current,5,7475,78,20,1,0.0,131.0,131.0,0.655,0.41171473264694214,False,False,0.0,131.0,0.0,[],0.0,0.0,0,0.0,0,8.332999996696344e-06
aco_current,5,7475,78,20,2,0.0,0.0,0.0,0.0,0.09907747060060501,False,False,0.0,0.0,0.0,[],0.0,0.0,0,0.0,0,8.332999996696344e-06
aco_current,5,7475,78,20,3,0.0,0.0,0.0,0.0,0.43936213850975037,False,False,0.0,0.0,0.0,[],0.0,0.0,0,0.0,0,8.332999996696344e-06
aco_current,5,7475,78,20,4,0.0,0.0,0.0,0.0,0.20313307642936707,False,False,0.0,0.0,0.0,[],0.0,0.0,0,0.0,0,8.332999996696344e-06
aco_current,5,7476,78,21,1,0.0,131.0,131.0,0.655,0.41171473264694214,False,False,0.0,131.0,0.0,[],0.0,0.0,0,0.0,0,3.708999997797946e-06
aco_current,5,7476,78,21,2,0.0,0.0,0.0,0.0,0.09907747060060501,False,False,0.0,0.0,0.0,[],0.0,0.0,0,0.0,0,3.708999997797946e-06
aco_current,5,7476,78,21,3,0.0,0.0,0.0,0.0,0.43936213850975037,False,False,0.0,0.0,0.0,[],0.0,0.0,0,0.0,0,3.708999997797946e-06
aco_current,5,7476,78,21,4,0.0,0.0,0.0,0.0,0.20313307642936707,False,False,0.0,0.0,0.0,[],0.0,0.0,0,0.0,0,3.708999997797946e-06
aco_current,5,7477,78,21,1,0.0,131.0,131.0,0.655,0.41171473264694214,False,False,0.0,131.0,0.0,[],0.0,0.0,0,0.0,0,2.750000000162345e-06
aco_current,5,7477,78,21,2,0.0,0.0,0.0,0.0,0.09907747060060501,False,False,0.0,0.0,0.0,[],0.0,0.0,0,0.0,0,2.750000000162345e-06
aco_current,5,7477,78,21,3,0.0,0.0,0.0,0.0,0.43936213850975037,False,False,0.0,0.0,0.0,[],0.0,0.0,0,0.0,0,2.750000000162345e-06
aco_current,5,7477,78,21,4,0.0,0.0,0.0,0.0,0.20313307642936707,False,False,0.0,0.0,0.0,[],0.0,0.0,0,0.0,0,2.750000000162345e-06
aco_current,5,7478,78,21,1,0.0,131.0,131.0,0.655,0.41171473264694214,False,False,0.0,131.0,0.0,[],0.0,0.0,0,0.0,0,3.042000003006251e-06
aco_current,5,7478,78,21,2,0.0,0.0,0.0,0.0,0.09907747060060501,False,False,0.0,0.0,0.0,[],0.0,0.0,0,0.0,0,3.042000003006251e-06
aco_current,5,7478,78,21,3,0.0,0.0,0.0,0.0,0.43936213850975037,False,False,0.0,0.0,0.0,[],0.0,0.0,0,0.0,0,3.042000003006251e-06
aco_current,5,7478,78,21,4,0.0,0.0,0.0,0.0,0.20313307642936707,False,False,0.0,0.0,0.0,[],0.0,0.0,0,0.0,0,3.042000003006251e-06
aco_current,5,7479,78,21,1,0.0,131.0,131.0,0.655,0.41171473264694214,False,False,0.0,131.0,0.0,[],0.0,0.0,0,0.0,0,3.0840000064813466e-06
aco_current,5,7479,78,21,2,0.0,0.0,0.0,0.0,0.09907747060060501,False,False,0.0,0.0,0.0,[],0.0,0.0,0,0.0,0,3.0840000064813466e-06
aco_current,5,7479,78,21,3,0.0,0.0,0.0,0.0,0.43936213850975037,False,False,0.0,0.0,0.0,[],0.0,0.0,0,0.0,0,3.0840000064813466e-06
aco_current,5,7479,78,21,4,0.0,0.0,0.0,0.0,0.20313307642936707,False,False,0.0,0.0,0.0,[],0.0,0.0,0,0.0,0,3.0840000064813466e-06
aco_current,5,7480,78,22,1,0.0,131.0,131.0,0.655,0.41171473264694214,False,False,0.0,131.0,0.0,[],0.0,0.0,0,0.0,0,3.874999997321993e-06
aco_current,5,7480,78,22,2,0.0,0.0,0.0,0.0,0.09907747060060501,False,False,0.0,0.0,0.0,[],0.0,0.0,0,0.0,0,3.874999997321993e-06
aco_current,5,7480,78,22,3,0.0,0.0,0.0,0.0,0.43936213850975037,False,False,0.0,0.0,0.0,[],0.0,0.0,0,0.0,0,3.874999997321993e-06
aco_current,5,7480,78,22,4,0.0,0.0,0.0,0.0,0.20313307642936707,False,False,0.0,0.0,0.0,[],0.0,0.0,0,0.0,0,3.874999997321993e-06
aco_current,5,7481,78,22,1,0.0,131.0,131.0,0.655,0.41171473264694214,False,False,0.0,131.0,0.0,[],0.0,0.0,0,0.0,0,3.124999999215561e-06
aco_current,5,7481,78,22,2,0.0,0.0,0.0,0.0,0.09907747060060501,False,False,0.0,0.0,0.0,[],0.0,0.0,0,0.0,0,3.124999999215561e-06
aco_current,5,7481,78,22,3,0.0,0.0,0.0,0.0,0.43936213850975037,False,False,0.0,0.0,0.0,[],0.0,0.0,0,0.0,0,3.124999999215561e-06
aco_current,5,7481,78,22,4,0.0,0.0,0.0,0.0,0.20313307642936707,False,False,0.0,0.0,0.0,[],0.0,0.0,0,0.0,0,3.124999999215561e-06
aco_current,5,7482,78,22,1,0.0,131.0,131.0,0.655,0.41171473264694214,False,False,0.0,131.0,0.0,[],0.0,0.0,0,0.0,0,2.3749999940037014e-06
aco_current,5,7482,78,22,2,0.0,0.0,0.0,0.0,0.09907747060060501,False,False,0.0,0.0,0.0,[],0.0,0.0,0,0.0,0,2.3749999940037014e-06
aco_current,5,7482,78,22,3,0.0,0.0,0.0,0.0,0.43936213850975037,False,False,0.0,0.0,0.0,[],0.0,0.0,0,0.0,0,2.3749999940037014e-06
aco_current,5,7482,78,22,4,0.0,0.0,0.0,0.0,0.20313307642936707,False,False,0.0,0.0,0.0,[],0.0,0.0,0,0.0,0,2.3749999940037014e-06
aco_current,5,7483,78,22,1,0.0,131.0,131.0,0.655,0.41171473264694214,False,False,0.0,131.0,0.0,[],0.0,0.0,0,0.0,0,3.3330000022147033e-06
aco_current,5,7483,78,22,2,0.0,0.0,0.0,0.0,0.09907747060060501,False,False,0.0,0.0,0.0,[],0.0,0.0,0,0.0,0,3.3330000022147033e-06
aco_current,5,7483,78,22,3,0.0,0.0,0.0,0.0,0.43936213850975037,False,False,0.0,0.0,0.0,[],0.0,0.0,0,0.0,0,3.3330000022147033e-06
aco_current,5,7483,78,22,4,0.0,0.0,0.0,0.0,0.20313307642936707,False,False,0.0,0.0,0.0,[],0.0,0.0,0,0.0,0,3.3330000022147033e-06
aco_current,5,7484,78,23,1,0.0,131.0,131.0,0.655,0.41171473264694214,False,False,0.0,131.0,0.0,[],0.0,0.0,0,0.0,0,2.7079999966872492e-06
aco_current,5,7484,78,23,2,0.0,0.0,0.0,0.0,0.09907747060060501,False,False,0.0,0.0,0.0,[],0.0,0.0,0,0.0,0,2.7079999966872492e-06
aco_current,5,7484,78,23,3,0.0,0.0,0.0,0.0,0.43936213850975037,False,False,0.0,0.0,0.0,[],0.0,0.0,0,0.0,0,2.7079999966872492e-06
aco_current,5,7484,78,23,4,0.0,0.0,0.0,0.0,0.20313307642936707,False,False,0.0,0.0,0.0,[],0.0,0.0,0,0.0,0,2.7079999966872492e-06
aco_current,5,7485,78,23,1,0.0,131.0,131.0,0.655,0.41171473264694214,False,False,0.0,131.0,0.0,[],0.0,0.0,0,0.0,0,2.87499999984675e-06
aco_current,5,7485,78,23,2,0.0,0.0,0.0,0.0,0.09907747060060501,False,False,0.0,0.0,0.0,[],0.0,0.0,0,0.0,0,2.87499999984675e-06
aco_current,5,7485,78,23,3,0.0,0.0,0.0,0.0,0.43936213850975037,False,False,0.0,0.0,0.0,[],0.0,0.0,0,0.0,0,2.87499999984675e-06
aco_current,5,7485,78,23,4,0.0,0.0,0.0,0.0,0.20313307642936707,False,False,0.0,0.0,0.0,[],0.0,0.0,0,0.0,0,2.87499999984675e-06
aco_current,5,7486,78,23,1,0.0,131.0,131.0,0.655,0.41171473264694214,False,False,0.0,131.0,0.0,[],0.0,0.0,0,0.0,0,3.2920000023750617e-06
aco_current,5,7486,78,23,2,0.0,0.0,0.0,0.0,0.09907747060060501,False,False,0.0,0.0,0.0,[],0.0,0.0,0,0.0,0,3.2920000023750617e-06
aco_current,5,7486,78,23,3,0.0,0.0,0.0,0.0,0.43936213850975037,False,False,0.0,0.0,0.0,[],0.0,0.0,0,0.0,0,3.2920000023750617e-06
aco_current,5,7486,78,23,4,0.0,0.0,0.0,0.0,0.20313307642936707,False,False,0.0,0.0,0.0,[],0.0,0.0,0,0.0,0,3.2920000023750617e-06
aco_current,5,7487,78,23,1,0.0,131.0,131.0,0.655,0.41171473264694214,False,False,0.0,131.0,0.0,[],0.0,0.0,0,0.0,0,2.4579999973184385e-06
aco_current,5,7487,78,23,2,0.0,0.0,0.0,0.0,0.09907747060060501,False,False,0.0,0.0,0.0,[],0.0,0.0,0,0.0,0,2.4579999973184385e-06
aco_current,5,7487,78,23,3,0.0,0.0,0.0,0.0,0.43936213850975037,False,False,0.0,0.0,0.0,[],0.0,0.0,0,0.0,0,2.4579999973184385e-06
aco_current,5,7487,78,23,4,0.0,0.0,0.0,0.0,0.20313307642936707,False,False,0.0,0.0,0.0,[],0.0,0.0,0,0.0,0,2.4579999973184385e-06
aco_current,5,7488,79,0,1,42.0,131.0,173.0,0.865,1.0,True,True,30.0,143.0,0.0,[1],10.0,10.0,1,10.0,0,0.009529875000005461
aco_current,5,7488,79,0,2,0.0,0.0,0.0,0.0,0.09907747060060501,False,False,0.0,0.0,0.0,[],10.0,10.0,1,10.0,0,0.009529875000005461
aco_current,5,7488,79,0,3,0.0,0.0,0.0,0.0,0.43936213850975037,False,False,0.0,0.0,0.0,[],10.0,10.0,1,10.0,0,0.009529875000005461
aco_current,5,7488,79,0,4,0.0,0.0,0.0,0.0,0.20313307642936707,False,False,0.0,0.0,0.0,[],10.0,10.0,1,10.0,0,0.009529875000005461
aco_current,5,7489,79,0,1,42.0,143.0,185.0,0.925,1.0,True,True,30.0,155.0,0.0,[1],10.0,10.0,1,10.0,0,0.009647375000000125
aco_current,5,7489,79,0,2,0.0,0.0,0.0,0.0,0.09907747060060501,False,False,0.0,0.0,0.0,[],10.0,10.0,1,10.0,0,0.009647375000000125
aco_current,5,7489,79,0,3,0.0,0.0,0.0,0.0,0.43936213850975037,False,False,0.0,0.0,0.0,[],10.0,10.0,1,10.0,0,0.009647375000000125
aco_current,5,7489,79,0,4,0.0,0.0,0.0,0.0,0.20313307642936707,False,False,0.0,0.0,0.0,[],10.0,10.0,1,10.0,0,0.009647375000000125
aco_current,5,7490,79,0,1,43.0,155.0,198.0,0.99,1.0,True,True,30.0,168.0,0.0,[1],10.0,10.0,1,10.0,0,0.009510167000001957
aco_current,5,7490,79,0,2,0.0,0.0,0.0,0.0,0.09907747060060501,False,False,0.0,0.0,0.0,[],10.0,10.0,1,10.0,0,0.009510167000001957
aco_current,5,7490,79,0,3,0.0,0.0,0.0,0.0,0.43936213850975037,False,False,0.0,0.0,0.0,[],10.0,10.0,1,10.0,0,0.009510167000001957
aco_current,5,7490,79,0,4,0.0,0.0,0.0,0.0,0.20313307642936707,False,False,0.0,0.0,0.0,[],10.0,10.0,1,10.0,0,0.009510167000001957
aco_current,5,7491,79,0,1,42.0,168.0,210.0,1.05,1.0,True,True,30.0,180.0,0.0,[1],10.0,10.0,1,10.0,0,0.009398374999996406
aco_current,5,7491,79,0,2,0.0,0.0,0.0,0.0,0.09907747060060501,False,False,0.0,0.0,0.0,[],10.0,10.0,1,10.0,0,0.009398374999996406
aco_current,5,7491,79,0,3,0.0,0.0,0.0,0.0,0.43936213850975037,False,False,0.0,0.0,0.0,[],10.0,10.0,1,10.0,0,0.009398374999996406
aco_current,5,7491,79,0,4,0.0,0.0,0.0,0.0,0.20313307642936707,False,False,0.0,0.0,0.0,[],10.0,10.0,1,10.0,0,0.009398374999996406
aco_current,5,7492,79,1,1,44.0,180.0,224.0,1.12,1.0,True,True,30.0,194.0,0.0,[1],10.0,10.0,1,10.0,0,0.009512125000000538
aco_current,5,7492,79,1,2,0.0,0.0,0.0,0.0,0.09907747060060501,False,False,0.0,0.0,0.0,[],10.0,10.0,1,10.0,0,0.009512125000000538
aco_current,5,7492,79,1,3,0.0,0.0,0.0,0.0,0.43936213850975037,False,False,0.0,0.0,0.0,[],10.0,10.0,1,10.0,0,0.009512125000000538
aco_current,5,7492,79,1,4,0.0,0.0,0.0,0.0,0.20313307642936707,False,False,0.0,0.0,0.0,[],10.0,10.0,1,10.0,0,0.009512125000000538
aco_current,5,7493,79,1,1,42.0,194.0,236.0,1.18,1.0,True,True,30.0,200.0,6.0,[1],10.0,10.0,1,10.0,0,0.009525458000005926
aco_current,5,7493,79,1,2,0.0,0.0,0.0,0.0,0.09907747060060501,False,False,0.0,0.0,0.0,[],10.0,10.0,1,10.0,0,0.009525458000005926
aco_current,5,7493,79,1,3,0.0,0.0,0.0,0.0,0.43936213850975037,False,False,0.0,0.0,0.0,[],10.0,10.0,1,10.0,0,0.009525458000005926
aco_current,5,7493,79,1,4,0.0,0.0,0.0,0.0,0.20313307642936707,False,False,0.0,0.0,0.0,[],10.0,10.0,1,10.0,0,0.009525458000005926
aco_current,5,7494,79,1,1,43.0,200.0,243.0,1.215,1.0,True,True,30.0,200.0,13.0,[1],10.0,10.0,1,10.0,0,0.009382791999996698
aco_current,5,7494,79,1,2,0.0,0.0,0.0,0.0,0.09907747060060501,False,False,0.0,0.0,0.0,[],10.0,10.0,1,10.0,0,0.009382791999996698
aco_current,5,7494,79,1,3,0.0,0.0,0.0,0.0,0.43936213850975037,False,False,0.0,0.0,0.0,[],10.0,10.0,1,10.0,0,0.009382791999996698
aco_current,5,7494,79,1,4,0.0,0.0,0.0,0.0,0.20313307642936707,False,False,0.0,0.0,0.0,[],10.0,10.0,1,10.0,0,0.009382791999996698
aco_current,5,7495,79,1,1,42.0,200.0,242.0,1.21,1.0,True,True,30.0,200.0,12.0,[1],10.0,10.0,1,10.0,0,0.009395791000002873
aco_current,5,7495,79,1,2,0.0,0.0,0.0,0.0,0.09907747060060501,False,False,0.0,0.0,0.0,[],10.0,10.0,1,10.0,0,0.009395791000002873
aco_current,5,7495,79,1,3,0.0,0.0,0.0,0.0,0.43936213850975037,False,False,0.0,0.0,0.0,[],10.0,10.0,1,10.0,0,0.009395791000002873
aco_current,5,7495,79,1,4,0.0,0.0,0.0,0.0,0.20313307642936707,False,False,0.0,0.0,0.0,[],10.0,10.0,1,10.0,0,0.009395791000002873
aco_current,5,7496,79,2,1,44.0,200.0,244.0,1.22,1.0,True,True,30.0,200.0,14.0,[1],10.0,10.0,1,10.0,0,0.009312749999999426
aco_current,5,7496,79,2,2,0.0,0.0,0.0,0.0,0.09907747060060501,False,False,0.0,0.0,0.0,[],10.0,10.0,1,10.0,0,0.009312749999999426
aco_current,5,7496,79,2,3,0.0,0.0,0.0,0.0,0.43936213850975037,False,False,0.0,0.0,0.0,[],10.0,10.0,1,10.0,0,0.009312749999999426
aco_current,5,7496,79,2,4,0.0,0.0,0.0,0.0,0.20313307642936707,False,False,0.0,0.0,0.0,[],10.0,10.0,1,10.0,0,0.009312749999999426
aco_current,5,7497,79,2,1,43.0,200.0,243.0,1.215,1.0,True,True,30.0,200.0,13.0,[1],10.0,10.0,1,10.0,0,0.0101769580000024
aco_current,5,7497,79,2,2,0.0,0.0,0.0,0.0,0.09907747060060501,False,False,0.0,0.0,0.0,[],10.0,10.0,1,10.0,0,0.0101769580000024
aco_current,5,7497,79,2,3,0.0,0.0,0.0,0.0,0.43936213850975037,False,False,0.0,0.0,0.0,[],10.0,10.0,1,10.0,0,0.0101769580000024
aco_current,5,7497,79,2,4,0.0,0.0,0.0,0.0,0.20313307642936707,False,False,0.0,0.0,0.0,[],10.0,10.0,1,10.0,0,0.0101769580000024
aco_current,5,7498,79,2,1,43.0,200.0,243.0,1.215,1.0,True,True,30.0,200.0,13.0,[1],10.0,10.0,1,10.0,0,0.009605290999999738
aco_current,5,7498,79,2,2,0.0,0.0,0.0,0.0,0.09907747060060501,False,False,0.0,0.0,0.0,[],10.0,10.0,1,10.0,0,0.009605290999999738
aco_current,5,7498,79,2,3,0.0,0.0,0.0,0.0,0.43936213850975037,False,False,0.0,0.0,0.0,[],10.0,10.0,1,10.0,0,0.009605290999999738
aco_current,5,7498,79,2,4,0.0,0.0,0.0,0.0,0.20313307642936707,False,False,0.0,0.0,0.0,[],10.0,10.0,1,10.0,0,0.009605290999999738
aco_current,5,7499,79,2,1,42.0,200.0,242.0,1.21,1.0,True,True,30.0,200.0,12.0,[1],10.0,10.0,1,10.0,0,0.009319458000000225
aco_current,5,7499,79,2,2,0.0,0.0,0.0,0.0,0.09907747060060501,False,False,0.0,0.0,0.0,[],10.0,10.0,1,10.0,0,0.009319458000000225
aco_current,5,7499,79,2,3,0.0,0.0,0.0,0.0,0.43936213850975037,False,False,0.0,0.0,0.0,[],10.0,10.0,1,10.0,0,0.009319458000000225
aco_current,5,7499,79,2,4,0.0,0.0,0.0,0.0,0.20313307642936707,False,False,0.0,0.0,0.0,[],10.0,10.0,1,10.0,0,0.009319458000000225
aco_current,5,7500,79,3,1,44.0,200.0,244.0,1.22,1.0,True,True,30.0,200.0,14.0,[1],10.0,10.0,1,10.0,0,0.009249915999994585
aco_current,5,7500,79,3,2,0.0,0.0,0.0,0.0,0.09907747060060501,False,False,0.0,0.0,0.0,[],10.0,10.0,1,10.0,0,0.009249915999994585
aco_current,5,7500,79,3,3,0.0,0.0,0.0,0.0,0.43936213850975037,False,False,0.0,0.0,0.0,[],10.0,10.0,1,10.0,0,0.009249915999994585
aco_current,5,7500,79,3,4,0.0,0.0,0.0,0.0,0.20313307642936707,False,False,0.0,0.0,0.0,[],10.0,10.0,1,10.0,0,0.009249915999994585
aco_current,5,7501,79,3,1,42.0,200.0,242.0,1.21,1.0,True,True,30.0,200.0,12.0,[1],10.0,10.0,1,10.0,0,0.009238499999995042
aco_current,5,7501,79,3,2,0.0,0.0,0.0,0.0,0.09907747060060501,False,False,0.0,0.0,0.0,[],10.0,10.0,1,10.0,0,0.009238499999995042
aco_current,5,7501,79,3,3,0.0,0.0,0.0,0.0,0.43936213850975037,False,False,0.0,0.0,0.0,[],10.0,10.0,1,10.0,0,0.009238499999995042
aco_current,5,7501,79,3,4,0.0,0.0,0.0,0.0,0.20313307642936707,False,False,0.0,0.0,0.0,[],10.0,10.0,1,10.0,0,0.009238499999995042
aco_current,5,7502,79,3,1,42.0,200.0,242.0,1.21,1.0,True,True,30.0,200.0,12.0,[1],10.0,10.0,1,10.0,0,0.009599041999997837
aco_current,5,7502,79,3,2,0.0,0.0,0.0,0.0,0.09907747060060501,False,False,0.0,0.0,0.0,[],10.0,10.0,1,10.0,0,0.009599041999997837
aco_current,5,7502,79,3,3,0.0,0.0,0.0,0.0,0.43936213850975037,False,False,0.0,0.0,0.0,[],10.0,10.0,1,10.0,0,0.009599041999997837
aco_current,5,7502,79,3,4,0.0,0.0,0.0,0.0,0.20313307642936707,False,False,0.0,0.0,0.0,[],10.0,10.0,1,10.0,0,0.009599041999997837
aco_current,5,7503,79,3,1,43.0,200.0,243.0,1.215,1.0,True,True,30.0,200.0,13.0,[1],10.0,10.0,1,10.0,0,0.009446083999996802
aco_current,5,7503,79,3,2,0.0,0.0,0.0,0.0,0.09907747060060501,False,False,0.0,0.0,0.0,[],10.0,10.0,1,10.0,0,0.009446083999996802
aco_current,5,7503,79,3,3,0.0,0.0,0.0,0.0,0.43936213850975037,False,False,0.0,0.0,0.0,[],10.0,10.0,1,10.0,0,0.009446083999996802
aco_current,5,7503,79,3,4,0.0,0.0,0.0,0.0,0.20313307642936707,False,False,0.0,0.0,0.0,[],10.0,10.0,1,10.0,0,0.009446083999996802
aco_current,5,7504,79,4,1,42.0,200.0,242.0,1.21,1.0,True,True,30.0,200.0,12.0,[1],10.0,10.0,1,10.0,0,0.009560000000000457
aco_current,5,7504,79,4,2,0.0,0.0,0.0,0.0,0.09907747060060501,False,False,0.0,0.0,0.0,[],10.0,10.0,1,10.0,0,0.009560000000000457
aco_current,5,7504,79,4,3,0.0,0.0,0.0,0.0,0.43936213850975037,False,False,0.0,0.0,0.0,[],10.0,10.0,1,10.0,0,0.009560000000000457
aco_current,5,7504,79,4,4,0.0,0.0,0.0,0.0,0.20313307642936707,False,False,0.0,0.0,0.0,[],10.0,10.0,1,10.0,0,0.009560000000000457
aco_current,5,7505,79,4,1,43.0,200.0,243.0,1.215,1.0,True,True,30.0,200.0,13.0,[1],10.0,10.0,1,10.0,0,0.009486166999998602
aco_current,5,7505,79,4,2,0.0,0.0,0.0,0.0,0.09907747060060501,False,False,0.0,0.0,0.0,[],10.0,10.0,1,10.0,0,0.009486166999998602
aco_current,5,7505,79,4,3,0.0,0.0,0.0,0.0,0.43936213850975037,False,False,0.0,0.0,0.0,[],10.0,10.0,1,10.0,0,0.009486166999998602
aco_current,5,7505,79,4,4,0.0,0.0,0.0,0.0,0.20313307642936707,False,False,0.0,0.0,0.0,[],10.0,10.0,1,10.0,0,0.009486166999998602
aco_current,5,7506,79,4,1,43.0,200.0,243.0,1.215,1.0,True,True,30.0,200.0,13.0,[1],10.0,10.0,1,10.0,0,0.009578124999997328
aco_current,5,7506,79,4,2,0.0,0.0,0.0,0.0,0.09907747060060501,False,False,0.0,0.0,0.0,[],10.0,10.0,1,10.0,0,0.009578124999997328
aco_current,5,7506,79,4,3,0.0,0.0,0.0,0.0,0.43936213850975037,False,False,0.0,0.0,0.0,[],10.0,10.0,1,10.0,0,0.009578124999997328
aco_current,5,7506,79,4,4,0.0,0.0,0.0,0.0,0.20313307642936707,False,False,0.0,0.0,0.0,[],10.0,10.0,1,10.0,0,0.009578124999997328
aco_current,5,7507,79,4,1,43.0,200.0,243.0,1.215,1.0,True,True,30.0,200.0,13.0,[1],10.0,10.0,1,10.0,0,0.009578583999996226
aco_current,5,7507,79,4,2,0.0,0.0,0.0,0.0,0.09907747060060501,False,False,0.0,0.0,0.0,[],10.0,10.0,1,10.0,0,0.009578583999996226
aco_current,5,7507,79,4,3,0.0,0.0,0.0,0.0,0.43936213850975037,False,False,0.0,0.0,0.0,[],10.0,10.0,1,10.0,0,0.009578583999996226
aco_current,5,7507,79,4,4,0.0,0.0,0.0,0.0,0.20313307642936707,False,False,0.0,0.0,0.0,[],10.0,10.0,1,10.0,0,0.009578583999996226
aco_current,5,7508,79,5,1,42.0,200.0,242.0,1.21,1.0,True,True,30.0,200.0,12.0,[1],10.0,10.0,1,10.0,0,0.009507708000001003
aco_current,5,7508,79,5,2,0.0,0.0,0.0,0.0,0.09907747060060501,False,False,0.0,0.0,0.0,[],10.0,10.0,1,10.0,0,0.009507708000001003
aco_current,5,7508,79,5,3,0.0,0.0,0.0,0.0,0.43936213850975037,False,False,0.0,0.0,0.0,[],10.0,10.0,1,10.0,0,0.009507708000001003
aco_current,5,7508,79,5,4,0.0,0.0,0.0,0.0,0.20313307642936707,False,False,0.0,0.0,0.0,[],10.0,10.0,1,10.0,0,0.009507708000001003
aco_current,5,7509,79,5,1,43.0,200.0,243.0,1.215,1.0,True,True,30.0,200.0,13.0,[1],10.0,10.0,1,10.0,0,0.009510167000001957
aco_current,5,7509,79,5,2,0.0,0.0,0.0,0.0,0.09907747060060501,False,False,0.0,0.0,0.0,[],10.0,10.0,1,10.0,0,0.009510167000001957
aco_current,5,7509,79,5,3,0.0,0.0,0.0,0.0,0.43936213850975037,False,False,0.0,0.0,0.0,[],10.0,10.0,1,10.0,0,0.009510167000001957
aco_current,5,7509,79,5,4,0.0,0.0,0.0,0.0,0.20313307642936707,False,False,0.0,0.0,0.0,[],10.0,10.0,1,10.0,0,0.009510167000001957
aco_current,5,7510,79,5,1,42.0,200.0,242.0,1.21,1.0,True,True,30.0,200.0,12.0,[1],10.0,10.0,1,10.0,0,0.009636125000000106
aco_current,5,7510,79,5,2,0.0,0.0,0.0,0.0,0.09907747060060501,False,False,0.0,0.0,0.0,[],10.0,10.0,1,10.0,0,0.009636125000000106
aco_current,5,7510,79,5,3,0.0,0.0,0.0,0.0,0.43936213850975037,False,False,0.0,0.0,0.0,[],10.0,10.0,1,10.0,0,0.009636125000000106
aco_current,5,7510,79,5,4,0.0,0.0,0.0,0.0,0.20313307642936707,False,False,0.0,0.0,0.0,[],10.0,10.0,1,10.0,0,0.009636125000000106
aco_current,5,7511,79,5,1,43.0,200.0,243.0,1.215,1.0,True,True,30.0,200.0,13.0,[1],10.0,10.0,1,10.0,0,0.00939216700000145
aco_current,5,7511,79,5,2,0.0,0.0,0.0,0.0,0.09907747060060501,False,False,0.0,0.0,0.0,[],10.0,10.0,1,10.0,0,0.00939216700000145
aco_current,5,7511,79,5,3,0.0,0.0,0.0,0.0,0.43936213850975037,False,False,0.0,0.0,0.0,[],10.0,10.0,1,10.0,0,0.00939216700000145
aco_current,5,7511,79,5,4,0.0,0.0,0.0,0.0,0.20313307642936707,False,False,0.0,0.0,0.0,[],10.0,10.0,1,10.0,0,0.00939216700000145
aco_current,5,7512,79,6,1,41.0,200.0,241.0,1.205,1.0,True,True,30.0,200.0,11.0,[1],10.0,10.0,1,10.0,0,0.009390249999995604
aco_current,5,7512,79,6,2,0.0,0.0,0.0,0.0,0.09907747060060501,False,False,0.0,0.0,0.0,[],10.0,10.0,1,10.0,0,0.009390249999995604
aco_current,5,7512,79,6,3,0.0,0.0,0.0,0.0,0.43936213850975037,False,False,0.0,0.0,0.0,[],10.0,10.0,1,10.0,0,0.009390249999995604
aco_current,5,7512,79,6,4,0.0,0.0,0.0,0.0,0.20313307642936707,False,False,0.0,0.0,0.0,[],10.0,10.0,1,10.0,0,0.009390249999995604
aco_current,5,7513,79,6,1,43.0,200.0,243.0,1.215,1.0,True,True,30.0,200.0,13.0,[1],10.0,10.0,1,10.0,0,0.00923029199999803
aco_current,5,7513,79,6,2,0.0,0.0,0.0,0.0,0.09907747060060501,False,False,0.0,0.0,0.0,[],10.0,10.0,1,10.0,0,0.00923029199999803
aco_current,5,7513,79,6,3,0.0,0.0,0.0,0.0,0.43936213850975037,False,False,0.0,0.0,0.0,[],10.0,10.0,1,10.0,0,0.00923029199999803
aco_current,5,7513,79,6,4,0.0,0.0,0.0,0.0,0.20313307642936707,False,False,0.0,0.0,0.0,[],10.0,10.0,1,10.0,0,0.00923029199999803
aco_current,5,7514,79,6,1,42.0,200.0,242.0,1.21,1.0,True,True,30.0,200.0,12.0,[1],10.0,10.0,1,10.0,0,0.009267582999996193
aco_current,5,7514,79,6,2,0.0,0.0,0.0,0.0,0.09907747060060501,False,False,0.0,0.0,0.0,[],10.0,10.0,1,10.0,0,0.009267582999996193
aco_current,5,7514,79,6,3,0.0,0.0,0.0,0.0,0.43936213850975037,False,False,0.0,0.0,0.0,[],10.0,10.0,1,10.0,0,0.009267582999996193
aco_current,5,7514,79,6,4,0.0,0.0,0.0,0.0,0.20313307642936707,False,False,0.0,0.0,0.0,[],10.0,10.0,1,10.0,0,0.009267582999996193
aco_current,5,7515,79,6,1,44.0,200.0,244.0,1.22,1.0,True,True,30.0,200.0,14.0,[1],10.0,10.0,1,10.0,0,0.009450415999999962
aco_current,5,7515,79,6,2,0.0,0.0,0.0,0.0,0.09907747060060501,False,False,0.0,0.0,0.0,[],10.0,10.0,1,10.0,0,0.009450415999999962
aco_current,5,7515,79,6,3,0.0,0.0,0.0,0.0,0.43936213850975037,False,False,0.0,0.0,0.0,[],10.0,10.0,1,10.0,0,0.009450415999999962
aco_current,5,7515,79,6,4,0.0,0.0,0.0,0.0,0.20313307642936707,False,False,0.0,0.0,0.0,[],10.0,10.0,1,10.0,0,0.009450415999999962
aco_current,5,7516,79,7,1,43.0,200.0,243.0,1.215,1.0,True,True,30.0,200.0,13.0,[1],10.0,10.0,1,10.0,0,0.009446625000002484
aco_current,5,7516,79,7,2,0.0,0.0,0.0,0.0,0.09907747060060501,False,False,0.0,0.0,0.0,[],10.0,10.0,1,10.0,0,0.009446625000002484
aco_current,5,7516,79,7,3,0.0,0.0,0.0,0.0,0.43936213850975037,False,False,0.0,0.0,0.0,[],10.0,10.0,1,10.0,0,0.009446625000002484
aco_current,5,7516,79,7,4,0.0,0.0,0.0,0.0,0.20313307642936707,False,False,0.0,0.0,0.0,[],10.0,10.0,1,10.0,0,0.009446625000002484
aco_current,5,7517,79,7,1,42.0,200.0,242.0,1.21,1.0,True,True,30.0,200.0,12.0,[1],10.0,10.0,1,10.0,0,0.009285165999997957
aco_current,5,7517,79,7,2,0.0,0.0,0.0,0.0,0.09907747060060501,False,False,0.0,0.0,0.0,[],10.0,10.0,1,10.0,0,0.009285165999997957
aco_current,5,7517,79,7,3,0.0,0.0,0.0,0.0,0.43936213850975037,False,False,0.0,0.0,0.0,[],10.0,10.0,1,10.0,0,0.009285165999997957
aco_current,5,7517,79,7,4,0.0,0.0,0.0,0.0,0.20313307642936707,False,False,0.0,0.0,0.0,[],10.0,10.0,1,10.0,0,0.009285165999997957
aco_current,5,7518,79,7,1,43.0,200.0,243.0,1.215,1.0,True,True,30.0,200.0,13.0,[1],10.0,10.0,1,10.0,0,0.009326500000000237
aco_current,5,7518,79,7,2,0.0,0.0,0.0,0.0,0.09907747060060501,False,False,0.0,0.0,0.0,[],10.0,10.0,1,10.0,0,0.009326500000000237
aco_current,5,7518,79,7,3,0.0,0.0,0.0,0.0,0.43936213850975037,False,False,0.0,0.0,0.0,[],10.0,10.0,1,10.0,0,0.009326500000000237
aco_current,5,7518,79,7,4,0.0,0.0,0.0,0.0,0.20313307642936707,False,False,0.0,0.0,0.0,[],10.0,10.0,1,10.0,0,0.009326500000000237
aco_current,5,7519,79,7,1,41.0,200.0,241.0,1.205,1.0,True,True,30.0,200.0,11.0,[1],10.0,10.0,1,10.0,0,0.009549749999997914
aco_current,5,7519,79,7,2,0.0,0.0,0.0,0.0,0.09907747060060501,False,False,0.0,0.0,0.0,[],10.0,10.0,1,10.0,0,0.009549749999997914
aco_current,5,7519,79,7,3,0.0,0.0,0.0,0.0,0.43936213850975037,False,False,0.0,0.0,0.0,[],10.0,10.0,1,10.0,0,0.009549749999997914
aco_current,5,7519,79,7,4,0.0,0.0,0.0,0.0,0.20313307642936707,False,False,0.0,0.0,0.0,[],10.0,10.0,1,10.0,0,0.009549749999997914
aco_current,5,7520,79,8,1,43.0,200.0,243.0,1.215,1.0,True,True,30.0,200.0,13.0,[1],10.0,10.0,1,10.0,0,0.009473750000005055
aco_current,5,7520,79,8,2,0.0,0.0,0.0,0.0,0.09907747060060501,False,False,0.0,0.0,0.0,[],10.0,10.0,1,10.0,0,0.009473750000005055
aco_current,5,7520,79,8,3,0.0,0.0,0.0,0.0,0.43936213850975037,False,False,0.0,0.0,0.0,[],10.0,10.0,1,10.0,0,0.009473750000005055
aco_current,5,7520,79,8,4,0.0,0.0,0.0,0.0,0.20313307642936707,False,False,0.0,0.0,0.0,[],10.0,10.0,1,10.0,0,0.009473750000005055
aco_current,5,7521,79,8,1,42.0,200.0,242.0,1.21,1.0,True,True,30.0,200.0,12.0,[1],10.0,10.0,1,10.0,0,0.009569290999998259
aco_current,5,7521,79,8,2,0.0,0.0,0.0,0.0,0.09907747060060501,False,False,0.0,0.0,0.0,[],10.0,10.0,1,10.0,0,0.009569290999998259
aco_current,5,7521,79,8,3,0.0,0.0,0.0,0.0,0.43936213850975037,False,False,0.0,0.0,0.0,[],10.0,10.0,1,10.0,0,0.009569290999998259
aco_current,5,7521,79,8,4,0.0,0.0,0.0,0.0,0.20313307642936707,False,False,0.0,0.0,0.0,[],10.0,10.0,1,10.0,0,0.009569290999998259
aco_current,5,7522,79,8,1,43.0,200.0,243.0,1.215,1.0,True,True,30.0,200.0,13.0,[1],10.0,10.0,1,10.0,0,0.009426375000003873
aco_current,5,7522,79,8,2,0.0,0.0,0.0,0.0,0.09907747060060501,False,False,0.0,0.0,0.0,[],10.0,10.0,1,10.0,0,0.009426375000003873
aco_current,5,7522,79,8,3,0.0,0.0,0.0,0.0,0.43936213850975037,False,False,0.0,0.0,0.0,[],10.0,10.0,1,10.0,0,0.009426375000003873
aco_current,5,7522,79,8,4,0.0,0.0,0.0,0.0,0.20313307642936707,False,False,0.0,0.0,0.0,[],10.0,10.0,1,10.0,0,0.009426375000003873
aco_current,5,7523,79,8,1,32.0,200.0,232.0,1.16,1.0,True,True,30.0,200.0,2.0,[1],10.0,10.0,1,10.0,0,0.00941912500000086
aco_current,5,7523,79,8,2,0.0,0.0,0.0,0.0,0.09907747060060501,False,False,0.0,0.0,0.0,[],10.0,10.0,1,10.0,0,0.00941912500000086
aco_current,5,7523,79,8,3,0.0,0.0,0.0,0.0,0.43936213850975037,False,False,0.0,0.0,0.0,[],10.0,10.0,1,10.0,0,0.00941912500000086
aco_current,5,7523,79,8,4,0.0,0.0,0.0,0.0,0.20313307642936707,False,False,0.0,0.0,0.0,[],10.0,10.0,1,10.0,0,0.00941912500000086
aco_current,5,7524,79,9,1,32.0,200.0,232.0,1.16,1.0,True,True,30.0,200.0,2.0,[1],10.0,10.0,1,10.0,0,0.009426458000000082
aco_current,5,7524,79,9,2,0.0,0.0,0.0,0.0,0.09907747060060501,False,False,0.0,0.0,0.0,[],10.0,10.0,1,10.0,0,0.009426458000000082
aco_current,5,7524,79,9,3,0.0,0.0,0.0,0.0,0.43936213850975037,False,False,0.0,0.0,0.0,[],10.0,10.0,1,10.0,0,0.009426458000000082
aco_current,5,7524,79,9,4,0.0,0.0,0.0,0.0,0.20313307642936707,False,False,0.0,0.0,0.0,[],10.0,10.0,1,10.0,0,0.009426458000000082
aco_current,5,7525,79,9,1,31.0,200.0,231.0,1.155,1.0,True,True,30.0,200.0,1.0,[1],10.0,10.0,1,10.0,0,0.009510708999997064
aco_current,5,7525,79,9,2,0.0,0.0,0.0,0.0,0.09907747060060501,False,False,0.0,0.0,0.0,[],10.0,10.0,1,10.0,0,0.009510708999997064
aco_current,5,7525,79,9,3,0.0,0.0,0.0,0.0,0.43936213850975037,False,False,0.0,0.0,0.0,[],10.0,10.0,1,10.0,0,0.009510708999997064
aco_current,5,7525,79,9,4,0.0,0.0,0.0,0.0,0.20313307642936707,False,False,0.0,0.0,0.0,[],10.0,10.0,1,10.0,0,0.009510708999997064
aco_current,5,7526,79,9,1,31.0,200.0,231.0,1.155,1.0,True,True,30.0,200.0,1.0,[1],10.0,10.0,1,10.0,0,0.009367000000004566
aco_current,5,7526,79,9,2,0.0,0.0,0.0,0.0,0.09907747060060501,False,False,0.0,0.0,0.0,[],10.0,10.0,1,10.0,0,0.009367000000004566
aco_current,5,7526,79,9,3,0.0,0.0,0.0,0.0,0.43936213850975037,False,False,0.0,0.0,0.0,[],10.0,10.0,1,10.0,0,0.009367000000004566
aco_current,5,7526,79,9,4,0.0,0.0,0.0,0.0,0.20313307642936707,False,False,0.0,0.0,0.0,[],10.0,10.0,1,10.0,0,0.009367000000004566
aco_current,5,7527,79,9,1,31.0,200.0,231.0,1.155,1.0,True,True,30.0,200.0,1.0,[1],10.0,10.0,1,10.0,0,0.009264541000000293
aco_current,5,7527,79,9,2,0.0,0.0,0.0,0.0,0.09907747060060501,False,False,0.0,0.0,0.0,[],10.0,10.0,1,10.0,0,0.009264541000000293
aco_current,5,7527,79,9,3,0.0,0.0,0.0,0.0,0.43936213850975037,False,False,0.0,0.0,0.0,[],10.0,10.0,1,10.0,0,0.009264541000000293
aco_current,5,7527,79,9,4,0.0,0.0,0.0,0.0,0.20313307642936707,False,False,0.0,0.0,0.0,[],10.0,10.0,1,10.0,0,0.009264541000000293
aco_current,5,7528,79,10,1,30.0,200.0,230.0,1.15,1.0,True,True,30.0,200.0,0.0,[1],10.0,10.0,1,10.0,0,0.00973508299999537
aco_current,5,7528,79,10,2,0.0,0.0,0.0,0.0,0.09907747060060501,False,False,0.0,0.0,0.0,[],10.0,10.0,1,10.0,0,0.00973508299999537
aco_current,5,7528,79,10,3,0.0,0.0,0.0,0.0,0.43936213850975037,False,False,0.0,0.0,0.0,[],10.0,10.0,1,10.0,0,0.00973508299999537
aco_current,5,7528,79,10,4,0.0,0.0,0.0,0.0,0.20313307642936707,False,False,0.0,0.0,0.0,[],10.0,10.0,1,10.0,0,0.00973508299999537
aco_current,5,7529,79,10,1,30.0,200.0,230.0,1.15,1.0,True,True,30.0,200.0,0.0,[1],10.0,10.0,1,10.0,0,0.009535667000001524
aco_current,5,7529,79,10,2,0.0,0.0,0.0,0.0,0.09907747060060501,False,False,0.0,0.0,0.0,[],10.0,10.0,1,10.0,0,0.009535667000001524
aco_current,5,7529,79,10,3,0.0,0.0,0.0,0.0,0.43936213850975037,False,False,0.0,0.0,0.0,[],10.0,10.0,1,10.0,0,0.009535667000001524
aco_current,5,7529,79,10,4,0.0,0.0,0.0,0.0,0.20313307642936707,False,False,0.0,0.0,0.0,[],10.0,10.0,1,10.0,0,0.009535667000001524
aco_current,5,7530,79,10,1,20.0,200.0,220.0,1.1,1.0,True,True,30.0,190.0,0.0,[1],10.0,10.0,1,10.0,0,0.009563374999999041
aco_current,5,7530,79,10,2,0.0,0.0,0.0,0.0,0.09907747060060501,False,False,0.0,0.0,0.0,[],10.0,10.0,1,10.0,0,0.009563374999999041
aco_current,5,7530,79,10,3,0.0,0.0,0.0,0.0,0.43936213850975037,False,False,0.0,0.0,0.0,[],10.0,10.0,1,10.0,0,0.009563374999999041
aco_current,5,7530,79,10,4,0.0,0.0,0.0,0.0,0.20313307642936707,False,False,0.0,0.0,0.0,[],10.0,10.0,1,10.0,0,0.009563374999999041
aco_current,5,7531,79,10,1,12.0,190.0,202.0,1.01,1.0,True,True,30.0,172.0,0.0,[1],10.0,10.0,1,10.0,0,0.009601832999997839
aco_current,5,7531,79,10,2,0.0,0.0,0.0,0.0,0.09907747060060501,False,False,0.0,0.0,0.0,[],10.0,10.0,1,10.0,0,0.009601832999997839
aco_current,5,7531,79,10,3,0.0,0.0,0.0,0.0,0.43936213850975037,False,False,0.0,0.0,0.0,[],10.0,10.0,1,10.0,0,0.009601832999997839
aco_current,5,7531,79,10,4,0.0,0.0,0.0,0.0,0.20313307642936707,False,False,0.0,0.0,0.0,[],10.0,10.0,1,10.0,0,0.009601832999997839
aco_current,5,7532,79,11,1,8.0,172.0,180.0,0.9,0.9999802112579346,True,True,30.0,150.0,0.0,[1],10.0,10.0,1,10.0,0,0.009436250000000257
aco_current,5,7532,79,11,2,0.0,0.0,0.0,0.0,0.09907747060060501,False,False,0.0,0.0,0.0,[],10.0,10.0,1,10.0,0,0.009436250000000257
aco_current,5,7532,79,11,3,0.0,0.0,0.0,0.0,0.43936213850975037,False,False,0.0,0.0,0.0,[],10.0,10.0,1,10.0,0,0.009436250000000257
aco_current,5,7532,79,11,4,0.0,0.0,0.0,0.0,0.20313307642936707,False,False,0.0,0.0,0.0,[],10.0,10.0,1,10.0,0,0.009436250000000257
aco_current,5,7533,79,11,1,8.0,150.0,158.0,0.79,0.992289662361145,False,False,0.0,158.0,0.0,[],0.0,0.0,0,0.0,0,3.2920000023750617e-06
aco_current,5,7533,79,11,2,0.0,0.0,0.0,0.0,0.09907747060060501,False,False,0.0,0.0,0.0,[],0.0,0.0,0,0.0,0,3.2920000023750617e-06
aco_current,5,7533,79,11,3,0.0,0.0,0.0,0.0,0.43936213850975037,False,False,0.0,0.0,0.0,[],0.0,0.0,0,0.0,0,3.2920000023750617e-06
aco_current,5,7533,79,11,4,0.0,0.0,0.0,0.0,0.20313307642936707,False,False,0.0,0.0,0.0,[],0.0,0.0,0,0.0,0,3.2920000023750617e-06
aco_current,5,7534,79,11,1,8.0,158.0,166.0,0.83,0.9991548657417297,True,True,30.0,136.0,0.0,[1],10.0,10.0,1,10.0,0,0.009598834000001943
aco_current,5,7534,79,11,2,0.0,0.0,0.0,0.0,0.09907747060060501,False,False,0.0,0.0,0.0,[],10.0,10.0,1,10.0,0,0.009598834000001943
aco_current,5,7534,79,11,3,0.0,0.0,0.0,0.0,0.43936213850975037,False,False,0.0,0.0,0.0,[],10.0,10.0,1,10.0,0,0.009598834000001943
aco_current,5,7534,79,11,4,0.0,0.0,0.0,0.0,0.20313307642936707,False,False,0.0,0.0,0.0,[],10.0,10.0,1,10.0,0,0.009598834000001943
aco_current,5,7535,79,11,1,8.0,136.0,144.0,0.72,0.9589164853096008,False,False,0.0,144.0,0.0,[],0.0,0.0,0,0.0,0,4.250000003480636e-06
aco_current,5,7535,79,11,2,0.0,0.0,0.0,0.0,0.09907747060060501,False,False,0.0,0.0,0.0,[],0.0,0.0,0,0.0,0,4.250000003480636e-06
aco_current,5,7535,79,11,3,0.0,0.0,0.0,0.0,0.43936213850975037,False,False,0.0,0.0,0.0,[],0.0,0.0,0,0.0,0,4.250000003480636e-06
aco_current,5,7535,79,11,4,0.0,0.0,0.0,0.0,0.20313307642936707,False,False,0.0,0.0,0.0,[],0.0,0.0,0,0.0,0,4.250000003480636e-06
aco_current,5,7536,79,12,1,8.0,144.0,152.0,0.76,0.9833152294158936,False,False,0.0,152.0,0.0,[],0.0,0.0,0,0.0,0,3.499999998268777e-06
aco_current,5,7536,79,12,2,0.0,0.0,0.0,0.0,0.09907747060060501,False,False,0.0,0.0,0.0,[],0.0,0.0,0,0.0,0,3.499999998268777e-06
aco_current,5,7536,79,12,3,0.0,0.0,0.0,0.0,0.43936213850975037,False,False,0.0,0.0,0.0,[],0.0,0.0,0,0.0,0,3.499999998268777e-06
aco_current,5,7536,79,12,4,0.0,0.0,0.0,0.0,0.20313307642936707,False,False,0.0,0.0,0.0,[],0.0,0.0,0,0.0,0,3.499999998268777e-06
aco_current,5,7537,79,12,1,8.0,152.0,160.0,0.8,0.99635910987854,True,True,30.0,130.0,0.0,[1],10.0,10.0,1,10.0,0,0.010298957999999914
aco_current,5,7537,79,12,2,0.0,0.0,0.0,0.0,0.09907747060060501,False,False,0.0,0.0,0.0,[],10.0,10.0,1,10.0,0,0.010298957999999914
aco_current,5,7537,79,12,3,0.0,0.0,0.0,0.0,0.43936213850975037,False,False,0.0,0.0,0.0,[],10.0,10.0,1,10.0,0,0.010298957999999914
aco_current,5,7537,79,12,4,0.0,0.0,0.0,0.0,0.20313307642936707,False,False,0.0,0.0,0.0,[],10.0,10.0,1,10.0,0,0.010298957999999914
aco_current,5,7538,79,12,1,8.0,130.0,138.0,0.69,0.9181945323944092,False,False,0.0,138.0,0.0,[],0.0,0.0,0,0.0,0,4.6669999989035205e-06
aco_current,5,7538,79,12,2,0.0,0.0,0.0,0.0,0.09907747060060501,False,False,0.0,0.0,0.0,[],0.0,0.0,0,0.0,0,4.6669999989035205e-06
aco_current,5,7538,79,12,3,0.0,0.0,0.0,0.0,0.43936213850975037,False,False,0.0,0.0,0.0,[],0.0,0.0,0,0.0,0,4.6669999989035205e-06
aco_current,5,7538,79,12,4,0.0,0.0,0.0,0.0,0.20313307642936707,False,False,0.0,0.0,0.0,[],0.0,0.0,0,0.0,0,4.6669999989035205e-06
aco_current,5,7539,79,12,1,8.0,138.0,146.0,0.73,0.9660224914550781,False,False,0.0,146.0,0.0,[],0.0,0.0,0,0.0,0,4.459000003009805e-06
aco_current,5,7539,79,12,2,0.0,0.0,0.0,0.0,0.09907747060060501,False,False,0.0,0.0,0.0,[],0.0,0.0,0,0.0,0,4.459000003009805e-06
aco_current,5,7539,79,12,3,0.0,0.0,0.0,0.0,0.43936213850975037,False,False,0.0,0.0,0.0,[],0.0,0.0,0,0.0,0,4.459000003009805e-06
aco_current,5,7539,79,12,4,0.0,0.0,0.0,0.0,0.20313307642936707,False,False,0.0,0.0,0.0,[],0.0,0.0,0,0.0,0,4.459000003009805e-06
aco_current,5,7540,79,13,1,8.0,146.0,154.0,0.77,0.9868676662445068,False,False,0.0,154.0,0.0,[],0.0,0.0,0,0.0,0,3.4589999984291353e-06
aco_current,5,7540,79,13,2,0.0,0.0,0.0,0.0,0.09907747060060501,False,False,0.0,0.0,0.0,[],0.0,0.0,0,0.0,0,3.4589999984291353e-06
aco_current,5,7540,79,13,3,0.0,0.0,0.0,0.0,0.43936213850975037,False,False,0.0,0.0,0.0,[],0.0,0.0,0,0.0,0,3.4589999984291353e-06
aco_current,5,7540,79,13,4,0.0,0.0,0.0,0.0,0.20313307642936707,False,False,0.0,0.0,0.0,[],0.0,0.0,0,0.0,0,3.4589999984291353e-06
aco_current,5,7541,79,13,1,8.0,154.0,162.0,0.81,0.997800886631012,True,True,30.0,132.0,0.0,[1],10.0,10.0,1,10.0,0,0.009738999999996167
aco_current,5,7541,79,13,2,0.0,0.0,0.0,0.0,0.09907747060060501,False,False,0.0,0.0,0.0,[],10.0,10.0,1,10.0,0,0.009738999999996167
aco_current,5,7541,79,13,3,0.0,0.0,0.0,0.0,0.43936213850975037,False,False,0.0,0.0,0.0,[],10.0,10.0,1,10.0,0,0.009738999999996167
aco_current,5,7541,79,13,4,0.0,0.0,0.0,0.0,0.20313307642936707,False,False,0.0,0.0,0.0,[],10.0,10.0,1,10.0,0,0.009738999999996167
aco_current,5,7542,79,13,1,8.0,132.0,140.0,0.7,0.935300350189209,False,False,0.0,140.0,0.0,[],0.0,0.0,0,0.0,0,4.875000001902663e-06
aco_current,5,7542,79,13,2,0.0,0.0,0.0,0.0,0.09907747060060501,False,False,0.0,0.0,0.0,[],0.0,0.0,0,0.0,0,4.875000001902663e-06
aco_current,5,7542,79,13,3,0.0,0.0,0.0,0.0,0.43936213850975037,False,False,0.0,0.0,0.0,[],0.0,0.0,0,0.0,0,4.875000001902663e-06
aco_current,5,7542,79,13,4,0.0,0.0,0.0,0.0,0.20313307642936707,False,False,0.0,0.0,0.0,[],0.0,0.0,0,0.0,0,4.875000001902663e-06
aco_current,5,7543,79,13,1,8.0,140.0,148.0,0.74,0.9731529355049133,False,False,0.0,148.0,0.0,[],0.0,0.0,0,0.0,0,2.7090000003227033e-06
aco_current,5,7543,79,13,2,0.0,0.0,0.0,0.0,0.09907747060060501,False,False,0.0,0.0,0.0,[],0.0,0.0,0,0.0,0,2.7090000003227033e-06
aco_current,5,7543,79,13,3,0.0,0.0,0.0,0.0,0.43936213850975037,False,False,0.0,0.0,0.0,[],0.0,0.0,0,0.0,0,2.7090000003227033e-06
aco_current,5,7543,79,13,4,0.0,0.0,0.0,0.0,0.20313307642936707,False,False,0.0,0.0,0.0,[],0.0,0.0,0,0.0,0,2.7090000003227033e-06
aco_current,5,7544,79,14,1,9.0,148.0,157.0,0.785,0.9946613311767578,False,False,0.0,157.0,0.0,[],0.0,0.0,0,0.0,0,2.2500000014247235e-06
aco_current,5,7544,79,14,2,0.0,0.0,0.0,0.0,0.09907747060060501,False,False,0.0,0.0,0.0,[],0.0,0.0,0,0.0,0,2.2500000014247235e-06
aco_current,5,7544,79,14,3,0.0,0.0,0.0,0.0,0.43936213850975037,False,False,0.0,0.0,0.0,[],0.0,0.0,0,0.0,0,2.2500000014247235e-06
aco_current,5,7544,79,14,4,0.0,0.0,0.0,0.0,0.20313307642936707,False,False,0.0,0.0,0.0,[],0.0,0.0,0,0.0,0,2.2500000014247235e-06
aco_current,5,7545,79,14,1,8.0,157.0,165.0,0.825,0.9989327788352966,True,True,30.0,135.0,0.0,[1],10.0,10.0,1,10.0,0,0.009373291999999367
aco_current,5,7545,79,14,2,0.0,0.0,0.0,0.0,0.09907747060060501,False,False,0.0,0.0,0.0,[],10.0,10.0,1,10.0,0,0.009373291999999367
aco_current,5,7545,79,14,3,0.0,0.0,0.0,0.0,0.43936213850975037,False,False,0.0,0.0,0.0,[],10.0,10.0,1,10.0,0,0.009373291999999367
aco_current,5,7545,79,14,4,0.0,0.0,0.0,0.0,0.20313307642936707,False,False,0.0,0.0,0.0,[],10.0,10.0,1,10.0,0,0.009373291999999367
aco_current,5,7546,79,14,1,8.0,135.0,143.0,0.715,0.9537420272827148,False,False,0.0,143.0,0.0,[],0.0,0.0,0,0.0,0,3.124999999215561e-06
aco_current,5,7546,79,14,2,0.0,0.0,0.0,0.0,0.09907747060060501,False,False,0.0,0.0,0.0,[],0.0,0.0,0,0.0,0,3.124999999215561e-06
aco_current,5,7546,79,14,3,0.0,0.0,0.0,0.0,0.43936213850975037,False,False,0.0,0.0,0.0,[],0.0,0.0,0,0.0,0,3.124999999215561e-06
aco_current,5,7546,79,14,4,0.0,0.0,0.0,0.0,0.20313307642936707,False,False,0.0,0.0,0.0,[],0.0,0.0,0,0.0,0,3.124999999215561e-06
aco_current,5,7547,79,14,1,8.0,143.0,151.0,0.755,0.9808357357978821,False,False,0.0,151.0,0.0,[],0.0,0.0,0,0.0,0,2.6250000004779395e-06
aco_current,5,7547,79,14,2,0.0,0.0,0.0,0.0,0.09907747060060501,False,False,0.0,0.0,0.0,[],0.0,0.0,0,0.0,0,2.6250000004779395e-06
aco_current,5,7547,79,14,3,0.0,0.0,0.0,0.0,0.43936213850975037,False,False,0.0,0.0,0.0,[],0.0,0.0,0,0.0,0,2.6250000004779395e-06
aco_current,5,7547,79,14,4,0.0,0.0,0.0,0.0,0.20313307642936707,False,False,0.0,0.0,0.0,[],0.0,0.0,0,0.0,0,2.6250000004779395e-06
aco_current,5,7548,79,15,1,0.0,151.0,151.0,0.755,0.19165685772895813,False,False,0.0,151.0,0.0,[],0.0,0.0,0,0.0,0,2.5419999971632024e-06
aco_current,5,7548,79,15,2,0.0,0.0,0.0,0.0,0.09907747060060501,False,False,0.0,0.0,0.0,[],0.0,0.0,0,0.0,0,2.5419999971632024e-06
aco_current,5,7548,79,15,3,0.0,0.0,0.0,0.0,0.43936213850975037,False,False,0.0,0.0,0.0,[],0.0,0.0,0,0.0,0,2.5419999971632024e-06
aco_current,5,7548,79,15,4,0.0,0.0,0.0,0.0,0.20313307642936707,False,False,0.0,0.0,0.0,[],0.0,0.0,0,0.0,0,2.5419999971632024e-06
aco_current,5,7549,79,15,1,0.0,151.0,151.0,0.755,0.21817216277122498,False,False,0.0,151.0,0.0,[],0.0,0.0,0,0.0,0,2.9580000031614873e-06
aco_current,5,7549,79,15,2,0.0,0.0,0.0,0.0,0.09907747060060501,False,False,0.0,0.0,0.0,[],0.0,0.0,0,0.0,0,2.9580000031614873e-06
aco_current,5,7549,79,15,3,0.0,0.0,0.0,0.0,0.43936213850975037,False,False,0.0,0.0,0.0,[],0.0,0.0,0,0.0,0,2.9580000031614873e-06
aco_current,5,7549,79,15,4,0.0,0.0,0.0,0.0,0.20313307642936707,False,False,0.0,0.0,0.0,[],0.0,0.0,0,0.0,0,2.9580000031614873e-06
aco_current,5,7550,79,15,1,0.0,151.0,151.0,0.755,0.2408572882413864,False,False,0.0,151.0,0.0,[],0.0,0.0,0,0.0,0,2.0829999982652225e-06
aco_current,5,7550,79,15,2,0.0,0.0,0.0,0.0,0.09907747060060501,False,False,0.0,0.0,0.0,[],0.0,0.0,0,0.0,0,2.0829999982652225e-06
aco_current,5,7550,79,15,3,0.0,0.0,0.0,0.0,0.43936213850975037,False,False,0.0,0.0,0.0,[],0.0,0.0,0,0.0,0,2.0829999982652225e-06
aco_current,5,7550,79,15,4,0.0,0.0,0.0,0.0,0.20313307642936707,False,False,0.0,0.0,0.0,[],0.0,0.0,0,0.0,0,2.0829999982652225e-06
aco_current,5,7551,79,15,1,0.0,151.0,151.0,0.755,0.2732677459716797,False,False,0.0,151.0,0.0,[],0.0,0.0,0,0.0,0,2.0410000018955543e-06
aco_current,5,7551,79,15,2,0.0,0.0,0.0,0.0,0.09907747060060501,False,False,0.0,0.0,0.0,[],0.0,0.0,0,0.0,0,2.0410000018955543e-06
aco_current,5,7551,79,15,3,0.0,0.0,0.0,0.0,0.43936213850975037,False,False,0.0,0.0,0.0,[],0.0,0.0,0,0.0,0,2.0410000018955543e-06
aco_current,5,7551,79,15,4,0.0,0.0,0.0,0.0,0.20313307642936707,False,False,0.0,0.0,0.0,[],0.0,0.0,0,0.0,0,2.0410000018955543e-06
aco_current,5,7552,79,16,1,0.0,151.0,151.0,0.755,0.2732677459716797,False,False,0.0,151.0,0.0,[],0.0,0.0,0,0.0,0,1.957999998580817e-06
aco_current,5,7552,79,16,2,0.0,0.0,0.0,0.0,0.09907747060060501,False,False,0.0,0.0,0.0,[],0.0,0.0,0,0.0,0,1.957999998580817e-06
aco_current,5,7552,79,16,3,0.0,0.0,0.0,0.0,0.43936213850975037,False,False,0.0,0.0,0.0,[],0.0,0.0,0,0.0,0,1.957999998580817e-06
aco_current,5,7552,79,16,4,0.0,0.0,0.0,0.0,0.20313307642936707,False,False,0.0,0.0,0.0,[],0.0,0.0,0,0.0,0,1.957999998580817e-06
aco_current,5,7553,79,16,1,0.0,151.0,151.0,0.755,0.2732677459716797,False,False,0.0,151.0,0.0,[],0.0,0.0,0,0.0,0,1.9169999987411757e-06
aco_current,5,7553,79,16,2,0.0,0.0,0.0,0.0,0.09907747060060501,False,False,0.0,0.0,0.0,[],0.0,0.0,0,0.0,0,1.9169999987411757e-06
aco_current,5,7553,79,16,3,0.0,0.0,0.0,0.0,0.43936213850975037,False,False,0.0,0.0,0.0,[],0.0,0.0,0,0.0,0,1.9169999987411757e-06
aco_current,5,7553,79,16,4,0.0,0.0,0.0,0.0,0.20313307642936707,False,False,0.0,0.0,0.0,[],0.0,0.0,0,0.0,0,1.9169999987411757e-06
aco_current,5,7554,79,16,1,0.0,151.0,151.0,0.755,0.2732677459716797,False,False,0.0,151.0,0.0,[],0.0,0.0,0,0.0,0,2.2500000014247235e-06
aco_current,5,7554,79,16,2,0.0,0.0,0.0,0.0,0.09907747060060501,False,False,0.0,0.0,0.0,[],0.0,0.0,0,0.0,0,2.2500000014247235e-06
aco_current,5,7554,79,16,3,0.0,0.0,0.0,0.0,0.43936213850975037,False,False,0.0,0.0,0.0,[],0.0,0.0,0,0.0,0,2.2500000014247235e-06
aco_current,5,7554,79,16,4,0.0,0.0,0.0,0.0,0.20313307642936707,False,False,0.0,0.0,0.0,[],0.0,0.0,0,0.0,0,2.2500000014247235e-06
aco_current,5,7555,79,16,1,0.0,151.0,151.0,0.755,0.2732677459716797,False,False,0.0,151.0,0.0,[],0.0,0.0,0,0.0,0,2.1669999981099863e-06
aco_current,5,7555,79,16,2,0.0,0.0,0.0,0.0,0.09907747060060501,False,False,0.0,0.0,0.0,[],0.0,0.0,0,0.0,0,2.1669999981099863e-06
aco_current,5,7555,79,16,3,0.0,0.0,0.0,0.0,0.43936213850975037,False,False,0.0,0.0,0.0,[],0.0,0.0,0,0.0,0,2.1669999981099863e-06
aco_current,5,7555,79,16,4,0.0,0.0,0.0,0.0,0.20313307642936707,False,False,0.0,0.0,0.0,[],0.0,0.0,0,0.0,0,2.1669999981099863e-06
aco_current,5,7556,79,17,1,0.0,151.0,151.0,0.755,0.2732677459716797,False,False,0.0,151.0,0.0,[],0.0,0.0,0,0.0,0,2.1249999946348908e-06
aco_current,5,7556,79,17,2,0.0,0.0,0.0,0.0,0.09907747060060501,False,False,0.0,0.0,0.0,[],0.0,0.0,0,0.0,0,2.1249999946348908e-06
aco_current,5,7556,79,17,3,0.0,0.0,0.0,0.0,0.43936213850975037,False,False,0.0,0.0,0.0,[],0.0,0.0,0,0.0,0,2.1249999946348908e-06
aco_current,5,7556,79,17,4,0.0,0.0,0.0,0.0,0.20313307642936707,False,False,0.0,0.0,0.0,[],0.0,0.0,0,0.0,0,2.1249999946348908e-06
aco_current,5,7557,79,17,1,0.0,151.0,151.0,0.755,0.2732677459716797,False,False,0.0,151.0,0.0,[],0.0,0.0,0,0.0,0,2.207999997949628e-06
aco_current,5,7557,79,17,2,0.0,0.0,0.0,0.0,0.09907747060060501,False,False,0.0,0.0,0.0,[],0.0,0.0,0,0.0,0,2.207999997949628e-06
aco_current,5,7557,79,17,3,0.0,0.0,0.0,0.0,0.43936213850975037,False,False,0.0,0.0,0.0,[],0.0,0.0,0,0.0,0,2.207999997949628e-06
aco_current,5,7557,79,17,4,0.0,0.0,0.0,0.0,0.20313307642936707,False,False,0.0,0.0,0.0,[],0.0,0.0,0,0.0,0,2.207999997949628e-06
aco_current,5,7558,79,17,1,0.0,151.0,151.0,0.755,0.2732677459716797,False,False,0.0,151.0,0.0,[],0.0,0.0,0,0.0,0,1.957999998580817e-06
aco_current,5,7558,79,17,2,0.0,0.0,0.0,0.0,0.09907747060060501,False,False,0.0,0.0,0.0,[],0.0,0.0,0,0.0,0,1.957999998580817e-06
aco_current,5,7558,79,17,3,0.0,0.0,0.0,0.0,0.43936213850975037,False,False,0.0,0.0,0.0,[],0.0,0.0,0,0.0,0,1.957999998580817e-06
aco_current,5,7558,79,17,4,0.0,0.0,0.0,0.0,0.20313307642936707,False,False,0.0,0.0,0.0,[],0.0,0.0,0,0.0,0,1.957999998580817e-06
aco_current,5,7559,79,17,1,0.0,151.0,151.0,0.755,0.2732677459716797,False,False,0.0,151.0,0.0,[],0.0,0.0,0,0.0,0,2.3340000012694873e-06
aco_current,5,7559,79,17,2,0.0,0.0,0.0,0.0,0.09907747060060501,False,False,0.0,0.0,0.0,[],0.0,0.0,0,0.0,0,2.3340000012694873e-06
aco_current,5,7559,79,17,3,0.0,0.0,0.0,0.0,0.43936213850975037,False,False,0.0,0.0,0.0,[],0.0,0.0,0,0.0,0,2.3340000012694873e-06
aco_current,5,7559,79,17,4,0.0,0.0,0.0,0.0,0.20313307642936707,False,False,0.0,0.0,0.0,[],0.0,0.0,0,0.0,0,2.3340000012694873e-06
aco_current,5,7560,79,18,1,0.0,151.0,151.0,0.755,0.2732677459716797,False,False,0.0,151.0,0.0,[],0.0,0.0,0,0.0,0,2.6250000004779395e-06
aco_current,5,7560,79,18,2,0.0,0.0,0.0,0.0,0.09907747060060501,False,False,0.0,0.0,0.0,[],0.0,0.0,0,0.0,0,2.6250000004779395e-06
aco_current,5,7560,79,18,3,0.0,0.0,0.0,0.0,0.43936213850975037,False,False,0.0,0.0,0.0,[],0.0,0.0,0,0.0,0,2.6250000004779395e-06
aco_current,5,7560,79,18,4,0.0,0.0,0.0,0.0,0.20313307642936707,False,False,0.0,0.0,0.0,[],0.0,0.0,0,0.0,0,2.6250000004779395e-06
aco_current,5,7561,79,18,1,0.0,151.0,151.0,0.755,0.2732677459716797,False,False,0.0,151.0,0.0,[],0.0,0.0,0,0.0,0,3.249999998899966e-06
aco_current,5,7561,79,18,2,0.0,0.0,0.0,0.0,0.09907747060060501,False,False,0.0,0.0,0.0,[],0.0,0.0,0,0.0,0,3.249999998899966e-06
aco_current,5,7561,79,18,3,0.0,0.0,0.0,0.0,0.43936213850975037,False,False,0.0,0.0,0.0,[],0.0,0.0,0,0.0,0,3.249999998899966e-06
aco_current,5,7561,79,18,4,0.0,0.0,0.0,0.0,0.20313307642936707,False,False,0.0,0.0,0.0,[],0.0,0.0,0,0.0,0,3.249999998899966e-06
aco_current,5,7562,79,18,1,0.0,151.0,151.0,0.755,0.2732677459716797,False,False,0.0,151.0,0.0,[],0.0,0.0,0,0.0,0,3.249999998899966e-06
aco_current,5,7562,79,18,2,0.0,0.0,0.0,0.0,0.09907747060060501,False,False,0.0,0.0,0.0,[],0.0,0.0,0,0.0,0,3.249999998899966e-06
aco_current,5,7562,79,18,3,0.0,0.0,0.0,0.0,0.43936213850975037,False,False,0.0,0.0,0.0,[],0.0,0.0,0,0.0,0,3.249999998899966e-06
aco_current,5,7562,79,18,4,0.0,0.0,0.0,0.0,0.20313307642936707,False,False,0.0,0.0,0.0,[],0.0,0.0,0,0.0,0,3.249999998899966e-06
aco_current,5,7563,79,18,1,0.0,151.0,151.0,0.755,0.2732677459716797,False,False,0.0,151.0,0.0,[],0.0,0.0,0,0.0,0,2.125000001740318e-06
aco_current,5,7563,79,18,2,0.0,0.0,0.0,0.0,0.09907747060060501,False,False,0.0,0.0,0.0,[],0.0,0.0,0,0.0,0,2.125000001740318e-06
aco_current,5,7563,79,18,3,0.0,0.0,0.0,0.0,0.43936213850975037,False,False,0.0,0.0,0.0,[],0.0,0.0,0,0.0,0,2.125000001740318e-06
aco_current,5,7563,79,18,4,0.0,0.0,0.0,0.0,0.20313307642936707,False,False,0.0,0.0,0.0,[],0.0,0.0,0,0.0,0,2.125000001740318e-06
aco_current,5,7564,79,19,1,0.0,151.0,151.0,0.755,0.2732677459716797,False,False,0.0,151.0,0.0,[],0.0,0.0,0,0.0,0,2.040999994790127e-06
aco_current,5,7564,79,19,2,0.0,0.0,0.0,0.0,0.09907747060060501,False,False,0.0,0.0,0.0,[],0.0,0.0,0,0.0,0,2.040999994790127e-06
aco_current,5,7564,79,19,3,0.0,0.0,0.0,0.0,0.43936213850975037,False,False,0.0,0.0,0.0,[],0.0,0.0,0,0.0,0,2.040999994790127e-06
aco_current,5,7564,79,19,4,0.0,0.0,0.0,0.0,0.20313307642936707,False,False,0.0,0.0,0.0,[],0.0,0.0,0,0.0,0,2.040999994790127e-06
aco_current,5,7565,79,19,1,0.0,151.0,151.0,0.755,0.2732677459716797,False,False,0.0,151.0,0.0,[],0.0,0.0,0,0.0,0,2.207999997949628e-06
aco_current,5,7565,79,19,2,0.0,0.0,0.0,0.0,0.09907747060060501,False,False,0.0,0.0,0.0,[],0.0,0.0,0,0.0,0,2.207999997949628e-06
aco_current,5,7565,79,19,3,0.0,0.0,0.0,0.0,0.43936213850975037,False,False,0.0,0.0,0.0,[],0.0,0.0,0,0.0,0,2.207999997949628e-06
aco_current,5,7565,79,19,4,0.0,0.0,0.0,0.0,0.20313307642936707,False,False,0.0,0.0,0.0,[],0.0,0.0,0,0.0,0,2.207999997949628e-06
aco_current,5,7566,79,19,1,0.0,151.0,151.0,0.755,0.2732677459716797,False,False,0.0,151.0,0.0,[],0.0,0.0,0,0.0,0,2.375000001109129e-06
aco_current,5,7566,79,19,2,0.0,0.0,0.0,0.0,0.09907747060060501,False,False,0.0,0.0,0.0,[],0.0,0.0,0,0.0,0,2.375000001109129e-06
aco_current,5,7566,79,19,3,0.0,0.0,0.0,0.0,0.43936213850975037,False,False,0.0,0.0,0.0,[],0.0,0.0,0,0.0,0,2.375000001109129e-06
aco_current,5,7566,79,19,4,0.0,0.0,0.0,0.0,0.20313307642936707,False,False,0.0,0.0,0.0,[],0.0,0.0,0,0.0,0,2.375000001109129e-06
aco_current,5,7567,79,19,1,0.0,151.0,151.0,0.755,0.2732677459716797,False,False,0.0,151.0,0.0,[],0.0,0.0,0,0.0,0,2.08300000537065e-06
aco_current,5,7567,79,19,2,0.0,0.0,0.0,0.0,0.09907747060060501,False,False,0.0,0.0,0.0,[],0.0,0.0,0,0.0,0,2.08300000537065e-06
aco_current,5,7567,79,19,3,0.0,0.0,0.0,0.0,0.43936213850975037,False,False,0.0,0.0,0.0,[],0.0,0.0,0,0.0,0,2.08300000537065e-06
aco_current,5,7567,79,19,4,0.0,0.0,0.0,0.0,0.20313307642936707,False,False,0.0,0.0,0.0,[],0.0,0.0,0,0.0,0,2.08300000537065e-06
aco_current,5,7568,79,20,1,0.0,151.0,151.0,0.755,0.2732677459716797,False,False,0.0,151.0,0.0,[],0.0,0.0,0,0.0,0,1.8750000023715074e-06
aco_current,5,7568,79,20,2,0.0,0.0,0.0,0.0,0.09907747060060501,False,False,0.0,0.0,0.0,[],0.0,0.0,0,0.0,0,1.8750000023715074e-06
aco_current,5,7568,79,20,3,0.0,0.0,0.0,0.0,0.43936213850975037,False,False,0.0,0.0,0.0,[],0.0,0.0,0,0.0,0,1.8750000023715074e-06
aco_current,5,7568,79,20,4,0.0,0.0,0.0,0.0,0.20313307642936707,False,False,0.0,0.0,0.0,[],0.0,0.0,0,0.0,0,1.8750000023715074e-06
aco_current,5,7569,79,20,1,0.0,151.0,151.0,0.755,0.2732677459716797,False,False,0.0,151.0,0.0,[],0.0,0.0,0,0.0,0,2.1669999981099863e-06
aco_current,5,7569,79,20,2,0.0,0.0,0.0,0.0,0.09907747060060501,False,False,0.0,0.0,0.0,[],0.0,0.0,0,0.0,0,2.1669999981099863e-06
aco_current,5,7569,79,20,3,0.0,0.0,0.0,0.0,0.43936213850975037,False,False,0.0,0.0,0.0,[],0.0,0.0,0,0.0,0,2.1669999981099863e-06
aco_current,5,7569,79,20,4,0.0,0.0,0.0,0.0,0.20313307642936707,False,False,0.0,0.0,0.0,[],0.0,0.0,0,0.0,0,2.1669999981099863e-06
aco_current,5,7570,79,20,1,0.0,151.0,151.0,0.755,0.2732677459716797,False,False,0.0,151.0,0.0,[],0.0,0.0,0,0.0,0,2.458000004423866e-06
aco_current,5,7570,79,20,2,0.0,0.0,0.0,0.0,0.09907747060060501,False,False,0.0,0.0,0.0,[],0.0,0.0,0,0.0,0,2.458000004423866e-06
aco_current,5,7570,79,20,3,0.0,0.0,0.0,0.0,0.43936213850975037,False,False,0.0,0.0,0.0,[],0.0,0.0,0,0.0,0,2.458000004423866e-06
aco_current,5,7570,79,20,4,0.0,0.0,0.0,0.0,0.20313307642936707,False,False,0.0,0.0,0.0,[],0.0,0.0,0,0.0,0,2.458000004423866e-06
aco_current,5,7571,79,20,1,0.0,151.0,151.0,0.755,0.2732677459716797,False,False,0.0,151.0,0.0,[],0.0,0.0,0,0.0,0,1.9590000022162712e-06
aco_current,5,7571,79,20,2,0.0,0.0,0.0,0.0,0.09907747060060501,False,False,0.0,0.0,0.0,[],0.0,0.0,0,0.0,0,1.9590000022162712e-06
aco_current,5,7571,79,20,3,0.0,0.0,0.0,0.0,0.43936213850975037,False,False,0.0,0.0,0.0,[],0.0,0.0,0,0.0,0,1.9590000022162712e-06
aco_current,5,7571,79,20,4,0.0,0.0,0.0,0.0,0.20313307642936707,False,False,0.0,0.0,0.0,[],0.0,0.0,0,0.0,0,1.9590000022162712e-06
aco_current,5,7572,79,21,1,0.0,151.0,151.0,0.755,0.2732677459716797,False,False,0.0,151.0,0.0,[],0.0,0.0,0,0.0,0,2.125000001740318e-06
aco_current,5,7572,79,21,2,0.0,0.0,0.0,0.0,0.09907747060060501,False,False,0.0,0.0,0.0,[],0.0,0.0,0,0.0,0,2.125000001740318e-06
aco_current,5,7572,79,21,3,0.0,0.0,0.0,0.0,0.43936213850975037,False,False,0.0,0.0,0.0,[],0.0,0.0,0,0.0,0,2.125000001740318e-06
aco_current,5,7572,79,21,4,0.0,0.0,0.0,0.0,0.20313307642936707,False,False,0.0,0.0,0.0,[],0.0,0.0,0,0.0,0,2.125000001740318e-06
aco_current,5,7573,79,21,1,0.0,151.0,151.0,0.755,0.2732677459716797,False,False,0.0,151.0,0.0,[],0.0,0.0,0,0.0,0,1.957999998580817e-06
aco_current,5,7573,79,21,2,0.0,0.0,0.0,0.0,0.09907747060060501,False,False,0.0,0.0,0.0,[],0.0,0.0,0,0.0,0,1.957999998580817e-06
aco_current,5,7573,79,21,3,0.0,0.0,0.0,0.0,0.43936213850975037,False,False,0.0,0.0,0.0,[],0.0,0.0,0,0.0,0,1.957999998580817e-06
aco_current,5,7573,79,21,4,0.0,0.0,0.0,0.0,0.20313307642936707,False,False,0.0,0.0,0.0,[],0.0,0.0,0,0.0,0,1.957999998580817e-06
aco_current,5,7574,79,21,1,0.0,151.0,151.0,0.755,0.2732677459716797,False,False,0.0,151.0,0.0,[],0.0,0.0,0,0.0,0,1.834000002531866e-06
aco_current,5,7574,79,21,2,0.0,0.0,0.0,0.0,0.09907747060060501,False,False,0.0,0.0,0.0,[],0.0,0.0,0,0.0,0,1.834000002531866e-06
aco_current,5,7574,79,21,3,0.0,0.0,0.0,0.0,0.43936213850975037,False,False,0.0,0.0,0.0,[],0.0,0.0,0,0.0,0,1.834000002531866e-06
aco_current,5,7574,79,21,4,0.0,0.0,0.0,0.0,0.20313307642936707,False,False,0.0,0.0,0.0,[],0.0,0.0,0,0.0,0,1.834000002531866e-06
aco_current,5,7575,79,21,1,0.0,151.0,151.0,0.755,0.2732677459716797,False,False,0.0,151.0,0.0,[],0.0,0.0,0,0.0,0,2.1669999981099863e-06
aco_current,5,7575,79,21,2,0.0,0.0,0.0,0.0,0.09907747060060501,False,False,0.0,0.0,0.0,[],0.0,0.0,0,0.0,0,2.1669999981099863e-06
aco_current,5,7575,79,21,3,0.0,0.0,0.0,0.0,0.43936213850975037,False,False,0.0,0.0,0.0,[],0.0,0.0,0,0.0,0,2.1669999981099863e-06
aco_current,5,7575,79,21,4,0.0,0.0,0.0,0.0,0.20313307642936707,False,False,0.0,0.0,0.0,[],0.0,0.0,0,0.0,0,2.1669999981099863e-06
aco_current,5,7576,79,22,1,0.0,151.0,151.0,0.755,0.2732677459716797,False,False,0.0,151.0,0.0,[],0.0,0.0,0,0.0,0,2.125000001740318e-06
aco_current,5,7576,79,22,2,0.0,0.0,0.0,0.0,0.09907747060060501,False,False,0.0,0.0,0.0,[],0.0,0.0,0,0.0,0,2.125000001740318e-06
aco_current,5,7576,79,22,3,0.0,0.0,0.0,0.0,0.43936213850975037,False,False,0.0,0.0,0.0,[],0.0,0.0,0,0.0,0,2.125000001740318e-06
aco_current,5,7576,79,22,4,0.0,0.0,0.0,0.0,0.20313307642936707,False,False,0.0,0.0,0.0,[],0.0,0.0,0,0.0,0,2.125000001740318e-06
aco_current,5,7577,79,22,1,0.0,151.0,151.0,0.755,0.2732677459716797,False,False,0.0,151.0,0.0,[],0.0,0.0,0,0.0,0,2.2500000014247235e-06
aco_current,5,7577,79,22,2,0.0,0.0,0.0,0.0,0.09907747060060501,False,False,0.0,0.0,0.0,[],0.0,0.0,0,0.0,0,2.2500000014247235e-06
aco_current,5,7577,79,22,3,0.0,0.0,0.0,0.0,0.43936213850975037,False,False,0.0,0.0,0.0,[],0.0,0.0,0,0.0,0,2.2500000014247235e-06
aco_current,5,7577,79,22,4,0.0,0.0,0.0,0.0,0.20313307642936707,False,False,0.0,0.0,0.0,[],0.0,0.0,0,0.0,0,2.2500000014247235e-06
aco_current,5,7578,79,22,1,0.0,151.0,151.0,0.755,0.2732677459716797,False,False,0.0,151.0,0.0,[],0.0,0.0,0,0.0,0,2.207999997949628e-06
aco_current,5,7578,79,22,2,0.0,0.0,0.0,0.0,0.09907747060060501,False,False,0.0,0.0,0.0,[],0.0,0.0,0,0.0,0,2.207999997949628e-06
aco_current,5,7578,79,22,3,0.0,0.0,0.0,0.0,0.43936213850975037,False,False,0.0,0.0,0.0,[],0.0,0.0,0,0.0,0,2.207999997949628e-06
aco_current,5,7578,79,22,4,0.0,0.0,0.0,0.0,0.20313307642936707,False,False,0.0,0.0,0.0,[],0.0,0.0,0,0.0,0,2.207999997949628e-06
aco_current,5,7579,79,22,1,0.0,151.0,151.0,0.755,0.2732677459716797,False,False,0.0,151.0,0.0,[],0.0,0.0,0,0.0,0,4.083000000321135e-06
aco_current,5,7579,79,22,2,0.0,0.0,0.0,0.0,0.09907747060060501,False,False,0.0,0.0,0.0,[],0.0,0.0,0,0.0,0,4.083000000321135e-06
aco_current,5,7579,79,22,3,0.0,0.0,0.0,0.0,0.43936213850975037,False,False,0.0,0.0,0.0,[],0.0,0.0,0,0.0,0,4.083000000321135e-06
aco_current,5,7579,79,22,4,0.0,0.0,0.0,0.0,0.20313307642936707,False,False,0.0,0.0,0.0,[],0.0,0.0,0,0.0,0,4.083000000321135e-06
aco_current,5,7580,79,23,1,0.0,151.0,151.0,0.755,0.2732677459716797,False,False,0.0,151.0,0.0,[],0.0,0.0,0,0.0,0,2.207999997949628e-06
aco_current,5,7580,79,23,2,0.0,0.0,0.0,0.0,0.09907747060060501,False,False,0.0,0.0,0.0,[],0.0,0.0,0,0.0,0,2.207999997949628e-06
aco_current,5,7580,79,23,3,0.0,0.0,0.0,0.0,0.43936213850975037,False,False,0.0,0.0,0.0,[],0.0,0.0,0,0.0,0,2.207999997949628e-06
aco_current,5,7580,79,23,4,0.0,0.0,0.0,0.0,0.20313307642936707,False,False,0.0,0.0,0.0,[],0.0,0.0,0,0.0,0,2.207999997949628e-06
aco_current,5,7581,79,23,1,0.0,151.0,151.0,0.755,0.2732677459716797,False,False,0.0,151.0,0.0,[],0.0,0.0,0,0.0,0,4.333999996219973e-06
aco_current,5,7581,79,23,2,0.0,0.0,0.0,0.0,0.09907747060060501,False,False,0.0,0.0,0.0,[],0.0,0.0,0,0.0,0,4.333999996219973e-06
aco_current,5,7581,79,23,3,0.0,0.0,0.0,0.0,0.43936213850975037,False,False,0.0,0.0,0.0,[],0.0,0.0,0,0.0,0,4.333999996219973e-06
aco_current,5,7581,79,23,4,0.0,0.0,0.0,0.0,0.20313307642936707,False,False,0.0,0.0,0.0,[],0.0,0.0,0,0.0,0,4.333999996219973e-06
aco_current,5,7582,79,23,1,0.0,151.0,151.0,0.755,0.2732677459716797,False,False,0.0,151.0,0.0,[],0.0,0.0,0,0.0,0,1.8750000023715074e-06
aco_current,5,7582,79,23,2,0.0,0.0,0.0,0.0,0.09907747060060501,False,False,0.0,0.0,0.0,[],0.0,0.0,0,0.0,0,1.8750000023715074e-06
aco_current,5,7582,79,23,3,0.0,0.0,0.0,0.0,0.43936213850975037,False,False,0.0,0.0,0.0,[],0.0,0.0,0,0.0,0,1.8750000023715074e-06
aco_current,5,7582,79,23,4,0.0,0.0,0.0,0.0,0.20313307642936707,False,False,0.0,0.0,0.0,[],0.0,0.0,0,0.0,0,1.8750000023715074e-06
aco_current,5,7583,79,23,1,0.0,151.0,151.0,0.755,0.2732677459716797,False,False,0.0,151.0,0.0,[],0.0,0.0,0,0.0,0,3.541999994638445e-06
aco_current,5,7583,79,23,2,0.0,0.0,0.0,0.0,0.09907747060060501,False,False,0.0,0.0,0.0,[],0.0,0.0,0,0.0,0,3.541999994638445e-06
aco_current,5,7583,79,23,3,0.0,0.0,0.0,0.0,0.43936213850975037,False,False,0.0,0.0,0.0,[],0.0,0.0,0,0.0,0,3.541999994638445e-06
aco_current,5,7583,79,23,4,0.0,0.0,0.0,0.0,0.20313307642936707,False,False,0.0,0.0,0.0,[],0.0,0.0,0,0.0,0,3.541999994638445e-06
aco_current,5,7584,80,0,1,33.0,151.0,184.0,0.92,1.0,True,True,30.0,154.0,0.0,[1],10.0,10.0,1,10.0,0,0.009838625000000434
aco_current,5,7584,80,0,2,0.0,0.0,0.0,0.0,0.09907747060060501,False,False,0.0,0.0,0.0,[],10.0,10.0,1,10.0,0,0.009838625000000434
aco_current,5,7584,80,0,3,0.0,0.0,0.0,0.0,0.43936213850975037,False,False,0.0,0.0,0.0,[],10.0,10.0,1,10.0,0,0.009838625000000434
aco_current,5,7584,80,0,4,0.0,0.0,0.0,0.0,0.20313307642936707,False,False,0.0,0.0,0.0,[],10.0,10.0,1,10.0,0,0.009838625000000434
aco_current,5,7585,80,0,1,38.0,154.0,192.0,0.96,1.0,True,True,30.0,162.0,0.0,[1],10.0,10.0,1,10.0,0,0.009484583000002544
aco_current,5,7585,80,0,2,0.0,0.0,0.0,0.0,0.09907747060060501,False,False,0.0,0.0,0.0,[],10.0,10.0,1,10.0,0,0.009484583000002544
aco_current,5,7585,80,0,3,0.0,0.0,0.0,0.0,0.43936213850975037,False,False,0.0,0.0,0.0,[],10.0,10.0,1,10.0,0,0.009484583000002544
aco_current,5,7585,80,0,4,0.0,0.0,0.0,0.0,0.20313307642936707,False,False,0.0,0.0,0.0,[],10.0,10.0,1,10.0,0,0.009484583000002544
aco_current,5,7586,80,0,1,36.0,162.0,198.0,0.99,1.0,True,True,30.0,168.0,0.0,[1],10.0,10.0,1,10.0,0,0.009366958999997621
aco_current,5,7586,80,0,2,0.0,0.0,0.0,0.0,0.09907747060060501,False,False,0.0,0.0,0.0,[],10.0,10.0,1,10.0,0,0.009366958999997621
aco_current,5,7586,80,0,3,0.0,0.0,0.0,0.0,0.43936213850975037,False,False,0.0,0.0,0.0,[],10.0,10.0,1,10.0,0,0.009366958999997621
aco_current,5,7586,80,0,4,0.0,0.0,0.0,0.0,0.20313307642936707,False,False,0.0,0.0,0.0,[],10.0,10.0,1,10.0,0,0.009366958999997621
aco_current,5,7587,80,0,1,38.0,168.0,206.0,1.03,1.0,True,True,30.0,176.0,0.0,[1],10.0,10.0,1,10.0,0,0.009504917000001
aco_current,5,7587,80,0,2,0.0,0.0,0.0,0.0,0.09907747060060501,False,False,0.0,0.0,0.0,[],10.0,10.0,1,10.0,0,0.009504917000001
aco_current,5,7587,80,0,3,0.0,0.0,0.0,0.0,0.43936213850975037,False,False,0.0,0.0,0.0,[],10.0,10.0,1,10.0,0,0.009504917000001
aco_current,5,7587,80,0,4,0.0,0.0,0.0,0.0,0.20313307642936707,False,False,0.0,0.0,0.0,[],10.0,10.0,1,10.0,0,0.009504917000001
aco_current,5,7588,80,1,1,36.0,176.0,212.0,1.06,1.0,True,True,30.0,182.0,0.0,[1],10.0,10.0,1,10.0,0,0.009641207999997903
aco_current,5,7588,80,1,2,0.0,0.0,0.0,0.0,0.09907747060060501,False,False,0.0,0.0,0.0,[],10.0,10.0,1,10.0,0,0.009641207999997903
aco_current,5,7588,80,1,3,0.0,0.0,0.0,0.0,0.43936213850975037,False,False,0.0,0.0,0.0,[],10.0,10.0,1,10.0,0,0.009641207999997903
aco_current,5,7588,80,1,4,0.0,0.0,0.0,0.0,0.20313307642936707,False,False,0.0,0.0,0.0,[],10.0,10.0,1,10.0,0,0.009641207999997903
aco_current,5,7589,80,1,1,37.0,182.0,219.0,1.095,1.0,True,True,30.0,189.0,0.0,[1],10.0,10.0,1,10.0,0,0.00948641600000144
aco_current,5,7589,80,1,2,0.0,0.0,0.0,0.0,0.09907747060060501,False,False,0.0,0.0,0.0,[],10.0,10.0,1,10.0,0,0.00948641600000144
aco_current,5,7589,80,1,3,0.0,0.0,0.0,0.0,0.43936213850975037,False,False,0.0,0.0,0.0,[],10.0,10.0,1,10.0,0,0.00948641600000144
aco_current,5,7589,80,1,4,0.0,0.0,0.0,0.0,0.20313307642936707,False,False,0.0,0.0,0.0,[],10.0,10.0,1,10.0,0,0.00948641600000144
aco_current,5,7590,80,1,1,42.0,189.0,231.0,1.155,1.0,True,True,30.0,200.0,1.0,[1],10.0,10.0,1,10.0,0,0.009501417000002732
aco_current,5,7590,80,1,2,0.0,0.0,0.0,0.0,0.09907747060060501,False,False,0.0,0.0,0.0,[],10.0,10.0,1,10.0,0,0.009501417000002732
aco_current,5,7590,80,1,3,0.0,0.0,0.0,0.0,0.43936213850975037,False,False,0.0,0.0,0.0,[],10.0,10.0,1,10.0,0,0.009501417000002732
aco_current,5,7590,80,1,4,0.0,0.0,0.0,0.0,0.20313307642936707,False,False,0.0,0.0,0.0,[],10.0,10.0,1,10.0,0,0.009501417000002732
aco_current,5,7591,80,1,1,46.0,200.0,246.0,1.23,1.0,True,True,30.0,200.0,16.0,[1],10.0,10.0,1,10.0,0,0.009519374999996444
aco_current,5,7591,80,1,2,0.0,0.0,0.0,0.0,0.09907747060060501,False,False,0.0,0.0,0.0,[],10.0,10.0,1,10.0,0,0.009519374999996444
aco_current,5,7591,80,1,3,0.0,0.0,0.0,0.0,0.43936213850975037,False,False,0.0,0.0,0.0,[],10.0,10.0,1,10.0,0,0.009519374999996444
aco_current,5,7591,80,1,4,0.0,0.0,0.0,0.0,0.20313307642936707,False,False,0.0,0.0,0.0,[],10.0,10.0,1,10.0,0,0.009519374999996444
aco_current,5,7592,80,2,1,44.0,200.0,244.0,1.22,1.0,True,True,30.0,200.0,14.0,[1],10.0,10.0,1,10.0,0,0.009528125000002774
aco_current,5,7592,80,2,2,0.0,0.0,0.0,0.0,0.09907747060060501,False,False,0.0,0.0,0.0,[],10.0,10.0,1,10.0,0,0.009528125000002774
aco_current,5,7592,80,2,3,0.0,0.0,0.0,0.0,0.43936213850975037,False,False,0.0,0.0,0.0,[],10.0,10.0,1,10.0,0,0.009528125000002774
aco_current,5,7592,80,2,4,0.0,0.0,0.0,0.0,0.20313307642936707,False,False,0.0,0.0,0.0,[],10.0,10.0,1,10.0,0,0.009528125000002774
aco_current,5,7593,80,2,1,45.0,200.0,245.0,1.225,1.0,True,True,30.0,200.0,15.0,[1],10.0,10.0,1,10.0,0,0.00975812499999762
aco_current,5,7593,80,2,2,0.0,0.0,0.0,0.0,0.09907747060060501,False,False,0.0,0.0,0.0,[],10.0,10.0,1,10.0,0,0.00975812499999762
aco_current,5,7593,80,2,3,0.0,0.0,0.0,0.0,0.43936213850975037,False,False,0.0,0.0,0.0,[],10.0,10.0,1,10.0,0,0.00975812499999762
aco_current,5,7593,80,2,4,0.0,0.0,0.0,0.0,0.20313307642936707,False,False,0.0,0.0,0.0,[],10.0,10.0,1,10.0,0,0.00975812499999762
aco_current,5,7594,80,2,1,44.0,200.0,244.0,1.22,1.0,True,True,30.0,200.0,14.0,[1],10.0,10.0,1,10.0,0,0.009412500000003376
aco_current,5,7594,80,2,2,0.0,0.0,0.0,0.0,0.09907747060060501,False,False,0.0,0.0,0.0,[],10.0,10.0,1,10.0,0,0.009412500000003376
aco_current,5,7594,80,2,3,0.0,0.0,0.0,0.0,0.43936213850975037,False,False,0.0,0.0,0.0,[],10.0,10.0,1,10.0,0,0.009412500000003376
aco_current,5,7594,80,2,4,0.0,0.0,0.0,0.0,0.20313307642936707,False,False,0.0,0.0,0.0,[],10.0,10.0,1,10.0,0,0.009412500000003376
aco_current,5,7595,80,2,1,43.0,200.0,243.0,1.215,1.0,True,True,30.0,200.0,13.0,[1],10.0,10.0,1,10.0,0,0.009502916000002415
aco_current,5,7595,80,2,2,0.0,0.0,0.0,0.0,0.09907747060060501,False,False,0.0,0.0,0.0,[],10.0,10.0,1,10.0,0,0.009502916000002415
aco_current,5,7595,80,2,3,0.0,0.0,0.0,0.0,0.43936213850975037,False,False,0.0,0.0,0.0,[],10.0,10.0,1,10.0,0,0.009502916000002415
aco_current,5,7595,80,2,4,0.0,0.0,0.0,0.0,0.20313307642936707,False,False,0.0,0.0,0.0,[],10.0,10.0,1,10.0,0,0.009502916000002415
aco_current,5,7596,80,3,1,45.0,200.0,245.0,1.225,1.0,True,True,30.0,200.0,15.0,[1],10.0,10.0,1,10.0,0,0.00940833300000321
aco_current,5,7596,80,3,2,0.0,0.0,0.0,0.0,0.09907747060060501,False,False,0.0,0.0,0.0,[],10.0,10.0,1,10.0,0,0.00940833300000321
aco_current,5,7596,80,3,3,0.0,0.0,0.0,0.0,0.43936213850975037,False,False,0.0,0.0,0.0,[],10.0,10.0,1,10.0,0,0.00940833300000321
aco_current,5,7596,80,3,4,0.0,0.0,0.0,0.0,0.20313307642936707,False,False,0.0,0.0,0.0,[],10.0,10.0,1,10.0,0,0.00940833300000321
aco_current,5,7597,80,3,1,42.0,200.0,242.0,1.21,1.0,True,True,30.0,200.0,12.0,[1],10.0,10.0,1,10.0,0,0.009773666000000958
aco_current,5,7597,80,3,2,0.0,0.0,0.0,0.0,0.09907747060060501,False,False,0.0,0.0,0.0,[],10.0,10.0,1,10.0,0,0.009773666000000958
aco_current,5,7597,80,3,3,0.0,0.0,0.0,0.0,0.43936213850975037,False,False,0.0,0.0,0.0,[],10.0,10.0,1,10.0,0,0.009773666000000958
aco_current,5,7597,80,3,4,0.0,0.0,0.0,0.0,0.20313307642936707,False,False,0.0,0.0,0.0,[],10.0,10.0,1,10.0,0,0.009773666000000958
aco_current,5,7598,80,3,1,44.0,200.0,244.0,1.22,1.0,True,True,30.0,200.0,14.0,[1],10.0,10.0,1,10.0,0,0.00949204199999798
aco_current,5,7598,80,3,2,0.0,0.0,0.0,0.0,0.09907747060060501,False,False,0.0,0.0,0.0,[],10.0,10.0,1,10.0,0,0.00949204199999798
aco_current,5,7598,80,3,3,0.0,0.0,0.0,0.0,0.43936213850975037,False,False,0.0,0.0,0.0,[],10.0,10.0,1,10.0,0,0.00949204199999798
aco_current,5,7598,80,3,4,0.0,0.0,0.0,0.0,0.20313307642936707,False,False,0.0,0.0,0.0,[],10.0,10.0,1,10.0,0,0.00949204199999798
aco_current,5,7599,80,3,1,43.0,200.0,243.0,1.215,1.0,True,True,30.0,200.0,13.0,[1],10.0,10.0,1,10.0,0,0.00968329199999829
aco_current,5,7599,80,3,2,0.0,0.0,0.0,0.0,0.09907747060060501,False,False,0.0,0.0,0.0,[],10.0,10.0,1,10.0,0,0.00968329199999829
aco_current,5,7599,80,3,3,0.0,0.0,0.0,0.0,0.43936213850975037,False,False,0.0,0.0,0.0,[],10.0,10.0,1,10.0,0,0.00968329199999829
aco_current,5,7599,80,3,4,0.0,0.0,0.0,0.0,0.20313307642936707,False,False,0.0,0.0,0.0,[],10.0,10.0,1,10.0,0,0.00968329199999829
aco_current,5,7600,80,4,1,42.0,200.0,242.0,1.21,1.0,True,True,30.0,200.0,12.0,[1],10.0,10.0,1,10.0,0,0.00966449999999952
aco_current,5,7600,80,4,2,0.0,0.0,0.0,0.0,0.09907747060060501,False,False,0.0,0.0,0.0,[],10.0,10.0,1,10.0,0,0.00966449999999952
aco_current,5,7600,80,4,3,0.0,0.0,0.0,0.0,0.43936213850975037,False,False,0.0,0.0,0.0,[],10.0,10.0,1,10.0,0,0.00966449999999952
aco_current,5,7600,80,4,4,0.0,0.0,0.0,0.0,0.20313307642936707,False,False,0.0,0.0,0.0,[],10.0,10.0,1,10.0,0,0.00966449999999952
aco_current,5,7601,80,4,1,41.0,200.0,241.0,1.205,1.0,True,True,30.0,200.0,11.0,[1],10.0,10.0,1,10.0,0,0.009613667000003545
aco_current,5,7601,80,4,2,0.0,0.0,0.0,0.0,0.09907747060060501,False,False,0.0,0.0,0.0,[],10.0,10.0,1,10.0,0,0.009613667000003545
aco_current,5,7601,80,4,3,0.0,0.0,0.0,0.0,0.43936213850975037,False,False,0.0,0.0,0.0,[],10.0,10.0,1,10.0,0,0.009613667000003545
aco_current,5,7601,80,4,4,0.0,0.0,0.0,0.0,0.20313307642936707,False,False,0.0,0.0,0.0,[],10.0,10.0,1,10.0,0,0.009613667000003545
aco_current,5,7602,80,4,1,39.0,200.0,239.0,1.195,1.0,True,True,30.0,200.0,9.0,[1],10.0,10.0,1,10.0,0,0.009772417000000644
aco_current,5,7602,80,4,2,0.0,0.0,0.0,0.0,0.09907747060060501,False,False,0.0,0.0,0.0,[],10.0,10.0,1,10.0,0,0.009772417000000644
aco_current,5,7602,80,4,3,0.0,0.0,0.0,0.0,0.43936213850975037,False,False,0.0,0.0,0.0,[],10.0,10.0,1,10.0,0,0.009772417000000644
aco_current,5,7602,80,4,4,0.0,0.0,0.0,0.0,0.20313307642936707,False,False,0.0,0.0,0.0,[],10.0,10.0,1,10.0,0,0.009772417000000644
aco_current,5,7603,80,4,1,41.0,200.0,241.0,1.205,1.0,True,True,30.0,200.0,11.0,[1],10.0,10.0,1,10.0,0,0.009797458000001313
aco_current,5,7603,80,4,2,0.0,0.0,0.0,0.0,0.09907747060060501,False,False,0.0,0.0,0.0,[],10.0,10.0,1,10.0,0,0.009797458000001313
aco_current,5,7603,80,4,3,0.0,0.0,0.0,0.0,0.43936213850975037,False,False,0.0,0.0,0.0,[],10.0,10.0,1,10.0,0,0.009797458000001313
aco_current,5,7603,80,4,4,0.0,0.0,0.0,0.0,0.20313307642936707,False,False,0.0,0.0,0.0,[],10.0,10.0,1,10.0,0,0.009797458000001313
aco_current,5,7604,80,5,1,39.0,200.0,239.0,1.195,1.0,True,True,30.0,200.0,9.0,[1],10.0,10.0,1,10.0,0,0.009747416999999814
aco_current,5,7604,80,5,2,0.0,0.0,0.0,0.0,0.09907747060060501,False,False,0.0,0.0,0.0,[],10.0,10.0,1,10.0,0,0.009747416999999814
aco_current,5,7604,80,5,3,0.0,0.0,0.0,0.0,0.43936213850975037,False,False,0.0,0.0,0.0,[],10.0,10.0,1,10.0,0,0.009747416999999814
aco_current,5,7604,80,5,4,0.0,0.0,0.0,0.0,0.20313307642936707,False,False,0.0,0.0,0.0,[],10.0,10.0,1,10.0,0,0.009747416999999814
aco_current,5,7605,80,5,1,40.0,200.0,240.0,1.2,1.0,True,True,30.0,200.0,10.0,[1],10.0,10.0,1,10.0,0,0.009574082999996847
aco_current,5,7605,80,5,2,0.0,0.0,0.0,0.0,0.09907747060060501,False,False,0.0,0.0,0.0,[],10.0,10.0,1,10.0,0,0.009574082999996847
aco_current,5,7605,80,5,3,0.0,0.0,0.0,0.0,0.43936213850975037,False,False,0.0,0.0,0.0,[],10.0,10.0,1,10.0,0,0.009574082999996847
aco_current,5,7605,80,5,4,0.0,0.0,0.0,0.0,0.20313307642936707,False,False,0.0,0.0,0.0,[],10.0,10.0,1,10.0,0,0.009574082999996847
aco_current,5,7606,80,5,1,41.0,200.0,241.0,1.205,1.0,True,True,30.0,200.0,11.0,[1],10.0,10.0,1,10.0,0,0.009744208999997284
aco_current,5,7606,80,5,2,0.0,0.0,0.0,0.0,0.09907747060060501,False,False,0.0,0.0,0.0,[],10.0,10.0,1,10.0,0,0.009744208999997284
aco_current,5,7606,80,5,3,0.0,0.0,0.0,0.0,0.43936213850975037,False,False,0.0,0.0,0.0,[],10.0,10.0,1,10.0,0,0.009744208999997284
aco_current,5,7606,80,5,4,0.0,0.0,0.0,0.0,0.20313307642936707,False,False,0.0,0.0,0.0,[],10.0,10.0,1,10.0,0,0.009744208999997284
aco_current,5,7607,80,5,1,42.0,200.0,242.0,1.21,1.0,True,True,30.0,200.0,12.0,[1],10.0,10.0,1,10.0,0,0.009709958000001961
aco_current,5,7607,80,5,2,0.0,0.0,0.0,0.0,0.09907747060060501,False,False,0.0,0.0,0.0,[],10.0,10.0,1,10.0,0,0.009709958000001961
aco_current,5,7607,80,5,3,0.0,0.0,0.0,0.0,0.43936213850975037,False,False,0.0,0.0,0.0,[],10.0,10.0,1,10.0,0,0.009709958000001961
aco_current,5,7607,80,5,4,0.0,0.0,0.0,0.0,0.20313307642936707,False,False,0.0,0.0,0.0,[],10.0,10.0,1,10.0,0,0.009709958000001961
aco_current,5,7608,80,6,1,41.0,200.0,241.0,1.205,1.0,True,True,30.0,200.0,11.0,[1],10.0,10.0,1,10.0,0,0.009682666999999867
aco_current,5,7608,80,6,2,0.0,0.0,0.0,0.0,0.09907747060060501,False,False,0.0,0.0,0.0,[],10.0,10.0,1,10.0,0,0.009682666999999867
aco_current,5,7608,80,6,3,0.0,0.0,0.0,0.0,0.43936213850975037,False,False,0.0,0.0,0.0,[],10.0,10.0,1,10.0,0,0.009682666999999867
aco_current,5,7608,80,6,4,0.0,0.0,0.0,0.0,0.20313307642936707,False,False,0.0,0.0,0.0,[],10.0,10.0,1,10.0,0,0.009682666999999867
aco_current,5,7609,80,6,1,40.0,200.0,240.0,1.2,1.0,True,True,30.0,200.0,10.0,[1],10.0,10.0,1,10.0,0,0.00952674999999914
aco_current,5,7609,80,6,2,0.0,0.0,0.0,0.0,0.09907747060060501,False,False,0.0,0.0,0.0,[],10.0,10.0,1,10.0,0,0.00952674999999914
aco_current,5,7609,80,6,3,0.0,0.0,0.0,0.0,0.43936213850975037,False,False,0.0,0.0,0.0,[],10.0,10.0,1,10.0,0,0.00952674999999914
aco_current,5,7609,80,6,4,0.0,0.0,0.0,0.0,0.20313307642936707,False,False,0.0,0.0,0.0,[],10.0,10.0,1,10.0,0,0.00952674999999914
aco_current,5,7610,80,6,1,38.0,200.0,238.0,1.19,1.0,True,True,30.0,200.0,8.0,[1],10.0,10.0,1,10.0,0,0.009596833000003357
aco_current,5,7610,80,6,2,0.0,0.0,0.0,0.0,0.09907747060060501,False,False,0.0,0.0,0.0,[],10.0,10.0,1,10.0,0,0.009596833000003357
aco_current,5,7610,80,6,3,0.0,0.0,0.0,0.0,0.43936213850975037,False,False,0.0,0.0,0.0,[],10.0,10.0,1,10.0,0,0.009596833000003357
aco_current,5,7610,80,6,4,0.0,0.0,0.0,0.0,0.20313307642936707,False,False,0.0,0.0,0.0,[],10.0,10.0,1,10.0,0,0.009596833000003357
aco_current,5,7611,80,6,1,37.0,200.0,237.0,1.185,1.0,True,True,30.0,200.0,7.0,[1],10.0,10.0,1,10.0,0,0.0096537089999984
aco_current,5,7611,80,6,2,0.0,0.0,0.0,0.0,0.09907747060060501,False,False,0.0,0.0,0.0,[],10.0,10.0,1,10.0,0,0.0096537089999984
aco_current,5,7611,80,6,3,0.0,0.0,0.0,0.0,0.43936213850975037,False,False,0.0,0.0,0.0,[],10.0,10.0,1,10.0,0,0.0096537089999984
aco_current,5,7611,80,6,4,0.0,0.0,0.0,0.0,0.20313307642936707,False,False,0.0,0.0,0.0,[],10.0,10.0,1,10.0,0,0.0096537089999984
aco_current,5,7612,80,7,1,41.0,200.0,241.0,1.205,1.0,True,True,30.0,200.0,11.0,[1],10.0,10.0,1,10.0,0,0.009724083000001826
aco_current,5,7612,80,7,2,0.0,0.0,0.0,0.0,0.09907747060060501,False,False,0.0,0.0,0.0,[],10.0,10.0,1,10.0,0,0.009724083000001826
aco_current,5,7612,80,7,3,0.0,0.0,0.0,0.0,0.43936213850975037,False,False,0.0,0.0,0.0,[],10.0,10.0,1,10.0,0,0.009724083000001826
aco_current,5,7612,80,7,4,0.0,0.0,0.0,0.0,0.20313307642936707,False,False,0.0,0.0,0.0,[],10.0,10.0,1,10.0,0,0.009724083000001826
aco_current,5,7613,80,7,1,40.0,200.0,240.0,1.2,1.0,True,True,30.0,200.0,10.0,[1],10.0,10.0,1,10.0,0,0.009636042000003897
aco_current,5,7613,80,7,2,0.0,0.0,0.0,0.0,0.09907747060060501,False,False,0.0,0.0,0.0,[],10.0,10.0,1,10.0,0,0.009636042000003897
aco_current,5,7613,80,7,3,0.0,0.0,0.0,0.0,0.43936213850975037,False,False,0.0,0.0,0.0,[],10.0,10.0,1,10.0,0,0.009636042000003897
aco_current,5,7613,80,7,4,0.0,0.0,0.0,0.0,0.20313307642936707,False,False,0.0,0.0,0.0,[],10.0,10.0,1,10.0,0,0.009636042000003897
aco_current,5,7614,80,7,1,42.0,200.0,242.0,1.21,1.0,True,True,30.0,200.0,12.0,[1],10.0,10.0,1,10.0,0,0.009400249999998778
aco_current,5,7614,80,7,2,0.0,0.0,0.0,0.0,0.09907747060060501,False,False,0.0,0.0,0.0,[],10.0,10.0,1,10.0,0,0.009400249999998778
aco_current,5,7614,80,7,3,0.0,0.0,0.0,0.0,0.43936213850975037,False,False,0.0,0.0,0.0,[],10.0,10.0,1,10.0,0,0.009400249999998778
aco_current,5,7614,80,7,4,0.0,0.0,0.0,0.0,0.20313307642936707,False,False,0.0,0.0,0.0,[],10.0,10.0,1,10.0,0,0.009400249999998778
aco_current,5,7615,80,7,1,39.0,200.0,239.0,1.195,1.0,True,True,30.0,200.0,9.0,[1],10.0,10.0,1,10.0,0,0.009479708999997172
aco_current,5,7615,80,7,2,0.0,0.0,0.0,0.0,0.09907747060060501,False,False,0.0,0.0,0.0,[],10.0,10.0,1,10.0,0,0.009479708999997172
aco_current,5,7615,80,7,3,0.0,0.0,0.0,0.0,0.43936213850975037,False,False,0.0,0.0,0.0,[],10.0,10.0,1,10.0,0,0.009479708999997172
aco_current,5,7615,80,7,4,0.0,0.0,0.0,0.0,0.20313307642936707,False,False,0.0,0.0,0.0,[],10.0,10.0,1,10.0,0,0.009479708999997172
aco_current,5,7616,80,8,1,40.0,200.0,240.0,1.2,1.0,True,True,30.0,200.0,10.0,[1],10.0,10.0,1,10.0,0,0.009629332999999463
aco_current,5,7616,80,8,2,0.0,0.0,0.0,0.0,0.09907747060060501,False,False,0.0,0.0,0.0,[],10.0,10.0,1,10.0,0,0.009629332999999463
aco_current,5,7616,80,8,3,0.0,0.0,0.0,0.0,0.43936213850975037,False,False,0.0,0.0,0.0,[],10.0,10.0,1,10.0,0,0.009629332999999463
aco_current,5,7616,80,8,4,0.0,0.0,0.0,0.0,0.20313307642936707,False,False,0.0,0.0,0.0,[],10.0,10.0,1,10.0,0,0.009629332999999463
aco_current,5,7617,80,8,1,39.0,200.0,239.0,1.195,1.0,True,True,30.0,200.0,9.0,[1],10.0,10.0,1,10.0,0,0.009582000000001756
aco_current,5,7617,80,8,2,0.0,0.0,0.0,0.0,0.09907747060060501,False,False,0.0,0.0,0.0,[],10.0,10.0,1,10.0,0,0.009582000000001756
aco_current,5,7617,80,8,3,0.0,0.0,0.0,0.0,0.43936213850975037,False,False,0.0,0.0,0.0,[],10.0,10.0,1,10.0,0,0.009582000000001756
aco_current,5,7617,80,8,4,0.0,0.0,0.0,0.0,0.20313307642936707,False,False,0.0,0.0,0.0,[],10.0,10.0,1,10.0,0,0.009582000000001756
aco_current,5,7618,80,8,1,39.0,200.0,239.0,1.195,1.0,True,True,30.0,200.0,9.0,[1],10.0,10.0,1,10.0,0,0.009666041999999209
aco_current,5,7618,80,8,2,0.0,0.0,0.0,0.0,0.09907747060060501,False,False,0.0,0.0,0.0,[],10.0,10.0,1,10.0,0,0.009666041999999209
aco_current,5,7618,80,8,3,0.0,0.0,0.0,0.0,0.43936213850975037,False,False,0.0,0.0,0.0,[],10.0,10.0,1,10.0,0,0.009666041999999209
aco_current,5,7618,80,8,4,0.0,0.0,0.0,0.0,0.20313307642936707,False,False,0.0,0.0,0.0,[],10.0,10.0,1,10.0,0,0.009666041999999209
aco_current,5,7619,80,8,1,40.0,200.0,240.0,1.2,1.0,True,True,30.0,200.0,10.0,[1],10.0,10.0,1,10.0,0,0.009870042000002854
aco_current,5,7619,80,8,2,0.0,0.0,0.0,0.0,0.09907747060060501,False,False,0.0,0.0,0.0,[],10.0,10.0,1,10.0,0,0.009870042000002854
aco_current,5,7619,80,8,3,0.0,0.0,0.0,0.0,0.43936213850975037,False,False,0.0,0.0,0.0,[],10.0,10.0,1,10.0,0,0.009870042000002854
aco_current,5,7619,80,8,4,0.0,0.0,0.0,0.0,0.20313307642936707,False,False,0.0,0.0,0.0,[],10.0,10.0,1,10.0,0,0.009870042000002854
aco_current,5,7620,80,9,1,40.0,200.0,240.0,1.2,1.0,True,True,30.0,200.0,10.0,[1],10.0,10.0,1,10.0,0,0.009498291999996411
aco_current,5,7620,80,9,2,0.0,0.0,0.0,0.0,0.09907747060060501,False,False,0.0,0.0,0.0,[],10.0,10.0,1,10.0,0,0.009498291999996411
aco_current,5,7620,80,9,3,0.0,0.0,0.0,0.0,0.43936213850975037,False,False,0.0,0.0,0.0,[],10.0,10.0,1,10.0,0,0.009498291999996411
aco_current,5,7620,80,9,4,0.0,0.0,0.0,0.0,0.20313307642936707,False,False,0.0,0.0,0.0,[],10.0,10.0,1,10.0,0,0.009498291999996411
aco_current,5,7621,80,9,1,40.0,200.0,240.0,1.2,1.0,True,True,30.0,200.0,10.0,[1],10.0,10.0,1,10.0,0,0.009570042
aco_current,5,7621,80,9,2,0.0,0.0,0.0,0.0,0.09907747060060501,False,False,0.0,0.0,0.0,[],10.0,10.0,1,10.0,0,0.009570042
aco_current,5,7621,80,9,3,0.0,0.0,0.0,0.0,0.43936213850975037,False,False,0.0,0.0,0.0,[],10.0,10.0,1,10.0,0,0.009570042
aco_current,5,7621,80,9,4,0.0,0.0,0.0,0.0,0.20313307642936707,False,False,0.0,0.0,0.0,[],10.0,10.0,1,10.0,0,0.009570042
aco_current,5,7622,80,9,1,39.0,200.0,239.0,1.195,1.0,True,True,30.0,200.0,9.0,[1],10.0,10.0,1,10.0,0,0.009755583000000456
aco_current,5,7622,80,9,2,0.0,0.0,0.0,0.0,0.09907747060060501,False,False,0.0,0.0,0.0,[],10.0,10.0,1,10.0,0,0.009755583000000456
aco_current,5,7622,80,9,3,0.0,0.0,0.0,0.0,0.43936213850975037,False,False,0.0,0.0,0.0,[],10.0,10.0,1,10.0,0,0.009755583000000456
aco_current,5,7622,80,9,4,0.0,0.0,0.0,0.0,0.20313307642936707,False,False,0.0,0.0,0.0,[],10.0,10.0,1,10.0,0,0.009755583000000456
aco_current,5,7623,80,9,1,40.0,200.0,240.0,1.2,1.0,True,True,30.0,200.0,10.0,[1],10.0,10.0,1,10.0,0,0.009662207999994621
aco_current,5,7623,80,9,2,0.0,0.0,0.0,0.0,0.09907747060060501,False,False,0.0,0.0,0.0,[],10.0,10.0,1,10.0,0,0.009662207999994621
aco_current,5,7623,80,9,3,0.0,0.0,0.0,0.0,0.43936213850975037,False,False,0.0,0.0,0.0,[],10.0,10.0,1,10.0,0,0.009662207999994621
aco_current,5,7623,80,9,4,0.0,0.0,0.0,0.0,0.20313307642936707,False,False,0.0,0.0,0.0,[],10.0,10.0,1,10.0,0,0.009662207999994621
aco_current,5,7624,80,10,1,39.0,200.0,239.0,1.195,1.0,True,True,30.0,200.0,9.0,[1],10.0,10.0,1,10.0,0,0.009648124999998231
aco_current,5,7624,80,10,2,0.0,0.0,0.0,0.0,0.09907747060060501,False,False,0.0,0.0,0.0,[],10.0,10.0,1,10.0,0,0.009648124999998231
aco_current,5,7624,80,10,3,0.0,0.0,0.0,0.0,0.43936213850975037,False,False,0.0,0.0,0.0,[],10.0,10.0,1,10.0,0,0.009648124999998231
aco_current,5,7624,80,10,4,0.0,0.0,0.0,0.0,0.20313307642936707,False,False,0.0,0.0,0.0,[],10.0,10.0,1,10.0,0,0.009648124999998231
aco_current,5,7625,80,10,1,44.0,200.0,244.0,1.22,1.0,True,True,30.0,200.0,14.0,[1],10.0,10.0,1,10.0,0,0.009418540999995173
aco_current,5,7625,80,10,2,0.0,0.0,0.0,0.0,0.09907747060060501,False,False,0.0,0.0,0.0,[],10.0,10.0,1,10.0,0,0.009418540999995173
aco_current,5,7625,80,10,3,0.0,0.0,0.0,0.0,0.43936213850975037,False,False,0.0,0.0,0.0,[],10.0,10.0,1,10.0,0,0.009418540999995173
aco_current,5,7625,80,10,4,0.0,0.0,0.0,0.0,0.20313307642936707,False,False,0.0,0.0,0.0,[],10.0,10.0,1,10.0,0,0.009418540999995173
aco_current,5,7626,80,10,1,44.0,200.0,244.0,1.22,1.0,True,True,30.0,200.0,14.0,[1],10.0,10.0,1,10.0,0,0.009589084000005244
aco_current,5,7626,80,10,2,0.0,0.0,0.0,0.0,0.09907747060060501,False,False,0.0,0.0,0.0,[],10.0,10.0,1,10.0,0,0.009589084000005244
aco_current,5,7626,80,10,3,0.0,0.0,0.0,0.0,0.43936213850975037,False,False,0.0,0.0,0.0,[],10.0,10.0,1,10.0,0,0.009589084000005244
aco_current,5,7626,80,10,4,0.0,0.0,0.0,0.0,0.20313307642936707,False,False,0.0,0.0,0.0,[],10.0,10.0,1,10.0,0,0.009589084000005244
aco_current,5,7627,80,10,1,45.0,200.0,245.0,1.225,1.0,True,True,30.0,200.0,15.0,[1],10.0,10.0,1,10.0,0,0.01073191600000456
aco_current,5,7627,80,10,2,0.0,0.0,0.0,0.0,0.09907747060060501,False,False,0.0,0.0,0.0,[],10.0,10.0,1,10.0,0,0.01073191600000456
aco_current,5,7627,80,10,3,0.0,0.0,0.0,0.0,0.43936213850975037,False,False,0.0,0.0,0.0,[],10.0,10.0,1,10.0,0,0.01073191600000456
aco_current,5,7627,80,10,4,0.0,0.0,0.0,0.0,0.20313307642936707,False,False,0.0,0.0,0.0,[],10.0,10.0,1,10.0,0,0.01073191600000456
aco_current,5,7628,80,11,1,44.0,200.0,244.0,1.22,1.0,True,True,30.0,200.0,14.0,[1],10.0,10.0,1,10.0,0,0.0097438330000017
aco_current,5,7628,80,11,2,0.0,0.0,0.0,0.0,0.09907747060060501,False,False,0.0,0.0,0.0,[],10.0,10.0,1,10.0,0,0.0097438330000017
aco_current,5,7628,80,11,3,0.0,0.0,0.0,0.0,0.43936213850975037,False,False,0.0,0.0,0.0,[],10.0,10.0,1,10.0,0,0.0097438330000017
aco_current,5,7628,80,11,4,0.0,0.0,0.0,0.0,0.20313307642936707,False,False,0.0,0.0,0.0,[],10.0,10.0,1,10.0,0,0.0097438330000017
aco_current,5,7629,80,11,1,45.0,200.0,245.0,1.225,1.0,True,True,30.0,200.0,15.0,[1],10.0,10.0,1,10.0,0,0.009417749999997227
aco_current,5,7629,80,11,2,0.0,0.0,0.0,0.0,0.09907747060060501,False,False,0.0,0.0,0.0,[],10.0,10.0,1,10.0,0,0.009417749999997227
aco_current,5,7629,80,11,3,0.0,0.0,0.0,0.0,0.43936213850975037,False,False,0.0,0.0,0.0,[],10.0,10.0,1,10.0,0,0.009417749999997227
aco_current,5,7629,80,11,4,0.0,0.0,0.0,0.0,0.20313307642936707,False,False,0.0,0.0,0.0,[],10.0,10.0,1,10.0,0,0.009417749999997227
aco_current,5,7630,80,11,1,36.0,200.0,236.0,1.18,1.0,True,True,30.0,200.0,6.0,[1],10.0,10.0,1,10.0,0,0.009533083000000886
aco_current,5,7630,80,11,2,0.0,0.0,0.0,0.0,0.09907747060060501,False,False,0.0,0.0,0.0,[],10.0,10.0,1,10.0,0,0.009533083000000886
aco_current,5,7630,80,11,3,0.0,0.0,0.0,0.0,0.43936213850975037,False,False,0.0,0.0,0.0,[],10.0,10.0,1,10.0,0,0.009533083000000886
aco_current,5,7630,80,11,4,0.0,0.0,0.0,0.0,0.20313307642936707,False,False,0.0,0.0,0.0,[],10.0,10.0,1,10.0,0,0.009533083000000886
aco_current,5,7631,80,11,1,37.0,200.0,237.0,1.185,1.0,True,True,30.0,200.0,7.0,[1],10.0,10.0,1,10.0,0,0.00953004099999788
aco_current,5,7631,80,11,2,0.0,0.0,0.0,0.0,0.09907747060060501,False,False,0.0,0.0,0.0,[],10.0,10.0,1,10.0,0,0.00953004099999788
aco_current,5,7631,80,11,3,0.0,0.0,0.0,0.0,0.43936213850975037,False,False,0.0,0.0,0.0,[],10.0,10.0,1,10.0,0,0.00953004099999788
aco_current,5,7631,80,11,4,0.0,0.0,0.0,0.0,0.20313307642936707,False,False,0.0,0.0,0.0,[],10.0,10.0,1,10.0,0,0.00953004099999788
aco_current,5,7632,80,12,1,36.0,200.0,236.0,1.18,1.0,True,True,30.0,200.0,6.0,[1],10.0,10.0,1,10.0,0,0.009880625000000975
aco_current,5,7632,80,12,2,0.0,0.0,0.0,0.0,0.09907747060060501,False,False,0.0,0.0,0.0,[],10.0,10.0,1,10.0,0,0.009880625000000975
aco_current,5,7632,80,12,3,0.0,0.0,0.0,0.0,0.43936213850975037,False,False,0.0,0.0,0.0,[],10.0,10.0,1,10.0,0,0.009880625000000975
aco_current,5,7632,80,12,4,0.0,0.0,0.0,0.0,0.20313307642936707,False,False,0.0,0.0,0.0,[],10.0,10.0,1,10.0,0,0.009880625000000975
aco_current,5,7633,80,12,1,36.0,200.0,236.0,1.18,1.0,True,True,30.0,200.0,6.0,[1],10.0,10.0,1,10.0,0,0.009334917000003884
aco_current,5,7633,80,12,2,0.0,0.0,0.0,0.0,0.09907747060060501,False,False,0.0,0.0,0.0,[],10.0,10.0,1,10.0,0,0.009334917000003884
aco_current,5,7633,80,12,3,0.0,0.0,0.0,0.0,0.43936213850975037,False,False,0.0,0.0,0.0,[],10.0,10.0,1,10.0,0,0.009334917000003884
aco_current,5,7633,80,12,4,0.0,0.0,0.0,0.0,0.20313307642936707,False,False,0.0,0.0,0.0,[],10.0,10.0,1,10.0,0,0.009334917000003884
aco_current,5,7634,80,12,1,36.0,200.0,236.0,1.18,1.0,True,True,30.0,200.0,6.0,[1],10.0,10.0,1,10.0,0,0.009507249999998635
aco_current,5,7634,80,12,2,0.0,0.0,0.0,0.0,0.09907747060060501,False,False,0.0,0.0,0.0,[],10.0,10.0,1,10.0,0,0.009507249999998635
aco_current,5,7634,80,12,3,0.0,0.0,0.0,0.0,0.43936213850975037,False,False,0.0,0.0,0.0,[],10.0,10.0,1,10.0,0,0.009507249999998635
aco_current,5,7634,80,12,4,0.0,0.0,0.0,0.0,0.20313307642936707,False,False,0.0,0.0,0.0,[],10.0,10.0,1,10.0,0,0.009507249999998635
aco_current,5,7635,80,12,1,36.0,200.0,236.0,1.18,1.0,True,True,30.0,200.0,6.0,[1],10.0,10.0,1,10.0,0,0.009499666000003515
aco_current,5,7635,80,12,2,0.0,0.0,0.0,0.0,0.09907747060060501,False,False,0.0,0.0,0.0,[],10.0,10.0,1,10.0,0,0.009499666000003515
aco_current,5,7635,80,12,3,0.0,0.0,0.0,0.0,0.43936213850975037,False,False,0.0,0.0,0.0,[],10.0,10.0,1,10.0,0,0.009499666000003515
aco_current,5,7635,80,12,4,0.0,0.0,0.0,0.0,0.20313307642936707,False,False,0.0,0.0,0.0,[],10.0,10.0,1,10.0,0,0.009499666000003515
aco_current,5,7636,80,13,1,37.0,200.0,237.0,1.185,1.0,True,True,30.0,200.0,7.0,[1],10.0,10.0,1,10.0,0,0.00946591699999999
aco_current,5,7636,80,13,2,0.0,0.0,0.0,0.0,0.09907747060060501,False,False,0.0,0.0,0.0,[],10.0,10.0,1,10.0,0,0.00946591699999999
aco_current,5,7636,80,13,3,0.0,0.0,0.0,0.0,0.43936213850975037,False,False,0.0,0.0,0.0,[],10.0,10.0,1,10.0,0,0.00946591699999999
aco_current,5,7636,80,13,4,0.0,0.0,0.0,0.0,0.20313307642936707,False,False,0.0,0.0,0.0,[],10.0,10.0,1,10.0,0,0.00946591699999999
aco_current,5,7637,80,13,1,36.0,200.0,236.0,1.18,1.0,True,True,30.0,200.0,6.0,[1],10.0,10.0,1,10.0,0,0.009406417000001
aco_current,5,7637,80,13,2,0.0,0.0,0.0,0.0,0.09907747060060501,False,False,0.0,0.0,0.0,[],10.0,10.0,1,10.0,0,0.009406417000001
aco_current,5,7637,80,13,3,0.0,0.0,0.0,0.0,0.43936213850975037,False,False,0.0,0.0,0.0,[],10.0,10.0,1,10.0,0,0.009406417000001
aco_current,5,7637,80,13,4,0.0,0.0,0.0,0.0,0.20313307642936707,False,False,0.0,0.0,0.0,[],10.0,10.0,1,10.0,0,0.009406417000001
aco_current,5,7638,80,13,1,30.0,200.0,230.0,1.15,1.0,True,True,30.0,200.0,0.0,[1],10.0,10.0,1,10.0,0,0.009588166000000342
aco_current,5,7638,80,13,2,0.0,0.0,0.0,0.0,0.09907747060060501,False,False,0.0,0.0,0.0,[],10.0,10.0,1,10.0,0,0.009588166000000342
aco_current,5,7638,80,13,3,0.0,0.0,0.0,0.0,0.43936213850975037,False,False,0.0,0.0,0.0,[],10.0,10.0,1,10.0,0,0.009588166000000342
aco_current,5,7638,80,13,4,0.0,0.0,0.0,0.0,0.20313307642936707,False,False,0.0,0.0,0.0,[],10.0,10.0,1,10.0,0,0.009588166000000342
aco_current,5,7639,80,13,1,21.0,200.0,221.0,1.105,1.0,True,True,30.0,191.0,0.0,[1],10.0,10.0,1,10.0,0,0.009624875000000088
aco_current,5,7639,80,13,2,0.0,0.0,0.0,0.0,0.09907747060060501,False,False,0.0,0.0,0.0,[],10.0,10.0,1,10.0,0,0.009624875000000088
aco_current,5,7639,80,13,3,0.0,0.0,0.0,0.0,0.43936213850975037,False,False,0.0,0.0,0.0,[],10.0,10.0,1,10.0,0,0.009624875000000088
aco_current,5,7639,80,13,4,0.0,0.0,0.0,0.0,0.20313307642936707,False,False,0.0,0.0,0.0,[],10.0,10.0,1,10.0,0,0.009624875000000088
aco_current,5,7640,80,14,1,22.0,191.0,213.0,1.065,1.0,True,True,30.0,183.0,0.0,[1],10.0,10.0,1,10.0,0,0.009279624999997793
aco_current,5,7640,80,14,2,0.0,0.0,0.0,0.0,0.09907747060060501,False,False,0.0,0.0,0.0,[],10.0,10.0,1,10.0,0,0.009279624999997793
aco_current,5,7640,80,14,3,0.0,0.0,0.0,0.0,0.43936213850975037,False,False,0.0,0.0,0.0,[],10.0,10.0,1,10.0,0,0.009279624999997793
aco_current,5,7640,80,14,4,0.0,0.0,0.0,0.0,0.20313307642936707,False,False,0.0,0.0,0.0,[],10.0,10.0,1,10.0,0,0.009279624999997793
aco_current,5,7641,80,14,1,14.0,183.0,197.0,0.985,1.0,True,True,30.0,167.0,0.0,[1],10.0,10.0,1,10.0,0,0.009929500000005476
aco_current,5,7641,80,14,2,0.0,0.0,0.0,0.0,0.09907747060060501,False,False,0.0,0.0,0.0,[],10.0,10.0,1,10.0,0,0.009929500000005476
aco_current,5,7641,80,14,3,0.0,0.0,0.0,0.0,0.43936213850975037,False,False,0.0,0.0,0.0,[],10.0,10.0,1,10.0,0,0.009929500000005476
aco_current,5,7641,80,14,4,0.0,0.0,0.0,0.0,0.20313307642936707,False,False,0.0,0.0,0.0,[],10.0,10.0,1,10.0,0,0.009929500000005476
aco_current,5,7642,80,14,1,13.0,167.0,180.0,0.9,0.9999964833259583,True,True,30.0,150.0,0.0,[1],10.0,10.0,1,10.0,0,0.009824583000003884
aco_current,5,7642,80,14,2,0.0,0.0,0.0,0.0,0.09907747060060501,False,False,0.0,0.0,0.0,[],10.0,10.0,1,10.0,0,0.009824583000003884
aco_current,5,7642,80,14,3,0.0,0.0,0.0,0.0,0.43936213850975037,False,False,0.0,0.0,0.0,[],10.0,10.0,1,10.0,0,0.009824583000003884
aco_current,5,7642,80,14,4,0.0,0.0,0.0,0.0,0.20313307642936707,False,False,0.0,0.0,0.0,[],10.0,10.0,1,10.0,0,0.009824583000003884
aco_current,5,7643,80,14,1,13.0,150.0,163.0,0.815,0.9996762275695801,True,True,30.0,133.0,0.0,[1],10.0,10.0,1,10.0,0,0.009642208000002483
aco_current,5,7643,80,14,2,0.0,0.0,0.0,0.0,0.09907747060060501,False,False,0.0,0.0,0.0,[],10.0,10.0,1,10.0,0,0.009642208000002483
aco_current,5,7643,80,14,3,0.0,0.0,0.0,0.0,0.43936213850975037,False,False,0.0,0.0,0.0,[],10.0,10.0,1,10.0,0,0.009642208000002483
aco_current,5,7643,80,14,4,0.0,0.0,0.0,0.0,0.20313307642936707,False,False,0.0,0.0,0.0,[],10.0,10.0,1,10.0,0,0.009642208000002483
aco_current,5,7644,80,15,1,14.0,133.0,147.0,0.735,0.9951216578483582,False,False,0.0,147.0,0.0,[],0.0,0.0,0,0.0,0,4.167000000165899e-06
aco_current,5,7644,80,15,2,0.0,0.0,0.0,0.0,0.09907747060060501,False,False,0.0,0.0,0.0,[],0.0,0.0,0,0.0,0,4.167000000165899e-06
aco_current,5,7644,80,15,3,0.0,0.0,0.0,0.0,0.43936213850975037,False,False,0.0,0.0,0.0,[],0.0,0.0,0,0.0,0,4.167000000165899e-06
aco_current,5,7644,80,15,4,0.0,0.0,0.0,0.0,0.20313307642936707,False,False,0.0,0.0,0.0,[],0.0,0.0,0,0.0,0,4.167000000165899e-06
aco_current,5,7645,80,15,1,1.0,147.0,148.0,0.74,0.2620912790298462,False,False,0.0,148.0,0.0,[],0.0,0.0,0,0.0,0,2.5419999971632024e-06
aco_current,5,7645,80,15,2,0.0,0.0,0.0,0.0,0.09907747060060501,False,False,0.0,0.0,0.0,[],0.0,0.0,0,0.0,0,2.5419999971632024e-06
aco_current,5,7645,80,15,3,0.0,0.0,0.0,0.0,0.43936213850975037,False,False,0.0,0.0,0.0,[],0.0,0.0,0,0.0,0,2.5419999971632024e-06
aco_current,5,7645,80,15,4,0.0,0.0,0.0,0.0,0.20313307642936707,False,False,0.0,0.0,0.0,[],0.0,0.0,0,0.0,0,2.5419999971632024e-06
aco_current,5,7646,80,15,1,0.0,148.0,148.0,0.74,0.1709492802619934,False,False,0.0,148.0,0.0,[],0.0,0.0,0,0.0,0,1.957999998580817e-06
aco_current,5,7646,80,15,2,0.0,0.0,0.0,0.0,0.09907747060060501,False,False,0.0,0.0,0.0,[],0.0,0.0,0,0.0,0,1.957999998580817e-06
aco_current,5,7646,80,15,3,0.0,0.0,0.0,0.0,0.43936213850975037,False,False,0.0,0.0,0.0,[],0.0,0.0,0,0.0,0,1.957999998580817e-06
aco_current,5,7646,80,15,4,0.0,0.0,0.0,0.0,0.20313307642936707,False,False,0.0,0.0,0.0,[],0.0,0.0,0,0.0,0,1.957999998580817e-06
aco_current,5,7647,80,15,1,0.0,148.0,148.0,0.74,0.2276626080274582,False,False,0.0,148.0,0.0,[],0.0,0.0,0,0.0,0,2.87499999984675e-06
aco_current,5,7647,80,15,2,0.0,0.0,0.0,0.0,0.09907747060060501,False,False,0.0,0.0,0.0,[],0.0,0.0,0,0.0,0,2.87499999984675e-06
aco_current,5,7647,80,15,3,0.0,0.0,0.0,0.0,0.43936213850975037,False,False,0.0,0.0,0.0,[],0.0,0.0,0,0.0,0,2.87499999984675e-06
aco_current,5,7647,80,15,4,0.0,0.0,0.0,0.0,0.20313307642936707,False,False,0.0,0.0,0.0,[],0.0,0.0,0,0.0,0,2.87499999984675e-06
aco_current,5,7648,80,16,1,0.0,148.0,148.0,0.74,0.2904936373233795,False,False,0.0,148.0,0.0,[],0.0,0.0,0,0.0,0,2.1669999981099863e-06
aco_current,5,7648,80,16,2,0.0,0.0,0.0,0.0,0.09907747060060501,False,False,0.0,0.0,0.0,[],0.0,0.0,0,0.0,0,2.1669999981099863e-06
aco_current,5,7648,80,16,3,0.0,0.0,0.0,0.0,0.43936213850975037,False,False,0.0,0.0,0.0,[],0.0,0.0,0,0.0,0,2.1669999981099863e-06
aco_current,5,7648,80,16,4,0.0,0.0,0.0,0.0,0.20313307642936707,False,False,0.0,0.0,0.0,[],0.0,0.0,0,0.0,0,2.1669999981099863e-06
aco_current,5,7649,80,16,1,0.0,148.0,148.0,0.74,0.29471030831336975,False,False,0.0,148.0,0.0,[],0.0,0.0,0,0.0,0,3.5409999981084184e-06
aco_current,5,7649,80,16,2,0.0,0.0,0.0,0.0,0.09907747060060501,False,False,0.0,0.0,0.0,[],0.0,0.0,0,0.0,0,3.5409999981084184e-06
aco_current,5,7649,80,16,3,0.0,0.0,0.0,0.0,0.43936213850975037,False,False,0.0,0.0,0.0,[],0.0,0.0,0,0.0,0,3.5409999981084184e-06
aco_current,5,7649,80,16,4,0.0,0.0,0.0,0.0,0.20313307642936707,False,False,0.0,0.0,0.0,[],0.0,0.0,0,0.0,0,3.5409999981084184e-06
aco_current,5,7650,80,16,1,0.0,148.0,148.0,0.74,0.29471030831336975,False,False,0.0,148.0,0.0,[],0.0,0.0,0,0.0,0,2.3749999940037014e-06
aco_current,5,7650,80,16,2,0.0,0.0,0.0,0.0,0.09907747060060501,False,False,0.0,0.0,0.0,[],0.0,0.0,0,0.0,0,2.3749999940037014e-06
aco_current,5,7650,80,16,3,0.0,0.0,0.0,0.0,0.43936213850975037,False,False,0.0,0.0,0.0,[],0.0,0.0,0,0.0,0,2.3749999940037014e-06
aco_current,5,7650,80,16,4,0.0,0.0,0.0,0.0,0.20313307642936707,False,False,0.0,0.0,0.0,[],0.0,0.0,0,0.0,0,2.3749999940037014e-06
aco_current,5,7651,80,16,1,0.0,148.0,148.0,0.74,0.29471030831336975,False,False,0.0,148.0,0.0,[],0.0,0.0,0,0.0,0,1.9999999949504854e-06
aco_current,5,7651,80,16,2,0.0,0.0,0.0,0.0,0.09907747060060501,False,False,0.0,0.0,0.0,[],0.0,0.0,0,0.0,0,1.9999999949504854e-06
aco_current,5,7651,80,16,3,0.0,0.0,0.0,0.0,0.43936213850975037,False,False,0.0,0.0,0.0,[],0.0,0.0,0,0.0,0,1.9999999949504854e-06
aco_current,5,7651,80,16,4,0.0,0.0,0.0,0.0,0.20313307642936707,False,False,0.0,0.0,0.0,[],0.0,0.0,0,0.0,0,1.9999999949504854e-06
aco_current,5,7652,80,17,1,0.0,148.0,148.0,0.74,0.29471030831336975,False,False,0.0,148.0,0.0,[],0.0,0.0,0,0.0,0,3.124999999215561e-06
aco_current,5,7652,80,17,2,0.0,0.0,0.0,0.0,0.09907747060060501,False,False,0.0,0.0,0.0,[],0.0,0.0,0,0.0,0,3.124999999215561e-06
aco_current,5,7652,80,17,3,0.0,0.0,0.0,0.0,0.43936213850975037,False,False,0.0,0.0,0.0,[],0.0,0.0,0,0.0,0,3.124999999215561e-06
aco_current,5,7652,80,17,4,0.0,0.0,0.0,0.0,0.20313307642936707,False,False,0.0,0.0,0.0,[],0.0,0.0,0,0.0,0,3.124999999215561e-06
aco_current,5,7653,80,17,1,0.0,148.0,148.0,0.74,0.29471030831336975,False,False,0.0,148.0,0.0,[],0.0,0.0,0,0.0,0,2.1669999981099863e-06
aco_current,5,7653,80,17,2,0.0,0.0,0.0,0.0,0.09907747060060501,False,False,0.0,0.0,0.0,[],0.0,0.0,0,0.0,0,2.1669999981099863e-06
aco_current,5,7653,80,17,3,0.0,0.0,0.0,0.0,0.43936213850975037,False,False,0.0,0.0,0.0,[],0.0,0.0,0,0.0,0,2.1669999981099863e-06
aco_current,5,7653,80,17,4,0.0,0.0,0.0,0.0,0.20313307642936707,False,False,0.0,0.0,0.0,[],0.0,0.0,0,0.0,0,2.1669999981099863e-06
aco_current,5,7654,80,17,1,0.0,148.0,148.0,0.74,0.29471030831336975,False,False,0.0,148.0,0.0,[],0.0,0.0,0,0.0,0,2.9159999996863917e-06
aco_current,5,7654,80,17,2,0.0,0.0,0.0,0.0,0.09907747060060501,False,False,0.0,0.0,0.0,[],0.0,0.0,0,0.0,0,2.9159999996863917e-06
aco_current,5,7654,80,17,3,0.0,0.0,0.0,0.0,0.43936213850975037,False,False,0.0,0.0,0.0,[],0.0,0.0,0,0.0,0,2.9159999996863917e-06
aco_current,5,7654,80,17,4,0.0,0.0,0.0,0.0,0.20313307642936707,False,False,0.0,0.0,0.0,[],0.0,0.0,0,0.0,0,2.9159999996863917e-06
aco_current,5,7655,80,17,1,0.0,148.0,148.0,0.74,0.29471030831336975,False,False,0.0,148.0,0.0,[],0.0,0.0,0,0.0,0,3.0839999993759193e-06
aco_current,5,7655,80,17,2,0.0,0.0,0.0,0.0,0.09907747060060501,False,False,0.0,0.0,0.0,[],0.0,0.0,0,0.0,0,3.0839999993759193e-06
aco_current,5,7655,80,17,3,0.0,0.0,0.0,0.0,0.43936213850975037,False,False,0.0,0.0,0.0,[],0.0,0.0,0,0.0,0,3.0839999993759193e-06
aco_current,5,7655,80,17,4,0.0,0.0,0.0,0.0,0.20313307642936707,False,False,0.0,0.0,0.0,[],0.0,0.0,0,0.0,0,3.0839999993759193e-06
aco_current,5,7656,80,18,1,0.0,148.0,148.0,0.74,0.29471030831336975,False,False,0.0,148.0,0.0,[],0.0,0.0,0,0.0,0,2.08300000537065e-06
aco_current,5,7656,80,18,2,0.0,0.0,0.0,0.0,0.09907747060060501,False,False,0.0,0.0,0.0,[],0.0,0.0,0,0.0,0,2.08300000537065e-06
aco_current,5,7656,80,18,3,0.0,0.0,0.0,0.0,0.43936213850975037,False,False,0.0,0.0,0.0,[],0.0,0.0,0,0.0,0,2.08300000537065e-06
aco_current,5,7656,80,18,4,0.0,0.0,0.0,0.0,0.20313307642936707,False,False,0.0,0.0,0.0,[],0.0,0.0,0,0.0,0,2.08300000537065e-06
aco_current,5,7657,80,18,1,0.0,148.0,148.0,0.74,0.29471030831336975,False,False,0.0,148.0,0.0,[],0.0,0.0,0,0.0,0,3.040999999370797e-06
aco_current,5,7657,80,18,2,0.0,0.0,0.0,0.0,0.09907747060060501,False,False,0.0,0.0,0.0,[],0.0,0.0,0,0.0,0,3.040999999370797e-06
aco_current,5,7657,80,18,3,0.0,0.0,0.0,0.0,0.43936213850975037,False,False,0.0,0.0,0.0,[],0.0,0.0,0,0.0,0,3.040999999370797e-06
aco_current,5,7657,80,18,4,0.0,0.0,0.0,0.0,0.20313307642936707,False,False,0.0,0.0,0.0,[],0.0,0.0,0,0.0,0,3.040999999370797e-06
aco_current,5,7658,80,18,1,0.0,148.0,148.0,0.74,0.29471030831336975,False,False,0.0,148.0,0.0,[],0.0,0.0,0,0.0,0,2.0839999947952492e-06
aco_current,5,7658,80,18,2,0.0,0.0,0.0,0.0,0.09907747060060501,False,False,0.0,0.0,0.0,[],0.0,0.0,0,0.0,0,2.0839999947952492e-06
aco_current,5,7658,80,18,3,0.0,0.0,0.0,0.0,0.43936213850975037,False,False,0.0,0.0,0.0,[],0.0,0.0,0,0.0,0,2.0839999947952492e-06
aco_current,5,7658,80,18,4,0.0,0.0,0.0,0.0,0.20313307642936707,False,False,0.0,0.0,0.0,[],0.0,0.0,0,0.0,0,2.0839999947952492e-06
aco_current,5,7659,80,18,1,0.0,148.0,148.0,0.74,0.29471030831336975,False,False,0.0,148.0,0.0,[],0.0,0.0,0,0.0,0,2.5419999971632024e-06
aco_current,5,7659,80,18,2,0.0,0.0,0.0,0.0,0.09907747060060501,False,False,0.0,0.0,0.0,[],0.0,0.0,0,0.0,0,2.5419999971632024e-06
aco_current,5,7659,80,18,3,0.0,0.0,0.0,0.0,0.43936213850975037,False,False,0.0,0.0,0.0,[],0.0,0.0,0,0.0,0,2.5419999971632024e-06
aco_current,5,7659,80,18,4,0.0,0.0,0.0,0.0,0.20313307642936707,False,False,0.0,0.0,0.0,[],0.0,0.0,0,0.0,0,2.5419999971632024e-06
aco_current,5,7660,80,19,1,0.0,148.0,148.0,0.74,0.29471030831336975,False,False,0.0,148.0,0.0,[],0.0,0.0,0,0.0,0,3.5829999944780866e-06
aco_current,5,7660,80,19,2,0.0,0.0,0.0,0.0,0.09907747060060501,False,False,0.0,0.0,0.0,[],0.0,0.0,0,0.0,0,3.5829999944780866e-06
aco_current,5,7660,80,19,3,0.0,0.0,0.0,0.0,0.43936213850975037,False,False,0.0,0.0,0.0,[],0.0,0.0,0,0.0,0,3.5829999944780866e-06
aco_current,5,7660,80,19,4,0.0,0.0,0.0,0.0,0.20313307642936707,False,False,0.0,0.0,0.0,[],0.0,0.0,0,0.0,0,3.5829999944780866e-06
aco_current,5,7661,80,19,1,0.0,148.0,148.0,0.74,0.29471030831336975,False,False,0.0,148.0,0.0,[],0.0,0.0,0,0.0,0,2.207999997949628e-06
aco_current,5,7661,80,19,2,0.0,0.0,0.0,0.0,0.09907747060060501,False,False,0.0,0.0,0.0,[],0.0,0.0,0,0.0,0,2.207999997949628e-06
aco_current,5,7661,80,19,3,0.0,0.0,0.0,0.0,0.43936213850975037,False,False,0.0,0.0,0.0,[],0.0,0.0,0,0.0,0,2.207999997949628e-06
aco_current,5,7661,80,19,4,0.0,0.0,0.0,0.0,0.20313307642936707,False,False,0.0,0.0,0.0,[],0.0,0.0,0,0.0,0,2.207999997949628e-06
aco_current,5,7662,80,19,1,0.0,148.0,148.0,0.74,0.29471030831336975,False,False,0.0,148.0,0.0,[],0.0,0.0,0,0.0,0,3.833000000952325e-06
aco_current,5,7662,80,19,2,0.0,0.0,0.0,0.0,0.09907747060060501,False,False,0.0,0.0,0.0,[],0.0,0.0,0,0.0,0,3.833000000952325e-06
aco_current,5,7662,80,19,3,0.0,0.0,0.0,0.0,0.43936213850975037,False,False,0.0,0.0,0.0,[],0.0,0.0,0,0.0,0,3.833000000952325e-06
aco_current,5,7662,80,19,4,0.0,0.0,0.0,0.0,0.20313307642936707,False,False,0.0,0.0,0.0,[],0.0,0.0,0,0.0,0,3.833000000952325e-06
aco_current,5,7663,80,19,1,0.0,148.0,148.0,0.74,0.29471030831336975,False,False,0.0,148.0,0.0,[],0.0,0.0,0,0.0,0,2.0000000020559128e-06
aco_current,5,7663,80,19,2,0.0,0.0,0.0,0.0,0.09907747060060501,False,False,0.0,0.0,0.0,[],0.0,0.0,0,0.0,0,2.0000000020559128e-06
aco_current,5,7663,80,19,3,0.0,0.0,0.0,0.0,0.43936213850975037,False,False,0.0,0.0,0.0,[],0.0,0.0,0,0.0,0,2.0000000020559128e-06
aco_current,5,7663,80,19,4,0.0,0.0,0.0,0.0,0.20313307642936707,False,False,0.0,0.0,0.0,[],0.0,0.0,0,0.0,0,2.0000000020559128e-06
aco_current,5,7664,80,20,1,0.0,148.0,148.0,0.74,0.29471030831336975,False,False,0.0,148.0,0.0,[],0.0,0.0,0,0.0,0,3.291000005845035e-06
aco_current,5,7664,80,20,2,0.0,0.0,0.0,0.0,0.09907747060060501,False,False,0.0,0.0,0.0,[],0.0,0.0,0,0.0,0,3.291000005845035e-06
aco_current,5,7664,80,20,3,0.0,0.0,0.0,0.0,0.43936213850975037,False,False,0.0,0.0,0.0,[],0.0,0.0,0,0.0,0,3.291000005845035e-06
aco_current,5,7664,80,20,4,0.0,0.0,0.0,0.0,0.20313307642936707,False,False,0.0,0.0,0.0,[],0.0,0.0,0,0.0,0,3.291000005845035e-06
aco_current,5,7665,80,20,1,0.0,148.0,148.0,0.74,0.29471030831336975,False,False,0.0,148.0,0.0,[],0.0,0.0,0,0.0,0,2.500000000793534e-06
aco_current,5,7665,80,20,2,0.0,0.0,0.0,0.0,0.09907747060060501,False,False,0.0,0.0,0.0,[],0.0,0.0,0,0.0,0,2.500000000793534e-06
aco_current,5,7665,80,20,3,0.0,0.0,0.0,0.0,0.43936213850975037,False,False,0.0,0.0,0.0,[],0.0,0.0,0,0.0,0,2.500000000793534e-06
aco_current,5,7665,80,20,4,0.0,0.0,0.0,0.0,0.20313307642936707,False,False,0.0,0.0,0.0,[],0.0,0.0,0,0.0,0,2.500000000793534e-06
aco_current,5,7666,80,20,1,0.0,148.0,148.0,0.74,0.29471030831336975,False,False,0.0,148.0,0.0,[],0.0,0.0,0,0.0,0,2.0000000020559128e-06
aco_current,5,7666,80,20,2,0.0,0.0,0.0,0.0,0.09907747060060501,False,False,0.0,0.0,0.0,[],0.0,0.0,0,0.0,0,2.0000000020559128e-06
aco_current,5,7666,80,20,3,0.0,0.0,0.0,0.0,0.43936213850975037,False,False,0.0,0.0,0.0,[],0.0,0.0,0,0.0,0,2.0000000020559128e-06
aco_current,5,7666,80,20,4,0.0,0.0,0.0,0.0,0.20313307642936707,False,False,0.0,0.0,0.0,[],0.0,0.0,0,0.0,0,2.0000000020559128e-06
aco_current,5,7667,80,20,1,0.0,148.0,148.0,0.74,0.29471030831336975,False,False,0.0,148.0,0.0,[],0.0,0.0,0,0.0,0,3.2919999952696344e-06
aco_current,5,7667,80,20,2,0.0,0.0,0.0,0.0,0.09907747060060501,False,False,0.0,0.0,0.0,[],0.0,0.0,0,0.0,0,3.2919999952696344e-06
aco_current,5,7667,80,20,3,0.0,0.0,0.0,0.0,0.43936213850975037,False,False,0.0,0.0,0.0,[],0.0,0.0,0,0.0,0,3.2919999952696344e-06
aco_current,5,7667,80,20,4,0.0,0.0,0.0,0.0,0.20313307642936707,False,False,0.0,0.0,0.0,[],0.0,0.0,0,0.0,0,3.2919999952696344e-06
aco_current,5,7668,80,21,1,0.0,148.0,148.0,0.74,0.29471030831336975,False,False,0.0,148.0,0.0,[],0.0,0.0,0,0.0,0,2.9999999995311555e-06
aco_current,5,7668,80,21,2,0.0,0.0,0.0,0.0,0.09907747060060501,False,False,0.0,0.0,0.0,[],0.0,0.0,0,0.0,0,2.9999999995311555e-06
aco_current,5,7668,80,21,3,0.0,0.0,0.0,0.0,0.43936213850975037,False,False,0.0,0.0,0.0,[],0.0,0.0,0,0.0,0,2.9999999995311555e-06
aco_current,5,7668,80,21,4,0.0,0.0,0.0,0.0,0.20313307642936707,False,False,0.0,0.0,0.0,[],0.0,0.0,0,0.0,0,2.9999999995311555e-06
aco_current,5,7669,80,21,1,0.0,148.0,148.0,0.74,0.29471030831336975,False,False,0.0,148.0,0.0,[],0.0,0.0,0,0.0,0,2.87499999984675e-06
aco_current,5,7669,80,21,2,0.0,0.0,0.0,0.0,0.09907747060060501,False,False,0.0,0.0,0.0,[],0.0,0.0,0,0.0,0,2.87499999984675e-06
aco_current,5,7669,80,21,3,0.0,0.0,0.0,0.0,0.43936213850975037,False,False,0.0,0.0,0.0,[],0.0,0.0,0,0.0,0,2.87499999984675e-06
aco_current,5,7669,80,21,4,0.0,0.0,0.0,0.0,0.20313307642936707,False,False,0.0,0.0,0.0,[],0.0,0.0,0,0.0,0,2.87499999984675e-06
aco_current,5,7670,80,21,1,0.0,148.0,148.0,0.74,0.29471030831336975,False,False,0.0,148.0,0.0,[],0.0,0.0,0,0.0,0,2.2089999944796546e-06
aco_current,5,7670,80,21,2,0.0,0.0,0.0,0.0,0.09907747060060501,False,False,0.0,0.0,0.0,[],0.0,0.0,0,0.0,0,2.2089999944796546e-06
aco_current,5,7670,80,21,3,0.0,0.0,0.0,0.0,0.43936213850975037,False,False,0.0,0.0,0.0,[],0.0,0.0,0,0.0,0,2.2089999944796546e-06
aco_current,5,7670,80,21,4,0.0,0.0,0.0,0.0,0.20313307642936707,False,False,0.0,0.0,0.0,[],0.0,0.0,0,0.0,0,2.2089999944796546e-06
aco_current,5,7671,80,21,1,0.0,148.0,148.0,0.74,0.29471030831336975,False,False,0.0,148.0,0.0,[],0.0,0.0,0,0.0,0,3.2089999990603246e-06
aco_current,5,7671,80,21,2,0.0,0.0,0.0,0.0,0.09907747060060501,False,False,0.0,0.0,0.0,[],0.0,0.0,0,0.0,0,3.2089999990603246e-06
aco_current,5,7671,80,21,3,0.0,0.0,0.0,0.0,0.43936213850975037,False,False,0.0,0.0,0.0,[],0.0,0.0,0,0.0,0,3.2089999990603246e-06
aco_current,5,7671,80,21,4,0.0,0.0,0.0,0.0,0.20313307642936707,False,False,0.0,0.0,0.0,[],0.0,0.0,0,0.0,0,3.2089999990603246e-06
aco_current,5,7672,80,22,1,0.0,148.0,148.0,0.74,0.29471030831336975,False,False,0.0,148.0,0.0,[],0.0,0.0,0,0.0,0,2.375000001109129e-06
aco_current,5,7672,80,22,2,0.0,0.0,0.0,0.0,0.09907747060060501,False,False,0.0,0.0,0.0,[],0.0,0.0,0,0.0,0,2.375000001109129e-06
aco_current,5,7672,80,22,3,0.0,0.0,0.0,0.0,0.43936213850975037,False,False,0.0,0.0,0.0,[],0.0,0.0,0,0.0,0,2.375000001109129e-06
aco_current,5,7672,80,22,4,0.0,0.0,0.0,0.0,0.20313307642936707,False,False,0.0,0.0,0.0,[],0.0,0.0,0,0.0,0,2.375000001109129e-06
aco_current,5,7673,80,22,1,0.0,148.0,148.0,0.74,0.29471030831336975,False,False,0.0,148.0,0.0,[],0.0,0.0,0,0.0,0,2.1249999946348908e-06
aco_current,5,7673,80,22,2,0.0,0.0,0.0,0.0,0.09907747060060501,False,False,0.0,0.0,0.0,[],0.0,0.0,0,0.0,0,2.1249999946348908e-06
aco_current,5,7673,80,22,3,0.0,0.0,0.0,0.0,0.43936213850975037,False,False,0.0,0.0,0.0,[],0.0,0.0,0,0.0,0,2.1249999946348908e-06
aco_current,5,7673,80,22,4,0.0,0.0,0.0,0.0,0.20313307642936707,False,False,0.0,0.0,0.0,[],0.0,0.0,0,0.0,0,2.1249999946348908e-06
aco_current,5,7674,80,22,1,0.0,148.0,148.0,0.74,0.29471030831336975,False,False,0.0,148.0,0.0,[],0.0,0.0,0,0.0,0,2.7910000000019863e-06
aco_current,5,7674,80,22,2,0.0,0.0,0.0,0.0,0.09907747060060501,False,False,0.0,0.0,0.0,[],0.0,0.0,0,0.0,0,2.7910000000019863e-06
aco_current,5,7674,80,22,3,0.0,0.0,0.0,0.0,0.43936213850975037,False,False,0.0,0.0,0.0,[],0.0,0.0,0,0.0,0,2.7910000000019863e-06
aco_current,5,7674,80,22,4,0.0,0.0,0.0,0.0,0.20313307642936707,False,False,0.0,0.0,0.0,[],0.0,0.0,0,0.0,0,2.7910000000019863e-06
aco_current,5,7675,80,22,1,0.0,148.0,148.0,0.74,0.29471030831336975,False,False,0.0,148.0,0.0,[],0.0,0.0,0,0.0,0,2.040999994790127e-06
aco_current,5,7675,80,22,2,0.0,0.0,0.0,0.0,0.09907747060060501,False,False,0.0,0.0,0.0,[],0.0,0.0,0,0.0,0,2.040999994790127e-06
aco_current,5,7675,80,22,3,0.0,0.0,0.0,0.0,0.43936213850975037,False,False,0.0,0.0,0.0,[],0.0,0.0,0,0.0,0,2.040999994790127e-06
aco_current,5,7675,80,22,4,0.0,0.0,0.0,0.0,0.20313307642936707,False,False,0.0,0.0,0.0,[],0.0,0.0,0,0.0,0,2.040999994790127e-06
aco_current,5,7676,80,23,1,0.0,148.0,148.0,0.74,0.29471030831336975,False,False,0.0,148.0,0.0,[],0.0,0.0,0,0.0,0,3.3749999985843715e-06
aco_current,5,7676,80,23,2,0.0,0.0,0.0,0.0,0.09907747060060501,False,False,0.0,0.0,0.0,[],0.0,0.0,0,0.0,0,3.3749999985843715e-06
aco_current,5,7676,80,23,3,0.0,0.0,0.0,0.0,0.43936213850975037,False,False,0.0,0.0,0.0,[],0.0,0.0,0,0.0,0,3.3749999985843715e-06
aco_current,5,7676,80,23,4,0.0,0.0,0.0,0.0,0.20313307642936707,False,False,0.0,0.0,0.0,[],0.0,0.0,0,0.0,0,3.3749999985843715e-06
aco_current,5,7677,80,23,1,0.0,148.0,148.0,0.74,0.29471030831336975,False,False,0.0,148.0,0.0,[],0.0,0.0,0,0.0,0,2.0840000019006766e-06
aco_current,5,7677,80,23,2,0.0,0.0,0.0,0.0,0.09907747060060501,False,False,0.0,0.0,0.0,[],0.0,0.0,0,0.0,0,2.0840000019006766e-06
aco_current,5,7677,80,23,3,0.0,0.0,0.0,0.0,0.43936213850975037,False,False,0.0,0.0,0.0,[],0.0,0.0,0,0.0,0,2.0840000019006766e-06
aco_current,5,7677,80,23,4,0.0,0.0,0.0,0.0,0.20313307642936707,False,False,0.0,0.0,0.0,[],0.0,0.0,0,0.0,0,2.0840000019006766e-06
aco_current,5,7678,80,23,1,0.0,148.0,148.0,0.74,0.29471030831336975,False,False,0.0,148.0,0.0,[],0.0,0.0,0,0.0,0,2.041999998425581e-06
aco_current,5,7678,80,23,2,0.0,0.0,0.0,0.0,0.09907747060060501,False,False,0.0,0.0,0.0,[],0.0,0.0,0,0.0,0,2.041999998425581e-06
aco_current,5,7678,80,23,3,0.0,0.0,0.0,0.0,0.43936213850975037,False,False,0.0,0.0,0.0,[],0.0,0.0,0,0.0,0,2.041999998425581e-06
aco_current,5,7678,80,23,4,0.0,0.0,0.0,0.0,0.20313307642936707,False,False,0.0,0.0,0.0,[],0.0,0.0,0,0.0,0,2.041999998425581e-06
aco_current,5,7679,80,23,1,0.0,148.0,148.0,0.74,0.29471030831336975,False,False,0.0,148.0,0.0,[],0.0,0.0,0,0.0,0,2.833000003477082e-06
aco_current,5,7679,80,23,2,0.0,0.0,0.0,0.0,0.09907747060060501,False,False,0.0,0.0,0.0,[],0.0,0.0,0,0.0,0,2.833000003477082e-06
aco_current,5,7679,80,23,3,0.0,0.0,0.0,0.0,0.43936213850975037,False,False,0.0,0.0,0.0,[],0.0,0.0,0,0.0,0,2.833000003477082e-06
aco_current,5,7679,80,23,4,0.0,0.0,0.0,0.0,0.20313307642936707,False,False,0.0,0.0,0.0,[],0.0,0.0,0,0.0,0,2.833000003477082e-06
aco_current,5,7680,81,0,1,35.0,148.0,183.0,0.915,1.0,True,True,30.0,153.0,0.0,[1],10.0,10.0,1,10.0,0,0.010009375000002763
aco_current,5,7680,81,0,2,0.0,0.0,0.0,0.0,0.09907747060060501,False,False,0.0,0.0,0.0,[],10.0,10.0,1,10.0,0,0.010009375000002763
aco_current,5,7680,81,0,3,0.0,0.0,0.0,0.0,0.43936213850975037,False,False,0.0,0.0,0.0,[],10.0,10.0,1,10.0,0,0.010009375000002763
aco_current,5,7680,81,0,4,0.0,0.0,0.0,0.0,0.20313307642936707,False,False,0.0,0.0,0.0,[],10.0,10.0,1,10.0,0,0.010009375000002763
aco_current,5,7681,81,0,1,36.0,153.0,189.0,0.945,1.0,True,True,30.0,159.0,0.0,[1],10.0,10.0,1,10.0,0,0.009813957999995182
aco_current,5,7681,81,0,2,0.0,0.0,0.0,0.0,0.09907747060060501,False,False,0.0,0.0,0.0,[],10.0,10.0,1,10.0,0,0.009813957999995182
aco_current,5,7681,81,0,3,0.0,0.0,0.0,0.0,0.43936213850975037,False,False,0.0,0.0,0.0,[],10.0,10.0,1,10.0,0,0.009813957999995182
aco_current,5,7681,81,0,4,0.0,0.0,0.0,0.0,0.20313307642936707,False,False,0.0,0.0,0.0,[],10.0,10.0,1,10.0,0,0.009813957999995182
aco_current,5,7682,81,0,1,36.0,159.0,195.0,0.975,1.0,True,True,30.0,165.0,0.0,[1],10.0,10.0,1,10.0,0,0.010106291999996131
aco_current,5,7682,81,0,2,0.0,0.0,0.0,0.0,0.09907747060060501,False,False,0.0,0.0,0.0,[],10.0,10.0,1,10.0,0,0.010106291999996131
aco_current,5,7682,81,0,3,0.0,0.0,0.0,0.0,0.43936213850975037,False,False,0.0,0.0,0.0,[],10.0,10.0,1,10.0,0,0.010106291999996131
aco_current,5,7682,81,0,4,0.0,0.0,0.0,0.0,0.20313307642936707,False,False,0.0,0.0,0.0,[],10.0,10.0,1,10.0,0,0.010106291999996131
aco_current,5,7683,81,0,1,36.0,165.0,201.0,1.005,1.0,True,True,30.0,171.0,0.0,[1],10.0,10.0,1,10.0,0,0.010239583000000607
aco_current,5,7683,81,0,2,0.0,0.0,0.0,0.0,0.09907747060060501,False,False,0.0,0.0,0.0,[],10.0,10.0,1,10.0,0,0.010239583000000607
aco_current,5,7683,81,0,3,0.0,0.0,0.0,0.0,0.43936213850975037,False,False,0.0,0.0,0.0,[],10.0,10.0,1,10.0,0,0.010239583000000607
aco_current,5,7683,81,0,4,0.0,0.0,0.0,0.0,0.20313307642936707,False,False,0.0,0.0,0.0,[],10.0,10.0,1,10.0,0,0.010239583000000607
aco_current,5,7684,81,1,1,37.0,171.0,208.0,1.04,1.0,True,True,30.0,178.0,0.0,[1],10.0,10.0,1,10.0,0,0.009863750000000948
aco_current,5,7684,81,1,2,0.0,0.0,0.0,0.0,0.09907747060060501,False,False,0.0,0.0,0.0,[],10.0,10.0,1,10.0,0,0.009863750000000948
aco_current,5,7684,81,1,3,0.0,0.0,0.0,0.0,0.43936213850975037,False,False,0.0,0.0,0.0,[],10.0,10.0,1,10.0,0,0.009863750000000948
aco_current,5,7684,81,1,4,0.0,0.0,0.0,0.0,0.20313307642936707,False,False,0.0,0.0,0.0,[],10.0,10.0,1,10.0,0,0.009863750000000948
aco_current,5,7685,81,1,1,36.0,178.0,214.0,1.07,1.0,True,True,30.0,184.0,0.0,[1],10.0,10.0,1,10.0,0,0.010285582999998155
aco_current,5,7685,81,1,2,0.0,0.0,0.0,0.0,0.09907747060060501,False,False,0.0,0.0,0.0,[],10.0,10.0,1,10.0,0,0.010285582999998155
aco_current,5,7685,81,1,3,0.0,0.0,0.0,0.0,0.43936213850975037,False,False,0.0,0.0,0.0,[],10.0,10.0,1,10.0,0,0.010285582999998155
aco_current,5,7685,81,1,4,0.0,0.0,0.0,0.0,0.20313307642936707,False,False,0.0,0.0,0.0,[],10.0,10.0,1,10.0,0,0.010285582999998155
aco_current,5,7686,81,1,1,35.0,184.0,219.0,1.095,1.0,True,True,30.0,189.0,0.0,[1],10.0,10.0,1,10.0,0,0.010031833999995854
aco_current,5,7686,81,1,2,0.0,0.0,0.0,0.0,0.09907747060060501,False,False,0.0,0.0,0.0,[],10.0,10.0,1,10.0,0,0.010031833999995854
aco_current,5,7686,81,1,3,0.0,0.0,0.0,0.0,0.43936213850975037,False,False,0.0,0.0,0.0,[],10.0,10.0,1,10.0,0,0.010031833999995854
aco_current,5,7686,81,1,4,0.0,0.0,0.0,0.0,0.20313307642936707,False,False,0.0,0.0,0.0,[],10.0,10.0,1,10.0,0,0.010031833999995854
aco_current,5,7687,81,1,1,29.0,189.0,218.0,1.09,1.0,True,True,30.0,188.0,0.0,[1],10.0,10.0,1,10.0,0,0.010052749999999833
aco_current,5,7687,81,1,2,0.0,0.0,0.0,0.0,0.09907747060060501,False,False,0.0,0.0,0.0,[],10.0,10.0,1,10.0,0,0.010052749999999833
aco_current,5,7687,81,1,3,0.0,0.0,0.0,0.0,0.43936213850975037,False,False,0.0,0.0,0.0,[],10.0,10.0,1,10.0,0,0.010052749999999833
aco_current,5,7687,81,1,4,0.0,0.0,0.0,0.0,0.20313307642936707,False,False,0.0,0.0,0.0,[],10.0,10.0,1,10.0,0,0.010052749999999833
aco_current,5,7688,81,2,1,19.0,188.0,207.0,1.035,1.0,True,True,30.0,177.0,0.0,[1],10.0,10.0,1,10.0,0,0.009846791000001076
aco_current,5,7688,81,2,2,0.0,0.0,0.0,0.0,0.09907747060060501,False,False,0.0,0.0,0.0,[],10.0,10.0,1,10.0,0,0.009846791000001076
aco_current,5,7688,81,2,3,0.0,0.0,0.0,0.0,0.43936213850975037,False,False,0.0,0.0,0.0,[],10.0,10.0,1,10.0,0,0.009846791000001076
aco_current,5,7688,81,2,4,0.0,0.0,0.0,0.0,0.20313307642936707,False,False,0.0,0.0,0.0,[],10.0,10.0,1,10.0,0,0.009846791000001076
aco_current,5,7689,81,2,1,19.0,177.0,196.0,0.98,1.0,True,True,30.0,166.0,0.0,[1],10.0,10.0,1,10.0,0,0.009709666999995648
aco_current,5,7689,81,2,2,0.0,0.0,0.0,0.0,0.09907747060060501,False,False,0.0,0.0,0.0,[],10.0,10.0,1,10.0,0,0.009709666999995648
aco_current,5,7689,81,2,3,0.0,0.0,0.0,0.0,0.43936213850975037,False,False,0.0,0.0,0.0,[],10.0,10.0,1,10.0,0,0.009709666999995648
aco_current,5,7689,81,2,4,0.0,0.0,0.0,0.0,0.20313307642936707,False,False,0.0,0.0,0.0,[],10.0,10.0,1,10.0,0,0.009709666999995648
aco_current,5,7690,81,2,1,15.0,166.0,181.0,0.905,0.9999986886978149,True,True,30.0,151.0,0.0,[1],10.0,10.0,1,10.0,0,0.009833249999999794
aco_current,5,7690,81,2,2,0.0,0.0,0.0,0.0,0.09907747060060501,False,False,0.0,0.0,0.0,[],10.0,10.0,1,10.0,0,0.009833249999999794
aco_current,5,7690,81,2,3,0.0,0.0,0.0,0.0,0.43936213850975037,False,False,0.0,0.0,0.0,[],10.0,10.0,1,10.0,0,0.009833249999999794
aco_current,5,7690,81,2,4,0.0,0.0,0.0,0.0,0.20313307642936707,False,False,0.0,0.0,0.0,[],10.0,10.0,1,10.0,0,0.009833249999999794
aco_current,5,7691,81,2,1,17.0,151.0,168.0,0.84,0.9999787211418152,True,True,30.0,138.0,0.0,[1],10.0,10.0,1,10.0,0,0.00932691699999566
aco_current,5,7691,81,2,2,0.0,0.0,0.0,0.0,0.09907747060060501,False,False,0.0,0.0,0.0,[],10.0,10.0,1,10.0,0,0.00932691699999566
aco_current,5,7691,81,2,3,0.0,0.0,0.0,0.0,0.43936213850975037,False,False,0.0,0.0,0.0,[],10.0,10.0,1,10.0,0,0.00932691699999566
aco_current,5,7691,81,2,4,0.0,0.0,0.0,0.0,0.20313307642936707,False,False,0.0,0.0,0.0,[],10.0,10.0,1,10.0,0,0.00932691699999566
aco_current,5,7692,81,3,1,19.0,138.0,157.0,0.785,0.9998316168785095,False,False,0.0,157.0,0.0,[],0.0,0.0,0,0.0,0,3.6670000014282778e-06
aco_current,5,7692,81,3,2,0.0,0.0,0.0,0.0,0.09907747060060501,False,False,0.0,0.0,0.0,[],0.0,0.0,0,0.0,0,3.6670000014282778e-06
aco_current,5,7692,81,3,3,0.0,0.0,0.0,0.0,0.43936213850975037,False,False,0.0,0.0,0.0,[],0.0,0.0,0,0.0,0,3.6670000014282778e-06
aco_current,5,7692,81,3,4,0.0,0.0,0.0,0.0,0.20313307642936707,False,False,0.0,0.0,0.0,[],0.0,0.0,0,0.0,0,3.6670000014282778e-06
aco_current,5,7693,81,3,1,19.0,157.0,176.0,0.88,0.9999986886978149,True,True,30.0,146.0,0.0,[1],10.0,10.0,1,10.0,0,0.009482208000001435
aco_current,5,7693,81,3,2,0.0,0.0,0.0,0.0,0.09907747060060501,False,False,0.0,0.0,0.0,[],10.0,10.0,1,10.0,0,0.009482208000001435
aco_current,5,7693,81,3,3,0.0,0.0,0.0,0.0,0.43936213850975037,False,False,0.0,0.0,0.0,[],10.0,10.0,1,10.0,0,0.009482208000001435
aco_current,5,7693,81,3,4,0.0,0.0,0.0,0.0,0.20313307642936707,False,False,0.0,0.0,0.0,[],10.0,10.0,1,10.0,0,0.009482208000001435
aco_current,5,7694,81,3,1,39.0,146.0,185.0,0.925,1.0,True,True,30.0,155.0,0.0,[1],10.0,10.0,1,10.0,0,0.00960500000000053
aco_current,5,7694,81,3,2,0.0,0.0,0.0,0.0,0.09907747060060501,False,False,0.0,0.0,0.0,[],10.0,10.0,1,10.0,0,0.00960500000000053
aco_current,5,7694,81,3,3,0.0,0.0,0.0,0.0,0.43936213850975037,False,False,0.0,0.0,0.0,[],10.0,10.0,1,10.0,0,0.00960500000000053
aco_current,5,7694,81,3,4,0.0,0.0,0.0,0.0,0.20313307642936707,False,False,0.0,0.0,0.0,[],10.0,10.0,1,10.0,0,0.00960500000000053
aco_current,5,7695,81,3,1,50.0,155.0,205.0,1.025,1.0,True,True,30.0,175.0,0.0,[1],10.0,10.0,1,10.0,0,0.009484457999995755
aco_current,5,7695,81,3,2,0.0,0.0,0.0,0.0,0.09907747060060501,False,False,0.0,0.0,0.0,[],10.0,10.0,1,10.0,0,0.009484457999995755
aco_current,5,7695,81,3,3,0.0,0.0,0.0,0.0,0.43936213850975037,False,False,0.0,0.0,0.0,[],10.0,10.0,1,10.0,0,0.009484457999995755
aco_current,5,7695,81,3,4,0.0,0.0,0.0,0.0,0.20313307642936707,False,False,0.0,0.0,0.0,[],10.0,10.0,1,10.0,0,0.009484457999995755
aco_current,5,7696,81,4,1,50.0,175.0,225.0,1.125,1.0,True,True,30.0,195.0,0.0,[1],10.0,10.0,1,10.0,0,0.009566374999998573
aco_current,5,7696,81,4,2,0.0,0.0,0.0,0.0,0.09907747060060501,False,False,0.0,0.0,0.0,[],10.0,10.0,1,10.0,0,0.009566374999998573
aco_current,5,7696,81,4,3,0.0,0.0,0.0,0.0,0.43936213850975037,False,False,0.0,0.0,0.0,[],10.0,10.0,1,10.0,0,0.009566374999998573
aco_current,5,7696,81,4,4,0.0,0.0,0.0,0.0,0.20313307642936707,False,False,0.0,0.0,0.0,[],10.0,10.0,1,10.0,0,0.009566374999998573
aco_current,5,7697,81,4,1,49.0,195.0,244.0,1.22,1.0,True,True,30.0,200.0,14.0,[1],10.0,10.0,1,10.0,0,0.009613541000000225
aco_current,5,7697,81,4,2,0.0,0.0,0.0,0.0,0.09907747060060501,False,False,0.0,0.0,0.0,[],10.0,10.0,1,10.0,0,0.009613541000000225
aco_current,5,7697,81,4,3,0.0,0.0,0.0,0.0,0.43936213850975037,False,False,0.0,0.0,0.0,[],10.0,10.0,1,10.0,0,0.009613541000000225
aco_current,5,7697,81,4,4,0.0,0.0,0.0,0.0,0.20313307642936707,False,False,0.0,0.0,0.0,[],10.0,10.0,1,10.0,0,0.009613541000000225
aco_current,5,7698,81,4,1,52.0,200.0,252.0,1.26,1.0,True,True,30.0,200.0,22.0,[1],10.0,10.0,1,10.0,0,0.0101000419999977
aco_current,5,7698,81,4,2,0.0,0.0,0.0,0.0,0.09907747060060501,False,False,0.0,0.0,0.0,[],10.0,10.0,1,10.0,0,0.0101000419999977
aco_current,5,7698,81,4,3,0.0,0.0,0.0,0.0,0.43936213850975037,False,False,0.0,0.0,0.0,[],10.0,10.0,1,10.0,0,0.0101000419999977
aco_current,5,7698,81,4,4,0.0,0.0,0.0,0.0,0.20313307642936707,False,False,0.0,0.0,0.0,[],10.0,10.0,1,10.0,0,0.0101000419999977
aco_current,5,7699,81,4,1,50.0,200.0,250.0,1.25,1.0,True,True,30.0,200.0,20.0,[1],10.0,10.0,1,10.0,0,0.00981245799999897
aco_current,5,7699,81,4,2,0.0,0.0,0.0,0.0,0.09907747060060501,False,False,0.0,0.0,0.0,[],10.0,10.0,1,10.0,0,0.00981245799999897
aco_current,5,7699,81,4,3,0.0,0.0,0.0,0.0,0.43936213850975037,False,False,0.0,0.0,0.0,[],10.0,10.0,1,10.0,0,0.00981245799999897
aco_current,5,7699,81,4,4,0.0,0.0,0.0,0.0,0.20313307642936707,False,False,0.0,0.0,0.0,[],10.0,10.0,1,10.0,0,0.00981245799999897
aco_current,5,7700,81,5,1,52.0,200.0,252.0,1.26,1.0,True,True,30.0,200.0,22.0,[1],10.0,10.0,1,10.0,0,0.009888249999995935
aco_current,5,7700,81,5,2,0.0,0.0,0.0,0.0,0.09907747060060501,False,False,0.0,0.0,0.0,[],10.0,10.0,1,10.0,0,0.009888249999995935
aco_current,5,7700,81,5,3,0.0,0.0,0.0,0.0,0.43936213850975037,False,False,0.0,0.0,0.0,[],10.0,10.0,1,10.0,0,0.009888249999995935
aco_current,5,7700,81,5,4,0.0,0.0,0.0,0.0,0.20313307642936707,False,False,0.0,0.0,0.0,[],10.0,10.0,1,10.0,0,0.009888249999995935
aco_current,5,7701,81,5,1,49.0,200.0,249.0,1.245,1.0,True,True,30.0,200.0,19.0,[1],10.0,10.0,1,10.0,0,0.009900332999997374
aco_current,5,7701,81,5,2,0.0,0.0,0.0,0.0,0.09907747060060501,False,False,0.0,0.0,0.0,[],10.0,10.0,1,10.0,0,0.009900332999997374
aco_current,5,7701,81,5,3,0.0,0.0,0.0,0.0,0.43936213850975037,False,False,0.0,0.0,0.0,[],10.0,10.0,1,10.0,0,0.009900332999997374
aco_current,5,7701,81,5,4,0.0,0.0,0.0,0.0,0.20313307642936707,False,False,0.0,0.0,0.0,[],10.0,10.0,1,10.0,0,0.009900332999997374
aco_current,5,7702,81,5,1,52.0,200.0,252.0,1.26,1.0,True,True,30.0,200.0,22.0,[1],10.0,10.0,1,10.0,0,0.009715167000003078
aco_current,5,7702,81,5,2,0.0,0.0,0.0,0.0,0.09907747060060501,False,False,0.0,0.0,0.0,[],10.0,10.0,1,10.0,0,0.009715167000003078
aco_current,5,7702,81,5,3,0.0,0.0,0.0,0.0,0.43936213850975037,False,False,0.0,0.0,0.0,[],10.0,10.0,1,10.0,0,0.009715167000003078
aco_current,5,7702,81,5,4,0.0,0.0,0.0,0.0,0.20313307642936707,False,False,0.0,0.0,0.0,[],10.0,10.0,1,10.0,0,0.009715167000003078
aco_current,5,7703,81,5,1,50.0,200.0,250.0,1.25,1.0,True,True,30.0,200.0,20.0,[1],10.0,10.0,1,10.0,0,0.009834333000000584
aco_current,5,7703,81,5,2,0.0,0.0,0.0,0.0,0.09907747060060501,False,False,0.0,0.0,0.0,[],10.0,10.0,1,10.0,0,0.009834333000000584
aco_current,5,7703,81,5,3,0.0,0.0,0.0,0.0,0.43936213850975037,False,False,0.0,0.0,0.0,[],10.0,10.0,1,10.0,0,0.009834333000000584
aco_current,5,7703,81,5,4,0.0,0.0,0.0,0.0,0.20313307642936707,False,False,0.0,0.0,0.0,[],10.0,10.0,1,10.0,0,0.009834333000000584
aco_current,5,7704,81,6,1,52.0,200.0,252.0,1.26,1.0,True,True,30.0,200.0,22.0,[1],10.0,10.0,1,10.0,0,0.009879958999995608
aco_current,5,7704,81,6,2,0.0,0.0,0.0,0.0,0.09907747060060501,False,False,0.0,0.0,0.0,[],10.0,10.0,1,10.0,0,0.009879958999995608
aco_current,5,7704,81,6,3,0.0,0.0,0.0,0.0,0.43936213850975037,False,False,0.0,0.0,0.0,[],10.0,10.0,1,10.0,0,0.009879958999995608
aco_current,5,7704,81,6,4,0.0,0.0,0.0,0.0,0.20313307642936707,False,False,0.0,0.0,0.0,[],10.0,10.0,1,10.0,0,0.009879958999995608
aco_current,5,7705,81,6,1,53.0,200.0,253.0,1.265,1.0,True,True,30.0,200.0,23.0,[1],10.0,10.0,1,10.0,0,0.009809500000002913
aco_current,5,7705,81,6,2,0.0,0.0,0.0,0.0,0.09907747060060501,False,False,0.0,0.0,0.0,[],10.0,10.0,1,10.0,0,0.009809500000002913
aco_current,5,7705,81,6,3,0.0,0.0,0.0,0.0,0.43936213850975037,False,False,0.0,0.0,0.0,[],10.0,10.0,1,10.0,0,0.009809500000002913
aco_current,5,7705,81,6,4,0.0,0.0,0.0,0.0,0.20313307642936707,False,False,0.0,0.0,0.0,[],10.0,10.0,1,10.0,0,0.009809500000002913
aco_current,5,7706,81,6,1,52.0,200.0,252.0,1.26,1.0,True,True,30.0,200.0,22.0,[1],10.0,10.0,1,10.0,0,0.009743084000000124
aco_current,5,7706,81,6,2,0.0,0.0,0.0,0.0,0.09907747060060501,False,False,0.0,0.0,0.0,[],10.0,10.0,1,10.0,0,0.009743084000000124
aco_current,5,7706,81,6,3,0.0,0.0,0.0,0.0,0.43936213850975037,False,False,0.0,0.0,0.0,[],10.0,10.0,1,10.0,0,0.009743084000000124
aco_current,5,7706,81,6,4,0.0,0.0,0.0,0.0,0.20313307642936707,False,False,0.0,0.0,0.0,[],10.0,10.0,1,10.0,0,0.009743084000000124
aco_current,5,7707,81,6,1,51.0,200.0,251.0,1.255,1.0,True,True,30.0,200.0,21.0,[1],10.0,10.0,1,10.0,0,0.009624709000000564
aco_current,5,7707,81,6,2,0.0,0.0,0.0,0.0,0.09907747060060501,False,False,0.0,0.0,0.0,[],10.0,10.0,1,10.0,0,0.009624709000000564
aco_current,5,7707,81,6,3,0.0,0.0,0.0,0.0,0.43936213850975037,False,False,0.0,0.0,0.0,[],10.0,10.0,1,10.0,0,0.009624709000000564
aco_current,5,7707,81,6,4,0.0,0.0,0.0,0.0,0.20313307642936707,False,False,0.0,0.0,0.0,[],10.0,10.0,1,10.0,0,0.009624709000000564
aco_current,5,7708,81,7,1,48.0,200.0,248.0,1.24,1.0,True,True,30.0,200.0,18.0,[1],10.0,10.0,1,10.0,0,0.009515583000002437
aco_current,5,7708,81,7,2,0.0,0.0,0.0,0.0,0.09907747060060501,False,False,0.0,0.0,0.0,[],10.0,10.0,1,10.0,0,0.009515583000002437
aco_current,5,7708,81,7,3,0.0,0.0,0.0,0.0,0.43936213850975037,False,False,0.0,0.0,0.0,[],10.0,10.0,1,10.0,0,0.009515583000002437
aco_current,5,7708,81,7,4,0.0,0.0,0.0,0.0,0.20313307642936707,False,False,0.0,0.0,0.0,[],10.0,10.0,1,10.0,0,0.009515583000002437
aco_current,5,7709,81,7,1,48.0,200.0,248.0,1.24,1.0,True,True,30.0,200.0,18.0,[1],10.0,10.0,1,10.0,0,0.00973516700000232
aco_current,5,7709,81,7,2,0.0,0.0,0.0,0.0,0.09907747060060501,False,False,0.0,0.0,0.0,[],10.0,10.0,1,10.0,0,0.00973516700000232
aco_current,5,7709,81,7,3,0.0,0.0,0.0,0.0,0.43936213850975037,False,False,0.0,0.0,0.0,[],10.0,10.0,1,10.0,0,0.00973516700000232
aco_current,5,7709,81,7,4,0.0,0.0,0.0,0.0,0.20313307642936707,False,False,0.0,0.0,0.0,[],10.0,10.0,1,10.0,0,0.00973516700000232
aco_current,5,7710,81,7,1,50.0,200.0,250.0,1.25,1.0,True,True,30.0,200.0,20.0,[1],10.0,10.0,1,10.0,0,0.009669583000004423
aco_current,5,7710,81,7,2,0.0,0.0,0.0,0.0,0.09907747060060501,False,False,0.0,0.0,0.0,[],10.0,10.0,1,10.0,0,0.009669583000004423
aco_current,5,7710,81,7,3,0.0,0.0,0.0,0.0,0.43936213850975037,False,False,0.0,0.0,0.0,[],10.0,10.0,1,10.0,0,0.009669583000004423
aco_current,5,7710,81,7,4,0.0,0.0,0.0,0.0,0.20313307642936707,False,False,0.0,0.0,0.0,[],10.0,10.0,1,10.0,0,0.009669583000004423
aco_current,5,7711,81,7,1,48.0,200.0,248.0,1.24,1.0,True,True,30.0,200.0,18.0,[1],10.0,10.0,1,10.0,0,0.00961133299999517
aco_current,5,7711,81,7,2,0.0,0.0,0.0,0.0,0.09907747060060501,False,False,0.0,0.0,0.0,[],10.0,10.0,1,10.0,0,0.00961133299999517
aco_current,5,7711,81,7,3,0.0,0.0,0.0,0.0,0.43936213850975037,False,False,0.0,0.0,0.0,[],10.0,10.0,1,10.0,0,0.00961133299999517
aco_current,5,7711,81,7,4,0.0,0.0,0.0,0.0,0.20313307642936707,False,False,0.0,0.0,0.0,[],10.0,10.0,1,10.0,0,0.00961133299999517
aco_current,5,7712,81,8,1,47.0,200.0,247.0,1.235,1.0,True,True,30.0,200.0,17.0,[1],10.0,10.0,1,10.0,0,0.009656208000002664
aco_current,5,7712,81,8,2,0.0,0.0,0.0,0.0,0.09907747060060501,False,False,0.0,0.0,0.0,[],10.0,10.0,1,10.0,0,0.009656208000002664
aco_current,5,7712,81,8,3,0.0,0.0,0.0,0.0,0.43936213850975037,False,False,0.0,0.0,0.0,[],10.0,10.0,1,10.0,0,0.009656208000002664
aco_current,5,7712,81,8,4,0.0,0.0,0.0,0.0,0.20313307642936707,False,False,0.0,0.0,0.0,[],10.0,10.0,1,10.0,0,0.009656208000002664
aco_current,5,7713,81,8,1,48.0,200.0,248.0,1.24,1.0,True,True,30.0,200.0,18.0,[1],10.0,10.0,1,10.0,0,0.012905041999999867
aco_current,5,7713,81,8,2,0.0,0.0,0.0,0.0,0.09907747060060501,False,False,0.0,0.0,0.0,[],10.0,10.0,1,10.0,0,0.012905041999999867
aco_current,5,7713,81,8,3,0.0,0.0,0.0,0.0,0.43936213850975037,False,False,0.0,0.0,0.0,[],10.0,10.0,1,10.0,0,0.012905041999999867
aco_current,5,7713,81,8,4,0.0,0.0,0.0,0.0,0.20313307642936707,False,False,0.0,0.0,0.0,[],10.0,10.0,1,10.0,0,0.012905041999999867
aco_current,5,7714,81,8,1,49.0,200.0,249.0,1.245,1.0,True,True,30.0,200.0,19.0,[1],10.0,10.0,1,10.0,0,0.023475624999996114
aco_current,5,7714,81,8,2,0.0,0.0,0.0,0.0,0.09907747060060501,False,False,0.0,0.0,0.0,[],10.0,10.0,1,10.0,0,0.023475624999996114
aco_current,5,7714,81,8,3,0.0,0.0,0.0,0.0,0.43936213850975037,False,False,0.0,0.0,0.0,[],10.0,10.0,1,10.0,0,0.023475624999996114
aco_current,5,7714,81,8,4,0.0,0.0,0.0,0.0,0.20313307642936707,False,False,0.0,0.0,0.0,[],10.0,10.0,1,10.0,0,0.023475624999996114
aco_current,5,7715,81,8,1,48.0,200.0,248.0,1.24,1.0,True,True,30.0,200.0,18.0,[1],10.0,10.0,1,10.0,0,0.01187833299999852
aco_current,5,7715,81,8,2,0.0,0.0,0.0,0.0,0.09907747060060501,False,False,0.0,0.0,0.0,[],10.0,10.0,1,10.0,0,0.01187833299999852
aco_current,5,7715,81,8,3,0.0,0.0,0.0,0.0,0.43936213850975037,False,False,0.0,0.0,0.0,[],10.0,10.0,1,10.0,0,0.01187833299999852
aco_current,5,7715,81,8,4,0.0,0.0,0.0,0.0,0.20313307642936707,False,False,0.0,0.0,0.0,[],10.0,10.0,1,10.0,0,0.01187833299999852
aco_current,5,7716,81,9,1,49.0,200.0,249.0,1.245,1.0,True,True,30.0,200.0,19.0,[1],10.0,10.0,1,10.0,0,0.009919083999996303
aco_current,5,7716,81,9,2,0.0,0.0,0.0,0.0,0.09907747060060501,False,False,0.0,0.0,0.0,[],10.0,10.0,1,10.0,0,0.009919083999996303
aco_current,5,7716,81,9,3,0.0,0.0,0.0,0.0,0.43936213850975037,False,False,0.0,0.0,0.0,[],10.0,10.0,1,10.0,0,0.009919083999996303
aco_current,5,7716,81,9,4,0.0,0.0,0.0,0.0,0.20313307642936707,False,False,0.0,0.0,0.0,[],10.0,10.0,1,10.0,0,0.009919083999996303
aco_current,5,7717,81,9,1,52.0,200.0,252.0,1.26,1.0,True,True,30.0,200.0,22.0,[1],10.0,10.0,1,10.0,0,0.009585625000006814
aco_current,5,7717,81,9,2,0.0,0.0,0.0,0.0,0.09907747060060501,False,False,0.0,0.0,0.0,[],10.0,10.0,1,10.0,0,0.009585625000006814
aco_current,5,7717,81,9,3,0.0,0.0,0.0,0.0,0.43936213850975037,False,False,0.0,0.0,0.0,[],10.0,10.0,1,10.0,0,0.009585625000006814
aco_current,5,7717,81,9,4,0.0,0.0,0.0,0.0,0.20313307642936707,False,False,0.0,0.0,0.0,[],10.0,10.0,1,10.0,0,0.009585625000006814
aco_current,5,7718,81,9,1,55.0,200.0,255.0,1.275,1.0,True,True,30.0,200.0,25.0,[1],10.0,10.0,1,10.0,0,0.009699916999998948
aco_current,5,7718,81,9,2,0.0,0.0,0.0,0.0,0.09907747060060501,False,False,0.0,0.0,0.0,[],10.0,10.0,1,10.0,0,0.009699916999998948
aco_current,5,7718,81,9,3,0.0,0.0,0.0,0.0,0.43936213850975037,False,False,0.0,0.0,0.0,[],10.0,10.0,1,10.0,0,0.009699916999998948
aco_current,5,7718,81,9,4,0.0,0.0,0.0,0.0,0.20313307642936707,False,False,0.0,0.0,0.0,[],10.0,10.0,1,10.0,0,0.009699916999998948
aco_current,5,7719,81,9,1,54.0,200.0,254.0,1.27,1.0,True,True,30.0,200.0,24.0,[1],10.0,10.0,1,10.0,0,0.009491709000002402
aco_current,5,7719,81,9,2,0.0,0.0,0.0,0.0,0.09907747060060501,False,False,0.0,0.0,0.0,[],10.0,10.0,1,10.0,0,0.009491709000002402
aco_current,5,7719,81,9,3,0.0,0.0,0.0,0.0,0.43936213850975037,False,False,0.0,0.0,0.0,[],10.0,10.0,1,10.0,0,0.009491709000002402
aco_current,5,7719,81,9,4,0.0,0.0,0.0,0.0,0.20313307642936707,False,False,0.0,0.0,0.0,[],10.0,10.0,1,10.0,0,0.009491709000002402
aco_current,5,7720,81,10,1,53.0,200.0,253.0,1.265,1.0,True,True,30.0,200.0,23.0,[1],10.0,10.0,1,10.0,0,0.009776457999990384
aco_current,5,7720,81,10,2,0.0,0.0,0.0,0.0,0.09907747060060501,False,False,0.0,0.0,0.0,[],10.0,10.0,1,10.0,0,0.009776457999990384
aco_current,5,7720,81,10,3,0.0,0.0,0.0,0.0,0.43936213850975037,False,False,0.0,0.0,0.0,[],10.0,10.0,1,10.0,0,0.009776457999990384
aco_current,5,7720,81,10,4,0.0,0.0,0.0,0.0,0.20313307642936707,False,False,0.0,0.0,0.0,[],10.0,10.0,1,10.0,0,0.009776457999990384
aco_current,5,7721,81,10,1,39.0,200.0,239.0,1.195,1.0,True,True,30.0,200.0,9.0,[1],10.0,10.0,1,10.0,0,0.00975604200000646
aco_current,5,7721,81,10,2,0.0,0.0,0.0,0.0,0.09907747060060501,False,False,0.0,0.0,0.0,[],10.0,10.0,1,10.0,0,0.00975604200000646
aco_current,5,7721,81,10,3,0.0,0.0,0.0,0.0,0.43936213850975037,False,False,0.0,0.0,0.0,[],10.0,10.0,1,10.0,0,0.00975604200000646
aco_current,5,7721,81,10,4,0.0,0.0,0.0,0.0,0.20313307642936707,False,False,0.0,0.0,0.0,[],10.0,10.0,1,10.0,0,0.00975604200000646
aco_current,5,7722,81,10,1,41.0,200.0,241.0,1.205,1.0,True,True,30.0,200.0,11.0,[1],10.0,10.0,1,10.0,0,0.010338041000011344
aco_current,5,7722,81,10,2,0.0,0.0,0.0,0.0,0.09907747060060501,False,False,0.0,0.0,0.0,[],10.0,10.0,1,10.0,0,0.010338041000011344
aco_current,5,7722,81,10,3,0.0,0.0,0.0,0.0,0.43936213850975037,False,False,0.0,0.0,0.0,[],10.0,10.0,1,10.0,0,0.010338041000011344
aco_current,5,7722,81,10,4,0.0,0.0,0.0,0.0,0.20313307642936707,False,False,0.0,0.0,0.0,[],10.0,10.0,1,10.0,0,0.010338041000011344
aco_current,5,7723,81,10,1,39.0,200.0,239.0,1.195,1.0,True,True,30.0,200.0,9.0,[1],10.0,10.0,1,10.0,0,0.010403457999998977
aco_current,5,7723,81,10,2,0.0,0.0,0.0,0.0,0.09907747060060501,False,False,0.0,0.0,0.0,[],10.0,10.0,1,10.0,0,0.010403457999998977
aco_current,5,7723,81,10,3,0.0,0.0,0.0,0.0,0.43936213850975037,False,False,0.0,0.0,0.0,[],10.0,10.0,1,10.0,0,0.010403457999998977
aco_current,5,7723,81,10,4,0.0,0.0,0.0,0.0,0.20313307642936707,False,False,0.0,0.0,0.0,[],10.0,10.0,1,10.0,0,0.010403457999998977
aco_current,5,7724,81,11,1,40.0,200.0,240.0,1.2,1.0,True,True,30.0,200.0,10.0,[1],10.0,10.0,1,10.0,0,0.010673791999991522
aco_current,5,7724,81,11,2,0.0,0.0,0.0,0.0,0.09907747060060501,False,False,0.0,0.0,0.0,[],10.0,10.0,1,10.0,0,0.010673791999991522
aco_current,5,7724,81,11,3,0.0,0.0,0.0,0.0,0.43936213850975037,False,False,0.0,0.0,0.0,[],10.0,10.0,1,10.0,0,0.010673791999991522
aco_current,5,7724,81,11,4,0.0,0.0,0.0,0.0,0.20313307642936707,False,False,0.0,0.0,0.0,[],10.0,10.0,1,10.0,0,0.010673791999991522
aco_current,5,7725,81,11,1,27.0,200.0,227.0,1.135,1.0,True,True,30.0,197.0,0.0,[1],10.0,10.0,1,10.0,0,0.009924707999999782
aco_current,5,7725,81,11,2,0.0,0.0,0.0,0.0,0.09907747060060501,False,False,0.0,0.0,0.0,[],10.0,10.0,1,10.0,0,0.009924707999999782
aco_current,5,7725,81,11,3,0.0,0.0,0.0,0.0,0.43936213850975037,False,False,0.0,0.0,0.0,[],10.0,10.0,1,10.0,0,0.009924707999999782
aco_current,5,7725,81,11,4,0.0,0.0,0.0,0.0,0.20313307642936707,False,False,0.0,0.0,0.0,[],10.0,10.0,1,10.0,0,0.009924707999999782
aco_current,5,7726,81,11,1,28.0,197.0,225.0,1.125,1.0,True,True,30.0,195.0,0.0,[1],10.0,10.0,1,10.0,0,0.009746165999999334
aco_current,5,7726,81,11,2,0.0,0.0,0.0,0.0,0.09907747060060501,False,False,0.0,0.0,0.0,[],10.0,10.0,1,10.0,0,0.009746165999999334
aco_current,5,7726,81,11,3,0.0,0.0,0.0,0.0,0.43936213850975037,False,False,0.0,0.0,0.0,[],10.0,10.0,1,10.0,0,0.009746165999999334
aco_current,5,7726,81,11,4,0.0,0.0,0.0,0.0,0.20313307642936707,False,False,0.0,0.0,0.0,[],10.0,10.0,1,10.0,0,0.009746165999999334
aco_current,5,7727,81,11,1,18.0,195.0,213.0,1.065,1.0,True,True,30.0,183.0,0.0,[1],10.0,10.0,1,10.0,0,0.010795375000000718
aco_current,5,7727,81,11,2,0.0,0.0,0.0,0.0,0.09907747060060501,False,False,0.0,0.0,0.0,[],10.0,10.0,1,10.0,0,0.010795375000000718
aco_current,5,7727,81,11,3,0.0,0.0,0.0,0.0,0.43936213850975037,False,False,0.0,0.0,0.0,[],10.0,10.0,1,10.0,0,0.010795375000000718
aco_current,5,7727,81,11,4,0.0,0.0,0.0,0.0,0.20313307642936707,False,False,0.0,0.0,0.0,[],10.0,10.0,1,10.0,0,0.010795375000000718
aco_current,5,7728,81,12,1,20.0,183.0,203.0,1.015,1.0,True,True,30.0,173.0,0.0,[1],10.0,10.0,1,10.0,0,0.009826875000001678
aco_current,5,7728,81,12,2,0.0,0.0,0.0,0.0,0.09907747060060501,False,False,0.0,0.0,0.0,[],10.0,10.0,1,10.0,0,0.009826875000001678
aco_current,5,7728,81,12,3,0.0,0.0,0.0,0.0,0.43936213850975037,False,False,0.0,0.0,0.0,[],10.0,10.0,1,10.0,0,0.009826875000001678
aco_current,5,7728,81,12,4,0.0,0.0,0.0,0.0,0.20313307642936707,False,False,0.0,0.0,0.0,[],10.0,10.0,1,10.0,0,0.009826875000001678
aco_current,5,7729,81,12,1,18.0,173.0,191.0,0.955,1.0,True,True,30.0,161.0,0.0,[1],10.0,10.0,1,10.0,0,0.032494166999995855
aco_current,5,7729,81,12,2,0.0,0.0,0.0,0.0,0.09907747060060501,False,False,0.0,0.0,0.0,[],10.0,10.0,1,10.0,0,0.032494166999995855
aco_current,5,7729,81,12,3,0.0,0.0,0.0,0.0,0.43936213850975037,False,False,0.0,0.0,0.0,[],10.0,10.0,1,10.0,0,0.032494166999995855
aco_current,5,7729,81,12,4,0.0,0.0,0.0,0.0,0.20313307642936707,False,False,0.0,0.0,0.0,[],10.0,10.0,1,10.0,0,0.032494166999995855
aco_current,5,7730,81,12,1,20.0,161.0,181.0,0.905,0.9999997615814209,True,True,30.0,151.0,0.0,[1],10.0,10.0,1,10.0,0,0.011409000000000447
aco_current,5,7730,81,12,2,0.0,0.0,0.0,0.0,0.09907747060060501,False,False,0.0,0.0,0.0,[],10.0,10.0,1,10.0,0,0.011409000000000447
aco_current,5,7730,81,12,3,0.0,0.0,0.0,0.0,0.43936213850975037,False,False,0.0,0.0,0.0,[],10.0,10.0,1,10.0,0,0.011409000000000447
aco_current,5,7730,81,12,4,0.0,0.0,0.0,0.0,0.20313307642936707,False,False,0.0,0.0,0.0,[],10.0,10.0,1,10.0,0,0.011409000000000447
aco_current,5,7731,81,12,1,18.0,151.0,169.0,0.845,0.9999887347221375,True,True,30.0,139.0,0.0,[1],10.0,10.0,1,10.0,0,0.009424458000012237
aco_current,5,7731,81,12,2,0.0,0.0,0.0,0.0,0.09907747060060501,False,False,0.0,0.0,0.0,[],10.0,10.0,1,10.0,0,0.009424458000012237
aco_current,5,7731,81,12,3,0.0,0.0,0.0,0.0,0.43936213850975037,False,False,0.0,0.0,0.0,[],10.0,10.0,1,10.0,0,0.009424458000012237
aco_current,5,7731,81,12,4,0.0,0.0,0.0,0.0,0.20313307642936707,False,False,0.0,0.0,0.0,[],10.0,10.0,1,10.0,0,0.009424458000012237
aco_current,5,7732,81,13,1,20.0,139.0,159.0,0.795,0.9999262690544128,False,False,0.0,159.0,0.0,[],0.0,0.0,0,0.0,0,4.083999996851162e-06
aco_current,5,7732,81,13,2,0.0,0.0,0.0,0.0,0.09907747060060501,False,False,0.0,0.0,0.0,[],0.0,0.0,0,0.0,0,4.083999996851162e-06
aco_current,5,7732,81,13,3,0.0,0.0,0.0,0.0,0.43936213850975037,False,False,0.0,0.0,0.0,[],0.0,0.0,0,0.0,0,4.083999996851162e-06
aco_current,5,7732,81,13,4,0.0,0.0,0.0,0.0,0.20313307642936707,False,False,0.0,0.0,0.0,[],0.0,0.0,0,0.0,0,4.083999996851162e-06
aco_current,5,7733,81,13,1,19.0,159.0,178.0,0.89,0.9999992251396179,True,True,30.0,148.0,0.0,[1],10.0,10.0,1,10.0,0,0.009799916000005737
aco_current,5,7733,81,13,2,0.0,0.0,0.0,0.0,0.09907747060060501,False,False,0.0,0.0,0.0,[],10.0,10.0,1,10.0,0,0.009799916000005737
aco_current,5,7733,81,13,3,0.0,0.0,0.0,0.0,0.43936213850975037,False,False,0.0,0.0,0.0,[],10.0,10.0,1,10.0,0,0.009799916000005737
aco_current,5,7733,81,13,4,0.0,0.0,0.0,0.0,0.20313307642936707,False,False,0.0,0.0,0.0,[],10.0,10.0,1,10.0,0,0.009799916000005737
aco_current,5,7734,81,13,1,19.0,148.0,167.0,0.835,0.9999867081642151,True,True,30.0,137.0,0.0,[1],10.0,10.0,1,10.0,0,0.009625209000006407
aco_current,5,7734,81,13,2,0.0,0.0,0.0,0.0,0.09907747060060501,False,False,0.0,0.0,0.0,[],10.0,10.0,1,10.0,0,0.009625209000006407
aco_current,5,7734,81,13,3,0.0,0.0,0.0,0.0,0.43936213850975037,False,False,0.0,0.0,0.0,[],10.0,10.0,1,10.0,0,0.009625209000006407
aco_current,5,7734,81,13,4,0.0,0.0,0.0,0.0,0.20313307642936707,False,False,0.0,0.0,0.0,[],10.0,10.0,1,10.0,0,0.009625209000006407
aco_current,5,7735,81,13,1,12.0,137.0,149.0,0.745,0.9922683835029602,False,False,0.0,149.0,0.0,[],0.0,0.0,0,0.0,0,5.457999989744167e-06
aco_current,5,7735,81,13,2,0.0,0.0,0.0,0.0,0.09907747060060501,False,False,0.0,0.0,0.0,[],0.0,0.0,0,0.0,0,5.457999989744167e-06
aco_current,5,7735,81,13,3,0.0,0.0,0.0,0.0,0.43936213850975037,False,False,0.0,0.0,0.0,[],0.0,0.0,0,0.0,0,5.457999989744167e-06
aco_current,5,7735,81,13,4,0.0,0.0,0.0,0.0,0.20313307642936707,False,False,0.0,0.0,0.0,[],0.0,0.0,0,0.0,0,5.457999989744167e-06
aco_current,5,7736,81,14,1,8.0,149.0,157.0,0.785,0.9898694753646851,False,False,0.0,157.0,0.0,[],0.0,0.0,0,0.0,0,2.1670000052154137e-06
aco_current,5,7736,81,14,2,0.0,0.0,0.0,0.0,0.09907747060060501,False,False,0.0,0.0,0.0,[],0.0,0.0,0,0.0,0,2.1670000052154137e-06
aco_current,5,7736,81,14,3,0.0,0.0,0.0,0.0,0.43936213850975037,False,False,0.0,0.0,0.0,[],0.0,0.0,0,0.0,0,2.1670000052154137e-06
aco_current,5,7736,81,14,4,0.0,0.0,0.0,0.0,0.20313307642936707,False,False,0.0,0.0,0.0,[],0.0,0.0,0,0.0,0,2.1670000052154137e-06
aco_current,5,7737,81,14,1,7.0,157.0,164.0,0.82,0.997749924659729,True,True,30.0,134.0,0.0,[1],10.0,10.0,1,10.0,0,0.010193709000006379
aco_current,5,7737,81,14,2,0.0,0.0,0.0,0.0,0.09907747060060501,False,False,0.0,0.0,0.0,[],10.0,10.0,1,10.0,0,0.010193709000006379
aco_current,5,7737,81,14,3,0.0,0.0,0.0,0.0,0.43936213850975037,False,False,0.0,0.0,0.0,[],10.0,10.0,1,10.0,0,0.010193709000006379
aco_current,5,7737,81,14,4,0.0,0.0,0.0,0.0,0.20313307642936707,False,False,0.0,0.0,0.0,[],10.0,10.0,1,10.0,0,0.010193709000006379
aco_current,5,7738,81,14,1,8.0,134.0,142.0,0.71,0.9471043944358826,False,False,0.0,142.0,0.0,[],0.0,0.0,0,0.0,0,5.87500001358876e-06
aco_current,5,7738,81,14,2,0.0,0.0,0.0,0.0,0.09907747060060501,False,False,0.0,0.0,0.0,[],0.0,0.0,0,0.0,0,5.87500001358876e-06
aco_current,5,7738,81,14,3,0.0,0.0,0.0,0.0,0.43936213850975037,False,False,0.0,0.0,0.0,[],0.0,0.0,0,0.0,0,5.87500001358876e-06
aco_current,5,7738,81,14,4,0.0,0.0,0.0,0.0,0.20313307642936707,False,False,0.0,0.0,0.0,[],0.0,0.0,0,0.0,0,5.87500001358876e-06
aco_current,5,7739,81,14,1,7.0,142.0,149.0,0.745,0.9642361402511597,False,False,0.0,149.0,0.0,[],0.0,0.0,0,0.0,0,4.500000002849447e-06
aco_current,5,7739,81,14,2,0.0,0.0,0.0,0.0,0.09907747060060501,False,False,0.0,0.0,0.0,[],0.0,0.0,0,0.0,0,4.500000002849447e-06
aco_current,5,7739,81,14,3,0.0,0.0,0.0,0.0,0.43936213850975037,False,False,0.0,0.0,0.0,[],0.0,0.0,0,0.0,0,4.500000002849447e-06
aco_current,5,7739,81,14,4,0.0,0.0,0.0,0.0,0.20313307642936707,False,False,0.0,0.0,0.0,[],0.0,0.0,0,0.0,0,4.500000002849447e-06
aco_current,5,7740,81,15,1,8.0,149.0,157.0,0.785,0.9930093884468079,False,False,0.0,157.0,0.0,[],0.0,0.0,0,0.0,0,3.042000003006251e-06
aco_current,5,7740,81,15,2,0.0,0.0,0.0,0.0,0.09907747060060501,False,False,0.0,0.0,0.0,[],0.0,0.0,0,0.0,0,3.042000003006251e-06
aco_current,5,7740,81,15,3,0.0,0.0,0.0,0.0,0.43936213850975037,False,False,0.0,0.0,0.0,[],0.0,0.0,0,0.0,0,3.042000003006251e-06
aco_current,5,7740,81,15,4,0.0,0.0,0.0,0.0,0.20313307642936707,False,False,0.0,0.0,0.0,[],0.0,0.0,0,0.0,0,3.042000003006251e-06
aco_current,5,7741,81,15,1,7.0,157.0,164.0,0.82,0.998183012008667,True,True,30.0,134.0,0.0,[1],10.0,10.0,1,10.0,0,0.013264167000002658
aco_current,5,7741,81,15,2,0.0,0.0,0.0,0.0,0.09907747060060501,False,False,0.0,0.0,0.0,[],10.0,10.0,1,10.0,0,0.013264167000002658
aco_current,5,7741,81,15,3,0.0,0.0,0.0,0.0,0.43936213850975037,False,False,0.0,0.0,0.0,[],10.0,10.0,1,10.0,0,0.013264167000002658
aco_current,5,7741,81,15,4,0.0,0.0,0.0,0.0,0.20313307642936707,False,False,0.0,0.0,0.0,[],10.0,10.0,1,10.0,0,0.013264167000002658
aco_current,5,7742,81,15,1,8.0,134.0,142.0,0.71,0.9495074152946472,False,False,0.0,142.0,0.0,[],0.0,0.0,0,0.0,0,5.207999990375356e-06
aco_current,5,7742,81,15,2,0.0,0.0,0.0,0.0,0.09907747060060501,False,False,0.0,0.0,0.0,[],0.0,0.0,0,0.0,0,5.207999990375356e-06
aco_current,5,7742,81,15,3,0.0,0.0,0.0,0.0,0.43936213850975037,False,False,0.0,0.0,0.0,[],0.0,0.0,0,0.0,0,5.207999990375356e-06
aco_current,5,7742,81,15,4,0.0,0.0,0.0,0.0,0.20313307642936707,False,False,0.0,0.0,0.0,[],0.0,0.0,0,0.0,0,5.207999990375356e-06
aco_current,5,7743,81,15,1,7.0,142.0,149.0,0.745,0.9642361402511597,False,False,0.0,149.0,0.0,[],0.0,0.0,0,0.0,0,6.666999993854006e-06
aco_current,5,7743,81,15,2,0.0,0.0,0.0,0.0,0.09907747060060501,False,False,0.0,0.0,0.0,[],0.0,0.0,0,0.0,0,6.666999993854006e-06
aco_current,5,7743,81,15,3,0.0,0.0,0.0,0.0,0.43936213850975037,False,False,0.0,0.0,0.0,[],0.0,0.0,0,0.0,0,6.666999993854006e-06
aco_current,5,7743,81,15,4,0.0,0.0,0.0,0.0,0.20313307642936707,False,False,0.0,0.0,0.0,[],0.0,0.0,0,0.0,0,6.666999993854006e-06
aco_current,5,7744,81,16,1,8.0,149.0,157.0,0.785,0.9930093884468079,False,False,0.0,157.0,0.0,[],0.0,0.0,0,0.0,0,6.29199999480079e-06
aco_current,5,7744,81,16,2,0.0,0.0,0.0,0.0,0.09907747060060501,False,False,0.0,0.0,0.0,[],0.0,0.0,0,0.0,0,6.29199999480079e-06
aco_current,5,7744,81,16,3,0.0,0.0,0.0,0.0,0.43936213850975037,False,False,0.0,0.0,0.0,[],0.0,0.0,0,0.0,0,6.29199999480079e-06
aco_current,5,7744,81,16,4,0.0,0.0,0.0,0.0,0.20313307642936707,False,False,0.0,0.0,0.0,[],0.0,0.0,0,0.0,0,6.29199999480079e-06
aco_current,5,7745,81,16,1,7.0,157.0,164.0,0.82,0.998183012008667,True,True,30.0,134.0,0.0,[1],10.0,10.0,1,10.0,0,0.010309667000001355
aco_current,5,7745,81,16,2,0.0,0.0,0.0,0.0,0.09907747060060501,False,False,0.0,0.0,0.0,[],10.0,10.0,1,10.0,0,0.010309667000001355
aco_current,5,7745,81,16,3,0.0,0.0,0.0,0.0,0.43936213850975037,False,False,0.0,0.0,0.0,[],10.0,10.0,1,10.0,0,0.010309667000001355
aco_current,5,7745,81,16,4,0.0,0.0,0.0,0.0,0.20313307642936707,False,False,0.0,0.0,0.0,[],10.0,10.0,1,10.0,0,0.010309667000001355
aco_current,5,7746,81,16,1,8.0,134.0,142.0,0.71,0.9495074152946472,False,False,0.0,142.0,0.0,[],0.0,0.0,0,0.0,0,4.916999998272331e-06
aco_current,5,7746,81,16,2,0.0,0.0,0.0,0.0,0.09907747060060501,False,False,0.0,0.0,0.0,[],0.0,0.0,0,0.0,0,4.916999998272331e-06
aco_current,5,7746,81,16,3,0.0,0.0,0.0,0.0,0.43936213850975037,False,False,0.0,0.0,0.0,[],0.0,0.0,0,0.0,0,4.916999998272331e-06
aco_current,5,7746,81,16,4,0.0,0.0,0.0,0.0,0.20313307642936707,False,False,0.0,0.0,0.0,[],0.0,0.0,0,0.0,0,4.916999998272331e-06
aco_current,5,7747,81,16,1,7.0,142.0,149.0,0.745,0.9642361402511597,False,False,0.0,149.0,0.0,[],0.0,0.0,0,0.0,0,3.958000007742157e-06
aco_current,5,7747,81,16,2,0.0,0.0,0.0,0.0,0.09907747060060501,False,False,0.0,0.0,0.0,[],0.0,0.0,0,0.0,0,3.958000007742157e-06
aco_current,5,7747,81,16,3,0.0,0.0,0.0,0.0,0.43936213850975037,False,False,0.0,0.0,0.0,[],0.0,0.0,0,0.0,0,3.958000007742157e-06
aco_current,5,7747,81,16,4,0.0,0.0,0.0,0.0,0.20313307642936707,False,False,0.0,0.0,0.0,[],0.0,0.0,0,0.0,0,3.958000007742157e-06
aco_current,5,7748,81,17,1,8.0,149.0,157.0,0.785,0.9930093884468079,False,False,0.0,157.0,0.0,[],0.0,0.0,0,0.0,0,4.457999992268924e-06
aco_current,5,7748,81,17,2,0.0,0.0,0.0,0.0,0.09907747060060501,False,False,0.0,0.0,0.0,[],0.0,0.0,0,0.0,0,4.457999992268924e-06
aco_current,5,7748,81,17,3,0.0,0.0,0.0,0.0,0.43936213850975037,False,False,0.0,0.0,0.0,[],0.0,0.0,0,0.0,0,4.457999992268924e-06
aco_current,5,7748,81,17,4,0.0,0.0,0.0,0.0,0.20313307642936707,False,False,0.0,0.0,0.0,[],0.0,0.0,0,0.0,0,4.457999992268924e-06
aco_current,5,7749,81,17,1,7.0,157.0,164.0,0.82,0.998183012008667,True,True,30.0,134.0,0.0,[1],10.0,10.0,1,10.0,0,0.013428167000000713
aco_current,5,7749,81,17,2,0.0,0.0,0.0,0.0,0.09907747060060501,False,False,0.0,0.0,0.0,[],10.0,10.0,1,10.0,0,0.013428167000000713
aco_current,5,7749,81,17,3,0.0,0.0,0.0,0.0,0.43936213850975037,False,False,0.0,0.0,0.0,[],10.0,10.0,1,10.0,0,0.013428167000000713
aco_current,5,7749,81,17,4,0.0,0.0,0.0,0.0,0.20313307642936707,False,False,0.0,0.0,0.0,[],10.0,10.0,1,10.0,0,0.013428167000000713
aco_current,5,7750,81,17,1,8.0,134.0,142.0,0.71,0.9495074152946472,False,False,0.0,142.0,0.0,[],0.0,0.0,0,0.0,0,3.957999993531303e-06
aco_current,5,7750,81,17,2,0.0,0.0,0.0,0.0,0.09907747060060501,False,False,0.0,0.0,0.0,[],0.0,0.0,0,0.0,0,3.957999993531303e-06
aco_current,5,7750,81,17,3,0.0,0.0,0.0,0.0,0.43936213850975037,False,False,0.0,0.0,0.0,[],0.0,0.0,0,0.0,0,3.957999993531303e-06
aco_current,5,7750,81,17,4,0.0,0.0,0.0,0.0,0.20313307642936707,False,False,0.0,0.0,0.0,[],0.0,0.0,0,0.0,0,3.957999993531303e-06
aco_current,5,7751,81,17,1,7.0,142.0,149.0,0.745,0.9642361402511597,False,False,0.0,149.0,0.0,[],0.0,0.0,0,0.0,0,4.082999993215708e-06
aco_current,5,7751,81,17,2,0.0,0.0,0.0,0.0,0.09907747060060501,False,False,0.0,0.0,0.0,[],0.0,0.0,0,0.0,0,4.082999993215708e-06
aco_current,5,7751,81,17,3,0.0,0.0,0.0,0.0,0.43936213850975037,False,False,0.0,0.0,0.0,[],0.0,0.0,0,0.0,0,4.082999993215708e-06
aco_current,5,7751,81,17,4,0.0,0.0,0.0,0.0,0.20313307642936707,False,False,0.0,0.0,0.0,[],0.0,0.0,0,0.0,0,4.082999993215708e-06
aco_current,5,7752,81,18,1,8.0,149.0,157.0,0.785,0.9930093884468079,False,False,0.0,157.0,0.0,[],0.0,0.0,0,0.0,0,1.0250000002542947e-05
aco_current,5,7752,81,18,2,0.0,0.0,0.0,0.0,0.09907747060060501,False,False,0.0,0.0,0.0,[],0.0,0.0,0,0.0,0,1.0250000002542947e-05
aco_current,5,7752,81,18,3,0.0,0.0,0.0,0.0,0.43936213850975037,False,False,0.0,0.0,0.0,[],0.0,0.0,0,0.0,0,1.0250000002542947e-05
aco_current,5,7752,81,18,4,0.0,0.0,0.0,0.0,0.20313307642936707,False,False,0.0,0.0,0.0,[],0.0,0.0,0,0.0,0,1.0250000002542947e-05
aco_current,5,7753,81,18,1,7.0,157.0,164.0,0.82,0.998183012008667,True,True,30.0,134.0,0.0,[1],10.0,10.0,1,10.0,0,0.03699775000001182
aco_current,5,7753,81,18,2,0.0,0.0,0.0,0.0,0.09907747060060501,False,False,0.0,0.0,0.0,[],10.0,10.0,1,10.0,0,0.03699775000001182
aco_current,5,7753,81,18,3,0.0,0.0,0.0,0.0,0.43936213850975037,False,False,0.0,0.0,0.0,[],10.0,10.0,1,10.0,0,0.03699775000001182
aco_current,5,7753,81,18,4,0.0,0.0,0.0,0.0,0.20313307642936707,False,False,0.0,0.0,0.0,[],10.0,10.0,1,10.0,0,0.03699775000001182
aco_current,5,7754,81,18,1,3.0,134.0,137.0,0.685,0.4246194660663605,False,False,0.0,137.0,0.0,[],0.0,0.0,0,0.0,0,1.0125000002858542e-05
aco_current,5,7754,81,18,2,0.0,0.0,0.0,0.0,0.09907747060060501,False,False,0.0,0.0,0.0,[],0.0,0.0,0,0.0,0,1.0125000002858542e-05
aco_current,5,7754,81,18,3,0.0,0.0,0.0,0.0,0.43936213850975037,False,False,0.0,0.0,0.0,[],0.0,0.0,0,0.0,0,1.0125000002858542e-05
aco_current,5,7754,81,18,4,0.0,0.0,0.0,0.0,0.20313307642936707,False,False,0.0,0.0,0.0,[],0.0,0.0,0,0.0,0,1.0125000002858542e-05
aco_current,5,7755,81,18,1,0.0,137.0,137.0,0.685,0.22215011715888977,False,False,0.0,137.0,0.0,[],0.0,0.0,0,0.0,0,8.625000006645678e-06
aco_current,5,7755,81,18,2,0.0,0.0,0.0,0.0,0.09907747060060501,False,False,0.0,0.0,0.0,[],0.0,0.0,0,0.0,0,8.625000006645678e-06
aco_current,5,7755,81,18,3,0.0,0.0,0.0,0.0,0.43936213850975037,False,False,0.0,0.0,0.0,[],0.0,0.0,0,0.0,0,8.625000006645678e-06
aco_current,5,7755,81,18,4,0.0,0.0,0.0,0.0,0.20313307642936707,False,False,0.0,0.0,0.0,[],0.0,0.0,0,0.0,0,8.625000006645678e-06
aco_current,5,7756,81,19,1,0.0,137.0,137.0,0.685,0.2990666329860687,False,False,0.0,137.0,0.0,[],0.0,0.0,0,0.0,0,4.958999994641999e-06
aco_current,5,7756,81,19,2,0.0,0.0,0.0,0.0,0.09907747060060501,False,False,0.0,0.0,0.0,[],0.0,0.0,0,0.0,0,4.958999994641999e-06
aco_current,5,7756,81,19,3,0.0,0.0,0.0,0.0,0.43936213850975037,False,False,0.0,0.0,0.0,[],0.0,0.0,0,0.0,0,4.958999994641999e-06
aco_current,5,7756,81,19,4,0.0,0.0,0.0,0.0,0.20313307642936707,False,False,0.0,0.0,0.0,[],0.0,0.0,0,0.0,0,4.958999994641999e-06
aco_current,5,7757,81,19,1,0.0,137.0,137.0,0.685,0.3724746108055115,False,False,0.0,137.0,0.0,[],0.0,0.0,0,0.0,0,4.500000002849447e-06
aco_current,5,7757,81,19,2,0.0,0.0,0.0,0.0,0.09907747060060501,False,False,0.0,0.0,0.0,[],0.0,0.0,0,0.0,0,4.500000002849447e-06
aco_current,5,7757,81,19,3,0.0,0.0,0.0,0.0,0.43936213850975037,False,False,0.0,0.0,0.0,[],0.0,0.0,0,0.0,0,4.500000002849447e-06
aco_current,5,7757,81,19,4,0.0,0.0,0.0,0.0,0.20313307642936707,False,False,0.0,0.0,0.0,[],0.0,0.0,0,0.0,0,4.500000002849447e-06
aco_current,5,7758,81,19,1,0.0,137.0,137.0,0.685,0.3868671953678131,False,False,0.0,137.0,0.0,[],0.0,0.0,0,0.0,0,4.875000001902663e-06
aco_current,5,7758,81,19,2,0.0,0.0,0.0,0.0,0.09907747060060501,False,False,0.0,0.0,0.0,[],0.0,0.0,0,0.0,0,4.875000001902663e-06
aco_current,5,7758,81,19,3,0.0,0.0,0.0,0.0,0.43936213850975037,False,False,0.0,0.0,0.0,[],0.0,0.0,0,0.0,0,4.875000001902663e-06
aco_current,5,7758,81,19,4,0.0,0.0,0.0,0.0,0.20313307642936707,False,False,0.0,0.0,0.0,[],0.0,0.0,0,0.0,0,4.875000001902663e-06
aco_current,5,7759,81,19,1,0.0,137.0,137.0,0.685,0.3868671953678131,False,False,0.0,137.0,0.0,[],0.0,0.0,0,0.0,0,4.2919999998503044e-06
aco_current,5,7759,81,19,2,0.0,0.0,0.0,0.0,0.09907747060060501,False,False,0.0,0.0,0.0,[],0.0,0.0,0,0.0,0,4.2919999998503044e-06
aco_current,5,7759,81,19,3,0.0,0.0,0.0,0.0,0.43936213850975037,False,False,0.0,0.0,0.0,[],0.0,0.0,0,0.0,0,4.2919999998503044e-06
aco_current,5,7759,81,19,4,0.0,0.0,0.0,0.0,0.20313307642936707,False,False,0.0,0.0,0.0,[],0.0,0.0,0,0.0,0,4.2919999998503044e-06
aco_current,5,7760,81,20,1,0.0,137.0,137.0,0.685,0.3868671953678131,False,False,0.0,137.0,0.0,[],0.0,0.0,0,0.0,0,4.333000006795373e-06
aco_current,5,7760,81,20,2,0.0,0.0,0.0,0.0,0.09907747060060501,False,False,0.0,0.0,0.0,[],0.0,0.0,0,0.0,0,4.333000006795373e-06
aco_current,5,7760,81,20,3,0.0,0.0,0.0,0.0,0.43936213850975037,False,False,0.0,0.0,0.0,[],0.0,0.0,0,0.0,0,4.333000006795373e-06
aco_current,5,7760,81,20,4,0.0,0.0,0.0,0.0,0.20313307642936707,False,False,0.0,0.0,0.0,[],0.0,0.0,0,0.0,0,4.333000006795373e-06
aco_current,5,7761,81,20,1,0.0,137.0,137.0,0.685,0.3868671953678131,False,False,0.0,137.0,0.0,[],0.0,0.0,0,0.0,0,8.999999991488039e-06
aco_current,5,7761,81,20,2,0.0,0.0,0.0,0.0,0.09907747060060501,False,False,0.0,0.0,0.0,[],0.0,0.0,0,0.0,0,8.999999991488039e-06
aco_current,5,7761,81,20,3,0.0,0.0,0.0,0.0,0.43936213850975037,False,False,0.0,0.0,0.0,[],0.0,0.0,0,0.0,0,8.999999991488039e-06
aco_current,5,7761,81,20,4,0.0,0.0,0.0,0.0,0.20313307642936707,False,False,0.0,0.0,0.0,[],0.0,0.0,0,0.0,0,8.999999991488039e-06
aco_current,5,7762,81,20,1,0.0,137.0,137.0,0.685,0.3868671953678131,False,False,0.0,137.0,0.0,[],0.0,0.0,0,0.0,0,4.082999993215708e-06
aco_current,5,7762,81,20,2,0.0,0.0,0.0,0.0,0.09907747060060501,False,False,0.0,0.0,0.0,[],0.0,0.0,0,0.0,0,4.082999993215708e-06
aco_current,5,7762,81,20,3,0.0,0.0,0.0,0.0,0.43936213850975037,False,False,0.0,0.0,0.0,[],0.0,0.0,0,0.0,0,4.082999993215708e-06
aco_current,5,7762,81,20,4,0.0,0.0,0.0,0.0,0.20313307642936707,False,False,0.0,0.0,0.0,[],0.0,0.0,0,0.0,0,4.082999993215708e-06
aco_current,5,7763,81,20,1,0.0,137.0,137.0,0.685,0.3868671953678131,False,False,0.0,137.0,0.0,[],0.0,0.0,0,0.0,0,2.999999992425728e-06
aco_current,5,7763,81,20,2,0.0,0.0,0.0,0.0,0.09907747060060501,False,False,0.0,0.0,0.0,[],0.0,0.0,0,0.0,0,2.999999992425728e-06
aco_current,5,7763,81,20,3,0.0,0.0,0.0,0.0,0.43936213850975037,False,False,0.0,0.0,0.0,[],0.0,0.0,0,0.0,0,2.999999992425728e-06
aco_current,5,7763,81,20,4,0.0,0.0,0.0,0.0,0.20313307642936707,False,False,0.0,0.0,0.0,[],0.0,0.0,0,0.0,0,2.999999992425728e-06
aco_current,5,7764,81,21,1,0.0,137.0,137.0,0.685,0.3868671953678131,False,False,0.0,137.0,0.0,[],0.0,0.0,0,0.0,0,6.6660000044294065e-06
aco_current,5,7764,81,21,2,0.0,0.0,0.0,0.0,0.09907747060060501,False,False,0.0,0.0,0.0,[],0.0,0.0,0,0.0,0,6.6660000044294065e-06
aco_current,5,7764,81,21,3,0.0,0.0,0.0,0.0,0.43936213850975037,False,False,0.0,0.0,0.0,[],0.0,0.0,0,0.0,0,6.6660000044294065e-06
aco_current,5,7764,81,21,4,0.0,0.0,0.0,0.0,0.20313307642936707,False,False,0.0,0.0,0.0,[],0.0,0.0,0,0.0,0,6.6660000044294065e-06
aco_current,5,7765,81,21,1,0.0,137.0,137.0,0.685,0.3868671953678131,False,False,0.0,137.0,0.0,[],0.0,0.0,0,0.0,0,4.41699999953471e-06
aco_current,5,7765,81,21,2,0.0,0.0,0.0,0.0,0.09907747060060501,False,False,0.0,0.0,0.0,[],0.0,0.0,0,0.0,0,4.41699999953471e-06
aco_current,5,7765,81,21,3,0.0,0.0,0.0,0.0,0.43936213850975037,False,False,0.0,0.0,0.0,[],0.0,0.0,0,0.0,0,4.41699999953471e-06
aco_current,5,7765,81,21,4,0.0,0.0,0.0,0.0,0.20313307642936707,False,False,0.0,0.0,0.0,[],0.0,0.0,0,0.0,0,4.41699999953471e-06
aco_current,5,7766,81,21,1,0.0,137.0,137.0,0.685,0.3868671953678131,False,False,0.0,137.0,0.0,[],0.0,0.0,0,0.0,0,7.124999996221959e-06
aco_current,5,7766,81,21,2,0.0,0.0,0.0,0.0,0.09907747060060501,False,False,0.0,0.0,0.0,[],0.0,0.0,0,0.0,0,7.124999996221959e-06
aco_current,5,7766,81,21,3,0.0,0.0,0.0,0.0,0.43936213850975037,False,False,0.0,0.0,0.0,[],0.0,0.0,0,0.0,0,7.124999996221959e-06
aco_current,5,7766,81,21,4,0.0,0.0,0.0,0.0,0.20313307642936707,False,False,0.0,0.0,0.0,[],0.0,0.0,0,0.0,0,7.124999996221959e-06
aco_current,5,7767,81,21,1,0.0,137.0,137.0,0.685,0.3868671953678131,False,False,0.0,137.0,0.0,[],0.0,0.0,0,0.0,0,2.9159999996863917e-06
aco_current,5,7767,81,21,2,0.0,0.0,0.0,0.0,0.09907747060060501,False,False,0.0,0.0,0.0,[],0.0,0.0,0,0.0,0,2.9159999996863917e-06
aco_current,5,7767,81,21,3,0.0,0.0,0.0,0.0,0.43936213850975037,False,False,0.0,0.0,0.0,[],0.0,0.0,0,0.0,0,2.9159999996863917e-06
aco_current,5,7767,81,21,4,0.0,0.0,0.0,0.0,0.20313307642936707,False,False,0.0,0.0,0.0,[],0.0,0.0,0,0.0,0,2.9159999996863917e-06
aco_current,5,7768,81,22,1,0.0,137.0,137.0,0.685,0.3868671953678131,False,False,0.0,137.0,0.0,[],0.0,0.0,0,0.0,0,2.9170000033218457e-06
aco_current,5,7768,81,22,2,0.0,0.0,0.0,0.0,0.09907747060060501,False,False,0.0,0.0,0.0,[],0.0,0.0,0,0.0,0,2.9170000033218457e-06
aco_current,5,7768,81,22,3,0.0,0.0,0.0,0.0,0.43936213850975037,False,False,0.0,0.0,0.0,[],0.0,0.0,0,0.0,0,2.9170000033218457e-06
aco_current,5,7768,81,22,4,0.0,0.0,0.0,0.0,0.20313307642936707,False,False,0.0,0.0,0.0,[],0.0,0.0,0,0.0,0,2.9170000033218457e-06
aco_current,5,7769,81,22,1,0.0,137.0,137.0,0.685,0.3868671953678131,False,False,0.0,137.0,0.0,[],0.0,0.0,0,0.0,0,2.4590000009538926e-06
aco_current,5,7769,81,22,2,0.0,0.0,0.0,0.0,0.09907747060060501,False,False,0.0,0.0,0.0,[],0.0,0.0,0,0.0,0,2.4590000009538926e-06
aco_current,5,7769,81,22,3,0.0,0.0,0.0,0.0,0.43936213850975037,False,False,0.0,0.0,0.0,[],0.0,0.0,0,0.0,0,2.4590000009538926e-06
aco_current,5,7769,81,22,4,0.0,0.0,0.0,0.0,0.20313307642936707,False,False,0.0,0.0,0.0,[],0.0,0.0,0,0.0,0,2.4590000009538926e-06
aco_current,5,7770,81,22,1,0.0,137.0,137.0,0.685,0.3868671953678131,False,False,0.0,137.0,0.0,[],0.0,0.0,0,0.0,0,5.4169999970099525e-06
aco_current,5,7770,81,22,2,0.0,0.0,0.0,0.0,0.09907747060060501,False,False,0.0,0.0,0.0,[],0.0,0.0,0,0.0,0,5.4169999970099525e-06
aco_current,5,7770,81,22,3,0.0,0.0,0.0,0.0,0.43936213850975037,False,False,0.0,0.0,0.0,[],0.0,0.0,0,0.0,0,5.4169999970099525e-06
aco_current,5,7770,81,22,4,0.0,0.0,0.0,0.0,0.20313307642936707,False,False,0.0,0.0,0.0,[],0.0,0.0,0,0.0,0,5.4169999970099525e-06
aco_current,5,7771,81,22,1,0.0,137.0,137.0,0.685,0.3868671953678131,False,False,0.0,137.0,0.0,[],0.0,0.0,0,0.0,0,3.2079999954248706e-06
aco_current,5,7771,81,22,2,0.0,0.0,0.0,0.0,0.09907747060060501,False,False,0.0,0.0,0.0,[],0.0,0.0,0,0.0,0,3.2079999954248706e-06
aco_current,5,7771,81,22,3,0.0,0.0,0.0,0.0,0.43936213850975037,False,False,0.0,0.0,0.0,[],0.0,0.0,0,0.0,0,3.2079999954248706e-06
aco_current,5,7771,81,22,4,0.0,0.0,0.0,0.0,0.20313307642936707,False,False,0.0,0.0,0.0,[],0.0,0.0,0,0.0,0,3.2079999954248706e-06
aco_current,5,7772,81,23,1,0.0,137.0,137.0,0.685,0.3868671953678131,False,False,0.0,137.0,0.0,[],0.0,0.0,0,0.0,0,4.790999994952472e-06
aco_current,5,7772,81,23,2,0.0,0.0,0.0,0.0,0.09907747060060501,False,False,0.0,0.0,0.0,[],0.0,0.0,0,0.0,0,4.790999994952472e-06
aco_current,5,7772,81,23,3,0.0,0.0,0.0,0.0,0.43936213850975037,False,False,0.0,0.0,0.0,[],0.0,0.0,0,0.0,0,4.790999994952472e-06
aco_current,5,7772,81,23,4,0.0,0.0,0.0,0.0,0.20313307642936707,False,False,0.0,0.0,0.0,[],0.0,0.0,0,0.0,0,4.790999994952472e-06
aco_current,5,7773,81,23,1,0.0,137.0,137.0,0.685,0.3868671953678131,False,False,0.0,137.0,0.0,[],0.0,0.0,0,0.0,0,2.7910000000019863e-06
aco_current,5,7773,81,23,2,0.0,0.0,0.0,0.0,0.09907747060060501,False,False,0.0,0.0,0.0,[],0.0,0.0,0,0.0,0,2.7910000000019863e-06
aco_current,5,7773,81,23,3,0.0,0.0,0.0,0.0,0.43936213850975037,False,False,0.0,0.0,0.0,[],0.0,0.0,0,0.0,0,2.7910000000019863e-06
aco_current,5,7773,81,23,4,0.0,0.0,0.0,0.0,0.20313307642936707,False,False,0.0,0.0,0.0,[],0.0,0.0,0,0.0,0,2.7910000000019863e-06
aco_current,5,7774,81,23,1,0.0,137.0,137.0,0.685,0.3868671953678131,False,False,0.0,137.0,0.0,[],0.0,0.0,0,0.0,0,5.084000008537259e-06
aco_current,5,7774,81,23,2,0.0,0.0,0.0,0.0,0.09907747060060501,False,False,0.0,0.0,0.0,[],0.0,0.0,0,0.0,0,5.084000008537259e-06
aco_current,5,7774,81,23,3,0.0,0.0,0.0,0.0,0.43936213850975037,False,False,0.0,0.0,0.0,[],0.0,0.0,0,0.0,0,5.084000008537259e-06
aco_current,5,7774,81,23,4,0.0,0.0,0.0,0.0,0.20313307642936707,False,False,0.0,0.0,0.0,[],0.0,0.0,0,0.0,0,5.084000008537259e-06
aco_current,5,7775,81,23,1,0.0,137.0,137.0,0.685,0.3868671953678131,False,False,0.0,137.0,0.0,[],0.0,0.0,0,0.0,0,4.2919999998503044e-06
aco_current,5,7775,81,23,2,0.0,0.0,0.0,0.0,0.09907747060060501,False,False,0.0,0.0,0.0,[],0.0,0.0,0,0.0,0,4.2919999998503044e-06
aco_current,5,7775,81,23,3,0.0,0.0,0.0,0.0,0.43936213850975037,False,False,0.0,0.0,0.0,[],0.0,0.0,0,0.0,0,4.2919999998503044e-06
aco_current,5,7775,81,23,4,0.0,0.0,0.0,0.0,0.20313307642936707,False,False,0.0,0.0,0.0,[],0.0,0.0,0,0.0,0,4.2919999998503044e-06
aco_current,5,7776,82,0,1,42.0,137.0,179.0,0.895,1.0,True,True,30.0,149.0,0.0,[1],10.0,10.0,1,10.0,0,0.0120033339999992
aco_current,5,7776,82,0,2,0.0,0.0,0.0,0.0,0.09907747060060501,False,False,0.0,0.0,0.0,[],10.0,10.0,1,10.0,0,0.0120033339999992
aco_current,5,7776,82,0,3,0.0,0.0,0.0,0.0,0.43936213850975037,False,False,0.0,0.0,0.0,[],10.0,10.0,1,10.0,0,0.0120033339999992
aco_current,5,7776,82,0,4,0.0,0.0,0.0,0.0,0.20313307642936707,False,False,0.0,0.0,0.0,[],10.0,10.0,1,10.0,0,0.0120033339999992
aco_current,5,7777,82,0,1,37.0,149.0,186.0,0.93,1.0,True,True,30.0,156.0,0.0,[1],10.0,10.0,1,10.0,0,0.01898845799999549
aco_current,5,7777,82,0,2,0.0,0.0,0.0,0.0,0.09907747060060501,False,False,0.0,0.0,0.0,[],10.0,10.0,1,10.0,0,0.01898845799999549
aco_current,5,7777,82,0,3,0.0,0.0,0.0,0.0,0.43936213850975037,False,False,0.0,0.0,0.0,[],10.0,10.0,1,10.0,0,0.01898845799999549
aco_current,5,7777,82,0,4,0.0,0.0,0.0,0.0,0.20313307642936707,False,False,0.0,0.0,0.0,[],10.0,10.0,1,10.0,0,0.01898845799999549
aco_current,5,7778,82,0,1,37.0,156.0,193.0,0.965,1.0,True,True,30.0,163.0,0.0,[1],10.0,10.0,1,10.0,0,0.012736124999989329
aco_current,5,7778,82,0,2,0.0,0.0,0.0,0.0,0.09907747060060501,False,False,0.0,0.0,0.0,[],10.0,10.0,1,10.0,0,0.012736124999989329
aco_current,5,7778,82,0,3,0.0,0.0,0.0,0.0,0.43936213850975037,False,False,0.0,0.0,0.0,[],10.0,10.0,1,10.0,0,0.012736124999989329
aco_current,5,7778,82,0,4,0.0,0.0,0.0,0.0,0.20313307642936707,False,False,0.0,0.0,0.0,[],10.0,10.0,1,10.0,0,0.012736124999989329
aco_current,5,7779,82,0,1,39.0,163.0,202.0,1.01,1.0,True,True,30.0,172.0,0.0,[1],10.0,10.0,1,10.0,0,0.012622832999994671
aco_current,5,7779,82,0,2,0.0,0.0,0.0,0.0,0.09907747060060501,False,False,0.0,0.0,0.0,[],10.0,10.0,1,10.0,0,0.012622832999994671
aco_current,5,7779,82,0,3,0.0,0.0,0.0,0.0,0.43936213850975037,False,False,0.0,0.0,0.0,[],10.0,10.0,1,10.0,0,0.012622832999994671
aco_current,5,7779,82,0,4,0.0,0.0,0.0,0.0,0.20313307642936707,False,False,0.0,0.0,0.0,[],10.0,10.0,1,10.0,0,0.012622832999994671
aco_current,5,7780,82,1,1,48.0,172.0,220.0,1.1,1.0,True,True,30.0,190.0,0.0,[1],10.0,10.0,1,10.0,0,0.010681833999996115
aco_current,5,7780,82,1,2,0.0,0.0,0.0,0.0,0.09907747060060501,False,False,0.0,0.0,0.0,[],10.0,10.0,1,10.0,0,0.010681833999996115
aco_current,5,7780,82,1,3,0.0,0.0,0.0,0.0,0.43936213850975037,False,False,0.0,0.0,0.0,[],10.0,10.0,1,10.0,0,0.010681833999996115
aco_current,5,7780,82,1,4,0.0,0.0,0.0,0.0,0.20313307642936707,False,False,0.0,0.0,0.0,[],10.0,10.0,1,10.0,0,0.010681833999996115
aco_current,5,7781,82,1,1,44.0,190.0,234.0,1.17,1.0,True,True,30.0,200.0,4.0,[1],10.0,10.0,1,10.0,0,0.013501957999991987
aco_current,5,7781,82,1,2,0.0,0.0,0.0,0.0,0.09907747060060501,False,False,0.0,0.0,0.0,[],10.0,10.0,1,10.0,0,0.013501957999991987
aco_current,5,7781,82,1,3,0.0,0.0,0.0,0.0,0.43936213850975037,False,False,0.0,0.0,0.0,[],10.0,10.0,1,10.0,0,0.013501957999991987
aco_current,5,7781,82,1,4,0.0,0.0,0.0,0.0,0.20313307642936707,False,False,0.0,0.0,0.0,[],10.0,10.0,1,10.0,0,0.013501957999991987
aco_current,5,7782,82,1,1,43.0,200.0,243.0,1.215,1.0,True,True,30.0,200.0,13.0,[1],10.0,10.0,1,10.0,0,0.02056412500000704
aco_current,5,7782,82,1,2,0.0,0.0,0.0,0.0,0.09907747060060501,False,False,0.0,0.0,0.0,[],10.0,10.0,1,10.0,0,0.02056412500000704
aco_current,5,7782,82,1,3,0.0,0.0,0.0,0.0,0.43936213850975037,False,False,0.0,0.0,0.0,[],10.0,10.0,1,10.0,0,0.02056412500000704
aco_current,5,7782,82,1,4,0.0,0.0,0.0,0.0,0.20313307642936707,False,False,0.0,0.0,0.0,[],10.0,10.0,1,10.0,0,0.02056412500000704
aco_current,5,7783,82,1,1,41.0,200.0,241.0,1.205,1.0,True,True,30.0,200.0,11.0,[1],10.0,10.0,1,10.0,0,0.012937499999992497
aco_current,5,7783,82,1,2,0.0,0.0,0.0,0.0,0.09907747060060501,False,False,0.0,0.0,0.0,[],10.0,10.0,1,10.0,0,0.012937499999992497
aco_current,5,7783,82,1,3,0.0,0.0,0.0,0.0,0.43936213850975037,False,False,0.0,0.0,0.0,[],10.0,10.0,1,10.0,0,0.012937499999992497
aco_current,5,7783,82,1,4,0.0,0.0,0.0,0.0,0.20313307642936707,False,False,0.0,0.0,0.0,[],10.0,10.0,1,10.0,0,0.012937499999992497
aco_current,5,7784,82,2,1,39.0,200.0,239.0,1.195,1.0,True,True,30.0,200.0,9.0,[1],10.0,10.0,1,10.0,0,0.010574167000001466
aco_current,5,7784,82,2,2,0.0,0.0,0.0,0.0,0.09907747060060501,False,False,0.0,0.0,0.0,[],10.0,10.0,1,10.0,0,0.010574167000001466
aco_current,5,7784,82,2,3,0.0,0.0,0.0,0.0,0.43936213850975037,False,False,0.0,0.0,0.0,[],10.0,10.0,1,10.0,0,0.010574167000001466
aco_current,5,7784,82,2,4,0.0,0.0,0.0,0.0,0.20313307642936707,False,False,0.0,0.0,0.0,[],10.0,10.0,1,10.0,0,0.010574167000001466
aco_current,5,7785,82,2,1,41.0,200.0,241.0,1.205,1.0,True,True,30.0,200.0,11.0,[1],10.0,10.0,1,10.0,0,0.009837125000004221
aco_current,5,7785,82,2,2,0.0,0.0,0.0,0.0,0.09907747060060501,False,False,0.0,0.0,0.0,[],10.0,10.0,1,10.0,0,0.009837125000004221
aco_current,5,7785,82,2,3,0.0,0.0,0.0,0.0,0.43936213850975037,False,False,0.0,0.0,0.0,[],10.0,10.0,1,10.0,0,0.009837125000004221
aco_current,5,7785,82,2,4,0.0,0.0,0.0,0.0,0.20313307642936707,False,False,0.0,0.0,0.0,[],10.0,10.0,1,10.0,0,0.009837125000004221
aco_current,5,7786,82,2,1,41.0,200.0,241.0,1.205,1.0,True,True,30.0,200.0,11.0,[1],10.0,10.0,1,10.0,0,0.04882537500000694
aco_current,5,7786,82,2,2,0.0,0.0,0.0,0.0,0.09907747060060501,False,False,0.0,0.0,0.0,[],10.0,10.0,1,10.0,0,0.04882537500000694
aco_current,5,7786,82,2,3,0.0,0.0,0.0,0.0,0.43936213850975037,False,False,0.0,0.0,0.0,[],10.0,10.0,1,10.0,0,0.04882537500000694
aco_current,5,7786,82,2,4,0.0,0.0,0.0,0.0,0.20313307642936707,False,False,0.0,0.0,0.0,[],10.0,10.0,1,10.0,0,0.04882537500000694
aco_current,5,7787,82,2,1,40.0,200.0,240.0,1.2,1.0,True,True,30.0,200.0,10.0,[1],10.0,10.0,1,10.0,0,0.0186695840000084
aco_current,5,7787,82,2,2,0.0,0.0,0.0,0.0,0.09907747060060501,False,False,0.0,0.0,0.0,[],10.0,10.0,1,10.0,0,0.0186695840000084
aco_current,5,7787,82,2,3,0.0,0.0,0.0,0.0,0.43936213850975037,False,False,0.0,0.0,0.0,[],10.0,10.0,1,10.0,0,0.0186695840000084
aco_current,5,7787,82,2,4,0.0,0.0,0.0,0.0,0.20313307642936707,False,False,0.0,0.0,0.0,[],10.0,10.0,1,10.0,0,0.0186695840000084
aco_current,5,7788,82,3,1,41.0,200.0,241.0,1.205,1.0,True,True,30.0,200.0,11.0,[1],10.0,10.0,1,10.0,0,0.012200582999994936
aco_current,5,7788,82,3,2,0.0,0.0,0.0,0.0,0.09907747060060501,False,False,0.0,0.0,0.0,[],10.0,10.0,1,10.0,0,0.012200582999994936
aco_current,5,7788,82,3,3,0.0,0.0,0.0,0.0,0.43936213850975037,False,False,0.0,0.0,0.0,[],10.0,10.0,1,10.0,0,0.012200582999994936
aco_current,5,7788,82,3,4,0.0,0.0,0.0,0.0,0.20313307642936707,False,False,0.0,0.0,0.0,[],10.0,10.0,1,10.0,0,0.012200582999994936
aco_current,5,7789,82,3,1,40.0,200.0,240.0,1.2,1.0,True,True,30.0,200.0,10.0,[1],10.0,10.0,1,10.0,0,0.011003791999996793
aco_current,5,7789,82,3,2,0.0,0.0,0.0,0.0,0.09907747060060501,False,False,0.0,0.0,0.0,[],10.0,10.0,1,10.0,0,0.011003791999996793
aco_current,5,7789,82,3,3,0.0,0.0,0.0,0.0,0.43936213850975037,False,False,0.0,0.0,0.0,[],10.0,10.0,1,10.0,0,0.011003791999996793
aco_current,5,7789,82,3,4,0.0,0.0,0.0,0.0,0.20313307642936707,False,False,0.0,0.0,0.0,[],10.0,10.0,1,10.0,0,0.011003791999996793
aco_current,5,7790,82,3,1,42.0,200.0,242.0,1.21,1.0,True,True,30.0,200.0,12.0,[1],10.0,10.0,1,10.0,0,0.013323999999997227
aco_current,5,7790,82,3,2,0.0,0.0,0.0,0.0,0.09907747060060501,False,False,0.0,0.0,0.0,[],10.0,10.0,1,10.0,0,0.013323999999997227
aco_current,5,7790,82,3,3,0.0,0.0,0.0,0.0,0.43936213850975037,False,False,0.0,0.0,0.0,[],10.0,10.0,1,10.0,0,0.013323999999997227
aco_current,5,7790,82,3,4,0.0,0.0,0.0,0.0,0.20313307642936707,False,False,0.0,0.0,0.0,[],10.0,10.0,1,10.0,0,0.013323999999997227
aco_current,5,7791,82,3,1,43.0,200.0,243.0,1.215,1.0,True,True,30.0,200.0,13.0,[1],10.0,10.0,1,10.0,0,0.010170625000000655
aco_current,5,7791,82,3,2,0.0,0.0,0.0,0.0,0.09907747060060501,False,False,0.0,0.0,0.0,[],10.0,10.0,1,10.0,0,0.010170625000000655
aco_current,5,7791,82,3,3,0.0,0.0,0.0,0.0,0.43936213850975037,False,False,0.0,0.0,0.0,[],10.0,10.0,1,10.0,0,0.010170625000000655
aco_current,5,7791,82,3,4,0.0,0.0,0.0,0.0,0.20313307642936707,False,False,0.0,0.0,0.0,[],10.0,10.0,1,10.0,0,0.010170625000000655
aco_current,5,7792,82,4,1,44.0,200.0,244.0,1.22,1.0,True,True,30.0,200.0,14.0,[1],10.0,10.0,1,10.0,0,0.010394624999989333
aco_current,5,7792,82,4,2,0.0,0.0,0.0,0.0,0.09907747060060501,False,False,0.0,0.0,0.0,[],10.0,10.0,1,10.0,0,0.010394624999989333
aco_current,5,7792,82,4,3,0.0,0.0,0.0,0.0,0.43936213850975037,False,False,0.0,0.0,0.0,[],10.0,10.0,1,10.0,0,0.010394624999989333
aco_current,5,7792,82,4,4,0.0,0.0,0.0,0.0,0.20313307642936707,False,False,0.0,0.0,0.0,[],10.0,10.0,1,10.0,0,0.010394624999989333
aco_current,5,7793,82,4,1,44.0,200.0,244.0,1.22,1.0,True,True,30.0,200.0,14.0,[1],10.0,10.0,1,10.0,0,0.010394375000004175
aco_current,5,7793,82,4,2,0.0,0.0,0.0,0.0,0.09907747060060501,False,False,0.0,0.0,0.0,[],10.0,10.0,1,10.0,0,0.010394375000004175
aco_current,5,7793,82,4,3,0.0,0.0,0.0,0.0,0.43936213850975037,False,False,0.0,0.0,0.0,[],10.0,10.0,1,10.0,0,0.010394375000004175
aco_current,5,7793,82,4,4,0.0,0.0,0.0,0.0,0.20313307642936707,False,False,0.0,0.0,0.0,[],10.0,10.0,1,10.0,0,0.010394375000004175
aco_current,5,7794,82,4,1,43.0,200.0,243.0,1.215,1.0,True,True,30.0,200.0,13.0,[1],10.0,10.0,1,10.0,0,0.010329124999998385
aco_current,5,7794,82,4,2,0.0,0.0,0.0,0.0,0.09907747060060501,False,False,0.0,0.0,0.0,[],10.0,10.0,1,10.0,0,0.010329124999998385
aco_current,5,7794,82,4,3,0.0,0.0,0.0,0.0,0.43936213850975037,False,False,0.0,0.0,0.0,[],10.0,10.0,1,10.0,0,0.010329124999998385
aco_current,5,7794,82,4,4,0.0,0.0,0.0,0.0,0.20313307642936707,False,False,0.0,0.0,0.0,[],10.0,10.0,1,10.0,0,0.010329124999998385
aco_current,5,7795,82,4,1,41.0,200.0,241.0,1.205,1.0,True,True,30.0,200.0,11.0,[1],10.0,10.0,1,10.0,0,0.010303792000001977
aco_current,5,7795,82,4,2,0.0,0.0,0.0,0.0,0.09907747060060501,False,False,0.0,0.0,0.0,[],10.0,10.0,1,10.0,0,0.010303792000001977
aco_current,5,7795,82,4,3,0.0,0.0,0.0,0.0,0.43936213850975037,False,False,0.0,0.0,0.0,[],10.0,10.0,1,10.0,0,0.010303792000001977
aco_current,5,7795,82,4,4,0.0,0.0,0.0,0.0,0.20313307642936707,False,False,0.0,0.0,0.0,[],10.0,10.0,1,10.0,0,0.010303792000001977
aco_current,5,7796,82,5,1,42.0,200.0,242.0,1.21,1.0,True,True,30.0,200.0,12.0,[1],10.0,10.0,1,10.0,0,0.011328167000002054
aco_current,5,7796,82,5,2,0.0,0.0,0.0,0.0,0.09907747060060501,False,False,0.0,0.0,0.0,[],10.0,10.0,1,10.0,0,0.011328167000002054
aco_current,5,7796,82,5,3,0.0,0.0,0.0,0.0,0.43936213850975037,False,False,0.0,0.0,0.0,[],10.0,10.0,1,10.0,0,0.011328167000002054
aco_current,5,7796,82,5,4,0.0,0.0,0.0,0.0,0.20313307642936707,False,False,0.0,0.0,0.0,[],10.0,10.0,1,10.0,0,0.011328167000002054
aco_current,5,7797,82,5,1,44.0,200.0,244.0,1.22,1.0,True,True,30.0,200.0,14.0,[1],10.0,10.0,1,10.0,0,0.011395041000000106
aco_current,5,7797,82,5,2,0.0,0.0,0.0,0.0,0.09907747060060501,False,False,0.0,0.0,0.0,[],10.0,10.0,1,10.0,0,0.011395041000000106
aco_current,5,7797,82,5,3,0.0,0.0,0.0,0.0,0.43936213850975037,False,False,0.0,0.0,0.0,[],10.0,10.0,1,10.0,0,0.011395041000000106
aco_current,5,7797,82,5,4,0.0,0.0,0.0,0.0,0.20313307642936707,False,False,0.0,0.0,0.0,[],10.0,10.0,1,10.0,0,0.011395041000000106
aco_current,5,7798,82,5,1,43.0,200.0,243.0,1.215,1.0,True,True,30.0,200.0,13.0,[1],10.0,10.0,1,10.0,0,0.010699500000001194
aco_current,5,7798,82,5,2,0.0,0.0,0.0,0.0,0.09907747060060501,False,False,0.0,0.0,0.0,[],10.0,10.0,1,10.0,0,0.010699500000001194
aco_current,5,7798,82,5,3,0.0,0.0,0.0,0.0,0.43936213850975037,False,False,0.0,0.0,0.0,[],10.0,10.0,1,10.0,0,0.010699500000001194
aco_current,5,7798,82,5,4,0.0,0.0,0.0,0.0,0.20313307642936707,False,False,0.0,0.0,0.0,[],10.0,10.0,1,10.0,0,0.010699500000001194
aco_current,5,7799,82,5,1,42.0,200.0,242.0,1.21,1.0,True,True,30.0,200.0,12.0,[1],10.0,10.0,1,10.0,0,0.010456042000001275
aco_current,5,7799,82,5,2,0.0,0.0,0.0,0.0,0.09907747060060501,False,False,0.0,0.0,0.0,[],10.0,10.0,1,10.0,0,0.010456042000001275
aco_current,5,7799,82,5,3,0.0,0.0,0.0,0.0,0.43936213850975037,False,False,0.0,0.0,0.0,[],10.0,10.0,1,10.0,0,0.010456042000001275
aco_current,5,7799,82,5,4,0.0,0.0,0.0,0.0,0.20313307642936707,False,False,0.0,0.0,0.0,[],10.0,10.0,1,10.0,0,0.010456042000001275
aco_current,5,7800,82,6,1,43.0,200.0,243.0,1.215,1.0,True,True,30.0,200.0,13.0,[1],10.0,10.0,1,10.0,0,0.010479333000006363
aco_current,5,7800,82,6,2,0.0,0.0,0.0,0.0,0.09907747060060501,False,False,0.0,0.0,0.0,[],10.0,10.0,1,10.0,0,0.010479333000006363
aco_current,5,7800,82,6,3,0.0,0.0,0.0,0.0,0.43936213850975037,False,False,0.0,0.0,0.0,[],10.0,10.0,1,10.0,0,0.010479333000006363
aco_current,5,7800,82,6,4,0.0,0.0,0.0,0.0,0.20313307642936707,False,False,0.0,0.0,0.0,[],10.0,10.0,1,10.0,0,0.010479333000006363
aco_current,5,7801,82,6,1,42.0,200.0,242.0,1.21,1.0,True,True,30.0,200.0,12.0,[1],10.0,10.0,1,10.0,0,0.011180791000001022
aco_current,5,7801,82,6,2,0.0,0.0,0.0,0.0,0.09907747060060501,False,False,0.0,0.0,0.0,[],10.0,10.0,1,10.0,0,0.011180791000001022
aco_current,5,7801,82,6,3,0.0,0.0,0.0,0.0,0.43936213850975037,False,False,0.0,0.0,0.0,[],10.0,10.0,1,10.0,0,0.011180791000001022
aco_current,5,7801,82,6,4,0.0,0.0,0.0,0.0,0.20313307642936707,False,False,0.0,0.0,0.0,[],10.0,10.0,1,10.0,0,0.011180791000001022
aco_current,5,7802,82,6,1,44.0,200.0,244.0,1.22,1.0,True,True,30.0,200.0,14.0,[1],10.0,10.0,1,10.0,0,0.011102749999992056
aco_current,5,7802,82,6,2,0.0,0.0,0.0,0.0,0.09907747060060501,False,False,0.0,0.0,0.0,[],10.0,10.0,1,10.0,0,0.011102749999992056
aco_current,5,7802,82,6,3,0.0,0.0,0.0,0.0,0.43936213850975037,False,False,0.0,0.0,0.0,[],10.0,10.0,1,10.0,0,0.011102749999992056
aco_current,5,7802,82,6,4,0.0,0.0,0.0,0.0,0.20313307642936707,False,False,0.0,0.0,0.0,[],10.0,10.0,1,10.0,0,0.011102749999992056
aco_current,5,7803,82,6,1,43.0,200.0,243.0,1.215,1.0,True,True,30.0,200.0,13.0,[1],10.0,10.0,1,10.0,0,0.010808416999992687
aco_current,5,7803,82,6,2,0.0,0.0,0.0,0.0,0.09907747060060501,False,False,0.0,0.0,0.0,[],10.0,10.0,1,10.0,0,0.010808416999992687
aco_current,5,7803,82,6,3,0.0,0.0,0.0,0.0,0.43936213850975037,False,False,0.0,0.0,0.0,[],10.0,10.0,1,10.0,0,0.010808416999992687
aco_current,5,7803,82,6,4,0.0,0.0,0.0,0.0,0.20313307642936707,False,False,0.0,0.0,0.0,[],10.0,10.0,1,10.0,0,0.010808416999992687
aco_current,5,7804,82,7,1,41.0,200.0,241.0,1.205,1.0,True,True,30.0,200.0,11.0,[1],10.0,10.0,1,10.0,0,0.010779292000009377
aco_current,5,7804,82,7,2,0.0,0.0,0.0,0.0,0.09907747060060501,False,False,0.0,0.0,0.0,[],10.0,10.0,1,10.0,0,0.010779292000009377
aco_current,5,7804,82,7,3,0.0,0.0,0.0,0.0,0.43936213850975037,False,False,0.0,0.0,0.0,[],10.0,10.0,1,10.0,0,0.010779292000009377
aco_current,5,7804,82,7,4,0.0,0.0,0.0,0.0,0.20313307642936707,False,False,0.0,0.0,0.0,[],10.0,10.0,1,10.0,0,0.010779292000009377
aco_current,5,7805,82,7,1,42.0,200.0,242.0,1.21,1.0,True,True,30.0,200.0,12.0,[1],10.0,10.0,1,10.0,0,0.01054850000001295
aco_current,5,7805,82,7,2,0.0,0.0,0.0,0.0,0.09907747060060501,False,False,0.0,0.0,0.0,[],10.0,10.0,1,10.0,0,0.01054850000001295
aco_current,5,7805,82,7,3,0.0,0.0,0.0,0.0,0.43936213850975037,False,False,0.0,0.0,0.0,[],10.0,10.0,1,10.0,0,0.01054850000001295
aco_current,5,7805,82,7,4,0.0,0.0,0.0,0.0,0.20313307642936707,False,False,0.0,0.0,0.0,[],10.0,10.0,1,10.0,0,0.01054850000001295
aco_current,5,7806,82,7,1,41.0,200.0,241.0,1.205,1.0,True,True,30.0,200.0,11.0,[1],10.0,10.0,1,10.0,0,0.010389083000006849
aco_current,5,7806,82,7,2,0.0,0.0,0.0,0.0,0.09907747060060501,False,False,0.0,0.0,0.0,[],10.0,10.0,1,10.0,0,0.010389083000006849
aco_current,5,7806,82,7,3,0.0,0.0,0.0,0.0,0.43936213850975037,False,False,0.0,0.0,0.0,[],10.0,10.0,1,10.0,0,0.010389083000006849
aco_current,5,7806,82,7,4,0.0,0.0,0.0,0.0,0.20313307642936707,False,False,0.0,0.0,0.0,[],10.0,10.0,1,10.0,0,0.010389083000006849
aco_current,5,7807,82,7,1,45.0,200.0,245.0,1.225,1.0,True,True,30.0,200.0,15.0,[1],10.0,10.0,1,10.0,0,0.009849666000008028
aco_current,5,7807,82,7,2,0.0,0.0,0.0,0.0,0.09907747060060501,False,False,0.0,0.0,0.0,[],10.0,10.0,1,10.0,0,0.009849666000008028
aco_current,5,7807,82,7,3,0.0,0.0,0.0,0.0,0.43936213850975037,False,False,0.0,0.0,0.0,[],10.0,10.0,1,10.0,0,0.009849666000008028
aco_current,5,7807,82,7,4,0.0,0.0,0.0,0.0,0.20313307642936707,False,False,0.0,0.0,0.0,[],10.0,10.0,1,10.0,0,0.009849666000008028
aco_current,5,7808,82,8,1,46.0,200.0,246.0,1.23,1.0,True,True,30.0,200.0,16.0,[1],10.0,10.0,1,10.0,0,0.010419042000009426
aco_current,5,7808,82,8,2,0.0,0.0,0.0,0.0,0.09907747060060501,False,False,0.0,0.0,0.0,[],10.0,10.0,1,10.0,0,0.010419042000009426
aco_current,5,7808,82,8,3,0.0,0.0,0.0,0.0,0.43936213850975037,False,False,0.0,0.0,0.0,[],10.0,10.0,1,10.0,0,0.010419042000009426
aco_current,5,7808,82,8,4,0.0,0.0,0.0,0.0,0.20313307642936707,False,False,0.0,0.0,0.0,[],10.0,10.0,1,10.0,0,0.010419042000009426
aco_current,5,7809,82,8,1,43.0,200.0,243.0,1.215,1.0,True,True,30.0,200.0,13.0,[1],10.0,10.0,1,10.0,0,0.010509333000001675
aco_current,5,7809,82,8,2,0.0,0.0,0.0,0.0,0.09907747060060501,False,False,0.0,0.0,0.0,[],10.0,10.0,1,10.0,0,0.010509333000001675
aco_current,5,7809,82,8,3,0.0,0.0,0.0,0.0,0.43936213850975037,False,False,0.0,0.0,0.0,[],10.0,10.0,1,10.0,0,0.010509333000001675
aco_current,5,7809,82,8,4,0.0,0.0,0.0,0.0,0.20313307642936707,False,False,0.0,0.0,0.0,[],10.0,10.0,1,10.0,0,0.010509333000001675
aco_current,5,7810,82,8,1,40.0,200.0,240.0,1.2,1.0,True,True,30.0,200.0,10.0,[1],10.0,10.0,1,10.0,0,0.01042362500000138
aco_current,5,7810,82,8,2,0.0,0.0,0.0,0.0,0.09907747060060501,False,False,0.0,0.0,0.0,[],10.0,10.0,1,10.0,0,0.01042362500000138
aco_current,5,7810,82,8,3,0.0,0.0,0.0,0.0,0.43936213850975037,False,False,0.0,0.0,0.0,[],10.0,10.0,1,10.0,0,0.01042362500000138
aco_current,5,7810,82,8,4,0.0,0.0,0.0,0.0,0.20313307642936707,False,False,0.0,0.0,0.0,[],10.0,10.0,1,10.0,0,0.01042362500000138
aco_current,5,7811,82,8,1,41.0,200.0,241.0,1.205,1.0,True,True,30.0,200.0,11.0,[1],10.0,10.0,1,10.0,0,0.010491749999999911
aco_current,5,7811,82,8,2,0.0,0.0,0.0,0.0,0.09907747060060501,False,False,0.0,0.0,0.0,[],10.0,10.0,1,10.0,0,0.010491749999999911
aco_current,5,7811,82,8,3,0.0,0.0,0.0,0.0,0.43936213850975037,False,False,0.0,0.0,0.0,[],10.0,10.0,1,10.0,0,0.010491749999999911
aco_current,5,7811,82,8,4,0.0,0.0,0.0,0.0,0.20313307642936707,False,False,0.0,0.0,0.0,[],10.0,10.0,1,10.0,0,0.010491749999999911
aco_current,5,7812,82,9,1,40.0,200.0,240.0,1.2,1.0,True,True,30.0,200.0,10.0,[1],10.0,10.0,1,10.0,0,0.011559708999996587
aco_current,5,7812,82,9,2,0.0,0.0,0.0,0.0,0.09907747060060501,False,False,0.0,0.0,0.0,[],10.0,10.0,1,10.0,0,0.011559708999996587
aco_current,5,7812,82,9,3,0.0,0.0,0.0,0.0,0.43936213850975037,False,False,0.0,0.0,0.0,[],10.0,10.0,1,10.0,0,0.011559708999996587
aco_current,5,7812,82,9,4,0.0,0.0,0.0,0.0,0.20313307642936707,False,False,0.0,0.0,0.0,[],10.0,10.0,1,10.0,0,0.011559708999996587
aco_current,5,7813,82,9,1,41.0,200.0,241.0,1.205,1.0,True,True,30.0,200.0,11.0,[1],10.0,10.0,1,10.0,0,0.01218779200000597
aco_current,5,7813,82,9,2,0.0,0.0,0.0,0.0,0.09907747060060501,False,False,0.0,0.0,0.0,[],10.0,10.0,1,10.0,0,0.01218779200000597
aco_current,5,7813,82,9,3,0.0,0.0,0.0,0.0,0.43936213850975037,False,False,0.0,0.0,0.0,[],10.0,10.0,1,10.0,0,0.01218779200000597
aco_current,5,7813,82,9,4,0.0,0.0,0.0,0.0,0.20313307642936707,False,False,0.0,0.0,0.0,[],10.0,10.0,1,10.0,0,0.01218779200000597
aco_current,5,7814,82,9,1,41.0,200.0,241.0,1.205,1.0,True,True,30.0,200.0,11.0,[1],10.0,10.0,1,10.0,0,0.01086858299998994
aco_current,5,7814,82,9,2,0.0,0.0,0.0,0.0,0.09907747060060501,False,False,0.0,0.0,0.0,[],10.0,10.0,1,10.0,0,0.01086858299998994
aco_current,5,7814,82,9,3,0.0,0.0,0.0,0.0,0.43936213850975037,False,False,0.0,0.0,0.0,[],10.0,10.0,1,10.0,0,0.01086858299998994
aco_current,5,7814,82,9,4,0.0,0.0,0.0,0.0,0.20313307642936707,False,False,0.0,0.0,0.0,[],10.0,10.0,1,10.0,0,0.01086858299998994
aco_current,5,7815,82,9,1,41.0,200.0,241.0,1.205,1.0,True,True,30.0,200.0,11.0,[1],10.0,10.0,1,10.0,0,0.010608332999993308
aco_current,5,7815,82,9,2,0.0,0.0,0.0,0.0,0.09907747060060501,False,False,0.0,0.0,0.0,[],10.0,10.0,1,10.0,0,0.010608332999993308
aco_current,5,7815,82,9,3,0.0,0.0,0.0,0.0,0.43936213850975037,False,False,0.0,0.0,0.0,[],10.0,10.0,1,10.0,0,0.010608332999993308
aco_current,5,7815,82,9,4,0.0,0.0,0.0,0.0,0.20313307642936707,False,False,0.0,0.0,0.0,[],10.0,10.0,1,10.0,0,0.010608332999993308
aco_current,5,7816,82,10,1,41.0,200.0,241.0,1.205,1.0,True,True,30.0,200.0,11.0,[1],10.0,10.0,1,10.0,0,0.010459666999992123
aco_current,5,7816,82,10,2,0.0,0.0,0.0,0.0,0.09907747060060501,False,False,0.0,0.0,0.0,[],10.0,10.0,1,10.0,0,0.010459666999992123
aco_current,5,7816,82,10,3,0.0,0.0,0.0,0.0,0.43936213850975037,False,False,0.0,0.0,0.0,[],10.0,10.0,1,10.0,0,0.010459666999992123
aco_current,5,7816,82,10,4,0.0,0.0,0.0,0.0,0.20313307642936707,False,False,0.0,0.0,0.0,[],10.0,10.0,1,10.0,0,0.010459666999992123
aco_current,5,7817,82,10,1,41.0,200.0,241.0,1.205,1.0,True,True,30.0,200.0,11.0,[1],10.0,10.0,1,10.0,0,0.010369999999994661
aco_current,5,7817,82,10,2,0.0,0.0,0.0,0.0,0.09907747060060501,False,False,0.0,0.0,0.0,[],10.0,10.0,1,10.0,0,0.010369999999994661
aco_current,5,7817,82,10,3,0.0,0.0,0.0,0.0,0.43936213850975037,False,False,0.0,0.0,0.0,[],10.0,10.0,1,10.0,0,0.010369999999994661
aco_current,5,7817,82,10,4,0.0,0.0,0.0,0.0,0.20313307642936707,False,False,0.0,0.0,0.0,[],10.0,10.0,1,10.0,0,0.010369999999994661
aco_current,5,7818,82,10,1,41.0,200.0,241.0,1.205,1.0,True,True,30.0,200.0,11.0,[1],10.0,10.0,1,10.0,0,0.010223459000002322
aco_current,5,7818,82,10,2,0.0,0.0,0.0,0.0,0.09907747060060501,False,False,0.0,0.0,0.0,[],10.0,10.0,1,10.0,0,0.010223459000002322
aco_current,5,7818,82,10,3,0.0,0.0,0.0,0.0,0.43936213850975037,False,False,0.0,0.0,0.0,[],10.0,10.0,1,10.0,0,0.010223459000002322
aco_current,5,7818,82,10,4,0.0,0.0,0.0,0.0,0.20313307642936707,False,False,0.0,0.0,0.0,[],10.0,10.0,1,10.0,0,0.010223459000002322
aco_current,5,7819,82,10,1,43.0,200.0,243.0,1.215,1.0,True,True,30.0,200.0,13.0,[1],10.0,10.0,1,10.0,0,0.010331457999996019
aco_current,5,7819,82,10,2,0.0,0.0,0.0,0.0,0.09907747060060501,False,False,0.0,0.0,0.0,[],10.0,10.0,1,10.0,0,0.010331457999996019
aco_current,5,7819,82,10,3,0.0,0.0,0.0,0.0,0.43936213850975037,False,False,0.0,0.0,0.0,[],10.0,10.0,1,10.0,0,0.010331457999996019
aco_current,5,7819,82,10,4,0.0,0.0,0.0,0.0,0.20313307642936707,False,False,0.0,0.0,0.0,[],10.0,10.0,1,10.0,0,0.010331457999996019
aco_current,5,7820,82,11,1,40.0,200.0,240.0,1.2,1.0,True,True,30.0,200.0,10.0,[1],10.0,10.0,1,10.0,0,0.010442374999996673
aco_current,5,7820,82,11,2,0.0,0.0,0.0,0.0,0.09907747060060501,False,False,0.0,0.0,0.0,[],10.0,10.0,1,10.0,0,0.010442374999996673
aco_current,5,7820,82,11,3,0.0,0.0,0.0,0.0,0.43936213850975037,False,False,0.0,0.0,0.0,[],10.0,10.0,1,10.0,0,0.010442374999996673
aco_current,5,7820,82,11,4,0.0,0.0,0.0,0.0,0.20313307642936707,False,False,0.0,0.0,0.0,[],10.0,10.0,1,10.0,0,0.010442374999996673
aco_current,5,7821,82,11,1,41.0,200.0,241.0,1.205,1.0,True,True,30.0,200.0,11.0,[1],10.0,10.0,1,10.0,0,0.010425417000007542
aco_current,5,7821,82,11,2,0.0,0.0,0.0,0.0,0.09907747060060501,False,False,0.0,0.0,0.0,[],10.0,10.0,1,10.0,0,0.010425417000007542
aco_current,5,7821,82,11,3,0.0,0.0,0.0,0.0,0.43936213850975037,False,False,0.0,0.0,0.0,[],10.0,10.0,1,10.0,0,0.010425417000007542
aco_current,5,7821,82,11,4,0.0,0.0,0.0,0.0,0.20313307642936707,False,False,0.0,0.0,0.0,[],10.0,10.0,1,10.0,0,0.010425417000007542
aco_current,5,7822,82,11,1,40.0,200.0,240.0,1.2,1.0,True,True,30.0,200.0,10.0,[1],10.0,10.0,1,10.0,0,0.010561792000004289
aco_current,5,7822,82,11,2,0.0,0.0,0.0,0.0,0.09907747060060501,False,False,0.0,0.0,0.0,[],10.0,10.0,1,10.0,0,0.010561792000004289
aco_current,5,7822,82,11,3,0.0,0.0,0.0,0.0,0.43936213850975037,False,False,0.0,0.0,0.0,[],10.0,10.0,1,10.0,0,0.010561792000004289
aco_current,5,7822,82,11,4,0.0,0.0,0.0,0.0,0.20313307642936707,False,False,0.0,0.0,0.0,[],10.0,10.0,1,10.0,0,0.010561792000004289
aco_current,5,7823,82,11,1,41.0,200.0,241.0,1.205,1.0,True,True,30.0,200.0,11.0,[1],10.0,10.0,1,10.0,0,0.010242791999999667
aco_current,5,7823,82,11,2,0.0,0.0,0.0,0.0,0.09907747060060501,False,False,0.0,0.0,0.0,[],10.0,10.0,1,10.0,0,0.010242791999999667
aco_current,5,7823,82,11,3,0.0,0.0,0.0,0.0,0.43936213850975037,False,False,0.0,0.0,0.0,[],10.0,10.0,1,10.0,0,0.010242791999999667
aco_current,5,7823,82,11,4,0.0,0.0,0.0,0.0,0.20313307642936707,False,False,0.0,0.0,0.0,[],10.0,10.0,1,10.0,0,0.010242791999999667
aco_current,5,7824,82,12,1,37.0,200.0,237.0,1.185,1.0,True,True,30.0,200.0,7.0,[1],10.0,10.0,1,10.0,0,0.00996433400000285
aco_current,5,7824,82,12,2,0.0,0.0,0.0,0.0,0.09907747060060501,False,False,0.0,0.0,0.0,[],10.0,10.0,1,10.0,0,0.00996433400000285
aco_current,5,7824,82,12,3,0.0,0.0,0.0,0.0,0.43936213850975037,False,False,0.0,0.0,0.0,[],10.0,10.0,1,10.0,0,0.00996433400000285
aco_current,5,7824,82,12,4,0.0,0.0,0.0,0.0,0.20313307642936707,False,False,0.0,0.0,0.0,[],10.0,10.0,1,10.0,0,0.00996433400000285
aco_current,5,7825,82,12,1,32.0,200.0,232.0,1.16,1.0,True,True,30.0,200.0,2.0,[1],10.0,10.0,1,10.0,0,0.010332625000003759
aco_current,5,7825,82,12,2,0.0,0.0,0.0,0.0,0.09907747060060501,False,False,0.0,0.0,0.0,[],10.0,10.0,1,10.0,0,0.010332625000003759
aco_current,5,7825,82,12,3,0.0,0.0,0.0,0.0,0.43936213850975037,False,False,0.0,0.0,0.0,[],10.0,10.0,1,10.0,0,0.010332625000003759
aco_current,5,7825,82,12,4,0.0,0.0,0.0,0.0,0.20313307642936707,False,False,0.0,0.0,0.0,[],10.0,10.0,1,10.0,0,0.010332625000003759
aco_current,5,7826,82,12,1,32.0,200.0,232.0,1.16,1.0,True,True,30.0,200.0,2.0,[1],10.0,10.0,1,10.0,0,0.01628270799999143
aco_current,5,7826,82,12,2,0.0,0.0,0.0,0.0,0.09907747060060501,False,False,0.0,0.0,0.0,[],10.0,10.0,1,10.0,0,0.01628270799999143
aco_current,5,7826,82,12,3,0.0,0.0,0.0,0.0,0.43936213850975037,False,False,0.0,0.0,0.0,[],10.0,10.0,1,10.0,0,0.01628270799999143
aco_current,5,7826,82,12,4,0.0,0.0,0.0,0.0,0.20313307642936707,False,False,0.0,0.0,0.0,[],10.0,10.0,1,10.0,0,0.01628270799999143
aco_current,5,7827,82,12,1,32.0,200.0,232.0,1.16,1.0,True,True,30.0,200.0,2.0,[1],10.0,10.0,1,10.0,0,0.014604209000012247
aco_current,5,7827,82,12,2,0.0,0.0,0.0,0.0,0.09907747060060501,False,False,0.0,0.0,0.0,[],10.0,10.0,1,10.0,0,0.014604209000012247
aco_current,5,7827,82,12,3,0.0,0.0,0.0,0.0,0.43936213850975037,False,False,0.0,0.0,0.0,[],10.0,10.0,1,10.0,0,0.014604209000012247
aco_current,5,7827,82,12,4,0.0,0.0,0.0,0.0,0.20313307642936707,False,False,0.0,0.0,0.0,[],10.0,10.0,1,10.0,0,0.014604209000012247
aco_current,5,7828,82,13,1,29.0,200.0,229.0,1.145,1.0,True,True,30.0,199.0,0.0,[1],10.0,10.0,1,10.0,0,0.013884249999989606
aco_current,5,7828,82,13,2,0.0,0.0,0.0,0.0,0.09907747060060501,False,False,0.0,0.0,0.0,[],10.0,10.0,1,10.0,0,0.013884249999989606
aco_current,5,7828,82,13,3,0.0,0.0,0.0,0.0,0.43936213850975037,False,False,0.0,0.0,0.0,[],10.0,10.0,1,10.0,0,0.013884249999989606
aco_current,5,7828,82,13,4,0.0,0.0,0.0,0.0,0.20313307642936707,False,False,0.0,0.0,0.0,[],10.0,10.0,1,10.0,0,0.013884249999989606
aco_current,5,7829,82,13,1,16.0,199.0,215.0,1.075,1.0,True,True,30.0,185.0,0.0,[1],10.0,10.0,1,10.0,0,0.013973750000005225
aco_current,5,7829,82,13,2,0.0,0.0,0.0,0.0,0.09907747060060501,False,False,0.0,0.0,0.0,[],10.0,10.0,1,10.0,0,0.013973750000005225
aco_current,5,7829,82,13,3,0.0,0.0,0.0,0.0,0.43936213850975037,False,False,0.0,0.0,0.0,[],10.0,10.0,1,10.0,0,0.013973750000005225
aco_current,5,7829,82,13,4,0.0,0.0,0.0,0.0,0.20313307642936707,False,False,0.0,0.0,0.0,[],10.0,10.0,1,10.0,0,0.013973750000005225
aco_current,5,7830,82,13,1,18.0,185.0,203.0,1.015,1.0,True,True,30.0,173.0,0.0,[1],10.0,10.0,1,10.0,0,0.014095582999999579
aco_current,5,7830,82,13,2,0.0,0.0,0.0,0.0,0.09907747060060501,False,False,0.0,0.0,0.0,[],10.0,10.0,1,10.0,0,0.014095582999999579
aco_current,5,7830,82,13,3,0.0,0.0,0.0,0.0,0.43936213850975037,False,False,0.0,0.0,0.0,[],10.0,10.0,1,10.0,0,0.014095582999999579
aco_current,5,7830,82,13,4,0.0,0.0,0.0,0.0,0.20313307642936707,False,False,0.0,0.0,0.0,[],10.0,10.0,1,10.0,0,0.014095582999999579
aco_current,5,7831,82,13,1,17.0,173.0,190.0,0.95,0.9999999403953552,True,True,30.0,160.0,0.0,[1],10.0,10.0,1,10.0,0,0.036533041000012645
aco_current,5,7831,82,13,2,0.0,0.0,0.0,0.0,0.09907747060060501,False,False,0.0,0.0,0.0,[],10.0,10.0,1,10.0,0,0.036533041000012645
aco_current,5,7831,82,13,3,0.0,0.0,0.0,0.0,0.43936213850975037,False,False,0.0,0.0,0.0,[],10.0,10.0,1,10.0,0,0.036533041000012645
aco_current,5,7831,82,13,4,0.0,0.0,0.0,0.0,0.20313307642936707,False,False,0.0,0.0,0.0,[],10.0,10.0,1,10.0,0,0.036533041000012645
aco_current,5,7832,82,14,1,18.0,160.0,178.0,0.89,0.999998927116394,True,True,30.0,148.0,0.0,[1],10.0,10.0,1,10.0,0,0.014834207999996352
aco_current,5,7832,82,14,2,0.0,0.0,0.0,0.0,0.09907747060060501,False,False,0.0,0.0,0.0,[],10.0,10.0,1,10.0,0,0.014834207999996352
aco_current,5,7832,82,14,3,0.0,0.0,0.0,0.0,0.43936213850975037,False,False,0.0,0.0,0.0,[],10.0,10.0,1,10.0,0,0.014834207999996352
aco_current,5,7832,82,14,4,0.0,0.0,0.0,0.0,0.20313307642936707,False,False,0.0,0.0,0.0,[],10.0,10.0,1,10.0,0,0.014834207999996352
aco_current,5,7833,82,14,1,17.0,148.0,165.0,0.825,0.9999538660049438,True,True,30.0,135.0,0.0,[1],10.0,10.0,1,10.0,0,0.010340167000009615
aco_current,5,7833,82,14,2,0.0,0.0,0.0,0.0,0.09907747060060501,False,False,0.0,0.0,0.0,[],10.0,10.0,1,10.0,0,0.010340167000009615
aco_current,5,7833,82,14,3,0.0,0.0,0.0,0.0,0.43936213850975037,False,False,0.0,0.0,0.0,[],10.0,10.0,1,10.0,0,0.010340167000009615
aco_current,5,7833,82,14,4,0.0,0.0,0.0,0.0,0.20313307642936707,False,False,0.0,0.0,0.0,[],10.0,10.0,1,10.0,0,0.010340167000009615
aco_current,5,7834,82,14,1,18.0,135.0,153.0,0.765,0.9994409680366516,False,False,0.0,153.0,0.0,[],0.0,0.0,0,0.0,0,5.124999987060619e-06
aco_current,5,7834,82,14,2,0.0,0.0,0.0,0.0,0.09907747060060501,False,False,0.0,0.0,0.0,[],0.0,0.0,0,0.0,0,5.124999987060619e-06
aco_current,5,7834,82,14,3,0.0,0.0,0.0,0.0,0.43936213850975037,False,False,0.0,0.0,0.0,[],0.0,0.0,0,0.0,0,5.124999987060619e-06
aco_current,5,7834,82,14,4,0.0,0.0,0.0,0.0,0.20313307642936707,False,False,0.0,0.0,0.0,[],0.0,0.0,0,0.0,0,5.124999987060619e-06
aco_current,5,7835,82,14,1,16.0,153.0,169.0,0.845,0.9999766945838928,True,True,30.0,139.0,0.0,[1],10.0,10.0,1,10.0,0,0.0103419999999943
aco_current,5,7835,82,14,2,0.0,0.0,0.0,0.0,0.09907747060060501,False,False,0.0,0.0,0.0,[],10.0,10.0,1,10.0,0,0.0103419999999943
aco_current,5,7835,82,14,3,0.0,0.0,0.0,0.0,0.43936213850975037,False,False,0.0,0.0,0.0,[],10.0,10.0,1,10.0,0,0.0103419999999943
aco_current,5,7835,82,14,4,0.0,0.0,0.0,0.0,0.20313307642936707,False,False,0.0,0.0,0.0,[],10.0,10.0,1,10.0,0,0.0103419999999943
aco_current,5,7836,82,15,1,18.0,139.0,157.0,0.785,0.999759316444397,False,False,0.0,157.0,0.0,[],0.0,0.0,0,0.0,0,2.624999993372512e-06
aco_current,5,7836,82,15,2,0.0,0.0,0.0,0.0,0.09907747060060501,False,False,0.0,0.0,0.0,[],0.0,0.0,0,0.0,0,2.624999993372512e-06
aco_current,5,7836,82,15,3,0.0,0.0,0.0,0.0,0.43936213850975037,False,False,0.0,0.0,0.0,[],0.0,0.0,0,0.0,0,2.624999993372512e-06
aco_current,5,7836,82,15,4,0.0,0.0,0.0,0.0,0.20313307642936707,False,False,0.0,0.0,0.0,[],0.0,0.0,0,0.0,0,2.624999993372512e-06
aco_current,5,7837,82,15,1,17.0,157.0,174.0,0.87,0.9999955296516418,True,True,30.0,144.0,0.0,[1],10.0,10.0,1,10.0,0,0.010128457999996954
aco_current,5,7837,82,15,2,0.0,0.0,0.0,0.0,0.09907747060060501,False,False,0.0,0.0,0.0,[],10.0,10.0,1,10.0,0,0.010128457999996954
aco_current,5,7837,82,15,3,0.0,0.0,0.0,0.0,0.43936213850975037,False,False,0.0,0.0,0.0,[],10.0,10.0,1,10.0,0,0.010128457999996954
aco_current,5,7837,82,15,4,0.0,0.0,0.0,0.0,0.20313307642936707,False,False,0.0,0.0,0.0,[],10.0,10.0,1,10.0,0,0.010128457999996954
aco_current,5,7838,82,15,1,18.0,144.0,162.0,0.81,0.9999291300773621,True,True,30.0,132.0,0.0,[1],10.0,10.0,1,10.0,0,0.010309333000009246
aco_current,5,7838,82,15,2,0.0,0.0,0.0,0.0,0.09907747060060501,False,False,0.0,0.0,0.0,[],10.0,10.0,1,10.0,0,0.010309333000009246
aco_current,5,7838,82,15,3,0.0,0.0,0.0,0.0,0.43936213850975037,False,False,0.0,0.0,0.0,[],10.0,10.0,1,10.0,0,0.010309333000009246
aco_current,5,7838,82,15,4,0.0,0.0,0.0,0.0,0.20313307642936707,False,False,0.0,0.0,0.0,[],10.0,10.0,1,10.0,0,0.010309333000009246
aco_current,5,7839,82,15,1,17.0,132.0,149.0,0.745,0.9986388087272644,False,False,0.0,149.0,0.0,[],0.0,0.0,0,0.0,0,5.958000002692643e-06
aco_current,5,7839,82,15,2,0.0,0.0,0.0,0.0,0.09907747060060501,False,False,0.0,0.0,0.0,[],0.0,0.0,0,0.0,0,5.958000002692643e-06
aco_current,5,7839,82,15,3,0.0,0.0,0.0,0.0,0.43936213850975037,False,False,0.0,0.0,0.0,[],0.0,0.0,0,0.0,0,5.958000002692643e-06
aco_current,5,7839,82,15,4,0.0,0.0,0.0,0.0,0.20313307642936707,False,False,0.0,0.0,0.0,[],0.0,0.0,0,0.0,0,5.958000002692643e-06
aco_current,5,7840,82,16,1,18.0,149.0,167.0,0.835,0.9999805688858032,True,True,30.0,137.0,0.0,[1],10.0,10.0,1,10.0,0,0.010536083999994617
aco_current,5,7840,82,16,2,0.0,0.0,0.0,0.0,0.09907747060060501,False,False,0.0,0.0,0.0,[],10.0,10.0,1,10.0,0,0.010536083999994617
aco_current,5,7840,82,16,3,0.0,0.0,0.0,0.0,0.43936213850975037,False,False,0.0,0.0,0.0,[],10.0,10.0,1,10.0,0,0.010536083999994617
aco_current,5,7840,82,16,4,0.0,0.0,0.0,0.0,0.20313307642936707,False,False,0.0,0.0,0.0,[],10.0,10.0,1,10.0,0,0.010536083999994617
aco_current,5,7841,82,16,1,16.0,137.0,153.0,0.765,0.9988886713981628,False,False,0.0,153.0,0.0,[],0.0,0.0,0,0.0,0,3.040999999370797e-06
aco_current,5,7841,82,16,2,0.0,0.0,0.0,0.0,0.09907747060060501,False,False,0.0,0.0,0.0,[],0.0,0.0,0,0.0,0,3.040999999370797e-06
aco_current,5,7841,82,16,3,0.0,0.0,0.0,0.0,0.43936213850975037,False,False,0.0,0.0,0.0,[],0.0,0.0,0,0.0,0,3.040999999370797e-06
aco_current,5,7841,82,16,4,0.0,0.0,0.0,0.0,0.20313307642936707,False,False,0.0,0.0,0.0,[],0.0,0.0,0,0.0,0,3.040999999370797e-06
aco_current,5,7842,82,16,1,18.0,153.0,171.0,0.855,0.999993085861206,True,True,30.0,141.0,0.0,[1],10.0,10.0,1,10.0,0,0.010516167000005794
aco_current,5,7842,82,16,2,0.0,0.0,0.0,0.0,0.09907747060060501,False,False,0.0,0.0,0.0,[],10.0,10.0,1,10.0,0,0.010516167000005794
aco_current,5,7842,82,16,3,0.0,0.0,0.0,0.0,0.43936213850975037,False,False,0.0,0.0,0.0,[],10.0,10.0,1,10.0,0,0.010516167000005794
aco_current,5,7842,82,16,4,0.0,0.0,0.0,0.0,0.20313307642936707,False,False,0.0,0.0,0.0,[],10.0,10.0,1,10.0,0,0.010516167000005794
aco_current,5,7843,82,16,1,17.0,141.0,158.0,0.79,0.9997239112854004,False,False,0.0,158.0,0.0,[],0.0,0.0,0,0.0,0,3.707999994162492e-06
aco_current,5,7843,82,16,2,0.0,0.0,0.0,0.0,0.09907747060060501,False,False,0.0,0.0,0.0,[],0.0,0.0,0,0.0,0,3.707999994162492e-06
aco_current,5,7843,82,16,3,0.0,0.0,0.0,0.0,0.43936213850975037,False,False,0.0,0.0,0.0,[],0.0,0.0,0,0.0,0,3.707999994162492e-06
aco_current,5,7843,82,16,4,0.0,0.0,0.0,0.0,0.20313307642936707,False,False,0.0,0.0,0.0,[],0.0,0.0,0,0.0,0,3.707999994162492e-06
aco_current,5,7844,82,17,1,18.0,158.0,176.0,0.88,0.999998152256012,True,True,30.0,146.0,0.0,[1],10.0,10.0,1,10.0,0,0.012720082999990723
aco_current,5,7844,82,17,2,0.0,0.0,0.0,0.0,0.09907747060060501,False,False,0.0,0.0,0.0,[],10.0,10.0,1,10.0,0,0.012720082999990723
aco_current,5,7844,82,17,3,0.0,0.0,0.0,0.0,0.43936213850975037,False,False,0.0,0.0,0.0,[],10.0,10.0,1,10.0,0,0.012720082999990723
aco_current,5,7844,82,17,4,0.0,0.0,0.0,0.0,0.20313307642936707,False,False,0.0,0.0,0.0,[],10.0,10.0,1,10.0,0,0.012720082999990723
aco_current,5,7845,82,17,1,16.0,146.0,162.0,0.81,0.9998575448989868,True,True,30.0,132.0,0.0,[1],10.0,10.0,1,10.0,0,0.010178833000011878
aco_current,5,7845,82,17,2,0.0,0.0,0.0,0.0,0.09907747060060501,False,False,0.0,0.0,0.0,[],10.0,10.0,1,10.0,0,0.010178833000011878
aco_current,5,7845,82,17,3,0.0,0.0,0.0,0.0,0.43936213850975037,False,False,0.0,0.0,0.0,[],10.0,10.0,1,10.0,0,0.010178833000011878
aco_current,5,7845,82,17,4,0.0,0.0,0.0,0.0,0.20313307642936707,False,False,0.0,0.0,0.0,[],10.0,10.0,1,10.0,0,0.010178833000011878
aco_current,5,7846,82,17,1,7.0,132.0,139.0,0.695,0.8548738360404968,False,False,0.0,139.0,0.0,[],0.0,0.0,0,0.0,0,4.457999992268924e-06
aco_current,5,7846,82,17,2,0.0,0.0,0.0,0.0,0.09907747060060501,False,False,0.0,0.0,0.0,[],0.0,0.0,0,0.0,0,4.457999992268924e-06
aco_current,5,7846,82,17,3,0.0,0.0,0.0,0.0,0.43936213850975037,False,False,0.0,0.0,0.0,[],0.0,0.0,0,0.0,0,4.457999992268924e-06
aco_current,5,7846,82,17,4,0.0,0.0,0.0,0.0,0.20313307642936707,False,False,0.0,0.0,0.0,[],0.0,0.0,0,0.0,0,4.457999992268924e-06
aco_current,5,7847,82,17,1,8.0,139.0,147.0,0.735,0.9586326479911804,False,False,0.0,147.0,0.0,[],0.0,0.0,0,0.0,0,2.667000003953035e-06
aco_current,5,7847,82,17,2,0.0,0.0,0.0,0.0,0.09907747060060501,False,False,0.0,0.0,0.0,[],0.0,0.0,0,0.0,0,2.667000003953035e-06
aco_current,5,7847,82,17,3,0.0,0.0,0.0,0.0,0.43936213850975037,False,False,0.0,0.0,0.0,[],0.0,0.0,0,0.0,0,2.667000003953035e-06
aco_current,5,7847,82,17,4,0.0,0.0,0.0,0.0,0.20313307642936707,False,False,0.0,0.0,0.0,[],0.0,0.0,0,0.0,0,2.667000003953035e-06
aco_current,5,7848,82,18,1,8.0,147.0,155.0,0.775,0.9873545169830322,False,False,0.0,155.0,0.0,[],0.0,0.0,0,0.0,0,8.70799999574956e-06
aco_current,5,7848,82,18,2,0.0,0.0,0.0,0.0,0.09907747060060501,False,False,0.0,0.0,0.0,[],0.0,0.0,0,0.0,0,8.70799999574956e-06
aco_current,5,7848,82,18,3,0.0,0.0,0.0,0.0,0.43936213850975037,False,False,0.0,0.0,0.0,[],0.0,0.0,0,0.0,0,8.70799999574956e-06
aco_current,5,7848,82,18,4,0.0,0.0,0.0,0.0,0.20313307642936707,False,False,0.0,0.0,0.0,[],0.0,0.0,0,0.0,0,8.70799999574956e-06
aco_current,5,7849,82,18,1,8.0,155.0,163.0,0.815,0.9982759952545166,True,True,30.0,133.0,0.0,[1],10.0,10.0,1,10.0,0,0.012782000000001403
aco_current,5,7849,82,18,2,0.0,0.0,0.0,0.0,0.09907747060060501,False,False,0.0,0.0,0.0,[],10.0,10.0,1,10.0,0,0.012782000000001403
aco_current,5,7849,82,18,3,0.0,0.0,0.0,0.0,0.43936213850975037,False,False,0.0,0.0,0.0,[],10.0,10.0,1,10.0,0,0.012782000000001403
aco_current,5,7849,82,18,4,0.0,0.0,0.0,0.0,0.20313307642936707,False,False,0.0,0.0,0.0,[],10.0,10.0,1,10.0,0,0.012782000000001403
aco_current,5,7850,82,18,1,8.0,133.0,141.0,0.705,0.942298948764801,False,False,0.0,141.0,0.0,[],0.0,0.0,0,0.0,0,5.375000000640284e-06
aco_current,5,7850,82,18,2,0.0,0.0,0.0,0.0,0.09907747060060501,False,False,0.0,0.0,0.0,[],0.0,0.0,0,0.0,0,5.375000000640284e-06
aco_current,5,7850,82,18,3,0.0,0.0,0.0,0.0,0.43936213850975037,False,False,0.0,0.0,0.0,[],0.0,0.0,0,0.0,0,5.375000000640284e-06
aco_current,5,7850,82,18,4,0.0,0.0,0.0,0.0,0.20313307642936707,False,False,0.0,0.0,0.0,[],0.0,0.0,0,0.0,0,5.375000000640284e-06
aco_current,5,7851,82,18,1,8.0,141.0,149.0,0.745,0.9761515259742737,False,False,0.0,149.0,0.0,[],0.0,0.0,0,0.0,0,4.791999998587926e-06
aco_current,5,7851,82,18,2,0.0,0.0,0.0,0.0,0.09907747060060501,False,False,0.0,0.0,0.0,[],0.0,0.0,0,0.0,0,4.791999998587926e-06
aco_current,5,7851,82,18,3,0.0,0.0,0.0,0.0,0.43936213850975037,False,False,0.0,0.0,0.0,[],0.0,0.0,0,0.0,0,4.791999998587926e-06
aco_current,5,7851,82,18,4,0.0,0.0,0.0,0.0,0.20313307642936707,False,False,0.0,0.0,0.0,[],0.0,0.0,0,0.0,0,4.791999998587926e-06
aco_current,5,7852,82,19,1,7.0,149.0,156.0,0.78,0.987200915813446,False,False,0.0,156.0,0.0,[],0.0,0.0,0,0.0,0,3.4999999911633495e-06
aco_current,5,7852,82,19,2,0.0,0.0,0.0,0.0,0.09907747060060501,False,False,0.0,0.0,0.0,[],0.0,0.0,0,0.0,0,3.4999999911633495e-06
aco_current,5,7852,82,19,3,0.0,0.0,0.0,0.0,0.43936213850975037,False,False,0.0,0.0,0.0,[],0.0,0.0,0,0.0,0,3.4999999911633495e-06
aco_current,5,7852,82,19,4,0.0,0.0,0.0,0.0,0.20313307642936707,False,False,0.0,0.0,0.0,[],0.0,0.0,0,0.0,0,3.4999999911633495e-06
aco_current,5,7853,82,19,1,8.0,156.0,164.0,0.82,0.998640239238739,True,True,30.0,134.0,0.0,[1],10.0,10.0,1,10.0,0,0.017047791999999617
aco_current,5,7853,82,19,2,0.0,0.0,0.0,0.0,0.09907747060060501,False,False,0.0,0.0,0.0,[],10.0,10.0,1,10.0,0,0.017047791999999617
aco_current,5,7853,82,19,3,0.0,0.0,0.0,0.0,0.43936213850975037,False,False,0.0,0.0,0.0,[],10.0,10.0,1,10.0,0,0.017047791999999617
aco_current,5,7853,82,19,4,0.0,0.0,0.0,0.0,0.20313307642936707,False,False,0.0,0.0,0.0,[],10.0,10.0,1,10.0,0,0.017047791999999617
aco_current,5,7854,82,19,1,8.0,134.0,142.0,0.71,0.9490352272987366,False,False,0.0,142.0,0.0,[],0.0,0.0,0,0.0,0,4.541999999219115e-06
aco_current,5,7854,82,19,2,0.0,0.0,0.0,0.0,0.09907747060060501,False,False,0.0,0.0,0.0,[],0.0,0.0,0,0.0,0,4.541999999219115e-06
aco_current,5,7854,82,19,3,0.0,0.0,0.0,0.0,0.43936213850975037,False,False,0.0,0.0,0.0,[],0.0,0.0,0,0.0,0,4.541999999219115e-06
aco_current,5,7854,82,19,4,0.0,0.0,0.0,0.0,0.20313307642936707,False,False,0.0,0.0,0.0,[],0.0,0.0,0,0.0,0,4.541999999219115e-06
aco_current,5,7855,82,19,1,8.0,142.0,150.0,0.75,0.9792242646217346,False,False,0.0,150.0,0.0,[],0.0,0.0,0,0.0,0,3.2089999990603246e-06
aco_current,5,7855,82,19,2,0.0,0.0,0.0,0.0,0.09907747060060501,False,False,0.0,0.0,0.0,[],0.0,0.0,0,0.0,0,3.2089999990603246e-06
aco_current,5,7855,82,19,3,0.0,0.0,0.0,0.0,0.43936213850975037,False,False,0.0,0.0,0.0,[],0.0,0.0,0,0.0,0,3.2089999990603246e-06
aco_current,5,7855,82,19,4,0.0,0.0,0.0,0.0,0.20313307642936707,False,False,0.0,0.0,0.0,[],0.0,0.0,0,0.0,0,3.2089999990603246e-06
aco_current,5,7856,82,20,1,6.0,150.0,156.0,0.78,0.9795575141906738,False,False,0.0,156.0,0.0,[],0.0,0.0,0,0.0,0,4.540999995583661e-06
aco_current,5,7856,82,20,2,0.0,0.0,0.0,0.0,0.09907747060060501,False,False,0.0,0.0,0.0,[],0.0,0.0,0,0.0,0,4.540999995583661e-06
aco_current,5,7856,82,20,3,0.0,0.0,0.0,0.0,0.43936213850975037,False,False,0.0,0.0,0.0,[],0.0,0.0,0,0.0,0,4.540999995583661e-06
aco_current,5,7856,82,20,4,0.0,0.0,0.0,0.0,0.20313307642936707,False,False,0.0,0.0,0.0,[],0.0,0.0,0,0.0,0,4.540999995583661e-06
aco_current,5,7857,82,20,1,0.0,156.0,156.0,0.78,0.29466474056243896,False,False,0.0,156.0,0.0,[],0.0,0.0,0,0.0,0,4.207999992900113e-06
aco_current,5,7857,82,20,2,0.0,0.0,0.0,0.0,0.09907747060060501,False,False,0.0,0.0,0.0,[],0.0,0.0,0,0.0,0,4.207999992900113e-06
aco_current,5,7857,82,20,3,0.0,0.0,0.0,0.0,0.43936213850975037,False,False,0.0,0.0,0.0,[],0.0,0.0,0,0.0,0,4.207999992900113e-06
aco_current,5,7857,82,20,4,0.0,0.0,0.0,0.0,0.20313307642936707,False,False,0.0,0.0,0.0,[],0.0,0.0,0,0.0,0,4.207999992900113e-06
aco_current,5,7858,82,20,1,0.0,156.0,156.0,0.78,0.2803569436073303,False,False,0.0,156.0,0.0,[],0.0,0.0,0,0.0,0,4.791999998587926e-06
aco_current,5,7858,82,20,2,0.0,0.0,0.0,0.0,0.09907747060060501,False,False,0.0,0.0,0.0,[],0.0,0.0,0,0.0,0,4.791999998587926e-06
aco_current,5,7858,82,20,3,0.0,0.0,0.0,0.0,0.43936213850975037,False,False,0.0,0.0,0.0,[],0.0,0.0,0,0.0,0,4.791999998587926e-06
aco_current,5,7858,82,20,4,0.0,0.0,0.0,0.0,0.20313307642936707,False,False,0.0,0.0,0.0,[],0.0,0.0,0,0.0,0,4.791999998587926e-06
aco_current,5,7859,82,20,1,0.0,156.0,156.0,0.78,0.28856775164604187,False,False,0.0,156.0,0.0,[],0.0,0.0,0,0.0,0,4.042000000481494e-06
aco_current,5,7859,82,20,2,0.0,0.0,0.0,0.0,0.09907747060060501,False,False,0.0,0.0,0.0,[],0.0,0.0,0,0.0,0,4.042000000481494e-06
aco_current,5,7859,82,20,3,0.0,0.0,0.0,0.0,0.43936213850975037,False,False,0.0,0.0,0.0,[],0.0,0.0,0,0.0,0,4.042000000481494e-06
aco_current,5,7859,82,20,4,0.0,0.0,0.0,0.0,0.20313307642936707,False,False,0.0,0.0,0.0,[],0.0,0.0,0,0.0,0,4.042000000481494e-06
aco_current,5,7860,82,21,1,0.0,156.0,156.0,0.78,0.312997430562973,False,False,0.0,156.0,0.0,[],0.0,0.0,0,0.0,0,3.4579999947936813e-06
aco_current,5,7860,82,21,2,0.0,0.0,0.0,0.0,0.09907747060060501,False,False,0.0,0.0,0.0,[],0.0,0.0,0,0.0,0,3.4579999947936813e-06
aco_current,5,7860,82,21,3,0.0,0.0,0.0,0.0,0.43936213850975037,False,False,0.0,0.0,0.0,[],0.0,0.0,0,0.0,0,3.4579999947936813e-06
aco_current,5,7860,82,21,4,0.0,0.0,0.0,0.0,0.20313307642936707,False,False,0.0,0.0,0.0,[],0.0,0.0,0,0.0,0,3.4579999947936813e-06
aco_current,5,7861,82,21,1,0.0,156.0,156.0,0.78,0.312997430562973,False,False,0.0,156.0,0.0,[],0.0,0.0,0,0.0,0,2.9159999996863917e-06
aco_current,5,7861,82,21,2,0.0,0.0,0.0,0.0,0.09907747060060501,False,False,0.0,0.0,0.0,[],0.0,0.0,0,0.0,0,2.9159999996863917e-06
aco_current,5,7861,82,21,3,0.0,0.0,0.0,0.0,0.43936213850975037,False,False,0.0,0.0,0.0,[],0.0,0.0,0,0.0,0,2.9159999996863917e-06
aco_current,5,7861,82,21,4,0.0,0.0,0.0,0.0,0.20313307642936707,False,False,0.0,0.0,0.0,[],0.0,0.0,0,0.0,0,2.9159999996863917e-06
aco_current,5,7862,82,21,1,0.0,156.0,156.0,0.78,0.312997430562973,False,False,0.0,156.0,0.0,[],0.0,0.0,0,0.0,0,6.292000009011645e-06
aco_current,5,7862,82,21,2,0.0,0.0,0.0,0.0,0.09907747060060501,False,False,0.0,0.0,0.0,[],0.0,0.0,0,0.0,0,6.292000009011645e-06
aco_current,5,7862,82,21,3,0.0,0.0,0.0,0.0,0.43936213850975037,False,False,0.0,0.0,0.0,[],0.0,0.0,0,0.0,0,6.292000009011645e-06
aco_current,5,7862,82,21,4,0.0,0.0,0.0,0.0,0.20313307642936707,False,False,0.0,0.0,0.0,[],0.0,0.0,0,0.0,0,6.292000009011645e-06
aco_current,5,7863,82,21,1,0.0,156.0,156.0,0.78,0.312997430562973,False,False,0.0,156.0,0.0,[],0.0,0.0,0,0.0,0,3.042000003006251e-06
aco_current,5,7863,82,21,2,0.0,0.0,0.0,0.0,0.09907747060060501,False,False,0.0,0.0,0.0,[],0.0,0.0,0,0.0,0,3.042000003006251e-06
aco_current,5,7863,82,21,3,0.0,0.0,0.0,0.0,0.43936213850975037,False,False,0.0,0.0,0.0,[],0.0,0.0,0,0.0,0,3.042000003006251e-06
aco_current,5,7863,82,21,4,0.0,0.0,0.0,0.0,0.20313307642936707,False,False,0.0,0.0,0.0,[],0.0,0.0,0,0.0,0,3.042000003006251e-06
aco_current,5,7864,82,22,1,0.0,156.0,156.0,0.78,0.312997430562973,False,False,0.0,156.0,0.0,[],0.0,0.0,0,0.0,0,3.332999995109276e-06
aco_current,5,7864,82,22,2,0.0,0.0,0.0,0.0,0.09907747060060501,False,False,0.0,0.0,0.0,[],0.0,0.0,0,0.0,0,3.332999995109276e-06
aco_current,5,7864,82,22,3,0.0,0.0,0.0,0.0,0.43936213850975037,False,False,0.0,0.0,0.0,[],0.0,0.0,0,0.0,0,3.332999995109276e-06
aco_current,5,7864,82,22,4,0.0,0.0,0.0,0.0,0.20313307642936707,False,False,0.0,0.0,0.0,[],0.0,0.0,0,0.0,0,3.332999995109276e-06
aco_current,5,7865,82,22,1,0.0,156.0,156.0,0.78,0.312997430562973,False,False,0.0,156.0,0.0,[],0.0,0.0,0,0.0,0,2.375000008214556e-06
aco_current,5,7865,82,22,2,0.0,0.0,0.0,0.0,0.09907747060060501,False,False,0.0,0.0,0.0,[],0.0,0.0,0,0.0,0,2.375000008214556e-06
aco_current,5,7865,82,22,3,0.0,0.0,0.0,0.0,0.43936213850975037,False,False,0.0,0.0,0.0,[],0.0,0.0,0,0.0,0,2.375000008214556e-06
aco_current,5,7865,82,22,4,0.0,0.0,0.0,0.0,0.20313307642936707,False,False,0.0,0.0,0.0,[],0.0,0.0,0,0.0,0,2.375000008214556e-06
aco_current,5,7866,82,22,1,0.0,156.0,156.0,0.78,0.312997430562973,False,False,0.0,156.0,0.0,[],0.0,0.0,0,0.0,0,4.2919999998503044e-06
aco_current,5,7866,82,22,2,0.0,0.0,0.0,0.0,0.09907747060060501,False,False,0.0,0.0,0.0,[],0.0,0.0,0,0.0,0,4.2919999998503044e-06
aco_current,5,7866,82,22,3,0.0,0.0,0.0,0.0,0.43936213850975037,False,False,0.0,0.0,0.0,[],0.0,0.0,0,0.0,0,4.2919999998503044e-06
aco_current,5,7866,82,22,4,0.0,0.0,0.0,0.0,0.20313307642936707,False,False,0.0,0.0,0.0,[],0.0,0.0,0,0.0,0,4.2919999998503044e-06
aco_current,5,7867,82,22,1,0.0,156.0,156.0,0.78,0.312997430562973,False,False,0.0,156.0,0.0,[],0.0,0.0,0,0.0,0,2.9159999996863917e-06
aco_current,5,7867,82,22,2,0.0,0.0,0.0,0.0,0.09907747060060501,False,False,0.0,0.0,0.0,[],0.0,0.0,0,0.0,0,2.9159999996863917e-06
aco_current,5,7867,82,22,3,0.0,0.0,0.0,0.0,0.43936213850975037,False,False,0.0,0.0,0.0,[],0.0,0.0,0,0.0,0,2.9159999996863917e-06
aco_current,5,7867,82,22,4,0.0,0.0,0.0,0.0,0.20313307642936707,False,False,0.0,0.0,0.0,[],0.0,0.0,0,0.0,0,2.9159999996863917e-06
aco_current,5,7868,82,23,1,0.0,156.0,156.0,0.78,0.312997430562973,False,False,0.0,156.0,0.0,[],0.0,0.0,0,0.0,0,3.417000002059467e-06
aco_current,5,7868,82,23,2,0.0,0.0,0.0,0.0,0.09907747060060501,False,False,0.0,0.0,0.0,[],0.0,0.0,0,0.0,0,3.417000002059467e-06
aco_current,5,7868,82,23,3,0.0,0.0,0.0,0.0,0.43936213850975037,False,False,0.0,0.0,0.0,[],0.0,0.0,0,0.0,0,3.417000002059467e-06
aco_current,5,7868,82,23,4,0.0,0.0,0.0,0.0,0.20313307642936707,False,False,0.0,0.0,0.0,[],0.0,0.0,0,0.0,0,3.417000002059467e-06
aco_current,5,7869,82,23,1,0.0,156.0,156.0,0.78,0.312997430562973,False,False,0.0,156.0,0.0,[],0.0,0.0,0,0.0,0,2.375000008214556e-06
aco_current,5,7869,82,23,2,0.0,0.0,0.0,0.0,0.09907747060060501,False,False,0.0,0.0,0.0,[],0.0,0.0,0,0.0,0,2.375000008214556e-06
aco_current,5,7869,82,23,3,0.0,0.0,0.0,0.0,0.43936213850975037,False,False,0.0,0.0,0.0,[],0.0,0.0,0,0.0,0,2.375000008214556e-06
aco_current,5,7869,82,23,4,0.0,0.0,0.0,0.0,0.20313307642936707,False,False,0.0,0.0,0.0,[],0.0,0.0,0,0.0,0,2.375000008214556e-06
aco_current,5,7870,82,23,1,0.0,156.0,156.0,0.78,0.312997430562973,False,False,0.0,156.0,0.0,[],0.0,0.0,0,0.0,0,5.708999992748431e-06
aco_current,5,7870,82,23,2,0.0,0.0,0.0,0.0,0.09907747060060501,False,False,0.0,0.0,0.0,[],0.0,0.0,0,0.0,0,5.708999992748431e-06
aco_current,5,7870,82,23,3,0.0,0.0,0.0,0.0,0.43936213850975037,False,False,0.0,0.0,0.0,[],0.0,0.0,0,0.0,0,5.708999992748431e-06
aco_current,5,7870,82,23,4,0.0,0.0,0.0,0.0,0.20313307642936707,False,False,0.0,0.0,0.0,[],0.0,0.0,0,0.0,0,5.708999992748431e-06
aco_current,5,7871,82,23,1,0.0,156.0,156.0,0.78,0.312997430562973,False,False,0.0,156.0,0.0,[],0.0,0.0,0,0.0,0,3.4999999911633495e-06
aco_current,5,7871,82,23,2,0.0,0.0,0.0,0.0,0.09907747060060501,False,False,0.0,0.0,0.0,[],0.0,0.0,0,0.0,0,3.4999999911633495e-06
aco_current,5,7871,82,23,3,0.0,0.0,0.0,0.0,0.43936213850975037,False,False,0.0,0.0,0.0,[],0.0,0.0,0,0.0,0,3.4999999911633495e-06
aco_current,5,7871,82,23,4,0.0,0.0,0.0,0.0,0.20313307642936707,False,False,0.0,0.0,0.0,[],0.0,0.0,0,0.0,0,3.4999999911633495e-06
aco_current,5,7872,83,0,1,37.0,156.0,193.0,0.965,1.0,True,True,30.0,163.0,0.0,[1],10.0,10.0,1,10.0,0,0.010695499999997082
aco_current,5,7872,83,0,2,0.0,0.0,0.0,0.0,0.09907747060060501,False,False,0.0,0.0,0.0,[],10.0,10.0,1,10.0,0,0.010695499999997082
aco_current,5,7872,83,0,3,0.0,0.0,0.0,0.0,0.43936213850975037,False,False,0.0,0.0,0.0,[],10.0,10.0,1,10.0,0,0.010695499999997082
aco_current,5,7872,83,0,4,0.0,0.0,0.0,0.0,0.20313307642936707,False,False,0.0,0.0,0.0,[],10.0,10.0,1,10.0,0,0.010695499999997082
aco_current,5,7873,83,0,1,39.0,163.0,202.0,1.01,1.0,True,True,30.0,172.0,0.0,[1],10.0,10.0,1,10.0,0,0.03843324999999709
aco_current,5,7873,83,0,2,0.0,0.0,0.0,0.0,0.09907747060060501,False,False,0.0,0.0,0.0,[],10.0,10.0,1,10.0,0,0.03843324999999709
aco_current,5,7873,83,0,3,0.0,0.0,0.0,0.0,0.43936213850975037,False,False,0.0,0.0,0.0,[],10.0,10.0,1,10.0,0,0.03843324999999709
aco_current,5,7873,83,0,4,0.0,0.0,0.0,0.0,0.20313307642936707,False,False,0.0,0.0,0.0,[],10.0,10.0,1,10.0,0,0.03843324999999709
aco_current,5,7874,83,0,1,37.0,172.0,209.0,1.045,1.0,True,True,30.0,179.0,0.0,[1],10.0,10.0,1,10.0,0,0.021503207999998608
aco_current,5,7874,83,0,2,0.0,0.0,0.0,0.0,0.09907747060060501,False,False,0.0,0.0,0.0,[],10.0,10.0,1,10.0,0,0.021503207999998608
aco_current,5,7874,83,0,3,0.0,0.0,0.0,0.0,0.43936213850975037,False,False,0.0,0.0,0.0,[],10.0,10.0,1,10.0,0,0.021503207999998608
aco_current,5,7874,83,0,4,0.0,0.0,0.0,0.0,0.20313307642936707,False,False,0.0,0.0,0.0,[],10.0,10.0,1,10.0,0,0.021503207999998608
aco_current,5,7875,83,0,1,33.0,179.0,212.0,1.06,1.0,True,True,30.0,182.0,0.0,[1],10.0,10.0,1,10.0,0,0.013176584000007097
aco_current,5,7875,83,0,2,0.0,0.0,0.0,0.0,0.09907747060060501,False,False,0.0,0.0,0.0,[],10.0,10.0,1,10.0,0,0.013176584000007097
aco_current,5,7875,83,0,3,0.0,0.0,0.0,0.0,0.43936213850975037,False,False,0.0,0.0,0.0,[],10.0,10.0,1,10.0,0,0.013176584000007097
aco_current,5,7875,83,0,4,0.0,0.0,0.0,0.0,0.20313307642936707,False,False,0.0,0.0,0.0,[],10.0,10.0,1,10.0,0,0.013176584000007097
aco_current,5,7876,83,1,1,27.0,182.0,209.0,1.045,1.0,True,True,30.0,179.0,0.0,[1],10.0,10.0,1,10.0,0,0.01728479100000868
aco_current,5,7876,83,1,2,0.0,0.0,0.0,0.0,0.09907747060060501,False,False,0.0,0.0,0.0,[],10.0,10.0,1,10.0,0,0.01728479100000868
aco_current,5,7876,83,1,3,0.0,0.0,0.0,0.0,0.43936213850975037,False,False,0.0,0.0,0.0,[],10.0,10.0,1,10.0,0,0.01728479100000868
aco_current,5,7876,83,1,4,0.0,0.0,0.0,0.0,0.20313307642936707,False,False,0.0,0.0,0.0,[],10.0,10.0,1,10.0,0,0.01728479100000868
aco_current,5,7877,83,1,1,26.0,179.0,205.0,1.025,1.0,True,True,30.0,175.0,0.0,[1],10.0,10.0,1,10.0,0,0.010677999999998633
aco_current,5,7877,83,1,2,0.0,0.0,0.0,0.0,0.09907747060060501,False,False,0.0,0.0,0.0,[],10.0,10.0,1,10.0,0,0.010677999999998633
aco_current,5,7877,83,1,3,0.0,0.0,0.0,0.0,0.43936213850975037,False,False,0.0,0.0,0.0,[],10.0,10.0,1,10.0,0,0.010677999999998633
aco_current,5,7877,83,1,4,0.0,0.0,0.0,0.0,0.20313307642936707,False,False,0.0,0.0,0.0,[],10.0,10.0,1,10.0,0,0.010677999999998633
aco_current,5,7878,83,1,1,35.0,175.0,210.0,1.05,1.0,True,True,30.0,180.0,0.0,[1],10.0,10.0,1,10.0,0,0.010058374999999842
aco_current,5,7878,83,1,2,0.0,0.0,0.0,0.0,0.09907747060060501,False,False,0.0,0.0,0.0,[],10.0,10.0,1,10.0,0,0.010058374999999842
aco_current,5,7878,83,1,3,0.0,0.0,0.0,0.0,0.43936213850975037,False,False,0.0,0.0,0.0,[],10.0,10.0,1,10.0,0,0.010058374999999842
aco_current,5,7878,83,1,4,0.0,0.0,0.0,0.0,0.20313307642936707,False,False,0.0,0.0,0.0,[],10.0,10.0,1,10.0,0,0.010058374999999842
aco_current,5,7879,83,1,1,36.0,180.0,216.0,1.08,1.0,True,True,30.0,186.0,0.0,[1],10.0,10.0,1,10.0,0,0.010466708999999241
aco_current,5,7879,83,1,2,0.0,0.0,0.0,0.0,0.09907747060060501,False,False,0.0,0.0,0.0,[],10.0,10.0,1,10.0,0,0.010466708999999241
aco_current,5,7879,83,1,3,0.0,0.0,0.0,0.0,0.43936213850975037,False,False,0.0,0.0,0.0,[],10.0,10.0,1,10.0,0,0.010466708999999241
aco_current,5,7879,83,1,4,0.0,0.0,0.0,0.0,0.20313307642936707,False,False,0.0,0.0,0.0,[],10.0,10.0,1,10.0,0,0.010466708999999241
aco_current,5,7880,83,2,1,40.0,186.0,226.0,1.13,1.0,True,True,30.0,196.0,0.0,[1],10.0,10.0,1,10.0,0,0.010373083000004613
aco_current,5,7880,83,2,2,0.0,0.0,0.0,0.0,0.09907747060060501,False,False,0.0,0.0,0.0,[],10.0,10.0,1,10.0,0,0.010373083000004613
aco_current,5,7880,83,2,3,0.0,0.0,0.0,0.0,0.43936213850975037,False,False,0.0,0.0,0.0,[],10.0,10.0,1,10.0,0,0.010373083000004613
aco_current,5,7880,83,2,4,0.0,0.0,0.0,0.0,0.20313307642936707,False,False,0.0,0.0,0.0,[],10.0,10.0,1,10.0,0,0.010373083000004613
aco_current,5,7881,83,2,1,41.0,196.0,237.0,1.185,1.0,True,True,30.0,200.0,7.0,[1],10.0,10.0,1,10.0,0,0.010106457999995655
aco_current,5,7881,83,2,2,0.0,0.0,0.0,0.0,0.09907747060060501,False,False,0.0,0.0,0.0,[],10.0,10.0,1,10.0,0,0.010106457999995655
aco_current,5,7881,83,2,3,0.0,0.0,0.0,0.0,0.43936213850975037,False,False,0.0,0.0,0.0,[],10.0,10.0,1,10.0,0,0.010106457999995655
aco_current,5,7881,83,2,4,0.0,0.0,0.0,0.0,0.20313307642936707,False,False,0.0,0.0,0.0,[],10.0,10.0,1,10.0,0,0.010106457999995655
aco_current,5,7882,83,2,1,37.0,200.0,237.0,1.185,1.0,True,True,30.0,200.0,7.0,[1],10.0,10.0,1,10.0,0,0.010200083000000859
aco_current,5,7882,83,2,2,0.0,0.0,0.0,0.0,0.09907747060060501,False,False,0.0,0.0,0.0,[],10.0,10.0,1,10.0,0,0.010200083000000859
aco_current,5,7882,83,2,3,0.0,0.0,0.0,0.0,0.43936213850975037,False,False,0.0,0.0,0.0,[],10.0,10.0,1,10.0,0,0.010200083000000859
aco_current,5,7882,83,2,4,0.0,0.0,0.0,0.0,0.20313307642936707,False,False,0.0,0.0,0.0,[],10.0,10.0,1,10.0,0,0.010200083000000859
aco_current,5,7883,83,2,1,35.0,200.0,235.0,1.175,1.0,True,True,30.0,200.0,5.0,[1],10.0,10.0,1,10.0,0,0.009832208000005949
aco_current,5,7883,83,2,2,0.0,0.0,0.0,0.0,0.09907747060060501,False,False,0.0,0.0,0.0,[],10.0,10.0,1,10.0,0,0.009832208000005949
aco_current,5,7883,83,2,3,0.0,0.0,0.0,0.0,0.43936213850975037,False,False,0.0,0.0,0.0,[],10.0,10.0,1,10.0,0,0.009832208000005949
aco_current,5,7883,83,2,4,0.0,0.0,0.0,0.0,0.20313307642936707,False,False,0.0,0.0,0.0,[],10.0,10.0,1,10.0,0,0.009832208000005949
aco_current,5,7884,83,3,1,34.0,200.0,234.0,1.17,1.0,True,True,30.0,200.0,4.0,[1],10.0,10.0,1,10.0,0,0.009798207999992314
aco_current,5,7884,83,3,2,0.0,0.0,0.0,0.0,0.09907747060060501,False,False,0.0,0.0,0.0,[],10.0,10.0,1,10.0,0,0.009798207999992314
aco_current,5,7884,83,3,3,0.0,0.0,0.0,0.0,0.43936213850975037,False,False,0.0,0.0,0.0,[],10.0,10.0,1,10.0,0,0.009798207999992314
aco_current,5,7884,83,3,4,0.0,0.0,0.0,0.0,0.20313307642936707,False,False,0.0,0.0,0.0,[],10.0,10.0,1,10.0,0,0.009798207999992314
aco_current,5,7885,83,3,1,35.0,200.0,235.0,1.175,1.0,True,True,30.0,200.0,5.0,[1],10.0,10.0,1,10.0,0,0.014387333000001945
aco_current,5,7885,83,3,2,0.0,0.0,0.0,0.0,0.09907747060060501,False,False,0.0,0.0,0.0,[],10.0,10.0,1,10.0,0,0.014387333000001945
aco_current,5,7885,83,3,3,0.0,0.0,0.0,0.0,0.43936213850975037,False,False,0.0,0.0,0.0,[],10.0,10.0,1,10.0,0,0.014387333000001945
aco_current,5,7885,83,3,4,0.0,0.0,0.0,0.0,0.20313307642936707,False,False,0.0,0.0,0.0,[],10.0,10.0,1,10.0,0,0.014387333000001945
aco_current,5,7886,83,3,1,38.0,200.0,238.0,1.19,1.0,True,True,30.0,200.0,8.0,[1],10.0,10.0,1,10.0,0,0.012604957999997168
aco_current,5,7886,83,3,2,0.0,0.0,0.0,0.0,0.09907747060060501,False,False,0.0,0.0,0.0,[],10.0,10.0,1,10.0,0,0.012604957999997168
aco_current,5,7886,83,3,3,0.0,0.0,0.0,0.0,0.43936213850975037,False,False,0.0,0.0,0.0,[],10.0,10.0,1,10.0,0,0.012604957999997168
aco_current,5,7886,83,3,4,0.0,0.0,0.0,0.0,0.20313307642936707,False,False,0.0,0.0,0.0,[],10.0,10.0,1,10.0,0,0.012604957999997168
aco_current,5,7887,83,3,1,37.0,200.0,237.0,1.185,1.0,True,True,30.0,200.0,7.0,[1],10.0,10.0,1,10.0,0,0.04543141599999956
aco_current,5,7887,83,3,2,0.0,0.0,0.0,0.0,0.09907747060060501,False,False,0.0,0.0,0.0,[],10.0,10.0,1,10.0,0,0.04543141599999956
aco_current,5,7887,83,3,3,0.0,0.0,0.0,0.0,0.43936213850975037,False,False,0.0,0.0,0.0,[],10.0,10.0,1,10.0,0,0.04543141599999956
aco_current,5,7887,83,3,4,0.0,0.0,0.0,0.0,0.20313307642936707,False,False,0.0,0.0,0.0,[],10.0,10.0,1,10.0,0,0.04543141599999956
aco_current,5,7888,83,4,1,39.0,200.0,239.0,1.195,1.0,True,True,30.0,200.0,9.0,[1],10.0,10.0,1,10.0,0,0.02190533299999231
aco_current,5,7888,83,4,2,0.0,0.0,0.0,0.0,0.09907747060060501,False,False,0.0,0.0,0.0,[],10.0,10.0,1,10.0,0,0.02190533299999231
aco_current,5,7888,83,4,3,0.0,0.0,0.0,0.0,0.43936213850975037,False,False,0.0,0.0,0.0,[],10.0,10.0,1,10.0,0,0.02190533299999231
aco_current,5,7888,83,4,4,0.0,0.0,0.0,0.0,0.20313307642936707,False,False,0.0,0.0,0.0,[],10.0,10.0,1,10.0,0,0.02190533299999231
aco_current,5,7889,83,4,1,37.0,200.0,237.0,1.185,1.0,True,True,30.0,200.0,7.0,[1],10.0,10.0,1,10.0,0,0.013702791999989472
aco_current,5,7889,83,4,2,0.0,0.0,0.0,0.0,0.09907747060060501,False,False,0.0,0.0,0.0,[],10.0,10.0,1,10.0,0,0.013702791999989472
aco_current,5,7889,83,4,3,0.0,0.0,0.0,0.0,0.43936213850975037,False,False,0.0,0.0,0.0,[],10.0,10.0,1,10.0,0,0.013702791999989472
aco_current,5,7889,83,4,4,0.0,0.0,0.0,0.0,0.20313307642936707,False,False,0.0,0.0,0.0,[],10.0,10.0,1,10.0,0,0.013702791999989472
aco_current,5,7890,83,4,1,39.0,200.0,239.0,1.195,1.0,True,True,30.0,200.0,9.0,[1],10.0,10.0,1,10.0,0,0.013163332999994282
aco_current,5,7890,83,4,2,0.0,0.0,0.0,0.0,0.09907747060060501,False,False,0.0,0.0,0.0,[],10.0,10.0,1,10.0,0,0.013163332999994282
aco_current,5,7890,83,4,3,0.0,0.0,0.0,0.0,0.43936213850975037,False,False,0.0,0.0,0.0,[],10.0,10.0,1,10.0,0,0.013163332999994282
aco_current,5,7890,83,4,4,0.0,0.0,0.0,0.0,0.20313307642936707,False,False,0.0,0.0,0.0,[],10.0,10.0,1,10.0,0,0.013163332999994282
aco_current,5,7891,83,4,1,36.0,200.0,236.0,1.18,1.0,True,True,30.0,200.0,6.0,[1],10.0,10.0,1,10.0,0,0.014787458000000697
aco_current,5,7891,83,4,2,0.0,0.0,0.0,0.0,0.09907747060060501,False,False,0.0,0.0,0.0,[],10.0,10.0,1,10.0,0,0.014787458000000697
aco_current,5,7891,83,4,3,0.0,0.0,0.0,0.0,0.43936213850975037,False,False,0.0,0.0,0.0,[],10.0,10.0,1,10.0,0,0.014787458000000697
aco_current,5,7891,83,4,4,0.0,0.0,0.0,0.0,0.20313307642936707,False,False,0.0,0.0,0.0,[],10.0,10.0,1,10.0,0,0.014787458000000697
aco_current,5,7892,83,5,1,36.0,200.0,236.0,1.18,1.0,True,True,30.0,200.0,6.0,[1],10.0,10.0,1,10.0,0,0.010752832999997963
aco_current,5,7892,83,5,2,0.0,0.0,0.0,0.0,0.09907747060060501,False,False,0.0,0.0,0.0,[],10.0,10.0,1,10.0,0,0.010752832999997963
aco_current,5,7892,83,5,3,0.0,0.0,0.0,0.0,0.43936213850975037,False,False,0.0,0.0,0.0,[],10.0,10.0,1,10.0,0,0.010752832999997963
aco_current,5,7892,83,5,4,0.0,0.0,0.0,0.0,0.20313307642936707,False,False,0.0,0.0,0.0,[],10.0,10.0,1,10.0,0,0.010752832999997963
aco_current,5,7893,83,5,1,35.0,200.0,235.0,1.175,1.0,True,True,30.0,200.0,5.0,[1],10.0,10.0,1,10.0,0,0.011067957999998157
aco_current,5,7893,83,5,2,0.0,0.0,0.0,0.0,0.09907747060060501,False,False,0.0,0.0,0.0,[],10.0,10.0,1,10.0,0,0.011067957999998157
aco_current,5,7893,83,5,3,0.0,0.0,0.0,0.0,0.43936213850975037,False,False,0.0,0.0,0.0,[],10.0,10.0,1,10.0,0,0.011067957999998157
aco_current,5,7893,83,5,4,0.0,0.0,0.0,0.0,0.20313307642936707,False,False,0.0,0.0,0.0,[],10.0,10.0,1,10.0,0,0.011067957999998157
aco_current,5,7894,83,5,1,35.0,200.0,235.0,1.175,1.0,True,True,30.0,200.0,5.0,[1],10.0,10.0,1,10.0,0,0.012258750000000873
aco_current,5,7894,83,5,2,0.0,0.0,0.0,0.0,0.09907747060060501,False,False,0.0,0.0,0.0,[],10.0,10.0,1,10.0,0,0.012258750000000873
aco_current,5,7894,83,5,3,0.0,0.0,0.0,0.0,0.43936213850975037,False,False,0.0,0.0,0.0,[],10.0,10.0,1,10.0,0,0.012258750000000873
aco_current,5,7894,83,5,4,0.0,0.0,0.0,0.0,0.20313307642936707,False,False,0.0,0.0,0.0,[],10.0,10.0,1,10.0,0,0.012258750000000873
aco_current,5,7895,83,5,1,34.0,200.0,234.0,1.17,1.0,True,True,30.0,200.0,4.0,[1],10.0,10.0,1,10.0,0,0.012631958000000054
aco_current,5,7895,83,5,2,0.0,0.0,0.0,0.0,0.09907747060060501,False,False,0.0,0.0,0.0,[],10.0,10.0,1,10.0,0,0.012631958000000054
aco_current,5,7895,83,5,3,0.0,0.0,0.0,0.0,0.43936213850975037,False,False,0.0,0.0,0.0,[],10.0,10.0,1,10.0,0,0.012631958000000054
aco_current,5,7895,83,5,4,0.0,0.0,0.0,0.0,0.20313307642936707,False,False,0.0,0.0,0.0,[],10.0,10.0,1,10.0,0,0.012631958000000054
aco_current,5,7896,83,6,1,39.0,200.0,239.0,1.195,1.0,True,True,30.0,200.0,9.0,[1],10.0,10.0,1,10.0,0,0.01333533300000056
aco_current,5,7896,83,6,2,0.0,0.0,0.0,0.0,0.09907747060060501,False,False,0.0,0.0,0.0,[],10.0,10.0,1,10.0,0,0.01333533300000056
aco_current,5,7896,83,6,3,0.0,0.0,0.0,0.0,0.43936213850975037,False,False,0.0,0.0,0.0,[],10.0,10.0,1,10.0,0,0.01333533300000056
aco_current,5,7896,83,6,4,0.0,0.0,0.0,0.0,0.20313307642936707,False,False,0.0,0.0,0.0,[],10.0,10.0,1,10.0,0,0.01333533300000056
aco_current,5,7897,83,6,1,39.0,200.0,239.0,1.195,1.0,True,True,30.0,200.0,9.0,[1],10.0,10.0,1,10.0,0,0.011855000000011273
aco_current,5,7897,83,6,2,0.0,0.0,0.0,0.0,0.09907747060060501,False,False,0.0,0.0,0.0,[],10.0,10.0,1,10.0,0,0.011855000000011273
aco_current,5,7897,83,6,3,0.0,0.0,0.0,0.0,0.43936213850975037,False,False,0.0,0.0,0.0,[],10.0,10.0,1,10.0,0,0.011855000000011273
aco_current,5,7897,83,6,4,0.0,0.0,0.0,0.0,0.20313307642936707,False,False,0.0,0.0,0.0,[],10.0,10.0,1,10.0,0,0.011855000000011273
aco_current,5,7898,83,6,1,40.0,200.0,240.0,1.2,1.0,True,True,30.0,200.0,10.0,[1],10.0,10.0,1,10.0,0,0.017098042000000646
aco_current,5,7898,83,6,2,0.0,0.0,0.0,0.0,0.09907747060060501,False,False,0.0,0.0,0.0,[],10.0,10.0,1,10.0,0,0.017098042000000646
aco_current,5,7898,83,6,3,0.0,0.0,0.0,0.0,0.43936213850975037,False,False,0.0,0.0,0.0,[],10.0,10.0,1,10.0,0,0.017098042000000646
aco_current,5,7898,83,6,4,0.0,0.0,0.0,0.0,0.20313307642936707,False,False,0.0,0.0,0.0,[],10.0,10.0,1,10.0,0,0.017098042000000646
aco_current,5,7899,83,6,1,39.0,200.0,239.0,1.195,1.0,True,True,30.0,200.0,9.0,[1],10.0,10.0,1,10.0,0,0.011206041999997751
aco_current,5,7899,83,6,2,0.0,0.0,0.0,0.0,0.09907747060060501,False,False,0.0,0.0,0.0,[],10.0,10.0,1,10.0,0,0.011206041999997751
aco_current,5,7899,83,6,3,0.0,0.0,0.0,0.0,0.43936213850975037,False,False,0.0,0.0,0.0,[],10.0,10.0,1,10.0,0,0.011206041999997751
aco_current,5,7899,83,6,4,0.0,0.0,0.0,0.0,0.20313307642936707,False,False,0.0,0.0,0.0,[],10.0,10.0,1,10.0,0,0.011206041999997751
aco_current,5,7900,83,7,1,39.0,200.0,239.0,1.195,1.0,True,True,30.0,200.0,9.0,[1],10.0,10.0,1,10.0,0,0.010642458000006627
aco_current,5,7900,83,7,2,0.0,0.0,0.0,0.0,0.09907747060060501,False,False,0.0,0.0,0.0,[],10.0,10.0,1,10.0,0,0.010642458000006627
aco_current,5,7900,83,7,3,0.0,0.0,0.0,0.0,0.43936213850975037,False,False,0.0,0.0,0.0,[],10.0,10.0,1,10.0,0,0.010642458000006627
aco_current,5,7900,83,7,4,0.0,0.0,0.0,0.0,0.20313307642936707,False,False,0.0,0.0,0.0,[],10.0,10.0,1,10.0,0,0.010642458000006627
aco_current,5,7901,83,7,1,39.0,200.0,239.0,1.195,1.0,True,True,30.0,200.0,9.0,[1],10.0,10.0,1,10.0,0,0.009965084000000957
aco_current,5,7901,83,7,2,0.0,0.0,0.0,0.0,0.09907747060060501,False,False,0.0,0.0,0.0,[],10.0,10.0,1,10.0,0,0.009965084000000957
aco_current,5,7901,83,7,3,0.0,0.0,0.0,0.0,0.43936213850975037,False,False,0.0,0.0,0.0,[],10.0,10.0,1,10.0,0,0.009965084000000957
aco_current,5,7901,83,7,4,0.0,0.0,0.0,0.0,0.20313307642936707,False,False,0.0,0.0,0.0,[],10.0,10.0,1,10.0,0,0.009965084000000957
aco_current,5,7902,83,7,1,36.0,200.0,236.0,1.18,1.0,True,True,30.0,200.0,6.0,[1],10.0,10.0,1,10.0,0,0.009854958999994778
aco_current,5,7902,83,7,2,0.0,0.0,0.0,0.0,0.09907747060060501,False,False,0.0,0.0,0.0,[],10.0,10.0,1,10.0,0,0.009854958999994778
aco_current,5,7902,83,7,3,0.0,0.0,0.0,0.0,0.43936213850975037,False,False,0.0,0.0,0.0,[],10.0,10.0,1,10.0,0,0.009854958999994778
aco_current,5,7902,83,7,4,0.0,0.0,0.0,0.0,0.20313307642936707,False,False,0.0,0.0,0.0,[],10.0,10.0,1,10.0,0,0.009854958999994778
aco_current,5,7903,83,7,1,31.0,200.0,231.0,1.155,1.0,True,True,30.0,200.0,1.0,[1],10.0,10.0,1,10.0,0,0.009719250000003399
aco_current,5,7903,83,7,2,0.0,0.0,0.0,0.0,0.09907747060060501,False,False,0.0,0.0,0.0,[],10.0,10.0,1,10.0,0,0.009719250000003399
aco_current,5,7903,83,7,3,0.0,0.0,0.0,0.0,0.43936213850975037,False,False,0.0,0.0,0.0,[],10.0,10.0,1,10.0,0,0.009719250000003399
aco_current,5,7903,83,7,4,0.0,0.0,0.0,0.0,0.20313307642936707,False,False,0.0,0.0,0.0,[],10.0,10.0,1,10.0,0,0.009719250000003399
aco_current,5,7904,83,8,1,33.0,200.0,233.0,1.165,1.0,True,True,30.0,200.0,3.0,[1],10.0,10.0,1,10.0,0,0.00978849999999909
aco_current,5,7904,83,8,2,0.0,0.0,0.0,0.0,0.09907747060060501,False,False,0.0,0.0,0.0,[],10.0,10.0,1,10.0,0,0.00978849999999909
aco_current,5,7904,83,8,3,0.0,0.0,0.0,0.0,0.43936213850975037,False,False,0.0,0.0,0.0,[],10.0,10.0,1,10.0,0,0.00978849999999909
aco_current,5,7904,83,8,4,0.0,0.0,0.0,0.0,0.20313307642936707,False,False,0.0,0.0,0.0,[],10.0,10.0,1,10.0,0,0.00978849999999909
aco_current,5,7905,83,8,1,31.0,200.0,231.0,1.155,1.0,True,True,30.0,200.0,1.0,[1],10.0,10.0,1,10.0,0,0.009826541999998994
aco_current,5,7905,83,8,2,0.0,0.0,0.0,0.0,0.09907747060060501,False,False,0.0,0.0,0.0,[],10.0,10.0,1,10.0,0,0.009826541999998994
aco_current,5,7905,83,8,3,0.0,0.0,0.0,0.0,0.43936213850975037,False,False,0.0,0.0,0.0,[],10.0,10.0,1,10.0,0,0.009826541999998994
aco_current,5,7905,83,8,4,0.0,0.0,0.0,0.0,0.20313307642936707,False,False,0.0,0.0,0.0,[],10.0,10.0,1,10.0,0,0.009826541999998994
aco_current,5,7906,83,8,1,32.0,200.0,232.0,1.16,1.0,True,True,30.0,200.0,2.0,[1],10.0,10.0,1,10.0,0,0.010589916999990123
aco_current,5,7906,83,8,2,0.0,0.0,0.0,0.0,0.09907747060060501,False,False,0.0,0.0,0.0,[],10.0,10.0,1,10.0,0,0.010589916999990123
aco_current,5,7906,83,8,3,0.0,0.0,0.0,0.0,0.43936213850975037,False,False,0.0,0.0,0.0,[],10.0,10.0,1,10.0,0,0.010589916999990123
aco_current,5,7906,83,8,4,0.0,0.0,0.0,0.0,0.20313307642936707,False,False,0.0,0.0,0.0,[],10.0,10.0,1,10.0,0,0.010589916999990123
aco_current,5,7907,83,8,1,31.0,200.0,231.0,1.155,1.0,True,True,30.0,200.0,1.0,[1],10.0,10.0,1,10.0,0,0.010078540999998609
aco_current,5,7907,83,8,2,0.0,0.0,0.0,0.0,0.09907747060060501,False,False,0.0,0.0,0.0,[],10.0,10.0,1,10.0,0,0.010078540999998609
aco_current,5,7907,83,8,3,0.0,0.0,0.0,0.0,0.43936213850975037,False,False,0.0,0.0,0.0,[],10.0,10.0,1,10.0,0,0.010078540999998609
aco_current,5,7907,83,8,4,0.0,0.0,0.0,0.0,0.20313307642936707,False,False,0.0,0.0,0.0,[],10.0,10.0,1,10.0,0,0.010078540999998609
aco_current,5,7908,83,9,1,31.0,200.0,231.0,1.155,1.0,True,True,30.0,200.0,1.0,[1],10.0,10.0,1,10.0,0,0.010190291000000684
aco_current,5,7908,83,9,2,0.0,0.0,0.0,0.0,0.09907747060060501,False,False,0.0,0.0,0.0,[],10.0,10.0,1,10.0,0,0.010190291000000684
aco_current,5,7908,83,9,3,0.0,0.0,0.0,0.0,0.43936213850975037,False,False,0.0,0.0,0.0,[],10.0,10.0,1,10.0,0,0.010190291000000684
aco_current,5,7908,83,9,4,0.0,0.0,0.0,0.0,0.20313307642936707,False,False,0.0,0.0,0.0,[],10.0,10.0,1,10.0,0,0.010190291000000684
aco_current,5,7909,83,9,1,31.0,200.0,231.0,1.155,1.0,True,True,30.0,200.0,1.0,[1],10.0,10.0,1,10.0,0,0.010337500000005662
aco_current,5,7909,83,9,2,0.0,0.0,0.0,0.0,0.09907747060060501,False,False,0.0,0.0,0.0,[],10.0,10.0,1,10.0,0,0.010337500000005662
aco_current,5,7909,83,9,3,0.0,0.0,0.0,0.0,0.43936213850975037,False,False,0.0,0.0,0.0,[],10.0,10.0,1,10.0,0,0.010337500000005662
aco_current,5,7909,83,9,4,0.0,0.0,0.0,0.0,0.20313307642936707,False,False,0.0,0.0,0.0,[],10.0,10.0,1,10.0,0,0.010337500000005662
aco_current,5,7910,83,9,1,21.0,200.0,221.0,1.105,1.0,True,True,30.0,191.0,0.0,[1],10.0,10.0,1,10.0,0,0.010462415999995756
aco_current,5,7910,83,9,2,0.0,0.0,0.0,0.0,0.09907747060060501,False,False,0.0,0.0,0.0,[],10.0,10.0,1,10.0,0,0.010462415999995756
aco_current,5,7910,83,9,3,0.0,0.0,0.0,0.0,0.43936213850975037,False,False,0.0,0.0,0.0,[],10.0,10.0,1,10.0,0,0.010462415999995756
aco_current,5,7910,83,9,4,0.0,0.0,0.0,0.0,0.20313307642936707,False,False,0.0,0.0,0.0,[],10.0,10.0,1,10.0,0,0.010462415999995756
aco_current,5,7911,83,9,1,19.0,191.0,210.0,1.05,1.0,True,True,30.0,180.0,0.0,[1],10.0,10.0,1,10.0,0,0.009829041999992683
aco_current,5,7911,83,9,2,0.0,0.0,0.0,0.0,0.09907747060060501,False,False,0.0,0.0,0.0,[],10.0,10.0,1,10.0,0,0.009829041999992683
aco_current,5,7911,83,9,3,0.0,0.0,0.0,0.0,0.43936213850975037,False,False,0.0,0.0,0.0,[],10.0,10.0,1,10.0,0,0.009829041999992683
aco_current,5,7911,83,9,4,0.0,0.0,0.0,0.0,0.20313307642936707,False,False,0.0,0.0,0.0,[],10.0,10.0,1,10.0,0,0.009829041999992683
aco_current,5,7912,83,10,1,19.0,180.0,199.0,0.995,1.0,True,True,30.0,169.0,0.0,[1],10.0,10.0,1,10.0,0,0.00974187500000312
aco_current,5,7912,83,10,2,0.0,0.0,0.0,0.0,0.09907747060060501,False,False,0.0,0.0,0.0,[],10.0,10.0,1,10.0,0,0.00974187500000312
aco_current,5,7912,83,10,3,0.0,0.0,0.0,0.0,0.43936213850975037,False,False,0.0,0.0,0.0,[],10.0,10.0,1,10.0,0,0.00974187500000312
aco_current,5,7912,83,10,4,0.0,0.0,0.0,0.0,0.20313307642936707,False,False,0.0,0.0,0.0,[],10.0,10.0,1,10.0,0,0.00974187500000312
aco_current,5,7913,83,10,1,19.0,169.0,188.0,0.94,1.0,True,True,30.0,158.0,0.0,[1],10.0,10.0,1,10.0,0,0.01129237500001068
aco_current,5,7913,83,10,2,0.0,0.0,0.0,0.0,0.09907747060060501,False,False,0.0,0.0,0.0,[],10.0,10.0,1,10.0,0,0.01129237500001068
aco_current,5,7913,83,10,3,0.0,0.0,0.0,0.0,0.43936213850975037,False,False,0.0,0.0,0.0,[],10.0,10.0,1,10.0,0,0.01129237500001068
aco_current,5,7913,83,10,4,0.0,0.0,0.0,0.0,0.20313307642936707,False,False,0.0,0.0,0.0,[],10.0,10.0,1,10.0,0,0.01129237500001068
aco_current,5,7914,83,10,1,19.0,158.0,177.0,0.885,0.9999990463256836,True,True,30.0,147.0,0.0,[1],10.0,10.0,1,10.0,0,0.01044945900000016
aco_current,5,7914,83,10,2,0.0,0.0,0.0,0.0,0.09907747060060501,False,False,0.0,0.0,0.0,[],10.0,10.0,1,10.0,0,0.01044945900000016
aco_current,5,7914,83,10,3,0.0,0.0,0.0,0.0,0.43936213850975037,False,False,0.0,0.0,0.0,[],10.0,10.0,1,10.0,0,0.01044945900000016
aco_current,5,7914,83,10,4,0.0,0.0,0.0,0.0,0.20313307642936707,False,False,0.0,0.0,0.0,[],10.0,10.0,1,10.0,0,0.01044945900000016
aco_current,5,7915,83,10,1,19.0,147.0,166.0,0.83,0.9999828338623047,True,True,30.0,136.0,0.0,[1],10.0,10.0,1,10.0,0,0.009832500000001687
aco_current,5,7915,83,10,2,0.0,0.0,0.0,0.0,0.09907747060060501,False,False,0.0,0.0,0.0,[],10.0,10.0,1,10.0,0,0.009832500000001687
aco_current,5,7915,83,10,3,0.0,0.0,0.0,0.0,0.43936213850975037,False,False,0.0,0.0,0.0,[],10.0,10.0,1,10.0,0,0.009832500000001687
aco_current,5,7915,83,10,4,0.0,0.0,0.0,0.0,0.20313307642936707,False,False,0.0,0.0,0.0,[],10.0,10.0,1,10.0,0,0.009832500000001687
aco_current,5,7916,83,11,1,19.0,136.0,155.0,0.775,0.9997391700744629,False,False,0.0,155.0,0.0,[],0.0,0.0,0,0.0,0,3.833999997482351e-06
aco_current,5,7916,83,11,2,0.0,0.0,0.0,0.0,0.09907747060060501,False,False,0.0,0.0,0.0,[],0.0,0.0,0,0.0,0,3.833999997482351e-06
aco_current,5,7916,83,11,3,0.0,0.0,0.0,0.0,0.43936213850975037,False,False,0.0,0.0,0.0,[],0.0,0.0,0,0.0,0,3.833999997482351e-06
aco_current,5,7916,83,11,4,0.0,0.0,0.0,0.0,0.20313307642936707,False,False,0.0,0.0,0.0,[],0.0,0.0,0,0.0,0,3.833999997482351e-06
aco_current,5,7917,83,11,1,19.0,155.0,174.0,0.87,0.9999978542327881,True,True,30.0,144.0,0.0,[1],10.0,10.0,1,10.0,0,0.009763915999997153
aco_current,5,7917,83,11,2,0.0,0.0,0.0,0.0,0.09907747060060501,False,False,0.0,0.0,0.0,[],10.0,10.0,1,10.0,0,0.009763915999997153
aco_current,5,7917,83,11,3,0.0,0.0,0.0,0.0,0.43936213850975037,False,False,0.0,0.0,0.0,[],10.0,10.0,1,10.0,0,0.009763915999997153
aco_current,5,7917,83,11,4,0.0,0.0,0.0,0.0,0.20313307642936707,False,False,0.0,0.0,0.0,[],10.0,10.0,1,10.0,0,0.009763915999997153
aco_current,5,7918,83,11,1,19.0,144.0,163.0,0.815,0.9999627470970154,True,True,30.0,133.0,0.0,[1],10.0,10.0,1,10.0,0,0.009801833000011584
aco_current,5,7918,83,11,2,0.0,0.0,0.0,0.0,0.09907747060060501,False,False,0.0,0.0,0.0,[],10.0,10.0,1,10.0,0,0.009801833000011584
aco_current,5,7918,83,11,3,0.0,0.0,0.0,0.0,0.43936213850975037,False,False,0.0,0.0,0.0,[],10.0,10.0,1,10.0,0,0.009801833000011584
aco_current,5,7918,83,11,4,0.0,0.0,0.0,0.0,0.20313307642936707,False,False,0.0,0.0,0.0,[],10.0,10.0,1,10.0,0,0.009801833000011584
aco_current,5,7919,83,11,1,18.0,133.0,151.0,0.755,0.9992603063583374,False,False,0.0,151.0,0.0,[],0.0,0.0,0,0.0,0,3.415999998424013e-06
aco_current,5,7919,83,11,2,0.0,0.0,0.0,0.0,0.09907747060060501,False,False,0.0,0.0,0.0,[],0.0,0.0,0,0.0,0,3.415999998424013e-06
aco_current,5,7919,83,11,3,0.0,0.0,0.0,0.0,0.43936213850975037,False,False,0.0,0.0,0.0,[],0.0,0.0,0,0.0,0,3.415999998424013e-06
aco_current,5,7919,83,11,4,0.0,0.0,0.0,0.0,0.20313307642936707,False,False,0.0,0.0,0.0,[],0.0,0.0,0,0.0,0,3.415999998424013e-06
aco_current,5,7920,83,12,1,19.0,151.0,170.0,0.85,0.9999938607215881,True,True,30.0,140.0,0.0,[1],10.0,10.0,1,10.0,0,0.009629500000002622
aco_current,5,7920,83,12,2,0.0,0.0,0.0,0.0,0.09907747060060501,False,False,0.0,0.0,0.0,[],10.0,10.0,1,10.0,0,0.009629500000002622
aco_current,5,7920,83,12,3,0.0,0.0,0.0,0.0,0.43936213850975037,False,False,0.0,0.0,0.0,[],10.0,10.0,1,10.0,0,0.009629500000002622
aco_current,5,7920,83,12,4,0.0,0.0,0.0,0.0,0.20313307642936707,False,False,0.0,0.0,0.0,[],10.0,10.0,1,10.0,0,0.009629500000002622
aco_current,5,7921,83,12,1,20.0,140.0,160.0,0.8,0.9999430179595947,True,True,30.0,130.0,0.0,[1],10.0,10.0,1,10.0,0,0.00949529200001109
aco_current,5,7921,83,12,2,0.0,0.0,0.0,0.0,0.09907747060060501,False,False,0.0,0.0,0.0,[],10.0,10.0,1,10.0,0,0.00949529200001109
aco_current,5,7921,83,12,3,0.0,0.0,0.0,0.0,0.43936213850975037,False,False,0.0,0.0,0.0,[],10.0,10.0,1,10.0,0,0.00949529200001109
aco_current,5,7921,83,12,4,0.0,0.0,0.0,0.0,0.20313307642936707,False,False,0.0,0.0,0.0,[],10.0,10.0,1,10.0,0,0.00949529200001109
aco_current,5,7922,83,12,1,19.0,130.0,149.0,0.745,0.9993076920509338,False,False,0.0,149.0,0.0,[],0.0,0.0,0,0.0,0,3.4999999911633495e-06
aco_current,5,7922,83,12,2,0.0,0.0,0.0,0.0,0.09907747060060501,False,False,0.0,0.0,0.0,[],0.0,0.0,0,0.0,0,3.4999999911633495e-06
aco_current,5,7922,83,12,3,0.0,0.0,0.0,0.0,0.43936213850975037,False,False,0.0,0.0,0.0,[],0.0,0.0,0,0.0,0,3.4999999911633495e-06
aco_current,5,7922,83,12,4,0.0,0.0,0.0,0.0,0.20313307642936707,False,False,0.0,0.0,0.0,[],0.0,0.0,0,0.0,0,3.4999999911633495e-06
aco_current,5,7923,83,12,1,19.0,149.0,168.0,0.84,0.9999898076057434,True,True,30.0,138.0,0.0,[1],10.0,10.0,1,10.0,0,0.009929041999996002
aco_current,5,7923,83,12,2,0.0,0.0,0.0,0.0,0.09907747060060501,False,False,0.0,0.0,0.0,[],10.0,10.0,1,10.0,0,0.009929041999996002
aco_current,5,7923,83,12,3,0.0,0.0,0.0,0.0,0.43936213850975037,False,False,0.0,0.0,0.0,[],10.0,10.0,1,10.0,0,0.009929041999996002
aco_current,5,7923,83,12,4,0.0,0.0,0.0,0.0,0.20313307642936707,False,False,0.0,0.0,0.0,[],10.0,10.0,1,10.0,0,0.009929041999996002
aco_current,5,7924,83,13,1,19.0,138.0,157.0,0.785,0.9998347759246826,False,False,0.0,157.0,0.0,[],0.0,0.0,0,0.0,0,2.7499999930569174e-06
aco_current,5,7924,83,13,2,0.0,0.0,0.0,0.0,0.09907747060060501,False,False,0.0,0.0,0.0,[],0.0,0.0,0,0.0,0,2.7499999930569174e-06
aco_current,5,7924,83,13,3,0.0,0.0,0.0,0.0,0.43936213850975037,False,False,0.0,0.0,0.0,[],0.0,0.0,0,0.0,0,2.7499999930569174e-06
aco_current,5,7924,83,13,4,0.0,0.0,0.0,0.0,0.20313307642936707,False,False,0.0,0.0,0.0,[],0.0,0.0,0,0.0,0,2.7499999930569174e-06
aco_current,5,7925,83,13,1,18.0,157.0,175.0,0.875,0.9999976754188538,True,True,30.0,145.0,0.0,[1],10.0,10.0,1,10.0,0,0.00974645900001292
aco_current,5,7925,83,13,2,0.0,0.0,0.0,0.0,0.09907747060060501,False,False,0.0,0.0,0.0,[],10.0,10.0,1,10.0,0,0.00974645900001292
aco_current,5,7925,83,13,3,0.0,0.0,0.0,0.0,0.43936213850975037,False,False,0.0,0.0,0.0,[],10.0,10.0,1,10.0,0,0.00974645900001292
aco_current,5,7925,83,13,4,0.0,0.0,0.0,0.0,0.20313307642936707,False,False,0.0,0.0,0.0,[],10.0,10.0,1,10.0,0,0.00974645900001292
aco_current,5,7926,83,13,1,19.0,145.0,164.0,0.82,0.9999710917472839,True,True,30.0,134.0,0.0,[1],10.0,10.0,1,10.0,0,0.010722291999996969
aco_current,5,7926,83,13,2,0.0,0.0,0.0,0.0,0.09907747060060501,False,False,0.0,0.0,0.0,[],10.0,10.0,1,10.0,0,0.010722291999996969
aco_current,5,7926,83,13,3,0.0,0.0,0.0,0.0,0.43936213850975037,False,False,0.0,0.0,0.0,[],10.0,10.0,1,10.0,0,0.010722291999996969
aco_current,5,7926,83,13,4,0.0,0.0,0.0,0.0,0.20313307642936707,False,False,0.0,0.0,0.0,[],10.0,10.0,1,10.0,0,0.010722291999996969
aco_current,5,7927,83,13,1,19.0,134.0,153.0,0.765,0.9996039867401123,False,False,0.0,153.0,0.0,[],0.0,0.0,0,0.0,0,4.541000009794516e-06
aco_current,5,7927,83,13,2,0.0,0.0,0.0,0.0,0.09907747060060501,False,False,0.0,0.0,0.0,[],0.0,0.0,0,0.0,0,4.541000009794516e-06
aco_current,5,7927,83,13,3,0.0,0.0,0.0,0.0,0.43936213850975037,False,False,0.0,0.0,0.0,[],0.0,0.0,0,0.0,0,4.541000009794516e-06
aco_current,5,7927,83,13,4,0.0,0.0,0.0,0.0,0.20313307642936707,False,False,0.0,0.0,0.0,[],0.0,0.0,0,0.0,0,4.541000009794516e-06
aco_current,5,7928,83,14,1,19.0,153.0,172.0,0.86,0.9999963641166687,True,True,30.0,142.0,0.0,[1],10.0,10.0,1,10.0,0,0.00976654199999416
aco_current,5,7928,83,14,2,0.0,0.0,0.0,0.0,0.09907747060060501,False,False,0.0,0.0,0.0,[],10.0,10.0,1,10.0,0,0.00976654199999416
aco_current,5,7928,83,14,3,0.0,0.0,0.0,0.0,0.43936213850975037,False,False,0.0,0.0,0.0,[],10.0,10.0,1,10.0,0,0.00976654199999416
aco_current,5,7928,83,14,4,0.0,0.0,0.0,0.0,0.20313307642936707,False,False,0.0,0.0,0.0,[],10.0,10.0,1,10.0,0,0.00976654199999416
aco_current,5,7929,83,14,1,19.0,142.0,161.0,0.805,0.9999375939369202,True,True,30.0,131.0,0.0,[1],10.0,10.0,1,10.0,0,0.009622959000012088
aco_current,5,7929,83,14,2,0.0,0.0,0.0,0.0,0.09907747060060501,False,False,0.0,0.0,0.0,[],10.0,10.0,1,10.0,0,0.009622959000012088
aco_current,5,7929,83,14,3,0.0,0.0,0.0,0.0,0.43936213850975037,False,False,0.0,0.0,0.0,[],10.0,10.0,1,10.0,0,0.009622959000012088
aco_current,5,7929,83,14,4,0.0,0.0,0.0,0.0,0.20313307642936707,False,False,0.0,0.0,0.0,[],10.0,10.0,1,10.0,0,0.009622959000012088
aco_current,5,7930,83,14,1,19.0,131.0,150.0,0.75,0.9993962645530701,False,False,0.0,150.0,0.0,[],0.0,0.0,0,0.0,0,3.1659999990552024e-06
aco_current,5,7930,83,14,2,0.0,0.0,0.0,0.0,0.09907747060060501,False,False,0.0,0.0,0.0,[],0.0,0.0,0,0.0,0,3.1659999990552024e-06
aco_current,5,7930,83,14,3,0.0,0.0,0.0,0.0,0.43936213850975037,False,False,0.0,0.0,0.0,[],0.0,0.0,0,0.0,0,3.1659999990552024e-06
aco_current,5,7930,83,14,4,0.0,0.0,0.0,0.0,0.20313307642936707,False,False,0.0,0.0,0.0,[],0.0,0.0,0,0.0,0,3.1659999990552024e-06
aco_current,5,7931,83,14,1,19.0,150.0,169.0,0.845,0.9999920725822449,True,True,30.0,139.0,0.0,[1],10.0,10.0,1,10.0,0,0.009973291999997969
aco_current,5,7931,83,14,2,0.0,0.0,0.0,0.0,0.09907747060060501,False,False,0.0,0.0,0.0,[],10.0,10.0,1,10.0,0,0.009973291999997969
aco_current,5,7931,83,14,3,0.0,0.0,0.0,0.0,0.43936213850975037,False,False,0.0,0.0,0.0,[],10.0,10.0,1,10.0,0,0.009973291999997969
aco_current,5,7931,83,14,4,0.0,0.0,0.0,0.0,0.20313307642936707,False,False,0.0,0.0,0.0,[],10.0,10.0,1,10.0,0,0.009973291999997969
aco_current,5,7932,83,15,1,19.0,139.0,158.0,0.79,0.9998672604560852,False,False,0.0,158.0,0.0,[],0.0,0.0,0,0.0,0,2.8750000069521775e-06
aco_current,5,7932,83,15,2,0.0,0.0,0.0,0.0,0.09907747060060501,False,False,0.0,0.0,0.0,[],0.0,0.0,0,0.0,0,2.8750000069521775e-06
aco_current,5,7932,83,15,3,0.0,0.0,0.0,0.0,0.43936213850975037,False,False,0.0,0.0,0.0,[],0.0,0.0,0,0.0,0,2.8750000069521775e-06
aco_current,5,7932,83,15,4,0.0,0.0,0.0,0.0,0.20313307642936707,False,False,0.0,0.0,0.0,[],0.0,0.0,0,0.0,0,2.8750000069521775e-06
aco_current,5,7933,83,15,1,19.0,158.0,177.0,0.885,0.9999990463256836,True,True,30.0,147.0,0.0,[1],10.0,10.0,1,10.0,0,0.009767500000009477
aco_current,5,7933,83,15,2,0.0,0.0,0.0,0.0,0.09907747060060501,False,False,0.0,0.0,0.0,[],10.0,10.0,1,10.0,0,0.009767500000009477
aco_current,5,7933,83,15,3,0.0,0.0,0.0,0.0,0.43936213850975037,False,False,0.0,0.0,0.0,[],10.0,10.0,1,10.0,0,0.009767500000009477
aco_current,5,7933,83,15,4,0.0,0.0,0.0,0.0,0.20313307642936707,False,False,0.0,0.0,0.0,[],10.0,10.0,1,10.0,0,0.009767500000009477
aco_current,5,7934,83,15,1,19.0,147.0,166.0,0.83,0.9999828338623047,True,True,30.0,136.0,0.0,[1],10.0,10.0,1,10.0,0,0.009710708000000068
aco_current,5,7934,83,15,2,0.0,0.0,0.0,0.0,0.09907747060060501,False,False,0.0,0.0,0.0,[],10.0,10.0,1,10.0,0,0.009710708000000068
aco_current,5,7934,83,15,3,0.0,0.0,0.0,0.0,0.43936213850975037,False,False,0.0,0.0,0.0,[],10.0,10.0,1,10.0,0,0.009710708000000068
aco_current,5,7934,83,15,4,0.0,0.0,0.0,0.0,0.20313307642936707,False,False,0.0,0.0,0.0,[],10.0,10.0,1,10.0,0,0.009710708000000068
aco_current,5,7935,83,15,1,19.0,136.0,155.0,0.775,0.9997391700744629,False,False,0.0,155.0,0.0,[],0.0,0.0,0,0.0,0,2.7499999930569174e-06
aco_current,5,7935,83,15,2,0.0,0.0,0.0,0.0,0.09907747060060501,False,False,0.0,0.0,0.0,[],0.0,0.0,0,0.0,0,2.7499999930569174e-06
aco_current,5,7935,83,15,3,0.0,0.0,0.0,0.0,0.43936213850975037,False,False,0.0,0.0,0.0,[],0.0,0.0,0,0.0,0,2.7499999930569174e-06
aco_current,5,7935,83,15,4,0.0,0.0,0.0,0.0,0.20313307642936707,False,False,0.0,0.0,0.0,[],0.0,0.0,0,0.0,0,2.7499999930569174e-06
aco_current,5,7936,83,16,1,18.0,155.0,173.0,0.865,0.9999960660934448,True,True,30.0,143.0,0.0,[1],10.0,10.0,1,10.0,0,0.009715499999998656
aco_current,5,7936,83,16,2,0.0,0.0,0.0,0.0,0.09907747060060501,False,False,0.0,0.0,0.0,[],10.0,10.0,1,10.0,0,0.009715499999998656
aco_current,5,7936,83,16,3,0.0,0.0,0.0,0.0,0.43936213850975037,False,False,0.0,0.0,0.0,[],10.0,10.0,1,10.0,0,0.009715499999998656
aco_current,5,7936,83,16,4,0.0,0.0,0.0,0.0,0.20313307642936707,False,False,0.0,0.0,0.0,[],10.0,10.0,1,10.0,0,0.009715499999998656
aco_current,5,7937,83,16,1,19.0,143.0,162.0,0.81,0.9999515414237976,True,True,30.0,132.0,0.0,[1],10.0,10.0,1,10.0,0,0.009517875000000231
aco_current,5,7937,83,16,2,0.0,0.0,0.0,0.0,0.09907747060060501,False,False,0.0,0.0,0.0,[],10.0,10.0,1,10.0,0,0.009517875000000231
aco_current,5,7937,83,16,3,0.0,0.0,0.0,0.0,0.43936213850975037,False,False,0.0,0.0,0.0,[],10.0,10.0,1,10.0,0,0.009517875000000231
aco_current,5,7937,83,16,4,0.0,0.0,0.0,0.0,0.20313307642936707,False,False,0.0,0.0,0.0,[],10.0,10.0,1,10.0,0,0.009517875000000231
aco_current,5,7938,83,16,1,19.0,132.0,151.0,0.755,0.999475359916687,False,False,0.0,151.0,0.0,[],0.0,0.0,0,0.0,0,3.9170000007970884e-06
aco_current,5,7938,83,16,2,0.0,0.0,0.0,0.0,0.09907747060060501,False,False,0.0,0.0,0.0,[],0.0,0.0,0,0.0,0,3.9170000007970884e-06
aco_current,5,7938,83,16,3,0.0,0.0,0.0,0.0,0.43936213850975037,False,False,0.0,0.0,0.0,[],0.0,0.0,0,0.0,0,3.9170000007970884e-06
aco_current,5,7938,83,16,4,0.0,0.0,0.0,0.0,0.20313307642936707,False,False,0.0,0.0,0.0,[],0.0,0.0,0,0.0,0,3.9170000007970884e-06
aco_current,5,7939,83,16,1,20.0,151.0,171.0,0.855,0.9999966621398926,True,True,30.0,141.0,0.0,[1],10.0,10.0,1,10.0,0,0.009710417000007965
aco_current,5,7939,83,16,2,0.0,0.0,0.0,0.0,0.09907747060060501,False,False,0.0,0.0,0.0,[],10.0,10.0,1,10.0,0,0.009710417000007965
aco_current,5,7939,83,16,3,0.0,0.0,0.0,0.0,0.43936213850975037,False,False,0.0,0.0,0.0,[],10.0,10.0,1,10.0,0,0.009710417000007965
aco_current,5,7939,83,16,4,0.0,0.0,0.0,0.0,0.20313307642936707,False,False,0.0,0.0,0.0,[],10.0,10.0,1,10.0,0,0.009710417000007965
aco_current,5,7940,83,17,1,19.0,141.0,160.0,0.8,0.9999196529388428,True,True,30.0,130.0,0.0,[1],10.0,10.0,1,10.0,0,0.00975062500000945
aco_current,5,7940,83,17,2,0.0,0.0,0.0,0.0,0.09907747060060501,False,False,0.0,0.0,0.0,[],10.0,10.0,1,10.0,0,0.00975062500000945
aco_current,5,7940,83,17,3,0.0,0.0,0.0,0.0,0.43936213850975037,False,False,0.0,0.0,0.0,[],10.0,10.0,1,10.0,0,0.00975062500000945
aco_current,5,7940,83,17,4,0.0,0.0,0.0,0.0,0.20313307642936707,False,False,0.0,0.0,0.0,[],10.0,10.0,1,10.0,0,0.00975062500000945
aco_current,5,7941,83,17,1,19.0,130.0,149.0,0.745,0.9993072152137756,False,False,0.0,149.0,0.0,[],0.0,0.0,0,0.0,0,3.6670000014282778e-06
aco_current,5,7941,83,17,2,0.0,0.0,0.0,0.0,0.09907747060060501,False,False,0.0,0.0,0.0,[],0.0,0.0,0,0.0,0,3.6670000014282778e-06
aco_current,5,7941,83,17,3,0.0,0.0,0.0,0.0,0.43936213850975037,False,False,0.0,0.0,0.0,[],0.0,0.0,0,0.0,0,3.6670000014282778e-06
aco_current,5,7941,83,17,4,0.0,0.0,0.0,0.0,0.20313307642936707,False,False,0.0,0.0,0.0,[],0.0,0.0,0,0.0,0,3.6670000014282778e-06
aco_current,5,7942,83,17,1,18.0,149.0,167.0,0.835,0.999981164932251,True,True,30.0,137.0,0.0,[1],10.0,10.0,1,10.0,0,0.009763792000001104
aco_current,5,7942,83,17,2,0.0,0.0,0.0,0.0,0.09907747060060501,False,False,0.0,0.0,0.0,[],10.0,10.0,1,10.0,0,0.009763792000001104
aco_current,5,7942,83,17,3,0.0,0.0,0.0,0.0,0.43936213850975037,False,False,0.0,0.0,0.0,[],10.0,10.0,1,10.0,0,0.009763792000001104
aco_current,5,7942,83,17,4,0.0,0.0,0.0,0.0,0.20313307642936707,False,False,0.0,0.0,0.0,[],10.0,10.0,1,10.0,0,0.009763792000001104
aco_current,5,7943,83,17,1,19.0,137.0,156.0,0.78,0.9997922778129578,False,False,0.0,156.0,0.0,[],0.0,0.0,0,0.0,0,2.8329999963716546e-06
aco_current,5,7943,83,17,2,0.0,0.0,0.0,0.0,0.09907747060060501,False,False,0.0,0.0,0.0,[],0.0,0.0,0,0.0,0,2.8329999963716546e-06
aco_current,5,7943,83,17,3,0.0,0.0,0.0,0.0,0.43936213850975037,False,False,0.0,0.0,0.0,[],0.0,0.0,0,0.0,0,2.8329999963716546e-06
aco_current,5,7943,83,17,4,0.0,0.0,0.0,0.0,0.20313307642936707,False,False,0.0,0.0,0.0,[],0.0,0.0,0,0.0,0,2.8329999963716546e-06
aco_current,5,7944,83,18,1,19.0,156.0,175.0,0.875,0.9999983310699463,True,True,30.0,145.0,0.0,[1],10.0,10.0,1,10.0,0,0.009663750000001414
aco_current,5,7944,83,18,2,0.0,0.0,0.0,0.0,0.09907747060060501,False,False,0.0,0.0,0.0,[],10.0,10.0,1,10.0,0,0.009663750000001414
aco_current,5,7944,83,18,3,0.0,0.0,0.0,0.0,0.43936213850975037,False,False,0.0,0.0,0.0,[],10.0,10.0,1,10.0,0,0.009663750000001414
aco_current,5,7944,83,18,4,0.0,0.0,0.0,0.0,0.20313307642936707,False,False,0.0,0.0,0.0,[],10.0,10.0,1,10.0,0,0.009663750000001414
aco_current,5,7945,83,18,1,19.0,145.0,164.0,0.82,0.9999710917472839,True,True,30.0,134.0,0.0,[1],10.0,10.0,1,10.0,0,0.009956084000009469
aco_current,5,7945,83,18,2,0.0,0.0,0.0,0.0,0.09907747060060501,False,False,0.0,0.0,0.0,[],10.0,10.0,1,10.0,0,0.009956084000009469
aco_current,5,7945,83,18,3,0.0,0.0,0.0,0.0,0.43936213850975037,False,False,0.0,0.0,0.0,[],10.0,10.0,1,10.0,0,0.009956084000009469
aco_current,5,7945,83,18,4,0.0,0.0,0.0,0.0,0.20313307642936707,False,False,0.0,0.0,0.0,[],10.0,10.0,1,10.0,0,0.009956084000009469
aco_current,5,7946,83,18,1,19.0,134.0,153.0,0.765,0.9996041059494019,False,False,0.0,153.0,0.0,[],0.0,0.0,0,0.0,0,3.792000001112683e-06
aco_current,5,7946,83,18,2,0.0,0.0,0.0,0.0,0.09907747060060501,False,False,0.0,0.0,0.0,[],0.0,0.0,0,0.0,0,3.792000001112683e-06
aco_current,5,7946,83,18,3,0.0,0.0,0.0,0.0,0.43936213850975037,False,False,0.0,0.0,0.0,[],0.0,0.0,0,0.0,0,3.792000001112683e-06
aco_current,5,7946,83,18,4,0.0,0.0,0.0,0.0,0.20313307642936707,False,False,0.0,0.0,0.0,[],0.0,0.0,0,0.0,0,3.792000001112683e-06
aco_current,5,7947,83,18,1,3.0,153.0,156.0,0.78,0.8358743190765381,False,False,0.0,156.0,0.0,[],0.0,0.0,0,0.0,0,3.916999986586234e-06
aco_current,5,7947,83,18,2,0.0,0.0,0.0,0.0,0.09907747060060501,False,False,0.0,0.0,0.0,[],0.0,0.0,0,0.0,0,3.916999986586234e-06
aco_current,5,7947,83,18,3,0.0,0.0,0.0,0.0,0.43936213850975037,False,False,0.0,0.0,0.0,[],0.0,0.0,0,0.0,0,3.916999986586234e-06
aco_current,5,7947,83,18,4,0.0,0.0,0.0,0.0,0.20313307642936707,False,False,0.0,0.0,0.0,[],0.0,0.0,0,0.0,0,3.916999986586234e-06
aco_current,5,7948,83,19,1,0.0,156.0,156.0,0.78,0.28578832745552063,False,False,0.0,156.0,0.0,[],0.0,0.0,0,0.0,0,2.7499999930569174e-06
aco_current,5,7948,83,19,2,0.0,0.0,0.0,0.0,0.09907747060060501,False,False,0.0,0.0,0.0,[],0.0,0.0,0,0.0,0,2.7499999930569174e-06
aco_current,5,7948,83,19,3,0.0,0.0,0.0,0.0,0.43936213850975037,False,False,0.0,0.0,0.0,[],0.0,0.0,0,0.0,0,2.7499999930569174e-06
aco_current,5,7948,83,19,4,0.0,0.0,0.0,0.0,0.20313307642936707,False,False,0.0,0.0,0.0,[],0.0,0.0,0,0.0,0,2.7499999930569174e-06
aco_current,5,7949,83,19,1,0.0,156.0,156.0,0.78,0.29466474056243896,False,False,0.0,156.0,0.0,[],0.0,0.0,0,0.0,0,2.7920000036374404e-06
aco_current,5,7949,83,19,2,0.0,0.0,0.0,0.0,0.09907747060060501,False,False,0.0,0.0,0.0,[],0.0,0.0,0,0.0,0,2.7920000036374404e-06
aco_current,5,7949,83,19,3,0.0,0.0,0.0,0.0,0.43936213850975037,False,False,0.0,0.0,0.0,[],0.0,0.0,0,0.0,0,2.7920000036374404e-06
aco_current,5,7949,83,19,4,0.0,0.0,0.0,0.0,0.20313307642936707,False,False,0.0,0.0,0.0,[],0.0,0.0,0,0.0,0,2.7920000036374404e-06
aco_current,5,7950,83,19,1,0.0,156.0,156.0,0.78,0.2992250621318817,False,False,0.0,156.0,0.0,[],0.0,0.0,0,0.0,0,2.95799999605606e-06
aco_current,5,7950,83,19,2,0.0,0.0,0.0,0.0,0.09907747060060501,False,False,0.0,0.0,0.0,[],0.0,0.0,0,0.0,0,2.95799999605606e-06
aco_current,5,7950,83,19,3,0.0,0.0,0.0,0.0,0.43936213850975037,False,False,0.0,0.0,0.0,[],0.0,0.0,0,0.0,0,2.95799999605606e-06
aco_current,5,7950,83,19,4,0.0,0.0,0.0,0.0,0.20313307642936707,False,False,0.0,0.0,0.0,[],0.0,0.0,0,0.0,0,2.95799999605606e-06
aco_current,5,7951,83,19,1,0.0,156.0,156.0,0.78,0.312997430562973,False,False,0.0,156.0,0.0,[],0.0,0.0,0,0.0,0,2.375000008214556e-06
aco_current,5,7951,83,19,2,0.0,0.0,0.0,0.0,0.09907747060060501,False,False,0.0,0.0,0.0,[],0.0,0.0,0,0.0,0,2.375000008214556e-06
aco_current,5,7951,83,19,3,0.0,0.0,0.0,0.0,0.43936213850975037,False,False,0.0,0.0,0.0,[],0.0,0.0,0,0.0,0,2.375000008214556e-06
aco_current,5,7951,83,19,4,0.0,0.0,0.0,0.0,0.20313307642936707,False,False,0.0,0.0,0.0,[],0.0,0.0,0,0.0,0,2.375000008214556e-06
aco_current,5,7952,83,20,1,0.0,156.0,156.0,0.78,0.312997430562973,False,False,0.0,156.0,0.0,[],0.0,0.0,0,0.0,0,3.375000005689799e-06
aco_current,5,7952,83,20,2,0.0,0.0,0.0,0.0,0.09907747060060501,False,False,0.0,0.0,0.0,[],0.0,0.0,0,0.0,0,3.375000005689799e-06
aco_current,5,7952,83,20,3,0.0,0.0,0.0,0.0,0.43936213850975037,False,False,0.0,0.0,0.0,[],0.0,0.0,0,0.0,0,3.375000005689799e-06
aco_current,5,7952,83,20,4,0.0,0.0,0.0,0.0,0.20313307642936707,False,False,0.0,0.0,0.0,[],0.0,0.0,0,0.0,0,3.375000005689799e-06
aco_current,5,7953,83,20,1,0.0,156.0,156.0,0.78,0.312997430562973,False,False,0.0,156.0,0.0,[],0.0,0.0,0,0.0,0,1.9169999916357483e-06
aco_current,5,7953,83,20,2,0.0,0.0,0.0,0.0,0.09907747060060501,False,False,0.0,0.0,0.0,[],0.0,0.0,0,0.0,0,1.9169999916357483e-06
aco_current,5,7953,83,20,3,0.0,0.0,0.0,0.0,0.43936213850975037,False,False,0.0,0.0,0.0,[],0.0,0.0,0,0.0,0,1.9169999916357483e-06
aco_current,5,7953,83,20,4,0.0,0.0,0.0,0.0,0.20313307642936707,False,False,0.0,0.0,0.0,[],0.0,0.0,0,0.0,0,1.9169999916357483e-06
aco_current,5,7954,83,20,1,0.0,156.0,156.0,0.78,0.312997430562973,False,False,0.0,156.0,0.0,[],0.0,0.0,0,0.0,0,2.3340000012694873e-06
aco_current,5,7954,83,20,2,0.0,0.0,0.0,0.0,0.09907747060060501,False,False,0.0,0.0,0.0,[],0.0,0.0,0,0.0,0,2.3340000012694873e-06
aco_current,5,7954,83,20,3,0.0,0.0,0.0,0.0,0.43936213850975037,False,False,0.0,0.0,0.0,[],0.0,0.0,0,0.0,0,2.3340000012694873e-06
aco_current,5,7954,83,20,4,0.0,0.0,0.0,0.0,0.20313307642936707,False,False,0.0,0.0,0.0,[],0.0,0.0,0,0.0,0,2.3340000012694873e-06
aco_current,5,7955,83,20,1,0.0,156.0,156.0,0.78,0.312997430562973,False,False,0.0,156.0,0.0,[],0.0,0.0,0,0.0,0,2.8750000069521775e-06
aco_current,5,7955,83,20,2,0.0,0.0,0.0,0.0,0.09907747060060501,False,False,0.0,0.0,0.0,[],0.0,0.0,0,0.0,0,2.8750000069521775e-06
aco_current,5,7955,83,20,3,0.0,0.0,0.0,0.0,0.43936213850975037,False,False,0.0,0.0,0.0,[],0.0,0.0,0,0.0,0,2.8750000069521775e-06
aco_current,5,7955,83,20,4,0.0,0.0,0.0,0.0,0.20313307642936707,False,False,0.0,0.0,0.0,[],0.0,0.0,0,0.0,0,2.8750000069521775e-06
aco_current,5,7956,83,21,1,0.0,156.0,156.0,0.78,0.312997430562973,False,False,0.0,156.0,0.0,[],0.0,0.0,0,0.0,0,2.207999997949628e-06
aco_current,5,7956,83,21,2,0.0,0.0,0.0,0.0,0.09907747060060501,False,False,0.0,0.0,0.0,[],0.0,0.0,0,0.0,0,2.207999997949628e-06
aco_current,5,7956,83,21,3,0.0,0.0,0.0,0.0,0.43936213850975037,False,False,0.0,0.0,0.0,[],0.0,0.0,0,0.0,0,2.207999997949628e-06
aco_current,5,7956,83,21,4,0.0,0.0,0.0,0.0,0.20313307642936707,False,False,0.0,0.0,0.0,[],0.0,0.0,0,0.0,0,2.207999997949628e-06
aco_current,5,7957,83,21,1,0.0,156.0,156.0,0.78,0.312997430562973,False,False,0.0,156.0,0.0,[],0.0,0.0,0,0.0,0,3.74999999053216e-06
aco_current,5,7957,83,21,2,0.0,0.0,0.0,0.0,0.09907747060060501,False,False,0.0,0.0,0.0,[],0.0,0.0,0,0.0,0,3.74999999053216e-06
aco_current,5,7957,83,21,3,0.0,0.0,0.0,0.0,0.43936213850975037,False,False,0.0,0.0,0.0,[],0.0,0.0,0,0.0,0,3.74999999053216e-06
aco_current,5,7957,83,21,4,0.0,0.0,0.0,0.0,0.20313307642936707,False,False,0.0,0.0,0.0,[],0.0,0.0,0,0.0,0,3.74999999053216e-06
aco_current,5,7958,83,21,1,0.0,156.0,156.0,0.78,0.312997430562973,False,False,0.0,156.0,0.0,[],0.0,0.0,0,0.0,0,1.9590000022162712e-06
aco_current,5,7958,83,21,2,0.0,0.0,0.0,0.0,0.09907747060060501,False,False,0.0,0.0,0.0,[],0.0,0.0,0,0.0,0,1.9590000022162712e-06
aco_current,5,7958,83,21,3,0.0,0.0,0.0,0.0,0.43936213850975037,False,False,0.0,0.0,0.0,[],0.0,0.0,0,0.0,0,1.9590000022162712e-06
aco_current,5,7958,83,21,4,0.0,0.0,0.0,0.0,0.20313307642936707,False,False,0.0,0.0,0.0,[],0.0,0.0,0,0.0,0,1.9590000022162712e-06
aco_current,5,7959,83,21,1,0.0,156.0,156.0,0.78,0.312997430562973,False,False,0.0,156.0,0.0,[],0.0,0.0,0,0.0,0,2.166999991004559e-06
aco_current,5,7959,83,21,2,0.0,0.0,0.0,0.0,0.09907747060060501,False,False,0.0,0.0,0.0,[],0.0,0.0,0,0.0,0,2.166999991004559e-06
aco_current,5,7959,83,21,3,0.0,0.0,0.0,0.0,0.43936213850975037,False,False,0.0,0.0,0.0,[],0.0,0.0,0,0.0,0,2.166999991004559e-06
aco_current,5,7959,83,21,4,0.0,0.0,0.0,0.0,0.20313307642936707,False,False,0.0,0.0,0.0,[],0.0,0.0,0,0.0,0,2.166999991004559e-06
aco_current,5,7960,83,22,1,0.0,156.0,156.0,0.78,0.312997430562973,False,False,0.0,156.0,0.0,[],0.0,0.0,0,0.0,0,1.87499999526608e-06
aco_current,5,7960,83,22,2,0.0,0.0,0.0,0.0,0.09907747060060501,False,False,0.0,0.0,0.0,[],0.0,0.0,0,0.0,0,1.87499999526608e-06
aco_current,5,7960,83,22,3,0.0,0.0,0.0,0.0,0.43936213850975037,False,False,0.0,0.0,0.0,[],0.0,0.0,0,0.0,0,1.87499999526608e-06
aco_current,5,7960,83,22,4,0.0,0.0,0.0,0.0,0.20313307642936707,False,False,0.0,0.0,0.0,[],0.0,0.0,0,0.0,0,1.87499999526608e-06
aco_current,5,7961,83,22,1,0.0,156.0,156.0,0.78,0.312997430562973,False,False,0.0,156.0,0.0,[],0.0,0.0,0,0.0,0,1.834000002531866e-06
aco_current,5,7961,83,22,2,0.0,0.0,0.0,0.0,0.09907747060060501,False,False,0.0,0.0,0.0,[],0.0,0.0,0,0.0,0,1.834000002531866e-06
aco_current,5,7961,83,22,3,0.0,0.0,0.0,0.0,0.43936213850975037,False,False,0.0,0.0,0.0,[],0.0,0.0,0,0.0,0,1.834000002531866e-06
aco_current,5,7961,83,22,4,0.0,0.0,0.0,0.0,0.20313307642936707,False,False,0.0,0.0,0.0,[],0.0,0.0,0,0.0,0,1.834000002531866e-06
aco_current,5,7962,83,22,1,0.0,156.0,156.0,0.78,0.312997430562973,False,False,0.0,156.0,0.0,[],0.0,0.0,0,0.0,0,2.625000007583367e-06
aco_current,5,7962,83,22,2,0.0,0.0,0.0,0.0,0.09907747060060501,False,False,0.0,0.0,0.0,[],0.0,0.0,0,0.0,0,2.625000007583367e-06
aco_current,5,7962,83,22,3,0.0,0.0,0.0,0.0,0.43936213850975037,False,False,0.0,0.0,0.0,[],0.0,0.0,0,0.0,0,2.625000007583367e-06
aco_current,5,7962,83,22,4,0.0,0.0,0.0,0.0,0.20313307642936707,False,False,0.0,0.0,0.0,[],0.0,0.0,0,0.0,0,2.625000007583367e-06
aco_current,5,7963,83,22,1,0.0,156.0,156.0,0.78,0.312997430562973,False,False,0.0,156.0,0.0,[],0.0,0.0,0,0.0,0,2.250000008530151e-06
aco_current,5,7963,83,22,2,0.0,0.0,0.0,0.0,0.09907747060060501,False,False,0.0,0.0,0.0,[],0.0,0.0,0,0.0,0,2.250000008530151e-06
aco_current,5,7963,83,22,3,0.0,0.0,0.0,0.0,0.43936213850975037,False,False,0.0,0.0,0.0,[],0.0,0.0,0,0.0,0,2.250000008530151e-06
aco_current,5,7963,83,22,4,0.0,0.0,0.0,0.0,0.20313307642936707,False,False,0.0,0.0,0.0,[],0.0,0.0,0,0.0,0,2.250000008530151e-06
aco_current,5,7964,83,23,1,0.0,156.0,156.0,0.78,0.312997430562973,False,False,0.0,156.0,0.0,[],0.0,0.0,0,0.0,0,1.366699999039156e-05
aco_current,5,7964,83,23,2,0.0,0.0,0.0,0.0,0.09907747060060501,False,False,0.0,0.0,0.0,[],0.0,0.0,0,0.0,0,1.366699999039156e-05
aco_current,5,7964,83,23,3,0.0,0.0,0.0,0.0,0.43936213850975037,False,False,0.0,0.0,0.0,[],0.0,0.0,0,0.0,0,1.366699999039156e-05
aco_current,5,7964,83,23,4,0.0,0.0,0.0,0.0,0.20313307642936707,False,False,0.0,0.0,0.0,[],0.0,0.0,0,0.0,0,1.366699999039156e-05
aco_current,5,7965,83,23,1,0.0,156.0,156.0,0.78,0.312997430562973,False,False,0.0,156.0,0.0,[],0.0,0.0,0,0.0,0,2.0829999982652225e-06
aco_current,5,7965,83,23,2,0.0,0.0,0.0,0.0,0.09907747060060501,False,False,0.0,0.0,0.0,[],0.0,0.0,0,0.0,0,2.0829999982652225e-06
aco_current,5,7965,83,23,3,0.0,0.0,0.0,0.0,0.43936213850975037,False,False,0.0,0.0,0.0,[],0.0,0.0,0,0.0,0,2.0829999982652225e-06
aco_current,5,7965,83,23,4,0.0,0.0,0.0,0.0,0.20313307642936707,False,False,0.0,0.0,0.0,[],0.0,0.0,0,0.0,0,2.0829999982652225e-06
aco_current,5,7966,83,23,1,0.0,156.0,156.0,0.78,0.312997430562973,False,False,0.0,156.0,0.0,[],0.0,0.0,0,0.0,0,1.8329999988964119e-06
aco_current,5,7966,83,23,2,0.0,0.0,0.0,0.0,0.09907747060060501,False,False,0.0,0.0,0.0,[],0.0,0.0,0,0.0,0,1.8329999988964119e-06
aco_current,5,7966,83,23,3,0.0,0.0,0.0,0.0,0.43936213850975037,False,False,0.0,0.0,0.0,[],0.0,0.0,0,0.0,0,1.8329999988964119e-06
aco_current,5,7966,83,23,4,0.0,0.0,0.0,0.0,0.20313307642936707,False,False,0.0,0.0,0.0,[],0.0,0.0,0,0.0,0,1.8329999988964119e-06
aco_current,5,7967,83,23,1,0.0,156.0,156.0,0.78,0.312997430562973,False,False,0.0,156.0,0.0,[],0.0,0.0,0,0.0,0,2.708000010898104e-06
aco_current,5,7967,83,23,2,0.0,0.0,0.0,0.0,0.09907747060060501,False,False,0.0,0.0,0.0,[],0.0,0.0,0,0.0,0,2.708000010898104e-06
aco_current,5,7967,83,23,3,0.0,0.0,0.0,0.0,0.43936213850975037,False,False,0.0,0.0,0.0,[],0.0,0.0,0,0.0,0,2.708000010898104e-06
aco_current,5,7967,83,23,4,0.0,0.0,0.0,0.0,0.20313307642936707,False,False,0.0,0.0,0.0,[],0.0,0.0,0,0.0,0,2.708000010898104e-06
aco_current,5,7968,84,0,1,44.0,156.0,200.0,1.0,1.0,True,True,30.0,170.0,0.0,[1],10.0,10.0,1,10.0,0,0.011026624999999513
aco_current,5,7968,84,0,2,0.0,0.0,0.0,0.0,0.09907747060060501,False,False,0.0,0.0,0.0,[],10.0,10.0,1,10.0,0,0.011026624999999513
aco_current,5,7968,84,0,3,0.0,0.0,0.0,0.0,0.43936213850975037,False,False,0.0,0.0,0.0,[],10.0,10.0,1,10.0,0,0.011026624999999513
aco_current,5,7968,84,0,4,0.0,0.0,0.0,0.0,0.20313307642936707,False,False,0.0,0.0,0.0,[],10.0,10.0,1,10.0,0,0.011026624999999513
aco_current,5,7969,84,0,1,38.0,170.0,208.0,1.04,1.0,True,True,30.0,178.0,0.0,[1],10.0,10.0,1,10.0,0,0.009503916999989315
aco_current,5,7969,84,0,2,0.0,0.0,0.0,0.0,0.09907747060060501,False,False,0.0,0.0,0.0,[],10.0,10.0,1,10.0,0,0.009503916999989315
aco_current,5,7969,84,0,3,0.0,0.0,0.0,0.0,0.43936213850975037,False,False,0.0,0.0,0.0,[],10.0,10.0,1,10.0,0,0.009503916999989315
aco_current,5,7969,84,0,4,0.0,0.0,0.0,0.0,0.20313307642936707,False,False,0.0,0.0,0.0,[],10.0,10.0,1,10.0,0,0.009503916999989315
aco_current,5,7970,84,0,1,33.0,178.0,211.0,1.055,1.0,True,True,30.0,181.0,0.0,[1],10.0,10.0,1,10.0,0,0.009691834000008726
aco_current,5,7970,84,0,2,0.0,0.0,0.0,0.0,0.09907747060060501,False,False,0.0,0.0,0.0,[],10.0,10.0,1,10.0,0,0.009691834000008726
aco_current,5,7970,84,0,3,0.0,0.0,0.0,0.0,0.43936213850975037,False,False,0.0,0.0,0.0,[],10.0,10.0,1,10.0,0,0.009691834000008726
aco_current,5,7970,84,0,4,0.0,0.0,0.0,0.0,0.20313307642936707,False,False,0.0,0.0,0.0,[],10.0,10.0,1,10.0,0,0.009691834000008726
aco_current,5,7971,84,0,1,21.0,181.0,202.0,1.01,1.0,True,True,30.0,172.0,0.0,[1],10.0,10.0,1,10.0,0,0.009770291999998904
aco_current,5,7971,84,0,2,0.0,0.0,0.0,0.0,0.09907747060060501,False,False,0.0,0.0,0.0,[],10.0,10.0,1,10.0,0,0.009770291999998904
aco_current,5,7971,84,0,3,0.0,0.0,0.0,0.0,0.43936213850975037,False,False,0.0,0.0,0.0,[],10.0,10.0,1,10.0,0,0.009770291999998904
aco_current,5,7971,84,0,4,0.0,0.0,0.0,0.0,0.20313307642936707,False,False,0.0,0.0,0.0,[],10.0,10.0,1,10.0,0,0.009770291999998904
aco_current,5,7972,84,1,1,23.0,172.0,195.0,0.975,1.0,True,True,30.0,165.0,0.0,[1],10.0,10.0,1,10.0,0,0.009708291999999119
aco_current,5,7972,84,1,2,0.0,0.0,0.0,0.0,0.09907747060060501,False,False,0.0,0.0,0.0,[],10.0,10.0,1,10.0,0,0.009708291999999119
aco_current,5,7972,84,1,3,0.0,0.0,0.0,0.0,0.43936213850975037,False,False,0.0,0.0,0.0,[],10.0,10.0,1,10.0,0,0.009708291999999119
aco_current,5,7972,84,1,4,0.0,0.0,0.0,0.0,0.20313307642936707,False,False,0.0,0.0,0.0,[],10.0,10.0,1,10.0,0,0.009708291999999119
aco_current,5,7973,84,1,1,22.0,165.0,187.0,0.935,1.0,True,True,30.0,157.0,0.0,[1],10.0,10.0,1,10.0,0,0.009633374999992839
aco_current,5,7973,84,1,2,0.0,0.0,0.0,0.0,0.09907747060060501,False,False,0.0,0.0,0.0,[],10.0,10.0,1,10.0,0,0.009633374999992839
aco_current,5,7973,84,1,3,0.0,0.0,0.0,0.0,0.43936213850975037,False,False,0.0,0.0,0.0,[],10.0,10.0,1,10.0,0,0.009633374999992839
aco_current,5,7973,84,1,4,0.0,0.0,0.0,0.0,0.20313307642936707,False,False,0.0,0.0,0.0,[],10.0,10.0,1,10.0,0,0.009633374999992839
aco_current,5,7974,84,1,1,24.0,157.0,181.0,0.905,1.0,True,True,30.0,151.0,0.0,[1],10.0,10.0,1,10.0,0,0.009481957999994961
aco_current,5,7974,84,1,2,0.0,0.0,0.0,0.0,0.09907747060060501,False,False,0.0,0.0,0.0,[],10.0,10.0,1,10.0,0,0.009481957999994961
aco_current,5,7974,84,1,3,0.0,0.0,0.0,0.0,0.43936213850975037,False,False,0.0,0.0,0.0,[],10.0,10.0,1,10.0,0,0.009481957999994961
aco_current,5,7974,84,1,4,0.0,0.0,0.0,0.0,0.20313307642936707,False,False,0.0,0.0,0.0,[],10.0,10.0,1,10.0,0,0.009481957999994961
aco_current,5,7975,84,1,1,28.0,151.0,179.0,0.895,1.0,True,True,30.0,149.0,0.0,[1],10.0,10.0,1,10.0,0,0.009780915999996864
aco_current,5,7975,84,1,2,0.0,0.0,0.0,0.0,0.09907747060060501,False,False,0.0,0.0,0.0,[],10.0,10.0,1,10.0,0,0.009780915999996864
aco_current,5,7975,84,1,3,0.0,0.0,0.0,0.0,0.43936213850975037,False,False,0.0,0.0,0.0,[],10.0,10.0,1,10.0,0,0.009780915999996864
aco_current,5,7975,84,1,4,0.0,0.0,0.0,0.0,0.20313307642936707,False,False,0.0,0.0,0.0,[],10.0,10.0,1,10.0,0,0.009780915999996864
aco_current,5,7976,84,2,1,30.0,149.0,179.0,0.895,1.0,True,True,30.0,149.0,0.0,[1],10.0,10.0,1,10.0,0,0.010399958000007814
aco_current,5,7976,84,2,2,0.0,0.0,0.0,0.0,0.09907747060060501,False,False,0.0,0.0,0.0,[],10.0,10.0,1,10.0,0,0.010399958000007814
aco_current,5,7976,84,2,3,0.0,0.0,0.0,0.0,0.43936213850975037,False,False,0.0,0.0,0.0,[],10.0,10.0,1,10.0,0,0.010399958000007814
aco_current,5,7976,84,2,4,0.0,0.0,0.0,0.0,0.20313307642936707,False,False,0.0,0.0,0.0,[],10.0,10.0,1,10.0,0,0.010399958000007814
aco_current,5,7977,84,2,1,32.0,149.0,181.0,0.905,1.0,True,True,30.0,151.0,0.0,[1],10.0,10.0,1,10.0,0,0.009608833000001482
aco_current,5,7977,84,2,2,0.0,0.0,0.0,0.0,0.09907747060060501,False,False,0.0,0.0,0.0,[],10.0,10.0,1,10.0,0,0.009608833000001482
aco_current,5,7977,84,2,3,0.0,0.0,0.0,0.0,0.43936213850975037,False,False,0.0,0.0,0.0,[],10.0,10.0,1,10.0,0,0.009608833000001482
aco_current,5,7977,84,2,4,0.0,0.0,0.0,0.0,0.20313307642936707,False,False,0.0,0.0,0.0,[],10.0,10.0,1,10.0,0,0.009608833000001482
aco_current,5,7978,84,2,1,27.0,151.0,178.0,0.89,1.0,True,True,30.0,148.0,0.0,[1],10.0,10.0,1,10.0,0,0.009506917000010162
aco_current,5,7978,84,2,2,0.0,0.0,0.0,0.0,0.09907747060060501,False,False,0.0,0.0,0.0,[],10.0,10.0,1,10.0,0,0.009506917000010162
aco_current,5,7978,84,2,3,0.0,0.0,0.0,0.0,0.43936213850975037,False,False,0.0,0.0,0.0,[],10.0,10.0,1,10.0,0,0.009506917000010162
aco_current,5,7978,84,2,4,0.0,0.0,0.0,0.0,0.20313307642936707,False,False,0.0,0.0,0.0,[],10.0,10.0,1,10.0,0,0.009506917000010162
aco_current,5,7979,84,2,1,26.0,148.0,174.0,0.87,0.9999998211860657,True,True,30.0,144.0,0.0,[1],10.0,10.0,1,10.0,0,0.00976449999998863
aco_current,5,7979,84,2,2,0.0,0.0,0.0,0.0,0.09907747060060501,False,False,0.0,0.0,0.0,[],10.0,10.0,1,10.0,0,0.00976449999998863
aco_current,5,7979,84,2,3,0.0,0.0,0.0,0.0,0.43936213850975037,False,False,0.0,0.0,0.0,[],10.0,10.0,1,10.0,0,0.00976449999998863
aco_current,5,7979,84,2,4,0.0,0.0,0.0,0.0,0.20313307642936707,False,False,0.0,0.0,0.0,[],10.0,10.0,1,10.0,0,0.00976449999998863
aco_current,5,7980,84,3,1,24.0,144.0,168.0,0.84,0.9999985098838806,True,True,30.0,138.0,0.0,[1],10.0,10.0,1,10.0,0,0.00976445800000647
aco_current,5,7980,84,3,2,0.0,0.0,0.0,0.0,0.09907747060060501,False,False,0.0,0.0,0.0,[],10.0,10.0,1,10.0,0,0.00976445800000647
aco_current,5,7980,84,3,3,0.0,0.0,0.0,0.0,0.43936213850975037,False,False,0.0,0.0,0.0,[],10.0,10.0,1,10.0,0,0.00976445800000647
aco_current,5,7980,84,3,4,0.0,0.0,0.0,0.0,0.20313307642936707,False,False,0.0,0.0,0.0,[],10.0,10.0,1,10.0,0,0.00976445800000647
aco_current,5,7981,84,3,1,26.0,138.0,164.0,0.82,0.9999977350234985,True,True,30.0,134.0,0.0,[1],10.0,10.0,1,10.0,0,0.009703083999994533
aco_current,5,7981,84,3,2,0.0,0.0,0.0,0.0,0.09907747060060501,False,False,0.0,0.0,0.0,[],10.0,10.0,1,10.0,0,0.009703083999994533
aco_current,5,7981,84,3,3,0.0,0.0,0.0,0.0,0.43936213850975037,False,False,0.0,0.0,0.0,[],10.0,10.0,1,10.0,0,0.009703083999994533
aco_current,5,7981,84,3,4,0.0,0.0,0.0,0.0,0.20313307642936707,False,False,0.0,0.0,0.0,[],10.0,10.0,1,10.0,0,0.009703083999994533
aco_current,5,7982,84,3,1,27.0,134.0,161.0,0.805,0.9999964237213135,True,True,30.0,131.0,0.0,[1],10.0,10.0,1,10.0,0,0.009545708000004538
aco_current,5,7982,84,3,2,0.0,0.0,0.0,0.0,0.09907747060060501,False,False,0.0,0.0,0.0,[],10.0,10.0,1,10.0,0,0.009545708000004538
aco_current,5,7982,84,3,3,0.0,0.0,0.0,0.0,0.43936213850975037,False,False,0.0,0.0,0.0,[],10.0,10.0,1,10.0,0,0.009545708000004538
aco_current,5,7982,84,3,4,0.0,0.0,0.0,0.0,0.20313307642936707,False,False,0.0,0.0,0.0,[],10.0,10.0,1,10.0,0,0.009545708000004538
aco_current,5,7983,84,3,1,27.0,131.0,158.0,0.79,0.9999921321868896,False,False,0.0,158.0,0.0,[],0.0,0.0,0,0.0,0,3.707999994162492e-06
aco_current,5,7983,84,3,2,0.0,0.0,0.0,0.0,0.09907747060060501,False,False,0.0,0.0,0.0,[],0.0,0.0,0,0.0,0,3.707999994162492e-06
aco_current,5,7983,84,3,3,0.0,0.0,0.0,0.0,0.43936213850975037,False,False,0.0,0.0,0.0,[],0.0,0.0,0,0.0,0,3.707999994162492e-06
aco_current,5,7983,84,3,4,0.0,0.0,0.0,0.0,0.20313307642936707,False,False,0.0,0.0,0.0,[],0.0,0.0,0,0.0,0,3.707999994162492e-06
aco_current,5,7984,84,4,1,26.0,158.0,184.0,0.92,1.0,True,True,30.0,154.0,0.0,[1],10.0,10.0,1,10.0,0,0.009722874999994247
aco_current,5,7984,84,4,2,0.0,0.0,0.0,0.0,0.09907747060060501,False,False,0.0,0.0,0.0,[],10.0,10.0,1,10.0,0,0.009722874999994247
aco_current,5,7984,84,4,3,0.0,0.0,0.0,0.0,0.43936213850975037,False,False,0.0,0.0,0.0,[],10.0,10.0,1,10.0,0,0.009722874999994247
aco_current,5,7984,84,4,4,0.0,0.0,0.0,0.0,0.20313307642936707,False,False,0.0,0.0,0.0,[],10.0,10.0,1,10.0,0,0.009722874999994247
aco_current,5,7985,84,4,1,26.0,154.0,180.0,0.9,1.0,True,True,30.0,150.0,0.0,[1],10.0,10.0,1,10.0,0,0.009668665999996051
aco_current,5,7985,84,4,2,0.0,0.0,0.0,0.0,0.09907747060060501,False,False,0.0,0.0,0.0,[],10.0,10.0,1,10.0,0,0.009668665999996051
aco_current,5,7985,84,4,3,0.0,0.0,0.0,0.0,0.43936213850975037,False,False,0.0,0.0,0.0,[],10.0,10.0,1,10.0,0,0.009668665999996051
aco_current,5,7985,84,4,4,0.0,0.0,0.0,0.0,0.20313307642936707,False,False,0.0,0.0,0.0,[],10.0,10.0,1,10.0,0,0.009668665999996051
aco_current,5,7986,84,4,1,27.0,150.0,177.0,0.885,1.0,True,True,30.0,147.0,0.0,[1],10.0,10.0,1,10.0,0,0.009487707999994655
aco_current,5,7986,84,4,2,0.0,0.0,0.0,0.0,0.09907747060060501,False,False,0.0,0.0,0.0,[],10.0,10.0,1,10.0,0,0.009487707999994655
aco_current,5,7986,84,4,3,0.0,0.0,0.0,0.0,0.43936213850975037,False,False,0.0,0.0,0.0,[],10.0,10.0,1,10.0,0,0.009487707999994655
aco_current,5,7986,84,4,4,0.0,0.0,0.0,0.0,0.20313307642936707,False,False,0.0,0.0,0.0,[],10.0,10.0,1,10.0,0,0.009487707999994655
aco_current,5,7987,84,4,1,31.0,147.0,178.0,0.89,1.0,True,True,30.0,148.0,0.0,[1],10.0,10.0,1,10.0,0,0.00972745800000041
aco_current,5,7987,84,4,2,0.0,0.0,0.0,0.0,0.09907747060060501,False,False,0.0,0.0,0.0,[],10.0,10.0,1,10.0,0,0.00972745800000041
aco_current,5,7987,84,4,3,0.0,0.0,0.0,0.0,0.43936213850975037,False,False,0.0,0.0,0.0,[],10.0,10.0,1,10.0,0,0.00972745800000041
aco_current,5,7987,84,4,4,0.0,0.0,0.0,0.0,0.20313307642936707,False,False,0.0,0.0,0.0,[],10.0,10.0,1,10.0,0,0.00972745800000041
aco_current,5,7988,84,5,1,31.0,148.0,179.0,0.895,1.0,True,True,30.0,149.0,0.0,[1],10.0,10.0,1,10.0,0,0.009695167000003835
aco_current,5,7988,84,5,2,0.0,0.0,0.0,0.0,0.09907747060060501,False,False,0.0,0.0,0.0,[],10.0,10.0,1,10.0,0,0.009695167000003835
aco_current,5,7988,84,5,3,0.0,0.0,0.0,0.0,0.43936213850975037,False,False,0.0,0.0,0.0,[],10.0,10.0,1,10.0,0,0.009695167000003835
aco_current,5,7988,84,5,4,0.0,0.0,0.0,0.0,0.20313307642936707,False,False,0.0,0.0,0.0,[],10.0,10.0,1,10.0,0,0.009695167000003835
aco_current,5,7989,84,5,1,31.0,149.0,180.0,0.9,1.0,True,True,30.0,150.0,0.0,[1],10.0,10.0,1,10.0,0,0.009790166999991357
aco_current,5,7989,84,5,2,0.0,0.0,0.0,0.0,0.09907747060060501,False,False,0.0,0.0,0.0,[],10.0,10.0,1,10.0,0,0.009790166999991357
aco_current,5,7989,84,5,3,0.0,0.0,0.0,0.0,0.43936213850975037,False,False,0.0,0.0,0.0,[],10.0,10.0,1,10.0,0,0.009790166999991357
aco_current,5,7989,84,5,4,0.0,0.0,0.0,0.0,0.20313307642936707,False,False,0.0,0.0,0.0,[],10.0,10.0,1,10.0,0,0.009790166999991357
aco_current,5,7990,84,5,1,31.0,150.0,181.0,0.905,1.0,True,True,30.0,151.0,0.0,[1],10.0,10.0,1,10.0,0,0.009798875000001317
aco_current,5,7990,84,5,2,0.0,0.0,0.0,0.0,0.09907747060060501,False,False,0.0,0.0,0.0,[],10.0,10.0,1,10.0,0,0.009798875000001317
aco_current,5,7990,84,5,3,0.0,0.0,0.0,0.0,0.43936213850975037,False,False,0.0,0.0,0.0,[],10.0,10.0,1,10.0,0,0.009798875000001317
aco_current,5,7990,84,5,4,0.0,0.0,0.0,0.0,0.20313307642936707,False,False,0.0,0.0,0.0,[],10.0,10.0,1,10.0,0,0.009798875000001317
aco_current,5,7991,84,5,1,30.0,151.0,181.0,0.905,1.0,True,True,30.0,151.0,0.0,[1],10.0,10.0,1,10.0,0,0.009354375000000914
aco_current,5,7991,84,5,2,0.0,0.0,0.0,0.0,0.09907747060060501,False,False,0.0,0.0,0.0,[],10.0,10.0,1,10.0,0,0.009354375000000914
aco_current,5,7991,84,5,3,0.0,0.0,0.0,0.0,0.43936213850975037,False,False,0.0,0.0,0.0,[],10.0,10.0,1,10.0,0,0.009354375000000914
aco_current,5,7991,84,5,4,0.0,0.0,0.0,0.0,0.20313307642936707,False,False,0.0,0.0,0.0,[],10.0,10.0,1,10.0,0,0.009354375000000914
aco_current,5,7992,84,6,1,28.0,151.0,179.0,0.895,1.0,True,True,30.0,149.0,0.0,[1],10.0,10.0,1,10.0,0,0.00983395800000153
aco_current,5,7992,84,6,2,0.0,0.0,0.0,0.0,0.09907747060060501,False,False,0.0,0.0,0.0,[],10.0,10.0,1,10.0,0,0.00983395800000153
aco_current,5,7992,84,6,3,0.0,0.0,0.0,0.0,0.43936213850975037,False,False,0.0,0.0,0.0,[],10.0,10.0,1,10.0,0,0.00983395800000153
aco_current,5,7992,84,6,4,0.0,0.0,0.0,0.0,0.20313307642936707,False,False,0.0,0.0,0.0,[],10.0,10.0,1,10.0,0,0.00983395800000153
aco_current,5,7993,84,6,1,28.0,149.0,177.0,0.885,1.0,True,True,30.0,147.0,0.0,[1],10.0,10.0,1,10.0,0,0.009673374999991324
aco_current,5,7993,84,6,2,0.0,0.0,0.0,0.0,0.09907747060060501,False,False,0.0,0.0,0.0,[],10.0,10.0,1,10.0,0,0.009673374999991324
aco_current,5,7993,84,6,3,0.0,0.0,0.0,0.0,0.43936213850975037,False,False,0.0,0.0,0.0,[],10.0,10.0,1,10.0,0,0.009673374999991324
aco_current,5,7993,84,6,4,0.0,0.0,0.0,0.0,0.20313307642936707,False,False,0.0,0.0,0.0,[],10.0,10.0,1,10.0,0,0.009673374999991324
aco_current,5,7994,84,6,1,28.0,147.0,175.0,0.875,0.9999999403953552,True,True,30.0,145.0,0.0,[1],10.0,10.0,1,10.0,0,0.009976542000003974
aco_current,5,7994,84,6,2,0.0,0.0,0.0,0.0,0.09907747060060501,False,False,0.0,0.0,0.0,[],10.0,10.0,1,10.0,0,0.009976542000003974
aco_current,5,7994,84,6,3,0.0,0.0,0.0,0.0,0.43936213850975037,False,False,0.0,0.0,0.0,[],10.0,10.0,1,10.0,0,0.009976542000003974
aco_current,5,7994,84,6,4,0.0,0.0,0.0,0.0,0.20313307642936707,False,False,0.0,0.0,0.0,[],10.0,10.0,1,10.0,0,0.009976542000003974
aco_current,5,7995,84,6,1,26.0,145.0,171.0,0.855,0.9999996423721313,True,True,30.0,141.0,0.0,[1],10.0,10.0,1,10.0,0,0.009602250000000367
aco_current,5,7995,84,6,2,0.0,0.0,0.0,0.0,0.09907747060060501,False,False,0.0,0.0,0.0,[],10.0,10.0,1,10.0,0,0.009602250000000367
aco_current,5,7995,84,6,3,0.0,0.0,0.0,0.0,0.43936213850975037,False,False,0.0,0.0,0.0,[],10.0,10.0,1,10.0,0,0.009602250000000367
aco_current,5,7995,84,6,4,0.0,0.0,0.0,0.0,0.20313307642936707,False,False,0.0,0.0,0.0,[],10.0,10.0,1,10.0,0,0.009602250000000367
aco_current,5,7996,84,7,1,29.0,141.0,170.0,0.85,0.9999998211860657,True,True,30.0,140.0,0.0,[1],10.0,10.0,1,10.0,0,0.009540250000000583
aco_current,5,7996,84,7,2,0.0,0.0,0.0,0.0,0.09907747060060501,False,False,0.0,0.0,0.0,[],10.0,10.0,1,10.0,0,0.009540250000000583
aco_current,5,7996,84,7,3,0.0,0.0,0.0,0.0,0.43936213850975037,False,False,0.0,0.0,0.0,[],10.0,10.0,1,10.0,0,0.009540250000000583
aco_current,5,7996,84,7,4,0.0,0.0,0.0,0.0,0.20313307642936707,False,False,0.0,0.0,0.0,[],10.0,10.0,1,10.0,0,0.009540250000000583
aco_current,5,7997,84,7,1,27.0,140.0,167.0,0.835,0.9999992847442627,True,True,30.0,137.0,0.0,[1],10.0,10.0,1,10.0,0,0.009676208999991331
aco_current,5,7997,84,7,2,0.0,0.0,0.0,0.0,0.09907747060060501,False,False,0.0,0.0,0.0,[],10.0,10.0,1,10.0,0,0.009676208999991331
aco_current,5,7997,84,7,3,0.0,0.0,0.0,0.0,0.43936213850975037,False,False,0.0,0.0,0.0,[],10.0,10.0,1,10.0,0,0.009676208999991331
aco_current,5,7997,84,7,4,0.0,0.0,0.0,0.0,0.20313307642936707,False,False,0.0,0.0,0.0,[],10.0,10.0,1,10.0,0,0.009676208999991331
aco_current,5,7998,84,7,1,28.0,137.0,165.0,0.825,0.9999991655349731,True,True,30.0,135.0,0.0,[1],10.0,10.0,1,10.0,0,0.009901749999997378
aco_current,5,7998,84,7,2,0.0,0.0,0.0,0.0,0.09907747060060501,False,False,0.0,0.0,0.0,[],10.0,10.0,1,10.0,0,0.009901749999997378
aco_current,5,7998,84,7,3,0.0,0.0,0.0,0.0,0.43936213850975037,False,False,0.0,0.0,0.0,[],10.0,10.0,1,10.0,0,0.009901749999997378
aco_current,5,7998,84,7,4,0.0,0.0,0.0,0.0,0.20313307642936707,False,False,0.0,0.0,0.0,[],10.0,10.0,1,10.0,0,0.009901749999997378
aco_current,5,7999,84,7,1,27.0,135.0,162.0,0.81,0.9999973177909851,True,True,30.0,132.0,0.0,[1],10.0,10.0,1,10.0,0,0.009714290999994546
aco_current,5,7999,84,7,2,0.0,0.0,0.0,0.0,0.09907747060060501,False,False,0.0,0.0,0.0,[],10.0,10.0,1,10.0,0,0.009714290999994546
aco_current,5,7999,84,7,3,0.0,0.0,0.0,0.0,0.43936213850975037,False,False,0.0,0.0,0.0,[],10.0,10.0,1,10.0,0,0.009714290999994546
aco_current,5,7999,84,7,4,0.0,0.0,0.0,0.0,0.20313307642936707,False,False,0.0,0.0,0.0,[],10.0,10.0,1,10.0,0,0.009714290999994546
aco_current,5,8000,84,8,1,29.0,132.0,161.0,0.805,0.9999982714653015,True,True,30.0,131.0,0.0,[1],10.0,10.0,1,10.0,0,0.009582124999994335
aco_current,5,8000,84,8,2,0.0,0.0,0.0,0.0,0.09907747060060501,False,False,0.0,0.0,0.0,[],10.0,10.0,1,10.0,0,0.009582124999994335
aco_current,5,8000,84,8,3,0.0,0.0,0.0,0.0,0.43936213850975037,False,False,0.0,0.0,0.0,[],10.0,10.0,1,10.0,0,0.009582124999994335
aco_current,5,8000,84,8,4,0.0,0.0,0.0,0.0,0.20313307642936707,False,False,0.0,0.0,0.0,[],10.0,10.0,1,10.0,0,0.009582124999994335
aco_current,5,8001,84,8,1,27.0,131.0,158.0,0.79,0.9999921917915344,False,False,0.0,158.0,0.0,[],0.0,0.0,0,0.0,0,3.6670000014282778e-06
aco_current,5,8001,84,8,2,0.0,0.0,0.0,0.0,0.09907747060060501,False,False,0.0,0.0,0.0,[],0.0,0.0,0,0.0,0,3.6670000014282778e-06
aco_current,5,8001,84,8,3,0.0,0.0,0.0,0.0,0.43936213850975037,False,False,0.0,0.0,0.0,[],0.0,0.0,0,0.0,0,3.6670000014282778e-06
aco_current,5,8001,84,8,4,0.0,0.0,0.0,0.0,0.20313307642936707,False,False,0.0,0.0,0.0,[],0.0,0.0,0,0.0,0,3.6670000014282778e-06
aco_current,5,8002,84,8,1,28.0,158.0,186.0,0.93,1.0,True,True,30.0,156.0,0.0,[1],10.0,10.0,1,10.0,0,0.009991792000008104
aco_current,5,8002,84,8,2,0.0,0.0,0.0,0.0,0.09907747060060501,False,False,0.0,0.0,0.0,[],10.0,10.0,1,10.0,0,0.009991792000008104
aco_current,5,8002,84,8,3,0.0,0.0,0.0,0.0,0.43936213850975037,False,False,0.0,0.0,0.0,[],10.0,10.0,1,10.0,0,0.009991792000008104
aco_current,5,8002,84,8,4,0.0,0.0,0.0,0.0,0.20313307642936707,False,False,0.0,0.0,0.0,[],10.0,10.0,1,10.0,0,0.009991792000008104
aco_current,5,8003,84,8,1,27.0,156.0,183.0,0.915,1.0,True,True,30.0,153.0,0.0,[1],10.0,10.0,1,10.0,0,0.010195959000000698
aco_current,5,8003,84,8,2,0.0,0.0,0.0,0.0,0.09907747060060501,False,False,0.0,0.0,0.0,[],10.0,10.0,1,10.0,0,0.010195959000000698
aco_current,5,8003,84,8,3,0.0,0.0,0.0,0.0,0.43936213850975037,False,False,0.0,0.0,0.0,[],10.0,10.0,1,10.0,0,0.010195959000000698
aco_current,5,8003,84,8,4,0.0,0.0,0.0,0.0,0.20313307642936707,False,False,0.0,0.0,0.0,[],10.0,10.0,1,10.0,0,0.010195959000000698
aco_current,5,8004,84,9,1,28.0,153.0,181.0,0.905,1.0,True,True,30.0,151.0,0.0,[1],10.0,10.0,1,10.0,0,0.009966790999996533
aco_current,5,8004,84,9,2,0.0,0.0,0.0,0.0,0.09907747060060501,False,False,0.0,0.0,0.0,[],10.0,10.0,1,10.0,0,0.009966790999996533
aco_current,5,8004,84,9,3,0.0,0.0,0.0,0.0,0.43936213850975037,False,False,0.0,0.0,0.0,[],10.0,10.0,1,10.0,0,0.009966790999996533
aco_current,5,8004,84,9,4,0.0,0.0,0.0,0.0,0.20313307642936707,False,False,0.0,0.0,0.0,[],10.0,10.0,1,10.0,0,0.009966790999996533
aco_current,5,8005,84,9,1,29.0,151.0,180.0,0.9,1.0,True,True,30.0,150.0,0.0,[1],10.0,10.0,1,10.0,0,0.01008158399999104
aco_current,5,8005,84,9,2,0.0,0.0,0.0,0.0,0.09907747060060501,False,False,0.0,0.0,0.0,[],10.0,10.0,1,10.0,0,0.01008158399999104
aco_current,5,8005,84,9,3,0.0,0.0,0.0,0.0,0.43936213850975037,False,False,0.0,0.0,0.0,[],10.0,10.0,1,10.0,0,0.01008158399999104
aco_current,5,8005,84,9,4,0.0,0.0,0.0,0.0,0.20313307642936707,False,False,0.0,0.0,0.0,[],10.0,10.0,1,10.0,0,0.01008158399999104
aco_current,5,8006,84,9,1,28.0,150.0,178.0,0.89,1.0,True,True,30.0,148.0,0.0,[1],10.0,10.0,1,10.0,0,0.009921165999998038
aco_current,5,8006,84,9,2,0.0,0.0,0.0,0.0,0.09907747060060501,False,False,0.0,0.0,0.0,[],10.0,10.0,1,10.0,0,0.009921165999998038
aco_current,5,8006,84,9,3,0.0,0.0,0.0,0.0,0.43936213850975037,False,False,0.0,0.0,0.0,[],10.0,10.0,1,10.0,0,0.009921165999998038
aco_current,5,8006,84,9,4,0.0,0.0,0.0,0.0,0.20313307642936707,False,False,0.0,0.0,0.0,[],10.0,10.0,1,10.0,0,0.009921165999998038
aco_current,5,8007,84,9,1,25.0,148.0,173.0,0.865,0.9999997019767761,True,True,30.0,143.0,0.0,[1],10.0,10.0,1,10.0,0,0.009849916000007397
aco_current,5,8007,84,9,2,0.0,0.0,0.0,0.0,0.09907747060060501,False,False,0.0,0.0,0.0,[],10.0,10.0,1,10.0,0,0.009849916000007397
aco_current,5,8007,84,9,3,0.0,0.0,0.0,0.0,0.43936213850975037,False,False,0.0,0.0,0.0,[],10.0,10.0,1,10.0,0,0.009849916000007397
aco_current,5,8007,84,9,4,0.0,0.0,0.0,0.0,0.20313307642936707,False,False,0.0,0.0,0.0,[],10.0,10.0,1,10.0,0,0.009849916000007397
aco_current,5,8008,84,10,1,17.0,143.0,160.0,0.8,0.999851644039154,True,True,30.0,130.0,0.0,[1],10.0,10.0,1,10.0,0,0.011114582999994127
aco_current,5,8008,84,10,2,0.0,0.0,0.0,0.0,0.09907747060060501,False,False,0.0,0.0,0.0,[],10.0,10.0,1,10.0,0,0.011114582999994127
aco_current,5,8008,84,10,3,0.0,0.0,0.0,0.0,0.43936213850975037,False,False,0.0,0.0,0.0,[],10.0,10.0,1,10.0,0,0.011114582999994127
aco_current,5,8008,84,10,4,0.0,0.0,0.0,0.0,0.20313307642936707,False,False,0.0,0.0,0.0,[],10.0,10.0,1,10.0,0,0.011114582999994127
aco_current,5,8009,84,10,1,16.0,130.0,146.0,0.73,0.9972118735313416,False,False,0.0,146.0,0.0,[],0.0,0.0,0,0.0,0,4.583000006164184e-06
aco_current,5,8009,84,10,2,0.0,0.0,0.0,0.0,0.09907747060060501,False,False,0.0,0.0,0.0,[],0.0,0.0,0,0.0,0,4.583000006164184e-06
aco_current,5,8009,84,10,3,0.0,0.0,0.0,0.0,0.43936213850975037,False,False,0.0,0.0,0.0,[],0.0,0.0,0,0.0,0,4.583000006164184e-06
aco_current,5,8009,84,10,4,0.0,0.0,0.0,0.0,0.20313307642936707,False,False,0.0,0.0,0.0,[],0.0,0.0,0,0.0,0,4.583000006164184e-06
aco_current,5,8010,84,10,1,17.0,146.0,163.0,0.815,0.9999247193336487,True,True,30.0,133.0,0.0,[1],10.0,10.0,1,10.0,0,0.01103904199999306
aco_current,5,8010,84,10,2,0.0,0.0,0.0,0.0,0.09907747060060501,False,False,0.0,0.0,0.0,[],10.0,10.0,1,10.0,0,0.01103904199999306
aco_current,5,8010,84,10,3,0.0,0.0,0.0,0.0,0.43936213850975037,False,False,0.0,0.0,0.0,[],10.0,10.0,1,10.0,0,0.01103904199999306
aco_current,5,8010,84,10,4,0.0,0.0,0.0,0.0,0.20313307642936707,False,False,0.0,0.0,0.0,[],10.0,10.0,1,10.0,0,0.01103904199999306
aco_current,5,8011,84,10,1,27.0,133.0,160.0,0.8,0.9999950528144836,True,True,30.0,130.0,0.0,[1],10.0,10.0,1,10.0,0,0.010239791999993031
aco_current,5,8011,84,10,2,0.0,0.0,0.0,0.0,0.09907747060060501,False,False,0.0,0.0,0.0,[],10.0,10.0,1,10.0,0,0.010239791999993031
aco_current,5,8011,84,10,3,0.0,0.0,0.0,0.0,0.43936213850975037,False,False,0.0,0.0,0.0,[],10.0,10.0,1,10.0,0,0.010239791999993031
aco_current,5,8011,84,10,4,0.0,0.0,0.0,0.0,0.20313307642936707,False,False,0.0,0.0,0.0,[],10.0,10.0,1,10.0,0,0.010239791999993031
aco_current,5,8012,84,11,1,40.0,130.0,170.0,0.85,1.0,True,True,30.0,140.0,0.0,[1],10.0,10.0,1,10.0,0,0.010106750000005604
aco_current,5,8012,84,11,2,0.0,0.0,0.0,0.0,0.09907747060060501,False,False,0.0,0.0,0.0,[],10.0,10.0,1,10.0,0,0.010106750000005604
aco_current,5,8012,84,11,3,0.0,0.0,0.0,0.0,0.43936213850975037,False,False,0.0,0.0,0.0,[],10.0,10.0,1,10.0,0,0.010106750000005604
aco_current,5,8012,84,11,4,0.0,0.0,0.0,0.0,0.20313307642936707,False,False,0.0,0.0,0.0,[],10.0,10.0,1,10.0,0,0.010106750000005604
aco_current,5,8013,84,11,1,40.0,140.0,180.0,0.9,1.0,True,True,30.0,150.0,0.0,[1],10.0,10.0,1,10.0,0,0.010980875000001333
aco_current,5,8013,84,11,2,0.0,0.0,0.0,0.0,0.09907747060060501,False,False,0.0,0.0,0.0,[],10.0,10.0,1,10.0,0,0.010980875000001333
aco_current,5,8013,84,11,3,0.0,0.0,0.0,0.0,0.43936213850975037,False,False,0.0,0.0,0.0,[],10.0,10.0,1,10.0,0,0.010980875000001333
aco_current,5,8013,84,11,4,0.0,0.0,0.0,0.0,0.20313307642936707,False,False,0.0,0.0,0.0,[],10.0,10.0,1,10.0,0,0.010980875000001333
aco_current,5,8014,84,11,1,35.0,150.0,185.0,0.925,1.0,True,True,30.0,155.0,0.0,[1],10.0,10.0,1,10.0,0,0.02521145800000113
aco_current,5,8014,84,11,2,0.0,0.0,0.0,0.0,0.09907747060060501,False,False,0.0,0.0,0.0,[],10.0,10.0,1,10.0,0,0.02521145800000113
aco_current,5,8014,84,11,3,0.0,0.0,0.0,0.0,0.43936213850975037,False,False,0.0,0.0,0.0,[],10.0,10.0,1,10.0,0,0.02521145800000113
aco_current,5,8014,84,11,4,0.0,0.0,0.0,0.0,0.20313307642936707,False,False,0.0,0.0,0.0,[],10.0,10.0,1,10.0,0,0.02521145800000113
aco_current,5,8015,84,11,1,30.0,155.0,185.0,0.925,1.0,True,True,30.0,155.0,0.0,[1],10.0,10.0,1,10.0,0,0.01092712499999493
aco_current,5,8015,84,11,2,0.0,0.0,0.0,0.0,0.09907747060060501,False,False,0.0,0.0,0.0,[],10.0,10.0,1,10.0,0,0.01092712499999493
aco_current,5,8015,84,11,3,0.0,0.0,0.0,0.0,0.43936213850975037,False,False,0.0,0.0,0.0,[],10.0,10.0,1,10.0,0,0.01092712499999493
aco_current,5,8015,84,11,4,0.0,0.0,0.0,0.0,0.20313307642936707,False,False,0.0,0.0,0.0,[],10.0,10.0,1,10.0,0,0.01092712499999493
aco_current,5,8016,84,12,1,23.0,155.0,178.0,0.89,0.9999998807907104,True,True,30.0,148.0,0.0,[1],10.0,10.0,1,10.0,0,0.009906041999997228
aco_current,5,8016,84,12,2,0.0,0.0,0.0,0.0,0.09907747060060501,False,False,0.0,0.0,0.0,[],10.0,10.0,1,10.0,0,0.009906041999997228
aco_current,5,8016,84,12,3,0.0,0.0,0.0,0.0,0.43936213850975037,False,False,0.0,0.0,0.0,[],10.0,10.0,1,10.0,0,0.009906041999997228
aco_current,5,8016,84,12,4,0.0,0.0,0.0,0.0,0.20313307642936707,False,False,0.0,0.0,0.0,[],10.0,10.0,1,10.0,0,0.009906041999997228
aco_current,5,8017,84,12,1,22.0,148.0,170.0,0.85,0.9999982118606567,True,True,30.0,140.0,0.0,[1],10.0,10.0,1,10.0,0,0.010186958000005575
aco_current,5,8017,84,12,2,0.0,0.0,0.0,0.0,0.09907747060060501,False,False,0.0,0.0,0.0,[],10.0,10.0,1,10.0,0,0.010186958000005575
aco_current,5,8017,84,12,3,0.0,0.0,0.0,0.0,0.43936213850975037,False,False,0.0,0.0,0.0,[],10.0,10.0,1,10.0,0,0.010186958000005575
aco_current,5,8017,84,12,4,0.0,0.0,0.0,0.0,0.20313307642936707,False,False,0.0,0.0,0.0,[],10.0,10.0,1,10.0,0,0.010186958000005575
aco_current,5,8018,84,12,1,21.0,140.0,161.0,0.805,0.999971330165863,True,True,30.0,131.0,0.0,[1],10.0,10.0,1,10.0,0,0.009815083000006553
aco_current,5,8018,84,12,2,0.0,0.0,0.0,0.0,0.09907747060060501,False,False,0.0,0.0,0.0,[],10.0,10.0,1,10.0,0,0.009815083000006553
aco_current,5,8018,84,12,3,0.0,0.0,0.0,0.0,0.43936213850975037,False,False,0.0,0.0,0.0,[],10.0,10.0,1,10.0,0,0.009815083000006553
aco_current,5,8018,84,12,4,0.0,0.0,0.0,0.0,0.20313307642936707,False,False,0.0,0.0,0.0,[],10.0,10.0,1,10.0,0,0.009815083000006553
aco_current,5,8019,84,12,1,21.0,131.0,152.0,0.76,0.9997714161872864,False,False,0.0,152.0,0.0,[],0.0,0.0,0,0.0,0,5.000000001587068e-06
aco_current,5,8019,84,12,2,0.0,0.0,0.0,0.0,0.09907747060060501,False,False,0.0,0.0,0.0,[],0.0,0.0,0,0.0,0,5.000000001587068e-06
aco_current,5,8019,84,12,3,0.0,0.0,0.0,0.0,0.43936213850975037,False,False,0.0,0.0,0.0,[],0.0,0.0,0,0.0,0,5.000000001587068e-06
aco_current,5,8019,84,12,4,0.0,0.0,0.0,0.0,0.20313307642936707,False,False,0.0,0.0,0.0,[],0.0,0.0,0,0.0,0,5.000000001587068e-06
aco_current,5,8020,84,13,1,21.0,152.0,173.0,0.865,0.9999986886978149,True,True,30.0,143.0,0.0,[1],10.0,10.0,1,10.0,0,0.009641290999994112
aco_current,5,8020,84,13,2,0.0,0.0,0.0,0.0,0.09907747060060501,False,False,0.0,0.0,0.0,[],10.0,10.0,1,10.0,0,0.009641290999994112
aco_current,5,8020,84,13,3,0.0,0.0,0.0,0.0,0.43936213850975037,False,False,0.0,0.0,0.0,[],10.0,10.0,1,10.0,0,0.009641290999994112
aco_current,5,8020,84,13,4,0.0,0.0,0.0,0.0,0.20313307642936707,False,False,0.0,0.0,0.0,[],10.0,10.0,1,10.0,0,0.009641290999994112
aco_current,5,8021,84,13,1,21.0,143.0,164.0,0.82,0.9999862909317017,True,True,30.0,134.0,0.0,[1],10.0,10.0,1,10.0,0,0.009683041999991815
aco_current,5,8021,84,13,2,0.0,0.0,0.0,0.0,0.09907747060060501,False,False,0.0,0.0,0.0,[],10.0,10.0,1,10.0,0,0.009683041999991815
aco_current,5,8021,84,13,3,0.0,0.0,0.0,0.0,0.43936213850975037,False,False,0.0,0.0,0.0,[],10.0,10.0,1,10.0,0,0.009683041999991815
aco_current,5,8021,84,13,4,0.0,0.0,0.0,0.0,0.20313307642936707,False,False,0.0,0.0,0.0,[],10.0,10.0,1,10.0,0,0.009683041999991815
aco_current,5,8022,84,13,1,21.0,134.0,155.0,0.775,0.9998710751533508,False,False,0.0,155.0,0.0,[],0.0,0.0,0,0.0,0,3.2079999954248706e-06
aco_current,5,8022,84,13,2,0.0,0.0,0.0,0.0,0.09907747060060501,False,False,0.0,0.0,0.0,[],0.0,0.0,0,0.0,0,3.2079999954248706e-06
aco_current,5,8022,84,13,3,0.0,0.0,0.0,0.0,0.43936213850975037,False,False,0.0,0.0,0.0,[],0.0,0.0,0,0.0,0,3.2079999954248706e-06
aco_current,5,8022,84,13,4,0.0,0.0,0.0,0.0,0.20313307642936707,False,False,0.0,0.0,0.0,[],0.0,0.0,0,0.0,0,3.2079999954248706e-06
aco_current,5,8023,84,13,1,21.0,155.0,176.0,0.88,0.9999994039535522,True,True,30.0,146.0,0.0,[1],10.0,10.0,1,10.0,0,0.009668583999996372
aco_current,5,8023,84,13,2,0.0,0.0,0.0,0.0,0.09907747060060501,False,False,0.0,0.0,0.0,[],10.0,10.0,1,10.0,0,0.009668583999996372
aco_current,5,8023,84,13,3,0.0,0.0,0.0,0.0,0.43936213850975037,False,False,0.0,0.0,0.0,[],10.0,10.0,1,10.0,0,0.009668583999996372
aco_current,5,8023,84,13,4,0.0,0.0,0.0,0.0,0.20313307642936707,False,False,0.0,0.0,0.0,[],10.0,10.0,1,10.0,0,0.009668583999996372
aco_current,5,8024,84,14,1,21.0,146.0,167.0,0.835,0.9999936819076538,True,True,30.0,137.0,0.0,[1],10.0,10.0,1,10.0,0,0.009562334000008832
aco_current,5,8024,84,14,2,0.0,0.0,0.0,0.0,0.09907747060060501,False,False,0.0,0.0,0.0,[],10.0,10.0,1,10.0,0,0.009562334000008832
aco_current,5,8024,84,14,3,0.0,0.0,0.0,0.0,0.43936213850975037,False,False,0.0,0.0,0.0,[],10.0,10.0,1,10.0,0,0.009562334000008832
aco_current,5,8024,84,14,4,0.0,0.0,0.0,0.0,0.20313307642936707,False,False,0.0,0.0,0.0,[],10.0,10.0,1,10.0,0,0.009562334000008832
aco_current,5,8025,84,14,1,21.0,137.0,158.0,0.79,0.99993497133255,False,False,0.0,158.0,0.0,[],0.0,0.0,0,0.0,0,3.374999991478944e-06
aco_current,5,8025,84,14,2,0.0,0.0,0.0,0.0,0.09907747060060501,False,False,0.0,0.0,0.0,[],0.0,0.0,0,0.0,0,3.374999991478944e-06
aco_current,5,8025,84,14,3,0.0,0.0,0.0,0.0,0.43936213850975037,False,False,0.0,0.0,0.0,[],0.0,0.0,0,0.0,0,3.374999991478944e-06
aco_current,5,8025,84,14,4,0.0,0.0,0.0,0.0,0.20313307642936707,False,False,0.0,0.0,0.0,[],0.0,0.0,0,0.0,0,3.374999991478944e-06
aco_current,5,8026,84,14,1,21.0,158.0,179.0,0.895,0.9999997019767761,True,True,30.0,149.0,0.0,[1],10.0,10.0,1,10.0,0,0.009643917000005331
aco_current,5,8026,84,14,2,0.0,0.0,0.0,0.0,0.09907747060060501,False,False,0.0,0.0,0.0,[],10.0,10.0,1,10.0,0,0.009643917000005331
aco_current,5,8026,84,14,3,0.0,0.0,0.0,0.0,0.43936213850975037,False,False,0.0,0.0,0.0,[],10.0,10.0,1,10.0,0,0.009643917000005331
aco_current,5,8026,84,14,4,0.0,0.0,0.0,0.0,0.20313307642936707,False,False,0.0,0.0,0.0,[],10.0,10.0,1,10.0,0,0.009643917000005331
aco_current,5,8027,84,14,1,21.0,149.0,170.0,0.85,0.999997079372406,True,True,30.0,140.0,0.0,[1],10.0,10.0,1,10.0,0,0.009625916999993933
aco_current,5,8027,84,14,2,0.0,0.0,0.0,0.0,0.09907747060060501,False,False,0.0,0.0,0.0,[],10.0,10.0,1,10.0,0,0.009625916999993933
aco_current,5,8027,84,14,3,0.0,0.0,0.0,0.0,0.43936213850975037,False,False,0.0,0.0,0.0,[],10.0,10.0,1,10.0,0,0.009625916999993933
aco_current,5,8027,84,14,4,0.0,0.0,0.0,0.0,0.20313307642936707,False,False,0.0,0.0,0.0,[],10.0,10.0,1,10.0,0,0.009625916999993933
aco_current,5,8028,84,15,1,21.0,140.0,161.0,0.805,0.9999701976776123,True,True,30.0,131.0,0.0,[1],10.0,10.0,1,10.0,0,0.009526957999995034
aco_current,5,8028,84,15,2,0.0,0.0,0.0,0.0,0.09907747060060501,False,False,0.0,0.0,0.0,[],10.0,10.0,1,10.0,0,0.009526957999995034
aco_current,5,8028,84,15,3,0.0,0.0,0.0,0.0,0.43936213850975037,False,False,0.0,0.0,0.0,[],10.0,10.0,1,10.0,0,0.009526957999995034
aco_current,5,8028,84,15,4,0.0,0.0,0.0,0.0,0.20313307642936707,False,False,0.0,0.0,0.0,[],10.0,10.0,1,10.0,0,0.009526957999995034
aco_current,5,8029,84,15,1,21.0,131.0,152.0,0.76,0.999771237373352,False,False,0.0,152.0,0.0,[],0.0,0.0,0,0.0,0,3.375000005689799e-06
aco_current,5,8029,84,15,2,0.0,0.0,0.0,0.0,0.09907747060060501,False,False,0.0,0.0,0.0,[],0.0,0.0,0,0.0,0,3.375000005689799e-06
aco_current,5,8029,84,15,3,0.0,0.0,0.0,0.0,0.43936213850975037,False,False,0.0,0.0,0.0,[],0.0,0.0,0,0.0,0,3.375000005689799e-06
aco_current,5,8029,84,15,4,0.0,0.0,0.0,0.0,0.20313307642936707,False,False,0.0,0.0,0.0,[],0.0,0.0,0,0.0,0,3.375000005689799e-06
aco_current,5,8030,84,15,1,13.0,152.0,165.0,0.825,0.9998204708099365,True,True,30.0,135.0,0.0,[1],10.0,10.0,1,10.0,0,0.009670790999990686
aco_current,5,8030,84,15,2,0.0,0.0,0.0,0.0,0.09907747060060501,False,False,0.0,0.0,0.0,[],10.0,10.0,1,10.0,0,0.009670790999990686
aco_current,5,8030,84,15,3,0.0,0.0,0.0,0.0,0.43936213850975037,False,False,0.0,0.0,0.0,[],10.0,10.0,1,10.0,0,0.009670790999990686
aco_current,5,8030,84,15,4,0.0,0.0,0.0,0.0,0.20313307642936707,False,False,0.0,0.0,0.0,[],10.0,10.0,1,10.0,0,0.009670790999990686
aco_current,5,8031,84,15,1,13.0,135.0,148.0,0.74,0.993981122970581,False,False,0.0,148.0,0.0,[],0.0,0.0,0,0.0,0,2.9580000102669146e-06
aco_current,5,8031,84,15,2,0.0,0.0,0.0,0.0,0.09907747060060501,False,False,0.0,0.0,0.0,[],0.0,0.0,0,0.0,0,2.9580000102669146e-06
aco_current,5,8031,84,15,3,0.0,0.0,0.0,0.0,0.43936213850975037,False,False,0.0,0.0,0.0,[],0.0,0.0,0,0.0,0,2.9580000102669146e-06
aco_current,5,8031,84,15,4,0.0,0.0,0.0,0.0,0.20313307642936707,False,False,0.0,0.0,0.0,[],0.0,0.0,0,0.0,0,2.9580000102669146e-06
aco_current,5,8032,84,16,1,13.0,148.0,161.0,0.805,0.9994506239891052,True,True,30.0,131.0,0.0,[1],10.0,10.0,1,10.0,0,0.009998084000002905
aco_current,5,8032,84,16,2,0.0,0.0,0.0,0.0,0.09907747060060501,False,False,0.0,0.0,0.0,[],10.0,10.0,1,10.0,0,0.009998084000002905
aco_current,5,8032,84,16,3,0.0,0.0,0.0,0.0,0.43936213850975037,False,False,0.0,0.0,0.0,[],10.0,10.0,1,10.0,0,0.009998084000002905
aco_current,5,8032,84,16,4,0.0,0.0,0.0,0.0,0.20313307642936707,False,False,0.0,0.0,0.0,[],10.0,10.0,1,10.0,0,0.009998084000002905
aco_current,5,8033,84,16,1,13.0,131.0,144.0,0.72,0.9901973009109497,False,False,0.0,144.0,0.0,[],0.0,0.0,0,0.0,0,3.5420000017438724e-06
aco_current,5,8033,84,16,2,0.0,0.0,0.0,0.0,0.09907747060060501,False,False,0.0,0.0,0.0,[],0.0,0.0,0,0.0,0,3.5420000017438724e-06
aco_current,5,8033,84,16,3,0.0,0.0,0.0,0.0,0.43936213850975037,False,False,0.0,0.0,0.0,[],0.0,0.0,0,0.0,0,3.5420000017438724e-06
aco_current,5,8033,84,16,4,0.0,0.0,0.0,0.0,0.20313307642936707,False,False,0.0,0.0,0.0,[],0.0,0.0,0,0.0,0,3.5420000017438724e-06
aco_current,5,8034,84,16,1,13.0,144.0,157.0,0.785,0.998498797416687,False,False,0.0,157.0,0.0,[],0.0,0.0,0,0.0,0,2.249999994319296e-06
aco_current,5,8034,84,16,2,0.0,0.0,0.0,0.0,0.09907747060060501,False,False,0.0,0.0,0.0,[],0.0,0.0,0,0.0,0,2.249999994319296e-06
aco_current,5,8034,84,16,3,0.0,0.0,0.0,0.0,0.43936213850975037,False,False,0.0,0.0,0.0,[],0.0,0.0,0,0.0,0,2.249999994319296e-06
aco_current,5,8034,84,16,4,0.0,0.0,0.0,0.0,0.20313307642936707,False,False,0.0,0.0,0.0,[],0.0,0.0,0,0.0,0,2.249999994319296e-06
aco_current,5,8035,84,16,1,13.0,157.0,170.0,0.85,0.9999454617500305,True,True,30.0,140.0,0.0,[1],10.0,10.0,1,10.0,0,0.00983708299999364
aco_current,5,8035,84,16,2,0.0,0.0,0.0,0.0,0.09907747060060501,False,False,0.0,0.0,0.0,[],10.0,10.0,1,10.0,0,0.00983708299999364
aco_current,5,8035,84,16,3,0.0,0.0,0.0,0.0,0.43936213850975037,False,False,0.0,0.0,0.0,[],10.0,10.0,1,10.0,0,0.00983708299999364
aco_current,5,8035,84,16,4,0.0,0.0,0.0,0.0,0.20313307642936707,False,False,0.0,0.0,0.0,[],10.0,10.0,1,10.0,0,0.00983708299999364
aco_current,5,8036,84,17,1,13.0,140.0,153.0,0.765,0.9966902136802673,False,False,0.0,153.0,0.0,[],0.0,0.0,0,0.0,0,4.2919999998503044e-06
aco_current,5,8036,84,17,2,0.0,0.0,0.0,0.0,0.09907747060060501,False,False,0.0,0.0,0.0,[],0.0,0.0,0,0.0,0,4.2919999998503044e-06
aco_current,5,8036,84,17,3,0.0,0.0,0.0,0.0,0.43936213850975037,False,False,0.0,0.0,0.0,[],0.0,0.0,0,0.0,0,4.2919999998503044e-06
aco_current,5,8036,84,17,4,0.0,0.0,0.0,0.0,0.20313307642936707,False,False,0.0,0.0,0.0,[],0.0,0.0,0,0.0,0,4.2919999998503044e-06
aco_current,5,8037,84,17,1,13.0,153.0,166.0,0.83,0.9998438954353333,True,True,30.0,136.0,0.0,[1],10.0,10.0,1,10.0,0,0.010066417000004435
aco_current,5,8037,84,17,2,0.0,0.0,0.0,0.0,0.09907747060060501,False,False,0.0,0.0,0.0,[],10.0,10.0,1,10.0,0,0.010066417000004435
aco_current,5,8037,84,17,3,0.0,0.0,0.0,0.0,0.43936213850975037,False,False,0.0,0.0,0.0,[],10.0,10.0,1,10.0,0,0.010066417000004435
aco_current,5,8037,84,17,4,0.0,0.0,0.0,0.0,0.20313307642936707,False,False,0.0,0.0,0.0,[],10.0,10.0,1,10.0,0,0.010066417000004435
aco_current,5,8038,84,17,1,13.0,136.0,149.0,0.745,0.9945744872093201,False,False,0.0,149.0,0.0,[],0.0,0.0,0,0.0,0,5.458000003955021e-06
aco_current,5,8038,84,17,2,0.0,0.0,0.0,0.0,0.09907747060060501,False,False,0.0,0.0,0.0,[],0.0,0.0,0,0.0,0,5.458000003955021e-06
aco_current,5,8038,84,17,3,0.0,0.0,0.0,0.0,0.43936213850975037,False,False,0.0,0.0,0.0,[],0.0,0.0,0,0.0,0,5.458000003955021e-06
aco_current,5,8038,84,17,4,0.0,0.0,0.0,0.0,0.20313307642936707,False,False,0.0,0.0,0.0,[],0.0,0.0,0,0.0,0,5.458000003955021e-06
aco_current,5,8039,84,17,1,13.0,149.0,162.0,0.81,0.9995591640472412,True,True,30.0,132.0,0.0,[1],10.0,10.0,1,10.0,0,0.010015875000007668
aco_current,5,8039,84,17,2,0.0,0.0,0.0,0.0,0.09907747060060501,False,False,0.0,0.0,0.0,[],10.0,10.0,1,10.0,0,0.010015875000007668
aco_current,5,8039,84,17,3,0.0,0.0,0.0,0.0,0.43936213850975037,False,False,0.0,0.0,0.0,[],10.0,10.0,1,10.0,0,0.010015875000007668
aco_current,5,8039,84,17,4,0.0,0.0,0.0,0.0,0.20313307642936707,False,False,0.0,0.0,0.0,[],10.0,10.0,1,10.0,0,0.010015875000007668
aco_current,5,8040,84,18,1,14.0,132.0,146.0,0.73,0.9944930672645569,False,False,0.0,146.0,0.0,[],0.0,0.0,0,0.0,0,2.8329999963716546e-06
aco_current,5,8040,84,18,2,0.0,0.0,0.0,0.0,0.09907747060060501,False,False,0.0,0.0,0.0,[],0.0,0.0,0,0.0,0,2.8329999963716546e-06
aco_current,5,8040,84,18,3,0.0,0.0,0.0,0.0,0.43936213850975037,False,False,0.0,0.0,0.0,[],0.0,0.0,0,0.0,0,2.8329999963716546e-06
aco_current,5,8040,84,18,4,0.0,0.0,0.0,0.0,0.20313307642936707,False,False,0.0,0.0,0.0,[],0.0,0.0,0,0.0,0,2.8329999963716546e-06
aco_current,5,8041,84,18,1,13.0,146.0,159.0,0.795,0.9990442395210266,False,False,0.0,159.0,0.0,[],0.0,0.0,0,0.0,0,2.207999997949628e-06
aco_current,5,8041,84,18,2,0.0,0.0,0.0,0.0,0.09907747060060501,False,False,0.0,0.0,0.0,[],0.0,0.0,0,0.0,0,2.207999997949628e-06
aco_current,5,8041,84,18,3,0.0,0.0,0.0,0.0,0.43936213850975037,False,False,0.0,0.0,0.0,[],0.0,0.0,0,0.0,0,2.207999997949628e-06
aco_current,5,8041,84,18,4,0.0,0.0,0.0,0.0,0.20313307642936707,False,False,0.0,0.0,0.0,[],0.0,0.0,0,0.0,0,2.207999997949628e-06
aco_current,5,8042,84,18,1,13.0,159.0,172.0,0.86,0.9999680519104004,True,True,30.0,142.0,0.0,[1],10.0,10.0,1,10.0,0,0.009957874999997784
aco_current,5,8042,84,18,2,0.0,0.0,0.0,0.0,0.09907747060060501,False,False,0.0,0.0,0.0,[],10.0,10.0,1,10.0,0,0.009957874999997784
aco_current,5,8042,84,18,3,0.0,0.0,0.0,0.0,0.43936213850975037,False,False,0.0,0.0,0.0,[],10.0,10.0,1,10.0,0,0.009957874999997784
aco_current,5,8042,84,18,4,0.0,0.0,0.0,0.0,0.20313307642936707,False,False,0.0,0.0,0.0,[],10.0,10.0,1,10.0,0,0.009957874999997784
aco_current,5,8043,84,18,1,13.0,142.0,155.0,0.775,0.9976921081542969,False,False,0.0,155.0,0.0,[],0.0,0.0,0,0.0,0,3.7080000083733466e-06
aco_current,5,8043,84,18,2,0.0,0.0,0.0,0.0,0.09907747060060501,False,False,0.0,0.0,0.0,[],0.0,0.0,0,0.0,0,3.7080000083733466e-06
aco_current,5,8043,84,18,3,0.0,0.0,0.0,0.0,0.43936213850975037,False,False,0.0,0.0,0.0,[],0.0,0.0,0,0.0,0,3.7080000083733466e-06
aco_current,5,8043,84,18,4,0.0,0.0,0.0,0.0,0.20313307642936707,False,False,0.0,0.0,0.0,[],0.0,0.0,0,0.0,0,3.7080000083733466e-06
aco_current,5,8044,84,19,1,13.0,155.0,168.0,0.84,0.9999075531959534,True,True,30.0,138.0,0.0,[1],10.0,10.0,1,10.0,0,0.009963583000001108
aco_current,5,8044,84,19,2,0.0,0.0,0.0,0.0,0.09907747060060501,False,False,0.0,0.0,0.0,[],10.0,10.0,1,10.0,0,0.009963583000001108
aco_current,5,8044,84,19,3,0.0,0.0,0.0,0.0,0.43936213850975037,False,False,0.0,0.0,0.0,[],10.0,10.0,1,10.0,0,0.009963583000001108
aco_current,5,8044,84,19,4,0.0,0.0,0.0,0.0,0.20313307642936707,False,False,0.0,0.0,0.0,[],10.0,10.0,1,10.0,0,0.009963583000001108
aco_current,5,8045,84,19,1,13.0,138.0,151.0,0.755,0.9957398772239685,False,False,0.0,151.0,0.0,[],0.0,0.0,0,0.0,0,4.0000000041118255e-06
aco_current,5,8045,84,19,2,0.0,0.0,0.0,0.0,0.09907747060060501,False,False,0.0,0.0,0.0,[],0.0,0.0,0,0.0,0,4.0000000041118255e-06
aco_current,5,8045,84,19,3,0.0,0.0,0.0,0.0,0.43936213850975037,False,False,0.0,0.0,0.0,[],0.0,0.0,0,0.0,0,4.0000000041118255e-06
aco_current,5,8045,84,19,4,0.0,0.0,0.0,0.0,0.20313307642936707,False,False,0.0,0.0,0.0,[],0.0,0.0,0,0.0,0,4.0000000041118255e-06
aco_current,5,8046,84,19,1,13.0,151.0,164.0,0.82,0.9997376203536987,True,True,30.0,134.0,0.0,[1],10.0,10.0,1,10.0,0,0.009831791000010526
aco_current,5,8046,84,19,2,0.0,0.0,0.0,0.0,0.09907747060060501,False,False,0.0,0.0,0.0,[],10.0,10.0,1,10.0,0,0.009831791000010526
aco_current,5,8046,84,19,3,0.0,0.0,0.0,0.0,0.43936213850975037,False,False,0.0,0.0,0.0,[],10.0,10.0,1,10.0,0,0.009831791000010526
aco_current,5,8046,84,19,4,0.0,0.0,0.0,0.0,0.20313307642936707,False,False,0.0,0.0,0.0,[],10.0,10.0,1,10.0,0,0.009831791000010526
aco_current,5,8047,84,19,1,13.0,134.0,147.0,0.735,0.9931240081787109,False,False,0.0,147.0,0.0,[],0.0,0.0,0,0.0,0,3.375000005689799e-06
aco_current,5,8047,84,19,2,0.0,0.0,0.0,0.0,0.09907747060060501,False,False,0.0,0.0,0.0,[],0.0,0.0,0,0.0,0,3.375000005689799e-06
aco_current,5,8047,84,19,3,0.0,0.0,0.0,0.0,0.43936213850975037,False,False,0.0,0.0,0.0,[],0.0,0.0,0,0.0,0,3.375000005689799e-06
aco_current,5,8047,84,19,4,0.0,0.0,0.0,0.0,0.20313307642936707,False,False,0.0,0.0,0.0,[],0.0,0.0,0,0.0,0,3.375000005689799e-06
aco_current,5,8048,84,20,1,13.0,147.0,160.0,0.8,0.9992592334747314,True,True,30.0,130.0,0.0,[1],10.0,10.0,1,10.0,0,0.010213500000006093
aco_current,5,8048,84,20,2,0.0,0.0,0.0,0.0,0.09907747060060501,False,False,0.0,0.0,0.0,[],10.0,10.0,1,10.0,0,0.010213500000006093
aco_current,5,8048,84,20,3,0.0,0.0,0.0,0.0,0.43936213850975037,False,False,0.0,0.0,0.0,[],10.0,10.0,1,10.0,0,0.010213500000006093
aco_current,5,8048,84,20,4,0.0,0.0,0.0,0.0,0.20313307642936707,False,False,0.0,0.0,0.0,[],10.0,10.0,1,10.0,0,0.010213500000006093
aco_current,5,8049,84,20,1,13.0,130.0,143.0,0.715,0.9889701008796692,False,False,0.0,143.0,0.0,[],0.0,0.0,0,0.0,0,2.95799999605606e-06
aco_current,5,8049,84,20,2,0.0,0.0,0.0,0.0,0.09907747060060501,False,False,0.0,0.0,0.0,[],0.0,0.0,0,0.0,0,2.95799999605606e-06
aco_current,5,8049,84,20,3,0.0,0.0,0.0,0.0,0.43936213850975037,False,False,0.0,0.0,0.0,[],0.0,0.0,0,0.0,0,2.95799999605606e-06
aco_current,5,8049,84,20,4,0.0,0.0,0.0,0.0,0.20313307642936707,False,False,0.0,0.0,0.0,[],0.0,0.0,0,0.0,0,2.95799999605606e-06
aco_current,5,8050,84,20,1,13.0,143.0,156.0,0.78,0.9981349110603333,False,False,0.0,156.0,0.0,[],0.0,0.0,0,0.0,0,3.2079999954248706e-06
aco_current,5,8050,84,20,2,0.0,0.0,0.0,0.0,0.09907747060060501,False,False,0.0,0.0,0.0,[],0.0,0.0,0,0.0,0,3.2079999954248706e-06
aco_current,5,8050,84,20,3,0.0,0.0,0.0,0.0,0.43936213850975037,False,False,0.0,0.0,0.0,[],0.0,0.0,0,0.0,0,3.2079999954248706e-06
aco_current,5,8050,84,20,4,0.0,0.0,0.0,0.0,0.20313307642936707,False,False,0.0,0.0,0.0,[],0.0,0.0,0,0.0,0,3.2079999954248706e-06
aco_current,5,8051,84,20,1,13.0,156.0,169.0,0.845,0.9999290108680725,True,True,30.0,139.0,0.0,[1],10.0,10.0,1,10.0,0,0.010239249999997924
aco_current,5,8051,84,20,2,0.0,0.0,0.0,0.0,0.09907747060060501,False,False,0.0,0.0,0.0,[],10.0,10.0,1,10.0,0,0.010239249999997924
aco_current,5,8051,84,20,3,0.0,0.0,0.0,0.0,0.43936213850975037,False,False,0.0,0.0,0.0,[],10.0,10.0,1,10.0,0,0.010239249999997924
aco_current,5,8051,84,20,4,0.0,0.0,0.0,0.0,0.20313307642936707,False,False,0.0,0.0,0.0,[],10.0,10.0,1,10.0,0,0.010239249999997924
aco_current,5,8052,84,21,1,13.0,139.0,152.0,0.76,0.9962342381477356,False,False,0.0,152.0,0.0,[],0.0,0.0,0,0.0,0,3.834000011693206e-06
aco_current,5,8052,84,21,2,0.0,0.0,0.0,0.0,0.09907747060060501,False,False,0.0,0.0,0.0,[],0.0,0.0,0,0.0,0,3.834000011693206e-06
aco_current,5,8052,84,21,3,0.0,0.0,0.0,0.0,0.43936213850975037,False,False,0.0,0.0,0.0,[],0.0,0.0,0,0.0,0,3.834000011693206e-06
aco_current,5,8052,84,21,4,0.0,0.0,0.0,0.0,0.20313307642936707,False,False,0.0,0.0,0.0,[],0.0,0.0,0,0.0,0,3.834000011693206e-06
aco_current,5,8053,84,21,1,13.0,152.0,165.0,0.825,0.9997976422309875,True,True,30.0,135.0,0.0,[1],10.0,10.0,1,10.0,0,0.010088125000009995
aco_current,5,8053,84,21,2,0.0,0.0,0.0,0.0,0.09907747060060501,False,False,0.0,0.0,0.0,[],10.0,10.0,1,10.0,0,0.010088125000009995
aco_current,5,8053,84,21,3,0.0,0.0,0.0,0.0,0.43936213850975037,False,False,0.0,0.0,0.0,[],10.0,10.0,1,10.0,0,0.010088125000009995
aco_current,5,8053,84,21,4,0.0,0.0,0.0,0.0,0.20313307642936707,False,False,0.0,0.0,0.0,[],10.0,10.0,1,10.0,0,0.010088125000009995
aco_current,5,8054,84,21,1,13.0,135.0,148.0,0.74,0.9938918352127075,False,False,0.0,148.0,0.0,[],0.0,0.0,0,0.0,0,3.375000005689799e-06
aco_current,5,8054,84,21,2,0.0,0.0,0.0,0.0,0.09907747060060501,False,False,0.0,0.0,0.0,[],0.0,0.0,0,0.0,0,3.375000005689799e-06
aco_current,5,8054,84,21,3,0.0,0.0,0.0,0.0,0.43936213850975037,False,False,0.0,0.0,0.0,[],0.0,0.0,0,0.0,0,3.375000005689799e-06
aco_current,5,8054,84,21,4,0.0,0.0,0.0,0.0,0.20313307642936707,False,False,0.0,0.0,0.0,[],0.0,0.0,0,0.0,0,3.375000005689799e-06
aco_current,5,8055,84,21,1,13.0,148.0,161.0,0.805,0.9994285106658936,True,True,30.0,131.0,0.0,[1],10.0,10.0,1,10.0,0,0.010282583999995154
aco_current,5,8055,84,21,2,0.0,0.0,0.0,0.0,0.09907747060060501,False,False,0.0,0.0,0.0,[],10.0,10.0,1,10.0,0,0.010282583999995154
aco_current,5,8055,84,21,3,0.0,0.0,0.0,0.0,0.43936213850975037,False,False,0.0,0.0,0.0,[],10.0,10.0,1,10.0,0,0.010282583999995154
aco_current,5,8055,84,21,4,0.0,0.0,0.0,0.0,0.20313307642936707,False,False,0.0,0.0,0.0,[],10.0,10.0,1,10.0,0,0.010282583999995154
aco_current,5,8056,84,22,1,13.0,131.0,144.0,0.72,0.9901973009109497,False,False,0.0,144.0,0.0,[],0.0,0.0,0,0.0,0,3.4169999878486124e-06
aco_current,5,8056,84,22,2,0.0,0.0,0.0,0.0,0.09907747060060501,False,False,0.0,0.0,0.0,[],0.0,0.0,0,0.0,0,3.4169999878486124e-06
aco_current,5,8056,84,22,3,0.0,0.0,0.0,0.0,0.43936213850975037,False,False,0.0,0.0,0.0,[],0.0,0.0,0,0.0,0,3.4169999878486124e-06
aco_current,5,8056,84,22,4,0.0,0.0,0.0,0.0,0.20313307642936707,False,False,0.0,0.0,0.0,[],0.0,0.0,0,0.0,0,3.4169999878486124e-06
aco_current,5,8057,84,22,1,13.0,144.0,157.0,0.785,0.998498797416687,False,False,0.0,157.0,0.0,[],0.0,0.0,0,0.0,0,3.834000011693206e-06
aco_current,5,8057,84,22,2,0.0,0.0,0.0,0.0,0.09907747060060501,False,False,0.0,0.0,0.0,[],0.0,0.0,0,0.0,0,3.834000011693206e-06
aco_current,5,8057,84,22,3,0.0,0.0,0.0,0.0,0.43936213850975037,False,False,0.0,0.0,0.0,[],0.0,0.0,0,0.0,0,3.834000011693206e-06
aco_current,5,8057,84,22,4,0.0,0.0,0.0,0.0,0.20313307642936707,False,False,0.0,0.0,0.0,[],0.0,0.0,0,0.0,0,3.834000011693206e-06
aco_current,5,8058,84,22,1,13.0,157.0,170.0,0.85,0.9999454617500305,True,True,30.0,140.0,0.0,[1],10.0,10.0,1,10.0,0,0.009834542000007218
aco_current,5,8058,84,22,2,0.0,0.0,0.0,0.0,0.09907747060060501,False,False,0.0,0.0,0.0,[],10.0,10.0,1,10.0,0,0.009834542000007218
aco_current,5,8058,84,22,3,0.0,0.0,0.0,0.0,0.43936213850975037,False,False,0.0,0.0,0.0,[],10.0,10.0,1,10.0,0,0.009834542000007218
aco_current,5,8058,84,22,4,0.0,0.0,0.0,0.0,0.20313307642936707,False,False,0.0,0.0,0.0,[],10.0,10.0,1,10.0,0,0.009834542000007218
aco_current,5,8059,84,22,1,4.0,140.0,144.0,0.72,0.6445145606994629,False,False,0.0,144.0,0.0,[],0.0,0.0,0,0.0,0,3.415999998424013e-06
aco_current,5,8059,84,22,2,0.0,0.0,0.0,0.0,0.09907747060060501,False,False,0.0,0.0,0.0,[],0.0,0.0,0,0.0,0,3.415999998424013e-06
aco_current,5,8059,84,22,3,0.0,0.0,0.0,0.0,0.43936213850975037,False,False,0.0,0.0,0.0,[],0.0,0.0,0,0.0,0,3.415999998424013e-06
aco_current,5,8059,84,22,4,0.0,0.0,0.0,0.0,0.20313307642936707,False,False,0.0,0.0,0.0,[],0.0,0.0,0,0.0,0,3.415999998424013e-06
aco_current,5,8060,84,23,1,0.0,144.0,144.0,0.72,0.15822947025299072,False,False,0.0,144.0,0.0,[],0.0,0.0,0,0.0,0,3.6670000014282778e-06
aco_current,5,8060,84,23,2,0.0,0.0,0.0,0.0,0.09907747060060501,False,False,0.0,0.0,0.0,[],0.0,0.0,0,0.0,0,3.6670000014282778e-06
aco_current,5,8060,84,23,3,0.0,0.0,0.0,0.0,0.43936213850975037,False,False,0.0,0.0,0.0,[],0.0,0.0,0,0.0,0,3.6670000014282778e-06
aco_current,5,8060,84,23,4,0.0,0.0,0.0,0.0,0.20313307642936707,False,False,0.0,0.0,0.0,[],0.0,0.0,0,0.0,0,3.6670000014282778e-06
aco_current,5,8061,84,23,1,0.0,144.0,144.0,0.72,0.22040192782878876,False,False,0.0,144.0,0.0,[],0.0,0.0,0,0.0,0,2.999999992425728e-06
aco_current,5,8061,84,23,2,0.0,0.0,0.0,0.0,0.09907747060060501,False,False,0.0,0.0,0.0,[],0.0,0.0,0,0.0,0,2.999999992425728e-06
aco_current,5,8061,84,23,3,0.0,0.0,0.0,0.0,0.43936213850975037,False,False,0.0,0.0,0.0,[],0.0,0.0,0,0.0,0,2.999999992425728e-06
aco_current,5,8061,84,23,4,0.0,0.0,0.0,0.0,0.20313307642936707,False,False,0.0,0.0,0.0,[],0.0,0.0,0,0.0,0,2.999999992425728e-06
aco_current,5,8062,84,23,1,0.0,144.0,144.0,0.72,0.30911871790885925,False,False,0.0,144.0,0.0,[],0.0,0.0,0,0.0,0,3.040999999370797e-06
aco_current,5,8062,84,23,2,0.0,0.0,0.0,0.0,0.09907747060060501,False,False,0.0,0.0,0.0,[],0.0,0.0,0,0.0,0,3.040999999370797e-06
aco_current,5,8062,84,23,3,0.0,0.0,0.0,0.0,0.43936213850975037,False,False,0.0,0.0,0.0,[],0.0,0.0,0,0.0,0,3.040999999370797e-06
aco_current,5,8062,84,23,4,0.0,0.0,0.0,0.0,0.20313307642936707,False,False,0.0,0.0,0.0,[],0.0,0.0,0,0.0,0,3.040999999370797e-06
aco_current,5,8063,84,23,1,0.0,144.0,144.0,0.72,0.3267865478992462,False,False,0.0,144.0,0.0,[],0.0,0.0,0,0.0,0,2.584000000638298e-06
aco_current,5,8063,84,23,2,0.0,0.0,0.0,0.0,0.09907747060060501,False,False,0.0,0.0,0.0,[],0.0,0.0,0,0.0,0,2.584000000638298e-06
aco_current,5,8063,84,23,3,0.0,0.0,0.0,0.0,0.43936213850975037,False,False,0.0,0.0,0.0,[],0.0,0.0,0,0.0,0,2.584000000638298e-06
aco_current,5,8063,84,23,4,0.0,0.0,0.0,0.0,0.20313307642936707,False,False,0.0,0.0,0.0,[],0.0,0.0,0,0.0,0,2.584000000638298e-06
aco_current,5,8064,85,0,1,26.0,144.0,170.0,0.85,0.9999989867210388,True,True,30.0,140.0,0.0,[1],10.0,10.0,1,10.0,0,0.010013250000000085
aco_current,5,8064,85,0,2,0.0,0.0,0.0,0.0,0.09907747060060501,False,False,0.0,0.0,0.0,[],10.0,10.0,1,10.0,0,0.010013250000000085
aco_current,5,8064,85,0,3,0.0,0.0,0.0,0.0,0.43936213850975037,False,False,0.0,0.0,0.0,[],10.0,10.0,1,10.0,0,0.010013250000000085
aco_current,5,8064,85,0,4,0.0,0.0,0.0,0.0,0.20313307642936707,False,False,0.0,0.0,0.0,[],10.0,10.0,1,10.0,0,0.010013250000000085
aco_current,5,8065,85,0,1,26.0,140.0,166.0,0.83,0.9999983310699463,True,True,30.0,136.0,0.0,[1],10.0,10.0,1,10.0,0,0.00962470900000767
aco_current,5,8065,85,0,2,0.0,0.0,0.0,0.0,0.09907747060060501,False,False,0.0,0.0,0.0,[],10.0,10.0,1,10.0,0,0.00962470900000767
aco_current,5,8065,85,0,3,0.0,0.0,0.0,0.0,0.43936213850975037,False,False,0.0,0.0,0.0,[],10.0,10.0,1,10.0,0,0.00962470900000767
aco_current,5,8065,85,0,4,0.0,0.0,0.0,0.0,0.20313307642936707,False,False,0.0,0.0,0.0,[],10.0,10.0,1,10.0,0,0.00962470900000767
aco_current,5,8066,85,0,1,29.0,136.0,165.0,0.825,0.9999993443489075,True,True,30.0,135.0,0.0,[1],10.0,10.0,1,10.0,0,0.009617791000010811
aco_current,5,8066,85,0,2,0.0,0.0,0.0,0.0,0.09907747060060501,False,False,0.0,0.0,0.0,[],10.0,10.0,1,10.0,0,0.009617791000010811
aco_current,5,8066,85,0,3,0.0,0.0,0.0,0.0,0.43936213850975037,False,False,0.0,0.0,0.0,[],10.0,10.0,1,10.0,0,0.009617791000010811
aco_current,5,8066,85,0,4,0.0,0.0,0.0,0.0,0.20313307642936707,False,False,0.0,0.0,0.0,[],10.0,10.0,1,10.0,0,0.009617791000010811
aco_current,5,8067,85,0,1,26.0,135.0,161.0,0.805,0.9999950528144836,True,True,30.0,131.0,0.0,[1],10.0,10.0,1,10.0,0,0.009737749999999323
aco_current,5,8067,85,0,2,0.0,0.0,0.0,0.0,0.09907747060060501,False,False,0.0,0.0,0.0,[],10.0,10.0,1,10.0,0,0.009737749999999323
aco_current,5,8067,85,0,3,0.0,0.0,0.0,0.0,0.43936213850975037,False,False,0.0,0.0,0.0,[],10.0,10.0,1,10.0,0,0.009737749999999323
aco_current,5,8067,85,0,4,0.0,0.0,0.0,0.0,0.20313307642936707,False,False,0.0,0.0,0.0,[],10.0,10.0,1,10.0,0,0.009737749999999323
aco_current,5,8068,85,1,1,29.0,131.0,160.0,0.8,0.9999977350234985,True,True,30.0,130.0,0.0,[1],10.0,10.0,1,10.0,0,0.009735875000004057
aco_current,5,8068,85,1,2,0.0,0.0,0.0,0.0,0.09907747060060501,False,False,0.0,0.0,0.0,[],10.0,10.0,1,10.0,0,0.009735875000004057
aco_current,5,8068,85,1,3,0.0,0.0,0.0,0.0,0.43936213850975037,False,False,0.0,0.0,0.0,[],10.0,10.0,1,10.0,0,0.009735875000004057
aco_current,5,8068,85,1,4,0.0,0.0,0.0,0.0,0.20313307642936707,False,False,0.0,0.0,0.0,[],10.0,10.0,1,10.0,0,0.009735875000004057
aco_current,5,8069,85,1,1,26.0,130.0,156.0,0.78,0.9999828338623047,False,False,0.0,156.0,0.0,[],0.0,0.0,0,0.0,0,9.542000000806183e-06
aco_current,5,8069,85,1,2,0.0,0.0,0.0,0.0,0.09907747060060501,False,False,0.0,0.0,0.0,[],0.0,0.0,0,0.0,0,9.542000000806183e-06
aco_current,5,8069,85,1,3,0.0,0.0,0.0,0.0,0.43936213850975037,False,False,0.0,0.0,0.0,[],0.0,0.0,0,0.0,0,9.542000000806183e-06
aco_current,5,8069,85,1,4,0.0,0.0,0.0,0.0,0.20313307642936707,False,False,0.0,0.0,0.0,[],0.0,0.0,0,0.0,0,9.542000000806183e-06
aco_current,5,8070,85,1,1,27.0,156.0,183.0,0.915,1.0,True,True,30.0,153.0,0.0,[1],10.0,10.0,1,10.0,0,0.010076333000000659
aco_current,5,8070,85,1,2,0.0,0.0,0.0,0.0,0.09907747060060501,False,False,0.0,0.0,0.0,[],10.0,10.0,1,10.0,0,0.010076333000000659
aco_current,5,8070,85,1,3,0.0,0.0,0.0,0.0,0.43936213850975037,False,False,0.0,0.0,0.0,[],10.0,10.0,1,10.0,0,0.010076333000000659
aco_current,5,8070,85,1,4,0.0,0.0,0.0,0.0,0.20313307642936707,False,False,0.0,0.0,0.0,[],10.0,10.0,1,10.0,0,0.010076333000000659
aco_current,5,8071,85,1,1,28.0,153.0,181.0,0.905,1.0,True,True,30.0,151.0,0.0,[1],10.0,10.0,1,10.0,0,0.009689833999999564
aco_current,5,8071,85,1,2,0.0,0.0,0.0,0.0,0.09907747060060501,False,False,0.0,0.0,0.0,[],10.0,10.0,1,10.0,0,0.009689833999999564
aco_current,5,8071,85,1,3,0.0,0.0,0.0,0.0,0.43936213850975037,False,False,0.0,0.0,0.0,[],10.0,10.0,1,10.0,0,0.009689833999999564
aco_current,5,8071,85,1,4,0.0,0.0,0.0,0.0,0.20313307642936707,False,False,0.0,0.0,0.0,[],10.0,10.0,1,10.0,0,0.009689833999999564
aco_current,5,8072,85,2,1,27.0,151.0,178.0,0.89,1.0,True,True,30.0,148.0,0.0,[1],10.0,10.0,1,10.0,0,0.009591708000002086
aco_current,5,8072,85,2,2,0.0,0.0,0.0,0.0,0.09907747060060501,False,False,0.0,0.0,0.0,[],10.0,10.0,1,10.0,0,0.009591708000002086
aco_current,5,8072,85,2,3,0.0,0.0,0.0,0.0,0.43936213850975037,False,False,0.0,0.0,0.0,[],10.0,10.0,1,10.0,0,0.009591708000002086
aco_current,5,8072,85,2,4,0.0,0.0,0.0,0.0,0.20313307642936707,False,False,0.0,0.0,0.0,[],10.0,10.0,1,10.0,0,0.009591708000002086
aco_current,5,8073,85,2,1,28.0,148.0,176.0,0.88,1.0,True,True,30.0,146.0,0.0,[1],10.0,10.0,1,10.0,0,0.009854458000006616
aco_current,5,8073,85,2,2,0.0,0.0,0.0,0.0,0.09907747060060501,False,False,0.0,0.0,0.0,[],10.0,10.0,1,10.0,0,0.009854458000006616
aco_current,5,8073,85,2,3,0.0,0.0,0.0,0.0,0.43936213850975037,False,False,0.0,0.0,0.0,[],10.0,10.0,1,10.0,0,0.009854458000006616
aco_current,5,8073,85,2,4,0.0,0.0,0.0,0.0,0.20313307642936707,False,False,0.0,0.0,0.0,[],10.0,10.0,1,10.0,0,0.009854458000006616
aco_current,5,8074,85,2,1,27.0,146.0,173.0,0.865,0.9999998807907104,True,True,30.0,143.0,0.0,[1],10.0,10.0,1,10.0,0,0.009751707999996029
aco_current,5,8074,85,2,2,0.0,0.0,0.0,0.0,0.09907747060060501,False,False,0.0,0.0,0.0,[],10.0,10.0,1,10.0,0,0.009751707999996029
aco_current,5,8074,85,2,3,0.0,0.0,0.0,0.0,0.43936213850975037,False,False,0.0,0.0,0.0,[],10.0,10.0,1,10.0,0,0.009751707999996029
aco_current,5,8074,85,2,4,0.0,0.0,0.0,0.0,0.20313307642936707,False,False,0.0,0.0,0.0,[],10.0,10.0,1,10.0,0,0.009751707999996029
aco_current,5,8075,85,2,1,26.0,143.0,169.0,0.845,0.9999994039535522,True,True,30.0,139.0,0.0,[1],10.0,10.0,1,10.0,0,0.009576291999991327
aco_current,5,8075,85,2,2,0.0,0.0,0.0,0.0,0.09907747060060501,False,False,0.0,0.0,0.0,[],10.0,10.0,1,10.0,0,0.009576291999991327
aco_current,5,8075,85,2,3,0.0,0.0,0.0,0.0,0.43936213850975037,False,False,0.0,0.0,0.0,[],10.0,10.0,1,10.0,0,0.009576291999991327
aco_current,5,8075,85,2,4,0.0,0.0,0.0,0.0,0.20313307642936707,False,False,0.0,0.0,0.0,[],10.0,10.0,1,10.0,0,0.009576291999991327
aco_current,5,8076,85,3,1,29.0,139.0,168.0,0.84,0.9999997615814209,True,True,30.0,138.0,0.0,[1],10.0,10.0,1,10.0,0,0.00952887500000088
aco_current,5,8076,85,3,2,0.0,0.0,0.0,0.0,0.09907747060060501,False,False,0.0,0.0,0.0,[],10.0,10.0,1,10.0,0,0.00952887500000088
aco_current,5,8076,85,3,3,0.0,0.0,0.0,0.0,0.43936213850975037,False,False,0.0,0.0,0.0,[],10.0,10.0,1,10.0,0,0.00952887500000088
aco_current,5,8076,85,3,4,0.0,0.0,0.0,0.0,0.20313307642936707,False,False,0.0,0.0,0.0,[],10.0,10.0,1,10.0,0,0.00952887500000088
aco_current,5,8077,85,3,1,26.0,138.0,164.0,0.82,0.9999977946281433,True,True,30.0,134.0,0.0,[1],10.0,10.0,1,10.0,0,0.009600707999993574
aco_current,5,8077,85,3,2,0.0,0.0,0.0,0.0,0.09907747060060501,False,False,0.0,0.0,0.0,[],10.0,10.0,1,10.0,0,0.009600707999993574
aco_current,5,8077,85,3,3,0.0,0.0,0.0,0.0,0.43936213850975037,False,False,0.0,0.0,0.0,[],10.0,10.0,1,10.0,0,0.009600707999993574
aco_current,5,8077,85,3,4,0.0,0.0,0.0,0.0,0.20313307642936707,False,False,0.0,0.0,0.0,[],10.0,10.0,1,10.0,0,0.009600707999993574
aco_current,5,8078,85,3,1,28.0,134.0,162.0,0.81,0.9999980926513672,True,True,30.0,132.0,0.0,[1],10.0,10.0,1,10.0,0,0.009746374999991758
aco_current,5,8078,85,3,2,0.0,0.0,0.0,0.0,0.09907747060060501,False,False,0.0,0.0,0.0,[],10.0,10.0,1,10.0,0,0.009746374999991758
aco_current,5,8078,85,3,3,0.0,0.0,0.0,0.0,0.43936213850975037,False,False,0.0,0.0,0.0,[],10.0,10.0,1,10.0,0,0.009746374999991758
aco_current,5,8078,85,3,4,0.0,0.0,0.0,0.0,0.20313307642936707,False,False,0.0,0.0,0.0,[],10.0,10.0,1,10.0,0,0.009746374999991758
aco_current,5,8079,85,3,1,27.0,132.0,159.0,0.795,0.9999939799308777,False,False,0.0,159.0,0.0,[],0.0,0.0,0,0.0,0,3.7090000120088007e-06
aco_current,5,8079,85,3,2,0.0,0.0,0.0,0.0,0.09907747060060501,False,False,0.0,0.0,0.0,[],0.0,0.0,0,0.0,0,3.7090000120088007e-06
aco_current,5,8079,85,3,3,0.0,0.0,0.0,0.0,0.43936213850975037,False,False,0.0,0.0,0.0,[],0.0,0.0,0,0.0,0,3.7090000120088007e-06
aco_current,5,8079,85,3,4,0.0,0.0,0.0,0.0,0.20313307642936707,False,False,0.0,0.0,0.0,[],0.0,0.0,0,0.0,0,3.7090000120088007e-06
aco_current,5,8080,85,4,1,26.0,159.0,185.0,0.925,1.0,True,True,30.0,155.0,0.0,[1],10.0,10.0,1,10.0,0,0.009885832999998456
aco_current,5,8080,85,4,2,0.0,0.0,0.0,0.0,0.09907747060060501,False,False,0.0,0.0,0.0,[],10.0,10.0,1,10.0,0,0.009885832999998456
aco_current,5,8080,85,4,3,0.0,0.0,0.0,0.0,0.43936213850975037,False,False,0.0,0.0,0.0,[],10.0,10.0,1,10.0,0,0.009885832999998456
aco_current,5,8080,85,4,4,0.0,0.0,0.0,0.0,0.20313307642936707,False,False,0.0,0.0,0.0,[],10.0,10.0,1,10.0,0,0.009885832999998456
aco_current,5,8081,85,4,1,29.0,155.0,184.0,0.92,1.0,True,True,30.0,154.0,0.0,[1],10.0,10.0,1,10.0,0,0.009930665999988264
aco_current,5,8081,85,4,2,0.0,0.0,0.0,0.0,0.09907747060060501,False,False,0.0,0.0,0.0,[],10.0,10.0,1,10.0,0,0.009930665999988264
aco_current,5,8081,85,4,3,0.0,0.0,0.0,0.0,0.43936213850975037,False,False,0.0,0.0,0.0,[],10.0,10.0,1,10.0,0,0.009930665999988264
aco_current,5,8081,85,4,4,0.0,0.0,0.0,0.0,0.20313307642936707,False,False,0.0,0.0,0.0,[],10.0,10.0,1,10.0,0,0.009930665999988264
aco_current,5,8082,85,4,1,26.0,154.0,180.0,0.9,1.0,True,True,30.0,150.0,0.0,[1],10.0,10.0,1,10.0,0,0.010372416999999245
aco_current,5,8082,85,4,2,0.0,0.0,0.0,0.0,0.09907747060060501,False,False,0.0,0.0,0.0,[],10.0,10.0,1,10.0,0,0.010372416999999245
aco_current,5,8082,85,4,3,0.0,0.0,0.0,0.0,0.43936213850975037,False,False,0.0,0.0,0.0,[],10.0,10.0,1,10.0,0,0.010372416999999245
aco_current,5,8082,85,4,4,0.0,0.0,0.0,0.0,0.20313307642936707,False,False,0.0,0.0,0.0,[],10.0,10.0,1,10.0,0,0.010372416999999245
aco_current,5,8083,85,4,1,29.0,150.0,179.0,0.895,1.0,True,True,30.0,149.0,0.0,[1],10.0,10.0,1,10.0,0,0.010157915999997158
aco_current,5,8083,85,4,2,0.0,0.0,0.0,0.0,0.09907747060060501,False,False,0.0,0.0,0.0,[],10.0,10.0,1,10.0,0,0.010157915999997158
aco_current,5,8083,85,4,3,0.0,0.0,0.0,0.0,0.43936213850975037,False,False,0.0,0.0,0.0,[],10.0,10.0,1,10.0,0,0.010157915999997158
aco_current,5,8083,85,4,4,0.0,0.0,0.0,0.0,0.20313307642936707,False,False,0.0,0.0,0.0,[],10.0,10.0,1,10.0,0,0.010157915999997158
aco_current,5,8084,85,5,1,26.0,149.0,175.0,0.875,0.9999998807907104,True,True,30.0,145.0,0.0,[1],10.0,10.0,1,10.0,0,0.01025308399999858
aco_current,5,8084,85,5,2,0.0,0.0,0.0,0.0,0.09907747060060501,False,False,0.0,0.0,0.0,[],10.0,10.0,1,10.0,0,0.01025308399999858
aco_current,5,8084,85,5,3,0.0,0.0,0.0,0.0,0.43936213850975037,False,False,0.0,0.0,0.0,[],10.0,10.0,1,10.0,0,0.01025308399999858
aco_current,5,8084,85,5,4,0.0,0.0,0.0,0.0,0.20313307642936707,False,False,0.0,0.0,0.0,[],10.0,10.0,1,10.0,0,0.01025308399999858
aco_current,5,8085,85,5,1,29.0,145.0,174.0,0.87,1.0,True,True,30.0,144.0,0.0,[1],10.0,10.0,1,10.0,0,0.00985012499999982
aco_current,5,8085,85,5,2,0.0,0.0,0.0,0.0,0.09907747060060501,False,False,0.0,0.0,0.0,[],10.0,10.0,1,10.0,0,0.00985012499999982
aco_current,5,8085,85,5,3,0.0,0.0,0.0,0.0,0.43936213850975037,False,False,0.0,0.0,0.0,[],10.0,10.0,1,10.0,0,0.00985012499999982
aco_current,5,8085,85,5,4,0.0,0.0,0.0,0.0,0.20313307642936707,False,False,0.0,0.0,0.0,[],10.0,10.0,1,10.0,0,0.00985012499999982
aco_current,5,8086,85,5,1,26.0,144.0,170.0,0.85,0.9999995827674866,True,True,30.0,140.0,0.0,[1],10.0,10.0,1,10.0,0,0.010160458999990851
aco_current,5,8086,85,5,2,0.0,0.0,0.0,0.0,0.09907747060060501,False,False,0.0,0.0,0.0,[],10.0,10.0,1,10.0,0,0.010160458999990851
aco_current,5,8086,85,5,3,0.0,0.0,0.0,0.0,0.43936213850975037,False,False,0.0,0.0,0.0,[],10.0,10.0,1,10.0,0,0.010160458999990851
aco_current,5,8086,85,5,4,0.0,0.0,0.0,0.0,0.20313307642936707,False,False,0.0,0.0,0.0,[],10.0,10.0,1,10.0,0,0.010160458999990851
aco_current,5,8087,85,5,1,27.0,140.0,167.0,0.835,0.9999992847442627,True,True,30.0,137.0,0.0,[1],10.0,10.0,1,10.0,0,0.011054040999994186
aco_current,5,8087,85,5,2,0.0,0.0,0.0,0.0,0.09907747060060501,False,False,0.0,0.0,0.0,[],10.0,10.0,1,10.0,0,0.011054040999994186
aco_current,5,8087,85,5,3,0.0,0.0,0.0,0.0,0.43936213850975037,False,False,0.0,0.0,0.0,[],10.0,10.0,1,10.0,0,0.011054040999994186
aco_current,5,8087,85,5,4,0.0,0.0,0.0,0.0,0.20313307642936707,False,False,0.0,0.0,0.0,[],10.0,10.0,1,10.0,0,0.011054040999994186
aco_current,5,8088,85,6,1,28.0,137.0,165.0,0.825,0.9999991655349731,True,True,30.0,135.0,0.0,[1],10.0,10.0,1,10.0,0,0.010331917000002022
aco_current,5,8088,85,6,2,0.0,0.0,0.0,0.0,0.09907747060060501,False,False,0.0,0.0,0.0,[],10.0,10.0,1,10.0,0,0.010331917000002022
aco_current,5,8088,85,6,3,0.0,0.0,0.0,0.0,0.43936213850975037,False,False,0.0,0.0,0.0,[],10.0,10.0,1,10.0,0,0.010331917000002022
aco_current,5,8088,85,6,4,0.0,0.0,0.0,0.0,0.20313307642936707,False,False,0.0,0.0,0.0,[],10.0,10.0,1,10.0,0,0.010331917000002022
aco_current,5,8089,85,6,1,27.0,135.0,162.0,0.81,0.9999973177909851,True,True,30.0,132.0,0.0,[1],10.0,10.0,1,10.0,0,0.009984416999998302
aco_current,5,8089,85,6,2,0.0,0.0,0.0,0.0,0.09907747060060501,False,False,0.0,0.0,0.0,[],10.0,10.0,1,10.0,0,0.009984416999998302
aco_current,5,8089,85,6,3,0.0,0.0,0.0,0.0,0.43936213850975037,False,False,0.0,0.0,0.0,[],10.0,10.0,1,10.0,0,0.009984416999998302
aco_current,5,8089,85,6,4,0.0,0.0,0.0,0.0,0.20313307642936707,False,False,0.0,0.0,0.0,[],10.0,10.0,1,10.0,0,0.009984416999998302
aco_current,5,8090,85,6,1,28.0,132.0,160.0,0.8,0.9999967813491821,True,True,30.0,130.0,0.0,[1],10.0,10.0,1,10.0,0,0.010667124999997668
aco_current,5,8090,85,6,2,0.0,0.0,0.0,0.0,0.09907747060060501,False,False,0.0,0.0,0.0,[],10.0,10.0,1,10.0,0,0.010667124999997668
aco_current,5,8090,85,6,3,0.0,0.0,0.0,0.0,0.43936213850975037,False,False,0.0,0.0,0.0,[],10.0,10.0,1,10.0,0,0.010667124999997668
aco_current,5,8090,85,6,4,0.0,0.0,0.0,0.0,0.20313307642936707,False,False,0.0,0.0,0.0,[],10.0,10.0,1,10.0,0,0.010667124999997668
aco_current,5,8091,85,6,1,27.0,130.0,157.0,0.785,0.9999902844429016,False,False,0.0,157.0,0.0,[],0.0,0.0,0,0.0,0,4.916999998272331e-06
aco_current,5,8091,85,6,2,0.0,0.0,0.0,0.0,0.09907747060060501,False,False,0.0,0.0,0.0,[],0.0,0.0,0,0.0,0,4.916999998272331e-06
aco_current,5,8091,85,6,3,0.0,0.0,0.0,0.0,0.43936213850975037,False,False,0.0,0.0,0.0,[],0.0,0.0,0,0.0,0,4.916999998272331e-06
aco_current,5,8091,85,6,4,0.0,0.0,0.0,0.0,0.20313307642936707,False,False,0.0,0.0,0.0,[],0.0,0.0,0,0.0,0,4.916999998272331e-06
aco_current,5,8092,85,7,1,26.0,157.0,183.0,0.915,1.0,True,True,30.0,153.0,0.0,[1],10.0,10.0,1,10.0,0,0.01056458300000429
aco_current,5,8092,85,7,2,0.0,0.0,0.0,0.0,0.09907747060060501,False,False,0.0,0.0,0.0,[],10.0,10.0,1,10.0,0,0.01056458300000429
aco_current,5,8092,85,7,3,0.0,0.0,0.0,0.0,0.43936213850975037,False,False,0.0,0.0,0.0,[],10.0,10.0,1,10.0,0,0.01056458300000429
aco_current,5,8092,85,7,4,0.0,0.0,0.0,0.0,0.20313307642936707,False,False,0.0,0.0,0.0,[],10.0,10.0,1,10.0,0,0.01056458300000429
aco_current,5,8093,85,7,1,28.0,153.0,181.0,0.905,1.0,True,True,30.0,151.0,0.0,[1],10.0,10.0,1,10.0,0,0.011123208000000773
aco_current,5,8093,85,7,2,0.0,0.0,0.0,0.0,0.09907747060060501,False,False,0.0,0.0,0.0,[],10.0,10.0,1,10.0,0,0.011123208000000773
aco_current,5,8093,85,7,3,0.0,0.0,0.0,0.0,0.43936213850975037,False,False,0.0,0.0,0.0,[],10.0,10.0,1,10.0,0,0.011123208000000773
aco_current,5,8093,85,7,4,0.0,0.0,0.0,0.0,0.20313307642936707,False,False,0.0,0.0,0.0,[],10.0,10.0,1,10.0,0,0.011123208000000773
aco_current,5,8094,85,7,1,27.0,151.0,178.0,0.89,1.0,True,True,30.0,148.0,0.0,[1],10.0,10.0,1,10.0,0,0.012182916999989857
aco_current,5,8094,85,7,2,0.0,0.0,0.0,0.0,0.09907747060060501,False,False,0.0,0.0,0.0,[],10.0,10.0,1,10.0,0,0.012182916999989857
aco_current,5,8094,85,7,3,0.0,0.0,0.0,0.0,0.43936213850975037,False,False,0.0,0.0,0.0,[],10.0,10.0,1,10.0,0,0.012182916999989857
aco_current,5,8094,85,7,4,0.0,0.0,0.0,0.0,0.20313307642936707,False,False,0.0,0.0,0.0,[],10.0,10.0,1,10.0,0,0.012182916999989857
aco_current,5,8095,85,7,1,28.0,148.0,176.0,0.88,1.0,True,True,30.0,146.0,0.0,[1],10.0,10.0,1,10.0,0,0.013533124999995039
aco_current,5,8095,85,7,2,0.0,0.0,0.0,0.0,0.09907747060060501,False,False,0.0,0.0,0.0,[],10.0,10.0,1,10.0,0,0.013533124999995039
aco_current,5,8095,85,7,3,0.0,0.0,0.0,0.0,0.43936213850975037,False,False,0.0,0.0,0.0,[],10.0,10.0,1,10.0,0,0.013533124999995039
aco_current,5,8095,85,7,4,0.0,0.0,0.0,0.0,0.20313307642936707,False,False,0.0,0.0,0.0,[],10.0,10.0,1,10.0,0,0.013533124999995039
aco_current,5,8096,85,8,1,27.0,146.0,173.0,0.865,0.9999998807907104,True,True,30.0,143.0,0.0,[1],10.0,10.0,1,10.0,0,0.011366875000007326
aco_current,5,8096,85,8,2,0.0,0.0,0.0,0.0,0.09907747060060501,False,False,0.0,0.0,0.0,[],10.0,10.0,1,10.0,0,0.011366875000007326
aco_current,5,8096,85,8,3,0.0,0.0,0.0,0.0,0.43936213850975037,False,False,0.0,0.0,0.0,[],10.0,10.0,1,10.0,0,0.011366875000007326
aco_current,5,8096,85,8,4,0.0,0.0,0.0,0.0,0.20313307642936707,False,False,0.0,0.0,0.0,[],10.0,10.0,1,10.0,0,0.011366875000007326
aco_current,5,8097,85,8,1,26.0,143.0,169.0,0.845,0.9999994039535522,True,True,30.0,139.0,0.0,[1],10.0,10.0,1,10.0,0,0.010538707999998564
aco_current,5,8097,85,8,2,0.0,0.0,0.0,0.0,0.09907747060060501,False,False,0.0,0.0,0.0,[],10.0,10.0,1,10.0,0,0.010538707999998564
aco_current,5,8097,85,8,3,0.0,0.0,0.0,0.0,0.43936213850975037,False,False,0.0,0.0,0.0,[],10.0,10.0,1,10.0,0,0.010538707999998564
aco_current,5,8097,85,8,4,0.0,0.0,0.0,0.0,0.20313307642936707,False,False,0.0,0.0,0.0,[],10.0,10.0,1,10.0,0,0.010538707999998564
aco_current,5,8098,85,8,1,29.0,139.0,168.0,0.84,0.9999997615814209,True,True,30.0,138.0,0.0,[1],10.0,10.0,1,10.0,0,0.009993707999996104
aco_current,5,8098,85,8,2,0.0,0.0,0.0,0.0,0.09907747060060501,False,False,0.0,0.0,0.0,[],10.0,10.0,1,10.0,0,0.009993707999996104
aco_current,5,8098,85,8,3,0.0,0.0,0.0,0.0,0.43936213850975037,False,False,0.0,0.0,0.0,[],10.0,10.0,1,10.0,0,0.009993707999996104
aco_current,5,8098,85,8,4,0.0,0.0,0.0,0.0,0.20313307642936707,False,False,0.0,0.0,0.0,[],10.0,10.0,1,10.0,0,0.009993707999996104
aco_current,5,8099,85,8,1,26.0,138.0,164.0,0.82,0.9999977946281433,True,True,30.0,134.0,0.0,[1],10.0,10.0,1,10.0,0,0.010139667000004238
aco_current,5,8099,85,8,2,0.0,0.0,0.0,0.0,0.09907747060060501,False,False,0.0,0.0,0.0,[],10.0,10.0,1,10.0,0,0.010139667000004238
aco_current,5,8099,85,8,3,0.0,0.0,0.0,0.0,0.43936213850975037,False,False,0.0,0.0,0.0,[],10.0,10.0,1,10.0,0,0.010139667000004238
aco_current,5,8099,85,8,4,0.0,0.0,0.0,0.0,0.20313307642936707,False,False,0.0,0.0,0.0,[],10.0,10.0,1,10.0,0,0.010139667000004238
aco_current,5,8100,85,9,1,29.0,134.0,163.0,0.815,0.9999989867210388,True,True,30.0,133.0,0.0,[1],10.0,10.0,1,10.0,0,0.010690167000007023
aco_current,5,8100,85,9,2,0.0,0.0,0.0,0.0,0.09907747060060501,False,False,0.0,0.0,0.0,[],10.0,10.0,1,10.0,0,0.010690167000007023
aco_current,5,8100,85,9,3,0.0,0.0,0.0,0.0,0.43936213850975037,False,False,0.0,0.0,0.0,[],10.0,10.0,1,10.0,0,0.010690167000007023
aco_current,5,8100,85,9,4,0.0,0.0,0.0,0.0,0.20313307642936707,False,False,0.0,0.0,0.0,[],10.0,10.0,1,10.0,0,0.010690167000007023
aco_current,5,8101,85,9,1,26.0,133.0,159.0,0.795,0.9999915361404419,False,False,0.0,159.0,0.0,[],0.0,0.0,0,0.0,0,5.125000001271474e-06
aco_current,5,8101,85,9,2,0.0,0.0,0.0,0.0,0.09907747060060501,False,False,0.0,0.0,0.0,[],0.0,0.0,0,0.0,0,5.125000001271474e-06
aco_current,5,8101,85,9,3,0.0,0.0,0.0,0.0,0.43936213850975037,False,False,0.0,0.0,0.0,[],0.0,0.0,0,0.0,0,5.125000001271474e-06
aco_current,5,8101,85,9,4,0.0,0.0,0.0,0.0,0.20313307642936707,False,False,0.0,0.0,0.0,[],0.0,0.0,0,0.0,0,5.125000001271474e-06
aco_current,5,8102,85,9,1,29.0,159.0,188.0,0.94,1.0,True,True,30.0,158.0,0.0,[1],10.0,10.0,1,10.0,0,0.009620374999997239
aco_current,5,8102,85,9,2,0.0,0.0,0.0,0.0,0.09907747060060501,False,False,0.0,0.0,0.0,[],10.0,10.0,1,10.0,0,0.009620374999997239
aco_current,5,8102,85,9,3,0.0,0.0,0.0,0.0,0.43936213850975037,False,False,0.0,0.0,0.0,[],10.0,10.0,1,10.0,0,0.009620374999997239
aco_current,5,8102,85,9,4,0.0,0.0,0.0,0.0,0.20313307642936707,False,False,0.0,0.0,0.0,[],10.0,10.0,1,10.0,0,0.009620374999997239
aco_current,5,8103,85,9,1,26.0,158.0,184.0,0.92,1.0,True,True,30.0,154.0,0.0,[1],10.0,10.0,1,10.0,0,0.00985687499999699
aco_current,5,8103,85,9,2,0.0,0.0,0.0,0.0,0.09907747060060501,False,False,0.0,0.0,0.0,[],10.0,10.0,1,10.0,0,0.00985687499999699
aco_current,5,8103,85,9,3,0.0,0.0,0.0,0.0,0.43936213850975037,False,False,0.0,0.0,0.0,[],10.0,10.0,1,10.0,0,0.00985687499999699
aco_current,5,8103,85,9,4,0.0,0.0,0.0,0.0,0.20313307642936707,False,False,0.0,0.0,0.0,[],10.0,10.0,1,10.0,0,0.00985687499999699
aco_current,5,8104,85,10,1,27.0,154.0,181.0,0.905,1.0,True,True,30.0,151.0,0.0,[1],10.0,10.0,1,10.0,0,0.009985000000000355
aco_current,5,8104,85,10,2,0.0,0.0,0.0,0.0,0.09907747060060501,False,False,0.0,0.0,0.0,[],10.0,10.0,1,10.0,0,0.009985000000000355
aco_current,5,8104,85,10,3,0.0,0.0,0.0,0.0,0.43936213850975037,False,False,0.0,0.0,0.0,[],10.0,10.0,1,10.0,0,0.009985000000000355
aco_current,5,8104,85,10,4,0.0,0.0,0.0,0.0,0.20313307642936707,False,False,0.0,0.0,0.0,[],10.0,10.0,1,10.0,0,0.009985000000000355
aco_current,5,8105,85,10,1,28.0,151.0,179.0,0.895,1.0,True,True,30.0,149.0,0.0,[1],10.0,10.0,1,10.0,0,0.010465041000003339
aco_current,5,8105,85,10,2,0.0,0.0,0.0,0.0,0.09907747060060501,False,False,0.0,0.0,0.0,[],10.0,10.0,1,10.0,0,0.010465041000003339
aco_current,5,8105,85,10,3,0.0,0.0,0.0,0.0,0.43936213850975037,False,False,0.0,0.0,0.0,[],10.0,10.0,1,10.0,0,0.010465041000003339
aco_current,5,8105,85,10,4,0.0,0.0,0.0,0.0,0.20313307642936707,False,False,0.0,0.0,0.0,[],10.0,10.0,1,10.0,0,0.010465041000003339
aco_current,5,8106,85,10,1,26.0,149.0,175.0,0.875,0.9999998807907104,True,True,30.0,145.0,0.0,[1],10.0,10.0,1,10.0,0,0.009622207999996135
aco_current,5,8106,85,10,2,0.0,0.0,0.0,0.0,0.09907747060060501,False,False,0.0,0.0,0.0,[],10.0,10.0,1,10.0,0,0.009622207999996135
aco_current,5,8106,85,10,3,0.0,0.0,0.0,0.0,0.43936213850975037,False,False,0.0,0.0,0.0,[],10.0,10.0,1,10.0,0,0.009622207999996135
aco_current,5,8106,85,10,4,0.0,0.0,0.0,0.0,0.20313307642936707,False,False,0.0,0.0,0.0,[],10.0,10.0,1,10.0,0,0.009622207999996135
aco_current,5,8107,85,10,1,23.0,145.0,168.0,0.84,0.9999977946281433,True,True,30.0,138.0,0.0,[1],10.0,10.0,1,10.0,0,0.010361375000002226
aco_current,5,8107,85,10,2,0.0,0.0,0.0,0.0,0.09907747060060501,False,False,0.0,0.0,0.0,[],10.0,10.0,1,10.0,0,0.010361375000002226
aco_current,5,8107,85,10,3,0.0,0.0,0.0,0.0,0.43936213850975037,False,False,0.0,0.0,0.0,[],10.0,10.0,1,10.0,0,0.010361375000002226
aco_current,5,8107,85,10,4,0.0,0.0,0.0,0.0,0.20313307642936707,False,False,0.0,0.0,0.0,[],10.0,10.0,1,10.0,0,0.010361375000002226
aco_current,5,8108,85,11,1,18.0,138.0,156.0,0.78,0.9997081756591797,False,False,0.0,156.0,0.0,[],0.0,0.0,0,0.0,0,3.833000008057752e-06
aco_current,5,8108,85,11,2,0.0,0.0,0.0,0.0,0.09907747060060501,False,False,0.0,0.0,0.0,[],0.0,0.0,0,0.0,0,3.833000008057752e-06
aco_current,5,8108,85,11,3,0.0,0.0,0.0,0.0,0.43936213850975037,False,False,0.0,0.0,0.0,[],0.0,0.0,0,0.0,0,3.833000008057752e-06
aco_current,5,8108,85,11,4,0.0,0.0,0.0,0.0,0.20313307642936707,False,False,0.0,0.0,0.0,[],0.0,0.0,0,0.0,0,3.833000008057752e-06
aco_current,5,8109,85,11,1,19.0,156.0,175.0,0.875,0.9999984502792358,True,True,30.0,145.0,0.0,[1],10.0,10.0,1,10.0,0,0.009722416000002454
aco_current,5,8109,85,11,2,0.0,0.0,0.0,0.0,0.09907747060060501,False,False,0.0,0.0,0.0,[],10.0,10.0,1,10.0,0,0.009722416000002454
aco_current,5,8109,85,11,3,0.0,0.0,0.0,0.0,0.43936213850975037,False,False,0.0,0.0,0.0,[],10.0,10.0,1,10.0,0,0.009722416000002454
aco_current,5,8109,85,11,4,0.0,0.0,0.0,0.0,0.20313307642936707,False,False,0.0,0.0,0.0,[],10.0,10.0,1,10.0,0,0.009722416000002454
aco_current,5,8110,85,11,1,19.0,145.0,164.0,0.82,0.9999716877937317,True,True,30.0,134.0,0.0,[1],10.0,10.0,1,10.0,0,0.010060542000005057
aco_current,5,8110,85,11,2,0.0,0.0,0.0,0.0,0.09907747060060501,False,False,0.0,0.0,0.0,[],10.0,10.0,1,10.0,0,0.010060542000005057
aco_current,5,8110,85,11,3,0.0,0.0,0.0,0.0,0.43936213850975037,False,False,0.0,0.0,0.0,[],10.0,10.0,1,10.0,0,0.010060542000005057
aco_current,5,8110,85,11,4,0.0,0.0,0.0,0.0,0.20313307642936707,False,False,0.0,0.0,0.0,[],10.0,10.0,1,10.0,0,0.010060542000005057
aco_current,5,8111,85,11,1,19.0,134.0,153.0,0.765,0.9996039867401123,False,False,0.0,153.0,0.0,[],0.0,0.0,0,0.0,0,2.666000000317581e-06
aco_current,5,8111,85,11,2,0.0,0.0,0.0,0.0,0.09907747060060501,False,False,0.0,0.0,0.0,[],0.0,0.0,0,0.0,0,2.666000000317581e-06
aco_current,5,8111,85,11,3,0.0,0.0,0.0,0.0,0.43936213850975037,False,False,0.0,0.0,0.0,[],0.0,0.0,0,0.0,0,2.666000000317581e-06
aco_current,5,8111,85,11,4,0.0,0.0,0.0,0.0,0.20313307642936707,False,False,0.0,0.0,0.0,[],0.0,0.0,0,0.0,0,2.666000000317581e-06
aco_current,5,8112,85,12,1,19.0,153.0,172.0,0.86,0.9999963641166687,True,True,30.0,142.0,0.0,[1],10.0,10.0,1,10.0,0,0.010074290999995128
aco_current,5,8112,85,12,2,0.0,0.0,0.0,0.0,0.09907747060060501,False,False,0.0,0.0,0.0,[],10.0,10.0,1,10.0,0,0.010074290999995128
aco_current,5,8112,85,12,3,0.0,0.0,0.0,0.0,0.43936213850975037,False,False,0.0,0.0,0.0,[],10.0,10.0,1,10.0,0,0.010074290999995128
aco_current,5,8112,85,12,4,0.0,0.0,0.0,0.0,0.20313307642936707,False,False,0.0,0.0,0.0,[],10.0,10.0,1,10.0,0,0.010074290999995128
aco_current,5,8113,85,12,1,19.0,142.0,161.0,0.805,0.9999375939369202,True,True,30.0,131.0,0.0,[1],10.0,10.0,1,10.0,0,0.009754333000003612
aco_current,5,8113,85,12,2,0.0,0.0,0.0,0.0,0.09907747060060501,False,False,0.0,0.0,0.0,[],10.0,10.0,1,10.0,0,0.009754333000003612
aco_current,5,8113,85,12,3,0.0,0.0,0.0,0.0,0.43936213850975037,False,False,0.0,0.0,0.0,[],10.0,10.0,1,10.0,0,0.009754333000003612
aco_current,5,8113,85,12,4,0.0,0.0,0.0,0.0,0.20313307642936707,False,False,0.0,0.0,0.0,[],10.0,10.0,1,10.0,0,0.009754333000003612
aco_current,5,8114,85,12,1,18.0,131.0,149.0,0.745,0.9990279078483582,False,False,0.0,149.0,0.0,[],0.0,0.0,0,0.0,0,4.458000006479779e-06
aco_current,5,8114,85,12,2,0.0,0.0,0.0,0.0,0.09907747060060501,False,False,0.0,0.0,0.0,[],0.0,0.0,0,0.0,0,4.458000006479779e-06
aco_current,5,8114,85,12,3,0.0,0.0,0.0,0.0,0.43936213850975037,False,False,0.0,0.0,0.0,[],0.0,0.0,0,0.0,0,4.458000006479779e-06
aco_current,5,8114,85,12,4,0.0,0.0,0.0,0.0,0.20313307642936707,False,False,0.0,0.0,0.0,[],0.0,0.0,0,0.0,0,4.458000006479779e-06
aco_current,5,8115,85,12,1,11.0,149.0,160.0,0.8,0.9986149668693542,True,True,30.0,130.0,0.0,[1],10.0,10.0,1,10.0,0,0.009916916999998193
aco_current,5,8115,85,12,2,0.0,0.0,0.0,0.0,0.09907747060060501,False,False,0.0,0.0,0.0,[],10.0,10.0,1,10.0,0,0.009916916999998193
aco_current,5,8115,85,12,3,0.0,0.0,0.0,0.0,0.43936213850975037,False,False,0.0,0.0,0.0,[],10.0,10.0,1,10.0,0,0.009916916999998193
aco_current,5,8115,85,12,4,0.0,0.0,0.0,0.0,0.20313307642936707,False,False,0.0,0.0,0.0,[],10.0,10.0,1,10.0,0,0.009916916999998193
aco_current,5,8116,85,13,1,10.0,130.0,140.0,0.7,0.9554082155227661,False,False,0.0,140.0,0.0,[],0.0,0.0,0,0.0,0,6.29199999480079e-06
aco_current,5,8116,85,13,2,0.0,0.0,0.0,0.0,0.09907747060060501,False,False,0.0,0.0,0.0,[],0.0,0.0,0,0.0,0,6.29199999480079e-06
aco_current,5,8116,85,13,3,0.0,0.0,0.0,0.0,0.43936213850975037,False,False,0.0,0.0,0.0,[],0.0,0.0,0,0.0,0,6.29199999480079e-06
aco_current,5,8116,85,13,4,0.0,0.0,0.0,0.0,0.20313307642936707,False,False,0.0,0.0,0.0,[],0.0,0.0,0,0.0,0,6.29199999480079e-06
aco_current,5,8117,85,13,1,11.0,140.0,151.0,0.755,0.991468071937561,False,False,0.0,151.0,0.0,[],0.0,0.0,0,0.0,0,2.7090000003227033e-06
aco_current,5,8117,85,13,2,0.0,0.0,0.0,0.0,0.09907747060060501,False,False,0.0,0.0,0.0,[],0.0,0.0,0,0.0,0,2.7090000003227033e-06
aco_current,5,8117,85,13,3,0.0,0.0,0.0,0.0,0.43936213850975037,False,False,0.0,0.0,0.0,[],0.0,0.0,0,0.0,0,2.7090000003227033e-06
aco_current,5,8117,85,13,4,0.0,0.0,0.0,0.0,0.20313307642936707,False,False,0.0,0.0,0.0,[],0.0,0.0,0,0.0,0,2.7090000003227033e-06
aco_current,5,8118,85,13,1,10.0,151.0,161.0,0.805,0.9983348250389099,True,True,30.0,131.0,0.0,[1],10.0,10.0,1,10.0,0,0.010617332999999007
aco_current,5,8118,85,13,2,0.0,0.0,0.0,0.0,0.09907747060060501,False,False,0.0,0.0,0.0,[],10.0,10.0,1,10.0,0,0.010617332999999007
aco_current,5,8118,85,13,3,0.0,0.0,0.0,0.0,0.43936213850975037,False,False,0.0,0.0,0.0,[],10.0,10.0,1,10.0,0,0.010617332999999007
aco_current,5,8118,85,13,4,0.0,0.0,0.0,0.0,0.20313307642936707,False,False,0.0,0.0,0.0,[],10.0,10.0,1,10.0,0,0.010617332999999007
aco_current,5,8119,85,13,1,11.0,131.0,142.0,0.71,0.9768160581588745,False,False,0.0,142.0,0.0,[],0.0,0.0,0,0.0,0,3.6670000014282778e-06
aco_current,5,8119,85,13,2,0.0,0.0,0.0,0.0,0.09907747060060501,False,False,0.0,0.0,0.0,[],0.0,0.0,0,0.0,0,3.6670000014282778e-06
aco_current,5,8119,85,13,3,0.0,0.0,0.0,0.0,0.43936213850975037,False,False,0.0,0.0,0.0,[],0.0,0.0,0,0.0,0,3.6670000014282778e-06
aco_current,5,8119,85,13,4,0.0,0.0,0.0,0.0,0.20313307642936707,False,False,0.0,0.0,0.0,[],0.0,0.0,0,0.0,0,3.6670000014282778e-06
aco_current,5,8120,85,14,1,10.0,142.0,152.0,0.76,0.989680826663971,False,False,0.0,152.0,0.0,[],0.0,0.0,0,0.0,0,3.4999999911633495e-06
aco_current,5,8120,85,14,2,0.0,0.0,0.0,0.0,0.09907747060060501,False,False,0.0,0.0,0.0,[],0.0,0.0,0,0.0,0,3.4999999911633495e-06
aco_current,5,8120,85,14,3,0.0,0.0,0.0,0.0,0.43936213850975037,False,False,0.0,0.0,0.0,[],0.0,0.0,0,0.0,0,3.4999999911633495e-06
aco_current,5,8120,85,14,4,0.0,0.0,0.0,0.0,0.20313307642936707,False,False,0.0,0.0,0.0,[],0.0,0.0,0,0.0,0,3.4999999911633495e-06
aco_current,5,8121,85,14,1,10.0,152.0,162.0,0.81,0.9987128376960754,True,True,30.0,132.0,0.0,[1],10.0,10.0,1,10.0,0,0.010261082999988957
aco_current,5,8121,85,14,2,0.0,0.0,0.0,0.0,0.09907747060060501,False,False,0.0,0.0,0.0,[],10.0,10.0,1,10.0,0,0.010261082999988957
aco_current,5,8121,85,14,3,0.0,0.0,0.0,0.0,0.43936213850975037,False,False,0.0,0.0,0.0,[],10.0,10.0,1,10.0,0,0.010261082999988957
aco_current,5,8121,85,14,4,0.0,0.0,0.0,0.0,0.20313307642936707,False,False,0.0,0.0,0.0,[],10.0,10.0,1,10.0,0,0.010261082999988957
aco_current,5,8122,85,14,1,11.0,132.0,143.0,0.715,0.9788840413093567,False,False,0.0,143.0,0.0,[],0.0,0.0,0,0.0,0,3.832999993846897e-06
aco_current,5,8122,85,14,2,0.0,0.0,0.0,0.0,0.09907747060060501,False,False,0.0,0.0,0.0,[],0.0,0.0,0,0.0,0,3.832999993846897e-06
aco_current,5,8122,85,14,3,0.0,0.0,0.0,0.0,0.43936213850975037,False,False,0.0,0.0,0.0,[],0.0,0.0,0,0.0,0,3.832999993846897e-06
aco_current,5,8122,85,14,4,0.0,0.0,0.0,0.0,0.20313307642936707,False,False,0.0,0.0,0.0,[],0.0,0.0,0,0.0,0,3.832999993846897e-06
aco_current,5,8123,85,14,1,10.0,143.0,153.0,0.765,0.9909735918045044,False,False,0.0,153.0,0.0,[],0.0,0.0,0,0.0,0,2.6669999897421803e-06
aco_current,5,8123,85,14,2,0.0,0.0,0.0,0.0,0.09907747060060501,False,False,0.0,0.0,0.0,[],0.0,0.0,0,0.0,0,2.6669999897421803e-06
aco_current,5,8123,85,14,3,0.0,0.0,0.0,0.0,0.43936213850975037,False,False,0.0,0.0,0.0,[],0.0,0.0,0,0.0,0,2.6669999897421803e-06
aco_current,5,8123,85,14,4,0.0,0.0,0.0,0.0,0.20313307642936707,False,False,0.0,0.0,0.0,[],0.0,0.0,0,0.0,0,2.6669999897421803e-06
aco_current,5,8124,85,15,1,11.0,153.0,164.0,0.82,0.999453067779541,True,True,30.0,134.0,0.0,[1],10.0,10.0,1,10.0,0,0.010043750000008345
aco_current,5,8124,85,15,2,0.0,0.0,0.0,0.0,0.09907747060060501,False,False,0.0,0.0,0.0,[],10.0,10.0,1,10.0,0,0.010043750000008345
aco_current,5,8124,85,15,3,0.0,0.0,0.0,0.0,0.43936213850975037,False,False,0.0,0.0,0.0,[],10.0,10.0,1,10.0,0,0.010043750000008345
aco_current,5,8124,85,15,4,0.0,0.0,0.0,0.0,0.20313307642936707,False,False,0.0,0.0,0.0,[],10.0,10.0,1,10.0,0,0.010043750000008345
aco_current,5,8125,85,15,1,10.0,134.0,144.0,0.72,0.9734430313110352,False,False,0.0,144.0,0.0,[],0.0,0.0,0,0.0,0,5.000000001587068e-06
aco_current,5,8125,85,15,2,0.0,0.0,0.0,0.0,0.09907747060060501,False,False,0.0,0.0,0.0,[],0.0,0.0,0,0.0,0,5.000000001587068e-06
aco_current,5,8125,85,15,3,0.0,0.0,0.0,0.0,0.43936213850975037,False,False,0.0,0.0,0.0,[],0.0,0.0,0,0.0,0,5.000000001587068e-06
aco_current,5,8125,85,15,4,0.0,0.0,0.0,0.0,0.20313307642936707,False,False,0.0,0.0,0.0,[],0.0,0.0,0,0.0,0,5.000000001587068e-06
aco_current,5,8126,85,15,1,11.0,144.0,155.0,0.775,0.9953635931015015,False,False,0.0,155.0,0.0,[],0.0,0.0,0,0.0,0,3.832999993846897e-06
aco_current,5,8126,85,15,2,0.0,0.0,0.0,0.0,0.09907747060060501,False,False,0.0,0.0,0.0,[],0.0,0.0,0,0.0,0,3.832999993846897e-06
aco_current,5,8126,85,15,3,0.0,0.0,0.0,0.0,0.43936213850975037,False,False,0.0,0.0,0.0,[],0.0,0.0,0,0.0,0,3.832999993846897e-06
aco_current,5,8126,85,15,4,0.0,0.0,0.0,0.0,0.20313307642936707,False,False,0.0,0.0,0.0,[],0.0,0.0,0,0.0,0,3.832999993846897e-06
aco_current,5,8127,85,15,1,10.0,155.0,165.0,0.825,0.9994010925292969,True,True,30.0,135.0,0.0,[1],10.0,10.0,1,10.0,0,0.010473958000005723
aco_current,5,8127,85,15,2,0.0,0.0,0.0,0.0,0.09907747060060501,False,False,0.0,0.0,0.0,[],10.0,10.0,1,10.0,0,0.010473958000005723
aco_current,5,8127,85,15,3,0.0,0.0,0.0,0.0,0.43936213850975037,False,False,0.0,0.0,0.0,[],10.0,10.0,1,10.0,0,0.010473958000005723
aco_current,5,8127,85,15,4,0.0,0.0,0.0,0.0,0.20313307642936707,False,False,0.0,0.0,0.0,[],10.0,10.0,1,10.0,0,0.010473958000005723
aco_current,5,8128,85,16,1,11.0,135.0,146.0,0.73,0.9852355718612671,False,False,0.0,146.0,0.0,[],0.0,0.0,0,0.0,0,3.4579999947936813e-06
aco_current,5,8128,85,16,2,0.0,0.0,0.0,0.0,0.09907747060060501,False,False,0.0,0.0,0.0,[],0.0,0.0,0,0.0,0,3.4579999947936813e-06
aco_current,5,8128,85,16,3,0.0,0.0,0.0,0.0,0.43936213850975037,False,False,0.0,0.0,0.0,[],0.0,0.0,0,0.0,0,3.4579999947936813e-06
aco_current,5,8128,85,16,4,0.0,0.0,0.0,0.0,0.20313307642936707,False,False,0.0,0.0,0.0,[],0.0,0.0,0,0.0,0,3.4579999947936813e-06
aco_current,5,8129,85,16,1,10.0,146.0,156.0,0.78,0.9946495890617371,False,False,0.0,156.0,0.0,[],0.0,0.0,0,0.0,0,2.1249999946348908e-06
aco_current,5,8129,85,16,2,0.0,0.0,0.0,0.0,0.09907747060060501,False,False,0.0,0.0,0.0,[],0.0,0.0,0,0.0,0,2.1249999946348908e-06
aco_current,5,8129,85,16,3,0.0,0.0,0.0,0.0,0.43936213850975037,False,False,0.0,0.0,0.0,[],0.0,0.0,0,0.0,0,2.1249999946348908e-06
aco_current,5,8129,85,16,4,0.0,0.0,0.0,0.0,0.20313307642936707,False,False,0.0,0.0,0.0,[],0.0,0.0,0,0.0,0,2.1249999946348908e-06
aco_current,5,8130,85,16,1,4.0,156.0,160.0,0.8,0.9771947860717773,True,True,30.0,130.0,0.0,[1],10.0,10.0,1,10.0,0,0.010010833999999136
aco_current,5,8130,85,16,2,0.0,0.0,0.0,0.0,0.09907747060060501,False,False,0.0,0.0,0.0,[],10.0,10.0,1,10.0,0,0.010010833999999136
aco_current,5,8130,85,16,3,0.0,0.0,0.0,0.0,0.43936213850975037,False,False,0.0,0.0,0.0,[],10.0,10.0,1,10.0,0,0.010010833999999136
aco_current,5,8130,85,16,4,0.0,0.0,0.0,0.0,0.20313307642936707,False,False,0.0,0.0,0.0,[],10.0,10.0,1,10.0,0,0.010010833999999136
aco_current,5,8131,85,16,1,0.0,130.0,130.0,0.65,0.17759163677692413,False,False,0.0,130.0,0.0,[],0.0,0.0,0,0.0,0,2.999999992425728e-06
aco_current,5,8131,85,16,2,0.0,0.0,0.0,0.0,0.09907747060060501,False,False,0.0,0.0,0.0,[],0.0,0.0,0,0.0,0,2.999999992425728e-06
aco_current,5,8131,85,16,3,0.0,0.0,0.0,0.0,0.43936213850975037,False,False,0.0,0.0,0.0,[],0.0,0.0,0,0.0,0,2.999999992425728e-06
aco_current,5,8131,85,16,4,0.0,0.0,0.0,0.0,0.20313307642936707,False,False,0.0,0.0,0.0,[],0.0,0.0,0,0.0,0,2.999999992425728e-06
aco_current,5,8132,85,17,1,0.0,130.0,130.0,0.65,0.2568911015987396,False,False,0.0,130.0,0.0,[],0.0,0.0,0,0.0,0,3.374999991478944e-06
aco_current,5,8132,85,17,2,0.0,0.0,0.0,0.0,0.09907747060060501,False,False,0.0,0.0,0.0,[],0.0,0.0,0,0.0,0,3.374999991478944e-06
aco_current,5,8132,85,17,3,0.0,0.0,0.0,0.0,0.43936213850975037,False,False,0.0,0.0,0.0,[],0.0,0.0,0,0.0,0,3.374999991478944e-06
aco_current,5,8132,85,17,4,0.0,0.0,0.0,0.0,0.20313307642936707,False,False,0.0,0.0,0.0,[],0.0,0.0,0,0.0,0,3.374999991478944e-06
aco_current,5,8133,85,17,1,0.0,130.0,130.0,0.65,0.3569861352443695,False,False,0.0,130.0,0.0,[],0.0,0.0,0,0.0,0,2.916999989110991e-06
aco_current,5,8133,85,17,2,0.0,0.0,0.0,0.0,0.09907747060060501,False,False,0.0,0.0,0.0,[],0.0,0.0,0,0.0,0,2.916999989110991e-06
aco_current,5,8133,85,17,3,0.0,0.0,0.0,0.0,0.43936213850975037,False,False,0.0,0.0,0.0,[],0.0,0.0,0,0.0,0,2.916999989110991e-06
aco_current,5,8133,85,17,4,0.0,0.0,0.0,0.0,0.20313307642936707,False,False,0.0,0.0,0.0,[],0.0,0.0,0,0.0,0,2.916999989110991e-06
aco_current,5,8134,85,17,1,0.0,130.0,130.0,0.65,0.40854841470718384,False,False,0.0,130.0,0.0,[],0.0,0.0,0,0.0,0,3.6670000014282778e-06
aco_current,5,8134,85,17,2,0.0,0.0,0.0,0.0,0.09907747060060501,False,False,0.0,0.0,0.0,[],0.0,0.0,0,0.0,0,3.6670000014282778e-06
aco_current,5,8134,85,17,3,0.0,0.0,0.0,0.0,0.43936213850975037,False,False,0.0,0.0,0.0,[],0.0,0.0,0,0.0,0,3.6670000014282778e-06
aco_current,5,8134,85,17,4,0.0,0.0,0.0,0.0,0.20313307642936707,False,False,0.0,0.0,0.0,[],0.0,0.0,0,0.0,0,3.6670000014282778e-06
aco_current,5,8135,85,17,1,0.0,130.0,130.0,0.65,0.40854841470718384,False,False,0.0,130.0,0.0,[],0.0,0.0,0,0.0,0,2.250000008530151e-06
aco_current,5,8135,85,17,2,0.0,0.0,0.0,0.0,0.09907747060060501,False,False,0.0,0.0,0.0,[],0.0,0.0,0,0.0,0,2.250000008530151e-06
aco_current,5,8135,85,17,3,0.0,0.0,0.0,0.0,0.43936213850975037,False,False,0.0,0.0,0.0,[],0.0,0.0,0,0.0,0,2.250000008530151e-06
aco_current,5,8135,85,17,4,0.0,0.0,0.0,0.0,0.20313307642936707,False,False,0.0,0.0,0.0,[],0.0,0.0,0,0.0,0,2.250000008530151e-06
aco_current,5,8136,85,18,1,0.0,130.0,130.0,0.65,0.40854841470718384,False,False,0.0,130.0,0.0,[],0.0,0.0,0,0.0,0,1.8329999988964119e-06
aco_current,5,8136,85,18,2,0.0,0.0,0.0,0.0,0.09907747060060501,False,False,0.0,0.0,0.0,[],0.0,0.0,0,0.0,0,1.8329999988964119e-06
aco_current,5,8136,85,18,3,0.0,0.0,0.0,0.0,0.43936213850975037,False,False,0.0,0.0,0.0,[],0.0,0.0,0,0.0,0,1.8329999988964119e-06
aco_current,5,8136,85,18,4,0.0,0.0,0.0,0.0,0.20313307642936707,False,False,0.0,0.0,0.0,[],0.0,0.0,0,0.0,0,1.8329999988964119e-06
aco_current,5,8137,85,18,1,0.0,130.0,130.0,0.65,0.40854841470718384,False,False,0.0,130.0,0.0,[],0.0,0.0,0,0.0,0,2.7090000003227033e-06
aco_current,5,8137,85,18,2,0.0,0.0,0.0,0.0,0.09907747060060501,False,False,0.0,0.0,0.0,[],0.0,0.0,0,0.0,0,2.7090000003227033e-06
aco_current,5,8137,85,18,3,0.0,0.0,0.0,0.0,0.43936213850975037,False,False,0.0,0.0,0.0,[],0.0,0.0,0,0.0,0,2.7090000003227033e-06
aco_current,5,8137,85,18,4,0.0,0.0,0.0,0.0,0.20313307642936707,False,False,0.0,0.0,0.0,[],0.0,0.0,0,0.0,0,2.7090000003227033e-06
aco_current,5,8138,85,18,1,0.0,130.0,130.0,0.65,0.40854841470718384,False,False,0.0,130.0,0.0,[],0.0,0.0,0,0.0,0,1.957999998580817e-06
aco_current,5,8138,85,18,2,0.0,0.0,0.0,0.0,0.09907747060060501,False,False,0.0,0.0,0.0,[],0.0,0.0,0,0.0,0,1.957999998580817e-06
aco_current,5,8138,85,18,3,0.0,0.0,0.0,0.0,0.43936213850975037,False,False,0.0,0.0,0.0,[],0.0,0.0,0,0.0,0,1.957999998580817e-06
aco_current,5,8138,85,18,4,0.0,0.0,0.0,0.0,0.20313307642936707,False,False,0.0,0.0,0.0,[],0.0,0.0,0,0.0,0,1.957999998580817e-06
aco_current,5,8139,85,18,1,0.0,130.0,130.0,0.65,0.40854841470718384,False,False,0.0,130.0,0.0,[],0.0,0.0,0,0.0,0,2.1670000052154137e-06
aco_current,5,8139,85,18,2,0.0,0.0,0.0,0.0,0.09907747060060501,False,False,0.0,0.0,0.0,[],0.0,0.0,0,0.0,0,2.1670000052154137e-06
aco_current,5,8139,85,18,3,0.0,0.0,0.0,0.0,0.43936213850975037,False,False,0.0,0.0,0.0,[],0.0,0.0,0,0.0,0,2.1670000052154137e-06
aco_current,5,8139,85,18,4,0.0,0.0,0.0,0.0,0.20313307642936707,False,False,0.0,0.0,0.0,[],0.0,0.0,0,0.0,0,2.1670000052154137e-06
aco_current,5,8140,85,19,1,0.0,130.0,130.0,0.65,0.40854841470718384,False,False,0.0,130.0,0.0,[],0.0,0.0,0,0.0,0,2.708000010898104e-06
aco_current,5,8140,85,19,2,0.0,0.0,0.0,0.0,0.09907747060060501,False,False,0.0,0.0,0.0,[],0.0,0.0,0,0.0,0,2.708000010898104e-06
aco_current,5,8140,85,19,3,0.0,0.0,0.0,0.0,0.43936213850975037,False,False,0.0,0.0,0.0,[],0.0,0.0,0,0.0,0,2.708000010898104e-06
aco_current,5,8140,85,19,4,0.0,0.0,0.0,0.0,0.20313307642936707,False,False,0.0,0.0,0.0,[],0.0,0.0,0,0.0,0,2.708000010898104e-06
aco_current,5,8141,85,19,1,0.0,130.0,130.0,0.65,0.40854841470718384,False,False,0.0,130.0,0.0,[],0.0,0.0,0,0.0,0,2.00000000916134e-06
aco_current,5,8141,85,19,2,0.0,0.0,0.0,0.0,0.09907747060060501,False,False,0.0,0.0,0.0,[],0.0,0.0,0,0.0,0,2.00000000916134e-06
aco_current,5,8141,85,19,3,0.0,0.0,0.0,0.0,0.43936213850975037,False,False,0.0,0.0,0.0,[],0.0,0.0,0,0.0,0,2.00000000916134e-06
aco_current,5,8141,85,19,4,0.0,0.0,0.0,0.0,0.20313307642936707,False,False,0.0,0.0,0.0,[],0.0,0.0,0,0.0,0,2.00000000916134e-06
aco_current,5,8142,85,19,1,0.0,130.0,130.0,0.65,0.40854841470718384,False,False,0.0,130.0,0.0,[],0.0,0.0,0,0.0,0,2.7079999966872492e-06
aco_current,5,8142,85,19,2,0.0,0.0,0.0,0.0,0.09907747060060501,False,False,0.0,0.0,0.0,[],0.0,0.0,0,0.0,0,2.7079999966872492e-06
aco_current,5,8142,85,19,3,0.0,0.0,0.0,0.0,0.43936213850975037,False,False,0.0,0.0,0.0,[],0.0,0.0,0,0.0,0,2.7079999966872492e-06
aco_current,5,8142,85,19,4,0.0,0.0,0.0,0.0,0.20313307642936707,False,False,0.0,0.0,0.0,[],0.0,0.0,0,0.0,0,2.7079999966872492e-06
aco_current,5,8143,85,19,1,0.0,130.0,130.0,0.65,0.40854841470718384,False,False,0.0,130.0,0.0,[],0.0,0.0,0,0.0,0,2.166999991004559e-06
aco_current,5,8143,85,19,2,0.0,0.0,0.0,0.0,0.09907747060060501,False,False,0.0,0.0,0.0,[],0.0,0.0,0,0.0,0,2.166999991004559e-06
aco_current,5,8143,85,19,3,0.0,0.0,0.0,0.0,0.43936213850975037,False,False,0.0,0.0,0.0,[],0.0,0.0,0,0.0,0,2.166999991004559e-06
aco_current,5,8143,85,19,4,0.0,0.0,0.0,0.0,0.20313307642936707,False,False,0.0,0.0,0.0,[],0.0,0.0,0,0.0,0,2.166999991004559e-06
aco_current,5,8144,85,20,1,0.0,130.0,130.0,0.65,0.40854841470718384,False,False,0.0,130.0,0.0,[],0.0,0.0,0,0.0,0,2.4170000045842244e-06
aco_current,5,8144,85,20,2,0.0,0.0,0.0,0.0,0.09907747060060501,False,False,0.0,0.0,0.0,[],0.0,0.0,0,0.0,0,2.4170000045842244e-06
aco_current,5,8144,85,20,3,0.0,0.0,0.0,0.0,0.43936213850975037,False,False,0.0,0.0,0.0,[],0.0,0.0,0,0.0,0,2.4170000045842244e-06
aco_current,5,8144,85,20,4,0.0,0.0,0.0,0.0,0.20313307642936707,False,False,0.0,0.0,0.0,[],0.0,0.0,0,0.0,0,2.4170000045842244e-06
aco_current,5,8145,85,20,1,0.0,130.0,130.0,0.65,0.40854841470718384,False,False,0.0,130.0,0.0,[],0.0,0.0,0,0.0,0,2.4999999936881068e-06
aco_current,5,8145,85,20,2,0.0,0.0,0.0,0.0,0.09907747060060501,False,False,0.0,0.0,0.0,[],0.0,0.0,0,0.0,0,2.4999999936881068e-06
aco_current,5,8145,85,20,3,0.0,0.0,0.0,0.0,0.43936213850975037,False,False,0.0,0.0,0.0,[],0.0,0.0,0,0.0,0,2.4999999936881068e-06
aco_current,5,8145,85,20,4,0.0,0.0,0.0,0.0,0.20313307642936707,False,False,0.0,0.0,0.0,[],0.0,0.0,0,0.0,0,2.4999999936881068e-06
aco_current,5,8146,85,20,1,0.0,130.0,130.0,0.65,0.40854841470718384,False,False,0.0,130.0,0.0,[],0.0,0.0,0,0.0,0,2.0829999982652225e-06
aco_current,5,8146,85,20,2,0.0,0.0,0.0,0.0,0.09907747060060501,False,False,0.0,0.0,0.0,[],0.0,0.0,0,0.0,0,2.0829999982652225e-06
aco_current,5,8146,85,20,3,0.0,0.0,0.0,0.0,0.43936213850975037,False,False,0.0,0.0,0.0,[],0.0,0.0,0,0.0,0,2.0829999982652225e-06
aco_current,5,8146,85,20,4,0.0,0.0,0.0,0.0,0.20313307642936707,False,False,0.0,0.0,0.0,[],0.0,0.0,0,0.0,0,2.0829999982652225e-06
aco_current,5,8147,85,20,1,0.0,130.0,130.0,0.65,0.40854841470718384,False,False,0.0,130.0,0.0,[],0.0,0.0,0,0.0,0,9.500000004436515e-06
aco_current,5,8147,85,20,2,0.0,0.0,0.0,0.0,0.09907747060060501,False,False,0.0,0.0,0.0,[],0.0,0.0,0,0.0,0,9.500000004436515e-06
aco_current,5,8147,85,20,3,0.0,0.0,0.0,0.0,0.43936213850975037,False,False,0.0,0.0,0.0,[],0.0,0.0,0,0.0,0,9.500000004436515e-06
aco_current,5,8147,85,20,4,0.0,0.0,0.0,0.0,0.20313307642936707,False,False,0.0,0.0,0.0,[],0.0,0.0,0,0.0,0,9.500000004436515e-06
aco_current,5,8148,85,21,1,0.0,130.0,130.0,0.65,0.40854841470718384,False,False,0.0,130.0,0.0,[],0.0,0.0,0,0.0,0,1.9999999949504854e-06
aco_current,5,8148,85,21,2,0.0,0.0,0.0,0.0,0.09907747060060501,False,False,0.0,0.0,0.0,[],0.0,0.0,0,0.0,0,1.9999999949504854e-06
aco_current,5,8148,85,21,3,0.0,0.0,0.0,0.0,0.43936213850975037,False,False,0.0,0.0,0.0,[],0.0,0.0,0,0.0,0,1.9999999949504854e-06
aco_current,5,8148,85,21,4,0.0,0.0,0.0,0.0,0.20313307642936707,False,False,0.0,0.0,0.0,[],0.0,0.0,0,0.0,0,1.9999999949504854e-06
aco_current,5,8149,85,21,1,0.0,130.0,130.0,0.65,0.40854841470718384,False,False,0.0,130.0,0.0,[],0.0,0.0,0,0.0,0,8.124999993697202e-06
aco_current,5,8149,85,21,2,0.0,0.0,0.0,0.0,0.09907747060060501,False,False,0.0,0.0,0.0,[],0.0,0.0,0,0.0,0,8.124999993697202e-06
aco_current,5,8149,85,21,3,0.0,0.0,0.0,0.0,0.43936213850975037,False,False,0.0,0.0,0.0,[],0.0,0.0,0,0.0,0,8.124999993697202e-06
aco_current,5,8149,85,21,4,0.0,0.0,0.0,0.0,0.20313307642936707,False,False,0.0,0.0,0.0,[],0.0,0.0,0,0.0,0,8.124999993697202e-06
aco_current,5,8150,85,21,1,0.0,130.0,130.0,0.65,0.40854841470718384,False,False,0.0,130.0,0.0,[],0.0,0.0,0,0.0,0,2.209000001585082e-06
aco_current,5,8150,85,21,2,0.0,0.0,0.0,0.0,0.09907747060060501,False,False,0.0,0.0,0.0,[],0.0,0.0,0,0.0,0,2.209000001585082e-06
aco_current,5,8150,85,21,3,0.0,0.0,0.0,0.0,0.43936213850975037,False,False,0.0,0.0,0.0,[],0.0,0.0,0,0.0,0,2.209000001585082e-06
aco_current,5,8150,85,21,4,0.0,0.0,0.0,0.0,0.20313307642936707,False,False,0.0,0.0,0.0,[],0.0,0.0,0,0.0,0,2.209000001585082e-06
aco_current,5,8151,85,21,1,0.0,130.0,130.0,0.65,0.40854841470718384,False,False,0.0,130.0,0.0,[],0.0,0.0,0,0.0,0,4.0000000041118255e-06
aco_current,5,8151,85,21,2,0.0,0.0,0.0,0.0,0.09907747060060501,False,False,0.0,0.0,0.0,[],0.0,0.0,0,0.0,0,4.0000000041118255e-06
aco_current,5,8151,85,21,3,0.0,0.0,0.0,0.0,0.43936213850975037,False,False,0.0,0.0,0.0,[],0.0,0.0,0,0.0,0,4.0000000041118255e-06
aco_current,5,8151,85,21,4,0.0,0.0,0.0,0.0,0.20313307642936707,False,False,0.0,0.0,0.0,[],0.0,0.0,0,0.0,0,4.0000000041118255e-06
aco_current,5,8152,85,22,1,0.0,130.0,130.0,0.65,0.40854841470718384,False,False,0.0,130.0,0.0,[],0.0,0.0,0,0.0,0,2.4170000045842244e-06
aco_current,5,8152,85,22,2,0.0,0.0,0.0,0.0,0.09907747060060501,False,False,0.0,0.0,0.0,[],0.0,0.0,0,0.0,0,2.4170000045842244e-06
aco_current,5,8152,85,22,3,0.0,0.0,0.0,0.0,0.43936213850975037,False,False,0.0,0.0,0.0,[],0.0,0.0,0,0.0,0,2.4170000045842244e-06
aco_current,5,8152,85,22,4,0.0,0.0,0.0,0.0,0.20313307642936707,False,False,0.0,0.0,0.0,[],0.0,0.0,0,0.0,0,2.4170000045842244e-06
aco_current,5,8153,85,22,1,0.0,130.0,130.0,0.65,0.40854841470718384,False,False,0.0,130.0,0.0,[],0.0,0.0,0,0.0,0,2.1250000088457455e-06
aco_current,5,8153,85,22,2,0.0,0.0,0.0,0.0,0.09907747060060501,False,False,0.0,0.0,0.0,[],0.0,0.0,0,0.0,0,2.1250000088457455e-06
aco_current,5,8153,85,22,3,0.0,0.0,0.0,0.0,0.43936213850975037,False,False,0.0,0.0,0.0,[],0.0,0.0,0,0.0,0,2.1250000088457455e-06
aco_current,5,8153,85,22,4,0.0,0.0,0.0,0.0,0.20313307642936707,False,False,0.0,0.0,0.0,[],0.0,0.0,0,0.0,0,2.1250000088457455e-06
aco_current,5,8154,85,22,1,0.0,130.0,130.0,0.65,0.40854841470718384,False,False,0.0,130.0,0.0,[],0.0,0.0,0,0.0,0,2.4580000115292933e-06
aco_current,5,8154,85,22,2,0.0,0.0,0.0,0.0,0.09907747060060501,False,False,0.0,0.0,0.0,[],0.0,0.0,0,0.0,0,2.4580000115292933e-06
aco_current,5,8154,85,22,3,0.0,0.0,0.0,0.0,0.43936213850975037,False,False,0.0,0.0,0.0,[],0.0,0.0,0,0.0,0,2.4580000115292933e-06
aco_current,5,8154,85,22,4,0.0,0.0,0.0,0.0,0.20313307642936707,False,False,0.0,0.0,0.0,[],0.0,0.0,0,0.0,0,2.4580000115292933e-06
aco_current,5,8155,85,22,1,0.0,130.0,130.0,0.65,0.40854841470718384,False,False,0.0,130.0,0.0,[],0.0,0.0,0,0.0,0,1.9590000022162712e-06
aco_current,5,8155,85,22,2,0.0,0.0,0.0,0.0,0.09907747060060501,False,False,0.0,0.0,0.0,[],0.0,0.0,0,0.0,0,1.9590000022162712e-06
aco_current,5,8155,85,22,3,0.0,0.0,0.0,0.0,0.43936213850975037,False,False,0.0,0.0,0.0,[],0.0,0.0,0,0.0,0,1.9590000022162712e-06
aco_current,5,8155,85,22,4,0.0,0.0,0.0,0.0,0.20313307642936707,False,False,0.0,0.0,0.0,[],0.0,0.0,0,0.0,0,1.9590000022162712e-06
aco_current,5,8156,85,23,1,0.0,130.0,130.0,0.65,0.40854841470718384,False,False,0.0,130.0,0.0,[],0.0,0.0,0,0.0,0,1.8329999988964119e-06
aco_current,5,8156,85,23,2,0.0,0.0,0.0,0.0,0.09907747060060501,False,False,0.0,0.0,0.0,[],0.0,0.0,0,0.0,0,1.8329999988964119e-06
aco_current,5,8156,85,23,3,0.0,0.0,0.0,0.0,0.43936213850975037,False,False,0.0,0.0,0.0,[],0.0,0.0,0,0.0,0,1.8329999988964119e-06
aco_current,5,8156,85,23,4,0.0,0.0,0.0,0.0,0.20313307642936707,False,False,0.0,0.0,0.0,[],0.0,0.0,0,0.0,0,1.8329999988964119e-06
aco_current,5,8157,85,23,1,0.0,130.0,130.0,0.65,0.40854841470718384,False,False,0.0,130.0,0.0,[],0.0,0.0,0,0.0,0,2.9170000033218457e-06
aco_current,5,8157,85,23,2,0.0,0.0,0.0,0.0,0.09907747060060501,False,False,0.0,0.0,0.0,[],0.0,0.0,0,0.0,0,2.9170000033218457e-06
aco_current,5,8157,85,23,3,0.0,0.0,0.0,0.0,0.43936213850975037,False,False,0.0,0.0,0.0,[],0.0,0.0,0,0.0,0,2.9170000033218457e-06
aco_current,5,8157,85,23,4,0.0,0.0,0.0,0.0,0.20313307642936707,False,False,0.0,0.0,0.0,[],0.0,0.0,0,0.0,0,2.9170000033218457e-06
aco_current,5,8158,85,23,1,0.0,130.0,130.0,0.65,0.40854841470718384,False,False,0.0,130.0,0.0,[],0.0,0.0,0,0.0,0,1.8329999988964119e-06
aco_current,5,8158,85,23,2,0.0,0.0,0.0,0.0,0.09907747060060501,False,False,0.0,0.0,0.0,[],0.0,0.0,0,0.0,0,1.8329999988964119e-06
aco_current,5,8158,85,23,3,0.0,0.0,0.0,0.0,0.43936213850975037,False,False,0.0,0.0,0.0,[],0.0,0.0,0,0.0,0,1.8329999988964119e-06
aco_current,5,8158,85,23,4,0.0,0.0,0.0,0.0,0.20313307642936707,False,False,0.0,0.0,0.0,[],0.0,0.0,0,0.0,0,1.8329999988964119e-06
aco_current,5,8159,85,23,1,0.0,130.0,130.0,0.65,0.40854841470718384,False,False,0.0,130.0,0.0,[],0.0,0.0,0,0.0,0,4.208000007110968e-06
aco_current,5,8159,85,23,2,0.0,0.0,0.0,0.0,0.09907747060060501,False,False,0.0,0.0,0.0,[],0.0,0.0,0,0.0,0,4.208000007110968e-06
aco_current,5,8159,85,23,3,0.0,0.0,0.0,0.0,0.43936213850975037,False,False,0.0,0.0,0.0,[],0.0,0.0,0,0.0,0,4.208000007110968e-06
aco_current,5,8159,85,23,4,0.0,0.0,0.0,0.0,0.20313307642936707,False,False,0.0,0.0,0.0,[],0.0,0.0,0,0.0,0,4.208000007110968e-06
aco_current,5,8160,86,0,1,26.0,130.0,156.0,0.78,0.9999768137931824,False,False,0.0,156.0,0.0,[],0.0,0.0,0,0.0,0,3.0839999993759193e-06
aco_current,5,8160,86,0,2,0.0,0.0,0.0,0.0,0.09907747060060501,False,False,0.0,0.0,0.0,[],0.0,0.0,0,0.0,0,3.0839999993759193e-06
aco_current,5,8160,86,0,3,0.0,0.0,0.0,0.0,0.43936213850975037,False,False,0.0,0.0,0.0,[],0.0,0.0,0,0.0,0,3.0839999993759193e-06
aco_current,5,8160,86,0,4,0.0,0.0,0.0,0.0,0.20313307642936707,False,False,0.0,0.0,0.0,[],0.0,0.0,0,0.0,0,3.0839999993759193e-06
aco_current,5,8161,86,0,1,29.0,156.0,185.0,0.925,1.0,True,True,30.0,155.0,0.0,[1],10.0,10.0,1,10.0,0,0.009933582999991586
aco_current,5,8161,86,0,2,0.0,0.0,0.0,0.0,0.09907747060060501,False,False,0.0,0.0,0.0,[],10.0,10.0,1,10.0,0,0.009933582999991586
aco_current,5,8161,86,0,3,0.0,0.0,0.0,0.0,0.43936213850975037,False,False,0.0,0.0,0.0,[],10.0,10.0,1,10.0,0,0.009933582999991586
aco_current,5,8161,86,0,4,0.0,0.0,0.0,0.0,0.20313307642936707,False,False,0.0,0.0,0.0,[],10.0,10.0,1,10.0,0,0.009933582999991586
aco_current,5,8162,86,0,1,26.0,155.0,181.0,0.905,1.0,True,True,30.0,151.0,0.0,[1],10.0,10.0,1,10.0,0,0.010717958000000749
aco_current,5,8162,86,0,2,0.0,0.0,0.0,0.0,0.09907747060060501,False,False,0.0,0.0,0.0,[],10.0,10.0,1,10.0,0,0.010717958000000749
aco_current,5,8162,86,0,3,0.0,0.0,0.0,0.0,0.43936213850975037,False,False,0.0,0.0,0.0,[],10.0,10.0,1,10.0,0,0.010717958000000749
aco_current,5,8162,86,0,4,0.0,0.0,0.0,0.0,0.20313307642936707,False,False,0.0,0.0,0.0,[],10.0,10.0,1,10.0,0,0.010717958000000749
aco_current,5,8163,86,0,1,29.0,151.0,180.0,0.9,1.0,True,True,30.0,150.0,0.0,[1],10.0,10.0,1,10.0,0,0.010974916000009216
aco_current,5,8163,86,0,2,0.0,0.0,0.0,0.0,0.09907747060060501,False,False,0.0,0.0,0.0,[],10.0,10.0,1,10.0,0,0.010974916000009216
aco_current,5,8163,86,0,3,0.0,0.0,0.0,0.0,0.43936213850975037,False,False,0.0,0.0,0.0,[],10.0,10.0,1,10.0,0,0.010974916000009216
aco_current,5,8163,86,0,4,0.0,0.0,0.0,0.0,0.20313307642936707,False,False,0.0,0.0,0.0,[],10.0,10.0,1,10.0,0,0.010974916000009216
aco_current,5,8164,86,1,1,28.0,150.0,178.0,0.89,1.0,True,True,30.0,148.0,0.0,[1],10.0,10.0,1,10.0,0,0.010669124999992619
aco_current,5,8164,86,1,2,0.0,0.0,0.0,0.0,0.09907747060060501,False,False,0.0,0.0,0.0,[],10.0,10.0,1,10.0,0,0.010669124999992619
aco_current,5,8164,86,1,3,0.0,0.0,0.0,0.0,0.43936213850975037,False,False,0.0,0.0,0.0,[],10.0,10.0,1,10.0,0,0.010669124999992619
aco_current,5,8164,86,1,4,0.0,0.0,0.0,0.0,0.20313307642936707,False,False,0.0,0.0,0.0,[],10.0,10.0,1,10.0,0,0.010669124999992619
aco_current,5,8165,86,1,1,27.0,148.0,175.0,0.875,0.9999999403953552,True,True,30.0,145.0,0.0,[1],10.0,10.0,1,10.0,0,0.00970691699998838
aco_current,5,8165,86,1,2,0.0,0.0,0.0,0.0,0.09907747060060501,False,False,0.0,0.0,0.0,[],10.0,10.0,1,10.0,0,0.00970691699998838
aco_current,5,8165,86,1,3,0.0,0.0,0.0,0.0,0.43936213850975037,False,False,0.0,0.0,0.0,[],10.0,10.0,1,10.0,0,0.00970691699998838
aco_current,5,8165,86,1,4,0.0,0.0,0.0,0.0,0.20313307642936707,False,False,0.0,0.0,0.0,[],10.0,10.0,1,10.0,0,0.00970691699998838
aco_current,5,8166,86,1,1,29.0,145.0,174.0,0.87,1.0,True,True,30.0,144.0,0.0,[1],10.0,10.0,1,10.0,0,0.009441500000008318
aco_current,5,8166,86,1,2,0.0,0.0,0.0,0.0,0.09907747060060501,False,False,0.0,0.0,0.0,[],10.0,10.0,1,10.0,0,0.009441500000008318
aco_current,5,8166,86,1,3,0.0,0.0,0.0,0.0,0.43936213850975037,False,False,0.0,0.0,0.0,[],10.0,10.0,1,10.0,0,0.009441500000008318
aco_current,5,8166,86,1,4,0.0,0.0,0.0,0.0,0.20313307642936707,False,False,0.0,0.0,0.0,[],10.0,10.0,1,10.0,0,0.009441500000008318
aco_current,5,8167,86,1,1,28.0,144.0,172.0,0.86,0.9999998807907104,True,True,30.0,142.0,0.0,[1],10.0,10.0,1,10.0,0,0.009493875000003982
aco_current,5,8167,86,1,2,0.0,0.0,0.0,0.0,0.09907747060060501,False,False,0.0,0.0,0.0,[],10.0,10.0,1,10.0,0,0.009493875000003982
aco_current,5,8167,86,1,3,0.0,0.0,0.0,0.0,0.43936213850975037,False,False,0.0,0.0,0.0,[],10.0,10.0,1,10.0,0,0.009493875000003982
aco_current,5,8167,86,1,4,0.0,0.0,0.0,0.0,0.20313307642936707,False,False,0.0,0.0,0.0,[],10.0,10.0,1,10.0,0,0.009493875000003982
aco_current,5,8168,86,2,1,27.0,142.0,169.0,0.845,0.9999995827674866,True,True,30.0,139.0,0.0,[1],10.0,10.0,1,10.0,0,0.009595083000007776
aco_current,5,8168,86,2,2,0.0,0.0,0.0,0.0,0.09907747060060501,False,False,0.0,0.0,0.0,[],10.0,10.0,1,10.0,0,0.009595083000007776
aco_current,5,8168,86,2,3,0.0,0.0,0.0,0.0,0.43936213850975037,False,False,0.0,0.0,0.0,[],10.0,10.0,1,10.0,0,0.009595083000007776
aco_current,5,8168,86,2,4,0.0,0.0,0.0,0.0,0.20313307642936707,False,False,0.0,0.0,0.0,[],10.0,10.0,1,10.0,0,0.009595083000007776
aco_current,5,8169,86,2,1,28.0,139.0,167.0,0.835,0.9999995231628418,True,True,30.0,137.0,0.0,[1],10.0,10.0,1,10.0,0,0.009490666999994346
aco_current,5,8169,86,2,2,0.0,0.0,0.0,0.0,0.09907747060060501,False,False,0.0,0.0,0.0,[],10.0,10.0,1,10.0,0,0.009490666999994346
aco_current,5,8169,86,2,3,0.0,0.0,0.0,0.0,0.43936213850975037,False,False,0.0,0.0,0.0,[],10.0,10.0,1,10.0,0,0.009490666999994346
aco_current,5,8169,86,2,4,0.0,0.0,0.0,0.0,0.20313307642936707,False,False,0.0,0.0,0.0,[],10.0,10.0,1,10.0,0,0.009490666999994346
aco_current,5,8170,86,2,1,29.0,137.0,166.0,0.83,0.9999995231628418,True,True,30.0,136.0,0.0,[1],10.0,10.0,1,10.0,0,0.00981137499999818
aco_current,5,8170,86,2,2,0.0,0.0,0.0,0.0,0.09907747060060501,False,False,0.0,0.0,0.0,[],10.0,10.0,1,10.0,0,0.00981137499999818
aco_current,5,8170,86,2,3,0.0,0.0,0.0,0.0,0.43936213850975037,False,False,0.0,0.0,0.0,[],10.0,10.0,1,10.0,0,0.00981137499999818
aco_current,5,8170,86,2,4,0.0,0.0,0.0,0.0,0.20313307642936707,False,False,0.0,0.0,0.0,[],10.0,10.0,1,10.0,0,0.00981137499999818
aco_current,5,8171,86,2,1,27.0,136.0,163.0,0.815,0.9999979734420776,True,True,30.0,133.0,0.0,[1],10.0,10.0,1,10.0,0,0.009894541999997841
aco_current,5,8171,86,2,2,0.0,0.0,0.0,0.0,0.09907747060060501,False,False,0.0,0.0,0.0,[],10.0,10.0,1,10.0,0,0.009894541999997841
aco_current,5,8171,86,2,3,0.0,0.0,0.0,0.0,0.43936213850975037,False,False,0.0,0.0,0.0,[],10.0,10.0,1,10.0,0,0.009894541999997841
aco_current,5,8171,86,2,4,0.0,0.0,0.0,0.0,0.20313307642936707,False,False,0.0,0.0,0.0,[],10.0,10.0,1,10.0,0,0.009894541999997841
aco_current,5,8172,86,3,1,28.0,133.0,161.0,0.805,0.9999975562095642,True,True,30.0,131.0,0.0,[1],10.0,10.0,1,10.0,0,0.01030529199999819
aco_current,5,8172,86,3,2,0.0,0.0,0.0,0.0,0.09907747060060501,False,False,0.0,0.0,0.0,[],10.0,10.0,1,10.0,0,0.01030529199999819
aco_current,5,8172,86,3,3,0.0,0.0,0.0,0.0,0.43936213850975037,False,False,0.0,0.0,0.0,[],10.0,10.0,1,10.0,0,0.01030529199999819
aco_current,5,8172,86,3,4,0.0,0.0,0.0,0.0,0.20313307642936707,False,False,0.0,0.0,0.0,[],10.0,10.0,1,10.0,0,0.01030529199999819
aco_current,5,8173,86,3,1,29.0,131.0,160.0,0.8,0.9999977350234985,True,True,30.0,130.0,0.0,[1],10.0,10.0,1,10.0,0,0.010122957999996629
aco_current,5,8173,86,3,2,0.0,0.0,0.0,0.0,0.09907747060060501,False,False,0.0,0.0,0.0,[],10.0,10.0,1,10.0,0,0.010122957999996629
aco_current,5,8173,86,3,3,0.0,0.0,0.0,0.0,0.43936213850975037,False,False,0.0,0.0,0.0,[],10.0,10.0,1,10.0,0,0.010122957999996629
aco_current,5,8173,86,3,4,0.0,0.0,0.0,0.0,0.20313307642936707,False,False,0.0,0.0,0.0,[],10.0,10.0,1,10.0,0,0.010122957999996629
aco_current,5,8174,86,3,1,26.0,130.0,156.0,0.78,0.9999828338623047,False,False,0.0,156.0,0.0,[],0.0,0.0,0,0.0,0,3.2500000060053935e-06
aco_current,5,8174,86,3,2,0.0,0.0,0.0,0.0,0.09907747060060501,False,False,0.0,0.0,0.0,[],0.0,0.0,0,0.0,0,3.2500000060053935e-06
aco_current,5,8174,86,3,3,0.0,0.0,0.0,0.0,0.43936213850975037,False,False,0.0,0.0,0.0,[],0.0,0.0,0,0.0,0,3.2500000060053935e-06
aco_current,5,8174,86,3,4,0.0,0.0,0.0,0.0,0.20313307642936707,False,False,0.0,0.0,0.0,[],0.0,0.0,0,0.0,0,3.2500000060053935e-06
aco_current,5,8175,86,3,1,29.0,156.0,185.0,0.925,1.0,True,True,30.0,155.0,0.0,[1],10.0,10.0,1,10.0,0,0.010160708000000795
aco_current,5,8175,86,3,2,0.0,0.0,0.0,0.0,0.09907747060060501,False,False,0.0,0.0,0.0,[],10.0,10.0,1,10.0,0,0.010160708000000795
aco_current,5,8175,86,3,3,0.0,0.0,0.0,0.0,0.43936213850975037,False,False,0.0,0.0,0.0,[],10.0,10.0,1,10.0,0,0.010160708000000795
aco_current,5,8175,86,3,4,0.0,0.0,0.0,0.0,0.20313307642936707,False,False,0.0,0.0,0.0,[],10.0,10.0,1,10.0,0,0.010160708000000795
aco_current,5,8176,86,4,1,28.0,155.0,183.0,0.915,1.0,True,True,30.0,153.0,0.0,[1],10.0,10.0,1,10.0,0,0.010322250000001532
aco_current,5,8176,86,4,2,0.0,0.0,0.0,0.0,0.09907747060060501,False,False,0.0,0.0,0.0,[],10.0,10.0,1,10.0,0,0.010322250000001532
aco_current,5,8176,86,4,3,0.0,0.0,0.0,0.0,0.43936213850975037,False,False,0.0,0.0,0.0,[],10.0,10.0,1,10.0,0,0.010322250000001532
aco_current,5,8176,86,4,4,0.0,0.0,0.0,0.0,0.20313307642936707,False,False,0.0,0.0,0.0,[],10.0,10.0,1,10.0,0,0.010322250000001532
aco_current,5,8177,86,4,1,27.0,153.0,180.0,0.9,1.0,True,True,30.0,150.0,0.0,[1],10.0,10.0,1,10.0,0,0.01001199999998903
aco_current,5,8177,86,4,2,0.0,0.0,0.0,0.0,0.09907747060060501,False,False,0.0,0.0,0.0,[],10.0,10.0,1,10.0,0,0.01001199999998903
aco_current,5,8177,86,4,3,0.0,0.0,0.0,0.0,0.43936213850975037,False,False,0.0,0.0,0.0,[],10.0,10.0,1,10.0,0,0.01001199999998903
aco_current,5,8177,86,4,4,0.0,0.0,0.0,0.0,0.20313307642936707,False,False,0.0,0.0,0.0,[],10.0,10.0,1,10.0,0,0.01001199999998903
aco_current,5,8178,86,4,1,29.0,150.0,179.0,0.895,1.0,True,True,30.0,149.0,0.0,[1],10.0,10.0,1,10.0,0,0.0107340410000063
aco_current,5,8178,86,4,2,0.0,0.0,0.0,0.0,0.09907747060060501,False,False,0.0,0.0,0.0,[],10.0,10.0,1,10.0,0,0.0107340410000063
aco_current,5,8178,86,4,3,0.0,0.0,0.0,0.0,0.43936213850975037,False,False,0.0,0.0,0.0,[],10.0,10.0,1,10.0,0,0.0107340410000063
aco_current,5,8178,86,4,4,0.0,0.0,0.0,0.0,0.20313307642936707,False,False,0.0,0.0,0.0,[],10.0,10.0,1,10.0,0,0.0107340410000063
aco_current,5,8179,86,4,1,28.0,149.0,177.0,0.885,1.0,True,True,30.0,147.0,0.0,[1],10.0,10.0,1,10.0,0,0.010422625000003904
aco_current,5,8179,86,4,2,0.0,0.0,0.0,0.0,0.09907747060060501,False,False,0.0,0.0,0.0,[],10.0,10.0,1,10.0,0,0.010422625000003904
aco_current,5,8179,86,4,3,0.0,0.0,0.0,0.0,0.43936213850975037,False,False,0.0,0.0,0.0,[],10.0,10.0,1,10.0,0,0.010422625000003904
aco_current,5,8179,86,4,4,0.0,0.0,0.0,0.0,0.20313307642936707,False,False,0.0,0.0,0.0,[],10.0,10.0,1,10.0,0,0.010422625000003904
aco_current,5,8180,86,5,1,27.0,147.0,174.0,0.87,0.9999998807907104,True,True,30.0,144.0,0.0,[1],10.0,10.0,1,10.0,0,0.009909625000005917
aco_current,5,8180,86,5,2,0.0,0.0,0.0,0.0,0.09907747060060501,False,False,0.0,0.0,0.0,[],10.0,10.0,1,10.0,0,0.009909625000005917
aco_current,5,8180,86,5,3,0.0,0.0,0.0,0.0,0.43936213850975037,False,False,0.0,0.0,0.0,[],10.0,10.0,1,10.0,0,0.009909625000005917
aco_current,5,8180,86,5,4,0.0,0.0,0.0,0.0,0.20313307642936707,False,False,0.0,0.0,0.0,[],10.0,10.0,1,10.0,0,0.009909625000005917
aco_current,5,8181,86,5,1,28.0,144.0,172.0,0.86,0.9999998807907104,True,True,30.0,142.0,0.0,[1],10.0,10.0,1,10.0,0,0.010039415999997914
aco_current,5,8181,86,5,2,0.0,0.0,0.0,0.0,0.09907747060060501,False,False,0.0,0.0,0.0,[],10.0,10.0,1,10.0,0,0.010039415999997914
aco_current,5,8181,86,5,3,0.0,0.0,0.0,0.0,0.43936213850975037,False,False,0.0,0.0,0.0,[],10.0,10.0,1,10.0,0,0.010039415999997914
aco_current,5,8181,86,5,4,0.0,0.0,0.0,0.0,0.20313307642936707,False,False,0.0,0.0,0.0,[],10.0,10.0,1,10.0,0,0.010039415999997914
aco_current,5,8182,86,5,1,29.0,142.0,171.0,0.855,0.9999998807907104,True,True,30.0,141.0,0.0,[1],10.0,10.0,1,10.0,0,0.01016166599998769
aco_current,5,8182,86,5,2,0.0,0.0,0.0,0.0,0.09907747060060501,False,False,0.0,0.0,0.0,[],10.0,10.0,1,10.0,0,0.01016166599998769
aco_current,5,8182,86,5,3,0.0,0.0,0.0,0.0,0.43936213850975037,False,False,0.0,0.0,0.0,[],10.0,10.0,1,10.0,0,0.01016166599998769
aco_current,5,8182,86,5,4,0.0,0.0,0.0,0.0,0.20313307642936707,False,False,0.0,0.0,0.0,[],10.0,10.0,1,10.0,0,0.01016166599998769
aco_current,5,8183,86,5,1,27.0,141.0,168.0,0.84,0.999999463558197,True,True,30.0,138.0,0.0,[1],10.0,10.0,1,10.0,0,0.009695415999999568
aco_current,5,8183,86,5,2,0.0,0.0,0.0,0.0,0.09907747060060501,False,False,0.0,0.0,0.0,[],10.0,10.0,1,10.0,0,0.009695415999999568
aco_current,5,8183,86,5,3,0.0,0.0,0.0,0.0,0.43936213850975037,False,False,0.0,0.0,0.0,[],10.0,10.0,1,10.0,0,0.009695415999999568
aco_current,5,8183,86,5,4,0.0,0.0,0.0,0.0,0.20313307642936707,False,False,0.0,0.0,0.0,[],10.0,10.0,1,10.0,0,0.009695415999999568
aco_current,5,8184,86,6,1,28.0,138.0,166.0,0.83,0.9999993443489075,True,True,30.0,136.0,0.0,[1],10.0,10.0,1,10.0,0,0.01005012500000646
aco_current,5,8184,86,6,2,0.0,0.0,0.0,0.0,0.09907747060060501,False,False,0.0,0.0,0.0,[],10.0,10.0,1,10.0,0,0.01005012500000646
aco_current,5,8184,86,6,3,0.0,0.0,0.0,0.0,0.43936213850975037,False,False,0.0,0.0,0.0,[],10.0,10.0,1,10.0,0,0.01005012500000646
aco_current,5,8184,86,6,4,0.0,0.0,0.0,0.0,0.20313307642936707,False,False,0.0,0.0,0.0,[],10.0,10.0,1,10.0,0,0.01005012500000646
aco_current,5,8185,86,6,1,27.0,136.0,163.0,0.815,0.9999979734420776,True,True,30.0,133.0,0.0,[1],10.0,10.0,1,10.0,0,0.009766542000008371
aco_current,5,8185,86,6,2,0.0,0.0,0.0,0.0,0.09907747060060501,False,False,0.0,0.0,0.0,[],10.0,10.0,1,10.0,0,0.009766542000008371
aco_current,5,8185,86,6,3,0.0,0.0,0.0,0.0,0.43936213850975037,False,False,0.0,0.0,0.0,[],10.0,10.0,1,10.0,0,0.009766542000008371
aco_current,5,8185,86,6,4,0.0,0.0,0.0,0.0,0.20313307642936707,False,False,0.0,0.0,0.0,[],10.0,10.0,1,10.0,0,0.009766542000008371
aco_current,5,8186,86,6,1,28.0,133.0,161.0,0.805,0.9999974966049194,True,True,30.0,131.0,0.0,[1],10.0,10.0,1,10.0,0,0.009610166000001641
aco_current,5,8186,86,6,2,0.0,0.0,0.0,0.0,0.09907747060060501,False,False,0.0,0.0,0.0,[],10.0,10.0,1,10.0,0,0.009610166000001641
aco_current,5,8186,86,6,3,0.0,0.0,0.0,0.0,0.43936213850975037,False,False,0.0,0.0,0.0,[],10.0,10.0,1,10.0,0,0.009610166000001641
aco_current,5,8186,86,6,4,0.0,0.0,0.0,0.0,0.20313307642936707,False,False,0.0,0.0,0.0,[],10.0,10.0,1,10.0,0,0.009610166000001641
aco_current,5,8187,86,6,1,29.0,131.0,160.0,0.8,0.9999977350234985,True,True,30.0,130.0,0.0,[1],10.0,10.0,1,10.0,0,0.009387208999996233
aco_current,5,8187,86,6,2,0.0,0.0,0.0,0.0,0.09907747060060501,False,False,0.0,0.0,0.0,[],10.0,10.0,1,10.0,0,0.009387208999996233
aco_current,5,8187,86,6,3,0.0,0.0,0.0,0.0,0.43936213850975037,False,False,0.0,0.0,0.0,[],10.0,10.0,1,10.0,0,0.009387208999996233
aco_current,5,8187,86,6,4,0.0,0.0,0.0,0.0,0.20313307642936707,False,False,0.0,0.0,0.0,[],10.0,10.0,1,10.0,0,0.009387208999996233
aco_current,5,8188,86,7,1,27.0,130.0,157.0,0.785,0.9999902844429016,False,False,0.0,157.0,0.0,[],0.0,0.0,0,0.0,0,3.5829999944780866e-06
aco_current,5,8188,86,7,2,0.0,0.0,0.0,0.0,0.09907747060060501,False,False,0.0,0.0,0.0,[],0.0,0.0,0,0.0,0,3.5829999944780866e-06
aco_current,5,8188,86,7,3,0.0,0.0,0.0,0.0,0.43936213850975037,False,False,0.0,0.0,0.0,[],0.0,0.0,0,0.0,0,3.5829999944780866e-06
aco_current,5,8188,86,7,4,0.0,0.0,0.0,0.0,0.20313307642936707,False,False,0.0,0.0,0.0,[],0.0,0.0,0,0.0,0,3.5829999944780866e-06
aco_current,5,8189,86,7,1,28.0,157.0,185.0,0.925,1.0,True,True,30.0,155.0,0.0,[1],10.0,10.0,1,10.0,0,0.009529834000005621
aco_current,5,8189,86,7,2,0.0,0.0,0.0,0.0,0.09907747060060501,False,False,0.0,0.0,0.0,[],10.0,10.0,1,10.0,0,0.009529834000005621
aco_current,5,8189,86,7,3,0.0,0.0,0.0,0.0,0.43936213850975037,False,False,0.0,0.0,0.0,[],10.0,10.0,1,10.0,0,0.009529834000005621
aco_current,5,8189,86,7,4,0.0,0.0,0.0,0.0,0.20313307642936707,False,False,0.0,0.0,0.0,[],10.0,10.0,1,10.0,0,0.009529834000005621
aco_current,5,8190,86,7,1,29.0,155.0,184.0,0.92,1.0,True,True,30.0,154.0,0.0,[1],10.0,10.0,1,10.0,0,0.009631166999994889
aco_current,5,8190,86,7,2,0.0,0.0,0.0,0.0,0.09907747060060501,False,False,0.0,0.0,0.0,[],10.0,10.0,1,10.0,0,0.009631166999994889
aco_current,5,8190,86,7,3,0.0,0.0,0.0,0.0,0.43936213850975037,False,False,0.0,0.0,0.0,[],10.0,10.0,1,10.0,0,0.009631166999994889
aco_current,5,8190,86,7,4,0.0,0.0,0.0,0.0,0.20313307642936707,False,False,0.0,0.0,0.0,[],10.0,10.0,1,10.0,0,0.009631166999994889
aco_current,5,8191,86,7,1,26.0,154.0,180.0,0.9,1.0,True,True,30.0,150.0,0.0,[1],10.0,10.0,1,10.0,0,0.010079083000007927
aco_current,5,8191,86,7,2,0.0,0.0,0.0,0.0,0.09907747060060501,False,False,0.0,0.0,0.0,[],10.0,10.0,1,10.0,0,0.010079083000007927
aco_current,5,8191,86,7,3,0.0,0.0,0.0,0.0,0.43936213850975037,False,False,0.0,0.0,0.0,[],10.0,10.0,1,10.0,0,0.010079083000007927
aco_current,5,8191,86,7,4,0.0,0.0,0.0,0.0,0.20313307642936707,False,False,0.0,0.0,0.0,[],10.0,10.0,1,10.0,0,0.010079083000007927
aco_current,5,8192,86,8,1,29.0,150.0,179.0,0.895,1.0,True,True,30.0,149.0,0.0,[1],10.0,10.0,1,10.0,0,0.010561041000002547
aco_current,5,8192,86,8,2,0.0,0.0,0.0,0.0,0.09907747060060501,False,False,0.0,0.0,0.0,[],10.0,10.0,1,10.0,0,0.010561041000002547
aco_current,5,8192,86,8,3,0.0,0.0,0.0,0.0,0.43936213850975037,False,False,0.0,0.0,0.0,[],10.0,10.0,1,10.0,0,0.010561041000002547
aco_current,5,8192,86,8,4,0.0,0.0,0.0,0.0,0.20313307642936707,False,False,0.0,0.0,0.0,[],10.0,10.0,1,10.0,0,0.010561041000002547
aco_current,5,8193,86,8,1,28.0,149.0,177.0,0.885,1.0,True,True,30.0,147.0,0.0,[1],10.0,10.0,1,10.0,0,0.00975895899999557
aco_current,5,8193,86,8,2,0.0,0.0,0.0,0.0,0.09907747060060501,False,False,0.0,0.0,0.0,[],10.0,10.0,1,10.0,0,0.00975895899999557
aco_current,5,8193,86,8,3,0.0,0.0,0.0,0.0,0.43936213850975037,False,False,0.0,0.0,0.0,[],10.0,10.0,1,10.0,0,0.00975895899999557
aco_current,5,8193,86,8,4,0.0,0.0,0.0,0.0,0.20313307642936707,False,False,0.0,0.0,0.0,[],10.0,10.0,1,10.0,0,0.00975895899999557
aco_current,5,8194,86,8,1,27.0,147.0,174.0,0.87,0.9999998807907104,True,True,30.0,144.0,0.0,[1],10.0,10.0,1,10.0,0,0.009460833999995089
aco_current,5,8194,86,8,2,0.0,0.0,0.0,0.0,0.09907747060060501,False,False,0.0,0.0,0.0,[],10.0,10.0,1,10.0,0,0.009460833999995089
aco_current,5,8194,86,8,3,0.0,0.0,0.0,0.0,0.43936213850975037,False,False,0.0,0.0,0.0,[],10.0,10.0,1,10.0,0,0.009460833999995089
aco_current,5,8194,86,8,4,0.0,0.0,0.0,0.0,0.20313307642936707,False,False,0.0,0.0,0.0,[],10.0,10.0,1,10.0,0,0.009460833999995089
aco_current,5,8195,86,8,1,29.0,144.0,173.0,0.865,0.9999999403953552,True,True,30.0,143.0,0.0,[1],10.0,10.0,1,10.0,0,0.0096093750000108
aco_current,5,8195,86,8,2,0.0,0.0,0.0,0.0,0.09907747060060501,False,False,0.0,0.0,0.0,[],10.0,10.0,1,10.0,0,0.0096093750000108
aco_current,5,8195,86,8,3,0.0,0.0,0.0,0.0,0.43936213850975037,False,False,0.0,0.0,0.0,[],10.0,10.0,1,10.0,0,0.0096093750000108
aco_current,5,8195,86,8,4,0.0,0.0,0.0,0.0,0.20313307642936707,False,False,0.0,0.0,0.0,[],10.0,10.0,1,10.0,0,0.0096093750000108
aco_current,5,8196,86,9,1,28.0,143.0,171.0,0.855,0.9999998211860657,True,True,30.0,141.0,0.0,[1],10.0,10.0,1,10.0,0,0.009565165999987357
aco_current,5,8196,86,9,2,0.0,0.0,0.0,0.0,0.09907747060060501,False,False,0.0,0.0,0.0,[],10.0,10.0,1,10.0,0,0.009565165999987357
aco_current,5,8196,86,9,3,0.0,0.0,0.0,0.0,0.43936213850975037,False,False,0.0,0.0,0.0,[],10.0,10.0,1,10.0,0,0.009565165999987357
aco_current,5,8196,86,9,4,0.0,0.0,0.0,0.0,0.20313307642936707,False,False,0.0,0.0,0.0,[],10.0,10.0,1,10.0,0,0.009565165999987357
aco_current,5,8197,86,9,1,27.0,141.0,168.0,0.84,0.999999463558197,True,True,30.0,138.0,0.0,[1],10.0,10.0,1,10.0,0,0.009711541000001489
aco_current,5,8197,86,9,2,0.0,0.0,0.0,0.0,0.09907747060060501,False,False,0.0,0.0,0.0,[],10.0,10.0,1,10.0,0,0.009711541000001489
aco_current,5,8197,86,9,3,0.0,0.0,0.0,0.0,0.43936213850975037,False,False,0.0,0.0,0.0,[],10.0,10.0,1,10.0,0,0.009711541000001489
aco_current,5,8197,86,9,4,0.0,0.0,0.0,0.0,0.20313307642936707,False,False,0.0,0.0,0.0,[],10.0,10.0,1,10.0,0,0.009711541000001489
aco_current,5,8198,86,9,1,28.0,138.0,166.0,0.83,0.9999993443489075,True,True,30.0,136.0,0.0,[1],10.0,10.0,1,10.0,0,0.009749374999998395
aco_current,5,8198,86,9,2,0.0,0.0,0.0,0.0,0.09907747060060501,False,False,0.0,0.0,0.0,[],10.0,10.0,1,10.0,0,0.009749374999998395
aco_current,5,8198,86,9,3,0.0,0.0,0.0,0.0,0.43936213850975037,False,False,0.0,0.0,0.0,[],10.0,10.0,1,10.0,0,0.009749374999998395
aco_current,5,8198,86,9,4,0.0,0.0,0.0,0.0,0.20313307642936707,False,False,0.0,0.0,0.0,[],10.0,10.0,1,10.0,0,0.009749374999998395
aco_current,5,8199,86,9,1,29.0,136.0,165.0,0.825,0.9999994039535522,True,True,30.0,135.0,0.0,[1],10.0,10.0,1,10.0,0,0.00954191699999285
aco_current,5,8199,86,9,2,0.0,0.0,0.0,0.0,0.09907747060060501,False,False,0.0,0.0,0.0,[],10.0,10.0,1,10.0,0,0.00954191699999285
aco_current,5,8199,86,9,3,0.0,0.0,0.0,0.0,0.43936213850975037,False,False,0.0,0.0,0.0,[],10.0,10.0,1,10.0,0,0.00954191699999285
aco_current,5,8199,86,9,4,0.0,0.0,0.0,0.0,0.20313307642936707,False,False,0.0,0.0,0.0,[],10.0,10.0,1,10.0,0,0.00954191699999285
aco_current,5,8200,86,10,1,27.0,135.0,162.0,0.81,0.9999973177909851,True,True,30.0,132.0,0.0,[1],10.0,10.0,1,10.0,0,0.009709749999998962
aco_current,5,8200,86,10,2,0.0,0.0,0.0,0.0,0.09907747060060501,False,False,0.0,0.0,0.0,[],10.0,10.0,1,10.0,0,0.009709749999998962
aco_current,5,8200,86,10,3,0.0,0.0,0.0,0.0,0.43936213850975037,False,False,0.0,0.0,0.0,[],10.0,10.0,1,10.0,0,0.009709749999998962
aco_current,5,8200,86,10,4,0.0,0.0,0.0,0.0,0.20313307642936707,False,False,0.0,0.0,0.0,[],10.0,10.0,1,10.0,0,0.009709749999998962
aco_current,5,8201,86,10,1,28.0,132.0,160.0,0.8,0.9999967813491821,True,True,30.0,130.0,0.0,[1],10.0,10.0,1,10.0,0,0.009739999999993643
aco_current,5,8201,86,10,2,0.0,0.0,0.0,0.0,0.09907747060060501,False,False,0.0,0.0,0.0,[],10.0,10.0,1,10.0,0,0.009739999999993643
aco_current,5,8201,86,10,3,0.0,0.0,0.0,0.0,0.43936213850975037,False,False,0.0,0.0,0.0,[],10.0,10.0,1,10.0,0,0.009739999999993643
aco_current,5,8201,86,10,4,0.0,0.0,0.0,0.0,0.20313307642936707,False,False,0.0,0.0,0.0,[],10.0,10.0,1,10.0,0,0.009739999999993643
aco_current,5,8202,86,10,1,26.0,130.0,156.0,0.78,0.9999828338623047,False,False,0.0,156.0,0.0,[],0.0,0.0,0,0.0,0,3.2920000023750617e-06
aco_current,5,8202,86,10,2,0.0,0.0,0.0,0.0,0.09907747060060501,False,False,0.0,0.0,0.0,[],0.0,0.0,0,0.0,0,3.2920000023750617e-06
aco_current,5,8202,86,10,3,0.0,0.0,0.0,0.0,0.43936213850975037,False,False,0.0,0.0,0.0,[],0.0,0.0,0,0.0,0,3.2920000023750617e-06
aco_current,5,8202,86,10,4,0.0,0.0,0.0,0.0,0.20313307642936707,False,False,0.0,0.0,0.0,[],0.0,0.0,0,0.0,0,3.2920000023750617e-06
aco_current,5,8203,86,10,1,18.0,156.0,174.0,0.87,0.9999973177909851,True,True,30.0,144.0,0.0,[1],10.0,10.0,1,10.0,0,0.009762957999996047
aco_current,5,8203,86,10,2,0.0,0.0,0.0,0.0,0.09907747060060501,False,False,0.0,0.0,0.0,[],10.0,10.0,1,10.0,0,0.009762957999996047
aco_current,5,8203,86,10,3,0.0,0.0,0.0,0.0,0.43936213850975037,False,False,0.0,0.0,0.0,[],10.0,10.0,1,10.0,0,0.009762957999996047
aco_current,5,8203,86,10,4,0.0,0.0,0.0,0.0,0.20313307642936707,False,False,0.0,0.0,0.0,[],10.0,10.0,1,10.0,0,0.009762957999996047
aco_current,5,8204,86,11,1,20.0,144.0,164.0,0.82,0.9999813437461853,True,True,30.0,134.0,0.0,[1],10.0,10.0,1,10.0,0,0.00971129100000212
aco_current,5,8204,86,11,2,0.0,0.0,0.0,0.0,0.09907747060060501,False,False,0.0,0.0,0.0,[],10.0,10.0,1,10.0,0,0.00971129100000212
aco_current,5,8204,86,11,3,0.0,0.0,0.0,0.0,0.43936213850975037,False,False,0.0,0.0,0.0,[],10.0,10.0,1,10.0,0,0.00971129100000212
aco_current,5,8204,86,11,4,0.0,0.0,0.0,0.0,0.20313307642936707,False,False,0.0,0.0,0.0,[],10.0,10.0,1,10.0,0,0.00971129100000212
aco_current,5,8205,86,11,1,20.0,134.0,154.0,0.77,0.9997701048851013,False,False,0.0,154.0,0.0,[],0.0,0.0,0,0.0,0,3.0839999993759193e-06
aco_current,5,8205,86,11,2,0.0,0.0,0.0,0.0,0.09907747060060501,False,False,0.0,0.0,0.0,[],0.0,0.0,0,0.0,0,3.0839999993759193e-06
aco_current,5,8205,86,11,3,0.0,0.0,0.0,0.0,0.43936213850975037,False,False,0.0,0.0,0.0,[],0.0,0.0,0,0.0,0,3.0839999993759193e-06
aco_current,5,8205,86,11,4,0.0,0.0,0.0,0.0,0.20313307642936707,False,False,0.0,0.0,0.0,[],0.0,0.0,0,0.0,0,3.0839999993759193e-06
aco_current,5,8206,86,11,1,18.0,154.0,172.0,0.86,0.9999948740005493,True,True,30.0,142.0,0.0,[1],10.0,10.0,1,10.0,0,0.009577125000006959
aco_current,5,8206,86,11,2,0.0,0.0,0.0,0.0,0.09907747060060501,False,False,0.0,0.0,0.0,[],10.0,10.0,1,10.0,0,0.009577125000006959
aco_current,5,8206,86,11,3,0.0,0.0,0.0,0.0,0.43936213850975037,False,False,0.0,0.0,0.0,[],10.0,10.0,1,10.0,0,0.009577125000006959
aco_current,5,8206,86,11,4,0.0,0.0,0.0,0.0,0.20313307642936707,False,False,0.0,0.0,0.0,[],10.0,10.0,1,10.0,0,0.009577125000006959
aco_current,5,8207,86,11,1,20.0,142.0,162.0,0.81,0.9999663233757019,True,True,30.0,132.0,0.0,[1],10.0,10.0,1,10.0,0,0.00981454200000087
aco_current,5,8207,86,11,2,0.0,0.0,0.0,0.0,0.09907747060060501,False,False,0.0,0.0,0.0,[],10.0,10.0,1,10.0,0,0.00981454200000087
aco_current,5,8207,86,11,3,0.0,0.0,0.0,0.0,0.43936213850975037,False,False,0.0,0.0,0.0,[],10.0,10.0,1,10.0,0,0.00981454200000087
aco_current,5,8207,86,11,4,0.0,0.0,0.0,0.0,0.20313307642936707,False,False,0.0,0.0,0.0,[],10.0,10.0,1,10.0,0,0.00981454200000087
aco_current,5,8208,86,12,1,19.0,132.0,151.0,0.755,0.9994755983352661,False,False,0.0,151.0,0.0,[],0.0,0.0,0,0.0,0,3.2089999990603246e-06
aco_current,5,8208,86,12,2,0.0,0.0,0.0,0.0,0.09907747060060501,False,False,0.0,0.0,0.0,[],0.0,0.0,0,0.0,0,3.2089999990603246e-06
aco_current,5,8208,86,12,3,0.0,0.0,0.0,0.0,0.43936213850975037,False,False,0.0,0.0,0.0,[],0.0,0.0,0,0.0,0,3.2089999990603246e-06
aco_current,5,8208,86,12,4,0.0,0.0,0.0,0.0,0.20313307642936707,False,False,0.0,0.0,0.0,[],0.0,0.0,0,0.0,0,3.2089999990603246e-06
aco_current,5,8209,86,12,1,19.0,151.0,170.0,0.85,0.9999938607215881,True,True,30.0,140.0,0.0,[1],10.0,10.0,1,10.0,0,0.00980379199999959
aco_current,5,8209,86,12,2,0.0,0.0,0.0,0.0,0.09907747060060501,False,False,0.0,0.0,0.0,[],10.0,10.0,1,10.0,0,0.00980379199999959
aco_current,5,8209,86,12,3,0.0,0.0,0.0,0.0,0.43936213850975037,False,False,0.0,0.0,0.0,[],10.0,10.0,1,10.0,0,0.00980379199999959
aco_current,5,8209,86,12,4,0.0,0.0,0.0,0.0,0.20313307642936707,False,False,0.0,0.0,0.0,[],10.0,10.0,1,10.0,0,0.00980379199999959
aco_current,5,8210,86,12,1,19.0,140.0,159.0,0.795,0.9998960494995117,False,False,0.0,159.0,0.0,[],0.0,0.0,0,0.0,0,3.415999998424013e-06
aco_current,5,8210,86,12,2,0.0,0.0,0.0,0.0,0.09907747060060501,False,False,0.0,0.0,0.0,[],0.0,0.0,0,0.0,0,3.415999998424013e-06
aco_current,5,8210,86,12,3,0.0,0.0,0.0,0.0,0.43936213850975037,False,False,0.0,0.0,0.0,[],0.0,0.0,0,0.0,0,3.415999998424013e-06
aco_current,5,8210,86,12,4,0.0,0.0,0.0,0.0,0.20313307642936707,False,False,0.0,0.0,0.0,[],0.0,0.0,0,0.0,0,3.415999998424013e-06
aco_current,5,8211,86,12,1,11.0,159.0,170.0,0.85,0.9999010562896729,True,True,30.0,140.0,0.0,[1],10.0,10.0,1,10.0,0,0.010387500000007321
aco_current,5,8211,86,12,2,0.0,0.0,0.0,0.0,0.09907747060060501,False,False,0.0,0.0,0.0,[],10.0,10.0,1,10.0,0,0.010387500000007321
aco_current,5,8211,86,12,3,0.0,0.0,0.0,0.0,0.43936213850975037,False,False,0.0,0.0,0.0,[],10.0,10.0,1,10.0,0,0.010387500000007321
aco_current,5,8211,86,12,4,0.0,0.0,0.0,0.0,0.20313307642936707,False,False,0.0,0.0,0.0,[],10.0,10.0,1,10.0,0,0.010387500000007321
aco_current,5,8212,86,13,1,9.0,140.0,149.0,0.745,0.9745590686798096,False,False,0.0,149.0,0.0,[],0.0,0.0,0,0.0,0,4.3750000031650416e-06
aco_current,5,8212,86,13,2,0.0,0.0,0.0,0.0,0.09907747060060501,False,False,0.0,0.0,0.0,[],0.0,0.0,0,0.0,0,4.3750000031650416e-06
aco_current,5,8212,86,13,3,0.0,0.0,0.0,0.0,0.43936213850975037,False,False,0.0,0.0,0.0,[],0.0,0.0,0,0.0,0,4.3750000031650416e-06
aco_current,5,8212,86,13,4,0.0,0.0,0.0,0.0,0.20313307642936707,False,False,0.0,0.0,0.0,[],0.0,0.0,0,0.0,0,4.3750000031650416e-06
aco_current,5,8213,86,13,1,9.0,149.0,158.0,0.79,0.9947441220283508,False,False,0.0,158.0,0.0,[],0.0,0.0,0,0.0,0,2.750000007267772e-06
aco_current,5,8213,86,13,2,0.0,0.0,0.0,0.0,0.09907747060060501,False,False,0.0,0.0,0.0,[],0.0,0.0,0,0.0,0,2.750000007267772e-06
aco_current,5,8213,86,13,3,0.0,0.0,0.0,0.0,0.43936213850975037,False,False,0.0,0.0,0.0,[],0.0,0.0,0,0.0,0,2.750000007267772e-06
aco_current,5,8213,86,13,4,0.0,0.0,0.0,0.0,0.20313307642936707,False,False,0.0,0.0,0.0,[],0.0,0.0,0,0.0,0,2.750000007267772e-06
aco_current,5,8214,86,13,1,8.0,158.0,166.0,0.83,0.9991448521614075,True,True,30.0,136.0,0.0,[1],10.0,10.0,1,10.0,0,0.010294000000001802
aco_current,5,8214,86,13,2,0.0,0.0,0.0,0.0,0.09907747060060501,False,False,0.0,0.0,0.0,[],10.0,10.0,1,10.0,0,0.010294000000001802
aco_current,5,8214,86,13,3,0.0,0.0,0.0,0.0,0.43936213850975037,False,False,0.0,0.0,0.0,[],10.0,10.0,1,10.0,0,0.010294000000001802
aco_current,5,8214,86,13,4,0.0,0.0,0.0,0.0,0.20313307642936707,False,False,0.0,0.0,0.0,[],10.0,10.0,1,10.0,0,0.010294000000001802
aco_current,5,8215,86,13,1,9.0,136.0,145.0,0.725,0.9707521200180054,False,False,0.0,145.0,0.0,[],0.0,0.0,0,0.0,0,3.708999997797946e-06
aco_current,5,8215,86,13,2,0.0,0.0,0.0,0.0,0.09907747060060501,False,False,0.0,0.0,0.0,[],0.0,0.0,0,0.0,0,3.708999997797946e-06
aco_current,5,8215,86,13,3,0.0,0.0,0.0,0.0,0.43936213850975037,False,False,0.0,0.0,0.0,[],0.0,0.0,0,0.0,0,3.708999997797946e-06
aco_current,5,8215,86,13,4,0.0,0.0,0.0,0.0,0.20313307642936707,False,False,0.0,0.0,0.0,[],0.0,0.0,0,0.0,0,3.708999997797946e-06
aco_current,5,8216,86,14,1,9.0,145.0,154.0,0.77,0.9899913668632507,False,False,0.0,154.0,0.0,[],0.0,0.0,0,0.0,0,2.7499999930569174e-06
aco_current,5,8216,86,14,2,0.0,0.0,0.0,0.0,0.09907747060060501,False,False,0.0,0.0,0.0,[],0.0,0.0,0,0.0,0,2.7499999930569174e-06
aco_current,5,8216,86,14,3,0.0,0.0,0.0,0.0,0.43936213850975037,False,False,0.0,0.0,0.0,[],0.0,0.0,0,0.0,0,2.7499999930569174e-06
aco_current,5,8216,86,14,4,0.0,0.0,0.0,0.0,0.20313307642936707,False,False,0.0,0.0,0.0,[],0.0,0.0,0,0.0,0,2.7499999930569174e-06
aco_current,5,8217,86,14,1,8.0,154.0,162.0,0.81,0.997742772102356,True,True,30.0,132.0,0.0,[1],10.0,10.0,1,10.0,0,0.009664374999999836
aco_current,5,8217,86,14,2,0.0,0.0,0.0,0.0,0.09907747060060501,False,False,0.0,0.0,0.0,[],10.0,10.0,1,10.0,0,0.009664374999999836
aco_current,5,8217,86,14,3,0.0,0.0,0.0,0.0,0.43936213850975037,False,False,0.0,0.0,0.0,[],10.0,10.0,1,10.0,0,0.009664374999999836
aco_current,5,8217,86,14,4,0.0,0.0,0.0,0.0,0.20313307642936707,False,False,0.0,0.0,0.0,[],10.0,10.0,1,10.0,0,0.009664374999999836
aco_current,5,8218,86,14,1,6.0,132.0,138.0,0.69,0.7641549706459045,False,False,0.0,138.0,0.0,[],0.0,0.0,0,0.0,0,3.374999991478944e-06
aco_current,5,8218,86,14,2,0.0,0.0,0.0,0.0,0.09907747060060501,False,False,0.0,0.0,0.0,[],0.0,0.0,0,0.0,0,3.374999991478944e-06
aco_current,5,8218,86,14,3,0.0,0.0,0.0,0.0,0.43936213850975037,False,False,0.0,0.0,0.0,[],0.0,0.0,0,0.0,0,3.374999991478944e-06
aco_current,5,8218,86,14,4,0.0,0.0,0.0,0.0,0.20313307642936707,False,False,0.0,0.0,0.0,[],0.0,0.0,0,0.0,0,3.374999991478944e-06
aco_current,5,8219,86,14,1,0.0,138.0,138.0,0.69,0.18695619702339172,False,False,0.0,138.0,0.0,[],0.0,0.0,0,0.0,0,4.250000003480636e-06
aco_current,5,8219,86,14,2,0.0,0.0,0.0,0.0,0.09907747060060501,False,False,0.0,0.0,0.0,[],0.0,0.0,0,0.0,0,4.250000003480636e-06
aco_current,5,8219,86,14,3,0.0,0.0,0.0,0.0,0.43936213850975037,False,False,0.0,0.0,0.0,[],0.0,0.0,0,0.0,0,4.250000003480636e-06
aco_current,5,8219,86,14,4,0.0,0.0,0.0,0.0,0.20313307642936707,False,False,0.0,0.0,0.0,[],0.0,0.0,0,0.0,0,4.250000003480636e-06
aco_current,5,8220,86,15,1,0.0,138.0,138.0,0.69,0.25814980268478394,False,False,0.0,138.0,0.0,[],0.0,0.0,0,0.0,0,3.792000001112683e-06
aco_current,5,8220,86,15,2,0.0,0.0,0.0,0.0,0.09907747060060501,False,False,0.0,0.0,0.0,[],0.0,0.0,0,0.0,0,3.792000001112683e-06
aco_current,5,8220,86,15,3,0.0,0.0,0.0,0.0,0.43936213850975037,False,False,0.0,0.0,0.0,[],0.0,0.0,0,0.0,0,3.792000001112683e-06
aco_current,5,8220,86,15,4,0.0,0.0,0.0,0.0,0.20313307642936707,False,False,0.0,0.0,0.0,[],0.0,0.0,0,0.0,0,3.792000001112683e-06
aco_current,5,8221,86,15,1,0.0,138.0,138.0,0.69,0.33877214789390564,False,False,0.0,138.0,0.0,[],0.0,0.0,0,0.0,0,2.4590000009538926e-06
aco_current,5,8221,86,15,2,0.0,0.0,0.0,0.0,0.09907747060060501,False,False,0.0,0.0,0.0,[],0.0,0.0,0,0.0,0,2.4590000009538926e-06
aco_current,5,8221,86,15,3,0.0,0.0,0.0,0.0,0.43936213850975037,False,False,0.0,0.0,0.0,[],0.0,0.0,0,0.0,0,2.4590000009538926e-06
aco_current,5,8221,86,15,4,0.0,0.0,0.0,0.0,0.20313307642936707,False,False,0.0,0.0,0.0,[],0.0,0.0,0,0.0,0,2.4590000009538926e-06
aco_current,5,8222,86,15,1,0.0,138.0,138.0,0.69,0.3780190050601959,False,False,0.0,138.0,0.0,[],0.0,0.0,0,0.0,0,2.625000007583367e-06
aco_current,5,8222,86,15,2,0.0,0.0,0.0,0.0,0.09907747060060501,False,False,0.0,0.0,0.0,[],0.0,0.0,0,0.0,0,2.625000007583367e-06
aco_current,5,8222,86,15,3,0.0,0.0,0.0,0.0,0.43936213850975037,False,False,0.0,0.0,0.0,[],0.0,0.0,0,0.0,0,2.625000007583367e-06
aco_current,5,8222,86,15,4,0.0,0.0,0.0,0.0,0.20313307642936707,False,False,0.0,0.0,0.0,[],0.0,0.0,0,0.0,0,2.625000007583367e-06
aco_current,5,8223,86,15,1,0.0,138.0,138.0,0.69,0.3780190050601959,False,False,0.0,138.0,0.0,[],0.0,0.0,0,0.0,0,2.458999986743038e-06
aco_current,5,8223,86,15,2,0.0,0.0,0.0,0.0,0.09907747060060501,False,False,0.0,0.0,0.0,[],0.0,0.0,0,0.0,0,2.458999986743038e-06
aco_current,5,8223,86,15,3,0.0,0.0,0.0,0.0,0.43936213850975037,False,False,0.0,0.0,0.0,[],0.0,0.0,0,0.0,0,2.458999986743038e-06
aco_current,5,8223,86,15,4,0.0,0.0,0.0,0.0,0.20313307642936707,False,False,0.0,0.0,0.0,[],0.0,0.0,0,0.0,0,2.458999986743038e-06
aco_current,5,8224,86,16,1,0.0,138.0,138.0,0.69,0.3780190050601959,False,False,0.0,138.0,0.0,[],0.0,0.0,0,0.0,0,3.375000005689799e-06
aco_current,5,8224,86,16,2,0.0,0.0,0.0,0.0,0.09907747060060501,False,False,0.0,0.0,0.0,[],0.0,0.0,0,0.0,0,3.375000005689799e-06
aco_current,5,8224,86,16,3,0.0,0.0,0.0,0.0,0.43936213850975037,False,False,0.0,0.0,0.0,[],0.0,0.0,0,0.0,0,3.375000005689799e-06
aco_current,5,8224,86,16,4,0.0,0.0,0.0,0.0,0.20313307642936707,False,False,0.0,0.0,0.0,[],0.0,0.0,0,0.0,0,3.375000005689799e-06
aco_current,5,8225,86,16,1,0.0,138.0,138.0,0.69,0.3780190050601959,False,False,0.0,138.0,0.0,[],0.0,0.0,0,0.0,0,2.625000007583367e-06
aco_current,5,8225,86,16,2,0.0,0.0,0.0,0.0,0.09907747060060501,False,False,0.0,0.0,0.0,[],0.0,0.0,0,0.0,0,2.625000007583367e-06
aco_current,5,8225,86,16,3,0.0,0.0,0.0,0.0,0.43936213850975037,False,False,0.0,0.0,0.0,[],0.0,0.0,0,0.0,0,2.625000007583367e-06
aco_current,5,8225,86,16,4,0.0,0.0,0.0,0.0,0.20313307642936707,False,False,0.0,0.0,0.0,[],0.0,0.0,0,0.0,0,2.625000007583367e-06
aco_current,5,8226,86,16,1,0.0,138.0,138.0,0.69,0.3780190050601959,False,False,0.0,138.0,0.0,[],0.0,0.0,0,0.0,0,4.29099999621485e-06
aco_current,5,8226,86,16,2,0.0,0.0,0.0,0.0,0.09907747060060501,False,False,0.0,0.0,0.0,[],0.0,0.0,0,0.0,0,4.29099999621485e-06
aco_current,5,8226,86,16,3,0.0,0.0,0.0,0.0,0.43936213850975037,False,False,0.0,0.0,0.0,[],0.0,0.0,0,0.0,0,4.29099999621485e-06
aco_current,5,8226,86,16,4,0.0,0.0,0.0,0.0,0.20313307642936707,False,False,0.0,0.0,0.0,[],0.0,0.0,0,0.0,0,4.29099999621485e-06
aco_current,5,8227,86,16,1,0.0,138.0,138.0,0.69,0.3780190050601959,False,False,0.0,138.0,0.0,[],0.0,0.0,0,0.0,0,3.1670000026906564e-06
aco_current,5,8227,86,16,2,0.0,0.0,0.0,0.0,0.09907747060060501,False,False,0.0,0.0,0.0,[],0.0,0.0,0,0.0,0,3.1670000026906564e-06
aco_current,5,8227,86,16,3,0.0,0.0,0.0,0.0,0.43936213850975037,False,False,0.0,0.0,0.0,[],0.0,0.0,0,0.0,0,3.1670000026906564e-06
aco_current,5,8227,86,16,4,0.0,0.0,0.0,0.0,0.20313307642936707,False,False,0.0,0.0,0.0,[],0.0,0.0,0,0.0,0,3.1670000026906564e-06
aco_current,5,8228,86,17,1,0.0,138.0,138.0,0.69,0.3780190050601959,False,False,0.0,138.0,0.0,[],0.0,0.0,0,0.0,0,4.833000005532995e-06
aco_current,5,8228,86,17,2,0.0,0.0,0.0,0.0,0.09907747060060501,False,False,0.0,0.0,0.0,[],0.0,0.0,0,0.0,0,4.833000005532995e-06
aco_current,5,8228,86,17,3,0.0,0.0,0.0,0.0,0.43936213850975037,False,False,0.0,0.0,0.0,[],0.0,0.0,0,0.0,0,4.833000005532995e-06
aco_current,5,8228,86,17,4,0.0,0.0,0.0,0.0,0.20313307642936707,False,False,0.0,0.0,0.0,[],0.0,0.0,0,0.0,0,4.833000005532995e-06
aco_current,5,8229,86,17,1,0.0,138.0,138.0,0.69,0.3780190050601959,False,False,0.0,138.0,0.0,[],0.0,0.0,0,0.0,0,3.332999995109276e-06
aco_current,5,8229,86,17,2,0.0,0.0,0.0,0.0,0.09907747060060501,False,False,0.0,0.0,0.0,[],0.0,0.0,0,0.0,0,3.332999995109276e-06
aco_current,5,8229,86,17,3,0.0,0.0,0.0,0.0,0.43936213850975037,False,False,0.0,0.0,0.0,[],0.0,0.0,0,0.0,0,3.332999995109276e-06
aco_current,5,8229,86,17,4,0.0,0.0,0.0,0.0,0.20313307642936707,False,False,0.0,0.0,0.0,[],0.0,0.0,0,0.0,0,3.332999995109276e-06
aco_current,5,8230,86,17,1,0.0,138.0,138.0,0.69,0.3780190050601959,False,False,0.0,138.0,0.0,[],0.0,0.0,0,0.0,0,3.458000009004536e-06
aco_current,5,8230,86,17,2,0.0,0.0,0.0,0.0,0.09907747060060501,False,False,0.0,0.0,0.0,[],0.0,0.0,0,0.0,0,3.458000009004536e-06
aco_current,5,8230,86,17,3,0.0,0.0,0.0,0.0,0.43936213850975037,False,False,0.0,0.0,0.0,[],0.0,0.0,0,0.0,0,3.458000009004536e-06
aco_current,5,8230,86,17,4,0.0,0.0,0.0,0.0,0.20313307642936707,False,False,0.0,0.0,0.0,[],0.0,0.0,0,0.0,0,3.458000009004536e-06
aco_current,5,8231,86,17,1,0.0,138.0,138.0,0.69,0.3780190050601959,False,False,0.0,138.0,0.0,[],0.0,0.0,0,0.0,0,4.250000003480636e-06
aco_current,5,8231,86,17,2,0.0,0.0,0.0,0.0,0.09907747060060501,False,False,0.0,0.0,0.0,[],0.0,0.0,0,0.0,0,4.250000003480636e-06
aco_current,5,8231,86,17,3,0.0,0.0,0.0,0.0,0.43936213850975037,False,False,0.0,0.0,0.0,[],0.0,0.0,0,0.0,0,4.250000003480636e-06
aco_current,5,8231,86,17,4,0.0,0.0,0.0,0.0,0.20313307642936707,False,False,0.0,0.0,0.0,[],0.0,0.0,0,0.0,0,4.250000003480636e-06
aco_current,5,8232,86,18,1,0.0,138.0,138.0,0.69,0.3780190050601959,False,False,0.0,138.0,0.0,[],0.0,0.0,0,0.0,0,3.125000006320988e-06
aco_current,5,8232,86,18,2,0.0,0.0,0.0,0.0,0.09907747060060501,False,False,0.0,0.0,0.0,[],0.0,0.0,0,0.0,0,3.125000006320988e-06
aco_current,5,8232,86,18,3,0.0,0.0,0.0,0.0,0.43936213850975037,False,False,0.0,0.0,0.0,[],0.0,0.0,0,0.0,0,3.125000006320988e-06
aco_current,5,8232,86,18,4,0.0,0.0,0.0,0.0,0.20313307642936707,False,False,0.0,0.0,0.0,[],0.0,0.0,0,0.0,0,3.125000006320988e-06
aco_current,5,8233,86,18,1,0.0,138.0,138.0,0.69,0.3780190050601959,False,False,0.0,138.0,0.0,[],0.0,0.0,0,0.0,0,3.1249999921101335e-06
aco_current,5,8233,86,18,2,0.0,0.0,0.0,0.0,0.09907747060060501,False,False,0.0,0.0,0.0,[],0.0,0.0,0,0.0,0,3.1249999921101335e-06
aco_current,5,8233,86,18,3,0.0,0.0,0.0,0.0,0.43936213850975037,False,False,0.0,0.0,0.0,[],0.0,0.0,0,0.0,0,3.1249999921101335e-06
aco_current,5,8233,86,18,4,0.0,0.0,0.0,0.0,0.20313307642936707,False,False,0.0,0.0,0.0,[],0.0,0.0,0,0.0,0,3.1249999921101335e-06
aco_current,5,8234,86,18,1,0.0,138.0,138.0,0.69,0.3780190050601959,False,False,0.0,138.0,0.0,[],0.0,0.0,0,0.0,0,5.458999993379621e-06
aco_current,5,8234,86,18,2,0.0,0.0,0.0,0.0,0.09907747060060501,False,False,0.0,0.0,0.0,[],0.0,0.0,0,0.0,0,5.458999993379621e-06
aco_current,5,8234,86,18,3,0.0,0.0,0.0,0.0,0.43936213850975037,False,False,0.0,0.0,0.0,[],0.0,0.0,0,0.0,0,5.458999993379621e-06
aco_current,5,8234,86,18,4,0.0,0.0,0.0,0.0,0.20313307642936707,False,False,0.0,0.0,0.0,[],0.0,0.0,0,0.0,0,5.458999993379621e-06
aco_current,5,8235,86,18,1,0.0,138.0,138.0,0.69,0.3780190050601959,False,False,0.0,138.0,0.0,[],0.0,0.0,0,0.0,0,3.915999997161634e-06
aco_current,5,8235,86,18,2,0.0,0.0,0.0,0.0,0.09907747060060501,False,False,0.0,0.0,0.0,[],0.0,0.0,0,0.0,0,3.915999997161634e-06
aco_current,5,8235,86,18,3,0.0,0.0,0.0,0.0,0.43936213850975037,False,False,0.0,0.0,0.0,[],0.0,0.0,0,0.0,0,3.915999997161634e-06
aco_current,5,8235,86,18,4,0.0,0.0,0.0,0.0,0.20313307642936707,False,False,0.0,0.0,0.0,[],0.0,0.0,0,0.0,0,3.915999997161634e-06
aco_current,5,8236,86,19,1,0.0,138.0,138.0,0.69,0.3780190050601959,False,False,0.0,138.0,0.0,[],0.0,0.0,0,0.0,0,4.125000003796231e-06
aco_current,5,8236,86,19,2,0.0,0.0,0.0,0.0,0.09907747060060501,False,False,0.0,0.0,0.0,[],0.0,0.0,0,0.0,0,4.125000003796231e-06
aco_current,5,8236,86,19,3,0.0,0.0,0.0,0.0,0.43936213850975037,False,False,0.0,0.0,0.0,[],0.0,0.0,0,0.0,0,4.125000003796231e-06
aco_current,5,8236,86,19,4,0.0,0.0,0.0,0.0,0.20313307642936707,False,False,0.0,0.0,0.0,[],0.0,0.0,0,0.0,0,4.125000003796231e-06
aco_current,5,8237,86,19,1,0.0,138.0,138.0,0.69,0.3780190050601959,False,False,0.0,138.0,0.0,[],0.0,0.0,0,0.0,0,3.2909999987396077e-06
aco_current,5,8237,86,19,2,0.0,0.0,0.0,0.0,0.09907747060060501,False,False,0.0,0.0,0.0,[],0.0,0.0,0,0.0,0,3.2909999987396077e-06
aco_current,5,8237,86,19,3,0.0,0.0,0.0,0.0,0.43936213850975037,False,False,0.0,0.0,0.0,[],0.0,0.0,0,0.0,0,3.2909999987396077e-06
aco_current,5,8237,86,19,4,0.0,0.0,0.0,0.0,0.20313307642936707,False,False,0.0,0.0,0.0,[],0.0,0.0,0,0.0,0,3.2909999987396077e-06
aco_current,5,8238,86,19,1,0.0,138.0,138.0,0.69,0.3780190050601959,False,False,0.0,138.0,0.0,[],0.0,0.0,0,0.0,0,3.6670000014282778e-06
aco_current,5,8238,86,19,2,0.0,0.0,0.0,0.0,0.09907747060060501,False,False,0.0,0.0,0.0,[],0.0,0.0,0,0.0,0,3.6670000014282778e-06
aco_current,5,8238,86,19,3,0.0,0.0,0.0,0.0,0.43936213850975037,False,False,0.0,0.0,0.0,[],0.0,0.0,0,0.0,0,3.6670000014282778e-06
aco_current,5,8238,86,19,4,0.0,0.0,0.0,0.0,0.20313307642936707,False,False,0.0,0.0,0.0,[],0.0,0.0,0,0.0,0,3.6670000014282778e-06
aco_current,5,8239,86,19,1,0.0,138.0,138.0,0.69,0.3780190050601959,False,False,0.0,138.0,0.0,[],0.0,0.0,0,0.0,0,3.74999999053216e-06
aco_current,5,8239,86,19,2,0.0,0.0,0.0,0.0,0.09907747060060501,False,False,0.0,0.0,0.0,[],0.0,0.0,0,0.0,0,3.74999999053216e-06
aco_current,5,8239,86,19,3,0.0,0.0,0.0,0.0,0.43936213850975037,False,False,0.0,0.0,0.0,[],0.0,0.0,0,0.0,0,3.74999999053216e-06
aco_current,5,8239,86,19,4,0.0,0.0,0.0,0.0,0.20313307642936707,False,False,0.0,0.0,0.0,[],0.0,0.0,0,0.0,0,3.74999999053216e-06
aco_current,5,8240,86,20,1,0.0,138.0,138.0,0.69,0.3780190050601959,False,False,0.0,138.0,0.0,[],0.0,0.0,0,0.0,0,4.291000010425705e-06
aco_current,5,8240,86,20,2,0.0,0.0,0.0,0.0,0.09907747060060501,False,False,0.0,0.0,0.0,[],0.0,0.0,0,0.0,0,4.291000010425705e-06
aco_current,5,8240,86,20,3,0.0,0.0,0.0,0.0,0.43936213850975037,False,False,0.0,0.0,0.0,[],0.0,0.0,0,0.0,0,4.291000010425705e-06
aco_current,5,8240,86,20,4,0.0,0.0,0.0,0.0,0.20313307642936707,False,False,0.0,0.0,0.0,[],0.0,0.0,0,0.0,0,4.291000010425705e-06
aco_current,5,8241,86,20,1,0.0,138.0,138.0,0.69,0.3780190050601959,False,False,0.0,138.0,0.0,[],0.0,0.0,0,0.0,0,3.707999994162492e-06
aco_current,5,8241,86,20,2,0.0,0.0,0.0,0.0,0.09907747060060501,False,False,0.0,0.0,0.0,[],0.0,0.0,0,0.0,0,3.707999994162492e-06
aco_current,5,8241,86,20,3,0.0,0.0,0.0,0.0,0.43936213850975037,False,False,0.0,0.0,0.0,[],0.0,0.0,0,0.0,0,3.707999994162492e-06
aco_current,5,8241,86,20,4,0.0,0.0,0.0,0.0,0.20313307642936707,False,False,0.0,0.0,0.0,[],0.0,0.0,0,0.0,0,3.707999994162492e-06
aco_current,5,8242,86,20,1,0.0,138.0,138.0,0.69,0.3780190050601959,False,False,0.0,138.0,0.0,[],0.0,0.0,0,0.0,0,2.95799999605606e-06
aco_current,5,8242,86,20,2,0.0,0.0,0.0,0.0,0.09907747060060501,False,False,0.0,0.0,0.0,[],0.0,0.0,0,0.0,0,2.95799999605606e-06
aco_current,5,8242,86,20,3,0.0,0.0,0.0,0.0,0.43936213850975037,False,False,0.0,0.0,0.0,[],0.0,0.0,0,0.0,0,2.95799999605606e-06
aco_current,5,8242,86,20,4,0.0,0.0,0.0,0.0,0.20313307642936707,False,False,0.0,0.0,0.0,[],0.0,0.0,0,0.0,0,2.95799999605606e-06
aco_current,5,8243,86,20,1,0.0,138.0,138.0,0.69,0.3780190050601959,False,False,0.0,138.0,0.0,[],0.0,0.0,0,0.0,0,4.042000000481494e-06
aco_current,5,8243,86,20,2,0.0,0.0,0.0,0.0,0.09907747060060501,False,False,0.0,0.0,0.0,[],0.0,0.0,0,0.0,0,4.042000000481494e-06
aco_current,5,8243,86,20,3,0.0,0.0,0.0,0.0,0.43936213850975037,False,False,0.0,0.0,0.0,[],0.0,0.0,0,0.0,0,4.042000000481494e-06
aco_current,5,8243,86,20,4,0.0,0.0,0.0,0.0,0.20313307642936707,False,False,0.0,0.0,0.0,[],0.0,0.0,0,0.0,0,4.042000000481494e-06
aco_current,5,8244,86,21,1,0.0,138.0,138.0,0.69,0.3780190050601959,False,False,0.0,138.0,0.0,[],0.0,0.0,0,0.0,0,6.874999996853148e-06
aco_current,5,8244,86,21,2,0.0,0.0,0.0,0.0,0.09907747060060501,False,False,0.0,0.0,0.0,[],0.0,0.0,0,0.0,0,6.874999996853148e-06
aco_current,5,8244,86,21,3,0.0,0.0,0.0,0.0,0.43936213850975037,False,False,0.0,0.0,0.0,[],0.0,0.0,0,0.0,0,6.874999996853148e-06
aco_current,5,8244,86,21,4,0.0,0.0,0.0,0.0,0.20313307642936707,False,False,0.0,0.0,0.0,[],0.0,0.0,0,0.0,0,6.874999996853148e-06
aco_current,5,8245,86,21,1,0.0,138.0,138.0,0.69,0.3780190050601959,False,False,0.0,138.0,0.0,[],0.0,0.0,0,0.0,0,3.249999991794539e-06
aco_current,5,8245,86,21,2,0.0,0.0,0.0,0.0,0.09907747060060501,False,False,0.0,0.0,0.0,[],0.0,0.0,0,0.0,0,3.249999991794539e-06
aco_current,5,8245,86,21,3,0.0,0.0,0.0,0.0,0.43936213850975037,False,False,0.0,0.0,0.0,[],0.0,0.0,0,0.0,0,3.249999991794539e-06
aco_current,5,8245,86,21,4,0.0,0.0,0.0,0.0,0.20313307642936707,False,False,0.0,0.0,0.0,[],0.0,0.0,0,0.0,0,3.249999991794539e-06
aco_current,5,8246,86,21,1,0.0,138.0,138.0,0.69,0.3780190050601959,False,False,0.0,138.0,0.0,[],0.0,0.0,0,0.0,0,3.74999999053216e-06
aco_current,5,8246,86,21,2,0.0,0.0,0.0,0.0,0.09907747060060501,False,False,0.0,0.0,0.0,[],0.0,0.0,0,0.0,0,3.74999999053216e-06
aco_current,5,8246,86,21,3,0.0,0.0,0.0,0.0,0.43936213850975037,False,False,0.0,0.0,0.0,[],0.0,0.0,0,0.0,0,3.74999999053216e-06
aco_current,5,8246,86,21,4,0.0,0.0,0.0,0.0,0.20313307642936707,False,False,0.0,0.0,0.0,[],0.0,0.0,0,0.0,0,3.74999999053216e-06
aco_current,5,8247,86,21,1,0.0,138.0,138.0,0.69,0.3780190050601959,False,False,0.0,138.0,0.0,[],0.0,0.0,0,0.0,0,4.625000002533852e-06
aco_current,5,8247,86,21,2,0.0,0.0,0.0,0.0,0.09907747060060501,False,False,0.0,0.0,0.0,[],0.0,0.0,0,0.0,0,4.625000002533852e-06
aco_current,5,8247,86,21,3,0.0,0.0,0.0,0.0,0.43936213850975037,False,False,0.0,0.0,0.0,[],0.0,0.0,0,0.0,0,4.625000002533852e-06
aco_current,5,8247,86,21,4,0.0,0.0,0.0,0.0,0.20313307642936707,False,False,0.0,0.0,0.0,[],0.0,0.0,0,0.0,0,4.625000002533852e-06
aco_current,5,8248,86,22,1,0.0,138.0,138.0,0.69,0.3780190050601959,False,False,0.0,138.0,0.0,[],0.0,0.0,0,0.0,0,4.042000000481494e-06
aco_current,5,8248,86,22,2,0.0,0.0,0.0,0.0,0.09907747060060501,False,False,0.0,0.0,0.0,[],0.0,0.0,0,0.0,0,4.042000000481494e-06
aco_current,5,8248,86,22,3,0.0,0.0,0.0,0.0,0.43936213850975037,False,False,0.0,0.0,0.0,[],0.0,0.0,0,0.0,0,4.042000000481494e-06
aco_current,5,8248,86,22,4,0.0,0.0,0.0,0.0,0.20313307642936707,False,False,0.0,0.0,0.0,[],0.0,0.0,0,0.0,0,4.042000000481494e-06
aco_current,5,8249,86,22,1,0.0,138.0,138.0,0.69,0.3780190050601959,False,False,0.0,138.0,0.0,[],0.0,0.0,0,0.0,0,3.08300000995132e-06
aco_current,5,8249,86,22,2,0.0,0.0,0.0,0.0,0.09907747060060501,False,False,0.0,0.0,0.0,[],0.0,0.0,0,0.0,0,3.08300000995132e-06
aco_current,5,8249,86,22,3,0.0,0.0,0.0,0.0,0.43936213850975037,False,False,0.0,0.0,0.0,[],0.0,0.0,0,0.0,0,3.08300000995132e-06
aco_current,5,8249,86,22,4,0.0,0.0,0.0,0.0,0.20313307642936707,False,False,0.0,0.0,0.0,[],0.0,0.0,0,0.0,0,3.08300000995132e-06
aco_current,5,8250,86,22,1,0.0,138.0,138.0,0.69,0.3780190050601959,False,False,0.0,138.0,0.0,[],0.0,0.0,0,0.0,0,6.874999996853148e-06
aco_current,5,8250,86,22,2,0.0,0.0,0.0,0.0,0.09907747060060501,False,False,0.0,0.0,0.0,[],0.0,0.0,0,0.0,0,6.874999996853148e-06
aco_current,5,8250,86,22,3,0.0,0.0,0.0,0.0,0.43936213850975037,False,False,0.0,0.0,0.0,[],0.0,0.0,0,0.0,0,6.874999996853148e-06
aco_current,5,8250,86,22,4,0.0,0.0,0.0,0.0,0.20313307642936707,False,False,0.0,0.0,0.0,[],0.0,0.0,0,0.0,0,6.874999996853148e-06
aco_current,5,8251,86,22,1,0.0,138.0,138.0,0.69,0.3780190050601959,False,False,0.0,138.0,0.0,[],0.0,0.0,0,0.0,0,3.4579999947936813e-06
aco_current,5,8251,86,22,2,0.0,0.0,0.0,0.0,0.09907747060060501,False,False,0.0,0.0,0.0,[],0.0,0.0,0,0.0,0,3.4579999947936813e-06
aco_current,5,8251,86,22,3,0.0,0.0,0.0,0.0,0.43936213850975037,False,False,0.0,0.0,0.0,[],0.0,0.0,0,0.0,0,3.4579999947936813e-06
aco_current,5,8251,86,22,4,0.0,0.0,0.0,0.0,0.20313307642936707,False,False,0.0,0.0,0.0,[],0.0,0.0,0,0.0,0,3.4579999947936813e-06
aco_current,5,8252,86,23,1,0.0,138.0,138.0,0.69,0.3780190050601959,False,False,0.0,138.0,0.0,[],0.0,0.0,0,0.0,0,2.3340000012694873e-06
aco_current,5,8252,86,23,2,0.0,0.0,0.0,0.0,0.09907747060060501,False,False,0.0,0.0,0.0,[],0.0,0.0,0,0.0,0,2.3340000012694873e-06
aco_current,5,8252,86,23,3,0.0,0.0,0.0,0.0,0.43936213850975037,False,False,0.0,0.0,0.0,[],0.0,0.0,0,0.0,0,2.3340000012694873e-06
aco_current,5,8252,86,23,4,0.0,0.0,0.0,0.0,0.20313307642936707,False,False,0.0,0.0,0.0,[],0.0,0.0,0,0.0,0,2.3340000012694873e-06
aco_current,5,8253,86,23,1,0.0,138.0,138.0,0.69,0.3780190050601959,False,False,0.0,138.0,0.0,[],0.0,0.0,0,0.0,0,6.083000002377048e-06
aco_current,5,8253,86,23,2,0.0,0.0,0.0,0.0,0.09907747060060501,False,False,0.0,0.0,0.0,[],0.0,0.0,0,0.0,0,6.083000002377048e-06
aco_current,5,8253,86,23,3,0.0,0.0,0.0,0.0,0.43936213850975037,False,False,0.0,0.0,0.0,[],0.0,0.0,0,0.0,0,6.083000002377048e-06
aco_current,5,8253,86,23,4,0.0,0.0,0.0,0.0,0.20313307642936707,False,False,0.0,0.0,0.0,[],0.0,0.0,0,0.0,0,6.083000002377048e-06
aco_current,5,8254,86,23,1,0.0,138.0,138.0,0.69,0.3780190050601959,False,False,0.0,138.0,0.0,[],0.0,0.0,0,0.0,0,5.584000007274881e-06
aco_current,5,8254,86,23,2,0.0,0.0,0.0,0.0,0.09907747060060501,False,False,0.0,0.0,0.0,[],0.0,0.0,0,0.0,0,5.584000007274881e-06
aco_current,5,8254,86,23,3,0.0,0.0,0.0,0.0,0.43936213850975037,False,False,0.0,0.0,0.0,[],0.0,0.0,0,0.0,0,5.584000007274881e-06
aco_current,5,8254,86,23,4,0.0,0.0,0.0,0.0,0.20313307642936707,False,False,0.0,0.0,0.0,[],0.0,0.0,0,0.0,0,5.584000007274881e-06
aco_current,5,8255,86,23,1,0.0,138.0,138.0,0.69,0.3780190050601959,False,False,0.0,138.0,0.0,[],0.0,0.0,0,0.0,0,4.083000007426563e-06
aco_current,5,8255,86,23,2,0.0,0.0,0.0,0.0,0.09907747060060501,False,False,0.0,0.0,0.0,[],0.0,0.0,0,0.0,0,4.083000007426563e-06
aco_current,5,8255,86,23,3,0.0,0.0,0.0,0.0,0.43936213850975037,False,False,0.0,0.0,0.0,[],0.0,0.0,0,0.0,0,4.083000007426563e-06
aco_current,5,8255,86,23,4,0.0,0.0,0.0,0.0,0.20313307642936707,False,False,0.0,0.0,0.0,[],0.0,0.0,0,0.0,0,4.083000007426563e-06
aco_current,5,8256,87,0,1,30.0,138.0,168.0,0.84,0.9999995827674866,True,True,30.0,138.0,0.0,[1],10.0,10.0,1,10.0,0,0.010957833999995614
aco_current,5,8256,87,0,2,0.0,0.0,0.0,0.0,0.09907747060060501,False,False,0.0,0.0,0.0,[],10.0,10.0,1,10.0,0,0.010957833999995614
aco_current,5,8256,87,0,3,0.0,0.0,0.0,0.0,0.43936213850975037,False,False,0.0,0.0,0.0,[],10.0,10.0,1,10.0,0,0.010957833999995614
aco_current,5,8256,87,0,4,0.0,0.0,0.0,0.0,0.20313307642936707,False,False,0.0,0.0,0.0,[],10.0,10.0,1,10.0,0,0.010957833999995614
aco_current,5,8257,87,0,1,61.0,138.0,199.0,0.995,1.0,True,True,30.0,169.0,0.0,[1],10.0,10.0,1,10.0,0,0.010752332999999226
aco_current,5,8257,87,0,2,0.0,0.0,0.0,0.0,0.09907747060060501,False,False,0.0,0.0,0.0,[],10.0,10.0,1,10.0,0,0.010752332999999226
aco_current,5,8257,87,0,3,0.0,0.0,0.0,0.0,0.43936213850975037,False,False,0.0,0.0,0.0,[],10.0,10.0,1,10.0,0,0.010752332999999226
aco_current,5,8257,87,0,4,0.0,0.0,0.0,0.0,0.20313307642936707,False,False,0.0,0.0,0.0,[],10.0,10.0,1,10.0,0,0.010752332999999226
aco_current,5,8258,87,0,1,87.0,169.0,256.0,1.28,1.0,True,True,30.0,200.0,26.0,[1],10.0,10.0,1,10.0,0,0.01068416700000796
aco_current,5,8258,87,0,2,0.0,0.0,0.0,0.0,0.09907747060060501,False,False,0.0,0.0,0.0,[],10.0,10.0,1,10.0,0,0.01068416700000796
aco_current,5,8258,87,0,3,0.0,0.0,0.0,0.0,0.43936213850975037,False,False,0.0,0.0,0.0,[],10.0,10.0,1,10.0,0,0.01068416700000796
aco_current,5,8258,87,0,4,0.0,0.0,0.0,0.0,0.20313307642936707,False,False,0.0,0.0,0.0,[],10.0,10.0,1,10.0,0,0.01068416700000796
aco_current,5,8259,87,0,1,91.0,200.0,291.0,1.455,1.0,True,True,30.0,200.0,61.0,[1],10.0,10.0,1,10.0,0,0.010401458000004027
aco_current,5,8259,87,0,2,0.0,0.0,0.0,0.0,0.09907747060060501,False,False,0.0,0.0,0.0,[],10.0,10.0,1,10.0,0,0.010401458000004027
aco_current,5,8259,87,0,3,0.0,0.0,0.0,0.0,0.43936213850975037,False,False,0.0,0.0,0.0,[],10.0,10.0,1,10.0,0,0.010401458000004027
aco_current,5,8259,87,0,4,0.0,0.0,0.0,0.0,0.20313307642936707,False,False,0.0,0.0,0.0,[],10.0,10.0,1,10.0,0,0.010401458000004027
aco_current,5,8260,87,1,1,96.0,200.0,296.0,1.48,1.0,True,True,30.0,200.0,66.0,[1],10.0,10.0,1,10.0,0,0.01028770799999279
aco_current,5,8260,87,1,2,0.0,0.0,0.0,0.0,0.09907747060060501,False,False,0.0,0.0,0.0,[],10.0,10.0,1,10.0,0,0.01028770799999279
aco_current,5,8260,87,1,3,0.0,0.0,0.0,0.0,0.43936213850975037,False,False,0.0,0.0,0.0,[],10.0,10.0,1,10.0,0,0.01028770799999279
aco_current,5,8260,87,1,4,0.0,0.0,0.0,0.0,0.20313307642936707,False,False,0.0,0.0,0.0,[],10.0,10.0,1,10.0,0,0.01028770799999279
aco_current,5,8261,87,1,1,92.0,200.0,292.0,1.46,1.0,True,True,30.0,200.0,62.0,[1],10.0,10.0,1,10.0,0,0.010548834000005058
aco_current,5,8261,87,1,2,0.0,0.0,0.0,0.0,0.09907747060060501,False,False,0.0,0.0,0.0,[],10.0,10.0,1,10.0,0,0.010548834000005058
aco_current,5,8261,87,1,3,0.0,0.0,0.0,0.0,0.43936213850975037,False,False,0.0,0.0,0.0,[],10.0,10.0,1,10.0,0,0.010548834000005058
aco_current,5,8261,87,1,4,0.0,0.0,0.0,0.0,0.20313307642936707,False,False,0.0,0.0,0.0,[],10.0,10.0,1,10.0,0,0.010548834000005058
aco_current,5,8262,87,1,1,98.0,200.0,298.0,1.49,1.0,True,True,30.0,200.0,68.0,[1],10.0,10.0,1,10.0,0,0.009944208999996818
aco_current,5,8262,87,1,2,0.0,0.0,0.0,0.0,0.09907747060060501,False,False,0.0,0.0,0.0,[],10.0,10.0,1,10.0,0,0.009944208999996818
aco_current,5,8262,87,1,3,0.0,0.0,0.0,0.0,0.43936213850975037,False,False,0.0,0.0,0.0,[],10.0,10.0,1,10.0,0,0.009944208999996818
aco_current,5,8262,87,1,4,0.0,0.0,0.0,0.0,0.20313307642936707,False,False,0.0,0.0,0.0,[],10.0,10.0,1,10.0,0,0.009944208999996818
aco_current,5,8263,87,1,1,93.0,200.0,293.0,1.465,1.0,True,True,30.0,200.0,63.0,[1],10.0,10.0,1,10.0,0,0.010029666999997744
aco_current,5,8263,87,1,2,0.0,0.0,0.0,0.0,0.09907747060060501,False,False,0.0,0.0,0.0,[],10.0,10.0,1,10.0,0,0.010029666999997744
aco_current,5,8263,87,1,3,0.0,0.0,0.0,0.0,0.43936213850975037,False,False,0.0,0.0,0.0,[],10.0,10.0,1,10.0,0,0.010029666999997744
aco_current,5,8263,87,1,4,0.0,0.0,0.0,0.0,0.20313307642936707,False,False,0.0,0.0,0.0,[],10.0,10.0,1,10.0,0,0.010029666999997744
aco_current,5,8264,87,2,1,95.0,200.0,295.0,1.475,1.0,True,True,30.0,200.0,65.0,[1],10.0,10.0,1,10.0,0,0.010406290999995349
aco_current,5,8264,87,2,2,0.0,0.0,0.0,0.0,0.09907747060060501,False,False,0.0,0.0,0.0,[],10.0,10.0,1,10.0,0,0.010406290999995349
aco_current,5,8264,87,2,3,0.0,0.0,0.0,0.0,0.43936213850975037,False,False,0.0,0.0,0.0,[],10.0,10.0,1,10.0,0,0.010406290999995349
aco_current,5,8264,87,2,4,0.0,0.0,0.0,0.0,0.20313307642936707,False,False,0.0,0.0,0.0,[],10.0,10.0,1,10.0,0,0.010406290999995349
aco_current,5,8265,87,2,1,99.0,200.0,299.0,1.495,1.0,True,True,30.0,200.0,69.0,[1],10.0,10.0,1,10.0,0,0.009884166999995614
aco_current,5,8265,87,2,2,0.0,0.0,0.0,0.0,0.09907747060060501,False,False,0.0,0.0,0.0,[],10.0,10.0,1,10.0,0,0.009884166999995614
aco_current,5,8265,87,2,3,0.0,0.0,0.0,0.0,0.43936213850975037,False,False,0.0,0.0,0.0,[],10.0,10.0,1,10.0,0,0.009884166999995614
aco_current,5,8265,87,2,4,0.0,0.0,0.0,0.0,0.20313307642936707,False,False,0.0,0.0,0.0,[],10.0,10.0,1,10.0,0,0.009884166999995614
aco_current,5,8266,87,2,1,99.0,200.0,299.0,1.495,1.0,True,True,30.0,200.0,69.0,[1],10.0,10.0,1,10.0,0,0.009734583000010844
aco_current,5,8266,87,2,2,0.0,0.0,0.0,0.0,0.09907747060060501,False,False,0.0,0.0,0.0,[],10.0,10.0,1,10.0,0,0.009734583000010844
aco_current,5,8266,87,2,3,0.0,0.0,0.0,0.0,0.43936213850975037,False,False,0.0,0.0,0.0,[],10.0,10.0,1,10.0,0,0.009734583000010844
aco_current,5,8266,87,2,4,0.0,0.0,0.0,0.0,0.20313307642936707,False,False,0.0,0.0,0.0,[],10.0,10.0,1,10.0,0,0.009734583000010844
aco_current,5,8267,87,2,1,97.0,200.0,297.0,1.485,1.0,True,True,30.0,200.0,67.0,[1],10.0,10.0,1,10.0,0,0.010071584000002076
aco_current,5,8267,87,2,2,0.0,0.0,0.0,0.0,0.09907747060060501,False,False,0.0,0.0,0.0,[],10.0,10.0,1,10.0,0,0.010071584000002076
aco_current,5,8267,87,2,3,0.0,0.0,0.0,0.0,0.43936213850975037,False,False,0.0,0.0,0.0,[],10.0,10.0,1,10.0,0,0.010071584000002076
aco_current,5,8267,87,2,4,0.0,0.0,0.0,0.0,0.20313307642936707,False,False,0.0,0.0,0.0,[],10.0,10.0,1,10.0,0,0.010071584000002076
aco_current,5,8268,87,3,1,97.0,200.0,297.0,1.485,1.0,True,True,30.0,200.0,67.0,[1],10.0,10.0,1,10.0,0,0.01099008299999582
aco_current,5,8268,87,3,2,0.0,0.0,0.0,0.0,0.09907747060060501,False,False,0.0,0.0,0.0,[],10.0,10.0,1,10.0,0,0.01099008299999582
aco_current,5,8268,87,3,3,0.0,0.0,0.0,0.0,0.43936213850975037,False,False,0.0,0.0,0.0,[],10.0,10.0,1,10.0,0,0.01099008299999582
aco_current,5,8268,87,3,4,0.0,0.0,0.0,0.0,0.20313307642936707,False,False,0.0,0.0,0.0,[],10.0,10.0,1,10.0,0,0.01099008299999582
aco_current,5,8269,87,3,1,99.0,200.0,299.0,1.495,1.0,True,True,30.0,200.0,69.0,[1],10.0,10.0,1,10.0,0,0.010393958999998176
aco_current,5,8269,87,3,2,0.0,0.0,0.0,0.0,0.09907747060060501,False,False,0.0,0.0,0.0,[],10.0,10.0,1,10.0,0,0.010393958999998176
aco_current,5,8269,87,3,3,0.0,0.0,0.0,0.0,0.43936213850975037,False,False,0.0,0.0,0.0,[],10.0,10.0,1,10.0,0,0.010393958999998176
aco_current,5,8269,87,3,4,0.0,0.0,0.0,0.0,0.20313307642936707,False,False,0.0,0.0,0.0,[],10.0,10.0,1,10.0,0,0.010393958999998176
aco_current,5,8270,87,3,1,97.0,200.0,297.0,1.485,1.0,True,True,30.0,200.0,67.0,[1],10.0,10.0,1,10.0,0,0.009891542000005416
aco_current,5,8270,87,3,2,0.0,0.0,0.0,0.0,0.09907747060060501,False,False,0.0,0.0,0.0,[],10.0,10.0,1,10.0,0,0.009891542000005416
aco_current,5,8270,87,3,3,0.0,0.0,0.0,0.0,0.43936213850975037,False,False,0.0,0.0,0.0,[],10.0,10.0,1,10.0,0,0.009891542000005416
aco_current,5,8270,87,3,4,0.0,0.0,0.0,0.0,0.20313307642936707,False,False,0.0,0.0,0.0,[],10.0,10.0,1,10.0,0,0.009891542000005416
aco_current,5,8271,87,3,1,90.0,200.0,290.0,1.45,1.0,True,True,30.0,200.0,60.0,[1],10.0,10.0,1,10.0,0,0.009834249999997269
aco_current,5,8271,87,3,2,0.0,0.0,0.0,0.0,0.09907747060060501,False,False,0.0,0.0,0.0,[],10.0,10.0,1,10.0,0,0.009834249999997269
aco_current,5,8271,87,3,3,0.0,0.0,0.0,0.0,0.43936213850975037,False,False,0.0,0.0,0.0,[],10.0,10.0,1,10.0,0,0.009834249999997269
aco_current,5,8271,87,3,4,0.0,0.0,0.0,0.0,0.20313307642936707,False,False,0.0,0.0,0.0,[],10.0,10.0,1,10.0,0,0.009834249999997269
aco_current,5,8272,87,4,1,82.0,200.0,282.0,1.41,1.0,True,True,30.0,200.0,52.0,[1],10.0,10.0,1,10.0,0,0.010818333000003122
aco_current,5,8272,87,4,2,0.0,0.0,0.0,0.0,0.09907747060060501,False,False,0.0,0.0,0.0,[],10.0,10.0,1,10.0,0,0.010818333000003122
aco_current,5,8272,87,4,3,0.0,0.0,0.0,0.0,0.43936213850975037,False,False,0.0,0.0,0.0,[],10.0,10.0,1,10.0,0,0.010818333000003122
aco_current,5,8272,87,4,4,0.0,0.0,0.0,0.0,0.20313307642936707,False,False,0.0,0.0,0.0,[],10.0,10.0,1,10.0,0,0.010818333000003122
aco_current,5,8273,87,4,1,77.0,200.0,277.0,1.385,1.0,True,True,30.0,200.0,47.0,[1],10.0,10.0,1,10.0,0,0.009999917000001801
aco_current,5,8273,87,4,2,0.0,0.0,0.0,0.0,0.09907747060060501,False,False,0.0,0.0,0.0,[],10.0,10.0,1,10.0,0,0.009999917000001801
aco_current,5,8273,87,4,3,0.0,0.0,0.0,0.0,0.43936213850975037,False,False,0.0,0.0,0.0,[],10.0,10.0,1,10.0,0,0.009999917000001801
aco_current,5,8273,87,4,4,0.0,0.0,0.0,0.0,0.20313307642936707,False,False,0.0,0.0,0.0,[],10.0,10.0,1,10.0,0,0.009999917000001801
aco_current,5,8274,87,4,1,63.0,200.0,263.0,1.315,1.0,True,True,30.0,200.0,33.0,[1],10.0,10.0,1,10.0,0,0.009745750000007547
aco_current,5,8274,87,4,2,0.0,0.0,0.0,0.0,0.09907747060060501,False,False,0.0,0.0,0.0,[],10.0,10.0,1,10.0,0,0.009745750000007547
aco_current,5,8274,87,4,3,0.0,0.0,0.0,0.0,0.43936213850975037,False,False,0.0,0.0,0.0,[],10.0,10.0,1,10.0,0,0.009745750000007547
aco_current,5,8274,87,4,4,0.0,0.0,0.0,0.0,0.20313307642936707,False,False,0.0,0.0,0.0,[],10.0,10.0,1,10.0,0,0.009745750000007547
aco_current,5,8275,87,4,1,59.0,200.0,259.0,1.295,1.0,True,True,30.0,200.0,29.0,[1],10.0,10.0,1,10.0,0,0.010330709000001548
aco_current,5,8275,87,4,2,0.0,0.0,0.0,0.0,0.09907747060060501,False,False,0.0,0.0,0.0,[],10.0,10.0,1,10.0,0,0.010330709000001548
aco_current,5,8275,87,4,3,0.0,0.0,0.0,0.0,0.43936213850975037,False,False,0.0,0.0,0.0,[],10.0,10.0,1,10.0,0,0.010330709000001548
aco_current,5,8275,87,4,4,0.0,0.0,0.0,0.0,0.20313307642936707,False,False,0.0,0.0,0.0,[],10.0,10.0,1,10.0,0,0.010330709000001548
aco_current,5,8276,87,5,1,55.0,200.0,255.0,1.275,1.0,True,True,30.0,200.0,25.0,[1],10.0,10.0,1,10.0,0,0.010322084000009113
aco_current,5,8276,87,5,2,0.0,0.0,0.0,0.0,0.09907747060060501,False,False,0.0,0.0,0.0,[],10.0,10.0,1,10.0,0,0.010322084000009113
aco_current,5,8276,87,5,3,0.0,0.0,0.0,0.0,0.43936213850975037,False,False,0.0,0.0,0.0,[],10.0,10.0,1,10.0,0,0.010322084000009113
aco_current,5,8276,87,5,4,0.0,0.0,0.0,0.0,0.20313307642936707,False,False,0.0,0.0,0.0,[],10.0,10.0,1,10.0,0,0.010322084000009113
aco_current,5,8277,87,5,1,55.0,200.0,255.0,1.275,1.0,True,True,30.0,200.0,25.0,[1],10.0,10.0,1,10.0,0,0.0099489579999954
aco_current,5,8277,87,5,2,0.0,0.0,0.0,0.0,0.09907747060060501,False,False,0.0,0.0,0.0,[],10.0,10.0,1,10.0,0,0.0099489579999954
aco_current,5,8277,87,5,3,0.0,0.0,0.0,0.0,0.43936213850975037,False,False,0.0,0.0,0.0,[],10.0,10.0,1,10.0,0,0.0099489579999954
aco_current,5,8277,87,5,4,0.0,0.0,0.0,0.0,0.20313307642936707,False,False,0.0,0.0,0.0,[],10.0,10.0,1,10.0,0,0.0099489579999954
aco_current,5,8278,87,5,1,44.0,200.0,244.0,1.22,1.0,True,True,30.0,200.0,14.0,[1],10.0,10.0,1,10.0,0,0.009798291999999265
aco_current,5,8278,87,5,2,0.0,0.0,0.0,0.0,0.09907747060060501,False,False,0.0,0.0,0.0,[],10.0,10.0,1,10.0,0,0.009798291999999265
aco_current,5,8278,87,5,3,0.0,0.0,0.0,0.0,0.43936213850975037,False,False,0.0,0.0,0.0,[],10.0,10.0,1,10.0,0,0.009798291999999265
aco_current,5,8278,87,5,4,0.0,0.0,0.0,0.0,0.20313307642936707,False,False,0.0,0.0,0.0,[],10.0,10.0,1,10.0,0,0.009798291999999265
aco_current,5,8279,87,5,1,45.0,200.0,245.0,1.225,1.0,True,True,30.0,200.0,15.0,[1],10.0,10.0,1,10.0,0,0.009537332999997261
aco_current,5,8279,87,5,2,0.0,0.0,0.0,0.0,0.09907747060060501,False,False,0.0,0.0,0.0,[],10.0,10.0,1,10.0,0,0.009537332999997261
aco_current,5,8279,87,5,3,0.0,0.0,0.0,0.0,0.43936213850975037,False,False,0.0,0.0,0.0,[],10.0,10.0,1,10.0,0,0.009537332999997261
aco_current,5,8279,87,5,4,0.0,0.0,0.0,0.0,0.20313307642936707,False,False,0.0,0.0,0.0,[],10.0,10.0,1,10.0,0,0.009537332999997261
aco_current,5,8280,87,6,1,44.0,200.0,244.0,1.22,1.0,True,True,30.0,200.0,14.0,[1],10.0,10.0,1,10.0,0,0.009534999999999627
aco_current,5,8280,87,6,2,0.0,0.0,0.0,0.0,0.09907747060060501,False,False,0.0,0.0,0.0,[],10.0,10.0,1,10.0,0,0.009534999999999627
aco_current,5,8280,87,6,3,0.0,0.0,0.0,0.0,0.43936213850975037,False,False,0.0,0.0,0.0,[],10.0,10.0,1,10.0,0,0.009534999999999627
aco_current,5,8280,87,6,4,0.0,0.0,0.0,0.0,0.20313307642936707,False,False,0.0,0.0,0.0,[],10.0,10.0,1,10.0,0,0.009534999999999627
aco_current,5,8281,87,6,1,45.0,200.0,245.0,1.225,1.0,True,True,30.0,200.0,15.0,[1],10.0,10.0,1,10.0,0,0.009947582999998872
aco_current,5,8281,87,6,2,0.0,0.0,0.0,0.0,0.09907747060060501,False,False,0.0,0.0,0.0,[],10.0,10.0,1,10.0,0,0.009947582999998872
aco_current,5,8281,87,6,3,0.0,0.0,0.0,0.0,0.43936213850975037,False,False,0.0,0.0,0.0,[],10.0,10.0,1,10.0,0,0.009947582999998872
aco_current,5,8281,87,6,4,0.0,0.0,0.0,0.0,0.20313307642936707,False,False,0.0,0.0,0.0,[],10.0,10.0,1,10.0,0,0.009947582999998872
aco_current,5,8282,87,6,1,45.0,200.0,245.0,1.225,1.0,True,True,30.0,200.0,15.0,[1],10.0,10.0,1,10.0,0,0.010243207999991455
aco_current,5,8282,87,6,2,0.0,0.0,0.0,0.0,0.09907747060060501,False,False,0.0,0.0,0.0,[],10.0,10.0,1,10.0,0,0.010243207999991455
aco_current,5,8282,87,6,3,0.0,0.0,0.0,0.0,0.43936213850975037,False,False,0.0,0.0,0.0,[],10.0,10.0,1,10.0,0,0.010243207999991455
aco_current,5,8282,87,6,4,0.0,0.0,0.0,0.0,0.20313307642936707,False,False,0.0,0.0,0.0,[],10.0,10.0,1,10.0,0,0.010243207999991455
aco_current,5,8283,87,6,1,44.0,200.0,244.0,1.22,1.0,True,True,30.0,200.0,14.0,[1],10.0,10.0,1,10.0,0,0.010016290999999455
aco_current,5,8283,87,6,2,0.0,0.0,0.0,0.0,0.09907747060060501,False,False,0.0,0.0,0.0,[],10.0,10.0,1,10.0,0,0.010016290999999455
aco_current,5,8283,87,6,3,0.0,0.0,0.0,0.0,0.43936213850975037,False,False,0.0,0.0,0.0,[],10.0,10.0,1,10.0,0,0.010016290999999455
aco_current,5,8283,87,6,4,0.0,0.0,0.0,0.0,0.20313307642936707,False,False,0.0,0.0,0.0,[],10.0,10.0,1,10.0,0,0.010016290999999455
aco_current,5,8284,87,7,1,45.0,200.0,245.0,1.225,1.0,True,True,30.0,200.0,15.0,[1],10.0,10.0,1,10.0,0,0.010032042000005958
aco_current,5,8284,87,7,2,0.0,0.0,0.0,0.0,0.09907747060060501,False,False,0.0,0.0,0.0,[],10.0,10.0,1,10.0,0,0.010032042000005958
aco_current,5,8284,87,7,3,0.0,0.0,0.0,0.0,0.43936213850975037,False,False,0.0,0.0,0.0,[],10.0,10.0,1,10.0,0,0.010032042000005958
aco_current,5,8284,87,7,4,0.0,0.0,0.0,0.0,0.20313307642936707,False,False,0.0,0.0,0.0,[],10.0,10.0,1,10.0,0,0.010032042000005958
aco_current,5,8285,87,7,1,45.0,200.0,245.0,1.225,1.0,True,True,30.0,200.0,15.0,[1],10.0,10.0,1,10.0,0,0.010001416999998014
aco_current,5,8285,87,7,2,0.0,0.0,0.0,0.0,0.09907747060060501,False,False,0.0,0.0,0.0,[],10.0,10.0,1,10.0,0,0.010001416999998014
aco_current,5,8285,87,7,3,0.0,0.0,0.0,0.0,0.43936213850975037,False,False,0.0,0.0,0.0,[],10.0,10.0,1,10.0,0,0.010001416999998014
aco_current,5,8285,87,7,4,0.0,0.0,0.0,0.0,0.20313307642936707,False,False,0.0,0.0,0.0,[],10.0,10.0,1,10.0,0,0.010001416999998014
aco_current,5,8286,87,7,1,44.0,200.0,244.0,1.22,1.0,True,True,30.0,200.0,14.0,[1],10.0,10.0,1,10.0,0,0.009955458000007411
aco_current,5,8286,87,7,2,0.0,0.0,0.0,0.0,0.09907747060060501,False,False,0.0,0.0,0.0,[],10.0,10.0,1,10.0,0,0.009955458000007411
aco_current,5,8286,87,7,3,0.0,0.0,0.0,0.0,0.43936213850975037,False,False,0.0,0.0,0.0,[],10.0,10.0,1,10.0,0,0.009955458000007411
aco_current,5,8286,87,7,4,0.0,0.0,0.0,0.0,0.20313307642936707,False,False,0.0,0.0,0.0,[],10.0,10.0,1,10.0,0,0.009955458000007411
aco_current,5,8287,87,7,1,45.0,200.0,245.0,1.225,1.0,True,True,30.0,200.0,15.0,[1],10.0,10.0,1,10.0,0,0.009618665999994391
aco_current,5,8287,87,7,2,0.0,0.0,0.0,0.0,0.09907747060060501,False,False,0.0,0.0,0.0,[],10.0,10.0,1,10.0,0,0.009618665999994391
aco_current,5,8287,87,7,3,0.0,0.0,0.0,0.0,0.43936213850975037,False,False,0.0,0.0,0.0,[],10.0,10.0,1,10.0,0,0.009618665999994391
aco_current,5,8287,87,7,4,0.0,0.0,0.0,0.0,0.20313307642936707,False,False,0.0,0.0,0.0,[],10.0,10.0,1,10.0,0,0.009618665999994391
aco_current,5,8288,87,8,1,45.0,200.0,245.0,1.225,1.0,True,True,30.0,200.0,15.0,[1],10.0,10.0,1,10.0,0,0.010079915999995137
aco_current,5,8288,87,8,2,0.0,0.0,0.0,0.0,0.09907747060060501,False,False,0.0,0.0,0.0,[],10.0,10.0,1,10.0,0,0.010079915999995137
aco_current,5,8288,87,8,3,0.0,0.0,0.0,0.0,0.43936213850975037,False,False,0.0,0.0,0.0,[],10.0,10.0,1,10.0,0,0.010079915999995137
aco_current,5,8288,87,8,4,0.0,0.0,0.0,0.0,0.20313307642936707,False,False,0.0,0.0,0.0,[],10.0,10.0,1,10.0,0,0.010079915999995137
aco_current,5,8289,87,8,1,38.0,200.0,238.0,1.19,1.0,True,True,30.0,200.0,8.0,[1],10.0,10.0,1,10.0,0,0.009756957999996985
aco_current,5,8289,87,8,2,0.0,0.0,0.0,0.0,0.09907747060060501,False,False,0.0,0.0,0.0,[],10.0,10.0,1,10.0,0,0.009756957999996985
aco_current,5,8289,87,8,3,0.0,0.0,0.0,0.0,0.43936213850975037,False,False,0.0,0.0,0.0,[],10.0,10.0,1,10.0,0,0.009756957999996985
aco_current,5,8289,87,8,4,0.0,0.0,0.0,0.0,0.20313307642936707,False,False,0.0,0.0,0.0,[],10.0,10.0,1,10.0,0,0.009756957999996985
aco_current,5,8290,87,8,1,36.0,200.0,236.0,1.18,1.0,True,True,30.0,200.0,6.0,[1],10.0,10.0,1,10.0,0,0.00971562499999834
aco_current,5,8290,87,8,2,0.0,0.0,0.0,0.0,0.09907747060060501,False,False,0.0,0.0,0.0,[],10.0,10.0,1,10.0,0,0.00971562499999834
aco_current,5,8290,87,8,3,0.0,0.0,0.0,0.0,0.43936213850975037,False,False,0.0,0.0,0.0,[],10.0,10.0,1,10.0,0,0.00971562499999834
aco_current,5,8290,87,8,4,0.0,0.0,0.0,0.0,0.20313307642936707,False,False,0.0,0.0,0.0,[],10.0,10.0,1,10.0,0,0.00971562499999834
aco_current,5,8291,87,8,1,28.0,200.0,228.0,1.14,1.0,True,True,30.0,198.0,0.0,[1],10.0,10.0,1,10.0,0,0.009634000000005472
aco_current,5,8291,87,8,2,0.0,0.0,0.0,0.0,0.09907747060060501,False,False,0.0,0.0,0.0,[],10.0,10.0,1,10.0,0,0.009634000000005472
aco_current,5,8291,87,8,3,0.0,0.0,0.0,0.0,0.43936213850975037,False,False,0.0,0.0,0.0,[],10.0,10.0,1,10.0,0,0.009634000000005472
aco_current,5,8291,87,8,4,0.0,0.0,0.0,0.0,0.20313307642936707,False,False,0.0,0.0,0.0,[],10.0,10.0,1,10.0,0,0.009634000000005472
aco_current,5,8292,87,9,1,25.0,198.0,223.0,1.115,1.0,True,True,30.0,193.0,0.0,[1],10.0,10.0,1,10.0,0,0.010046083999995403
aco_current,5,8292,87,9,2,0.0,0.0,0.0,0.0,0.09907747060060501,False,False,0.0,0.0,0.0,[],10.0,10.0,1,10.0,0,0.010046083999995403
aco_current,5,8292,87,9,3,0.0,0.0,0.0,0.0,0.43936213850975037,False,False,0.0,0.0,0.0,[],10.0,10.0,1,10.0,0,0.010046083999995403
aco_current,5,8292,87,9,4,0.0,0.0,0.0,0.0,0.20313307642936707,False,False,0.0,0.0,0.0,[],10.0,10.0,1,10.0,0,0.010046083999995403
aco_current,5,8293,87,9,1,18.0,193.0,211.0,1.055,1.0,True,True,30.0,181.0,0.0,[1],10.0,10.0,1,10.0,0,0.009900207999990585
aco_current,5,8293,87,9,2,0.0,0.0,0.0,0.0,0.09907747060060501,False,False,0.0,0.0,0.0,[],10.0,10.0,1,10.0,0,0.009900207999990585
aco_current,5,8293,87,9,3,0.0,0.0,0.0,0.0,0.43936213850975037,False,False,0.0,0.0,0.0,[],10.0,10.0,1,10.0,0,0.009900207999990585
aco_current,5,8293,87,9,4,0.0,0.0,0.0,0.0,0.20313307642936707,False,False,0.0,0.0,0.0,[],10.0,10.0,1,10.0,0,0.009900207999990585
aco_current,5,8294,87,9,1,17.0,181.0,198.0,0.99,1.0,True,True,30.0,168.0,0.0,[1],10.0,10.0,1,10.0,0,0.0099132909999895
aco_current,5,8294,87,9,2,0.0,0.0,0.0,0.0,0.09907747060060501,False,False,0.0,0.0,0.0,[],10.0,10.0,1,10.0,0,0.0099132909999895
aco_current,5,8294,87,9,3,0.0,0.0,0.0,0.0,0.43936213850975037,False,False,0.0,0.0,0.0,[],10.0,10.0,1,10.0,0,0.0099132909999895
aco_current,5,8294,87,9,4,0.0,0.0,0.0,0.0,0.20313307642936707,False,False,0.0,0.0,0.0,[],10.0,10.0,1,10.0,0,0.0099132909999895
aco_current,5,8295,87,9,1,16.0,168.0,184.0,0.92,0.9999995827674866,True,True,30.0,154.0,0.0,[1],10.0,10.0,1,10.0,0,0.00966683400000079
aco_current,5,8295,87,9,2,0.0,0.0,0.0,0.0,0.09907747060060501,False,False,0.0,0.0,0.0,[],10.0,10.0,1,10.0,0,0.00966683400000079
aco_current,5,8295,87,9,3,0.0,0.0,0.0,0.0,0.43936213850975037,False,False,0.0,0.0,0.0,[],10.0,10.0,1,10.0,0,0.00966683400000079
aco_current,5,8295,87,9,4,0.0,0.0,0.0,0.0,0.20313307642936707,False,False,0.0,0.0,0.0,[],10.0,10.0,1,10.0,0,0.00966683400000079
aco_current,5,8296,87,10,1,17.0,154.0,171.0,0.855,0.9999901652336121,True,True,30.0,141.0,0.0,[1],10.0,10.0,1,10.0,0,0.010057374999988156
aco_current,5,8296,87,10,2,0.0,0.0,0.0,0.0,0.09907747060060501,False,False,0.0,0.0,0.0,[],10.0,10.0,1,10.0,0,0.010057374999988156
aco_current,5,8296,87,10,3,0.0,0.0,0.0,0.0,0.43936213850975037,False,False,0.0,0.0,0.0,[],10.0,10.0,1,10.0,0,0.010057374999988156
aco_current,5,8296,87,10,4,0.0,0.0,0.0,0.0,0.20313307642936707,False,False,0.0,0.0,0.0,[],10.0,10.0,1,10.0,0,0.010057374999988156
aco_current,5,8297,87,10,1,17.0,141.0,158.0,0.79,0.9997219443321228,False,False,0.0,158.0,0.0,[],0.0,0.0,0,0.0,0,3.5420000017438724e-06
aco_current,5,8297,87,10,2,0.0,0.0,0.0,0.0,0.09907747060060501,False,False,0.0,0.0,0.0,[],0.0,0.0,0,0.0,0,3.5420000017438724e-06
aco_current,5,8297,87,10,3,0.0,0.0,0.0,0.0,0.43936213850975037,False,False,0.0,0.0,0.0,[],0.0,0.0,0,0.0,0,3.5420000017438724e-06
aco_current,5,8297,87,10,4,0.0,0.0,0.0,0.0,0.20313307642936707,False,False,0.0,0.0,0.0,[],0.0,0.0,0,0.0,0,3.5420000017438724e-06
aco_current,5,8298,87,10,1,18.0,158.0,176.0,0.88,0.999998152256012,True,True,30.0,146.0,0.0,[1],10.0,10.0,1,10.0,0,0.010007208999994077
aco_current,5,8298,87,10,2,0.0,0.0,0.0,0.0,0.09907747060060501,False,False,0.0,0.0,0.0,[],10.0,10.0,1,10.0,0,0.010007208999994077
aco_current,5,8298,87,10,3,0.0,0.0,0.0,0.0,0.43936213850975037,False,False,0.0,0.0,0.0,[],10.0,10.0,1,10.0,0,0.010007208999994077
aco_current,5,8298,87,10,4,0.0,0.0,0.0,0.0,0.20313307642936707,False,False,0.0,0.0,0.0,[],10.0,10.0,1,10.0,0,0.010007208999994077
aco_current,5,8299,87,10,1,17.0,146.0,163.0,0.815,0.9999223351478577,True,True,30.0,133.0,0.0,[1],10.0,10.0,1,10.0,0,0.009634915999995997
aco_current,5,8299,87,10,2,0.0,0.0,0.0,0.0,0.09907747060060501,False,False,0.0,0.0,0.0,[],10.0,10.0,1,10.0,0,0.009634915999995997
aco_current,5,8299,87,10,3,0.0,0.0,0.0,0.0,0.43936213850975037,False,False,0.0,0.0,0.0,[],10.0,10.0,1,10.0,0,0.009634915999995997
aco_current,5,8299,87,10,4,0.0,0.0,0.0,0.0,0.20313307642936707,False,False,0.0,0.0,0.0,[],10.0,10.0,1,10.0,0,0.009634915999995997
aco_current,5,8300,87,11,1,17.0,133.0,150.0,0.75,0.9988028407096863,False,False,0.0,150.0,0.0,[],0.0,0.0,0,0.0,0,3.249999991794539e-06
aco_current,5,8300,87,11,2,0.0,0.0,0.0,0.0,0.09907747060060501,False,False,0.0,0.0,0.0,[],0.0,0.0,0,0.0,0,3.249999991794539e-06
aco_current,5,8300,87,11,3,0.0,0.0,0.0,0.0,0.43936213850975037,False,False,0.0,0.0,0.0,[],0.0,0.0,0,0.0,0,3.249999991794539e-06
aco_current,5,8300,87,11,4,0.0,0.0,0.0,0.0,0.20313307642936707,False,False,0.0,0.0,0.0,[],0.0,0.0,0,0.0,0,3.249999991794539e-06
aco_current,5,8301,87,11,1,16.0,150.0,166.0,0.83,0.9999489784240723,True,True,30.0,136.0,0.0,[1],10.0,10.0,1,10.0,0,0.009732999999997105
aco_current,5,8301,87,11,2,0.0,0.0,0.0,0.0,0.09907747060060501,False,False,0.0,0.0,0.0,[],10.0,10.0,1,10.0,0,0.009732999999997105
aco_current,5,8301,87,11,3,0.0,0.0,0.0,0.0,0.43936213850975037,False,False,0.0,0.0,0.0,[],10.0,10.0,1,10.0,0,0.009732999999997105
aco_current,5,8301,87,11,4,0.0,0.0,0.0,0.0,0.20313307642936707,False,False,0.0,0.0,0.0,[],10.0,10.0,1,10.0,0,0.009732999999997105
aco_current,5,8302,87,11,1,17.0,136.0,153.0,0.765,0.9992112517356873,False,False,0.0,153.0,0.0,[],0.0,0.0,0,0.0,0,3.5409999981084184e-06
aco_current,5,8302,87,11,2,0.0,0.0,0.0,0.0,0.09907747060060501,False,False,0.0,0.0,0.0,[],0.0,0.0,0,0.0,0,3.5409999981084184e-06
aco_current,5,8302,87,11,3,0.0,0.0,0.0,0.0,0.43936213850975037,False,False,0.0,0.0,0.0,[],0.0,0.0,0,0.0,0,3.5409999981084184e-06
aco_current,5,8302,87,11,4,0.0,0.0,0.0,0.0,0.20313307642936707,False,False,0.0,0.0,0.0,[],0.0,0.0,0,0.0,0,3.5409999981084184e-06
aco_current,5,8303,87,11,1,18.0,153.0,171.0,0.855,0.9999930262565613,True,True,30.0,141.0,0.0,[1],10.0,10.0,1,10.0,0,0.009810208999994074
aco_current,5,8303,87,11,2,0.0,0.0,0.0,0.0,0.09907747060060501,False,False,0.0,0.0,0.0,[],10.0,10.0,1,10.0,0,0.009810208999994074
aco_current,5,8303,87,11,3,0.0,0.0,0.0,0.0,0.43936213850975037,False,False,0.0,0.0,0.0,[],10.0,10.0,1,10.0,0,0.009810208999994074
aco_current,5,8303,87,11,4,0.0,0.0,0.0,0.0,0.20313307642936707,False,False,0.0,0.0,0.0,[],10.0,10.0,1,10.0,0,0.009810208999994074
aco_current,5,8304,87,12,1,17.0,141.0,158.0,0.79,0.9997228980064392,False,False,0.0,158.0,0.0,[],0.0,0.0,0,0.0,0,2.375000008214556e-06
aco_current,5,8304,87,12,2,0.0,0.0,0.0,0.0,0.09907747060060501,False,False,0.0,0.0,0.0,[],0.0,0.0,0,0.0,0,2.375000008214556e-06
aco_current,5,8304,87,12,3,0.0,0.0,0.0,0.0,0.43936213850975037,False,False,0.0,0.0,0.0,[],0.0,0.0,0,0.0,0,2.375000008214556e-06
aco_current,5,8304,87,12,4,0.0,0.0,0.0,0.0,0.20313307642936707,False,False,0.0,0.0,0.0,[],0.0,0.0,0,0.0,0,2.375000008214556e-06
aco_current,5,8305,87,12,1,17.0,158.0,175.0,0.875,0.9999966025352478,True,True,30.0,145.0,0.0,[1],10.0,10.0,1,10.0,0,0.009841707999996174
aco_current,5,8305,87,12,2,0.0,0.0,0.0,0.0,0.09907747060060501,False,False,0.0,0.0,0.0,[],10.0,10.0,1,10.0,0,0.009841707999996174
aco_current,5,8305,87,12,3,0.0,0.0,0.0,0.0,0.43936213850975037,False,False,0.0,0.0,0.0,[],10.0,10.0,1,10.0,0,0.009841707999996174
aco_current,5,8305,87,12,4,0.0,0.0,0.0,0.0,0.20313307642936707,False,False,0.0,0.0,0.0,[],10.0,10.0,1,10.0,0,0.009841707999996174
aco_current,5,8306,87,12,1,16.0,145.0,161.0,0.805,0.9998146891593933,True,True,30.0,131.0,0.0,[1],10.0,10.0,1,10.0,0,0.009926042000003577
aco_current,5,8306,87,12,2,0.0,0.0,0.0,0.0,0.09907747060060501,False,False,0.0,0.0,0.0,[],10.0,10.0,1,10.0,0,0.009926042000003577
aco_current,5,8306,87,12,3,0.0,0.0,0.0,0.0,0.43936213850975037,False,False,0.0,0.0,0.0,[],10.0,10.0,1,10.0,0,0.009926042000003577
aco_current,5,8306,87,12,4,0.0,0.0,0.0,0.0,0.20313307642936707,False,False,0.0,0.0,0.0,[],10.0,10.0,1,10.0,0,0.009926042000003577
aco_current,5,8307,87,12,1,17.0,131.0,148.0,0.74,0.9984562993049622,False,False,0.0,148.0,0.0,[],0.0,0.0,0,0.0,0,3.375000005689799e-06
aco_current,5,8307,87,12,2,0.0,0.0,0.0,0.0,0.09907747060060501,False,False,0.0,0.0,0.0,[],0.0,0.0,0,0.0,0,3.375000005689799e-06
aco_current,5,8307,87,12,3,0.0,0.0,0.0,0.0,0.43936213850975037,False,False,0.0,0.0,0.0,[],0.0,0.0,0,0.0,0,3.375000005689799e-06
aco_current,5,8307,87,12,4,0.0,0.0,0.0,0.0,0.20313307642936707,False,False,0.0,0.0,0.0,[],0.0,0.0,0,0.0,0,3.375000005689799e-06
aco_current,5,8308,87,13,1,17.0,148.0,165.0,0.825,0.9999531507492065,True,True,30.0,135.0,0.0,[1],10.0,10.0,1,10.0,0,0.010192459000009535
aco_current,5,8308,87,13,2,0.0,0.0,0.0,0.0,0.09907747060060501,False,False,0.0,0.0,0.0,[],10.0,10.0,1,10.0,0,0.010192459000009535
aco_current,5,8308,87,13,3,0.0,0.0,0.0,0.0,0.43936213850975037,False,False,0.0,0.0,0.0,[],10.0,10.0,1,10.0,0,0.010192459000009535
aco_current,5,8308,87,13,4,0.0,0.0,0.0,0.0,0.20313307642936707,False,False,0.0,0.0,0.0,[],10.0,10.0,1,10.0,0,0.010192459000009535
aco_current,5,8309,87,13,1,18.0,135.0,153.0,0.765,0.9994406700134277,False,False,0.0,153.0,0.0,[],0.0,0.0,0,0.0,0,3.458000009004536e-06
aco_current,5,8309,87,13,2,0.0,0.0,0.0,0.0,0.09907747060060501,False,False,0.0,0.0,0.0,[],0.0,0.0,0,0.0,0,3.458000009004536e-06
aco_current,5,8309,87,13,3,0.0,0.0,0.0,0.0,0.43936213850975037,False,False,0.0,0.0,0.0,[],0.0,0.0,0,0.0,0,3.458000009004536e-06
aco_current,5,8309,87,13,4,0.0,0.0,0.0,0.0,0.20313307642936707,False,False,0.0,0.0,0.0,[],0.0,0.0,0,0.0,0,3.458000009004536e-06
aco_current,5,8310,87,13,1,17.0,153.0,170.0,0.85,0.9999873042106628,True,True,30.0,140.0,0.0,[1],10.0,10.0,1,10.0,0,0.009704749999997375
aco_current,5,8310,87,13,2,0.0,0.0,0.0,0.0,0.09907747060060501,False,False,0.0,0.0,0.0,[],10.0,10.0,1,10.0,0,0.009704749999997375
aco_current,5,8310,87,13,3,0.0,0.0,0.0,0.0,0.43936213850975037,False,False,0.0,0.0,0.0,[],10.0,10.0,1,10.0,0,0.009704749999997375
aco_current,5,8310,87,13,4,0.0,0.0,0.0,0.0,0.20313307642936707,False,False,0.0,0.0,0.0,[],10.0,10.0,1,10.0,0,0.009704749999997375
aco_current,5,8311,87,13,1,17.0,140.0,157.0,0.785,0.9996572136878967,False,False,0.0,157.0,0.0,[],0.0,0.0,0,0.0,0,3.332999995109276e-06
aco_current,5,8311,87,13,2,0.0,0.0,0.0,0.0,0.09907747060060501,False,False,0.0,0.0,0.0,[],0.0,0.0,0,0.0,0,3.332999995109276e-06
aco_current,5,8311,87,13,3,0.0,0.0,0.0,0.0,0.43936213850975037,False,False,0.0,0.0,0.0,[],0.0,0.0,0,0.0,0,3.332999995109276e-06
aco_current,5,8311,87,13,4,0.0,0.0,0.0,0.0,0.20313307642936707,False,False,0.0,0.0,0.0,[],0.0,0.0,0,0.0,0,3.332999995109276e-06
aco_current,5,8312,87,14,1,16.0,157.0,173.0,0.865,0.9999918341636658,True,True,30.0,143.0,0.0,[1],10.0,10.0,1,10.0,0,0.009781125000003499
aco_current,5,8312,87,14,2,0.0,0.0,0.0,0.0,0.09907747060060501,False,False,0.0,0.0,0.0,[],10.0,10.0,1,10.0,0,0.009781125000003499
aco_current,5,8312,87,14,3,0.0,0.0,0.0,0.0,0.43936213850975037,False,False,0.0,0.0,0.0,[],10.0,10.0,1,10.0,0,0.009781125000003499
aco_current,5,8312,87,14,4,0.0,0.0,0.0,0.0,0.20313307642936707,False,False,0.0,0.0,0.0,[],10.0,10.0,1,10.0,0,0.009781125000003499
aco_current,5,8313,87,14,1,17.0,143.0,160.0,0.8,0.9998299479484558,True,True,30.0,130.0,0.0,[1],10.0,10.0,1,10.0,0,0.009499458000007621
aco_current,5,8313,87,14,2,0.0,0.0,0.0,0.0,0.09907747060060501,False,False,0.0,0.0,0.0,[],10.0,10.0,1,10.0,0,0.009499458000007621
aco_current,5,8313,87,14,3,0.0,0.0,0.0,0.0,0.43936213850975037,False,False,0.0,0.0,0.0,[],10.0,10.0,1,10.0,0,0.009499458000007621
aco_current,5,8313,87,14,4,0.0,0.0,0.0,0.0,0.20313307642936707,False,False,0.0,0.0,0.0,[],10.0,10.0,1,10.0,0,0.009499458000007621
aco_current,5,8314,87,14,1,18.0,130.0,148.0,0.74,0.9989004135131836,False,False,0.0,148.0,0.0,[],0.0,0.0,0,0.0,0,2.999999992425728e-06
aco_current,5,8314,87,14,2,0.0,0.0,0.0,0.0,0.09907747060060501,False,False,0.0,0.0,0.0,[],0.0,0.0,0,0.0,0,2.999999992425728e-06
aco_current,5,8314,87,14,3,0.0,0.0,0.0,0.0,0.43936213850975037,False,False,0.0,0.0,0.0,[],0.0,0.0,0,0.0,0,2.999999992425728e-06
aco_current,5,8314,87,14,4,0.0,0.0,0.0,0.0,0.20313307642936707,False,False,0.0,0.0,0.0,[],0.0,0.0,0,0.0,0,2.999999992425728e-06
aco_current,5,8315,87,14,1,17.0,148.0,165.0,0.825,0.9999533891677856,True,True,30.0,135.0,0.0,[1],10.0,10.0,1,10.0,0,0.009711542000005124
aco_current,5,8315,87,14,2,0.0,0.0,0.0,0.0,0.09907747060060501,False,False,0.0,0.0,0.0,[],10.0,10.0,1,10.0,0,0.009711542000005124
aco_current,5,8315,87,14,3,0.0,0.0,0.0,0.0,0.43936213850975037,False,False,0.0,0.0,0.0,[],10.0,10.0,1,10.0,0,0.009711542000005124
aco_current,5,8315,87,14,4,0.0,0.0,0.0,0.0,0.20313307642936707,False,False,0.0,0.0,0.0,[],10.0,10.0,1,10.0,0,0.009711542000005124
aco_current,5,8316,87,15,1,17.0,135.0,152.0,0.76,0.9990926384925842,False,False,0.0,152.0,0.0,[],0.0,0.0,0,0.0,0,3.042000003006251e-06
aco_current,5,8316,87,15,2,0.0,0.0,0.0,0.0,0.09907747060060501,False,False,0.0,0.0,0.0,[],0.0,0.0,0,0.0,0,3.042000003006251e-06
aco_current,5,8316,87,15,3,0.0,0.0,0.0,0.0,0.43936213850975037,False,False,0.0,0.0,0.0,[],0.0,0.0,0,0.0,0,3.042000003006251e-06
aco_current,5,8316,87,15,4,0.0,0.0,0.0,0.0,0.20313307642936707,False,False,0.0,0.0,0.0,[],0.0,0.0,0,0.0,0,3.042000003006251e-06
aco_current,5,8317,87,15,1,17.0,152.0,169.0,0.845,0.9999834895133972,True,True,30.0,139.0,0.0,[1],10.0,10.0,1,10.0,0,0.009567459000010103
aco_current,5,8317,87,15,2,0.0,0.0,0.0,0.0,0.09907747060060501,False,False,0.0,0.0,0.0,[],10.0,10.0,1,10.0,0,0.009567459000010103
aco_current,5,8317,87,15,3,0.0,0.0,0.0,0.0,0.43936213850975037,False,False,0.0,0.0,0.0,[],10.0,10.0,1,10.0,0,0.009567459000010103
aco_current,5,8317,87,15,4,0.0,0.0,0.0,0.0,0.20313307642936707,False,False,0.0,0.0,0.0,[],10.0,10.0,1,10.0,0,0.009567459000010103
aco_current,5,8318,87,15,1,10.0,139.0,149.0,0.745,0.9829047322273254,False,False,0.0,149.0,0.0,[],0.0,0.0,0,0.0,0,2.95799999605606e-06
aco_current,5,8318,87,15,2,0.0,0.0,0.0,0.0,0.09907747060060501,False,False,0.0,0.0,0.0,[],0.0,0.0,0,0.0,0,2.95799999605606e-06
aco_current,5,8318,87,15,3,0.0,0.0,0.0,0.0,0.43936213850975037,False,False,0.0,0.0,0.0,[],0.0,0.0,0,0.0,0,2.95799999605606e-06
aco_current,5,8318,87,15,4,0.0,0.0,0.0,0.0,0.20313307642936707,False,False,0.0,0.0,0.0,[],0.0,0.0,0,0.0,0,2.95799999605606e-06
aco_current,5,8319,87,15,1,8.0,149.0,157.0,0.785,0.989863395690918,False,False,0.0,157.0,0.0,[],0.0,0.0,0,0.0,0,2.4170000045842244e-06
aco_current,5,8319,87,15,2,0.0,0.0,0.0,0.0,0.09907747060060501,False,False,0.0,0.0,0.0,[],0.0,0.0,0,0.0,0,2.4170000045842244e-06
aco_current,5,8319,87,15,3,0.0,0.0,0.0,0.0,0.43936213850975037,False,False,0.0,0.0,0.0,[],0.0,0.0,0,0.0,0,2.4170000045842244e-06
aco_current,5,8319,87,15,4,0.0,0.0,0.0,0.0,0.20313307642936707,False,False,0.0,0.0,0.0,[],0.0,0.0,0,0.0,0,2.4170000045842244e-06
aco_current,5,8320,87,16,1,8.0,157.0,165.0,0.825,0.998814582824707,True,True,30.0,135.0,0.0,[1],10.0,10.0,1,10.0,0,0.009532457999995358
aco_current,5,8320,87,16,2,0.0,0.0,0.0,0.0,0.09907747060060501,False,False,0.0,0.0,0.0,[],10.0,10.0,1,10.0,0,0.009532457999995358
aco_current,5,8320,87,16,3,0.0,0.0,0.0,0.0,0.43936213850975037,False,False,0.0,0.0,0.0,[],10.0,10.0,1,10.0,0,0.009532457999995358
aco_current,5,8320,87,16,4,0.0,0.0,0.0,0.0,0.20313307642936707,False,False,0.0,0.0,0.0,[],10.0,10.0,1,10.0,0,0.009532457999995358
aco_current,5,8321,87,16,1,8.0,135.0,143.0,0.715,0.9533075094223022,False,False,0.0,143.0,0.0,[],0.0,0.0,0,0.0,0,3.3330000093201306e-06
aco_current,5,8321,87,16,2,0.0,0.0,0.0,0.0,0.09907747060060501,False,False,0.0,0.0,0.0,[],0.0,0.0,0,0.0,0,3.3330000093201306e-06
aco_current,5,8321,87,16,3,0.0,0.0,0.0,0.0,0.43936213850975037,False,False,0.0,0.0,0.0,[],0.0,0.0,0,0.0,0,3.3330000093201306e-06
aco_current,5,8321,87,16,4,0.0,0.0,0.0,0.0,0.20313307642936707,False,False,0.0,0.0,0.0,[],0.0,0.0,0,0.0,0,3.3330000093201306e-06
aco_current,5,8322,87,16,1,8.0,143.0,151.0,0.755,0.9812000393867493,False,False,0.0,151.0,0.0,[],0.0,0.0,0,0.0,0,2.0420000055310084e-06
aco_current,5,8322,87,16,2,0.0,0.0,0.0,0.0,0.09907747060060501,False,False,0.0,0.0,0.0,[],0.0,0.0,0,0.0,0,2.0420000055310084e-06
aco_current,5,8322,87,16,3,0.0,0.0,0.0,0.0,0.43936213850975037,False,False,0.0,0.0,0.0,[],0.0,0.0,0,0.0,0,2.0420000055310084e-06
aco_current,5,8322,87,16,4,0.0,0.0,0.0,0.0,0.20313307642936707,False,False,0.0,0.0,0.0,[],0.0,0.0,0,0.0,0,2.0420000055310084e-06
aco_current,5,8323,87,16,1,8.0,151.0,159.0,0.795,0.9952948689460754,False,False,0.0,159.0,0.0,[],0.0,0.0,0,0.0,0,4.0000000041118255e-06
aco_current,5,8323,87,16,2,0.0,0.0,0.0,0.0,0.09907747060060501,False,False,0.0,0.0,0.0,[],0.0,0.0,0,0.0,0,4.0000000041118255e-06
aco_current,5,8323,87,16,3,0.0,0.0,0.0,0.0,0.43936213850975037,False,False,0.0,0.0,0.0,[],0.0,0.0,0,0.0,0,4.0000000041118255e-06
aco_current,5,8323,87,16,4,0.0,0.0,0.0,0.0,0.20313307642936707,False,False,0.0,0.0,0.0,[],0.0,0.0,0,0.0,0,4.0000000041118255e-06
aco_current,5,8324,87,17,1,7.0,159.0,166.0,0.83,0.9988877177238464,True,True,30.0,136.0,0.0,[1],10.0,10.0,1,10.0,0,0.015627209000001585
aco_current,5,8324,87,17,2,0.0,0.0,0.0,0.0,0.09907747060060501,False,False,0.0,0.0,0.0,[],10.0,10.0,1,10.0,0,0.015627209000001585
aco_current,5,8324,87,17,3,0.0,0.0,0.0,0.0,0.43936213850975037,False,False,0.0,0.0,0.0,[],10.0,10.0,1,10.0,0,0.015627209000001585
aco_current,5,8324,87,17,4,0.0,0.0,0.0,0.0,0.20313307642936707,False,False,0.0,0.0,0.0,[],10.0,10.0,1,10.0,0,0.015627209000001585
aco_current,5,8325,87,17,1,8.0,136.0,144.0,0.72,0.9595363736152649,False,False,0.0,144.0,0.0,[],0.0,0.0,0,0.0,0,5.7919999960631685e-06
aco_current,5,8325,87,17,2,0.0,0.0,0.0,0.0,0.09907747060060501,False,False,0.0,0.0,0.0,[],0.0,0.0,0,0.0,0,5.7919999960631685e-06
aco_current,5,8325,87,17,3,0.0,0.0,0.0,0.0,0.43936213850975037,False,False,0.0,0.0,0.0,[],0.0,0.0,0,0.0,0,5.7919999960631685e-06
aco_current,5,8325,87,17,4,0.0,0.0,0.0,0.0,0.20313307642936707,False,False,0.0,0.0,0.0,[],0.0,0.0,0,0.0,0,5.7919999960631685e-06
aco_current,5,8326,87,17,1,8.0,144.0,152.0,0.76,0.9836332201957703,False,False,0.0,152.0,0.0,[],0.0,0.0,0,0.0,0,4.6669999989035205e-06
aco_current,5,8326,87,17,2,0.0,0.0,0.0,0.0,0.09907747060060501,False,False,0.0,0.0,0.0,[],0.0,0.0,0,0.0,0,4.6669999989035205e-06
aco_current,5,8326,87,17,3,0.0,0.0,0.0,0.0,0.43936213850975037,False,False,0.0,0.0,0.0,[],0.0,0.0,0,0.0,0,4.6669999989035205e-06
aco_current,5,8326,87,17,4,0.0,0.0,0.0,0.0,0.20313307642936707,False,False,0.0,0.0,0.0,[],0.0,0.0,0,0.0,0,4.6669999989035205e-06
aco_current,5,8327,87,17,1,8.0,152.0,160.0,0.8,0.9964192509651184,True,True,30.0,130.0,0.0,[1],10.0,10.0,1,10.0,0,0.013413916999994058
aco_current,5,8327,87,17,2,0.0,0.0,0.0,0.0,0.09907747060060501,False,False,0.0,0.0,0.0,[],10.0,10.0,1,10.0,0,0.013413916999994058
aco_current,5,8327,87,17,3,0.0,0.0,0.0,0.0,0.43936213850975037,False,False,0.0,0.0,0.0,[],10.0,10.0,1,10.0,0,0.013413916999994058
aco_current,5,8327,87,17,4,0.0,0.0,0.0,0.0,0.20313307642936707,False,False,0.0,0.0,0.0,[],10.0,10.0,1,10.0,0,0.013413916999994058
aco_current,5,8328,87,18,1,8.0,130.0,138.0,0.69,0.9181945323944092,False,False,0.0,138.0,0.0,[],0.0,0.0,0,0.0,0,5.874999999377906e-06
aco_current,5,8328,87,18,2,0.0,0.0,0.0,0.0,0.09907747060060501,False,False,0.0,0.0,0.0,[],0.0,0.0,0,0.0,0,5.874999999377906e-06
aco_current,5,8328,87,18,3,0.0,0.0,0.0,0.0,0.43936213850975037,False,False,0.0,0.0,0.0,[],0.0,0.0,0,0.0,0,5.874999999377906e-06
aco_current,5,8328,87,18,4,0.0,0.0,0.0,0.0,0.20313307642936707,False,False,0.0,0.0,0.0,[],0.0,0.0,0,0.0,0,5.874999999377906e-06
aco_current,5,8329,87,18,1,7.0,138.0,145.0,0.725,0.9367114901542664,False,False,0.0,145.0,0.0,[],0.0,0.0,0,0.0,0,5.291999997325547e-06
aco_current,5,8329,87,18,2,0.0,0.0,0.0,0.0,0.09907747060060501,False,False,0.0,0.0,0.0,[],0.0,0.0,0,0.0,0,5.291999997325547e-06
aco_current,5,8329,87,18,3,0.0,0.0,0.0,0.0,0.43936213850975037,False,False,0.0,0.0,0.0,[],0.0,0.0,0,0.0,0,5.291999997325547e-06
aco_current,5,8329,87,18,4,0.0,0.0,0.0,0.0,0.20313307642936707,False,False,0.0,0.0,0.0,[],0.0,0.0,0,0.0,0,5.291999997325547e-06
aco_current,5,8330,87,18,1,8.0,145.0,153.0,0.765,0.9854786992073059,False,False,0.0,153.0,0.0,[],0.0,0.0,0,0.0,0,6.499999997799932e-06
aco_current,5,8330,87,18,2,0.0,0.0,0.0,0.0,0.09907747060060501,False,False,0.0,0.0,0.0,[],0.0,0.0,0,0.0,0,6.499999997799932e-06
aco_current,5,8330,87,18,3,0.0,0.0,0.0,0.0,0.43936213850975037,False,False,0.0,0.0,0.0,[],0.0,0.0,0,0.0,0,6.499999997799932e-06
aco_current,5,8330,87,18,4,0.0,0.0,0.0,0.0,0.20313307642936707,False,False,0.0,0.0,0.0,[],0.0,0.0,0,0.0,0,6.499999997799932e-06
aco_current,5,8331,87,18,1,4.0,153.0,157.0,0.785,0.9363474249839783,False,False,0.0,157.0,0.0,[],0.0,0.0,0,0.0,0,3.2079999954248706e-06
aco_current,5,8331,87,18,2,0.0,0.0,0.0,0.0,0.09907747060060501,False,False,0.0,0.0,0.0,[],0.0,0.0,0,0.0,0,3.2079999954248706e-06
aco_current,5,8331,87,18,3,0.0,0.0,0.0,0.0,0.43936213850975037,False,False,0.0,0.0,0.0,[],0.0,0.0,0,0.0,0,3.2079999954248706e-06
aco_current,5,8331,87,18,4,0.0,0.0,0.0,0.0,0.20313307642936707,False,False,0.0,0.0,0.0,[],0.0,0.0,0,0.0,0,3.2079999954248706e-06
aco_current,5,8332,87,19,1,0.0,157.0,157.0,0.785,0.3407594561576843,False,False,0.0,157.0,0.0,[],0.0,0.0,0,0.0,0,4.0000000041118255e-06
aco_current,5,8332,87,19,2,0.0,0.0,0.0,0.0,0.09907747060060501,False,False,0.0,0.0,0.0,[],0.0,0.0,0,0.0,0,4.0000000041118255e-06
aco_current,5,8332,87,19,3,0.0,0.0,0.0,0.0,0.43936213850975037,False,False,0.0,0.0,0.0,[],0.0,0.0,0,0.0,0,4.0000000041118255e-06
aco_current,5,8332,87,19,4,0.0,0.0,0.0,0.0,0.20313307642936707,False,False,0.0,0.0,0.0,[],0.0,0.0,0,0.0,0,4.0000000041118255e-06
aco_current,5,8333,87,19,1,0.0,157.0,157.0,0.785,0.32645702362060547,False,False,0.0,157.0,0.0,[],0.0,0.0,0,0.0,0,2.666000000317581e-06
aco_current,5,8333,87,19,2,0.0,0.0,0.0,0.0,0.09907747060060501,False,False,0.0,0.0,0.0,[],0.0,0.0,0,0.0,0,2.666000000317581e-06
aco_current,5,8333,87,19,3,0.0,0.0,0.0,0.0,0.43936213850975037,False,False,0.0,0.0,0.0,[],0.0,0.0,0,0.0,0,2.666000000317581e-06
aco_current,5,8333,87,19,4,0.0,0.0,0.0,0.0,0.20313307642936707,False,False,0.0,0.0,0.0,[],0.0,0.0,0,0.0,0,2.666000000317581e-06
aco_current,5,8334,87,19,1,0.0,157.0,157.0,0.785,0.33165380358695984,False,False,0.0,157.0,0.0,[],0.0,0.0,0,0.0,0,1.87499999526608e-06
aco_current,5,8334,87,19,2,0.0,0.0,0.0,0.0,0.09907747060060501,False,False,0.0,0.0,0.0,[],0.0,0.0,0,0.0,0,1.87499999526608e-06
aco_current,5,8334,87,19,3,0.0,0.0,0.0,0.0,0.43936213850975037,False,False,0.0,0.0,0.0,[],0.0,0.0,0,0.0,0,1.87499999526608e-06
aco_current,5,8334,87,19,4,0.0,0.0,0.0,0.0,0.20313307642936707,False,False,0.0,0.0,0.0,[],0.0,0.0,0,0.0,0,1.87499999526608e-06
aco_current,5,8335,87,19,1,0.0,157.0,157.0,0.785,0.3487432599067688,False,False,0.0,157.0,0.0,[],0.0,0.0,0,0.0,0,4.042000000481494e-06
aco_current,5,8335,87,19,2,0.0,0.0,0.0,0.0,0.09907747060060501,False,False,0.0,0.0,0.0,[],0.0,0.0,0,0.0,0,4.042000000481494e-06
aco_current,5,8335,87,19,3,0.0,0.0,0.0,0.0,0.43936213850975037,False,False,0.0,0.0,0.0,[],0.0,0.0,0,0.0,0,4.042000000481494e-06
aco_current,5,8335,87,19,4,0.0,0.0,0.0,0.0,0.20313307642936707,False,False,0.0,0.0,0.0,[],0.0,0.0,0,0.0,0,4.042000000481494e-06
aco_current,5,8336,87,20,1,0.0,157.0,157.0,0.785,0.3487432599067688,False,False,0.0,157.0,0.0,[],0.0,0.0,0,0.0,0,2.625000007583367e-06
aco_current,5,8336,87,20,2,0.0,0.0,0.0,0.0,0.09907747060060501,False,False,0.0,0.0,0.0,[],0.0,0.0,0,0.0,0,2.625000007583367e-06
aco_current,5,8336,87,20,3,0.0,0.0,0.0,0.0,0.43936213850975037,False,False,0.0,0.0,0.0,[],0.0,0.0,0,0.0,0,2.625000007583367e-06
aco_current,5,8336,87,20,4,0.0,0.0,0.0,0.0,0.20313307642936707,False,False,0.0,0.0,0.0,[],0.0,0.0,0,0.0,0,2.625000007583367e-06
aco_current,5,8337,87,20,1,0.0,157.0,157.0,0.785,0.3487432599067688,False,False,0.0,157.0,0.0,[],0.0,0.0,0,0.0,0,4.167000000165899e-06
aco_current,5,8337,87,20,2,0.0,0.0,0.0,0.0,0.09907747060060501,False,False,0.0,0.0,0.0,[],0.0,0.0,0,0.0,0,4.167000000165899e-06
aco_current,5,8337,87,20,3,0.0,0.0,0.0,0.0,0.43936213850975037,False,False,0.0,0.0,0.0,[],0.0,0.0,0,0.0,0,4.167000000165899e-06
aco_current,5,8337,87,20,4,0.0,0.0,0.0,0.0,0.20313307642936707,False,False,0.0,0.0,0.0,[],0.0,0.0,0,0.0,0,4.167000000165899e-06
aco_current,5,8338,87,20,1,0.0,157.0,157.0,0.785,0.3487432599067688,False,False,0.0,157.0,0.0,[],0.0,0.0,0,0.0,0,4.3750000031650416e-06
aco_current,5,8338,87,20,2,0.0,0.0,0.0,0.0,0.09907747060060501,False,False,0.0,0.0,0.0,[],0.0,0.0,0,0.0,0,4.3750000031650416e-06
aco_current,5,8338,87,20,3,0.0,0.0,0.0,0.0,0.43936213850975037,False,False,0.0,0.0,0.0,[],0.0,0.0,0,0.0,0,4.3750000031650416e-06
aco_current,5,8338,87,20,4,0.0,0.0,0.0,0.0,0.20313307642936707,False,False,0.0,0.0,0.0,[],0.0,0.0,0,0.0,0,4.3750000031650416e-06
aco_current,5,8339,87,20,1,0.0,157.0,157.0,0.785,0.3487432599067688,False,False,0.0,157.0,0.0,[],0.0,0.0,0,0.0,0,3.042000003006251e-06
aco_current,5,8339,87,20,2,0.0,0.0,0.0,0.0,0.09907747060060501,False,False,0.0,0.0,0.0,[],0.0,0.0,0,0.0,0,3.042000003006251e-06
aco_current,5,8339,87,20,3,0.0,0.0,0.0,0.0,0.43936213850975037,False,False,0.0,0.0,0.0,[],0.0,0.0,0,0.0,0,3.042000003006251e-06
aco_current,5,8339,87,20,4,0.0,0.0,0.0,0.0,0.20313307642936707,False,False,0.0,0.0,0.0,[],0.0,0.0,0,0.0,0,3.042000003006251e-06
aco_current,5,8340,87,21,1,0.0,157.0,157.0,0.785,0.3487432599067688,False,False,0.0,157.0,0.0,[],0.0,0.0,0,0.0,0,2.00000000916134e-06
aco_current,5,8340,87,21,2,0.0,0.0,0.0,0.0,0.09907747060060501,False,False,0.0,0.0,0.0,[],0.0,0.0,0,0.0,0,2.00000000916134e-06
aco_current,5,8340,87,21,3,0.0,0.0,0.0,0.0,0.43936213850975037,False,False,0.0,0.0,0.0,[],0.0,0.0,0,0.0,0,2.00000000916134e-06
aco_current,5,8340,87,21,4,0.0,0.0,0.0,0.0,0.20313307642936707,False,False,0.0,0.0,0.0,[],0.0,0.0,0,0.0,0,2.00000000916134e-06
aco_current,5,8341,87,21,1,0.0,157.0,157.0,0.785,0.3487432599067688,False,False,0.0,157.0,0.0,[],0.0,0.0,0,0.0,0,2.4170000045842244e-06
aco_current,5,8341,87,21,2,0.0,0.0,0.0,0.0,0.09907747060060501,False,False,0.0,0.0,0.0,[],0.0,0.0,0,0.0,0,2.4170000045842244e-06
aco_current,5,8341,87,21,3,0.0,0.0,0.0,0.0,0.43936213850975037,False,False,0.0,0.0,0.0,[],0.0,0.0,0,0.0,0,2.4170000045842244e-06
aco_current,5,8341,87,21,4,0.0,0.0,0.0,0.0,0.20313307642936707,False,False,0.0,0.0,0.0,[],0.0,0.0,0,0.0,0,2.4170000045842244e-06
aco_current,5,8342,87,21,1,0.0,157.0,157.0,0.785,0.3487432599067688,False,False,0.0,157.0,0.0,[],0.0,0.0,0,0.0,0,3.4999999911633495e-06
aco_current,5,8342,87,21,2,0.0,0.0,0.0,0.0,0.09907747060060501,False,False,0.0,0.0,0.0,[],0.0,0.0,0,0.0,0,3.4999999911633495e-06
aco_current,5,8342,87,21,3,0.0,0.0,0.0,0.0,0.43936213850975037,False,False,0.0,0.0,0.0,[],0.0,0.0,0,0.0,0,3.4999999911633495e-06
aco_current,5,8342,87,21,4,0.0,0.0,0.0,0.0,0.20313307642936707,False,False,0.0,0.0,0.0,[],0.0,0.0,0,0.0,0,3.4999999911633495e-06
aco_current,5,8343,87,21,1,0.0,157.0,157.0,0.785,0.3487432599067688,False,False,0.0,157.0,0.0,[],0.0,0.0,0,0.0,0,2.1250000088457455e-06
aco_current,5,8343,87,21,2,0.0,0.0,0.0,0.0,0.09907747060060501,False,False,0.0,0.0,0.0,[],0.0,0.0,0,0.0,0,2.1250000088457455e-06
aco_current,5,8343,87,21,3,0.0,0.0,0.0,0.0,0.43936213850975037,False,False,0.0,0.0,0.0,[],0.0,0.0,0,0.0,0,2.1250000088457455e-06
aco_current,5,8343,87,21,4,0.0,0.0,0.0,0.0,0.20313307642936707,False,False,0.0,0.0,0.0,[],0.0,0.0,0,0.0,0,2.1250000088457455e-06
aco_current,5,8344,87,22,1,0.0,157.0,157.0,0.785,0.3487432599067688,False,False,0.0,157.0,0.0,[],0.0,0.0,0,0.0,0,3.4579999947936813e-06
aco_current,5,8344,87,22,2,0.0,0.0,0.0,0.0,0.09907747060060501,False,False,0.0,0.0,0.0,[],0.0,0.0,0,0.0,0,3.4579999947936813e-06
aco_current,5,8344,87,22,3,0.0,0.0,0.0,0.0,0.43936213850975037,False,False,0.0,0.0,0.0,[],0.0,0.0,0,0.0,0,3.4579999947936813e-06
aco_current,5,8344,87,22,4,0.0,0.0,0.0,0.0,0.20313307642936707,False,False,0.0,0.0,0.0,[],0.0,0.0,0,0.0,0,3.4579999947936813e-06
aco_current,5,8345,87,22,1,0.0,157.0,157.0,0.785,0.3487432599067688,False,False,0.0,157.0,0.0,[],0.0,0.0,0,0.0,0,2.3749999940037014e-06
aco_current,5,8345,87,22,2,0.0,0.0,0.0,0.0,0.09907747060060501,False,False,0.0,0.0,0.0,[],0.0,0.0,0,0.0,0,2.3749999940037014e-06
aco_current,5,8345,87,22,3,0.0,0.0,0.0,0.0,0.43936213850975037,False,False,0.0,0.0,0.0,[],0.0,0.0,0,0.0,0,2.3749999940037014e-06
aco_current,5,8345,87,22,4,0.0,0.0,0.0,0.0,0.20313307642936707,False,False,0.0,0.0,0.0,[],0.0,0.0,0,0.0,0,2.3749999940037014e-06
aco_current,5,8346,87,22,1,0.0,157.0,157.0,0.785,0.3487432599067688,False,False,0.0,157.0,0.0,[],0.0,0.0,0,0.0,0,3.750000004743015e-06
aco_current,5,8346,87,22,2,0.0,0.0,0.0,0.0,0.09907747060060501,False,False,0.0,0.0,0.0,[],0.0,0.0,0,0.0,0,3.750000004743015e-06
aco_current,5,8346,87,22,3,0.0,0.0,0.0,0.0,0.43936213850975037,False,False,0.0,0.0,0.0,[],0.0,0.0,0,0.0,0,3.750000004743015e-06
aco_current,5,8346,87,22,4,0.0,0.0,0.0,0.0,0.20313307642936707,False,False,0.0,0.0,0.0,[],0.0,0.0,0,0.0,0,3.750000004743015e-06
aco_current,5,8347,87,22,1,0.0,157.0,157.0,0.785,0.3487432599067688,False,False,0.0,157.0,0.0,[],0.0,0.0,0,0.0,0,2.292000004899819e-06
aco_current,5,8347,87,22,2,0.0,0.0,0.0,0.0,0.09907747060060501,False,False,0.0,0.0,0.0,[],0.0,0.0,0,0.0,0,2.292000004899819e-06
aco_current,5,8347,87,22,3,0.0,0.0,0.0,0.0,0.43936213850975037,False,False,0.0,0.0,0.0,[],0.0,0.0,0,0.0,0,2.292000004899819e-06
aco_current,5,8347,87,22,4,0.0,0.0,0.0,0.0,0.20313307642936707,False,False,0.0,0.0,0.0,[],0.0,0.0,0,0.0,0,2.292000004899819e-06
aco_current,5,8348,87,23,1,0.0,157.0,157.0,0.785,0.3487432599067688,False,False,0.0,157.0,0.0,[],0.0,0.0,0,0.0,0,2.0829999982652225e-06
aco_current,5,8348,87,23,2,0.0,0.0,0.0,0.0,0.09907747060060501,False,False,0.0,0.0,0.0,[],0.0,0.0,0,0.0,0,2.0829999982652225e-06
aco_current,5,8348,87,23,3,0.0,0.0,0.0,0.0,0.43936213850975037,False,False,0.0,0.0,0.0,[],0.0,0.0,0,0.0,0,2.0829999982652225e-06
aco_current,5,8348,87,23,4,0.0,0.0,0.0,0.0,0.20313307642936707,False,False,0.0,0.0,0.0,[],0.0,0.0,0,0.0,0,2.0829999982652225e-06
aco_current,5,8349,87,23,1,0.0,157.0,157.0,0.785,0.3487432599067688,False,False,0.0,157.0,0.0,[],0.0,0.0,0,0.0,0,3.2500000060053935e-06
aco_current,5,8349,87,23,2,0.0,0.0,0.0,0.0,0.09907747060060501,False,False,0.0,0.0,0.0,[],0.0,0.0,0,0.0,0,3.2500000060053935e-06
aco_current,5,8349,87,23,3,0.0,0.0,0.0,0.0,0.43936213850975037,False,False,0.0,0.0,0.0,[],0.0,0.0,0,0.0,0,3.2500000060053935e-06
aco_current,5,8349,87,23,4,0.0,0.0,0.0,0.0,0.20313307642936707,False,False,0.0,0.0,0.0,[],0.0,0.0,0,0.0,0,3.2500000060053935e-06
aco_current,5,8350,87,23,1,0.0,157.0,157.0,0.785,0.3487432599067688,False,False,0.0,157.0,0.0,[],0.0,0.0,0,0.0,0,1.917000005846603e-06
aco_current,5,8350,87,23,2,0.0,0.0,0.0,0.0,0.09907747060060501,False,False,0.0,0.0,0.0,[],0.0,0.0,0,0.0,0,1.917000005846603e-06
aco_current,5,8350,87,23,3,0.0,0.0,0.0,0.0,0.43936213850975037,False,False,0.0,0.0,0.0,[],0.0,0.0,0,0.0,0,1.917000005846603e-06
aco_current,5,8350,87,23,4,0.0,0.0,0.0,0.0,0.20313307642936707,False,False,0.0,0.0,0.0,[],0.0,0.0,0,0.0,0,1.917000005846603e-06
aco_current,5,8351,87,23,1,0.0,157.0,157.0,0.785,0.3487432599067688,False,False,0.0,157.0,0.0,[],0.0,0.0,0,0.0,0,6.458000001430264e-06
aco_current,5,8351,87,23,2,0.0,0.0,0.0,0.0,0.09907747060060501,False,False,0.0,0.0,0.0,[],0.0,0.0,0,0.0,0,6.458000001430264e-06
aco_current,5,8351,87,23,3,0.0,0.0,0.0,0.0,0.43936213850975037,False,False,0.0,0.0,0.0,[],0.0,0.0,0,0.0,0,6.458000001430264e-06
aco_current,5,8351,87,23,4,0.0,0.0,0.0,0.0,0.20313307642936707,False,False,0.0,0.0,0.0,[],0.0,0.0,0,0.0,0,6.458000001430264e-06
aco_current,5,8352,88,0,1,34.0,157.0,191.0,0.955,1.0,True,True,30.0,161.0,0.0,[1],10.0,10.0,1,10.0,0,0.010034708000006276
aco_current,5,8352,88,0,2,0.0,0.0,0.0,0.0,0.09907747060060501,False,False,0.0,0.0,0.0,[],10.0,10.0,1,10.0,0,0.010034708000006276
aco_current,5,8352,88,0,3,0.0,0.0,0.0,0.0,0.43936213850975037,False,False,0.0,0.0,0.0,[],10.0,10.0,1,10.0,0,0.010034708000006276
aco_current,5,8352,88,0,4,0.0,0.0,0.0,0.0,0.20313307642936707,False,False,0.0,0.0,0.0,[],10.0,10.0,1,10.0,0,0.010034708000006276
aco_current,5,8353,88,0,1,36.0,161.0,197.0,0.985,1.0,True,True,30.0,167.0,0.0,[1],10.0,10.0,1,10.0,0,0.010487041000004638
aco_current,5,8353,88,0,2,0.0,0.0,0.0,0.0,0.09907747060060501,False,False,0.0,0.0,0.0,[],10.0,10.0,1,10.0,0,0.010487041000004638
aco_current,5,8353,88,0,3,0.0,0.0,0.0,0.0,0.43936213850975037,False,False,0.0,0.0,0.0,[],10.0,10.0,1,10.0,0,0.010487041000004638
aco_current,5,8353,88,0,4,0.0,0.0,0.0,0.0,0.20313307642936707,False,False,0.0,0.0,0.0,[],10.0,10.0,1,10.0,0,0.010487041000004638
aco_current,5,8354,88,0,1,36.0,167.0,203.0,1.015,1.0,True,True,30.0,173.0,0.0,[1],10.0,10.0,1,10.0,0,0.009792415999996251
aco_current,5,8354,88,0,2,0.0,0.0,0.0,0.0,0.09907747060060501,False,False,0.0,0.0,0.0,[],10.0,10.0,1,10.0,0,0.009792415999996251
aco_current,5,8354,88,0,3,0.0,0.0,0.0,0.0,0.43936213850975037,False,False,0.0,0.0,0.0,[],10.0,10.0,1,10.0,0,0.009792415999996251
aco_current,5,8354,88,0,4,0.0,0.0,0.0,0.0,0.20313307642936707,False,False,0.0,0.0,0.0,[],10.0,10.0,1,10.0,0,0.009792415999996251
aco_current,5,8355,88,0,1,27.0,173.0,200.0,1.0,1.0,True,True,30.0,170.0,0.0,[1],10.0,10.0,1,10.0,0,0.010003915999988067
aco_current,5,8355,88,0,2,0.0,0.0,0.0,0.0,0.09907747060060501,False,False,0.0,0.0,0.0,[],10.0,10.0,1,10.0,0,0.010003915999988067
aco_current,5,8355,88,0,3,0.0,0.0,0.0,0.0,0.43936213850975037,False,False,0.0,0.0,0.0,[],10.0,10.0,1,10.0,0,0.010003915999988067
aco_current,5,8355,88,0,4,0.0,0.0,0.0,0.0,0.20313307642936707,False,False,0.0,0.0,0.0,[],10.0,10.0,1,10.0,0,0.010003915999988067
aco_current,5,8356,88,1,1,29.0,170.0,199.0,0.995,1.0,True,True,30.0,169.0,0.0,[1],10.0,10.0,1,10.0,0,0.009827083999994102
aco_current,5,8356,88,1,2,0.0,0.0,0.0,0.0,0.09907747060060501,False,False,0.0,0.0,0.0,[],10.0,10.0,1,10.0,0,0.009827083999994102
aco_current,5,8356,88,1,3,0.0,0.0,0.0,0.0,0.43936213850975037,False,False,0.0,0.0,0.0,[],10.0,10.0,1,10.0,0,0.009827083999994102
aco_current,5,8356,88,1,4,0.0,0.0,0.0,0.0,0.20313307642936707,False,False,0.0,0.0,0.0,[],10.0,10.0,1,10.0,0,0.009827083999994102
aco_current,5,8357,88,1,1,28.0,169.0,197.0,0.985,1.0,True,True,30.0,167.0,0.0,[1],10.0,10.0,1,10.0,0,0.009834333000000584
aco_current,5,8357,88,1,2,0.0,0.0,0.0,0.0,0.09907747060060501,False,False,0.0,0.0,0.0,[],10.0,10.0,1,10.0,0,0.009834333000000584
aco_current,5,8357,88,1,3,0.0,0.0,0.0,0.0,0.43936213850975037,False,False,0.0,0.0,0.0,[],10.0,10.0,1,10.0,0,0.009834333000000584
aco_current,5,8357,88,1,4,0.0,0.0,0.0,0.0,0.20313307642936707,False,False,0.0,0.0,0.0,[],10.0,10.0,1,10.0,0,0.009834333000000584
aco_current,5,8358,88,1,1,34.0,167.0,201.0,1.005,1.0,True,True,30.0,171.0,0.0,[1],10.0,10.0,1,10.0,0,0.009901834000004328
aco_current,5,8358,88,1,2,0.0,0.0,0.0,0.0,0.09907747060060501,False,False,0.0,0.0,0.0,[],10.0,10.0,1,10.0,0,0.009901834000004328
aco_current,5,8358,88,1,3,0.0,0.0,0.0,0.0,0.43936213850975037,False,False,0.0,0.0,0.0,[],10.0,10.0,1,10.0,0,0.009901834000004328
aco_current,5,8358,88,1,4,0.0,0.0,0.0,0.0,0.20313307642936707,False,False,0.0,0.0,0.0,[],10.0,10.0,1,10.0,0,0.009901834000004328
aco_current,5,8359,88,1,1,40.0,171.0,211.0,1.055,1.0,True,True,30.0,181.0,0.0,[1],10.0,10.0,1,10.0,0,0.009896624999996106
aco_current,5,8359,88,1,2,0.0,0.0,0.0,0.0,0.09907747060060501,False,False,0.0,0.0,0.0,[],10.0,10.0,1,10.0,0,0.009896624999996106
aco_current,5,8359,88,1,3,0.0,0.0,0.0,0.0,0.43936213850975037,False,False,0.0,0.0,0.0,[],10.0,10.0,1,10.0,0,0.009896624999996106
aco_current,5,8359,88,1,4,0.0,0.0,0.0,0.0,0.20313307642936707,False,False,0.0,0.0,0.0,[],10.0,10.0,1,10.0,0,0.009896624999996106
aco_current,5,8360,88,2,1,42.0,181.0,223.0,1.115,1.0,True,True,30.0,193.0,0.0,[1],10.0,10.0,1,10.0,0,0.010522667000003594
aco_current,5,8360,88,2,2,0.0,0.0,0.0,0.0,0.09907747060060501,False,False,0.0,0.0,0.0,[],10.0,10.0,1,10.0,0,0.010522667000003594
aco_current,5,8360,88,2,3,0.0,0.0,0.0,0.0,0.43936213850975037,False,False,0.0,0.0,0.0,[],10.0,10.0,1,10.0,0,0.010522667000003594
aco_current,5,8360,88,2,4,0.0,0.0,0.0,0.0,0.20313307642936707,False,False,0.0,0.0,0.0,[],10.0,10.0,1,10.0,0,0.010522667000003594
aco_current,5,8361,88,2,1,40.0,193.0,233.0,1.165,1.0,True,True,30.0,200.0,3.0,[1],10.0,10.0,1,10.0,0,0.010515666999992845
aco_current,5,8361,88,2,2,0.0,0.0,0.0,0.0,0.09907747060060501,False,False,0.0,0.0,0.0,[],10.0,10.0,1,10.0,0,0.010515666999992845
aco_current,5,8361,88,2,3,0.0,0.0,0.0,0.0,0.43936213850975037,False,False,0.0,0.0,0.0,[],10.0,10.0,1,10.0,0,0.010515666999992845
aco_current,5,8361,88,2,4,0.0,0.0,0.0,0.0,0.20313307642936707,False,False,0.0,0.0,0.0,[],10.0,10.0,1,10.0,0,0.010515666999992845
aco_current,5,8362,88,2,1,41.0,200.0,241.0,1.205,1.0,True,True,30.0,200.0,11.0,[1],10.0,10.0,1,10.0,0,0.011161457999989466
aco_current,5,8362,88,2,2,0.0,0.0,0.0,0.0,0.09907747060060501,False,False,0.0,0.0,0.0,[],10.0,10.0,1,10.0,0,0.011161457999989466
aco_current,5,8362,88,2,3,0.0,0.0,0.0,0.0,0.43936213850975037,False,False,0.0,0.0,0.0,[],10.0,10.0,1,10.0,0,0.011161457999989466
aco_current,5,8362,88,2,4,0.0,0.0,0.0,0.0,0.20313307642936707,False,False,0.0,0.0,0.0,[],10.0,10.0,1,10.0,0,0.011161457999989466
aco_current,5,8363,88,2,1,41.0,200.0,241.0,1.205,1.0,True,True,30.0,200.0,11.0,[1],10.0,10.0,1,10.0,0,0.009950833000004877
aco_current,5,8363,88,2,2,0.0,0.0,0.0,0.0,0.09907747060060501,False,False,0.0,0.0,0.0,[],10.0,10.0,1,10.0,0,0.009950833000004877
aco_current,5,8363,88,2,3,0.0,0.0,0.0,0.0,0.43936213850975037,False,False,0.0,0.0,0.0,[],10.0,10.0,1,10.0,0,0.009950833000004877
aco_current,5,8363,88,2,4,0.0,0.0,0.0,0.0,0.20313307642936707,False,False,0.0,0.0,0.0,[],10.0,10.0,1,10.0,0,0.009950833000004877
aco_current,5,8364,88,3,1,40.0,200.0,240.0,1.2,1.0,True,True,30.0,200.0,10.0,[1],10.0,10.0,1,10.0,0,0.010469999999997981
aco_current,5,8364,88,3,2,0.0,0.0,0.0,0.0,0.09907747060060501,False,False,0.0,0.0,0.0,[],10.0,10.0,1,10.0,0,0.010469999999997981
aco_current,5,8364,88,3,3,0.0,0.0,0.0,0.0,0.43936213850975037,False,False,0.0,0.0,0.0,[],10.0,10.0,1,10.0,0,0.010469999999997981
aco_current,5,8364,88,3,4,0.0,0.0,0.0,0.0,0.20313307642936707,False,False,0.0,0.0,0.0,[],10.0,10.0,1,10.0,0,0.010469999999997981
aco_current,5,8365,88,3,1,41.0,200.0,241.0,1.205,1.0,True,True,30.0,200.0,11.0,[1],10.0,10.0,1,10.0,0,0.01026608399999418
aco_current,5,8365,88,3,2,0.0,0.0,0.0,0.0,0.09907747060060501,False,False,0.0,0.0,0.0,[],10.0,10.0,1,10.0,0,0.01026608399999418
aco_current,5,8365,88,3,3,0.0,0.0,0.0,0.0,0.43936213850975037,False,False,0.0,0.0,0.0,[],10.0,10.0,1,10.0,0,0.01026608399999418
aco_current,5,8365,88,3,4,0.0,0.0,0.0,0.0,0.20313307642936707,False,False,0.0,0.0,0.0,[],10.0,10.0,1,10.0,0,0.01026608399999418
aco_current,5,8366,88,3,1,40.0,200.0,240.0,1.2,1.0,True,True,30.0,200.0,10.0,[1],10.0,10.0,1,10.0,0,0.009631291000005149
aco_current,5,8366,88,3,2,0.0,0.0,0.0,0.0,0.09907747060060501,False,False,0.0,0.0,0.0,[],10.0,10.0,1,10.0,0,0.009631291000005149
aco_current,5,8366,88,3,3,0.0,0.0,0.0,0.0,0.43936213850975037,False,False,0.0,0.0,0.0,[],10.0,10.0,1,10.0,0,0.009631291000005149
aco_current,5,8366,88,3,4,0.0,0.0,0.0,0.0,0.20313307642936707,False,False,0.0,0.0,0.0,[],10.0,10.0,1,10.0,0,0.009631291000005149
aco_current,5,8367,88,3,1,31.0,200.0,231.0,1.155,1.0,True,True,30.0,200.0,1.0,[1],10.0,10.0,1,10.0,0,0.010285291999991841
aco_current,5,8367,88,3,2,0.0,0.0,0.0,0.0,0.09907747060060501,False,False,0.0,0.0,0.0,[],10.0,10.0,1,10.0,0,0.010285291999991841
aco_current,5,8367,88,3,3,0.0,0.0,0.0,0.0,0.43936213850975037,False,False,0.0,0.0,0.0,[],10.0,10.0,1,10.0,0,0.010285291999991841
aco_current,5,8367,88,3,4,0.0,0.0,0.0,0.0,0.20313307642936707,False,False,0.0,0.0,0.0,[],10.0,10.0,1,10.0,0,0.010285291999991841
aco_current,5,8368,88,4,1,27.0,200.0,227.0,1.135,1.0,True,True,30.0,197.0,0.0,[1],10.0,10.0,1,10.0,0,0.009981249999995612
aco_current,5,8368,88,4,2,0.0,0.0,0.0,0.0,0.09907747060060501,False,False,0.0,0.0,0.0,[],10.0,10.0,1,10.0,0,0.009981249999995612
aco_current,5,8368,88,4,3,0.0,0.0,0.0,0.0,0.43936213850975037,False,False,0.0,0.0,0.0,[],10.0,10.0,1,10.0,0,0.009981249999995612
aco_current,5,8368,88,4,4,0.0,0.0,0.0,0.0,0.20313307642936707,False,False,0.0,0.0,0.0,[],10.0,10.0,1,10.0,0,0.009981249999995612
aco_current,5,8369,88,4,1,27.0,197.0,224.0,1.12,1.0,True,True,30.0,194.0,0.0,[1],10.0,10.0,1,10.0,0,0.009772415999989903
aco_current,5,8369,88,4,2,0.0,0.0,0.0,0.0,0.09907747060060501,False,False,0.0,0.0,0.0,[],10.0,10.0,1,10.0,0,0.009772415999989903
aco_current,5,8369,88,4,3,0.0,0.0,0.0,0.0,0.43936213850975037,False,False,0.0,0.0,0.0,[],10.0,10.0,1,10.0,0,0.009772415999989903
aco_current,5,8369,88,4,4,0.0,0.0,0.0,0.0,0.20313307642936707,False,False,0.0,0.0,0.0,[],10.0,10.0,1,10.0,0,0.009772415999989903
aco_current,5,8370,88,4,1,27.0,194.0,221.0,1.105,1.0,True,True,30.0,191.0,0.0,[1],10.0,10.0,1,10.0,0,0.009857624999995096
aco_current,5,8370,88,4,2,0.0,0.0,0.0,0.0,0.09907747060060501,False,False,0.0,0.0,0.0,[],10.0,10.0,1,10.0,0,0.009857624999995096
aco_current,5,8370,88,4,3,0.0,0.0,0.0,0.0,0.43936213850975037,False,False,0.0,0.0,0.0,[],10.0,10.0,1,10.0,0,0.009857624999995096
aco_current,5,8370,88,4,4,0.0,0.0,0.0,0.0,0.20313307642936707,False,False,0.0,0.0,0.0,[],10.0,10.0,1,10.0,0,0.009857624999995096
aco_current,5,8371,88,4,1,26.0,191.0,217.0,1.085,1.0,True,True,30.0,187.0,0.0,[1],10.0,10.0,1,10.0,0,0.010172209000003818
aco_current,5,8371,88,4,2,0.0,0.0,0.0,0.0,0.09907747060060501,False,False,0.0,0.0,0.0,[],10.0,10.0,1,10.0,0,0.010172209000003818
aco_current,5,8371,88,4,3,0.0,0.0,0.0,0.0,0.43936213850975037,False,False,0.0,0.0,0.0,[],10.0,10.0,1,10.0,0,0.010172209000003818
aco_current,5,8371,88,4,4,0.0,0.0,0.0,0.0,0.20313307642936707,False,False,0.0,0.0,0.0,[],10.0,10.0,1,10.0,0,0.010172209000003818
aco_current,5,8372,88,5,1,27.0,187.0,214.0,1.07,1.0,True,True,30.0,184.0,0.0,[1],10.0,10.0,1,10.0,0,0.010242375000004245
aco_current,5,8372,88,5,2,0.0,0.0,0.0,0.0,0.09907747060060501,False,False,0.0,0.0,0.0,[],10.0,10.0,1,10.0,0,0.010242375000004245
aco_current,5,8372,88,5,3,0.0,0.0,0.0,0.0,0.43936213850975037,False,False,0.0,0.0,0.0,[],10.0,10.0,1,10.0,0,0.010242375000004245
aco_current,5,8372,88,5,4,0.0,0.0,0.0,0.0,0.20313307642936707,False,False,0.0,0.0,0.0,[],10.0,10.0,1,10.0,0,0.010242375000004245
aco_current,5,8373,88,5,1,27.0,184.0,211.0,1.055,1.0,True,True,30.0,181.0,0.0,[1],10.0,10.0,1,10.0,0,0.01049312499999644
aco_current,5,8373,88,5,2,0.0,0.0,0.0,0.0,0.09907747060060501,False,False,0.0,0.0,0.0,[],10.0,10.0,1,10.0,0,0.01049312499999644
aco_current,5,8373,88,5,3,0.0,0.0,0.0,0.0,0.43936213850975037,False,False,0.0,0.0,0.0,[],10.0,10.0,1,10.0,0,0.01049312499999644
aco_current,5,8373,88,5,4,0.0,0.0,0.0,0.0,0.20313307642936707,False,False,0.0,0.0,0.0,[],10.0,10.0,1,10.0,0,0.01049312499999644
aco_current,5,8374,88,5,1,26.0,181.0,207.0,1.035,1.0,True,True,30.0,177.0,0.0,[1],10.0,10.0,1,10.0,0,0.010029625000001374
aco_current,5,8374,88,5,2,0.0,0.0,0.0,0.0,0.09907747060060501,False,False,0.0,0.0,0.0,[],10.0,10.0,1,10.0,0,0.010029625000001374
aco_current,5,8374,88,5,3,0.0,0.0,0.0,0.0,0.43936213850975037,False,False,0.0,0.0,0.0,[],10.0,10.0,1,10.0,0,0.010029625000001374
aco_current,5,8374,88,5,4,0.0,0.0,0.0,0.0,0.20313307642936707,False,False,0.0,0.0,0.0,[],10.0,10.0,1,10.0,0,0.010029625000001374
aco_current,5,8375,88,5,1,27.0,177.0,204.0,1.02,1.0,True,True,30.0,174.0,0.0,[1],10.0,10.0,1,10.0,0,0.010063582999990217
aco_current,5,8375,88,5,2,0.0,0.0,0.0,0.0,0.09907747060060501,False,False,0.0,0.0,0.0,[],10.0,10.0,1,10.0,0,0.010063582999990217
aco_current,5,8375,88,5,3,0.0,0.0,0.0,0.0,0.43936213850975037,False,False,0.0,0.0,0.0,[],10.0,10.0,1,10.0,0,0.010063582999990217
aco_current,5,8375,88,5,4,0.0,0.0,0.0,0.0,0.20313307642936707,False,False,0.0,0.0,0.0,[],10.0,10.0,1,10.0,0,0.010063582999990217
aco_current,5,8376,88,6,1,27.0,174.0,201.0,1.005,1.0,True,True,30.0,171.0,0.0,[1],10.0,10.0,1,10.0,0,0.01010837499998729
aco_current,5,8376,88,6,2,0.0,0.0,0.0,0.0,0.09907747060060501,False,False,0.0,0.0,0.0,[],10.0,10.0,1,10.0,0,0.01010837499998729
aco_current,5,8376,88,6,3,0.0,0.0,0.0,0.0,0.43936213850975037,False,False,0.0,0.0,0.0,[],10.0,10.0,1,10.0,0,0.01010837499998729
aco_current,5,8376,88,6,4,0.0,0.0,0.0,0.0,0.20313307642936707,False,False,0.0,0.0,0.0,[],10.0,10.0,1,10.0,0,0.01010837499998729
aco_current,5,8377,88,6,1,25.0,171.0,196.0,0.98,1.0,True,True,30.0,166.0,0.0,[1],10.0,10.0,1,10.0,0,0.010037959000001706
aco_current,5,8377,88,6,2,0.0,0.0,0.0,0.0,0.09907747060060501,False,False,0.0,0.0,0.0,[],10.0,10.0,1,10.0,0,0.010037959000001706
aco_current,5,8377,88,6,3,0.0,0.0,0.0,0.0,0.43936213850975037,False,False,0.0,0.0,0.0,[],10.0,10.0,1,10.0,0,0.010037959000001706
aco_current,5,8377,88,6,4,0.0,0.0,0.0,0.0,0.20313307642936707,False,False,0.0,0.0,0.0,[],10.0,10.0,1,10.0,0,0.010037959000001706
aco_current,5,8378,88,6,1,27.0,166.0,193.0,0.965,1.0,True,True,30.0,163.0,0.0,[1],10.0,10.0,1,10.0,0,0.009885250000010615
aco_current,5,8378,88,6,2,0.0,0.0,0.0,0.0,0.09907747060060501,False,False,0.0,0.0,0.0,[],10.0,10.0,1,10.0,0,0.009885250000010615
aco_current,5,8378,88,6,3,0.0,0.0,0.0,0.0,0.43936213850975037,False,False,0.0,0.0,0.0,[],10.0,10.0,1,10.0,0,0.009885250000010615
aco_current,5,8378,88,6,4,0.0,0.0,0.0,0.0,0.20313307642936707,False,False,0.0,0.0,0.0,[],10.0,10.0,1,10.0,0,0.009885250000010615
aco_current,5,8379,88,6,1,20.0,163.0,183.0,0.915,0.9999998807907104,True,True,30.0,153.0,0.0,[1],10.0,10.0,1,10.0,0,0.009604624999994371
aco_current,5,8379,88,6,2,0.0,0.0,0.0,0.0,0.09907747060060501,False,False,0.0,0.0,0.0,[],10.0,10.0,1,10.0,0,0.009604624999994371
aco_current,5,8379,88,6,3,0.0,0.0,0.0,0.0,0.43936213850975037,False,False,0.0,0.0,0.0,[],10.0,10.0,1,10.0,0,0.009604624999994371
aco_current,5,8379,88,6,4,0.0,0.0,0.0,0.0,0.20313307642936707,False,False,0.0,0.0,0.0,[],10.0,10.0,1,10.0,0,0.009604624999994371
aco_current,5,8380,88,7,1,19.0,153.0,172.0,0.86,0.9999966621398926,True,True,30.0,142.0,0.0,[1],10.0,10.0,1,10.0,0,0.010229000000009592
aco_current,5,8380,88,7,2,0.0,0.0,0.0,0.0,0.09907747060060501,False,False,0.0,0.0,0.0,[],10.0,10.0,1,10.0,0,0.010229000000009592
aco_current,5,8380,88,7,3,0.0,0.0,0.0,0.0,0.43936213850975037,False,False,0.0,0.0,0.0,[],10.0,10.0,1,10.0,0,0.010229000000009592
aco_current,5,8380,88,7,4,0.0,0.0,0.0,0.0,0.20313307642936707,False,False,0.0,0.0,0.0,[],10.0,10.0,1,10.0,0,0.010229000000009592
aco_current,5,8381,88,7,1,19.0,142.0,161.0,0.805,0.9999404549598694,True,True,30.0,131.0,0.0,[1],10.0,10.0,1,10.0,0,0.009929791999994109
aco_current,5,8381,88,7,2,0.0,0.0,0.0,0.0,0.09907747060060501,False,False,0.0,0.0,0.0,[],10.0,10.0,1,10.0,0,0.009929791999994109
aco_current,5,8381,88,7,3,0.0,0.0,0.0,0.0,0.43936213850975037,False,False,0.0,0.0,0.0,[],10.0,10.0,1,10.0,0,0.009929791999994109
aco_current,5,8381,88,7,4,0.0,0.0,0.0,0.0,0.20313307642936707,False,False,0.0,0.0,0.0,[],10.0,10.0,1,10.0,0,0.009929791999994109
aco_current,5,8382,88,7,1,19.0,131.0,150.0,0.75,0.9993963837623596,False,False,0.0,150.0,0.0,[],0.0,0.0,0,0.0,0,3.87500000442742e-06
aco_current,5,8382,88,7,2,0.0,0.0,0.0,0.0,0.09907747060060501,False,False,0.0,0.0,0.0,[],0.0,0.0,0,0.0,0,3.87500000442742e-06
aco_current,5,8382,88,7,3,0.0,0.0,0.0,0.0,0.43936213850975037,False,False,0.0,0.0,0.0,[],0.0,0.0,0,0.0,0,3.87500000442742e-06
aco_current,5,8382,88,7,4,0.0,0.0,0.0,0.0,0.20313307642936707,False,False,0.0,0.0,0.0,[],0.0,0.0,0,0.0,0,3.87500000442742e-06
aco_current,5,8383,88,7,1,19.0,150.0,169.0,0.845,0.9999920725822449,True,True,30.0,139.0,0.0,[1],10.0,10.0,1,10.0,0,0.011188541999999302
aco_current,5,8383,88,7,2,0.0,0.0,0.0,0.0,0.09907747060060501,False,False,0.0,0.0,0.0,[],10.0,10.0,1,10.0,0,0.011188541999999302
aco_current,5,8383,88,7,3,0.0,0.0,0.0,0.0,0.43936213850975037,False,False,0.0,0.0,0.0,[],10.0,10.0,1,10.0,0,0.011188541999999302
aco_current,5,8383,88,7,4,0.0,0.0,0.0,0.0,0.20313307642936707,False,False,0.0,0.0,0.0,[],10.0,10.0,1,10.0,0,0.011188541999999302
aco_current,5,8384,88,8,1,19.0,139.0,158.0,0.79,0.9998672604560852,False,False,0.0,158.0,0.0,[],0.0,0.0,0,0.0,0,6.375000012326382e-06
aco_current,5,8384,88,8,2,0.0,0.0,0.0,0.0,0.09907747060060501,False,False,0.0,0.0,0.0,[],0.0,0.0,0,0.0,0,6.375000012326382e-06
aco_current,5,8384,88,8,3,0.0,0.0,0.0,0.0,0.43936213850975037,False,False,0.0,0.0,0.0,[],0.0,0.0,0,0.0,0,6.375000012326382e-06
aco_current,5,8384,88,8,4,0.0,0.0,0.0,0.0,0.20313307642936707,False,False,0.0,0.0,0.0,[],0.0,0.0,0,0.0,0,6.375000012326382e-06
aco_current,5,8385,88,8,1,19.0,158.0,177.0,0.885,0.9999990463256836,True,True,30.0,147.0,0.0,[1],10.0,10.0,1,10.0,0,0.011276084000002129
aco_current,5,8385,88,8,2,0.0,0.0,0.0,0.0,0.09907747060060501,False,False,0.0,0.0,0.0,[],10.0,10.0,1,10.0,0,0.011276084000002129
aco_current,5,8385,88,8,3,0.0,0.0,0.0,0.0,0.43936213850975037,False,False,0.0,0.0,0.0,[],10.0,10.0,1,10.0,0,0.011276084000002129
aco_current,5,8385,88,8,4,0.0,0.0,0.0,0.0,0.20313307642936707,False,False,0.0,0.0,0.0,[],10.0,10.0,1,10.0,0,0.011276084000002129
aco_current,5,8386,88,8,1,18.0,147.0,165.0,0.825,0.9999682903289795,True,True,30.0,135.0,0.0,[1],10.0,10.0,1,10.0,0,0.01025191700000505
aco_current,5,8386,88,8,2,0.0,0.0,0.0,0.0,0.09907747060060501,False,False,0.0,0.0,0.0,[],10.0,10.0,1,10.0,0,0.01025191700000505
aco_current,5,8386,88,8,3,0.0,0.0,0.0,0.0,0.43936213850975037,False,False,0.0,0.0,0.0,[],10.0,10.0,1,10.0,0,0.01025191700000505
aco_current,5,8386,88,8,4,0.0,0.0,0.0,0.0,0.20313307642936707,False,False,0.0,0.0,0.0,[],10.0,10.0,1,10.0,0,0.01025191700000505
aco_current,5,8387,88,8,1,21.0,135.0,156.0,0.78,0.9998970031738281,False,False,0.0,156.0,0.0,[],0.0,0.0,0,0.0,0,4.29099999621485e-06
aco_current,5,8387,88,8,2,0.0,0.0,0.0,0.0,0.09907747060060501,False,False,0.0,0.0,0.0,[],0.0,0.0,0,0.0,0,4.29099999621485e-06
aco_current,5,8387,88,8,3,0.0,0.0,0.0,0.0,0.43936213850975037,False,False,0.0,0.0,0.0,[],0.0,0.0,0,0.0,0,4.29099999621485e-06
aco_current,5,8387,88,8,4,0.0,0.0,0.0,0.0,0.20313307642936707,False,False,0.0,0.0,0.0,[],0.0,0.0,0,0.0,0,4.29099999621485e-06
aco_current,5,8388,88,9,1,23.0,156.0,179.0,0.895,0.9999998807907104,True,True,30.0,149.0,0.0,[1],10.0,10.0,1,10.0,0,0.009738124999998377
aco_current,5,8388,88,9,2,0.0,0.0,0.0,0.0,0.09907747060060501,False,False,0.0,0.0,0.0,[],10.0,10.0,1,10.0,0,0.009738124999998377
aco_current,5,8388,88,9,3,0.0,0.0,0.0,0.0,0.43936213850975037,False,False,0.0,0.0,0.0,[],10.0,10.0,1,10.0,0,0.009738124999998377
aco_current,5,8388,88,9,4,0.0,0.0,0.0,0.0,0.20313307642936707,False,False,0.0,0.0,0.0,[],10.0,10.0,1,10.0,0,0.009738124999998377
aco_current,5,8389,88,9,1,22.0,149.0,171.0,0.855,0.9999983906745911,True,True,30.0,141.0,0.0,[1],10.0,10.0,1,10.0,0,0.010294209000008436
aco_current,5,8389,88,9,2,0.0,0.0,0.0,0.0,0.09907747060060501,False,False,0.0,0.0,0.0,[],10.0,10.0,1,10.0,0,0.010294209000008436
aco_current,5,8389,88,9,3,0.0,0.0,0.0,0.0,0.43936213850975037,False,False,0.0,0.0,0.0,[],10.0,10.0,1,10.0,0,0.010294209000008436
aco_current,5,8389,88,9,4,0.0,0.0,0.0,0.0,0.20313307642936707,False,False,0.0,0.0,0.0,[],10.0,10.0,1,10.0,0,0.010294209000008436
aco_current,5,8390,88,9,1,23.0,141.0,164.0,0.82,0.9999933242797852,True,True,30.0,134.0,0.0,[1],10.0,10.0,1,10.0,0,0.010115958000000091
aco_current,5,8390,88,9,2,0.0,0.0,0.0,0.0,0.09907747060060501,False,False,0.0,0.0,0.0,[],10.0,10.0,1,10.0,0,0.010115958000000091
aco_current,5,8390,88,9,3,0.0,0.0,0.0,0.0,0.43936213850975037,False,False,0.0,0.0,0.0,[],10.0,10.0,1,10.0,0,0.010115958000000091
aco_current,5,8390,88,9,4,0.0,0.0,0.0,0.0,0.20313307642936707,False,False,0.0,0.0,0.0,[],10.0,10.0,1,10.0,0,0.010115958000000091
aco_current,5,8391,88,9,1,23.0,134.0,157.0,0.785,0.9999595880508423,False,False,0.0,157.0,0.0,[],0.0,0.0,0,0.0,0,3.832999993846897e-06
aco_current,5,8391,88,9,2,0.0,0.0,0.0,0.0,0.09907747060060501,False,False,0.0,0.0,0.0,[],0.0,0.0,0,0.0,0,3.832999993846897e-06
aco_current,5,8391,88,9,3,0.0,0.0,0.0,0.0,0.43936213850975037,False,False,0.0,0.0,0.0,[],0.0,0.0,0,0.0,0,3.832999993846897e-06
aco_current,5,8391,88,9,4,0.0,0.0,0.0,0.0,0.20313307642936707,False,False,0.0,0.0,0.0,[],0.0,0.0,0,0.0,0,3.832999993846897e-06
aco_current,5,8392,88,10,1,23.0,157.0,180.0,0.9,0.9999998807907104,True,True,30.0,150.0,0.0,[1],10.0,10.0,1,10.0,0,0.010146125000005668
aco_current,5,8392,88,10,2,0.0,0.0,0.0,0.0,0.09907747060060501,False,False,0.0,0.0,0.0,[],10.0,10.0,1,10.0,0,0.010146125000005668
aco_current,5,8392,88,10,3,0.0,0.0,0.0,0.0,0.43936213850975037,False,False,0.0,0.0,0.0,[],10.0,10.0,1,10.0,0,0.010146125000005668
aco_current,5,8392,88,10,4,0.0,0.0,0.0,0.0,0.20313307642936707,False,False,0.0,0.0,0.0,[],10.0,10.0,1,10.0,0,0.010146125000005668
aco_current,5,8393,88,10,1,14.0,150.0,164.0,0.82,0.9998411536216736,True,True,30.0,134.0,0.0,[1],10.0,10.0,1,10.0,0,0.009984750000000986
aco_current,5,8393,88,10,2,0.0,0.0,0.0,0.0,0.09907747060060501,False,False,0.0,0.0,0.0,[],10.0,10.0,1,10.0,0,0.009984750000000986
aco_current,5,8393,88,10,3,0.0,0.0,0.0,0.0,0.43936213850975037,False,False,0.0,0.0,0.0,[],10.0,10.0,1,10.0,0,0.009984750000000986
aco_current,5,8393,88,10,4,0.0,0.0,0.0,0.0,0.20313307642936707,False,False,0.0,0.0,0.0,[],10.0,10.0,1,10.0,0,0.009984750000000986
aco_current,5,8394,88,10,1,13.0,134.0,147.0,0.735,0.9930466413497925,False,False,0.0,147.0,0.0,[],0.0,0.0,0,0.0,0,3.7910000116880838e-06
aco_current,5,8394,88,10,2,0.0,0.0,0.0,0.0,0.09907747060060501,False,False,0.0,0.0,0.0,[],0.0,0.0,0,0.0,0,3.7910000116880838e-06
aco_current,5,8394,88,10,3,0.0,0.0,0.0,0.0,0.43936213850975037,False,False,0.0,0.0,0.0,[],0.0,0.0,0,0.0,0,3.7910000116880838e-06
aco_current,5,8394,88,10,4,0.0,0.0,0.0,0.0,0.20313307642936707,False,False,0.0,0.0,0.0,[],0.0,0.0,0,0.0,0,3.7910000116880838e-06
aco_current,5,8395,88,10,1,13.0,147.0,160.0,0.8,0.9992989897727966,True,True,30.0,130.0,0.0,[1],10.0,10.0,1,10.0,0,0.010155374999996525
aco_current,5,8395,88,10,2,0.0,0.0,0.0,0.0,0.09907747060060501,False,False,0.0,0.0,0.0,[],10.0,10.0,1,10.0,0,0.010155374999996525
aco_current,5,8395,88,10,3,0.0,0.0,0.0,0.0,0.43936213850975037,False,False,0.0,0.0,0.0,[],10.0,10.0,1,10.0,0,0.010155374999996525
aco_current,5,8395,88,10,4,0.0,0.0,0.0,0.0,0.20313307642936707,False,False,0.0,0.0,0.0,[],10.0,10.0,1,10.0,0,0.010155374999996525
aco_current,5,8396,88,11,1,12.0,130.0,142.0,0.71,0.9826803207397461,False,False,0.0,142.0,0.0,[],0.0,0.0,0,0.0,0,3.74999999053216e-06
aco_current,5,8396,88,11,2,0.0,0.0,0.0,0.0,0.09907747060060501,False,False,0.0,0.0,0.0,[],0.0,0.0,0,0.0,0,3.74999999053216e-06
aco_current,5,8396,88,11,3,0.0,0.0,0.0,0.0,0.43936213850975037,False,False,0.0,0.0,0.0,[],0.0,0.0,0,0.0,0,3.74999999053216e-06
aco_current,5,8396,88,11,4,0.0,0.0,0.0,0.0,0.20313307642936707,False,False,0.0,0.0,0.0,[],0.0,0.0,0,0.0,0,3.74999999053216e-06
aco_current,5,8397,88,11,1,13.0,142.0,155.0,0.775,0.9976739287376404,False,False,0.0,155.0,0.0,[],0.0,0.0,0,0.0,0,2.4579999973184385e-06
aco_current,5,8397,88,11,2,0.0,0.0,0.0,0.0,0.09907747060060501,False,False,0.0,0.0,0.0,[],0.0,0.0,0,0.0,0,2.4579999973184385e-06
aco_current,5,8397,88,11,3,0.0,0.0,0.0,0.0,0.43936213850975037,False,False,0.0,0.0,0.0,[],0.0,0.0,0,0.0,0,2.4579999973184385e-06
aco_current,5,8397,88,11,4,0.0,0.0,0.0,0.0,0.20313307642936707,False,False,0.0,0.0,0.0,[],0.0,0.0,0,0.0,0,2.4579999973184385e-06
aco_current,5,8398,88,11,1,19.0,155.0,174.0,0.87,0.999997615814209,True,True,30.0,144.0,0.0,[1],10.0,10.0,1,10.0,0,0.009893958000006364
aco_current,5,8398,88,11,2,0.0,0.0,0.0,0.0,0.09907747060060501,False,False,0.0,0.0,0.0,[],10.0,10.0,1,10.0,0,0.009893958000006364
aco_current,5,8398,88,11,3,0.0,0.0,0.0,0.0,0.43936213850975037,False,False,0.0,0.0,0.0,[],10.0,10.0,1,10.0,0,0.009893958000006364
aco_current,5,8398,88,11,4,0.0,0.0,0.0,0.0,0.20313307642936707,False,False,0.0,0.0,0.0,[],10.0,10.0,1,10.0,0,0.009893958000006364
aco_current,5,8399,88,11,1,40.0,144.0,184.0,0.92,1.0,True,True,30.0,154.0,0.0,[1],10.0,10.0,1,10.0,0,0.009559707999997613
aco_current,5,8399,88,11,2,0.0,0.0,0.0,0.0,0.09907747060060501,False,False,0.0,0.0,0.0,[],10.0,10.0,1,10.0,0,0.009559707999997613
aco_current,5,8399,88,11,3,0.0,0.0,0.0,0.0,0.43936213850975037,False,False,0.0,0.0,0.0,[],10.0,10.0,1,10.0,0,0.009559707999997613
aco_current,5,8399,88,11,4,0.0,0.0,0.0,0.0,0.20313307642936707,False,False,0.0,0.0,0.0,[],10.0,10.0,1,10.0,0,0.009559707999997613
aco_current,5,8400,88,12,1,47.0,154.0,201.0,1.005,1.0,True,True,30.0,171.0,0.0,[1],10.0,10.0,1,10.0,0,0.00994783299999824
aco_current,5,8400,88,12,2,0.0,0.0,0.0,0.0,0.09907747060060501,False,False,0.0,0.0,0.0,[],10.0,10.0,1,10.0,0,0.00994783299999824
aco_current,5,8400,88,12,3,0.0,0.0,0.0,0.0,0.43936213850975037,False,False,0.0,0.0,0.0,[],10.0,10.0,1,10.0,0,0.00994783299999824
aco_current,5,8400,88,12,4,0.0,0.0,0.0,0.0,0.20313307642936707,False,False,0.0,0.0,0.0,[],10.0,10.0,1,10.0,0,0.00994783299999824
aco_current,5,8401,88,12,1,39.0,171.0,210.0,1.05,1.0,True,True,30.0,180.0,0.0,[1],10.0,10.0,1,10.0,0,0.009833833000001846
aco_current,5,8401,88,12,2,0.0,0.0,0.0,0.0,0.09907747060060501,False,False,0.0,0.0,0.0,[],10.0,10.0,1,10.0,0,0.009833833000001846
aco_current,5,8401,88,12,3,0.0,0.0,0.0,0.0,0.43936213850975037,False,False,0.0,0.0,0.0,[],10.0,10.0,1,10.0,0,0.009833833000001846
aco_current,5,8401,88,12,4,0.0,0.0,0.0,0.0,0.20313307642936707,False,False,0.0,0.0,0.0,[],10.0,10.0,1,10.0,0,0.009833833000001846
aco_current,5,8402,88,12,1,60.0,180.0,240.0,1.2,1.0,True,True,30.0,200.0,10.0,[1],10.0,10.0,1,10.0,0,0.009981999999993718
aco_current,5,8402,88,12,2,0.0,0.0,0.0,0.0,0.09907747060060501,False,False,0.0,0.0,0.0,[],10.0,10.0,1,10.0,0,0.009981999999993718
aco_current,5,8402,88,12,3,0.0,0.0,0.0,0.0,0.43936213850975037,False,False,0.0,0.0,0.0,[],10.0,10.0,1,10.0,0,0.009981999999993718
aco_current,5,8402,88,12,4,0.0,0.0,0.0,0.0,0.20313307642936707,False,False,0.0,0.0,0.0,[],10.0,10.0,1,10.0,0,0.009981999999993718
aco_current,5,8403,88,12,1,82.0,200.0,282.0,1.41,1.0,True,True,30.0,200.0,52.0,[1],10.0,10.0,1,10.0,0,0.009810958000002756
aco_current,5,8403,88,12,2,0.0,0.0,0.0,0.0,0.09907747060060501,False,False,0.0,0.0,0.0,[],10.0,10.0,1,10.0,0,0.009810958000002756
aco_current,5,8403,88,12,3,0.0,0.0,0.0,0.0,0.43936213850975037,False,False,0.0,0.0,0.0,[],10.0,10.0,1,10.0,0,0.009810958000002756
aco_current,5,8403,88,12,4,0.0,0.0,0.0,0.0,0.20313307642936707,False,False,0.0,0.0,0.0,[],10.0,10.0,1,10.0,0,0.009810958000002756
aco_current,5,8404,88,13,1,93.0,200.0,293.0,1.465,1.0,True,True,30.0,200.0,63.0,[1],10.0,10.0,1,10.0,0,0.010006750000002285
aco_current,5,8404,88,13,2,0.0,0.0,0.0,0.0,0.09907747060060501,False,False,0.0,0.0,0.0,[],10.0,10.0,1,10.0,0,0.010006750000002285
aco_current,5,8404,88,13,3,0.0,0.0,0.0,0.0,0.43936213850975037,False,False,0.0,0.0,0.0,[],10.0,10.0,1,10.0,0,0.010006750000002285
aco_current,5,8404,88,13,4,0.0,0.0,0.0,0.0,0.20313307642936707,False,False,0.0,0.0,0.0,[],10.0,10.0,1,10.0,0,0.010006750000002285
aco_current,5,8405,88,13,1,94.0,200.0,294.0,1.47,1.0,True,True,30.0,200.0,64.0,[1],10.0,10.0,1,10.0,0,0.009925959000000262
aco_current,5,8405,88,13,2,0.0,0.0,0.0,0.0,0.09907747060060501,False,False,0.0,0.0,0.0,[],10.0,10.0,1,10.0,0,0.009925959000000262
aco_current,5,8405,88,13,3,0.0,0.0,0.0,0.0,0.43936213850975037,False,False,0.0,0.0,0.0,[],10.0,10.0,1,10.0,0,0.009925959000000262
aco_current,5,8405,88,13,4,0.0,0.0,0.0,0.0,0.20313307642936707,False,False,0.0,0.0,0.0,[],10.0,10.0,1,10.0,0,0.009925959000000262
aco_current,5,8406,88,13,1,80.0,200.0,280.0,1.4,1.0,True,True,30.0,200.0,50.0,[1],10.0,10.0,1,10.0,0,0.009772208000001115
aco_current,5,8406,88,13,2,0.0,0.0,0.0,0.0,0.09907747060060501,False,False,0.0,0.0,0.0,[],10.0,10.0,1,10.0,0,0.009772208000001115
aco_current,5,8406,88,13,3,0.0,0.0,0.0,0.0,0.43936213850975037,False,False,0.0,0.0,0.0,[],10.0,10.0,1,10.0,0,0.009772208000001115
aco_current,5,8406,88,13,4,0.0,0.0,0.0,0.0,0.20313307642936707,False,False,0.0,0.0,0.0,[],10.0,10.0,1,10.0,0,0.009772208000001115
aco_current,5,8407,88,13,1,62.0,200.0,262.0,1.31,1.0,True,True,30.0,200.0,32.0,[1],10.0,10.0,1,10.0,0,0.009775707999992278
aco_current,5,8407,88,13,2,0.0,0.0,0.0,0.0,0.09907747060060501,False,False,0.0,0.0,0.0,[],10.0,10.0,1,10.0,0,0.009775707999992278
aco_current,5,8407,88,13,3,0.0,0.0,0.0,0.0,0.43936213850975037,False,False,0.0,0.0,0.0,[],10.0,10.0,1,10.0,0,0.009775707999992278
aco_current,5,8407,88,13,4,0.0,0.0,0.0,0.0,0.20313307642936707,False,False,0.0,0.0,0.0,[],10.0,10.0,1,10.0,0,0.009775707999992278
aco_current,5,8408,88,14,1,56.0,200.0,256.0,1.28,1.0,True,True,30.0,200.0,26.0,[1],10.0,10.0,1,10.0,0,0.009816209000007348
aco_current,5,8408,88,14,2,0.0,0.0,0.0,0.0,0.09907747060060501,False,False,0.0,0.0,0.0,[],10.0,10.0,1,10.0,0,0.009816209000007348
aco_current,5,8408,88,14,3,0.0,0.0,0.0,0.0,0.43936213850975037,False,False,0.0,0.0,0.0,[],10.0,10.0,1,10.0,0,0.009816209000007348
aco_current,5,8408,88,14,4,0.0,0.0,0.0,0.0,0.20313307642936707,False,False,0.0,0.0,0.0,[],10.0,10.0,1,10.0,0,0.009816209000007348
aco_current,5,8409,88,14,1,52.0,200.0,252.0,1.26,1.0,True,True,30.0,200.0,22.0,[1],10.0,10.0,1,10.0,0,0.009876624999989758
aco_current,5,8409,88,14,2,0.0,0.0,0.0,0.0,0.09907747060060501,False,False,0.0,0.0,0.0,[],10.0,10.0,1,10.0,0,0.009876624999989758
aco_current,5,8409,88,14,3,0.0,0.0,0.0,0.0,0.43936213850975037,False,False,0.0,0.0,0.0,[],10.0,10.0,1,10.0,0,0.009876624999989758
aco_current,5,8409,88,14,4,0.0,0.0,0.0,0.0,0.20313307642936707,False,False,0.0,0.0,0.0,[],10.0,10.0,1,10.0,0,0.009876624999989758
aco_current,5,8410,88,14,1,39.0,200.0,239.0,1.195,1.0,True,True,30.0,200.0,9.0,[1],10.0,10.0,1,10.0,0,0.009660666000002038
aco_current,5,8410,88,14,2,0.0,0.0,0.0,0.0,0.09907747060060501,False,False,0.0,0.0,0.0,[],10.0,10.0,1,10.0,0,0.009660666000002038
aco_current,5,8410,88,14,3,0.0,0.0,0.0,0.0,0.43936213850975037,False,False,0.0,0.0,0.0,[],10.0,10.0,1,10.0,0,0.009660666000002038
aco_current,5,8410,88,14,4,0.0,0.0,0.0,0.0,0.20313307642936707,False,False,0.0,0.0,0.0,[],10.0,10.0,1,10.0,0,0.009660666000002038
aco_current,5,8411,88,14,1,29.0,200.0,229.0,1.145,1.0,True,True,30.0,199.0,0.0,[1],10.0,10.0,1,10.0,0,0.009788959000005093
aco_current,5,8411,88,14,2,0.0,0.0,0.0,0.0,0.09907747060060501,False,False,0.0,0.0,0.0,[],10.0,10.0,1,10.0,0,0.009788959000005093
aco_current,5,8411,88,14,3,0.0,0.0,0.0,0.0,0.43936213850975037,False,False,0.0,0.0,0.0,[],10.0,10.0,1,10.0,0,0.009788959000005093
aco_current,5,8411,88,14,4,0.0,0.0,0.0,0.0,0.20313307642936707,False,False,0.0,0.0,0.0,[],10.0,10.0,1,10.0,0,0.009788959000005093
aco_current,5,8412,88,15,1,29.0,199.0,228.0,1.14,1.0,True,True,30.0,198.0,0.0,[1],10.0,10.0,1,10.0,0,0.009864875000005213
aco_current,5,8412,88,15,2,0.0,0.0,0.0,0.0,0.09907747060060501,False,False,0.0,0.0,0.0,[],10.0,10.0,1,10.0,0,0.009864875000005213
aco_current,5,8412,88,15,3,0.0,0.0,0.0,0.0,0.43936213850975037,False,False,0.0,0.0,0.0,[],10.0,10.0,1,10.0,0,0.009864875000005213
aco_current,5,8412,88,15,4,0.0,0.0,0.0,0.0,0.20313307642936707,False,False,0.0,0.0,0.0,[],10.0,10.0,1,10.0,0,0.009864875000005213
aco_current,5,8413,88,15,1,30.0,198.0,228.0,1.14,1.0,True,True,30.0,198.0,0.0,[1],10.0,10.0,1,10.0,0,0.010056333999997946
aco_current,5,8413,88,15,2,0.0,0.0,0.0,0.0,0.09907747060060501,False,False,0.0,0.0,0.0,[],10.0,10.0,1,10.0,0,0.010056333999997946
aco_current,5,8413,88,15,3,0.0,0.0,0.0,0.0,0.43936213850975037,False,False,0.0,0.0,0.0,[],10.0,10.0,1,10.0,0,0.010056333999997946
aco_current,5,8413,88,15,4,0.0,0.0,0.0,0.0,0.20313307642936707,False,False,0.0,0.0,0.0,[],10.0,10.0,1,10.0,0,0.010056333999997946
aco_current,5,8414,88,15,1,27.0,198.0,225.0,1.125,1.0,True,True,30.0,195.0,0.0,[1],10.0,10.0,1,10.0,0,0.010242500000003929
aco_current,5,8414,88,15,2,0.0,0.0,0.0,0.0,0.09907747060060501,False,False,0.0,0.0,0.0,[],10.0,10.0,1,10.0,0,0.010242500000003929
aco_current,5,8414,88,15,3,0.0,0.0,0.0,0.0,0.43936213850975037,False,False,0.0,0.0,0.0,[],10.0,10.0,1,10.0,0,0.010242500000003929
aco_current,5,8414,88,15,4,0.0,0.0,0.0,0.0,0.20313307642936707,False,False,0.0,0.0,0.0,[],10.0,10.0,1,10.0,0,0.010242500000003929
aco_current,5,8415,88,15,1,21.0,195.0,216.0,1.08,1.0,True,True,30.0,186.0,0.0,[1],10.0,10.0,1,10.0,0,0.010040166999999656
aco_current,5,8415,88,15,2,0.0,0.0,0.0,0.0,0.09907747060060501,False,False,0.0,0.0,0.0,[],10.0,10.0,1,10.0,0,0.010040166999999656
aco_current,5,8415,88,15,3,0.0,0.0,0.0,0.0,0.43936213850975037,False,False,0.0,0.0,0.0,[],10.0,10.0,1,10.0,0,0.010040166999999656
aco_current,5,8415,88,15,4,0.0,0.0,0.0,0.0,0.20313307642936707,False,False,0.0,0.0,0.0,[],10.0,10.0,1,10.0,0,0.010040166999999656
aco_current,5,8416,88,16,1,21.0,186.0,207.0,1.035,1.0,True,True,30.0,177.0,0.0,[1],10.0,10.0,1,10.0,0,0.00996141700001374
aco_current,5,8416,88,16,2,0.0,0.0,0.0,0.0,0.09907747060060501,False,False,0.0,0.0,0.0,[],10.0,10.0,1,10.0,0,0.00996141700001374
aco_current,5,8416,88,16,3,0.0,0.0,0.0,0.0,0.43936213850975037,False,False,0.0,0.0,0.0,[],10.0,10.0,1,10.0,0,0.00996141700001374
aco_current,5,8416,88,16,4,0.0,0.0,0.0,0.0,0.20313307642936707,False,False,0.0,0.0,0.0,[],10.0,10.0,1,10.0,0,0.00996141700001374
aco_current,5,8417,88,16,1,20.0,177.0,197.0,0.985,1.0,True,True,30.0,167.0,0.0,[1],10.0,10.0,1,10.0,0,0.009821375000001353
aco_current,5,8417,88,16,2,0.0,0.0,0.0,0.0,0.09907747060060501,False,False,0.0,0.0,0.0,[],10.0,10.0,1,10.0,0,0.009821375000001353
aco_current,5,8417,88,16,3,0.0,0.0,0.0,0.0,0.43936213850975037,False,False,0.0,0.0,0.0,[],10.0,10.0,1,10.0,0,0.009821375000001353
aco_current,5,8417,88,16,4,0.0,0.0,0.0,0.0,0.20313307642936707,False,False,0.0,0.0,0.0,[],10.0,10.0,1,10.0,0,0.009821375000001353
aco_current,5,8418,88,16,1,21.0,167.0,188.0,0.94,1.0,True,True,30.0,158.0,0.0,[1],10.0,10.0,1,10.0,0,0.010087040999991359
aco_current,5,8418,88,16,2,0.0,0.0,0.0,0.0,0.09907747060060501,False,False,0.0,0.0,0.0,[],10.0,10.0,1,10.0,0,0.010087040999991359
aco_current,5,8418,88,16,3,0.0,0.0,0.0,0.0,0.43936213850975037,False,False,0.0,0.0,0.0,[],10.0,10.0,1,10.0,0,0.010087040999991359
aco_current,5,8418,88,16,4,0.0,0.0,0.0,0.0,0.20313307642936707,False,False,0.0,0.0,0.0,[],10.0,10.0,1,10.0,0,0.010087040999991359
aco_current,5,8419,88,16,1,21.0,158.0,179.0,0.895,0.9999997019767761,True,True,30.0,149.0,0.0,[1],10.0,10.0,1,10.0,0,0.009944290999996497
aco_current,5,8419,88,16,2,0.0,0.0,0.0,0.0,0.09907747060060501,False,False,0.0,0.0,0.0,[],10.0,10.0,1,10.0,0,0.009944290999996497
aco_current,5,8419,88,16,3,0.0,0.0,0.0,0.0,0.43936213850975037,False,False,0.0,0.0,0.0,[],10.0,10.0,1,10.0,0,0.009944290999996497
aco_current,5,8419,88,16,4,0.0,0.0,0.0,0.0,0.20313307642936707,False,False,0.0,0.0,0.0,[],10.0,10.0,1,10.0,0,0.009944290999996497
aco_current,5,8420,88,17,1,21.0,149.0,170.0,0.85,0.999997079372406,True,True,30.0,140.0,0.0,[1],10.0,10.0,1,10.0,0,0.009951999999998407
aco_current,5,8420,88,17,2,0.0,0.0,0.0,0.0,0.09907747060060501,False,False,0.0,0.0,0.0,[],10.0,10.0,1,10.0,0,0.009951999999998407
aco_current,5,8420,88,17,3,0.0,0.0,0.0,0.0,0.43936213850975037,False,False,0.0,0.0,0.0,[],10.0,10.0,1,10.0,0,0.009951999999998407
aco_current,5,8420,88,17,4,0.0,0.0,0.0,0.0,0.20313307642936707,False,False,0.0,0.0,0.0,[],10.0,10.0,1,10.0,0,0.009951999999998407
aco_current,5,8421,88,17,1,21.0,140.0,161.0,0.805,0.9999701976776123,True,True,30.0,131.0,0.0,[1],10.0,10.0,1,10.0,0,0.00957966599999338
aco_current,5,8421,88,17,2,0.0,0.0,0.0,0.0,0.09907747060060501,False,False,0.0,0.0,0.0,[],10.0,10.0,1,10.0,0,0.00957966599999338
aco_current,5,8421,88,17,3,0.0,0.0,0.0,0.0,0.43936213850975037,False,False,0.0,0.0,0.0,[],10.0,10.0,1,10.0,0,0.00957966599999338
aco_current,5,8421,88,17,4,0.0,0.0,0.0,0.0,0.20313307642936707,False,False,0.0,0.0,0.0,[],10.0,10.0,1,10.0,0,0.00957966599999338
aco_current,5,8422,88,17,1,21.0,131.0,152.0,0.76,0.999771237373352,False,False,0.0,152.0,0.0,[],0.0,0.0,0,0.0,0,3.750000004743015e-06
aco_current,5,8422,88,17,2,0.0,0.0,0.0,0.0,0.09907747060060501,False,False,0.0,0.0,0.0,[],0.0,0.0,0,0.0,0,3.750000004743015e-06
aco_current,5,8422,88,17,3,0.0,0.0,0.0,0.0,0.43936213850975037,False,False,0.0,0.0,0.0,[],0.0,0.0,0,0.0,0,3.750000004743015e-06
aco_current,5,8422,88,17,4,0.0,0.0,0.0,0.0,0.20313307642936707,False,False,0.0,0.0,0.0,[],0.0,0.0,0,0.0,0,3.750000004743015e-06
aco_current,5,8423,88,17,1,21.0,152.0,173.0,0.865,0.9999986886978149,True,True,30.0,143.0,0.0,[1],10.0,10.0,1,10.0,0,0.009912624999998343
aco_current,5,8423,88,17,2,0.0,0.0,0.0,0.0,0.09907747060060501,False,False,0.0,0.0,0.0,[],10.0,10.0,1,10.0,0,0.009912624999998343
aco_current,5,8423,88,17,3,0.0,0.0,0.0,0.0,0.43936213850975037,False,False,0.0,0.0,0.0,[],10.0,10.0,1,10.0,0,0.009912624999998343
aco_current,5,8423,88,17,4,0.0,0.0,0.0,0.0,0.20313307642936707,False,False,0.0,0.0,0.0,[],10.0,10.0,1,10.0,0,0.009912624999998343
aco_current,5,8424,88,18,1,19.0,143.0,162.0,0.81,0.9999532699584961,True,True,30.0,132.0,0.0,[1],10.0,10.0,1,10.0,0,0.00966920800000537
aco_current,5,8424,88,18,2,0.0,0.0,0.0,0.0,0.09907747060060501,False,False,0.0,0.0,0.0,[],10.0,10.0,1,10.0,0,0.00966920800000537
aco_current,5,8424,88,18,3,0.0,0.0,0.0,0.0,0.43936213850975037,False,False,0.0,0.0,0.0,[],10.0,10.0,1,10.0,0,0.00966920800000537
aco_current,5,8424,88,18,4,0.0,0.0,0.0,0.0,0.20313307642936707,False,False,0.0,0.0,0.0,[],10.0,10.0,1,10.0,0,0.00966920800000537
aco_current,5,8425,88,18,1,20.0,132.0,152.0,0.76,0.9996772408485413,False,False,0.0,152.0,0.0,[],0.0,0.0,0,0.0,0,3.707999994162492e-06
aco_current,5,8425,88,18,2,0.0,0.0,0.0,0.0,0.09907747060060501,False,False,0.0,0.0,0.0,[],0.0,0.0,0,0.0,0,3.707999994162492e-06
aco_current,5,8425,88,18,3,0.0,0.0,0.0,0.0,0.43936213850975037,False,False,0.0,0.0,0.0,[],0.0,0.0,0,0.0,0,3.707999994162492e-06
aco_current,5,8425,88,18,4,0.0,0.0,0.0,0.0,0.20313307642936707,False,False,0.0,0.0,0.0,[],0.0,0.0,0,0.0,0,3.707999994162492e-06
aco_current,5,8426,88,18,1,18.0,152.0,170.0,0.85,0.9999914169311523,True,True,30.0,140.0,0.0,[1],10.0,10.0,1,10.0,0,0.009940916000005018
aco_current,5,8426,88,18,2,0.0,0.0,0.0,0.0,0.09907747060060501,False,False,0.0,0.0,0.0,[],10.0,10.0,1,10.0,0,0.009940916000005018
aco_current,5,8426,88,18,3,0.0,0.0,0.0,0.0,0.43936213850975037,False,False,0.0,0.0,0.0,[],10.0,10.0,1,10.0,0,0.009940916000005018
aco_current,5,8426,88,18,4,0.0,0.0,0.0,0.0,0.20313307642936707,False,False,0.0,0.0,0.0,[],10.0,10.0,1,10.0,0,0.009940916000005018
aco_current,5,8427,88,18,1,18.0,140.0,158.0,0.79,0.9998102188110352,False,False,0.0,158.0,0.0,[],0.0,0.0,0,0.0,0,3.792000001112683e-06
aco_current,5,8427,88,18,2,0.0,0.0,0.0,0.0,0.09907747060060501,False,False,0.0,0.0,0.0,[],0.0,0.0,0,0.0,0,3.792000001112683e-06
aco_current,5,8427,88,18,3,0.0,0.0,0.0,0.0,0.43936213850975037,False,False,0.0,0.0,0.0,[],0.0,0.0,0,0.0,0,3.792000001112683e-06
aco_current,5,8427,88,18,4,0.0,0.0,0.0,0.0,0.20313307642936707,False,False,0.0,0.0,0.0,[],0.0,0.0,0,0.0,0,3.792000001112683e-06
aco_current,5,8428,88,19,1,18.0,158.0,176.0,0.88,0.9999982118606567,True,True,30.0,146.0,0.0,[1],10.0,10.0,1,10.0,0,0.010077125000009346
aco_current,5,8428,88,19,2,0.0,0.0,0.0,0.0,0.09907747060060501,False,False,0.0,0.0,0.0,[],10.0,10.0,1,10.0,0,0.010077125000009346
aco_current,5,8428,88,19,3,0.0,0.0,0.0,0.0,0.43936213850975037,False,False,0.0,0.0,0.0,[],10.0,10.0,1,10.0,0,0.010077125000009346
aco_current,5,8428,88,19,4,0.0,0.0,0.0,0.0,0.20313307642936707,False,False,0.0,0.0,0.0,[],10.0,10.0,1,10.0,0,0.010077125000009346
aco_current,5,8429,88,19,1,18.0,146.0,164.0,0.82,0.999958336353302,True,True,30.0,134.0,0.0,[1],10.0,10.0,1,10.0,0,0.010025333999990949
aco_current,5,8429,88,19,2,0.0,0.0,0.0,0.0,0.09907747060060501,False,False,0.0,0.0,0.0,[],10.0,10.0,1,10.0,0,0.010025333999990949
aco_current,5,8429,88,19,3,0.0,0.0,0.0,0.0,0.43936213850975037,False,False,0.0,0.0,0.0,[],10.0,10.0,1,10.0,0,0.010025333999990949
aco_current,5,8429,88,19,4,0.0,0.0,0.0,0.0,0.20313307642936707,False,False,0.0,0.0,0.0,[],10.0,10.0,1,10.0,0,0.010025333999990949
aco_current,5,8430,88,19,1,18.0,134.0,152.0,0.76,0.9993568658828735,False,False,0.0,152.0,0.0,[],0.0,0.0,0,0.0,0,3.832999993846897e-06
aco_current,5,8430,88,19,2,0.0,0.0,0.0,0.0,0.09907747060060501,False,False,0.0,0.0,0.0,[],0.0,0.0,0,0.0,0,3.832999993846897e-06
aco_current,5,8430,88,19,3,0.0,0.0,0.0,0.0,0.43936213850975037,False,False,0.0,0.0,0.0,[],0.0,0.0,0,0.0,0,3.832999993846897e-06
aco_current,5,8430,88,19,4,0.0,0.0,0.0,0.0,0.20313307642936707,False,False,0.0,0.0,0.0,[],0.0,0.0,0,0.0,0,3.832999993846897e-06
aco_current,5,8431,88,19,1,18.0,152.0,170.0,0.85,0.9999911189079285,True,True,30.0,140.0,0.0,[1],10.0,10.0,1,10.0,0,0.010208124999991242
aco_current,5,8431,88,19,2,0.0,0.0,0.0,0.0,0.09907747060060501,False,False,0.0,0.0,0.0,[],10.0,10.0,1,10.0,0,0.010208124999991242
aco_current,5,8431,88,19,3,0.0,0.0,0.0,0.0,0.43936213850975037,False,False,0.0,0.0,0.0,[],10.0,10.0,1,10.0,0,0.010208124999991242
aco_current,5,8431,88,19,4,0.0,0.0,0.0,0.0,0.20313307642936707,False,False,0.0,0.0,0.0,[],10.0,10.0,1,10.0,0,0.010208124999991242
aco_current,5,8432,88,20,1,18.0,140.0,158.0,0.79,0.9998081922531128,False,False,0.0,158.0,0.0,[],0.0,0.0,0,0.0,0,2.8329999963716546e-06
aco_current,5,8432,88,20,2,0.0,0.0,0.0,0.0,0.09907747060060501,False,False,0.0,0.0,0.0,[],0.0,0.0,0,0.0,0,2.8329999963716546e-06
aco_current,5,8432,88,20,3,0.0,0.0,0.0,0.0,0.43936213850975037,False,False,0.0,0.0,0.0,[],0.0,0.0,0,0.0,0,2.8329999963716546e-06
aco_current,5,8432,88,20,4,0.0,0.0,0.0,0.0,0.20313307642936707,False,False,0.0,0.0,0.0,[],0.0,0.0,0,0.0,0,2.8329999963716546e-06
aco_current,5,8433,88,20,1,17.0,158.0,175.0,0.875,0.9999966025352478,True,True,30.0,145.0,0.0,[1],10.0,10.0,1,10.0,0,0.010099208999989173
aco_current,5,8433,88,20,2,0.0,0.0,0.0,0.0,0.09907747060060501,False,False,0.0,0.0,0.0,[],10.0,10.0,1,10.0,0,0.010099208999989173
aco_current,5,8433,88,20,3,0.0,0.0,0.0,0.0,0.43936213850975037,False,False,0.0,0.0,0.0,[],10.0,10.0,1,10.0,0,0.010099208999989173
aco_current,5,8433,88,20,4,0.0,0.0,0.0,0.0,0.20313307642936707,False,False,0.0,0.0,0.0,[],10.0,10.0,1,10.0,0,0.010099208999989173
aco_current,5,8434,88,20,1,18.0,145.0,163.0,0.815,0.9999458193778992,True,True,30.0,133.0,0.0,[1],10.0,10.0,1,10.0,0,0.009969957999999224
aco_current,5,8434,88,20,2,0.0,0.0,0.0,0.0,0.09907747060060501,False,False,0.0,0.0,0.0,[],10.0,10.0,1,10.0,0,0.009969957999999224
aco_current,5,8434,88,20,3,0.0,0.0,0.0,0.0,0.43936213850975037,False,False,0.0,0.0,0.0,[],10.0,10.0,1,10.0,0,0.009969957999999224
aco_current,5,8434,88,20,4,0.0,0.0,0.0,0.0,0.20313307642936707,False,False,0.0,0.0,0.0,[],10.0,10.0,1,10.0,0,0.009969957999999224
aco_current,5,8435,88,20,1,17.0,133.0,150.0,0.75,0.9988020658493042,False,False,0.0,150.0,0.0,[],0.0,0.0,0,0.0,0,3.6659999977928237e-06
aco_current,5,8435,88,20,2,0.0,0.0,0.0,0.0,0.09907747060060501,False,False,0.0,0.0,0.0,[],0.0,0.0,0,0.0,0,3.6659999977928237e-06
aco_current,5,8435,88,20,3,0.0,0.0,0.0,0.0,0.43936213850975037,False,False,0.0,0.0,0.0,[],0.0,0.0,0,0.0,0,3.6659999977928237e-06
aco_current,5,8435,88,20,4,0.0,0.0,0.0,0.0,0.20313307642936707,False,False,0.0,0.0,0.0,[],0.0,0.0,0,0.0,0,3.6659999977928237e-06
aco_current,5,8436,88,21,1,10.0,150.0,160.0,0.8,0.9979349970817566,True,True,30.0,130.0,0.0,[1],10.0,10.0,1,10.0,0,0.01016191600000127
aco_current,5,8436,88,21,2,0.0,0.0,0.0,0.0,0.09907747060060501,False,False,0.0,0.0,0.0,[],10.0,10.0,1,10.0,0,0.01016191600000127
aco_current,5,8436,88,21,3,0.0,0.0,0.0,0.0,0.43936213850975037,False,False,0.0,0.0,0.0,[],10.0,10.0,1,10.0,0,0.01016191600000127
aco_current,5,8436,88,21,4,0.0,0.0,0.0,0.0,0.20313307642936707,False,False,0.0,0.0,0.0,[],10.0,10.0,1,10.0,0,0.01016191600000127
aco_current,5,8437,88,21,1,10.0,130.0,140.0,0.7,0.9561408162117004,False,False,0.0,140.0,0.0,[],0.0,0.0,0,0.0,0,4.165999996530445e-06
aco_current,5,8437,88,21,2,0.0,0.0,0.0,0.0,0.09907747060060501,False,False,0.0,0.0,0.0,[],0.0,0.0,0,0.0,0,4.165999996530445e-06
aco_current,5,8437,88,21,3,0.0,0.0,0.0,0.0,0.43936213850975037,False,False,0.0,0.0,0.0,[],0.0,0.0,0,0.0,0,4.165999996530445e-06
aco_current,5,8437,88,21,4,0.0,0.0,0.0,0.0,0.20313307642936707,False,False,0.0,0.0,0.0,[],0.0,0.0,0,0.0,0,4.165999996530445e-06
aco_current,5,8438,88,21,1,10.0,140.0,150.0,0.75,0.9859916567802429,False,False,0.0,150.0,0.0,[],0.0,0.0,0,0.0,0,3.707999994162492e-06
aco_current,5,8438,88,21,2,0.0,0.0,0.0,0.0,0.09907747060060501,False,False,0.0,0.0,0.0,[],0.0,0.0,0,0.0,0,3.707999994162492e-06
aco_current,5,8438,88,21,3,0.0,0.0,0.0,0.0,0.43936213850975037,False,False,0.0,0.0,0.0,[],0.0,0.0,0,0.0,0,3.707999994162492e-06
aco_current,5,8438,88,21,4,0.0,0.0,0.0,0.0,0.20313307642936707,False,False,0.0,0.0,0.0,[],0.0,0.0,0,0.0,0,3.707999994162492e-06
aco_current,5,8439,88,21,1,10.0,150.0,160.0,0.8,0.9978612065315247,True,True,30.0,130.0,0.0,[1],10.0,10.0,1,10.0,0,0.010119415999994885
aco_current,5,8439,88,21,2,0.0,0.0,0.0,0.0,0.09907747060060501,False,False,0.0,0.0,0.0,[],10.0,10.0,1,10.0,0,0.010119415999994885
aco_current,5,8439,88,21,3,0.0,0.0,0.0,0.0,0.43936213850975037,False,False,0.0,0.0,0.0,[],10.0,10.0,1,10.0,0,0.010119415999994885
aco_current,5,8439,88,21,4,0.0,0.0,0.0,0.0,0.20313307642936707,False,False,0.0,0.0,0.0,[],10.0,10.0,1,10.0,0,0.010119415999994885
aco_current,5,8440,88,22,1,10.0,130.0,140.0,0.7,0.963712215423584,False,False,0.0,140.0,0.0,[],0.0,0.0,0,0.0,0,4.4160000101101105e-06
aco_current,5,8440,88,22,2,0.0,0.0,0.0,0.0,0.09907747060060501,False,False,0.0,0.0,0.0,[],0.0,0.0,0,0.0,0,4.4160000101101105e-06
aco_current,5,8440,88,22,3,0.0,0.0,0.0,0.0,0.43936213850975037,False,False,0.0,0.0,0.0,[],0.0,0.0,0,0.0,0,4.4160000101101105e-06
aco_current,5,8440,88,22,4,0.0,0.0,0.0,0.0,0.20313307642936707,False,False,0.0,0.0,0.0,[],0.0,0.0,0,0.0,0,4.4160000101101105e-06
aco_current,5,8441,88,22,1,10.0,140.0,150.0,0.75,0.9872149229049683,False,False,0.0,150.0,0.0,[],0.0,0.0,0,0.0,0,3.2089999990603246e-06
aco_current,5,8441,88,22,2,0.0,0.0,0.0,0.0,0.09907747060060501,False,False,0.0,0.0,0.0,[],0.0,0.0,0,0.0,0,3.2089999990603246e-06
aco_current,5,8441,88,22,3,0.0,0.0,0.0,0.0,0.43936213850975037,False,False,0.0,0.0,0.0,[],0.0,0.0,0,0.0,0,3.2089999990603246e-06
aco_current,5,8441,88,22,4,0.0,0.0,0.0,0.0,0.20313307642936707,False,False,0.0,0.0,0.0,[],0.0,0.0,0,0.0,0,3.2089999990603246e-06
aco_current,5,8442,88,22,1,10.0,150.0,160.0,0.8,0.9978612065315247,True,True,30.0,130.0,0.0,[1],10.0,10.0,1,10.0,0,0.010001916999996752
aco_current,5,8442,88,22,2,0.0,0.0,0.0,0.0,0.09907747060060501,False,False,0.0,0.0,0.0,[],10.0,10.0,1,10.0,0,0.010001916999996752
aco_current,5,8442,88,22,3,0.0,0.0,0.0,0.0,0.43936213850975037,False,False,0.0,0.0,0.0,[],10.0,10.0,1,10.0,0,0.010001916999996752
aco_current,5,8442,88,22,4,0.0,0.0,0.0,0.0,0.20313307642936707,False,False,0.0,0.0,0.0,[],10.0,10.0,1,10.0,0,0.010001916999996752
aco_current,5,8443,88,22,1,10.0,130.0,140.0,0.7,0.963712215423584,False,False,0.0,140.0,0.0,[],0.0,0.0,0,0.0,0,2.9159999996863917e-06
aco_current,5,8443,88,22,2,0.0,0.0,0.0,0.0,0.09907747060060501,False,False,0.0,0.0,0.0,[],0.0,0.0,0,0.0,0,2.9159999996863917e-06
aco_current,5,8443,88,22,3,0.0,0.0,0.0,0.0,0.43936213850975037,False,False,0.0,0.0,0.0,[],0.0,0.0,0,0.0,0,2.9159999996863917e-06
aco_current,5,8443,88,22,4,0.0,0.0,0.0,0.0,0.20313307642936707,False,False,0.0,0.0,0.0,[],0.0,0.0,0,0.0,0,2.9159999996863917e-06
aco_current,5,8444,88,23,1,10.0,140.0,150.0,0.75,0.9872149229049683,False,False,0.0,150.0,0.0,[],0.0,0.0,0,0.0,0,2.7919999894265857e-06
aco_current,5,8444,88,23,2,0.0,0.0,0.0,0.0,0.09907747060060501,False,False,0.0,0.0,0.0,[],0.0,0.0,0,0.0,0,2.7919999894265857e-06
aco_current,5,8444,88,23,3,0.0,0.0,0.0,0.0,0.43936213850975037,False,False,0.0,0.0,0.0,[],0.0,0.0,0,0.0,0,2.7919999894265857e-06
aco_current,5,8444,88,23,4,0.0,0.0,0.0,0.0,0.20313307642936707,False,False,0.0,0.0,0.0,[],0.0,0.0,0,0.0,0,2.7919999894265857e-06
aco_current,5,8445,88,23,1,10.0,150.0,160.0,0.8,0.9978612065315247,True,True,30.0,130.0,0.0,[1],10.0,10.0,1,10.0,0,0.009892999999991048
aco_current,5,8445,88,23,2,0.0,0.0,0.0,0.0,0.09907747060060501,False,False,0.0,0.0,0.0,[],10.0,10.0,1,10.0,0,0.009892999999991048
aco_current,5,8445,88,23,3,0.0,0.0,0.0,0.0,0.43936213850975037,False,False,0.0,0.0,0.0,[],10.0,10.0,1,10.0,0,0.009892999999991048
aco_current,5,8445,88,23,4,0.0,0.0,0.0,0.0,0.20313307642936707,False,False,0.0,0.0,0.0,[],10.0,10.0,1,10.0,0,0.009892999999991048
aco_current,5,8446,88,23,1,10.0,130.0,140.0,0.7,0.963712215423584,False,False,0.0,140.0,0.0,[],0.0,0.0,0,0.0,0,3.415999998424013e-06
aco_current,5,8446,88,23,2,0.0,0.0,0.0,0.0,0.09907747060060501,False,False,0.0,0.0,0.0,[],0.0,0.0,0,0.0,0,3.415999998424013e-06
aco_current,5,8446,88,23,3,0.0,0.0,0.0,0.0,0.43936213850975037,False,False,0.0,0.0,0.0,[],0.0,0.0,0,0.0,0,3.415999998424013e-06
aco_current,5,8446,88,23,4,0.0,0.0,0.0,0.0,0.20313307642936707,False,False,0.0,0.0,0.0,[],0.0,0.0,0,0.0,0,3.415999998424013e-06
aco_current,5,8447,88,23,1,10.0,140.0,150.0,0.75,0.9872149229049683,False,False,0.0,150.0,0.0,[],0.0,0.0,0,0.0,0,2.95799999605606e-06
aco_current,5,8447,88,23,2,0.0,0.0,0.0,0.0,0.09907747060060501,False,False,0.0,0.0,0.0,[],0.0,0.0,0,0.0,0,2.95799999605606e-06
aco_current,5,8447,88,23,3,0.0,0.0,0.0,0.0,0.43936213850975037,False,False,0.0,0.0,0.0,[],0.0,0.0,0,0.0,0,2.95799999605606e-06
aco_current,5,8447,88,23,4,0.0,0.0,0.0,0.0,0.20313307642936707,False,False,0.0,0.0,0.0,[],0.0,0.0,0,0.0,0,2.95799999605606e-06
aco_current,5,8448,89,0,1,37.0,150.0,187.0,0.935,1.0,True,True,30.0,157.0,0.0,[1],10.0,10.0,1,10.0,0,0.01012495799999158
aco_current,5,8448,89,0,2,0.0,0.0,0.0,0.0,0.09907747060060501,False,False,0.0,0.0,0.0,[],10.0,10.0,1,10.0,0,0.01012495799999158
aco_current,5,8448,89,0,3,0.0,0.0,0.0,0.0,0.43936213850975037,False,False,0.0,0.0,0.0,[],10.0,10.0,1,10.0,0,0.01012495799999158
aco_current,5,8448,89,0,4,0.0,0.0,0.0,0.0,0.20313307642936707,False,False,0.0,0.0,0.0,[],10.0,10.0,1,10.0,0,0.01012495799999158
aco_current,5,8449,89,0,1,43.0,157.0,200.0,1.0,1.0,True,True,30.0,170.0,0.0,[1],10.0,10.0,1,10.0,0,0.00976475000000221
aco_current,5,8449,89,0,2,0.0,0.0,0.0,0.0,0.09907747060060501,False,False,0.0,0.0,0.0,[],10.0,10.0,1,10.0,0,0.00976475000000221
aco_current,5,8449,89,0,3,0.0,0.0,0.0,0.0,0.43936213850975037,False,False,0.0,0.0,0.0,[],10.0,10.0,1,10.0,0,0.00976475000000221
aco_current,5,8449,89,0,4,0.0,0.0,0.0,0.0,0.20313307642936707,False,False,0.0,0.0,0.0,[],10.0,10.0,1,10.0,0,0.00976475000000221
aco_current,5,8450,89,0,1,52.0,170.0,222.0,1.11,1.0,True,True,30.0,192.0,0.0,[1],10.0,10.0,1,10.0,0,0.009960959000011371
aco_current,5,8450,89,0,2,0.0,0.0,0.0,0.0,0.09907747060060501,False,False,0.0,0.0,0.0,[],10.0,10.0,1,10.0,0,0.009960959000011371
aco_current,5,8450,89,0,3,0.0,0.0,0.0,0.0,0.43936213850975037,False,False,0.0,0.0,0.0,[],10.0,10.0,1,10.0,0,0.009960959000011371
aco_current,5,8450,89,0,4,0.0,0.0,0.0,0.0,0.20313307642936707,False,False,0.0,0.0,0.0,[],10.0,10.0,1,10.0,0,0.009960959000011371
aco_current,5,8451,89,0,1,50.0,192.0,242.0,1.21,1.0,True,True,30.0,200.0,12.0,[1],10.0,10.0,1,10.0,0,0.010092207999989
aco_current,5,8451,89,0,2,0.0,0.0,0.0,0.0,0.09907747060060501,False,False,0.0,0.0,0.0,[],10.0,10.0,1,10.0,0,0.010092207999989
aco_current,5,8451,89,0,3,0.0,0.0,0.0,0.0,0.43936213850975037,False,False,0.0,0.0,0.0,[],10.0,10.0,1,10.0,0,0.010092207999989
aco_current,5,8451,89,0,4,0.0,0.0,0.0,0.0,0.20313307642936707,False,False,0.0,0.0,0.0,[],10.0,10.0,1,10.0,0,0.010092207999989
aco_current,5,8452,89,1,1,50.0,200.0,250.0,1.25,1.0,True,True,30.0,200.0,20.0,[1],10.0,10.0,1,10.0,0,0.00974695799999381
aco_current,5,8452,89,1,2,0.0,0.0,0.0,0.0,0.09907747060060501,False,False,0.0,0.0,0.0,[],10.0,10.0,1,10.0,0,0.00974695799999381
aco_current,5,8452,89,1,3,0.0,0.0,0.0,0.0,0.43936213850975037,False,False,0.0,0.0,0.0,[],10.0,10.0,1,10.0,0,0.00974695799999381
aco_current,5,8452,89,1,4,0.0,0.0,0.0,0.0,0.20313307642936707,False,False,0.0,0.0,0.0,[],10.0,10.0,1,10.0,0,0.00974695799999381
aco_current,5,8453,89,1,1,38.0,200.0,238.0,1.19,1.0,True,True,30.0,200.0,8.0,[1],10.0,10.0,1,10.0,0,0.009697708000004468
aco_current,5,8453,89,1,2,0.0,0.0,0.0,0.0,0.09907747060060501,False,False,0.0,0.0,0.0,[],10.0,10.0,1,10.0,0,0.009697708000004468
aco_current,5,8453,89,1,3,0.0,0.0,0.0,0.0,0.43936213850975037,False,False,0.0,0.0,0.0,[],10.0,10.0,1,10.0,0,0.009697708000004468
aco_current,5,8453,89,1,4,0.0,0.0,0.0,0.0,0.20313307642936707,False,False,0.0,0.0,0.0,[],10.0,10.0,1,10.0,0,0.009697708000004468
aco_current,5,8454,89,1,1,36.0,200.0,236.0,1.18,1.0,True,True,30.0,200.0,6.0,[1],10.0,10.0,1,10.0,0,0.009768125000007899
aco_current,5,8454,89,1,2,0.0,0.0,0.0,0.0,0.09907747060060501,False,False,0.0,0.0,0.0,[],10.0,10.0,1,10.0,0,0.009768125000007899
aco_current,5,8454,89,1,3,0.0,0.0,0.0,0.0,0.43936213850975037,False,False,0.0,0.0,0.0,[],10.0,10.0,1,10.0,0,0.009768125000007899
aco_current,5,8454,89,1,4,0.0,0.0,0.0,0.0,0.20313307642936707,False,False,0.0,0.0,0.0,[],10.0,10.0,1,10.0,0,0.009768125000007899
aco_current,5,8455,89,1,1,43.0,200.0,243.0,1.215,1.0,True,True,30.0,200.0,13.0,[1],10.0,10.0,1,10.0,0,0.009945625000000291
aco_current,5,8455,89,1,2,0.0,0.0,0.0,0.0,0.09907747060060501,False,False,0.0,0.0,0.0,[],10.0,10.0,1,10.0,0,0.009945625000000291
aco_current,5,8455,89,1,3,0.0,0.0,0.0,0.0,0.43936213850975037,False,False,0.0,0.0,0.0,[],10.0,10.0,1,10.0,0,0.009945625000000291
aco_current,5,8455,89,1,4,0.0,0.0,0.0,0.0,0.20313307642936707,False,False,0.0,0.0,0.0,[],10.0,10.0,1,10.0,0,0.009945625000000291
aco_current,5,8456,89,2,1,47.0,200.0,247.0,1.235,1.0,True,True,30.0,200.0,17.0,[1],10.0,10.0,1,10.0,0,0.00978200000000129
aco_current,5,8456,89,2,2,0.0,0.0,0.0,0.0,0.09907747060060501,False,False,0.0,0.0,0.0,[],10.0,10.0,1,10.0,0,0.00978200000000129
aco_current,5,8456,89,2,3,0.0,0.0,0.0,0.0,0.43936213850975037,False,False,0.0,0.0,0.0,[],10.0,10.0,1,10.0,0,0.00978200000000129
aco_current,5,8456,89,2,4,0.0,0.0,0.0,0.0,0.20313307642936707,False,False,0.0,0.0,0.0,[],10.0,10.0,1,10.0,0,0.00978200000000129
aco_current,5,8457,89,2,1,46.0,200.0,246.0,1.23,1.0,True,True,30.0,200.0,16.0,[1],10.0,10.0,1,10.0,0,0.009621167000005926
aco_current,5,8457,89,2,2,0.0,0.0,0.0,0.0,0.09907747060060501,False,False,0.0,0.0,0.0,[],10.0,10.0,1,10.0,0,0.009621167000005926
aco_current,5,8457,89,2,3,0.0,0.0,0.0,0.0,0.43936213850975037,False,False,0.0,0.0,0.0,[],10.0,10.0,1,10.0,0,0.009621167000005926
aco_current,5,8457,89,2,4,0.0,0.0,0.0,0.0,0.20313307642936707,False,False,0.0,0.0,0.0,[],10.0,10.0,1,10.0,0,0.009621167000005926
aco_current,5,8458,89,2,1,53.0,200.0,253.0,1.265,1.0,True,True,30.0,200.0,23.0,[1],10.0,10.0,1,10.0,0,0.00989141699999152
aco_current,5,8458,89,2,2,0.0,0.0,0.0,0.0,0.09907747060060501,False,False,0.0,0.0,0.0,[],10.0,10.0,1,10.0,0,0.00989141699999152
aco_current,5,8458,89,2,3,0.0,0.0,0.0,0.0,0.43936213850975037,False,False,0.0,0.0,0.0,[],10.0,10.0,1,10.0,0,0.00989141699999152
aco_current,5,8458,89,2,4,0.0,0.0,0.0,0.0,0.20313307642936707,False,False,0.0,0.0,0.0,[],10.0,10.0,1,10.0,0,0.00989141699999152
aco_current,5,8459,89,2,1,60.0,200.0,260.0,1.3,1.0,True,True,30.0,200.0,30.0,[1],10.0,10.0,1,10.0,0,0.010235333000011337
aco_current,5,8459,89,2,2,0.0,0.0,0.0,0.0,0.09907747060060501,False,False,0.0,0.0,0.0,[],10.0,10.0,1,10.0,0,0.010235333000011337
aco_current,5,8459,89,2,3,0.0,0.0,0.0,0.0,0.43936213850975037,False,False,0.0,0.0,0.0,[],10.0,10.0,1,10.0,0,0.010235333000011337
aco_current,5,8459,89,2,4,0.0,0.0,0.0,0.0,0.20313307642936707,False,False,0.0,0.0,0.0,[],10.0,10.0,1,10.0,0,0.010235333000011337
aco_current,5,8460,89,3,1,52.0,200.0,252.0,1.26,1.0,True,True,30.0,200.0,22.0,[1],10.0,10.0,1,10.0,0,0.00967995800000665
aco_current,5,8460,89,3,2,0.0,0.0,0.0,0.0,0.09907747060060501,False,False,0.0,0.0,0.0,[],10.0,10.0,1,10.0,0,0.00967995800000665
aco_current,5,8460,89,3,3,0.0,0.0,0.0,0.0,0.43936213850975037,False,False,0.0,0.0,0.0,[],10.0,10.0,1,10.0,0,0.00967995800000665
aco_current,5,8460,89,3,4,0.0,0.0,0.0,0.0,0.20313307642936707,False,False,0.0,0.0,0.0,[],10.0,10.0,1,10.0,0,0.00967995800000665
aco_current,5,8461,89,3,1,61.0,200.0,261.0,1.305,1.0,True,True,30.0,200.0,31.0,[1],10.0,10.0,1,10.0,0,0.010111000000009085
aco_current,5,8461,89,3,2,0.0,0.0,0.0,0.0,0.09907747060060501,False,False,0.0,0.0,0.0,[],10.0,10.0,1,10.0,0,0.010111000000009085
aco_current,5,8461,89,3,3,0.0,0.0,0.0,0.0,0.43936213850975037,False,False,0.0,0.0,0.0,[],10.0,10.0,1,10.0,0,0.010111000000009085
aco_current,5,8461,89,3,4,0.0,0.0,0.0,0.0,0.20313307642936707,False,False,0.0,0.0,0.0,[],10.0,10.0,1,10.0,0,0.010111000000009085
aco_current,5,8462,89,3,1,64.0,200.0,264.0,1.32,1.0,True,True,30.0,200.0,34.0,[1],10.0,10.0,1,10.0,0,0.010028791999999953
aco_current,5,8462,89,3,2,0.0,0.0,0.0,0.0,0.09907747060060501,False,False,0.0,0.0,0.0,[],10.0,10.0,1,10.0,0,0.010028791999999953
aco_current,5,8462,89,3,3,0.0,0.0,0.0,0.0,0.43936213850975037,False,False,0.0,0.0,0.0,[],10.0,10.0,1,10.0,0,0.010028791999999953
aco_current,5,8462,89,3,4,0.0,0.0,0.0,0.0,0.20313307642936707,False,False,0.0,0.0,0.0,[],10.0,10.0,1,10.0,0,0.010028791999999953
aco_current,5,8463,89,3,1,76.0,200.0,276.0,1.38,1.0,True,True,30.0,200.0,46.0,[1],10.0,10.0,1,10.0,0,0.009881082999996238
aco_current,5,8463,89,3,2,0.0,0.0,0.0,0.0,0.09907747060060501,False,False,0.0,0.0,0.0,[],10.0,10.0,1,10.0,0,0.009881082999996238
aco_current,5,8463,89,3,3,0.0,0.0,0.0,0.0,0.43936213850975037,False,False,0.0,0.0,0.0,[],10.0,10.0,1,10.0,0,0.009881082999996238
aco_current,5,8463,89,3,4,0.0,0.0,0.0,0.0,0.20313307642936707,False,False,0.0,0.0,0.0,[],10.0,10.0,1,10.0,0,0.009881082999996238
aco_current,5,8464,89,4,1,81.0,200.0,281.0,1.405,1.0,True,True,30.0,200.0,51.0,[1],10.0,10.0,1,10.0,0,0.009800083000001791
aco_current,5,8464,89,4,2,0.0,0.0,0.0,0.0,0.09907747060060501,False,False,0.0,0.0,0.0,[],10.0,10.0,1,10.0,0,0.009800083000001791
aco_current,5,8464,89,4,3,0.0,0.0,0.0,0.0,0.43936213850975037,False,False,0.0,0.0,0.0,[],10.0,10.0,1,10.0,0,0.009800083000001791
aco_current,5,8464,89,4,4,0.0,0.0,0.0,0.0,0.20313307642936707,False,False,0.0,0.0,0.0,[],10.0,10.0,1,10.0,0,0.009800083000001791
aco_current,5,8465,89,4,1,87.0,200.0,287.0,1.435,1.0,True,True,30.0,200.0,57.0,[1],10.0,10.0,1,10.0,0,0.010084583999997676
aco_current,5,8465,89,4,2,0.0,0.0,0.0,0.0,0.09907747060060501,False,False,0.0,0.0,0.0,[],10.0,10.0,1,10.0,0,0.010084583999997676
aco_current,5,8465,89,4,3,0.0,0.0,0.0,0.0,0.43936213850975037,False,False,0.0,0.0,0.0,[],10.0,10.0,1,10.0,0,0.010084583999997676
aco_current,5,8465,89,4,4,0.0,0.0,0.0,0.0,0.20313307642936707,False,False,0.0,0.0,0.0,[],10.0,10.0,1,10.0,0,0.010084583999997676
aco_current,5,8466,89,4,1,83.0,200.0,283.0,1.415,1.0,True,True,30.0,200.0,53.0,[1],10.0,10.0,1,10.0,0,0.009995915999994054
aco_current,5,8466,89,4,2,0.0,0.0,0.0,0.0,0.09907747060060501,False,False,0.0,0.0,0.0,[],10.0,10.0,1,10.0,0,0.009995915999994054
aco_current,5,8466,89,4,3,0.0,0.0,0.0,0.0,0.43936213850975037,False,False,0.0,0.0,0.0,[],10.0,10.0,1,10.0,0,0.009995915999994054
aco_current,5,8466,89,4,4,0.0,0.0,0.0,0.0,0.20313307642936707,False,False,0.0,0.0,0.0,[],10.0,10.0,1,10.0,0,0.009995915999994054
aco_current,5,8467,89,4,1,75.0,200.0,275.0,1.375,1.0,True,True,30.0,200.0,45.0,[1],10.0,10.0,1,10.0,0,0.009583457999994494
aco_current,5,8467,89,4,2,0.0,0.0,0.0,0.0,0.09907747060060501,False,False,0.0,0.0,0.0,[],10.0,10.0,1,10.0,0,0.009583457999994494
aco_current,5,8467,89,4,3,0.0,0.0,0.0,0.0,0.43936213850975037,False,False,0.0,0.0,0.0,[],10.0,10.0,1,10.0,0,0.009583457999994494
aco_current,5,8467,89,4,4,0.0,0.0,0.0,0.0,0.20313307642936707,False,False,0.0,0.0,0.0,[],10.0,10.0,1,10.0,0,0.009583457999994494
aco_current,5,8468,89,5,1,72.0,200.0,272.0,1.36,1.0,True,True,30.0,200.0,42.0,[1],10.0,10.0,1,10.0,0,0.009619874999998501
aco_current,5,8468,89,5,2,0.0,0.0,0.0,0.0,0.09907747060060501,False,False,0.0,0.0,0.0,[],10.0,10.0,1,10.0,0,0.009619874999998501
aco_current,5,8468,89,5,3,0.0,0.0,0.0,0.0,0.43936213850975037,False,False,0.0,0.0,0.0,[],10.0,10.0,1,10.0,0,0.009619874999998501
aco_current,5,8468,89,5,4,0.0,0.0,0.0,0.0,0.20313307642936707,False,False,0.0,0.0,0.0,[],10.0,10.0,1,10.0,0,0.009619874999998501
aco_current,5,8469,89,5,1,60.0,200.0,260.0,1.3,1.0,True,True,30.0,200.0,30.0,[1],10.0,10.0,1,10.0,0,0.00991120900000908
aco_current,5,8469,89,5,2,0.0,0.0,0.0,0.0,0.09907747060060501,False,False,0.0,0.0,0.0,[],10.0,10.0,1,10.0,0,0.00991120900000908
aco_current,5,8469,89,5,3,0.0,0.0,0.0,0.0,0.43936213850975037,False,False,0.0,0.0,0.0,[],10.0,10.0,1,10.0,0,0.00991120900000908
aco_current,5,8469,89,5,4,0.0,0.0,0.0,0.0,0.20313307642936707,False,False,0.0,0.0,0.0,[],10.0,10.0,1,10.0,0,0.00991120900000908
aco_current,5,8470,89,5,1,55.0,200.0,255.0,1.275,1.0,True,True,30.0,200.0,25.0,[1],10.0,10.0,1,10.0,0,0.009666791000000785
aco_current,5,8470,89,5,2,0.0,0.0,0.0,0.0,0.09907747060060501,False,False,0.0,0.0,0.0,[],10.0,10.0,1,10.0,0,0.009666791000000785
aco_current,5,8470,89,5,3,0.0,0.0,0.0,0.0,0.43936213850975037,False,False,0.0,0.0,0.0,[],10.0,10.0,1,10.0,0,0.009666791000000785
aco_current,5,8470,89,5,4,0.0,0.0,0.0,0.0,0.20313307642936707,False,False,0.0,0.0,0.0,[],10.0,10.0,1,10.0,0,0.009666791000000785
aco_current,5,8471,89,5,1,48.0,200.0,248.0,1.24,1.0,True,True,30.0,200.0,18.0,[1],10.0,10.0,1,10.0,0,0.009702875000002109
aco_current,5,8471,89,5,2,0.0,0.0,0.0,0.0,0.09907747060060501,False,False,0.0,0.0,0.0,[],10.0,10.0,1,10.0,0,0.009702875000002109
aco_current,5,8471,89,5,3,0.0,0.0,0.0,0.0,0.43936213850975037,False,False,0.0,0.0,0.0,[],10.0,10.0,1,10.0,0,0.009702875000002109
aco_current,5,8471,89,5,4,0.0,0.0,0.0,0.0,0.20313307642936707,False,False,0.0,0.0,0.0,[],10.0,10.0,1,10.0,0,0.009702875000002109
aco_current,5,8472,89,6,1,48.0,200.0,248.0,1.24,1.0,True,True,30.0,200.0,18.0,[1],10.0,10.0,1,10.0,0,0.009465583999997307
aco_current,5,8472,89,6,2,0.0,0.0,0.0,0.0,0.09907747060060501,False,False,0.0,0.0,0.0,[],10.0,10.0,1,10.0,0,0.009465583999997307
aco_current,5,8472,89,6,3,0.0,0.0,0.0,0.0,0.43936213850975037,False,False,0.0,0.0,0.0,[],10.0,10.0,1,10.0,0,0.009465583999997307
aco_current,5,8472,89,6,4,0.0,0.0,0.0,0.0,0.20313307642936707,False,False,0.0,0.0,0.0,[],10.0,10.0,1,10.0,0,0.009465583999997307
aco_current,5,8473,89,6,1,48.0,200.0,248.0,1.24,1.0,True,True,30.0,200.0,18.0,[1],10.0,10.0,1,10.0,0,0.009856292000009148
aco_current,5,8473,89,6,2,0.0,0.0,0.0,0.0,0.09907747060060501,False,False,0.0,0.0,0.0,[],10.0,10.0,1,10.0,0,0.009856292000009148
aco_current,5,8473,89,6,3,0.0,0.0,0.0,0.0,0.43936213850975037,False,False,0.0,0.0,0.0,[],10.0,10.0,1,10.0,0,0.009856292000009148
aco_current,5,8473,89,6,4,0.0,0.0,0.0,0.0,0.20313307642936707,False,False,0.0,0.0,0.0,[],10.0,10.0,1,10.0,0,0.009856292000009148
aco_current,5,8474,89,6,1,34.0,200.0,234.0,1.17,1.0,True,True,30.0,200.0,4.0,[1],10.0,10.0,1,10.0,0,0.009589249999990557
aco_current,5,8474,89,6,2,0.0,0.0,0.0,0.0,0.09907747060060501,False,False,0.0,0.0,0.0,[],10.0,10.0,1,10.0,0,0.009589249999990557
aco_current,5,8474,89,6,3,0.0,0.0,0.0,0.0,0.43936213850975037,False,False,0.0,0.0,0.0,[],10.0,10.0,1,10.0,0,0.009589249999990557
aco_current,5,8474,89,6,4,0.0,0.0,0.0,0.0,0.20313307642936707,False,False,0.0,0.0,0.0,[],10.0,10.0,1,10.0,0,0.009589249999990557
aco_current,5,8475,89,6,1,30.0,200.0,230.0,1.15,1.0,True,True,30.0,200.0,0.0,[1],10.0,10.0,1,10.0,0,0.009619333000003394
aco_current,5,8475,89,6,2,0.0,0.0,0.0,0.0,0.09907747060060501,False,False,0.0,0.0,0.0,[],10.0,10.0,1,10.0,0,0.009619333000003394
aco_current,5,8475,89,6,3,0.0,0.0,0.0,0.0,0.43936213850975037,False,False,0.0,0.0,0.0,[],10.0,10.0,1,10.0,0,0.009619333000003394
aco_current,5,8475,89,6,4,0.0,0.0,0.0,0.0,0.20313307642936707,False,False,0.0,0.0,0.0,[],10.0,10.0,1,10.0,0,0.009619333000003394
aco_current,5,8476,89,7,1,30.0,200.0,230.0,1.15,1.0,True,True,30.0,200.0,0.0,[1],10.0,10.0,1,10.0,0,0.00960708299999169
aco_current,5,8476,89,7,2,0.0,0.0,0.0,0.0,0.09907747060060501,False,False,0.0,0.0,0.0,[],10.0,10.0,1,10.0,0,0.00960708299999169
aco_current,5,8476,89,7,3,0.0,0.0,0.0,0.0,0.43936213850975037,False,False,0.0,0.0,0.0,[],10.0,10.0,1,10.0,0,0.00960708299999169
aco_current,5,8476,89,7,4,0.0,0.0,0.0,0.0,0.20313307642936707,False,False,0.0,0.0,0.0,[],10.0,10.0,1,10.0,0,0.00960708299999169
aco_current,5,8477,89,7,1,30.0,200.0,230.0,1.15,1.0,True,True,30.0,200.0,0.0,[1],10.0,10.0,1,10.0,0,0.009527542000000722
aco_current,5,8477,89,7,2,0.0,0.0,0.0,0.0,0.09907747060060501,False,False,0.0,0.0,0.0,[],10.0,10.0,1,10.0,0,0.009527542000000722
aco_current,5,8477,89,7,3,0.0,0.0,0.0,0.0,0.43936213850975037,False,False,0.0,0.0,0.0,[],10.0,10.0,1,10.0,0,0.009527542000000722
aco_current,5,8477,89,7,4,0.0,0.0,0.0,0.0,0.20313307642936707,False,False,0.0,0.0,0.0,[],10.0,10.0,1,10.0,0,0.009527542000000722
aco_current,5,8478,89,7,1,30.0,200.0,230.0,1.15,1.0,True,True,30.0,200.0,0.0,[1],10.0,10.0,1,10.0,0,0.009507999999996741
aco_current,5,8478,89,7,2,0.0,0.0,0.0,0.0,0.09907747060060501,False,False,0.0,0.0,0.0,[],10.0,10.0,1,10.0,0,0.009507999999996741
aco_current,5,8478,89,7,3,0.0,0.0,0.0,0.0,0.43936213850975037,False,False,0.0,0.0,0.0,[],10.0,10.0,1,10.0,0,0.009507999999996741
aco_current,5,8478,89,7,4,0.0,0.0,0.0,0.0,0.20313307642936707,False,False,0.0,0.0,0.0,[],10.0,10.0,1,10.0,0,0.009507999999996741
aco_current,5,8479,89,7,1,30.0,200.0,230.0,1.15,1.0,True,True,30.0,200.0,0.0,[1],10.0,10.0,1,10.0,0,0.009685541999999714
aco_current,5,8479,89,7,2,0.0,0.0,0.0,0.0,0.09907747060060501,False,False,0.0,0.0,0.0,[],10.0,10.0,1,10.0,0,0.009685541999999714
aco_current,5,8479,89,7,3,0.0,0.0,0.0,0.0,0.43936213850975037,False,False,0.0,0.0,0.0,[],10.0,10.0,1,10.0,0,0.009685541999999714
aco_current,5,8479,89,7,4,0.0,0.0,0.0,0.0,0.20313307642936707,False,False,0.0,0.0,0.0,[],10.0,10.0,1,10.0,0,0.009685541999999714
aco_current,5,8480,89,8,1,30.0,200.0,230.0,1.15,1.0,True,True,30.0,200.0,0.0,[1],10.0,10.0,1,10.0,0,0.009903334000000541
aco_current,5,8480,89,8,2,0.0,0.0,0.0,0.0,0.09907747060060501,False,False,0.0,0.0,0.0,[],10.0,10.0,1,10.0,0,0.009903334000000541
aco_current,5,8480,89,8,3,0.0,0.0,0.0,0.0,0.43936213850975037,False,False,0.0,0.0,0.0,[],10.0,10.0,1,10.0,0,0.009903334000000541
aco_current,5,8480,89,8,4,0.0,0.0,0.0,0.0,0.20313307642936707,False,False,0.0,0.0,0.0,[],10.0,10.0,1,10.0,0,0.009903334000000541
aco_current,5,8481,89,8,1,30.0,200.0,230.0,1.15,1.0,True,True,30.0,200.0,0.0,[1],10.0,10.0,1,10.0,0,0.009629125000003569
aco_current,5,8481,89,8,2,0.0,0.0,0.0,0.0,0.09907747060060501,False,False,0.0,0.0,0.0,[],10.0,10.0,1,10.0,0,0.009629125000003569
aco_current,5,8481,89,8,3,0.0,0.0,0.0,0.0,0.43936213850975037,False,False,0.0,0.0,0.0,[],10.0,10.0,1,10.0,0,0.009629125000003569
aco_current,5,8481,89,8,4,0.0,0.0,0.0,0.0,0.20313307642936707,False,False,0.0,0.0,0.0,[],10.0,10.0,1,10.0,0,0.009629125000003569
aco_current,5,8482,89,8,1,30.0,200.0,230.0,1.15,1.0,True,True,30.0,200.0,0.0,[1],10.0,10.0,1,10.0,0,0.009488625000003026
aco_current,5,8482,89,8,2,0.0,0.0,0.0,0.0,0.09907747060060501,False,False,0.0,0.0,0.0,[],10.0,10.0,1,10.0,0,0.009488625000003026
aco_current,5,8482,89,8,3,0.0,0.0,0.0,0.0,0.43936213850975037,False,False,0.0,0.0,0.0,[],10.0,10.0,1,10.0,0,0.009488625000003026
aco_current,5,8482,89,8,4,0.0,0.0,0.0,0.0,0.20313307642936707,False,False,0.0,0.0,0.0,[],10.0,10.0,1,10.0,0,0.009488625000003026
aco_current,5,8483,89,8,1,30.0,200.0,230.0,1.15,1.0,True,True,30.0,200.0,0.0,[1],10.0,10.0,1,10.0,0,0.00961041600000101
aco_current,5,8483,89,8,2,0.0,0.0,0.0,0.0,0.09907747060060501,False,False,0.0,0.0,0.0,[],10.0,10.0,1,10.0,0,0.00961041600000101
aco_current,5,8483,89,8,3,0.0,0.0,0.0,0.0,0.43936213850975037,False,False,0.0,0.0,0.0,[],10.0,10.0,1,10.0,0,0.00961041600000101
aco_current,5,8483,89,8,4,0.0,0.0,0.0,0.0,0.20313307642936707,False,False,0.0,0.0,0.0,[],10.0,10.0,1,10.0,0,0.00961041600000101
aco_current,5,8484,89,9,1,21.0,200.0,221.0,1.105,1.0,True,True,30.0,191.0,0.0,[1],10.0,10.0,1,10.0,0,0.009794540999990886
aco_current,5,8484,89,9,2,0.0,0.0,0.0,0.0,0.09907747060060501,False,False,0.0,0.0,0.0,[],10.0,10.0,1,10.0,0,0.009794540999990886
aco_current,5,8484,89,9,3,0.0,0.0,0.0,0.0,0.43936213850975037,False,False,0.0,0.0,0.0,[],10.0,10.0,1,10.0,0,0.009794540999990886
aco_current,5,8484,89,9,4,0.0,0.0,0.0,0.0,0.20313307642936707,False,False,0.0,0.0,0.0,[],10.0,10.0,1,10.0,0,0.009794540999990886
aco_current,5,8485,89,9,1,19.0,191.0,210.0,1.05,1.0,True,True,30.0,180.0,0.0,[1],10.0,10.0,1,10.0,0,0.009862834000003318
aco_current,5,8485,89,9,2,0.0,0.0,0.0,0.0,0.09907747060060501,False,False,0.0,0.0,0.0,[],10.0,10.0,1,10.0,0,0.009862834000003318
aco_current,5,8485,89,9,3,0.0,0.0,0.0,0.0,0.43936213850975037,False,False,0.0,0.0,0.0,[],10.0,10.0,1,10.0,0,0.009862834000003318
aco_current,5,8485,89,9,4,0.0,0.0,0.0,0.0,0.20313307642936707,False,False,0.0,0.0,0.0,[],10.0,10.0,1,10.0,0,0.009862834000003318
aco_current,5,8486,89,9,1,20.0,180.0,200.0,1.0,1.0,True,True,30.0,170.0,0.0,[1],10.0,10.0,1,10.0,0,0.00977545799999291
aco_current,5,8486,89,9,2,0.0,0.0,0.0,0.0,0.09907747060060501,False,False,0.0,0.0,0.0,[],10.0,10.0,1,10.0,0,0.00977545799999291
aco_current,5,8486,89,9,3,0.0,0.0,0.0,0.0,0.43936213850975037,False,False,0.0,0.0,0.0,[],10.0,10.0,1,10.0,0,0.00977545799999291
aco_current,5,8486,89,9,4,0.0,0.0,0.0,0.0,0.20313307642936707,False,False,0.0,0.0,0.0,[],10.0,10.0,1,10.0,0,0.00977545799999291
aco_current,5,8487,89,9,1,19.0,170.0,189.0,0.945,1.0,True,True,30.0,159.0,0.0,[1],10.0,10.0,1,10.0,0,0.009600292000001787
aco_current,5,8487,89,9,2,0.0,0.0,0.0,0.0,0.09907747060060501,False,False,0.0,0.0,0.0,[],10.0,10.0,1,10.0,0,0.009600292000001787
aco_current,5,8487,89,9,3,0.0,0.0,0.0,0.0,0.43936213850975037,False,False,0.0,0.0,0.0,[],10.0,10.0,1,10.0,0,0.009600292000001787
aco_current,5,8487,89,9,4,0.0,0.0,0.0,0.0,0.20313307642936707,False,False,0.0,0.0,0.0,[],10.0,10.0,1,10.0,0,0.009600292000001787
aco_current,5,8488,89,10,1,15.0,159.0,174.0,0.87,0.9999914169311523,True,True,30.0,144.0,0.0,[1],10.0,10.0,1,10.0,0,0.009921625000004042
aco_current,5,8488,89,10,2,0.0,0.0,0.0,0.0,0.09907747060060501,False,False,0.0,0.0,0.0,[],10.0,10.0,1,10.0,0,0.009921625000004042
aco_current,5,8488,89,10,3,0.0,0.0,0.0,0.0,0.43936213850975037,False,False,0.0,0.0,0.0,[],10.0,10.0,1,10.0,0,0.009921625000004042
aco_current,5,8488,89,10,4,0.0,0.0,0.0,0.0,0.20313307642936707,False,False,0.0,0.0,0.0,[],10.0,10.0,1,10.0,0,0.009921625000004042
aco_current,5,8489,89,10,1,9.0,144.0,153.0,0.765,0.9849361777305603,False,False,0.0,153.0,0.0,[],0.0,0.0,0,0.0,0,3.042000003006251e-06
aco_current,5,8489,89,10,2,0.0,0.0,0.0,0.0,0.09907747060060501,False,False,0.0,0.0,0.0,[],0.0,0.0,0,0.0,0,3.042000003006251e-06
aco_current,5,8489,89,10,3,0.0,0.0,0.0,0.0,0.43936213850975037,False,False,0.0,0.0,0.0,[],0.0,0.0,0,0.0,0,3.042000003006251e-06
aco_current,5,8489,89,10,4,0.0,0.0,0.0,0.0,0.20313307642936707,False,False,0.0,0.0,0.0,[],0.0,0.0,0,0.0,0,3.042000003006251e-06
aco_current,5,8490,89,10,1,8.0,153.0,161.0,0.805,0.9963662624359131,True,True,30.0,131.0,0.0,[1],10.0,10.0,1,10.0,0,0.009716832999998815
aco_current,5,8490,89,10,2,0.0,0.0,0.0,0.0,0.09907747060060501,False,False,0.0,0.0,0.0,[],10.0,10.0,1,10.0,0,0.009716832999998815
aco_current,5,8490,89,10,3,0.0,0.0,0.0,0.0,0.43936213850975037,False,False,0.0,0.0,0.0,[],10.0,10.0,1,10.0,0,0.009716832999998815
aco_current,5,8490,89,10,4,0.0,0.0,0.0,0.0,0.20313307642936707,False,False,0.0,0.0,0.0,[],10.0,10.0,1,10.0,0,0.009716832999998815
